datetime_kst,site,dsr_mean,dsr_n_valid,n_slots,zenith_center,lat,lon
2022-07-01 00:00:00,경상대,,0,6,119.8914191374701,35.18,128.1
2022-07-01 00:00:00,고흥만수상,,0,6,120.28638016367987,34.57,127.3
2022-07-01 00:00:00,광양항세방,,0,6,120.04038911041434,34.93,127.71
2022-07-01 00:00:00,구미,,0,6,119.03269995777472,36.13,128.34
2022-07-01 00:00:00,삼천포,,0,6,120.10524394160089,34.95,128.07
2022-07-01 00:00:00,여수,,0,6,120.22943110099747,34.74,127.74
2022-07-01 00:00:00,영동,,0,6,118.04830262017703,37.18,128.46
2022-07-01 00:00:00,영흥,,0,6,117.5161644408209,37.26,126.46
2022-07-01 00:00:00,예천,,0,6,118.5586317060399,36.65,128.46
2022-07-01 00:00:00,창원,,0,6,119.97096175512102,35.21,128.58
2022-07-01 00:00:00,탑선,,0,6,119.52687431960932,35.24,126.81
2022-07-01 01:00:00,경상대,,0,5,121.6775824878819,35.18,128.1
2022-07-01 01:00:00,고흥만수상,,0,5,122.27834935615584,34.57,127.3
2022-07-01 01:00:00,광양항세방,,0,5,121.92435961978435,34.93,127.71
2022-07-01 01:00:00,구미,,0,5,120.72840489664794,36.13,128.34
2022-07-01 01:00:00,삼천포,,0,5,121.90740946438862,34.95,128.07
2022-07-01 01:00:00,여수,,0,5,122.11466970894259,34.74,127.74
2022-07-01 01:00:00,영동,,0,5,119.67849284169415,37.18,128.46
2022-07-01 01:00:00,영흥,,0,5,119.5698175593061,37.26,126.46
2022-07-01 01:00:00,예천,,0,5,120.20848173150753,36.65,128.46
2022-07-01 01:00:00,창원,,0,5,121.64829603457741,35.21,128.58
2022-07-01 01:00:00,탑선,,0,5,121.59810350363225,35.24,126.81
2022-07-01 02:00:00,경상대,,0,6,120.04755864372196,35.18,128.1
2022-07-01 02:00:00,고흥만수상,,0,6,120.80852332708473,34.57,127.3
2022-07-01 02:00:00,광양항세방,,0,6,120.37341845362386,34.93,127.71
2022-07-01 02:00:00,구미,,0,6,119.08018967651398,36.13,128.34
2022-07-01 02:00:00,삼천포,,0,6,120.27568476452228,34.95,128.07
2022-07-01 02:00:00,여수,,0,6,120.55023069348762,34.74,127.74
2022-07-01 02:00:00,영동,,0,6,118.04327256335732,37.18,128.46
2022-07-01 02:00:00,영흥,,0,6,118.36849038305262,37.26,126.46
2022-07-01 02:00:00,예천,,0,6,118.55347806276535,36.65,128.46
2022-07-01 02:00:00,창원,,0,6,119.91162062358174,35.21,128.58
2022-07-01 02:00:00,탑선,,0,6,120.26104802212271,35.24,126.81
2022-07-01 03:00:00,경상대,,0,6,115.26217034243113,35.18,128.1
2022-07-01 03:00:00,고흥만수상,,0,6,116.11819778932959,34.57,127.3
2022-07-01 03:00:00,광양항세방,,0,6,115.63845672691497,34.93,127.71
2022-07-01 03:00:00,구미,,0,6,114.3430671812846,36.13,128.34
2022-07-01 03:00:00,삼천포,,0,6,115.47326448688425,34.95,128.07
2022-07-01 03:00:00,여수,,0,6,115.7907897489209,34.74,127.74
2022-07-01 03:00:00,영동,,0,6,113.38672202522676,37.18,128.46
2022-07-01 03:00:00,영흥,,0,6,114.09294015415853,37.26,126.46
2022-07-01 03:00:00,예천,,0,6,113.8450648800256,36.65,128.46
2022-07-01 03:00:00,창원,,0,6,115.03767633668619,35.21,128.58
2022-07-01 03:00:00,탑선,,0,6,115.73079847669072,35.24,126.81
2022-07-01 04:00:00,경상대,,0,6,107.9569842302694,35.18,128.1
2022-07-01 04:00:00,고흥만수상,,0,6,108.85018111198643,34.57,127.3
2022-07-01 04:00:00,광양항세방,,0,6,108.35718543155306,34.93,127.71
2022-07-01 04:00:00,구미,,0,6,107.12735576615435,36.13,128.34
2022-07-01 04:00:00,삼천포,,0,6,108.14239233221775,34.95,128.07
2022-07-01 04:00:00,여수,,0,6,108.4804092367066,34.74,127.74
2022-07-01 04:00:00,영동,,0,6,106.29062950936773,37.18,128.46
2022-07-01 04:00:00,영흥,,0,6,107.29401290870234,37.26,126.46
2022-07-01 04:00:00,예천,,0,6,106.68005316612164,36.65,128.46
2022-07-01 04:00:00,창원,,0,6,107.6676231176015,35.21,128.58
2022-07-01 04:00:00,탑선,,0,6,108.62183436594266,35.24,126.81
2022-07-01 05:00:00,경상대,,0,6,98.82483406911622,35.18,128.1
2022-07-01 05:00:00,고흥만수상,,0,6,99.71575086167871,34.57,127.3
2022-07-01 05:00:00,광양항세방,,0,6,99.23020451442903,34.93,127.71
2022-07-01 05:00:00,구미,,0,6,98.1024290283426,36.13,128.34
2022-07-01 05:00:00,삼천포,,0,6,98.98157896835743,34.95,128.07
2022-07-01 05:00:00,여수,,0,6,99.3242183247995,34.74,127.74
2022-07-01 05:00:00,영동,,0,6,97.3998479333737,37.18,128.46
2022-07-01 05:00:00,영흥,,0,6,98.61935207839974,37.26,126.46
2022-07-01 05:00:00,예천,,0,6,97.71536215634949,36.65,128.46
2022-07-01 05:00:00,창원,,0,6,98.49137331037323,35.21,128.58
2022-07-01 05:00:00,탑선,,0,6,99.63049372339223,35.24,126.81
2022-07-01 06:00:00,경상대,,0,6,88.4325588825462,35.18,128.1
2022-07-01 06:00:00,고흥만수상,,0,6,89.29726628776938,34.57,127.3
2022-07-01 06:00:00,광양항세방,,0,6,88.83130067036981,34.93,127.71
2022-07-01 06:00:00,구미,,0,6,87.82222945195454,36.13,128.34
2022-07-01 06:00:00,삼천포,,0,6,88.56051880138631,34.95,128.07
2022-07-01 06:00:00,여수,,0,6,88.89782182107854,34.74,127.74
2022-07-01 06:00:00,영동,,0,6,87.255670028085,37.18,128.46
2022-07-01 06:00:00,영흥,,0,6,88.62721115587809,37.26,126.46
2022-07-01 06:00:00,예천,,0,6,87.49808437969108,36.65,128.46
2022-07-01 06:00:00,창원,,0,6,88.07035889735155,35.21,128.58
2022-07-01 06:00:00,탑선,,0,6,89.3364531785659,35.24,126.81
2022-07-01 07:00:00,경상대,222.64999999999998,4,6,77.19199595488818,35.18,128.1
2022-07-01 07:00:00,고흥만수상,163.60000000000002,4,6,78.01547970682529,34.57,127.3
2022-07-01 07:00:00,광양항세방,93.625,4,6,77.57650442772194,34.93,127.71
2022-07-01 07:00:00,구미,237.025,4,6,76.69457470331238,36.13,128.34
2022-07-01 07:00:00,삼천포,196.1,4,6,77.29175578428286,34.95,128.07
2022-07-01 07:00:00,여수,176.20000000000002,4,6,77.61733005245014,34.74,127.74
2022-07-01 07:00:00,영동,155.2,5,6,76.26272178301201,37.18,128.46
2022-07-01 07:00:00,영흥,149.225,4,6,77.73918399396648,37.26,126.46
2022-07-01 07:00:00,예천,173.325,4,6,76.4339438813385,36.65,128.46
2022-07-01 07:00:00,창원,197.97500000000002,4,6,76.81186121272022,35.21,128.58
2022-07-01 07:00:00,탑선,241.69999999999996,3,6,78.16371772431387,35.24,126.81
2022-07-01 08:00:00,경상대,370.3833333333334,6,6,65.39636836195274,35.18,128.1
2022-07-01 08:00:00,고흥만수상,258.26666666666665,6,6,66.1667985072662,34.57,127.3
2022-07-01 08:00:00,광양항세방,300.15000000000003,6,6,65.76069764526736,34.93,127.71
2022-07-01 08:00:00,구미,401.1166666666666,6,6,65.01440408985611,36.13,128.34
2022-07-01 08:00:00,삼천포,346.6166666666666,6,6,65.46793151476419,34.95,128.07
2022-07-01 08:00:00,여수,283.75,6,6,65.77680953882063,34.74,127.74
2022-07-01 08:00:00,영동,307.6666666666667,6,6,64.71875846516706,37.18,128.46
2022-07-01 08:00:00,영흥,238.51666666666668,6,6,66.26494437928599,37.26,126.46
2022-07-01 08:00:00,예천,249.3333333333333,6,6,64.81892232412912,36.65,128.46
2022-07-01 08:00:00,창원,361.4666666666667,6,6,65.00621174301946,35.21,128.58
2022-07-01 08:00:00,탑선,385.1666666666667,6,6,66.4139933366317,35.24,126.81
2022-07-01 09:00:00,경상대,447.2166666666667,6,6,53.2695799758894,35.18,128.1
2022-07-01 09:00:00,고흥만수상,426.40000000000003,6,6,53.97317291266937,34.57,127.3
2022-07-01 09:00:00,광양항세방,483.2,6,6,53.60711103440844,34.93,127.71
2022-07-01 09:00:00,구미,587.1,6,6,53.01215860064972,36.13,128.34
2022-07-01 09:00:00,삼천포,467.81666666666666,6,6,53.31133358484602,34.95,128.07
2022-07-01 09:00:00,여수,554.7666666666667,6,6,53.59801967618145,34.74,127.74
2022-07-01 09:00:00,영동,521.8000000000001,6,6,52.86213032480828,37.18,128.46
2022-07-01 09:00:00,영흥,454.9833333333333,6,6,54.44825270747071,37.26,126.46
2022-07-01 09:00:00,예천,313.8,6,6,52.88720298998349,36.65,128.46
2022-07-01 09:00:00,창원,610.1,6,6,52.87617662142032,35.21,128.58
2022-07-01 09:00:00,탑선,564.5833333333334,6,6,54.31555183287553,35.24,126.81
2022-07-01 10:00:00,경상대,699.4666666666667,6,6,41.02368197055593,35.18,128.1
2022-07-01 10:00:00,고흥만수상,401.4833333333333,6,6,41.6371099572956,34.57,127.3
2022-07-01 10:00:00,광양항세방,551.7833333333333,6,6,41.32365928761943,34.93,127.71
2022-07-01 10:00:00,구미,741.85,6,6,40.914188985570476,36.13,128.34
2022-07-01 10:00:00,삼천포,710.1,6,6,41.030713114101125,34.95,128.07
2022-07-01 10:00:00,여수,483.25,6,6,41.286302034547745,34.74,127.74
2022-07-01 10:00:00,영동,745.7333333333335,6,6,40.93532527451174,37.18,128.46
2022-07-01 10:00:00,영흥,584.85,6,6,42.52702419924361,37.26,126.46
2022-07-01 10:00:00,예천,434.2833333333333,6,6,40.873237228970545,36.65,128.46
2022-07-01 10:00:00,창원,711.2166666666667,6,6,40.63515831748048,35.21,128.58
2022-07-01 10:00:00,탑선,701.4499999999999,6,6,42.07928372333915,35.24,126.81
2022-07-01 11:00:00,경상대,805.75,6,6,28.973669214964517,35.18,128.1
2022-07-01 11:00:00,고흥만수상,595.4166666666667,6,6,29.444000749719983,34.57,127.3
2022-07-01 11:00:00,광양항세방,775.3333333333334,6,6,29.211995375171988,34.93,127.71
2022-07-01 11:00:00,구미,864.2166666666667,6,6,29.069799436209593,36.13,128.34
2022-07-01 11:00:00,삼천포,874.0166666666665,6,6,28.933342793683707,34.95,128.07
2022-07-01 11:00:00,여수,813.3000000000001,6,6,29.137843136747428,34.74,127.74
2022-07-01 11:00:00,영동,847.4000000000001,6,6,29.323872622329695,37.18,128.46
2022-07-01 11:00:00,영흥,769.7500000000001,6,6,30.854762669916,37.26,126.46
2022-07-01 11:00:00,예천,833.8666666666668,6,6,29.145329254347736,36.65,128.46
2022-07-01 11:00:00,창원,838.5166666666668,6,6,28.606356311213133,35.21,128.58
2022-07-01 11:00:00,탑선,834.0499999999998,6,6,30.004312712925703,35.24,126.81
2022-07-01 12:00:00,경상대,941.3166666666667,6,6,18.00022965641925,35.18,128.1
2022-07-01 12:00:00,고흥만수상,744.4833333333332,6,6,18.166689624779977,34.57,127.3
2022-07-01 12:00:00,광양항세방,821.2833333333334,6,6,18.103003536573965,34.93,127.71
2022-07-01 12:00:00,구미,928.3000000000001,6,6,18.45182293009576,36.13,128.34
2022-07-01 12:00:00,삼천포,980.1,6,6,17.879149083703652,34.95,128.07
2022-07-01 12:00:00,여수,900.2833333333333,6,6,17.970577525677626,34.74,127.74
2022-07-01 12:00:00,영동,874.0833333333334,6,6,19.08298890436427,37.18,128.46
2022-07-01 12:00:00,영흥,823.1166666666667,6,6,20.3329268045337,37.26,126.46
2022-07-01 12:00:00,예천,905.8166666666666,6,6,18.723489436270228,36.65,128.46
2022-07-01 12:00:00,창원,922.3333333333335,6,6,17.712015565667244,35.21,128.58
2022-07-01 12:00:00,탑선,841.0500000000002,6,6,18.881033659531113,35.24,126.81
2022-07-01 13:00:00,경상대,969.5499999999998,6,6,12.073517410481927,35.18,128.1
2022-07-01 13:00:00,고흥만수상,820.1666666666666,6,6,11.50415490241906,34.57,127.3
2022-07-01 13:00:00,광양항세방,669.5833333333334,6,6,11.837523169148753,34.93,127.71
2022-07-01 13:00:00,구미,926.85,6,6,13.019890685678703,36.13,128.34
2022-07-01 13:00:00,삼천포,1005.6999999999999,6,6,11.844320922925604,34.95,128.07
2022-07-01 13:00:00,여수,945.1333333333332,6,6,11.646406385880141,34.74,127.74
2022-07-01 13:00:00,영동,823.2666666666668,6,6,14.069512732411155,37.18,128.46
2022-07-01 13:00:00,영흥,858.6333333333333,6,6,14.253760800469706,37.26,126.46
2022-07-01 13:00:00,예천,924.4333333333334,6,6,13.539491215739588,36.65,128.46
2022-07-01 13:00:00,창원,970.9499999999999,6,6,12.09987630778663,35.21,128.58
2022-07-01 13:00:00,탑선,797.9166666666666,6,6,12.214173504614223,35.24,126.81
2022-07-01 14:00:00,경상대,952.0333333333333,6,6,17.54416072946725,35.18,128.1
2022-07-01 14:00:00,고흥만수상,894.0333333333333,6,6,16.649510536641074,34.57,127.3
2022-07-01 14:00:00,광양항세방,822.0333333333334,6,6,17.13881518799866,34.93,127.71
2022-07-01 14:00:00,구미,823.5,6,6,18.3085563280122,36.13,128.34
2022-07-01 14:00:00,삼천포,988.0833333333331,6,6,17.3794700574783,34.95,128.07
2022-07-01 14:00:00,여수,928.9666666666667,6,6,17.036845459461787,34.74,127.74
2022-07-01 14:00:00,영동,770.6333333333333,6,6,19.08625999622791,37.18,128.46
2022-07-01 14:00:00,영흥,876.0666666666667,6,6,18.03009333655055,37.26,126.46
2022-07-01 14:00:00,예천,905.3833333333333,6,6,18.726659274560745,36.65,128.46
2022-07-01 14:00:00,창원,976.1833333333334,6,6,17.867656947861363,35.21,128.58
2022-07-01 14:00:00,탑선,886.8499999999999,6,6,16.78938402198925,35.24,126.81
2022-07-01 15:00:00,경상대,898.1166666666667,6,6,28.414475152838477,35.18,128.1
2022-07-01 15:00:00,고흥만수상,873.7499999999999,6,6,27.608751576287204,34.57,127.3
2022-07-01 15:00:00,광양항세방,714.0500000000001,6,6,28.03588340259052,34.93,127.71
2022-07-01 15:00:00,구미,807.6500000000001,6,6,28.89059078602142,36.13,128.34
2022-07-01 15:00:00,삼천포,926.1999999999999,6,6,28.324095000658744,34.95,128.07
2022-07-01 15:00:00,여수,897.35,6,6,28.004337331360553,34.74,127.74
2022-07-01 15:00:00,영동,718.1666666666666,6,6,29.329001025144883,37.18,128.46
2022-07-01 15:00:00,영흥,826.9833333333332,6,6,27.874733762651957,37.26,126.46
2022-07-01 15:00:00,예천,848.9333333333333,6,6,29.150278424161762,36.65,128.46
2022-07-01 15:00:00,창원,916.0333333333333,6,6,28.798557486906333,35.21,128.58
2022-07-01 15:00:00,탑선,785.7666666666668,6,6,27.42939136013004,35.24,126.81
2022-07-01 16:00:00,경상대,658.8333333333334,6,6,40.44348207779147,35.18,128.1
2022-07-01 16:00:00,고흥만수상,783.3166666666667,6,6,39.7375157795695,34.57,127.3
2022-07-01 16:00:00,광양항세방,696.5000000000001,6,6,40.103757445131755,34.93,127.71
2022-07-01 16:00:00,구미,667.7833333333333,6,6,40.72802818652687,36.13,128.34
2022-07-01 16:00:00,삼천포,806.3166666666667,6,6,40.399512270738086,34.95,128.07
2022-07-01 16:00:00,여수,795.1,6,6,40.11229935109421,34.74,127.74
2022-07-01 16:00:00,영동,617.15,6,6,40.94243408104592,37.18,128.46
2022-07-01 16:00:00,영흥,737.8000000000001,6,6,39.37553455532512,37.26,126.46
2022-07-01 16:00:00,예천,731.2333333333332,6,6,40.88013236541398,36.65,128.46
2022-07-01 16:00:00,창원,809.3333333333335,6,6,40.83687994481952,35.21,128.58
2022-07-01 16:00:00,탑선,566.9166666666666,6,6,39.39994653355125,35.24,126.81
2022-07-01 17:00:00,경상대,640.1666666666667,6,6,52.69136405845932,35.18,128.1
2022-07-01 17:00:00,고흥만수상,643.25,6,6,52.07716890985441,34.57,127.3
2022-07-01 17:00:00,광양항세방,584.4,6,6,52.38934354935949,34.93,127.71
2022-07-01 17:00:00,구미,486.2,6,6,52.827900522630586,36.13,128.34
2022-07-01 17:00:00,삼천포,548.7833333333333,6,6,52.68243639968034,34.95,128.07
2022-07-01 17:00:00,여수,646.2,6,6,52.426725386778294,34.74,127.74
2022-07-01 17:00:00,영동,621.3333333333334,6,6,52.871863821040044,37.18,128.46
2022-07-01 17:00:00,영흥,603.5,6,6,51.277452343637535,37.26,126.46
2022-07-01 17:00:00,예천,564.2666666666668,6,6,52.89670329098424,36.65,128.46
2022-07-01 17:00:00,창원,650.1166666666667,6,6,53.080659357019634,35.21,128.58
2022-07-01 17:00:00,탑선,617.2833333333334,6,6,51.63565570016709,35.24,126.81
2022-07-01 18:00:00,경상대,452.5833333333333,6,6,64.83233683582324,35.18,128.1
2022-07-01 18:00:00,고흥만수상,392.7166666666667,6,6,64.30984693341574,34.57,127.3
2022-07-01 18:00:00,광양항세방,412.7666666666667,6,6,64.56901999693547,34.93,127.71
2022-07-01 18:00:00,구미,373.55,6,6,64.83701285935011,36.13,128.34
2022-07-01 18:00:00,삼천포,452.61666666666673,6,6,64.85424003376377,34.95,128.07
2022-07-01 18:00:00,여수,462.59999999999997,6,6,64.6308895326124,34.74,127.74
2022-07-01 18:00:00,영동,444.06666666666666,6,6,64.73198462098273,37.18,128.46
2022-07-01 18:00:00,영흥,437.5166666666666,6,6,63.1503091346204,37.26,126.46
2022-07-01 18:00:00,예천,340.28333333333336,6,6,64.83190169371633,36.65,128.46
2022-07-01 18:00:00,창원,466.7833333333333,6,6,65.21056232149891,35.21,128.58
2022-07-01 18:00:00,탑선,453.13333333333327,6,6,63.78661693116386,35.24,126.81
2022-07-01 19:00:00,경상대,167.5,5,6,76.65312515787605,35.18,128.1
2022-07-01 19:00:00,고흥만수상,277.26,5,6,76.22962396719626,34.57,127.3
2022-07-01 19:00:00,광양항세방,240.74,5,6,76.43236874855327,34.93,127.71
2022-07-01 19:00:00,구미,198.32000000000002,5,6,76.52857635587378,36.13,128.34
2022-07-01 19:00:00,삼천포,262.91999999999996,5,6,76.70495250583625,34.95,128.07
2022-07-01 19:00:00,여수,276.18,5,6,76.51724058436396,34.74,127.74
2022-07-01 19:00:00,영동,265.38,5,6,76.28050179706398,37.18,128.46
2022-07-01 19:00:00,영흥,251.83333333333334,6,6,74.7426148508315,37.26,126.46
2022-07-01 19:00:00,예천,170.82,5,6,76.45146841496317,36.65,128.46
2022-07-01 19:00:00,창원,280.15999999999997,5,6,77.01385292034098,35.21,128.58
2022-07-01 19:00:00,탑선,260.21666666666664,6,6,75.63546864014012,35.24,126.81
2022-07-01 20:00:00,경상대,,0,6,87.9320687670577,35.18,128.1
2022-07-01 20:00:00,고흥만수상,,0,6,87.62173213512406,34.57,127.3
2022-07-01 20:00:00,광양항세방,,0,6,87.76071522044025,34.93,127.71
2022-07-01 20:00:00,구미,,0,6,87.67296346309784,36.13,128.34
2022-07-01 20:00:00,삼천포,,0,6,88.01475589508308,34.95,128.07
2022-07-01 20:00:00,여수,,0,6,87.86848683265869,34.74,127.74
2022-07-01 20:00:00,영동,,0,6,87.27927001298485,37.18,128.46
2022-07-01 20:00:00,영흥,,0,6,85.81929540520821,37.26,126.46
2022-07-01 20:00:00,예천,,0,6,87.52142830019721,36.65,128.46
2022-07-01 20:00:00,창원,,0,6,88.26730912885043,35.21,128.58
2022-07-01 20:00:00,탑선,,0,6,86.96337349259798,35.24,126.81
2022-07-01 21:00:00,경상대,,0,6,98.38063180908576,35.18,128.1
2022-07-01 21:00:00,고흥만수상,,0,6,98.20478554855038,34.57,127.3
2022-07-01 21:00:00,광양항세방,,0,6,98.26881869642517,34.93,127.71
2022-07-01 21:00:00,구미,,0,6,97.9768610210757,36.13,128.34
2022-07-01 21:00:00,삼천포,,0,6,98.49612070291218,34.95,128.07
2022-07-01 21:00:00,여수,,0,6,98.39990173947271,34.74,127.74
2022-07-01 21:00:00,영동,,0,6,97.43071765558271,37.18,128.46
2022-07-01 21:00:00,영흥,,0,6,96.09332488585521,37.26,126.46
2022-07-01 21:00:00,예천,,0,6,97.7459905081472,36.65,128.46
2022-07-01 21:00:00,창원,,0,6,98.67932033983811,35.21,128.58
2022-07-01 21:00:00,탑선,,0,6,97.48929544792689,35.24,126.81
2022-07-01 22:00:00,경상대,,0,6,107.59379703212966,35.18,128.1
2022-07-01 22:00:00,고흥만수상,,0,6,107.58048971557508,34.57,127.3
2022-07-01 22:00:00,광양항세방,,0,6,107.55495241545182,34.93,127.71
2022-07-01 22:00:00,구미,,0,6,107.03464965229767,36.13,128.34
2022-07-01 22:00:00,삼천포,,0,6,107.74397029037651,34.95,128.07
2022-07-01 22:00:00,여수,,0,6,107.70923530317305,34.74,127.74
2022-07-01 22:00:00,영동,,0,6,106.33024901247958,37.18,128.46
2022-07-01 22:00:00,영흥,,0,6,105.17685499661029,37.26,126.46
2022-07-01 22:00:00,예천,,0,6,106.7194714128381,36.65,128.46
2022-07-01 22:00:00,창원,,0,6,107.84042806014993,35.21,128.58
2022-07-01 22:00:00,탑선,,0,6,106.82013529114042,35.24,126.81
2022-07-01 23:00:00,경상대,,0,6,115.01199546484384,35.18,128.1
2022-07-01 23:00:00,고흥만수상,,0,6,115.19185543211277,34.57,127.3
2022-07-01 23:00:00,광양항세방,,0,6,115.06118004713936,34.93,127.71
2022-07-01 23:00:00,구미,,0,6,114.29436928905302,36.13,128.34
2022-07-01 23:00:00,삼천포,,0,6,115.19666016954885,34.95,128.07
2022-07-01 23:00:00,여수,,0,6,115.23630037202707,34.74,127.74
2022-07-01 23:00:00,영동,,0,6,113.43616424123095,37.18,128.46
2022-07-01 23:00:00,영흥,,0,6,112.54744006805758,37.26,126.46
2022-07-01 23:00:00,예천,,0,6,113.89437716529135,36.65,128.46
2022-07-01 23:00:00,창원,,0,6,115.18627235335897,35.21,128.58
2022-07-01 23:00:00,탑선,,0,6,114.41070739709644,35.24,126.81
2022-07-02 00:00:00,경상대,,0,6,119.94452923551789,35.18,128.1
2022-07-02 00:00:00,고흥만수상,,0,6,120.33850723591829,34.57,127.3
2022-07-02 00:00:00,광양항세방,,0,6,120.09304058069046,34.93,127.71
2022-07-02 00:00:00,구미,,0,6,119.08635188159701,36.13,128.34
2022-07-02 00:00:00,삼천포,,0,6,120.15824687672216,34.95,128.07
2022-07-02 00:00:00,여수,,0,6,120.2820443971517,34.74,127.74
2022-07-02 00:00:00,영동,,0,6,118.10240151548271,37.18,128.46
2022-07-02 00:00:00,영흥,,0,6,117.56848295888048,37.26,126.46
2022-07-02 00:00:00,예천,,0,6,118.6125620146519,36.65,128.46
2022-07-02 00:00:00,창원,,0,6,120.02453687207922,35.21,128.58
2022-07-02 00:00:00,탑선,,0,6,119.57877681983467,35.24,126.81
2022-07-02 01:00:00,경상대,,0,5,121.74403584462596,35.18,128.1
2022-07-02 01:00:00,고흥만수상,,0,5,122.34417608935806,34.57,127.3
2022-07-02 01:00:00,광양항세방,,0,5,121.99051184372135,34.93,127.71
2022-07-02 01:00:00,구미,,0,5,120.79504212918673,36.13,128.34
2022-07-02 01:00:00,삼천포,,0,5,121.97383842249661,34.95,128.07
2022-07-02 01:00:00,여수,,0,5,122.18084262450535,34.74,127.74
2022-07-02 01:00:00,영동,,0,5,119.74521868816566,37.18,128.46
2022-07-02 01:00:00,영흥,,0,5,119.635074353844,37.26,126.46
2022-07-02 01:00:00,예천,,0,5,120.27520754890914,36.65,128.46
2022-07-02 01:00:00,창원,,0,5,121.7151119653524,35.21,128.58
2022-07-02 01:00:00,탑선,,0,5,121.66356310186396,35.24,126.81
2022-07-02 02:00:00,경상대,,0,6,120.12334123866617,35.18,128.1
2022-07-02 02:00:00,고흥만수상,,0,6,120.88403805842998,34.57,127.3
2022-07-02 02:00:00,광양항세방,,0,6,120.44906558301143,34.93,127.71
2022-07-02 02:00:00,구미,,0,6,119.15593449099558,36.13,128.34
2022-07-02 02:00:00,삼천포,,0,6,120.35148857101412,34.95,128.07
2022-07-02 02:00:00,여수,,0,6,120.62591947694298,34.74,127.74
2022-07-02 02:00:00,영동,,0,6,118.11891183808169,37.18,128.46
2022-07-02 02:00:00,영흥,,0,6,118.44322825536597,37.26,126.46
2022-07-02 02:00:00,예천,,0,6,118.62919651440109,36.65,128.46
2022-07-02 02:00:00,창원,,0,6,119.98760641932631,35.21,128.58
2022-07-02 02:00:00,탑선,,0,6,120.3362381968212,35.24,126.81
2022-07-02 03:00:00,경상대,,0,6,115.3424045323308,35.18,128.1
2022-07-02 03:00:00,고흥만수상,,0,6,116.19837945306742,34.57,127.3
2022-07-02 03:00:00,광양항세방,,0,6,115.718661256919,34.93,127.71
2022-07-02 03:00:00,구미,,0,6,114.42324034565698,36.13,128.34
2022-07-02 03:00:00,삼천포,,0,6,115.55351684654904,34.95,128.07
2022-07-02 03:00:00,여수,,0,6,115.87101716796077,34.74,127.74
2022-07-02 03:00:00,영동,,0,6,113.46680334592625,37.18,128.46
2022-07-02 03:00:00,영흥,,0,6,114.1726867472571,37.26,126.46
2022-07-02 03:00:00,예천,,0,6,113.9252018403372,36.65,128.46
2022-07-02 03:00:00,창원,,0,6,115.117971459127,35.21,128.58
2022-07-02 03:00:00,탑선,,0,6,115.81083574554575,35.24,126.81
2022-07-02 04:00:00,경상대,,0,6,108.03789391817563,35.18,128.1
2022-07-02 04:00:00,고흥만수상,,0,6,108.93109731204832,34.57,127.3
2022-07-02 04:00:00,광양항세방,,0,6,108.43810113655047,34.93,127.71
2022-07-02 04:00:00,구미,,0,6,107.20830886576786,36.13,128.34
2022-07-02 04:00:00,삼천포,,0,6,108.2232888287613,34.95,128.07
2022-07-02 04:00:00,여수,,0,6,108.56131116742733,34.74,127.74
2022-07-02 04:00:00,영동,,0,6,106.37162791706085,37.18,128.46
2022-07-02 04:00:00,영흥,,0,6,107.37506733252197,37.26,126.46
2022-07-02 04:00:00,예천,,0,6,106.76102758510292,36.65,128.46
2022-07-02 04:00:00,창원,,0,6,107.74850699330965,35.21,128.58
2022-07-02 04:00:00,탑선,,0,6,108.70281152640837,35.24,126.81
2022-07-02 05:00:00,경상대,,0,6,98.90430058719653,35.18,128.1
2022-07-02 05:00:00,고흥만수상,,0,6,99.79518835619649,34.57,127.3
2022-07-02 05:00:00,광양항세방,,0,6,99.30966803979685,34.93,127.71
2022-07-02 05:00:00,구미,,0,6,98.1820854511802,36.13,128.34
2022-07-02 05:00:00,삼천포,,0,6,99.06099378303622,34.95,128.07
2022-07-02 05:00:00,여수,,0,6,99.40363102661597,34.74,127.74
2022-07-02 05:00:00,영동,,0,6,97.47972073872741,37.18,128.46
2022-07-02 05:00:00,영흥,,0,6,98.69948451205025,37.26,126.46
2022-07-02 05:00:00,예천,,0,6,97.79511971961665,36.65,128.46
2022-07-02 05:00:00,창원,,0,6,98.57077638206903,35.21,128.58
2022-07-02 05:00:00,탑선,,0,6,99.71016041595566,35.24,126.81
2022-07-02 06:00:00,경상대,,0,6,88.50972257552755,35.18,128.1
2022-07-02 06:00:00,고흥만수상,,0,6,89.37432176920971,34.57,127.3
2022-07-02 06:00:00,광양항세방,,0,6,88.90843052396407,34.93,127.71
2022-07-02 06:00:00,구미,,0,6,87.89973148217769,36.13,128.34
2022-07-02 06:00:00,삼천포,,0,6,88.63759386546987,34.95,128.07
2022-07-02 06:00:00,여수,,0,6,88.97486877078265,34.74,127.74
2022-07-02 06:00:00,영동,,0,6,87.33355410365286,37.18,128.46
2022-07-02 06:00:00,영흥,,0,6,88.70542789451797,37.26,126.46
2022-07-02 06:00:00,예천,,0,6,87.57576828877555,36.65,128.46
2022-07-02 06:00:00,창원,,0,6,88.14745210661613,35.21,128.58
2022-07-02 06:00:00,탑선,,0,6,89.41386275503962,35.24,126.81
2022-07-02 07:00:00,경상대,155.56666666666666,3,5,77.26675666284649,35.18,128.1
2022-07-02 07:00:00,고흥만수상,252.95,2,5,78.09003071890321,34.57,127.3
2022-07-02 07:00:00,광양항세방,202.6,3,5,77.65118894737351,34.93,127.71
2022-07-02 07:00:00,구미,237.80000000000004,3,5,76.76981881691913,36.13,128.34
2022-07-02 07:00:00,삼천포,213.4,3,5,77.36639285941104,34.95,128.07
2022-07-02 07:00:00,여수,236.23333333333335,3,5,77.69190331359653,34.74,127.74
2022-07-02 07:00:00,영동,175.9333333333333,3,5,76.33850454794734,37.18,128.46
2022-07-02 07:00:00,영흥,210.20000000000002,3,5,77.8152915758017,37.26,126.46
2022-07-02 07:00:00,예천,226.0666666666667,3,5,76.50944843815562,36.65,128.46
2022-07-02 07:00:00,창원,244.86666666666665,3,5,76.88656207494964,35.21,128.58
2022-07-02 07:00:00,탑선,251.65,2,5,78.2387191413894,35.24,126.81
2022-07-02 08:00:00,경상대,352.81666666666666,6,6,65.46909565888598,35.18,128.1
2022-07-02 08:00:00,고흥만수상,391.0,6,6,66.23919277616736,34.57,127.3
2022-07-02 08:00:00,광양항세방,293.53333333333336,6,6,65.83329579016407,34.93,127.71
2022-07-02 08:00:00,구미,398.6166666666666,6,6,65.0877667434423,36.13,128.34
2022-07-02 08:00:00,삼천포,352.73333333333335,6,6,65.54049904397706,34.95,128.07
2022-07-02 08:00:00,여수,398.2166666666667,6,6,65.84926856806237,34.74,127.74
2022-07-02 08:00:00,영동,226.23333333333335,6,6,64.7928181998781,37.18,128.46
2022-07-02 08:00:00,영흥,295.03333333333336,6,6,66.33926355254646,37.26,126.46
2022-07-02 08:00:00,예천,375.4166666666667,6,6,64.89262683688682,36.65,128.46
2022-07-02 08:00:00,창원,410.09999999999997,6,6,65.07890256438668,35.21,128.58
2022-07-02 08:00:00,탑선,386.4666666666667,6,6,66.48692175474083,35.24,126.81
2022-07-02 09:00:00,경상대,584.8,6,6,53.34105418156811,35.18,128.1
2022-07-02 09:00:00,고흥만수상,583.3666666666667,6,6,54.04415522868152,34.57,127.3
2022-07-02 09:00:00,광양항세방,537.5,6,6,53.67838675838433,34.93,127.71
2022-07-02 09:00:00,구미,583.4499999999999,6,6,53.084442867423085,36.13,128.34
2022-07-02 09:00:00,삼천포,577.2166666666667,6,6,53.382606584344494,34.95,128.07
2022-07-02 09:00:00,여수,592.35,6,6,53.669125525904406,34.74,127.74
2022-07-02 09:00:00,영동,413.0833333333333,6,6,52.93528549355855,37.18,128.46
2022-07-02 09:00:00,영흥,492.59999999999997,6,6,54.52154005579188,37.26,126.46
2022-07-02 09:00:00,예천,558.7166666666666,6,6,52.959920783722225,36.65,128.46
2022-07-02 09:00:00,창원,602.6333333333333,6,6,52.94765281970458,35.21,128.58
2022-07-02 09:00:00,탑선,468.4666666666667,6,6,54.387150418890435,35.24,126.81
2022-07-02 10:00:00,경상대,748.4166666666666,6,6,41.095285435413665,35.18,128.1
2022-07-02 10:00:00,고흥만수상,742.5666666666666,6,6,41.708000956277175,34.57,127.3
2022-07-02 10:00:00,광양항세방,690.7833333333333,6,6,41.39496675956437,34.93,127.71
2022-07-02 10:00:00,구미,740.9000000000001,6,6,40.986811252740544,36.13,128.34
2022-07-02 10:00:00,삼천포,781.4666666666667,6,6,41.102065419923086,34.95,128.07
2022-07-02 10:00:00,여수,752.85,6,6,41.35740417327299,34.74,127.74
2022-07-02 10:00:00,영동,749.25,6,6,41.00900826159176,37.18,128.46
2022-07-02 10:00:00,영흥,613.1333333333333,6,6,42.600612478447914,37.26,126.46
2022-07-02 10:00:00,예천,717.35,6,6,40.94639762813942,36.65,128.46
2022-07-02 10:00:00,창원,766.6833333333334,6,6,40.70682898653879,35.21,128.58
2022-07-02 10:00:00,탑선,715.4499999999999,6,6,42.150869702101225,35.24,126.81
2022-07-02 11:00:00,경상대,811.7166666666667,6,6,29.0479634128857,35.18,128.1
2022-07-02 11:00:00,고흥만수상,846.5166666666665,6,6,29.51728605728664,34.57,127.3
2022-07-02 11:00:00,광양항세방,758.15,6,6,29.2858607301318,34.93,127.71
2022-07-02 11:00:00,구미,858.2666666666668,6,6,29.145297195465744,36.13,128.34
2022-07-02 11:00:00,삼천포,740.1333333333333,6,6,29.0073392239388,34.95,128.07
2022-07-02 11:00:00,여수,770.2333333333332,6,6,29.211474116321945,34.74,127.74
2022-07-02 11:00:00,영동,864.9666666666667,6,6,29.400541204333877,37.18,128.46
2022-07-02 11:00:00,영흥,738.5333333333333,6,6,30.93094547261248,37.26,126.46
2022-07-02 11:00:00,예천,830.15,6,6,29.221440333731564,36.65,128.46
2022-07-02 11:00:00,창원,860.4666666666667,6,6,28.680833495620135,35.21,128.58
2022-07-02 11:00:00,탑선,790.3333333333334,6,6,30.078311874997844,35.24,126.81
2022-07-02 12:00:00,경상대,629.0666666666667,6,6,18.081207472830926,35.18,128.1
2022-07-02 12:00:00,고흥만수상,818.6666666666669,6,6,18.246722147269494,34.57,127.3
2022-07-02 12:00:00,광양항세방,743.3000000000001,6,6,18.18358379996627,34.93,127.71
2022-07-02 12:00:00,구미,924.3166666666667,6,6,18.533527004074926,36.13,128.34
2022-07-02 12:00:00,삼천포,599.5333333333333,6,6,17.959930949758117,34.95,128.07
2022-07-02 12:00:00,여수,768.6333333333333,6,6,18.051008074990023,34.74,127.74
2022-07-02 12:00:00,영동,937.0999999999999,6,6,19.165213239449713,37.18,128.46
2022-07-02 12:00:00,영흥,834.4500000000002,6,6,20.414557091172483,37.26,126.46
2022-07-02 12:00:00,예천,909.0666666666666,6,6,18.80549686901864,36.65,128.46
2022-07-02 12:00:00,창원,810.7833333333333,6,6,17.793244798693166,35.21,128.58
2022-07-02 12:00:00,탑선,897.6833333333334,6,6,18.961420082923198,35.24,126.81
2022-07-02 13:00:00,경상대,681.6833333333333,6,6,12.14475495180345,35.18,128.1
2022-07-02 13:00:00,고흥만수상,825.7666666666668,6,6,11.577779825987719,34.57,127.3
2022-07-02 13:00:00,광양항세방,812.2166666666667,6,6,11.909913838582568,34.93,127.71
2022-07-02 13:00:00,구미,936.7166666666667,6,6,13.090388409326764,36.13,128.34
2022-07-02 13:00:00,삼천포,744.7333333333332,6,6,11.915671376247687,34.95,128.07
2022-07-02 13:00:00,여수,810.3166666666667,6,6,11.71875113926842,34.74,127.74
2022-07-02 13:00:00,영동,926.1666666666666,6,6,14.139674686902552,37.18,128.46
2022-07-02 13:00:00,영흥,848.3333333333334,6,6,14.328463441804033,37.26,126.46
2022-07-02 13:00:00,예천,929.9833333333332,6,6,13.609656052416028,36.65,128.46
2022-07-02 13:00:00,창원,655.1999999999999,6,6,12.169687282267773,35.21,128.58
2022-07-02 13:00:00,탑선,943.9,6,6,12.288824185005623,35.24,126.81
2022-07-02 14:00:00,경상대,871.0166666666668,6,6,17.56518323755688,35.18,128.1
2022-07-02 14:00:00,고흥만수상,896.5500000000001,6,6,16.670303789396527,34.57,127.3
2022-07-02 14:00:00,광양항세방,698.3666666666667,6,6,17.159896112647516,34.93,127.71
2022-07-02 14:00:00,구미,908.4499999999999,6,6,18.332282187009483,36.13,128.34
2022-07-02 14:00:00,삼천포,835.65,6,6,17.39973334370484,34.95,128.07
2022-07-02 14:00:00,여수,749.1833333333333,6,6,17.057151591962608,34.74,127.74
2022-07-02 14:00:00,영동,878.1666666666666,6,6,19.113050389146295,37.18,128.46
2022-07-02 14:00:00,영흥,861.7333333333335,6,6,18.061991848237156,37.26,126.46
2022-07-02 14:00:00,예천,908.3666666666668,6,6,18.751796164751667,36.65,128.46
2022-07-02 14:00:00,창원,854.2666666666668,6,6,17.8876405429435,35.21,128.58
2022-07-02 14:00:00,탑선,936.6666666666666,6,6,16.813906336557622,35.24,126.81
2022-07-02 15:00:00,경상대,771.2166666666667,6,6,28.414215697110045,35.18,128.1
2022-07-02 15:00:00,고흥만수상,873.5833333333334,6,6,27.60728060314424,34.57,127.3
2022-07-02 15:00:00,광양항세방,730.2833333333333,6,6,28.03517855743941,34.93,127.71
2022-07-02 15:00:00,구미,853.0833333333334,6,6,28.892894304556904,36.13,128.34
2022-07-02 15:00:00,삼천포,847.1666666666666,6,6,28.32318358566893,34.95,128.07
2022-07-02 15:00:00,여수,804.0,6,6,28.003047027751002,34.74,127.74
2022-07-02 15:00:00,영동,805.9666666666667,6,6,29.334169369248563,37.18,128.46
2022-07-02 15:00:00,영흥,803.8000000000001,6,6,27.881893486662115,37.26,126.46
2022-07-02 15:00:00,예천,861.7833333333333,6,6,29.153962593013972,36.65,128.46
2022-07-02 15:00:00,창원,864.1833333333334,6,6,28.798037265217488,35.21,128.58
2022-07-02 15:00:00,탑선,777.5666666666666,6,6,27.43031726434799,35.24,126.81
2022-07-02 16:00:00,경상대,753.0333333333333,6,6,40.4373325500391,35.18,128.1
2022-07-02 16:00:00,고흥만수상,757.3833333333332,6,6,39.730121376872695,34.57,127.3
2022-07-02 16:00:00,광양항세방,699.4833333333332,6,6,40.09711030487648,34.93,127.71
2022-07-02 16:00:00,구미,687.8000000000001,6,6,40.72395419167458,36.13,128.34
2022-07-02 16:00:00,삼천포,725.4666666666667,6,6,40.39285312598853,34.95,128.07
2022-07-02 16:00:00,여수,813.0833333333334,6,6,40.105219977088964,34.74,127.74
2022-07-02 16:00:00,영동,680.8833333333333,6,6,40.94066266472964,37.18,128.46
2022-07-02 16:00:00,영흥,708.3333333333334,6,6,39.3744377374954,37.26,126.46
2022-07-02 16:00:00,예천,690.1333333333333,6,6,40.87718847903557,36.65,128.46
2022-07-02 16:00:00,창원,780.5166666666665,6,6,40.83072214748,35.21,128.58
2022-07-02 16:00:00,탑선,700.0333333333333,6,6,39.394162558373004,35.24,126.81
2022-07-02 17:00:00,경상대,632.0333333333334,6,6,52.68510808972268,35.18,128.1
2022-07-02 17:00:00,고흥만수상,640.85,6,6,52.069712726939066,34.57,127.3
2022-07-02 17:00:00,광양항세방,581.9666666666667,6,6,52.382590764011695,34.93,127.71
2022-07-02 17:00:00,구미,537.6999999999999,6,6,52.82340560857822,36.13,128.34
2022-07-02 17:00:00,삼천포,636.0499999999998,6,6,52.67575643038305,34.95,128.07
2022-07-02 17:00:00,여수,635.7666666666668,6,6,52.41962668668391,34.74,127.74
2022-07-02 17:00:00,영동,586.4166666666666,6,6,52.869301262703196,37.18,128.46
2022-07-02 17:00:00,영흥,587.9,6,6,51.274944402344225,37.26,126.46
2022-07-02 17:00:00,예천,542.0333333333333,6,6,52.89316978635578,36.65,128.46
2022-07-02 17:00:00,창원,548.9833333333333,6,6,53.07450657899032,35.21,128.58
2022-07-02 17:00:00,탑선,524.9,6,6,51.629395611998625,35.24,126.81
2022-07-02 18:00:00,경상대,447.09999999999997,6,6,64.82901884342058,35.18,128.1
2022-07-02 18:00:00,고흥만수상,457.6666666666667,6,6,64.3053484307055,34.57,127.3
2022-07-02 18:00:00,광양항세방,407.68333333333334,6,6,64.5652024063998,34.93,127.71
2022-07-02 18:00:00,구미,437.53333333333336,6,6,64.83526610445912,36.13,128.34
2022-07-02 18:00:00,삼천포,442.95,6,6,64.85054911351259,34.95,128.07
2022-07-02 18:00:00,여수,461.09999999999997,6,6,64.62677770215565,34.74,127.74
2022-07-02 18:00:00,영동,440.95000000000005,6,6,64.73193919272173,37.18,128.46
2022-07-02 18:00:00,영흥,423.5,6,6,63.14993434210845,37.26,126.46
2022-07-02 18:00:00,예천,399.93333333333334,6,6,64.83101210050222,36.65,128.46
2022-07-02 18:00:00,창원,366.3333333333333,6,6,65.20741886915935,35.21,128.58
2022-07-02 18:00:00,탑선,378.71666666666664,6,6,63.78306468626266,35.24,126.81
2022-07-02 19:00:00,경상대,266.04,5,6,76.65498019983328,35.18,128.1
2022-07-02 19:00:00,고흥만수상,270.34000000000003,5,6,76.23028497244961,34.57,127.3
2022-07-02 19:00:00,광양항세방,242.1,5,6,76.43370974684446,34.93,127.71
2022-07-02 19:00:00,구미,261.62,5,6,76.53188505845257,36.13,128.34
2022-07-02 19:00:00,삼천포,259.7,5,6,76.70646683399684,34.95,128.07
2022-07-02 19:00:00,여수,275.62,5,6,76.51832167477026,34.74,127.74
2022-07-02 19:00:00,영동,266.16,5,6,76.28535966708064,37.18,128.46
2022-07-02 19:00:00,영흥,240.13333333333333,6,6,74.74683494077995,37.26,126.46
2022-07-02 19:00:00,예천,180.12,5,6,76.45556792283064,36.65,128.46
2022-07-02 19:00:00,창원,227.9,5,6,77.01594459429076,35.21,128.58
2022-07-02 19:00:00,탑선,234.71666666666667,6,6,75.63689949313164,35.24,126.81
2022-07-02 20:00:00,경상대,,0,6,87.94120197735445,35.18,128.1
2022-07-02 20:00:00,고흥만수상,,0,6,87.62963164601342,34.57,127.3
2022-07-02 20:00:00,광양항세방,,0,6,87.76930932639122,34.93,127.71
2022-07-02 20:00:00,구미,,0,6,87.68346663992804,36.13,128.34
2022-07-02 20:00:00,삼천포,,0,6,88.0235720874476,34.95,128.07
2022-07-02 20:00:00,여수,,0,6,87.87684826038732,34.74,127.74
2022-07-02 20:00:00,영동,,0,6,87.29120452419245,37.18,128.46
2022-07-02 20:00:00,영흥,,0,6,85.8302928809899,37.26,126.46
2022-07-02 20:00:00,예천,,0,6,87.53267325529518,36.65,128.46
2022-07-02 20:00:00,창원,,0,6,88.27674384653916,35.21,128.58
2022-07-02 20:00:00,탑선,,0,6,86.97189173374758,35.24,126.81
2022-07-02 21:00:00,경상대,,0,6,98.39930051748647,35.18,128.1
2022-07-02 21:00:00,고흥만수상,,0,6,98.22217197622793,34.57,127.3
2022-07-02 21:00:00,광양항세방,,0,6,98.28691907090915,34.93,127.71
2022-07-02 21:00:00,구미,,0,6,97.99681237925428,36.13,128.34
2022-07-02 21:00:00,삼천포,,0,6,98.51449702134596,34.95,128.07
2022-07-02 21:00:00,여수,,0,6,98.41779797640062,34.74,127.74
2022-07-02 21:00:00,영동,,0,6,97.45197466003188,37.18,128.46
2022-07-02 21:00:00,영흥,,0,6,96.11332942545631,37.26,126.46
2022-07-02 21:00:00,예천,,0,6,97.76663154700387,36.65,128.46
2022-07-02 21:00:00,창원,,0,6,98.6983618373462,35.21,128.58
2022-07-02 21:00:00,탑선,,0,6,97.50714063393372,35.24,126.81
2022-07-02 22:00:00,경상대,,0,6,107.62442674488344,35.18,128.1
2022-07-02 22:00:00,고흥만수상,,0,6,107.60981615762465,34.57,127.3
2022-07-02 22:00:00,광양항세방,,0,6,107.58499605872417,34.93,127.71
2022-07-02 22:00:00,구미,,0,6,107.06642407574878,36.13,128.34
2022-07-02 22:00:00,삼천포,,0,6,107.7743444447919,34.95,128.07
2022-07-02 22:00:00,여수,,0,6,107.7391134851641,34.74,127.74
2022-07-02 22:00:00,영동,,0,6,106.36314667939352,37.18,128.46
2022-07-02 22:00:00,영흥,,0,6,105.20818409053156,37.26,126.46
2022-07-02 22:00:00,예천,,0,6,106.75185526172365,36.65,128.46
2022-07-02 22:00:00,창원,,0,6,107.8715018002459,35.21,128.58
2022-07-02 22:00:00,탑선,,0,6,106.84972378374758,35.24,126.81
2022-07-02 23:00:00,경상대,,0,6,115.05677467543485,35.18,128.1
2022-07-02 23:00:00,고흥만수상,,0,6,115.23540300191725,34.57,127.3
2022-07-02 23:00:00,광양항세방,,0,6,115.1053964071156,34.93,127.71
2022-07-02 23:00:00,구미,,0,6,114.34005281346228,36.13,128.34
2022-07-02 23:00:00,삼천포,,0,6,115.24124462886705,34.95,128.07
2022-07-02 23:00:00,여수,,0,6,115.28040749369931,34.74,127.74
2022-07-02 23:00:00,영동,,0,6,113.48268540373681,37.18,128.46
2022-07-02 23:00:00,영흥,,0,6,112.59215763537073,37.26,126.46
2022-07-02 23:00:00,예천,,0,6,113.94053538989978,36.65,128.46
2022-07-02 23:00:00,창원,,0,6,115.23154258468864,35.21,128.58
2022-07-02 23:00:00,탑선,,0,6,114.45427382205739,35.24,126.81
2022-07-03 00:00:00,경상대,,0,6,120.004356567885,35.18,128.1
2022-07-03 00:00:00,고흥만수상,,0,6,120.39733752674175,34.57,127.3
2022-07-03 00:00:00,광양항세방,,0,6,120.15240300282946,34.93,127.71
2022-07-03 00:00:00,구미,,0,6,119.14672899233564,36.13,128.34
2022-07-03 00:00:00,삼천포,,0,6,120.2179653403565,34.95,128.07
2022-07-03 00:00:00,여수,,0,6,120.34136783604187,34.74,127.74
2022-07-03 00:00:00,영동,,0,6,118.1632321172586,37.18,128.46
2022-07-03 00:00:00,영흥,,0,6,117.62751160718324,37.26,126.46
2022-07-03 00:00:00,예천,,0,6,118.67322142205815,36.65,128.46
2022-07-03 00:00:00,창원,,0,6,120.08483488550314,35.21,128.58
2022-07-03 00:00:00,탑선,,0,6,119.63738043378754,35.24,126.81
2022-07-03 01:00:00,경상대,,0,5,121.81718754812205,35.18,128.1
2022-07-03 01:00:00,고흥만수상,,0,5,122.41671236688067,34.57,127.3
2022-07-03 01:00:00,광양항세방,,0,5,122.0633680261868,34.93,127.71
2022-07-03 01:00:00,구미,,0,5,120.86837475906974,36.13,128.34
2022-07-03 01:00:00,삼천포,,0,5,122.04696601772508,34.95,128.07
2022-07-03 01:00:00,여수,,0,5,122.2537189449061,34.74,127.74
2022-07-03 01:00:00,영동,,0,5,119.81863892289435,37.18,128.46
2022-07-03 01:00:00,영흥,,0,5,119.70705250854913,37.26,126.46
2022-07-03 01:00:00,예천,,0,5,120.3486273319262,36.65,128.46
2022-07-03 01:00:00,창원,,0,5,121.78861877729034,35.21,128.58
2022-07-03 01:00:00,탑선,,0,5,121.73573903710744,35.24,126.81
2022-07-03 02:00:00,경상대,,0,6,120.20539308089326,35.18,128.1
2022-07-03 02:00:00,고흥만수상,,0,6,120.96584593607997,34.57,127.3
2022-07-03 02:00:00,광양항세방,,0,6,120.53099421816006,34.93,127.71
2022-07-03 02:00:00,구미,,0,6,119.23795229661962,36.13,128.34
2022-07-03 02:00:00,삼천포,,0,6,120.43355959892025,34.95,128.07
2022-07-03 02:00:00,여수,,0,6,120.70788595235612,34.74,127.74
2022-07-03 02:00:00,영동,,0,6,118.20083397891726,37.18,128.46
2022-07-03 02:00:00,영흥,,0,6,118.52432370111644,37.26,126.46
2022-07-03 02:00:00,예천,,0,6,118.71119051423207,36.65,128.46
2022-07-03 02:00:00,창원,,0,6,120.06984236084526,35.21,128.58
2022-07-03 02:00:00,탑선,,0,6,120.41774934620018,35.24,126.81
2022-07-03 03:00:00,경상대,,0,6,115.42818556050636,35.18,128.1
2022-07-03 03:00:00,고흥만수상,,0,6,116.28412787867515,34.57,127.3
2022-07-03 03:00:00,광양항세방,,0,6,115.80442399719274,34.93,127.71
2022-07-03 03:00:00,구미,,0,6,114.50898349309921,36.13,128.34
2022-07-03 03:00:00,삼천포,,0,6,115.63930890093695,34.95,128.07
2022-07-03 03:00:00,여수,,0,6,115.95679403002953,34.74,127.74
2022-07-03 03:00:00,영동,,0,6,113.55248726860809,37.18,128.46
2022-07-03 03:00:00,영흥,,0,6,114.25813800224071,37.26,126.46
2022-07-03 03:00:00,예천,,0,6,114.0109219408126,36.65,128.46
2022-07-03 03:00:00,창원,,0,6,115.20378899253392,35.21,128.58
2022-07-03 03:00:00,탑선,,0,6,115.89649030910164,35.24,126.81
2022-07-03 04:00:00,경상대,,0,6,108.12353377638817,35.18,128.1
2022-07-03 04:00:00,고흥만수상,,0,6,109.01675000844105,34.57,127.3
2022-07-03 04:00:00,광양항세방,,0,6,108.52375284133171,34.93,127.71
2022-07-03 04:00:00,구미,,0,6,107.29403679369929,36.13,128.34
2022-07-03 04:00:00,삼천포,,0,6,108.3089030914391,34.95,128.07
2022-07-03 04:00:00,여수,,0,6,108.64693592827524,34.74,127.74
2022-07-03 04:00:00,영동,,0,6,106.45745733976906,37.18,128.46
2022-07-03 04:00:00,영흥,,0,6,107.46105939035769,37.26,126.46
2022-07-03 04:00:00,예천,,0,6,106.84680165782682,36.65,128.46
2022-07-03 04:00:00,창원,,0,6,107.83409716179364,35.21,128.58
2022-07-03 04:00:00,탑선,,0,6,108.78859181291102,35.24,126.81
2022-07-03 05:00:00,경상대,,0,6,98.98773125207623,35.18,128.1
2022-07-03 05:00:00,고흥만수상,,0,6,99.87858053855857,34.57,127.3
2022-07-03 05:00:00,광양항세방,,0,6,99.39309469486545,34.93,127.71
2022-07-03 05:00:00,구미,,0,6,98.26576887126268,36.13,128.34
2022-07-03 05:00:00,삼천포,,0,6,99.14435611758259,34.95,128.07
2022-07-03 05:00:00,여수,,0,6,99.48699052982214,34.74,127.74
2022-07-03 05:00:00,영동,,0,6,97.56369601815489,37.18,128.46
2022-07-03 05:00:00,영흥,,0,6,98.78381664987472,37.26,126.46
2022-07-03 05:00:00,예천,,0,6,97.87893900315935,36.65,128.46
2022-07-03 05:00:00,창원,,0,6,98.65412329153523,35.21,128.58
2022-07-03 05:00:00,탑선,,0,6,99.79385741632836,35.24,126.81
2022-07-03 06:00:00,경상대,,0,6,88.59019951797596,35.18,128.1
2022-07-03 06:00:00,고흥만수상,,0,6,89.45466592862851,34.57,127.3
2022-07-03 06:00:00,광양항세방,,0,6,88.9888658832469,34.93,127.71
2022-07-03 06:00:00,구미,,0,6,87.980624578612,36.13,128.34
2022-07-03 06:00:00,삼천포,,0,6,88.71796220017914,34.95,128.07
2022-07-03 06:00:00,여수,,0,6,89.0552026025611,34.74,127.74
2022-07-03 06:00:00,영동,,0,6,87.41492026904614,37.18,128.46
2022-07-03 06:00:00,영흥,,0,6,88.78720874022417,37.26,126.46
2022-07-03 06:00:00,예천,,0,6,87.65688616116037,36.65,128.46
2022-07-03 06:00:00,창원,,0,6,88.22784279366802,35.21,128.58
2022-07-03 06:00:00,탑선,,0,6,89.49464153416494,35.24,126.81
2022-07-03 07:00:00,경상대,212.47500000000002,4,6,77.3443137067379,35.18,128.1
2022-07-03 07:00:00,고흥만수상,205.6,3,6,78.16733871220251,34.57,127.3
2022-07-03 07:00:00,광양항세방,178.875,4,6,77.7286554166555,34.93,127.71
2022-07-03 07:00:00,구미,225.10000000000002,4,6,76.84795109983868,36.13,128.34
2022-07-03 07:00:00,삼천포,224.49999999999997,4,6,77.44380318944556,34.95,128.07
2022-07-03 07:00:00,여수,205.79999999999998,4,6,77.76923785193472,34.74,127.74
2022-07-03 07:00:00,영동,209.14999999999998,4,6,76.41728090360677,37.18,128.46
2022-07-03 07:00:00,영흥,173.92499999999998,4,6,77.89445746178198,37.26,126.46
2022-07-03 07:00:00,예천,221.1,4,6,76.58789171960407,36.65,128.46
2022-07-03 07:00:00,창원,211.6,4,6,76.96404827298971,35.21,128.58
2022-07-03 07:00:00,탑선,201.79999999999998,3,6,78.3165617853191,35.24,126.81
2022-07-03 08:00:00,경상대,287.09999999999997,6,6,65.54424402327612,35.18,128.1
2022-07-03 08:00:00,고흥만수상,272.15000000000003,6,6,66.31395237273668,34.57,127.3
2022-07-03 08:00:00,광양항세방,300.8833333333334,6,6,65.90829325712924,34.93,127.71
2022-07-03 08:00:00,구미,355.65000000000003,6,6,65.16365820953894,36.13,128.34
2022-07-03 08:00:00,삼천포,258.0,6,6,65.61546100756632,34.95,128.07
2022-07-03 08:00:00,여수,358.26666666666665,6,6,65.92410386806608,34.74,127.74
2022-07-03 08:00:00,영동,335.26666666666665,6,6,64.86952841519624,37.18,128.46
2022-07-03 08:00:00,영흥,302.13333333333327,6,6,66.41627860535858,37.26,126.46
2022-07-03 08:00:00,예천,377.3,6,6,64.9689193720829,36.65,128.46
2022-07-03 08:00:00,창원,347.48333333333335,6,6,65.15400862564111,35.21,128.58
2022-07-03 08:00:00,탑선,330.46666666666664,6,6,66.56230430891618,35.24,126.81
2022-07-03 09:00:00,경상대,408.29999999999995,6,6,53.41473710128195,35.18,128.1
2022-07-03 09:00:00,고흥만수상,502.51666666666665,6,6,54.1172691588414,34.57,127.3
2022-07-03 09:00:00,광양항세방,446.09999999999997,6,6,53.75183988167922,34.93,127.71
2022-07-03 09:00:00,구미,562.25,6,6,53.159064879654956,36.13,128.34
2022-07-03 09:00:00,삼천포,465.1333333333334,6,6,53.45605684695745,34.95,128.07
2022-07-03 09:00:00,여수,443.75,6,6,53.74238242900383,34.74,127.74
2022-07-03 09:00:00,영동,590.8,6,6,53.01092155991834,37.18,128.46
2022-07-03 09:00:00,영흥,418.25,6,6,54.597329174207175,37.26,126.46
2022-07-03 09:00:00,예천,507.9833333333333,6,6,53.035047000860835,36.65,128.46
2022-07-03 09:00:00,창원,503.25,6,6,53.02133842453317,35.21,128.58
2022-07-03 09:00:00,탑선,518.9166666666666,6,6,54.46097626532584,35.24,126.81
2022-07-03 10:00:00,경상대,660.2333333333333,6,6,41.16911414330487,35.18,128.1
2022-07-03 10:00:00,고흥만수상,621.3666666666667,6,6,41.78100740797188,34.57,127.3
2022-07-03 10:00:00,광양항세방,587.4000000000001,6,6,41.46845348327769,34.93,127.71
2022-07-03 10:00:00,구미,711.35,6,6,41.06181946760076,36.13,128.34
2022-07-03 10:00:00,삼천포,640.5333333333334,6,6,41.17560427836173,34.95,128.07
2022-07-03 10:00:00,여수,602.9833333333333,6,6,41.43065428577426,34.74,127.74
2022-07-03 10:00:00,영동,750.5166666666665,6,6,41.085251287745166,37.18,128.46
2022-07-03 10:00:00,영흥,616.0333333333334,6,6,42.67674305164796,37.26,126.46
2022-07-03 10:00:00,예천,685.4833333333335,6,6,41.02203140357494,36.65,128.46
2022-07-03 10:00:00,창원,739.6333333333333,6,6,40.78073587034031,35.21,128.58
2022-07-03 10:00:00,탑선,663.1,6,6,42.22467672093804,35.24,126.81
2022-07-03 11:00:00,경상대,696.6833333333333,6,6,29.124917879418128,35.18,128.1
2022-07-03 11:00:00,고흥만수상,641.9999999999999,6,6,29.593064293930603,34.57,127.3
2022-07-03 11:00:00,광양항세방,707.4833333333332,6,6,29.36231425954331,34.93,127.71
2022-07-03 11:00:00,구미,744.5,6,6,29.223664005773188,36.13,128.34
2022-07-03 11:00:00,삼천포,674.05,6,6,29.083946169853135,34.95,128.07
2022-07-03 11:00:00,여수,733.9666666666667,6,6,29.287654883338426,34.74,127.74
2022-07-03 11:00:00,영동,867.0666666666666,6,6,29.480295513281064,37.18,128.46
2022-07-03 11:00:00,영흥,762.5666666666667,6,6,31.010119609576194,37.26,126.46
2022-07-03 11:00:00,예천,778.75,6,6,29.300532130160704,36.65,128.46
2022-07-03 11:00:00,창원,754.0833333333334,6,6,28.758002694489207,35.21,128.58
2022-07-03 11:00:00,탑선,818.4166666666666,6,6,30.154919733385853,35.24,126.81
2022-07-03 12:00:00,경상대,829.9499999999999,6,6,18.166254798522033,35.18,128.1
2022-07-03 12:00:00,고흥만수상,626.3833333333333,6,6,18.330560214400975,34.57,127.3
2022-07-03 12:00:00,광양항세방,819.8166666666666,6,6,18.2681167274431,34.93,127.71
2022-07-03 12:00:00,구미,817.1999999999999,6,6,18.619547412862133,36.13,128.34
2022-07-03 12:00:00,삼천포,869.9500000000002,6,6,18.044723762030372,34.95,128.07
2022-07-03 12:00:00,여수,773.6833333333333,6,6,18.135349941615274,34.74,127.74
2022-07-03 12:00:00,영동,930.6666666666666,6,6,19.251982697561402,37.18,128.46
2022-07-03 12:00:00,영흥,838.5166666666668,6,6,20.500474188203924,37.26,126.46
2022-07-03 12:00:00,예천,864.1333333333333,6,6,18.891945634433938,36.65,128.46
2022-07-03 12:00:00,창원,748.9166666666666,6,6,17.878623480661645,35.21,128.58
2022-07-03 12:00:00,탑선,794.4666666666667,6,6,19.045704237239306,35.24,126.81
2022-07-03 13:00:00,경상대,784.15,6,6,12.222801551040575,35.18,128.1
2022-07-03 13:00:00,고흥만수상,691.4333333333334,6,6,11.658105907052288,34.57,127.3
2022-07-03 13:00:00,광양항세방,831.2000000000002,6,6,11.989065369681938,34.93,127.71
2022-07-03 13:00:00,구미,888.2333333333335,6,6,13.167713216323406,36.13,128.34
2022-07-03 13:00:00,삼천포,905.8833333333333,6,6,11.993828946937427,34.95,128.07
2022-07-03 13:00:00,여수,894.5833333333334,6,6,11.797861072221764,34.74,127.74
2022-07-03 13:00:00,영동,842.3833333333333,6,6,14.216664956422719,37.18,128.46
2022-07-03 13:00:00,영흥,870.2499999999999,6,6,14.409783344782056,37.26,126.46
2022-07-03 13:00:00,예천,911.5166666666669,6,6,13.686654364640404,36.65,128.46
2022-07-03 13:00:00,창원,896.4333333333334,6,6,12.246360744887824,35.21,128.58
2022-07-03 13:00:00,탑선,678.15,6,6,12.37010945186438,35.24,126.81
2022-07-03 14:00:00,경상대,823.0166666666665,6,6,17.59220272930419,35.18,128.1
2022-07-03 14:00:00,고흥만수상,919.5333333333333,6,6,16.697105677908553,34.57,127.3
2022-07-03 14:00:00,광양항세방,865.9833333333335,6,6,17.18698620913932,34.93,127.71
2022-07-03 14:00:00,구미,860.8333333333334,6,6,18.362105211476162,36.13,128.34
2022-07-03 14:00:00,삼천포,924.7999999999998,6,6,17.42596358728663,34.95,128.07
2022-07-03 14:00:00,여수,961.3000000000001,6,6,17.083434891096076,34.74,127.74
2022-07-03 14:00:00,영동,791.8166666666666,6,6,19.146048157879306,37.18,128.46
2022-07-03 14:00:00,영흥,852.9666666666667,6,6,18.100308932752853,37.26,126.46
2022-07-03 14:00:00,예천,901.4000000000001,6,6,18.783080511946068,36.65,128.46
2022-07-03 14:00:00,창원,885.0166666666668,6,6,17.91356719477767,35.21,128.58
2022-07-03 14:00:00,탑선,548.3666666666667,6,6,16.844593385431864,35.24,126.81
2022-07-03 15:00:00,경상대,882.2333333333332,6,6,28.41864815012051,35.18,128.1
2022-07-03 15:00:00,고흥만수상,850.9833333333335,6,6,27.61043540258072,34.57,127.3
2022-07-03 15:00:00,광양항세방,803.6999999999999,6,6,28.03914223776512,34.93,127.71
2022-07-03 15:00:00,구미,787.6999999999999,6,6,28.900039350710898,36.13,128.34
2022-07-03 15:00:00,삼천포,904.7166666666666,6,6,28.32692498549681,34.95,128.07
2022-07-03 15:00:00,여수,900.25,6,6,28.0063894711098,34.74,127.74
2022-07-03 15:00:00,영동,744.3333333333334,6,6,29.34434206476655,37.18,128.46
2022-07-03 15:00:00,영흥,792.4333333333333,6,6,27.89418477246157,37.26,126.46
2022-07-03 15:00:00,예천,770.0166666666668,6,6,29.162566996361413,36.65,128.46
2022-07-03 15:00:00,창원,868.0833333333334,6,6,28.80218909557518,35.21,128.58
2022-07-03 15:00:00,탑선,577.0333333333334,6,6,27.436017472053273,35.24,126.81
2022-07-03 16:00:00,경상대,784.1666666666666,6,6,40.43540512653114,35.18,128.1
2022-07-03 16:00:00,고흥만수상,786.9499999999999,6,6,39.72687135574864,34.57,127.3
2022-07-03 16:00:00,광양항세방,729.1833333333334,6,6,40.094654638860675,34.93,127.71
2022-07-03 16:00:00,구미,741.7333333333332,6,6,40.72423455972083,36.13,128.34
2022-07-03 16:00:00,삼천포,799.0333333333333,6,6,40.39038301770573,34.95,128.07
2022-07-03 16:00:00,여수,797.4166666666666,6,6,40.1023036387958,34.74,127.74
2022-07-03 16:00:00,영동,713.2833333333334,6,6,40.94338946112749,37.18,128.46
2022-07-03 16:00:00,영흥,699.65,6,6,39.37788972415145,37.26,126.46
2022-07-03 16:00:00,예천,727.6666666666666,6,6,40.878669752239844,36.65,128.46
2022-07-03 16:00:00,창원,788.4833333333332,6,6,40.82878375289005,35.21,128.58
2022-07-03 16:00:00,탑선,524.3333333333334,6,6,39.39263038266469,35.24,126.81
2022-07-03 17:00:00,경상대,629.9166666666666,6,6,52.68300464984926,35.18,128.1
2022-07-03 17:00:00,고흥만수상,540.1166666666667,6,6,52.06633273171648,34.57,127.3
2022-07-03 17:00:00,광양항세방,563.4,6,6,52.37995919795398,34.93,127.71
2022-07-03 17:00:00,구미,582.4,6,6,52.82317635592184,36.13,128.34
2022-07-03 17:00:00,삼천포,640.7333333333332,6,6,52.6732013543522,34.95,128.07
2022-07-03 17:00:00,여수,628.4333333333335,6,6,52.41662638724776,34.74,127.74
2022-07-03 17:00:00,영동,531.3000000000001,6,6,52.8711265245802,37.18,128.46
2022-07-03 17:00:00,영흥,564.8666666666667,6,6,51.27683371551692,37.26,126.46
2022-07-03 17:00:00,예천,549.6166666666667,6,6,52.89396285730542,36.65,128.46
2022-07-03 17:00:00,창원,637.8166666666666,6,6,53.072511610639715,35.21,128.58
2022-07-03 17:00:00,탑선,466.81666666666666,6,6,51.62729175143926,35.24,126.81
2022-07-03 18:00:00,경상대,455.61666666666673,6,6,64.82999438322855,35.18,128.1
2022-07-03 18:00:00,고흥만수상,406.5,6,6,64.30507006438327,34.57,127.3
2022-07-03 18:00:00,광양항세방,240.2166666666666,6,6,64.56564751727859,34.93,127.71
2022-07-03 18:00:00,구미,341.01666666666665,6,6,64.83791116842697,36.13,128.34
2022-07-03 18:00:00,삼천포,419.1499999999999,6,6,64.85112809667442,34.95,128.07
2022-07-03 18:00:00,여수,302.0166666666667,6,6,64.6269097131696,34.74,127.74
2022-07-03 18:00:00,영동,395.3333333333333,6,6,64.73639052531325,37.18,128.46
2022-07-03 18:00:00,영흥,390.6166666666666,6,6,63.154040816924535,37.26,126.46
2022-07-03 18:00:00,예천,400.56666666666666,6,6,64.83456729409139,36.65,128.46
2022-07-03 18:00:00,창원,467.0833333333333,6,6,65.20857886168324,35.21,128.58
2022-07-03 18:00:00,탑선,126.11666666666667,6,6,63.78379421902606,35.24,126.81
2022-07-03 19:00:00,경상대,248.8,5,6,76.66140638521229,35.18,128.1
2022-07-03 19:00:00,고흥만수상,213.42000000000002,5,6,76.23544644121336,34.57,127.3
2022-07-03 19:00:00,광양항세방,155.36,5,6,76.43959166610112,34.93,127.71
2022-07-03 19:00:00,구미,145.45999999999998,5,6,76.53985133562257,36.13,128.34
2022-07-03 19:00:00,삼천포,227.16000000000003,5,6,76.712531797371,34.95,128.07
2022-07-03 19:00:00,여수,219.68,5,6,76.52392785043818,34.74,127.74
2022-07-03 19:00:00,영동,230.44,5,6,76.2949660322933,37.18,128.46
2022-07-03 19:00:00,영흥,238.78333333333333,6,6,74.75577039399232,37.26,126.46
2022-07-03 19:00:00,예천,228.7,5,6,76.46437148496808,36.65,128.46
2022-07-03 19:00:00,창원,255.8,5,6,77.02262062331984,35.21,128.58
2022-07-03 19:00:00,탑선,25.8,6,6,75.64287865879211,35.24,126.81
2022-07-03 20:00:00,경상대,,0,6,87.95528812936936,35.18,128.1
2022-07-03 20:00:00,고흥만수상,,0,6,87.64241633894396,34.57,127.3
2022-07-03 20:00:00,광양항세방,,0,6,87.78282696517613,34.93,127.71
2022-07-03 20:00:00,구미,,0,6,87.69899828700552,36.13,128.34
2022-07-03 20:00:00,삼천포,,0,6,88.03732352075359,34.95,128.07
2022-07-03 20:00:00,여수,,0,6,87.89012004618118,34.74,127.74
2022-07-03 20:00:00,영동,,0,6,87.3082454216529,37.18,128.46
2022-07-03 20:00:00,영흥,,0,6,85.84634987639842,37.26,126.46
2022-07-03 20:00:00,예천,,0,6,87.54898710260069,36.65,128.46
2022-07-03 20:00:00,창원,,0,6,88.29114731575457,35.21,128.58
2022-07-03 20:00:00,탑선,,0,6,86.98533116623945,35.24,126.81
2022-07-03 21:00:00,경상대,,0,6,98.4233858451444,35.18,128.1
2022-07-03 21:00:00,고흥만수상,,0,6,98.24491192027303,34.57,127.3
2022-07-03 21:00:00,광양항세방,,0,6,98.31040830568001,34.93,127.71
2022-07-03 21:00:00,구미,,0,6,98.02224371701861,36.13,128.34
2022-07-03 21:00:00,삼천포,,0,6,98.53827530770991,34.95,128.07
2022-07-03 21:00:00,여수,,0,6,98.44107265842342,34.74,127.74
2022-07-03 21:00:00,영동,,0,6,97.47877530155804,37.18,128.46
2022-07-03 21:00:00,영흥,,0,6,96.13882075242861,37.26,126.46
2022-07-03 21:00:00,예천,,0,6,97.79278620684435,36.65,128.46
2022-07-03 21:00:00,창원,,0,6,98.72283753333298,35.21,128.58
2022-07-03 21:00:00,탑선,,0,6,97.53036381993056,35.24,126.81
2022-07-03 22:00:00,경상대,,0,6,107.66098284104415,35.18,128.1
2022-07-03 22:00:00,고흥만수상,,0,6,107.6450149173078,34.57,127.3
2022-07-03 22:00:00,광양항세방,,0,6,107.62094200060959,34.93,127.71
2022-07-03 22:00:00,구미,,0,6,107.1041725916723,36.13,128.34
2022-07-03 22:00:00,삼천포,,0,6,107.81063413609508,34.95,128.07
2022-07-03 22:00:00,여수,,0,6,107.77488674760966,34.74,127.74
2022-07-03 22:00:00,영동,,0,6,106.40206458990104,37.18,128.46
2022-07-03 22:00:00,영흥,,0,6,105.24547337968664,37.26,126.46
2022-07-03 22:00:00,예천,,0,6,106.79023822273217,36.65,128.46
2022-07-03 22:00:00,창원,,0,6,107.90851951825508,35.21,128.58
2022-07-03 22:00:00,탑선,,0,6,106.88519728391572,35.24,126.81
2022-07-03 23:00:00,경상대,,0,6,115.10795847510792,35.18,128.1
2022-07-03 23:00:00,고흥만수상,,0,6,115.28531771502013,34.57,127.3
2022-07-03 23:00:00,광양항세방,,0,6,115.15600049339949,34.93,127.71
2022-07-03 23:00:00,구미,,0,6,114.39216864054316,36.13,128.34
2022-07-03 23:00:00,삼천포,,0,6,115.29222753429208,34.95,128.07
2022-07-03 23:00:00,여수,,0,6,115.33089869153193,34.74,127.74
2022-07-03 23:00:00,영동,,0,6,113.53566412927695,37.18,128.46
2022-07-03 23:00:00,영흥,,0,6,112.64328289739095,37.26,126.46
2022-07-03 23:00:00,예천,,0,6,113.99314016040019,36.65,128.46
2022-07-03 23:00:00,창원,,0,6,115.28323142508307,35.21,128.58
2022-07-03 23:00:00,탑선,,0,6,114.50420958852328,35.24,126.81
2022-07-04 00:00:00,경상대,,0,6,120.07089308068288,35.18,128.1
2022-07-04 00:00:00,고흥만수상,,0,6,120.46286425820307,34.57,127.3
2022-07-04 00:00:00,광양항세방,,0,6,120.2184689239241,34.93,127.71
2022-07-04 00:00:00,구미,,0,6,119.21382254987176,36.13,128.34
2022-07-04 00:00:00,삼천포,,0,6,120.2843914100471,34.95,128.07
2022-07-04 00:00:00,여수,,0,6,120.40739400441578,34.74,127.74
2022-07-04 00:00:00,영동,,0,6,118.23078511844521,37.18,128.46
2022-07-04 00:00:00,영흥,,0,6,117.69324351802453,37.26,126.46
2022-07-04 00:00:00,예천,,0,6,118.74060083064148,36.65,128.46
2022-07-04 00:00:00,창원,,0,6,120.15184711472097,35.21,128.58
2022-07-04 00:00:00,탑선,,0,6,119.70267872478757,35.24,126.81
2022-07-04 01:00:00,경상대,,0,5,121.89700942327693,35.18,128.1
2022-07-04 01:00:00,고흥만수상,,0,5,122.495931164622,34.57,127.3
2022-07-04 01:00:00,광양항세방,,0,5,122.14290054647853,34.93,127.71
2022-07-04 01:00:00,구미,,0,5,120.94837422558625,36.13,128.34
2022-07-04 01:00:00,삼천포,,0,5,122.12676413155178,34.95,128.07
2022-07-04 01:00:00,여수,,0,5,122.33327102252512,34.74,127.74
2022-07-04 01:00:00,영동,,0,5,119.8987247658655,37.18,128.46
2022-07-04 01:00:00,영흥,,0,5,119.78572587244169,37.26,126.46
2022-07-04 01:00:00,예천,,0,5,120.42871232944299,36.65,128.46
2022-07-04 01:00:00,창원,,0,5,121.86878763441312,35.21,128.58
2022-07-04 01:00:00,탑선,,0,5,121.81460489706978,35.24,126.81
2022-07-04 02:00:00,경상대,,0,6,120.29366553202664,35.18,128.1
2022-07-04 02:00:00,고흥만수상,,0,6,121.05389915980454,34.57,127.3
2022-07-04 02:00:00,광양항세방,,0,6,120.6191561419372,34.93,127.71
2022-07-04 02:00:00,구미,,0,6,119.32619448913616,36.13,128.34
2022-07-04 02:00:00,삼천포,,0,6,120.52184916578689,34.95,128.07
2022-07-04 02:00:00,여수,,0,6,120.79608179587196,34.74,127.74
2022-07-04 02:00:00,영동,,0,6,118.28899060777425,37.18,128.46
2022-07-04 02:00:00,영흥,,0,6,118.6117308782564,37.26,126.46
2022-07-04 02:00:00,예천,,0,6,118.79941149382682,36.65,128.46
2022-07-04 02:00:00,창원,,0,6,120.15827919696156,35.21,128.58
2022-07-04 02:00:00,탑선,,0,6,120.50553454244334,35.24,126.81
2022-07-04 03:00:00,경상대,,0,6,115.51944709057872,35.18,128.1
2022-07-04 03:00:00,고흥만수상,,0,6,116.37537713273015,34.57,127.3
2022-07-04 03:00:00,광양항세방,,0,6,115.89567883722326,34.93,127.71
2022-07-04 03:00:00,구미,,0,6,114.60023069927644,36.13,128.34
2022-07-04 03:00:00,삼천포,,0,6,115.73057418490093,34.95,128.07
2022-07-04 03:00:00,여수,,0,6,116.04805406265749,34.74,127.74
2022-07-04 03:00:00,영동,,0,6,113.6437084638076,37.18,128.46
2022-07-04 03:00:00,영흥,,0,6,114.34923063979926,37.26,126.46
2022-07-04 03:00:00,예천,,0,6,114.10215949297223,36.65,128.46
2022-07-04 03:00:00,창원,,0,6,115.29506213709746,35.21,128.58
2022-07-04 03:00:00,탑선,,0,6,115.9876972003269,35.24,126.81
2022-07-04 04:00:00,경상대,,0,6,108.21382498887057,35.18,128.1
2022-07-04 04:00:00,고흥만수상,,0,6,109.10706042007305,34.57,127.3
2022-07-04 04:00:00,광양항세방,,0,6,108.61406178276343,34.93,127.71
2022-07-04 04:00:00,구미,,0,6,107.38446133048498,36.13,128.34
2022-07-04 04:00:00,삼천포,,0,6,108.39915614133548,34.95,128.07
2022-07-04 04:00:00,여수,,0,6,108.73720458605125,34.74,127.74
2022-07-04 04:00:00,영동,,0,6,106.548040305493,37.18,128.46
2022-07-04 04:00:00,영흥,,0,6,107.5519129781491,37.26,126.46
2022-07-04 04:00:00,예천,,0,6,106.93729749733515,36.65,128.46
2022-07-04 04:00:00,창원,,0,6,107.92431452710221,35.21,128.58
2022-07-04 04:00:00,탑선,,0,6,108.87909730073946,35.24,126.81
2022-07-04 05:00:00,경상대,,0,6,99.07504019085309,35.18,128.1
2022-07-04 05:00:00,고흥만수상,,0,6,99.96584135419829,34.57,127.3
2022-07-04 05:00:00,광양항세방,,0,6,99.480398551191,34.93,127.71
2022-07-04 05:00:00,구미,,0,6,98.35339401539713,36.13,128.34
2022-07-04 05:00:00,삼천포,,0,6,99.23157994552366,34.95,128.07
2022-07-04 05:00:00,여수,,0,6,99.57421076163556,34.74,127.74
2022-07-04 05:00:00,영동,,0,6,97.65168921029506,37.18,128.46
2022-07-04 05:00:00,영흥,,0,6,98.87226466650392,37.26,126.46
2022-07-04 05:00:00,예천,,0,6,97.96673506656737,36.65,128.46
2022-07-04 05:00:00,창원,,0,6,98.74132804038888,35.21,128.58
2022-07-04 05:00:00,탑선,,0,6,99.88149931046065,35.24,126.81
2022-07-04 06:00:00,경상대,,0,6,88.67390107831002,35.18,128.1
2022-07-04 06:00:00,고흥만수상,,0,6,89.53820986043429,34.57,127.3
2022-07-04 06:00:00,광양항세방,,0,6,89.07251800853975,34.93,127.71
2022-07-04 06:00:00,구미,,0,6,88.06482061074674,36.13,128.34
2022-07-04 06:00:00,삼천포,,0,6,88.80153505190913,34.95,128.07
2022-07-04 06:00:00,여수,,0,6,89.13873447191763,34.74,127.74
2022-07-04 06:00:00,영동,,0,6,87.49968096948255,37.18,128.46
2022-07-04 06:00:00,영흥,,0,6,88.87246638770341,37.26,126.46
2022-07-04 06:00:00,예천,,0,6,87.74135014487875,36.65,128.46
2022-07-04 06:00:00,창원,,0,6,88.31144231144123,35.21,128.58
2022-07-04 06:00:00,탑선,,0,6,89.57870101780614,35.24,126.81
2022-07-04 07:00:00,경상대,97.275,4,6,77.42457878550303,35.18,128.1
2022-07-04 07:00:00,고흥만수상,137.9,3,6,78.24731509468221,34.57,127.3
2022-07-04 07:00:00,광양항세방,155.9,4,6,77.80881540888389,34.93,127.71
2022-07-04 07:00:00,구미,176.975,4,6,76.92888360713002,36.13,128.34
2022-07-04 07:00:00,삼천포,214.775,4,6,77.52389839187958,34.95,128.07
2022-07-04 07:00:00,여수,162.2,4,6,77.84924517909235,34.74,127.74
2022-07-04 07:00:00,영동,146.55,4,6,76.49896330145191,37.18,128.46
2022-07-04 07:00:00,영흥,173.64999999999998,4,6,77.97659399630419,37.26,126.46
2022-07-04 07:00:00,예천,207.99999999999997,4,6,76.66918597990067,36.65,128.46
2022-07-04 07:00:00,창원,135.475,4,6,77.04423156619171,35.21,128.58
2022-07-04 07:00:00,탑선,135.79999999999998,3,6,78.39715725252404,35.24,126.81
2022-07-04 08:00:00,경상대,336.6333333333334,6,6,65.62172775280486,35.18,128.1
2022-07-04 08:00:00,고흥만수상,287.4166666666667,6,6,66.39099133175111,34.57,127.3
2022-07-04 08:00:00,광양항세방,314.23333333333335,6,6,65.98560422161793,34.93,127.71
2022-07-04 08:00:00,구미,379.53333333333336,6,6,65.2419929658436,36.13,128.34
2022-07-04 08:00:00,삼천포,323.9666666666667,6,6,65.69273166859803,34.95,128.07
2022-07-04 08:00:00,여수,310.21666666666664,6,6,66.00122959862261,34.74,127.74
2022-07-04 08:00:00,영동,333.6333333333333,6,6,64.94880377605156,37.18,128.46
2022-07-04 08:00:00,영흥,283.51666666666665,6,6,66.49590382046347,37.26,126.46
2022-07-04 08:00:00,예천,384.3333333333333,6,6,65.04771451012861,36.65,128.46
2022-07-04 08:00:00,창원,274.55,6,6,65.2314443414519,35.21,128.58
2022-07-04 08:00:00,탑선,216.38333333333335,6,6,66.64005500943722,35.24,126.81
2022-07-04 09:00:00,경상대,346.76666666666665,6,6,53.49054752170848,35.18,128.1
2022-07-04 09:00:00,고흥만수상,305.84999999999997,6,6,54.192433297741125,34.57,127.3
2022-07-04 09:00:00,광양항세방,429.04999999999995,6,6,53.82738909066742,34.93,127.71
2022-07-04 09:00:00,구미,517.15,6,6,53.2359433721779,36.13,128.34
2022-07-04 09:00:00,삼천포,496.1000000000001,6,6,53.53160318476101,34.95,128.07
2022-07-04 09:00:00,여수,452.38333333333327,6,6,53.81770911226062,34.74,127.74
2022-07-04 09:00:00,영동,542.2333333333333,6,6,53.08895717851633,37.18,128.46
2022-07-04 09:00:00,영흥,502.68333333333334,6,6,54.67553809682729,37.26,126.46
2022-07-04 09:00:00,예천,523.85,6,6,53.11250035234445,36.65,128.46
2022-07-04 09:00:00,창원,492.5833333333333,6,6,53.09715238865395,35.21,128.58
2022-07-04 09:00:00,탑선,464.09999999999997,6,6,54.53694770078792,35.24,126.81
2022-07-04 10:00:00,경상대,629.1,6,6,41.24509320437806,35.18,128.1
2022-07-04 10:00:00,고흥만수상,458.8,6,6,41.856054395478914,34.57,127.3
2022-07-04 10:00:00,광양항세방,660.3333333333334,6,6,41.54404452988265,34.93,127.71
2022-07-04 10:00:00,구미,606.3333333333334,6,6,41.13913830766706,36.13,128.34
2022-07-04 10:00:00,삼천포,461.73333333333335,6,6,41.251254921905804,34.95,128.07
2022-07-04 10:00:00,여수,631.9166666666666,6,6,41.50597756996294,34.74,127.74
2022-07-04 10:00:00,영동,693.5499999999998,6,6,41.16397852955278,37.18,128.46
2022-07-04 10:00:00,영흥,652.3666666666667,6,6,42.755339265189505,37.26,126.46
2022-07-04 10:00:00,예천,675.6,6,6,41.100063003807534,36.65,128.46
2022-07-04 10:00:00,창원,711.1,6,6,40.85680428884549,35.21,128.58
2022-07-04 10:00:00,탑선,440.45,6,6,42.300629252942905,35.24,126.81
2022-07-04 11:00:00,경상대,473.36666666666673,6,6,29.204465422601174,35.18,128.1
2022-07-04 11:00:00,고흥만수상,418.4333333333334,6,6,29.671268754586812,34.57,127.3
2022-07-04 11:00:00,광양항세방,432.1333333333334,6,6,29.441288944473733,34.93,127.71
2022-07-04 11:00:00,구미,725.4666666666666,6,6,29.30483143705652,36.13,128.34
2022-07-04 11:00:00,삼천포,717.7833333333333,6,6,29.163096766426676,34.95,128.07
2022-07-04 11:00:00,여수,473.0,6,6,29.366318716658306,34.74,127.74
2022-07-04 11:00:00,영동,812.3666666666667,6,6,29.563065816628303,37.18,128.46
2022-07-04 11:00:00,영흥,745.85,6,6,31.092214550502007,37.26,126.46
2022-07-04 11:00:00,예천,704.0666666666666,6,6,29.382535572241927,36.65,128.46
2022-07-04 11:00:00,창원,672.0833333333334,6,6,28.837796902668252,35.21,128.58
2022-07-04 11:00:00,탑선,432.26666666666665,6,6,30.234068375964064,35.24,126.81
2022-07-04 12:00:00,경상대,566.0,6,6,18.255306729408176,35.18,128.1
2022-07-04 12:00:00,고흥만수상,517.2333333333332,6,6,18.418141077073017,34.57,127.3
2022-07-04 12:00:00,광양항세방,387.56666666666666,6,6,18.356538310044826,34.93,127.71
2022-07-04 12:00:00,구미,824.9333333333334,6,6,18.7098168976393,36.13,128.34
2022-07-04 12:00:00,삼천포,569.9333333333333,6,6,18.133463265412374,34.95,128.07
2022-07-04 12:00:00,여수,575.4499999999999,6,6,18.223539655213514,34.74,127.74
2022-07-04 12:00:00,영동,820.4,6,6,19.34322817746012,37.18,128.46
2022-07-04 12:00:00,영흥,743.3166666666667,6,6,20.590609540956947,37.26,126.46
2022-07-04 12:00:00,예천,834.3166666666666,6,6,18.982767449098745,36.65,128.46
2022-07-04 12:00:00,창원,904.4333333333334,6,6,17.968086348527095,35.21,128.58
2022-07-04 12:00:00,탑선,489.66666666666674,6,6,19.133821654089715,35.24,126.81
2022-07-04 13:00:00,경상대,260.48333333333335,6,6,12.30760750460037,35.18,128.1
2022-07-04 13:00:00,고흥만수상,531.15,6,6,11.745075955935434,34.57,127.3
2022-07-04 13:00:00,광양항세방,616.9,6,6,12.074924480079602,34.93,127.71
2022-07-04 13:00:00,구미,713.1333333333333,6,6,13.25181882015896,36.13,128.34
2022-07-04 13:00:00,삼천포,924.4166666666666,6,6,12.078743247949959,34.95,128.07
2022-07-04 13:00:00,여수,892.5166666666668,6,6,11.88368270160187,34.74,127.74
2022-07-04 13:00:00,영동,741.1333333333332,6,6,14.300439419187512,37.18,128.46
2022-07-04 13:00:00,영흥,649.8166666666666,6,6,14.49766451379972,37.26,126.46
2022-07-04 13:00:00,예천,861.2166666666667,6,6,13.770441431883185,36.65,128.46
2022-07-04 13:00:00,창원,896.0,6,6,12.329851087515976,35.21,128.58
2022-07-04 13:00:00,탑선,554.0666666666667,6,6,12.457970667389347,35.24,126.81
2022-07-04 14:00:00,경상대,580.2166666666667,6,6,17.62530601379183,35.18,128.1
2022-07-04 14:00:00,고흥만수상,520.6166666666667,6,6,16.73000626482424,34.57,127.3
2022-07-04 14:00:00,광양항세방,596.5500000000001,6,6,17.22017334441726,34.93,127.71
2022-07-04 14:00:00,구미,728.8333333333334,6,6,18.39810393611674,36.13,128.34
2022-07-04 14:00:00,삼천포,768.5,6,6,17.458249834004405,34.95,128.07
2022-07-04 14:00:00,여수,880.1666666666665,6,6,17.115785347972434,34.74,127.74
2022-07-04 14:00:00,영동,592.1166666666667,6,6,19.185323022960063,37.18,128.46
2022-07-04 14:00:00,영흥,802.4166666666666,6,6,18.1451042916312,37.26,126.46
2022-07-04 14:00:00,예천,788.1999999999999,6,6,18.820586617024816,36.65,128.46
2022-07-04 14:00:00,창원,965.2166666666667,6,6,17.945525157389497,35.21,128.58
2022-07-04 14:00:00,탑선,581.2166666666667,6,6,16.88152583027184,35.24,126.81
2022-07-04 15:00:00,경상대,402.25,6,6,28.42787342537364,35.18,128.1
2022-07-04 15:00:00,고흥만수상,771.8333333333334,6,6,27.61832007227416,34.57,127.3
2022-07-04 15:00:00,광양항세방,669.7,6,6,28.047876668184145,34.93,127.71
2022-07-04 15:00:00,구미,631.2500000000001,6,6,28.912122371805623,36.13,128.34
2022-07-04 15:00:00,삼천포,772.4,6,6,28.335421186299847,34.95,128.07
2022-07-04 15:00:00,여수,851.3833333333333,6,6,28.014467761394634,34.74,127.74
2022-07-04 15:00:00,영동,720.9833333333332,6,6,29.359610660187343,37.18,128.46
2022-07-04 15:00:00,영흥,751.2666666666665,6,6,27.911698487950332,37.26,126.46
2022-07-04 15:00:00,예천,740.1166666666668,6,6,29.176185651573697,36.65,128.46
2022-07-04 15:00:00,창원,909.6333333333333,6,6,28.811113575628276,35.21,128.58
2022-07-04 15:00:00,탑선,564.5,6,6,27.446593012607806,35.24,126.81
2022-07-04 16:00:00,경상대,663.2166666666667,6,6,40.43779195338775,35.18,128.1
2022-07-04 16:00:00,고흥만수상,769.8166666666666,6,6,39.72785997672598,34.57,127.3
2022-07-04 16:00:00,광양항세방,722.7833333333333,6,6,40.09648349733188,34.93,127.71
2022-07-04 16:00:00,구미,457.9166666666667,6,6,40.72895881806047,36.13,128.34
2022-07-04 16:00:00,삼천포,790.3666666666668,6,6,40.392194699528886,34.95,128.07
2022-07-04 16:00:00,여수,780.4833333333332,6,6,40.10364385205823,34.74,127.74
2022-07-04 16:00:00,영동,475.5166666666666,6,6,40.950701127244514,37.18,128.46
2022-07-04 16:00:00,영흥,627.7166666666666,6,6,39.385977931127016,37.26,126.46
2022-07-04 16:00:00,예천,609.0666666666666,6,6,40.884664266532674,36.65,128.46
2022-07-04 16:00:00,창원,804.2999999999998,6,6,40.83115651266068,35.21,128.58
2022-07-04 16:00:00,탑선,560.4,6,6,39.39544284586594,35.24,126.81
2022-07-04 17:00:00,경상대,570.3833333333334,6,6,52.68513580151514,35.18,128.1
2022-07-04 17:00:00,고흥만수상,624.1999999999999,6,6,52.06711261363358,34.57,127.3
2022-07-04 17:00:00,광양항세방,546.95,6,6,52.38153162107906,34.93,127.71
2022-07-04 17:00:00,구미,372.1166666666666,6,6,52.82729294739962,36.13,128.34
2022-07-04 17:00:00,삼천포,639.15,6,6,52.67485366447824,34.95,128.07
2022-07-04 17:00:00,여수,629.5333333333333,6,6,52.41780757654182,34.74,127.74
2022-07-04 17:00:00,영동,380.3,6,6,52.877417752906915,37.18,128.46
2022-07-04 17:00:00,영흥,489.08333333333326,6,6,51.28319945119764,37.26,126.46
2022-07-04 17:00:00,예천,564.75,6,6,52.89916164798353,36.65,128.46
2022-07-04 17:00:00,창원,653.8000000000001,6,6,53.074756143563974,35.21,128.58
2022-07-04 17:00:00,탑선,463.9166666666667,6,6,51.62942692569713,35.24,126.81
2022-07-04 18:00:00,경상대,390.7166666666667,6,6,64.8353354460224,35.18,128.1
2022-07-04 18:00:00,고흥만수상,460.3833333333334,6,6,64.30908523359723,34.57,127.3
2022-07-04 18:00:00,광양항세방,411.3333333333333,6,6,64.5704279394171,34.93,127.71
2022-07-04 18:00:00,구미,297.7666666666667,6,6,64.84501850881006,36.13,128.34
2022-07-04 18:00:00,삼천포,441.0333333333333,6,6,64.85604932181022,34.95,128.07
2022-07-04 18:00:00,여수,455.84999999999997,6,6,64.63135842519132,34.74,127.74
2022-07-04 18:00:00,영동,170.96666666666667,6,6,64.74540744038924,37.18,128.46
2022-07-04 18:00:00,영흥,267.2333333333333,6,6,63.16269852057921,37.26,126.46
2022-07-04 18:00:00,예천,387.3999999999999,6,6,64.84263688784148,36.65,128.46
2022-07-04 18:00:00,창원,447.23333333333335,6,6,65.21411392508683,35.21,128.58
2022-07-04 18:00:00,탑선,423.18333333333334,6,6,63.78887829691045,35.24,126.81
2022-07-04 19:00:00,경상대,270.4,5,6,76.67246522944633,35.18,128.1
2022-07-04 19:00:00,고흥만수상,275.19999999999993,5,6,76.24517120581734,34.57,127.3
2022-07-04 19:00:00,광양항세방,200.1,5,6,76.45007660622936,34.93,127.71
2022-07-04 19:00:00,구미,230.07999999999998,5,6,76.55253535759157,36.13,128.34
2022-07-04 19:00:00,삼천포,271.28000000000003,5,6,76.72320921378892,34.95,128.07
2022-07-04 19:00:00,여수,245.68,5,6,76.53412142135072,34.74,127.74
2022-07-04 19:00:00,영동,128.92000000000002,5,6,76.30937965267645,37.18,128.46
2022-07-04 19:00:00,영흥,152.25,6,6,74.76948124170593,37.26,126.46
2022-07-04 19:00:00,예천,156.36,5,6,76.47793853441453,36.65,128.46
2022-07-04 19:00:00,창원,249.4,5,6,77.0339421431007,35.21,128.58
2022-07-04 19:00:00,탑선,198.70000000000005,6,6,75.65346849593477,35.24,126.81
2022-07-04 20:00:00,경상대,,0,6,87.9743773505033,35.18,128.1
2022-07-04 20:00:00,고흥만수상,,0,6,87.66013763145985,34.57,127.3
2022-07-04 20:00:00,광양항세방,,0,6,87.80131884234524,34.93,127.71
2022-07-04 20:00:00,구미,,0,6,87.7196073079319,36.13,128.34
2022-07-04 20:00:00,삼천포,,0,6,88.05606059434585,34.95,128.07
2022-07-04 20:00:00,여수,,0,6,87.90835307665908,34.74,127.74
2022-07-04 20:00:00,영동,,0,6,87.33044035277341,37.18,128.46
2022-07-04 20:00:00,영흥,,0,6,85.86751548264071,37.26,126.46
2022-07-04 20:00:00,예천,,0,6,87.57041807885498,36.65,128.46
2022-07-04 20:00:00,창원,,0,6,88.31056925177168,35.21,128.58
2022-07-04 20:00:00,탑선,,0,6,87.00374286581217,35.24,126.81
2022-07-04 21:00:00,경상대,,0,6,98.45292517999796,35.18,128.1
2022-07-04 21:00:00,고흥만수상,,0,6,98.27304406110228,34.57,127.3
2022-07-04 21:00:00,광양항세방,,0,6,98.33932437384631,34.93,127.71
2022-07-04 21:00:00,구미,,0,6,98.05319130149735,36.13,128.34
2022-07-04 21:00:00,삼천포,,0,6,98.56749319500568,34.95,128.07
2022-07-04 21:00:00,여수,,0,6,98.4697639122721,34.74,127.74
2022-07-04 21:00:00,영동,,0,6,97.51115472667664,37.18,128.46
2022-07-04 21:00:00,영흥,,0,6,96.1698356697654,37.26,126.46
2022-07-04 21:00:00,예천,,0,6,97.82449014800727,36.65,128.46
2022-07-04 21:00:00,창원,,0,6,98.75278435862157,35.21,128.58
2022-07-04 21:00:00,탑선,,0,6,97.55900347989531,35.24,126.81
2022-07-04 22:00:00,경상대,,0,6,107.70348831571482,35.18,128.1
2022-07-04 22:00:00,고흥만수상,,0,6,107.68611028697403,34.57,127.3
2022-07-04 22:00:00,광양항세방,,0,6,107.66281383020633,34.93,127.71
2022-07-04 22:00:00,구미,,0,6,107.14791718873241,36.13,128.34
2022-07-04 22:00:00,삼천포,,0,6,107.85286257424744,34.95,128.07
2022-07-04 22:00:00,여수,,0,6,107.8165788022196,34.74,127.74
2022-07-04 22:00:00,영동,,0,6,106.44702376085147,37.18,128.46
2022-07-04 22:00:00,영흥,,0,6,105.28874577545166,37.26,126.46
2022-07-04 22:00:00,예천,,0,6,106.8346417437916,36.65,128.46
2022-07-04 22:00:00,창원,,0,6,107.95150370074285,35.21,128.58
2022-07-04 22:00:00,탑선,,0,6,106.92658003093213,35.24,126.81
2022-07-04 23:00:00,경상대,,0,6,115.16555368632238,35.18,128.1
2022-07-04 23:00:00,고흥만수상,,0,6,115.34160768190304,34.57,127.3
2022-07-04 23:00:00,광양항세방,,0,6,115.2129997257729,34.93,127.71
2022-07-04 23:00:00,구미,,0,6,114.45072272734845,36.13,128.34
2022-07-04 23:00:00,삼천포,,0,6,115.34961588631003,34.95,128.07
2022-07-04 23:00:00,여수,,0,6,115.38778147118119,34.74,127.74
2022-07-04 23:00:00,영동,,0,6,113.59510558158159,37.18,128.46
2022-07-04 23:00:00,영흥,,0,6,112.70082315921583,37.26,126.46
2022-07-04 23:00:00,예천,,0,6,114.05219697371344,36.65,128.46
2022-07-04 23:00:00,창원,,0,6,115.34134513578189,35.21,128.58
2022-07-04 23:00:00,탑선,,0,6,114.5605229291692,35.24,126.81
2022-07-05 00:00:00,경상대,,0,6,120.14412759015934,35.18,128.1
2022-07-05 00:00:00,고흥만수상,,0,6,120.53507750102025,34.57,127.3
2022-07-05 00:00:00,광양항세방,,0,6,120.29122775088847,34.93,127.71
2022-07-05 00:00:00,구미,,0,6,119.28762069156771,36.13,128.34
2022-07-05 00:00:00,삼천포,,0,6,120.35751403235483,34.95,128.07
2022-07-05 00:00:00,여수,,0,6,120.48011234926459,34.74,127.74
2022-07-05 00:00:00,영동,,0,6,118.30504809365294,37.18,128.46
2022-07-05 00:00:00,영흥,,0,6,117.7656686573965,37.26,126.46
2022-07-05 00:00:00,예천,,0,6,118.81468802385794,36.65,128.46
2022-07-05 00:00:00,창원,,0,6,120.22556176141833,35.21,128.58
2022-07-05 00:00:00,탑선,,0,6,119.77466209389505,35.24,126.81
2022-07-05 01:00:00,경상대,,0,5,121.98347054163438,35.18,128.1
2022-07-05 01:00:00,고흥만수상,,0,5,122.58180268795384,34.57,127.3
2022-07-05 01:00:00,광양항세방,,0,5,122.22907902197764,34.93,127.71
2022-07-05 01:00:00,구미,,0,5,121.03500921631505,36.13,128.34
2022-07-05 01:00:00,삼천포,,0,5,122.21320189239148,34.95,128.07
2022-07-05 01:00:00,여수,,0,5,122.41946844943031,34.74,127.74
2022-07-05 01:00:00,영동,,0,5,119.98544468363929,37.18,128.46
2022-07-05 01:00:00,영흥,,0,5,119.87106549166138,37.26,126.46
2022-07-05 01:00:00,예천,,0,5,120.51543103926406,36.65,128.46
2022-07-05 01:00:00,창원,,0,5,121.95558695911642,35.21,128.58
2022-07-05 01:00:00,탑선,,0,5,121.9001314837281,35.24,126.81
2022-07-05 02:00:00,경상대,,0,6,120.38810756878718,35.18,128.1
2022-07-05 02:00:00,고흥만수상,,0,6,121.1481475260708,34.57,127.3
2022-07-05 02:00:00,광양항세방,,0,6,120.7135007431679,34.93,127.71
2022-07-05 02:00:00,구미,,0,6,119.42061008236763,36.13,128.34
2022-07-05 02:00:00,삼천포,,0,6,120.61630620420348,34.95,128.07
2022-07-05 02:00:00,여수,,0,6,120.8904562909322,34.74,127.74
2022-07-05 02:00:00,영동,,0,6,118.38333096378061,37.18,128.46
2022-07-05 02:00:00,영흥,,0,6,118.70540151042698,37.26,126.46
2022-07-05 02:00:00,예천,,0,6,118.893808504022,36.65,128.46
2022-07-05 02:00:00,창원,,0,6,120.25286530378357,35.21,128.58
2022-07-05 02:00:00,탑선,,0,6,120.59954443995028,35.24,126.81
2022-07-05 03:00:00,경상대,,0,6,115.61612084494642,35.18,128.1
2022-07-05 03:00:00,고흥만수상,,0,6,116.47205931597384,34.57,127.3
2022-07-05 03:00:00,광양항세방,,0,6,115.99235771312489,34.93,127.71
2022-07-05 03:00:00,구미,,0,6,114.69691410241597,36.13,128.34
2022-07-05 03:00:00,삼천포,,0,6,115.82724429197691,34.95,128.07
2022-07-05 03:00:00,여수,,0,6,116.14472904171083,34.74,127.74
2022-07-05 03:00:00,영동,,0,6,113.74039966299425,37.18,128.46
2022-07-05 03:00:00,영흥,,0,6,114.44589937577308,37.26,126.46
2022-07-05 03:00:00,예천,,0,6,114.19884687223379,36.65,128.46
2022-07-05 03:00:00,창원,,0,6,115.39172216793594,35.21,128.58
2022-07-05 03:00:00,탑선,,0,6,116.08438946774379,35.24,126.81
2022-07-05 04:00:00,경상대,,0,6,108.30868739171964,35.18,128.1
2022-07-05 04:00:00,고흥만수상,,0,6,109.20194839165741,34.57,127.3
2022-07-05 04:00:00,광양항세방,,0,6,108.70894783647323,34.93,127.71
2022-07-05 04:00:00,구미,,0,6,107.4795029055562,36.13,128.34
2022-07-05 04:00:00,삼천포,,0,6,108.49396765352867,34.95,128.07
2022-07-05 04:00:00,여수,,0,6,108.83203685012909,34.74,127.74
2022-07-05 04:00:00,영동,,0,6,106.64329798047663,37.18,128.46
2022-07-05 04:00:00,영흥,,0,6,107.64755054690872,37.26,126.46
2022-07-05 04:00:00,예천,,0,6,107.03243586293524,36.65,128.46
2022-07-05 04:00:00,창원,,0,6,108.01907866566401,35.21,128.58
2022-07-05 04:00:00,탑선,,0,6,108.97424866152832,35.24,126.81
2022-07-05 05:00:00,경상대,,0,6,99.16614088536996,35.18,128.1
2022-07-05 05:00:00,고흥만수상,,0,6,100.05688408161161,34.57,127.3
2022-07-05 05:00:00,광양항세방,,0,6,99.57149302333279,34.93,127.71
2022-07-05 05:00:00,구미,,0,6,98.44487494977813,36.13,128.34
2022-07-05 05:00:00,삼천포,,0,6,99.32257860007408,34.95,128.07
2022-07-05 05:00:00,여수,,0,6,99.66520499890022,34.74,127.74
2022-07-05 05:00:00,영동,,0,6,97.74361506858347,37.18,128.46
2022-07-05 05:00:00,영흥,,0,6,98.96474395778428,37.26,126.46
2022-07-05 05:00:00,예천,,0,6,98.05842229953888,36.65,128.46
2022-07-05 05:00:00,창원,,0,6,98.83230400704761,35.21,128.58
2022-07-05 05:00:00,탑선,,0,6,99.97299997607718,35.24,126.81
2022-07-05 06:00:00,경상대,,0,6,88.76073872699303,35.18,128.1
2022-07-05 06:00:00,고흥만수상,,0,6,89.62486474713103,34.57,127.3
2022-07-05 06:00:00,광양항세방,,0,6,89.15929825358559,34.93,127.71
2022-07-05 06:00:00,구미,,0,6,88.15223152164418,36.13,128.34
2022-07-05 06:00:00,삼천포,,0,6,88.88822377722995,34.95,128.07
2022-07-05 06:00:00,여수,,0,6,89.2253756370861,34.74,127.74
2022-07-05 06:00:00,영동,,0,6,87.58774868441174,37.18,128.46
2022-07-05 06:00:00,영흥,,0,6,88.96111346891209,37.26,126.46
2022-07-05 06:00:00,예천,,0,6,87.82907244502674,36.65,128.46
2022-07-05 06:00:00,창원,,0,6,88.3981621369869,35.21,128.58
2022-07-05 06:00:00,탑선,,0,6,89.66595274469253,35.24,126.81
2022-07-05 07:00:00,경상대,171.17499999999998,4,6,77.50746444904838,35.18,128.1
2022-07-05 07:00:00,고흥만수상,138.23333333333335,3,6,78.32987211971881,34.57,127.3
2022-07-05 07:00:00,광양항세방,142.075,4,6,77.89158134320266,34.93,127.71
2022-07-05 07:00:00,구미,193.29999999999998,4,6,77.01252920333016,36.13,128.34
2022-07-05 07:00:00,삼천포,176.625,4,6,77.606590946387,34.95,128.07
2022-07-05 07:00:00,여수,117.92500000000001,4,6,77.93183766434288,34.74,127.74
2022-07-05 07:00:00,영동,207.125,4,6,76.58346494832162,37.18,128.46
2022-07-05 07:00:00,영흥,128.025,4,6,78.06161418186679,37.26,126.46
2022-07-05 07:00:00,예천,176.14999999999998,4,6,76.75324425895082,36.65,128.46
2022-07-05 07:00:00,창원,154.2,4,6,77.12702458635994,35.21,128.58
2022-07-05 07:00:00,탑선,79.46666666666667,3,6,78.4804179248858,35.24,126.81
2022-07-05 08:00:00,경상대,327.01666666666665,6,6,65.70146274455952,35.18,128.1
2022-07-05 08:00:00,고흥만수상,310.5833333333333,6,6,66.47022529055275,34.57,127.3
2022-07-05 08:00:00,광양항세방,311.20000000000005,6,6,66.06514445694843,34.93,127.71
2022-07-05 08:00:00,구미,353.23333333333335,6,6,65.3226870333481,36.13,128.34
2022-07-05 08:00:00,삼천포,238.23333333333335,6,6,65.77222690419887,34.95,128.07
2022-07-05 08:00:00,여수,317.46666666666664,6,6,66.08056153201974,34.74,127.74
2022-07-05 08:00:00,영동,285.7,6,6,65.03056041956168,37.18,128.46
2022-07-05 08:00:00,영흥,179.66666666666666,6,6,66.57805485464169,37.26,126.46
2022-07-05 08:00:00,예천,196.9333333333333,6,6,65.12892834262071,36.65,128.46
2022-07-05 08:00:00,창원,301.61666666666673,6,6,65.31112574711094,35.21,128.58
2022-07-05 08:00:00,탑선,311.7666666666667,6,6,66.72008939921477,35.24,126.81
2022-07-05 09:00:00,경상대,408.3,6,6,53.56840660210186,35.18,128.1
2022-07-05 09:00:00,고흥만수상,507.40000000000003,6,6,54.26956862652892,34.57,127.3
2022-07-05 09:00:00,광양항세방,523.1999999999999,6,6,53.90495544714414,34.93,127.71
2022-07-05 09:00:00,구미,330.1666666666667,6,6,53.31499937529108,36.13,128.34
2022-07-05 09:00:00,삼천포,484.29999999999995,6,6,53.60916680201476,34.95,128.07
2022-07-05 09:00:00,여수,541.7333333333333,6,6,53.89502669665018,34.74,127.74
2022-07-05 09:00:00,영동,264.2,6,6,53.16931320337355,37.18,128.46
2022-07-05 09:00:00,영흥,299.5833333333333,6,6,54.756086955192096,37.26,126.46
2022-07-05 09:00:00,예천,358.88333333333327,6,6,53.19220180037881,36.65,128.46
2022-07-05 09:00:00,창원,443.18333333333334,6,6,53.175016059221385,35.21,128.58
2022-07-05 09:00:00,탑선,450.4833333333333,6,6,54.61498535518282,35.24,126.81
2022-07-05 10:00:00,경상대,696.2666666666668,6,6,41.32315093182635,35.18,128.1
2022-07-05 10:00:00,고흥만수상,556.5500000000001,6,6,41.93307023890828,34.57,127.3
2022-07-05 10:00:00,광양항세방,573.0333333333333,6,6,41.62166818454447,34.93,127.71
2022-07-05 10:00:00,구미,517.7,6,6,41.218695536199945,36.13,128.34
2022-07-05 10:00:00,삼천포,762.0833333333334,6,6,41.32894581517326,34.95,128.07
2022-07-05 10:00:00,여수,579.9666666666667,6,6,41.58330246448259,34.74,127.74
2022-07-05 10:00:00,영동,435.05,6,6,41.24511710565438,37.18,128.46
2022-07-05 10:00:00,영흥,610.1166666666667,6,6,42.83632730003947,37.26,126.46
2022-07-05 10:00:00,예천,505.5833333333333,6,6,41.18041989574987,36.65,128.46
2022-07-05 10:00:00,창원,551.4333333333333,6,6,40.934962788231395,35.21,128.58
2022-07-05 10:00:00,탑선,659.35,6,6,42.37865489365177,35.24,126.81
2022-07-05 11:00:00,경상대,826.35,6,6,29.286542946579395,35.18,128.1
2022-07-05 11:00:00,고흥만수상,677.5166666666667,6,6,29.751836926636926,34.57,127.3
2022-07-05 11:00:00,광양항세방,720.6833333333334,6,6,29.522721899733,34.93,127.71
2022-07-05 11:00:00,구미,536.5,6,6,29.388734933576927,36.13,128.34
2022-07-05 11:00:00,삼천포,871.6166666666667,6,6,29.24472829840387,34.95,128.07
2022-07-05 11:00:00,여수,510.25,6,6,29.447403075257917,34.74,127.74
2022-07-05 11:00:00,영동,612.5500000000001,6,6,29.648785995168495,37.18,128.46
2022-07-05 11:00:00,영흥,714.2500000000001,6,6,31.17716329266421,37.26,126.46
2022-07-05 11:00:00,예천,563.3833333333333,6,6,29.467385336806416,36.65,128.46
2022-07-05 11:00:00,창원,836.0333333333334,6,6,28.9201532296927,35.21,128.58
2022-07-05 11:00:00,탑선,788.3833333333333,6,6,30.315693901519808,35.24,126.81
2022-07-05 12:00:00,경상대,837.1999999999999,6,6,18.3483026039427,35.18,128.1
2022-07-05 12:00:00,고흥만수상,704.5999999999999,6,6,18.509406629815416,34.57,127.3
2022-07-05 12:00:00,광양항세방,842.1166666666667,6,6,18.448788956043856,34.93,127.71
2022-07-05 12:00:00,구미,733.9833333333332,6,6,18.804271894540094,36.13,128.34
2022-07-05 12:00:00,삼천포,937.6333333333333,6,6,18.226089578543238,34.95,128.07
2022-07-05 12:00:00,여수,894.75,6,6,18.315518264948693,34.74,127.74
2022-07-05 12:00:00,영동,675.55,6,6,19.438883708415872,37.18,128.46
2022-07-05 12:00:00,영흥,790.8833333333332,6,6,20.684897955900922,37.26,126.46
2022-07-05 12:00:00,예천,624.25,6,6,19.077897432184855,36.65,128.46
2022-07-05 12:00:00,창원,691.9499999999999,6,6,18.06157231139845,35.21,128.58
2022-07-05 12:00:00,탑선,779.2666666666668,6,6,19.225712186861358,35.24,126.81
2022-07-05 13:00:00,경상대,770.9000000000001,6,6,12.399119631953326,35.18,128.1
2022-07-05 13:00:00,고흥만수상,810.1,6,6,11.83863006570185,34.57,127.3
2022-07-05 13:00:00,광양항세방,870.8666666666667,6,6,12.167434754091943,34.93,127.71
2022-07-05 13:00:00,구미,784.6166666666668,6,6,13.34265530511901,36.13,128.34
2022-07-05 13:00:00,삼천포,943.0333333333333,6,6,12.17036043790307,34.95,128.07
2022-07-05 13:00:00,여수,915.5666666666666,6,6,11.976159392505025,34.74,127.74
2022-07-05 13:00:00,영동,891.5666666666667,6,6,14.390950301705416,37.18,128.46
2022-07-05 13:00:00,영흥,842.2833333333333,6,6,14.592048538034632,37.26,126.46
2022-07-05 13:00:00,예천,602.5666666666667,6,6,13.860968851896345,36.65,128.46
2022-07-05 13:00:00,창원,751.4333333333334,6,6,12.420108830373877,35.21,128.58
2022-07-05 13:00:00,탑선,563.35,6,6,12.552346824501555,35.24,126.81
2022-07-05 14:00:00,경상대,567.75,6,6,17.664575473791942,35.18,128.1
2022-07-05 14:00:00,고흥만수상,845.4499999999998,6,6,16.769091107293377,34.57,127.3
2022-07-05 14:00:00,광양항세방,820.8000000000001,6,6,17.259540910294405,34.93,127.71
2022-07-05 14:00:00,구미,627.6166666666667,6,6,18.440352322297954,36.13,128.34
2022-07-05 14:00:00,삼천포,975.6,6,6,17.496676755405474,34.95,128.07
2022-07-05 14:00:00,여수,933.4833333333335,6,6,17.154288539136587,34.74,127.74
2022-07-05 14:00:00,영동,843.2833333333333,6,6,19.230939991614164,37.18,128.46
2022-07-05 14:00:00,영흥,843.85,6,6,18.196432489246433,37.26,126.46
2022-07-05 14:00:00,예천,532.9499999999999,6,6,18.86438414455472,36.65,128.46
2022-07-05 14:00:00,창원,898.8333333333334,6,6,17.983598383402978,35.21,128.58
2022-07-05 14:00:00,탑선,482.3,6,6,16.924779515547257,35.24,126.81
2022-07-05 15:00:00,경상대,468.71666666666664,6,6,28.44198995078544,35.18,128.1
2022-07-05 15:00:00,고흥만수상,835.2833333333333,6,6,27.63103636039355,34.57,127.3
2022-07-05 15:00:00,광양항세방,750.4166666666666,6,6,28.061481640227314,34.93,127.71
2022-07-05 15:00:00,구미,781.0666666666666,6,6,28.929237108414952,36.13,128.34
2022-07-05 15:00:00,삼천포,803.6666666666669,6,6,28.34877174592284,34.95,128.07
2022-07-05 15:00:00,여수,870.7833333333333,6,6,28.027382615798658,34.74,127.74
2022-07-05 15:00:00,영동,801.0333333333333,6,6,29.38006376946096,37.18,128.46
2022-07-05 15:00:00,영흥,793.9166666666666,6,6,27.934522449802436,37.26,126.46
2022-07-05 15:00:00,예천,501.8499999999999,6,6,29.19490975607922,36.65,128.46
2022-07-05 15:00:00,창원,706.2833333333334,6,6,28.824908822905634,35.21,128.58
2022-07-05 15:00:00,탑선,373.65000000000003,6,6,27.462142370819997,35.24,126.81
2022-07-05 16:00:00,경상대,416.40000000000003,6,6,40.4445826032187,35.18,128.1
2022-07-05 16:00:00,고흥만수상,748.85,6,6,39.73317902815401,34.57,127.3
2022-07-05 16:00:00,광양항세방,623.6500000000001,6,6,40.102687399160494,34.93,127.71
2022-07-05 16:00:00,구미,636.0833333333334,6,6,40.73821379055715,36.13,128.34
2022-07-05 16:00:00,삼천포,648.9333333333334,6,6,40.398378383285014,34.95,128.07
2022-07-05 16:00:00,여수,772.6166666666667,6,6,40.109331626870066,34.74,127.74
2022-07-05 16:00:00,영동,575.9333333333334,6,6,40.96268148105025,37.18,128.46
2022-07-05 16:00:00,영흥,693.25,6,6,39.39878694336438,37.26,126.46
2022-07-05 16:00:00,예천,366.59999999999997,6,6,40.89525733125588,36.65,128.46
2022-07-05 16:00:00,창원,479.4666666666667,6,6,40.83792959105963,35.21,128.58
2022-07-05 16:00:00,탑선,509.48333333333335,6,6,39.40269023073193,35.24,126.81
2022-07-05 17:00:00,경상대,355.7833333333333,6,6,52.691580638398534,35.18,128.1
2022-07-05 17:00:00,고흥만수상,547.3666666666667,6,6,52.07213316216325,34.57,127.3
2022-07-05 17:00:00,광양항세방,493.3833333333334,6,6,52.38738786382333,34.93,127.71
2022-07-05 17:00:00,구미,210.79999999999998,6,6,52.83583251860871,36.13,128.34
2022-07-05 17:00:00,삼천포,506.7666666666667,6,6,52.68079290318336,34.95,128.07
2022-07-05 17:00:00,여수,594.0333333333333,6,6,52.42325041728672,34.74,127.74
2022-07-05 17:00:00,영동,495.6166666666666,6,6,52.88824996617791,37.18,128.46
2022-07-05 17:00:00,영흥,559.9333333333333,6,6,51.29411768371759,37.26,126.46
2022-07-05 17:00:00,예천,535.3333333333334,6,6,52.90884221388642,36.65,128.46
2022-07-05 17:00:00,창원,276.2,6,6,53.081318885805054,35.21,128.58
2022-07-05 17:00:00,탑선,485.06666666666666,6,6,51.63588100117321,35.24,126.81
2022-07-05 18:00:00,경상대,247.01666666666665,6,6,64.8451106506109,35.18,128.1
2022-07-05 18:00:00,고흥만수상,284.96666666666664,6,6,64.31746401251417,34.57,127.3
2022-07-05 18:00:00,광양항세방,241.8666666666667,6,6,64.57961293117751,34.93,127.71
2022-07-05 18:00:00,구미,153.06666666666666,6,6,64.85665516374623,36.13,128.34
2022-07-05 18:00:00,삼천포,277.0,6,6,64.86538176655208,34.95,128.07
2022-07-05 18:00:00,여수,304.71666666666664,6,6,64.64019335423842,34.74,127.74
2022-07-05 18:00:00,영동,198.38333333333333,6,6,64.75905529231513,37.18,128.46
2022-07-05 18:00:00,영흥,327.26666666666665,6,6,63.17597398373081,37.26,126.46
2022-07-05 18:00:00,예천,419.63333333333327,6,6,64.85528705057186,36.65,128.46
2022-07-05 18:00:00,창원,212.0,6,6,65.22409230095997,35.21,128.58
2022-07-05 18:00:00,탑선,377.15000000000003,6,6,63.798386342791844,35.24,126.81
2022-07-05 19:00:00,경상대,136.04000000000002,5,6,76.68821452979725,35.18,128.1
2022-07-05 19:00:00,고흥만수상,117.94000000000001,5,6,76.2595184103699,34.57,127.3
2022-07-05 19:00:00,광양항세방,134.72,5,6,76.46522296222768,34.93,127.71
2022-07-05 19:00:00,구미,65.66,5,6,76.56999355033139,36.13,128.34
2022-07-05 19:00:00,삼천포,156.35999999999999,5,6,76.73855718884846,34.95,128.07
2022-07-05 19:00:00,여수,102.64000000000001,5,6,76.54896099655421,34.74,127.74
2022-07-05 19:00:00,영동,136.52,5,6,76.32865551877056,37.18,128.46
2022-07-05 19:00:00,영흥,213.80000000000004,6,6,74.78802377670125,37.26,126.46
2022-07-05 19:00:00,예천,238.02000000000004,5,6,76.49632474635733,36.65,128.46
2022-07-05 19:00:00,창원,205.61999999999998,5,6,77.04996656153723,35.21,128.58
2022-07-05 19:00:00,탑선,147.29999999999998,6,6,75.66872766808092,35.24,126.81
2022-07-05 20:00:00,경상대,,0,6,87.99851579007472,35.18,128.1
2022-07-05 20:00:00,고흥만수상,,0,6,87.68284297737488,34.57,127.3
2022-07-05 20:00:00,광양항세방,,0,6,87.824831691844,34.93,127.71
2022-07-05 20:00:00,구미,,0,6,87.74533861941751,36.13,128.34
2022-07-05 20:00:00,삼천포,,0,6,88.07982973139852,34.95,128.07
2022-07-05 20:00:00,여수,,0,6,87.931594267824,34.74,127.74
2022-07-05 20:00:00,영동,,0,6,87.35783297070037,37.18,128.46
2022-07-05 20:00:00,영흥,,0,6,85.89383481675738,37.26,126.46
2022-07-05 20:00:00,예천,,0,6,87.59701042954646,36.65,128.46
2022-07-05 20:00:00,창원,,0,6,88.3350553859217,35.21,128.58
2022-07-05 20:00:00,탑선,,0,6,87.02717394549524,35.24,126.81
2022-07-05 21:00:00,경상대,,0,6,98.48795179483685,35.18,128.1
2022-07-05 21:00:00,고흥만수상,,0,6,98.30660296229567,34.57,127.3
2022-07-05 21:00:00,광양항세방,,0,6,98.3737011326868,34.93,127.71
2022-07-05 21:00:00,구미,,0,6,98.0896872906335,36.13,128.34
2022-07-05 21:00:00,삼천포,,0,6,98.60218419964184,34.95,128.07
2022-07-05 21:00:00,여수,,0,6,98.50390574757296,34.74,127.74
2022-07-05 21:00:00,영동,,0,6,97.5491439798623,37.18,128.46
2022-07-05 21:00:00,영흥,,0,6,96.2064068812248,37.26,126.46
2022-07-05 21:00:00,예천,,0,6,97.86177492509981,36.65,128.46
2022-07-05 21:00:00,창원,,0,6,98.78823512815595,35.21,128.58
2022-07-05 21:00:00,탑선,,0,6,97.5930939763834,35.24,126.81
2022-07-05 22:00:00,경상대,,0,6,107.75196209165738,35.18,128.1
2022-07-05 22:00:00,고흥만수상,,0,6,107.733122468855,34.57,127.3
2022-07-05 22:00:00,광양항세방,,0,6,107.71063105621022,34.93,127.71
2022-07-05 22:00:00,구미,,0,6,107.19767580011681,36.13,128.34
2022-07-05 22:00:00,삼천포,,0,6,107.90104889308465,34.95,128.07
2022-07-05 22:00:00,여수,,0,6,107.86420927778626,34.74,127.74
2022-07-05 22:00:00,영동,,0,6,106.49804117034533,37.18,128.46
2022-07-05 22:00:00,영흥,,0,6,105.33802012897773,37.26,126.46
2022-07-05 22:00:00,예천,,0,6,106.88508322639942,36.65,128.46
2022-07-05 22:00:00,창원,,0,6,108.00047276793515,35.21,128.58
2022-07-05 22:00:00,탑선,,0,6,106.9738921788142,35.24,126.81
2022-07-05 23:00:00,경상대,,0,6,115.22956332346251,35.18,128.1
2022-07-05 23:00:00,고흥만수상,,0,6,115.40427717491791,34.57,127.3
2022-07-05 23:00:00,광양항세방,,0,6,115.276397702002,34.93,127.71
2022-07-05 23:00:00,구미,,0,6,114.51571724292029,36.13,128.34
2022-07-05 23:00:00,삼천포,,0,6,115.41341287312586,34.95,128.07
2022-07-05 23:00:00,여수,,0,6,115.45105951419959,34.74,127.74
2022-07-05 23:00:00,영동,,0,6,113.66101115412567,37.18,128.46
2022-07-05 23:00:00,영흥,,0,6,112.76478190676589,37.26,126.46
2022-07-05 23:00:00,예천,,0,6,114.11770754919384,36.65,128.46
2022-07-05 23:00:00,창원,,0,6,115.40588618311615,35.21,128.58
2022-07-05 23:00:00,탑선,,0,6,114.623218236321,35.24,126.81
2022-07-06 00:00:00,경상대,,0,6,120.2240455723501,35.18,128.1
2022-07-06 00:00:00,고흥만수상,,0,6,120.61396395323943,34.57,127.3
2022-07-06 00:00:00,광양항세방,,0,6,120.37066553495558,34.93,127.71
2022-07-06 00:00:00,구미,,0,6,119.36810822812137,36.13,128.34
2022-07-06 00:00:00,삼천포,,0,6,120.43731881129155,34.95,128.07
2022-07-06 00:00:00,여수,,0,6,120.55950896188654,34.74,127.74
2022-07-06 00:00:00,영동,,0,6,118.38600530022745,37.18,128.46
2022-07-06 00:00:00,영흥,,0,6,117.84477360585117,37.26,126.46
2022-07-06 00:00:00,예천,,0,6,118.89546746531722,36.65,128.46
2022-07-06 00:00:00,창원,,0,6,120.30596370455136,35.21,128.58
2022-07-06 00:00:00,탑선,,0,6,119.85331755611104,35.24,126.81
2022-07-06 01:00:00,경상대,,0,5,122.07653718421273,35.18,128.1
2022-07-06 01:00:00,고흥만수상,,0,5,122.67429432450409,34.57,127.3
2022-07-06 01:00:00,광양항세방,,0,5,122.32187026614717,34.93,127.71
2022-07-06 01:00:00,구미,,0,5,121.12824563337608,36.13,128.34
2022-07-06 01:00:00,삼천포,,0,5,122.30624563792624,34.95,128.07
2022-07-06 01:00:00,여수,,0,5,122.51227801559696,34.74,127.74
2022-07-06 01:00:00,영동,,0,5,120.07876435757669,37.18,128.46
2022-07-06 01:00:00,영흥,,0,5,119.96303955488078,37.26,126.46
2022-07-06 01:00:00,예천,,0,5,120.60874917605425,36.65,128.46
2022-07-06 01:00:00,창원,,0,5,122.04898240075573,35.21,128.58
2022-07-06 01:00:00,탑선,,0,5,121.99228676084144,35.24,126.81
2022-07-06 02:00:00,경상대,,0,6,120.48866592721777,35.18,128.1
2022-07-06 02:00:00,고흥만수상,,0,6,121.24853856471276,34.57,127.3
2022-07-06 02:00:00,광양항세방,,0,6,120.81397515707262,34.93,127.71
2022-07-06 02:00:00,구미,,0,6,119.5211458523774,36.13,128.34
2022-07-06 02:00:00,삼천포,,0,6,120.71687740635646,34.95,128.07
2022-07-06 02:00:00,여수,,0,6,120.99095646960659,34.74,127.74
2022-07-06 02:00:00,영동,,0,6,118.4838020457031,37.18,128.46
2022-07-06 02:00:00,영흥,,0,6,118.80528500690761,37.26,126.46
2022-07-06 02:00:00,예천,,0,6,118.99432835890399,36.65,128.46
2022-07-06 02:00:00,창원,,0,6,120.35354683436002,35.21,128.58
2022-07-06 02:00:00,탑선,,0,6,120.6997274044695,35.24,126.81
2022-07-06 03:00:00,경상대,,0,6,115.71813691699359,35.18,128.1
2022-07-06 03:00:00,고흥만수상,,0,6,116.57410487104872,34.57,127.3
2022-07-06 03:00:00,광양항세방,,0,6,116.09439091742406,34.93,127.71
2022-07-06 03:00:00,구미,,0,6,114.79896421239008,36.13,128.34
2022-07-06 03:00:00,삼천포,,0,6,115.92924918762228,34.95,128.07
2022-07-06 03:00:00,여수,,0,6,116.24674910256283,34.74,127.74
2022-07-06 03:00:00,영동,,0,6,113.84249196278589,37.18,128.46
2022-07-06 03:00:00,영흥,,0,6,114.54807720563983,37.26,126.46
2022-07-06 03:00:00,예천,,0,6,114.30091482516315,36.65,128.46
2022-07-06 03:00:00,창원,,0,6,115.49369875183736,35.21,128.58
2022-07-06 03:00:00,탑선,,0,6,116.18649847447648,35.24,126.81
2022-07-06 04:00:00,경상대,,0,6,108.40803992079874,35.18,128.1
2022-07-06 04:00:00,고흥만수상,,0,6,109.30133283971489,34.57,127.3
2022-07-06 04:00:00,광양항세방,,0,6,108.80832996336407,34.93,127.71
2022-07-06 04:00:00,구미,,0,6,107.57908103974864,36.13,128.34
2022-07-06 04:00:00,삼천포,,0,6,108.59325640617132,34.95,128.07
2022-07-06 04:00:00,여수,,0,6,108.93135152057478,34.74,127.74
2022-07-06 04:00:00,영동,,0,6,106.74315060496104,37.18,128.46
2022-07-06 04:00:00,영흥,,0,6,107.74789352297839,37.26,126.46
2022-07-06 04:00:00,예천,,0,6,107.13213659980963,36.65,128.46
2022-07-06 04:00:00,창원,,0,6,108.11830827727596,35.21,128.58
2022-07-06 04:00:00,탑선,,0,6,109.07396560066795,35.24,126.81
2022-07-06 05:00:00,경상대,,0,6,99.26094672146544,35.18,128.1
2022-07-06 05:00:00,고흥만수상,,0,6,100.15162188205638,34.57,127.3
2022-07-06 05:00:00,광양항세방,,0,6,99.66629141797276,34.93,127.71
2022-07-06 05:00:00,구미,,0,6,98.54012562316787,36.13,128.34
2022-07-06 05:00:00,삼천포,,0,6,99.41726532499518,34.95,128.07
2022-07-06 05:00:00,여수,,0,6,99.75988641882006,34.74,127.74
2022-07-06 05:00:00,영동,,0,6,97.839388196905,37.18,128.46
2022-07-06 05:00:00,영흥,,0,6,99.06116966518545,37.26,126.46
2022-07-06 05:00:00,예천,,0,6,98.15391496165454,36.65,128.46
2022-07-06 05:00:00,창원,,0,6,98.92696449824385,35.21,128.58
2022-07-06 05:00:00,탑선,,0,6,100.0682731246035,35.24,126.81
2022-07-06 06:00:00,경상대,,0,6,88.8506246563732,35.18,128.1
2022-07-06 06:00:00,고흥만수상,,0,6,89.71454248095733,34.57,127.3
2022-07-06 06:00:00,광양항세방,,0,6,89.24911868592439,34.93,127.71
2022-07-06 06:00:00,구미,,0,6,88.24276994145315,36.13,128.34
2022-07-06 06:00:00,삼천포,,0,6,88.977940464338,34.95,128.07
2022-07-06 06:00:00,여수,,0,6,89.3150380809197,34.74,127.74
2022-07-06 06:00:00,영동,,0,6,87.67903653342277,37.18,128.46
2022-07-06 06:00:00,영흥,,0,6,89.05306315134364,37.26,126.46
2022-07-06 06:00:00,예천,,0,6,87.91996593373148,36.65,128.46
2022-07-06 06:00:00,창원,,0,6,88.48791449270244,35.21,128.58
2022-07-06 06:00:00,탑선,,0,6,89.75630890535047,35.24,126.81
2022-07-06 07:00:00,경상대,192.9,4,6,77.5928847650273,35.18,128.1
2022-07-06 07:00:00,고흥만수상,143.4,3,6,78.41492355557679,34.57,127.3
2022-07-06 07:00:00,광양항세방,177.17499999999998,4,6,77.97686715235466,34.93,127.71
2022-07-06 07:00:00,구미,185.57500000000002,4,6,77.09880222293063,36.13,128.34
2022-07-06 07:00:00,삼천포,167.5,4,6,77.69179486316105,34.95,128.07
2022-07-06 07:00:00,여수,171.625,4,6,78.01692920376564,34.74,127.74
2022-07-06 07:00:00,영동,194.72500000000002,4,6,76.67070045947298,37.18,128.46
2022-07-06 07:00:00,영흥,121.55,4,6,78.14943232738494,37.26,126.46
2022-07-06 07:00:00,예천,171.95,4,6,76.83998103928606,36.65,128.46
2022-07-06 07:00:00,창원,127.05000000000001,4,6,77.21234150525133,35.21,128.58
2022-07-06 07:00:00,탑선,236.86666666666667,3,6,78.56625763350499,35.24,126.81
2022-07-06 08:00:00,경상대,344.84999999999997,6,6,65.78336719066186,35.18,128.1
2022-07-06 08:00:00,고흥만수상,293.25,6,6,66.55157218809313,34.57,127.3
2022-07-06 08:00:00,광양항세방,252.9666666666667,6,6,66.14683203129408,34.93,127.71
2022-07-06 08:00:00,구미,266.5166666666667,6,6,65.40565866566443,36.13,128.34
2022-07-06 08:00:00,삼천포,219.38333333333335,6,6,65.8538649027011,34.95,128.07
2022-07-06 08:00:00,여수,274.51666666666665,6,6,66.16201775132264,34.74,127.74
2022-07-06 08:00:00,영동,384.51666666666665,6,6,65.11471663703287,37.18,128.46
2022-07-06 08:00:00,영흥,288.7,6,6,66.66264941840888,37.26,126.46
2022-07-06 08:00:00,예천,152.35,6,6,65.21247915811965,36.65,128.46
2022-07-06 08:00:00,창원,216.26666666666665,6,6,65.39297119432757,35.21,128.58
2022-07-06 08:00:00,탑선,348.0333333333333,6,6,66.80232524793891,35.24,126.81
2022-07-06 09:00:00,경상대,391.9666666666667,6,6,53.64823857441851,35.18,128.1
2022-07-06 09:00:00,고흥만수상,322.90000000000003,6,6,54.348599217280075,34.57,127.3
2022-07-06 09:00:00,광양항세방,386.3,6,6,53.9844630902336,34.93,127.71
2022-07-06 09:00:00,구미,344.4833333333333,6,6,53.39615690841891,36.13,128.34
2022-07-06 09:00:00,삼천포,296.4166666666667,6,6,53.68867199680086,34.95,128.07
2022-07-06 09:00:00,여수,410.36666666666673,6,6,53.97425940046756,34.74,127.74
2022-07-06 09:00:00,영동,566.7499999999999,6,6,53.25191337416736,37.18,128.46
2022-07-06 09:00:00,영흥,438.68333333333334,6,6,54.83889866468105,37.26,126.46
2022-07-06 09:00:00,예천,188.25,6,6,53.274075248440965,36.65,128.46
2022-07-06 09:00:00,창원,404.8500000000001,6,6,53.25485387752089,35.21,128.58
2022-07-06 09:00:00,탑선,502.06666666666666,6,6,54.69501285989667,35.24,126.81
2022-07-06 10:00:00,경상대,491.09999999999997,6,6,41.40321953436356,35.18,128.1
2022-07-06 10:00:00,고흥만수상,553.4000000000001,6,6,42.01198719361537,34.57,127.3
2022-07-06 10:00:00,광양항세방,499.51666666666665,6,6,41.701256641464376,34.93,127.71
2022-07-06 10:00:00,구미,539.3666666666667,6,6,41.300422687491135,36.13,128.34
2022-07-06 10:00:00,삼천포,533.3833333333333,6,6,41.40860934901884,34.95,128.07
2022-07-06 10:00:00,여수,600.9333333333334,6,6,41.66256134492068,34.74,127.74
2022-07-06 10:00:00,영동,424.01666666666665,6,6,41.328597754028955,37.18,128.46
2022-07-06 10:00:00,영흥,578.8166666666666,6,6,42.91963685262657,37.26,126.46
2022-07-06 10:00:00,예천,241.4333333333333,6,6,41.2630332459327,36.65,128.46
2022-07-06 10:00:00,창원,350.26666666666665,6,6,41.01514383212409,35.21,128.58
2022-07-06 10:00:00,탑선,600.1333333333333,6,6,42.458685055722675,35.24,126.81
2022-07-06 11:00:00,경상대,653.0500000000001,6,6,29.3710920946517,35.18,128.1
2022-07-06 11:00:00,고흥만수상,688.3333333333334,6,6,29.834711141698868,34.57,127.3
2022-07-06 11:00:00,광양항세방,495.0833333333333,6,6,29.606555020898796,34.93,127.71
2022-07-06 11:00:00,구미,542.6666666666666,6,6,29.475314448956787,36.13,128.34
2022-07-06 11:00:00,삼천포,659.9,6,6,29.328782845056345,34.95,128.07
2022-07-06 11:00:00,여수,733.6833333333333,6,6,29.530850246356678,34.74,127.74
2022-07-06 11:00:00,영동,623.1833333333333,6,6,29.73739416966754,37.18,128.46
2022-07-06 11:00:00,영흥,731.8499999999999,6,6,31.264902997937106,37.26,126.46
2022-07-06 11:00:00,예천,260.5833333333333,6,6,29.555020479477584,36.65,128.46
2022-07-06 11:00:00,창원,569.8166666666667,6,6,29.005013539751936,35.21,128.58
2022-07-06 11:00:00,탑선,694.85,6,6,30.399737069698418,35.24,126.81
2022-07-06 12:00:00,경상대,605.8666666666667,6,6,18.445186514677104,35.18,128.1
2022-07-06 12:00:00,고흥만수상,798.8333333333334,6,6,18.604303930361652,34.57,127.3
2022-07-06 12:00:00,광양항세방,507.9166666666667,6,6,18.54481400645581,34.93,127.71
2022-07-06 12:00:00,구미,647.6666666666666,6,6,18.90285304502332,36.13,128.34
2022-07-06 12:00:00,삼천포,789.1666666666666,6,6,18.322547705051193,34.95,128.07
2022-07-06 12:00:00,여수,832.4000000000001,6,6,18.411231854074344,34.74,127.74
2022-07-06 12:00:00,영동,765.0333333333334,6,6,19.538886958312702,37.18,128.46
2022-07-06 12:00:00,영흥,720.4666666666667,6,6,20.783278128454995,37.26,126.46
2022-07-06 12:00:00,예천,522.2333333333333,6,6,19.177274614438417,36.65,128.46
2022-07-06 12:00:00,창원,773.7333333333332,6,6,18.159024956634525,35.21,128.58
2022-07-06 12:00:00,탑선,714.1166666666667,6,6,19.321320537439902,35.24,126.81
2022-07-06 13:00:00,경상대,767.0333333333334,6,6,12.497281567685604,35.18,128.1
2022-07-06 13:00:00,고흥만수상,800.0,6,6,11.938705971957603,34.57,127.3
2022-07-06 13:00:00,광양항세방,573.8833333333333,6,6,12.266536967074558,34.93,127.71
2022-07-06 13:00:00,구미,705.35,6,6,13.440169374182375,36.13,128.34
2022-07-06 13:00:00,삼천포,832.9499999999999,6,6,12.26862352307883,34.95,128.07
2022-07-06 13:00:00,여수,920.1166666666667,6,6,12.07523168802868,34.74,127.74
2022-07-06 13:00:00,영동,748.8833333333333,6,6,14.48814639386812,37.18,128.46
2022-07-06 13:00:00,영흥,806.2333333333332,6,6,14.692874903636977,37.26,126.46
2022-07-06 13:00:00,예천,555.8833333333333,6,6,13.958184767870577,36.65,128.46
2022-07-06 13:00:00,창원,772.5500000000001,6,6,12.51708088084176,35.21,128.58
2022-07-06 13:00:00,탑선,825.3000000000001,6,6,12.653174904331223,35.24,126.81
2022-07-06 14:00:00,경상대,803.0,6,6,17.710088160271383,35.18,128.1
2022-07-06 14:00:00,고흥만수상,868.0666666666667,6,6,16.81444031951429,34.57,127.3
2022-07-06 14:00:00,광양항세방,644.3666666666667,6,6,17.305166906718796,34.93,127.71
2022-07-06 14:00:00,구미,674.7666666666667,6,6,18.488918917699436,36.13,128.34
2022-07-06 14:00:00,삼천포,949.65,6,6,17.541323725915106,34.95,128.07
2022-07-06 14:00:00,여수,935.15,6,6,17.199024693620018,34.74,127.74
2022-07-06 14:00:00,영동,797.4833333333332,6,6,19.28295858582284,37.18,128.46
2022-07-06 14:00:00,영흥,873.8833333333333,6,6,18.254342253409675,37.26,126.46
2022-07-06 14:00:00,예천,604.8333333333334,6,6,18.91453731559386,36.65,128.46
2022-07-06 14:00:00,창원,834.6833333333333,6,6,18.02786561114715,35.21,128.58
2022-07-06 14:00:00,탑선,832.35,6,6,16.974424601815343,35.24,126.81
2022-07-06 15:00:00,경상대,796.6833333333334,6,6,28.461092734780742,35.18,128.1
2022-07-06 15:00:00,고흥만수상,769.9833333333332,6,6,27.648682713704602,34.57,127.3
2022-07-06 15:00:00,광양항세방,615.9833333333335,6,6,28.08005357086443,34.93,127.71
2022-07-06 15:00:00,구미,688.9000000000001,6,6,28.951473684010892,36.13,128.34
2022-07-06 15:00:00,삼천포,896.6166666666667,6,6,28.36707285456515,34.95,128.07
2022-07-06 15:00:00,여수,873.9666666666666,6,6,28.045231423028525,34.74,127.74
2022-07-06 15:00:00,영동,571.25,6,6,29.4057861883294,37.18,128.46
2022-07-06 15:00:00,영흥,803.2666666666665,6,6,27.962740540070257,37.26,126.46
2022-07-06 15:00:00,예천,734.75,6,6,29.218826790209732,36.65,128.46
2022-07-06 15:00:00,창원,818.5666666666667,6,6,28.843669543661214,35.21,128.58
2022-07-06 15:00:00,탑선,732.5333333333334,6,6,27.48276054903772,35.24,126.81
2022-07-06 16:00:00,경상대,781.3833333333333,6,6,40.45586319663692,35.18,128.1
2022-07-06 16:00:00,고흥만수상,540.6833333333333,6,6,39.74291693763183,34.57,127.3
2022-07-06 16:00:00,광양항세방,656.6833333333333,6,6,40.11335344900354,34.93,127.71
2022-07-06 16:00:00,구미,629.5,6,6,40.75208273172262,36.13,128.34
2022-07-06 16:00:00,삼천포,802.4833333333335,6,6,40.40902085764102,34.95,128.07
2022-07-06 16:00:00,여수,747.25,6,6,40.119454582386545,34.74,127.74
2022-07-06 16:00:00,영동,593.9833333333333,6,6,40.97941065006093,37.18,128.46
2022-07-06 16:00:00,영흥,719.7333333333332,6,6,39.41639765943837,37.26,126.46
2022-07-06 16:00:00,예천,637.4499999999999,6,6,40.910530624957495,36.65,128.46
2022-07-06 16:00:00,창원,735.8333333333334,6,6,40.84918868849818,35.21,128.58
2022-07-06 16:00:00,탑선,732.1166666666667,6,6,39.4144593811954,35.24,126.81
2022-07-06 17:00:00,경상대,625.0833333333333,6,6,52.70241444662677,35.18,128.1
2022-07-06 17:00:00,고흥만수상,400.0166666666667,6,6,52.0814714203494,34.57,127.3
2022-07-06 17:00:00,광양항세방,563.0166666666667,6,6,52.39760397518058,34.93,127.71
2022-07-06 17:00:00,구미,564.5333333333334,6,6,52.848868329156666,36.13,128.34
2022-07-06 17:00:00,삼천포,642.9333333333334,6,6,52.6910948216708,34.95,128.07
2022-07-06 17:00:00,여수,556.5333333333334,6,6,52.433031303228574,34.74,127.74
2022-07-06 17:00:00,영동,503.7333333333333,6,6,52.90369423716501,37.18,128.46
2022-07-06 17:00:00,영흥,573.0333333333333,6,6,51.30966057129314,37.26,126.46
2022-07-06 17:00:00,예천,410.68333333333334,6,6,52.92307669848115,36.65,128.46
2022-07-06 17:00:00,창원,614.0833333333334,6,6,53.09227472496265,35.21,128.58
2022-07-06 17:00:00,탑선,538.7,6,6,51.64673006172899,35.24,126.81
2022-07-06 18:00:00,경상대,440.90000000000003,6,6,64.85938444386959,35.18,128.1
2022-07-06 18:00:00,고흥만수상,234.25,6,6,64.33027234292086,34.57,127.3
2022-07-06 18:00:00,광양항세방,373.5166666666667,6,6,64.59326759622365,34.93,127.71
2022-07-06 18:00:00,구미,350.4166666666667,6,6,64.87288396078807,36.13,128.34
2022-07-06 18:00:00,삼천포,421.59999999999997,6,6,64.87919024564056,34.95,128.07
2022-07-06 18:00:00,여수,388.7166666666667,6,6,64.65347986812515,34.74,127.74
2022-07-06 18:00:00,영동,305.46666666666664,6,6,64.77739518670201,37.18,128.46
2022-07-06 18:00:00,영흥,416.2,6,6,63.193929519616475,37.26,126.46
2022-07-06 18:00:00,예천,330.34999999999997,6,6,64.87257972031867,36.65,128.46
2022-07-06 18:00:00,창원,389.06666666666666,6,6,65.23857804819954,35.21,128.58
2022-07-06 18:00:00,탑선,458.4833333333333,6,6,63.812383631627824,35.24,126.81
2022-07-06 19:00:00,경상대,264.9,5,6,76.708707609697,35.18,128.1
2022-07-06 19:00:00,고흥만수상,180.52,5,6,76.2785427473654,34.57,127.3
2022-07-06 19:00:00,광양항세방,238.8,5,6,76.48508466512348,34.93,127.71
2022-07-06 19:00:00,구미,237.16,5,6,76.59227784862216,36.13,128.34
2022-07-06 19:00:00,삼천포,230.38000000000002,5,6,76.75862935828735,34.95,128.07
2022-07-06 19:00:00,여수,257.38,5,6,76.56850072367368,34.74,127.74
2022-07-06 19:00:00,영동,209.64000000000001,5,6,76.35284411411946,37.18,128.46
2022-07-06 19:00:00,영흥,233.9333333333333,6,6,74.81144980944208,37.26,126.46
2022-07-06 19:00:00,예천,207.78000000000003,5,6,76.51958129600519,36.65,128.46
2022-07-06 19:00:00,창원,179.6,5,6,77.07074680505907,35.21,128.58
2022-07-06 19:00:00,탑선,248.4,6,6,75.68871038375099,35.24,126.81
2022-07-06 20:00:00,경상대,,0,6,88.02774491595203,35.18,128.1
2022-07-06 20:00:00,고흥만수상,,0,6,87.71057515480126,34.57,127.3
2022-07-06 20:00:00,광양항세방,,0,6,87.85340756882529,34.93,127.71
2022-07-06 20:00:00,구미,,0,6,87.7762324569858,36.13,128.34
2022-07-06 20:00:00,삼천포,,0,6,88.10867267350592,34.95,128.07
2022-07-06 20:00:00,여수,,0,6,87.95988585644376,34.74,127.74
2022-07-06 20:00:00,영동,,0,6,87.39046224960939,37.18,128.46
2022-07-06 20:00:00,영흥,,0,6,85.92534832868282,37.26,126.46
2022-07-06 20:00:00,예천,,0,6,87.6288037196092,36.65,128.46
2022-07-06 20:00:00,창원,,0,6,88.3646467646434,35.21,128.58
2022-07-06 20:00:00,탑선,,0,6,87.05566684699622,35.24,126.81
2022-07-06 21:00:00,경상대,,0,6,98.52849422056119,35.18,128.1
2022-07-06 21:00:00,고흥만수상,,0,6,98.3456184339921,34.57,127.3
2022-07-06 21:00:00,광양항세방,,0,6,98.41356769248647,34.93,127.71
2022-07-06 21:00:00,구미,,0,6,98.13175911600767,36.13,128.34
2022-07-06 21:00:00,삼천포,,0,6,98.64237709256243,34.95,128.07
2022-07-06 21:00:00,여수,,0,6,98.54352742425225,34.74,127.74
2022-07-06 21:00:00,영동,,0,6,97.59276939621373,37.18,128.46
2022-07-06 21:00:00,영흥,,0,6,96.24856237298121,37.26,126.46
2022-07-06 21:00:00,예천,,0,6,97.90466737503898,36.65,128.46
2022-07-06 21:00:00,창원,,0,6,98.82921791737164,35.21,128.58
2022-07-06 21:00:00,탑선,,0,6,97.63266492674951,35.24,126.81
2022-07-06 22:00:00,경상대,,0,6,107.80641849148765,35.18,128.1
2022-07-06 22:00:00,고흥만수상,,0,6,107.78606703571535,34.57,127.3
2022-07-06 22:00:00,광양항세방,,0,6,107.76440857387286,34.93,127.71
2022-07-06 22:00:00,구미,,0,6,107.25346178574382,36.13,128.34
2022-07-06 22:00:00,삼천포,,0,6,107.95520762031722,34.95,128.07
2022-07-06 22:00:00,여수,,0,6,107.91779318576731,34.74,127.74
2022-07-06 22:00:00,영동,,0,6,106.55512924987666,37.18,128.46
2022-07-06 22:00:00,영흥,,0,6,105.39331070833319,37.26,126.46
2022-07-06 22:00:00,예천,,0,6,106.94157551323097,36.65,128.46
2022-07-06 22:00:00,창원,,0,6,108.05544055002937,35.21,128.58
2022-07-06 22:00:00,탑선,,0,6,107.02714925881828,35.24,126.81
2022-07-06 23:00:00,경상대,,0,6,115.29998620454406,35.18,128.1
2022-07-06 23:00:00,고흥만수상,,0,6,115.4733262269179,34.57,127.3
2022-07-06 23:00:00,광양항세방,,0,6,115.34619380352912,34.93,127.71
2022-07-06 23:00:00,구미,,0,6,114.58715018965127,36.13,128.34
2022-07-06 23:00:00,삼천포,,0,6,115.4836174803186,34.95,128.07
2022-07-06 23:00:00,여수,,0,6,115.52073228260365,34.74,127.74
2022-07-06 23:00:00,영동,,0,6,113.73337810054798,37.18,128.46
2022-07-06 23:00:00,영흥,,0,6,112.83515841729553,37.26,126.46
2022-07-06 23:00:00,예천,,0,6,114.1896694551207,36.65,128.46
2022-07-06 23:00:00,창원,,0,6,115.47685285554834,35.21,128.58
2022-07-06 23:00:00,탑선,,0,6,114.69229566059846,35.24,126.81
2022-07-07 00:00:00,경상대,,0,6,120.31062895133924,35.18,128.1
2022-07-07 00:00:00,고흥만수상,,0,6,120.699506714749,34.57,127.3
2022-07-07 00:00:00,광양항세방,,0,6,120.45676475349808,34.93,127.71
2022-07-07 00:00:00,구미,,0,6,119.4552664396645,36.13,128.34
2022-07-07 00:00:00,삼천포,,0,6,120.52378779503333,34.95,128.07
2022-07-07 00:00:00,여수,,0,6,120.64556635913911,34.74,127.74
2022-07-07 00:00:00,영동,,0,6,118.47363748095462,37.18,128.46
2022-07-07 00:00:00,영흥,,0,6,117.93054133617213,37.26,126.46
2022-07-07 00:00:00,예천,,0,6,118.98292009895505,36.65,128.46
2022-07-07 00:00:00,창원,,0,6,120.39303429514453,35.21,128.58
2022-07-07 00:00:00,탑선,,0,6,119.93862851194103,35.24,126.81
2022-07-07 01:00:00,경상대,,0,5,122.17617284054604,35.18,128.1
2022-07-07 01:00:00,고흥만수상,,0,5,122.77337063085719,34.57,127.3
2022-07-07 01:00:00,광양항세방,,0,5,122.42123828163682,34.93,127.71
2022-07-07 01:00:00,구미,,0,5,121.22804659664246,36.13,128.34
2022-07-07 01:00:00,삼천포,,0,5,122.40585891352836,34.95,128.07
2022-07-07 01:00:00,여수,,0,5,122.61166370228669,34.74,127.74
2022-07-07 01:00:00,영동,,0,5,120.17864668944921,37.18,128.46
2022-07-07 01:00:00,영흥,,0,5,120.06161337094547,37.26,126.46
2022-07-07 01:00:00,예천,,0,5,120.70862967660932,36.65,128.46
2022-07-07 01:00:00,창원,,0,5,122.14893684174254,35.21,128.58
2022-07-07 01:00:00,탑선,,0,5,122.09103583417166,35.24,126.81
2022-07-07 02:00:00,경상대,,0,6,120.59528531877643,35.18,128.1
2022-07-07 02:00:00,고흥만수상,,0,6,121.35501774601286,34.57,127.3
2022-07-07 02:00:00,광양항세방,,0,6,120.92052447683558,34.93,127.71
2022-07-07 02:00:00,구미,,0,6,119.62774655333232,36.13,128.34
2022-07-07 02:00:00,삼천포,,0,6,120.82350744055819,34.95,128.07
2022-07-07 02:00:00,여수,,0,6,121.09752732527176,34.74,127.74
2022-07-07 02:00:00,영동,,0,6,118.59034882553021,37.18,128.46
2022-07-07 02:00:00,영흥,,0,6,118.91132864908596,37.26,126.46
2022-07-07 02:00:00,예천,,0,6,119.1009158513594,36.65,128.46
2022-07-07 02:00:00,창원,,0,6,120.46026794131275,35.21,128.58
2022-07-07 02:00:00,탑선,,0,6,120.80602971096947,35.24,126.81
2022-07-07 03:00:00,경상대,,0,6,115.82542418041353,35.18,128.1
2022-07-07 03:00:00,고흥만수상,,0,6,116.68144298674841,34.57,127.3
2022-07-07 03:00:00,광양항세방,,0,6,116.20170750561248,34.93,127.71
2022-07-07 03:00:00,구미,,0,6,114.90631031613962,36.13,128.34
2022-07-07 03:00:00,삼천포,,0,6,116.03651761980417,34.95,128.07
2022-07-07 03:00:00,여수,,0,6,116.35404314831915,34.74,127.74
2022-07-07 03:00:00,영동,,0,6,113.94991522441127,37.18,128.46
2022-07-07 03:00:00,영흥,,0,6,114.65569578083746,37.26,126.46
2022-07-07 03:00:00,예천,,0,6,114.40829287262288,36.65,128.46
2022-07-07 03:00:00,창원,,0,6,115.60092036187712,35.21,128.58
2022-07-07 03:00:00,탑선,,0,6,116.29395429214982,35.24,126.81
2022-07-07 04:00:00,경상대,,0,6,108.5118011716734,35.18,128.1
2022-07-07 04:00:00,고흥만수상,,0,6,109.40513231083473,34.57,127.3
2022-07-07 04:00:00,광양항세방,,0,6,108.91212676834935,34.93,127.71
2022-07-07 04:00:00,구미,,0,6,107.68311489910752,36.13,128.34
2022-07-07 04:00:00,삼천포,,0,6,108.69694084214693,34.95,128.07
2022-07-07 04:00:00,여수,,0,6,109.03506704877037,34.74,127.74
2022-07-07 04:00:00,영동,,0,6,106.84751803896592,37.18,128.46
2022-07-07 04:00:00,영흥,,0,6,107.8528628360604,37.26,126.46
2022-07-07 04:00:00,예천,,0,6,107.23631918935725,36.65,128.46
2022-07-07 04:00:00,창원,,0,6,108.22192174885505,35.21,128.58
2022-07-07 04:00:00,탑선,,0,6,109.17816740555358,35.24,126.81
2022-07-07 05:00:00,경상대,,0,6,99.35937166002228,35.18,128.1
2022-07-07 05:00:00,고흥만수상,,0,6,100.24996847130622,34.57,127.3
2022-07-07 05:00:00,광양항세방,,0,6,99.7647076049003,34.93,127.71
2022-07-07 05:00:00,구미,,0,6,98.63906053082457,36.13,128.34
2022-07-07 05:00:00,삼천포,,0,6,99.51555394752172,34.95,128.07
2022-07-07 05:00:00,여수,,0,6,99.85816877181598,34.74,127.74
2022-07-07 05:00:00,영동,,0,6,97.93892370472449,37.18,128.46
2022-07-07 05:00:00,영흥,,0,6,99.16145731826289,37.26,126.46
2022-07-07 05:00:00,예천,,0,6,98.2531278423116,36.65,128.46
2022-07-07 05:00:00,창원,,0,6,99.02522342259817,35.21,128.58
2022-07-07 05:00:00,탑선,,0,6,100.16723296398442,35.24,126.81
2022-07-07 06:00:00,경상대,,0,6,88.9434725244017,35.18,128.1
2022-07-07 06:00:00,고흥만수상,,0,6,89.8071564098153,34.57,127.3
2022-07-07 06:00:00,광양항세방,,0,6,89.34189283129552,34.93,127.71
2022-07-07 06:00:00,구미,,0,6,88.3363499237995,36.13,128.34
2022-07-07 06:00:00,삼천포,,0,6,89.07059867863401,34.95,128.07
2022-07-07 06:00:00,여수,,0,6,89.40763525703105,34.74,127.74
2022-07-07 06:00:00,영동,,0,6,87.77345900384438,37.18,128.46
2022-07-07 06:00:00,영흥,,0,6,89.14822985718439,37.26,126.46
2022-07-07 06:00:00,예천,,0,6,88.01394488243416,36.65,128.46
2022-07-07 06:00:00,창원,,0,6,88.58061309156535,35.21,128.58
2022-07-07 06:00:00,탑선,,0,6,89.84968308039633,35.24,126.81
2022-07-07 07:00:00,경상대,203.77499999999998,4,6,77.6807561101271,35.18,128.1
2022-07-07 07:00:00,고흥만수상,169.16666666666666,3,6,78.50238547990244,34.57,127.3
2022-07-07 07:00:00,광양항세방,155.1,4,6,78.06458907516318,34.93,127.71
2022-07-07 07:00:00,구미,209.25,4,6,77.18761925436755,36.13,128.34
2022-07-07 07:00:00,삼천포,218.92499999999998,4,6,77.77942647600025,34.95,128.07
2022-07-07 07:00:00,여수,189.5,3,6,78.1044360143227,34.74,127.74
2022-07-07 07:00:00,영동,133.85,4,6,76.76058663398034,37.18,128.46
2022-07-07 07:00:00,영흥,188.0666666666667,3,6,78.23996481842786,37.26,126.46
2022-07-07 07:00:00,예천,89.95,4,6,76.92931302595763,36.65,128.46
2022-07-07 07:00:00,창원,160.925,4,6,77.30009882662361,35.21,128.58
2022-07-07 07:00:00,탑선,239.13333333333333,3,6,78.65459244669037,35.24,126.81
2022-07-07 08:00:00,경상대,380.8666666666666,6,6,65.86736239430809,35.18,128.1
2022-07-07 08:00:00,고흥만수상,381.68333333333334,6,6,66.63495308501957,34.57,127.3
2022-07-07 08:00:00,광양항세방,313.9833333333333,6,6,66.2305881253472,34.93,127.71
2022-07-07 08:00:00,구미,412.65000000000003,6,6,65.49082915773036,36.13,128.34
2022-07-07 08:00:00,삼천포,292.6333333333333,6,6,65.93756698144409,34.95,128.07
2022-07-07 08:00:00,여수,310.95,6,6,66.24551946952569,34.74,127.74
2022-07-07 08:00:00,영동,315.8833333333334,6,6,65.201193674159,37.18,128.46
2022-07-07 08:00:00,영흥,234.30000000000004,6,6,66.74960807378994,37.26,126.46
2022-07-07 08:00:00,예천,305.38333333333327,6,6,65.29828824672781,36.65,128.46
2022-07-07 08:00:00,창원,250.91666666666666,6,6,65.47690216740817,35.21,128.58
2022-07-07 08:00:00,탑선,302.0,6,6,66.88668336655127,35.24,126.81
2022-07-07 09:00:00,경상대,480.51666666666665,6,6,53.729971568020524,35.18,128.1
2022-07-07 09:00:00,고흥만수상,548.35,6,6,54.42945306284029,34.57,127.3
2022-07-07 09:00:00,광양항세방,493.45,6,6,54.06584006325456,34.93,127.71
2022-07-07 09:00:00,구미,403.2833333333333,6,6,53.479343797039746,36.13,128.34
2022-07-07 09:00:00,삼천포,552.6166666666667,6,6,53.77004698754764,34.95,128.07
2022-07-07 09:00:00,여수,495.3,6,6,54.05533536765273,34.74,127.74
2022-07-07 09:00:00,영동,349.20000000000005,6,6,53.336685124288145,37.18,128.46
2022-07-07 09:00:00,영흥,402.0,6,6,54.923899732915444,37.26,126.46
2022-07-07 09:00:00,예천,479.2166666666667,6,6,53.35804835382421,36.65,128.46
2022-07-07 09:00:00,창원,352.75,6,6,53.33659420316384,35.21,128.58
2022-07-07 09:00:00,탑선,490.0666666666666,6,6,54.776957672642844,35.24,126.81
2022-07-07 10:00:00,경상대,720.4333333333334,6,6,41.48523592106202,35.18,128.1
2022-07-07 10:00:00,고흥만수상,676.1333333333333,6,6,42.09274226212018,34.57,127.3
2022-07-07 10:00:00,광양항세방,661.3666666666667,6,6,41.78274681181159,34.93,127.71
2022-07-07 10:00:00,구미,430.5166666666667,6,6,41.38425586281419,36.13,128.34
2022-07-07 10:00:00,삼천포,712.0500000000001,6,6,41.49018264739465,34.95,128.07
2022-07-07 10:00:00,여수,676.4666666666667,6,6,41.74369133325362,34.74,127.74
2022-07-07 10:00:00,영동,469.6666666666666,6,6,41.41435561808234,37.18,128.46
2022-07-07 10:00:00,영흥,325.45,6,6,43.00520192531138,37.26,126.46
2022-07-07 10:00:00,예천,508.05,6,6,41.34783871146147,36.65,128.46
2022-07-07 10:00:00,창원,577.0333333333333,6,6,41.09728460492947,35.21,128.58
2022-07-07 10:00:00,탑선,586.0500000000001,6,6,42.540655776419996,35.24,126.81
2022-07-07 11:00:00,경상대,810.2000000000002,6,6,29.45805998506882,35.18,128.1
2022-07-07 11:00:00,고흥만수상,732.25,6,6,29.919839322518243,34.57,127.3
2022-07-07 11:00:00,광양항세방,763.1166666666667,6,6,29.692735725139364,34.93,127.71
2022-07-07 11:00:00,구미,559.7666666666665,6,6,29.56451517144913,36.13,128.34
2022-07-07 11:00:00,삼천포,763.0500000000001,6,6,29.41520801828576,34.95,128.07
2022-07-07 11:00:00,여수,800.9666666666667,6,6,29.616608087748553,34.74,127.74
2022-07-07 11:00:00,영동,824.3333333333334,6,6,29.82883341519497,37.18,128.46
2022-07-07 11:00:00,영흥,289.9,6,6,31.355375719868725,37.26,126.46
2022-07-07 11:00:00,예천,618.1833333333333,6,6,29.64538515413473,36.65,128.46
2022-07-07 11:00:00,창원,585.6166666666667,6,6,29.09232518372945,35.21,128.58
2022-07-07 11:00:00,탑선,689.3833333333333,6,6,30.486144045078362,35.24,126.81
2022-07-07 12:00:00,경상대,819.6666666666666,6,6,18.545907869722953,35.18,128.1
2022-07-07 12:00:00,고흥만수상,516.0666666666667,6,6,18.702785773472158,34.57,127.3
2022-07-07 12:00:00,광양항세방,830.25,6,6,18.644564302441978,34.93,127.71
2022-07-07 12:00:00,구미,544.4,6,6,19.005505753432985,36.13,128.34
2022-07-07 12:00:00,삼천포,757.0,6,6,18.42278809531308,34.95,128.07
2022-07-07 12:00:00,여수,842.9500000000002,6,6,18.510632106748403,34.74,127.74
2022-07-07 12:00:00,영동,838.2333333333332,6,6,19.643179786870476,37.18,128.46
2022-07-07 12:00:00,영흥,339.75,6,6,20.88569322211835,37.26,126.46
2022-07-07 12:00:00,예천,574.6,6,6,19.280842493072612,36.65,128.46
2022-07-07 12:00:00,창원,651.4999999999999,6,6,18.260393103979666,35.21,128.58
2022-07-07 12:00:00,탑선,391.7833333333333,6,6,19.420596837268064,35.24,126.81
2022-07-07 13:00:00,경상대,699.1166666666667,6,6,12.602034062187442,35.18,128.1
2022-07-07 13:00:00,고흥만수상,305.53333333333336,6,6,12.045239417077084,34.57,127.3
2022-07-07 13:00:00,광양항세방,809.5,6,6,12.372169416627642,34.93,127.71
2022-07-07 13:00:00,구미,701.0500000000001,6,6,13.544304606587929,36.13,128.34
2022-07-07 13:00:00,삼천포,755.4333333333334,6,6,12.373472667754356,34.95,128.07
2022-07-07 13:00:00,여수,948.2333333333332,6,6,12.180837645693401,34.74,127.74
2022-07-07 13:00:00,영동,786.0166666666668,6,6,14.591973273724193,37.18,128.46
2022-07-07 13:00:00,영흥,401.9666666666667,6,6,14.800081313864013,37.26,126.46
2022-07-07 13:00:00,예천,680.0166666666667,6,6,14.062034105429717,36.65,128.46
2022-07-07 13:00:00,창원,752.25,6,6,12.620710802745592,35.21,128.58
2022-07-07 13:00:00,탑선,583.9166666666666,6,6,12.760390238343902,35.24,126.81
2022-07-07 14:00:00,경상대,713.5166666666665,6,6,17.761914833869383,35.18,128.1
2022-07-07 14:00:00,고흥만수상,182.65,6,6,16.866127584663104,34.57,127.3
2022-07-07 14:00:00,광양항세방,646.0333333333333,6,6,17.35712297337581,34.93,127.71
2022-07-07 14:00:00,구미,702.4666666666667,6,6,18.543865965773364,36.13,128.34
2022-07-07 14:00:00,삼천포,739.6166666666667,6,6,17.592263845932152,34.95,128.07
2022-07-07 14:00:00,여수,867.7166666666667,6,6,17.2500677071136,34.74,127.74
2022-07-07 14:00:00,영동,654.3666666666667,6,6,19.341432023414797,37.18,128.46
2022-07-07 14:00:00,영흥,319.03333333333336,6,6,18.318875740678138,37.26,126.46
2022-07-07 14:00:00,예천,613.7666666666668,6,6,18.971104051652446,36.65,128.46
2022-07-07 14:00:00,창원,706.75,6,6,18.078399395811104,35.21,128.58
2022-07-07 14:00:00,탑선,387.6666666666667,6,6,17.0305246552211,35.24,126.81
2022-07-07 15:00:00,경상대,804.9333333333333,6,6,28.485272333321348,35.18,128.1
2022-07-07 15:00:00,고흥만수상,200.9333333333333,6,6,27.671353225208556,34.57,127.3
2022-07-07 15:00:00,광양항세방,543.6999999999999,6,6,28.103684461464866,34.93,127.71
2022-07-07 15:00:00,구미,702.7333333333335,6,6,28.978917598608568,36.13,128.34
2022-07-07 15:00:00,삼천포,774.0333333333333,6,6,28.390416295592438,34.95,128.07
2022-07-07 15:00:00,여수,492.81666666666666,6,6,28.068107197298403,34.74,127.74
2022-07-07 15:00:00,영동,538.2166666666667,6,6,29.436857918088855,37.18,128.46
2022-07-07 15:00:00,영흥,654.1833333333334,6,6,27.996431733317642,37.26,126.46
2022-07-07 15:00:00,예천,401.5666666666668,6,6,29.24801952568575,36.65,128.46
2022-07-07 15:00:00,창원,773.6833333333334,6,6,28.867486002277438,35.21,128.58
2022-07-07 15:00:00,탑선,447.5,6,6,27.508538031830703,35.24,126.81
2022-07-07 16:00:00,경상대,647.2833333333333,6,6,40.471715417457936,35.18,128.1
2022-07-07 16:00:00,고흥만수상,379.93333333333334,6,6,39.75715777613392,34.57,127.3
2022-07-07 16:00:00,광양항세방,511.6499999999999,6,6,40.1285643477614,34.93,127.71
2022-07-07 16:00:00,구미,586.1999999999999,6,6,40.770644356281444,36.13,128.34
2022-07-07 16:00:00,삼천포,678.8166666666667,6,6,40.42420450003005,34.95,128.07
2022-07-07 16:00:00,여수,480.68333333333334,6,6,40.134095954878205,34.74,127.74
2022-07-07 16:00:00,영동,354.18333333333334,6,6,41.00096411724927,37.18,128.46
2022-07-07 16:00:00,영흥,471.53333333333336,6,6,39.43888633417458,37.26,126.46
2022-07-07 16:00:00,예천,381.8333333333333,6,6,40.93056123308937,36.65,128.46
2022-07-07 16:00:00,창원,420.3666666666666,6,6,40.865015058680655,35.21,128.58
2022-07-07 16:00:00,탑선,323.86666666666673,6,6,39.43083271425955,35.24,126.81
2022-07-07 17:00:00,경상대,578.3666666666667,6,6,52.71770776212328,35.18,128.1
2022-07-07 17:00:00,고흥만수상,303.3,6,6,52.095199733569764,34.57,127.3
2022-07-07 17:00:00,광양항세방,317.73333333333335,6,6,52.41225127633564,34.93,127.71
2022-07-07 17:00:00,구미,457.29999999999995,6,6,52.86646883078326,36.13,128.34
2022-07-07 17:00:00,삼천포,506.6000000000001,6,6,52.705830434820605,34.95,128.07
2022-07-07 17:00:00,여수,346.25,6,6,52.44722191092707,34.74,127.74
2022-07-07 17:00:00,영동,261.98333333333335,6,6,52.92381677313303,37.18,128.46
2022-07-07 17:00:00,영흥,265.55,6,6,51.32989543199594,37.26,126.46
2022-07-07 17:00:00,예천,252.25,6,6,52.94193240740143,36.65,128.46
2022-07-07 17:00:00,창원,411.3666666666666,6,6,53.107693787245076,35.21,128.58
2022-07-07 17:00:00,탑선,187.91666666666666,6,6,51.66204546291268,35.24,126.81
2022-07-07 18:00:00,경상대,425.2833333333333,6,6,64.87821620267042,35.18,128.1
2022-07-07 18:00:00,고흥만수상,264.0166666666667,6,6,64.34757112821909,34.57,127.3
2022-07-07 18:00:00,광양항세방,236.96666666666667,6,6,64.61145198199145,34.93,127.71
2022-07-07 18:00:00,구미,374.1666666666667,6,6,64.89376262837897,36.13,128.34
2022-07-07 18:00:00,삼천포,387.90000000000003,6,6,64.89753451068435,34.95,128.07
2022-07-07 18:00:00,여수,212.76666666666668,6,6,64.67127828332464,34.74,127.74
2022-07-07 18:00:00,영동,254.7833333333333,6,6,64.80048310241665,37.18,128.46
2022-07-07 18:00:00,영흥,182.83333333333334,6,6,63.216622340962545,37.26,126.46
2022-07-07 18:00:00,예천,212.26666666666665,6,6,64.89457172115411,36.65,128.46
2022-07-07 18:00:00,창원,316.8666666666666,6,6,65.25763014669108,35.21,128.58
2022-07-07 18:00:00,탑선,157.3166666666667,6,6,63.8309303889874,35.24,126.81
2022-07-07 19:00:00,경상대,210.32,5,6,76.73399246586808,35.18,128.1
2022-07-07 19:00:00,고흥만수상,96.02,5,6,76.30229359661932,34.57,127.3
2022-07-07 19:00:00,광양항세방,191.34,5,6,76.50971032549596,34.93,127.71
2022-07-07 19:00:00,구미,206.27999999999997,5,6,76.61943485251192,36.13,128.34
2022-07-07 19:00:00,삼천포,188.72,5,6,76.78347403298692,34.95,128.07
2022-07-07 19:00:00,여수,183.16,5,6,76.59278943089974,34.74,127.74
2022-07-07 19:00:00,영동,184.12,5,6,76.38199058184627,37.18,128.46
2022-07-07 19:00:00,영흥,87.35000000000001,6,6,74.83980582822946,37.26,126.46
2022-07-07 19:00:00,예천,218.8,5,6,76.54775402023654,36.65,128.46
2022-07-07 19:00:00,창원,237.17999999999998,5,6,77.09633046775863,35.21,128.58
2022-07-07 19:00:00,탑선,153.20000000000002,6,6,75.71346553945665,35.24,126.81
2022-07-07 20:00:00,경상대,,0,6,88.06210072287465,35.18,128.1
2022-07-07 20:00:00,고흥만수상,,0,6,87.74337146548434,34.57,127.3
2022-07-07 20:00:00,광양항세방,,0,6,87.88708305398495,34.93,127.71
2022-07-07 20:00:00,구미,,0,6,87.812323592888,36.13,128.34
2022-07-07 20:00:00,삼천포,,0,6,88.14262568684231,34.95,128.07
2022-07-07 20:00:00,여수,,0,6,87.99326460286358,34.74,127.74
2022-07-07 20:00:00,영동,,0,6,87.42836171279468,37.18,128.46
2022-07-07 20:00:00,영흥,,0,6,85.96209102093448,37.26,126.46
2022-07-07 20:00:00,예천,,0,6,87.6658320566266,36.65,128.46
2022-07-07 20:00:00,창원,,0,6,88.39937896028707,35.21,128.58
2022-07-07 20:00:00,탑선,,0,6,87.08925854368175,35.24,126.81
2022-07-07 21:00:00,경상대,,0,6,98.57457552784327,35.18,128.1
2022-07-07 21:00:00,고흥만수상,,0,6,98.39011480415988,34.57,127.3
2022-07-07 21:00:00,광양항세방,,0,6,98.45894769354287,34.93,127.71
2022-07-07 21:00:00,구미,,0,6,98.17942877470462,36.13,128.34
2022-07-07 21:00:00,삼천포,,0,6,98.68809517863185,34.95,128.07
2022-07-07 21:00:00,여수,,0,6,98.58865272800395,34.74,127.74
2022-07-07 21:00:00,영동,,0,6,97.64205190386197,37.18,128.46
2022-07-07 21:00:00,영흥,,0,6,96.29632470463122,37.26,126.46
2022-07-07 21:00:00,예천,,0,6,97.95318891449385,36.65,128.46
2022-07-07 21:00:00,창원,,0,6,98.87575534708934,35.21,128.58
2022-07-07 21:00:00,탑선,,0,6,97.67774047754625,35.24,126.81
2022-07-07 22:00:00,경상대,,0,6,107.86686662322136,35.18,128.1
2022-07-07 22:00:00,고흥만수상,,0,6,107.84495430418484,34.57,127.3
2022-07-07 22:00:00,광양항세방,,0,6,107.82415604501215,34.93,127.71
2022-07-07 22:00:00,구미,,0,6,107.31528332853532,36.13,128.34
2022-07-07 22:00:00,삼천포,,0,6,108.01534806072107,34.95,128.07
2022-07-07 22:00:00,여수,,0,6,107.9773402988074,34.74,127.74
2022-07-07 22:00:00,영동,,0,6,106.61829529129338,37.18,128.46
2022-07-07 22:00:00,영흥,,0,6,105.45462658979945,37.26,126.46
2022-07-07 22:00:00,예천,,0,6,107.00412629020693,36.65,128.46
2022-07-07 22:00:00,창원,,0,6,108.11641567704731,35.21,128.58
2022-07-07 22:00:00,탑선,,0,6,107.08636155489792,35.24,126.81
2022-07-07 23:00:00,경상대,,0,6,115.37681647767431,35.18,128.1
2022-07-07 23:00:00,고흥만수상,,0,6,115.54875014357835,34.57,127.3
2022-07-07 23:00:00,광양항세방,,0,6,115.42238271543395,34.93,127.71
2022-07-07 23:00:00,구미,,0,6,114.66501494031628,36.13,128.34
2022-07-07 23:00:00,삼천포,,0,6,115.5602240150491,34.95,128.07
2022-07-07 23:00:00,여수,,0,6,115.59679453758596,34.74,127.74
2022-07-07 23:00:00,영동,,0,6,113.81219908164317,37.18,128.46
2022-07-07 23:00:00,영흥,,0,6,112.91194728507588,37.26,126.46
2022-07-07 23:00:00,예천,,0,6,114.26807565135353,36.65,128.46
2022-07-07 23:00:00,창원,,0,6,115.55423879585334,35.21,128.58
2022-07-07 23:00:00,탑선,,0,6,114.76775062341582,35.24,126.81
2022-07-08 00:00:00,경상대,,0,6,120.40385581542634,35.18,128.1
2022-07-08 00:00:00,고흥만수상,,0,6,120.79168498847613,34.57,127.3
2022-07-08 00:00:00,광양항세방,,0,6,120.54950401918654,34.93,127.71
2022-07-08 00:00:00,구미,,0,6,119.54907280056517,36.13,128.34
2022-07-08 00:00:00,삼천포,,0,6,120.61689919037497,34.95,128.07
2022-07-08 00:00:00,여수,,0,6,120.73826319195035,34.74,127.74
2022-07-08 00:00:00,영동,,0,6,118.5679215961775,37.18,128.46
2022-07-08 00:00:00,영흥,,0,6,118.02295091842907,37.26,126.46
2022-07-08 00:00:00,예천,,0,6,119.07702307832736,36.65,128.46
2022-07-08 00:00:00,창원,,0,6,120.48675107954111,35.21,128.58
2022-07-08 00:00:00,탑선,,0,6,120.0305744455163,35.24,126.81
2022-07-08 01:00:00,경상대,,0,5,122.28233815132191,35.18,128.1
2022-07-08 01:00:00,고흥만수상,,0,5,122.87899326178712,34.57,127.3
2022-07-08 01:00:00,광양항세방,,0,5,122.52714419647376,34.93,127.71
2022-07-08 01:00:00,구미,,0,5,121.33437239094329,36.13,128.34
2022-07-08 01:00:00,삼천포,,0,5,122.51200241421645,34.95,128.07
2022-07-08 01:00:00,여수,,0,5,122.71758661852519,34.74,127.74
2022-07-08 01:00:00,영동,,0,5,120.28505175128674,37.18,128.46
2022-07-08 01:00:00,영흥,,0,5,120.16674928846004,37.26,126.46
2022-07-08 01:00:00,예천,,0,5,120.81503264931362,36.65,128.46
2022-07-08 01:00:00,창원,,0,5,122.25541034783195,35.21,128.58
2022-07-08 01:00:00,탑선,,0,5,122.19634087373925,35.24,126.81
2022-07-08 02:00:00,경상대,,0,6,120.70790860503155,35.18,128.1
2022-07-08 02:00:00,고흥만수상,,0,6,121.4675286455823,34.57,127.3
2022-07-08 02:00:00,광양항세방,,0,6,121.03309192336786,34.93,127.71
2022-07-08 02:00:00,구미,,0,6,119.74035509186729,36.13,128.34
2022-07-08 02:00:00,삼천포,,0,6,120.93613912643963,34.95,128.07
2022-07-08 02:00:00,여수,,0,6,121.21011198360556,34.74,127.74
2022-07-08 02:00:00,영동,,0,6,118.70291442025805,37.18,128.46
2022-07-08 02:00:00,영흥,,0,6,119.02347773261369,37.26,126.46
2022-07-08 02:00:00,예천,,0,6,119.2135139270554,36.65,128.46
2022-07-08 02:00:00,창원,,0,6,120.57297095869008,35.21,128.58
2022-07-08 02:00:00,탑선,,0,6,120.91839569838928,35.24,126.81
2022-07-08 03:00:00,경상대,,0,6,115.937910669574,35.18,128.1
2022-07-08 03:00:00,고흥만수상,,0,6,116.7940019729368,34.57,127.3
2022-07-08 03:00:00,광양항세방,,0,6,116.31423567352212,34.93,127.71
2022-07-08 03:00:00,구미,,0,6,115.01888085357518,36.13,128.34
2022-07-08 03:00:00,삼천포,,0,6,116.14897750079878,34.95,128.07
2022-07-08 03:00:00,여수,,0,6,116.46653922906545,34.74,127.74
2022-07-08 03:00:00,영동,,0,6,114.06259844287852,37.18,128.46
2022-07-08 03:00:00,영흥,,0,6,114.76868575257724,37.26,126.46
2022-07-08 03:00:00,예천,,0,6,114.52090968307976,36.65,128.46
2022-07-08 03:00:00,창원,,0,6,115.71331466358603,35.21,128.58
2022-07-08 03:00:00,탑선,,0,6,116.40668606432403,35.24,126.81
2022-07-08 04:00:00,경상대,,0,6,108.61988994532511,35.18,128.1
2022-07-08 04:00:00,고흥만수상,,0,6,109.513265525709,34.57,127.3
2022-07-08 04:00:00,광양항세방,,0,6,109.0202570448073,34.93,127.71
2022-07-08 04:00:00,구미,,0,6,107.7915238335203,36.13,128.34
2022-07-08 04:00:00,삼천포,,0,6,108.80493961676144,34.95,128.07
2022-07-08 04:00:00,여수,,0,6,109.1431020840215,34.74,127.74
2022-07-08 04:00:00,영동,,0,6,106.95632029172324,37.18,128.46
2022-07-08 04:00:00,영흥,,0,6,107.96237942896127,37.26,126.46
2022-07-08 04:00:00,예천,,0,6,107.34490328383389,36.65,128.46
2022-07-08 04:00:00,창원,,0,6,108.32983770438015,35.21,128.58
2022-07-08 04:00:00,탑선,,0,6,109.28677347830981,35.24,126.81
2022-07-08 05:00:00,경상대,,0,6,99.46133089788427,35.18,128.1
2022-07-08 05:00:00,고흥만수상,,0,6,100.3518387815689,34.57,127.3
2022-07-08 05:00:00,광양항세방,,0,6,99.86665667794743,34.93,127.71
2022-07-08 05:00:00,구미,,0,6,98.74159536717039,36.13,128.34
2022-07-08 05:00:00,삼천포,,0,6,99.61735954144864,34.95,128.07
2022-07-08 05:00:00,여수,,0,6,99.9599670446098,34.74,127.74
2022-07-08 05:00:00,영동,,0,6,98.04213784962343,37.18,128.46
2022-07-08 05:00:00,영흥,,0,6,99.26552346312371,37.26,126.46
2022-07-08 05:00:00,예천,,0,6,98.35597690877475,36.65,128.46
2022-07-08 05:00:00,창원,,0,6,99.12699595433297,35.21,128.58
2022-07-08 05:00:00,탑선,,0,6,100.26979485043188,35.24,126.81
2022-07-08 06:00:00,경상대,,0,6,89.03919819051049,35.18,128.1
2022-07-08 06:00:00,고흥만수상,,0,6,89.9026220758797,34.57,127.3
2022-07-08 06:00:00,광양항세방,,0,6,89.43753641038697,34.93,127.71
2022-07-08 06:00:00,구미,,0,6,88.43288767306224,36.13,128.34
2022-07-08 06:00:00,삼천포,,0,6,89.16611420078144,34.95,128.07
2022-07-08 06:00:00,여수,,0,6,89.50308282856818,34.74,127.74
2022-07-08 06:00:00,영동,,0,6,87.8709326677598,37.18,128.46
2022-07-08 06:00:00,영흥,,0,6,89.2465299708861,37.26,126.46
2022-07-08 06:00:00,예천,,0,6,88.11092568435633,36.65,128.46
2022-07-08 06:00:00,창원,,0,6,88.67617387469714,35.21,128.58
2022-07-08 06:00:00,탑선,,0,6,89.9459909703132,35.24,126.81
2022-07-08 07:00:00,경상대,28.925,4,6,77.77099795037307,35.18,128.1
2022-07-08 07:00:00,고흥만수상,0.0,3,6,78.59217706395728,34.57,127.3
2022-07-08 07:00:00,광양항세방,218.36666666666665,3,6,78.15466643831063,34.93,127.71
2022-07-08 07:00:00,구미,172.1,4,6,77.27889991162034,36.13,128.34
2022-07-08 07:00:00,삼천포,34.925,4,6,77.86940522475882,34.95,128.07
2022-07-08 07:00:00,여수,148.96666666666667,3,6,78.19427741753456,34.74,127.74
2022-07-08 07:00:00,영동,135.475,4,6,76.8530432161475,37.18,128.46
2022-07-08 07:00:00,영흥,155.5,3,6,78.33313087283283,37.26,126.46
2022-07-08 07:00:00,예천,179.75,4,6,77.02115991326323,36.65,128.46
2022-07-08 07:00:00,창원,121.95000000000002,4,6,77.39021616738194,35.21,128.58
2022-07-08 07:00:00,탑선,173.66666666666666,3,6,78.74534144651588,35.24,126.81
2022-07-08 08:00:00,경상대,141.35,6,6,65.95337356680979,35.18,128.1
2022-07-08 08:00:00,고흥만수상,111.03333333333335,6,6,66.72029296571208,34.57,127.3
2022-07-08 08:00:00,광양항세방,203.25,6,6,66.31633783136931,34.93,127.71
2022-07-08 08:00:00,구미,202.15,6,6,65.57812363392898,36.13,128.34
2022-07-08 08:00:00,삼천포,158.33333333333334,6,6,66.02325838596364,34.95,128.07
2022-07-08 08:00:00,여수,39.18333333333334,6,6,66.33099183041631,34.74,127.74
2022-07-08 08:00:00,영동,134.61666666666667,6,6,65.2899165088699,37.18,128.46
2022-07-08 08:00:00,영흥,220.58333333333334,6,6,66.83885500946852,37.26,126.46
2022-07-08 08:00:00,예천,239.0,6,6,65.38628068321111,36.65,128.46
2022-07-08 08:00:00,창원,112.64999999999999,6,6,65.56284408042893,35.21,128.58
2022-07-08 08:00:00,탑선,208.15,6,6,66.97308840248718,35.24,126.81
2022-07-08 09:00:00,경상대,267.05,6,6,53.813538403654505,35.18,128.1
2022-07-08 09:00:00,고흥만수상,238.04999999999998,6,6,54.51206287722388,34.57,127.3
2022-07-08 09:00:00,광양항세방,329.95,6,6,54.14901911039644,34.93,127.71
2022-07-08 09:00:00,구미,424.3333333333333,6,6,53.56449245701277,36.13,128.34
2022-07-08 09:00:00,삼천포,73.18333333333334,6,6,53.85322470928075,34.95,128.07
2022-07-08 09:00:00,여수,256.93333333333334,6,6,54.13818746629211,34.74,127.74
2022-07-08 09:00:00,영동,68.85000000000001,6,6,53.423560354260665,37.18,128.46
2022-07-08 09:00:00,영흥,297.7333333333333,6,6,55.01102103370729,37.26,126.46
2022-07-08 09:00:00,예천,353.55,6,6,53.44405330656133,36.65,128.46
2022-07-08 09:00:00,창원,221.79999999999995,6,6,53.420170107434195,35.21,128.58
2022-07-08 09:00:00,탑선,215.18333333333337,6,6,54.86075187162307,35.24,126.81
2022-07-08 10:00:00,경상대,446.43333333333334,6,6,41.56914246241725,35.18,128.1
2022-07-08 10:00:00,고흥만수상,273.6666666666667,6,6,42.17527796411651,34.57,127.3
2022-07-08 10:00:00,광양항세방,263.21666666666664,6,6,41.86608108868132,34.93,127.71
2022-07-08 10:00:00,구미,374.8,6,6,41.47013648022808,36.13,128.34
2022-07-08 10:00:00,삼천포,485.5166666666667,6,6,41.57360833100597,34.95,128.07
2022-07-08 10:00:00,여수,282.68333333333334,6,6,41.826635064759,34.74,127.74
2022-07-08 10:00:00,영동,227.95000000000002,6,6,41.50233098411244,37.18,128.46
2022-07-08 10:00:00,영흥,420.70000000000005,6,6,43.09296156918792,37.26,126.46
2022-07-08 10:00:00,예천,341.34999999999997,6,6,41.434777183553905,36.65,128.46
2022-07-08 10:00:00,창원,466.3666666666666,6,6,41.1813277710625,35.21,128.58
2022-07-08 10:00:00,탑선,283.48333333333335,6,6,42.62450848183162,35.24,126.81
2022-07-08 11:00:00,경상대,523.4666666666666,6,6,29.547399888799305,35.18,128.1
2022-07-08 11:00:00,고흥만수상,185.1,6,6,30.00717567485505,34.57,127.3
2022-07-08 11:00:00,광양항세방,493.06666666666666,6,6,29.78121763533658,34.93,127.71
2022-07-08 11:00:00,구미,551.6166666666667,6,6,29.656288188035596,36.13,128.34
2022-07-08 11:00:00,삼천포,337.31666666666666,6,6,29.503957643443385,34.95,128.07
2022-07-08 11:00:00,여수,464.7666666666667,6,6,29.704630713979704,34.74,127.74
2022-07-08 11:00:00,영동,514.45,6,6,29.923052411263114,37.18,128.46
2022-07-08 11:00:00,영흥,379.95,6,6,31.44852906921855,37.26,126.46
2022-07-08 11:00:00,예천,338.11666666666673,6,6,29.7384292695858,36.65,128.46
2022-07-08 11:00:00,창원,587.6166666666668,6,6,29.182041672404722,35.21,128.58
2022-07-08 11:00:00,탑선,200.28333333333333,6,6,30.57486708485598,35.24,126.81
2022-07-08 12:00:00,경상대,545.3166666666667,6,6,18.650421858036324,35.18,128.1
2022-07-08 12:00:00,고흥만수상,408.9166666666667,6,6,18.804811172549975,34.57,127.3
2022-07-08 12:00:00,광양항세방,496.15000000000003,6,6,18.7479966583159,34.93,127.71
2022-07-08 12:00:00,구미,431.7833333333333,6,6,19.112180646373233,36.13,128.34
2022-07-08 12:00:00,삼천포,437.76666666666665,6,6,18.52676711252991,34.95,128.07
2022-07-08 12:00:00,여수,393.3500000000001,6,6,18.61367678072152,34.74,127.74
2022-07-08 12:00:00,영동,549.1,6,6,19.751708699589912,37.18,128.46
2022-07-08 12:00:00,영흥,554.85,6,6,20.99209135355804,37.26,126.46
2022-07-08 12:00:00,예천,427.5666666666666,6,6,19.388549487686817,36.65,128.46
2022-07-08 12:00:00,창원,357.65000000000003,6,6,18.36563126183556,35.21,128.58
2022-07-08 12:00:00,탑선,179.06666666666663,6,6,19.52349713641682,35.24,126.81
2022-07-08 13:00:00,경상대,504.41666666666674,6,6,12.71331518828049,35.18,128.1
2022-07-08 13:00:00,고흥만수상,429.5333333333333,6,6,12.158164409875184,34.57,127.3
2022-07-08 13:00:00,광양항세방,412.5333333333333,6,6,12.484268154948182,34.93,127.71
2022-07-08 13:00:00,구미,476.20000000000005,6,6,13.655001624907541,36.13,128.34
2022-07-08 13:00:00,삼천포,393.78333333333336,6,6,12.484845409693165,34.95,128.07
2022-07-08 13:00:00,여수,469.59999999999997,6,6,12.292913074769587,34.74,127.74
2022-07-08 13:00:00,영동,621.6333333333333,6,6,14.702373443272279,37.18,128.46
2022-07-08 13:00:00,영흥,515.7333333333332,6,6,14.913603907033831,37.26,126.46
2022-07-08 13:00:00,예천,721.6833333333334,6,6,14.172458720468171,36.65,128.46
2022-07-08 13:00:00,창원,345.75,6,6,12.730938996907426,35.21,128.58
2022-07-08 13:00:00,탑선,230.35,6,6,12.873926764059405,35.24,126.81
2022-07-08 14:00:00,경상대,436.3833333333334,6,6,17.820118974349285,35.18,128.1
2022-07-08 14:00:00,고흥만수상,470.75,6,6,16.924219138079863,34.57,127.3
2022-07-08 14:00:00,광양항세방,336.06666666666666,6,6,17.415473390684042,34.93,127.71
2022-07-08 14:00:00,구미,812.75,6,6,18.605248480265445,36.13,128.34
2022-07-08 14:00:00,삼천포,308.3833333333333,6,6,17.649562933499254,34.95,128.07
2022-07-08 14:00:00,여수,464.4166666666667,6,6,17.307484125926223,34.74,127.74
2022-07-08 14:00:00,영동,559.2833333333333,6,6,19.406406360936728,37.18,128.46
2022-07-08 14:00:00,영흥,823.8499999999999,6,6,18.390067764594804,37.26,126.46
2022-07-08 14:00:00,예천,583.1166666666667,6,6,19.034135082054476,36.65,128.46
2022-07-08 14:00:00,창원,573.0166666666668,6,6,18.135265107588623,35.21,128.58
2022-07-08 14:00:00,탑선,228.5,6,6,17.093135707395987,35.24,126.81
2022-07-08 15:00:00,경상대,359.56666666666666,6,6,28.51461378937276,35.18,128.1
2022-07-08 15:00:00,고흥만수상,715.9499999999999,6,6,27.69913655504726,34.57,127.3
2022-07-08 15:00:00,광양항세방,307.8666666666667,6,6,28.13246082952795,34.93,127.71
2022-07-08 15:00:00,구미,619.5166666666665,6,6,29.01164869326174,36.13,128.34
2022-07-08 15:00:00,삼천포,323.4166666666667,6,6,28.418888379166916,34.95,128.07
2022-07-08 15:00:00,여수,420.78333333333336,6,6,28.096097505415017,34.74,127.74
2022-07-08 15:00:00,영동,592.35,6,6,29.47335315834519,37.18,128.46
2022-07-08 15:00:00,영흥,811.6166666666667,6,6,28.035669092266907,37.26,126.46
2022-07-08 15:00:00,예천,634.5166666666668,6,6,29.28256500405368,36.65,128.46
2022-07-08 15:00:00,창원,641.8166666666667,6,6,28.8964429631638,35.21,128.58
2022-07-08 15:00:00,탑선,417.0333333333333,6,6,27.539559722740506,35.24,126.81
2022-07-08 16:00:00,경상대,242.73333333333335,6,6,40.49221550709452,35.18,128.1
2022-07-08 16:00:00,고흥만수상,673.2666666666668,6,6,39.77598024248863,34.57,127.3
2022-07-08 16:00:00,광양항세방,341.0333333333333,6,6,40.14839738269872,34.93,127.71
2022-07-08 16:00:00,구미,298.3666666666666,6,6,40.79397184602685,36.13,128.34
2022-07-08 16:00:00,삼천포,254.8166666666667,6,6,40.444006268237366,34.95,128.07
2022-07-08 16:00:00,여수,364.70000000000005,6,6,40.153333585738835,34.74,127.74
2022-07-08 16:00:00,영동,586.3666666666667,6,6,41.02741174213146,37.18,128.46
2022-07-08 16:00:00,영흥,708.6666666666666,6,6,39.46632359604625,37.26,126.46
2022-07-08 16:00:00,예천,677.5,6,6,40.955420661954754,36.65,128.46
2022-07-08 16:00:00,창원,276.21666666666664,6,6,40.88548450493422,35.21,128.58
2022-07-08 16:00:00,탑선,497.8,6,6,39.45188721082026,35.24,126.81
2022-07-08 17:00:00,경상대,291.46666666666664,6,6,52.73752541189414,35.18,128.1
2022-07-08 17:00:00,고흥만수상,486.25,6,6,52.11338478359937,34.57,127.3
2022-07-08 17:00:00,광양항세방,165.9,6,6,52.43139539880457,34.93,127.71
2022-07-08 17:00:00,구미,308.9666666666667,6,6,52.8886967174632,36.13,128.34
2022-07-08 17:00:00,삼천포,205.4,6,6,52.72506506049569,34.95,128.07
2022-07-08 17:00:00,여수,409.46666666666664,6,6,52.46588823643155,34.74,127.74
2022-07-08 17:00:00,영동,368.68333333333334,6,6,52.94867797589852,37.18,128.46
2022-07-08 17:00:00,영흥,574.1666666666667,6,6,51.35488379965309,37.26,126.46
2022-07-08 17:00:00,예천,542.1833333333333,6,6,52.96547086355645,36.65,128.46
2022-07-08 17:00:00,창원,132.9,6,6,53.127640480321915,35.21,128.58
2022-07-08 17:00:00,탑선,517.1666666666667,6,6,51.68189287019275,35.24,126.81
2022-07-08 18:00:00,경상대,352.8333333333333,6,6,64.90165931439827,35.18,128.1
2022-07-08 18:00:00,고흥만수상,429.54999999999995,6,6,64.36941530746273,34.57,127.3
2022-07-08 18:00:00,광양항세방,349.70000000000005,6,6,64.63422015736549,34.93,127.71
2022-07-08 18:00:00,구미,394.75,6,6,64.91934288403256,36.13,128.34
2022-07-08 18:00:00,삼천포,169.08333333333331,6,6,64.92046832895294,34.95,128.07
2022-07-08 18:00:00,여수,262.3833333333333,6,6,64.6936429413864,34.74,127.74
2022-07-08 18:00:00,영동,263.18333333333334,6,6,64.8283689882722,37.18,128.46
2022-07-08 18:00:00,영흥,415.53333333333336,6,6,63.24410365211575,37.26,126.46
2022-07-08 18:00:00,예천,380.28333333333336,6,6,64.92131385568462,36.65,128.46
2022-07-08 18:00:00,창원,145.35,6,6,65.28130157933875,35.21,128.58
2022-07-08 18:00:00,탑선,406.5333333333333,6,6,63.85408086852712,35.24,126.81
2022-07-08 19:00:00,경상대,231.26,5,6,76.76411089412993,35.18,128.1
2022-07-08 19:00:00,고흥만수상,184.49999999999997,5,6,76.33081414450473,34.57,127.3
2022-07-08 19:00:00,광양항세방,169.8,5,6,76.53914235638447,34.93,127.71
2022-07-08 19:00:00,구미,248.37999999999997,5,6,76.65150496055767,36.13,128.34
2022-07-08 19:00:00,삼천포,217.1,5,6,76.8131333231071,34.95,128.07
2022-07-08 19:00:00,여수,214.74,5,6,76.62186974869606,34.74,127.74
2022-07-08 19:00:00,영동,158.57999999999998,5,6,76.41613386599981,37.18,128.46
2022-07-08 19:00:00,영흥,237.99999999999997,6,6,74.87313213512422,37.26,126.46
2022-07-08 19:00:00,예천,236.72000000000003,5,6,76.58088255499653,36.65,128.46
2022-07-08 19:00:00,창원,152.7,5,6,77.12675893886735,35.21,128.58
2022-07-08 19:00:00,탑선,250.45000000000002,6,6,75.74303584203356,35.24,126.81
2022-07-08 20:00:00,경상대,,0,6,88.1016129112415,35.18,128.1
2022-07-08 20:00:00,고흥만수상,,0,6,87.78126290635035,34.57,127.3
2022-07-08 20:00:00,광양항세방,,0,6,87.92588842913177,34.93,127.71
2022-07-08 20:00:00,구미,,0,6,87.85364052262128,36.13,128.34
2022-07-08 20:00:00,삼천포,,0,6,88.18171873921882,34.95,128.07
2022-07-08 20:00:00,여수,,0,6,88.03176096536279,34.74,127.74
2022-07-08 20:00:00,영동,,0,6,87.47155862743595,37.18,128.46
2022-07-08 20:00:00,영흥,,0,6,86.0040916364498,37.26,126.46
2022-07-08 20:00:00,예천,,0,6,87.70812328163306,36.65,128.46
2022-07-08 20:00:00,창원,,0,6,88.43928125192937,35.21,128.58
2022-07-08 20:00:00,탑선,,0,6,87.12797971498962,35.24,126.81
2022-07-08 21:00:00,경상대,,0,6,98.62621257319562,35.18,128.1
2022-07-08 21:00:00,고흥만수상,,0,6,98.44011015622473,34.57,127.3
2022-07-08 21:00:00,광양항세방,,0,6,98.50985854844873,34.93,127.71
2022-07-08 21:00:00,구미,,0,6,98.23271208372,36.13,128.34
2022-07-08 21:00:00,삼천포,,0,6,98.73935554084878,34.95,128.07
2022-07-08 21:00:00,여수,,0,6,98.63929921132149,34.74,127.74
2022-07-08 21:00:00,영동,,0,6,97.69700628704403,37.18,128.46
2022-07-08 21:00:00,영흥,,0,6,96.34971026293371,37.26,126.46
2022-07-08 21:00:00,예천,,0,6,98.00735479886826,36.65,128.46
2022-07-08 21:00:00,창원,,0,6,98.92786383221198,35.21,128.58
2022-07-08 21:00:00,탑선,,0,6,97.72833854469252,35.24,126.81
2022-07-08 22:00:00,경상대,,0,6,107.93330971820782,35.18,128.1
2022-07-08 22:00:00,고흥만수상,,0,6,107.909788662595,34.57,127.3
2022-07-08 22:00:00,광양항세방,,0,6,107.88987723136721,34.93,127.71
2022-07-08 22:00:00,구미,,0,6,107.38314278131658,36.13,128.34
2022-07-08 22:00:00,삼천포,,0,6,108.08147363210504,34.95,128.07
2022-07-08 22:00:00,여수,,0,6,108.04285448284764,34.74,127.74
2022-07-08 22:00:00,영동,,0,6,106.68754080268391,37.18,128.46
2022-07-08 22:00:00,영흥,,0,6,105.52197100082611,37.26,126.46
2022-07-08 22:00:00,예천,,0,6,107.07273743825351,36.65,128.46
2022-07-08 22:00:00,창원,,0,6,108.18340092031416,35.21,128.58
2022-07-08 22:00:00,탑선,,0,6,107.15153343336908,35.24,126.81
2022-07-08 23:00:00,경상대,,0,6,115.4600430816537,35.18,128.1
2022-07-08 23:00:00,고흥만수상,,0,6,115.63053895200312,34.57,127.3
2022-07-08 23:00:00,광양항세방,,0,6,115.50495388152214,34.93,127.71
2022-07-08 23:00:00,구미,,0,6,114.7492997077747,36.13,128.34
2022-07-08 23:00:00,삼천포,,0,6,115.64322156472029,34.95,128.07
2022-07-08 23:00:00,여수,,0,6,115.6792357935156,34.74,127.74
2022-07-08 23:00:00,영동,,0,6,113.89746164369149,37.18,128.46
2022-07-08 23:00:00,영흥,,0,6,112.99513788176472,37.26,126.46
2022-07-08 23:00:00,예천,,0,6,114.35291396388807,36.65,128.46
2022-07-08 23:00:00,창원,,0,6,115.63803246654113,35.21,128.58
2022-07-08 23:00:00,탑선,,0,6,114.84957326587624,35.24,126.81
2022-07-09 00:00:00,경상대,,0,6,120.50370004258846,35.18,128.1
2022-07-09 00:00:00,고흥만수상,,0,6,120.89047369273318,34.57,127.3
2022-07-09 00:00:00,광양항세방,,0,6,120.6488576993138,34.93,127.71
2022-07-09 00:00:00,구미,,0,6,119.64950061259448,36.13,128.34
2022-07-09 00:00:00,삼천포,,0,6,120.7166269866567,34.95,128.07
2022-07-09 00:00:00,여수,,0,6,120.83757386404244,34.74,127.74
2022-07-09 00:00:00,영동,,0,6,118.66883046354413,37.18,128.46
2022-07-09 00:00:00,영흥,,0,6,118.12197713622592,37.26,126.46
2022-07-09 00:00:00,예천,,0,6,119.17774940379272,36.65,128.46
2022-07-09 00:00:00,창원,,0,6,120.58708743102999,35.21,128.58
2022-07-09 00:00:00,탑선,,0,6,120.12913053442033,35.24,126.81
2022-07-09 01:00:00,경상대,,0,5,122.39499073430093,35.18,128.1
2022-07-09 01:00:00,고흥만수상,,0,5,122.9911207838452,34.57,127.3
2022-07-09 01:00:00,광양항세방,,0,5,122.63954608405538,34.93,127.71
2022-07-09 01:00:00,구미,,0,5,121.4471802962914,36.13,128.34
2022-07-09 01:00:00,삼천포,,0,5,122.62463380991899,34.95,128.07
2022-07-09 01:00:00,여수,,0,5,122.83000482132954,34.74,127.74
2022-07-09 01:00:00,영동,,0,5,120.39793661816833,37.18,128.46
2022-07-09 01:00:00,영흥,,0,5,120.2784065009813,37.26,126.46
2022-07-09 01:00:00,예천,,0,5,120.92791520650115,36.65,128.46
2022-07-09 01:00:00,창원,,0,5,122.36836000104496,35.21,128.58
2022-07-09 01:00:00,탑선,,0,5,122.30816092114989,35.24,126.81
2022-07-09 02:00:00,경상대,,0,6,120.82647683699884,35.18,128.1
2022-07-09 02:00:00,고흥만수상,,0,6,121.58601297447652,34.57,127.3
2022-07-09 02:00:00,광양항세방,,0,6,121.15161888001208,34.93,127.71
2022-07-09 02:00:00,구미,,0,6,119.85891256615739,36.13,128.34
2022-07-09 02:00:00,삼천포,,0,6,121.05471347474169,34.95,128.07
2022-07-09 02:00:00,여수,,0,6,121.32865173843541,34.74,127.74
2022-07-09 02:00:00,영동,,0,6,118.82144012859854,37.18,128.46
2022-07-09 02:00:00,영흥,,0,6,119.14167557646083,37.26,126.46
2022-07-09 02:00:00,예천,,0,6,119.33206372317646,36.65,128.46
2022-07-09 02:00:00,창원,,0,6,120.69159644801476,35.21,128.58
2022-07-09 02:00:00,탑선,,0,6,121.03676779032077,35.24,126.81
2022-07-09 03:00:00,경상대,,0,6,116.05552381122797,35.18,128.1
2022-07-09 03:00:00,고흥만수상,,0,6,116.91170948709129,34.57,127.3
2022-07-09 03:00:00,광양항세방,,0,6,116.4319029861935,34.93,127.71
2022-07-09 03:00:00,구미,,0,6,115.13660364495523,36.13,128.34
2022-07-09 03:00:00,삼천포,,0,6,116.26655614029033,34.95,128.07
2022-07-09 03:00:00,여수,,0,6,116.58416477253976,34.74,127.74
2022-07-09 03:00:00,영동,,0,6,114.18046996785682,37.18,128.46
2022-07-09 03:00:00,영흥,,0,6,114.88697696857564,37.26,126.46
2022-07-09 03:00:00,예천,,0,6,114.6386932974708,36.65,128.46
2022-07-09 03:00:00,창원,,0,6,115.83080875221225,35.21,128.58
2022-07-09 03:00:00,탑선,,0,6,116.52462222202409,35.24,126.81
2022-07-09 04:00:00,경상대,,0,6,108.732225626745,35.18,128.1
2022-07-09 04:00:00,고흥만수상,,0,6,109.62565175622892,34.57,127.3
2022-07-09 04:00:00,광양항세방,,0,6,109.13264015201584,34.93,127.71
2022-07-09 04:00:00,구미,,0,6,107.90422774838076,36.13,128.34
2022-07-09 04:00:00,삼천포,,0,6,108.91717197826958,34.95,128.07
2022-07-09 04:00:00,여수,,0,6,109.25537585308456,34.74,127.74
2022-07-09 04:00:00,영동,,0,6,107.06947788439675,37.18,128.46
2022-07-09 04:00:00,영흥,,0,6,108.07636460157653,37.26,126.46
2022-07-09 04:00:00,예천,,0,6,107.4578090741202,36.65,128.46
2022-07-09 04:00:00,창원,,0,6,108.44197538752238,35.21,128.58
2022-07-09 04:00:00,탑선,,0,6,109.39970370196964,35.24,126.81
2022-07-09 05:00:00,경상대,,0,6,99.5667413501488,35.18,128.1
2022-07-09 05:00:00,고흥만수상,,0,6,100.45714944492438,34.57,127.3
2022-07-09 05:00:00,광양항세방,,0,6,99.97205543737377,34.93,127.71
2022-07-09 05:00:00,구미,,0,6,98.847647499891,36.13,128.34
2022-07-09 05:00:00,삼천포,,0,6,99.72259891157756,34.95,128.07
2022-07-09 05:00:00,여수,,0,6,100.06519794473152,34.74,127.74
2022-07-09 05:00:00,영동,,0,6,98.14894850140162,37.18,128.46
2022-07-09 05:00:00,영흥,,0,6,99.37328611308124,37.26,126.46
2022-07-09 05:00:00,예천,,0,6,98.46237977570314,36.65,128.46
2022-07-09 05:00:00,창원,,0,6,99.232199018241,35.21,128.58
2022-07-09 05:00:00,탑선,,0,6,100.37587576190374,35.24,126.81
2022-07-09 06:00:00,경상대,,0,6,89.13772026687101,35.18,128.1
2022-07-09 06:00:00,고흥만수상,,0,6,90.00085776976799,34.57,127.3
2022-07-09 06:00:00,광양항세방,,0,6,89.53596789104759,34.93,127.71
2022-07-09 06:00:00,구미,,0,6,88.53230208692875,36.13,128.34
2022-07-09 06:00:00,삼천포,,0,6,89.26440558017144,34.95,128.07
2022-07-09 06:00:00,여수,,0,6,89.60129922246735,34.74,127.74
2022-07-09 06:00:00,영동,,0,6,87.97137671425627,37.18,128.46
2022-07-09 06:00:00,영흥,,0,6,89.34788236235987,37.26,126.46
2022-07-09 06:00:00,예천,,0,6,88.21082739220662,36.65,128.46
2022-07-09 06:00:00,창원,,0,6,88.77451556423085,35.21,128.58
2022-07-09 06:00:00,탑선,,0,6,90.04515094081147,35.24,126.81
2022-07-09 07:00:00,경상대,222.0,4,6,77.8635334264923,35.18,128.1
2022-07-09 07:00:00,고흥만수상,220.96666666666667,3,6,78.68422116214951,34.57,127.3
2022-07-09 07:00:00,광양항세방,206.33333333333334,3,6,78.2470222432825,34.93,127.71
2022-07-09 07:00:00,구미,175.875,4,6,77.37256741066344,36.13,128.34
2022-07-09 07:00:00,삼천포,209.27499999999998,4,6,77.96165424290993,34.95,128.07
2022-07-09 07:00:00,여수,239.76666666666665,3,6,78.28637642835967,34.74,127.74
2022-07-09 07:00:00,영동,124.275,4,6,76.94799346162208,37.18,128.46
2022-07-09 07:00:00,영흥,146.36666666666667,3,6,78.42885310135557,37.26,126.46
2022-07-09 07:00:00,예천,176.22500000000002,4,6,77.1154449562352,36.65,128.46
2022-07-09 07:00:00,창원,225.475,4,6,77.48261684371255,35.21,128.58
2022-07-09 07:00:00,탑선,80.53333333333335,3,6,78.83842731060538,35.24,126.81
2022-07-09 08:00:00,경상대,388.1166666666666,6,6,66.04133042730265,35.18,128.1
2022-07-09 08:00:00,고흥만수상,373.63333333333327,6,6,66.80752134335609,34.57,127.3
2022-07-09 08:00:00,광양항세방,303.5833333333333,6,6,66.40401075506738,34.93,127.71
2022-07-09 08:00:00,구미,327.7666666666667,6,6,65.66747163848972,36.13,128.34
2022-07-09 08:00:00,삼천포,398.95,6,6,66.1108688919469,34.95,128.07
2022-07-09 08:00:00,여수,393.6666666666667,6,6,66.41836451233922,34.74,127.74
2022-07-09 08:00:00,영동,199.91666666666666,6,6,65.38081443113313,37.18,128.46
2022-07-09 08:00:00,영흥,215.48333333333335,6,6,66.93031861822357,37.26,126.46
2022-07-09 08:00:00,예천,246.66666666666666,6,6,65.47638591221877,36.65,128.46
2022-07-09 08:00:00,창원,397.6833333333334,6,6,65.6507268769918,35.21,128.58
2022-07-09 08:00:00,탑선,355.26666666666665,6,6,67.06146943775335,35.24,126.81
2022-07-09 09:00:00,경상대,580.8,6,6,53.898877180338886,35.18,128.1
2022-07-09 09:00:00,고흥만수상,557.85,6,6,54.59636668942212,34.57,127.3
2022-07-09 09:00:00,광양항세방,527.85,6,6,54.23393826652086,34.93,127.71
2022-07-09 09:00:00,구미,500.26666666666665,6,6,53.651540471338585,36.13,128.34
2022-07-09 09:00:00,삼천포,597.9166666666666,6,6,53.93814340290469,34.95,128.07
2022-07-09 09:00:00,여수,587.5500000000001,6,6,54.222753880338395,34.74,127.74
2022-07-09 09:00:00,영동,287.20000000000005,6,6,53.5124759972254,37.18,128.46
2022-07-09 09:00:00,영흥,412.3833333333334,6,6,55.10019837356107,37.26,126.46
2022-07-09 09:00:00,예천,321.93333333333334,6,6,53.5320274005653,36.65,128.46
2022-07-09 09:00:00,창원,596.6999999999999,6,6,53.50551995941139,35.21,128.58
2022-07-09 09:00:00,탑선,528.9166666666666,6,6,54.94633274287434,35.24,126.81
2022-07-09 10:00:00,경상대,745.2333333333335,6,6,41.65488753348669,35.18,128.1
2022-07-09 10:00:00,고흥만수상,652.3833333333333,6,6,42.259542889200226,34.57,127.3
2022-07-09 10:00:00,광양항세방,683.5166666666668,6,6,41.951207894409976,34.93,127.71
2022-07-09 10:00:00,구미,604.4833333333333,6,6,41.558011806010626,36.13,128.34
2022-07-09 10:00:00,삼천포,763.75,6,6,41.658835063160716,34.95,128.07
2022-07-09 10:00:00,여수,750.2833333333333,6,6,41.911341237370785,34.74,127.74
2022-07-09 10:00:00,영동,431.8666666666666,6,6,41.59246980017667,37.18,128.46
2022-07-09 10:00:00,영흥,632.9,6,6,43.18286040908082,37.26,126.46
2022-07-09 10:00:00,예천,478.15000000000003,6,6,41.52379531254394,36.65,128.46
2022-07-09 10:00:00,창원,772.2166666666667,6,6,41.26722201602893,35.21,128.58
2022-07-09 10:00:00,탑선,680.5333333333333,6,6,42.710190533672666,35.24,126.81
2022-07-09 11:00:00,경상대,859.6666666666666,6,6,29.639071667863767,35.18,128.1
2022-07-09 11:00:00,고흥만수상,787.2833333333333,6,6,30.096681140319106,34.57,127.3
2022-07-09 11:00:00,광양항세방,800.5166666666668,6,6,29.87196102494908,34.93,127.71
2022-07-09 11:00:00,구미,713.6,6,6,29.750590909528555,36.13,128.34
2022-07-09 11:00:00,삼천포,888.5833333333334,6,6,29.59499220064935,34.95,128.07
2022-07-09 11:00:00,여수,870.8333333333334,6,6,29.794878943194284,34.74,127.74
2022-07-09 11:00:00,영동,637.1999999999999,6,6,30.020005853948994,37.18,128.46
2022-07-09 11:00:00,영흥,727.8166666666667,6,6,31.54431664245874,37.26,126.46
2022-07-09 11:00:00,예천,725.1999999999999,6,6,29.83410890764837,36.65,128.46
2022-07-09 11:00:00,창원,876.3499999999999,6,6,29.274123109912836,35.21,128.58
2022-07-09 11:00:00,탑선,598.6333333333333,6,6,30.665864987970558,35.24,126.81
2022-07-09 12:00:00,경상대,898.8666666666667,6,6,18.758689658753127,35.18,128.1
2022-07-09 12:00:00,고흥만수상,920.7000000000002,6,6,18.910345581746896,34.57,127.3
2022-07-09 12:00:00,광양항세방,823.5500000000001,6,6,18.855074076977758,34.93,127.71
2022-07-09 12:00:00,구미,726.0666666666666,6,6,19.222833781680535,36.13,128.34
2022-07-09 12:00:00,삼천포,963.6166666666667,6,6,18.634447241634206,34.95,128.07
2022-07-09 12:00:00,여수,938.1999999999999,6,6,18.72032992155141,34.74,127.74
2022-07-09 12:00:00,영동,775.6,6,6,19.864425057699847,37.18,128.46
2022-07-09 12:00:00,영흥,848.4499999999999,6,6,21.102425830468647,37.26,126.46
2022-07-09 12:00:00,예천,630.1166666666667,6,6,19.500349149028295,36.65,128.46
2022-07-09 12:00:00,창원,798.5833333333334,6,6,18.474699828304395,35.21,128.58
2022-07-09 12:00:00,탑선,685.3166666666666,6,6,19.62998363592419,35.24,126.81
2022-07-09 13:00:00,경상대,821.0333333333334,6,6,12.831060439961107,35.18,128.1
2022-07-09 13:00:00,고흥만수상,948.4666666666667,6,6,12.277413354138659,34.57,127.3
2022-07-09 13:00:00,광양항세방,778.4000000000001,6,6,12.602767102498547,34.93,127.71
2022-07-09 13:00:00,구미,785.4833333333332,6,6,13.772198162427074,36.13,128.34
2022-07-09 13:00:00,삼천포,943.5833333333335,6,6,12.602676766155156,34.95,128.07
2022-07-09 13:00:00,여수,937.1999999999999,6,6,12.411391654699656,34.74,127.74
2022-07-09 13:00:00,영동,709.1833333333334,6,6,14.819286368686562,37.18,128.46
2022-07-09 13:00:00,영흥,887.4833333333335,6,6,15.03337734188311,37.26,126.46
2022-07-09 13:00:00,예천,727.9,6,6,14.289397450750783,36.65,128.46
2022-07-09 13:00:00,창원,790.1166666666668,6,6,12.847702785985021,35.21,128.58
2022-07-09 13:00:00,탑선,496.55,6,6,12.993717142811022,35.24,126.81
2022-07-09 14:00:00,경상대,631.3666666666667,6,6,17.884755915693475,35.18,128.1
2022-07-09 14:00:00,고흥만수상,890.4499999999999,6,6,16.9887728798374,34.57,127.3
2022-07-09 14:00:00,광양항세방,639.0166666666667,6,6,17.480274207716292,34.93,127.71
2022-07-09 14:00:00,구미,818.0333333333333,6,6,18.673113436741815,36.13,128.34
2022-07-09 14:00:00,삼천포,720.7833333333333,6,6,17.713278643801615,34.95,128.07
2022-07-09 14:00:00,여수,557.3166666666667,6,6,17.371332259884056,34.74,127.74
2022-07-09 14:00:00,영동,411.6000000000001,6,6,19.47791974354027,37.18,128.46
2022-07-09 14:00:00,영흥,865.3666666666667,6,6,18.467945119793725,37.26,126.46
2022-07-09 14:00:00,예천,794.5833333333334,6,6,19.103673163593868,36.65,128.46
2022-07-09 14:00:00,창원,690.25,6,6,18.19852005665784,35.21,128.58
2022-07-09 14:00:00,탑선,863.3666666666667,6,6,17.162305435774755,35.24,126.81
2022-07-09 15:00:00,경상대,655.3333333333334,6,6,28.54919572229994,35.18,128.1
2022-07-09 15:00:00,고흥만수상,817.3000000000001,6,6,27.73211500348988,34.57,127.3
2022-07-09 15:00:00,광양항세방,540.4499999999999,6,6,28.166462791162857,34.93,127.71
2022-07-09 15:00:00,구미,834.8166666666667,6,6,29.04974025994143,36.13,128.34
2022-07-09 15:00:00,삼천포,702.9666666666667,6,6,28.452569026913693,34.95,128.07
2022-07-09 15:00:00,여수,393.43333333333334,6,6,28.12928354558143,34.74,127.74
2022-07-09 15:00:00,영동,495.31666666666666,6,6,29.51533943977816,37.18,128.46
2022-07-09 15:00:00,영흥,797.1333333333332,6,6,28.080518900326304,37.26,126.46
2022-07-09 15:00:00,예천,728.5333333333333,6,6,29.322533657940532,36.65,128.46
2022-07-09 15:00:00,창원,536.3166666666667,6,6,28.930618782946517,35.21,128.58
2022-07-09 15:00:00,탑선,790.8000000000001,6,6,27.575904029208232,35.24,126.81
2022-07-09 16:00:00,경상대,629.1333333333333,6,6,40.51743343109065,35.18,128.1
2022-07-09 16:00:00,고흥만수상,678.7666666666668,6,6,39.79945682224245,34.57,127.3
2022-07-09 16:00:00,광양항세방,541.0166666666668,6,6,40.172923590611006,34.93,127.71
2022-07-09 16:00:00,구미,738.3833333333332,6,6,40.8221320249635,36.13,128.34
2022-07-09 16:00:00,삼천포,699.7166666666667,6,6,40.46849686505162,34.95,128.07
2022-07-09 16:00:00,여수,287.81666666666666,6,6,40.1772390833167,34.74,127.74
2022-07-09 16:00:00,영동,681.8833333333333,6,6,41.05881694572382,37.18,128.46
2022-07-09 16:00:00,영흥,688.6833333333334,6,6,39.49877362727075,37.26,126.46
2022-07-09 16:00:00,예천,715.6666666666666,6,6,40.98517401879086,36.65,128.46
2022-07-09 16:00:00,창원,606.0666666666666,6,6,40.91066654868574,35.21,128.58
2022-07-09 16:00:00,탑선,700.9166666666666,6,6,39.47769357798381,35.24,126.81
2022-07-09 17:00:00,경상대,454.25,6,6,52.76192574301414,35.18,128.1
2022-07-09 17:00:00,고흥만수상,589.6999999999999,6,6,52.1360868127349,34.57,127.3
2022-07-09 17:00:00,광양항세방,375.2166666666667,6,6,52.45509551125894,34.93,127.71
2022-07-09 17:00:00,구미,594.6333333333333,6,6,52.9156081596831,36.13,128.34
2022-07-09 17:00:00,삼천포,571.9,6,6,52.74885754738252,34.95,128.07
2022-07-09 17:00:00,여수,289.3833333333333,6,6,52.48908982131674,34.74,127.74
2022-07-09 17:00:00,영동,486.34999999999997,6,6,52.97833168210034,37.18,128.46
2022-07-09 17:00:00,영흥,543.7833333333333,6,6,51.38468065993369,37.26,126.46
2022-07-09 17:00:00,예천,565.0666666666667,6,6,52.99374704445278,36.65,128.46
2022-07-09 17:00:00,창원,569.2333333333333,6,6,53.15217272366222,35.21,128.58
2022-07-09 17:00:00,탑선,594.6333333333333,6,6,51.70633148492472,35.24,126.81
2022-07-09 18:00:00,경상대,381.2,6,6,64.92976045644498,35.18,128.1
2022-07-09 18:00:00,고흥만수상,438.2833333333333,6,6,64.39585313092746,34.57,127.3
2022-07-09 18:00:00,광양항세방,312.28333333333336,6,6,64.66161949042154,34.93,127.71
2022-07-09 18:00:00,구미,416.6000000000001,6,6,64.94966971805242,36.13,128.34
2022-07-09 18:00:00,삼천포,339.3833333333333,6,6,64.94803876195147,34.95,128.07
2022-07-09 18:00:00,여수,235.48333333333332,6,6,64.72062148604846,34.74,127.74
2022-07-09 18:00:00,영동,365.40000000000003,6,6,64.86109605146461,37.18,128.46
2022-07-09 18:00:00,영흥,374.0,6,6,63.27641793375413,37.26,126.46
2022-07-09 18:00:00,예천,394.03333333333336,6,6,64.95285019118509,36.65,128.46
2022-07-09 18:00:00,창원,378.86666666666673,6,6,65.30963861267776,35.21,128.58
2022-07-09 18:00:00,탑선,436.40000000000003,6,6,63.88188262899435,35.24,126.81
2022-07-09 19:00:00,경상대,234.56000000000003,5,6,76.79909781528856,35.18,128.1
2022-07-09 19:00:00,고흥만수상,263.0400000000001,5,6,76.364140706104,34.57,127.3
2022-07-09 19:00:00,광양항세방,197.22,5,6,76.57341629750655,34.93,127.71
2022-07-09 19:00:00,구미,241.61999999999998,5,6,76.68852169968295,36.13,128.34
2022-07-09 19:00:00,삼천포,249.0,5,6,76.84764246310692,34.95,128.07
2022-07-09 19:00:00,여수,215.5,5,6,76.65577743342283,34.74,127.74
2022-07-09 19:00:00,영동,216.51999999999998,5,6,76.45530604576315,37.18,128.46
2022-07-09 19:00:00,영흥,194.75,6,6,74.91146217639988,37.26,126.46
2022-07-09 19:00:00,예천,221.3,5,6,76.61899966739917,36.65,128.46
2022-07-09 19:00:00,창원,249.02000000000004,5,6,77.16206672973163,35.21,128.58
2022-07-09 19:00:00,탑선,244.25,6,6,75.77745713211965,35.24,126.81
2022-07-09 20:00:00,경상대,,0,6,88.14630425621348,35.18,128.1
2022-07-09 20:00:00,고흥만수상,,0,6,87.82427353456919,34.57,127.3
2022-07-09 20:00:00,광양항세방,,0,6,87.96984704447917,34.93,127.71
2022-07-09 20:00:00,구미,,0,6,87.90020483820041,36.13,128.34
2022-07-09 20:00:00,삼천포,,0,6,88.22597486826886,34.95,128.07
2022-07-09 20:00:00,여수,,0,6,88.07539846682374,34.74,127.74
2022-07-09 20:00:00,영동,,0,6,87.52007338235025,37.18,128.46
2022-07-09 20:00:00,영흥,,0,6,86.05137203203029,37.26,126.46
2022-07-09 20:00:00,예천,,0,6,87.75569834471901,36.65,128.46
2022-07-09 20:00:00,창원,,0,6,88.48437599569098,35.21,128.58
2022-07-09 20:00:00,탑선,,0,6,87.17185411282149,35.24,126.81
2022-07-09 21:00:00,경상대,,0,6,98.6834154214907,35.18,128.1
2022-07-09 21:00:00,고흥만수상,,0,6,98.49561574690618,34.57,127.3
2022-07-09 21:00:00,광양항세방,,0,6,98.56631086250121,34.93,127.71
2022-07-09 21:00:00,구미,,0,6,98.2916181070663,36.13,128.34
2022-07-09 21:00:00,삼천포,,0,6,98.79616846185726,34.95,128.07
2022-07-09 21:00:00,여수,,0,6,98.69547761323805,34.74,127.74
2022-07-09 21:00:00,영동,,0,6,97.75764061801395,37.18,128.46
2022-07-09 21:00:00,영흥,,0,6,96.4087286882864,37.26,126.46
2022-07-09 21:00:00,예천,,0,6,98.06717355194407,36.65,128.46
2022-07-09 21:00:00,창원,,0,6,98.98555300574532,35.21,128.58
2022-07-09 21:00:00,탑선,,0,6,97.78447023259058,35.24,126.81
2022-07-09 22:00:00,경상대,,0,6,108.00574461418479,35.18,128.1
2022-07-09 22:00:00,고흥만수상,,0,6,107.98056804822868,34.57,127.3
2022-07-09 22:00:00,광양항세방,,0,6,107.9615694750172,34.93,127.71
2022-07-09 22:00:00,구미,,0,6,107.45703615508332,36.13,128.34
2022-07-09 22:00:00,삼천포,,0,6,108.15358134722769,34.95,128.07
2022-07-09 22:00:00,여수,,0,6,108.1143331768237,34.74,127.74
2022-07-09 22:00:00,영동,,0,6,106.76286100191693,37.18,128.46
2022-07-09 22:00:00,영흥,,0,6,105.59534080607044,37.26,126.46
2022-07-09 22:00:00,예천,,0,6,107.14740452441289,36.65,128.46
2022-07-09 22:00:00,창원,,0,6,108.25639267755174,35.21,128.58
2022-07-09 22:00:00,탑선,,0,6,107.22266282122303,35.24,126.81
2022-07-09 23:00:00,경상대,,0,6,115.5496493115663,35.18,128.1
2022-07-09 23:00:00,고흥만수상,,0,6,115.71867695915321,34.57,127.3
2022-07-09 23:00:00,광양항세방,,0,6,115.59389106662563,34.93,127.71
2022-07-09 23:00:00,구미,,0,6,114.83998711613461,36.13,128.34
2022-07-09 23:00:00,삼천포,,0,6,115.73259356137609,34.95,128.07
2022-07-09 23:00:00,여수,,0,6,115.76803987955908,34.74,127.74
2022-07-09 23:00:00,영동,,0,6,113.98914779496546,37.18,128.46
2022-07-09 23:00:00,영흥,,0,6,113.08471392231439,37.26,126.46
2022-07-09 23:00:00,예천,,0,6,114.44416665900704,36.65,128.46
2022-07-09 23:00:00,창원,,0,6,115.7282167182891,35.21,128.58
2022-07-09 23:00:00,탑선,,0,6,114.93774800751338,35.24,126.81
2022-07-10 00:00:00,경상대,,0,6,120.61013097467729,35.18,128.1
2022-07-10 00:00:00,고흥만수상,,0,6,120.9958431272421,34.57,127.3
2022-07-10 00:00:00,광양항세방,,0,6,120.7547955861742,34.93,127.71
2022-07-10 00:00:00,구미,,0,6,119.7565186841212,36.13,128.34
2022-07-10 00:00:00,삼천포,,0,6,120.82294062895392,34.95,128.07
2022-07-10 00:00:00,여수,,0,6,120.94346820188619,34.74,127.74
2022-07-10 00:00:00,영동,,0,6,118.77633244154923,37.18,128.46
2022-07-10 00:00:00,영흥,,0,6,118.22759015590815,37.26,126.46
2022-07-10 00:00:00,예천,,0,6,119.28506760432263,36.65,128.46
2022-07-10 00:00:00,창원,,0,6,120.69401222781724,35.21,128.58
2022-07-10 00:00:00,탑선,,0,6,120.23426731438764,35.24,126.81
2022-07-10 01:00:00,경상대,,0,5,122.51408499110595,35.18,128.1
2022-07-10 01:00:00,고흥만수상,,0,5,123.10970847432924,34.57,127.3
2022-07-10 01:00:00,광양항세방,,0,5,122.75839876619176,34.93,127.71
2022-07-10 01:00:00,구미,,0,5,121.56642439765227,36.13,128.34
2022-07-10 01:00:00,삼천포,,0,5,122.74370755178099,34.95,128.07
2022-07-10 01:00:00,여수,,0,5,122.94887311883178,34.74,127.74
2022-07-10 01:00:00,영동,,0,5,120.51725517991923,37.18,128.46
2022-07-10 01:00:00,영흥,,0,5,120.39654084170394,37.26,126.46
2022-07-10 01:00:00,예천,,0,5,121.04723127571557,36.65,128.46
2022-07-10 01:00:00,창원,,0,5,122.48773971080257,35.21,128.58
2022-07-10 01:00:00,탑선,,0,5,122.42645168493,35.24,126.81
2022-07-10 02:00:00,경상대,,0,6,120.95092920066321,35.18,128.1
2022-07-10 02:00:00,고흥만수상,,0,6,121.71041051868986,34.57,127.3
2022-07-10 02:00:00,광양항세방,,0,6,121.27604483505414,34.93,127.71
2022-07-10 02:00:00,구미,,0,6,119.98335821156617,36.13,128.34
2022-07-10 02:00:00,삼천포,,0,6,121.17916963305302,34.95,128.07
2022-07-10 02:00:00,여수,,0,6,121.45308599491312,34.74,127.74
2022-07-10 02:00:00,영동,,0,6,118.9458653754503,37.18,128.46
2022-07-10 02:00:00,영흥,,0,6,119.26586344998142,37.26,126.46
2022-07-10 02:00:00,예천,,0,6,119.4565045140186,36.65,128.46
2022-07-10 02:00:00,창원,,0,6,120.81608314806783,35.21,128.58
2022-07-10 02:00:00,탑선,,0,6,121.1610864287617,35.24,126.81
2022-07-10 03:00:00,경상대,,0,6,116.17819049599915,35.18,128.1
2022-07-10 03:00:00,고흥만수상,,0,6,117.03449260232884,34.57,127.3
2022-07-10 03:00:00,광양항세방,,0,6,116.55463644747704,34.93,127.71
2022-07-10 03:00:00,구미,,0,6,115.25940595977924,36.13,128.34
2022-07-10 03:00:00,삼천포,,0,6,116.38918031770254,34.95,128.07
2022-07-10 03:00:00,여수,,0,6,116.70684665485584,34.74,127.74
2022-07-10 03:00:00,영동,,0,6,114.30345756861267,37.18,128.46
2022-07-10 03:00:00,영흥,,0,6,115.01049852255261,37.26,126.46
2022-07-10 03:00:00,예천,,0,6,114.76157119658853,36.65,128.46
2022-07-10 03:00:00,창원,,0,6,115.95332922778995,35.21,128.58
2022-07-10 03:00:00,탑선,,0,6,116.64769054482852,35.24,126.81
2022-07-10 04:00:00,경상대,,0,6,108.84872835729693,35.18,128.1
2022-07-10 04:00:00,고흥만수상,,0,6,109.74221099686892,34.57,127.3
2022-07-10 04:00:00,광양항세방,,0,6,109.24919618676091,34.93,127.71
2022-07-10 04:00:00,구미,,0,6,108.02114727247347,36.13,128.34
2022-07-10 04:00:00,삼천포,,0,6,109.03355794148948,34.95,128.07
2022-07-10 04:00:00,여수,,0,6,109.37180833313127,34.74,127.74
2022-07-10 04:00:00,영동,,0,6,107.18691201220292,37.18,128.46
2022-07-10 04:00:00,영흥,,0,6,108.19474016093608,37.26,126.46
2022-07-10 04:00:00,예천,,0,6,107.57495745509362,36.65,128.46
2022-07-10 04:00:00,창원,,0,6,108.55825483662619,35.21,128.58
2022-07-10 04:00:00,탑선,,0,6,109.51687860478881,35.24,126.81
2022-07-10 05:00:00,경상대,,0,6,99.6755218867306,35.18,128.1
2022-07-10 05:00:00,고흥만수상,,0,6,100.5658190307621,34.57,127.3
2022-07-10 05:00:00,광양항세방,,0,6,100.08082262655475,34.93,127.71
2022-07-10 05:00:00,구미,,0,6,98.95713620116912,36.13,128.34
2022-07-10 05:00:00,삼천포,,0,6,99.83119083167962,34.95,128.07
2022-07-10 05:00:00,여수,,0,6,100.1737801385766,34.74,127.74
2022-07-10 05:00:00,영동,,0,6,98.2592753668645,37.18,128.46
2022-07-10 05:00:00,영흥,,0,6,99.4846649651053,37.26,126.46
2022-07-10 05:00:00,예천,,0,6,98.57225593342139,36.65,128.46
2022-07-10 05:00:00,창원,,0,6,99.34075152790038,35.21,128.58
2022-07-10 05:00:00,탑선,,0,6,100.48539452917562,35.24,126.81
2022-07-10 06:00:00,경상대,,0,6,89.23896038609479,35.18,128.1
2022-07-10 06:00:00,고흥만수상,,0,6,90.10178480029832,34.57,127.3
2022-07-10 06:00:00,광양항세방,,0,6,89.63710875669896,34.93,127.71
2022-07-10 06:00:00,구미,,0,6,88.63451501859781,36.13,128.34
2022-07-10 06:00:00,삼천포,,0,6,89.36539440401275,34.95,128.07
2022-07-10 06:00:00,여수,,0,6,89.7022058991343,34.74,127.74
2022-07-10 06:00:00,영동,,0,6,88.07471320519954,37.18,128.46
2022-07-10 06:00:00,영흥,,0,6,89.45220863767568,37.26,126.46
2022-07-10 06:00:00,예천,,0,6,88.3135719773371,36.65,128.46
2022-07-10 06:00:00,창원,,0,6,88.87555993187716,35.21,128.58
2022-07-10 06:00:00,탑선,,0,6,90.14708428721237,35.24,126.81
2022-07-10 07:00:00,경상대,201.55,4,6,77.95828963230633,35.18,128.1
2022-07-10 07:00:00,고흥만수상,211.73333333333335,3,6,78.77844459327393,34.57,127.3
2022-07-10 07:00:00,광양항세방,170.2,3,6,78.34158344587489,34.93,127.71
2022-07-10 07:00:00,구미,209.35,4,6,77.46854884242346,36.13,128.34
2022-07-10 07:00:00,삼천포,202.925,4,6,78.05610063727325,34.95,128.07
2022-07-10 07:00:00,여수,206.46666666666667,3,6,78.3806600358538,34.74,127.74
2022-07-10 07:00:00,영동,155.97500000000002,4,6,77.04536440415582,37.18,128.46
2022-07-10 07:00:00,영흥,146.9,3,6,78.52705777197166,37.26,126.46
2022-07-10 07:00:00,예천,157.15,4,6,77.21209524059114,36.65,128.46
2022-07-10 07:00:00,창원,224.27499999999998,4,6,77.5772281497346,35.21,128.58
2022-07-10 07:00:00,탑선,177.23333333333335,3,6,78.9337765889129,35.24,126.81
2022-07-10 08:00:00,경상대,358.84999999999997,6,6,66.13116747057593,35.18,128.1
2022-07-10 08:00:00,고흥만수상,361.0666666666666,6,6,66.89657253127888,34.57,127.3
2022-07-10 08:00:00,광양항세방,303.2,6,6,66.49354128487968,34.93,127.71
2022-07-10 08:00:00,구미,356.23333333333335,6,6,65.75880739798136,36.13,128.34
2022-07-10 08:00:00,삼천포,366.15000000000003,6,6,66.20033307434015,34.95,128.07
2022-07-10 08:00:00,여수,357.81666666666666,6,6,66.50757199852563,34.74,127.74
2022-07-10 08:00:00,영동,280.56666666666666,6,6,65.47382129952186,37.18,128.46
2022-07-10 08:00:00,영흥,282.0333333333333,6,6,67.02393175335628,37.26,126.46
2022-07-10 08:00:00,예천,311.3333333333333,6,6,65.5685380078364,36.65,128.46
2022-07-10 08:00:00,창원,363.8,6,6,65.7404852977819,35.21,128.58
2022-07-10 08:00:00,탑선,336.63333333333327,6,6,67.15176025662822,35.24,126.81
2022-07-10 09:00:00,경상대,464.7,6,6,53.985931516851906,35.18,128.1
2022-07-10 09:00:00,고흥만수상,528.8000000000001,6,6,54.682308089231846,34.57,127.3
2022-07-10 09:00:00,광양항세방,472.6000000000001,6,6,54.320541100526384,34.93,127.71
2022-07-10 09:00:00,구미,430.38333333333327,6,6,53.74043082628095,36.13,128.34
2022-07-10 09:00:00,삼천포,533.9333333333333,6,6,54.02474685794591,34.95,128.07
2022-07-10 09:00:00,여수,555.65,6,6,54.30897835393112,34.74,127.74
2022-07-10 09:00:00,영동,397.98333333333335,6,6,53.603374249322435,37.18,128.46
2022-07-10 09:00:00,영흥,456.4333333333334,6,6,55.19137272443778,37.26,126.46
2022-07-10 09:00:00,예천,481.8666666666666,6,6,53.62191326682082,36.65,128.46
2022-07-10 09:00:00,창원,464.6166666666666,6,6,53.59258766659012,35.21,128.58
2022-07-10 09:00:00,탑선,513.7333333333333,6,6,55.03364302324148,35.24,126.81
2022-07-10 10:00:00,경상대,708.9166666666666,6,6,41.742425706646316,35.18,128.1
2022-07-10 10:00:00,고흥만수상,561.4166666666666,6,6,42.345491895323285,34.57,127.3
2022-07-10 10:00:00,광양항세방,566.5500000000001,6,6,42.038081875883314,34.93,127.71
2022-07-10 10:00:00,구미,467.4000000000001,6,6,41.64783514202326,36.13,128.34
2022-07-10 10:00:00,삼천포,627.2833333333334,6,6,41.745817743752845,34.95,128.07
2022-07-10 10:00:00,여수,631.9000000000001,6,6,41.99776480782026,34.74,127.74
2022-07-10 10:00:00,영동,607.9333333333333,6,6,41.68472385813653,37.18,128.46
2022-07-10 10:00:00,영흥,631.4499999999999,6,6,43.274848831728185,37.26,126.46
2022-07-10 10:00:00,예천,567.8333333333334,6,6,41.61484569238403,36.65,128.46
2022-07-10 10:00:00,창원,637.4,6,6,41.35492223736271,35.21,128.58
2022-07-10 10:00:00,탑선,673.6,6,6,42.79765542604024,35.24,126.81
2022-07-10 11:00:00,경상대,773.4333333333334,6,6,29.733041876881735,35.18,128.1
2022-07-10 11:00:00,고흥만수상,714.1166666666668,6,6,30.18832350543444,34.57,127.3
2022-07-10 11:00:00,광양항세방,635.9833333333332,6,6,29.964932923070087,34.93,127.71
2022-07-10 11:00:00,구미,606.5666666666667,6,6,29.847387168680974,36.13,128.34
2022-07-10 11:00:00,삼천포,819.6833333333334,6,6,29.688278927058924,34.95,128.07
2022-07-10 11:00:00,여수,583.0500000000001,6,6,29.887320402422567,34.74,127.74
2022-07-10 11:00:00,영동,780.7833333333334,6,6,30.119654551938297,37.18,128.46
2022-07-10 11:00:00,영흥,716.9166666666666,6,6,31.6426981307282,37.26,126.46
2022-07-10 11:00:00,예천,758.0833333333334,6,6,29.93238641973347,36.65,128.46
2022-07-10 11:00:00,창원,608.5666666666666,6,6,29.368536291537495,35.21,128.58
2022-07-10 11:00:00,탑선,538.8166666666667,6,6,30.759103205991877,35.24,126.81
2022-07-10 12:00:00,경상대,831.5500000000001,6,6,18.87067838265935,35.18,128.1
2022-07-10 12:00:00,고흥만수상,779.65,6,6,19.019360833114504,34.57,127.3
2022-07-10 12:00:00,광양항세방,491.25000000000006,6,6,18.965765689816152,34.93,127.71
2022-07-10 12:00:00,구미,691.8000000000001,6,6,19.337426607875514,36.13,128.34
2022-07-10 12:00:00,삼천포,717.3333333333334,6,6,18.745797026128983,34.95,128.07
2022-07-10 12:00:00,여수,835.7666666666668,6,6,18.830561798315728,34.74,127.74
2022-07-10 12:00:00,영동,835.5166666666668,6,6,19.981285057149165,37.18,128.46
2022-07-10 12:00:00,영흥,818.7666666666668,6,6,21.216655141017327,37.26,126.46
2022-07-10 12:00:00,예천,728.1666666666666,6,6,19.616200128097205,36.65,128.46
2022-07-10 12:00:00,창원,646.9499999999999,6,6,18.587565029339117,35.21,128.58
2022-07-10 12:00:00,탑선,730.5,6,6,19.74002464240057,35.24,126.81
2022-07-10 13:00:00,경상대,650.6166666666667,6,6,12.955202897710379,35.18,128.1
2022-07-10 13:00:00,고흥만수상,715.3833333333333,6,6,12.402917208496532,34.57,127.3
2022-07-10 13:00:00,광양항세방,793.9166666666666,6,6,12.727598211876185,34.93,127.71
2022-07-10 13:00:00,구미,625.9000000000001,6,6,13.895829209720645,36.13,128.34
2022-07-10 13:00:00,삼천포,845.4833333333332,6,6,12.726899404072341,34.95,128.07
2022-07-10 13:00:00,여수,891.5166666666668,6,6,12.536205103479162,34.74,127.74
2022-07-10 13:00:00,영동,839.2999999999998,6,6,14.942648606495041,37.18,128.46
2022-07-10 13:00:00,영흥,866.4833333333335,6,6,15.15933490937904,37.26,126.46
2022-07-10 13:00:00,예천,855.65,6,6,14.412786252206871,36.65,128.46
2022-07-10 13:00:00,창원,804.4333333333333,6,6,12.970936584180748,35.21,128.58
2022-07-10 13:00:00,탑선,857.5833333333335,6,6,13.119692897301022,35.24,126.81
2022-07-10 14:00:00,경상대,792.1666666666666,6,6,17.955872392637517,35.18,128.1
2022-07-10 14:00:00,고흥만수상,823.6999999999999,6,6,17.0598379024011,34.57,127.3
2022-07-10 14:00:00,광양항세방,777.6,6,6,17.55157278272374,34.93,127.71
2022-07-10 14:00:00,구미,858.7666666666668,6,6,18.747499365713892,36.13,128.34
2022-07-10 14:00:00,삼천포,921.7166666666666,6,6,17.783460002598375,34.95,128.07
2022-07-10 14:00:00,여수,931.7666666666665,6,6,17.441661710189123,34.74,127.74
2022-07-10 14:00:00,영동,896.4166666666669,6,6,19.55600204479755,37.18,128.46
2022-07-10 14:00:00,영흥,859.7166666666667,6,6,18.55252628026018,37.26,126.46
2022-07-10 14:00:00,예천,856.2833333333333,6,6,19.17975269636281,36.65,128.46
2022-07-10 14:00:00,창원,719.8833333333332,6,6,18.26821303131642,35.21,128.58
2022-07-10 14:00:00,탑선,793.8166666666666,6,6,17.238072747965305,35.24,126.81
2022-07-10 15:00:00,경상대,868.25,6,6,28.58908987930767,35.18,128.1
2022-07-10 15:00:00,고흥만수상,817.2166666666666,6,6,27.770364047479873,34.57,127.3
2022-07-10 15:00:00,광양항세방,661.6166666666667,6,6,28.205763606205366,34.93,127.71
2022-07-10 15:00:00,구미,823.4333333333333,6,6,29.09325861005361,36.13,128.34
2022-07-10 15:00:00,삼천포,899.5,6,6,28.4915313194018,34.95,128.07
2022-07-10 15:00:00,여수,866.25,6,6,28.167739689494326,34.74,127.74
2022-07-10 15:00:00,영동,809.5166666666668,6,6,29.562877211106574,37.18,128.46
2022-07-10 15:00:00,영흥,788.8833333333333,6,6,28.13104024553737,37.26,126.46
2022-07-10 15:00:00,예천,814.9833333333332,6,6,29.367988888880532,36.65,128.46
2022-07-10 15:00:00,창원,847.0166666666668,6,6,28.970084964933477,35.21,128.58
2022-07-10 15:00:00,탑선,763.9166666666666,6,6,27.61764240834676,35.24,126.81
2022-07-10 16:00:00,경상대,730.8333333333334,6,6,40.54743252740835,35.18,128.1
2022-07-10 16:00:00,고흥만수상,735.9500000000002,6,6,39.82765342934454,34.57,127.3
2022-07-10 16:00:00,광양항세방,651.7666666666668,6,6,40.20220740318765,34.93,127.71
2022-07-10 16:00:00,구미,730.5166666666668,6,6,40.855185014163965,36.13,128.34
2022-07-10 16:00:00,삼천포,753.3000000000001,6,6,40.497740385119926,34.95,128.07
2022-07-10 16:00:00,여수,660.8333333333334,6,6,40.20587746730816,34.74,127.74
2022-07-10 16:00:00,영동,647.7666666666668,6,6,41.09523637258011,37.18,128.46
2022-07-10 16:00:00,영흥,672.3000000000001,6,6,39.53629382026267,37.26,126.46
2022-07-10 16:00:00,예천,704.1999999999999,6,6,41.01987967031929,36.65,128.46
2022-07-10 16:00:00,창원,718.4166666666666,6,6,40.94062407969341,35.21,128.58
2022-07-10 16:00:00,탑선,711.7333333333335,6,6,39.50831589282122,35.24,126.81
2022-07-10 17:00:00,경상대,584.6333333333333,6,6,52.79096033662628,35.18,128.1
2022-07-10 17:00:00,고흥만수상,615.25,6,6,52.1633593338924,34.57,127.3
2022-07-10 17:00:00,광양항세방,544.5500000000001,6,6,52.48340403177535,34.93,127.71
2022-07-10 17:00:00,구미,582.0500000000001,6,6,52.94725252214523,36.13,128.34
2022-07-10 17:00:00,삼천포,595.3333333333334,6,6,52.7772599881939,34.95,128.07
2022-07-10 17:00:00,여수,571.8499999999999,6,6,52.51687946441534,34.74,127.74
2022-07-10 17:00:00,영동,511.98333333333335,6,6,53.01282488490557,37.18,128.46
2022-07-10 17:00:00,영흥,537.6833333333333,6,6,51.41933416787893,37.26,126.46
2022-07-10 17:00:00,예천,376.3,6,6,53.026809101983694,36.65,128.46
2022-07-10 17:00:00,창원,568.2666666666667,6,6,53.1813416637913,35.21,128.58
2022-07-10 17:00:00,탑선,446.20000000000005,6,6,51.73541375535571,35.24,126.81
2022-07-10 18:00:00,경상대,405.21666666666664,6,6,64.96255936573527,35.18,128.1
2022-07-10 18:00:00,고흥만수상,428.01666666666665,6,6,64.42692592681546,34.57,127.3
2022-07-10 18:00:00,광양항세방,379.7,6,6,64.6936904166821,34.93,127.71
2022-07-10 18:00:00,구미,422.6666666666667,6,6,64.98478116568427,36.13,128.34
2022-07-10 18:00:00,삼천포,428.28333333333336,6,6,64.98028593438073,34.95,128.07
2022-07-10 18:00:00,여수,434.8999999999999,6,6,64.75225463113006,34.74,127.74
2022-07-10 18:00:00,영동,194.5666666666667,6,6,64.89870053251933,37.18,128.46
2022-07-10 18:00:00,영흥,283.98333333333335,6,6,63.313602714568546,37.26,126.46
2022-07-10 18:00:00,예천,289.3,6,6,64.98921783322034,36.65,128.46
2022-07-10 18:00:00,창원,391.34999999999997,6,6,65.34268056733687,35.21,128.58
2022-07-10 18:00:00,탑선,295.55,6,6,63.91437630152112,35.24,126.81
2022-07-10 19:00:00,경상대,231.82,5,6,76.83898109622052,35.18,128.1
2022-07-10 19:00:00,고흥만수상,252.06,5,6,76.40230254400865,34.57,127.3
2022-07-10 19:00:00,광양항세방,210.94,5,6,76.61256063531131,34.93,127.71
2022-07-10 19:00:00,구미,212.87999999999997,5,6,76.73051154835159,36.13,128.34
2022-07-10 19:00:00,삼천포,255.34,5,6,76.88702963237685,34.95,128.07
2022-07-10 19:00:00,여수,248.21999999999997,5,6,76.69454118710243,34.74,127.74
2022-07-10 19:00:00,영동,224.34,5,6,76.49953216081917,37.18,128.46
2022-07-10 19:00:00,영흥,123.63333333333331,6,6,74.95482236514863,37.26,126.46
2022-07-10 19:00:00,예천,206.66,5,6,76.66213108006203,36.65,128.46
2022-07-10 19:00:00,창원,206.64000000000001,5,6,77.20228129566928,35.21,128.58
2022-07-10 19:00:00,탑선,176.25,6,6,75.81675820339657,35.24,126.81
2022-07-10 20:00:00,경상대,,0,6,88.19619048045364,35.18,128.1
2022-07-10 20:00:00,고흥만수상,,0,6,87.87242033836672,34.57,127.3
2022-07-10 20:00:00,광양항세방,,0,6,88.01897519051306,34.93,127.71
2022-07-10 20:00:00,구미,,0,6,87.95203110262466,36.13,128.34
2022-07-10 20:00:00,삼천포,,0,6,88.27541005381482,34.95,128.07
2022-07-10 20:00:00,여수,,0,6,88.12419356636502,34.74,127.74
2022-07-10 20:00:00,영동,,0,6,87.57391936424611,37.18,128.46
2022-07-10 20:00:00,영흥,,0,6,86.10394705217033,37.26,126.46
2022-07-10 20:00:00,예천,,0,6,87.80857118045135,36.65,128.46
2022-07-10 20:00:00,창원,,0,6,88.53467849814349,35.21,128.58
2022-07-10 20:00:00,탑선,,0,6,87.22089843268581,35.24,126.81
2022-07-10 21:00:00,경상대,,0,6,98.74618726450483,35.18,128.1
2022-07-10 21:00:00,고흥만수상,,0,6,98.55663592306273,34.57,127.3
2022-07-10 21:00:00,광양항세방,,0,6,98.6283083514767,34.93,127.71
2022-07-10 21:00:00,구미,,0,6,98.35614907582607,36.13,128.34
2022-07-10 21:00:00,삼천포,,0,6,98.85853734216401,34.95,128.07
2022-07-10 21:00:00,여수,,0,6,98.75719177689646,34.74,127.74
2022-07-10 21:00:00,영동,,0,6,97.82395617864404,37.18,128.46
2022-07-10 21:00:00,영흥,,0,6,96.47338279414359,37.26,126.46
2022-07-10 21:00:00,예천,,0,6,98.13264688676415,36.65,128.46
2022-07-10 21:00:00,창원,,0,6,99.04882563793447,35.21,128.58
2022-07-10 21:00:00,탑선,,0,6,97.84613975125083,35.24,126.81
2022-07-10 22:00:00,경상대,,0,6,108.08416171910167,35.18,128.1
2022-07-10 22:00:00,고흥만수상,,0,6,108.05728390964524,34.57,127.3
2022-07-10 22:00:00,광양항세방,,0,6,108.03922366152601,34.93,127.71
2022-07-10 22:00:00,구미,,0,6,107.53695308416256,36.13,128.34
2022-07-10 22:00:00,삼천포,,0,6,108.23166177732841,34.95,128.07
2022-07-10 22:00:00,여수,,0,6,108.19176735562667,34.74,127.74
2022-07-10 22:00:00,영동,,0,6,106.84424478316234,37.18,128.46
2022-07-10 22:00:00,영흥,,0,6,105.67472647198937,37.26,126.46
2022-07-10 22:00:00,예천,,0,6,107.22811676773529,36.65,128.46
2022-07-10 22:00:00,창원,,0,6,108.33538093722086,35.21,128.58
2022-07-10 22:00:00,탑선,,0,6,107.29974116871242,35.24,126.81
2022-07-10 23:00:00,경상대,,0,6,115.64561282317321,35.18,128.1
2022-07-10 23:00:00,고흥만수상,,0,6,115.81314275486284,34.57,127.3
2022-07-10 23:00:00,광양항세방,,0,6,115.68917236037403,34.93,127.71
2022-07-10 23:00:00,구미,,0,6,114.93705420638122,36.13,128.34
2022-07-10 23:00:00,삼천포,,0,6,115.82831778582197,34.95,128.07
2022-07-10 23:00:00,여수,,0,6,115.86318494327672,34.74,127.74
2022-07-10 23:00:00,영동,,0,6,114.0872340125963,37.18,128.46
2022-07-10 23:00:00,영흥,,0,6,113.18065347010176,37.26,126.46
2022-07-10 23:00:00,예천,,0,6,114.54181044957645,36.65,128.46
2022-07-10 23:00:00,창원,,0,6,115.82476879480596,35.21,128.58
2022-07-10 23:00:00,탑선,,0,6,115.0322535495752,35.24,126.81
2022-07-11 00:00:00,경상대,,0,6,120.72311345842294,35.18,128.1
2022-07-11 00:00:00,고흥만수상,,0,6,121.10775901292989,34.57,127.3
2022-07-11 00:00:00,광양항세방,,0,6,120.86728293752353,34.93,127.71
2022-07-11 00:00:00,구미,,0,6,119.87009137218575,36.13,128.34
2022-07-11 00:00:00,삼천포,,0,6,120.93580505884239,34.95,128.07
2022-07-11 00:00:00,여수,,0,6,121.05591149500714,34.74,127.74
2022-07-11 00:00:00,영동,,0,6,118.89039147266516,37.18,128.46
2022-07-11 00:00:00,영흥,,0,6,118.33975556820369,37.26,126.46
2022-07-11 00:00:00,예천,,0,6,119.39894178014815,36.65,128.46
2022-07-11 00:00:00,창원,,0,6,120.80748989444035,35.21,128.58
2022-07-11 00:00:00,탑선,,0,6,120.34595071933973,35.24,126.81
2022-07-11 01:00:00,경상대,,0,5,122.63957217846604,35.18,128.1
2022-07-11 01:00:00,고흥만수상,,0,5,123.23470839164122,34.57,127.3
2022-07-11 01:00:00,광양항세방,,0,5,122.88365388395643,34.93,127.71
2022-07-11 01:00:00,구미,,0,5,121.6920556570511,36.13,128.34
2022-07-11 01:00:00,삼천포,,0,5,122.86917494321105,34.95,128.07
2022-07-11 01:00:00,여수,,0,5,123.07414314099367,34.74,127.74
2022-07-11 01:00:00,영동,,0,5,120.64295821408598,37.18,128.46
2022-07-11 01:00:00,영흥,,0,5,120.52110485551029,37.26,126.46
2022-07-11 01:00:00,예천,,0,5,121.17293167227868,36.65,128.46
2022-07-11 01:00:00,창원,,0,5,122.61350028543274,35.21,128.58
2022-07-11 01:00:00,탑선,,0,5,122.55116561117197,35.24,126.81
2022-07-11 02:00:00,경상대,,0,6,121.08120310795152,35.18,128.1
2022-07-11 02:00:00,고흥만수상,,0,6,121.84065922955935,34.57,127.3
2022-07-11 02:00:00,광양항세방,,0,6,121.40630747245925,34.93,127.71
2022-07-11 02:00:00,구미,,0,6,120.1136294924149,36.13,128.34
2022-07-11 02:00:00,삼천포,,0,6,121.30944497658899,34.95,128.07
2022-07-11 02:00:00,여수,,0,6,121.58335236009373,34.74,127.74
2022-07-11 02:00:00,영동,,0,6,119.07612780451748,37.18,128.46
2022-07-11 02:00:00,영흥,,0,6,119.3959806654596,37.26,126.46
2022-07-11 02:00:00,예천,,0,6,119.58677380318623,36.65,128.46
2022-07-11 02:00:00,창원,,0,6,120.9463680659211,35.21,128.58
2022-07-11 02:00:00,탑선,,0,6,121.291290165046,35.24,126.81
2022-07-11 03:00:00,경상대,,0,6,116.3058371769964,35.18,128.1
2022-07-11 03:00:00,고흥만수상,,0,6,117.16227790571266,34.57,127.3
2022-07-11 03:00:00,광양항세방,,0,6,116.68236259854466,34.93,127.71
2022-07-11 03:00:00,구미,,0,6,115.38721461622094,36.13,128.34
2022-07-11 03:00:00,삼천포,,0,6,116.51677638060389,34.95,128.07
2022-07-11 03:00:00,여수,,0,6,116.83451129882143,34.74,127.74
2022-07-11 03:00:00,영동,,0,6,114.43148853438844,37.18,128.46
2022-07-11 03:00:00,영흥,,0,6,115.139178855409,37.26,126.46
2022-07-11 03:00:00,예천,,0,6,114.88947040096187,36.65,128.46
2022-07-11 03:00:00,창원,,0,6,116.08080229361299,35.21,128.58
2022-07-11 03:00:00,탑선,,0,6,116.77581825999391,35.24,126.81
2022-07-11 04:00:00,경상대,,0,6,108.96931912445908,35.18,128.1
2022-07-11 04:00:00,고흥만수상,,0,6,109.86286405436901,34.57,127.3
2022-07-11 04:00:00,광양항세방,,0,6,109.36984607311162,34.93,127.71
2022-07-11 04:00:00,구미,,0,6,108.1422038487447,36.13,128.34
2022-07-11 04:00:00,삼천포,,0,6,109.15401837727103,34.95,128.07
2022-07-11 04:00:00,여수,,0,6,109.49232034124748,34.74,127.74
2022-07-11 04:00:00,영동,,0,6,107.30854463646604,37.18,128.46
2022-07-11 04:00:00,영흥,,0,6,108.31742851518459,37.26,126.46
2022-07-11 04:00:00,예천,,0,6,107.696270116978,36.65,128.46
2022-07-11 04:00:00,창원,,0,6,108.67859697404388,35.21,128.58
2022-07-11 04:00:00,탑선,,0,6,109.63821945125302,35.24,126.81
2022-07-11 05:00:00,경상대,,0,6,99.78759340521955,35.18,128.1
2022-07-11 05:00:00,고흥만수상,,0,6,100.67776811861492,34.57,127.3
2022-07-11 05:00:00,광양항세방,,0,6,100.19287900491473,34.93,127.71
2022-07-11 05:00:00,구미,,0,6,99.06998272202301,36.13,128.34
2022-07-11 05:00:00,삼천포,,0,6,99.94305611695934,34.95,128.07
2022-07-11 05:00:00,여수,,0,6,100.28563432393872,34.74,127.74
2022-07-11 05:00:00,영동,,0,6,98.37304006602636,37.18,128.46
2022-07-11 05:00:00,영흥,,0,6,99.5995814788879,37.26,126.46
2022-07-11 05:00:00,예천,,0,6,98.68552682309536,36.65,128.46
2022-07-11 05:00:00,창원,,0,6,99.4525744579142,35.21,128.58
2022-07-11 05:00:00,탑선,,0,6,100.59827191061434,35.24,126.81
2022-07-11 06:00:00,경상대,,0,6,89.34284324800142,35.18,128.1
2022-07-11 06:00:00,고흥만수상,,0,6,90.20532754100712,34.57,127.3
2022-07-11 06:00:00,광양항세방,,0,6,89.74088355310532,34.93,127.71
2022-07-11 06:00:00,구미,,0,6,88.73945132575513,36.13,128.34
2022-07-11 06:00:00,삼천포,,0,6,89.46900534352146,34.95,128.07
2022-07-11 06:00:00,여수,,0,6,89.80572739864307,34.74,127.74
2022-07-11 06:00:00,영동,,0,6,88.18086712694259,37.18,128.46
2022-07-11 06:00:00,영흥,,0,6,89.55943319436149,37.26,126.46
2022-07-11 06:00:00,예천,,0,6,88.41908437996399,36.65,128.46
2022-07-11 06:00:00,창원,,0,6,88.97923184493048,35.21,128.58
2022-07-11 06:00:00,탑선,,0,6,90.25171528364073,35.24,126.81
2022-07-11 07:00:00,경상대,90.95000000000002,4,6,78.05519762788356,35.18,128.1
2022-07-11 07:00:00,고흥만수상,95.06666666666666,3,6,78.87477815295367,34.57,127.3
2022-07-11 07:00:00,광양항세방,91.33333333333333,3,6,78.43828096917264,34.93,127.71
2022-07-11 07:00:00,구미,111.57499999999999,4,6,77.56677518911403,36.13,128.34
2022-07-11 07:00:00,삼천포,98.89999999999999,3,6,78.15267550034999,34.95,128.07
2022-07-11 07:00:00,여수,95.63333333333333,3,6,78.4770592153693,34.74,127.74
2022-07-11 07:00:00,영동,96.3,4,6,77.14508687580582,37.18,128.46
2022-07-11 07:00:00,영흥,137.96666666666667,3,6,78.62767483416472,37.26,126.46
2022-07-11 07:00:00,예천,105.52499999999999,4,6,77.3110417008597,36.65,128.46
2022-07-11 07:00:00,창원,67.7,4,6,77.67398136981453,35.21,128.58
2022-07-11 07:00:00,탑선,93.66666666666667,3,6,79.03131971966043,35.24,126.81
2022-07-11 08:00:00,경상대,138.1,6,6,66.22282394260868,35.18,128.1
2022-07-11 08:00:00,고흥만수상,194.85,6,6,66.98738561709264,34.57,127.3
2022-07-11 08:00:00,광양항세방,108.91666666666667,6,6,66.5848685670635,34.93,127.71
2022-07-11 08:00:00,구미,117.08333333333333,6,6,65.85206980129928,36.13,128.34
2022-07-11 08:00:00,삼천포,131.1,6,6,66.29159028176278,34.95,128.07
2022-07-11 08:00:00,여수,127.2,6,6,66.59855355114414,34.74,127.74
2022-07-11 08:00:00,영동,115.36666666666666,6,6,65.56887552653446,37.18,128.46
2022-07-11 08:00:00,영흥,261.78333333333336,6,6,67.11963171842706,37.26,126.46
2022-07-11 08:00:00,예천,164.93333333333334,6,6,65.66267565607644,36.65,128.46
2022-07-11 08:00:00,창원,135.83333333333334,6,6,65.83205885523192,35.21,128.58
2022-07-11 08:00:00,탑선,178.93333333333337,6,6,67.24389932426338,35.24,126.81
2022-07-11 09:00:00,경상대,160.73333333333332,6,6,54.0746504802679,35.18,128.1
2022-07-11 09:00:00,고흥만수상,149.96666666666667,6,6,54.76983615335181,34.57,127.3
2022-07-11 09:00:00,광양항세방,132.5,6,6,54.408776643010306,34.93,127.71
2022-07-11 09:00:00,구미,162.43333333333337,6,6,53.831111846251346,36.13,128.34
2022-07-11 09:00:00,삼천포,146.63333333333335,6,6,54.112984339514846,34.95,128.07
2022-07-11 09:00:00,여수,128.38333333333333,6,6,54.3968101176455,34.74,127.74
2022-07-11 09:00:00,영동,144.98333333333332,6,6,53.69620251211405,37.18,128.46
2022-07-11 09:00:00,영흥,315.71666666666664,6,6,55.284490170879906,37.26,126.46
2022-07-11 09:00:00,예천,196.03333333333333,6,6,53.71365881184946,36.65,128.46
2022-07-11 09:00:00,창원,183.26666666666665,6,6,53.68132260252275,35.21,128.58
2022-07-11 09:00:00,탑선,283.05,6,6,55.122630832307095,35.24,126.81
2022-07-11 10:00:00,경상대,174.55000000000004,6,6,41.83171763351669,35.18,128.1
2022-07-11 10:00:00,고흥만수상,467.29999999999995,6,6,42.4330859865171,34.57,127.3
2022-07-11 10:00:00,광양항세방,146.06666666666666,6,6,42.12666378486313,34.93,127.71
2022-07-11 10:00:00,구미,203.13333333333333,6,6,41.73956571725162,36.13,128.34
2022-07-11 10:00:00,삼천포,175.36666666666667,6,6,41.834517388844624,34.95,128.07
2022-07-11 10:00:00,여수,169.70000000000002,6,6,42.08586686991298,34.74,127.74
2022-07-11 10:00:00,영동,212.45000000000002,6,6,41.77905069656104,37.18,128.46
2022-07-11 10:00:00,영흥,420.2,6,6,43.3688828936018,37.26,126.46
2022-07-11 10:00:00,예천,207.6833333333333,6,6,41.70788675763627,36.65,128.46
2022-07-11 10:00:00,창원,186.98333333333335,6,6,41.44438942562727,35.21,128.58
2022-07-11 10:00:00,탑선,554.2166666666667,6,6,42.88686267127058,35.24,126.81
2022-07-11 11:00:00,경상대,172.88333333333333,6,6,29.829283590982953,35.18,128.1
2022-07-11 11:00:00,고흥만수상,589.2333333333335,6,6,30.28207722067932,34.57,127.3
2022-07-11 11:00:00,광양항세방,168.66666666666666,6,6,30.060106938760768,34.93,127.71
2022-07-11 11:00:00,구미,280.51666666666665,6,6,29.946647066010385,36.13,128.34
2022-07-11 11:00:00,삼천포,207.63333333333335,6,6,29.78379164048671,34.95,128.07
2022-07-11 11:00:00,여수,394.31666666666666,6,6,29.9819293482945,34.74,127.74
2022-07-11 11:00:00,영동,252.76666666666665,6,6,30.221965293200007,37.18,128.46
2022-07-11 11:00:00,영흥,424.6333333333334,6,6,31.743639190195054,37.26,126.46
2022-07-11 11:00:00,예천,236.31666666666663,6,6,30.033230282836577,36.65,128.46
2022-07-11 11:00:00,창원,184.9333333333333,6,6,29.465254530868556,35.21,128.58
2022-07-11 11:00:00,탑선,522.4,6,6,30.854553675733797,35.24,126.81
2022-07-11 12:00:00,경상대,227.54999999999995,6,6,18.986360900715255,35.18,128.1
2022-07-11 12:00:00,고흥만수상,540.8833333333333,6,6,19.131834928925926,34.57,127.3
2022-07-11 12:00:00,광양항세방,402.1166666666666,6,6,19.080046569423573,34.93,127.71
2022-07-11 12:00:00,구미,350.40000000000003,6,6,19.45592584237778,36.13,128.34
2022-07-11 12:00:00,삼천포,206.58333333333334,6,6,18.860790884632323,34.95,128.07
2022-07-11 12:00:00,여수,500.1666666666667,6,6,18.944348706987867,34.74,127.74
2022-07-11 12:00:00,영동,500.84999999999997,6,6,20.102249657244002,37.18,128.46
2022-07-11 12:00:00,영흥,474.5,6,6,21.334742860239146,37.26,126.46
2022-07-11 12:00:00,예천,348.84999999999997,6,6,19.736066080643113,36.65,128.46
2022-07-11 12:00:00,창원,186.76666666666665,6,6,18.704198753600352,35.21,128.58
2022-07-11 12:00:00,탑선,651.75,6,6,19.853594389568826,35.24,126.81
2022-07-11 13:00:00,경상대,270.48333333333335,6,6,13.085673768654445,35.18,128.1
2022-07-11 13:00:00,고흥만수상,553.5000000000001,6,6,12.534605979595241,34.57,127.3
2022-07-11 13:00:00,광양항세방,432.05,6,6,12.858691987290797,34.93,127.71
2022-07-11 13:00:00,구미,547.35,6,6,14.02582755133399,36.13,128.34
2022-07-11 13:00:00,삼천포,318.81666666666666,6,6,12.857444182163718,34.95,128.07
2022-07-11 13:00:00,여수,549.75,6,6,12.667283701311334,34.74,127.74
2022-07-11 13:00:00,영동,389.5333333333333,6,6,15.07239432840754,37.18,128.46
2022-07-11 13:00:00,영흥,746.3833333333333,6,6,15.291408971622388,37.26,126.46
2022-07-11 13:00:00,예천,426.76666666666665,6,6,14.542558732079911,36.65,128.46
2022-07-11 13:00:00,창원,303.9166666666667,6,6,13.100572463011616,35.21,128.58
2022-07-11 13:00:00,탑선,766.9000000000001,6,6,13.251784868499726,35.24,126.81
2022-07-11 14:00:00,경상대,379.7,6,6,18.03350681489013,35.18,128.1
2022-07-11 14:00:00,고흥만수상,533.9666666666666,6,6,17.13745474935304,34.57,127.3
2022-07-11 14:00:00,광양항세방,572.2333333333332,6,6,17.62940805258083,34.93,127.71
2022-07-11 14:00:00,구미,505.56666666666666,6,6,18.828436666904423,36.13,128.34
2022-07-11 14:00:00,삼천포,535.1666666666666,6,6,17.86014766888306,34.95,128.07
2022-07-11 14:00:00,여수,590.1333333333333,6,6,17.518513627598267,34.74,127.74
2022-07-11 14:00:00,영동,667.9499999999999,6,6,19.640675219524766,37.18,128.46
2022-07-11 14:00:00,영흥,790.9666666666666,6,6,18.64382179935143,37.26,126.46
2022-07-11 14:00:00,예천,464.54999999999995,6,6,19.262400056962065,36.65,128.46
2022-07-11 14:00:00,창원,394.2166666666667,6,6,18.344384564190307,35.21,128.58
2022-07-11 14:00:00,탑선,507.96666666666664,6,6,17.32046809041647,35.24,126.81
2022-07-11 15:00:00,경상대,287.2333333333333,6,6,28.63436140098846,35.18,128.1
2022-07-11 15:00:00,고흥만수상,709.1833333333334,6,6,27.81395258993875,34.57,127.3
2022-07-11 15:00:00,광양항세방,594.3666666666667,6,6,28.250429937004505,34.93,127.71
2022-07-11 15:00:00,구미,379.31666666666666,6,6,29.14226335991374,36.13,128.34
2022-07-11 15:00:00,삼천포,427.3,6,6,28.535841756870845,34.95,128.07
2022-07-11 15:00:00,여수,485.3333333333333,6,6,28.211533737283673,34.74,127.74
2022-07-11 15:00:00,영동,595.6666666666666,6,6,29.616020145330893,37.18,128.46
2022-07-11 15:00:00,영흥,811.9499999999999,6,6,28.187285325842844,37.26,126.46
2022-07-11 15:00:00,예천,446.0,6,6,29.41898736331209,36.65,128.46
2022-07-11 15:00:00,창원,382.7833333333333,6,6,29.014906427160085,35.21,128.58
2022-07-11 15:00:00,탑선,668.75,6,6,27.66483962883793,35.24,126.81
2022-07-11 16:00:00,경상대,414.2833333333333,6,6,40.58226986055085,35.18,128.1
2022-07-11 16:00:00,고흥만수상,558.3166666666667,6,6,39.86062975121543,34.57,127.3
2022-07-11 16:00:00,광양항세방,676.5666666666666,6,6,40.236306997261586,34.93,127.71
2022-07-11 16:00:00,구미,517.0166666666668,6,6,40.89318459632532,36.13,128.34
2022-07-11 16:00:00,삼천포,565.5166666666668,6,6,40.531794666615085,34.95,128.07
2022-07-11 16:00:00,여수,619.5833333333334,6,6,40.23930751713954,34.74,127.74
2022-07-11 16:00:00,영동,394.48333333333335,6,6,41.136720266289515,37.18,128.46
2022-07-11 16:00:00,영흥,710.75,6,6,39.578935148876866,37.26,126.46
2022-07-11 16:00:00,예천,280.46666666666664,6,6,41.059589612904745,36.65,128.46
2022-07-11 16:00:00,창원,231.53333333333333,6,6,40.97541371203117,35.21,128.58
2022-07-11 16:00:00,탑선,416.1333333333334,6,6,39.54381195286936,35.24,126.81
2022-07-11 17:00:00,경상대,518.1999999999999,6,6,52.824674438421646,35.18,128.1
2022-07-11 17:00:00,고흥만수상,488.0,6,6,52.19524955471645,34.57,127.3
2022-07-11 17:00:00,광양항세방,522.5166666666668,6,6,52.516367055567926,34.93,127.71
2022-07-11 17:00:00,구미,318.6833333333333,6,6,52.983672801389034,36.13,128.34
2022-07-11 17:00:00,삼천포,541.8000000000001,6,6,52.810318148472014,34.95,128.07
2022-07-11 17:00:00,여수,581.3833333333333,6,6,52.54930364829327,34.74,127.74
2022-07-11 17:00:00,영동,459.0333333333333,6,6,53.052198179039245,37.18,128.46
2022-07-11 17:00:00,영흥,566.1166666666667,6,6,51.458886089059945,37.26,126.46
2022-07-11 17:00:00,예천,272.84999999999997,6,6,53.064698803874414,36.65,128.46
2022-07-11 17:00:00,창원,242.0333333333334,6,6,53.21519210619158,35.21,128.58
2022-07-11 17:00:00,탑선,256.15000000000003,6,6,51.76918580423297,35.24,126.81
2022-07-11 18:00:00,경상대,404.86666666666673,6,6,65.0000893400005,35.18,128.1
2022-07-11 18:00:00,고흥만수상,385.93333333333334,6,6,64.46266859752754,34.57,127.3
2022-07-11 18:00:00,광양항세방,326.81666666666666,6,6,64.73046693821932,34.93,127.71
2022-07-11 18:00:00,구미,191.1,6,6,65.02470881376233,36.13,128.34
2022-07-11 18:00:00,삼천포,391.55,6,6,65.0172435341525,34.95,128.07
2022-07-11 18:00:00,여수,410.31666666666666,6,6,64.78857665870643,34.74,127.74
2022-07-11 18:00:00,영동,413.34999999999997,6,6,64.94121221742276,37.18,128.46
2022-07-11 18:00:00,영흥,393.0,6,6,63.355689079807426,37.26,126.46
2022-07-11 18:00:00,예천,269.51666666666665,6,6,65.03044743514937,36.65,128.46
2022-07-11 18:00:00,창원,214.63333333333333,6,6,65.38046032052608,35.21,128.58
2022-07-11 18:00:00,탑선,275.65000000000003,6,6,63.951596088345944,35.24,126.81
2022-07-11 19:00:00,경상대,252.44,5,6,76.88378211338966,35.18,128.1
2022-07-11 19:00:00,고흥만수상,258.26000000000005,5,6,76.44532242780076,34.57,127.3
2022-07-11 19:00:00,광양항세방,204.32,5,6,76.65659736473322,34.93,127.71
2022-07-11 19:00:00,구미,186.54,5,6,76.77749450416826,36.13,128.34
2022-07-11 19:00:00,삼천포,245.84000000000006,5,6,76.93131651780259,34.95,128.07
2022-07-11 19:00:00,여수,248.34,5,6,76.73818321848624,34.74,127.74
2022-07-11 19:00:00,영동,202.29999999999998,5,6,76.5488307830339,37.18,128.46
2022-07-11 19:00:00,영흥,210.6,6,6,75.00323264961767,37.26,126.46
2022-07-11 19:00:00,예천,186.34,5,6,76.71029604085994,36.65,128.46
2022-07-11 19:00:00,창원,198.83999999999997,5,6,77.24742360056132,35.21,128.58
2022-07-11 19:00:00,탑선,221.9333333333333,6,6,75.86096136374432,35.24,126.81
2022-07-11 20:00:00,경상대,,0,6,88.25128087637468,35.18,128.1
2022-07-11 20:00:00,고흥만수상,,0,6,87.92571385621704,34.57,127.3
2022-07-11 20:00:00,광양항세방,,0,6,88.07328271889756,34.93,127.71
2022-07-11 20:00:00,구미,,0,6,88.00912747497138,36.13,128.34
2022-07-11 20:00:00,삼천포,,0,6,88.33003383945304,34.95,128.07
2022-07-11 20:00:00,여수,,0,6,88.17815627978352,34.74,127.74
2022-07-11 20:00:00,영동,,0,6,87.63310358557148,37.18,128.46
2022-07-11 20:00:00,영흥,,0,6,86.16182515402627,37.26,126.46
2022-07-11 20:00:00,예천,,0,6,87.86674933444479,36.65,128.46
2022-07-11 20:00:00,창원,,0,6,88.59019763945136,35.21,128.58
2022-07-11 20:00:00,탑선,,0,6,87.2751229338817,35.24,126.81
2022-07-11 21:00:00,경상대,,0,6,98.8145250969944,35.18,128.1
2022-07-11 21:00:00,고흥만수상,,0,6,98.62316879597333,34.57,127.3
2022-07-11 21:00:00,광양항세방,,0,6,98.69584851692,34.93,127.71
2022-07-11 21:00:00,구미,,0,6,98.42630106569679,36.13,128.34
2022-07-11 21:00:00,삼천포,,0,6,98.9264593758688,34.95,128.07
2022-07-11 21:00:00,여수,,0,6,98.8244393246047,34.74,127.74
2022-07-11 21:00:00,영동,,0,6,97.8959481392948,37.18,128.46
2022-07-11 21:00:00,영흥,,0,6,96.54366924406494,37.26,126.46
2022-07-11 21:00:00,예천,,0,6,98.20377038390936,36.65,128.46
2022-07-11 21:00:00,창원,,0,6,99.11767831290652,35.21,128.58
2022-07-11 21:00:00,탑선,,0,6,97.91334509097145,35.24,126.81
2022-07-11 22:00:00,경상대,,0,6,108.16854572830592,35.18,128.1
2022-07-11 22:00:00,고흥만수상,,0,6,108.13992192379428,34.57,127.3
2022-07-11 22:00:00,광양항세방,,0,6,108.12282493712006,34.93,127.71
2022-07-11 22:00:00,구미,,0,6,107.62287754333975,36.13,128.34
2022-07-11 22:00:00,삼천포,,0,6,108.3156997693099,34.95,128.07
2022-07-11 22:00:00,여수,,0,6,108.27514224726755,34.74,127.74
2022-07-11 22:00:00,영동,,0,6,106.93167543384811,37.18,128.46
2022-07-11 22:00:00,영흥,,0,6,105.76011278407539,37.26,126.46
2022-07-11 22:00:00,예천,,0,6,107.31485775632424,36.65,128.46
2022-07-11 22:00:00,창원,,0,6,108.42034999567895,35.21,128.58
2022-07-11 22:00:00,탑선,,0,6,107.38275416650295,35.24,126.81
2022-07-11 23:00:00,경상대,,0,6,115.74790637154905,35.18,128.1
2022-07-11 23:00:00,고흥만수상,,0,6,115.91390995276859,34.57,127.3
2022-07-11 23:00:00,광양항세방,,0,6,115.79077091691775,34.93,127.71
2022-07-11 23:00:00,구미,,0,6,115.04047317339543,36.13,128.34
2022-07-11 23:00:00,삼천포,,0,6,115.93036710658461,34.95,128.07
2022-07-11 23:00:00,여수,,0,6,115.96464419049465,34.74,127.74
2022-07-11 23:00:00,영동,,0,6,114.19169197805854,37.18,128.46
2022-07-11 23:00:00,영흥,,0,6,113.28292967651423,37.26,126.46
2022-07-11 23:00:00,예천,,0,6,114.64581723117651,36.65,128.46
2022-07-11 23:00:00,창원,,0,6,115.9276610704039,35.21,128.58
2022-07-11 23:00:00,탑선,,0,6,115.13306361617707,35.24,126.81
2022-07-12 00:00:00,경상대,,0,6,120.84260856379525,35.18,128.1
2022-07-12 00:00:00,고흥만수상,,0,6,121.22618321510257,34.57,127.3
2022-07-12 00:00:00,광양항세방,,0,6,120.98628119723668,34.93,127.71
2022-07-12 00:00:00,구미,,0,6,119.99017929845115,36.13,128.34
2022-07-12 00:00:00,삼천포,,0,6,121.05518143320286,34.95,128.07
2022-07-12 00:00:00,여수,,0,6,121.17486521673445,34.74,127.74
2022-07-12 00:00:00,영동,,0,6,119.01096779739304,37.18,128.46
2022-07-12 00:00:00,영흥,,0,6,118.45843511191904,37.26,126.46
2022-07-12 00:00:00,예천,,0,6,119.51933231745852,36.65,128.46
2022-07-12 00:00:00,창원,,0,6,120.92748111761571,35.21,128.58
2022-07-12 00:00:00,탑선,,0,6,120.46414280608333,35.24,126.81
2022-07-12 01:00:00,경상대,,0,5,122.77140105467785,35.18,128.1
2022-07-12 01:00:00,고흥만수상,,0,5,123.36607002817512,34.57,127.3
2022-07-12 01:00:00,광양항세방,,0,5,123.01526054729541,34.93,127.71
2022-07-12 01:00:00,구미,,0,5,121.82402255860805,36.13,128.34
2022-07-12 01:00:00,삼천포,,0,5,123.0009847864609,34.95,128.07
2022-07-12 01:00:00,여수,,0,5,123.20576398886396,34.74,127.74
2022-07-12 01:00:00,영동,,0,5,120.77499403065684,37.18,128.46
2022-07-12 01:00:00,영흥,,0,5,120.6520484595966,37.26,126.46
2022-07-12 01:00:00,예천,,0,5,121.30496474366859,36.65,128.46
2022-07-12 01:00:00,창원,,0,5,122.7455900745843,35.21,128.58
2022-07-12 01:00:00,탑선,,0,5,122.68225254075054,35.24,126.81
2022-07-12 02:00:00,경상대,,0,6,121.21723472487561,35.18,128.1
2022-07-12 02:00:00,고흥만수상,,0,6,121.97669575771675,34.57,127.3
2022-07-12 02:00:00,광양항세방,,0,6,121.54234320302173,34.93,127.71
2022-07-12 02:00:00,구미,,0,6,120.24966263170127,36.13,128.34
2022-07-12 02:00:00,삼천포,,0,6,121.44547563566294,34.95,128.07
2022-07-12 02:00:00,여수,,0,6,121.71938717297141,34.74,127.74
2022-07-12 02:00:00,영동,,0,6,119.21216381123861,37.18,128.46
2022-07-12 02:00:00,영흥,,0,6,119.53196513105465,37.26,126.46
2022-07-12 02:00:00,예천,,0,6,119.72280785429803,36.65,128.46
2022-07-12 02:00:00,창원,,0,6,121.08238700021623,35.21,128.58
2022-07-12 02:00:00,탑선,,0,6,121.42731620160377,35.24,126.81
2022-07-12 03:00:00,경상대,,0,6,116.43839025795513,35.18,128.1
2022-07-12 03:00:00,고흥만수상,,0,6,117.29499188996499,34.57,127.3
2022-07-12 03:00:00,광양항세방,,0,6,116.81500790812878,34.93,127.71
2022-07-12 03:00:00,구미,,0,6,115.51995637440474,36.13,128.34
2022-07-12 03:00:00,삼천포,,0,6,116.64927063130433,34.95,128.07
2022-07-12 03:00:00,여수,,0,6,116.96708506233054,34.74,127.74
2022-07-12 03:00:00,영동,,0,6,114.56449007478705,37.18,128.46
2022-07-12 03:00:00,영흥,,0,6,115.27294617645347,37.26,126.46
2022-07-12 03:00:00,예천,,0,6,115.02231786704795,36.65,128.46
2022-07-12 03:00:00,창원,,0,6,116.21315413958901,35.21,128.58
2022-07-12 03:00:00,탑선,,0,6,116.90893244466525,35.24,126.81
2022-07-12 04:00:00,경상대,,0,6,109.0939200150508,35.18,128.1
2022-07-12 04:00:00,고흥만수상,,0,6,109.9875328019657,34.57,127.3
2022-07-12 04:00:00,광양항세방,,0,6,109.4945118166323,34.93,127.71
2022-07-12 04:00:00,구미,,0,6,108.26731999562183,36.13,128.34
2022-07-12 04:00:00,삼천포,,0,6,109.27847526349204,34.95,128.07
2022-07-12 04:00:00,여수,,0,6,109.6168337862855,34.74,127.74
2022-07-12 04:00:00,영동,,0,6,107.43429875619096,37.18,128.46
2022-07-12 04:00:00,영흥,,0,6,108.44435296451307,37.26,126.46
2022-07-12 04:00:00,예천,,0,6,107.82166981118957,36.65,128.46
2022-07-12 04:00:00,창원,,0,6,108.80292385515179,35.21,128.58
2022-07-12 04:00:00,탑선,,0,6,109.7636485082682,35.24,126.81
2022-07-12 05:00:00,경상대,,0,6,99.90287895983818,35.18,128.1
2022-07-12 05:00:00,고흥만수상,,0,6,100.7929194257778,34.57,127.3
2022-07-12 05:00:00,광양항세방,,0,6,100.30814747683237,34.93,127.71
2022-07-12 05:00:00,구미,,0,6,99.18611043175719,36.13,128.34
2022-07-12 05:00:00,삼천포,,0,6,100.05811775024299,34.95,128.07
2022-07-12 05:00:00,여수,,0,6,100.4006833561798,34.74,127.74
2022-07-12 05:00:00,영동,,0,6,98.49016628434686,37.18,128.46
2022-07-12 05:00:00,영흥,,0,6,99.71795904627164,37.26,126.46
2022-07-12 05:00:00,예천,,0,6,98.80211598202837,36.65,128.46
2022-07-12 05:00:00,창원,,0,6,99.56759096932393,35.21,128.58
2022-07-12 05:00:00,탑선,,0,6,100.7144307326176,35.24,126.81
2022-07-12 06:00:00,경상대,,0,6,89.4492966373604,35.18,128.1
2022-07-12 06:00:00,고흥만수상,,0,6,90.31141344437484,34.57,127.3
2022-07-12 06:00:00,광양항세방,,0,6,89.84721990509233,34.93,127.71
2022-07-12 06:00:00,구미,,0,6,88.84703890099783,36.13,128.34
2022-07-12 06:00:00,삼천포,,0,6,89.57516616840778,34.95,128.07
2022-07-12 06:00:00,여수,,0,6,89.91179135438895,34.74,127.74
2022-07-12 06:00:00,영동,,0,6,88.28976643584502,37.18,128.46
2022-07-12 06:00:00,영흥,,0,6,89.66948328182758,37.26,126.46
2022-07-12 06:00:00,예천,,0,6,88.52729254664663,36.65,128.46
2022-07-12 06:00:00,창원,,0,6,89.0854592811194,35.21,128.58
2022-07-12 06:00:00,탑선,,0,6,90.35897121076424,35.24,126.81
2022-07-12 07:00:00,경상대,40.03333333333333,3,6,78.15419236293016,35.18,128.1
2022-07-12 07:00:00,고흥만수상,147.76666666666665,3,6,78.97315653130173,34.57,127.3
2022-07-12 07:00:00,광양항세방,121.96666666666668,3,6,78.53704962493086,34.93,127.71
2022-07-12 07:00:00,구미,118.975,4,6,77.66718126262352,36.13,128.34
2022-07-12 07:00:00,삼천포,141.93333333333334,3,6,78.2513138299426,34.95,128.07
2022-07-12 07:00:00,여수,106.60000000000001,3,6,78.57550884651279,34.74,127.74
2022-07-12 07:00:00,영동,216.15,4,6,77.24709546287666,37.18,128.46
2022-07-12 07:00:00,영흥,168.33333333333334,3,6,78.7306378874755,37.26,126.46
2022-07-12 07:00:00,예천,187.22500000000002,4,6,77.41221906710501,36.65,128.46
2022-07-12 07:00:00,창원,168.0,4,6,77.77281169969896,35.21,128.58
2022-07-12 07:00:00,탑선,197.66666666666666,3,6,79.13099096130784,35.24,126.81
2022-07-12 08:00:00,경상대,224.1833333333333,6,6,66.31624368164287,35.18,128.1
2022-07-12 08:00:00,고흥만수상,207.9333333333333,6,6,67.07990429544432,34.57,127.3
2022-07-12 08:00:00,광양항세방,109.38333333333333,6,6,66.67793634361401,34.93,127.71
2022-07-12 08:00:00,구미,231.26666666666668,6,6,65.94720225868738,36.13,128.34
2022-07-12 08:00:00,삼천포,282.9833333333333,6,6,66.38458447314056,34.95,128.07
2022-07-12 08:00:00,여수,109.96666666666668,6,6,66.69125304531457,34.74,127.74
2022-07-12 08:00:00,영동,365.55,6,6,65.66591995834513,37.18,128.46
2022-07-12 08:00:00,영흥,228.1833333333333,6,6,67.2173601572392,37.26,126.46
2022-07-12 08:00:00,예천,237.04999999999998,6,6,65.75874202387625,36.65,128.46
2022-07-12 08:00:00,창원,251.26666666666668,6,6,65.92539167299212,35.21,128.58
2022-07-12 08:00:00,탑선,261.1166666666667,6,6,67.33782963496448,35.24,126.81
2022-07-12 09:00:00,경상대,254.73333333333326,6,6,54.16498837158219,35.18,128.1
2022-07-12 09:00:00,고흥만수상,256.7,6,6,54.858905219203656,34.57,127.3
2022-07-12 09:00:00,광양항세방,202.03333333333333,6,6,54.49859916720877,34.93,127.71
2022-07-12 09:00:00,구미,255.2166666666667,6,6,53.92353700157486,36.13,128.34
2022-07-12 09:00:00,삼천포,335.45,6,6,54.20281036853322,34.95,128.07
2022-07-12 09:00:00,여수,277.7166666666667,6,6,54.48620366482266,34.74,127.74
2022-07-12 09:00:00,영동,568.7333333333333,6,6,53.79091322560432,37.18,128.46
2022-07-12 09:00:00,영흥,279.3833333333334,6,6,55.379501750339095,37.26,126.46
2022-07-12 09:00:00,예천,351.73333333333335,6,6,53.80721703777602,36.65,128.46
2022-07-12 09:00:00,창원,454.55,6,6,53.77167939163751,35.21,128.58
2022-07-12 09:00:00,탑선,338.59999999999997,6,6,55.213249463664354,35.24,126.81
2022-07-12 10:00:00,경상대,248.13333333333335,6,6,41.92272979336953,35.18,128.1
2022-07-12 10:00:00,고흥만수상,270.40000000000003,6,6,42.52229204376272,34.57,127.3
2022-07-12 10:00:00,광양항세방,239.1,6,6,42.21692021919367,34.93,127.71
2022-07-12 10:00:00,구미,334.40000000000003,6,6,41.83316846552099,36.13,128.34
2022-07-12 10:00:00,삼천포,423.75,6,6,41.924900872025795,34.95,128.07
2022-07-12 10:00:00,여수,382.8833333333334,6,6,42.1756143898965,34.74,127.74
2022-07-12 10:00:00,영동,701.8166666666667,6,6,41.875413411419785,37.18,128.46
2022-07-12 10:00:00,영흥,264.51666666666665,6,6,43.46492413427793,37.26,126.46
2022-07-12 10:00:00,예천,373.18333333333334,6,6,41.80288257745555,36.65,128.46
2022-07-12 10:00:00,창원,422.84999999999997,6,6,41.53559041324674,35.21,128.58
2022-07-12 10:00:00,탑선,460.26666666666665,6,6,42.97777755173192,35.24,126.81
2022-07-12 11:00:00,경상대,431.5,6,6,29.927776170414432,35.18,128.1
2022-07-12 11:00:00,고흥만수상,343.86666666666673,6,6,30.377923135494505,34.57,127.3
2022-07-12 11:00:00,광양항세방,368.51666666666665,6,6,30.15746301311694,34.93,127.71
2022-07-12 11:00:00,구미,650.1166666666667,6,6,30.048346778487,36.13,128.34
2022-07-12 11:00:00,삼천포,383.9166666666667,6,6,29.88151049355433,34.95,128.07
2022-07-12 11:00:00,여수,280.66666666666663,6,6,30.078686410751637,34.74,127.74
2022-07-12 11:00:00,영동,603.5666666666666,6,6,30.326910702134867,37.18,128.46
2022-07-12 11:00:00,영흥,265.6666666666667,6,6,31.847111290748735,37.26,126.46
2022-07-12 11:00:00,예천,387.09999999999997,6,6,30.13661493256332,36.65,128.46
2022-07-12 11:00:00,창원,553.7666666666668,6,6,29.564257427639973,35.21,128.58
2022-07-12 11:00:00,탑선,360.6000000000001,6,6,30.95219458207901,35.24,126.81
2022-07-12 12:00:00,경상대,496.8166666666668,6,6,19.10571579743001,35.18,128.1
2022-07-12 12:00:00,고흥만수상,266.96666666666664,6,6,19.247751923047787,34.57,127.3
2022-07-12 12:00:00,광양항세방,301.51666666666665,6,6,19.197897651216536,34.93,127.71
2022-07-12 12:00:00,구미,748.6333333333333,6,6,19.578303508776926,36.13,128.34
2022-07-12 12:00:00,삼천포,430.3,6,6,18.97940904429413,34.95,128.07
2022-07-12 12:00:00,여수,382.76666666666665,6,6,19.061672877149533,34.74,127.74
2022-07-12 12:00:00,영동,442.09999999999997,6,6,20.22728470099925,37.18,128.46
2022-07-12 12:00:00,영흥,554.7333333333333,6,6,21.456657711478783,37.26,126.46
2022-07-12 12:00:00,예천,309.06666666666666,6,6,19.859915748425635,36.65,128.46
2022-07-12 12:00:00,창원,745.7333333333335,6,6,18.824578523186545,35.21,128.58
2022-07-12 12:00:00,탑선,528.2500000000001,6,6,19.970672961116236,35.24,126.81
2022-07-12 13:00:00,경상대,711.4333333333333,6,6,13.222403514775351,35.18,128.1
2022-07-12 13:00:00,고흥만수상,346.2833333333333,6,6,12.672409768487853,34.57,127.3
2022-07-12 13:00:00,광양항세방,614.7000000000002,6,6,12.99597857602609,34.93,127.71
2022-07-12 13:00:00,구미,630.5333333333334,6,6,14.162124904209946,36.13,128.34
2022-07-12 13:00:00,삼천포,785.8666666666667,6,6,12.994241278404843,34.95,128.07
2022-07-12 13:00:00,여수,793.8499999999999,6,6,12.804557385719406,34.74,127.74
2022-07-12 13:00:00,영동,730.8000000000001,6,6,15.208456456055728,37.18,128.46
2022-07-12 13:00:00,영흥,545.0500000000001,6,6,15.429531951211573,37.26,126.46
2022-07-12 13:00:00,예천,459.61666666666673,6,6,14.67864728994573,36.65,128.46
2022-07-12 13:00:00,창원,899.9,6,6,13.236541322413487,35.21,128.58
2022-07-12 13:00:00,탑선,633.0166666666668,6,6,13.389924214909044,35.24,126.81
2022-07-12 14:00:00,경상대,675.5833333333334,6,6,18.117690361437724,35.18,128.1
2022-07-12 14:00:00,고흥만수상,797.8166666666666,6,6,17.22165649751922,34.57,127.3
2022-07-12 14:00:00,광양항세방,549.35,6,6,17.713811623847022,34.93,127.71
2022-07-12 14:00:00,구미,367.1833333333334,6,6,18.915948742375207,36.13,128.34
2022-07-12 14:00:00,삼천포,889.9999999999999,6,6,17.9433750176901,34.95,128.07
2022-07-12 14:00:00,여수,839.6,6,6,17.60192179209156,34.74,127.74
2022-07-12 14:00:00,영동,641.3833333333333,6,6,19.73195447359761,37.18,128.46
2022-07-12 14:00:00,영흥,491.76666666666665,6,6,18.74183552638344,37.26,126.46
2022-07-12 14:00:00,예천,644.5666666666667,6,6,19.351634749659084,36.65,128.46
2022-07-12 14:00:00,창원,659.1999999999999,6,6,18.427068016630955,35.21,128.58
2022-07-12 14:00:00,탑선,660.5833333333334,6,6,17.409514581177746,35.24,126.81
2022-07-12 15:00:00,경상대,716.3166666666666,6,6,28.68506983946974,35.18,128.1
2022-07-12 15:00:00,고흥만수상,786.6666666666666,6,6,27.86294395800445,34.57,127.3
2022-07-12 15:00:00,광양항세방,543.85,6,6,28.300522858556782,34.93,127.71
2022-07-12 15:00:00,구미,356.7833333333333,6,6,29.196808477212144,36.13,128.34
2022-07-12 15:00:00,삼천포,769.7333333333332,6,6,28.58556127027034,34.95,128.07
2022-07-12 15:00:00,여수,730.9500000000002,6,6,28.260727921670345,34.74,127.74
2022-07-12 15:00:00,영동,558.4166666666667,6,6,29.674816215525347,37.18,128.46
2022-07-12 15:00:00,영흥,362.8333333333333,6,6,28.249300530941653,37.26,126.46
2022-07-12 15:00:00,예천,595.4166666666667,6,6,29.47558007376596,36.65,128.46
2022-07-12 15:00:00,창원,557.9833333333333,6,6,29.065142521733385,35.21,128.58
2022-07-12 15:00:00,탑선,583.85,6,6,27.71755479059636,35.24,126.81
2022-07-12 16:00:00,경상대,397.5833333333333,6,6,40.62199728895864,35.18,128.1
2022-07-12 16:00:00,고흥만수상,536.5666666666667,6,6,39.898440301968705,34.57,127.3
2022-07-12 16:00:00,광양항세방,451.5,6,6,40.2752753563322,34.93,127.71
2022-07-12 16:00:00,구미,410.56666666666666,6,6,40.93617930218113,36.13,128.34
2022-07-12 16:00:00,삼천포,420.09999999999997,6,6,40.570712353983055,34.95,128.07
2022-07-12 16:00:00,여수,583.9,6,6,40.27758282971894,34.74,127.74
2022-07-12 16:00:00,영동,470.6666666666667,6,6,41.18331357584592,37.18,128.46
2022-07-12 16:00:00,영흥,366.93333333333334,6,6,39.6267432738235,37.26,126.46
2022-07-12 16:00:00,예천,436.40000000000003,6,6,41.10435056904522,36.65,128.46
2022-07-12 16:00:00,창원,424.6166666666666,6,6,41.01508685312658,35.21,128.58
2022-07-12 16:00:00,탑선,622.6999999999999,6,6,39.58423434197532,35.24,126.81
2022-07-12 17:00:00,경상대,248.98333333333335,6,6,52.86310808914412,35.18,128.1
2022-07-12 17:00:00,고흥만수상,352.51666666666665,6,6,52.231799496563674,34.57,127.3
2022-07-12 17:00:00,광양항세방,279.03333333333336,6,6,52.554025480647425,34.93,127.71
2022-07-12 17:00:00,구미,276.84999999999997,6,6,53.02490677096817,36.13,128.34
2022-07-12 17:00:00,삼천포,240.58333333333334,6,6,52.848072593546384,34.95,128.07
2022-07-12 17:00:00,여수,371.6666666666667,6,6,52.586403662094575,34.74,127.74
2022-07-12 17:00:00,영동,400.5833333333333,6,6,53.09648692128792,37.18,128.46
2022-07-12 17:00:00,영흥,359.6666666666667,6,6,51.5033729569359,37.26,126.46
2022-07-12 17:00:00,예천,310.53333333333336,6,6,53.107452686657,36.65,128.46
2022-07-12 17:00:00,창원,275.26666666666665,6,6,53.25376364755674,35.21,128.58
2022-07-12 17:00:00,탑선,294.4166666666667,6,6,51.807688556763175,35.24,126.81
2022-07-12 18:00:00,경상대,179.0666666666667,6,6,65.04237843304935,35.18,128.1
2022-07-12 18:00:00,고흥만수상,165.5666666666667,6,6,64.5031108050242,34.57,127.3
2022-07-12 18:00:00,광양항세방,199.76666666666665,6,6,64.7719778147052,34.93,127.71
2022-07-12 18:00:00,구미,245.26666666666668,6,6,65.06947900784192,36.13,128.34
2022-07-12 18:00:00,삼천포,242.0833333333333,6,6,65.05894000481885,34.95,128.07
2022-07-12 18:00:00,여수,231.5666666666667,6,6,64.82961660795668,34.74,127.74
2022-07-12 18:00:00,영동,218.14999999999998,6,6,64.98865565701063,37.18,128.46
2022-07-12 18:00:00,영흥,187.39999999999998,6,6,63.402702886185935,37.26,126.46
2022-07-12 18:00:00,예천,189.4333333333333,6,6,65.07656441155223,36.65,128.46
2022-07-12 18:00:00,창원,205.71666666666667,6,6,65.42300550316035,35.21,128.58
2022-07-12 18:00:00,탑선,220.93333333333337,6,6,63.99357095480943,35.24,126.81
2022-07-12 19:00:00,경상대,169.46,5,6,76.93351702079363,35.18,128.1
2022-07-12 19:00:00,고흥만수상,136.38,5,6,76.49321789348608,34.57,127.3
2022-07-12 19:00:00,광양항세방,102.14000000000001,5,6,76.70554325347307,34.93,127.71
2022-07-12 19:00:00,구미,124.48000000000002,5,6,76.82948536130509,36.13,128.34
2022-07-12 19:00:00,삼천포,137.2,5,6,76.98051957945805,34.95,128.07
2022-07-12 19:00:00,여수,123.9,5,6,76.7867205056346,34.74,127.74
2022-07-12 19:00:00,영동,153.16,5,6,76.60321530350828,37.18,128.46
2022-07-12 19:00:00,영흥,118.66666666666667,6,6,75.05670779499613,37.26,126.46
2022-07-12 19:00:00,예천,124.81999999999998,5,6,76.76350860535389,36.65,128.46
2022-07-12 19:00:00,창원,120.76000000000002,5,6,77.2975093866866,35.21,128.58
2022-07-12 19:00:00,탑선,126.78333333333335,6,6,75.91008369943461,35.24,126.81
2022-07-12 20:00:00,경상대,,0,6,88.31157965051891,35.18,128.1
2022-07-12 20:00:00,고흥만수상,,0,6,87.98415951431141,34.57,127.3
2022-07-12 20:00:00,광양항세방,,0,6,88.13277438385263,34.93,127.71
2022-07-12 20:00:00,구미,,0,6,88.07149706183557,36.13,128.34
2022-07-12 20:00:00,삼천포,,0,6,88.38985067526518,34.95,128.07
2022-07-12 20:00:00,여수,,0,6,88.23729151971038,34.74,127.74
2022-07-12 20:00:00,영동,,0,6,87.6976280429285,37.18,128.46
2022-07-12 20:00:00,영흥,,0,6,86.22500976050614,37.26,126.46
2022-07-12 20:00:00,예천,,0,6,87.9302353184832,36.65,128.46
2022-07-12 20:00:00,창원,,0,6,88.65093721952023,35.21,128.58
2022-07-12 20:00:00,탑선,,0,6,87.33453278005855,35.24,126.81
2022-07-12 21:00:00,경상대,,0,6,98.88842113085208,35.18,128.1
2022-07-12 21:00:00,고흥만수상,,0,6,98.69520765075154,34.57,127.3
2022-07-12 21:00:00,광양항세방,,0,6,98.76892405823308,34.93,127.71
2022-07-12 21:00:00,구미,,0,6,98.50206541547838,36.13,128.34
2022-07-12 21:00:00,삼천포,,0,6,98.99992696379525,34.95,128.07
2022-07-12 21:00:00,여수,,0,6,98.89721306919719,34.74,127.74
2022-07-12 21:00:00,영동,,0,6,97.97360698137872,37.18,128.46
2022-07-12 21:00:00,영흥,,0,6,96.6195799700768,37.26,126.46
2022-07-12 21:00:00,예천,,0,6,98.28053491218645,36.65,128.46
2022-07-12 21:00:00,창원,,0,6,99.1921028441838,35.21,128.58
2022-07-12 21:00:00,탑선,,0,6,97.98607943333933,35.24,126.81
2022-07-12 22:00:00,경상대,,0,6,108.25887709407812,35.18,128.1
2022-07-12 22:00:00,고흥만수상,,0,6,108.2284634640428,34.57,127.3
2022-07-12 22:00:00,광양항세방,,0,6,108.21235417759601,34.93,127.71
2022-07-12 22:00:00,구미,,0,6,107.71478931848087,36.13,128.34
2022-07-12 22:00:00,삼천포,,0,6,108.40567591498844,34.95,128.07
2022-07-12 22:00:00,여수,,0,6,108.36443880157482,34.74,127.74
2022-07-12 22:00:00,영동,,0,6,107.025132106092,37.18,128.46
2022-07-12 22:00:00,영흥,,0,6,105.85148031733826,37.26,126.46
2022-07-12 22:00:00,예천,,0,6,107.40760691842321,36.65,128.46
2022-07-12 22:00:00,창원,,0,6,108.51127992710948,35.21,128.58
2022-07-12 22:00:00,탑선,,0,6,107.47168321411598,35.24,126.81
2022-07-12 23:00:00,경상대,,0,6,115.85649929136889,35.18,128.1
2022-07-12 23:00:00,고흥만수상,,0,6,116.02094867343544,34.57,127.3
2022-07-12 23:00:00,광양항세방,,0,6,115.89865643658,34.93,127.71
2022-07-12 23:00:00,구미,,0,6,115.15021284408009,36.13,128.34
2022-07-12 23:00:00,삼천포,,0,6,116.03871096062103,34.95,128.07
2022-07-12 23:00:00,여수,,0,6,116.072387367151,34.74,127.74
2022-07-12 23:00:00,영동,,0,6,114.30249005314151,37.18,128.46
2022-07-12 23:00:00,영흥,,0,6,113.39151226225022,37.26,126.46
2022-07-12 23:00:00,예천,,0,6,114.75615555900242,36.65,128.46
2022-07-12 23:00:00,창원,,0,6,116.03686252893706,35.21,128.58
2022-07-12 23:00:00,탑선,,0,6,115.24014843766165,35.24,126.81
2022-07-13 00:00:00,경상대,,0,6,120.96857501075941,35.18,128.1
2022-07-13 00:00:00,고흥만수상,,0,6,121.35107517813103,34.57,127.3
2022-07-13 00:00:00,광양항세방,,0,6,121.1117494258411,34.93,127.71
2022-07-13 00:00:00,구미,,0,6,120.11674077166631,36.13,128.34
2022-07-13 00:00:00,삼천포,,0,6,121.18102855178621,34.95,128.07
2022-07-13 00:00:00,여수,,0,6,121.30028845496261,34.74,127.74
2022-07-13 00:00:00,영동,,0,6,119.13801937318874,37.18,128.46
2022-07-13 00:00:00,영흥,,0,6,118.5835881083368,37.26,126.46
2022-07-13 00:00:00,예천,,0,6,119.64619730861183,36.65,128.46
2022-07-13 00:00:00,창원,,0,6,121.05394426894445,35.21,128.58
2022-07-13 00:00:00,탑선,,0,6,120.58880319113011,35.24,126.81
2022-07-13 01:00:00,경상대,,0,5,122.90951915885648,35.18,128.1
2022-07-13 01:00:00,고흥만수상,,0,5,123.5037416009198,34.57,127.3
2022-07-13 01:00:00,광양항세방,,0,5,123.15316661981447,34.93,127.71
2022-07-13 01:00:00,구미,,0,5,121.96227238476366,36.13,128.34
2022-07-13 01:00:00,삼천포,,0,5,123.13908466222038,34.95,128.07
2022-07-13 01:00:00,여수,,0,5,123.34368351888145,34.74,127.74
2022-07-13 01:00:00,영동,,0,5,120.91330974711255,37.18,128.46
2022-07-13 01:00:00,영흥,,0,5,120.78932024564662,37.26,126.46
2022-07-13 01:00:00,예천,,0,5,121.44327764430285,36.65,128.46
2022-07-13 01:00:00,창원,,0,5,122.88395624152331,35.21,128.58
2022-07-13 01:00:00,탑선,,0,5,122.81966100689168,35.24,126.81
2022-07-13 02:00:00,경상대,,0,6,121.35896002027168,35.18,128.1
2022-07-13 02:00:00,고흥만수상,,0,6,122.1184565124766,34.57,127.3
2022-07-13 02:00:00,광양항세방,,0,6,121.68408821857328,34.93,127.71
2022-07-13 02:00:00,구미,,0,6,120.39139366198737,36.13,128.34
2022-07-13 02:00:00,삼천포,,0,6,121.58719754339558,34.95,128.07
2022-07-13 02:00:00,여수,,0,6,121.86112655685221,34.74,127.74
2022-07-13 02:00:00,영동,,0,6,119.35390959865161,37.18,128.46
2022-07-13 02:00:00,영흥,,0,6,119.6737544417731,37.26,126.46
2022-07-13 02:00:00,예천,,0,6,119.86454274327632,36.65,128.46
2022-07-13 02:00:00,창원,,0,6,121.22407558130082,35.21,128.58
2022-07-13 02:00:00,탑선,,0,6,121.56910146463008,35.24,126.81
2022-07-13 03:00:00,경상대,,0,6,116.57577687710092,35.18,128.1
2022-07-13 03:00:00,고흥만수상,,0,6,117.43256174395205,34.57,127.3
2022-07-13 03:00:00,광양항세방,,0,6,116.95249956021769,34.93,127.71
2022-07-13 03:00:00,구미,,0,6,115.65755872886962,36.13,128.34
2022-07-13 03:00:00,삼천포,,0,6,116.78659010810489,34.95,128.07
2022-07-13 03:00:00,여수,,0,6,117.1044950228921,34.74,127.74
2022-07-13 03:00:00,영동,,0,6,114.70239012426025,37.18,128.46
2022-07-13 03:00:00,영흥,,0,6,115.4117293045058,37.26,126.46
2022-07-13 03:00:00,예천,,0,6,115.16004128458668,36.65,128.46
2022-07-13 03:00:00,창원,,0,6,116.35031171762809,35.21,128.58
2022-07-13 03:00:00,탑선,,0,6,117.04696083454604,35.24,126.81
2022-07-13 04:00:00,경상대,,0,6,109.2224547473454,35.18,128.1
2022-07-13 04:00:00,고흥만수상,,0,6,110.11614071330958,34.57,127.3
2022-07-13 04:00:00,광양항세방,,0,6,109.62311703823265,34.93,127.71
2022-07-13 04:00:00,구미,,0,6,108.39641985311124,36.13,128.34
2022-07-13 04:00:00,삼천포,,0,6,109.40685221331066,34.95,128.07
2022-07-13 04:00:00,여수,,0,6,109.74527219862361,34.74,127.74
2022-07-13 04:00:00,영동,,0,6,107.56409897185766,37.18,128.46
2022-07-13 04:00:00,영흥,,0,6,108.57543829851568,37.26,126.46
2022-07-13 04:00:00,예천,,0,6,107.95108090424674,36.65,128.46
2022-07-13 04:00:00,창원,,0,6,108.931159193136,35.21,128.58
2022-07-13 04:00:00,탑선,,0,6,109.89308959982374,35.24,126.81
2022-07-13 05:00:00,경상대,,0,6,100.02130407179757,35.18,128.1
2022-07-13 05:00:00,고흥만수상,,0,6,100.91119811512966,34.57,127.3
2022-07-13 05:00:00,광양항세방,,0,6,100.42655340179365,34.93,127.71
2022-07-13 05:00:00,구미,,0,6,99.30544514638586,36.13,128.34
2022-07-13 05:00:00,삼천포,,0,6,100.17630118756954,34.95,128.07
2022-07-13 05:00:00,여수,,0,6,100.51885255369152,34.74,127.74
2022-07-13 05:00:00,영동,,0,6,98.61058012306944,37.18,128.46
2022-07-13 05:00:00,영흥,,0,6,99.83972337049278,37.26,126.46
2022-07-13 05:00:00,예천,,0,6,98.92194938212819,36.65,128.46
2022-07-13 05:00:00,창원,,0,6,99.68572671402393,35.21,128.58
2022-07-13 05:00:00,탑선,,0,6,100.83379621931583,35.24,126.81
2022-07-13 06:00:00,경상대,,0,6,89.55825155388037,35.18,128.1
2022-07-13 06:00:00,고흥만수상,,0,6,90.41997316549191,34.57,127.3
2022-07-13 06:00:00,광양항세방,,0,6,89.95604864461484,34.93,127.71
2022-07-13 06:00:00,구미,,0,6,88.95720882318577,36.13,128.34
2022-07-13 06:00:00,삼천포,,0,6,89.68380787139034,34.95,128.07
2022-07-13 06:00:00,여수,,0,6,90.02032861602639,34.74,127.74
2022-07-13 06:00:00,영동,,0,6,88.40134223490942,37.18,128.46
2022-07-13 06:00:00,영흥,,0,6,89.7822892019637,37.26,126.46
2022-07-13 06:00:00,예천,,0,6,88.63812759349433,36.65,128.46
2022-07-13 06:00:00,창원,,0,6,89.19417345400122,35.21,128.58
2022-07-13 06:00:00,탑선,,0,6,90.46878250187761,35.24,126.81
2022-07-13 07:00:00,경상대,111.5,3,6,78.25521265958275,35.18,128.1
2022-07-13 07:00:00,고흥만수상,132.6,3,6,79.07351828576857,34.57,127.3
2022-07-13 07:00:00,광양항세방,173.86666666666667,3,6,78.63782809280521,34.93,127.71
2022-07-13 07:00:00,구미,65.72500000000001,4,6,77.7697057119724,36.13,128.34
2022-07-13 07:00:00,삼천포,118.7,3,6,78.35195450575597,34.95,128.07
2022-07-13 07:00:00,여수,124.13333333333333,3,6,78.67594768679352,34.74,127.74
2022-07-13 07:00:00,영동,117.075,4,6,77.35132854207049,37.18,128.46
2022-07-13 07:00:00,영흥,51.5,3,6,78.83588423690477,37.26,126.46
2022-07-13 07:00:00,예천,19.775,4,6,77.51556588606194,36.65,128.46
2022-07-13 07:00:00,창원,89.275,4,6,77.87365822595793,35.21,128.58
2022-07-13 07:00:00,탑선,125.60000000000001,3,6,79.23272838847566,35.24,126.81
2022-07-13 08:00:00,경상대,213.0666666666667,6,6,66.41137499283069,35.18,128.1
2022-07-13 08:00:00,고흥만수상,235.63333333333335,6,6,67.17407672870944,34.57,127.3
2022-07-13 08:00:00,광양항세방,145.48333333333332,6,6,66.77269282154592,34.93,127.71
2022-07-13 08:00:00,구미,78.33333333333333,6,6,66.04415260504675,36.13,128.34
2022-07-13 08:00:00,삼천포,200.41666666666666,6,6,66.47926408527705,34.95,128.07
2022-07-13 08:00:00,여수,175.21666666666667,6,6,66.7856188322153,34.74,127.74
2022-07-13 08:00:00,영동,158.65,6,6,65.76490181097846,37.18,128.46
2022-07-13 08:00:00,영흥,51.36666666666667,6,6,67.31706300450739,37.26,126.46
2022-07-13 08:00:00,예천,137.1,6,6,65.85668467828874,36.65,128.46
2022-07-13 08:00:00,창원,204.63333333333335,6,6,66.02043235847434,35.21,128.58
2022-07-13 08:00:00,탑선,191.08333333333334,6,6,67.4334985971178,35.24,126.81
2022-07-13 09:00:00,경상대,541.0166666666667,6,6,54.256904524005854,35.18,128.1
2022-07-13 09:00:00,고흥만수상,326.01666666666665,6,6,54.949474663928235,34.57,127.3
2022-07-13 09:00:00,광양항세방,369.3333333333333,6,6,54.5899679795462,34.93,127.71
2022-07-13 09:00:00,구미,258.68333333333334,6,6,54.01766474127561,36.13,128.34
2022-07-13 09:00:00,삼천포,470.3666666666666,6,6,54.29418451163556,34.95,128.07
2022-07-13 09:00:00,여수,311.8,6,6,54.57711853501636,34.74,127.74
2022-07-13 09:00:00,영동,171.41666666666666,6,6,53.887463740027194,37.18,128.46
2022-07-13 09:00:00,영흥,85.65000000000002,6,6,55.47636333389364,37.26,126.46
2022-07-13 09:00:00,예천,186.46666666666667,6,6,53.90254589420471,36.65,128.46
2022-07-13 09:00:00,창원,346.0833333333333,6,6,53.86361770689741,35.21,128.58
2022-07-13 09:00:00,탑선,208.83333333333334,6,6,55.30545719034643,35.24,126.81
2022-07-13 10:00:00,경상대,482.43333333333334,6,6,42.0154342650623,35.18,128.1
2022-07-13 10:00:00,고흥만수상,293.55,6,6,42.6130825691378,34.57,127.3
2022-07-13 10:00:00,광양항세방,332.0833333333333,6,6,42.308823383219675,34.93,127.71
2022-07-13 10:00:00,구미,318.56666666666666,6,6,41.92861384149437,36.13,128.34
2022-07-13 10:00:00,삼천포,513.1166666666667,6,6,42.01694068577043,34.95,128.07
2022-07-13 10:00:00,여수,368.5666666666666,6,6,42.266979958207365,34.74,127.74
2022-07-13 10:00:00,영동,319.95,6,6,41.97378052109965,37.18,128.46
2022-07-13 10:00:00,영흥,90.5,6,6,43.56293944190806,37.26,126.46
2022-07-13 10:00:00,예천,251.61666666666667,6,6,41.899802695916364,36.65,128.46
2022-07-13 10:00:00,창원,509.8666666666666,6,6,41.62849764802668,35.21,128.58
2022-07-13 10:00:00,탑선,219.96666666666667,6,6,43.07037089433608,35.24,126.81
2022-07-13 11:00:00,경상대,494.4666666666667,6,6,30.028505093416207,35.18,128.1
2022-07-13 11:00:00,고흥만수상,311.51666666666665,6,6,30.475848286428395,34.57,127.3
2022-07-13 11:00:00,광양항세방,363.9166666666667,6,6,30.256987233050786,34.93,127.71
2022-07-13 11:00:00,구미,261.96666666666664,6,6,30.15246845500244,36.13,128.34
2022-07-13 11:00:00,삼천포,522.1833333333334,6,6,29.98142179173057,34.95,128.07
2022-07-13 11:00:00,여수,362.4166666666667,6,6,30.17757839513458,34.74,127.74
2022-07-13 11:00:00,영동,328.46666666666664,6,6,30.434469202793494,37.18,128.46
2022-07-13 11:00:00,영흥,180.01666666666668,6,6,31.953091661349703,37.26,126.46
2022-07-13 11:00:00,예천,287.3,6,6,30.2425206928866,36.65,128.46
2022-07-13 11:00:00,창원,493.5333333333333,6,6,29.665530706914396,35.21,128.58
2022-07-13 11:00:00,탑선,246.38333333333333,6,6,31.05201018378105,35.24,126.81
2022-07-13 12:00:00,경상대,373.5,6,6,19.228727529073197,35.18,128.1
2022-07-13 12:00:00,고흥만수상,287.8833333333333,6,6,19.367101984654255,34.57,127.3
2022-07-13 12:00:00,광양항세방,311.15000000000003,6,6,19.319305849881587,34.93,127.71
2022-07-13 12:00:00,구미,396.8333333333333,6,6,19.704537199476903,36.13,128.34
2022-07-13 12:00:00,삼천포,406.56666666666666,6,6,19.101637674259422,34.95,128.07
2022-07-13 12:00:00,여수,378.95000000000005,6,6,19.182522570226837,34.74,127.74
2022-07-13 12:00:00,영동,357.31666666666666,6,6,20.356361280193,37.18,128.46
2022-07-13 12:00:00,영흥,164.04999999999998,6,6,21.58237384908813,37.26,126.46
2022-07-13 12:00:00,예천,339.51666666666665,6,6,19.98772327639513,36.65,128.46
2022-07-13 12:00:00,창원,440.25,6,6,18.948687676330167,35.21,128.58
2022-07-13 12:00:00,탑선,287.18333333333334,6,6,20.091246402720785,35.24,126.81
2022-07-13 13:00:00,경상대,354.70000000000005,6,6,13.365323426071882,35.18,128.1
2022-07-13 13:00:00,고흥만수상,360.3500000000001,6,6,12.816260243068754,34.57,127.3
2022-07-13 13:00:00,광양항세방,244.66666666666666,6,6,13.139389296140067,34.93,127.71
2022-07-13 13:00:00,구미,413.21666666666664,6,6,14.304653510119522,36.13,128.34
2022-07-13 13:00:00,삼천포,359.6166666666666,6,6,13.137221760524355,34.95,128.07
2022-07-13 13:00:00,여수,336.1166666666666,6,6,12.947957282164765,34.74,127.74
2022-07-13 13:00:00,영동,297.9166666666667,6,6,15.35076825582756,37.18,128.46
2022-07-13 13:00:00,영흥,56.53333333333334,6,6,15.573637750287105,37.26,126.46
2022-07-13 13:00:00,예천,423.1833333333334,6,6,14.820984716872672,36.65,128.46
2022-07-13 13:00:00,창원,540.5833333333333,6,6,13.37877451573543,35.21,128.58
2022-07-13 13:00:00,탑선,385.13333333333327,6,6,13.534043834045562,35.24,126.81
2022-07-13 14:00:00,경상대,284.18333333333334,6,6,18.20844862710537,35.18,128.1
2022-07-13 14:00:00,고흥만수상,363.25,6,6,17.312470394904352,34.57,127.3
2022-07-13 14:00:00,광양항세방,309.3833333333334,6,6,17.804809417744096,34.93,127.71
2022-07-13 14:00:00,구미,423.90000000000003,6,6,19.01005368116533,36.13,128.34
2022-07-13 14:00:00,삼천포,356.61666666666673,6,6,18.03316977516029,34.95,128.07
2022-07-13 14:00:00,여수,392.8,6,6,17.69191424625606,34.74,127.74
2022-07-13 14:00:00,영동,365.43333333333334,6,6,19.829849984545405,37.18,128.46
2022-07-13 14:00:00,영흥,23.45,6,6,18.846566376861063,37.26,126.46
2022-07-13 14:00:00,예천,388.9166666666667,6,6,19.447471108582306,36.65,128.46
2022-07-13 14:00:00,창원,402.6333333333334,6,6,18.51629121322314,35.21,128.58
2022-07-13 14:00:00,탑선,281.45,6,6,17.505229699945374,35.24,126.81
2022-07-13 15:00:00,경상대,271.21666666666664,6,6,28.741270635741458,35.18,128.1
2022-07-13 15:00:00,고흥만수상,234.79999999999998,6,6,27.917397357861972,34.57,127.3
2022-07-13 15:00:00,광양항세방,217.73333333333335,6,6,28.356099326985003,34.93,127.71
2022-07-13 15:00:00,구미,211.9,6,6,29.256943793482208,36.13,128.34
2022-07-13 15:00:00,삼천포,313.41666666666663,6,6,28.640746689629744,34.95,128.07
2022-07-13 15:00:00,여수,277.21666666666664,6,6,28.315380368725336,34.74,127.74
2022-07-13 15:00:00,영동,172.71666666666667,6,6,29.739309243832594,37.18,128.46
2022-07-13 15:00:00,영흥,78.25,6,6,28.317128004166477,37.26,126.46
2022-07-13 15:00:00,예천,200.35,6,6,29.537813869538944,36.65,128.46
2022-07-13 15:00:00,창원,306.5833333333333,6,6,29.120848512075817,35.21,128.58
2022-07-13 15:00:00,탑선,319.05,6,6,27.775842808452126,35.24,126.81
2022-07-13 16:00:00,경상대,181.16666666666666,6,6,40.66666294471498,35.18,128.1
2022-07-13 16:00:00,고흥만수상,172.65,6,6,39.941135884232004,34.57,127.3
2022-07-13 16:00:00,광양항세방,151.0666666666667,6,6,40.319161742964106,34.93,127.71
2022-07-13 16:00:00,구미,190.5666666666667,6,6,40.984213915807125,36.13,128.34
2022-07-13 16:00:00,삼천포,200.79999999999998,6,6,40.614542371323964,34.95,128.07
2022-07-13 16:00:00,여수,194.7833333333333,6,6,40.320753286598254,34.74,127.74
2022-07-13 16:00:00,영동,110.75,6,6,41.2350574879574,37.18,128.46
2022-07-13 16:00:00,영흥,101.28333333333335,6,6,39.67976007709384,37.26,126.46
2022-07-13 16:00:00,예천,140.1833333333333,6,6,41.15420550622647,36.65,128.46
2022-07-13 16:00:00,창원,278.46666666666664,6,6,41.05969118481703,35.21,128.58
2022-07-13 16:00:00,탑선,355.2833333333333,6,6,39.62963191038394,35.24,126.81
2022-07-13 17:00:00,경상대,227.18333333333337,6,6,52.90629763893498,35.18,128.1
2022-07-13 17:00:00,고흥만수상,192.83333333333334,6,6,52.273047493631125,34.57,127.3
2022-07-13 17:00:00,광양항세방,208.15,6,6,52.596416515821566,34.93,127.71
2022-07-13 17:00:00,구미,149.29999999999998,6,6,53.07098851608693,36.13,128.34
2022-07-13 17:00:00,삼천포,255.20000000000005,6,6,52.890560197940346,34.95,128.07
2022-07-13 17:00:00,여수,216.45000000000002,6,6,52.6282171055629,34.74,127.74
2022-07-13 17:00:00,영동,72.33333333333334,6,6,53.14572278646454,37.18,128.46
2022-07-13 17:00:00,영흥,18.9,6,6,51.552827626542964,37.26,126.46
2022-07-13 17:00:00,예천,106.98333333333333,6,6,53.15510360109806,36.65,128.46
2022-07-13 17:00:00,창원,229.45000000000002,6,6,53.29709219204859,35.21,128.58
2022-07-13 17:00:00,탑선,395.6666666666667,6,6,51.850959252881985,35.24,126.81
2022-07-13 18:00:00,경상대,151.46666666666667,6,6,65.08945102338728,35.18,128.1
2022-07-13 18:00:00,고흥만수상,184.69999999999996,6,6,64.54827852613596,34.57,127.3
2022-07-13 18:00:00,광양항세방,138.29999999999998,6,6,64.81824812639523,34.93,127.71
2022-07-13 18:00:00,구미,118.71666666666665,6,6,65.11911443732464,36.13,128.34
2022-07-13 18:00:00,삼천포,198.98333333333332,6,6,65.10540011021982,34.95,128.07
2022-07-13 18:00:00,여수,161.54999999999998,6,6,64.87539983503079,34.74,127.74
2022-07-13 18:00:00,영동,132.5,6,6,65.04105176925898,37.18,128.46
2022-07-13 18:00:00,영흥,73.9,6,6,63.4546663592905,37.26,126.46
2022-07-13 18:00:00,예천,87.16666666666667,6,6,65.12759053212783,36.65,128.46
2022-07-13 18:00:00,창원,177.36666666666667,6,6,65.4703400707264,35.21,128.58
2022-07-13 18:00:00,탑선,216.01666666666668,6,6,64.04032619435431,35.24,126.81
2022-07-13 19:00:00,경상대,77.74,5,6,76.98819838648919,35.18,128.1
2022-07-13 19:00:00,고흥만수상,142.86,5,6,76.54600286846511,34.57,127.3
2022-07-13 19:00:00,광양항세방,147.42,5,6,76.7594114735677,34.93,127.71
2022-07-13 19:00:00,구미,76.26,5,6,76.88649536028713,36.13,128.34
2022-07-13 19:00:00,삼천포,75.25999999999999,5,6,77.03465168396916,34.95,128.07
2022-07-13 19:00:00,여수,157.3,5,6,76.84016642507403,34.74,127.74
2022-07-13 19:00:00,영동,108.3,5,6,76.6626955959242,37.18,128.46
2022-07-13 19:00:00,영흥,135.91666666666669,6,6,75.11525904032439,37.26,126.46
2022-07-13 19:00:00,예천,68.66,5,6,76.82177929359074,36.65,128.46
2022-07-13 19:00:00,창원,82.28,5,6,77.35255081365447,35.21,128.58
2022-07-13 19:00:00,탑선,52.06666666666667,6,6,75.9641387070705,35.24,126.81
2022-07-13 20:00:00,경상대,,0,6,88.37708762762412,35.18,128.1
2022-07-13 20:00:00,고흥만수상,,0,6,88.04775932102348,34.57,127.3
2022-07-13 20:00:00,광양항세방,,0,6,88.19745154205908,34.93,127.71
2022-07-13 20:00:00,구미,,0,6,88.13913963149281,36.13,128.34
2022-07-13 20:00:00,삼천포,,0,6,88.45486161949428,34.95,128.07
2022-07-13 20:00:00,여수,,0,6,88.30160079374824,34.74,127.74
2022-07-13 20:00:00,영동,,0,6,87.76749144130972,37.18,128.46
2022-07-13 20:00:00,영흥,,0,6,86.2935009775352,37.26,126.46
2022-07-13 20:00:00,예천,,0,6,87.99902832997228,36.65,128.46
2022-07-13 20:00:00,창원,,0,6,88.71689766442026,35.21,128.58
2022-07-13 20:00:00,탑선,,0,6,87.39912973831576,35.24,126.81
2022-07-13 21:00:00,경상대,,0,6,98.96786456507354,35.18,128.1
2022-07-13 21:00:00,고흥만수상,,0,6,98.77274270939802,34.57,127.3
2022-07-13 21:00:00,광양항세방,,0,6,98.84752463962631,34.93,127.71
2022-07-13 21:00:00,구미,,0,6,98.58343050356575,36.13,128.34
2022-07-13 21:00:00,삼천포,,0,6,99.07892948191515,34.95,128.07
2022-07-13 21:00:00,여수,,0,6,98.97550277988447,34.74,127.74
2022-07-13 21:00:00,영동,,0,6,98.05692028009696,37.18,128.46
2022-07-13 21:00:00,영흥,,0,6,96.70110394943914,37.26,126.46
2022-07-13 21:00:00,예천,,0,6,98.3629284084685,36.65,128.46
2022-07-13 21:00:00,창원,,0,6,99.2720880465822,35.21,128.58
2022-07-13 21:00:00,탑선,,0,6,98.06433291679554,35.24,126.81
2022-07-13 22:00:00,경상대,,0,6,108.35513383802545,35.18,128.1
2022-07-13 22:00:00,고흥만수상,,0,6,108.322887409506,34.57,127.3
2022-07-13 22:00:00,광양항세방,,0,6,108.30778979940189,34.93,127.71
2022-07-13 22:00:00,구미,,0,6,107.81266582136931,36.13,128.34
2022-07-13 22:00:00,삼천포,,0,6,108.50156836288681,34.95,128.07
2022-07-13 22:00:00,여수,,0,6,108.45963550084917,34.74,127.74
2022-07-13 22:00:00,영동,,0,6,107.12459163362001,37.18,128.46
2022-07-13 22:00:00,영흥,,0,6,105.94880725070416,37.26,126.46
2022-07-13 22:00:00,예천,,0,6,107.50634133840956,36.65,128.46
2022-07-13 22:00:00,창원,,0,6,108.60814839679333,35.21,128.58
2022-07-13 22:00:00,탑선,,0,6,107.56650723008565,35.24,126.81
2022-07-13 23:00:00,경상대,,0,6,115.97135930993913,35.18,128.1
2022-07-13 23:00:00,고흥만수상,,0,6,116.13422735980785,34.57,127.3
2022-07-13 23:00:00,광양항세방,,0,6,116.01279698007409,34.93,127.71
2022-07-13 23:00:00,구미,,0,6,115.26624048848231,36.13,128.34
2022-07-13 23:00:00,삼천포,,0,6,116.15331716670853,34.95,128.07
2022-07-13 23:00:00,여수,,0,6,116.1863825736666,34.74,127.74
2022-07-13 23:00:00,영동,,0,6,114.4195950890956,37.18,128.46
2022-07-13 23:00:00,영흥,,0,6,113.50636933139477,37.26,126.46
2022-07-13 23:00:00,예천,,0,6,114.87279245786871,36.65,128.46
2022-07-13 23:00:00,창원,,0,6,116.15234057561989,35.21,128.58
2022-07-13 23:00:00,탑선,,0,6,115.35347656631248,35.24,126.81
2022-07-14 00:00:00,경상대,,0,6,121.10097090009859,35.18,128.1
2022-07-14 00:00:00,고흥만수상,,0,6,121.48239366500076,34.57,127.3
2022-07-14 00:00:00,광양항세방,,0,6,121.24364603549897,34.93,127.71
2022-07-14 00:00:00,구미,,0,6,120.24973351365833,36.13,128.34
2022-07-14 00:00:00,삼천포,,0,6,121.31330458895167,34.95,128.07
2022-07-14 00:00:00,여수,,0,6,121.43213964740615,34.74,127.74
2022-07-14 00:00:00,영동,,0,6,119.2715035964237,37.18,128.46
2022-07-14 00:00:00,영흥,,0,6,118.71517320012363,37.26,126.46
2022-07-14 00:00:00,예천,,0,6,119.77949427558113,36.65,128.46
2022-07-14 00:00:00,창원,,0,6,121.18683713129471,35.21,128.58
2022-07-14 00:00:00,탑선,,0,6,120.71989079248316,35.24,126.81
2022-07-14 01:00:00,경상대,,0,5,123.05387434825134,35.18,128.1
2022-07-14 01:00:00,고흥만수상,,0,5,123.64767160177811,34.57,127.3
2022-07-14 01:00:00,광양항세방,,0,5,123.29732026242979,34.93,127.71
2022-07-14 01:00:00,구미,,0,5,122.10675274997266,36.13,128.34
2022-07-14 01:00:00,삼천포,,0,5,123.28342246736914,34.95,128.07
2022-07-14 01:00:00,여수,,0,5,123.4878498860136,34.74,127.74
2022-07-14 01:00:00,영동,,0,5,121.05785282058366,37.18,128.46
2022-07-14 01:00:00,영흥,,0,5,120.93286904274464,37.26,126.46
2022-07-14 01:00:00,예천,,0,5,121.58781786749256,36.65,128.46
2022-07-14 01:00:00,창원,,0,5,123.02854629253898,35.21,128.58
2022-07-14 01:00:00,탑선,,0,5,122.96333979325428,35.24,126.81
2022-07-14 02:00:00,경상대,,0,6,121.50631601249414,35.18,128.1
2022-07-14 02:00:00,고흥만수상,,0,6,122.26587892088654,34.57,127.3
2022-07-14 02:00:00,광양항세방,,0,6,121.83147974501233,34.93,127.71
2022-07-14 02:00:00,구미,,0,6,120.53875967440995,36.13,128.34
2022-07-14 02:00:00,삼천포,,0,6,121.7345476812612,34.95,128.07
2022-07-14 02:00:00,여수,,0,6,122.00850767030343,34.74,127.74
2022-07-14 02:00:00,영동,,0,6,119.5013024319596,37.18,128.46
2022-07-14 02:00:00,영흥,,0,6,119.8212871743676,37.26,126.46
2022-07-14 02:00:00,예천,,0,6,120.01191560888564,36.65,128.46
2022-07-14 02:00:00,창원,,0,6,121.37137050801289,35.21,128.58
2022-07-14 02:00:00,탑선,,0,6,121.71658387829622,35.24,126.81
2022-07-14 03:00:00,경상대,,0,6,116.71792582788407,35.18,128.1
2022-07-14 03:00:00,고흥만수상,,0,6,117.57491628101391,34.57,127.3
2022-07-14 03:00:00,광양항세방,,0,6,117.09476637917979,34.93,127.71
2022-07-14 03:00:00,구미,,0,6,115.79995083907306,36.13,128.34
2022-07-14 03:00:00,삼천포,,0,6,116.92866350305816,34.95,128.07
2022-07-14 03:00:00,여수,,0,6,117.24666989914705,34.74,127.74
2022-07-14 03:00:00,영동,,0,6,114.84511828627764,37.18,128.46
2022-07-14 03:00:00,영흥,,0,6,115.55545865382953,37.26,126.46
2022-07-14 03:00:00,예천,,0,6,115.30257001265893,36.65,128.46
2022-07-14 03:00:00,창원,,0,6,116.4922036526966,35.21,128.58
2022-07-14 03:00:00,탑선,,0,6,117.18983277295602,35.24,126.81
2022-07-14 04:00:00,경상대,,0,6,109.35484928311702,35.18,128.1
2022-07-14 04:00:00,고흥만수상,,0,6,110.24861347648456,34.57,127.3
2022-07-14 04:00:00,광양항세방,,0,6,109.75558758814836,34.93,127.71
2022-07-14 04:00:00,구미,,0,6,108.52942981071772,36.13,128.34
2022-07-14 04:00:00,삼천포,,0,6,109.5390750828306,34.95,128.07
2022-07-14 04:00:00,여수,,0,6,109.87756133951049,34.74,127.74
2022-07-14 04:00:00,영동,,0,6,107.69787213339612,37.18,128.46
2022-07-14 04:00:00,영흥,,0,6,108.71061148202666,37.26,126.46
2022-07-14 04:00:00,예천,,0,6,108.08443001455058,36.65,128.46
2022-07-14 04:00:00,창원,,0,6,109.06322896277655,35.21,128.58
2022-07-14 04:00:00,탑선,,0,6,110.02646874449121,35.24,126.81
2022-07-14 05:00:00,경상대,,0,6,100.142797084628,35.18,128.1
2022-07-14 05:00:00,고흥만수상,,0,6,101.03253214750332,34.57,127.3
2022-07-14 05:00:00,광양항세방,,0,6,100.54802494942822,34.93,127.71
2022-07-14 05:00:00,구미,,0,6,99.42791550410479,36.13,128.34
2022-07-14 05:00:00,삼천포,,0,6,100.2975347082137,34.95,128.07
2022-07-14 05:00:00,여수,,0,6,100.64007004771604,34.74,127.74
2022-07-14 05:00:00,영동,,0,6,98.73421049908066,37.18,128.46
2022-07-14 05:00:00,영흥,,0,6,99.96480289787313,37.26,126.46
2022-07-14 05:00:00,예천,,0,6,99.04495581656778,36.65,128.46
2022-07-14 05:00:00,창원,,0,6,99.80691018356445,35.21,128.58
2022-07-14 05:00:00,탑선,,0,6,100.95629636921178,35.24,126.81
2022-07-14 06:00:00,경상대,,0,6,89.66964236022547,35.18,128.1
2022-07-14 06:00:00,고흥만수상,,0,6,90.53094070299026,34.57,127.3
2022-07-14 06:00:00,광양항세방,,0,6,90.06730395658845,34.93,127.71
2022-07-14 06:00:00,구미,,0,6,89.06989552884761,36.13,128.34
2022-07-14 06:00:00,삼천포,,0,6,89.7948648102244,34.95,128.07
2022-07-14 06:00:00,여수,,0,6,90.13127338970236,34.74,127.74
2022-07-14 06:00:00,영동,,0,6,88.51552897282397,37.18,128.46
2022-07-14 06:00:00,영흥,,0,6,89.89778453395586,37.26,126.46
2022-07-14 06:00:00,예천,,0,6,88.75152399054512,36.65,128.46
2022-07-14 06:00:00,창원,,0,6,89.30530895606425,35.21,128.58
2022-07-14 06:00:00,탑선,,0,6,90.58108290823051,35.24,126.81
2022-07-14 07:00:00,경상대,0.0,3,6,78.35820119696012,35.18,128.1
2022-07-14 07:00:00,고흥만수상,82.53333333333335,3,6,79.17580581483435,34.57,127.3
2022-07-14 07:00:00,광양항세방,39.833333333333336,3,6,78.74055890098776,34.93,127.71
2022-07-14 07:00:00,구미,102.44999999999999,4,6,77.87429103433901,36.13,128.34
2022-07-14 07:00:00,삼천포,73.3,3,6,78.45454026731056,34.95,128.07
2022-07-14 07:00:00,여수,46.93333333333334,3,6,78.77831834628608,34.74,127.74
2022-07-14 07:00:00,영동,133.5,4,6,77.45772832225916,37.18,128.46
2022-07-14 07:00:00,영흥,177.66666666666666,3,6,78.94335495483939,37.26,126.46
2022-07-14 07:00:00,예천,151.79999999999998,4,6,77.62102454683458,36.65,128.46
2022-07-14 07:00:00,창원,97.80000000000001,4,6,77.97646390707021,35.21,128.58
2022-07-14 07:00:00,탑선,193.0,3,6,79.33647389024004,35.24,126.81
2022-07-14 08:00:00,경상대,254.1833333333333,6,6,66.50817051059589,35.18,128.1
2022-07-14 08:00:00,고흥만수상,34.53333333333334,6,6,67.26985539444291,34.57,127.3
2022-07-14 08:00:00,광양항세방,166.01666666666668,6,6,66.86909052949886,34.93,127.71
2022-07-14 08:00:00,구미,241.73333333333332,6,6,66.14287299249234,36.13,128.34
2022-07-14 08:00:00,삼천포,174.0333333333333,6,6,66.57558188776797,34.95,128.07
2022-07-14 08:00:00,여수,119.89999999999999,6,6,66.88160358920487,34.74,127.74
2022-07-14 08:00:00,영동,164.61666666666667,6,6,65.86577259743348,37.18,128.46
2022-07-14 08:00:00,영흥,242.95000000000002,6,6,67.41869042766939,37.26,126.46
2022-07-14 08:00:00,예천,227.89999999999998,6,6,65.95645549576346,36.65,128.46
2022-07-14 08:00:00,창원,143.46666666666667,6,6,66.1171338631467,35.21,128.58
2022-07-14 08:00:00,탑선,305.4,6,6,67.53085790597873,35.24,126.81
2022-07-14 09:00:00,경상대,426.81666666666666,6,6,54.35036308229709,35.18,128.1
2022-07-14 09:00:00,고흥만수상,213.15,6,6,55.04150866354353,34.57,127.3
2022-07-14 09:00:00,광양항세방,413.31666666666666,6,6,54.68284719084627,34.93,127.71
2022-07-14 09:00:00,구미,458.95,6,6,54.11345830800715,36.13,128.34
2022-07-14 09:00:00,삼천포,378.98333333333335,6,6,54.38707115184787,34.95,128.07
2022-07-14 09:00:00,여수,477.6333333333334,6,6,54.669519077898315,34.74,127.74
2022-07-14 09:00:00,영동,250.5333333333333,6,6,53.98581617096591,37.18,128.46
2022-07-14 09:00:00,영흥,274.6166666666667,6,6,55.57503548989263,37.26,126.46
2022-07-14 09:00:00,예천,254.25,6,6,53.99960811284373,36.65,128.46
2022-07-14 09:00:00,창원,381.81666666666666,6,6,53.957102048656544,35.21,128.58
2022-07-14 09:00:00,탑선,457.40000000000003,6,6,55.39921705103552,35.24,126.81
2022-07-14 10:00:00,경상대,458.65000000000003,6,6,42.109808480798705,35.18,128.1
2022-07-14 10:00:00,고흥만수상,253.81666666666663,6,6,42.705435411221785,34.57,127.3
2022-07-14 10:00:00,광양항세방,554.5666666666666,6,6,42.40235082976844,34.93,127.71
2022-07-14 10:00:00,구미,612.1333333333333,6,6,42.02587761886296,36.13,128.34
2022-07-14 10:00:00,삼천포,382.93333333333334,6,6,42.110614684542476,34.95,128.07
2022-07-14 10:00:00,여수,623.3166666666667,6,6,42.359941522744265,34.74,127.74
2022-07-14 10:00:00,영동,355.8,6,6,42.074125813934714,37.18,128.46
2022-07-14 10:00:00,영흥,359.55,6,6,43.66290090033646,37.26,126.46
2022-07-14 10:00:00,예천,394.1166666666666,6,6,41.99862195472021,36.65,128.46
2022-07-14 10:00:00,창원,341.45,6,6,41.723088948749044,35.21,128.58
2022-07-14 10:00:00,탑선,452.1666666666667,6,6,43.16461882626619,35.24,126.81
2022-07-14 11:00:00,경상대,643.0,6,6,30.13146177007583,35.18,128.1
2022-07-14 11:00:00,고흥만수상,495.2666666666667,6,6,30.575845666581337,34.57,127.3
2022-07-14 11:00:00,광양항세방,494.8833333333334,6,6,30.35867162615873,34.93,127.71
2022-07-14 11:00:00,구미,492.9333333333334,6,6,30.259000091724303,36.13,128.34
2022-07-14 11:00:00,삼천포,474.2166666666667,6,6,30.083517792626566,34.95,128.07
2022-07-14 11:00:00,여수,659.15,6,6,30.278598065609067,34.74,127.74
2022-07-14 11:00:00,영동,373.50000000000006,6,6,30.544624960713456,37.18,128.46
2022-07-14 11:00:00,영흥,508.05,6,6,32.061563213194894,37.26,126.46
2022-07-14 11:00:00,예천,494.75,6,6,30.35093368518268,36.65,128.46
2022-07-14 11:00:00,창원,588.5,6,6,29.769066039454742,35.21,128.58
2022-07-14 11:00:00,탑선,333.84999999999997,6,6,31.153990619508562,35.24,126.81
2022-07-14 12:00:00,경상대,517.1500000000001,6,6,19.35538655109356,35.18,128.1
2022-07-14 12:00:00,고흥만수상,710.3666666666667,6,6,19.48988143497877,34.57,127.3
2022-07-14 12:00:00,광양항세방,627.0,6,6,19.444264146695687,34.93,127.71
2022-07-14 12:00:00,구미,705.8166666666667,6,6,19.83461030293556,36.13,128.34
2022-07-14 12:00:00,삼천포,629.7,6,6,19.22746898948371,34.95,128.07
2022-07-14 12:00:00,여수,853.4166666666666,6,6,19.306892149488533,34.74,127.74
2022-07-14 12:00:00,영동,311.3666666666667,6,6,20.48945606069438,37.18,128.46
2022-07-14 12:00:00,영흥,774.5,6,6,21.711871103894694,37.26,126.46
2022-07-14 12:00:00,예천,325.4166666666667,6,6,20.11946849215451,36.65,128.46
2022-07-14 12:00:00,창원,762.75,6,6,19.07651551850188,35.21,128.58
2022-07-14 12:00:00,탑선,780.0333333333333,6,6,20.215306804465342,35.24,126.81
2022-07-14 13:00:00,경상대,403.55,6,6,13.514367087139874,35.18,128.1
2022-07-14 13:00:00,고흥만수상,789.5833333333334,6,6,12.966092001504194,34.57,127.3
2022-07-14 13:00:00,광양항세방,569.6833333333334,6,6,13.288858056344651,34.93,127.71
2022-07-14 13:00:00,구미,897.85,6,6,14.45334762559537,36.13,128.34
2022-07-14 13:00:00,삼천포,761.4666666666666,6,6,13.286319048882646,34.95,128.07
2022-07-14 13:00:00,여수,881.1,6,6,13.097417126006079,34.74,127.74
2022-07-14 13:00:00,영동,362.0333333333333,6,6,15.499264834859886,37.18,128.46
2022-07-14 13:00:00,영흥,889.2333333333335,6,6,15.723663070024202,37.26,126.46
2022-07-14 13:00:00,예천,295.15000000000003,6,6,14.969505694088724,36.65,128.46
2022-07-14 13:00:00,창원,668.1,6,6,13.527205369044808,35.21,128.58
2022-07-14 13:00:00,탑선,770.75,6,6,13.684079678264752,35.24,126.81
2022-07-14 14:00:00,경상대,667.1999999999999,6,6,18.305803235450682,35.18,128.1
2022-07-14 14:00:00,고흥만수상,849.5999999999999,6,6,17.409919468509415,34.57,127.3
2022-07-14 14:00:00,광양항세방,834.9166666666666,6,6,17.90242328268853,34.93,127.71
2022-07-14 14:00:00,구미,868.0833333333334,6,6,19.11076590290709,36.13,128.34
2022-07-14 14:00:00,삼천포,705.8333333333334,6,6,18.129555621932084,34.95,128.07
2022-07-14 14:00:00,여수,799.7666666666665,6,6,17.78851489809597,34.74,127.74
2022-07-14 14:00:00,영동,321.06666666666666,6,6,19.934368573566317,37.18,128.46
2022-07-14 14:00:00,영흥,881.1999999999999,6,6,18.958010046248248,37.26,126.46
2022-07-14 14:00:00,예천,407.54999999999995,6,6,19.54991995521347,36.65,128.46
2022-07-14 14:00:00,창원,625.9833333333332,6,6,18.61207804358027,35.21,128.58
2022-07-14 14:00:00,탑선,755.8833333333333,6,6,17.607626939897884,35.24,126.81
2022-07-14 15:00:00,경상대,836.9833333333335,6,6,28.803016558627824,35.18,128.1
2022-07-14 15:00:00,고흥만수상,838.8833333333333,6,6,27.97736929405115,34.57,127.3
2022-07-14 15:00:00,광양항세방,822.9166666666666,6,6,28.417213610780223,34.93,127.71
2022-07-14 15:00:00,구미,643.0500000000001,6,6,29.32271647351837,36.13,128.34
2022-07-14 15:00:00,삼천포,758.1833333333333,6,6,28.701452175238394,34.95,128.07
2022-07-14 15:00:00,여수,892.2666666666665,6,6,28.375546522390586,34.74,127.74
2022-07-14 15:00:00,영동,420.43333333333334,6,6,29.809540402271992,37.18,128.46
2022-07-14 15:00:00,영흥,817.0500000000001,6,6,28.390807154249117,37.26,126.46
2022-07-14 15:00:00,예천,373.81666666666666,6,6,29.605732941794464,36.65,128.46
2022-07-14 15:00:00,창원,784.3666666666667,6,6,29.182077011864983,35.21,128.58
2022-07-14 15:00:00,탑선,753.8000000000001,6,6,27.839755856546766,35.24,126.81
2022-07-14 16:00:00,경상대,608.9166666666666,6,6,40.71631266082061,35.18,128.1
2022-07-14 16:00:00,고흥만수상,756.2666666666665,6,6,39.98876500127302,34.57,127.3
2022-07-14 16:00:00,광양항세방,726.3666666666667,6,6,40.36801311987273,34.93,127.71
2022-07-14 16:00:00,구미,664.0333333333334,6,6,41.03733092339679,36.13,128.34
2022-07-14 16:00:00,삼천포,753.0833333333331,6,6,40.663331344341145,34.95,128.07
2022-07-14 16:00:00,여수,624.5333333333334,6,6,40.36886647064996,34.74,127.74
2022-07-14 16:00:00,영동,480.51666666666665,6,6,41.291990898363984,37.18,128.46
2022-07-14 16:00:00,영흥,732.0500000000001,6,6,39.7380251348411,37.26,126.46
2022-07-14 16:00:00,예천,650.7333333333332,6,6,41.20919509703048,36.65,128.46
2022-07-14 16:00:00,창원,771.1333333333333,6,6,41.10927209180617,35.21,128.58
2022-07-14 16:00:00,탑선,725.3166666666667,6,6,39.68005120219788,35.24,126.81
2022-07-14 17:00:00,경상대,611.6666666666666,6,6,52.95427719004853,35.18,128.1
2022-07-14 17:00:00,고흥만수상,633.0666666666666,6,6,52.319029623264214,34.57,127.3
2022-07-14 17:00:00,광양항세방,537.9833333333333,6,6,52.643575118240435,34.93,127.71
2022-07-14 17:00:00,구미,567.1833333333333,6,6,53.121949892753086,36.13,128.34
2022-07-14 17:00:00,삼천포,550.5500000000001,6,6,52.93781558407499,34.95,128.07
2022-07-14 17:00:00,여수,561.9666666666667,6,6,52.67477932335249,34.74,127.74
2022-07-14 17:00:00,영동,459.3333333333333,6,6,53.19993524373089,37.18,128.46
2022-07-14 17:00:00,영흥,595.65,6,6,51.60728074888567,37.26,126.46
2022-07-14 17:00:00,예천,530.3166666666667,6,6,53.207682180055244,36.65,128.46
2022-07-14 17:00:00,창원,639.2500000000001,6,6,53.34521139558479,35.21,128.58
2022-07-14 17:00:00,탑선,597.0,6,6,51.89903288822544,35.24,126.81
2022-07-14 18:00:00,경상대,440.38333333333327,6,6,65.14132928389232,35.18,128.1
2022-07-14 18:00:00,고흥만수상,448.96666666666675,6,6,64.59819551186267,34.57,127.3
2022-07-14 18:00:00,광양항세방,345.26666666666665,6,6,64.86930073941542,34.93,127.71
2022-07-14 18:00:00,구미,419.3,6,6,65.17363561792055,36.13,128.34
2022-07-14 18:00:00,삼천포,378.8,6,6,65.15664640107084,34.95,128.07
2022-07-14 18:00:00,여수,442.81666666666666,6,6,64.92594947590925,34.74,127.74
2022-07-14 18:00:00,영동,364.28333333333336,6,6,65.09841933494705,37.18,128.46
2022-07-14 18:00:00,영흥,388.24999999999994,6,6,63.51159958544771,37.26,126.46
2022-07-14 18:00:00,예천,407.46666666666664,6,6,65.18354541091608,36.65,128.46
2022-07-14 18:00:00,창원,445.95000000000005,6,6,65.5224857747109,35.21,128.58
2022-07-14 18:00:00,탑선,439.4666666666667,6,6,64.09188489536587,35.24,126.81
2022-07-14 19:00:00,경상대,269.73999999999995,5,6,77.0478366892128,35.18,128.1
2022-07-14 19:00:00,고흥만수상,276.58,5,6,76.6036891596319,34.57,127.3
2022-07-14 19:00:00,광양항세방,233.35999999999999,5,6,76.81821309436275,34.93,127.71
2022-07-14 19:00:00,구미,196.38,5,6,76.94853369432332,36.13,128.34
2022-07-14 19:00:00,삼천포,256.43999999999994,5,6,77.09372359880713,34.95,128.07
2022-07-14 19:00:00,여수,248.48000000000002,5,6,76.89853224298889,34.74,127.74
2022-07-14 19:00:00,영동,115.96000000000001,5,6,76.72727953271306,37.18,128.46
2022-07-14 19:00:00,영흥,191.13333333333333,6,6,75.1788956100048,37.26,126.46
2022-07-14 19:00:00,예천,204.47999999999996,5,6,76.88511660153505,36.65,128.46
2022-07-14 19:00:00,창원,255.53999999999996,5,6,77.41255795679156,35.21,128.58
2022-07-14 19:00:00,탑선,246.01666666666665,6,6,76.02313778683731,35.24,126.81
2022-07-14 20:00:00,경상대,,0,6,88.44780377351964,35.18,128.1
2022-07-14 20:00:00,고흥만수상,,0,6,88.11651338337833,34.57,127.3
2022-07-14 20:00:00,광양항세방,,0,6,88.26731367278015,34.93,127.71
2022-07-14 20:00:00,구미,,0,6,88.2120531434799,36.13,128.34
2022-07-14 20:00:00,삼천포,,0,6,88.52506585984293,34.95,128.07
2022-07-14 20:00:00,여수,,0,6,88.37108372340391,34.74,127.74
2022-07-14 20:00:00,영동,,0,6,87.84269073024137,37.18,128.46
2022-07-14 20:00:00,영흥,,0,6,86.36729712571423,37.26,126.46
2022-07-14 20:00:00,예천,,0,6,88.07312578497934,36.65,128.46
2022-07-14 20:00:00,창원,,0,6,88.78807755083858,35.21,128.58
2022-07-14 20:00:00,탑선,,0,6,87.46891369880895,35.24,126.81
2022-07-14 21:00:00,경상대,,0,6,99.05284312574196,35.18,128.1
2022-07-14 21:00:00,고흥만수상,,0,6,98.85576266708458,34.57,127.3
2022-07-14 21:00:00,광양항세방,,0,6,98.93163842850956,34.93,127.71
2022-07-14 21:00:00,구미,,0,6,98.67038329133149,36.13,128.34
2022-07-14 21:00:00,삼천포,,0,6,99.16345482050795,34.95,128.07
2022-07-14 21:00:00,여수,,0,6,99.05929672004108,34.74,127.74
2022-07-14 21:00:00,영동,,0,6,98.14587425093184,37.18,128.46
2022-07-14 21:00:00,영흥,,0,6,96.78822874830598,37.26,126.46
2022-07-14 21:00:00,예천,,0,6,98.45093742276053,36.65,128.46
2022-07-14 21:00:00,창원,,0,6,99.35762127718242,35.21,128.58
2022-07-14 21:00:00,탑선,,0,6,98.14809417433989,35.24,126.81
2022-07-14 22:00:00,경상대,,0,6,108.45729308274487,35.18,128.1
2022-07-14 22:00:00,고흥만수상,,0,6,108.42317167673558,34.57,127.3
2022-07-14 22:00:00,광양항세방,,0,6,108.40910929137097,34.93,127.71
2022-07-14 22:00:00,구미,,0,6,107.91648362115495,36.13,128.34
2022-07-14 22:00:00,삼천포,,0,6,108.60335434989483,34.95,128.07
2022-07-14 22:00:00,여수,,0,6,108.56070989155906,34.74,127.74
2022-07-14 22:00:00,영동,,0,6,107.23003006272695,37.18,128.46
2022-07-14 22:00:00,영흥,,0,6,106.0520708990961,37.26,126.46
2022-07-14 22:00:00,예천,,0,6,107.61103728800114,36.65,128.46
2022-07-14 22:00:00,창원,,0,6,108.7109321926053,35.21,128.58
2022-07-14 22:00:00,탑선,,0,6,107.66720418386919,35.24,126.81
2022-07-14 23:00:00,경상대,,0,6,116.09245402286841,35.18,128.1
2022-07-14 23:00:00,고흥만수상,,0,6,116.25371425778644,34.57,127.3
2022-07-14 23:00:00,광양항세방,,0,6,116.13316044648725,34.93,127.71
2022-07-14 23:00:00,구미,,0,6,115.38852329174341,36.13,128.34
2022-07-14 23:00:00,삼천포,,0,6,116.27415340187046,34.95,128.07
2022-07-14 23:00:00,여수,,0,6,116.30659774330942,34.74,127.74
2022-07-14 23:00:00,영동,,0,6,114.54297389494647,37.18,128.46
2022-07-14 23:00:00,영흥,,0,6,113.62746884814862,37.26,126.46
2022-07-14 23:00:00,예천,,0,6,114.99569489210148,36.65,128.46
2022-07-14 23:00:00,창원,,0,6,116.27406251052328,35.21,128.58
2022-07-14 23:00:00,탑선,,0,6,115.4730163571246,35.24,126.81
2022-07-15 00:00:00,경상대,,0,6,121.23975505320783,35.18,128.1
2022-07-15 00:00:00,고흥만수상,,0,6,121.62009810710113,34.57,127.3
2022-07-15 00:00:00,광양항세방,,0,6,121.38193013453926,34.93,127.71
2022-07-15 00:00:00,구미,,0,6,120.3891159935647,36.13,128.34
2022-07-15 00:00:00,삼천포,,0,6,121.4519684345288,34.95,128.07
2022-07-15 00:00:00,여수,,0,6,121.57037792647142,34.74,127.74
2022-07-15 00:00:00,영동,,0,6,119.41137863197396,37.18,128.46
2022-07-15 00:00:00,영흥,,0,6,118.85314969995585,37.26,126.46
2022-07-15 00:00:00,예천,,0,6,119.91918150127205,36.65,128.46
2022-07-15 00:00:00,창원,,0,6,121.32611823361074,35.21,128.58
2022-07-15 00:00:00,탑선,,0,6,120.85736518187807,35.24,126.81
2022-07-15 01:00:00,경상대,,0,5,123.20441590813667,35.18,128.1
2022-07-15 01:00:00,고흥만수상,,0,5,123.79780992036933,34.57,127.3
2022-07-15 01:00:00,광양항세방,,0,5,123.4476710495353,34.93,127.71
2022-07-15 01:00:00,구미,,0,5,122.25741270694019,36.13,128.34
2022-07-15 01:00:00,삼천포,,0,5,123.43394752531866,34.95,128.07
2022-07-15 01:00:00,여수,,0,5,123.63821265943582,34.74,127.74
2022-07-15 01:00:00,영동,,0,5,121.2085721524822,37.18,128.46
2022-07-15 01:00:00,영흥,,0,5,121.08264505242482,37.26,126.46
2022-07-15 01:00:00,예천,,0,5,121.73853434992118,36.65,128.46
2022-07-15 01:00:00,창원,,0,5,123.17930917904698,35.21,128.58
2022-07-15 01:00:00,탑선,,0,5,123.11323906437269,35.24,126.81
2022-07-15 02:00:00,경상대,,0,6,121.65924157783182,35.18,128.1
2022-07-15 02:00:00,고흥만수상,,0,6,122.41890224727678,34.57,127.3
2022-07-15 02:00:00,광양항세방,,0,6,121.98445685642581,34.93,127.71
2022-07-15 02:00:00,구미,,0,6,120.69169962921077,36.13,128.34
2022-07-15 02:00:00,삼천포,,0,6,121.88746488646301,34.95,128.07
2022-07-15 02:00:00,여수,,0,6,122.16146951939342,34.74,127.74
2022-07-15 02:00:00,영동,,0,6,119.65428145409467,37.18,128.46
2022-07-15 02:00:00,영흥,,0,6,119.97450373942156,37.26,126.46
2022-07-15 02:00:00,예천,,0,6,120.16486546465346,36.65,128.46
2022-07-15 02:00:00,창원,,0,6,121.52421034717757,35.21,128.58
2022-07-15 02:00:00,탑선,,0,6,121.86970319803198,35.24,126.81
2022-07-15 03:00:00,경상대,,0,6,116.86476805535321,35.18,128.1
2022-07-15 03:00:00,고흥만수상,,0,6,117.7219864416607,34.57,127.3
2022-07-15 03:00:00,광양항세방,,0,6,117.24173932980595,34.93,127.71
2022-07-15 03:00:00,구미,,0,6,115.94706403415697,36.13,128.34
2022-07-15 03:00:00,삼천포,,0,6,117.07542165579625,34.95,128.07
2022-07-15 03:00:00,여수,,0,6,117.39354054783462,34.74,127.74
2022-07-15 03:00:00,영동,,0,6,114.99260634979665,37.18,128.46
2022-07-15 03:00:00,영흥,,0,6,115.70406678609386,37.26,126.46
2022-07-15 03:00:00,예천,,0,6,115.4498355892211,36.65,128.46
2022-07-15 03:00:00,창원,,0,6,116.63876073102878,35.21,128.58
2022-07-15 03:00:00,탑선,,0,6,117.33747973117758,35.24,126.81
2022-07-15 04:00:00,경상대,,0,6,109.49103205152022,35.18,128.1
2022-07-15 04:00:00,고흥만수상,,0,6,110.38487921932905,34.57,127.3
2022-07-15 04:00:00,광양항세방,,0,6,109.89185177130463,34.93,127.71
2022-07-15 04:00:00,구미,,0,6,108.66627874411348,36.13,128.34
2022-07-15 04:00:00,삼천포,,0,6,109.67507219146079,34.95,128.07
2022-07-15 04:00:00,여수,,0,6,110.01362942271285,34.74,127.74
2022-07-15 04:00:00,영동,,0,6,107.8355475930116,37.18,128.46
2022-07-15 04:00:00,영흥,,0,6,108.84980193821175,37.26,126.46
2022-07-15 04:00:00,예천,,0,6,108.22164625619801,36.65,128.46
2022-07-15 04:00:00,창원,,0,6,109.1990616177824,35.21,128.58
2022-07-15 04:00:00,탑선,,0,6,110.16371439954008,35.24,126.81
2022-07-15 05:00:00,경상대,,0,6,100.26728916497758,35.18,128.1
2022-07-15 05:00:00,고흥만수상,,0,6,101.15685228013703,34.57,127.3
2022-07-15 05:00:00,광양항세방,,0,6,100.6724931000433,34.93,127.71
2022-07-15 05:00:00,구미,,0,6,99.5534529815309,36.13,128.34
2022-07-15 05:00:00,삼천포,,0,6,100.42174941142456,34.95,128.07
2022-07-15 05:00:00,여수,,0,6,100.76426677889529,34.74,127.74
2022-07-15 05:00:00,영동,,0,6,98.86098917987783,37.18,128.46
2022-07-15 05:00:00,영흥,,0,6,100.09312887711599,37.26,126.46
2022-07-15 05:00:00,예천,,0,6,99.17106692461681,36.65,128.46
2022-07-15 05:00:00,창원,,0,6,99.93107270500904,35.21,128.58
2022-07-15 05:00:00,탑선,,0,6,101.08186197216125,35.24,126.81
2022-07-15 06:00:00,경상대,,0,6,89.78340660170088,35.18,128.1
2022-07-15 06:00:00,고흥만수상,,0,6,90.64425321349951,34.57,127.3
2022-07-15 06:00:00,광양항세방,,0,6,90.18092319695741,34.93,127.71
2022-07-15 06:00:00,구미,,0,6,89.18503664907607,36.13,128.34
2022-07-15 06:00:00,삼천포,,0,6,89.90827452298936,34.95,128.07
2022-07-15 06:00:00,여수,,0,6,90.24456305201588,34.74,127.74
2022-07-15 06:00:00,영동,,0,6,88.63226430125414,37.18,128.46
2022-07-15 06:00:00,영흥,,0,6,90.01590601059715,37.26,126.46
2022-07-15 06:00:00,예천,,0,6,88.86741940822785,36.65,128.46
2022-07-15 06:00:00,창원,,0,6,89.41880357481996,35.21,128.58
2022-07-15 06:00:00,탑선,,0,6,90.69580933139395,35.24,126.81
2022-07-15 07:00:00,경상대,230.26666666666665,3,6,78.46310419747371,35.18,128.1
2022-07-15 07:00:00,고흥만수상,195.86666666666667,3,6,79.27996503671076,34.57,127.3
2022-07-15 07:00:00,광양항세방,190.80000000000004,3,6,78.84518810977607,34.93,127.71
2022-07-15 07:00:00,구미,187.45,4,6,77.98088328002979,36.13,128.34
2022-07-15 07:00:00,삼천포,234.70000000000002,3,6,78.55901739558362,34.95,128.07
2022-07-15 07:00:00,여수,225.0,3,6,78.8825669669997,34.74,127.74
2022-07-15 07:00:00,영동,199.925,4,6,77.56624057121795,37.18,128.46
2022-07-15 07:00:00,영흥,156.49999999999997,3,6,79.05299462216625,37.26,126.46
2022-07-15 07:00:00,예천,140.45000000000002,4,6,77.728540996239,36.65,128.46
2022-07-15 07:00:00,창원,228.36666666666667,3,6,78.08117525727764,35.21,128.58
2022-07-15 07:00:00,탑선,200.13333333333333,3,6,79.44217286616718,35.24,126.81
2022-07-15 08:00:00,경상대,382.09999999999997,6,6,66.60658678276494,35.18,128.1
2022-07-15 08:00:00,고흥만수상,287.9166666666667,6,6,67.36719665951486,34.57,127.3
2022-07-15 08:00:00,광양항세방,335.08333333333337,6,6,66.96708589801585,34.93,127.71
2022-07-15 08:00:00,구미,348.2833333333333,6,6,66.24331949495782,36.13,128.34
2022-07-15 08:00:00,삼천포,392.2833333333333,6,6,66.67349456209499,34.95,128.07
2022-07-15 08:00:00,여수,380.40000000000003,6,6,66.97916389571253,34.74,127.74
2022-07-15 08:00:00,영동,257.6333333333334,6,6,65.96848775586791,37.18,128.46
2022-07-15 08:00:00,영흥,209.5666666666667,6,6,67.52219646535005,37.26,126.46
2022-07-15 08:00:00,예천,271.06666666666666,6,6,66.05801027813516,36.65,128.46
2022-07-15 08:00:00,창원,393.59999999999997,6,6,66.2154530652087,35.21,128.58
2022-07-15 08:00:00,탑선,339.5,6,6,67.62986313501575,35.24,126.81
2022-07-15 09:00:00,경상대,575.55,6,6,54.44533252200336,35.18,128.1
2022-07-15 09:00:00,고흥만수상,548.55,6,6,55.13497569927285,34.57,127.3
2022-07-15 09:00:00,광양항세방,520.7166666666667,6,6,54.77720523038713,34.93,127.71
2022-07-15 09:00:00,구미,544.0,6,6,54.21088528050209,36.13,128.34
2022-07-15 09:00:00,삼천포,592.4333333333333,6,6,54.48143900220378,34.95,128.07
2022-07-15 09:00:00,여수,578.5,6,6,54.76337396255817,34.74,127.74
2022-07-15 09:00:00,영동,375.38333333333327,6,6,54.085936968226285,37.18,128.46
2022-07-15 09:00:00,영흥,399.56666666666666,6,6,55.67548305895267,37.26,126.46
2022-07-15 09:00:00,예천,519.4499999999999,6,6,54.09837076286399,36.65,128.46
2022-07-15 09:00:00,창원,590.9833333333335,6,6,54.05210126346595,35.21,128.58
2022-07-15 09:00:00,탑선,479.71666666666664,6,6,55.494496374112764,35.24,126.81
2022-07-15 10:00:00,경상대,738.8000000000001,6,6,42.205834707638644,35.18,128.1
2022-07-15 10:00:00,고흥만수상,710.0833333333334,6,6,42.79933322913608,34.57,127.3
2022-07-15 10:00:00,광양항세방,679.9333333333333,6,6,42.4974849344243,34.93,127.71
2022-07-15 10:00:00,구미,715.5666666666666,6,6,42.12494040006649,36.13,128.34
2022-07-15 10:00:00,삼천포,762.6666666666666,6,6,42.2059055595676,34.95,128.07
2022-07-15 10:00:00,여수,742.9499999999999,6,6,42.454481857616756,34.74,127.74
2022-07-15 10:00:00,영동,584.7166666666666,6,6,42.176427889677484,37.18,128.46
2022-07-15 10:00:00,영흥,617.8000000000001,6,6,43.76478533140283,37.26,126.46
2022-07-15 10:00:00,예천,672.8166666666666,6,6,42.0993200186146,36.65,128.46
2022-07-15 10:00:00,창원,756.5333333333333,6,6,41.819346987556564,35.21,128.58
2022-07-15 10:00:00,탑선,512.8833333333333,6,6,43.2605022584795,35.24,126.81
2022-07-15 11:00:00,경상대,862.1833333333333,6,6,30.236643032026187,35.18,128.1
2022-07-15 11:00:00,고흥만수상,838.4666666666667,6,6,30.677913688353883,34.57,127.3
2022-07-15 11:00:00,광양항세방,798.6333333333332,6,6,30.462513638931426,34.93,127.71
2022-07-15 11:00:00,구미,777.4833333333335,6,6,30.367935061122118,36.13,128.34
2022-07-15 11:00:00,삼천포,882.6166666666668,6,6,30.187796186438412,34.95,128.07
2022-07-15 11:00:00,여수,867.8166666666666,6,6,30.381743616055687,34.74,127.74
2022-07-15 11:00:00,영동,814.7333333333335,6,6,30.65736745539749,37.18,128.46
2022-07-15 11:00:00,영흥,762.75,6,6,32.172514102678356,37.26,126.46
2022-07-15 11:00:00,예천,771.7833333333334,6,6,30.461845379090867,36.65,128.46
2022-07-15 11:00:00,창원,880.8833333333333,6,6,29.874860534803695,35.21,128.58
2022-07-15 11:00:00,탑선,767.65,6,6,31.258131394571336,35.24,126.81
2022-07-15 12:00:00,경상대,905.2666666666668,6,6,19.485688959306444,35.18,128.1
2022-07-15 12:00:00,고흥만수상,908.7666666666668,6,6,19.616092326781455,34.57,127.3
2022-07-15 12:00:00,광양항세방,871.3666666666667,6,6,19.572771203384704,34.93,127.71
2022-07-15 12:00:00,구미,884.0166666666665,6,6,19.9685117169917,36.13,128.34
2022-07-15 12:00:00,삼천포,916.0666666666666,6,6,19.35690087493981,34.95,128.07
2022-07-15 12:00:00,여수,938.8000000000001,6,6,19.434781681326882,34.74,127.74
2022-07-15 12:00:00,영동,859.7666666666665,6,6,20.626551068298994,37.18,128.46
2022-07-15 12:00:00,영흥,842.0500000000001,6,6,21.84513471629043,37.26,126.46
2022-07-15 12:00:00,예천,839.2000000000002,6,6,20.25513665755649,36.65,128.46
2022-07-15 12:00:00,창원,959.4166666666666,6,6,19.208056978824757,35.21,128.58
2022-07-15 12:00:00,탑선,892.6333333333332,6,6,20.342851914891412,35.24,126.81
2022-07-15 13:00:00,경상대,914.15,6,6,13.66947104773638,35.18,128.1
2022-07-15 13:00:00,고흥만수상,867.6666666666666,6,6,13.12184314593587,34.57,127.3
2022-07-15 13:00:00,광양항세방,864.0666666666666,6,6,13.444321982439803,34.93,127.71
2022-07-15 13:00:00,구미,859.9666666666667,6,6,14.60814421722111,36.13,128.34
2022-07-15 13:00:00,삼천포,964.9666666666667,6,6,13.441469582827736,34.95,128.07
2022-07-15 13:00:00,여수,942.9666666666667,6,6,13.252873890214147,34.74,127.74
2022-07-15 13:00:00,영동,902.6833333333333,6,6,15.653883844618107,37.18,128.46
2022-07-15 13:00:00,영흥,874.4666666666667,6,6,15.879547951968519,37.26,126.46
2022-07-15 13:00:00,예천,899.0333333333333,6,6,15.124147497878553,36.65,128.46
2022-07-15 13:00:00,창원,889.1333333333332,6,6,13.681769901577809,35.21,128.58
2022-07-15 13:00:00,탑선,816.65,6,6,13.839971287814862,35.24,126.81
2022-07-15 14:00:00,경상대,854.4000000000001,6,6,18.409772843187923,35.18,128.1
2022-07-15 14:00:00,고흥만수상,773.1666666666666,6,6,17.514023526352744,34.57,127.3
2022-07-15 14:00:00,광양항세방,805.0833333333334,6,6,18.00667199843211,34.93,127.71
2022-07-15 14:00:00,구미,833.85,6,6,19.218097174411596,36.13,128.34
2022-07-15 14:00:00,삼천포,845.3000000000001,6,6,18.23255319336505,34.95,128.07
2022-07-15 14:00:00,여수,791.1333333333333,6,6,17.89174452081265,34.74,127.74
2022-07-15 14:00:00,영동,803.0166666666665,6,6,20.045514730467787,37.18,128.46
2022-07-15 14:00:00,영흥,861.1833333333333,6,6,19.07616004575017,37.26,126.46
2022-07-15 14:00:00,예천,878.5666666666667,6,6,19.658989619466908,36.65,128.46
2022-07-15 14:00:00,창원,869.7666666666668,6,6,18.71444946231449,35.21,128.58
2022-07-15 14:00:00,탑선,747.2166666666666,6,6,17.716716828677647,35.24,126.81
2022-07-15 15:00:00,경상대,760.85,6,6,28.870358674279984,35.18,128.1
2022-07-15 15:00:00,고흥만수상,696.3666666666667,6,6,28.04291452899816,34.57,127.3
2022-07-15 15:00:00,광양항세방,605.4166666666666,6,6,28.483918256107636,34.93,127.71
2022-07-15 15:00:00,구미,778.3333333333334,6,6,29.39417199485362,36.13,128.34
2022-07-15 15:00:00,삼천포,667.7166666666667,6,6,28.767730184621087,34.95,128.07
2022-07-15 15:00:00,여수,732.2333333333335,6,6,28.44128010782193,34.74,127.74
2022-07-15 15:00:00,영동,626.8833333333333,6,6,29.885549201199417,37.18,128.46
2022-07-15 15:00:00,영흥,826.65,6,6,28.47037563921956,37.26,126.46
2022-07-15 15:00:00,예천,818.1333333333333,6,6,29.679379807867875,36.65,128.46
2022-07-15 15:00:00,창원,747.35,6,6,29.24887895667994,35.21,128.58
2022-07-15 15:00:00,탑선,642.6666666666667,6,6,27.909344333537412,35.24,126.81
2022-07-15 16:00:00,경상대,744.4500000000002,6,6,40.7709909639106,35.18,128.1
2022-07-15 16:00:00,고흥만수상,608.1499999999999,6,6,40.041374845335845,34.57,127.3
2022-07-15 16:00:00,광양항세방,414.2833333333333,6,6,40.42187514073157,34.93,127.71
2022-07-15 16:00:00,구미,750.8333333333331,6,6,41.09557150955498,36.13,128.34
2022-07-15 16:00:00,삼천포,723.6833333333334,6,6,40.717124592185364,34.95,128.07
2022-07-15 16:00:00,여수,515.9333333333334,6,6,40.421968656265655,34.74,127.74
2022-07-15 16:00:00,영동,711.0666666666666,6,6,41.35415141111494,37.18,128.46
2022-07-15 16:00:00,영흥,726.4833333333335,6,6,39.8015767122006,37.26,126.46
2022-07-15 16:00:00,예천,706.2166666666667,6,6,41.26935871712715,36.65,128.46
2022-07-15 16:00:00,창원,718.9666666666667,6,6,41.16387365572428,35.21,128.58
2022-07-15 16:00:00,탑선,638.3000000000001,6,6,39.73553744484769,35.24,126.81
2022-07-15 17:00:00,경상대,614.5333333333334,6,6,53.007079593145995,35.18,128.1
2022-07-15 17:00:00,고흥만수상,452.1000000000001,6,6,52.3697807005276,34.57,127.3
2022-07-15 17:00:00,광양항세방,551.5333333333333,6,6,52.695534988922006,34.93,127.71
2022-07-15 17:00:00,구미,598.7166666666667,6,6,53.17782152487916,36.13,128.34
2022-07-15 17:00:00,삼천포,630.15,6,6,52.989872118351826,34.95,128.07
2022-07-15 17:00:00,여수,484.3,6,6,52.72612440043935,34.74,127.74
2022-07-15 17:00:00,영동,614.0333333333333,6,6,53.259152553956746,37.18,128.46
2022-07-15 17:00:00,영흥,591.5666666666667,6,6,51.66676176559743,37.26,126.46
2022-07-15 17:00:00,예천,559.1666666666667,6,6,53.2652178358426,36.65,128.46
2022-07-15 17:00:00,창원,604.35,6,6,53.39815366285095,35.21,128.58
2022-07-15 17:00:00,탑선,583.2333333333332,6,6,51.95194320852211,35.24,126.81
2022-07-15 18:00:00,경상대,427.54999999999995,6,6,65.19803417085342,35.18,128.1
2022-07-15 18:00:00,고흥만수상,225.9666666666666,6,6,64.65288427657512,34.57,127.3
2022-07-15 18:00:00,광양항세방,384.5333333333333,6,6,64.925157294853,34.93,127.71
2022-07-15 18:00:00,구미,427.6499999999999,6,6,65.23306187949191,36.13,128.34
2022-07-15 18:00:00,삼천포,438.6666666666667,6,6,65.21270020426081,34.95,128.07
2022-07-15 18:00:00,여수,368.8,6,6,64.98128743572538,34.74,127.74
2022-07-15 18:00:00,영동,435.01666666666665,6,6,65.16077598374784,37.18,128.46
2022-07-15 18:00:00,영흥,423.7666666666667,6,6,63.57352149663928,37.26,126.46
2022-07-15 18:00:00,예천,400.9166666666666,6,6,65.24444749334921,36.65,128.46
2022-07-15 18:00:00,창원,425.3333333333333,6,6,65.57946315188893,35.21,128.58
2022-07-15 18:00:00,탑선,433.25000000000006,6,6,64.14826892930759,35.24,126.81
2022-07-15 19:00:00,경상대,251.56,5,6,77.11244128548823,35.18,128.1
2022-07-15 19:00:00,고흥만수상,215.0,5,6,76.66628742247904,34.57,127.3
2022-07-15 19:00:00,광양항세방,202.66,5,6,76.88195805048252,34.93,127.71
2022-07-15 19:00:00,구미,256.68,5,6,77.01560847335733,36.13,128.34
2022-07-15 19:00:00,삼천포,251.24,5,6,77.15774496008609,34.95,128.07
2022-07-15 19:00:00,여수,248.5,5,6,76.96182808372816,34.74,127.74
2022-07-15 19:00:00,영동,253.34,5,6,76.79697394548857,37.18,128.46
2022-07-15 19:00:00,영흥,236.4,6,6,75.24762567483644,37.26,126.46
2022-07-15 19:00:00,예천,234.16,5,6,76.9535279633383,36.65,128.46
2022-07-15 19:00:00,창원,221.34,5,6,77.47753977398544,35.21,128.58
2022-07-15 19:00:00,탑선,238.79999999999998,6,6,76.08709120983013,35.24,126.81
2022-07-15 20:00:00,경상대,,0,6,88.5237261268193,35.18,128.1
2022-07-15 20:00:00,고흥만수상,,0,6,88.19042084290075,34.57,127.3
2022-07-15 20:00:00,광양항세방,,0,6,88.34235931138498,34.93,127.71
2022-07-15 20:00:00,구미,,0,6,88.29023467525103,36.13,128.34
2022-07-15 20:00:00,삼천포,,0,6,88.6004616463046,34.95,128.07
2022-07-15 20:00:00,여수,,0,6,88.44573897844661,34.74,127.74
2022-07-15 20:00:00,영동,,0,6,87.92322202488221,37.18,128.46
2022-07-15 20:00:00,영흥,,0,6,86.44639566456416,37.26,126.46
2022-07-15 20:00:00,예천,,0,6,88.15252424205771,36.65,128.46
2022-07-15 20:00:00,창원,,0,6,88.86447453680262,35.21,128.58
2022-07-15 20:00:00,탑선,,0,6,87.54388360827969,35.24,126.81
2022-07-15 21:00:00,경상대,,0,6,99.14334392631142,35.18,128.1
2022-07-15 21:00:00,고흥만수상,,0,6,98.94425555909052,34.57,127.3
2022-07-15 21:00:00,광양항세방,,0,6,99.0212529587489,34.93,127.71
2022-07-15 21:00:00,구미,,0,6,98.76291017647152,36.13,128.34
2022-07-15 21:00:00,삼천포,,0,6,99.25349024599655,34.95,128.07
2022-07-15 21:00:00,여수,,0,6,99.14858251153738,34.74,127.74
2022-07-15 21:00:00,영동,,0,6,98.24045459568838,37.18,128.46
2022-07-15 21:00:00,영흥,,0,6,96.88094137458327,37.26,126.46
2022-07-15 21:00:00,예천,,0,6,98.54454796772131,36.65,128.46
2022-07-15 21:00:00,창원,,0,6,99.44868929365936,35.21,128.58
2022-07-15 21:00:00,탑선,,0,6,98.23735119802697,35.24,126.81
2022-07-15 22:00:00,경상대,,0,6,108.56533180196206,35.18,128.1
2022-07-15 22:00:00,고흥만수상,,0,6,108.52929397940777,34.57,127.3
2022-07-15 22:00:00,광양항세방,,0,6,108.51628996918897,34.93,127.71
2022-07-15 22:00:00,구미,,0,6,108.02621918592322,36.13,128.34
2022-07-15 22:00:00,삼천포,,0,6,108.71101095329178,34.95,128.07
2022-07-15 22:00:00,여수,,0,6,108.66763934001064,34.74,127.74
2022-07-15 22:00:00,영동,,0,6,107.34142338524413,37.18,128.46
2022-07-15 22:00:00,영흥,,0,6,106.16124845845876,37.26,126.46
2022-07-15 22:00:00,예천,,0,6,107.72167096318023,36.65,128.46
2022-07-15 22:00:00,창원,,0,6,108.81960797182468,35.21,128.58
2022-07-15 22:00:00,탑선,,0,6,107.77375185367573,35.24,126.81
2022-07-15 23:00:00,경상대,,0,6,116.21975147943499,35.18,128.1
2022-07-15 23:00:00,고흥만수상,,0,6,116.37937801394236,34.57,127.3
2022-07-15 23:00:00,광양항세방,,0,6,116.25971516433289,34.93,127.71
2022-07-15 23:00:00,구미,,0,6,115.51702893027804,36.13,128.34
2022-07-15 23:00:00,삼천포,,0,6,116.40118778869568,34.95,128.07
2022-07-15 23:00:00,여수,,0,6,116.43300123432034,34.74,127.74
2022-07-15 23:00:00,영동,,0,6,114.67259380502813,37.18,128.46
2022-07-15 23:00:00,영흥,,0,6,113.75477922312113,37.26,126.46
2022-07-15 23:00:00,예천,,0,6,115.12483033682656,36.65,128.46
2022-07-15 23:00:00,창원,,0,6,116.40199610890207,35.21,128.58
2022-07-15 23:00:00,탑선,,0,6,115.59873656543448,35.24,126.81
2022-07-16 00:00:00,경상대,,0,6,121.38488737344719,35.18,128.1
2022-07-16 00:00:00,고흥만수상,,0,6,121.76414897961423,34.57,127.3
2022-07-16 00:00:00,광양항세방,,0,6,121.52656189540168,34.93,127.71
2022-07-16 00:00:00,구미,,0,6,120.53484778137408,36.13,128.34
2022-07-16 00:00:00,삼천포,,0,6,121.59698005669956,34.95,128.07
2022-07-16 00:00:00,여수,,0,6,121.71496348772956,34.74,127.74
2022-07-16 00:00:00,영동,,0,6,119.55760376026802,37.18,128.46
2022-07-16 00:00:00,영흥,,0,6,118.99747796345233,37.26,126.46
2022-07-16 00:00:00,예천,,0,6,120.06521837901413,36.65,128.46
2022-07-16 00:00:00,창원,,0,6,121.47174720548979,35.21,128.58
2022-07-16 00:00:00,탑선,,0,6,121.001186963415,35.24,126.81
2022-07-16 01:00:00,경상대,,0,5,123.36109463814476,35.18,128.1
2022-07-16 01:00:00,고흥만수상,,0,5,123.95410794330516,34.57,127.3
2022-07-16 01:00:00,광양항세방,,0,5,123.60417006159824,34.93,127.71
2022-07-16 01:00:00,구미,,0,5,122.4142028292648,36.13,128.34
2022-07-16 01:00:00,삼천포,,0,5,123.59061067281226,34.95,128.07
2022-07-16 01:00:00,여수,,0,5,123.7947229146578,34.74,127.74
2022-07-16 01:00:00,영동,,0,5,121.3654181694824,37.18,128.46
2022-07-16 01:00:00,영흥,,0,5,121.23859996007414,37.26,126.46
2022-07-16 01:00:00,예천,,0,5,121.89537755251564,36.65,128.46
2022-07-16 01:00:00,창원,,0,5,123.33619537623764,35.21,128.58
2022-07-16 01:00:00,탑선,,0,5,123.26931047258162,35.24,126.81
2022-07-16 02:00:00,경상대,,0,6,121.81767725154073,35.18,128.1
2022-07-16 02:00:00,고흥만수상,,0,6,122.57746740298114,34.57,127.3
2022-07-16 02:00:00,광양항세방,,0,6,122.14296028057214,34.93,127.71
2022-07-16 02:00:00,구미,,0,6,120.85015415854124,36.13,128.34
2022-07-16 02:00:00,삼천포,,0,6,122.04588965212166,34.95,128.07
2022-07-16 02:00:00,여수,,0,6,122.31995276167055,34.74,127.74
2022-07-16 02:00:00,영동,,0,6,119.81278749259327,37.18,128.46
2022-07-16 02:00:00,영흥,,0,6,120.13334621736426,37.26,126.46
2022-07-16 02:00:00,예천,,0,6,120.32333300282525,36.65,128.46
2022-07-16 02:00:00,창원,,0,6,121.68253532767976,35.21,128.58
2022-07-16 02:00:00,탑선,,0,6,122.028400831236,35.24,126.81
2022-07-16 03:00:00,경상대,,0,6,117.01623621095955,35.18,128.1
2022-07-16 03:00:00,고흥만수상,,0,6,117.87370485220352,34.57,127.3
2022-07-16 03:00:00,광양항세방,,0,6,117.39335107436324,34.93,127.71
2022-07-16 03:00:00,구미,,0,6,116.09883137334535,36.13,128.34
2022-07-16 03:00:00,삼천포,,0,6,117.22679710665865,34.95,128.07
2022-07-16 03:00:00,여수,,0,6,117.54503951884087,34.74,127.74
2022-07-16 03:00:00,영동,,0,6,115.1447878574159,37.18,128.46
2022-07-16 03:00:00,영흥,,0,6,115.85748800161645,37.26,126.46
2022-07-16 03:00:00,예천,,0,6,115.60177129468244,36.65,128.46
2022-07-16 03:00:00,창원,,0,6,116.78991544979499,35.21,128.58
2022-07-16 03:00:00,탑선,,0,6,117.48983487857478,35.24,126.81
2022-07-16 04:00:00,경상대,,0,6,109.63093332024881,35.18,128.1
2022-07-16 04:00:00,고흥만수상,,0,6,110.52486788116062,34.57,127.3
2022-07-16 04:00:00,광양항세방,,0,6,110.03183971916717,34.93,127.71
2022-07-16 04:00:00,구미,,0,6,108.80689739315739,36.13,128.34
2022-07-16 04:00:00,삼천포,,0,6,109.81477369120537,34.95,128.07
2022-07-16 04:00:00,여수,,0,6,110.15340648440538,34.74,127.74
2022-07-16 04:00:00,영동,,0,6,107.97705659192165,37.18,128.46
2022-07-16 04:00:00,영흥,,0,6,108.99294095146173,37.26,126.46
2022-07-16 04:00:00,예천,,0,6,108.36266062085798,36.65,128.46
2022-07-16 04:00:00,창원,,0,6,109.33858745860708,35.21,128.58
2022-07-16 04:00:00,탑선,,0,6,110.3047568425901,35.24,126.81
2022-07-16 05:00:00,경상대,,0,6,100.39471354238647,35.18,128.1
2022-07-16 05:00:00,고흥만수상,,0,6,101.28409130542126,34.57,127.3
2022-07-16 05:00:00,광양항세방,,0,6,100.79989088427116,34.93,127.71
2022-07-16 05:00:00,구미,,0,6,99.68199114010802,36.13,128.34
2022-07-16 05:00:00,삼천포,,0,6,100.5488784544749,34.95,128.07
2022-07-16 05:00:00,여수,,0,6,100.89137573522954,34.74,127.74
2022-07-16 05:00:00,영동,,0,6,98.99085003815753,37.18,128.46
2022-07-16 05:00:00,영흥,,0,6,100.22463462467262,37.26,126.46
2022-07-16 05:00:00,예천,,0,6,99.30021644178336,36.65,128.46
2022-07-16 05:00:00,창원,,0,6,100.05814767862684,35.21,128.58
2022-07-16 05:00:00,탑선,,0,6,101.21042585603686,35.24,126.81
2022-07-16 06:00:00,경상대,,0,6,89.8994841595713,35.18,128.1
2022-07-16 06:00:00,고흥만수상,,0,6,90.75985016336269,34.57,127.3
2022-07-16 06:00:00,광양항세방,,0,6,90.2968460455393,34.93,127.71
2022-07-16 06:00:00,구미,,0,6,89.30257216860733,36.13,128.34
2022-07-16 06:00:00,삼천포,,0,6,90.02397687995528,34.95,128.07
2022-07-16 06:00:00,여수,,0,6,90.36013730149955,34.74,127.74
2022-07-16 06:00:00,영동,,0,6,88.75148824096911,37.18,128.46
2022-07-16 06:00:00,영흥,,0,6,90.13659269145079,37.26,126.46
2022-07-16 06:00:00,예천,,0,6,88.98575387971174,36.65,128.46
2022-07-16 06:00:00,창원,,0,6,89.53459744485045,35.21,128.58
2022-07-16 06:00:00,탑선,,0,6,90.81290098103268,35.24,126.81
2022-07-16 07:00:00,경상대,175.73333333333335,3,6,78.56987051257036,35.18,128.1
2022-07-16 07:00:00,고흥만수상,200.86666666666667,3,6,79.38594447342348,34.57,127.3
2022-07-16 07:00:00,광양항세방,175.80000000000004,3,6,78.95166439674989,34.93,127.71
2022-07-16 07:00:00,구미,206.15,4,6,78.08943114305004,36.13,128.34
2022-07-16 07:00:00,삼천포,214.6,3,6,78.66533479756482,34.95,128.07
2022-07-16 07:00:00,여수,239.4333333333333,3,6,78.98864230697336,34.74,127.74
2022-07-16 07:00:00,영동,218.925,4,6,77.67681371213702,37.18,128.46
2022-07-16 07:00:00,영흥,153.9333333333333,3,6,79.16475042950324,37.26,126.46
2022-07-16 07:00:00,예천,191.75,4,6,77.83806383215031,36.65,128.46
2022-07-16 07:00:00,창원,199.13333333333335,3,6,78.18774143152389,35.21,128.58
2022-07-16 07:00:00,탑선,202.13333333333333,3,6,79.5497733150323,35.24,126.81
2022-07-16 08:00:00,경상대,335.78333333333336,6,6,66.70658330296817,35.18,128.1
2022-07-16 08:00:00,고흥만수상,347.3333333333333,6,6,67.46605981110511,34.57,127.3
2022-07-16 08:00:00,광양항세방,326.7833333333333,6,6,67.06663829144287,34.93,127.71
2022-07-16 08:00:00,구미,365.18333333333334,6,6,66.3454511445406,36.13,128.34
2022-07-16 08:00:00,삼천포,349.0333333333333,6,6,66.77296173308285,34.95,128.07
2022-07-16 08:00:00,여수,394.2166666666667,6,6,67.07825926429328,34.74,127.74
2022-07-16 08:00:00,영동,369.81666666666666,6,6,66.07300569092467,37.18,128.46
2022-07-16 08:00:00,영흥,291.7,6,6,67.62753807208838,37.26,126.46
2022-07-16 08:00:00,예천,289.3333333333333,6,6,66.16130779129259,36.65,128.46
2022-07-16 08:00:00,창원,306.3666666666666,6,6,66.31534980142084,35.21,128.58
2022-07-16 08:00:00,탑선,331.93333333333334,6,6,67.73047277047621,35.24,126.81
2022-07-16 09:00:00,경상대,513.1666666666666,6,6,54.541784631065454,35.18,128.1
2022-07-16 09:00:00,고흥만수상,543.3000000000001,6,6,55.229847538199984,34.57,127.3
2022-07-16 09:00:00,광양항세방,516.3333333333334,6,6,54.87301382717813,34.93,127.71
2022-07-16 09:00:00,구미,552.9,6,6,54.309916558467215,36.13,128.34
2022-07-16 09:00:00,삼천포,500.25,6,6,54.5772600865904,34.95,128.07
2022-07-16 09:00:00,여수,508.55,6,6,54.858655158101854,34.74,127.74
2022-07-16 09:00:00,영동,561.9333333333333,6,6,54.18779590516402,37.18,128.46
2022-07-16 09:00:00,영흥,484.21666666666664,6,6,55.77767414627696,37.26,126.46
2022-07-16 09:00:00,예천,527.5833333333334,6,6,54.19880423782906,36.65,128.46
2022-07-16 09:00:00,창원,465.5833333333334,6,6,54.14858752511851,35.21,128.58
2022-07-16 09:00:00,탑선,516.2833333333333,6,6,55.591265761249105,35.24,126.81
2022-07-16 10:00:00,경상대,707.1,6,6,42.303498976260244,35.18,128.1
2022-07-16 10:00:00,고흥만수상,564.6666666666666,6,6,42.89476242090639,34.57,127.3
2022-07-16 10:00:00,광양항세방,645.6666666666666,6,6,42.5942118242006,34.93,127.71
2022-07-16 10:00:00,구미,710.65,6,6,42.225786548448156,36.13,128.34
2022-07-16 10:00:00,삼천포,670.9,6,6,42.302799766850946,34.95,128.07
2022-07-16 10:00:00,여수,658.0,6,6,42.55058749114168,34.74,127.74
2022-07-16 10:00:00,영동,693.4000000000001,6,6,42.280669096686346,37.18,128.46
2022-07-16 10:00:00,영흥,644.25,6,6,43.868573235778854,37.26,126.46
2022-07-16 10:00:00,예천,690.4,6,6,42.201880309803755,36.65,128.46
2022-07-16 10:00:00,창원,692.7666666666668,6,6,41.9172582178636,35.21,128.58
2022-07-16 10:00:00,탑선,637.15,6,6,43.358005817185465,35.24,126.81
2022-07-16 11:00:00,경상대,815.4000000000001,6,6,30.344049994660388,35.18,128.1
2022-07-16 11:00:00,고흥만수상,725.5,6,6,30.782055044382204,34.57,127.3
2022-07-16 11:00:00,광양항세방,748.3000000000001,6,6,30.56851499852238,34.93,127.71
2022-07-16 11:00:00,구미,814.2833333333333,6,6,30.479270981782,36.13,128.34
2022-07-16 11:00:00,삼천포,859.4,6,6,30.294258956501558,34.95,128.07
2022-07-16 11:00:00,여수,843.1500000000001,6,6,30.48701753038818,34.74,127.74
2022-07-16 11:00:00,영동,682.4166666666667,6,6,30.77269036094134,37.18,128.46
2022-07-16 11:00:00,영흥,771.9166666666666,6,6,32.28593661681978,37.26,126.46
2022-07-16 11:00:00,예천,808.8333333333334,6,6,30.575251467300916,36.65,128.46
2022-07-16 11:00:00,창원,798.1,6,6,29.982915602002265,35.21,128.58
2022-07-16 11:00:00,탑선,685.4833333333332,6,6,31.364432248147793,35.24,126.81
2022-07-16 12:00:00,경상대,907.7166666666667,6,6,19.619635288445963,35.18,128.1
2022-07-16 12:00:00,고흥만수상,847.9499999999999,6,6,19.745741218952787,34.57,127.3
2022-07-16 12:00:00,광양항세방,835.7833333333334,6,6,19.70483014999266,34.93,127.71
2022-07-16 12:00:00,구미,711.1166666666667,6,6,20.106234684475368,36.13,128.34
2022-07-16 12:00:00,삼천포,889.4499999999999,6,6,19.489935675589322,34.95,128.07
2022-07-16 12:00:00,여수,841.8333333333334,6,6,19.56619571652881,34.74,127.74
2022-07-16 12:00:00,영동,683.9499999999999,6,6,20.767632564736346,37.18,128.46
2022-07-16 12:00:00,영흥,832.6166666666668,6,6,21.98215419524459,37.26,126.46
2022-07-16 12:00:00,예천,871.6166666666668,6,6,20.394717325000954,36.65,128.46
2022-07-16 12:00:00,창원,929.2666666666668,6,6,19.343311412620082,35.21,128.58
2022-07-16 12:00:00,탑선,709.65,6,6,20.4738839366875,35.24,126.81
2022-07-16 13:00:00,경상대,936.4,6,6,13.830574314498676,35.18,128.1
2022-07-16 13:00:00,고흥만수상,889.1,6,6,13.28345468338938,34.57,127.3
2022-07-16 13:00:00,광양항세방,862.5666666666666,6,6,13.605720867241416,34.93,127.71
2022-07-16 13:00:00,구미,799.9166666666666,6,6,14.768982479302153,36.13,128.34
2022-07-16 13:00:00,삼천포,975.9666666666667,6,6,13.602612307800186,34.95,128.07
2022-07-16 13:00:00,여수,945.7333333333335,6,6,13.414267235930978,34.74,127.74
2022-07-16 13:00:00,영동,795.8000000000001,6,6,15.814565008890426,37.18,128.46
2022-07-16 13:00:00,영흥,900.2166666666667,6,6,16.04123515628835,37.26,126.46
2022-07-16 13:00:00,예천,782.2999999999998,6,6,15.284849527712268,36.65,128.46
2022-07-16 13:00:00,창원,954.1666666666666,6,6,13.842406365131751,35.21,128.58
2022-07-16 13:00:00,탑선,781.6166666666668,6,6,14.001661157406417,35.24,126.81
2022-07-16 14:00:00,경상대,846.4833333333332,6,6,18.520373266852303,35.18,128.1
2022-07-16 14:00:00,고흥만수상,890.2166666666667,6,6,17.62479928266731,34.57,127.3
2022-07-16 14:00:00,광양항세방,865.6,6,6,18.117571401322095,34.93,127.71
2022-07-16 14:00:00,구미,644.8833333333333,6,6,19.332056724380735,36.13,128.34
2022-07-16 14:00:00,삼천포,970.9333333333334,6,6,18.342180208970177,34.95,128.07
2022-07-16 14:00:00,여수,930.0500000000001,6,6,18.001620880911716,34.74,127.74
2022-07-16 14:00:00,영동,678.6166666666667,6,6,20.163290710118062,37.18,128.46
2022-07-16 14:00:00,영흥,864.3166666666667,6,6,19.20100776378399,37.26,126.46
2022-07-16 14:00:00,예천,569.4666666666667,6,6,19.774686046616353,36.65,128.46
2022-07-16 14:00:00,창원,821.2333333333335,6,6,18.82342362157074,35.21,128.58
2022-07-16 14:00:00,탑선,761.0833333333334,6,6,17.832507037983504,35.24,126.81
2022-07-16 15:00:00,경상대,850.4499999999999,6,6,28.94334667907338,35.18,128.1
2022-07-16 15:00:00,고흥만수상,865.25,6,6,28.114086418626037,34.57,127.3
2022-07-16 15:00:00,광양항세방,797.6500000000001,6,6,28.556264420032527,34.93,127.71
2022-07-16 15:00:00,구미,650.9666666666667,6,6,29.47135446208143,36.13,128.34
2022-07-16 15:00:00,삼천포,873.4666666666667,6,6,28.839631810316533,34.95,128.07
2022-07-16 15:00:00,여수,721.9833333333335,6,6,28.512633469395205,34.74,127.74
2022-07-16 15:00:00,영동,568.05,6,6,29.967373781164163,37.18,128.46
2022-07-16 15:00:00,영흥,820.5166666666665,6,6,28.555869629675648,37.26,126.46
2022-07-16 15:00:00,예천,741.2999999999998,6,6,29.7587956152502,36.65,128.46
2022-07-16 15:00:00,창원,797.6833333333334,6,6,29.321303942700986,35.21,128.58
2022-07-16 15:00:00,탑선,681.0833333333334,6,6,27.984657175938025,35.24,126.81
2022-07-16 16:00:00,경상대,550.3666666666667,6,6,40.8307415248148,35.18,128.1
2022-07-16 16:00:00,고흥만수상,658.4333333333333,6,6,40.09901175844447,34.57,127.3
2022-07-16 16:00:00,광양항세방,690.8333333333334,6,6,40.480792604590675,34.93,127.71
2022-07-16 16:00:00,구미,405.01666666666665,6,6,41.158975986339776,36.13,128.34
2022-07-16 16:00:00,삼천포,792.0333333333333,6,6,40.77596658339106,34.95,128.07
2022-07-16 16:00:00,여수,749.7333333333335,6,6,40.48010526853419,34.74,127.74
2022-07-16 16:00:00,영동,659.2333333333333,6,6,41.421575743088006,37.18,128.46
2022-07-16 16:00:00,영흥,716.75,6,6,39.870452153644955,37.26,126.46
2022-07-16 16:00:00,예천,421.7833333333333,6,6,41.334734862505115,36.65,128.46
2022-07-16 16:00:00,창원,761.9166666666666,6,6,41.223539107566964,35.21,128.58
2022-07-16 16:00:00,탑선,630.9000000000001,6,6,39.79613499072784,35.24,126.81
2022-07-16 17:00:00,경상대,602.6833333333334,6,6,53.06473692824113,35.18,128.1
2022-07-16 17:00:00,고흥만수상,537.5166666666668,6,6,52.4253347719991,34.57,127.3
2022-07-16 17:00:00,광양항세방,558.9499999999999,6,6,52.75232905890988,34.93,127.71
2022-07-16 17:00:00,구미,286.90000000000003,6,6,53.23863326427665,36.13,128.34
2022-07-16 17:00:00,삼천포,626.0166666666667,6,6,53.046762397185134,34.95,128.07
2022-07-16 17:00:00,여수,629.3000000000001,6,6,52.782285652535386,34.74,127.74
2022-07-16 17:00:00,영동,463.84999999999997,6,6,53.32340220632282,37.18,128.46
2022-07-16 17:00:00,영흥,582.3666666666667,6,6,51.73129934094884,37.26,126.46
2022-07-16 17:00:00,예천,345.55,6,6,53.32773920871851,36.65,128.46
2022-07-16 17:00:00,창원,642.8333333333334,6,6,53.4559506279778,35.21,128.58
2022-07-16 17:00:00,탑선,556.6666666666666,6,6,52.00972318785503,35.24,126.81
2022-07-16 18:00:00,경상대,370.73333333333335,6,6,65.25958587360348,35.18,128.1
2022-07-16 18:00:00,고흥만수상,423.15000000000003,6,6,64.71236656203327,34.57,127.3
2022-07-16 18:00:00,광양항세방,389.0,6,6,64.98583866442141,34.93,127.71
2022-07-16 18:00:00,구미,344.15000000000003,6,6,65.2974117953171,36.13,128.34
2022-07-16 18:00:00,삼천포,431.4166666666667,6,6,65.27358207734048,34.95,128.07
2022-07-16 18:00:00,여수,438.71666666666664,6,6,65.04143484832636,34.74,127.74
2022-07-16 18:00:00,영동,259.6,6,6,65.22813860114368,37.18,128.46
2022-07-16 18:00:00,영흥,399.3333333333333,6,6,63.6404502792337,37.26,126.46
2022-07-16 18:00:00,예천,286.06666666666666,6,6,65.31031447434508,36.65,128.46
2022-07-16 18:00:00,창원,449.6833333333334,6,6,65.64129197229668,35.21,128.58
2022-07-16 18:00:00,탑선,403.23333333333335,6,6,64.2094994016833,35.24,126.81
2022-07-16 19:00:00,경상대,242.64000000000001,5,6,77.18202078892664,35.18,128.1
2022-07-16 19:00:00,고흥만수상,247.45999999999998,5,6,76.73380755641082,34.57,127.3
2022-07-16 19:00:00,광양항세방,200.88000000000002,5,6,76.95065552799223,34.93,127.71
2022-07-16 19:00:00,구미,264.5,5,6,77.08772708306238,36.13,128.34
2022-07-16 19:00:00,삼천포,217.04000000000002,5,6,77.22672465663324,34.95,128.07
2022-07-16 19:00:00,여수,233.11999999999998,5,6,77.03006331965028,34.74,127.74
2022-07-16 19:00:00,영동,110.02000000000001,5,6,76.87178496217003,37.18,128.46
2022-07-16 19:00:00,영흥,218.63333333333335,6,6,75.32145669636749,37.26,126.46
2022-07-16 19:00:00,예천,150.12,5,6,77.02702009923534,36.65,128.46
2022-07-16 19:00:00,창원,265.82,5,6,77.5475044821029,35.21,128.58
2022-07-16 19:00:00,탑선,247.80000000000004,6,6,76.15600850207834,35.24,126.81
2022-07-16 20:00:00,경상대,,0,6,88.60485205827014,35.18,128.1
2022-07-16 20:00:00,고흥만수상,,0,6,88.26948015285164,34.57,127.3
2022-07-16 20:00:00,광양항세방,,0,6,88.42258631649634,34.93,127.71
2022-07-16 20:00:00,구미,,0,6,88.37368066108883,36.13,128.34
2022-07-16 20:00:00,삼천포,,0,6,88.68104655524711,34.95,128.07
2022-07-16 20:00:00,여수,,0,6,88.52556454756304,34.74,127.74
2022-07-16 20:00:00,영동,,0,6,88.0090808233923,37.18,128.46
2022-07-16 20:00:00,영흥,,0,6,86.53079342265707,37.26,126.46
2022-07-16 20:00:00,예천,,0,6,88.23721963004586,36.65,128.46
2022-07-16 20:00:00,창원,,0,6,88.94608561684764,35.21,128.58
2022-07-16 20:00:00,탑선,,0,6,87.62403773767113,35.24,126.81
2022-07-16 21:00:00,경상대,,0,6,99.23935356599947,35.18,128.1
2022-07-16 21:00:00,고흥만수상,,0,6,99.03820887925983,34.57,127.3
2022-07-16 21:00:00,광양항세방,,0,6,99.11635523794453,34.93,127.71
2022-07-16 21:00:00,구미,,0,6,98.86099707090898,36.13,128.34
2022-07-16 21:00:00,삼천포,,0,6,99.34902250401298,34.95,128.07
2022-07-16 21:00:00,여수,,0,6,99.24334724530343,34.74,127.74
2022-07-16 21:00:00,영동,,0,6,98.34064655938491,37.18,128.46
2022-07-16 21:00:00,영흥,,0,6,96.97922835392406,37.26,126.46
2022-07-16 21:00:00,예천,,0,6,98.64374558550928,36.65,128.46
2022-07-16 21:00:00,창원,,0,6,99.54527834696302,35.21,128.58
2022-07-16 21:00:00,탑선,,0,6,98.33209144980054,35.24,126.81
2022-07-16 22:00:00,경상대,,0,6,108.67922670545234,35.18,128.1
2022-07-16 22:00:00,고흥만수상,,0,6,108.64123173529521,34.57,127.3
2022-07-16 22:00:00,광양항세방,,0,6,108.62930887023137,34.93,127.71
2022-07-16 22:00:00,구미,,0,6,108.14184874793908,36.13,128.34
2022-07-16 22:00:00,삼천포,,0,6,108.82451498006048,34.95,128.07
2022-07-16 22:00:00,여수,,0,6,108.78040093004665,34.74,127.74
2022-07-16 22:00:00,영동,,0,6,107.4587473843425,37.18,128.46
2022-07-16 22:00:00,영흥,,0,6,106.27631687784884,37.26,126.46
2022-07-16 22:00:00,예천,,0,6,107.83821833892364,36.65,128.46
2022-07-16 22:00:00,창원,,0,6,108.93415213861218,35.21,128.58
2022-07-16 22:00:00,탑선,,0,6,107.88612772870394,35.24,126.81
2022-07-16 23:00:00,경상대,,0,6,116.35321979185335,35.18,128.1
2022-07-16 23:00:00,고흥만수상,,0,6,116.51118730741791,34.57,127.3
2022-07-16 23:00:00,광양항세방,,0,6,116.39242951116758,34.93,127.71
2022-07-16 23:00:00,구미,,0,6,115.65172516418785,36.13,128.34
2022-07-16 23:00:00,삼천포,,0,6,116.53438850823423,34.95,128.07
2022-07-16 23:00:00,여수,,0,6,116.56556145158069,34.74,127.74
2022-07-16 23:00:00,영동,,0,6,114.80842225568026,37.18,128.46
2022-07-16 23:00:00,영흥,,0,6,113.88826892307137,37.26,126.46
2022-07-16 23:00:00,예천,,0,6,115.26016636150494,36.65,128.46
2022-07-16 23:00:00,창원,,0,6,116.53610922146606,35.21,128.58
2022-07-16 23:00:00,탑선,,0,6,115.73060597826175,35.24,126.81
2022-07-17 00:00:00,경상대,,0,6,121.536328135317,35.18,128.1
2022-07-17 00:00:00,고흥만수상,,0,6,121.91450711109205,34.57,127.3
2022-07-17 00:00:00,광양항세방,,0,6,121.67750185333698,34.93,127.71
2022-07-17 00:00:00,구미,,0,6,120.68688882569714,36.13,128.34
2022-07-17 00:00:00,삼천포,,0,6,121.74829979343563,34.95,128.07
2022-07-17 00:00:00,여수,,0,6,121.8658568894427,34.74,127.74
2022-07-17 00:00:00,영동,,0,6,119.7101386455897,37.18,128.46
2022-07-17 00:00:00,영흥,,0,6,119.14811869426825,37.26,126.46
2022-07-17 00:00:00,예천,,0,6,120.2175646844589,36.65,128.46
2022-07-17 00:00:00,창원,,0,6,121.62368405671654,35.21,128.58
2022-07-17 00:00:00,탑선,,0,6,121.15131708760875,35.24,126.81
2022-07-17 01:00:00,경상대,,0,5,123.52386181627291,35.18,128.1
2022-07-17 01:00:00,고흥만수상,,0,5,124.1165175326627,34.57,127.3
2022-07-17 01:00:00,광양항세방,,0,5,123.76676885613136,34.93,127.71
2022-07-17 01:00:00,구미,,0,5,122.57707417127358,36.13,128.34
2022-07-17 01:00:00,삼천포,,0,5,123.75336322447501,34.95,128.07
2022-07-17 01:00:00,여수,,0,5,123.95733220399745,34.74,127.74
2022-07-17 01:00:00,영동,,0,5,121.52834178141532,37.18,128.46
2022-07-17 01:00:00,영흥,,0,5,121.40068592670849,37.26,126.46
2022-07-17 01:00:00,예천,,0,5,122.05829841828015,36.65,128.46
2022-07-17 01:00:00,창원,,0,5,123.49915583863948,35.21,128.58
2022-07-17 01:00:00,탑선,,0,5,123.43150614500252,35.24,126.81
2022-07-17 02:00:00,경상대,,0,6,121.98156392589455,35.18,128.1
2022-07-17 02:00:00,고흥만수상,,0,6,122.74151565135713,34.57,127.3
2022-07-17 02:00:00,광양항세방,,0,6,122.30693110049467,34.93,127.71
2022-07-17 02:00:00,구미,,0,6,121.01406426606366,36.13,128.34
2022-07-17 02:00:00,삼천포,,0,6,122.20976282461574,34.95,128.07
2022-07-17 02:00:00,여수,,0,6,122.48389840653341,34.74,127.74
2022-07-17 02:00:00,영동,,0,6,119.97676176261581,37.18,128.46
2022-07-17 02:00:00,영흥,,0,6,120.29775708568837,37.26,126.46
2022-07-17 02:00:00,예천,,0,6,120.48725929495895,36.65,128.46
2022-07-17 02:00:00,창원,,0,6,121.84628603295008,35.21,128.58
2022-07-17 02:00:00,탑선,,0,6,122.19261855143549,35.24,126.81
2022-07-17 03:00:00,경상대,,0,6,117.17226318487485,35.18,128.1
2022-07-17 03:00:00,고흥만수상,,0,6,118.03000435866855,34.57,127.3
2022-07-17 03:00:00,광양항세방,,0,6,117.54953450589304,34.93,127.71
2022-07-17 03:00:00,구미,,0,6,116.25518618133945,36.13,128.34
2022-07-17 03:00:00,삼천포,,0,6,117.38272262811651,34.95,128.07
2022-07-17 03:00:00,여수,,0,6,117.70109958745273,34.74,127.74
2022-07-17 03:00:00,영동,,0,6,115.3015966449953,37.18,128.46
2022-07-17 03:00:00,영흥,,0,6,116.0156568911064,37.26,126.46
2022-07-17 03:00:00,예천,,0,6,115.75831068905576,36.65,128.46
2022-07-17 03:00:00,창원,,0,6,116.94560054700004,35.21,128.58
2022-07-17 03:00:00,탑선,,0,6,117.64683162249179,35.24,126.81
2022-07-17 04:00:00,경상대,,0,6,109.77448364949532,35.18,128.1
2022-07-17 04:00:00,고흥만수상,,0,6,110.66850966654191,34.57,127.3
2022-07-17 04:00:00,광양항세방,,0,6,110.17548184368019,34.93,127.71
2022-07-17 04:00:00,구미,,0,6,108.95121681714151,36.13,128.34
2022-07-17 04:00:00,삼천포,,0,6,109.95811002030675,34.95,128.07
2022-07-17 04:00:00,여수,,0,6,110.29682283679335,34.74,127.74
2022-07-17 04:00:00,영동,,0,6,108.12233071736365,37.18,128.46
2022-07-17 04:00:00,영흥,,0,6,109.13996012755587,37.26,126.46
2022-07-17 04:00:00,예천,,0,6,108.50740443379166,36.65,128.46
2022-07-17 04:00:00,창원,,0,6,109.48173708603399,35.21,128.58
2022-07-17 04:00:00,탑선,,0,6,110.44952662703136,35.24,126.81
2022-07-17 05:00:00,경상대,,0,6,100.52500393776029,35.18,128.1
2022-07-17 05:00:00,고흥만수상,,0,6,101.41418247967125,34.57,127.3
2022-07-17 05:00:00,광양항세방,,0,6,100.93015181158908,34.93,127.71
2022-07-17 05:00:00,구미,,0,6,99.81346405292757,36.13,128.34
2022-07-17 05:00:00,삼천포,,0,6,100.67885548160663,34.95,128.07
2022-07-17 05:00:00,여수,,0,6,101.02133038105832,34.74,127.74
2022-07-17 05:00:00,영동,,0,6,99.12372747694691,37.18,128.46
2022-07-17 05:00:00,영흥,,0,6,100.35925394820079,37.26,126.46
2022-07-17 05:00:00,예천,,0,6,99.43233862581542,36.65,128.46
2022-07-17 05:00:00,창원,,0,6,100.18806900691479,35.21,128.58
2022-07-17 05:00:00,탑선,,0,6,101.34192131351556,35.24,126.81
2022-07-17 06:00:00,경상대,,0,6,90.01781567634431,35.18,128.1
2022-07-17 06:00:00,고흥만수상,,0,6,90.87767175570625,34.57,127.3
2022-07-17 06:00:00,광양항세방,,0,6,90.41501293191925,34.93,127.71
2022-07-17 06:00:00,구미,,0,6,89.42244284647981,36.13,128.34
2022-07-17 06:00:00,삼천포,,0,6,90.14191251008434,34.95,128.07
2022-07-17 06:00:00,여수,,0,6,90.47793658563573,34.74,127.74
2022-07-17 06:00:00,영동,,0,6,88.8731415974911,37.18,128.46
2022-07-17 06:00:00,영흥,,0,6,90.25978437497889,37.26,126.46
2022-07-17 06:00:00,예천,,0,6,89.10646821913542,36.65,128.46
2022-07-17 06:00:00,창원,,0,6,89.65263147386172,35.21,128.58
2022-07-17 06:00:00,탑선,,0,6,90.932297797357,35.24,126.81
2022-07-17 07:00:00,경상대,34.06666666666667,3,6,78.67845004981291,35.18,128.1
2022-07-17 07:00:00,고흥만수상,84.03333333333333,3,6,79.49369368164002,34.57,127.3
2022-07-17 07:00:00,광양항세방,68.16666666666667,3,6,79.05993748527592,34.93,127.71
2022-07-17 07:00:00,구미,187.96666666666667,3,6,78.1998843807181,36.13,128.34
2022-07-17 07:00:00,삼천포,93.60000000000001,3,6,78.77344243524587,34.95,128.07
2022-07-17 07:00:00,여수,112.26666666666667,3,6,79.09649417046627,34.74,127.74
2022-07-17 07:00:00,영동,123.5,4,6,77.78939723517092,37.18,128.46
2022-07-17 07:00:00,영흥,121.73333333333335,3,6,79.27857058521738,37.26,126.46
2022-07-17 07:00:00,예천,214.60000000000002,4,6,77.9495427191563,36.65,128.46
2022-07-17 07:00:00,창원,83.7,3,6,78.29611265312545,35.21,128.58
2022-07-17 07:00:00,탑선,99.93333333333332,3,6,79.65922425908423,35.24,126.81
2022-07-17 08:00:00,경상대,121.40000000000002,6,6,66.80812093915334,35.18,128.1
2022-07-17 08:00:00,고흥만수상,162.75,6,6,67.56640549141666,34.57,127.3
2022-07-17 08:00:00,광양항세방,87.13333333333333,6,6,67.16770843892107,34.93,127.71
2022-07-17 08:00:00,구미,337.28333333333336,6,6,66.44922834959291,36.13,128.34
2022-07-17 08:00:00,삼천포,64.56666666666666,6,6,66.87394440002804,34.95,128.07
2022-07-17 08:00:00,여수,70.41666666666667,6,6,67.17885057384902,34.74,127.74
2022-07-17 08:00:00,영동,257.04999999999995,6,6,66.17928618072064,37.18,128.46
2022-07-17 08:00:00,영흥,212.15,6,6,67.73467352312719,37.26,126.46
2022-07-17 08:00:00,예천,322.71666666666664,6,6,66.2663081777401,36.65,128.46
2022-07-17 08:00:00,창원,177.19999999999996,6,6,66.41678529572526,35.21,128.58
2022-07-17 08:00:00,탑선,208.83333333333334,6,6,67.83264663791883,35.24,126.81
2022-07-17 09:00:00,경상대,386.3333333333333,6,6,54.63969292428247,35.18,128.1
2022-07-17 09:00:00,고흥만수상,296.81666666666666,6,6,55.32609765716677,34.57,127.3
2022-07-17 09:00:00,광양항세방,386.75,6,6,54.9702464283241,34.93,127.71
2022-07-17 09:00:00,구미,477.84999999999997,6,6,54.41052476336372,36.13,128.34
2022-07-17 09:00:00,삼천포,296.54999999999995,6,6,54.67450815760188,34.95,128.07
2022-07-17 09:00:00,여수,251.53333333333333,6,6,54.955336354805,34.74,127.74
2022-07-17 09:00:00,영동,363.93333333333334,6,6,54.2913644652456,37.18,128.46
2022-07-17 09:00:00,영흥,262.15000000000003,6,6,55.881578508983395,37.26,126.46
2022-07-17 09:00:00,예천,379.8333333333333,6,6,54.30088064926846,36.65,128.46
2022-07-17 09:00:00,창원,376.9666666666667,6,6,54.24653474833254,35.21,128.58
2022-07-17 09:00:00,탑선,385.86666666666673,6,6,55.68949750175981,35.24,126.81
2022-07-17 10:00:00,경상대,699.15,6,6,42.402789448152824,35.18,128.1
2022-07-17 10:00:00,고흥만수상,398.1000000000001,6,6,42.99171150462288,34.57,127.3
2022-07-17 10:00:00,광양항세방,582.65,6,6,42.69251975067024,34.93,127.71
2022-07-17 10:00:00,구미,452.81666666666666,6,6,42.32840253834797,36.13,128.34
2022-07-17 10:00:00,삼천포,641.5000000000001,6,6,42.4012858985766,34.95,128.07
2022-07-17 10:00:00,여수,454.3333333333333,6,6,42.648247082288925,34.74,127.74
2022-07-17 10:00:00,영동,336.5,6,6,42.38683386511815,37.18,128.46
2022-07-17 10:00:00,영흥,576.7666666666667,6,6,43.9742471327116,37.26,126.46
2022-07-17 10:00:00,예천,530.2666666666668,6,6,42.306288349234016,36.65,128.46
2022-07-17 10:00:00,창원,662.2166666666667,6,6,42.01681123910984,35.21,128.58
2022-07-17 10:00:00,탑선,269.9833333333334,6,6,43.45711621478853,35.24,126.81
2022-07-17 11:00:00,경상대,837.6,6,6,30.4536863032467,35.18,128.1
2022-07-17 11:00:00,고흥만수상,682.2833333333333,6,6,30.888274972783442,34.57,127.3
2022-07-17 11:00:00,광양항세방,763.4833333333335,6,6,30.676679967206027,34.93,127.71
2022-07-17 11:00:00,구미,599.5333333333333,6,6,30.59300794743045,36.13,128.34
2022-07-17 11:00:00,삼천포,859.85,6,6,30.402910629662372,34.95,128.07
2022-07-17 11:00:00,여수,694.7000000000002,6,6,30.59442484011636,34.74,127.74
2022-07-17 11:00:00,영동,342.3833333333334,6,6,30.890589760655544,37.18,128.46
2022-07-17 11:00:00,영흥,679.3166666666667,6,6,32.401825404567404,37.26,126.46
2022-07-17 11:00:00,예천,564.5166666666668,6,6,30.69115008648248,36.65,128.46
2022-07-17 11:00:00,창원,795.85,6,6,30.09323519017058,35.21,128.58
2022-07-17 11:00:00,탑선,115.16666666666667,6,6,31.472895411287894,35.24,126.81
2022-07-17 12:00:00,경상대,882.4833333333335,6,6,19.757228540458087,35.18,128.1
2022-07-17 12:00:00,고흥만수상,508.31666666666666,6,6,19.87883720765845,34.57,127.3
2022-07-17 12:00:00,광양항세방,612.2666666666667,6,6,19.840446614288183,34.93,127.71
2022-07-17 12:00:00,구미,762.9,6,6,20.24777483404712,36.13,128.34
2022-07-17 12:00:00,삼천포,957.1166666666667,6,6,19.626578221967222,34.95,128.07
2022-07-17 12:00:00,여수,440.08333333333326,6,6,19.701141317251313,34.74,127.74
2022-07-17 12:00:00,영동,379.5,6,6,20.912689106584907,37.18,128.46
2022-07-17 12:00:00,영흥,798.0166666666665,6,6,22.122921385663574,37.26,126.46
2022-07-17 12:00:00,예천,589.2333333333333,6,6,20.53820238671544,36.65,128.46
2022-07-17 12:00:00,창원,834.0833333333335,6,6,19.482280625680943,35.21,128.58
2022-07-17 12:00:00,탑선,334.8666666666666,6,6,20.60840756968655,35.24,126.81
2022-07-17 13:00:00,경상대,673.5833333333334,6,6,13.997616874934067,35.18,128.1
2022-07-17 13:00:00,고흥만수상,667.6166666666667,6,6,13.450868960882715,34.57,127.3
2022-07-17 13:00:00,광양항세방,245.08333333333334,6,6,13.77299565329723,34.93,127.71
2022-07-17 13:00:00,구미,817.8666666666667,6,6,14.935802385780093,36.13,128.34
2022-07-17 13:00:00,삼천포,871.8166666666666,6,6,13.769687194225057,34.95,128.07
2022-07-17 13:00:00,여수,597.7,6,6,13.58153799534287,34.74,127.74
2022-07-17 13:00:00,영동,589.15,6,6,15.981248688254226,37.18,128.46
2022-07-17 13:00:00,영흥,798.5666666666666,6,6,16.20866858026166,37.26,126.46
2022-07-17 13:00:00,예천,800.2166666666667,6,6,15.451551869781056,36.65,128.46
2022-07-17 13:00:00,창원,900.5833333333334,6,6,14.009053815451963,35.21,128.58
2022-07-17 13:00:00,탑선,502.31666666666666,6,6,14.169093140502866,35.24,126.81
2022-07-17 14:00:00,경상대,669.7666666666665,6,6,18.63761693319678,35.18,128.1
2022-07-17 14:00:00,고흥만수상,520.5833333333334,6,6,17.74225980609738,34.57,127.3
2022-07-17 14:00:00,광양항세방,568.8333333333333,6,6,18.23513383172451,34.93,127.71
2022-07-17 14:00:00,구미,781.2333333333332,6,6,19.45265066342114,36.13,128.34
2022-07-17 14:00:00,삼천포,785.35,6,6,18.458450930948146,34.95,128.07
2022-07-17 14:00:00,여수,558.0333333333333,6,6,18.118158194132647,34.74,127.74
2022-07-17 14:00:00,영동,700.0333333333333,6,6,20.287695913491447,37.18,128.46
2022-07-17 14:00:00,영흥,735.6999999999999,6,6,19.33254177295241,37.26,126.46
2022-07-17 14:00:00,예천,819.1666666666666,6,6,19.897012200086067,36.65,128.46
2022-07-17 14:00:00,창원,859.2666666666665,6,6,18.93901533617398,35.21,128.58
2022-07-17 14:00:00,탑선,430.9666666666667,6,6,17.955001788390433,35.24,126.81
2022-07-17 15:00:00,경상대,624.8666666666667,6,6,29.02202877830448,35.18,128.1
2022-07-17 15:00:00,고흥만수상,351.6666666666667,6,6,28.190936802817383,34.57,127.3
2022-07-17 15:00:00,광양항세방,445.1666666666667,6,6,28.634301752673252,34.93,127.71
2022-07-17 15:00:00,구미,667.6833333333333,6,6,29.554306444894458,36.13,128.34
2022-07-17 15:00:00,삼천포,511.6833333333334,6,6,28.917206669199878,34.95,128.07
2022-07-17 15:00:00,여수,404.5333333333333,6,6,28.58965746292609,34.74,127.74
2022-07-17 15:00:00,영동,556.9166666666666,6,6,30.0550507039666,37.18,128.46
2022-07-17 15:00:00,영흥,631.3666666666667,6,6,28.647323550631732,37.26,126.46
2022-07-17 15:00:00,예천,707.5833333333334,6,6,29.844019957530477,36.65,128.46
2022-07-17 15:00:00,창원,561.4166666666666,6,6,29.399400114536533,35.21,128.58
2022-07-17 15:00:00,탑선,530.4333333333333,6,6,28.065741704031836,35.24,126.81
2022-07-17 16:00:00,경상대,593.4333333333333,6,6,40.89560724835492,35.18,128.1
2022-07-17 16:00:00,고흥만수상,222.85,6,6,40.1617213432414,34.57,127.3
2022-07-17 16:00:00,광양항세방,393.43333333333334,6,6,40.544809553750724,34.93,127.71
2022-07-17 16:00:00,구미,451.65000000000003,6,6,41.227583842282016,36.13,128.34
2022-07-17 16:00:00,삼천포,482.0833333333333,6,6,40.83990103585804,34.95,128.07
2022-07-17 16:00:00,여수,377.79999999999995,6,6,40.5433209900375,34.74,127.74
2022-07-17 16:00:00,영동,475.29999999999995,6,6,41.49429972726265,37.18,128.46
2022-07-17 16:00:00,영흥,624.6999999999999,6,6,39.94468786344979,37.26,126.46
2022-07-17 16:00:00,예천,659.1666666666666,6,6,41.40536117629545,36.65,128.46
2022-07-17 16:00:00,창원,532.1333333333333,6,6,41.28831092006991,35.21,128.58
2022-07-17 16:00:00,탑선,414.98333333333335,6,6,39.861887392894545,35.24,126.81
2022-07-17 17:00:00,경상대,418.18333333333334,6,6,53.12728064609813,35.18,128.1
2022-07-17 17:00:00,고흥만수상,208.3166666666667,6,6,52.485725280623235,34.57,127.3
2022-07-17 17:00:00,광양항세방,219.58333333333334,6,6,52.813989640213336,34.93,127.71
2022-07-17 17:00:00,구미,432.26666666666665,6,6,53.304414294843546,36.13,128.34
2022-07-17 17:00:00,삼천포,305.91666666666663,6,6,53.1085183974541,34.95,128.07
2022-07-17 17:00:00,여수,211.5,6,6,52.84329578458004,34.74,127.74
2022-07-17 17:00:00,영동,436.3,6,6,53.3927109813731,37.18,128.46
2022-07-17 17:00:00,영흥,574.4666666666666,6,6,51.80092141809176,37.26,126.46
2022-07-17 17:00:00,예천,498.1666666666667,6,6,53.395274250760735,36.65,128.46
2022-07-17 17:00:00,창원,349.25,6,6,53.5186332951255,35.21,128.58
2022-07-17 17:00:00,탑선,297.20000000000005,6,6,52.07240516624949,35.24,126.81
2022-07-17 18:00:00,경상대,270.53333333333336,6,6,65.32600392360553,35.18,128.1
2022-07-17 18:00:00,고흥만수상,173.8166666666667,6,6,64.77666347108858,34.57,127.3
2022-07-17 18:00:00,광양항세방,104.91666666666667,6,6,65.05136506986489,34.93,127.71
2022-07-17 18:00:00,구미,421.71666666666675,6,6,65.36670325672338,36.13,128.34
2022-07-17 18:00:00,삼천포,149.86666666666665,6,6,65.33931192584576,34.95,128.07
2022-07-17 18:00:00,여수,145.75,6,6,65.10641220228634,34.74,127.74
2022-07-17 18:00:00,영동,266.0333333333333,6,6,65.30052336552025,37.18,128.46
2022-07-17 18:00:00,영흥,320.25000000000006,6,6,63.71240341449217,37.26,126.46
2022-07-17 18:00:00,예천,408.8833333333334,6,6,65.38116335413616,36.65,128.46
2022-07-17 18:00:00,창원,316.59999999999997,6,6,65.70799134540137,35.21,128.58
2022-07-17 18:00:00,탑선,305.46666666666664,6,6,64.27559676368001,35.24,126.81
2022-07-17 19:00:00,경상대,123.6,5,6,77.25658308576483,35.18,128.1
2022-07-17 19:00:00,고흥만수상,99.58000000000001,5,6,76.80625874619444,34.57,127.3
2022-07-17 19:00:00,광양항세방,98.2,5,6,77.02431399102485,34.93,127.71
2022-07-17 19:00:00,구미,222.04000000000002,5,6,77.16489616766216,36.13,128.34
2022-07-17 19:00:00,삼천포,91.7,5,6,77.3006708532377,34.95,128.07
2022-07-17 19:00:00,여수,111.73999999999998,5,6,77.10324660371485,34.74,127.74
2022-07-17 19:00:00,영동,169.88,5,6,76.95171795474204,37.18,128.46
2022-07-17 19:00:00,영흥,187.5,6,6,75.40039538614998,37.26,126.46
2022-07-17 19:00:00,예천,195.59999999999997,5,6,77.10559898055354,36.65,128.46
2022-07-17 19:00:00,창원,147.64,5,6,77.62245956788716,35.21,128.58
2022-07-17 19:00:00,탑선,150.4,5,6,76.2298984676998,35.24,126.81
2022-07-17 20:00:00,경상대,,0,6,88.69117813876534,35.18,128.1
2022-07-17 20:00:00,고흥만수상,,0,6,88.35368897387129,34.57,127.3
2022-07-17 20:00:00,광양항세방,,0,6,88.5079917500287,34.93,127.71
2022-07-17 20:00:00,구미,,0,6,88.46238672855286,36.13,128.34
2022-07-17 20:00:00,삼천포,,0,6,88.76681736476252,34.95,128.07
2022-07-17 20:00:00,여수,,0,6,88.61055762384808,34.74,127.74
2022-07-17 20:00:00,영동,,0,6,88.10026181023228,37.18,128.46
2022-07-17 20:00:00,영흥,,0,6,86.62048642017844,37.26,126.46
2022-07-17 20:00:00,예천,,0,6,88.3272070674093,36.65,128.46
2022-07-17 20:00:00,창원,,0,6,89.03290698364339,35.21,128.58
2022-07-17 20:00:00,탑선,,0,6,87.7093735627306,35.24,126.81
2022-07-17 21:00:00,경상대,,0,6,99.3408577915042,35.18,128.1
2022-07-17 21:00:00,고흥만수상,,0,6,99.13760927126883,34.57,127.3
2022-07-17 21:00:00,광양항세방,,0,6,99.21693142220867,34.93,127.71
2022-07-17 21:00:00,구미,,0,6,98.9646290322548,36.13,128.34
2022-07-17 21:00:00,삼천포,,0,6,99.45003748803974,34.95,128.07
2022-07-17 21:00:00,여수,,0,6,99.34357716100051,34.74,127.74
2022-07-17 21:00:00,영동,,0,6,98.44643453075942,37.18,128.46
2022-07-17 21:00:00,영흥,,0,6,97.08307535777305,37.26,126.46
2022-07-17 21:00:00,예천,,0,6,98.74851496295763,36.65,128.46
2022-07-17 21:00:00,창원,,0,6,99.64737383472793,35.21,128.58
2022-07-17 21:00:00,탑선,,0,6,98.43230154126287,35.24,126.81
2022-07-17 22:00:00,경상대,,0,6,108.7989536225671,35.18,128.1
2022-07-17 22:00:00,고흥만수상,,0,6,108.75896148055527,34.57,127.3
2022-07-17 22:00:00,광양항세방,,0,6,108.74814215089543,34.93,127.71
2022-07-17 22:00:00,구미,,0,6,108.26334765959731,36.13,128.34
2022-07-17 22:00:00,삼천포,,0,6,108.9438423565939,34.95,128.07
2022-07-17 22:00:00,여수,,0,6,108.89897086443438,34.74,127.74
2022-07-17 22:00:00,영동,,0,6,107.58197696328324,37.18,128.46
2022-07-17 22:00:00,영흥,,0,6,106.39725222416848,37.26,126.46
2022-07-17 22:00:00,예천,,0,6,107.96065451045658,36.65,128.46
2022-07-17 22:00:00,창원,,0,6,109.05454021727667,35.21,128.58
2022-07-17 22:00:00,탑선,,0,6,108.00430841650768,35.24,126.81
2022-07-17 23:00:00,경상대,,0,6,116.49282618400241,35.18,128.1
2022-07-17 23:00:00,고흥만수상,,0,6,116.64910992858819,34.57,127.3
2022-07-17 23:00:00,광양항세방,,0,6,116.53127097597864,34.93,127.71
2022-07-17 23:00:00,구미,,0,6,115.7925788635697,36.13,128.34
2022-07-17 23:00:00,삼천포,,0,6,116.67372285357668,34.95,128.07
2022-07-17 23:00:00,여수,,0,6,116.70424591177358,34.74,127.74
2022-07-17 23:00:00,영동,,0,6,114.9504257906597,37.18,128.46
2022-07-17 23:00:00,영흥,,0,6,114.02790551933323,37.26,126.46
2022-07-17 23:00:00,예천,,0,6,115.40166964445763,36.65,128.46
2022-07-17 23:00:00,창원,,0,6,116.67636881134331,35.21,128.58
2022-07-17 23:00:00,탑선,,0,6,115.86859249192327,35.24,126.81
2022-07-18 00:00:00,경상대,,0,6,121.69403666139972,35.18,128.1
2022-07-18 00:00:00,고흥만수상,,0,6,122.07113238546535,34.57,127.3
2022-07-18 00:00:00,광양항세방,,0,6,121.83470959502438,34.93,127.71
2022-07-18 00:00:00,구미,,0,6,120.84519811659209,36.13,128.34
2022-07-18 00:00:00,삼천포,,0,6,121.90588703225785,34.95,128.07
2022-07-18 00:00:00,여수,,0,6,122.02301774224458,34.74,127.74
2022-07-18 00:00:00,영동,,0,6,119.8689419871607,37.18,128.46
2022-07-18 00:00:00,영흥,,0,6,119.30503163985651,37.26,126.46
2022-07-18 00:00:00,예천,,0,6,120.37617923115064,36.65,128.46
2022-07-18 00:00:00,창원,,0,6,121.78188784247844,35.21,128.58
2022-07-18 00:00:00,탑선,,0,6,121.30771555867261,35.24,126.81
2022-07-18 01:00:00,경상대,,0,5,123.6926675326325,35.18,128.1
2022-07-18 01:00:00,고흥만수상,,0,5,124.28498937592529,34.57,127.3
2022-07-18 01:00:00,광양항세방,,0,5,123.93541780921908,34.93,127.71
2022-07-18 01:00:00,구미,,0,5,122.74597659704304,36.13,128.34
2022-07-18 01:00:00,삼천포,,0,5,123.92215530719082,34.95,128.07
2022-07-18 01:00:00,여수,,0,5,124.12599089757396,34.74,127.74
2022-07-18 01:00:00,영동,,0,5,121.69729270803502,37.18,128.46
2022-07-18 01:00:00,영흥,,0,5,121.56885395350052,37.26,126.46
2022-07-18 01:00:00,예천,,0,5,122.22724669904791,36.65,128.46
2022-07-18 01:00:00,창원,,0,5,123.66814032450458,35.21,128.58
2022-07-18 01:00:00,탑선,,0,5,123.59977704293946,35.24,126.81
2022-07-18 02:00:00,경상대,,0,6,122.1508409401324,35.18,128.1
2022-07-18 02:00:00,고흥만수상,,0,6,122.91098670421354,34.57,127.3
2022-07-18 02:00:00,광양항세방,,0,6,122.47630884777828,34.93,127.71
2022-07-18 02:00:00,구미,,0,6,121.18336941842183,36.13,128.34
2022-07-18 02:00:00,삼천포,,0,6,122.37902369284865,34.95,128.07
2022-07-18 02:00:00,여수,,0,6,122.6532459073077,34.74,127.74
2022-07-18 02:00:00,영동,,0,6,120.14614396168895,37.18,128.46
2022-07-18 02:00:00,영흥,,0,6,120.46767733670842,37.26,126.46
2022-07-18 02:00:00,예천,,0,6,120.65658388436184,36.65,128.46
2022-07-18 02:00:00,창원,,0,6,122.01540148575202,35.21,128.58
2022-07-18 02:00:00,탑선,,0,6,122.3622966034165,35.24,126.81
2022-07-18 03:00:00,경상대,,0,6,117.33278008451896,35.18,128.1
2022-07-18 03:00:00,고흥만수상,,0,6,118.190816005969,34.57,127.3
2022-07-18 03:00:00,광양항세방,,0,6,117.71022072717874,34.93,127.71
2022-07-18 03:00:00,구미,,0,6,116.4160600288938,36.13,128.34
2022-07-18 03:00:00,삼천포,,0,6,117.54312920272909,34.95,128.07
2022-07-18 03:00:00,여수,,0,6,117.86165173268037,34.74,127.74
2022-07-18 03:00:00,영동,,0,6,115.46296482501599,37.18,128.46
2022-07-18 03:00:00,영흥,,0,6,116.17850632666737,37.26,126.46
2022-07-18 03:00:00,예천,,0,6,115.91938559370885,36.65,128.46
2022-07-18 03:00:00,창원,,0,6,117.10574697873582,35.21,128.58
2022-07-18 03:00:00,탑선,,0,6,117.80840159113949,35.24,126.81
2022-07-18 04:00:00,경상대,,0,6,109.92161186012801,35.18,128.1
2022-07-18 04:00:00,고흥만수상,,0,6,110.81573301295812,34.57,127.3
2022-07-18 04:00:00,광양항세방,,0,6,110.32270680512227,34.93,127.71
2022-07-18 04:00:00,구미,,0,6,109.0991663618042,36.13,128.34
2022-07-18 04:00:00,삼천포,,0,6,110.1050098717903,34.95,128.07
2022-07-18 04:00:00,여수,,0,6,110.44380703637552,34.74,127.74
2022-07-18 04:00:00,영동,,0,6,108.27129986833266,37.18,128.46
2022-07-18 04:00:00,영흥,,0,6,109.29078935698058,37.26,126.46
2022-07-18 04:00:00,예천,,0,6,108.65580732028985,36.65,128.46
2022-07-18 04:00:00,창원,,0,6,109.62843937026797,35.21,128.58
2022-07-18 04:00:00,탑선,,0,6,110.59795254774596,35.24,126.81
2022-07-18 05:00:00,경상대,,0,6,100.65809257470092,35.18,128.1
2022-07-18 05:00:00,고흥만수상,,0,6,101.54705753540176,34.57,127.3
2022-07-18 05:00:00,광양항세방,,0,6,101.06320788180213,34.93,127.71
2022-07-18 05:00:00,구미,,0,6,99.94780431078023,36.13,128.34
2022-07-18 05:00:00,삼천포,,0,6,100.8116126367938,34.95,128.07
2022-07-18 05:00:00,여수,,0,6,101.1540626699429,34.74,127.74
2022-07-18 05:00:00,영동,,0,6,99.25955442967735,37.18,128.46
2022-07-18 05:00:00,영흥,,0,6,100.49691913972046,37.26,126.46
2022-07-18 05:00:00,예천,,0,6,99.56736625994675,36.65,128.46
2022-07-18 05:00:00,창원,,0,6,100.32076910758718,35.21,128.58
2022-07-18 05:00:00,탑선,,0,6,101.47628010808609,35.24,126.81
2022-07-18 06:00:00,경상대,,0,6,90.13834062261385,35.18,128.1
2022-07-18 06:00:00,고흥만수상,,0,6,90.99765700059446,34.57,127.3
2022-07-18 06:00:00,광양항세방,,0,6,90.53536310340742,34.93,127.71
2022-07-18 06:00:00,구미,,0,6,89.54458827383847,36.13,128.34
2022-07-18 06:00:00,삼천포,,0,6,90.26202087022736,34.95,128.07
2022-07-18 06:00:00,여수,,0,6,90.59790017098383,34.74,127.74
2022-07-18 06:00:00,영동,,0,6,88.9971640088026,37.18,128.46
2022-07-18 06:00:00,영흥,,0,6,90.38541963848503,37.26,126.46
2022-07-18 06:00:00,예천,,0,6,89.22950207456815,36.65,128.46
2022-07-18 06:00:00,창원,,0,6,89.77284541110744,35.21,128.58
2022-07-18 06:00:00,탑선,,0,6,91.05393851219176,35.24,126.81
2022-07-18 07:00:00,경상대,95.10000000000001,3,6,78.78879189525308,35.18,128.1
2022-07-18 07:00:00,고흥만수상,44.73333333333333,3,6,79.60316138109545,34.57,127.3
2022-07-18 07:00:00,광양항세방,90.06666666666666,3,6,79.16995626916639,34.93,127.71
2022-07-18 07:00:00,구미,53.76666666666667,3,6,78.31219192355812,36.13,128.34
2022-07-18 07:00:00,삼천포,66.66666666666667,3,6,78.88328945116298,34.95,128.07
2022-07-18 07:00:00,여수,145.53333333333333,3,6,79.20607153542097,34.74,127.74
2022-07-18 07:00:00,영동,97.17500000000001,4,6,77.90393979359587,37.18,128.46
2022-07-18 07:00:00,영흥,109.36666666666666,3,6,79.39440240495968,37.26,126.46
2022-07-18 07:00:00,예천,138.325,4,6,78.06292649175114,36.65,128.46
2022-07-18 07:00:00,창원,59.666666666666664,3,6,78.40623833723342,35.21,128.58
2022-07-18 07:00:00,탑선,153.86666666666665,3,6,79.77047386142475,35.24,126.81
2022-07-18 08:00:00,경상대,100.14999999999999,6,6,66.91116009262952,35.18,128.1
2022-07-18 08:00:00,고흥만수상,123.8,6,6,67.66819386592053,34.57,127.3
2022-07-18 08:00:00,광양항세방,84.01666666666667,6,6,67.27025659709636,34.93,127.71
2022-07-18 08:00:00,구미,132.11666666666667,6,6,66.5546110379167,36.13,128.34
2022-07-18 08:00:00,삼천포,82.26666666666667,6,6,66.97640309970011,34.95,128.07
2022-07-18 08:00:00,여수,139.35,6,6,67.2808982357167,34.74,127.74
2022-07-18 08:00:00,영동,62.46666666666667,6,6,66.28728850290749,37.18,128.46
2022-07-18 08:00:00,영흥,149.08333333333334,6,6,67.84356053648295,37.26,126.46
2022-07-18 08:00:00,예천,148.98333333333332,6,6,66.37297109130476,36.65,128.46
2022-07-18 08:00:00,창원,109.21666666666665,6,6,66.51972031856872,35.21,128.58
2022-07-18 08:00:00,탑선,88.46666666666665,6,6,67.93634405793843,35.24,126.81
2022-07-18 09:00:00,경상대,130.48333333333332,6,6,54.739030809361644,35.18,128.1
2022-07-18 09:00:00,고흥만수상,205.1,6,6,55.423699421962866,34.57,127.3
2022-07-18 09:00:00,광양항세방,142.53333333333333,6,6,55.06887637049819,34.93,127.71
2022-07-18 09:00:00,구미,136.76666666666668,6,6,54.51268238498755,36.13,128.34
2022-07-18 09:00:00,삼천포,133.73333333333332,6,6,54.77315686739132,34.95,128.07
2022-07-18 09:00:00,여수,99.21666666666665,6,6,55.053391139542875,34.74,127.74
2022-07-18 09:00:00,영동,114.10000000000001,6,6,54.39661396811455,37.18,128.46
2022-07-18 09:00:00,영흥,288.3,6,6,55.98716568258874,37.26,126.46
2022-07-18 09:00:00,예천,265.56666666666666,6,6,54.404571962914545,36.65,128.46
2022-07-18 09:00:00,창원,70.2,6,6,54.345916753835965,35.21,128.58
2022-07-18 09:00:00,탑선,146.26666666666668,6,6,55.78916373812597,35.24,126.81
2022-07-18 10:00:00,경상대,202.25,6,6,42.50369454405342,35.18,128.1
2022-07-18 10:00:00,고흥만수상,144.26666666666668,6,6,43.09016926534746,34.57,127.3
2022-07-18 10:00:00,광양항세방,162.31666666666666,6,6,42.79239722624319,34.93,127.71
2022-07-18 10:00:00,구미,54.45000000000001,6,6,42.432775060358516,36.13,128.34
2022-07-18 10:00:00,삼천포,210.5,6,6,42.50135281721798,34.95,128.07
2022-07-18 10:00:00,여수,263.08333333333337,6,6,42.74744956144411,34.74,127.74
2022-07-18 10:00:00,영동,122.33333333333333,6,6,42.49490678886313,37.18,128.46
2022-07-18 10:00:00,영흥,408.68333333333334,6,6,44.081789649897786,37.26,126.46
2022-07-18 10:00:00,예천,232.6833333333333,6,6,42.412529849780746,36.65,128.46
2022-07-18 10:00:00,창원,155.16666666666666,6,6,42.11799492213413,35.21,128.58
2022-07-18 10:00:00,탑선,131.38333333333335,6,6,43.55782038279321,35.24,126.81
2022-07-18 11:00:00,경상대,152.15,6,6,30.565556135428785,35.18,128.1
2022-07-18 11:00:00,고흥만수상,171.4166666666667,6,6,30.99657928396416,34.57,127.3
2022-07-18 11:00:00,광양항세방,112.8,6,6,30.78701335546255,34.93,127.71
2022-07-18 11:00:00,구미,90.98333333333333,6,6,30.709146506495564,36.13,128.34
2022-07-18 11:00:00,삼천포,133.65,6,6,30.51375628443173,34.95,128.07
2022-07-18 11:00:00,여수,98.01666666666665,6,6,30.703971141590202,34.74,127.74
2022-07-18 11:00:00,영동,140.1,6,6,31.011062106350494,37.18,128.46
2022-07-18 11:00:00,영흥,500.05,6,6,32.52017545621585,37.26,126.46
2022-07-18 11:00:00,예천,143.63333333333333,6,6,30.809539785681892,36.65,128.46
2022-07-18 11:00:00,창원,239.15,6,6,30.20582378431527,35.21,128.58
2022-07-18 11:00:00,탑선,139.1,6,6,31.583523623503368,35.24,126.81
2022-07-18 12:00:00,경상대,128.75000000000003,6,6,19.898471964907614,35.18,128.1
2022-07-18 12:00:00,고흥만수상,112.53333333333335,6,6,20.015389714407306,34.57,127.3
2022-07-18 12:00:00,광양항세방,154.91666666666666,6,6,19.979626505408092,34.93,127.71
2022-07-18 12:00:00,구미,156.13333333333333,6,6,20.39312796850551,36.13,128.34
2022-07-18 12:00:00,삼천포,92.89999999999998,6,6,19.766833608965484,34.95,128.07
2022-07-18 12:00:00,여수,136.9333333333333,6,6,19.839625838997478,34.74,127.74
2022-07-18 12:00:00,영동,398.6166666666666,6,6,21.061709347206957,37.18,128.46
2022-07-18 12:00:00,영흥,691.6333333333333,6,6,22.267428283528375,37.26,126.46
2022-07-18 12:00:00,예천,256.73333333333335,6,6,20.685583869101436,36.65,128.46
2022-07-18 12:00:00,창원,100.75,6,6,19.624966649261992,35.21,128.58
2022-07-18 12:00:00,탑선,178.86666666666667,6,6,20.746427809096204,35.24,126.81
2022-07-18 13:00:00,경상대,191.2833333333333,6,6,14.170537951683002,35.18,128.1
2022-07-18 13:00:00,고흥만수상,173.13333333333333,6,6,13.624027833417998,34.57,127.3
2022-07-18 13:00:00,광양항세방,142.20000000000002,6,6,13.946086646982977,34.93,127.71
2022-07-18 13:00:00,구미,226.5,6,6,15.10854297332898,36.13,128.34
2022-07-18 13:00:00,삼천포,133.76666666666668,6,6,13.942633486400666,34.95,128.07
2022-07-18 13:00:00,여수,133.46666666666667,6,6,13.754626385568429,34.74,127.74
2022-07-18 13:00:00,영동,639.4166666666666,6,6,16.15387417715749,37.18,128.46
2022-07-18 13:00:00,영흥,711.8666666666667,6,6,16.38179141382355,37.26,126.46
2022-07-18 13:00:00,예천,256.81666666666666,6,6,15.624193592318875,36.65,128.46
2022-07-18 13:00:00,창원,133.71666666666667,6,6,14.181650412419273,35.21,128.58
2022-07-18 13:00:00,탑선,112.88333333333333,6,6,14.34221058901403,35.24,126.81
2022-07-18 14:00:00,경상대,192.36666666666667,6,6,18.761512138134975,35.18,128.1
2022-07-18 14:00:00,고흥만수상,213.3166666666667,6,6,17.86641377529878,34.57,127.3
2022-07-18 14:00:00,광양항세방,177.55000000000004,6,6,18.35936738925534,34.93,127.71
2022-07-18 14:00:00,구미,230.41666666666666,6,6,19.57988121034225,36.13,128.34
2022-07-18 14:00:00,삼천포,197.95000000000005,6,6,18.581375432005373,34.95,128.07
2022-07-18 14:00:00,여수,231.61666666666665,6,6,18.241366390046394,34.74,127.74
2022-07-18 14:00:00,영동,565.5333333333334,6,6,20.418726072363143,37.18,128.46
2022-07-18 14:00:00,영흥,705.5166666666665,6,6,19.470746932562008,37.26,126.46
2022-07-18 14:00:00,예천,349.5833333333333,6,6,20.02596726940419,36.65,128.46
2022-07-18 14:00:00,창원,87.33333333333333,6,6,19.061235359226586,35.21,128.58
2022-07-18 14:00:00,탑선,64.39999999999999,6,6,18.084201056880275,35.24,126.81
2022-07-18 15:00:00,경상대,145.16666666666666,6,6,29.106451440863694,35.18,128.1
2022-07-18 15:00:00,고흥만수상,90.5,6,6,28.273515772049898,34.57,127.3
2022-07-18 15:00:00,광양항세방,149.66666666666666,6,6,28.718078155253053,34.93,127.71
2022-07-18 15:00:00,구미,132.65,6,6,29.643068689244785,36.13,128.34
2022-07-18 15:00:00,삼천포,227.46666666666667,6,6,29.000502668565993,34.95,128.07
2022-07-18 15:00:00,여수,188.33333333333334,6,6,28.672401224584817,34.74,127.74
2022-07-18 15:00:00,영동,461.1166666666666,6,6,30.148614613491823,37.18,128.46
2022-07-18 15:00:00,영흥,516.9666666666667,6,6,28.744769687932767,37.26,126.46
2022-07-18 15:00:00,예천,318.58333333333337,6,6,29.935090561927154,36.65,128.46
2022-07-18 15:00:00,창원,209.06666666666663,6,6,29.483213930136884,35.21,128.58
2022-07-18 15:00:00,탑선,81.88333333333334,6,6,28.152643340163593,35.24,126.81
2022-07-18 16:00:00,경상대,168.13333333333335,6,6,40.96563027762874,35.18,128.1
2022-07-18 16:00:00,고흥만수상,108.80000000000001,6,6,40.22954848919526,34.57,127.3
2022-07-18 16:00:00,광양항세방,102.46666666666665,6,6,40.61396928640445,34.93,127.71
2022-07-18 16:00:00,구미,273.03333333333336,6,6,41.301433703283394,36.13,128.34
2022-07-18 16:00:00,삼천포,218.5,6,6,40.908970932001594,34.95,128.07
2022-07-18 16:00:00,여수,116.81666666666666,6,6,40.6116597830522,34.74,127.74
2022-07-18 16:00:00,영동,567.15,6,6,41.57235822491071,37.18,128.46
2022-07-18 16:00:00,영흥,635.0166666666665,6,6,40.0243191922393,37.26,126.46
2022-07-18 16:00:00,예천,354.51666666666665,6,6,41.48127438606935,36.65,128.46
2022-07-18 16:00:00,창원,251.0666666666667,6,6,41.35823081508306,35.21,128.58
2022-07-18 16:00:00,탑선,166.29999999999998,6,6,39.93283739336981,35.24,126.81
2022-07-18 17:00:00,경상대,189.83333333333334,6,6,53.19474164949315,35.18,128.1
2022-07-18 17:00:00,고흥만수상,167.28333333333333,6,6,52.550985171323745,34.57,127.3
2022-07-18 17:00:00,광양항세방,71.68333333333334,6,6,52.88054851694011,34.93,127.71
2022-07-18 17:00:00,구미,173.6,6,6,53.37519317464792,36.13,128.34
2022-07-18 17:00:00,삼천포,120.83333333333333,6,6,53.17517156731872,34.95,128.07
2022-07-18 17:00:00,여수,102.78333333333335,6,6,52.90918698987257,34.74,127.74
2022-07-18 17:00:00,영동,493.68333333333334,6,6,53.46710494975184,37.18,128.46
2022-07-18 17:00:00,영흥,533.9666666666667,6,6,51.87565520955358,37.26,126.46
2022-07-18 17:00:00,예천,260.15000000000003,6,6,53.46785024657218,36.65,128.46
2022-07-18 17:00:00,창원,196.81666666666663,6,6,53.58623211914759,35.21,128.58
2022-07-18 17:00:00,탑선,123.51666666666667,6,6,52.14002092619247,35.24,126.81
2022-07-18 18:00:00,경상대,73.14999999999999,6,6,65.39730726382336,35.18,128.1
2022-07-18 18:00:00,고흥만수상,139.66666666666666,6,6,64.84579556235855,34.57,127.3
2022-07-18 18:00:00,광양항세방,43.449999999999996,6,6,65.12175616290935,34.93,127.71
2022-07-18 18:00:00,구미,232.83333333333337,6,6,65.44095350663918,36.13,128.34
2022-07-18 18:00:00,삼천포,79.08333333333333,6,6,65.40990908124736,34.95,128.07
2022-07-18 18:00:00,여수,124.23333333333335,6,6,65.17623942776719,34.74,127.74
2022-07-18 18:00:00,영동,325.2,6,6,65.37794574265119,37.18,128.46
2022-07-18 18:00:00,영흥,368.2833333333333,6,6,63.78939767570324,37.26,126.46
2022-07-18 18:00:00,예천,209.36666666666667,6,6,65.45701045227572,36.65,128.46
2022-07-18 18:00:00,창원,176.38333333333333,6,6,65.77957978665283,35.21,128.58
2022-07-18 18:00:00,탑선,120.63333333333333,6,6,64.34658088359882,35.24,126.81
2022-07-18 19:00:00,경상대,128.24,5,6,77.33613532416516,35.18,128.1
2022-07-18 19:00:00,고흥만수상,239.0,5,6,76.8836494775461,34.57,127.3
2022-07-18 19:00:00,광양항세방,141.88,5,6,77.10294118230937,34.93,127.71
2022-07-18 19:00:00,구미,106.26000000000002,5,6,77.24712158571108,36.13,128.34
2022-07-18 19:00:00,삼천포,50.12,5,6,77.37959098786304,34.95,128.07
2022-07-18 19:00:00,여수,152.62,5,6,77.18138587615427,34.74,127.74
2022-07-18 19:00:00,영동,161.23999999999998,5,6,77.03677745906674,37.18,128.46
2022-07-18 19:00:00,영흥,141.01666666666665,6,6,75.48444763652363,37.26,126.46
2022-07-18 19:00:00,예천,159.62,5,6,77.18926976724316,36.65,128.46
2022-07-18 19:00:00,창원,57.6,5,6,77.70241177269487,35.21,128.58
2022-07-18 19:00:00,탑선,121.64000000000001,5,6,76.30876918546754,35.24,126.81
2022-07-18 20:00:00,경상대,,0,6,88.7826999970625,35.18,128.1
2022-07-18 20:00:00,고흥만수상,,0,6,88.44304405937484,34.57,127.3
2022-07-18 20:00:00,광양항세방,,0,6,88.59857174693535,34.93,127.71
2022-07-18 20:00:00,구미,,0,6,88.5563475242862,36.13,128.34
2022-07-18 20:00:00,삼천포,,0,6,88.85776991981466,34.95,128.07
2022-07-18 20:00:00,여수,,0,6,88.7007144800953,34.74,127.74
2022-07-18 20:00:00,영동,,0,6,88.19675864840352,37.18,128.46
2022-07-18 20:00:00,영흥,,0,6,86.71546967987327,37.26,126.46
2022-07-18 20:00:00,예천,,0,6,88.42248067074907,36.65,128.46
2022-07-18 20:00:00,창원,,0,6,89.12493387944129,35.21,128.58
2022-07-18 20:00:00,탑선,,0,6,87.79988763393975,35.24,126.81
2022-07-18 21:00:00,경상대,,0,6,99.44784116329373,35.18,128.1
2022-07-18 21:00:00,고흥만수상,,0,6,99.24244222412204,34.57,127.3
2022-07-18 21:00:00,광양항세방,,0,6,99.3229664953484,34.93,127.71
2022-07-18 21:00:00,구미,,0,6,99.0737898999237,36.13,128.34
2022-07-18 21:00:00,삼천포,,0,6,99.55651991261634,34.95,128.07
2022-07-18 21:00:00,여수,,0,6,99.44925733111505,34.74,127.74
2022-07-18 21:00:00,영동,,0,6,98.55780164746113,37.18,128.46
2022-07-18 21:00:00,영흥,,0,6,97.19246683524648,37.26,126.46
2022-07-18 21:00:00,예천,,0,6,98.85883955144482,36.65,128.46
2022-07-18 21:00:00,창원,,0,6,99.7549599594659,35.21,128.58
2022-07-18 21:00:00,탑선,,0,6,98.53796691744256,35.24,126.81
2022-07-18 22:00:00,경상대,,0,6,108.92448692203524,35.18,128.1
2022-07-18 22:00:00,고흥만수상,,0,6,108.88245831978374,34.57,127.3
2022-07-18 22:00:00,광양항세방,,0,6,108.87276451996533,34.93,127.71
2022-07-18 22:00:00,구미,,0,6,108.3906897858571,36.13,128.34
2022-07-18 22:00:00,삼천포,,0,6,109.068967554642,34.95,128.07
2022-07-18 22:00:00,여수,,0,6,109.02332390228713,34.74,127.74
2022-07-18 22:00:00,영동,,0,6,107.71108551079914,37.18,128.46
2022-07-18 22:00:00,영흥,,0,6,106.52402908246171,37.26,126.46
2022-07-18 22:00:00,예천,,0,6,108.08895307109559,36.65,128.46
2022-07-18 22:00:00,창원,,0,6,109.18074626208927,35.21,128.58
2022-07-18 22:00:00,탑선,,0,6,108.12826908590874,35.24,126.81
2022-07-18 23:00:00,경상대,,0,6,116.63853610764946,35.18,128.1
2022-07-18 23:00:00,고흥만수상,,0,6,116.7931119245661,34.57,127.3
2022-07-18 23:00:00,광양항세방,,0,6,116.67620528875838,34.93,127.71
2022-07-18 23:00:00,구미,,0,6,115.93955510259616,36.13,128.34
2022-07-18 23:00:00,삼천포,,0,6,116.81915635088119,34.95,128.07
2022-07-18 23:00:00,여수,,0,6,116.84902037573103,34.74,127.74
2022-07-18 23:00:00,영동,,0,6,115.09856913452514,37.18,128.46
2022-07-18 23:00:00,영흥,,0,6,114.17365480286506,37.26,126.46
2022-07-18 23:00:00,예천,,0,6,115.54930505530332,36.65,128.46
2022-07-18 23:00:00,창원,,0,6,116.82274005888047,35.21,128.58
2022-07-18 23:00:00,탑선,,0,6,116.01266225622399,35.24,126.81
2022-07-19 00:00:00,경상대,,0,6,121.85797010515695,35.18,128.1
2022-07-19 00:00:00,고흥만수상,,0,6,122.23398254941591,34.57,127.3
2022-07-19 00:00:00,광양항세방,,0,6,121.99814255280819,34.93,127.71
2022-07-19 00:00:00,구미,,0,6,121.00973245437939,36.13,128.34
2022-07-19 00:00:00,삼천포,,0,6,122.06969899583557,34.95,128.07
2022-07-19 00:00:00,여수,,0,6,122.18640350445973,34.74,127.74
2022-07-19 00:00:00,영동,,0,6,120.03397027627418,37.18,128.46
2022-07-19 00:00:00,영흥,,0,6,119.46817439208837,37.26,126.46
2022-07-19 00:00:00,예천,,0,6,120.54101863215155,36.65,128.46
2022-07-19 00:00:00,창원,,0,6,121.94631543472298,35.21,128.58
2022-07-19 00:00:00,탑선,,0,6,121.47034024685394,35.24,126.81
2022-07-19 01:00:00,경상대,,0,5,123.86745916631085,35.18,128.1
2022-07-19 01:00:00,고흥만수상,,0,5,124.45947147871883,34.57,127.3
2022-07-19 01:00:00,광양항세방,,0,5,124.11006460000144,34.93,127.71
2022-07-19 01:00:00,구미,,0,5,122.92085725258772,36.13,128.34
2022-07-19 01:00:00,삼천포,,0,5,124.09693433759062,34.95,128.07
2022-07-19 01:00:00,여수,,0,5,124.30064666728047,34.74,127.74
2022-07-19 01:00:00,영동,,0,5,121.87221794895356,37.18,128.46
2022-07-19 01:00:00,영흥,,0,5,121.74305238859523,37.26,126.46
2022-07-19 01:00:00,예천,,0,5,122.40216942542597,36.65,128.46
2022-07-19 01:00:00,창원,,0,5,123.8430958635025,35.21,128.58
2022-07-19 01:00:00,탑선,,0,5,123.77407146381599,35.24,126.81
2022-07-19 02:00:00,경상대,,0,6,122.32544434906069,35.18,128.1
2022-07-19 02:00:00,고흥만수상,,0,6,123.08581699682833,34.57,127.3
2022-07-19 02:00:00,광양항세방,,0,6,122.6510297744324,34.93,127.71
2022-07-19 02:00:00,구미,,0,6,121.35800581542227,36.13,128.34
2022-07-19 02:00:00,삼천포,,0,6,122.55360825615617,34.95,128.07
2022-07-19 02:00:00,여수,,0,6,122.82793143194132,34.74,127.74
2022-07-19 02:00:00,영동,,0,6,120.32087054321072,37.18,128.46
2022-07-19 02:00:00,영흥,,0,6,120.64304477392251,37.26,126.46
2022-07-19 02:00:00,예천,,0,6,120.8312430572673,36.65,128.46
2022-07-19 02:00:00,창원,,0,6,122.18981741163661,35.21,128.58
2022-07-19 02:00:00,탑선,,0,6,122.53737198694097,35.24,126.81
2022-07-19 03:00:00,경상대,,0,6,117.4977144196614,35.18,128.1
2022-07-19 03:00:00,고흥만수상,,0,6,118.35606722378324,34.57,127.3
2022-07-19 03:00:00,광양항세방,,0,6,117.87533723637141,34.93,127.71
2022-07-19 03:00:00,구미,,0,6,116.58138092023796,36.13,128.34
2022-07-19 03:00:00,삼천포,,0,6,117.70794420759367,34.95,128.07
2022-07-19 03:00:00,여수,,0,6,118.02662332214547,34.74,127.74
2022-07-19 03:00:00,영동,,0,6,115.62882097714125,37.18,128.46
2022-07-19 03:00:00,영흥,,0,6,116.34596566083448,37.26,126.46
2022-07-19 03:00:00,예천,,0,6,116.08492428011253,36.65,128.46
2022-07-19 03:00:00,창원,,0,6,117.27028210278847,35.21,128.58
2022-07-19 03:00:00,탑선,,0,6,117.97447282367048,35.24,126.81
2022-07-19 04:00:00,경상대,,0,6,110.07224322910974,35.18,128.1
2022-07-19 04:00:00,고흥만수상,,0,6,110.96646278583819,34.57,127.3
2022-07-19 04:00:00,광양항세방,,0,6,110.47343970729978,34.93,127.71
2022-07-19 04:00:00,구미,,0,6,109.25067185432606,36.13,128.34
2022-07-19 04:00:00,삼천포,,0,6,110.25539838904449,34.95,128.07
2022-07-19 04:00:00,여수,,0,6,110.59428407932535,34.74,127.74
2022-07-19 04:00:00,영동,,0,6,108.42389045022422,37.18,128.46
2022-07-19 04:00:00,영흥,,0,6,109.44535500882961,37.26,126.46
2022-07-19 04:00:00,예천,,0,6,108.80779540050233,36.65,128.46
2022-07-19 04:00:00,창원,,0,6,109.7786196468708,35.21,128.58
2022-07-19 04:00:00,탑선,,0,6,110.74995983526415,35.24,126.81
2022-07-19 05:00:00,경상대,,0,6,100.79390842965815,35.18,128.1
2022-07-19 05:00:00,고흥만수상,,0,6,101.68264493224638,34.57,127.3
2022-07-19 05:00:00,광양항세방,,0,6,101.19898783534602,34.93,127.71
2022-07-19 05:00:00,구미,,0,6,100.08494126847438,36.13,128.34
2022-07-19 05:00:00,삼천포,,0,6,100.94707881494043,34.95,128.07
2022-07-19 05:00:00,여수,,0,6,101.2895012959853,34.74,127.74
2022-07-19 05:00:00,영동,,0,6,99.39826060225282,37.18,128.46
2022-07-19 05:00:00,영흥,,0,6,100.63755921304033,37.26,126.46
2022-07-19 05:00:00,예천,,0,6,99.705228897204,36.65,128.46
2022-07-19 05:00:00,창원,,0,6,100.45617716488476,35.21,128.58
2022-07-19 05:00:00,탑선,,0,6,101.61343072047512,35.24,126.81
2022-07-19 06:00:00,경상대,,0,6,90.26099561401143,35.18,128.1
2022-07-19 06:00:00,고흥만수상,,0,6,91.1197420346466,34.57,127.3
2022-07-19 06:00:00,광양항세방,,0,6,90.65783294291317,34.93,127.71
2022-07-19 06:00:00,구미,,0,6,89.66894518408758,36.13,128.34
2022-07-19 06:00:00,삼천포,,0,6,90.38423856384729,34.95,128.07
2022-07-19 06:00:00,여수,,0,6,90.71996446267848,34.74,127.74
2022-07-19 06:00:00,영동,,0,6,89.12349224800914,37.18,128.46
2022-07-19 06:00:00,영흥,,0,6,90.51343413547883,37.26,126.46
2022-07-19 06:00:00,예천,,0,6,89.35479223454632,36.65,128.46
2022-07-19 06:00:00,창원,,0,6,89.8951761654182,35.21,128.58
2022-07-19 06:00:00,탑선,,0,6,91.17775896188913,35.24,126.81
2022-07-19 07:00:00,경상대,178.6,3,6,78.90084268864938,35.18,128.1
2022-07-19 07:00:00,고흥만수상,75.3,3,6,79.71429383454863,34.57,127.3
2022-07-19 07:00:00,광양항세방,188.83333333333334,3,6,79.28166718971318,34.93,127.71
2022-07-19 07:00:00,구미,175.03333333333333,3,6,78.42630024127169,36.13,128.34
2022-07-19 07:00:00,삼천포,146.63333333333333,3,6,78.99482254596472,34.95,128.07
2022-07-19 07:00:00,여수,135.4,3,6,79.3173209325611,34.74,127.74
2022-07-19 07:00:00,영동,136.875,4,6,78.02038755973544,37.18,128.46
2022-07-19 07:00:00,영흥,102.16666666666667,3,6,79.51219066339993,37.26,126.46
2022-07-19 07:00:00,예천,150.16666666666666,3,6,78.17816151537663,36.65,128.46
2022-07-19 07:00:00,창원,146.20000000000002,3,6,78.51806546669604,35.21,128.58
2022-07-19 07:00:00,탑선,181.33333333333334,3,6,79.88346779796737,35.24,126.81
2022-07-19 08:00:00,경상대,343.9166666666667,6,6,67.01565911298677,35.18,128.1
2022-07-19 08:00:00,고흥만수상,176.18333333333337,6,6,67.77138304525562,34.57,127.3
2022-07-19 08:00:00,광양항세방,337.4166666666667,6,6,67.37424096785027,34.93,127.71
2022-07-19 08:00:00,구미,222.70000000000002,6,6,66.66155706026925,36.13,128.34
2022-07-19 08:00:00,삼천포,285.90000000000003,6,6,67.0802963241115,34.95,128.07
2022-07-19 08:00:00,여수,343.0,6,6,67.38436061381245,34.74,127.74
2022-07-19 08:00:00,영동,286.09999999999997,6,6,66.39696982601751,37.18,128.46
2022-07-19 08:00:00,영흥,281.7166666666667,6,6,67.9541546623652,37.26,126.46
2022-07-19 08:00:00,예천,213.86666666666665,6,6,66.48125409457609,36.65,128.46
2022-07-19 08:00:00,창원,259.29999999999995,6,6,66.6241136017953,35.21,128.58
2022-07-19 08:00:00,탑선,276.46666666666664,6,6,68.04152225930578,35.24,126.81
2022-07-19 09:00:00,경상대,527.9,6,6,54.839770022859284,35.18,128.1
2022-07-19 09:00:00,고흥만수상,407.51666666666665,6,6,55.522624532935204,34.57,127.3
2022-07-19 09:00:00,광양항세방,518.2,6,6,55.16887531990779,34.93,127.71
2022-07-19 09:00:00,구미,519.8333333333334,6,6,54.6163602038777,36.13,128.34
2022-07-19 09:00:00,삼천포,391.65000000000003,6,6,54.8731782069502,34.95,128.07
2022-07-19 09:00:00,여수,517.9166666666666,6,6,55.15279143847738,34.74,127.74
2022-07-19 09:00:00,영동,391.1499999999999,6,6,54.5035139780113,37.18,128.46
2022-07-19 09:00:00,영흥,382.06666666666666,6,6,56.094403391053746,37.26,126.46
2022-07-19 09:00:00,예천,270.78333333333336,6,6,54.50984841399229,36.65,128.46
2022-07-19 09:00:00,창원,489.81666666666666,6,6,54.44670570329581,35.21,128.58
2022-07-19 09:00:00,탑선,247.7166666666666,6,6,55.89023490247231,35.24,126.81
2022-07-19 10:00:00,경상대,578.75,6,6,42.60620136086951,35.18,128.1
2022-07-19 10:00:00,고흥만수상,657.3166666666667,6,6,43.19012318501303,34.57,127.3
2022-07-19 10:00:00,광양항세방,658.6666666666666,6,6,42.89383144664378,34.93,127.71
2022-07-19 10:00:00,구미,508.8,6,6,42.53888942320021,36.13,128.34
2022-07-19 10:00:00,삼천포,536.9833333333332,6,6,42.60298807615197,34.95,128.07
2022-07-19 10:00:00,여수,718.6333333333333,6,6,42.848182555750796,34.74,127.74
2022-07-19 10:00:00,영동,412.9833333333333,6,6,42.60487101278291,37.18,128.46
2022-07-19 10:00:00,영흥,630.5,6,6,44.191181918081476,37.26,126.46
2022-07-19 10:00:00,예천,339.43333333333334,6,6,42.52058911042557,36.65,128.46
2022-07-19 10:00:00,창원,717.6666666666666,6,6,42.22079682350332,35.21,128.58
2022-07-19 10:00:00,탑선,539.6833333333333,6,6,43.66010389322797,35.24,126.81
2022-07-19 11:00:00,경상대,811.6666666666666,6,6,30.679662541423454,35.18,128.1
2022-07-19 11:00:00,고흥만수상,784.6666666666666,6,6,31.10697271625161,34.57,127.3
2022-07-19 11:00:00,광양항세방,785.6,6,6,30.899518868960236,34.93,127.71
2022-07-19 11:00:00,구미,665.5500000000001,6,6,30.827685990298903,36.13,128.34
2022-07-19 11:00:00,삼천포,818.2833333333333,6,6,30.626799894178184,34.95,128.07
2022-07-19 11:00:00,여수,828.9,6,6,30.815660945069553,34.74,127.74
2022-07-19 11:00:00,영동,672.6999999999999,6,6,31.13410253725054,37.18,128.46
2022-07-19 11:00:00,영흥,764.9333333333333,6,6,32.64098043786769,37.26,126.46
2022-07-19 11:00:00,예천,610.2166666666667,6,6,30.930417849061428,36.65,128.46
2022-07-19 11:00:00,창원,803.1333333333333,6,6,30.320684740453032,35.21,128.58
2022-07-19 11:00:00,탑선,636.3166666666667,6,6,31.69631848450529,35.24,126.81
2022-07-19 12:00:00,경상대,847.9,6,6,20.04336726872107,35.18,128.1
2022-07-19 12:00:00,고흥만수상,910.75,6,6,20.155406690967666,34.57,127.3
2022-07-19 12:00:00,광양항세방,863.0166666666668,6,6,20.122374221395106,34.93,127.71
2022-07-19 12:00:00,구미,758.2666666666668,6,6,20.542288292628186,36.13,128.34
2022-07-19 12:00:00,삼천포,957.6833333333333,6,6,19.910705401421183,34.95,128.07
2022-07-19 12:00:00,여수,908.8000000000001,6,6,19.98165513467984,34.74,127.74
2022-07-19 12:00:00,영동,806.0666666666666,6,6,21.214680286684313,37.18,128.46
2022-07-19 12:00:00,영흥,834.0333333333334,6,6,22.415665287878966,37.26,126.46
2022-07-19 12:00:00,예천,763.4833333333332,6,6,20.83685217139869,36.65,128.46
2022-07-19 12:00:00,창원,875.4499999999999,6,6,19.77136994824862,35.21,128.58
2022-07-19 12:00:00,탑선,784.6666666666666,6,6,20.887948164372162,35.24,126.81
2022-07-19 13:00:00,경상대,865.2166666666667,6,6,14.349274733895115,35.18,128.1
2022-07-19 13:00:00,고흥만수상,934.5999999999999,6,6,13.802871319010464,34.57,127.3
2022-07-19 13:00:00,광양항세방,899.8666666666668,6,6,14.124932214505336,34.93,127.71
2022-07-19 13:00:00,구미,814.5166666666668,6,6,15.287141099246824,36.13,128.34
2022-07-19 13:00:00,삼천포,983.2666666666668,6,6,14.121388428786332,34.95,128.07
2022-07-19 13:00:00,여수,893.2833333333333,6,6,13.933470704120438,34.74,127.74
2022-07-19 13:00:00,영동,790.7333333333332,6,6,16.332378475271682,37.18,128.46
2022-07-19 13:00:00,영흥,865.4333333333333,6,6,16.56054478735554,37.26,126.46
2022-07-19 13:00:00,예천,826.0499999999998,6,6,15.802711514773605,36.65,128.46
2022-07-19 13:00:00,창원,941.7666666666668,6,6,14.360132191165093,35.21,128.58
2022-07-19 13:00:00,탑선,800.9666666666667,6,6,14.520954984531585,35.24,126.81
2022-07-19 14:00:00,경상대,753.6333333333333,6,6,18.8920625546302,35.18,128.1
2022-07-19 14:00:00,고흥만수상,916.75,6,6,17.997264983591194,34.57,127.3
2022-07-19 14:00:00,광양항세방,864.9499999999999,6,6,18.490275437909304,34.93,127.71
2022-07-19 14:00:00,구미,887.15,6,6,19.713746182221243,36.13,128.34
2022-07-19 14:00:00,삼천포,975.5500000000001,6,6,18.71095910790632,34.95,128.07
2022-07-19 14:00:00,여수,920.15,6,6,18.371250622191894,34.74,127.74
2022-07-19 14:00:00,영동,651.6166666666667,6,6,20.55637271477022,37.18,128.46
2022-07-19 14:00:00,영흥,853.35,6,6,19.61560380137999,37.26,126.46
2022-07-19 14:00:00,예천,808.85,6,6,20.161546149691134,36.65,128.46
2022-07-19 14:00:00,창원,830.0999999999999,6,6,19.19008990007667,35.21,128.58
2022-07-19 14:00:00,탑선,796.7833333333333,6,6,18.220100054588514,35.24,126.81
2022-07-19 15:00:00,경상대,812.4666666666667,6,6,29.196659271957586,35.18,128.1
2022-07-19 15:00:00,고흥만수상,821.7999999999998,6,6,28.3618715436128,34.57,127.3
2022-07-19 15:00:00,광양항세방,831.9000000000001,6,6,28.807639653077842,34.93,127.71
2022-07-19 15:00:00,구미,841.8666666666668,6,6,29.737679964052248,36.13,128.34
2022-07-19 15:00:00,삼천포,897.7833333333333,6,6,29.08956588578441,34.95,128.07
2022-07-19 15:00:00,여수,898.5333333333334,6,6,28.760912050715433,34.74,127.74
2022-07-19 15:00:00,영동,700.0666666666667,6,6,30.24809805139673,37.18,128.46
2022-07-19 15:00:00,영흥,794.5166666666665,6,6,28.848237962621518,37.26,126.46
2022-07-19 15:00:00,예천,759.6833333333334,6,6,30.032043121710316,36.65,128.46
2022-07-19 15:00:00,창원,839.4166666666666,6,6,29.57279004206191,35.21,128.58
2022-07-19 15:00:00,탑선,743.9333333333333,6,6,28.245405452994873,35.24,126.81
2022-07-19 16:00:00,경상대,721.8333333333334,6,6,41.04085208052147,35.18,128.1
2022-07-19 16:00:00,고흥만수상,742.9000000000001,6,6,40.30253747197719,34.57,127.3
2022-07-19 16:00:00,광양항세방,609.0999999999999,6,6,40.68831444787046,34.93,127.71
2022-07-19 16:00:00,구미,747.0500000000001,6,6,41.380563390449744,36.13,128.34
2022-07-19 16:00:00,삼천포,703.5333333333333,6,6,40.98321861251241,34.95,128.07
2022-07-19 16:00:00,여수,725.8833333333333,6,6,40.685164987285965,34.74,127.74
2022-07-19 16:00:00,영동,638.7166666666666,6,6,41.65578515089659,37.18,128.46
2022-07-19 16:00:00,영흥,675.3499999999999,6,6,40.10938044088236,37.26,126.46
2022-07-19 16:00:00,예천,702.9000000000001,6,6,41.56251034603828,36.65,128.46
2022-07-19 16:00:00,창원,756.1999999999999,6,6,41.43333985324669,35.21,128.58
2022-07-19 16:00:00,탑선,709.0166666666668,6,6,40.00902699589934,35.24,126.81
2022-07-19 17:00:00,경상대,457.63333333333327,6,6,53.267150467347996,35.18,128.1
2022-07-19 17:00:00,고흥만수상,637.3333333333334,6,6,52.62114708066914,34.57,127.3
2022-07-19 17:00:00,광양항세방,574.9,6,6,52.95203712564223,34.93,127.71
2022-07-19 17:00:00,구미,609.1,6,6,53.45099798357166,36.13,128.34
2022-07-19 17:00:00,삼천포,630.6833333333334,6,6,53.2467530068492,34.95,128.07
2022-07-19 17:00:00,여수,631.2,6,6,52.979991135931016,34.74,127.74
2022-07-19 17:00:00,영동,536.1666666666667,6,6,53.546609590325076,37.18,128.46
2022-07-19 17:00:00,영흥,455.3833333333334,6,6,51.955527307125486,37.26,126.46
2022-07-19 17:00:00,예천,547.2666666666667,6,6,53.545493946445575,36.65,128.46
2022-07-19 17:00:00,창원,621.0166666666667,6,6,53.65877717996815,35.21,128.58
2022-07-19 17:00:00,탑선,594.75,6,6,52.212601861725695,35.24,126.81
2022-07-19 18:00:00,경상대,304.2,6,6,65.47351442860327,35.18,128.1
2022-07-19 18:00:00,고흥만수상,450.11666666666673,6,6,64.91978304655237,34.57,127.3
2022-07-19 18:00:00,광양항세방,372.40000000000003,6,6,65.19703121197131,34.93,127.71
2022-07-19 18:00:00,구미,424.95,6,6,65.52017929528107,36.13,128.34
2022-07-19 18:00:00,삼천포,440.8333333333333,6,6,65.48539248665,34.95,128.07
2022-07-19 18:00:00,여수,449.16666666666674,6,6,65.25093608796308,34.74,127.74
2022-07-19 18:00:00,영동,351.93333333333334,6,6,65.46042061483088,37.18,128.46
2022-07-19 18:00:00,영흥,261.4833333333333,6,6,63.87144925726582,37.26,126.46
2022-07-19 18:00:00,예천,352.98333333333335,6,6,65.5378715500988,36.65,128.46
2022-07-19 18:00:00,창원,407.95000000000005,6,6,65.85607539590828,35.21,128.58
2022-07-19 18:00:00,탑선,376.8166666666668,6,6,64.42247122686877,35.24,126.81
2022-07-19 19:00:00,경상대,167.00000000000003,5,6,77.42068405641305,35.18,128.1
2022-07-19 19:00:00,고흥만수상,257.00000000000006,5,6,76.96598769654713,34.57,127.3
2022-07-19 19:00:00,광양항세방,220.8,5,6,77.18654427269038,34.93,127.71
2022-07-19 19:00:00,구미,185.66,5,6,77.33440852968275,36.13,128.34
2022-07-19 19:00:00,삼천포,240.32,5,6,77.46349191919707,34.95,128.07
2022-07-19 19:00:00,여수,219.4,5,6,77.2644885181889,34.74,127.74
2022-07-19 19:00:00,영동,94.16,5,6,77.1269672700705,37.18,128.46
2022-07-19 19:00:00,영흥,150.78333333333333,6,6,75.57361862179106,37.26,126.46
2022-07-19 19:00:00,예천,209.0,5,6,77.27803691513341,36.65,128.46
2022-07-19 19:00:00,창원,199.16000000000003,5,6,77.78736723196343,35.21,128.58
2022-07-19 19:00:00,탑선,157.52,5,6,76.39262815493277,35.24,126.81
2022-07-19 20:00:00,경상대,,0,6,88.879412385269,35.18,128.1
2022-07-19 20:00:00,고흥만수상,,0,6,88.53754133923428,34.57,127.3
2022-07-19 20:00:00,광양항세방,,0,6,88.69432158857863,34.93,127.71
2022-07-19 20:00:00,구미,,0,6,88.65555675801156,36.13,128.34
2022-07-19 20:00:00,삼천포,,0,6,88.95389920273922,34.95,128.07
2022-07-19 20:00:00,여수,,0,6,88.79603054594223,34.74,127.74
2022-07-19 20:00:00,영동,,0,6,88.29856400071394,37.18,128.46
2022-07-19 20:00:00,영흥,,0,6,86.8157372597331,37.26,126.46
2022-07-19 20:00:00,예천,,0,6,88.5230335871262,36.65,128.46
2022-07-19 20:00:00,창원,,0,6,89.22216065763148,35.21,128.58
2022-07-19 20:00:00,탑선,,0,6,87.89557564939473,35.24,126.81
2022-07-19 21:00:00,경상대,,0,6,99.56028700961976,35.18,128.1
2022-07-19 21:00:00,고흥만수상,,0,6,99.35269204554604,34.57,127.3
2022-07-19 21:00:00,광양항세방,,0,6,99.43444423141847,34.93,127.71
2022-07-19 21:00:00,구미,,0,6,99.18846222870793,36.13,128.34
2022-07-19 21:00:00,삼천포,,0,6,99.66845327204811,34.95,128.07
2022-07-19 21:00:00,여수,,0,6,99.56037162687436,34.74,127.74
2022-07-19 21:00:00,영동,,0,6,98.67472970855863,37.18,128.46
2022-07-19 21:00:00,영흥,,0,6,97.30738594268708,37.26,126.46
2022-07-19 21:00:00,예천,,0,6,98.97470148944106,36.65,128.46
2022-07-19 21:00:00,창원,,0,6,99.86801967735816,35.21,128.58
2022-07-19 21:00:00,탑선,,0,6,98.64907182189958,35.24,126.81
2022-07-19 22:00:00,경상대,,0,6,109.05579931704901,35.18,128.1
2022-07-19 22:00:00,고흥만수상,,0,6,109.01169575148288,34.57,127.3
2022-07-19 22:00:00,광양항세방,,0,6,109.00314905282531,34.93,127.71
2022-07-19 22:00:00,구미,,0,6,108.5238472905422,36.13,128.34
2022-07-19 22:00:00,삼천포,,0,6,109.19986340062457,34.95,128.07
2022-07-19 22:00:00,여수,,0,6,109.15343317609586,34.74,127.74
2022-07-19 22:00:00,영동,,0,6,107.84604466871792,37.18,128.46
2022-07-19 22:00:00,영흥,,0,6,106.65662034655914,37.26,126.46
2022-07-19 22:00:00,예천,,0,6,108.22308588851175,36.65,128.46
2022-07-19 22:00:00,창원,,0,6,109.31274265575613,35.21,128.58
2022-07-19 22:00:00,탑선,,0,6,108.25798328724201,35.24,126.81
2022-07-19 23:00:00,경상대,,0,6,116.79031285591492,35.18,128.1
2022-07-19 23:00:00,고흥만수상,,0,6,116.9431572328411,34.57,127.3
2022-07-19 23:00:00,광양항세방,,0,6,116.82719604316122,34.93,127.71
2022-07-19 23:00:00,구미,,0,6,116.09261675745228,36.13,128.34
2022-07-19 23:00:00,삼천포,,0,6,116.97065237621605,34.95,128.07
2022-07-19 23:00:00,여수,,0,6,116.99984847306713,34.74,127.74
2022-07-19 23:00:00,영동,,0,6,115.25281477597146,37.18,128.46
2022-07-19 23:00:00,영흥,,0,6,114.32548039591249,37.26,126.46
2022-07-19 23:00:00,예천,,0,6,115.70303524471366,36.65,128.46
2022-07-19 23:00:00,창원,,0,6,116.97518596731945,35.21,128.58
2022-07-19 23:00:00,탑선,,0,6,116.1627793068632,35.24,126.81
2022-07-20 00:00:00,경상대,,0,6,122.02808284892018,35.18,128.1
2022-07-20 00:00:00,고흥만수상,,0,6,122.40301262799089,34.57,127.3
2022-07-20 00:00:00,광양항세방,,0,6,122.16775541089109,34.93,127.71
2022-07-20 00:00:00,구미,,0,6,121.18044583743952,36.13,128.34
2022-07-20 00:00:00,삼천포,,0,6,122.23969014202946,34.95,128.07
2022-07-20 00:00:00,여수,,0,6,122.35596888911479,34.74,127.74
2022-07-20 00:00:00,영동,,0,6,120.20517717552033,37.18,128.46
2022-07-20 00:00:00,영흥,,0,6,119.63750179740387,37.26,126.46
2022-07-20 00:00:00,예천,,0,6,120.71203668259025,36.65,128.46
2022-07-20 00:00:00,창원,,0,6,122.11692091198168,35.21,128.58
2022-07-20 00:00:00,탑선,,0,6,121.63914630739,35.24,126.81
2022-07-20 01:00:00,경상대,,0,5,124.04818057676738,35.18,128.1
2022-07-20 01:00:00,고흥만수상,,0,5,124.63990836827523,34.57,127.3
2022-07-20 01:00:00,광양항세방,,0,5,124.29065340787196,34.93,127.71
2022-07-20 01:00:00,구미,,0,5,123.10165975371683,36.13,128.34
2022-07-20 01:00:00,삼천포,,0,5,124.27764421392064,34.95,128.07
2022-07-20 01:00:00,여수,,0,5,124.48124368358927,34.74,127.74
2022-07-20 01:00:00,영동,,0,5,122.05306096980877,37.18,128.46
2022-07-20 01:00:00,영흥,,0,5,121.92322614123331,37.26,126.46
2022-07-20 01:00:00,예천,,0,5,122.58301009295451,36.65,128.46
2022-07-20 01:00:00,창원,,0,5,124.02396594111482,35.21,128.58
2022-07-20 01:00:00,탑선,,0,5,123.95433425161363,35.24,126.81
2022-07-20 02:00:00,경상대,,0,6,122.50530596680747,35.18,128.1
2022-07-20 02:00:00,고흥만수상,,0,6,123.26593873710023,34.57,127.3
2022-07-20 02:00:00,광양항세방,,0,6,122.83102589942209,34.93,127.71
2022-07-20 02:00:00,구미,,0,6,121.53790543531616,36.13,128.34
2022-07-20 02:00:00,삼천포,,0,6,122.7334482674206,34.95,128.07
2022-07-20 02:00:00,여수,,0,6,123.00788690848006,34.74,127.74
2022-07-20 02:00:00,영동,,0,6,120.50087376476422,37.18,128.46
2022-07-20 02:00:00,영흥,,0,6,120.82379307969588,37.26,126.46
2022-07-20 02:00:00,예천,,0,6,121.01116888906179,36.65,128.46
2022-07-20 02:00:00,창원,,0,6,122.36946527825387,35.21,128.58
2022-07-20 02:00:00,탑선,,0,6,122.71777751342991,35.24,126.81
2022-07-20 03:00:00,경상대,,0,6,117.66698908233748,35.18,128.1
2022-07-20 03:00:00,고흥만수상,,0,6,118.52568080752262,34.57,127.3
2022-07-20 03:00:00,광양항세방,,0,6,118.0448069075987,34.93,127.71
2022-07-20 03:00:00,구미,,0,6,116.75107227579178,36.13,128.34
2022-07-20 03:00:00,삼천포,,0,6,117.8770903934633,34.95,128.07
2022-07-20 03:00:00,여수,,0,6,118.19593709178568,34.74,127.74
2022-07-20 03:00:00,영동,,0,6,115.79908913467213,37.18,128.46
2022-07-20 03:00:00,영흥,,0,6,116.51795972275713,37.26,126.46
2022-07-20 03:00:00,예천,,0,6,116.25485045414004,36.65,128.46
2022-07-20 03:00:00,창원,,0,6,117.43912865662821,35.21,128.58
2022-07-20 03:00:00,탑선,,0,6,118.14496875617812,35.24,126.81
2022-07-20 04:00:00,경상대,,0,6,110.22629847208796,35.18,128.1
2022-07-20 04:00:00,고흥만수상,,0,6,111.12061926096617,34.57,127.3
2022-07-20 04:00:00,광양항세방,,0,6,110.62760108013782,34.93,127.71
2022-07-20 04:00:00,구미,,0,6,109.40565458744135,36.13,128.34
2022-07-20 04:00:00,삼천포,,0,6,110.4091961480253,34.95,128.07
2022-07-20 04:00:00,여수,,0,6,110.74817438369696,34.74,127.74
2022-07-20 04:00:00,영동,,0,6,108.58002436095629,37.18,128.46
2022-07-20 04:00:00,영흥,,0,6,109.60357892029319,37.26,126.46
2022-07-20 04:00:00,예천,,0,6,108.96329027444135,36.65,128.46
2022-07-20 04:00:00,창원,,0,6,109.93219869885056,35.21,128.58
2022-07-20 04:00:00,탑선,,0,6,110.9054691401233,35.24,126.81
2022-07-20 05:00:00,경상대,,0,6,100.93237624230323,35.18,128.1
2022-07-20 05:00:00,고흥만수상,,0,6,101.8208688675054,34.57,127.3
2022-07-20 05:00:00,광양항세방,,0,6,101.33741616373501,34.93,127.71
2022-07-20 05:00:00,구미,,0,6,100.22480005509183,36.13,128.34
2022-07-20 05:00:00,삼천포,,0,6,101.08517867230819,34.95,128.07
2022-07-20 05:00:00,여수,,0,6,101.42757070432093,34.74,127.74
2022-07-20 05:00:00,영동,,0,6,99.5397714834211,37.18,128.46
2022-07-20 05:00:00,영흥,,0,6,100.78109891487131,37.26,126.46
2022-07-20 05:00:00,예천,,0,6,99.84585187067407,36.65,128.46
2022-07-20 05:00:00,창원,,0,6,100.59421813991273,35.21,128.58
2022-07-20 05:00:00,탑선,,0,6,101.75329735914386,35.24,126.81
2022-07-20 06:00:00,경상대,,0,6,90.38571345686356,35.18,128.1
2022-07-20 06:00:00,고흥만수상,,0,6,91.24385916760345,34.57,127.3
2022-07-20 06:00:00,광양항세방,,0,6,90.78235501496809,34.93,127.71
2022-07-20 06:00:00,구미,,0,6,89.79544649719271,36.13,128.34
2022-07-20 06:00:00,삼천포,,0,6,90.50849838703785,34.95,128.07
2022-07-20 06:00:00,여수,,0,6,90.84406205076155,34.74,127.74
2022-07-20 06:00:00,영동,,0,6,89.25205926640461,37.18,128.46
2022-07-20 06:00:00,영흥,,0,6,90.64375963890923,37.26,126.46
2022-07-20 06:00:00,예천,,0,6,89.4822716717236,36.65,128.46
2022-07-20 06:00:00,창원,,0,6,90.0195568508367,35.21,128.58
2022-07-20 06:00:00,탑선,,0,6,91.30369113282775,35.24,126.81
2022-07-20 07:00:00,경상대,207.69999999999996,3,6,79.01454570169581,35.18,128.1
2022-07-20 07:00:00,고흥만수상,168.5,3,6,79.82703392764947,34.57,127.3
2022-07-20 07:00:00,광양항세방,158.9,3,6,79.39501331459846,34.93,127.71
2022-07-20 07:00:00,구미,140.23333333333335,3,6,78.54215241883048,36.13,128.34
2022-07-20 07:00:00,삼천포,208.29999999999998,3,6,79.10798505718594,34.95,128.07
2022-07-20 07:00:00,여수,195.03333333333333,3,6,79.43018552474803,34.74,127.74
2022-07-20 07:00:00,영동,183.03333333333333,3,6,78.13868329903144,37.18,128.46
2022-07-20 07:00:00,영흥,159.0,3,6,79.6318766688942,37.26,126.46
2022-07-20 07:00:00,예천,189.26666666666665,3,6,78.29519076145259,36.65,128.46
2022-07-20 07:00:00,창원,218.4666666666667,3,6,78.63153767008664,35.21,128.58
2022-07-20 07:00:00,탑선,157.5,3,6,79.99814833585665,35.24,126.81
2022-07-20 08:00:00,경상대,377.7,6,6,67.12157340568228,35.18,128.1
2022-07-20 08:00:00,고흥만수상,333.5833333333333,6,6,67.87592819514873,34.57,127.3
2022-07-20 08:00:00,광양항세방,293.40000000000003,6,6,67.47961680688516,34.93,127.71
2022-07-20 08:00:00,구미,322.15000000000003,6,6,66.77002129536629,36.13,128.34
2022-07-20 08:00:00,삼천포,353.76666666666665,6,6,67.18557962875038,34.95,128.07
2022-07-20 08:00:00,여수,323.31666666666666,6,6,67.48919313371715,34.74,127.74
2022-07-20 08:00:00,영동,272.4,6,6,66.50828431209595,37.18,128.46
2022-07-20 08:00:00,영흥,228.13333333333333,6,6,68.0664083874047,37.26,126.46
2022-07-20 08:00:00,예천,360.84999999999997,6,6,66.59111176263225,36.65,128.46
2022-07-20 08:00:00,창원,374.3999999999999,6,6,66.72992094574138,35.21,128.58
2022-07-20 08:00:00,탑선,233.71666666666667,6,6,68.14813548745283,35.24,126.81
2022-07-20 09:00:00,경상대,562.9,6,6,54.94187975436266,35.18,128.1
2022-07-20 09:00:00,고흥만수상,486.0166666666666,6,6,55.62284215215221,34.57,127.3
2022-07-20 09:00:00,광양항세방,479.03333333333336,6,6,55.27021239779025,34.93,127.71
2022-07-20 09:00:00,구미,507.0333333333333,6,6,54.72152641292677,36.13,128.34
2022-07-20 09:00:00,삼천포,533.3666666666667,6,6,54.97454163092706,34.95,128.07
2022-07-20 09:00:00,여수,511.26666666666665,6,6,55.25350664300479,34.74,127.74
2022-07-20 09:00:00,영동,383.5,6,6,54.61203142329339,37.18,128.46
2022-07-20 09:00:00,영흥,360.3,6,6,56.20325666951532,37.26,126.46
2022-07-20 09:00:00,예천,462.54999999999995,6,6,54.616677627622934,36.65,128.46
2022-07-20 09:00:00,창원,571.0666666666667,6,6,54.54887122257685,35.21,128.58
2022-07-20 09:00:00,탑선,450.3666666666666,6,6,55.99267884279845,35.24,126.81
2022-07-20 10:00:00,경상대,710.1166666666667,6,6,42.710294792664705,35.18,128.1
2022-07-20 10:00:00,고흥만수상,702.4666666666667,6,6,43.29155856679953,34.57,127.3
2022-07-20 10:00:00,광양항세방,625.5833333333334,6,6,42.99680741344768,34.93,127.71
2022-07-20 10:00:00,구미,692.75,6,6,42.646728673286376,36.13,128.34
2022-07-20 10:00:00,삼천포,719.6166666666668,6,6,42.706177041005674,34.95,128.07
2022-07-20 10:00:00,여수,684.15,6,6,42.95043151181028,34.74,127.74
2022-07-20 10:00:00,영동,588.2166666666666,6,6,42.71670735197687,37.18,128.46
2022-07-20 10:00:00,영흥,407.84999999999997,6,6,44.30240269598903,37.26,126.46
2022-07-20 10:00:00,예천,593.9499999999999,6,6,42.630448135386075,36.65,128.46
2022-07-20 10:00:00,창원,700.25,6,6,42.325202304903456,35.21,128.58
2022-07-20 10:00:00,탑선,624.8666666666667,6,6,43.763950083618354,35.24,126.81
2022-07-20 11:00:00,경상대,810.75,6,6,30.796006534741238,35.18,128.1
2022-07-20 11:00:00,고흥만수상,834.15,6,6,31.21945802819831,34.57,127.3
2022-07-20 11:00:00,광양항세방,699.0666666666666,6,6,31.01419820013055,34.93,127.71
2022-07-20 11:00:00,구미,793.4666666666667,6,6,30.948623608162457,36.13,128.34
2022-07-20 11:00:00,삼천포,802.3666666666667,6,6,30.742043416845057,34.95,128.07
2022-07-20 11:00:00,여수,794.7166666666667,6,6,30.929496765276212,34.74,127.74
2022-07-20 11:00:00,영동,673.0500000000001,6,6,31.25970398202461,37.18,128.46
2022-07-20 11:00:00,영흥,557.3666666666667,6,6,32.7642318013918,37.26,126.46
2022-07-20 11:00:00,예천,804.15,6,6,31.05377939402384,36.65,128.46
2022-07-20 11:00:00,창원,834.7666666666668,6,6,30.43781937396063,35.21,128.58
2022-07-20 11:00:00,탑선,775.0666666666666,6,6,31.81127955188503,35.24,126.81
2022-07-20 12:00:00,경상대,870.9166666666665,6,6,20.191913689914756,35.18,128.1
2022-07-20 12:00:00,고흥만수상,884.2499999999999,6,6,20.298893673437618,34.57,127.3
2022-07-20 12:00:00,광양항세방,810.7500000000001,6,6,20.268691714317285,34.93,127.71
2022-07-20 12:00:00,구미,885.0833333333334,6,6,20.69524751634374,36.13,128.34
2022-07-20 12:00:00,삼천포,896.0166666666665,6,6,20.058194700809793,34.95,128.07
2022-07-20 12:00:00,여수,909.2166666666667,6,6,20.12723261420092,34.74,127.74
2022-07-20 12:00:00,영동,655.1166666666667,6,6,21.37158640598406,37.18,128.46
2022-07-20 12:00:00,영흥,804.6333333333332,6,6,22.56762032440996,37.26,126.46
2022-07-20 12:00:00,예천,866.7666666666668,6,6,20.991995184796664,36.65,128.46
2022-07-20 12:00:00,창원,891.6999999999999,6,6,19.921488497851996,35.21,128.58
2022-07-20 12:00:00,탑선,866.0166666666665,6,6,21.032969731411114,35.24,126.81
2022-07-20 13:00:00,경상대,867.5,6,6,14.533761944919647,35.18,128.1
2022-07-20 13:00:00,고흥만수상,793.7166666666667,6,6,13.987337109855787,34.57,127.3
2022-07-20 13:00:00,광양항세방,831.1833333333333,6,6,14.309468323752782,34.93,127.71
2022-07-20 13:00:00,구미,925.1166666666667,6,6,15.47153102953341,36.13,128.34
2022-07-20 13:00:00,삼천포,879.2333333333332,6,6,14.305886829561274,34.95,128.07
2022-07-20 13:00:00,여수,835.4166666666666,6,6,14.118006869883146,34.74,127.74
2022-07-20 13:00:00,영동,745.5,6,6,16.516695886257835,37.18,128.46
2022-07-20 13:00:00,영흥,818.1833333333334,6,6,16.744867283504064,37.26,126.46
2022-07-20 13:00:00,예천,871.85,6,6,15.987039804427695,36.65,128.46
2022-07-20 13:00:00,창원,925.1500000000001,6,6,14.54443265775349,35.21,128.58
2022-07-20 13:00:00,탑선,879.3833333333332,6,6,14.705265433814333,35.24,126.81
2022-07-20 14:00:00,경상대,713.25,6,6,19.02926713175343,35.18,128.1
2022-07-20 14:00:00,고흥만수상,815.7166666666667,6,6,18.134812236983038,34.57,127.3
2022-07-20 14:00:00,광양항세방,709.4833333333332,6,6,18.627856504846633,34.93,127.71
2022-07-20 14:00:00,구미,920.5500000000001,6,6,19.85423889855504,36.13,128.34
2022-07-20 14:00:00,삼천포,694.9333333333334,6,6,18.847202574608076,34.95,128.07
2022-07-20 14:00:00,여수,849.6999999999999,6,6,18.507811164900346,34.74,127.74
2022-07-20 14:00:00,영동,786.7333333333332,6,6,20.70062307133385,37.18,128.46
2022-07-20 14:00:00,영흥,697.8000000000001,6,6,19.767088542925364,37.26,126.46
2022-07-20 14:00:00,예천,834.8833333333332,6,6,20.303739347304756,36.65,128.46
2022-07-20 14:00:00,창원,854.9333333333334,6,6,19.325580521861852,35.21,128.58
2022-07-20 14:00:00,탑선,776.4666666666667,6,6,18.36268913268502,35.24,126.81
2022-07-20 15:00:00,경상대,807.8000000000001,6,6,29.292695010434336,35.18,128.1
2022-07-20 15:00:00,고흥만수상,807.3666666666667,6,6,28.456050450330352,34.57,127.3
2022-07-20 15:00:00,광양항세방,802.5999999999999,6,6,28.903030388800005,34.93,127.71
2022-07-20 15:00:00,구미,839.8166666666667,6,6,29.83817706001085,36.13,128.34
2022-07-20 15:00:00,삼천포,861.4333333333334,6,6,29.18444056548354,34.95,128.07
2022-07-20 15:00:00,여수,874.1666666666666,6,6,28.85523539150178,34.74,127.74
2022-07-20 15:00:00,영동,732.1999999999999,6,6,30.353531455550083,37.18,128.46
2022-07-20 15:00:00,영흥,766.4166666666666,6,6,28.957755911967148,37.26,126.46
2022-07-20 15:00:00,예천,774.5333333333333,6,6,30.134911295451786,36.65,128.46
2022-07-20 15:00:00,창원,741.35,6,6,29.668171299865705,35.21,128.58
2022-07-20 15:00:00,탑선,848.8166666666666,6,6,28.344069341107904,35.24,126.81
2022-07-20 16:00:00,경상대,727.7166666666667,6,6,41.121313577162255,35.18,128.1
2022-07-20 16:00:00,고흥만수상,754.1166666666667,6,6,40.38073208034777,34.57,127.3
2022-07-20 16:00:00,광양항세방,673.7666666666667,6,6,40.76788715744302,34.93,127.71
2022-07-20 16:00:00,구미,723.1999999999999,6,6,41.465010041774384,36.13,128.34
2022-07-20 16:00:00,삼천포,749.8833333333332,6,6,41.062685905406966,34.95,128.07
2022-07-20 16:00:00,여수,779.2166666666667,6,6,40.76387944839885,34.74,127.74
2022-07-20 16:00:00,영동,652.6999999999999,6,6,41.74461358819382,37.18,128.46
2022-07-20 16:00:00,영흥,667.25,6,6,40.19990496212114,37.26,126.46
2022-07-20 16:00:00,예천,649.4500000000002,6,6,41.64910415553775,36.65,128.46
2022-07-20 16:00:00,창원,645.3000000000001,6,6,41.51367856427051,35.21,128.58
2022-07-20 16:00:00,탑선,745.7333333333332,6,6,40.09049758442364,35.24,126.81
2022-07-20 17:00:00,경상대,606.6,6,6,53.344537445412854,35.18,128.1
2022-07-20 17:00:00,고흥만수상,618.4166666666666,6,6,52.69624352991203,34.57,127.3
2022-07-20 17:00:00,광양항세방,558.6166666666667,6,6,53.02848674677943,34.93,127.71
2022-07-20 17:00:00,구미,586.1833333333333,6,6,53.531856507101416,36.13,128.34
2022-07-20 17:00:00,삼천포,616.0666666666667,6,6,53.32329366046934,34.95,128.07
2022-07-20 17:00:00,여수,620.0333333333333,6,6,53.05573995758429,34.74,127.74
2022-07-20 17:00:00,영동,573.1,6,6,53.631249965941684,37.18,128.46
2022-07-20 17:00:00,영흥,420.59999999999997,6,6,52.04056385066064,37.26,126.46
2022-07-20 17:00:00,예천,531.4833333333332,6,6,53.62823174635652,36.65,128.46
2022-07-20 17:00:00,창원,557.7333333333335,6,6,53.73629837450627,35.21,128.58
2022-07-20 17:00:00,탑선,528.3833333333333,6,6,52.290179164470366,35.24,126.81
2022-07-20 18:00:00,경상대,415.46666666666664,6,6,65.5546437640485,35.18,128.1
2022-07-20 18:00:00,고흥만수상,228.44999999999996,6,6,64.99864601034524,34.57,127.3
2022-07-20 18:00:00,광양항세방,361.6666666666667,6,6,65.27720932389653,34.93,127.71
2022-07-20 18:00:00,구미,426.7333333333333,6,6,65.60439709374683,36.13,128.34
2022-07-20 18:00:00,삼천포,421.2666666666667,6,6,65.56578091884003,34.95,128.07
2022-07-20 18:00:00,여수,394.8833333333334,6,6,65.33052160228974,34.74,127.74
2022-07-20 18:00:00,영동,405.96666666666664,6,6,65.54796248676665,37.18,128.46
2022-07-20 18:00:00,영흥,237.61666666666667,6,6,63.95857397738488,37.26,126.46
2022-07-20 18:00:00,예천,390.1166666666666,6,6,65.62376210057757,36.65,128.46
2022-07-20 18:00:00,창원,423.06666666666666,6,6,65.93749607817095,35.21,128.58
2022-07-20 18:00:00,탑선,331.23333333333335,6,6,64.5032870742769,35.24,126.81
2022-07-20 19:00:00,경상대,265.5,5,6,77.51023547023392,35.18,128.1
2022-07-20 19:00:00,고흥만수상,150.12,5,6,77.05328104514322,34.57,127.3
2022-07-20 19:00:00,광양항세방,167.6,5,6,77.27513009416751,34.93,127.71
2022-07-20 19:00:00,구미,179.40000000000003,5,6,77.42676175069657,36.13,128.34
2022-07-20 19:00:00,삼천포,243.9,5,6,77.55238015955756,34.95,128.07
2022-07-20 19:00:00,여수,172.44,5,6,77.3525615863768,34.74,127.74
2022-07-20 19:00:00,영동,198.61999999999998,5,6,77.22229065914547,37.18,128.46
2022-07-20 19:00:00,영흥,128.7,6,6,75.66791301501736,37.26,126.46
2022-07-20 19:00:00,예천,230.16,5,6,77.37190439703363,36.65,128.46
2022-07-20 19:00:00,창원,242.04000000000002,5,6,77.87733170630644,35.21,128.58
2022-07-20 19:00:00,탑선,182.94,5,6,76.48148252726824,35.24,126.81
2022-07-20 20:00:00,경상대,,0,6,88.98130940507608,35.18,128.1
2022-07-20 20:00:00,고흥만수상,,0,6,88.63717615082409,34.57,127.3
2022-07-20 20:00:00,광양항세방,,0,6,88.79523593101086,34.93,127.71
2022-07-20 20:00:00,구미,,0,6,88.76000742227009,36.13,128.34
2022-07-20 20:00:00,삼천포,,0,6,89.05519956101455,34.95,128.07
2022-07-20 20:00:00,여수,,0,6,88.89650063736035,34.74,127.74
2022-07-20 20:00:00,영동,,0,6,88.40566974246266,37.18,128.46
2022-07-20 20:00:00,영흥,,0,6,86.9212824672612,37.26,126.46
2022-07-20 20:00:00,예천,,0,6,88.62885821024311,36.65,128.46
2022-07-20 20:00:00,창원,,0,6,89.32458100825356,35.21,128.58
2022-07-20 20:00:00,탑선,,0,6,87.99643268196522,35.24,126.81
2022-07-20 21:00:00,경상대,,0,6,99.67817763359035,35.18,128.1
2022-07-20 21:00:00,고흥만수상,,0,6,99.46834207458879,34.57,127.3
2022-07-20 21:00:00,광양항세방,,0,6,99.55134740420263,34.93,127.71
2022-07-20 21:00:00,구미,,0,6,99.3086274893918,36.13,128.34
2022-07-20 21:00:00,삼천포,,0,6,99.78582004897966,34.95,128.07
2022-07-20 21:00:00,여수,,0,6,99.67690292884755,34.74,127.74
2022-07-20 21:00:00,영동,,0,6,98.79719936833567,37.18,128.46
2022-07-20 21:00:00,영흥,,0,6,97.42781474127463,37.26,126.46
2022-07-20 21:00:00,예천,,0,6,99.09608179960969,36.65,128.46
2022-07-20 21:00:00,창원,,0,6,99.98653490407342,35.21,128.58
2022-07-20 21:00:00,탑선,,0,6,98.76559950617967,35.24,126.81
2022-07-20 22:00:00,경상대,,0,6,109.19286203407336,35.18,128.1
2022-07-20 22:00:00,고흥만수상,,0,6,109.14664584308194,34.57,127.3
2022-07-20 22:00:00,광양항세방,,0,6,109.13926736303299,34.93,127.71
2022-07-20 22:00:00,구미,,0,6,108.66279079893467,36.13,128.34
2022-07-20 22:00:00,삼천포,,0,6,109.33650124585435,34.95,128.07
2022-07-20 22:00:00,여수,,0,6,109.28927036428436,34.74,127.74
2022-07-20 22:00:00,영동,,0,6,107.98682448823584,37.18,128.46
2022-07-20 22:00:00,영흥,,0,6,106.7949973815973,37.26,126.46
2022-07-20 22:00:00,예천,,0,6,108.36302326397802,36.65,128.46
2022-07-20 22:00:00,창원,,0,6,109.45050027638595,35.21,128.58
2022-07-20 22:00:00,탑선,,0,6,108.39342312518154,35.24,126.81
2022-07-20 23:00:00,경상대,,0,6,116.94811768238523,35.18,128.1
2022-07-20 23:00:00,고흥만수상,,0,6,117.09920780718284,34.57,127.3
2022-07-20 23:00:00,광양항세방,,0,6,116.9842048187008,34.93,127.71
2022-07-20 23:00:00,구미,,0,6,116.25172461985552,36.13,128.34
2022-07-20 23:00:00,삼천포,,0,6,117.12817227590261,34.95,128.07
2022-07-20 23:00:00,여수,,0,6,117.15669182513183,34.74,127.74
2022-07-20 23:00:00,영동,,0,6,115.4131230759773,37.18,128.46
2022-07-20 23:00:00,영흥,,0,6,114.48334386914769,37.26,126.46
2022-07-20 23:00:00,예천,,0,6,115.86282075496746,36.65,128.46
2022-07-20 23:00:00,창원,,0,6,117.13366747940435,35.21,128.58
2022-07-20 23:00:00,탑선,,0,6,116.3189056904738,35.24,126.81
2022-07-21 00:00:00,경상대,,0,6,122.20432655816619,35.18,128.1
2022-07-21 00:00:00,고흥만수상,,0,6,122.57817498562926,34.57,127.3
2022-07-21 00:00:00,광양항세방,,0,6,122.34350016274954,34.93,127.71
2022-07-21 00:00:00,구미,,0,6,121.35728951238507,36.13,128.34
2022-07-21 00:00:00,삼천포,,0,6,122.41581221900523,34.95,128.07
2022-07-21 00:00:00,여수,,0,6,122.53166592171885,34.74,127.74
2022-07-21 00:00:00,영동,,0,6,120.38251356544357,37.18,128.46
2022-07-21 00:00:00,영흥,,0,6,119.81296601496395,37.26,126.46
2022-07-21 00:00:00,예천,,0,6,120.88918440771319,36.65,128.46
2022-07-21 00:00:00,창원,,0,6,122.2936556105669,35.21,128.58
2022-07-21 00:00:00,탑선,,0,6,121.81408624254125,35.24,126.81
2022-07-21 01:00:00,경상대,,0,5,124.23477208515385,35.18,128.1
2022-07-21 01:00:00,고흥만수상,,0,5,124.82624108009648,34.57,127.3
2022-07-21 01:00:00,광양항세방,,0,5,124.47712489637587,34.93,127.71
2022-07-21 01:00:00,구미,,0,5,123.28832416587713,36.13,128.34
2022-07-21 01:00:00,삼천포,,0,5,124.46422529754787,34.95,128.07
2022-07-21 01:00:00,여수,,0,5,124.66772259925312,34.74,127.74
2022-07-21 01:00:00,영동,,0,5,122.23976168147965,37.18,128.46
2022-07-21 01:00:00,영흥,,0,5,122.10931667335106,37.26,126.46
2022-07-21 01:00:00,예천,,0,5,122.76970864125153,36.65,128.46
2022-07-21 01:00:00,창원,,0,5,124.2106904767947,35.21,128.58
2022-07-21 01:00:00,탑선,,0,5,124.14050678669344,35.24,126.81
2022-07-21 02:00:00,경상대,,0,6,122.69035328662392,35.18,128.1
2022-07-21 02:00:00,고흥만수상,,0,6,123.45127982802904,34.57,127.3
2022-07-21 02:00:00,광양항세방,,0,6,123.01622492987906,34.93,127.71
2022-07-21 02:00:00,구미,,0,6,121.72299595584819,36.13,128.34
2022-07-21 02:00:00,삼천포,,0,6,122.91847115241887,34.95,128.07
2022-07-21 02:00:00,여수,,0,6,123.1930399456169,34.74,127.74
2022-07-21 02:00:00,영동,,0,6,120.68608161125198,37.18,128.46
2022-07-21 02:00:00,영흥,,0,6,121.00985174877269,37.26,126.46
2022-07-21 02:00:00,예천,,0,6,121.19628916606729,36.65,128.46
2022-07-21 02:00:00,창원,,0,6,122.5542722127211,35.21,128.58
2022-07-21 02:00:00,탑선,,0,6,122.9034417328096,35.24,126.81
2022-07-21 03:00:00,경상대,,0,6,117.84052223696268,35.18,128.1
2022-07-21 03:00:00,고흥만수상,,0,6,118.69957480901331,34.57,127.3
2022-07-21 03:00:00,광양항세방,,0,6,118.21854788150812,34.93,127.71
2022-07-21 03:00:00,구미,,0,6,116.92505282465751,36.13,128.34
2022-07-21 03:00:00,삼천포,,0,6,118.05048577419034,34.95,128.07
2022-07-21 03:00:00,여수,,0,6,118.36951103566386,34.74,127.74
2022-07-21 03:00:00,영동,,0,6,115.97368868009553,37.18,128.46
2022-07-21 03:00:00,영흥,,0,6,116.69440872055904,37.26,126.46
2022-07-21 03:00:00,예천,,0,6,116.42908314988459,36.65,128.46
2022-07-21 03:00:00,창원,,0,6,117.61220464609056,35.21,128.58
2022-07-21 03:00:00,탑선,,0,6,118.31980811625226,35.24,126.81
2022-07-21 04:00:00,경상대,,0,6,110.38369362663263,35.18,128.1
2022-07-21 04:00:00,고흥만수상,,0,6,111.27811800759653,34.57,127.3
2022-07-21 04:00:00,광양항세방,,0,6,110.78510676299817,34.93,127.71
2022-07-21 04:00:00,구미,,0,6,109.56403120501386,36.13,128.34
2022-07-21 04:00:00,삼천포,,0,6,110.56631903987265,34.95,128.07
2022-07-21 04:00:00,여수,,0,6,110.90539367211292,34.74,127.74
2022-07-21 04:00:00,영동,,0,6,108.73961887946739,37.18,128.46
2022-07-21 04:00:00,영흥,,0,6,109.7653782897773,37.26,126.46
2022-07-21 04:00:00,예천,,0,6,109.12220890887149,36.65,128.46
2022-07-21 04:00:00,창원,,0,6,110.0890926389796,35.21,128.58
2022-07-21 04:00:00,탑선,,0,6,111.06439641904788,35.24,126.81
2022-07-21 05:00:00,경상대,,0,6,101.0734164068001,35.18,128.1
2022-07-21 05:00:00,고흥만수상,,0,6,101.96164916718594,34.57,127.3
2022-07-21 05:00:00,광양항세방,,0,6,101.47841300084546,34.93,127.71
2022-07-21 05:00:00,구미,,0,6,100.3673014674394,36.13,128.34
2022-07-21 05:00:00,삼천포,,0,6,101.22583251721865,34.95,128.07
2022-07-21 05:00:00,여수,,0,6,101.56819098183838,34.74,127.74
2022-07-21 05:00:00,영동,,0,6,99.68400824095856,37.18,128.46
2022-07-21 05:00:00,영흥,,0,6,100.92745862478185,37.26,126.46
2022-07-21 05:00:00,예천,,0,6,99.98915618819409,36.65,128.46
2022-07-21 05:00:00,창원,,0,6,100.73481266114848,35.21,128.58
2022-07-21 05:00:00,탑선,,0,6,101.89579985400061,35.24,126.81
2022-07-21 06:00:00,경상대,,0,6,90.51242304985529,35.18,128.1
2022-07-21 06:00:00,고흥만수상,,0,6,91.36993678365418,34.57,127.3
2022-07-21 06:00:00,광양항세방,,0,6,90.90885796735499,34.93,127.71
2022-07-21 06:00:00,구미,,0,6,89.9240212236967,36.13,128.34
2022-07-21 06:00:00,삼천포,,0,6,90.63472922957963,34.95,128.07
2022-07-21 06:00:00,여수,,0,6,90.97012161121756,34.74,127.74
2022-07-21 06:00:00,영동,,0,6,89.3827941004174,37.18,128.46
2022-07-21 06:00:00,영흥,,0,6,90.77632395175146,37.26,126.46
2022-07-21 06:00:00,예천,,0,6,89.61186944822408,36.65,128.46
2022-07-21 06:00:00,창원,,0,6,90.14591668753043,35.21,128.58
2022-07-21 06:00:00,탑선,,0,6,91.4316630654983,35.24,126.81
2022-07-21 07:00:00,경상대,60.76666666666667,3,6,79.12984074491024,35.18,128.1
2022-07-21 07:00:00,고흥만수상,145.63333333333333,3,6,79.94132107520227,34.57,127.3
2022-07-21 07:00:00,광양항세방,83.73333333333333,3,6,79.50993424463327,34.93,127.71
2022-07-21 07:00:00,구미,98.33333333333333,3,6,78.6596880662643,36.13,128.34
2022-07-21 07:00:00,삼천포,145.5666666666667,3,6,79.22271686539568,34.95,128.07
2022-07-21 07:00:00,여수,89.43333333333332,3,6,79.54460501301281,34.74,127.74
2022-07-21 07:00:00,영동,108.16666666666667,3,6,78.25876628338612,37.18,128.46
2022-07-21 07:00:00,영흥,92.66666666666667,3,6,79.7533981805853,37.26,126.46
2022-07-21 07:00:00,예천,148.0666666666667,3,6,78.413953718807,36.65,128.46
2022-07-21 07:00:00,창원,39.666666666666664,3,6,78.74659512782097,35.21,128.58
2022-07-21 07:00:00,탑선,140.85,2,6,80.11445424291067,35.24,126.81
2022-07-21 08:00:00,경상대,135.85,6,6,67.22885534164388,35.18,128.1
2022-07-21 08:00:00,고흥만수상,222.7833333333333,6,6,67.98178144490001,34.57,127.3
2022-07-21 08:00:00,광양항세방,222.83333333333334,6,6,67.58633633297893,34.93,127.71
2022-07-21 08:00:00,구미,342.1333333333334,6,6,66.87995556327427,36.13,128.34
2022-07-21 08:00:00,삼천포,265.7166666666667,6,6,67.29220554122826,34.95,128.07
2022-07-21 08:00:00,여수,248.33333333333334,6,6,67.5953481910449,34.74,127.74
2022-07-21 08:00:00,영동,128.83333333333334,6,6,66.62118303466102,37.18,128.46
2022-07-21 08:00:00,영흥,162.5,6,6,68.18027105652745,37.26,126.46
2022-07-21 08:00:00,예천,110.86666666666667,6,6,66.70249559857137,36.65,128.46
2022-07-21 08:00:00,창원,95.61666666666667,6,6,66.83709512805314,35.21,128.58
2022-07-21 08:00:00,탑선,136.13333333333335,6,6,68.25613491680139,35.24,126.81
2022-07-21 09:00:00,경상대,326.6166666666667,6,6,55.045326549591344,35.18,128.1
2022-07-21 09:00:00,고흥만수상,461.98333333333335,6,6,55.72431880456807,34.57,127.3
2022-07-21 09:00:00,광양항세방,427.1000000000001,6,6,55.37285408283208,34.93,127.71
2022-07-21 09:00:00,구미,307.9166666666667,6,6,54.828146525746305,36.13,128.34
2022-07-21 09:00:00,삼천포,420.4166666666667,6,6,55.07721395941919,34.95,128.07
2022-07-21 09:00:00,여수,470.31666666666666,6,6,55.355503510991774,34.74,127.74
2022-07-21 09:00:00,영동,204.20000000000002,6,6,54.72213051105895,37.18,128.46
2022-07-21 09:00:00,영흥,257.5166666666667,6,6,56.31368778301612,37.26,126.46
2022-07-21 09:00:00,예천,168.28333333333333,6,6,54.725024530157256,36.65,128.46
2022-07-21 09:00:00,창원,216.73333333333335,6,6,54.65238030404036,35.21,128.58
2022-07-21 09:00:00,탑선,194.23333333333335,6,6,56.09646072906181,35.24,126.81
2022-07-21 10:00:00,경상대,576.8666666666667,6,6,42.815957433008066,35.18,128.1
2022-07-21 10:00:00,고흥만수상,642.0333333333333,6,6,43.39445843418322,34.57,127.3
2022-07-21 10:00:00,광양항세방,647.65,6,6,43.1013078351904,34.93,127.71
2022-07-21 10:00:00,구미,328.9166666666667,6,6,42.75627350483946,36.13,128.34
2022-07-21 10:00:00,삼천포,636.9333333333333,6,6,42.81090279009824,34.95,128.07
2022-07-21 10:00:00,여수,656.8666666666667,6,6,43.054179595110305,34.74,127.74
2022-07-21 10:00:00,영동,238.31666666666663,6,6,42.830394211022536,37.18,128.46
2022-07-21 10:00:00,영흥,456.05,6,6,44.415428293844855,37.26,126.46
2022-07-21 10:00:00,예천,215.88333333333333,6,6,42.742086548608846,36.65,128.46
2022-07-21 10:00:00,창원,498.8500000000001,6,6,42.431194434657336,35.21,128.58
2022-07-21 10:00:00,탑선,138.63333333333333,6,6,43.869339962752385,35.24,126.81
2022-07-21 11:00:00,경상대,603.6333333333333,6,6,30.91458698733529,35.18,128.1
2022-07-21 11:00:00,고흥만수상,747.5333333333333,6,6,31.33403588676535,34.57,127.3
2022-07-21 11:00:00,광양항세방,820.35,6,6,31.131050920527095,34.93,127.71
2022-07-21 11:00:00,구미,407.4166666666667,6,6,31.071954356479893,36.13,128.34
2022-07-21 11:00:00,삼천포,665.7666666666665,6,6,30.859486686717723,34.95,128.07
2022-07-21 11:00:00,여수,740.3166666666666,6,6,31.045479010878033,34.74,127.74
2022-07-21 11:00:00,영동,160.4,6,6,31.38785708373228,37.18,128.46
2022-07-21 11:00:00,영흥,229.5,6,6,32.88991871263727,37.26,126.46
2022-07-21 11:00:00,예천,180.95000000000002,6,6,31.17961728805578,36.65,128.46
2022-07-21 11:00:00,창원,709.75,6,6,30.55722685409087,35.21,128.58
2022-07-21 11:00:00,탑선,127.14999999999999,6,6,31.928404240118674,35.24,126.81
2022-07-21 12:00:00,경상대,791.8833333333333,6,6,20.344107930163716,35.18,128.1
2022-07-21 12:00:00,고흥만수상,423.9166666666667,6,6,20.445853691093276,34.57,127.3
2022-07-21 12:00:00,광양항세방,706.1166666666667,6,6,20.41857841261566,34.93,127.71
2022-07-21 12:00:00,구미,274.8666666666666,6,6,20.851994817972397,36.13,128.34
2022-07-21 12:00:00,삼천포,671.4833333333333,6,6,20.209300070287085,34.95,128.07
2022-07-21 12:00:00,여수,862.5333333333334,6,6,20.276359160868708,34.74,127.74
2022-07-21 12:00:00,영동,174.45000000000002,6,6,21.532409660647332,37.18,128.46
2022-07-21 12:00:00,영흥,400.75,6,6,22.723278826891516,37.26,126.46
2022-07-21 12:00:00,예천,188.3166666666667,6,6,21.150998271572917,36.65,128.46
2022-07-21 12:00:00,창원,826.5833333333334,6,6,20.075317720360687,35.21,128.58
2022-07-21 12:00:00,탑선,167.20000000000002,6,6,21.181491120003002,35.24,126.81
2022-07-21 13:00:00,경상대,616.1666666666666,6,6,14.723932098505017,35.18,128.1
2022-07-21 13:00:00,고흥만수상,409.09999999999997,6,6,14.177360797846603,34.57,127.3
2022-07-21 13:00:00,광양항세방,468.1333333333334,6,6,14.499628786934196,34.93,127.71
2022-07-21 13:00:00,구미,560.1333333333333,6,6,15.661644707162452,36.13,128.34
2022-07-21 13:00:00,삼천포,573.2833333333333,6,6,14.496061314051133,34.95,128.07
2022-07-21 13:00:00,여수,745.3666666666668,6,6,14.308168664556803,34.74,127.74
2022-07-21 13:00:00,영동,261.4166666666667,6,6,16.70675829262403,37.18,128.46
2022-07-21 13:00:00,영흥,549.4666666666666,6,6,16.934695173183883,37.26,126.46
2022-07-21 13:00:00,예천,212.41666666666666,6,6,16.177110249467745,36.65,128.46
2022-07-21 13:00:00,창원,933.8833333333332,6,6,14.734483058736828,35.21,128.58
2022-07-21 13:00:00,탑선,116.28333333333335,6,6,14.895078889256595,35.24,126.81
2022-07-21 14:00:00,경상대,667.7666666666668,6,6,19.173120196341486,35.18,128.1
2022-07-21 14:00:00,고흥만수상,532.5333333333333,6,6,18.279049458757598,34.57,127.3
2022-07-21 14:00:00,광양항세방,782.8833333333333,6,6,18.772104384939468,34.93,127.71
2022-07-21 14:00:00,구미,577.3,6,6,20.001348308006115,36.13,128.34
2022-07-21 14:00:00,삼천포,497.4666666666667,6,6,18.99010176221057,34.95,128.07
2022-07-21 14:00:00,여수,864.7166666666667,6,6,18.65104350962551,34.74,127.74
2022-07-21 14:00:00,영동,285.3333333333333,6,6,20.85146022821793,37.18,128.46
2022-07-21 14:00:00,영흥,665.4,6,6,19.92517312852837,37.26,126.46
2022-07-21 14:00:00,예천,298.4,6,6,20.452533118745507,36.65,128.46
2022-07-21 14:00:00,창원,867.0666666666667,6,6,19.467704230202017,35.21,128.58
2022-07-21 14:00:00,탑선,230.76666666666665,6,6,18.51195392692931,35.24,126.81
2022-07-21 15:00:00,경상대,900.0999999999999,6,6,29.394599470537628,35.18,128.1
2022-07-21 15:00:00,고흥만수상,226.66666666666666,6,6,28.556096863992806,34.57,127.3
2022-07-21 15:00:00,광양항세방,713.8333333333334,6,6,29.00429255673938,34.93,127.71
2022-07-21 15:00:00,구미,436.4666666666667,6,6,29.944594756655633,36.13,128.34
2022-07-21 15:00:00,삼천포,660.2833333333334,6,6,29.285169055018194,34.95,128.07
2022-07-21 15:00:00,여수,792.7166666666667,6,6,28.955414780044343,34.74,127.74
2022-07-21 15:00:00,영동,273.58333333333337,6,6,30.464943153579895,37.18,128.46
2022-07-21 15:00:00,영흥,524.7833333333334,6,6,29.073348688562767,37.26,126.46
2022-07-21 15:00:00,예천,235.23333333333335,6,6,30.243726687360855,36.65,128.46
2022-07-21 15:00:00,창원,733.7833333333333,6,6,29.769398693394194,35.21,128.58
2022-07-21 15:00:00,탑선,122.11666666666666,6,6,28.448674175248087,35.24,126.81
2022-07-21 16:00:00,경상대,764.0166666666665,6,6,41.207055127856556,35.18,128.1
2022-07-21 16:00:00,고흥만수상,259.1,6,6,40.46417559247123,34.57,127.3
2022-07-21 16:00:00,광양항세방,417.26666666666665,6,6,40.85272899136399,34.93,127.71
2022-07-21 16:00:00,구미,460.31666666666666,6,6,41.554810113756844,36.13,128.34
2022-07-21 16:00:00,삼천포,584.5333333333333,6,6,41.147414110747604,34.95,128.07
2022-07-21 16:00:00,여수,532.55,6,6,40.84784549851881,34.74,127.74
2022-07-21 16:00:00,영동,217.7166666666667,6,6,41.83887580405585,37.18,128.46
2022-07-21 16:00:00,영흥,476.90000000000003,6,6,40.29592517213102,37.26,126.46
2022-07-21 16:00:00,예천,286.96666666666664,6,6,41.74109016805147,36.65,128.46
2022-07-21 16:00:00,창원,622.35,6,6,41.59928693716708,35.21,128.58
2022-07-21 16:00:00,탑선,115.75,6,6,40.1772899067269,35.24,126.81
2022-07-21 17:00:00,경상대,633.55,6,6,53.42693278016824,35.18,128.1
2022-07-21 17:00:00,고흥만수상,491.0,6,6,52.77630695057235,34.57,127.3
2022-07-21 17:00:00,광양항세방,267.73333333333335,6,6,53.10992853501385,34.93,127.71
2022-07-21 17:00:00,구미,378.0833333333333,6,6,53.61779627956372,36.13,128.34
2022-07-21 17:00:00,삼천포,420.68333333333334,6,6,53.404824348700906,34.95,128.07
2022-07-21 17:00:00,여수,487.03333333333336,6,6,53.13646508566913,34.74,127.74
2022-07-21 17:00:00,영동,236.0,6,6,53.72105077654994,37.18,128.46
2022-07-21 17:00:00,영흥,534.8666666666667,6,6,52.13079057588307,37.26,126.46
2022-07-21 17:00:00,예천,206.08333333333334,6,6,53.71608973627497,36.65,128.46
2022-07-21 17:00:00,창원,568.6999999999999,6,6,53.818825452505756,35.21,128.58
2022-07-21 17:00:00,탑선,229.8166666666667,6,6,52.372783853581446,35.24,126.81
2022-07-21 18:00:00,경상대,375.2833333333333,6,6,65.64071350249525,35.18,128.1
2022-07-21 18:00:00,고흥만수상,390.70000000000005,6,6,65.0824044839282,34.57,127.3
2022-07-21 18:00:00,광양항세방,155.6,6,6,65.3623095154069,34.93,127.71
2022-07-21 18:00:00,구미,139.36666666666667,6,6,65.69362317597667,36.13,128.34
2022-07-21 18:00:00,삼천포,404.9166666666667,6,6,65.651093061041,34.95,128.07
2022-07-21 18:00:00,여수,294.73333333333335,6,6,65.41501531658295,34.74,127.74
2022-07-21 18:00:00,영동,200.36666666666667,6,6,65.64058557538428,37.18,128.46
2022-07-21 18:00:00,영흥,377.34999999999997,6,6,64.05078736252185,37.26,126.46
2022-07-21 18:00:00,예천,235.85000000000002,6,6,65.71469731434695,36.65,128.46
2022-07-21 18:00:00,창원,449.0833333333333,6,6,66.02385961981653,35.21,128.58
2022-07-21 18:00:00,탑선,166.23333333333332,6,6,64.58904759272586,35.24,126.81
2022-07-21 19:00:00,경상대,218.84,5,6,77.60479549817049,35.18,128.1
2022-07-21 19:00:00,고흥만수상,199.57999999999998,5,6,77.14553696415561,34.57,127.3
2022-07-21 19:00:00,광양항세방,170.90000000000003,5,6,77.36870524646753,34.93,127.71
2022-07-21 19:00:00,구미,160.8,5,6,77.5241856744687,36.13,128.34
2022-07-21 19:00:00,삼천포,249.04000000000002,5,6,77.6462619827687,34.95,128.07
2022-07-21 19:00:00,여수,130.76,5,6,77.44561191812134,34.74,127.74
2022-07-21 19:00:00,영동,108.52000000000001,5,6,77.32275049689726,37.18,128.46
2022-07-21 19:00:00,영흥,178.75,6,6,75.76733510509357,37.26,126.46
2022-07-21 19:00:00,예천,70.84,5,6,77.47087582224022,36.65,128.46
2022-07-21 19:00:00,창원,231.92,5,6,77.97231069264078,35.21,128.58
2022-07-21 19:00:00,탑선,173.84,5,6,76.57533921081,35.24,126.81
2022-07-21 20:00:00,경상대,,0,6,89.08838465506737,35.18,128.1
2022-07-21 20:00:00,고흥만수상,,0,6,88.74194338015904,34.57,127.3
2022-07-21 20:00:00,광양항세방,,0,6,88.90130894954085,34.93,127.71
2022-07-21 20:00:00,구미,,0,6,88.86969194572092,36.13,128.34
2022-07-21 20:00:00,삼천포,,0,6,89.16166485321436,34.95,128.07
2022-07-21 20:00:00,여수,,0,6,89.00211910029113,34.74,127.74
2022-07-21 20:00:00,영동,,0,6,88.51806712082447,37.18,128.46
2022-07-21 20:00:00,영흥,,0,6,87.03209801253868,37.26,126.46
2022-07-21 20:00:00,예천,,0,6,88.73994633696726,36.65,128.46
2022-07-21 20:00:00,창원,,0,6,89.43218810716519,35.21,128.58
2022-07-21 20:00:00,탑선,,0,6,88.10245332238675,35.24,126.81
2022-07-21 21:00:00,경상대,,0,6,99.80149450921495,35.18,128.1
2022-07-21 21:00:00,고흥만수상,,0,6,99.58937487161631,34.57,127.3
2022-07-21 21:00:00,광양항세방,,0,6,99.67365798054483,34.93,127.71
2022-07-21 21:00:00,구미,,0,6,99.43426627019062,36.13,128.34
2022-07-21 21:00:00,삼천포,,0,6,99.90860190923489,34.95,128.07
2022-07-21 21:00:00,여수,,0,6,99.79883331949019,34.74,127.74
2022-07-21 21:00:00,영동,,0,6,98.92519034307223,37.18,128.46
2022-07-21 21:00:00,영흥,,0,6,97.55373439668989,37.26,126.46
2022-07-21 21:00:00,예천,,0,6,99.22296059312916,36.65,128.46
2022-07-21 21:00:00,창원,,0,6,100.11048671283284,35.21,128.58
2022-07-21 21:00:00,탑선,,0,6,98.88753242111392,35.24,126.81
2022-07-21 22:00:00,경상대,,0,6,109.33564506880192,35.18,128.1
2022-07-21 22:00:00,고흥만수상,,0,6,109.28727948114371,34.57,127.3
2022-07-21 22:00:00,광양항세방,,0,6,109.28108985566604,34.93,127.71
2022-07-21 22:00:00,구미,,0,6,108.80748965827821,36.13,128.34
2022-07-21 22:00:00,삼천포,,0,6,109.47885122149836,34.95,128.07
2022-07-21 22:00:00,여수,,0,6,109.4308059439604,34.74,127.74
2022-07-21 22:00:00,영동,,0,6,108.13339369475366,37.18,128.46
2022-07-21 22:00:00,영흥,,0,6,106.93913028103341,37.26,126.46
2022-07-21 22:00:00,예천,,0,6,108.50873419527741,36.65,128.46
2022-07-21 22:00:00,창원,,0,6,109.5939887555981,35.21,128.58
2022-07-21 22:00:00,탑선,,0,6,108.53455950944715,35.24,126.81
2022-07-21 23:00:00,경상대,,0,6,117.11191012255976,35.18,128.1
2022-07-21 23:00:00,고흥만수상,,0,6,117.26122393409413,34.57,127.3
2022-07-21 23:00:00,광양항세방,,0,6,117.14719149989965,34.93,127.71
2022-07-21 23:00:00,구미,,0,6,116.41683772179952,36.13,128.34
2022-07-21 23:00:00,삼천포,,0,6,117.29167568727112,34.95,128.07
2022-07-21 23:00:00,여수,,0,6,117.31951036381645,34.74,127.74
2022-07-21 23:00:00,영동,,0,6,115.57945259549449,37.18,128.46
2022-07-21 23:00:00,영흥,,0,6,114.64720506138602,37.26,126.46
2022-07-21 23:00:00,예천,,0,6,116.02862034641151,36.65,128.46
2022-07-21 23:00:00,창원,,0,6,117.29814380095465,35.21,128.58
2022-07-21 23:00:00,탑선,,0,6,116.48100178066237,35.24,126.81
2022-07-22 00:00:00,경상대,,0,6,122.38665056560677,35.18,128.1
2022-07-22 00:00:00,고흥만수상,,0,6,122.75941970665954,34.57,127.3
2022-07-22 00:00:00,광양항세방,,0,6,122.52532649354191,34.93,127.71
2022-07-22 00:00:00,구미,,0,6,121.54021235994276,36.13,128.34
2022-07-22 00:00:00,삼천포,,0,6,122.59801464898383,34.95,128.07
2022-07-22 00:00:00,여수,,0,6,122.71344432258526,34.74,127.74
2022-07-22 00:00:00,영동,,0,6,120.5659279318505,37.18,128.46
2022-07-22 00:00:00,영흥,,0,6,119.99451689704,37.26,126.46
2022-07-22 00:00:00,예천,,0,6,121.07241044968609,36.65,128.46
2022-07-22 00:00:00,창원,,0,6,122.47646851041938,35.21,128.58
2022-07-22 00:00:00,탑선,,0,6,121.99511028098561,35.24,126.81
2022-07-22 01:00:00,경상대,,0,5,124.42717090972567,35.18,128.1
2022-07-22 01:00:00,고흥만수상,,0,5,125.01840759137374,34.57,127.3
2022-07-22 01:00:00,광양항세방,,0,5,124.66941664767587,34.93,127.71
2022-07-22 01:00:00,구미,,0,5,123.48078744037929,36.13,128.34
2022-07-22 01:00:00,삼천포,,0,5,124.65661484823389,34.95,128.07
2022-07-22 01:00:00,여수,,0,5,124.86002098377912,34.74,127.74
2022-07-22 01:00:00,영동,,0,5,122.43225687688698,37.18,128.46
2022-07-22 01:00:00,영흥,,0,5,122.30126243189684,37.26,126.46
2022-07-22 01:00:00,예천,,0,5,122.96220189065495,36.65,128.46
2022-07-22 01:00:00,창원,,0,5,124.40320626042984,35.21,128.58
2022-07-22 01:00:00,탑선,,0,5,124.3325274182868,35.24,126.81
2022-07-22 02:00:00,경상대,,0,6,122.8805099526403,35.18,128.1
2022-07-22 02:00:00,고흥만수상,,0,6,123.64176433818787,34.57,127.3
2022-07-22 02:00:00,광양항세방,,0,6,123.2065507322636,34.93,127.71
2022-07-22 02:00:00,구미,,0,6,121.91320122678974,36.13,128.34
2022-07-22 02:00:00,삼천포,,0,6,123.10860048141575,34.95,128.07
2022-07-22 02:00:00,여수,,0,6,123.38331430378244,34.74,127.74
2022-07-22 02:00:00,영동,,0,6,120.87641826806359,37.18,128.46
2022-07-22 02:00:00,영흥,,0,6,121.20114655896822,37.26,126.46
2022-07-22 02:00:00,예천,,0,6,121.38652785846702,36.65,128.46
2022-07-22 02:00:00,창원,,0,6,122.74416147394473,35.21,128.58
2022-07-22 02:00:00,탑선,,0,6,123.09428940374374,35.24,126.81
2022-07-22 03:00:00,경상대,,0,6,118.0182278195929,35.18,128.1
2022-07-22 03:00:00,고흥만수상,,0,6,118.87766303489664,34.57,127.3
2022-07-22 03:00:00,광양항세방,,0,6,118.39647406414797,34.93,127.71
2022-07-22 03:00:00,구미,,0,6,117.1032371046453,36.13,128.34
2022-07-22 03:00:00,삼천포,,0,6,118.22804412580777,34.95,128.07
2022-07-22 03:00:00,여수,,0,6,118.547258904728,34.74,127.74
2022-07-22 03:00:00,영동,,0,6,116.15253484582342,37.18,128.46
2022-07-22 03:00:00,영흥,,0,6,116.87522874097337,37.26,126.46
2022-07-22 03:00:00,예천,,0,6,116.60753723007677,36.65,128.46
2022-07-22 03:00:00,창원,,0,6,117.78942384489478,35.21,128.58
2022-07-22 03:00:00,탑선,,0,6,118.49890542157654,35.24,126.81
2022-07-22 04:00:00,경상대,,0,6,110.54434057081087,35.18,128.1
2022-07-22 04:00:00,고흥만수상,,0,6,111.43887040669715,34.57,127.3
2022-07-22 04:00:00,광양항세방,,0,6,110.94586842313802,34.93,127.71
2022-07-22 04:00:00,구미,,0,6,109.7257142213874,36.13,128.34
2022-07-22 04:00:00,삼천포,,0,6,110.72667878928458,34.95,128.07
2022-07-22 04:00:00,여수,,0,6,111.06585349004249,34.74,127.74
2022-07-22 04:00:00,영동,,0,6,108.90258718592622,37.18,128.46
2022-07-22 04:00:00,영흥,,0,6,109.93066619752354,37.26,126.46
2022-07-22 04:00:00,예천,,0,6,109.28446415707558,36.65,128.46
2022-07-22 04:00:00,창원,,0,6,110.24921342825021,35.21,128.58
2022-07-22 04:00:00,탑선,,0,6,111.22665345389488,35.24,126.81
2022-07-22 05:00:00,경상대,,0,6,101.21694549767822,35.18,128.1
2022-07-22 05:00:00,고흥만수상,,0,6,102.1049018117837,34.57,127.3
2022-07-22 05:00:00,광양항세방,,0,6,101.62189464881735,34.93,127.71
2022-07-22 05:00:00,구미,,0,6,100.51236249715294,36.13,128.34
2022-07-22 05:00:00,삼천포,,0,6,101.36895683559318,34.95,128.07
2022-07-22 05:00:00,여수,,0,6,101.71127838274757,34.74,127.74
2022-07-22 05:00:00,영동,,0,6,99.83088825024325,37.18,128.46
2022-07-22 05:00:00,영흥,,0,6,101.07655488573047,37.26,126.46
2022-07-22 05:00:00,예천,,0,6,100.13505906012857,36.65,128.46
2022-07-22 05:00:00,창원,,0,6,100.87787754983451,35.21,128.58
2022-07-22 05:00:00,탑선,,0,6,102.04085418372564,35.24,126.81
2022-07-22 06:00:00,경상대,,0,6,90.6410499032151,35.18,128.1
2022-07-22 06:00:00,고흥만수상,,0,6,91.49789986032467,34.57,127.3
2022-07-22 06:00:00,광양항세방,,0,6,91.03726705027033,34.93,127.71
2022-07-22 06:00:00,구미,,0,6,90.05459498602288,36.13,128.34
2022-07-22 06:00:00,삼천포,,0,6,90.76285659355925,34.95,128.07
2022-07-22 06:00:00,여수,,0,6,91.09806842458023,34.74,127.74
2022-07-22 06:00:00,영동,,0,6,89.5156223954252,37.18,128.46
2022-07-22 06:00:00,영흥,,0,6,90.91105143394071,37.26,126.46
2022-07-22 06:00:00,예천,,0,6,89.74351123810568,36.65,128.46
2022-07-22 06:00:00,창원,,0,6,90.2741815202653,35.21,128.58
2022-07-22 06:00:00,탑선,,0,6,91.56159937593809,35.24,126.81
2022-07-22 07:00:00,경상대,217.86666666666667,3,6,79.2466646801819,35.18,128.1
2022-07-22 07:00:00,고흥만수상,200.0,2,6,80.05709173291413,34.57,127.3
2022-07-22 07:00:00,광양항세방,182.83333333333334,3,6,79.62636662609114,34.93,127.71
2022-07-22 07:00:00,구미,167.83333333333334,3,6,78.77884383436586,36.13,128.34
2022-07-22 07:00:00,삼천포,225.96666666666667,3,6,79.33895490591853,34.95,128.07
2022-07-22 07:00:00,여수,216.70000000000002,3,6,79.66051614810489,34.74,127.74
2022-07-22 07:00:00,영동,139.23333333333332,3,6,78.3805728105441,37.18,128.46
2022-07-22 07:00:00,영흥,95.8,3,6,79.87668993148633,37.26,126.46
2022-07-22 07:00:00,예천,74.46666666666667,3,6,78.53438691110681,36.65,128.46
2022-07-22 07:00:00,창원,225.9666666666667,3,6,78.8631750839099,35.21,128.58
2022-07-22 07:00:00,탑선,202.9,2,6,80.23232130282645,35.24,126.81
2022-07-22 08:00:00,경상대,372.11666666666673,6,6,67.33745475755269,35.18,128.1
2022-07-22 08:00:00,고흥만수상,245.53333333333333,6,6,68.08889238613054,34.57,127.3
2022-07-22 08:00:00,광양항세방,328.71666666666664,6,6,67.69434922775719,34.93,127.71
2022-07-22 08:00:00,구미,278.5,6,6,66.99130913008995,36.13,128.34
2022-07-22 08:00:00,삼천포,383.1666666666667,6,6,67.40012406043233,34.95,128.07
2022-07-22 08:00:00,여수,319.86666666666673,6,6,67.70277565017201,34.74,127.74
2022-07-22 08:00:00,영동,200.4333333333333,6,6,66.73561448842383,37.18,128.46
2022-07-22 08:00:00,영흥,247.2833333333333,6,6,68.29568938662548,37.26,126.46
2022-07-22 08:00:00,예천,190.23333333333332,6,6,66.81535454059048,36.65,128.46
2022-07-22 08:00:00,창원,385.59999999999997,6,6,66.94558640317214,35.21,128.58
2022-07-22 08:00:00,탑선,340.5166666666667,6,6,68.36546915390612,35.24,126.81
2022-07-22 09:00:00,경상대,565.4,6,6,55.150074806215734,35.18,128.1
2022-07-22 09:00:00,고흥만수상,464.78333333333336,6,6,55.82701887141446,34.57,127.3
2022-07-22 09:00:00,광양항세방,510.4666666666667,6,6,55.47676470611136,34.93,127.71
2022-07-22 09:00:00,구미,541.5333333333334,6,6,54.93618387828716,36.13,128.34
2022-07-22 09:00:00,삼천포,484.4833333333334,6,6,55.1811598723171,34.95,128.07
2022-07-22 09:00:00,여수,569.8833333333333,6,6,55.45874666039024,34.74,127.74
2022-07-22 09:00:00,영동,267.98333333333335,6,6,54.83377323532727,37.18,128.46
2022-07-22 09:00:00,영흥,299.7666666666667,6,6,56.42565673868834,37.26,126.46
2022-07-22 09:00:00,예천,288.71666666666664,6,6,54.83485185395304,36.65,128.46
2022-07-22 09:00:00,창원,582.6166666666667,6,6,54.75719780160232,35.21,128.58
2022-07-22 09:00:00,탑선,399.5333333333333,6,6,56.20154355196823,35.24,126.81
2022-07-22 10:00:00,경상대,529.3166666666666,6,6,42.92317005814051,35.18,128.1
2022-07-22 10:00:00,고흥만수상,702.4499999999999,6,6,43.49880401045245,34.57,127.3
2022-07-22 10:00:00,광양항세방,656.6333333333333,6,6,43.207313609160245,34.93,127.71
2022-07-22 10:00:00,구미,459.1166666666666,6,6,42.86750275090336,36.13,128.34
2022-07-22 10:00:00,삼천포,624.9333333333333,6,6,42.91714659562875,34.95,128.07
2022-07-22 10:00:00,여수,721.1,6,6,43.15940817006883,34.74,127.74
2022-07-22 10:00:00,영동,299.0,6,6,42.94590808376232,37.18,128.46
2022-07-22 10:00:00,영흥,543.2333333333333,6,6,44.530233077295826,37.26,126.46
2022-07-22 10:00:00,예천,407.3166666666666,6,6,42.85548208904354,36.65,128.46
2022-07-22 10:00:00,창원,639.1333333333333,6,6,42.538754470135146,35.21,128.58
2022-07-22 10:00:00,탑선,237.78333333333333,6,6,43.97625269709597,35.24,126.81
2022-07-22 11:00:00,경상대,533.1166666666667,6,6,31.035401095052684,35.18,128.1
2022-07-22 11:00:00,고흥만수상,845.7666666666665,6,6,31.45070532686527,34.57,127.3
2022-07-22 11:00:00,광양항세방,771.8833333333332,6,6,31.25007494398502,34.93,127.71
2022-07-22 11:00:00,구미,614.25,6,6,31.19767149599207,36.13,128.34
2022-07-22 11:00:00,삼천포,856.6166666666667,6,6,30.97912787690329,34.95,128.07
2022-07-22 11:00:00,여수,790.5333333333333,6,6,31.163606445061177,34.74,127.74
2022-07-22 11:00:00,영동,515.1666666666666,6,6,31.518550690062497,37.18,128.46
2022-07-22 11:00:00,영흥,684.1666666666666,6,6,33.01802854595513,37.26,126.46
2022-07-22 11:00:00,예천,142.54999999999998,6,6,31.30792263237751,36.65,128.46
2022-07-22 11:00:00,창원,726.7166666666667,6,6,30.678904668621747,35.21,128.58
2022-07-22 11:00:00,탑선,308.78333333333336,6,6,32.04768829000375,35.24,126.81
2022-07-22 12:00:00,경상대,557.0500000000001,6,6,20.499944609114564,35.18,128.1
2022-07-22 12:00:00,고흥만수상,887.3833333333332,6,6,20.596287705561522,34.57,127.3
2022-07-22 12:00:00,광양항세방,818.2833333333333,6,6,20.572031669142618,34.93,127.71
2022-07-22 12:00:00,구미,508.29999999999995,6,6,21.012517319478064,36.13,128.34
2022-07-22 12:00:00,삼천포,871.6166666666667,6,6,20.36401798362718,34.95,128.07
2022-07-22 12:00:00,여수,772.7833333333333,6,6,20.429033574973715,34.74,127.74
2022-07-22 12:00:00,영동,465.59999999999997,6,6,21.69712997627032,37.18,128.46
2022-07-22 12:00:00,영흥,569.3833333333333,6,6,22.88262423084089,37.26,126.46
2022-07-22 12:00:00,예천,492.23333333333335,6,6,21.313844750828153,36.65,128.46
2022-07-22 12:00:00,창원,824.9499999999999,6,6,20.232850940939755,35.21,128.58
2022-07-22 12:00:00,탑선,416.6666666666667,6,6,21.333508908180846,35.24,126.81
2022-07-22 13:00:00,경상대,623.15,6,6,14.919716024247663,35.18,128.1
2022-07-22 13:00:00,고흥만수상,884.2333333333332,6,6,14.372876392844347,34.57,127.3
2022-07-22 13:00:00,광양항세방,788.9000000000001,6,6,14.69534578350141,34.93,127.71
2022-07-22 13:00:00,구미,708.1833333333333,6,6,15.857412282095794,36.13,128.34
2022-07-22 13:00:00,삼천포,870.0500000000001,6,6,14.69184284865662,34.95,128.07
2022-07-22 13:00:00,여수,819.0333333333333,6,6,14.503888254134253,34.74,127.74
2022-07-22 13:00:00,영동,722.1,6,6,16.90249568855208,37.18,128.46
2022-07-22 13:00:00,영흥,671.8166666666667,6,6,17.12996295341962,37.26,126.46
2022-07-22 13:00:00,예천,843.4333333333334,6,6,16.372852790429008,36.65,128.46
2022-07-22 13:00:00,창원,617.6500000000001,6,6,14.930212907160623,35.21,128.58
2022-07-22 13:00:00,탑선,690.9333333333334,6,6,15.09033067203994,35.24,126.81
2022-07-22 14:00:00,경상대,782.65,6,6,19.323611484502194,35.18,128.1
2022-07-22 14:00:00,고흥만수상,376.0333333333333,6,6,18.429965728451407,34.57,127.3
2022-07-22 14:00:00,광양항세방,806.4,6,6,18.923008177958394,34.93,127.71
2022-07-22 14:00:00,구미,809.7166666666666,6,6,20.155059054606895,36.13,128.34
2022-07-22 14:00:00,삼천포,833.4166666666666,6,6,19.13964793592993,34.95,128.07
2022-07-22 14:00:00,여수,693.5,6,6,18.800938390696004,34.74,127.74
2022-07-22 14:00:00,영동,638.9833333333332,6,6,21.008863231996585,37.18,128.46
2022-07-22 14:00:00,영흥,842.0500000000001,6,6,20.089825524261556,37.26,126.46
2022-07-22 14:00:00,예천,855.9,6,6,20.607909554334825,36.65,128.46
2022-07-22 14:00:00,창원,599.6666666666666,6,6,19.616453484515148,35.21,128.58
2022-07-22 14:00:00,탑선,795.4166666666666,6,6,18.667875454224898,35.24,126.81
2022-07-22 15:00:00,경상대,840.3166666666666,6,6,29.502411248824295,35.18,128.1
2022-07-22 15:00:00,고흥만수상,275.65000000000003,6,6,28.66205287969646,34.57,127.3
2022-07-22 15:00:00,광양항세방,788.5833333333334,6,6,29.11146610099503,34.93,127.71
2022-07-22 15:00:00,구미,510.31666666666666,6,6,30.056965566870446,36.13,128.34
2022-07-22 15:00:00,삼천포,893.4333333333334,6,6,29.391791501922683,34.95,128.07
2022-07-22 15:00:00,여수,565.4,6,6,29.061491522255366,34.74,127.74
2022-07-22 15:00:00,영동,654.1833333333333,6,6,30.582359147970173,37.18,128.46
2022-07-22 15:00:00,영흥,645.8000000000001,6,6,29.195038865079702,37.26,126.46
2022-07-22 15:00:00,예천,622.1,6,6,30.35851861172597,36.65,128.46
2022-07-22 15:00:00,창원,528.9666666666667,6,6,29.876511058949298,35.21,128.58
2022-07-22 15:00:00,탑선,794.4000000000001,6,6,28.559256714483126,35.24,126.81
2022-07-22 16:00:00,경상대,716.9666666666667,6,6,41.298116225044744,35.18,128.1
2022-07-22 16:00:00,고흥만수상,746.2000000000002,6,6,40.552910451017155,34.57,127.3
2022-07-22 16:00:00,광양항세방,486.34999999999997,6,6,40.94288066778248,34.93,127.71
2022-07-22 16:00:00,구미,462.29999999999995,6,6,41.64999909683392,36.13,128.34
2022-07-22 16:00:00,삼천포,780.8333333333334,6,6,41.23744368697767,34.95,128.07
2022-07-22 16:00:00,여수,625.5833333333334,6,6,40.93710463665507,34.74,127.74
2022-07-22 16:00:00,영동,272.98333333333335,6,6,41.93860299110333,37.18,128.46
2022-07-22 16:00:00,영흥,675.65,6,6,40.39747229208677,37.26,126.46
2022-07-22 16:00:00,예천,683.0,6,6,41.83850171942911,36.65,128.46
2022-07-22 16:00:00,창원,385.63333333333327,6,6,41.6902041140599,35.21,128.58
2022-07-22 16:00:00,탑선,705.3166666666666,6,6,40.26944376501946,35.24,126.81
2022-07-22 17:00:00,경상대,435.4166666666667,6,6,53.51436624137159,35.18,128.1
2022-07-22 17:00:00,고흥만수상,612.2333333333333,6,6,52.86136939364657,34.57,127.3
2022-07-22 17:00:00,광양항세방,310.34999999999997,6,6,53.19639323609602,34.93,127.71
2022-07-22 17:00:00,구미,408.88333333333327,6,6,53.708844323938564,36.13,128.34
2022-07-22 17:00:00,삼천포,560.6833333333333,6,6,53.49137548664275,34.95,128.07
2022-07-22 17:00:00,여수,566.8833333333333,6,6,53.22219776073772,34.74,127.74
2022-07-22 17:00:00,영동,234.20000000000005,6,6,53.81603611779012,37.18,128.46
2022-07-22 17:00:00,영흥,546.9666666666666,6,6,52.22623256897681,37.26,126.46
2022-07-22 17:00:00,예천,380.5833333333333,6,6,53.80909344943559,36.65,128.46
2022-07-22 17:00:00,창원,293.95,6,6,53.90638774123335,35.21,128.58
2022-07-22 17:00:00,탑선,593.6333333333333,6,6,52.46044649500091,35.24,126.81
2022-07-22 18:00:00,경상대,315.9166666666667,6,6,65.73174152672165,35.18,128.1
2022-07-22 18:00:00,고흥만수상,347.45,6,6,65.17107819340089,34.57,127.3
2022-07-22 18:00:00,광양항세방,360.8666666666666,6,6,65.45235047222438,34.93,127.71
2022-07-22 18:00:00,구미,158.25,6,6,65.78787339735953,36.13,128.34
2022-07-22 18:00:00,삼천포,409.1500000000001,6,6,65.7413472637658,34.95,128.07
2022-07-22 18:00:00,여수,440.1166666666666,6,6,65.5044362596674,34.74,127.74
2022-07-22 18:00:00,영동,402.56666666666666,6,6,65.7383036039223,37.18,128.46
2022-07-22 18:00:00,영흥,388.1499999999999,6,6,64.14810443541134,37.26,126.46
2022-07-22 18:00:00,예천,225.85,6,6,65.81069194618955,36.65,128.46
2022-07-22 18:00:00,창원,191.5,6,6,66.11518345514247,35.21,128.58
2022-07-22 18:00:00,탑선,355.65000000000003,6,6,64.67977159518932,35.24,126.81
2022-07-22 19:00:00,경상대,237.92,5,6,77.70436963338979,35.18,128.1
2022-07-22 19:00:00,고흥만수상,253.28000000000003,5,6,77.24276249777814,34.57,127.3
2022-07-22 19:00:00,광양항세방,177.82,5,6,77.46727590792568,34.93,127.71
2022-07-22 19:00:00,구미,165.42000000000002,5,6,77.62668423003701,36.13,128.34
2022-07-22 19:00:00,삼천포,174.78000000000003,5,6,77.74514323698325,34.95,128.07
2022-07-22 19:00:00,여수,254.95999999999998,5,6,77.54364594034416,34.74,127.74
2022-07-22 19:00:00,영동,237.1,5,6,77.42834909556969,37.18,128.46
2022-07-22 19:00:00,영흥,185.39999999999998,6,6,75.87188863127477,37.26,126.46
2022-07-22 19:00:00,예천,177.7,5,6,77.57495427230945,36.65,128.46
2022-07-22 19:00:00,창원,233.14999999999998,4,6,78.07230924262191,35.21,128.58
2022-07-22 19:00:00,탑선,249.45999999999998,5,6,76.67420468160441,35.24,126.81
2022-07-22 20:00:00,경상대,,0,6,89.20063111529754,35.18,128.1
2022-07-22 20:00:00,고흥만수상,,0,6,88.85183733514056,34.57,127.3
2022-07-22 20:00:00,광양항세방,,0,6,89.01253421832004,34.93,127.71
2022-07-22 20:00:00,구미,,0,6,88.98460208973184,36.13,128.34
2022-07-22 20:00:00,삼천포,,0,6,89.2732883308401,34.95,128.07
2022-07-22 20:00:00,여수,,0,6,89.11287968826899,34.74,127.74
2022-07-22 20:00:00,영동,,0,6,88.63574666394666,37.18,128.46
2022-07-22 20:00:00,영흥,,0,6,87.14817590740748,37.26,126.46
2022-07-22 20:00:00,예천,,0,6,88.85628907044469,36.65,128.46
2022-07-22 20:00:00,창원,,0,6,89.54497450365832,35.21,128.58
2022-07-22 20:00:00,탑선,,0,6,88.213631557333,35.24,126.81
2022-07-22 21:00:00,경상대,,0,6,99.93021824494461,35.18,128.1
2022-07-22 21:00:00,고흥만수상,,0,6,99.71577217010099,34.57,127.3
2022-07-22 21:00:00,광양항세방,,0,6,99.80135707865062,34.93,127.71
2022-07-22 21:00:00,구미,,0,6,99.56535825167232,36.13,128.34
2022-07-22 21:00:00,삼천포,,0,6,100.03677966278987,34.95,128.07
2022-07-22 21:00:00,여수,,0,6,99.92614403969438,34.74,127.74
2022-07-22 21:00:00,영동,,0,6,99.05868139752766,37.18,128.46
2022-07-22 21:00:00,영흥,,0,6,97.68512515316596,37.26,126.46
2022-07-22 21:00:00,예천,,0,6,99.3553170507524,36.65,128.46
2022-07-22 21:00:00,창원,,0,6,100.23985530155548,35.21,128.58
2022-07-22 21:00:00,탑선,,0,6,99.01485217221688,35.24,126.81
2022-07-22 22:00:00,경상대,,0,6,109.48411725000406,35.18,128.1
2022-07-22 22:00:00,고흥만수상,,0,6,109.43356642299126,34.57,127.3
2022-07-22 22:00:00,광양항세방,,0,6,109.42858578565117,34.93,127.71
2022-07-22 22:00:00,구미,,0,6,108.95791201213774,36.13,128.34
2022-07-22 22:00:00,삼천포,,0,6,109.62688230009942,34.95,128.07
2022-07-22 22:00:00,여수,,0,6,109.57800924777045,34.74,127.74
2022-07-22 22:00:00,영동,,0,6,108.2857197725443,37.18,128.46
2022-07-22 22:00:00,영흥,,0,6,107.08898793591723,37.26,126.46
2022-07-22 22:00:00,예천,,0,6,108.66018645667751,36.65,128.46
2022-07-22 22:00:00,창원,,0,6,109.74317654666223,35.21,128.58
2022-07-22 22:00:00,탑선,,0,6,108.68136220849887,35.24,126.81
2022-07-22 23:00:00,경상대,,0,6,117.28164818202552,35.18,128.1
2022-07-22 23:00:00,고흥만수상,,0,6,117.4291644088043,34.57,127.3
2022-07-22 23:00:00,광양항세방,,0,6,117.31611445887933,34.93,127.71
2022-07-22 23:00:00,구미,,0,6,116.58791353257052,36.13,128.34
2022-07-22 23:00:00,삼천포,,0,6,117.46112072494616,34.95,128.07
2022-07-22 23:00:00,여수,,0,6,117.48826251310697,34.74,127.74
2022-07-22 23:00:00,영동,,0,6,115.75176030066015,37.18,128.46
2022-07-22 23:00:00,영흥,,0,6,114.81702226650175,37.26,126.46
2022-07-22 23:00:00,예천,,0,6,116.20039119913577,36.65,128.46
2022-07-22 23:00:00,창원,,0,6,117.46857259397885,35.21,128.58
2022-07-22 23:00:00,탑선,,0,6,116.6490264539694,35.24,126.81
2022-07-23 00:00:00,경상대,,0,6,122.57500220425098,35.18,128.1
2022-07-23 00:00:00,고흥만수상,,0,6,122.94669491763355,34.57,127.3
2022-07-23 00:00:00,광양항세방,,0,6,122.71318210815647,34.93,127.71
2022-07-23 00:00:00,구미,,0,6,121.72916123396743,36.13,128.34
2022-07-23 00:00:00,삼천포,,0,6,122.78624486013165,34.95,128.07
2022-07-23 00:00:00,여수,,0,6,122.90125183446565,34.74,127.74
2022-07-23 00:00:00,영동,,0,6,120.75536670977444,37.18,128.46
2022-07-23 00:00:00,영흥,,0,6,120.18210231339522,37.26,126.46
2022-07-23 00:00:00,예천,,0,6,121.26166140968334,36.65,128.46
2022-07-23 00:00:00,창원,,0,6,122.66530657326689,35.21,128.58
2022-07-23 00:00:00,탑선,,0,6,122.18216669768564,35.24,126.81
2022-07-23 01:00:00,경상대,,0,5,124.62531164282483,35.18,128.1
2022-07-23 01:00:00,고흥만수상,,0,5,125.216343290105,34.57,127.3
2022-07-23 01:00:00,광양항세방,,0,5,124.86746363576242,34.93,127.71
2022-07-23 01:00:00,구미,,0,5,123.67898389406977,36.13,128.34
2022-07-23 01:00:00,삼천포,,0,5,124.85474750071364,34.95,128.07
2022-07-23 01:00:00,여수,,0,5,125.05807379680343,34.74,127.74
2022-07-23 01:00:00,영동,,0,5,122.63048071224011,37.18,128.46
2022-07-23 01:00:00,영흥,,0,5,122.4989993121855,37.26,126.46
2022-07-23 01:00:00,예천,,0,5,123.16042402322432,36.65,128.46
2022-07-23 01:00:00,창원,,0,5,124.60144743376671,35.21,128.58
2022-07-23 01:00:00,탑선,,0,5,124.53033192947977,35.24,126.81
2022-07-23 02:00:00,경상대,,0,6,123.07569635866895,35.18,128.1
2022-07-23 02:00:00,고흥만수상,,0,6,123.83731309546826,34.57,127.3
2022-07-23 02:00:00,광양항세방,,0,6,123.40192392865805,34.93,127.71
2022-07-23 02:00:00,구미,,0,6,122.10844186903995,36.13,128.34
2022-07-23 02:00:00,삼천포,,0,6,123.30375656809022,34.95,128.07
2022-07-23 02:00:00,여수,,0,6,123.57863049193786,34.74,127.74
2022-07-23 02:00:00,영동,,0,6,121.07180471939299,37.18,128.46
2022-07-23 02:00:00,영흥,,0,6,121.39760015492303,37.26,126.46
2022-07-23 02:00:00,예천,,0,6,121.58180571945735,36.65,128.46
2022-07-23 02:00:00,창원,,0,6,122.93905305488227,35.21,128.58
2022-07-23 02:00:00,탑선,,0,6,123.29024208276326,35.24,126.81
2022-07-23 03:00:00,경상대,,0,6,118.20001623043248,35.18,128.1
2022-07-23 03:00:00,고흥만수상,,0,6,119.0598557365405,34.57,127.3
2022-07-23 03:00:00,광양항세방,,0,6,118.5784958181029,34.93,127.71
2022-07-23 03:00:00,구미,,0,6,117.28553615344529,36.13,128.34
2022-07-23 03:00:00,삼천포,,0,6,118.40967567949959,34.95,128.07
2022-07-23 03:00:00,여수,,0,6,118.72909089861179,34.74,127.74
2022-07-23 03:00:00,영동,,0,6,116.33553940309406,37.18,128.46
2022-07-23 03:00:00,영흥,,0,6,117.0603324276074,37.26,126.46
2022-07-23 03:00:00,예천,,0,6,116.79012407644547,36.65,128.46
2022-07-23 03:00:00,창원,,0,6,117.97069648954877,35.21,128.58
2022-07-23 03:00:00,탑선,,0,6,118.68217166543499,35.24,126.81
2022-07-23 04:00:00,경상대,,0,6,110.70814778019295,35.18,128.1
2022-07-23 04:00:00,고흥만수상,,0,6,111.6027844073227,34.57,127.3
2022-07-23 04:00:00,광양항세방,,0,6,111.10979431227832,34.93,127.71
2022-07-23 04:00:00,구미,,0,6,109.89061277627827,36.13,128.34
2022-07-23 04:00:00,삼천포,,0,6,110.89018371211316,34.95,128.07
2022-07-23 04:00:00,여수,,0,6,111.22946196302249,34.74,127.74
2022-07-23 04:00:00,영동,,0,6,109.06883911380554,37.18,128.46
2022-07-23 04:00:00,영흥,,0,6,110.09935235115864,37.26,126.46
2022-07-23 04:00:00,예천,,0,6,109.4499655125386,36.65,128.46
2022-07-23 04:00:00,창원,,0,6,110.41246963421158,35.21,128.58
2022-07-23 04:00:00,탑선,,0,6,111.39214860449255,35.24,126.81
2022-07-23 05:00:00,경상대,,0,6,101.36287705993038,35.18,128.1
2022-07-23 05:00:00,고흥만수상,,0,6,102.25053972684873,34.57,127.3
2022-07-23 05:00:00,광양항세방,,0,6,101.76777436827697,34.93,127.71
2022-07-23 05:00:00,구미,,0,6,100.65989711887839,36.13,128.34
2022-07-23 05:00:00,삼천포,,0,6,101.51446508153613,34.95,128.07
2022-07-23 05:00:00,여수,,0,6,101.85674611926649,34.74,127.74
2022-07-23 05:00:00,영동,,0,6,99.9803258800631,37.18,128.46
2022-07-23 05:00:00,영흥,,0,6,101.228301186988,37.26,126.46
2022-07-23 05:00:00,예천,,0,6,100.28347468646014,36.65,128.46
2022-07-23 05:00:00,창원,,0,6,101.02332661053626,35.21,128.58
2022-07-23 05:00:00,탑선,,0,6,102.18837326418495,35.24,126.81
2022-07-23 06:00:00,경상대,,0,6,90.77151694361183,35.18,128.1
2022-07-23 06:00:00,고흥만수상,,0,6,91.6276707741894,34.57,127.3
2022-07-23 06:00:00,광양항세방,,0,6,91.1675049215636,34.93,127.71
2022-07-23 06:00:00,구미,,0,6,90.18709082215688,36.13,128.34
2022-07-23 06:00:00,삼천포,,0,6,90.89280339854142,34.95,128.07
2022-07-23 06:00:00,여수,,0,6,91.22782518139192,34.74,127.74
2022-07-23 06:00:00,영동,,0,6,89.65046720796866,37.18,128.46
2022-07-23 06:00:00,영흥,,0,6,91.04786380423994,37.26,126.46
2022-07-23 06:00:00,예천,,0,6,89.87712013033303,36.65,128.46
2022-07-23 06:00:00,창원,,0,6,90.40427462320521,35.21,128.58
2022-07-23 06:00:00,탑선,,0,6,91.69342206063679,35.24,126.81
2022-07-23 07:00:00,경상대,132.46666666666667,3,6,79.36495222371079,35.18,128.1
2022-07-23 07:00:00,고흥만수상,74.75,2,6,80.17428020105504,34.57,127.3
2022-07-23 07:00:00,광양항세방,124.03333333333335,3,6,79.7442449539998,34.93,127.71
2022-07-23 07:00:00,구미,102.3,3,6,78.89955421731378,36.13,128.34
2022-07-23 07:00:00,삼천포,75.96666666666667,3,6,79.45663397180415,34.95,128.07
2022-07-23 07:00:00,여수,154.06666666666666,3,6,79.77785353375658,34.74,127.74
2022-07-23 07:00:00,영동,202.4666666666667,3,6,78.50403700630821,37.18,128.46
2022-07-23 07:00:00,영흥,140.86666666666667,3,6,80.00168443201386,37.26,126.46
2022-07-23 07:00:00,예천,119.5,3,6,78.65642469925687,36.65,128.46
2022-07-23 07:00:00,창원,173.79999999999998,3,6,78.9812126484708,35.21,128.58
2022-07-23 07:00:00,탑선,160.75,2,6,80.35168311921007,35.24,126.81
2022-07-23 08:00:00,경상대,215.4,6,6,67.4473197477639,35.18,128.1
2022-07-23 08:00:00,고흥만수상,303.65000000000003,6,6,68.19720886515742,34.57,127.3
2022-07-23 08:00:00,광양항세방,250.9333333333333,6,6,67.80360342788867,34.93,127.71
2022-07-23 08:00:00,구미,288.15000000000003,6,6,67.10402950042509,36.13,128.34
2022-07-23 08:00:00,삼천포,187.1,6,6,67.50928344824312,34.95,128.07
2022-07-23 08:00:00,여수,321.9666666666667,6,6,67.81142363618554,34.74,127.74
2022-07-23 08:00:00,영동,253.26666666666665,6,6,66.8515253823663,37.18,128.46
2022-07-23 08:00:00,영흥,174.11666666666667,6,6,68.41260826206135,37.26,126.46
2022-07-23 08:00:00,예천,216.20000000000002,6,6,66.92963575471737,36.65,128.46
2022-07-23 08:00:00,창원,238.8833333333333,6,6,67.05534329362496,35.21,128.58
2022-07-23 08:00:00,탑선,202.21666666666667,6,6,68.47608503117723,35.24,126.81
2022-07-23 09:00:00,경상대,286.93333333333334,6,6,55.25608754556517,35.18,128.1
2022-07-23 09:00:00,고흥만수상,426.2,6,6,55.930905362109364,34.57,127.3
2022-07-23 09:00:00,광양항세방,356.9833333333333,6,6,55.58190722300848,34.93,127.71
2022-07-23 09:00:00,구미,345.75,6,6,55.04560040192325,36.13,128.34
2022-07-23 09:00:00,삼천포,347.34999999999997,6,6,55.28634268059308,34.95,128.07
2022-07-23 09:00:00,여수,458.31666666666666,6,6,55.563199340694375,34.74,127.74
2022-07-23 09:00:00,영동,302.3666666666667,6,6,54.946920151622635,37.18,128.46
2022-07-23 09:00:00,영흥,243.61666666666667,6,6,56.53912206376377,37.26,126.46
2022-07-23 09:00:00,예천,514.3333333333334,6,6,54.94612091113536,36.65,128.46
2022-07-23 09:00:00,창원,293.31666666666666,6,6,54.863287201620054,35.21,128.58
2022-07-23 09:00:00,탑선,448.4166666666666,6,6,56.30788889712676,35.24,126.81
2022-07-23 10:00:00,경상대,347.84999999999997,6,6,43.03191236825473,35.18,128.1
2022-07-23 10:00:00,고흥만수상,552.8666666666667,6,6,43.60457546020193,34.57,127.3
2022-07-23 10:00:00,광양항세방,559.4499999999999,6,6,43.314804562941376,34.93,127.71
2022-07-23 10:00:00,구미,437.11666666666673,6,6,42.9803941267373,36.13,128.34
2022-07-23 10:00:00,삼천포,435.95,6,6,43.0248886643273,34.95,128.07
2022-07-23 10:00:00,여수,583.7333333333332,6,6,43.26609754090247,34.74,127.74
2022-07-23 10:00:00,영동,471.84999999999997,6,6,43.06322429905402,37.18,128.46
2022-07-23 10:00:00,영흥,374.8833333333334,6,6,44.64679021818796,37.26,126.46
2022-07-23 10:00:00,예천,411.56666666666666,6,6,42.97061135509856,36.65,128.46
2022-07-23 10:00:00,창원,358.7166666666667,6,6,42.64786259784758,35.21,128.58
2022-07-23 10:00:00,탑선,562.85,6,6,44.0846663555968,35.24,126.81
2022-07-23 11:00:00,경상대,523.8833333333333,6,6,31.158445072137667,35.18,128.1
2022-07-23 11:00:00,고흥만수상,555.9833333333333,6,6,31.569464446615065,34.57,127.3
2022-07-23 11:00:00,광양항세방,685.1166666666667,6,6,31.371267221733177,34.93,127.71
2022-07-23 11:00:00,구미,553.4499999999999,6,6,31.325767249625542,36.13,128.34
2022-07-23 11:00:00,삼천포,762.3499999999999,6,6,31.10096419283252,34.95,128.07
2022-07-23 11:00:00,여수,709.8833333333332,6,6,31.283876879550448,34.74,127.74
2022-07-23 11:00:00,영동,756.8833333333333,6,6,31.651772554994466,37.18,128.46
2022-07-23 11:00:00,영흥,433.18333333333334,6,6,33.14854759450762,37.26,126.46
2022-07-23 11:00:00,예천,406.1666666666667,6,6,31.438685461480233,36.65,128.46
2022-07-23 11:00:00,창원,407.0833333333333,6,6,30.802849316216914,35.21,128.58
2022-07-23 11:00:00,탑선,519.4166666666666,6,6,32.16912646938336,35.24,126.81
2022-07-23 12:00:00,경상대,537.0666666666667,6,6,20.65941687302592,35.18,128.1
2022-07-23 12:00:00,고흥만수상,589.2166666666667,6,6,20.750195218308804,34.57,127.3
2022-07-23 12:00:00,광양항세방,693.7833333333333,6,6,20.729047369806892,34.93,127.71
2022-07-23 12:00:00,구미,525.95,6,6,21.176800702325437,36.13,128.34
2022-07-23 12:00:00,삼천포,826.9,6,6,20.522343431655983,34.95,128.07
2022-07-23 12:00:00,여수,833.2666666666665,6,6,20.585253180164187,34.74,127.74
2022-07-23 12:00:00,영동,555.45,6,6,21.865725871317068,37.18,128.46
2022-07-23 12:00:00,영흥,452.04999999999995,6,6,23.045638609703047,37.26,126.46
2022-07-23 12:00:00,예천,463.76666666666665,6,6,21.480516517637398,36.65,128.46
2022-07-23 12:00:00,창원,471.15000000000003,6,6,20.394079993380586,35.21,128.58
2022-07-23 12:00:00,탑선,568.0666666666667,6,6,21.489018260093943,35.24,126.81
2022-07-23 13:00:00,경상대,526.9333333333333,6,6,15.121043321748914,35.18,128.1
2022-07-23 13:00:00,고흥만수상,656.0333333333332,6,6,14.573816785613232,34.57,127.3
2022-07-23 13:00:00,광양항세방,541.6500000000001,6,6,14.896550319165797,34.93,127.71
2022-07-23 13:00:00,구미,488.70000000000005,6,6,16.058762565082958,36.13,128.34
2022-07-23 13:00:00,삼천포,841.35,6,6,14.893161194321337,34.95,128.07
2022-07-23 13:00:00,여수,900.6166666666667,6,6,14.705096646301314,34.74,127.74
2022-07-23 13:00:00,영동,498.7166666666667,6,6,17.103836634074312,37.18,128.46
2022-07-23 13:00:00,영흥,629.1833333333334,6,6,17.330603836326375,37.26,126.46
2022-07-23 13:00:00,예천,550.7499999999999,6,6,16.574195973246276,36.65,128.46
2022-07-23 13:00:00,창원,521.75,6,6,15.131550428935881,35.21,128.58
2022-07-23 13:00:00,탑선,485.45000000000005,6,6,15.290954946933383,35.24,126.81
2022-07-23 14:00:00,경상대,673.85,6,6,19.480725959282367,35.18,128.1
2022-07-23 14:00:00,고흥만수상,630.6666666666666,6,6,18.58754511119018,34.57,127.3
2022-07-23 14:00:00,광양항세방,444.20000000000005,6,6,19.08055211393679,34.93,127.71
2022-07-23 14:00:00,구미,564.6999999999999,6,6,20.31535133002697,36.13,128.34
2022-07-23 14:00:00,삼천포,683.3499999999999,6,6,19.295827503189287,34.95,128.07
2022-07-23 14:00:00,여수,590.9833333333335,6,6,18.95748159894022,34.74,127.74
2022-07-23 14:00:00,영동,417.3333333333334,6,6,21.172806981846733,37.18,128.46
2022-07-23 14:00:00,영흥,419.59999999999997,6,6,20.261009676285397,37.26,126.46
2022-07-23 14:00:00,예천,412.06666666666666,6,6,20.76984644818964,36.65,128.46
2022-07-23 14:00:00,창원,574.3666666666667,6,6,19.77181599279946,35.21,128.58
2022-07-23 14:00:00,탑선,324.56666666666666,6,6,18.830430002741537,35.24,126.81
2022-07-23 15:00:00,경상대,506.95000000000005,6,6,29.616166154092028,35.18,128.1
2022-07-23 15:00:00,고흥만수상,591.2833333333332,6,6,28.7739577234548,34.57,127.3
2022-07-23 15:00:00,광양항세방,335.26666666666665,6,6,29.224588136812798,34.93,127.71
2022-07-23 15:00:00,구미,483.6000000000001,6,6,30.17531920647849,36.13,128.34
2022-07-23 15:00:00,삼천포,289.5833333333333,6,6,29.504345273811026,34.95,128.07
2022-07-23 15:00:00,여수,549.75,6,6,29.17350410941232,34.74,127.74
2022-07-23 15:00:00,영동,243.36666666666665,6,6,30.705802628925547,37.18,128.46
2022-07-23 15:00:00,영흥,294.23333333333335,6,6,29.32284597211234,37.26,126.46
2022-07-23 15:00:00,예천,485.23333333333335,6,6,30.479313583618683,36.65,128.46
2022-07-23 15:00:00,창원,588.6333333333333,6,6,29.989544507429734,35.21,128.58
2022-07-23 15:00:00,탑선,373.93333333333334,6,6,28.67585074875707,35.24,126.81
2022-07-23 16:00:00,경상대,276.84999999999997,6,6,41.3945348946562,35.18,128.1
2022-07-23 16:00:00,고흥만수상,467.3333333333333,6,6,40.6469776473277,34.57,127.3
2022-07-23 16:00:00,광양항세방,330.5,6,6,41.0383814410144,34.93,127.71
2022-07-23 16:00:00,구미,408.75,6,6,41.750610941517905,36.13,128.34
2022-07-23 16:00:00,삼천포,353.8333333333333,6,6,41.33281364632999,34.95,128.07
2022-07-23 16:00:00,여수,461.43333333333334,6,6,41.031696918109446,34.74,127.74
2022-07-23 16:00:00,영동,339.70000000000005,6,6,42.043824720800316,37.18,128.46
2022-07-23 16:00:00,영흥,187.38333333333333,6,6,40.50457580393832,37.26,126.46
2022-07-23 16:00:00,예천,435.20000000000005,6,6,41.94137056758176,36.65,128.46
2022-07-23 16:00:00,창원,340.03333333333336,6,6,41.78646779309498,35.21,128.58
2022-07-23 16:00:00,탑선,253.81666666666663,6,6,40.36699741697076,35.24,126.81
2022-07-23 17:00:00,경상대,227.88333333333333,6,6,53.606866602928896,35.18,128.1
2022-07-23 17:00:00,고흥만수상,346.26666666666665,6,6,52.95146194687289,34.57,127.3
2022-07-23 17:00:00,광양항세방,271.40000000000003,6,6,53.2879106119779,34.93,127.71
2022-07-23 17:00:00,구미,271.53333333333336,6,6,53.80502660078767,36.13,128.34
2022-07-23 17:00:00,삼천포,312.5,6,6,53.58297651059261,34.95,128.07
2022-07-23 17:00:00,여수,367.38333333333327,6,6,53.312968254829926,34.74,127.74
2022-07-23 17:00:00,영동,222.41666666666666,6,6,53.91622894973787,37.18,128.46
2022-07-23 17:00:00,영흥,164.5,6,6,52.32691373205078,37.26,126.46
2022-07-23 17:00:00,예천,257.05,6,6,53.90726732120244,36.65,128.46
2022-07-23 17:00:00,창원,247.76666666666665,6,6,53.99901357839383,35.21,128.58
2022-07-23 17:00:00,탑선,188.00000000000003,6,6,52.553196629465376,35.24,126.81
2022-07-23 18:00:00,경상대,194.86666666666667,6,6,65.82774484201886,35.18,128.1
2022-07-23 18:00:00,고흥만수상,253.0,6,6,65.26468602075698,34.57,127.3
2022-07-23 18:00:00,광양항세방,183.63333333333335,6,6,65.54735001594877,34.93,127.71
2022-07-23 18:00:00,구미,279.25,6,6,65.8871626818362,36.13,128.34
2022-07-23 18:00:00,삼천포,222.83333333333334,6,6,65.8365610133872,34.95,128.07
2022-07-23 18:00:00,여수,220.9,6,6,65.59880260755799,34.74,127.74
2022-07-23 18:00:00,영동,168.5,6,6,65.84112930534998,37.18,128.46
2022-07-23 18:00:00,영흥,156.79999999999998,6,6,64.25053921272202,37.26,126.46
2022-07-23 18:00:00,예천,180.13333333333335,6,6,65.91175979040598,36.65,128.46
2022-07-23 18:00:00,창원,207.86666666666667,6,6,66.21148414073704,35.21,128.58
2022-07-23 18:00:00,탑선,158.26666666666668,6,6,64.77547700874312,35.24,126.81
2022-07-23 19:00:00,경상대,120.66,5,6,77.80896245761159,35.18,128.1
2022-07-23 19:00:00,고흥만수상,129.62,5,6,77.34496380985077,34.57,127.3
2022-07-23 19:00:00,광양항세방,130.14000000000001,5,6,77.57084735834285,34.93,127.71
2022-07-23 19:00:00,구미,103.6,5,6,77.73426039125724,36.13,128.34
2022-07-23 19:00:00,삼천포,127.26000000000002,5,6,77.84902886948134,34.95,128.07
2022-07-23 19:00:00,여수,133.26000000000002,5,6,77.64666919001618,34.74,127.74
2022-07-23 19:00:00,영동,142.34,5,6,77.539087765054,37.18,128.46
2022-07-23 19:00:00,영흥,78.91666666666667,6,6,75.98157633137038,37.26,126.46
2022-07-23 19:00:00,예천,149.22,5,6,77.68414184999241,36.65,128.46
2022-07-23 19:00:00,창원,152.025,4,6,78.17733149320878,35.21,128.58
2022-07-23 19:00:00,탑선,47.480000000000004,5,6,76.77808450615788,35.24,126.81
2022-07-23 20:00:00,경상대,,0,6,89.31804073973943,35.18,128.1
2022-07-23 20:00:00,고흥만수상,,0,6,88.96685132601918,34.57,127.3
2022-07-23 20:00:00,광양항세방,,0,6,89.12890429751283,34.93,127.71
2022-07-23 20:00:00,구미,,0,6,89.10472855377985,36.13,128.34
2022-07-23 20:00:00,삼천포,,0,6,89.39006222781015,34.95,128.07
2022-07-23 20:00:00,여수,,0,6,89.22877514746693,34.74,127.74
2022-07-23 20:00:00,영동,,0,6,88.75869779995342,37.18,128.46
2022-07-23 20:00:00,영흥,,0,6,87.26950707424525,37.26,126.46
2022-07-23 20:00:00,예천,,0,6,88.97787643256801,36.65,128.46
2022-07-23 20:00:00,창원,,0,6,89.66293171605226,35.21,128.58
2022-07-23 20:00:00,탑선,,0,6,88.32996035521465,35.24,126.81
2022-07-23 21:00:00,경상대,,0,6,100.06432826366749,35.18,128.1
2022-07-23 21:00:00,고흥만수상,,0,6,99.84751454383203,34.57,127.3
2022-07-23 21:00:00,광양항세방,,0,6,99.93442464238478,34.93,127.71
2022-07-23 21:00:00,구미,,0,6,99.70188189938028,36.13,128.34
2022-07-23 21:00:00,삼천포,,0,6,100.1703329409214,34.95,128.07
2022-07-23 21:00:00,여수,,0,6,100.05881516113341,34.74,127.74
2022-07-23 21:00:00,영동,,0,6,99.1976500505038,37.18,128.46
2022-07-23 21:00:00,영흥,,0,6,97.82196602574864,37.26,126.46
2022-07-23 21:00:00,예천,,0,6,99.49312912227249,36.65,128.46
2022-07-23 21:00:00,창원,,0,6,100.37461967671256,35.21,128.58
2022-07-23 21:00:00,탑선,,0,6,99.147539191056,35.24,126.81
2022-07-23 22:00:00,경상대,,0,6,109.63824603512754,35.18,128.1
2022-07-23 22:00:00,고흥만수상,,0,6,109.58547507850196,34.57,127.3
2022-07-23 22:00:00,광양항세방,,0,6,109.58172304713148,34.93,127.71
2022-07-23 22:00:00,구미,,0,6,109.11402460812492,36.13,128.34
2022-07-23 22:00:00,삼천포,,0,6,109.78056208849588,34.95,128.07
2022-07-23 22:00:00,여수,,0,6,109.73084825155266,34.74,127.74
2022-07-23 22:00:00,영동,,0,6,108.44376878447001,37.18,128.46
2022-07-23 22:00:00,영흥,,0,6,107.24453783741781,37.26,126.46
2022-07-23 22:00:00,예천,,0,6,108.81734641315958,36.65,128.46
2022-07-23 22:00:00,창원,,0,6,109.89803072489195,35.21,128.58
2022-07-23 22:00:00,탑선,,0,6,108.83379963390487,35.24,126.81
2022-07-23 23:00:00,경상대,,0,6,117.45728827939573,35.18,128.1
2022-07-23 23:00:00,고흥만수상,,0,6,117.60298646371669,34.57,127.3
2022-07-23 23:00:00,광양항세방,,0,6,117.49093049165592,34.93,127.71
2022-07-23 23:00:00,구미,,0,6,116.76490791243351,36.13,128.34
2022-07-23 23:00:00,삼천포,,0,6,117.63646392148473,34.95,128.07
2022-07-23 23:00:00,여수,,0,6,117.66290512409698,34.74,127.74
2022-07-23 23:00:00,영동,,0,6,115.93000152653387,37.18,128.46
2022-07-23 23:00:00,영흥,,0,6,114.99275217561156,37.26,126.46
2022-07-23 23:00:00,예천,,0,6,116.37808887234307,36.65,128.46
2022-07-23 23:00:00,창원,,0,6,117.64490992543708,35.21,128.58
2022-07-23 23:00:00,탑선,,0,6,116.82293701851955,35.24,126.81
2022-07-24 00:00:00,경상대,,0,6,122.76932692995014,35.18,128.1
2022-07-24 00:00:00,고흥만수상,,0,6,123.13994689621782,34.57,127.3
2022-07-24 00:00:00,광양항세방,,0,6,122.90701284737384,34.93,127.71
2022-07-24 00:00:00,구미,,0,6,121.92408109172793,36.13,128.34
2022-07-24 00:00:00,삼천포,,0,6,122.98044840757296,34.95,128.07
2022-07-24 00:00:00,여수,,0,6,123.09503433814598,34.74,127.74
2022-07-24 00:00:00,영동,,0,6,120.95077442026154,37.18,128.46
2022-07-24 00:00:00,영흥,,0,6,120.37566826337215,37.26,126.46
2022-07-24 00:00:00,예천,,0,6,121.45688198218386,36.65,128.46
2022-07-24 00:00:00,창원,,0,6,122.86011487162497,35.21,128.58
2022-07-24 00:00:00,탑선,,0,6,122.37520191984899,35.24,126.81
2022-07-24 01:00:00,경상대,,0,5,124.82912656351584,35.18,128.1
2022-07-24 01:00:00,고흥만수상,,0,5,125.4199812766795,34.57,127.3
2022-07-24 01:00:00,광양항세방,,0,5,125.07119853378123,34.93,127.71
2022-07-24 01:00:00,구미,,0,5,123.8828455257078,36.13,128.34
2022-07-24 01:00:00,삼천포,,0,5,125.05855557677401,34.95,128.07
2022-07-24 01:00:00,여수,,0,5,125.26181369565934,34.74,127.74
2022-07-24 01:00:00,영동,,0,5,122.8343650255706,37.18,128.46
2022-07-24 01:00:00,영흥,,0,5,122.70246095135994,37.26,126.46
2022-07-24 01:00:00,예천,,0,5,123.3643069009625,36.65,128.46
2022-07-24 01:00:00,창원,,0,5,124.80534580933019,35.21,128.58
2022-07-24 01:00:00,탑선,,0,5,124.73385383298623,35.24,126.81
2022-07-24 02:00:00,경상대,,0,6,123.2758301386013,35.18,128.1
2022-07-24 02:00:00,고흥만수상,,0,6,124.03784416998458,34.57,127.3
2022-07-24 02:00:00,광양항세방,,0,6,123.60226238341664,34.93,127.71
2022-07-24 02:00:00,구미,,0,6,122.30863576499027,36.13,128.34
2022-07-24 02:00:00,삼천포,,0,6,123.50385696024719,34.95,128.07
2022-07-24 02:00:00,여수,,0,6,123.77890625509743,34.74,127.74
2022-07-24 02:00:00,영동,,0,6,121.27215923687834,37.18,128.46
2022-07-24 02:00:00,영흥,,0,6,121.59913251445049,37.26,126.46
2022-07-24 02:00:00,예천,,0,6,121.78204077543045,36.65,128.46
2022-07-24 02:00:00,창원,,0,6,123.1388641782857,35.21,128.58
2022-07-24 02:00:00,탑선,,0,6,123.49121859972882,35.24,126.81
2022-07-24 03:00:00,경상대,,0,6,118.38579497074116,35.18,128.1
2022-07-24 03:00:00,고흥만수상,,0,6,119.24606024308127,34.57,127.3
2022-07-24 03:00:00,광양항세방,,0,6,118.76452059729482,34.93,127.71
2022-07-24 03:00:00,구미,,0,6,117.47185814254364,36.13,128.34
2022-07-24 03:00:00,삼천포,,0,6,118.59528775947223,34.95,128.07
2022-07-24 03:00:00,여수,,0,6,118.91491430170908,34.74,127.74
2022-07-24 03:00:00,영동,,0,6,116.52261129130443,37.18,128.46
2022-07-24 03:00:00,영흥,,0,6,117.24962959257967,37.26,126.46
2022-07-24 03:00:00,예천,,0,6,116.9767522218813,36.65,128.46
2022-07-24 03:00:00,창원,,0,6,118.1559299202724,35.21,128.58
2022-07-24 03:00:00,탑선,,0,6,118.86951494184822,35.24,126.81
2022-07-24 04:00:00,경상대,,0,6,110.87502107015297,35.18,128.1
2022-07-24 04:00:00,고흥만수상,,0,6,111.7697652680966,34.57,127.3
2022-07-24 04:00:00,광양항세방,,0,6,111.2767900082241,34.93,127.71
2022-07-24 04:00:00,구미,,0,6,110.05863337244244,36.13,128.34
2022-07-24 04:00:00,삼천포,,0,6,111.0567394589444,34.95,128.07
2022-07-24 04:00:00,여수,,0,6,111.39612453965104,34.74,127.74
2022-07-24 04:00:00,영동,,0,6,109.23828188157192,37.18,128.46
2022-07-24 04:00:00,영흥,,0,6,110.27134380517985,37.26,126.46
2022-07-24 04:00:00,예천,,0,6,109.61861984400187,36.65,128.46
2022-07-24 04:00:00,창원,,0,6,110.5787671758184,35.21,128.58
2022-07-24 04:00:00,탑선,,0,6,111.56078754297744,35.24,126.81
2022-07-24 05:00:00,경상대,,0,6,101.51112241455675,35.18,128.1
2022-07-24 05:00:00,고흥만수상,,0,6,102.39847358959507,34.57,127.3
2022-07-24 05:00:00,광양항세방,,0,6,101.91596318412779,34.93,127.71
2022-07-24 05:00:00,구미,,0,6,100.80981709088617,36.13,128.34
2022-07-24 05:00:00,삼천포,,0,6,101.66226848415134,34.95,128.07
2022-07-24 05:00:00,여수,,0,6,102.00450516863721,34.74,127.74
2022-07-24 05:00:00,영동,,0,6,100.13223328723731,37.18,128.46
2022-07-24 05:00:00,영흥,,0,6,101.38260875153472,37.26,126.46
2022-07-24 05:00:00,예천,,0,6,100.43431505464068,36.65,128.46
2022-07-24 05:00:00,창원,,0,6,101.17107143800783,35.21,128.58
2022-07-24 05:00:00,탑선,,0,6,102.33826774940748,35.24,126.81
2022-07-24 06:00:00,경상대,,0,6,90.90374535194815,35.18,128.1
2022-07-24 06:00:00,고흥만수상,,0,6,91.75917014063617,34.57,127.3
2022-07-24 06:00:00,광양항세방,,0,6,91.2994924852609,34.93,127.71
2022-07-24 06:00:00,구미,,0,6,90.32143001892777,36.13,128.34
2022-07-24 06:00:00,삼천포,,0,6,91.02449082047434,34.95,128.07
2022-07-24 06:00:00,여수,,0,6,91.35931282171707,34.74,127.74
2022-07-24 06:00:00,영동,,0,6,89.78724983369678,37.18,128.46
2022-07-24 06:00:00,영흥,,0,6,91.18668096465869,37.26,126.46
2022-07-24 06:00:00,예천,,0,6,90.01261745952229,36.65,128.46
2022-07-24 06:00:00,창원,,0,6,90.53611753818478,35.21,128.58
2022-07-24 06:00:00,탑선,,0,6,91.82705133221478,35.24,126.81
2022-07-24 07:00:00,경상대,121.63333333333333,3,6,79.48463678945707,35.18,128.1
2022-07-24 07:00:00,고흥만수상,119.2,2,6,80.292819470248,34.57,127.3
2022-07-24 07:00:00,광양항세방,172.16666666666666,3,6,79.86350241655022,34.93,127.71
2022-07-24 07:00:00,구미,149.66666666666666,3,6,79.02175239225194,36.13,128.34
2022-07-24 07:00:00,삼천포,131.6,3,6,79.57568755819125,34.95,128.07
2022-07-24 07:00:00,여수,162.4333333333333,3,6,79.89655047184868,34.74,127.74
2022-07-24 07:00:00,영동,85.39999999999999,3,6,78.629091659616,37.18,128.46
2022-07-24 07:00:00,영흥,113.6,2,6,80.12831280415762,37.26,126.46
2022-07-24 07:00:00,예천,142.86666666666667,3,6,78.78000011878756,36.65,128.46
2022-07-24 07:00:00,창원,144.73333333333332,3,6,79.10064164109578,35.21,128.58
2022-07-24 07:00:00,탑선,135.0,2,6,80.47247195859731,35.24,126.81
2022-07-24 08:00:00,경상대,191.18333333333337,6,6,67.55839750248863,35.18,128.1
2022-07-24 08:00:00,고흥만수상,207.35,6,6,68.30667782377459,34.57,127.3
2022-07-24 08:00:00,광양항세방,285.01666666666665,6,6,67.91404596439287,34.93,127.71
2022-07-24 08:00:00,구미,167.0666666666667,6,6,67.2180632521801,36.13,128.34
2022-07-24 08:00:00,삼천포,276.6333333333334,6,6,67.61963106848731,34.95,128.07
2022-07-24 08:00:00,여수,290.48333333333335,6,6,67.92123937477409,34.74,127.74
2022-07-24 08:00:00,영동,292.23333333333335,6,6,66.96886147060121,37.18,128.46
2022-07-24 08:00:00,영흥,223.9666666666666,6,6,68.53097156657127,37.26,126.46
2022-07-24 08:00:00,예천,139.0,6,6,67.04528546763515,36.65,128.46
2022-07-24 08:00:00,창원,145.9,6,6,67.1663134277138,35.21,128.58
2022-07-24 08:00:00,탑선,191.6,6,6,68.58792844585494,35.24,126.81
2022-07-24 09:00:00,경상대,364.1333333333334,6,6,55.363327229467956,35.18,128.1
2022-07-24 09:00:00,고흥만수상,355.9666666666667,6,6,56.03594073415333,34.57,127.3
2022-07-24 09:00:00,광양항세방,376.4833333333333,6,6,55.68824403142164,34.93,127.71
2022-07-24 09:00:00,구미,214.38333333333333,6,6,55.156357437040676,36.13,128.34
2022-07-24 09:00:00,삼천포,443.2166666666667,6,6,55.39272514383929,34.95,128.07
2022-07-24 09:00:00,여수,344.59999999999997,6,6,55.66882425162601,34.74,127.74
2022-07-24 09:00:00,영동,496.3833333333334,6,6,55.06153118690728,37.18,128.46
2022-07-24 09:00:00,영흥,260.31666666666666,6,6,56.65404161852475,37.26,126.46
2022-07-24 09:00:00,예천,179.03333333333333,6,6,55.05879240531155,36.65,128.46
2022-07-24 09:00:00,창원,213.6,6,6,54.97061143880448,35.21,128.58
2022-07-24 09:00:00,탑선,290.8,6,6,56.41545776389927,35.24,126.81
2022-07-24 10:00:00,경상대,461.8166666666666,6,6,43.142163770064734,35.18,128.1
2022-07-24 10:00:00,고흥만수상,409.73333333333335,6,6,43.711752676186464,34.57,127.3
2022-07-24 10:00:00,광양항세방,420.36666666666673,6,6,43.423760238967176,34.93,127.71
2022-07-24 10:00:00,구미,299.3666666666667,6,6,43.09492500870633,36.13,128.34
2022-07-24 10:00:00,삼천포,441.98333333333335,6,6,43.13410892077375,34.95,128.07
2022-07-24 10:00:00,여수,561.6833333333333,6,6,43.374227736605796,34.74,127.74
2022-07-24 10:00:00,영동,650.1666666666666,6,6,43.18231779571622,37.18,128.46
2022-07-24 10:00:00,영흥,282.55,6,6,44.76507247564071,37.26,126.46
2022-07-24 10:00:00,예천,282.3833333333333,6,6,43.087450581422225,36.65,128.46
2022-07-24 10:00:00,창원,347.76666666666665,6,6,42.75849871432585,35.21,128.58
2022-07-24 10:00:00,탑선,332.03333333333336,6,6,44.19455869621976,35.24,126.81
2022-07-24 11:00:00,경상대,409.23333333333335,6,6,31.283714859430788,35.18,128.1
2022-07-24 11:00:00,고흥만수상,304.68333333333334,6,6,31.690311122466184,34.57,127.3
2022-07-24 11:00:00,광양항세방,354.75,6,6,31.494624453887738,34.93,127.71
2022-07-24 11:00:00,구미,441.29999999999995,6,6,31.456233506522345,36.13,128.34
2022-07-24 11:00:00,삼천포,441.8333333333333,6,6,31.224992581226353,34.95,128.07
2022-07-24 11:00:00,여수,533.7833333333333,6,6,31.40628788635177,34.74,127.74
2022-07-24 11:00:00,영동,645.7833333333333,6,6,31.78751003883302,37.18,128.46
2022-07-24 11:00:00,영흥,387.5,6,6,33.281461783031254,37.26,126.46
2022-07-24 11:00:00,예천,275.3,6,6,31.57189544481554,36.65,128.46
2022-07-24 11:00:00,창원,563.7333333333333,6,6,30.929057011187915,35.21,128.58
2022-07-24 11:00:00,탑선,264.65000000000003,6,6,32.292713289839426,35.24,126.81
2022-07-24 12:00:00,경상대,664.5333333333333,6,6,20.82251695226016,35.18,128.1
2022-07-24 12:00:00,고흥만수상,461.84999999999997,6,6,20.90757483669404,34.57,127.3
2022-07-24 12:00:00,광양항세방,605.8000000000001,6,6,20.889620495393984,34.93,127.71
2022-07-24 12:00:00,구미,548.6166666666667,6,6,21.344829763111065,36.13,128.34
2022-07-24 12:00:00,삼천포,582.05,6,6,20.684270479669323,34.95,128.07
2022-07-24 12:00:00,여수,727.8166666666667,6,6,20.7450143844828,34.74,127.74
2022-07-24 12:00:00,영동,589.1999999999999,6,6,22.038175011238295,37.18,128.46
2022-07-24 12:00:00,영흥,501.3,6,6,23.21230325245898,37.26,126.46
2022-07-24 12:00:00,예천,521.9666666666666,6,6,21.650994597342603,36.65,128.46
2022-07-24 12:00:00,창원,414.1166666666666,6,6,20.55899577168347,35.21,128.58
2022-07-24 12:00:00,탑선,185.15,6,6,21.64801349926357,35.24,126.81
2022-07-24 13:00:00,경상대,918.35,6,6,15.327842652810716,35.18,128.1
2022-07-24 13:00:00,고흥만수상,727.6999999999999,6,6,14.780114053653094,34.57,127.3
2022-07-24 13:00:00,광양항세방,713.0833333333334,6,6,15.103172525114132,34.93,127.71
2022-07-24 13:00:00,구미,589.9333333333333,6,6,16.26562331828417,36.13,128.34
2022-07-24 13:00:00,삼천포,742.6333333333333,6,6,15.099945198248449,34.95,128.07
2022-07-24 13:00:00,여수,882.3333333333334,6,6,14.911723987971428,34.74,127.74
2022-07-24 13:00:00,영동,391.7,6,6,17.31070854561395,37.18,128.46
2022-07-24 13:00:00,영흥,655.2833333333334,6,6,17.53655008332379,37.26,126.46
2022-07-24 13:00:00,예천,620.2833333333333,6,6,16.781067238644283,36.65,128.46
2022-07-24 13:00:00,창원,524.4166666666666,6,6,15.338422844969116,35.21,128.58
2022-07-24 13:00:00,탑선,189.79999999999998,6,6,15.496885042334497,35.24,126.81
2022-07-24 14:00:00,경상대,842.15,6,6,19.644443483595467,35.18,128.1
2022-07-24 14:00:00,고흥만수상,786.65,6,6,18.751766345785853,34.57,127.3
2022-07-24 14:00:00,광양항세방,707.0499999999998,6,6,19.244715235143815,34.93,127.71
2022-07-24 14:00:00,구미,506.5333333333333,6,6,20.48220057564886,36.13,128.34
2022-07-24 14:00:00,삼천포,654.5833333333334,6,6,19.458621677453934,34.95,128.07
2022-07-24 14:00:00,여수,787.1500000000001,6,6,19.12065365325074,34.74,127.74
2022-07-24 14:00:00,영동,345.40000000000003,6,6,21.343261966393897,37.18,128.46
2022-07-24 14:00:00,영흥,674.5500000000001,6,6,20.438685338441232,37.26,126.46
2022-07-24 14:00:00,예천,626.6166666666667,6,6,20.938317015381315,36.65,128.46
2022-07-24 14:00:00,창원,623.7666666666667,6,6,19.933774361763696,35.21,128.58
2022-07-24 14:00:00,탑선,215.15,6,6,18.999588875584124,35.24,126.81
2022-07-24 15:00:00,경상대,826.65,6,6,29.7358964886319,35.18,128.1
2022-07-24 15:00:00,고흥만수상,674.2833333333333,6,6,28.89184701333302,34.57,127.3
2022-07-24 15:00:00,광양항세방,558.9333333333333,6,6,29.34369222420827,34.93,127.71
2022-07-24 15:00:00,구미,375.5166666666667,6,6,30.29968191259443,36.13,128.34
2022-07-24 15:00:00,삼천포,741.0166666666665,6,6,29.622864230213068,34.95,128.07
2022-07-24 15:00:00,여수,664.1833333333334,6,6,29.291487483438267,34.74,127.74
2022-07-24 15:00:00,영동,188.3166666666667,6,6,30.83529333333609,37.18,128.46
2022-07-24 15:00:00,영흥,793.6666666666666,6,6,29.45678588297166,37.26,126.46
2022-07-24 15:00:00,예천,554.4999999999999,6,6,30.60613465699685,36.65,128.46
2022-07-24 15:00:00,창원,701.0500000000001,6,6,30.108531703385957,35.21,128.58
2022-07-24 15:00:00,탑선,233.51666666666665,6,6,28.79848639356669,35.24,126.81
2022-07-24 16:00:00,경상대,635.7833333333333,6,6,41.4963469508218,35.18,128.1
2022-07-24 16:00:00,고흥만수상,670.5333333333333,6,6,40.746415960448275,34.57,127.3
2022-07-24 16:00:00,광양항세방,539.0333333333333,6,6,41.13926834979164,34.93,127.71
2022-07-24 16:00:00,구미,366.45,6,6,41.856677335915656,36.13,128.34
2022-07-24 16:00:00,삼천포,712.25,6,6,41.43356080407241,34.95,128.07
2022-07-24 16:00:00,여수,545.0666666666666,6,6,41.131660198259375,34.74,127.74
2022-07-24 16:00:00,영동,316.34999999999997,6,6,42.15456824622991,37.18,128.46
2022-07-24 16:00:00,영흥,632.8833333333333,6,6,40.6172627558711,37.26,126.46
2022-07-24 16:00:00,예천,430.55,6,6,42.04972618250247,36.65,128.46
2022-07-24 16:00:00,창원,633.6,6,6,41.88811348450461,35.21,128.58
2022-07-24 16:00:00,탑선,308.1666666666667,6,6,40.46998683037629,35.24,126.81
2022-07-24 17:00:00,경상대,616.7666666666665,6,6,53.70446092937513,35.18,128.1
2022-07-24 17:00:00,고흥만수상,519.1999999999999,6,6,53.0466140089867,34.57,127.3
2022-07-24 17:00:00,광양항세방,448.8,6,6,53.38450872211757,34.93,127.71
2022-07-24 17:00:00,구미,311.5166666666667,6,6,53.90636731101618,36.13,128.34
2022-07-24 17:00:00,삼천포,629.6666666666666,6,6,53.679655160705124,34.95,128.07
2022-07-24 17:00:00,여수,373.25,6,6,53.408805149776335,34.74,127.74
2022-07-24 17:00:00,영동,247.08333333333334,6,6,54.02165041762056,37.18,128.46
2022-07-24 17:00:00,영흥,469.5,6,6,52.43285610101925,37.26,126.46
2022-07-24 17:00:00,예천,403.45,6,6,54.01063400081972,36.65,128.46
2022-07-24 17:00:00,창원,561.9666666666666,6,6,54.09672960044319,35.21,128.58
2022-07-24 17:00:00,탑선,198.4333333333333,6,6,52.65106205642675,35.24,126.81
2022-07-24 18:00:00,경상대,362.68333333333334,6,6,65.92873890741143,35.18,128.1
2022-07-24 18:00:00,고흥만수상,352.48333333333335,6,6,65.36324532435441,34.57,127.3
2022-07-24 18:00:00,광양항세방,351.01666666666665,6,6,65.64732443065535,34.93,127.71
2022-07-24 18:00:00,구미,355.55,6,6,65.99150436654142,36.13,128.34
2022-07-24 18:00:00,삼천포,447.5166666666667,6,6,65.93675026024172,34.95,128.07
2022-07-24 18:00:00,여수,215.85000000000002,6,6,65.69813100767823,34.74,127.74
2022-07-24 18:00:00,영동,231.76666666666668,6,6,65.94907378165209,37.18,128.46
2022-07-24 18:00:00,영흥,313.43333333333334,6,6,64.35810405923627,37.26,126.46
2022-07-24 18:00:00,예천,234.56666666666663,6,6,66.01791303286548,36.65,128.46
2022-07-24 18:00:00,창원,428.0833333333333,6,6,66.31277668874526,35.21,128.58
2022-07-24 18:00:00,탑선,158.18333333333334,6,6,64.87618020219078,35.24,126.81
2022-07-24 19:00:00,경상대,250.02000000000004,5,6,77.91857702529265,35.18,128.1
2022-07-24 19:00:00,고흥만수상,216.66,5,6,77.45214555763462,34.57,127.3
2022-07-24 19:00:00,광양항세방,146.9,5,6,77.67942335863815,34.93,127.71
2022-07-24 19:00:00,구미,211.18,5,6,77.84691557317585,36.13,128.34
2022-07-24 19:00:00,삼천포,230.02000000000004,5,6,77.95792230804979,34.95,128.07
2022-07-24 19:00:00,여수,174.8,5,6,77.75468569172736,34.74,127.74
2022-07-24 19:00:00,영동,179.1,5,6,77.65496622236893,37.18,128.46
2022-07-24 19:00:00,영흥,174.15,6,6,76.09639934426187,37.26,126.46
2022-07-24 19:00:00,예천,143.74,5,6,77.79843908231449,36.65,128.46
2022-07-24 19:00:00,창원,263.25,4,6,78.28738005319525,35.21,128.58
2022-07-24 19:00:00,탑선,93.17999999999999,5,6,76.8869827210238,35.24,126.81
2022-07-24 20:00:00,경상대,,0,6,89.4406039084914,35.18,128.1
2022-07-24 20:00:00,고흥만수상,,0,6,89.08697710682316,34.57,127.3
2022-07-24 20:00:00,광양항세방,,0,6,89.25041018075646,34.93,127.71
2022-07-24 20:00:00,구미,,0,6,89.23006043939844,36.13,128.34
2022-07-24 20:00:00,삼천포,,0,6,89.51197720999171,34.95,128.07
2022-07-24 20:00:00,여수,,0,6,89.34979666223393,34.74,127.74
2022-07-24 20:00:00,영동,,0,6,88.8869083332877,37.18,128.46
2022-07-24 20:00:00,영흥,,0,6,87.39608081314262,37.26,126.46
2022-07-24 20:00:00,예천,,0,6,89.10469683435156,36.65,128.46
2022-07-24 20:00:00,창원,,0,6,89.78604968671519,35.21,128.58
2022-07-24 20:00:00,탑선,,0,6,88.45143111246296,35.24,126.81
2022-07-24 21:00:00,경상대,,0,6,100.2038023436186,35.18,128.1
2022-07-24 21:00:00,고흥만수상,,0,6,99.98458093614924,34.57,127.3
2022-07-24 21:00:00,광양항세방,,0,6,100.07283897697688,34.93,127.71
2022-07-24 21:00:00,구미,,0,6,99.84381401638606,36.13,128.34
2022-07-24 21:00:00,삼천포,,0,6,100.30923973449492,34.95,128.07
2022-07-24 21:00:00,여수,,0,6,100.1968251201647,34.74,127.74
2022-07-24 21:00:00,영동,,0,6,99.34207213939028,37.18,128.46
2022-07-24 21:00:00,영흥,,0,6,97.96423435275186,37.26,126.46
2022-07-24 21:00:00,예천,,0,6,99.63637308540372,36.65,128.46
2022-07-24 21:00:00,창원,,0,6,100.51475719773867,35.21,128.58
2022-07-24 21:00:00,탑선,,0,6,99.28557226836958,35.24,126.81
2022-07-24 22:00:00,경상대,,0,6,109.79799716197216,35.18,128.1
2022-07-24 22:00:00,고흥만수상,,0,6,109.74297214878749,34.57,127.3
2022-07-24 22:00:00,광양항세방,,0,6,109.74046781927336,34.93,127.71
2022-07-24 22:00:00,구미,,0,6,109.27579246110916,36.13,128.34
2022-07-24 22:00:00,삼천포,,0,6,109.93985647694261,34.95,128.07
2022-07-24 22:00:00,여수,,0,6,109.88928921850439,34.74,127.74
2022-07-24 22:00:00,영동,,0,6,108.6075050466639,37.18,128.46
2022-07-24 22:00:00,영흥,,0,6,107.4057457354235,37.26,126.46
2022-07-24 22:00:00,예천,,0,6,108.98017868983558,36.65,128.46
2022-07-24 22:00:00,창원,,0,6,110.05851664379722,35.21,128.58
2022-07-24 22:00:00,탑선,,0,6,108.99183848156416,35.24,126.81
2022-07-24 23:00:00,경상대,,0,6,117.63878504524723,35.18,128.1
2022-07-24 23:00:00,고흥만수상,,0,6,117.78264555326753,34.57,127.3
2022-07-24 23:00:00,광양항세방,,0,6,117.67159461062356,34.93,127.71
2022-07-24 23:00:00,구미,,0,6,116.9477749221421,36.13,128.34
2022-07-24 23:00:00,삼천포,,0,6,117.81766002404748,34.95,128.07
2022-07-24 23:00:00,여수,,0,6,117.8433932661964,34.74,127.74
2022-07-24 23:00:00,영동,,0,6,116.11412979654634,37.18,128.46
2022-07-24 23:00:00,영흥,,0,6,115.17434967570865,37.26,126.46
2022-07-24 23:00:00,예천,,0,6,116.5616671194623,36.65,128.46
2022-07-24 23:00:00,창원,,0,6,117.82711007180589,35.21,128.58
2022-07-24 23:00:00,탑선,,0,6,117.00268899921517,35.24,126.81
2022-07-25 00:00:00,경상대,,0,6,122.9695683012095,35.18,128.1
2022-07-25 00:00:00,고흥만수상,,0,6,123.33912003710748,34.57,127.3
2022-07-25 00:00:00,광양항세방,,0,6,123.10676266118226,34.93,127.71
2022-07-25 00:00:00,구미,,0,6,122.12491498170468,36.13,128.34
2022-07-25 00:00:00,삼천포,,0,6,123.18056895161425,34.95,128.07
2022-07-25 00:00:00,여수,,0,6,123.2947358251598,34.74,127.74
2022-07-25 00:00:00,영동,,0,6,121.15209366491528,37.18,128.46
2022-07-25 00:00:00,영흥,,0,6,120.57515884545117,37.26,126.46
2022-07-25 00:00:00,예천,,0,6,121.65801494691235,36.65,128.46
2022-07-25 00:00:00,창원,,0,6,123.06083657515458,35.21,128.58
2022-07-25 00:00:00,탑선,,0,6,122.57416048999221,35.24,126.81
2022-07-25 01:00:00,경상대,,0,5,125.0385458194514,35.18,128.1
2022-07-25 01:00:00,고흥만수상,,0,5,125.62925253418311,34.57,127.3
2022-07-25 01:00:00,광양항세방,,0,5,125.28055189034535,34.93,127.71
2022-07-25 01:00:00,구미,,0,5,124.0923022017839,36.13,128.34
2022-07-25 01:00:00,삼천포,,0,5,125.26796926652527,34.95,128.07
2022-07-25 01:00:00,여수,,0,5,125.47117121193034,34.74,127.74
2022-07-25 01:00:00,영동,,0,5,123.04383952485094,37.18,128.46
2022-07-25 01:00:00,영흥,,0,5,122.9115788904079,37.26,126.46
2022-07-25 01:00:00,예천,,0,5,123.57378025358531,36.65,128.46
2022-07-25 01:00:00,창원,,0,5,125.01483105885683,35.21,128.58
2022-07-25 01:00:00,탑선,,0,5,124.94302453544464,35.24,126.81
2022-07-25 02:00:00,경상대,,0,6,123.48082654167254,35.18,128.1
2022-07-25 02:00:00,고흥만수상,,0,6,124.24327324127886,34.57,127.3
2022-07-25 02:00:00,광양항세방,,0,6,123.8074815743928,34.93,127.71
2022-07-25 02:00:00,구미,,0,6,122.51369843365973,36.13,128.34
2022-07-25 02:00:00,삼천포,,0,6,123.70881681544691,34.95,128.07
2022-07-25 02:00:00,여수,,0,6,123.9840569465212,34.74,127.74
2022-07-25 02:00:00,영동,,0,6,121.47739775276959,37.18,128.46
2022-07-25 02:00:00,영흥,,0,6,121.80566129764298,37.26,126.46
2022-07-25 02:00:00,예천,,0,6,121.98714870086222,36.65,128.46
2022-07-25 02:00:00,창원,,0,6,123.34350967776385,35.21,128.58
2022-07-25 02:00:00,탑선,,0,6,123.69713541692548,35.24,126.81
2022-07-25 03:00:00,경상대,,0,6,118.57546918344141,35.18,128.1
2022-07-25 03:00:00,고흥만수상,,0,6,119.43618149785291,34.57,127.3
2022-07-25 03:00:00,광양항세방,,0,6,118.95445348529452,34.93,127.71
2022-07-25 03:00:00,구미,,0,6,117.66210891427063,36.13,128.34
2022-07-25 03:00:00,삼천포,,0,6,118.78478532469481,34.95,128.07
2022-07-25 03:00:00,여수,,0,6,119.10463402295362,34.74,127.74
2022-07-25 03:00:00,영동,,0,6,116.71365714971506,37.18,128.46
2022-07-25 03:00:00,영흥,,0,6,117.443027728527,37.26,126.46
2022-07-25 03:00:00,예천,,0,6,117.16732788541331,36.65,128.46
2022-07-25 03:00:00,창원,,0,6,118.34502912609244,35.21,128.58
2022-07-25 03:00:00,탑선,,0,6,119.06084097302313,35.24,126.81
2022-07-25 04:00:00,경상대,,0,6,111.04486425345353,35.18,128.1
2022-07-25 04:00:00,고흥만수상,,0,6,111.93971621401636,34.57,127.3
2022-07-25 04:00:00,광양항세방,,0,6,111.44675907173671,34.93,127.71
2022-07-25 04:00:00,구미,,0,6,110.22968052775622,36.13,128.34
2022-07-25 04:00:00,삼천포,,0,6,111.22624967419769,34.95,128.07
2022-07-25 04:00:00,여수,,0,6,111.56574465007124,34.74,127.74
2022-07-25 04:00:00,영동,,0,6,109.41082073773191,37.18,128.46
2022-07-25 04:00:00,영흥,,0,6,110.44654559219072,37.26,126.46
2022-07-25 04:00:00,예천,,0,6,109.79033204445004,36.65,128.46
2022-07-25 04:00:00,창원,,0,6,110.7480099839116,35.21,128.58
2022-07-25 04:00:00,탑선,,0,6,111.73247390231299,35.24,126.81
2022-07-25 05:00:00,경상대,,0,6,101.66159139021967,35.18,128.1
2022-07-25 05:00:00,고흥만수상,,0,6,102.54861256191751,34.57,127.3
2022-07-25 05:00:00,광양항세방,,0,6,102.06637061753696,34.93,127.71
2022-07-25 05:00:00,구미,,0,6,100.9620326807289,36.13,128.34
2022-07-25 05:00:00,삼천포,,0,6,101.81227678074603,34.95,128.07
2022-07-25 05:00:00,여수,,0,6,102.15446500659945,34.74,127.74
2022-07-25 05:00:00,영동,,0,6,100.28652113503165,37.18,128.46
2022-07-25 05:00:00,영흥,,0,6,101.5393872460007,37.26,126.46
2022-07-25 05:00:00,예천,,0,6,100.58749066190018,36.65,128.46
2022-07-25 05:00:00,창원,,0,6,101.321022150417,35.21,128.58
2022-07-25 05:00:00,탑선,,0,6,102.49044675781704,35.24,126.81
2022-07-25 06:00:00,경상대,,0,6,91.03765532696144,35.18,128.1
2022-07-25 06:00:00,고흥만수상,,0,6,91.89231757989867,34.57,127.3
2022-07-25 06:00:00,광양항세방,,0,6,91.43314965606109,34.93,127.71
2022-07-25 06:00:00,구미,,0,6,90.45753286998796,36.13,128.34
2022-07-25 06:00:00,삼천포,,0,6,91.15783905668279,34.95,128.07
2022-07-25 06:00:00,여수,,0,6,91.49245130088185,34.74,127.74
2022-07-25 06:00:00,영동,,0,6,89.92589055874463,37.18,128.46
2022-07-25 06:00:00,영흥,,0,6,91.32742174747139,37.26,126.46
2022-07-25 06:00:00,예천,,0,6,90.14992356077698,36.65,128.46
2022-07-25 06:00:00,창원,,0,6,90.66963083893647,35.21,128.58
2022-07-25 06:00:00,탑선,,0,6,91.96240638032766,35.24,126.81
2022-07-25 07:00:00,경상대,167.70000000000002,3,6,79.60565126703536,35.18,128.1
2022-07-25 07:00:00,고흥만수상,216.95,2,6,80.41264200234218,34.57,127.3
2022-07-25 07:00:00,광양항세방,181.83333333333334,3,6,79.9840716741966,34.93,127.71
2022-07-25 07:00:00,구미,176.9333333333333,3,6,79.14537099204571,36.13,128.34
2022-07-25 07:00:00,삼천포,201.5,3,6,79.6960486414315,34.95,128.07
2022-07-25 07:00:00,여수,238.6,2,6,80.01653974254117,34.74,127.74
2022-07-25 07:00:00,영동,104.0,3,6,78.75566898936742,37.18,128.46
2022-07-25 07:00:00,영흥,193.39999999999998,2,6,80.25650554680371,37.26,126.46
2022-07-25 07:00:00,예천,164.33333333333334,3,6,78.90504564972629,36.65,128.46
2022-07-25 07:00:00,창원,206.19999999999996,3,6,79.22139536874975,35.21,128.58
2022-07-25 07:00:00,탑선,65.45,2,6,80.59461952748639,35.24,126.81
2022-07-25 08:00:00,경상대,274.01666666666665,6,6,67.67063507944361,35.18,128.1
2022-07-25 08:00:00,고흥만수상,232.3166666666667,6,6,68.41724607430228,34.57,127.3
2022-07-25 08:00:00,광양항세방,160.25000000000003,6,6,68.02562373573585,34.93,127.71
2022-07-25 08:00:00,구미,343.73333333333335,6,6,67.3333568034102,36.13,128.34
2022-07-25 08:00:00,삼천포,329.55,6,6,67.73111415969453,34.95,128.07
2022-07-25 08:00:00,여수,290.53333333333336,6,6,68.03216996619373,34.74,127.74
2022-07-25 08:00:00,영동,264.75,6,6,67.08756831380754,37.18,128.46
2022-07-25 08:00:00,영흥,316.98333333333335,6,6,68.65072294544176,37.26,126.46
2022-07-25 08:00:00,예천,299.5833333333333,6,6,67.16224973085059,36.65,128.46
2022-07-25 08:00:00,창원,302.0166666666667,6,6,67.2784443106867,35.21,128.58
2022-07-25 08:00:00,탑선,249.78333333333333,6,6,68.70094513220079,35.24,126.81
2022-07-25 09:00:00,경상대,512.8833333333333,6,6,55.471756511348744,35.18,128.1
2022-07-25 09:00:00,고흥만수상,375.5666666666666,6,6,56.14208764832617,34.57,127.3
2022-07-25 09:00:00,광양항세방,411.25,6,6,55.79573772467165,34.93,127.71
2022-07-25 09:00:00,구미,532.9166666666666,6,6,55.26841647930866,36.13,128.34
2022-07-25 09:00:00,삼천포,489.6166666666666,6,6,55.500270222446396,34.95,128.07
2022-07-25 09:00:00,여수,463.75,6,6,55.775584296824384,34.74,127.74
2022-07-25 09:00:00,영동,440.8499999999999,6,6,55.17756638049599,37.18,128.46
2022-07-25 09:00:00,영흥,484.48333333333335,6,6,56.77037334027197,37.26,126.46
2022-07-25 09:00:00,예천,389.96666666666664,6,6,55.17282717511658,36.65,128.46
2022-07-25 09:00:00,창원,536.5,6,6,55.07913364631439,35.21,128.58
2022-07-25 09:00:00,탑선,493.95,6,6,56.524211318462115,35.24,126.81
2022-07-25 10:00:00,경상대,598.5833333333334,6,6,43.25390408437166,35.18,128.1
2022-07-25 10:00:00,고흥만수상,307.3666666666666,6,6,43.820315992489746,34.57,127.3
2022-07-25 10:00:00,광양항세방,393.4666666666667,6,6,43.53416060463005,34.93,127.71
2022-07-25 10:00:00,구미,435.2166666666667,6,6,43.21107313644032,36.13,128.34
2022-07-25 10:00:00,삼천포,644.6166666666667,6,6,43.24478771613326,34.95,128.07
2022-07-25 10:00:00,여수,673.9833333333332,6,6,43.48377922181826,34.74,127.74
2022-07-25 10:00:00,영동,530.7333333333333,6,6,43.30316381894927,37.18,128.46
2022-07-25 10:00:00,영흥,650.0833333333334,6,6,44.88505289911787,37.26,126.46
2022-07-25 10:00:00,예천,570.9333333333333,6,6,43.20597633803399,36.65,128.46
2022-07-25 10:00:00,창원,531.3333333333334,6,6,42.87064313179779,35.21,128.58
2022-07-25 10:00:00,탑선,481.13333333333327,6,6,44.30590787774634,35.24,126.81
2022-07-25 11:00:00,경상대,484.3833333333334,6,6,31.41120674389405,35.18,128.1
2022-07-25 11:00:00,고흥만수상,541.5333333333334,6,6,31.813243637215024,34.57,127.3
2022-07-25 11:00:00,광양항세방,781.4,6,6,31.62014371294277,34.93,127.71
2022-07-25 11:00:00,구미,757.3166666666667,6,6,31.589062435717025,36.13,128.34
2022-07-25 11:00:00,삼천포,780.5833333333334,6,6,31.35121035079859,34.95,128.07
2022-07-25 11:00:00,여수,654.2666666666668,6,6,31.530837421802048,34.74,127.74
2022-07-25 11:00:00,영동,784.6166666666667,6,6,31.925750716288398,37.18,128.46
2022-07-25 11:00:00,영흥,729.6333333333332,6,6,33.41675728973845,37.26,126.46
2022-07-25 11:00:00,예천,730.6833333333333,6,6,31.707542497278787,36.65,128.46
2022-07-25 11:00:00,창원,794.0,6,6,31.057524299223715,35.21,128.58
2022-07-25 11:00:00,탑선,387.75,6,6,32.418443635410966,35.24,126.81
2022-07-25 12:00:00,경상대,848.9,6,6,20.989236621715506,35.18,128.1
2022-07-25 12:00:00,고흥만수상,631.6833333333333,6,6,21.068424744092894,34.57,127.3
2022-07-25 12:00:00,광양항세방,826.1833333333334,6,6,21.053745586800673,34.93,127.71
2022-07-25 12:00:00,구미,821.85,6,6,21.516588871171876,36.13,128.34
2022-07-25 12:00:00,삼천포,931.0666666666667,6,6,20.849792728053444,34.95,128.07
2022-07-25 12:00:00,여수,692.6333333333332,6,6,20.9083131450206,34.74,127.74
2022-07-25 12:00:00,영동,824.6833333333333,6,6,22.214454663874562,37.18,128.46
2022-07-25 12:00:00,영흥,846.7333333333332,6,6,23.38259914326126,37.26,126.46
2022-07-25 12:00:00,예천,833.1666666666666,6,6,21.825259601418935,36.65,128.46
2022-07-25 12:00:00,창원,909.5166666666665,6,6,20.72758868431582,35.21,128.58
2022-07-25 12:00:00,탑선,538.3166666666666,6,6,21.810488585404727,35.24,126.81
2022-07-25 13:00:00,경상대,881.4,6,6,15.540041954017724,35.18,128.1
2022-07-25 13:00:00,고흥만수상,581.1166666666667,6,6,14.99169968368291,34.57,127.3
2022-07-25 13:00:00,광양항세방,848.4833333333332,6,6,15.31514187576488,34.93,127.71
2022-07-25 13:00:00,구미,868.8166666666667,6,6,16.477921467900188,36.13,128.34
2022-07-25 13:00:00,삼천포,969.7166666666667,6,6,15.312123005733255,34.95,128.07
2022-07-25 13:00:00,여수,865.8666666666667,6,6,15.123699781369424,34.74,127.74
2022-07-25 13:00:00,영동,849.3833333333336,6,6,17.52303790960444,37.18,128.46
2022-07-25 13:00:00,영흥,871.1,6,6,17.747733254944436,37.26,126.46
2022-07-25 13:00:00,예천,857.65,6,6,16.99339313434237,36.65,128.46
2022-07-25 13:00:00,창원,954.2333333333332,6,6,15.550756575926641,35.21,128.58
2022-07-25 13:00:00,탑선,781.5166666666668,6,6,15.708053685566526,35.24,126.81
2022-07-25 14:00:00,경상대,844.5500000000001,6,6,19.814738522073142,35.18,128.1
2022-07-25 14:00:00,고흥만수상,755.65,6,6,18.922602564574703,34.57,127.3
2022-07-25 14:00:00,광양항세방,856.1500000000001,6,6,19.415471107898227,34.93,127.71
2022-07-25 14:00:00,구미,885.25,6,6,20.65557720640298,36.13,128.34
2022-07-25 14:00:00,삼천포,965.65,6,6,19.628006172963552,34.95,128.07
2022-07-25 14:00:00,여수,839.0833333333334,6,6,19.290429503877405,34.74,127.74
2022-07-25 14:00:00,영동,832.0,6,6,21.52019401488944,37.18,128.46
2022-07-25 14:00:00,영흥,885.6,6,6,20.622807905633337,37.26,126.46
2022-07-25 14:00:00,예천,861.5500000000001,6,6,21.113289627261764,36.65,128.46
2022-07-25 14:00:00,창원,946.8499999999999,6,6,20.102305777132557,35.21,128.58
2022-07-25 14:00:00,탑선,861.8166666666667,6,6,19.175318157824705,35.24,126.81
2022-07-25 15:00:00,경상대,556.6333333333333,6,6,29.86163037289071,35.18,128.1
2022-07-25 15:00:00,고흥만수상,728.9,6,6,29.015752066383264,34.57,127.3
2022-07-25 15:00:00,광양항세방,805.2999999999998,6,6,29.468807685997888,34.93,127.71
2022-07-25 15:00:00,구미,818.8166666666667,6,6,30.4300758022176,36.13,128.34
2022-07-25 15:00:00,삼천포,908.5999999999999,6,6,29.747378038563156,34.95,128.07
2022-07-25 15:00:00,여수,839.9666666666667,6,6,29.415472347179566,34.74,127.74
2022-07-25 15:00:00,영동,785.2666666666668,6,6,30.970846940457633,37.18,128.46
2022-07-25 15:00:00,영흥,827.2666666666668,6,6,29.596870235071073,37.26,126.46
2022-07-25 15:00:00,예천,809.0,6,6,30.73900080129937,36.65,128.46
2022-07-25 15:00:00,창원,891.3499999999999,6,6,30.233501187160037,35.21,128.58
2022-07-25 15:00:00,탑선,699.35,6,6,28.92718942846514,35.24,126.81
2022-07-25 16:00:00,경상대,607.4,6,6,41.6035852939006,35.18,128.1
2022-07-25 16:00:00,고흥만수상,665.1,6,6,40.85126124086768,34.57,127.3
2022-07-25 16:00:00,광양항세방,705.6166666666667,6,6,41.24557550941741,34.93,127.71
2022-07-25 16:00:00,구미,722.3833333333333,6,6,41.96822702468445,36.13,128.34
2022-07-25 16:00:00,삼천포,792.5500000000001,6,6,41.53971907150409,34.95,128.07
2022-07-25 16:00:00,여수,767.1666666666666,6,6,41.237029420587795,34.74,127.74
2022-07-25 16:00:00,영동,695.7666666666668,6,6,42.27085784420571,37.18,128.46
2022-07-25 16:00:00,영흥,728.0500000000001,6,6,40.73555710741944,37.26,126.46
2022-07-25 16:00:00,예천,709.6999999999999,6,6,42.163595076676266,36.65,128.46
2022-07-25 16:00:00,창원,783.2166666666667,6,6,41.9951738097774,35.21,128.58
2022-07-25 16:00:00,탑선,733.35,6,6,40.57844498143963,35.24,126.81
2022-07-25 17:00:00,경상대,477.3666666666666,6,6,53.807173904360155,35.18,128.1
2022-07-25 17:00:00,고흥만수상,591.3833333333334,6,6,53.14685260713714,34.57,127.3
2022-07-25 17:00:00,광양항세방,557.35,6,6,53.48621324728342,34.93,127.71
2022-07-25 17:00:00,구미,594.6166666666667,6,6,54.01288823913227,36.13,128.34
2022-07-25 17:00:00,삼천포,518.0,6,6,53.78143680600723,34.95,128.07
2022-07-25 17:00:00,여수,623.3666666666667,6,6,53.50973465827258,34.74,127.74
2022-07-25 17:00:00,영동,596.3333333333334,6,6,54.1323192113717,37.18,128.46
2022-07-25 17:00:00,영흥,585.0666666666666,6,6,52.544079202759676,37.26,126.46
2022-07-25 17:00:00,예천,569.5333333333333,6,6,54.119213702825895,36.65,128.46
2022-07-25 17:00:00,창원,629.95,6,6,54.1995600727123,35.21,128.58
2022-07-25 17:00:00,탑선,469.40000000000003,6,6,52.75406816028903,35.24,126.81
2022-07-25 18:00:00,경상대,417.4166666666667,6,6,66.034737014363,35.18,128.1
2022-07-25 18:00:00,고흥만수상,345.93333333333334,6,6,65.46677130802162,34.57,127.3
2022-07-25 18:00:00,광양항세방,378.04999999999995,6,6,65.75228783747481,34.93,127.71
2022-07-25 18:00:00,구미,345.15000000000003,6,6,66.10090959251008,36.13,128.34
2022-07-25 18:00:00,삼천포,432.34999999999997,6,6,66.04192879454948,34.95,128.07
2022-07-25 18:00:00,여수,437.8333333333333,6,6,65.80243595131124,34.74,127.74
2022-07-25 18:00:00,영동,421.8166666666666,6,6,66.06214590763514,37.18,128.46
2022-07-25 18:00:00,영흥,407.8333333333333,6,6,64.4708090871726,37.26,126.46
2022-07-25 18:00:00,예천,391.15000000000003,6,6,66.12916164833736,36.65,128.46
2022-07-25 18:00:00,창원,424.50000000000006,6,6,66.41907394739214,35.21,128.58
2022-07-25 18:00:00,탑선,339.2333333333333,6,6,64.98189536158404,35.24,126.81
2022-07-25 19:00:00,경상대,245.32500000000005,4,6,78.03321429965537,35.18,128.1
2022-07-25 19:00:00,고흥만수상,241.33999999999997,5,6,77.56431031865984,34.57,127.3
2022-07-25 19:00:00,광양항세방,197.2,5,6,77.79300558288213,34.93,127.71
2022-07-25 19:00:00,구미,237.32,5,6,77.96464907883107,36.13,128.34
2022-07-25 19:00:00,삼천포,252.85000000000002,4,6,78.07182489453234,34.95,128.07
2022-07-25 19:00:00,여수,197.45999999999998,5,6,77.86769738787784,34.74,127.74
2022-07-25 19:00:00,영동,243.68,5,6,77.7759820500565,37.18,128.46
2022-07-25 19:00:00,영흥,233.62000000000003,5,6,76.21635666221692,37.26,126.46
2022-07-25 19:00:00,예천,219.6,5,6,77.91784437330632,36.65,128.46
2022-07-25 19:00:00,창원,164.75,4,6,78.40245544129954,35.21,128.58
2022-07-25 19:00:00,탑선,236.35999999999999,5,6,77.00090126480266,35.24,126.81
2022-07-25 20:00:00,경상대,,0,6,89.56830893075681,35.18,128.1
2022-07-25 20:00:00,고흥만수상,,0,6,89.21220436889624,34.57,127.3
2022-07-25 20:00:00,광양항세방,,0,6,89.3770407939841,34.93,127.71
2022-07-25 20:00:00,구미,,0,6,89.36058476347782,36.13,128.34
2022-07-25 20:00:00,삼천포,,0,6,89.63902187582754,34.95,128.07
2022-07-25 20:00:00,여수,,0,6,89.47593335222453,34.74,127.74
2022-07-25 20:00:00,영동,,0,6,89.02036396892119,37.18,128.46
2022-07-25 20:00:00,영흥,,0,6,87.5278843181589,37.26,126.46
2022-07-25 20:00:00,예천,,0,6,89.23673659488477,36.65,128.46
2022-07-25 20:00:00,창원,,0,6,89.91431628749412,35.21,128.58
2022-07-25 20:00:00,탑선,,0,6,88.57803315136385,35.24,126.81
2022-07-25 21:00:00,경상대,,0,6,100.34861619945154,35.18,128.1
2022-07-25 21:00:00,고흥만수상,,0,6,100.1269482307423,34.57,127.3
2022-07-25 21:00:00,광양항세방,,0,6,100.21657632551751,34.93,127.71
2022-07-25 21:00:00,구미,,0,6,99.99112933466391,36.13,128.34
2022-07-25 21:00:00,삼천포,,0,6,100.45347597271486,34.95,128.07
2022-07-25 21:00:00,여수,,0,6,100.34015029272511,34.74,127.74
2022-07-25 21:00:00,영동,,0,6,99.49192142217021,37.18,128.46
2022-07-25 21:00:00,영흥,,0,6,98.11190538723181,37.26,126.46
2022-07-25 21:00:00,예천,,0,6,99.78502314275937,36.65,128.46
2022-07-25 21:00:00,창원,,0,6,100.66024316116099,35.21,128.58
2022-07-25 21:00:00,탑선,,0,6,99.42892812835524,35.24,126.81
2022-07-25 22:00:00,경상대,,0,6,109.96333433163319,35.18,128.1
2022-07-25 22:00:00,고흥만수상,,0,6,109.90602229768024,34.57,127.3
2022-07-25 22:00:00,광양항세방,,0,6,109.90478424404026,34.93,127.71
2022-07-25 22:00:00,구미,,0,6,109.44317854641024,36.13,128.34
2022-07-25 22:00:00,삼천포,,0,6,110.10472931978327,34.95,128.07
2022-07-25 22:00:00,여수,,0,6,110.05329637549102,34.74,127.74
2022-07-25 22:00:00,영동,,0,6,108.77689083193523,37.18,128.46
2022-07-25 22:00:00,영흥,,0,6,107.57257532790143,37.26,126.46
2022-07-25 22:00:00,예천,,0,6,109.14864587065729,36.65,128.46
2022-07-25 22:00:00,창원,,0,6,110.2245976219461,35.21,128.58
2022-07-25 22:00:00,탑선,,0,6,109.15544340553028,35.24,126.81
2022-07-25 23:00:00,경상대,,0,6,117.82609113897648,35.18,128.1
2022-07-25 23:00:00,고흥만수상,,0,6,117.96809515831751,34.57,127.3
2022-07-25 23:00:00,광양항세방,,0,6,117.8580598557013,34.93,127.71
2022-07-25 23:00:00,구미,,0,6,117.13646664923672,36.13,128.34
2022-07-25 23:00:00,삼천포,,0,6,118.00466180922655,34.95,128.07
2022-07-25 23:00:00,여수,,0,6,118.02968003712736,34.74,127.74
2022-07-25 23:00:00,영동,,0,6,116.30409665769714,37.18,128.46
2022-07-25 23:00:00,영흥,,0,6,115.36176766659244,37.26,126.46
2022-07-25 23:00:00,예천,,0,6,116.75107771945291,36.65,128.46
2022-07-25 23:00:00,창원,,0,6,118.01512534088197,35.21,128.58
2022-07-25 23:00:00,탑선,,0,6,117.18823594253544,35.24,126.81
2022-07-26 00:00:00,경상대,,0,6,123.17566796113817,35.18,128.1
2022-07-26 00:00:00,고흥만수상,,0,6,123.54415682174309,34.57,127.3
2022-07-26 00:00:00,광양항세방,,0,6,123.31237358501446,34.93,127.71
2022-07-26 00:00:00,구미,,0,6,122.33160403264344,36.13,128.34
2022-07-26 00:00:00,삼천포,,0,6,123.38654823827684,34.95,128.07
2022-07-26 00:00:00,여수,,0,6,123.50029837347358,34.74,127.74
2022-07-26 00:00:00,영동,,0,6,121.35926512097974,37.18,128.46
2022-07-26 00:00:00,영흥,,0,6,120.78051623050058,37.26,126.46
2022-07-26 00:00:00,예천,,0,6,121.86500116158129,36.65,128.46
2022-07-26 00:00:00,창원,,0,6,123.2674129383407,35.21,128.58
2022-07-26 00:00:00,탑선,,0,6,122.77898503325395,35.24,126.81
2022-07-26 01:00:00,경상대,,0,5,125.2534975891312,35.18,128.1
2022-07-26 01:00:00,고흥만수상,,0,5,125.84408608056518,34.57,127.3
2022-07-26 01:00:00,광양항세방,,0,5,125.49545228695096,34.93,127.71
2022-07-26 01:00:00,구미,,0,5,124.30728182231232,36.13,128.34
2022-07-26 01:00:00,삼천포,,0,5,125.48291679011896,34.95,128.07
2022-07-26 01:00:00,여수,,0,5,125.68607490905272,34.74,127.74
2022-07-26 01:00:00,영동,,0,5,123.258831955895,37.18,128.46
2022-07-26 01:00:00,영흥,,0,5,123.12628271944175,37.26,126.46
2022-07-26 01:00:00,예천,,0,5,123.78877184606232,36.65,128.46
2022-07-26 01:00:00,창원,,0,5,125.22983088125159,35.21,128.58
2022-07-26 01:00:00,탑선,,0,5,125.15777348445242,35.24,126.81
2022-07-26 02:00:00,경상대,,0,6,123.69059876505676,35.18,128.1
2022-07-26 02:00:00,고흥만수상,,0,6,124.45351392386951,34.57,127.3
2022-07-26 02:00:00,광양항세방,,0,6,124.01749492201085,34.93,127.71
2022-07-26 02:00:00,구미,,0,6,122.72354336327379,36.13,128.34
2022-07-26 02:00:00,삼천포,,0,6,123.91854923389116,34.95,128.07
2022-07-26 02:00:00,여수,,0,6,124.19399585760172,34.74,127.74
2022-07-26 02:00:00,영동,,0,6,121.68743419090333,37.18,128.46
2022-07-26 02:00:00,영흥,,0,6,122.01710215703554,37.26,126.46
2022-07-26 02:00:00,예천,,0,6,122.19704315072704,36.65,128.46
2022-07-26 02:00:00,창원,,0,6,123.55290233540198,35.21,128.58
2022-07-26 02:00:00,탑선,,0,6,123.9079069476634,35.24,126.81
2022-07-26 03:00:00,경상대,,0,6,118.7689421263066,35.18,128.1
2022-07-26 03:00:00,고흥만수상,,0,6,119.63012252800418,34.57,127.3
2022-07-26 03:00:00,광양항세방,,0,6,119.1481976665508,34.93,127.71
2022-07-26 03:00:00,구미,,0,6,117.85619245198382,36.13,128.34
2022-07-26 03:00:00,삼천포,,0,6,118.97807144304502,34.95,128.07
2022-07-26 03:00:00,여수,,0,6,119.29815306829215,34.74,127.74
2022-07-26 03:00:00,영동,,0,6,116.90858178311427,37.18,128.46
2022-07-26 03:00:00,영흥,,0,6,117.64043245755062,37.26,126.46
2022-07-26 03:00:00,예천,,0,6,117.36175544064203,36.65,128.46
2022-07-26 03:00:00,창원,,0,6,118.53789722184607,35.21,128.58
2022-07-26 03:00:00,탑선,,0,6,119.25605357135414,35.24,126.81
2022-07-26 04:00:00,경상대,,0,6,111.21757971625462,35.18,128.1
2022-07-26 04:00:00,고흥만수상,,0,6,112.11253901190162,34.57,127.3
2022-07-26 04:00:00,광양항세방,,0,6,111.61960362198464,34.93,127.71
2022-07-26 04:00:00,구미,,0,6,110.40365734647717,36.13,128.34
2022-07-26 04:00:00,삼천포,,0,6,111.39861657343793,34.95,128.07
2022-07-26 04:00:00,여수,,0,6,111.73822428280023,34.74,127.74
2022-07-26 04:00:00,영동,,0,6,109.58635952605655,37.18,128.46
2022-07-26 04:00:00,영흥,,0,6,110.62486127654903,37.26,126.46
2022-07-26 04:00:00,예천,,0,6,109.96500559970845,36.65,128.46
2022-07-26 04:00:00,창원,,0,6,110.92010057964485,35.21,128.58
2022-07-26 04:00:00,탑선,,0,6,111.90710984469463,35.24,126.81
2022-07-26 05:00:00,경상대,,0,6,101.81419295775996,35.18,128.1
2022-07-26 05:00:00,고흥만수상,,0,6,102.70086492621917,34.57,127.3
2022-07-26 05:00:00,광양항세방,,0,6,102.21890532081203,34.93,127.71
2022-07-26 05:00:00,구미,,0,6,101.11645329467558,36.13,128.34
2022-07-26 05:00:00,삼천포,,0,6,101.96439885265464,34.95,128.07
2022-07-26 05:00:00,여수,,0,6,102.30653424351061,34.74,127.74
2022-07-26 05:00:00,영동,,0,6,100.44309921649506,37.18,128.46
2022-07-26 05:00:00,영흥,,0,6,101.69854539727164,37.26,126.46
2022-07-26 05:00:00,예천,,0,6,100.74291114184749,36.65,128.46
2022-07-26 05:00:00,창원,,0,6,101.47308802507958,35.21,128.58
2022-07-26 05:00:00,탑선,,0,6,102.64481850245804,35.24,126.81
2022-07-26 06:00:00,경상대,,0,6,91.17316674793773,35.18,128.1
2022-07-26 06:00:00,고흥만수상,,0,6,92.02703238198163,34.57,127.3
2022-07-26 06:00:00,광양항세방,,0,6,91.5683960228874,34.93,127.71
2022-07-26 06:00:00,구미,,0,6,90.5953193338222,36.13,128.34
2022-07-26 06:00:00,삼천포,,0,6,91.29276798974107,34.95,128.07
2022-07-26 06:00:00,여수,,0,6,91.6271602540462,34.74,127.74
2022-07-26 06:00:00,영동,,0,6,90.06630931225656,37.18,128.46
2022-07-26 06:00:00,영흥,,0,6,91.47000456459776,37.26,126.46
2022-07-26 06:00:00,예천,,0,6,90.2889584250703,36.65,128.46
2022-07-26 06:00:00,창원,,0,6,90.80473479420203,35.21,128.58
2022-07-26 06:00:00,탑선,,0,6,92.0994060324687,35.24,126.81
2022-07-26 07:00:00,경상대,158.86666666666667,3,6,79.72792868648642,35.18,128.1
2022-07-26 07:00:00,고흥만수상,154.0,2,6,80.53368039778157,34.57,127.3
2022-07-26 07:00:00,광양항세방,73.95,2,6,80.10588552550004,34.93,127.71
2022-07-26 07:00:00,구미,134.86666666666667,3,6,79.2703427659387,36.13,128.34
2022-07-26 07:00:00,삼천포,136.23333333333332,3,6,79.81765034483696,34.95,128.07
2022-07-26 07:00:00,여수,136.8,2,6,80.13775427091765,34.74,127.74
2022-07-26 07:00:00,영동,155.46666666666667,3,6,78.88370130037693,37.18,128.46
2022-07-26 07:00:00,영흥,146.8,2,6,80.38619319109532,37.26,126.46
2022-07-26 07:00:00,예천,188.66666666666666,3,6,79.03149387494628,36.65,128.46
2022-07-26 07:00:00,창원,128.1,3,6,79.34340729039084,35.21,128.58
2022-07-26 07:00:00,탑선,163.3,2,6,80.7180576368381,35.24,126.81
2022-07-26 08:00:00,경상대,167.0666666666667,6,6,67.78398005167088,35.18,128.1
2022-07-26 08:00:00,고흥만수상,217.41666666666666,6,6,68.52886095025795,34.57,127.3
2022-07-26 08:00:00,광양항세방,172.15,6,6,68.13828415688599,34.93,127.71
2022-07-26 08:00:00,구미,207.79999999999998,6,6,67.44985705652164,36.13,128.34
2022-07-26 08:00:00,삼천포,154.41666666666666,6,6,67.8436804837437,34.95,128.07
2022-07-26 08:00:00,여수,166.26666666666668,6,6,68.14416303494887,34.74,127.74
2022-07-26 08:00:00,영동,193.79999999999998,6,6,67.20759191936824,37.18,128.46
2022-07-26 08:00:00,영흥,286.31666666666666,6,6,68.77180644702786,37.26,126.46
2022-07-26 08:00:00,예천,175.4,6,6,67.28047506284983,36.65,128.46
2022-07-26 08:00:00,창원,181.26666666666668,6,6,67.39168397199067,35.21,128.58
2022-07-26 08:00:00,탑선,220.4,6,6,68.81508131028258,35.24,126.81
2022-07-26 09:00:00,경상대,187.91666666666666,6,6,55.581338854388164,35.18,128.1
2022-07-26 09:00:00,고흥만수상,264.7166666666667,6,6,56.24930959016574,34.57,127.3
2022-07-26 09:00:00,광양항세방,175.65,6,6,55.90435171115251,34.93,127.71
2022-07-26 09:00:00,구미,307.9166666666667,6,6,55.3817397944121,36.13,128.34
2022-07-26 09:00:00,삼천포,288.0333333333333,6,6,55.60894169651215,34.95,128.07
2022-07-26 09:00:00,여수,261.21666666666664,6,6,55.8834432040033,34.74,127.74
2022-07-26 09:00:00,영동,365.75,6,6,55.294986495068464,37.18,128.46
2022-07-26 09:00:00,영흥,458.0166666666667,6,6,56.88807585772681,37.26,126.46
2022-07-26 09:00:00,예천,500.6000000000001,6,6,55.28818680701441,36.65,128.46
2022-07-26 09:00:00,창원,213.28333333333333,6,6,55.18881777290078,35.21,128.58
2022-07-26 09:00:00,탑선,356.81666666666666,6,6,56.634111514181804,35.24,126.81
2022-07-26 10:00:00,경상대,276.55,6,6,43.36711411688124,35.18,128.1
2022-07-26 10:00:00,고흥만수상,291.51666666666665,6,6,43.930246759759655,34.57,127.3
2022-07-26 10:00:00,광양항세방,300.6666666666667,6,6,43.645986625141816,34.93,127.71
2022-07-26 10:00:00,구미,547.25,6,6,43.32881718009545,36.13,128.34
2022-07-26 10:00:00,삼천포,344.8333333333333,6,6,43.35690639971117,34.95,128.07
2022-07-26 10:00:00,여수,268.0,6,6,43.59473347009708,34.74,127.74
2022-07-26 10:00:00,영동,678.9166666666666,6,6,43.42573848399229,37.18,128.46
2022-07-26 10:00:00,영흥,610.3333333333334,6,6,45.00670539858129,37.26,126.46
2022-07-26 10:00:00,예천,643.1666666666666,6,6,43.32616609561168,36.65,128.46
2022-07-26 10:00:00,창원,377.34999999999997,6,6,42.984277147224205,35.21,128.58
2022-07-26 10:00:00,탑선,439.0,6,6,44.41869303481755,35.24,126.81
2022-07-26 11:00:00,경상대,291.0833333333333,6,6,31.54091785315014,35.18,128.1
2022-07-26 11:00:00,고흥만수상,247.45000000000002,6,6,31.938261180949638,34.57,127.3
2022-07-26 11:00:00,광양항세방,395.5833333333333,6,6,31.747822941363985,34.93,127.71
2022-07-26 11:00:00,구미,734.5500000000001,6,6,31.72424697755799,36.13,128.34
2022-07-26 11:00:00,삼천포,431.68333333333334,6,6,31.479615667347197,34.95,128.07
2022-07-26 11:00:00,여수,331.2,6,6,31.65752432425265,34.74,127.74
2022-07-26 11:00:00,영동,834.0666666666667,6,6,32.06648286532468,37.18,128.46
2022-07-26 11:00:00,영흥,732.5166666666665,6,6,33.55442104761093,37.26,126.46
2022-07-26 11:00:00,예천,758.9666666666667,6,6,31.845617268972568,36.65,128.46
2022-07-26 11:00:00,창원,674.3333333333334,6,6,31.18824854855209,35.21,128.58
2022-07-26 11:00:00,탑선,626.9666666666667,6,6,32.54631326565077,35.24,126.81
2022-07-26 12:00:00,경상대,581.8166666666666,6,6,21.159567559590585,35.18,128.1
2022-07-26 12:00:00,고흥만수상,323.2,6,6,21.232743063270064,34.57,127.3
2022-07-26 12:00:00,광양항세방,531.9666666666667,6,6,21.221417106289337,34.93,127.71
2022-07-26 12:00:00,구미,811.3833333333333,6,6,21.69206232919815,36.13,128.34
2022-07-26 12:00:00,삼천포,254.8166666666667,6,6,21.018903670199364,34.95,128.07
2022-07-26 12:00:00,여수,475.68333333333334,6,6,21.075145327915152,34.74,127.74
2022-07-26 12:00:00,영동,878.2333333333335,6,6,22.3945420624797,37.18,128.46
2022-07-26 12:00:00,영흥,802.1333333333332,6,6,23.55650734250645,37.26,126.46
2022-07-26 12:00:00,예천,838.8333333333334,6,6,22.00329208885161,36.65,128.46
2022-07-26 12:00:00,창원,766.5000000000001,6,6,20.899849008585463,35.21,128.58
2022-07-26 12:00:00,탑선,672.3166666666667,6,6,21.976437485706825,35.24,126.81
2022-07-26 13:00:00,경상대,729.0999999999999,6,6,15.757568644479377,35.18,128.1
2022-07-26 13:00:00,고흥만수상,443.98333333333335,6,6,15.208504780633348,34.57,127.3
2022-07-26 13:00:00,광양항세방,758.3333333333334,6,6,15.532387397550835,34.93,127.71
2022-07-26 13:00:00,구미,776.0666666666666,6,6,16.695583315206846,36.13,128.34
2022-07-26 13:00:00,삼천포,579.6999999999999,6,6,15.529622266614325,34.95,128.07
2022-07-26 13:00:00,여수,610.4833333333332,6,6,15.340953091200234,34.74,127.74
2022-07-26 13:00:00,영동,730.3000000000001,6,6,17.740750496483017,37.18,128.46
2022-07-26 13:00:00,영흥,869.4166666666666,6,6,17.964084443970677,37.26,126.46
2022-07-26 13:00:00,예천,885.5333333333333,6,6,17.21109952722273,36.65,128.46
2022-07-26 13:00:00,창원,934.5,6,6,15.768477446984036,35.21,128.58
2022-07-26 13:00:00,탑선,740.8166666666666,6,6,15.9243932210791,35.24,126.81
2022-07-26 14:00:00,경상대,856.0166666666665,6,6,19.991579992771605,35.18,128.1
2022-07-26 14:00:00,고흥만수상,788.9333333333333,6,6,19.100021165183264,34.57,127.3
2022-07-26 14:00:00,광양항세방,873.3833333333333,6,6,19.592787684756203,34.93,127.71
2022-07-26 14:00:00,구미,725.5833333333331,6,6,20.835446476647917,36.13,128.34
2022-07-26 14:00:00,삼천포,775.9166666666666,6,6,19.80395105149077,34.95,128.07
2022-07-26 14:00:00,여수,853.1833333333334,6,6,19.46677838823824,34.74,127.74
2022-07-26 14:00:00,영동,851.35,6,6,21.70356418202472,37.18,128.46
2022-07-26 14:00:00,영흥,872.3166666666666,6,6,20.813328368655476,37.26,126.46
2022-07-26 14:00:00,예천,878.0166666666668,6,6,21.29472768486005,36.65,128.46
2022-07-26 14:00:00,창원,940.9166666666666,6,6,20.277381835805286,35.21,128.58
2022-07-26 14:00:00,탑선,828.1166666666668,6,6,19.357578625454337,35.24,126.81
2022-07-26 15:00:00,경상대,665.4666666666667,6,6,29.99339124312752,35.18,128.1
2022-07-26 15:00:00,고흥만수상,759.3833333333332,6,6,29.14569938102364,34.57,127.3
2022-07-26 15:00:00,광양항세방,827.7333333333335,6,6,29.59995909983622,34.93,127.71
2022-07-26 15:00:00,구미,556.4333333333334,6,6,30.56651840036362,36.13,128.34
2022-07-26 15:00:00,삼천포,842.9833333333332,6,6,29.877911663989273,34.95,128.07
2022-07-26 15:00:00,여수,832.0,6,6,29.54548464934011,34.74,127.74
2022-07-26 15:00:00,영동,848.5999999999999,6,6,31.112474633174784,37.18,128.46
2022-07-26 15:00:00,영흥,783.1333333333333,6,6,29.743106016128948,37.26,126.46
2022-07-26 15:00:00,예천,820.0833333333334,6,6,30.877926445641208,36.65,128.46
2022-07-26 15:00:00,창원,893.8666666666668,6,6,30.364476869757127,35.21,128.58
2022-07-26 15:00:00,탑선,807.0166666666668,6,6,29.061980808723042,35.24,126.81
2022-07-26 16:00:00,경상대,663.4666666666667,6,6,41.71627937766162,35.18,128.1
2022-07-26 16:00:00,고흥만수상,780.6666666666666,6,6,40.961545864725544,34.57,127.3
2022-07-26 16:00:00,광양항세방,711.9166666666666,6,6,41.35733357363671,34.93,127.71
2022-07-26 16:00:00,구미,461.5833333333333,6,6,42.085285295352364,36.13,128.34
2022-07-26 16:00:00,삼천포,774.4833333333332,6,6,41.6513189185121,34.95,128.07
2022-07-26 16:00:00,여수,772.9,6,6,41.34783607474098,34.74,127.74
2022-07-26 16:00:00,영동,712.0333333333333,6,6,42.392714322660865,37.18,128.46
2022-07-26 16:00:00,영흥,684.2333333333332,6,6,40.85947924011412,37.26,126.46
2022-07-26 16:00:00,예천,711.0666666666667,6,6,42.283000301825815,36.65,128.46
2022-07-26 16:00:00,창원,784.6166666666667,6,6,42.107677969777384,35.21,128.58
2022-07-26 16:00:00,탑선,699.1166666666667,6,6,40.69240132252409,35.24,126.81
2022-07-26 17:00:00,경상대,451.1333333333334,6,6,53.91502733357366,35.18,128.1
2022-07-26 17:00:00,고흥만수상,636.4166666666666,6,6,53.25220188986589,34.57,127.3
2022-07-26 17:00:00,광양항세방,566.9666666666667,6,6,53.59304698827996,34.93,127.71
2022-07-26 17:00:00,구미,440.28333333333336,6,6,54.124608269434184,36.13,128.34
2022-07-26 17:00:00,삼천포,506.7,6,6,53.88834394419644,34.95,128.07
2022-07-26 17:00:00,여수,622.7166666666666,6,6,53.615780120139355,34.74,127.74
2022-07-26 17:00:00,영동,442.33333333333326,6,6,54.24825109638146,37.18,128.46
2022-07-26 17:00:00,영흥,539.8166666666666,6,6,52.66059958386367,37.26,126.46
2022-07-26 17:00:00,예천,563.2833333333334,6,6,54.233023730534306,36.65,128.46
2022-07-26 17:00:00,창원,628.4333333333334,6,6,54.30752639378102,35.21,128.58
2022-07-26 17:00:00,탑선,546.7166666666666,6,6,52.8622374113803,35.24,126.81
2022-07-26 18:00:00,경상대,393.4833333333333,6,6,66.14574983108376,35.18,128.1
2022-07-26 18:00:00,고흥만수상,441.2,6,6,65.57527655685345,34.57,127.3
2022-07-26 18:00:00,광양항세방,390.26666666666665,6,6,65.86225173524697,34.93,127.71
2022-07-26 18:00:00,구미,314.53333333333336,6,6,66.21538685960361,36.13,128.34
2022-07-26 18:00:00,삼천포,426.68333333333334,6,6,66.15210778824918,34.95,128.07
2022-07-26 18:00:00,여수,371.01666666666665,6,6,65.91172931236083,34.74,127.74
2022-07-26 18:00:00,영동,273.26666666666665,6,6,66.18035189740715,37.18,128.46
2022-07-26 18:00:00,영흥,354.25,6,6,64.58866171877834,37.26,126.46
2022-07-26 18:00:00,예천,371.9666666666667,6,6,66.24551296126398,36.65,128.46
2022-07-26 18:00:00,창원,356.7,6,6,66.53038614689083,35.21,128.58
2022-07-26 18:00:00,탑선,357.1166666666666,6,6,65.09263403173246,35.24,126.81
2022-07-26 19:00:00,경상대,219.32500000000002,4,6,78.15287274423423,35.18,128.1
2022-07-26 19:00:00,고흥만수상,189.02000000000004,5,6,77.6814581742613,34.57,127.3
2022-07-26 19:00:00,광양항세방,212.5,5,6,77.91159320636076,34.93,127.71
2022-07-26 19:00:00,구미,240.52500000000003,4,6,78.08745770018821,36.13,128.34
2022-07-26 19:00:00,삼천포,189.85,4,6,78.19073547421085,34.95,128.07
2022-07-26 19:00:00,여수,189.6,5,6,77.98570372512984,34.74,127.74
2022-07-26 19:00:00,영동,177.86,5,6,77.90213030719968,37.18,128.46
2022-07-26 19:00:00,영흥,219.35999999999999,5,6,76.34144473668165,37.26,126.46
2022-07-26 19:00:00,예천,226.97999999999996,5,6,78.0423536100971,36.65,128.46
2022-07-26 19:00:00,창원,259.55,4,6,78.52255567949787,35.21,128.58
2022-07-26 19:00:00,탑선,260.04,5,6,77.11983956619837,35.24,126.81
2022-07-26 20:00:00,경상대,,0,6,89.70114169557795,35.18,128.1
2022-07-26 20:00:00,고흥만수상,,0,6,89.34252038357467,34.57,127.3
2022-07-26 20:00:00,광양항세방,,0,6,89.50878264261519,34.93,127.71
2022-07-26 20:00:00,구미,,0,6,89.49628611780915,36.13,128.34
2022-07-26 20:00:00,삼천포,,0,6,89.77118240505777,34.95,128.07
2022-07-26 20:00:00,여수,,0,6,89.60717191813866,34.74,127.74
2022-07-26 20:00:00,영동,,0,6,89.15904798119792,37.18,128.46
2022-07-26 20:00:00,영흥,,0,6,87.66490233946523,37.26,126.46
2022-07-26 20:00:00,예천,,0,6,89.37397960569542,36.65,128.46
2022-07-26 20:00:00,창원,,0,6,90.04771697252623,35.21,128.58
2022-07-26 20:00:00,탑선,,0,6,88.7097533664337,35.24,126.81
2022-07-26 21:00:00,경상대,,0,6,100.49874320374288,35.18,128.1
2022-07-26 21:00:00,고흥만수상,,0,6,100.27459096463612,34.57,127.3
2022-07-26 21:00:00,광양항세방,,0,6,100.36561058667178,34.93,127.71
2022-07-26 21:00:00,구미,,0,6,100.14380024515896,36.13,128.34
2022-07-26 21:00:00,삼천포,,0,6,100.60301524269573,34.95,128.07
2022-07-26 21:00:00,여수,,0,6,100.48876471070805,34.74,127.74
2022-07-26 21:00:00,영동,,0,6,99.64716931631948,37.18,128.46
2022-07-26 21:00:00,영흥,,0,6,98.2649520272566,37.26,126.46
2022-07-26 21:00:00,예천,,0,6,99.9390511565728,36.65,128.46
2022-07-26 21:00:00,창원,,0,6,100.81105052462023,35.21,128.58
2022-07-26 21:00:00,탑선,,0,6,99.57758114459655,35.24,126.81
2022-07-26 22:00:00,경상대,,0,6,110.13421902180973,35.18,128.1
2022-07-26 22:00:00,고흥만수상,,0,6,110.07458795589767,34.57,127.3
2022-07-26 22:00:00,광양항세방,,0,6,110.07463423538051,34.93,127.71
2022-07-26 22:00:00,구미,,0,6,109.6161436213232,36.13,128.34
2022-07-26 22:00:00,삼천포,,0,6,110.27514224693448,34.95,128.07
2022-07-26 22:00:00,여수,,0,6,110.22283172105077,34.74,127.74
2022-07-26 22:00:00,영동,,0,6,108.95188619948188,37.18,128.46
2022-07-26 22:00:00,영흥,,0,6,107.74498807952875,37.26,126.46
2022-07-26 22:00:00,예천,,0,6,109.32270832435961,36.65,128.46
2022-07-26 22:00:00,창원,,0,6,110.39623475937562,35.21,128.58
2022-07-26 22:00:00,탑선,,0,6,109.3245768241078,35.24,126.81
2022-07-26 23:00:00,경상대,,0,6,118.01915716775493,35.18,128.1
2022-07-26 23:00:00,고흥만수상,,0,6,118.15928669537442,34.57,127.3
2022-07-26 23:00:00,광양항세방,,0,6,118.0502772088361,34.93,127.71
2022-07-26 23:00:00,구미,,0,6,117.3309331344237,36.13,128.34
2022-07-26 23:00:00,삼천포,,0,6,118.19742000040085,34.95,128.07
2022-07-26 23:00:00,여수,,0,6,118.22171647651102,34.74,127.74
2022-07-26 23:00:00,영동,,0,6,116.49985161394044,37.18,128.46
2022-07-26 23:00:00,영흥,,0,6,115.55495698014664,37.26,126.46
2022-07-26 23:00:00,예천,,0,6,116.94627040711765,36.65,128.46
2022-07-26 23:00:00,창원,,0,6,118.20890599456867,35.21,128.58
2022-07-26 23:00:00,탑선,,0,6,117.37952932616217,35.24,126.81
2022-07-27 00:00:00,경상대,,0,6,123.38756568381123,35.18,128.1
2022-07-27 00:00:00,고흥만수상,,0,6,123.75499785542793,34.57,127.3
2022-07-27 00:00:00,광양항세방,,0,6,123.52378578179844,34.93,127.71
2022-07-27 00:00:00,구미,,0,6,122.54408750534864,36.13,128.34
2022-07-27 00:00:00,삼천포,,0,6,123.59832614456975,34.95,128.07
2022-07-27 00:00:00,여수,,0,6,123.7116621891015,34.74,127.74
2022-07-27 00:00:00,영동,,0,6,121.5722275977665,37.18,128.46
2022-07-27 00:00:00,영흥,,0,6,120.99168070186333,37.26,126.46
2022-07-27 00:00:00,예천,,0,6,122.0777796165043,36.65,128.46
2022-07-27 00:00:00,창원,,0,6,123.47978335114695,35.21,128.58
2022-07-27 00:00:00,탑선,,0,6,122.98961629278708,35.24,126.81
2022-07-27 01:00:00,경상대,,0,5,125.47390826070048,35.18,128.1
2022-07-27 01:00:00,고흥만수상,,0,5,126.06440913991835,34.57,127.3
2022-07-27 01:00:00,광양항세방,,0,5,125.71582651317581,34.93,127.71
2022-07-27 01:00:00,구미,,0,5,124.52771050238476,36.13,128.34
2022-07-27 01:00:00,삼천포,,0,5,125.70332457610948,34.95,128.07
2022-07-27 01:00:00,여수,,0,5,125.90645155761914,34.74,127.74
2022-07-27 01:00:00,영동,,0,5,123.4792682856322,37.18,128.46
2022-07-27 01:00:00,영흥,,0,5,123.34650024433714,37.26,126.46
2022-07-27 01:00:00,예천,,0,5,124.0092076615407,36.65,128.46
2022-07-27 01:00:00,창원,,0,5,125.45027118557422,35.21,128.58
2022-07-27 01:00:00,탑선,,0,5,125.37802833618125,35.24,126.81
2022-07-27 02:00:00,경상대,,0,6,123.9050582548935,35.18,128.1
2022-07-27 02:00:00,고흥만수상,,0,6,124.66847806306546,34.57,127.3
2022-07-27 02:00:00,광양항세방,,0,6,124.23221408770144,34.93,127.71
2022-07-27 02:00:00,구미,,0,6,122.93808231250841,36.13,128.34
2022-07-27 02:00:00,삼천포,,0,6,124.13296555960142,34.95,128.07
2022-07-27 02:00:00,여수,,0,6,124.40863451683578,34.74,127.74
2022-07-27 02:00:00,영동,,0,6,121.9021807670312,37.18,128.46
2022-07-27 02:00:00,영흥,,0,6,122.23336902300838,37.26,126.46
2022-07-27 02:00:00,예천,,0,6,122.41163606174268,36.65,128.46
2022-07-27 02:00:00,창원,,0,6,123.76695318640213,35.21,128.58
2022-07-27 02:00:00,탑선,,0,6,124.1234458472739,35.24,126.81
2022-07-27 03:00:00,경상대,,0,6,118.9661155724804,35.18,128.1
2022-07-27 03:00:00,고흥만수상,,0,6,119.82778484238636,34.57,127.3
2022-07-27 03:00:00,광양항세방,,0,6,119.34565482548068,34.93,127.71
2022-07-27 03:00:00,구미,,0,6,118.05401127858131,36.13,128.34
2022-07-27 03:00:00,삼천포,,0,6,119.1750476924771,34.95,128.07
2022-07-27 03:00:00,여수,,0,6,119.49537294063146,34.74,127.74
2022-07-27 03:00:00,영동,,0,6,117.1072885572573,37.18,128.46
2022-07-27 03:00:00,영흥,,0,6,117.84174791480162,37.26,126.46
2022-07-27 03:00:00,예천,,0,6,117.55993781307707,36.65,128.46
2022-07-27 03:00:00,창원,,0,6,118.7344358514155,35.21,128.58
2022-07-27 03:00:00,탑선,,0,6,119.45505503199267,35.24,126.81
2022-07-27 04:00:00,경상대,,0,6,111.39306888516697,35.18,128.1
2022-07-27 04:00:00,고흥만수상,,0,6,112.28813443715168,34.57,127.3
2022-07-27 04:00:00,광양항세방,,0,6,111.79522480325754,34.93,127.71
2022-07-27 04:00:00,구미,,0,6,110.580465983012,36.13,128.34
2022-07-27 04:00:00,삼천포,,0,6,111.5737414113265,34.95,128.07
2022-07-27 04:00:00,여수,,0,6,111.9134644523867,34.74,127.74
2022-07-27 04:00:00,영동,,0,6,109.76480114519937,37.18,128.46
2022-07-27 04:00:00,영흥,,0,6,110.80619340624241,37.26,126.46
2022-07-27 04:00:00,예천,,0,6,110.1425430503713,36.65,128.46
2022-07-27 04:00:00,창원,,0,6,111.09494054313947,35.21,128.58
2022-07-27 04:00:00,탑선,,0,6,112.08459652351723,35.24,126.81
2022-07-27 05:00:00,경상대,,0,6,101.96883572711198,35.18,128.1
2022-07-27 05:00:00,고흥만수상,,0,6,102.85513858342642,34.57,127.3
2022-07-27 05:00:00,광양항세방,,0,6,102.37347557466839,34.93,127.71
2022-07-27 05:00:00,구미,,0,6,101.2729879712312,36.13,128.34
2022-07-27 05:00:00,삼천포,,0,6,102.11854322301794,34.95,128.07
2022-07-27 05:00:00,여수,,0,6,102.46062112241844,34.74,127.74
2022-07-27 05:00:00,영동,,0,6,100.60187694395941,37.18,128.46
2022-07-27 05:00:00,영흥,,0,6,101.85999147811167,37.26,126.46
2022-07-27 05:00:00,예천,,0,6,100.90048575610366,36.65,128.46
2022-07-27 05:00:00,창원,,0,6,101.6271779960253,35.21,128.58
2022-07-27 05:00:00,탑선,,0,6,102.80129078547512,35.24,126.81
2022-07-27 06:00:00,경상대,,0,6,91.31019967768728,35.18,128.1
2022-07-27 06:00:00,고흥만수상,,0,6,92.16323401131451,34.57,127.3
2022-07-27 06:00:00,광양항세방,,0,6,91.7051513525368,34.93,127.71
2022-07-27 06:00:00,구미,,0,6,90.73470953380264,36.13,128.34
2022-07-27 06:00:00,삼천포,,0,6,91.42919769115403,34.95,128.07
2022-07-27 06:00:00,여수,,0,6,91.76335950045065,34.74,127.74
2022-07-27 06:00:00,영동,,0,6,90.20842616309983,37.18,128.46
2022-07-27 06:00:00,영흥,,0,6,91.61434790322063,37.26,126.46
2022-07-27 06:00:00,예천,,0,6,90.42964219767426,36.65,128.46
2022-07-27 06:00:00,창원,,0,6,90.94134987073254,35.21,128.58
2022-07-27 06:00:00,탑선,,0,6,92.23796925635787,35.24,126.81
2022-07-27 07:00:00,경상대,152.4,3,6,79.85140270880974,35.18,128.1
2022-07-27 07:00:00,고흥만수상,193.0,2,6,80.65586788797805,34.57,127.3
2022-07-27 07:00:00,광양항세방,165.6,2,6,80.22887739845713,34.93,127.71
2022-07-27 07:00:00,구미,175.29999999999998,3,6,79.39660106779245,36.13,128.34
2022-07-27 07:00:00,삼천포,201.20000000000002,3,6,79.94042642973801,34.95,128.07
2022-07-27 07:00:00,여수,224.7,2,6,80.26012761871158,34.74,127.74
2022-07-27 07:00:00,영동,158.86666666666667,3,6,79.0131214690652,37.18,128.46
2022-07-27 07:00:00,영흥,122.75,2,6,80.51730678692354,37.26,126.46
2022-07-27 07:00:00,예천,193.66666666666666,3,6,79.15927796712386,36.65,128.46
2022-07-27 07:00:00,창원,209.33333333333334,3,6,79.46661150713132,35.21,128.58
2022-07-27 07:00:00,탑선,189.55,2,6,80.84271869324247,35.24,126.81
2022-07-27 08:00:00,경상대,277.56666666666666,6,6,67.89838097885459,35.18,128.1
2022-07-27 08:00:00,고흥만수상,263.34999999999997,6,6,68.64147077960776,34.57,127.3
2022-07-27 08:00:00,광양항세방,246.03333333333333,6,6,68.25197563150671,34.93,127.71
2022-07-27 08:00:00,구미,305.3333333333333,6,6,67.5675118677865,36.13,128.34
2022-07-27 08:00:00,삼천포,338.3333333333333,6,6,67.95727879756545,34.95,128.07
2022-07-27 08:00:00,여수,269.8,6,6,68.25716720223028,34.74,127.74
2022-07-27 08:00:00,영동,317.6666666666667,6,6,67.32887920895732,37.18,128.46
2022-07-27 08:00:00,영흥,200.48333333333335,6,6,68.89416699254565,37.26,126.46
2022-07-27 08:00:00,예천,308.3,6,6,67.39990891759967,36.65,128.46
2022-07-27 08:00:00,창원,319.01666666666665,6,6,67.50598143592507,35.21,128.58
2022-07-27 08:00:00,탑선,322.7666666666667,6,6,68.93028415881057,35.24,126.81
2022-07-27 09:00:00,경상대,402.4666666666667,6,6,55.69203897423212,35.18,128.1
2022-07-27 09:00:00,고흥만수상,469.98333333333335,6,6,56.35757131487222,34.57,127.3
2022-07-27 09:00:00,광양항세방,432.06666666666666,6,6,56.01405065807011,34.93,127.71
2022-07-27 09:00:00,구미,485.3166666666668,6,6,55.49629085926927,36.13,128.34
2022-07-27 09:00:00,삼천포,433.8333333333333,6,6,55.71870460884017,34.95,128.07
2022-07-27 09:00:00,여수,410.3833333333334,6,6,55.99236596881687,34.74,127.74
2022-07-27 09:00:00,영동,417.7,6,6,55.41375345641356,37.18,128.46
2022-07-27 09:00:00,영흥,305.8666666666666,6,6,57.00710893448517,37.26,126.46
2022-07-27 09:00:00,예천,405.43333333333334,6,6,55.404834075681904,36.65,128.46
2022-07-27 09:00:00,창원,558.3000000000001,6,6,55.299629024616436,35.21,128.58
2022-07-27 09:00:00,탑선,496.8333333333333,6,6,56.745121536798656,35.24,126.81
2022-07-27 10:00:00,경상대,623.8666666666667,6,6,43.481776053938425,35.18,128.1
2022-07-27 10:00:00,고흥만수상,671.8166666666667,6,6,44.041527743784236,34.57,127.3
2022-07-27 10:00:00,광양항세방,635.9,6,6,43.75922066064128,34.93,127.71
2022-07-27 10:00:00,구미,563.3666666666667,6,6,43.44813713491083,36.13,128.34
2022-07-27 10:00:00,삼천포,627.8833333333333,6,6,43.47044771487444,34.95,128.07
2022-07-27 10:00:00,여수,694.1666666666666,6,6,43.70707336099983,34.74,127.74
2022-07-27 10:00:00,영동,524.4,6,6,43.55001916979264,37.18,128.46
2022-07-27 10:00:00,영흥,543.2666666666667,6,6,45.13000514429879,37.26,126.46
2022-07-27 10:00:00,예천,457.90000000000003,6,6,43.4479986194216,36.65,128.46
2022-07-27 10:00:00,창원,661.35,6,6,43.099383436430365,35.21,128.58
2022-07-27 10:00:00,탑선,682.8499999999999,6,6,44.53289467778421,35.24,126.81
2022-07-27 11:00:00,경상대,763.8166666666666,6,6,31.672846472269583,35.18,128.1
2022-07-27 11:00:00,고흥만수상,792.15,6,6,32.06536417128112,34.57,127.3
2022-07-27 11:00:00,광양항세방,785.5666666666666,6,6,31.87766127012633,34.93,127.71
2022-07-27 11:00:00,구미,552.5666666666666,6,6,31.861781161136832,36.13,128.34
2022-07-27 11:00:00,삼천포,759.0833333333334,6,6,31.610207870237318,34.95,128.07
2022-07-27 11:00:00,여수,809.3333333333334,6,6,31.786348632058207,34.74,127.74
2022-07-27 11:00:00,영동,684.8666666666667,6,6,32.20969578613661,37.18,128.46
2022-07-27 11:00:00,영흥,503.9166666666667,6,6,33.69444107365733,37.26,126.46
2022-07-27 11:00:00,예천,543.7999999999998,6,6,31.986111463079922,36.65,128.46
2022-07-27 11:00:00,창원,790.0500000000001,6,6,31.32122826399508,35.21,128.58
2022-07-27 11:00:00,탑선,807.9333333333333,6,6,32.676319139815405,35.24,126.81
2022-07-27 12:00:00,경상대,824.1833333333333,6,6,21.333501559975502,35.18,128.1
2022-07-27 12:00:00,고흥만수상,870.6666666666669,6,6,21.40052806680623,34.57,127.3
2022-07-27 12:00:00,광양항세방,861.0333333333333,6,6,21.392629649484746,34.93,127.71
2022-07-27 12:00:00,구미,657.9833333333335,6,6,21.87123459377085,36.13,128.34
2022-07-27 12:00:00,삼천포,880.9166666666666,6,6,21.191596902888833,34.95,128.07
2022-07-27 12:00:00,여수,901.4,6,6,21.245506918217004,34.74,127.74
2022-07-27 12:00:00,영동,862.7000000000002,6,6,22.5784146346399,37.18,128.46
2022-07-27 12:00:00,영흥,746.5500000000001,6,6,23.7340092253787,37.26,126.46
2022-07-27 12:00:00,예천,669.9,6,6,22.185072790695884,36.65,128.46
2022-07-27 12:00:00,창원,864.2666666666665,6,6,21.075767101254556,35.21,128.58
2022-07-27 12:00:00,탑선,885.75,6,6,22.14585439464173,35.24,126.81
2022-07-27 13:00:00,경상대,881.7166666666667,6,6,15.980349809316621,35.18,128.1
2022-07-27 13:00:00,고흥만수상,940.5833333333334,6,6,15.430460241838261,34.57,127.3
2022-07-27 13:00:00,광양항세방,869.4333333333334,6,6,15.754837848409878,34.93,127.71
2022-07-27 13:00:00,구미,639.1333333333333,6,6,16.918534727213284,36.13,128.34
2022-07-27 13:00:00,삼천포,934.2833333333333,6,6,15.752370316827566,34.95,128.07
2022-07-27 13:00:00,여수,935.1,6,6,15.56341272261767,34.74,127.74
2022-07-27 13:00:00,영동,867.2666666666668,6,6,17.96377155663893,37.18,128.46
2022-07-27 13:00:00,영흥,712.7333333333332,6,6,18.185534469525763,37.26,126.46
2022-07-27 13:00:00,예천,663.1333333333333,6,6,17.434111796986215,36.65,128.46
2022-07-27 13:00:00,창원,913.2666666666668,6,6,15.99151087420175,35.21,128.58
2022-07-27 13:00:00,탑선,906.6500000000001,6,6,16.14583578932806,35.24,126.81
2022-07-27 14:00:00,경상대,849.85,6,6,20.174931277457986,35.18,128.1
2022-07-27 14:00:00,고흥만수상,911.7166666666667,6,6,19.283983842009036,34.57,127.3
2022-07-27 14:00:00,광양항세방,862.3833333333333,6,6,19.77662732529288,34.93,127.71
2022-07-27 14:00:00,구미,740.2666666666668,6,6,21.021768495967407,36.13,128.34
2022-07-27 14:00:00,삼천포,931.0999999999999,6,6,19.98642073013032,34.95,128.07
2022-07-27 14:00:00,여수,927.2833333333334,6,6,19.649663847817934,34.74,127.74
2022-07-27 14:00:00,영동,858.1333333333332,6,6,21.893328773089536,37.18,128.46
2022-07-27 14:00:00,영흥,771.6500000000001,6,6,21.01019339314547,37.26,126.46
2022-07-27 14:00:00,예천,700.9166666666666,6,6,21.48258963775207,36.65,128.46
2022-07-27 14:00:00,창원,913.7000000000002,6,6,20.45896853959995,35.21,128.58
2022-07-27 14:00:00,탑선,875.9166666666666,6,6,19.546325801992467,35.24,126.81
2022-07-27 15:00:00,경상대,734.1333333333333,6,6,30.131197537833167,35.18,128.1
2022-07-27 15:00:00,고흥만수상,775.0833333333334,6,6,29.281710311075557,34.57,127.3
2022-07-27 15:00:00,광양항세방,790.9666666666667,6,6,29.737165980168626,34.93,127.71
2022-07-27 15:00:00,구미,598.5166666666665,6,6,30.709022352184547,36.13,128.34
2022-07-27 15:00:00,삼천포,859.4500000000002,6,6,30.014485049017857,34.95,128.07
2022-07-27 15:00:00,여수,869.8499999999999,6,6,29.681545260306535,34.74,127.74
2022-07-27 15:00:00,영동,847.5999999999999,6,6,31.260182837804813,37.18,128.46
2022-07-27 15:00:00,영흥,716.5999999999999,6,6,29.89549532654121,37.26,126.46
2022-07-27 15:00:00,예천,709.7666666666668,6,6,31.02292120435464,36.65,128.46
2022-07-27 15:00:00,창원,871.8833333333333,6,6,30.501477716482405,35.21,128.58
2022-07-27 15:00:00,탑선,741.5166666666668,6,6,29.202876364917543,35.24,126.81
2022-07-27 16:00:00,경상대,724.3666666666667,6,6,41.83445486589996,35.18,128.1
2022-07-27 16:00:00,고흥만수상,714.8666666666667,6,6,41.077298379363306,34.57,127.3
2022-07-27 16:00:00,광양항세방,698.9499999999999,6,6,41.474569386732334,34.93,127.71
2022-07-27 16:00:00,구미,597.3833333333333,6,6,42.20787365115473,36.13,128.34
2022-07-27 16:00:00,삼천포,763.8499999999999,6,6,41.76838702624751,34.95,128.07
2022-07-27 16:00:00,여수,759.7333333333335,6,6,41.46410784536721,34.74,127.74
2022-07-27 16:00:00,영동,685.6,6,6,42.520154711198074,37.18,128.46
2022-07-27 16:00:00,영흥,632.5333333333333,6,6,40.98904565091802,37.26,126.46
2022-07-27 16:00:00,예천,623.7833333333334,6,6,42.407961130529124,36.65,128.46
2022-07-27 16:00:00,창원,699.2166666666666,6,6,42.22565140215133,35.21,128.58
2022-07-27 16:00:00,탑선,614.7166666666667,6,6,40.811881439292556,35.24,126.81
2022-07-27 17:00:00,경상대,598.1,6,6,54.02803982984958,35.18,128.1
2022-07-27 17:00:00,고흥만수상,570.6833333333333,6,6,53.362682803917444,34.57,127.3
2022-07-27 17:00:00,광양항세방,541.4499999999999,6,6,53.70502954754998,34.93,127.71
2022-07-27 17:00:00,구미,394.9666666666667,6,6,54.24154308201977,36.13,128.34
2022-07-27 17:00:00,삼천포,619.4833333333332,6,6,54.00039588416892,34.95,128.07
2022-07-27 17:00:00,여수,596.7166666666667,6,6,53.726961681895034,34.74,127.74
2022-07-27 17:00:00,영동,598.8000000000001,6,6,54.36945862140261,37.18,128.46
2022-07-27 17:00:00,영흥,567.2666666666667,6,6,52.782430516760215,37.26,126.46
2022-07-27 17:00:00,예천,511.01666666666665,6,6,54.35207817801398,36.65,128.46
2022-07-27 17:00:00,창원,503.16666666666674,6,6,54.420646781827934,35.21,128.58
2022-07-27 17:00:00,탑선,405.95,6,6,52.97558904930622,35.24,126.81
2022-07-27 18:00:00,경상대,406.48333333333335,6,6,66.26178512629458,35.18,128.1
2022-07-27 18:00:00,고흥만수상,417.1166666666666,6,6,65.68877075417265,34.57,127.3
2022-07-27 18:00:00,광양항세방,363.28333333333336,6,6,65.97722472136242,34.93,127.71
2022-07-27 18:00:00,구미,260.5333333333333,6,6,66.3349417586302,36.13,128.34
2022-07-27 18:00:00,삼천포,371.6166666666666,6,6,66.26729551681623,34.95,128.07
2022-07-27 18:00:00,여수,399.68333333333334,6,6,66.02602006670836,34.74,127.74
2022-07-27 18:00:00,영동,392.3166666666666,6,6,66.3036950455373,37.18,128.46
2022-07-27 18:00:00,영흥,374.7,6,6,64.7116664242502,37.26,126.46
2022-07-27 18:00:00,예천,363.06666666666666,6,6,66.36697138246623,36.65,128.46
2022-07-27 18:00:00,창원,339.1,6,6,66.64672062452402,35.21,128.58
2022-07-27 18:00:00,탑선,213.11666666666667,6,6,65.20840483760469,35.24,126.81
2022-07-27 19:00:00,경상대,190.225,4,6,78.27754809345939,35.18,128.1
2022-07-27 19:00:00,고흥만수상,247.38000000000002,5,6,77.80358647410792,34.57,127.3
2022-07-27 19:00:00,광양항세방,216.29999999999998,4,6,78.03518267352555,34.93,127.71
2022-07-27 19:00:00,구미,79.05,4,6,78.21533549571349,36.13,128.34
2022-07-27 19:00:00,삼천포,229.85000000000002,4,6,78.31465016477765,34.95,128.07
2022-07-27 19:00:00,여수,236.725,4,6,78.10870142116238,34.74,127.74
2022-07-27 19:00:00,영동,249.8,5,6,78.03340331446464,37.18,128.46
2022-07-27 19:00:00,영흥,229.26,5,6,76.47165725926412,37.26,126.46
2022-07-27 19:00:00,예천,249.075,4,6,78.17195994431765,36.65,128.46
2022-07-27 19:00:00,창원,172.925,4,6,78.64767606498982,35.21,128.58
2022-07-27 19:00:00,탑선,114.71999999999998,5,6,77.24379431185652,35.24,126.81
2022-07-27 20:00:00,경상대,,0,6,89.83908548618041,35.18,128.1
2022-07-27 20:00:00,고흥만수상,,0,6,89.47790981071232,34.57,127.3
2022-07-27 20:00:00,광양항세방,,0,6,89.64561962334072,34.93,127.71
2022-07-27 20:00:00,구미,,0,6,89.63714648972422,36.13,128.34
2022-07-27 20:00:00,삼천포,,0,6,89.90844237162709,34.95,128.07
2022-07-27 20:00:00,여수,,0,6,89.74349645247257,34.74,127.74
2022-07-27 20:00:00,영동,,0,6,89.30294104109532,37.18,128.46
2022-07-27 20:00:00,영흥,,0,6,87.80711700571078,37.26,126.46
2022-07-27 20:00:00,예천,,0,6,89.5164071548257,36.65,128.46
2022-07-27 20:00:00,창원,,0,6,90.1862345941009,35.21,128.58
2022-07-27 20:00:00,탑선,,0,6,88.84657603554915,35.24,126.81
2022-07-27 21:00:00,경상대,,0,6,100.6541542530047,35.18,128.1
2022-07-27 21:00:00,고흥만수상,,0,6,100.42748118834227,34.57,127.3
2022-07-27 21:00:00,광양항세방,,0,6,100.51991317808526,34.93,127.71
2022-07-27 21:00:00,구미,,0,6,100.30179666966328,36.13,128.34
2022-07-27 21:00:00,삼천포,,0,6,100.7578286541506,34.95,128.07
2022-07-27 21:00:00,여수,,0,6,100.64263992445417,34.74,127.74
2022-07-27 21:00:00,영동,,0,6,99.80778477671753,37.18,128.46
2022-07-27 21:00:00,영흥,,0,6,98.42334468788093,37.26,126.46
2022-07-27 21:00:00,예천,,0,6,100.09842652375478,36.65,128.46
2022-07-27 21:00:00,창원,,0,6,100.96714977461761,35.21,128.58
2022-07-27 21:00:00,탑선,,0,6,99.73150320221511,35.24,126.81
2022-07-27 22:00:00,경상대,,0,6,110.31061040567913,35.18,128.1
2022-07-27 22:00:00,고흥만수상,,0,6,110.24862923369989,34.57,127.3
2022-07-27 22:00:00,광양항세방,,0,6,110.24997739530262,34.93,127.71
2022-07-27 22:00:00,구미,,0,6,109.794646149596,36.13,128.34
2022-07-27 22:00:00,삼천포,,0,6,110.45105458151434,34.95,128.07
2022-07-27 22:00:00,여수,,0,6,110.39785494065953,34.74,127.74
2022-07-27 22:00:00,영동,,0,6,109.13244892495291,37.18,128.46
2022-07-27 22:00:00,영흥,,0,6,107.92294314428969,37.26,126.46
2022-07-27 22:00:00,예천,,0,6,109.50232413194948,36.65,128.46
2022-07-27 22:00:00,창원,,0,6,110.57338685856128,35.21,128.58
2022-07-27 22:00:00,탑선,,0,6,109.49919883385569,35.24,126.81
2022-07-27 23:00:00,경상대,,0,6,118.21793167506354,35.18,128.1
2022-07-27 23:00:00,고흥만수상,,0,6,118.35616949873126,34.57,127.3
2022-07-27 23:00:00,광양항세방,,0,6,118.24819557961644,34.93,127.71
2022-07-27 23:00:00,구미,,0,6,117.53112236503308,36.13,128.34
2022-07-27 23:00:00,삼천포,,0,6,118.39588325520654,34.95,128.07
2022-07-27 23:00:00,여수,,0,6,118.41945155086435,34.74,127.74
2022-07-27 23:00:00,영동,,0,6,116.70134212429826,37.18,128.46
2022-07-27 23:00:00,영흥,,0,6,115.75386636930368,37.26,126.46
2022-07-27 23:00:00,예천,,0,6,117.1471928691677,36.65,128.46
2022-07-27 23:00:00,창원,,0,6,118.40840023990276,35.21,128.58
2022-07-27 23:00:00,탑선,,0,6,117.57651854145199,35.24,126.81
2022-07-28 00:00:00,경상대,,0,6,123.60519944232664,35.18,128.1
2022-07-28 00:00:00,고흥만수상,,0,6,123.97158192951836,34.57,127.3
2022-07-28 00:00:00,광양항세방,,0,6,123.74093760728435,34.93,127.71
2022-07-28 00:00:00,구미,,0,6,122.76230286425573,36.13,128.34
2022-07-28 00:00:00,삼천포,,0,6,123.8158407458362,34.95,128.07
2022-07-28 00:00:00,여수,,0,6,123.9287656711358,34.74,127.74
2022-07-28 00:00:00,영동,,0,6,121.79091811125525,37.18,128.46
2022-07-28 00:00:00,영흥,,0,6,121.20859071973936,37.26,126.46
2022-07-28 00:00:00,예천,,0,6,122.2962875079968,36.65,128.46
2022-07-28 00:00:00,창원,,0,6,123.69788540976052,35.21,128.58
2022-07-28 00:00:00,탑선,,0,6,123.20599319094859,35.24,126.81
2022-07-28 01:00:00,경상대,,0,5,125.69970257870042,35.18,128.1
2022-07-28 01:00:00,고흥만수상,,0,5,126.290147284728,34.57,127.3
2022-07-28 01:00:00,광양항세방,,0,5,125.9415997112844,34.93,127.71
2022-07-28 01:00:00,구미,,0,5,124.75351272075041,36.13,128.34
2022-07-28 01:00:00,삼천포,,0,5,125.92911740789458,34.95,128.07
2022-07-28 01:00:00,여수,,0,5,126.13222627999755,34.74,127.74
2022-07-28 01:00:00,영동,,0,5,123.70507285193719,37.18,128.46
2022-07-28 01:00:00,영흥,,0,5,123.5721576269039,37.26,126.46
2022-07-28 01:00:00,예천,,0,5,124.2350120508455,36.65,128.46
2022-07-28 01:00:00,창원,,0,5,125.67607624021997,35.21,128.58
2022-07-28 01:00:00,탑선,,0,5,125.60371509566275,35.24,126.81
2022-07-28 02:00:00,경상대,,0,6,124.12411491953281,35.18,128.1
2022-07-28 02:00:00,고흥만수상,,0,6,124.88807594498451,34.57,127.3
2022-07-28 02:00:00,광양항세방,,0,6,124.45154918556364,34.93,127.71
2022-07-28 02:00:00,구미,,0,6,123.15722552421936,36.13,128.34
2022-07-28 02:00:00,삼천포,,0,6,124.35197559366009,34.95,128.07
2022-07-28 02:00:00,여수,,0,6,124.62788290171807,34.74,127.74
2022-07-28 02:00:00,영동,,0,6,122.12154820239704,37.18,128.46
2022-07-28 02:00:00,영흥,,0,6,122.45437430886156,37.26,126.46
2022-07-28 02:00:00,예천,,0,6,122.63083786628786,36.65,128.46
2022-07-28 02:00:00,창원,,0,6,123.98557173441223,35.21,128.58
2022-07-28 02:00:00,탑선,,0,6,124.3436632206417,35.24,126.81
2022-07-28 03:00:00,경상대,,0,6,119.16689007990408,35.18,128.1
2022-07-28 03:00:00,고흥만수상,,0,6,120.02906869926004,34.57,127.3
2022-07-28 03:00:00,광양항세방,,0,6,119.546725414984,34.93,127.71
2022-07-28 03:00:00,구미,,0,6,118.25546672493826,36.13,128.34
2022-07-28 03:00:00,삼천포,,0,6,119.37561443078474,34.95,128.07
2022-07-28 03:00:00,여수,,0,6,119.69619390882113,34.74,127.74
2022-07-28 03:00:00,영동,,0,6,117.30967966569102,37.18,128.46
2022-07-28 03:00:00,영흥,,0,6,118.04687700831232,37.26,126.46
2022-07-28 03:00:00,예천,,0,6,117.7617767479815,36.65,128.46
2022-07-28 03:00:00,창원,,0,6,118.9345454587853,35.21,128.58
2022-07-28 03:00:00,탑선,,0,6,119.65774639753661,35.24,126.81
2022-07-28 04:00:00,경상대,,0,6,111.57123253107159,35.18,128.1
2022-07-28 04:00:00,고흥만수상,,0,6,112.46640257748999,34.57,127.3
2022-07-28 04:00:00,광양항세방,,0,6,111.97352308863506,34.93,127.71
2022-07-28 04:00:00,구미,,0,6,110.76000794376338,36.13,128.34
2022-07-28 04:00:00,삼천포,,0,6,111.75152478597819,34.95,128.07
2022-07-28 04:00:00,여수,,0,6,112.09136550363601,34.74,127.74
2022-07-28 04:00:00,영동,,0,6,109.9460478480912,37.18,128.46
2022-07-28 04:00:00,영흥,,0,6,110.99044380797116,37.26,126.46
2022-07-28 04:00:00,예천,,0,6,110.32284629255108,36.65,128.46
2022-07-28 04:00:00,창원,,0,6,111.27243081818895,35.21,128.58
2022-07-28 04:00:00,탑선,,0,6,112.26483438433846,35.24,126.81
2022-07-28 05:00:00,경상대,,0,6,102.12542826582678,35.18,128.1
2022-07-28 05:00:00,고흥만수상,,0,6,103.0113413724559,34.57,127.3
2022-07-28 05:00:00,광양항세방,,0,6,102.52998960710075,34.93,127.71
2022-07-28 05:00:00,구미,,0,6,101.43154569752862,36.13,128.34
2022-07-28 05:00:00,삼천포,,0,6,102.27461837584126,34.95,128.07
2022-07-28 05:00:00,여수,,0,6,102.61663383841244,34.74,127.74
2022-07-28 05:00:00,영동,,0,6,100.76276366298106,37.18,128.46
2022-07-28 05:00:00,영흥,,0,6,102.02363361940472,37.26,126.46
2022-07-28 05:00:00,예천,,0,6,101.06012370952081,36.65,128.46
2022-07-28 05:00:00,창원,,0,6,101.78320097274931,35.21,128.58
2022-07-28 05:00:00,탑선,,0,6,102.95977131559357,35.24,126.81
2022-07-28 06:00:00,경상대,,0,6,91.448674674974,35.18,128.1
2022-07-28 06:00:00,고흥만수상,,0,6,92.30084242052216,34.57,127.3
2022-07-28 06:00:00,광양항세방,,0,6,91.84333590267956,34.93,127.71
2022-07-28 06:00:00,구미,,0,6,90.87562406885925,36.13,128.34
2022-07-28 06:00:00,삼천포,,0,6,91.56704873420034,34.95,128.07
2022-07-28 06:00:00,여수,,0,6,91.90096935674046,34.74,127.74
2022-07-28 06:00:00,영동,,0,6,90.35216162860884,37.18,128.46
2022-07-28 06:00:00,영흥,,0,6,91.76037063481638,37.26,126.46
2022-07-28 06:00:00,예천,,0,6,90.57189548786307,36.65,128.46
2022-07-28 06:00:00,창원,,0,6,91.07939704549767,35.21,128.58
2022-07-28 06:00:00,탑선,,0,6,92.37801547265616,35.24,126.81
2022-07-28 07:00:00,경상대,85.89999999999999,3,6,79.9760079201147,35.18,128.1
2022-07-28 07:00:00,고흥만수상,194.75,2,6,80.77913863088918,34.57,127.3
2022-07-28 07:00:00,광양항세방,143.8,2,6,80.35298164529544,34.93,127.71
2022-07-28 07:00:00,구미,107.0,3,6,79.52408014897264,36.13,128.34
2022-07-28 07:00:00,삼천포,0.0,2,6,80.06431158990785,34.95,128.07
2022-07-28 07:00:00,여수,187.25,2,6,80.38359427927564,34.74,127.74
2022-07-28 07:00:00,영동,138.79999999999998,3,6,79.1438632350416,37.18,128.46
2022-07-28 07:00:00,영흥,148.65,2,6,80.64977819614033,37.26,126.46
2022-07-28 07:00:00,예천,119.33333333333333,3,6,79.28833198092929,36.65,128.46
2022-07-28 07:00:00,창원,26.833333333333332,3,6,79.59094305588755,35.21,128.58
2022-07-28 07:00:00,탑선,192.05,2,6,80.9685359942227,35.24,126.81
2022-07-28 08:00:00,경상대,167.75,6,6,68.013787674492,35.18,128.1
2022-07-28 08:00:00,고흥만수상,276.56666666666666,6,6,68.75502515339255,34.57,127.3
2022-07-28 08:00:00,광양항세방,226.35,6,6,68.36664781981511,34.93,127.71
2022-07-28 08:00:00,구미,186.04999999999998,6,6,67.6862703136928,36.13,128.34
2022-07-28 08:00:00,삼천포,193.29999999999998,6,6,68.07185912046587,34.95,128.07
2022-07-28 08:00:00,여수,287.23333333333335,6,6,68.3711323538206,34.74,127.74
2022-07-28 08:00:00,영동,352.43333333333334,6,6,67.45137828415182,37.18,128.46
2022-07-28 08:00:00,영흥,277.73333333333335,6,6,69.01775064436593,37.26,126.46
2022-07-28 08:00:00,예천,218.7166666666667,6,6,67.52049995045184,36.65,128.46
2022-07-28 08:00:00,창원,142.6833333333333,6,6,67.62128698809478,35.21,128.58
2022-07-28 08:00:00,탑선,210.8166666666667,6,6,69.04650208413028,35.24,126.81
2022-07-28 09:00:00,경상대,231.4333333333333,6,6,55.80382306654946,35.18,128.1
2022-07-28 09:00:00,고흥만수상,400.88333333333327,6,6,56.466839076439285,34.57,127.3
2022-07-28 09:00:00,광양항세방,317.8333333333333,6,6,56.124800719772765,34.93,127.71
2022-07-28 09:00:00,구미,217.86666666666667,6,6,55.61203458920073,36.13,128.34
2022-07-28 09:00:00,삼천포,273.93333333333334,6,6,55.82952549253422,34.95,128.07
2022-07-28 09:00:00,여수,437.0333333333333,6,6,56.10231908310847,34.74,127.74
2022-07-28 09:00:00,영동,459.95000000000005,6,6,55.53383058045433,37.18,128.46
2022-07-28 09:00:00,영흥,468.13333333333327,6,6,57.12743369993281,37.26,126.46
2022-07-28 09:00:00,예천,325.18333333333334,6,6,55.522733170985575,36.65,128.46
2022-07-28 09:00:00,창원,278.95,6,6,55.41153409138593,35.21,128.58
2022-07-28 09:00:00,탑선,421.0666666666668,6,6,56.857206034597766,35.24,126.81
2022-07-28 10:00:00,경상대,604.7166666666667,6,6,43.59787364520114,35.18,128.1
2022-07-28 10:00:00,고흥만수상,581.8833333333333,6,6,44.15414331014142,34.57,127.3
2022-07-28 10:00:00,광양항세방,545.1833333333333,6,6,43.873846649868284,34.93,127.71
2022-07-28 10:00:00,구미,330.6166666666666,6,6,43.56901450405344,36.13,128.34
2022-07-28 10:00:00,삼천포,332.34999999999997,6,6,43.585395981607654,34.95,128.07
2022-07-28 10:00:00,여수,619.1666666666666,6,6,43.82078336349776,34.74,127.74
2022-07-28 10:00:00,영동,658.3166666666666,6,6,43.67598470258004,37.18,128.46
2022-07-28 10:00:00,영흥,626.4166666666666,6,6,45.254928756299044,37.26,126.46
2022-07-28 10:00:00,예천,467.70000000000005,6,6,43.57145415232987,36.65,128.46
2022-07-28 10:00:00,창원,314.4666666666667,6,6,43.215946235283106,35.21,128.58
2022-07-28 10:00:00,탑선,679.3,6,6,44.64849487941305,35.24,126.81
2022-07-28 11:00:00,경상대,316.51666666666665,6,6,31.806992159093262,35.18,128.1
2022-07-28 11:00:00,고흥만수상,660.7666666666667,6,6,32.19455437044166,34.57,127.3
2022-07-28 11:00:00,광양항세방,639.4166666666666,6,6,32.009659135041815,34.93,127.71
2022-07-28 11:00:00,구미,610.8,6,6,32.00166022239422,36.13,128.34
2022-07-28 11:00:00,삼천포,334.06666666666666,6,6,31.742987586945773,34.95,128.07
2022-07-28 11:00:00,여수,571.6833333333333,6,6,31.917311699011755,34.74,127.74
2022-07-28 11:00:00,영동,606.9833333333333,6,6,32.35537992323202,37.18,128.46
2022-07-28 11:00:00,영흥,740.8833333333332,6,6,33.836806599838404,37.26,126.46
2022-07-28 11:00:00,예천,523.6833333333333,6,6,32.129017955648614,36.65,128.46
2022-07-28 11:00:00,창원,305.4,6,6,31.456463199958293,35.21,128.58
2022-07-28 11:00:00,탑선,793.9,6,6,32.80845953888074,35.24,126.81
2022-07-28 12:00:00,경상대,341.95000000000005,6,6,21.511030574838685,35.18,128.1
2022-07-28 12:00:00,고흥만수상,750.6166666666667,6,6,21.571778212653854,34.57,127.3
2022-07-28 12:00:00,광양항세방,843.1166666666668,6,6,21.56737798479719,34.93,127.71
2022-07-28 12:00:00,구미,612.9166666666666,6,6,22.054090328970346,36.13,128.34
2022-07-28 12:00:00,삼천포,410.90000000000003,6,6,21.36786616528552,34.95,128.07
2022-07-28 12:00:00,여수,692.5166666666668,6,6,21.419394056706125,34.74,127.74
2022-07-28 12:00:00,영동,573.25,6,6,22.766050067913298,37.18,128.46
2022-07-28 12:00:00,영흥,819.3833333333333,6,6,23.91508655122807,37.26,126.46
2022-07-28 12:00:00,예천,407.86666666666673,6,6,22.370582669710615,36.65,128.46
2022-07-28 12:00:00,창원,349.9666666666667,6,6,21.255333440199166,35.21,128.58
2022-07-28 12:00:00,탑선,773.5166666666665,6,6,22.318733779488156,35.24,126.81
2022-07-28 13:00:00,경상대,560.7833333333333,6,6,16.208312301548347,35.18,128.1
2022-07-28 13:00:00,고흥만수상,722.5666666666666,6,6,15.657496841482356,34.57,127.3
2022-07-28 13:00:00,광양항세방,877.8833333333333,6,6,15.982421811753738,34.93,127.71
2022-07-28 13:00:00,구미,524.8333333333333,6,6,17.146701248777248,36.13,128.34
2022-07-28 13:00:00,삼천포,554.4333333333333,6,6,15.980294277869248,34.95,128.07
2022-07-28 13:00:00,여수,722.1500000000001,6,6,15.791007313760147,34.74,127.74
2022-07-28 13:00:00,영동,350.23333333333335,6,6,18.19202593971069,37.18,128.46
2022-07-28 13:00:00,영흥,855.3666666666667,6,6,18.41201397778721,37.26,126.46
2022-07-28 13:00:00,예천,312.26666666666665,6,6,17.662354952766066,36.65,128.46
2022-07-28 13:00:00,창원,233.03333333333333,6,6,16.2197819739431,35.21,128.58
2022-07-28 13:00:00,탑선,821.8833333333332,6,6,16.372313412319215,35.24,126.81
2022-07-28 14:00:00,경상대,653.0666666666666,6,6,20.364750319805154,35.18,128.1
2022-07-28 14:00:00,고흥만수상,555.9833333333333,6,6,19.474446705905123,34.57,127.3
2022-07-28 14:00:00,광양항세방,842.5666666666666,6,6,19.966946904421576,34.93,127.71
2022-07-28 14:00:00,구미,261.23333333333335,6,6,21.214498324585918,36.13,128.34
2022-07-28 14:00:00,삼천포,768.25,6,6,20.17537407938036,34.95,128.07
2022-07-28 14:00:00,여수,724.15,6,6,19.839043835079252,34.74,127.74
2022-07-28 14:00:00,영동,481.8499999999999,6,6,22.089439439500467,37.18,128.46
2022-07-28 14:00:00,영흥,859.7833333333333,6,6,21.21334545192076,37.26,126.46
2022-07-28 14:00:00,예천,451.96666666666664,6,6,21.676829078299605,36.65,128.46
2022-07-28 14:00:00,창원,603.4833333333333,6,6,20.647026380326636,35.21,128.58
2022-07-28 14:00:00,탑선,688.9,6,6,19.741510091128916,35.24,126.81
2022-07-28 15:00:00,경상대,556.8833333333333,6,6,30.275062523086255,35.18,128.1
2022-07-28 15:00:00,고흥만수상,477.26666666666665,6,6,29.423800881935364,34.57,127.3
2022-07-28 15:00:00,광양항세방,782.4166666666666,6,6,29.880442600350733,34.93,127.71
2022-07-28 15:00:00,구미,224.95000000000002,6,6,30.85759526816551,36.13,128.34
2022-07-28 15:00:00,삼천포,750.1,6,6,30.15711293366479,34.95,128.07
2022-07-28 15:00:00,여수,764.3166666666667,6,6,29.82366978940587,34.74,127.74
2022-07-28 15:00:00,영동,422.5833333333333,6,6,31.413973090350083,37.18,128.46
2022-07-28 15:00:00,영흥,791.7666666666665,6,6,30.05403526439646,37.26,126.46
2022-07-28 15:00:00,예천,566.1666666666666,6,6,31.173989732402717,36.65,128.46
2022-07-28 15:00:00,창원,590.4166666666666,6,6,30.644517569794516,35.21,128.58
2022-07-28 15:00:00,탑선,685.65,6,6,29.349886639635756,35.24,126.81
2022-07-28 16:00:00,경상대,563.4833333333335,6,6,41.958133435634274,35.18,128.1
2022-07-28 16:00:00,고흥만수상,552.8333333333334,6,6,41.198543297909914,34.57,127.3
2022-07-28 16:00:00,광양항세방,579.1666666666666,6,6,41.59730578319778,34.93,127.71
2022-07-28 16:00:00,구미,317.8333333333333,6,6,42.33600962647721,36.13,128.34
2022-07-28 16:00:00,삼천포,567.9666666666667,6,6,41.89094608733738,34.95,128.07
2022-07-28 16:00:00,여수,698.1666666666666,6,6,41.58586840932849,34.74,127.74
2022-07-28 16:00:00,영동,578.9,6,6,42.65319208973596,37.18,128.46
2022-07-28 16:00:00,영흥,632.2166666666666,6,6,41.12426878272803,37.26,126.46
2022-07-28 16:00:00,예천,288.8666666666666,6,6,42.53849287823737,36.65,128.46
2022-07-28 16:00:00,창원,515.4833333333335,6,6,42.349115585253685,35.21,128.58
2022-07-28 16:00:00,탑선,715.1666666666666,6,6,40.9369068539735,35.24,126.81
2022-07-28 17:00:00,경상대,554.9833333333332,6,6,54.14622663761124,35.18,128.1
2022-07-28 17:00:00,고흥만수상,438.5999999999999,6,6,53.47831291258599,34.57,127.3
2022-07-28 17:00:00,광양항세방,483.59999999999997,6,6,53.82217715103259,34.93,127.71
2022-07-28 17:00:00,구미,386.23333333333335,6,6,54.36370498490067,36.13,128.34
2022-07-28 17:00:00,삼천포,364.09999999999997,6,6,54.11760856865658,34.95,128.07
2022-07-28 17:00:00,여수,531.1333333333333,6,6,53.84329611720517,34.74,127.74
2022-07-28 17:00:00,영동,510.7,6,6,54.495950958940405,37.18,128.46
2022-07-28 17:00:00,영흥,538.3166666666667,6,6,52.90958183830136,37.26,126.46
2022-07-28 17:00:00,예천,491.8333333333334,6,6,54.47638776638121,36.65,128.46
2022-07-28 17:00:00,창원,523.9833333333333,6,6,54.538936100114505,35.21,128.58
2022-07-28 17:00:00,탑선,583.3333333333334,6,6,53.094138905708256,35.24,126.81
2022-07-28 18:00:00,경상대,429.2833333333333,6,6,66.38284762533439,35.18,128.1
2022-07-28 18:00:00,고흥만수상,229.26666666666665,6,6,65.80726053302989,34.57,127.3
2022-07-28 18:00:00,광양항세방,344.05,6,6,66.09721234588007,34.93,127.71
2022-07-28 18:00:00,구미,278.45,6,6,66.45957683284024,36.13,128.34
2022-07-28 18:00:00,삼천포,307.18333333333334,6,6,66.38749721412074,34.95,128.07
2022-07-28 18:00:00,여수,394.81666666666666,6,6,66.14531414539177,34.74,127.74
2022-07-28 18:00:00,영동,313.8833333333334,6,6,66.43217559432298,37.18,128.46
2022-07-28 18:00:00,영흥,368.5833333333333,6,6,64.83982458639447,37.26,126.46
2022-07-28 18:00:00,예천,204.66666666666666,6,6,66.49353827358487,36.65,128.46
2022-07-28 18:00:00,창원,461.15000000000003,6,6,66.7680816817423,35.21,128.58
2022-07-28 18:00:00,탑선,403.9666666666667,6,6,65.32921333850744,35.24,126.81
2022-07-28 19:00:00,경상대,182.75000000000003,4,6,78.40723323497072,35.18,128.1
2022-07-28 19:00:00,고흥만수상,161.64,5,6,77.9306897147002,34.57,127.3
2022-07-28 19:00:00,광양항세방,194.35,4,6,78.16376757863924,34.93,127.71
2022-07-28 19:00:00,구미,221.475,4,6,78.34827367690515,36.13,128.34
2022-07-28 19:00:00,삼천포,173.02499999999998,4,6,78.44356223768233,34.95,128.07
2022-07-28 19:00:00,여수,269.35,4,6,78.23668434461227,34.74,127.74
2022-07-28 19:00:00,영동,240.97500000000002,4,6,78.16979054510314,37.18,128.46
2022-07-28 19:00:00,영흥,202.74,5,6,76.60698504988062,37.26,126.46
2022-07-28 19:00:00,예천,78.175,4,6,78.30665368093736,36.65,128.46
2022-07-28 19:00:00,창원,274.15,4,6,78.77780905345388,35.21,128.58
2022-07-28 19:00:00,탑선,232.42000000000002,5,6,77.37275932671113,35.24,126.81
2022-07-28 20:00:00,경상대,,0,6,89.98212089060736,35.18,128.1
2022-07-28 20:00:00,고흥만수상,,0,6,89.6183546059466,34.57,127.3
2022-07-28 20:00:00,광양항세방,,0,6,89.78753293327014,34.93,127.71
2022-07-28 20:00:00,구미,,0,6,89.78314517625043,36.13,128.34
2022-07-28 20:00:00,삼천포,,0,6,90.05078265351942,34.95,128.07
2022-07-28 20:00:00,여수,,0,6,89.88488834810089,34.74,127.74
2022-07-28 20:00:00,영동,,0,6,89.45202113406268,37.18,128.46
2022-07-28 20:00:00,영흥,,0,6,87.95450773882679,37.26,126.46
2022-07-28 20:00:00,예천,,0,6,89.66399784290753,36.65,128.46
2022-07-28 20:00:00,창원,,0,6,90.32984931421932,35.21,128.58
2022-07-28 20:00:00,탑선,,0,6,88.98848272855987,35.24,126.81
2022-07-28 21:00:00,경상대,,0,6,100.81481770701849,35.18,128.1
2022-07-28 21:00:00,고흥만수상,,0,6,100.5855884020434,34.57,127.3
2022-07-28 21:00:00,광양항세방,,0,6,100.67945297431454,34.93,127.71
2022-07-28 21:00:00,구미,,0,6,100.46508600324313,36.13,128.34
2022-07-28 21:00:00,삼천포,,0,6,100.91788477802955,34.95,128.07
2022-07-28 21:00:00,여수,,0,6,100.8017449402066,34.74,127.74
2022-07-28 21:00:00,영동,,0,6,99.97373424125453,37.18,128.46
2022-07-28 21:00:00,영흥,,0,6,98.58705124346262,37.26,126.46
2022-07-28 21:00:00,예천,,0,6,100.26311612000059,36.65,128.46
2022-07-28 21:00:00,창원,,0,6,101.12850886680239,35.21,128.58
2022-07-28 21:00:00,탑선,,0,6,99.89066363504939,35.24,126.81
2022-07-28 22:00:00,경상대,,0,6,110.49246532280868,35.18,128.1
2022-07-28 22:00:00,고흥만수상,,0,6,110.42810388873333,34.57,127.3
2022-07-28 22:00:00,광양항세방,,0,6,110.43077098340655,34.93,127.71
2022-07-28 22:00:00,구미,,0,6,109.97864227511013,36.13,128.34
2022-07-28 22:00:00,삼천포,,0,6,110.63242331013856,34.95,128.07
2022-07-28 22:00:00,여수,,0,6,110.57832337586163,34.74,127.74
2022-07-28 22:00:00,영동,,0,6,109.31853447689625,37.18,128.46
2022-07-28 22:00:00,영흥,,0,6,108.10639733823983,37.26,126.46
2022-07-28 22:00:00,예천,,0,6,109.687449061877,36.65,128.46
2022-07-28 22:00:00,창원,,0,6,110.75601039636013,35.21,128.58
2022-07-28 22:00:00,탑선,,0,6,109.67926717809256,35.24,126.81
2022-07-28 23:00:00,경상대,,0,6,118.42236114584631,35.18,128.1
2022-07-28 23:00:00,고흥만수상,,0,6,118.55869082263861,34.57,127.3
2022-07-28 23:00:00,광양항세방,,0,6,118.45176180906715,34.93,127.71
2022-07-28 23:00:00,구미,,0,6,117.73698028251364,36.13,128.34
2022-07-28 23:00:00,삼천포,,0,6,118.5999981701814,34.95,128.07
2022-07-28 23:00:00,여수,,0,6,118.62283215709496,34.74,127.74
2022-07-28 23:00:00,영동,,0,6,116.90851361258673,37.18,128.46
2022-07-28 23:00:00,영흥,,0,6,115.95844251360171,37.26,126.46
2022-07-28 23:00:00,예천,,0,6,117.35379075295972,36.65,128.46
2022-07-28 23:00:00,창원,,0,6,118.61355423534684,35.21,128.58
2022-07-28 23:00:00,탑선,,0,6,117.77915089582648,35.24,126.81
2022-07-29 00:00:00,경상대,,0,6,123.82850544727249,35.18,128.1
2022-07-29 00:00:00,고흥만수상,,0,6,124.19384605725135,34.57,127.3
2022-07-29 00:00:00,광양항세방,,0,6,123.96376564728911,34.93,127.71
2022-07-29 00:00:00,구미,,0,6,122.98618581757015,36.13,128.34
2022-07-29 00:00:00,삼천포,,0,6,124.03902835387778,34.95,128.07
2022-07-29 00:00:00,여수,,0,6,124.15154544883404,34.74,127.74
2022-07-29 00:00:00,영동,,0,6,122.015271925713,37.18,128.46
2022-07-29 00:00:00,영흥,,0,6,121.43118295836892,37.26,126.46
2022-07-29 00:00:00,예천,,0,6,122.5204602793898,36.65,128.46
2022-07-29 00:00:00,창원,,0,6,123.921654956228,35.21,128.58
2022-07-29 00:00:00,탑선,,0,6,123.42805286478999,35.24,126.81
2022-07-29 01:00:00,경상대,,0,5,125.93080371340068,35.18,128.1
2022-07-29 01:00:00,고흥만수상,,0,5,126.52122450309264,34.57,127.3
2022-07-29 01:00:00,광양항세방,,0,5,126.1726954445653,34.93,127.71
2022-07-29 01:00:00,구미,,0,5,124.98461139024363,36.13,128.34
2022-07-29 01:00:00,삼천포,,0,5,126.16021849283875,34.95,128.07
2022-07-29 01:00:00,여수,,0,5,126.36332261861129,34.74,127.74
2022-07-29 01:00:00,영동,,0,5,123.93616843493155,37.18,128.46
2022-07-29 01:00:00,영흥,,0,5,123.8031794520426,37.26,126.46
2022-07-29 01:00:00,예천,,0,5,124.4661078034711,36.65,128.46
2022-07-29 01:00:00,창원,,0,5,125.90716874329743,35.21,128.58
2022-07-29 01:00:00,탑선,,0,5,125.83475818339073,35.24,126.81
2022-07-29 02:00:00,경상대,,0,6,124.34767722777906,35.18,128.1
2022-07-29 02:00:00,고흥만수상,,0,6,125.11221639286501,34.57,127.3
2022-07-29 02:00:00,광양항세방,,0,6,124.67540887968356,34.93,127.71
2022-07-29 02:00:00,구미,,0,6,123.38088182434797,36.13,128.34
2022-07-29 02:00:00,삼천포,,0,6,124.57548769234818,34.95,128.07
2022-07-29 02:00:00,여수,,0,6,124.85164953609039,34.74,127.74
2022-07-29 02:00:00,영동,,0,6,122.34544582299165,37.18,128.46
2022-07-29 02:00:00,영흥,,0,6,122.6800290057974,37.26,126.46
2022-07-29 02:00:00,예천,,0,6,122.85455759161988,36.65,128.46
2022-07-29 02:00:00,창원,,0,6,124.20866605085838,35.21,128.58
2022-07-29 02:00:00,탑선,,0,6,124.56846871756564,35.24,126.81
2022-07-29 03:00:00,경상대,,0,6,119.37116511677463,35.18,128.1
2022-07-29 03:00:00,고흥만수상,,0,6,120.23387323059893,34.57,127.3
2022-07-29 03:00:00,광양항세방,,0,6,119.75130878130894,34.93,127.71
2022-07-29 03:00:00,구미,,0,6,118.46045905499142,36.13,128.34
2022-07-29 03:00:00,삼천포,,0,6,119.5796709212055,34.95,128.07
2022-07-29 03:00:00,여수,,0,6,119.90051513275037,34.74,127.74
2022-07-29 03:00:00,영동,,0,6,117.51565625412361,37.18,128.46
2022-07-29 03:00:00,영흥,,0,6,118.25572153941529,37.26,126.46
2022-07-29 03:00:00,예천,,0,6,117.96717293522111,36.65,128.46
2022-07-29 03:00:00,창원,,0,6,119.1381254144645,35.21,128.58
2022-07-29 03:00:00,탑선,,0,6,119.86402758073643,35.24,126.81
2022-07-29 04:00:00,경상대,,0,6,111.75197091445877,35.18,128.1
2022-07-29 04:00:00,고흥만수상,,0,6,112.64724297836621,34.57,127.3
2022-07-29 04:00:00,광양항세방,,0,6,112.15439842528208,34.93,127.71
2022-07-29 04:00:00,구미,,0,6,110.94218423114071,36.13,128.34
2022-07-29 04:00:00,삼천포,,0,6,111.9318667846593,34.95,128.07
2022-07-29 04:00:00,여수,,0,6,112.27182725726925,34.74,127.74
2022-07-29 04:00:00,영동,,0,6,110.1300013843516,37.18,128.46
2022-07-29 04:00:00,영흥,,0,6,111.17751372707251,37.26,126.46
2022-07-29 04:00:00,예천,,0,6,110.50581672116071,36.65,128.46
2022-07-29 04:00:00,창원,,0,6,111.4524718581113,35.21,128.58
2022-07-29 04:00:00,탑선,,0,6,112.44772330851784,35.24,126.81
2022-07-29 05:00:00,경상대,,0,6,102.283879248618,35.18,128.1
2022-07-29 05:00:00,고흥만수상,,0,6,103.16938122066495,34.57,127.3
2022-07-29 05:00:00,광양항세방,,0,6,102.68835574328958,34.93,127.71
2022-07-29 05:00:00,구미,,0,6,101.59203555729917,36.13,128.34
2022-07-29 05:00:00,삼천포,,0,6,102.43253290593066,34.95,128.07
2022-07-29 05:00:00,여수,,0,6,102.77448068886433,34.74,127.74
2022-07-29 05:00:00,영동,,0,6,100.92566879857728,37.18,128.46
2022-07-29 05:00:00,영흥,,0,6,102.18937995577845,37.26,126.46
2022-07-29 05:00:00,예천,,0,6,101.22173429730049,36.65,128.46
2022-07-29 05:00:00,창원,,0,6,101.94106598978168,35.21,128.58
2022-07-29 05:00:00,탑선,,0,6,103.12016785729061,35.24,126.81
2022-07-29 06:00:00,경상대,,0,6,91.58851293396204,35.18,128.1
2022-07-29 06:00:00,고흥만수상,,0,6,92.43977819112516,34.57,127.3
2022-07-29 06:00:00,광양항세방,,0,6,91.98287056185458,34.93,127.71
2022-07-29 06:00:00,구미,,0,6,91.01798415156851,36.13,128.34
2022-07-29 06:00:00,삼천포,,0,6,91.70624233369293,34.95,128.07
2022-07-29 06:00:00,여수,,0,6,92.03991077719161,34.74,127.74
2022-07-29 06:00:00,영동,,0,6,90.49743681126819,37.18,128.46
2022-07-29 06:00:00,영흥,,0,6,91.90799215271723,37.26,126.46
2022-07-29 06:00:00,예천,,0,6,90.71563950627078,36.65,128.46
2022-07-29 06:00:00,창원,,0,6,91.21879794481144,35.21,128.58
2022-07-29 06:00:00,탑선,,0,6,92.51946469504603,35.24,126.81
2022-07-29 07:00:00,경상대,218.45,2,6,80.10167995447206,35.18,128.1
2022-07-29 07:00:00,고흥만수상,198.7,2,6,80.90342783524294,34.57,127.3
2022-07-29 07:00:00,광양항세방,147.5,2,6,80.4781336659539,34.93,127.71
2022-07-29 07:00:00,구미,154.9333333333333,3,6,79.65271528015192,36.13,128.34
2022-07-29 07:00:00,삼천포,236.25,2,6,80.1892415746396,34.95,128.07
2022-07-29 07:00:00,여수,222.25,2,6,80.50808980119075,34.74,127.74
2022-07-29 07:00:00,영동,201.5666666666667,3,6,79.2758613219072,37.18,128.46
2022-07-29 07:00:00,영흥,170.6,2,6,80.78354021527619,37.26,126.46
2022-07-29 07:00:00,예천,161.9,3,6,79.41859097427117,36.65,128.46
2022-07-29 07:00:00,창원,152.73333333333332,3,6,79.71633803168973,35.21,128.58
2022-07-29 07:00:00,탑선,91.05,2,6,81.09544385239359,35.24,126.81
2022-07-29 08:00:00,경상대,329.48333333333335,6,6,68.13015130290626,35.18,128.1
2022-07-29 08:00:00,고흥만수상,336.6666666666667,6,6,68.86947502419498,34.57,127.3
2022-07-29 08:00:00,광양항세방,266.1333333333333,6,6,68.48225173628256,34.93,127.71
2022-07-29 08:00:00,구미,297.53333333333336,6,6,67.80608278721876,36.13,128.34
2022-07-29 08:00:00,삼천포,375.76666666666665,6,6,68.18737283127919,34.95,128.07
2022-07-29 08:00:00,여수,364.05,6,6,68.48600973782989,34.74,127.74
2022-07-29 08:00:00,영동,360.40000000000003,6,6,67.575038522124,37.18,128.46
2022-07-29 08:00:00,영흥,245.4,6,6,69.14250470452014,37.26,126.46
2022-07-29 08:00:00,예천,302.31666666666666,6,6,67.64219811403765,36.65,128.46
2022-07-29 08:00:00,창원,245.01666666666668,6,6,67.73755227168857,35.21,128.58
2022-07-29 08:00:00,탑선,328.1666666666667,6,6,69.16368481911893,35.24,126.81
2022-07-29 09:00:00,경상대,316.71666666666664,6,6,55.91665887605593,35.18,128.1
2022-07-29 09:00:00,고흥만수상,513.1666666666666,6,6,56.57708069837125,34.57,127.3
2022-07-29 09:00:00,광양항세방,460.9333333333334,6,6,56.2365696075951,34.93,127.71
2022-07-29 09:00:00,구미,507.1166666666666,6,6,55.7289374064497,36.13,128.34
2022-07-29 09:00:00,삼천포,576.6999999999999,6,6,55.94137244009373,34.95,128.07
2022-07-29 09:00:00,여수,469.21666666666664,6,6,56.21327060470541,34.74,127.74
2022-07-29 09:00:00,영동,553.85,6,6,55.65518264157923,37.18,128.46
2022-07-29 09:00:00,영흥,483.55,6,6,57.249012721518,37.26,126.46
2022-07-29 09:00:00,예천,488.8333333333333,6,6,55.64184976627673,36.65,128.46
2022-07-29 09:00:00,창원,561.0833333333334,6,6,55.52450121502587,35.21,128.58
2022-07-29 09:00:00,탑선,491.8166666666666,6,6,56.970331190065664,35.24,126.81
2022-07-29 10:00:00,경상대,696.6833333333333,6,6,43.71539222989726,35.18,128.1
2022-07-29 10:00:00,고흥만수상,722.5500000000001,6,6,44.26807945255376,34.57,127.3
2022-07-29 10:00:00,광양항세방,626.1500000000001,6,6,43.989850137466746,34.93,127.71
2022-07-29 10:00:00,구미,670.7166666666668,6,6,43.69143232496737,36.13,128.34
2022-07-29 10:00:00,삼천포,638.1666666666667,6,6,43.701737122686495,34.95,128.07
2022-07-29 10:00:00,여수,714.2166666666667,6,6,43.935849563049274,34.74,127.74
2022-07-29 10:00:00,영동,715.15,6,6,43.80361538296472,37.18,128.46
2022-07-29 10:00:00,영흥,641.0500000000001,6,6,45.381454337359756,37.26,126.46
2022-07-29 10:00:00,예천,586.3666666666667,6,6,43.69651444131423,36.65,128.46
2022-07-29 10:00:00,창원,675.2500000000001,6,6,43.333951364436274,35.21,128.58
2022-07-29 10:00:00,탑선,625.5500000000001,6,6,44.76547730520291,35.24,126.81
2022-07-29 11:00:00,경상대,674.7333333333332,6,6,31.943355703398424,35.18,128.1
2022-07-29 11:00:00,고흥만수상,797.7833333333334,6,6,32.32583484592903,34.57,127.3
2022-07-29 11:00:00,광양항세방,790.0,6,6,32.14381823678298,34.93,127.71
2022-07-29 11:00:00,구미,784.1333333333333,6,6,32.14388056648886,36.13,128.34
2022-07-29 11:00:00,삼천포,595.9666666666667,6,6,31.877956691371928,34.95,128.07
2022-07-29 11:00:00,여수,846.9,6,6,32.050416153431165,34.74,127.74
2022-07-29 11:00:00,영동,814.4499999999999,6,6,32.5035268323465,37.18,128.46
2022-07-29 11:00:00,영흥,755.75,6,6,33.98150804832292,37.26,126.46
2022-07-29 11:00:00,예천,731.9833333333332,6,6,32.27433075991978,36.65,128.46
2022-07-29 11:00:00,창원,411.86666666666673,6,6,31.593954317374838,35.21,128.58
2022-07-29 11:00:00,탑선,806.2666666666665,6,6,32.94273403118881,35.24,126.81
2022-07-29 12:00:00,경상대,568.15,6,6,21.692146611952737,35.18,128.1
2022-07-29 12:00:00,고흥만수상,903.6166666666667,6,6,21.746492033711988,34.57,127.3
2022-07-29 12:00:00,광양항세방,858.2333333333332,6,6,21.745656947876128,34.93,127.71
2022-07-29 12:00:00,구미,737.2833333333333,6,6,22.240614317316584,36.13,128.34
2022-07-29 12:00:00,삼천포,892.6666666666666,6,6,21.547705233596005,34.95,128.07
2022-07-29 12:00:00,여수,911.9166666666666,6,6,21.596802931613126,34.74,127.74
2022-07-29 12:00:00,영동,823.3499999999999,6,6,22.95742623419862,37.18,128.46
2022-07-29 12:00:00,영흥,825.7666666666668,6,6,24.0997213884407,37.26,126.46
2022-07-29 12:00:00,예천,822.4666666666667,6,6,22.559802838110627,36.65,128.46
2022-07-29 12:00:00,창원,405.7333333333333,6,6,21.438538522901425,35.21,128.58
2022-07-29 12:00:00,탑선,823.2166666666667,6,6,22.495070279724573,35.24,126.81
2022-07-29 13:00:00,경상대,749.0166666666668,6,6,16.441382750946346,35.18,128.1
2022-07-29 13:00:00,고흥만수상,932.6,6,6,15.88954521744337,34.57,127.3
2022-07-29 13:00:00,광양항세방,884.9166666666666,6,6,16.21506769516249,34.93,127.71
2022-07-29 13:00:00,구미,477.4333333333334,6,6,17.380008123477296,36.13,128.34
2022-07-29 13:00:00,삼천포,857.0833333333335,6,6,16.213321062958187,34.95,128.07
2022-07-29 13:00:00,여수,927.0999999999999,6,6,16.023665333090335,34.74,127.74
2022-07-29 13:00:00,영동,804.4333333333333,6,6,18.425438123822985,37.18,128.46
2022-07-29 13:00:00,영흥,853.1666666666666,6,6,18.643453442544285,37.26,126.46
2022-07-29 13:00:00,예천,832.9166666666666,6,6,17.895753659419285,36.65,128.46
2022-07-29 13:00:00,창원,709.1999999999999,6,6,16.453215581979137,35.21,128.58
2022-07-29 13:00:00,탑선,867.8833333333336,6,6,16.603757979357482,35.24,126.81
2022-07-29 14:00:00,경상대,864.7833333333333,6,6,20.560989747326616,35.18,128.1
2022-07-29 14:00:00,고흥만수상,929.9166666666666,6,6,19.671360427470958,34.57,127.3
2022-07-29 14:00:00,광양항세방,884.3333333333334,6,6,20.163697944009897,34.93,127.71
2022-07-29 14:00:00,구미,645.1833333333334,6,6,21.413586086372845,36.13,128.34
2022-07-29 14:00:00,삼천포,631.9500000000002,6,6,20.370764546763297,34.95,128.07
2022-07-29 14:00:00,여수,931.8166666666667,6,6,20.03487084556194,34.74,127.74
2022-07-29 14:00:00,영동,849.0833333333334,6,6,22.291843285101805,37.18,128.46
2022-07-29 14:00:00,영흥,850.6333333333333,6,6,21.42272295507182,37.26,126.46
2022-07-29 14:00:00,예천,740.1833333333333,6,6,21.87739485035327,36.65,128.46
2022-07-29 14:00:00,창원,741.8333333333334,6,6,20.841510451381623,35.21,128.58
2022-07-29 14:00:00,탑선,844.3833333333333,6,6,19.943076923629903,35.24,126.81
2022-07-29 15:00:00,경상대,654.3166666666667,6,6,30.42499418089814,35.18,128.1
2022-07-29 15:00:00,고흥만수상,889.2666666666665,6,6,29.571981672339632,34.57,127.3
2022-07-29 15:00:00,광양항세방,810.0,6,6,30.029797878762338,34.93,127.71
2022-07-29 15:00:00,구미,645.9666666666667,6,6,31.012239627659454,36.13,128.34
2022-07-29 15:00:00,삼천포,653.8833333333333,6,6,30.305804739671906,34.95,128.07
2022-07-29 15:00:00,여수,879.2833333333333,6,6,29.971868467165052,34.74,127.74
2022-07-29 15:00:00,영동,756.2666666666668,6,6,31.573841955893258,37.18,128.46
2022-07-29 15:00:00,영흥,796.75,6,6,30.21871786075888,37.26,126.46
2022-07-29 15:00:00,예천,660.9666666666667,6,6,31.33113163661048,36.65,128.46
2022-07-29 15:00:00,창원,768.7666666666668,6,6,30.79360503534094,35.21,128.58
2022-07-29 15:00:00,탑선,782.2833333333333,6,6,29.503016785799204,35.24,126.81
2022-07-29 16:00:00,경상대,738.0,6,6,42.08733263820122,35.18,128.1
2022-07-29 16:00:00,고흥만수상,663.5666666666667,6,6,41.325300953611276,34.57,127.3
2022-07-29 16:00:00,광양항세방,719.3166666666667,6,6,41.725561446057924,34.93,127.71
2022-07-29 16:00:00,구미,657.4499999999999,6,6,42.46970665726118,36.13,128.34
2022-07-29 16:00:00,삼천포,628.5333333333333,6,6,42.01901466470168,34.95,128.07
2022-07-29 16:00:00,여수,776.1166666666667,6,6,41.713137292148254,34.74,127.74
2022-07-29 16:00:00,영동,751.9500000000002,6,6,42.791835468822164,37.18,128.46
2022-07-29 16:00:00,영흥,677.9166666666666,6,6,41.26515690587169,37.26,126.46
2022-07-29 16:00:00,예천,565.8666666666667,6,6,42.67460677863664,36.65,128.46
2022-07-29 16:00:00,창원,734.5500000000001,6,6,42.47808789990386,35.21,128.58
2022-07-29 16:00:00,탑선,752.5333333333333,6,6,41.06749488623829,35.24,126.81
2022-07-29 17:00:00,경상대,590.7166666666667,6,6,54.26959951790775,35.18,128.1
2022-07-29 17:00:00,고흥만수상,632.1333333333333,6,6,53.599106276315545,34.57,127.3
2022-07-29 17:00:00,광양항세방,571.5333333333333,6,6,53.94450253130364,34.93,127.71
2022-07-29 17:00:00,구미,545.2666666666668,6,6,54.491102804271264,36.13,128.34
2022-07-29 17:00:00,삼천포,618.8666666666667,6,6,54.239994458035916,34.95,128.07
2022-07-29 17:00:00,여수,627.0,6,6,53.96479670908475,34.74,127.74
2022-07-29 17:00:00,영동,475.73333333333335,6,6,54.62773380109099,37.18,128.46
2022-07-29 17:00:00,영흥,535.1999999999999,6,6,53.04205984378559,37.26,126.46
2022-07-29 17:00:00,예천,354.5833333333333,6,6,54.60595973690262,36.65,128.46
2022-07-29 17:00:00,창원,495.6000000000001,6,6,54.66240574290481,35.21,128.58
2022-07-29 17:00:00,탑선,597.35,6,6,53.21789928766166,35.24,126.81
2022-07-29 18:00:00,경상대,429.0666666666668,6,6,66.50893891814074,35.18,128.1
2022-07-29 18:00:00,고흥만수상,447.09999999999997,6,6,65.9307493811594,34.57,127.3
2022-07-29 18:00:00,광양항세방,392.46666666666664,6,6,66.22221701818849,34.93,127.71
2022-07-29 18:00:00,구미,178.1,6,6,66.58929148916644,36.13,128.34
2022-07-29 18:00:00,삼천포,361.23333333333335,6,6,66.51271497966167,34.95,128.07
2022-07-29 18:00:00,여수,438.70000000000005,6,6,66.26961434072493,34.74,127.74
2022-07-29 18:00:00,영동,388.40000000000003,6,6,66.56579064847267,37.18,128.46
2022-07-29 18:00:00,영흥,365.0,6,6,64.97313441314759,37.26,126.46
2022-07-29 18:00:00,예천,415.6500000000001,6,6,66.62521186009684,36.65,128.46
2022-07-29 18:00:00,창원,433.5,6,6,66.89447049290408,35.21,128.58
2022-07-29 18:00:00,탑선,426.6333333333334,6,6,65.4550619344466,35.24,126.81
2022-07-29 19:00:00,경상대,256.34999999999997,4,6,78.5419181359456,35.18,128.1
2022-07-29 19:00:00,고흥만수상,268.375,4,6,78.06275946348958,34.57,127.3
2022-07-29 19:00:00,광양항세방,234.475,4,6,78.29733859112805,34.93,127.71
2022-07-29 19:00:00,구미,245.39999999999998,4,6,78.48626053685071,36.13,128.34
2022-07-29 19:00:00,삼천포,250.625,4,6,78.57746204395784,34.95,128.07
2022-07-29 19:00:00,여수,267.47499999999997,4,6,78.36964344007656,34.74,127.74
2022-07-29 19:00:00,영동,238.75000000000003,4,6,78.31127855584211,37.18,128.46
2022-07-29 19:00:00,영흥,227.22000000000003,5,6,76.74741598563156,37.26,126.46
2022-07-29 19:00:00,예천,192.075,4,6,78.44642220803863,36.65,128.46
2022-07-29 19:00:00,창원,273.04999999999995,4,6,78.91294418600435,35.21,128.58
2022-07-29 19:00:00,탑선,204.23999999999998,5,6,77.50672549889592,35.24,126.81
2022-07-29 20:00:00,경상대,,0,6,90.13022574778644,35.18,128.1
2022-07-29 20:00:00,고흥만수상,,0,6,89.76383396510508,34.57,127.3
2022-07-29 20:00:00,광양항세방,,0,6,89.93450101525808,34.93,127.71
2022-07-29 20:00:00,구미,,0,6,89.93425873176473,36.13,128.34
2022-07-29 20:00:00,삼천포,,0,6,90.19818137847241,34.95,128.07
2022-07-29 20:00:00,여수,,0,6,90.0313262433663,34.74,127.74
2022-07-29 20:00:00,영동,,0,6,89.60626350931938,37.18,128.46
2022-07-29 20:00:00,영흥,,0,6,88.10705120156372,37.26,126.46
2022-07-29 20:00:00,예천,,0,6,89.81672753168408,36.65,128.46
2022-07-29 20:00:00,창원,,0,6,90.47853855117745,35.21,128.58
2022-07-29 20:00:00,탑선,,0,6,89.13545225215616,35.24,126.81
2022-07-29 21:00:00,경상대,,0,6,100.98069934715399,35.18,128.1
2022-07-29 21:00:00,고흥만수상,,0,6,100.7488795125479,34.57,127.3
2022-07-29 21:00:00,광양항세방,,0,6,100.84419626453386,34.93,127.71
2022-07-29 21:00:00,구미,,0,6,100.63363307382905,36.13,128.34
2022-07-29 21:00:00,삼천포,,0,6,101.08314960455809,34.95,128.07
2022-07-29 21:00:00,여수,,0,6,100.96604617763381,34.74,127.74
2022-07-29 21:00:00,영동,,0,6,100.14498159172884,37.18,128.46
2022-07-29 21:00:00,영흥,,0,6,98.75603698698733,37.26,126.46
2022-07-29 21:00:00,예천,,0,6,100.43308426007493,36.65,128.46
2022-07-29 21:00:00,창원,,0,6,101.29509318473391,35.21,128.58
2022-07-29 21:00:00,탑선,,0,6,100.05502918293242,35.24,126.81
2022-07-29 22:00:00,경상대,,0,6,110.67973825030117,35.18,128.1
2022-07-29 22:00:00,고흥만수상,,0,6,110.6129672959526,34.57,127.3
2022-07-29 22:00:00,광양항세방,,0,6,110.61696988747744,34.93,127.71
2022-07-29 22:00:00,구미,,0,6,110.16808579413896,36.13,128.34
2022-07-29 22:00:00,삼천포,,0,6,110.81920305382081,34.95,128.07
2022-07-29 22:00:00,여수,,0,6,110.76419199470493,34.74,127.74
2022-07-29 22:00:00,영동,,0,6,109.51009599014384,37.18,128.46
2022-07-29 22:00:00,영흥,,0,6,108.29530511139977,37.26,126.46
2022-07-29 22:00:00,예천,,0,6,109.87803654289803,36.65,128.46
2022-07-29 22:00:00,창원,,0,6,110.94405949556769,35.21,128.58
2022-07-29 22:00:00,탑선,,0,6,109.86473721707543,35.24,126.81
2022-07-29 23:00:00,경상대,,0,6,118.63238998722802,35.18,128.1
2022-07-29 23:00:00,고흥만수상,,0,6,118.76679582072433,34.57,127.3
2022-07-29 23:00:00,광양항세방,,0,6,118.6609206497784,34.93,127.71
2022-07-29 23:00:00,구미,,0,6,117.94845076422786,36.13,128.34
2022-07-29 23:00:00,삼천포,,0,6,118.80970926124675,34.95,128.07
2022-07-29 23:00:00,여수,,0,6,118.83180310248488,34.74,127.74
2022-07-29 23:00:00,영동,,0,6,117.12130945025878,37.18,128.46
2022-07-29 23:00:00,영흥,,0,6,116.16863000029664,37.26,126.46
2022-07-29 23:00:00,예천,,0,6,117.56600764886642,36.65,128.46
2022-07-29 23:00:00,창원,,0,6,118.82431207198185,35.21,128.58
2022-07-29 23:00:00,탑선,,0,6,117.98737159235375,35.24,126.81
2022-07-30 00:00:00,경상대,,0,6,124.05741814061736,35.18,128.1
2022-07-30 00:00:00,고흥만수상,,0,6,124.42172546643064,34.57,127.3
2022-07-30 00:00:00,광양항세방,,0,6,124.19220471103338,34.93,127.71
2022-07-30 00:00:00,구미,,0,6,123.21567031201404,36.13,128.34
2022-07-30 00:00:00,삼천포,,0,6,124.26782351066419,34.95,128.07
2022-07-30 00:00:00,여수,,0,6,124.37993637486039,34.74,127.74
2022-07-30 00:00:00,영동,,0,6,122.24522254923845,37.18,128.46
2022-07-30 00:00:00,영흥,,0,6,121.65939229970306,37.26,126.46
2022-07-30 00:00:00,예천,,0,6,122.75023161623105,36.65,128.46
2022-07-30 00:00:00,창원,,0,6,124.15102607284237,35.21,128.58
2022-07-30 00:00:00,탑선,,0,6,123.65573065870291,35.24,126.81
2022-07-30 01:00:00,경상대,,0,5,126.1671332674436,35.18,128.1
2022-07-30 01:00:00,고흥만수상,,0,5,126.75756320427354,34.57,127.3
2022-07-30 01:00:00,광양항세방,,0,5,126.4090357034693,34.93,127.71
2022-07-30 01:00:00,구미,,0,5,125.22092786521398,36.13,128.34
2022-07-30 01:00:00,삼천포,,0,5,126.39654946875086,34.95,128.07
2022-07-30 01:00:00,여수,,0,5,126.59966254198923,34.74,127.74
2022-07-30 01:00:00,영동,,0,5,124.17247626513014,37.18,128.46
2022-07-30 01:00:00,영흥,,0,5,124.03948873409897,37.26,126.46
2022-07-30 01:00:00,예천,,0,5,124.70241615542459,36.65,128.46
2022-07-30 01:00:00,창원,,0,5,126.14346982973157,35.21,128.58
2022-07-30 01:00:00,탑선,,0,5,126.07108044083043,35.24,126.81
2022-07-30 02:00:00,경상대,,0,6,124.57565223071074,35.18,128.1
2022-07-30 02:00:00,고흥만수상,,0,6,125.34080678746236,34.57,127.3
2022-07-30 02:00:00,광양항세방,,0,6,124.90370040528663,34.93,127.71
2022-07-30 02:00:00,구미,,0,6,123.60895864446925,36.13,128.34
2022-07-30 02:00:00,삼천포,,0,6,124.80340878881978,34.95,128.07
2022-07-30 02:00:00,여수,,0,6,125.0798415112464,34.74,127.74
2022-07-30 02:00:00,영동,,0,6,122.57378158264146,37.18,128.46
2022-07-30 02:00:00,영흥,,0,6,122.91024270341998,37.26,126.46
2022-07-30 02:00:00,예천,,0,6,123.08270288278032,36.65,128.46
2022-07-30 02:00:00,창원,,0,6,124.43614279746548,35.21,128.58
2022-07-30 02:00:00,탑선,,0,6,124.79777055281048,35.24,126.81
2022-07-30 03:00:00,경상대,,0,6,119.57883910685206,35.18,128.1
2022-07-30 03:00:00,고흥만수상,,0,6,120.44209648640617,34.57,127.3
2022-07-30 03:00:00,광양항세방,,0,6,119.95930320885488,34.93,127.71
2022-07-30 03:00:00,구미,,0,6,118.66888751077964,36.13,128.34
2022-07-30 03:00:00,삼천포,,0,6,119.78711537783921,34.95,128.07
2022-07-30 03:00:00,여수,,0,6,120.1082347083332,34.74,127.74
2022-07-30 03:00:00,영동,,0,6,117.72511846492515,37.18,128.46
2022-07-30 03:00:00,영흥,,0,6,118.46818224406256,37.26,126.46
2022-07-30 03:00:00,예천,,0,6,118.17602605413344,36.65,128.46
2022-07-30 03:00:00,창원,,0,6,119.34507406159744,35.21,128.58
2022-07-30 03:00:00,탑선,,0,6,120.07379740753017,35.24,126.81
2022-07-30 04:00:00,경상대,,0,6,111.93518385244522,35.18,128.1
2022-07-30 04:00:00,고흥만수상,,0,6,112.83055471011613,34.57,127.3
2022-07-30 04:00:00,광양항세방,,0,6,112.33775030146089,34.93,127.71
2022-07-30 04:00:00,구미,,0,6,111.12689540924052,36.13,128.34
2022-07-30 04:00:00,삼천포,,0,6,112.11466705116551,34.95,128.07
2022-07-30 04:00:00,여수,,0,6,112.45474907729447,34.74,127.74
2022-07-30 04:00:00,영동,,0,6,110.31656306438956,37.18,128.46
2022-07-30 04:00:00,영흥,,0,6,111.36730388939748,37.26,126.46
2022-07-30 04:00:00,예천,,0,6,110.69135529486626,36.65,128.46
2022-07-30 04:00:00,창원,,0,6,111.63496369322965,35.21,128.58
2022-07-30 04:00:00,탑선,,0,6,112.63316267868059,35.24,126.81
2022-07-30 05:00:00,경상대,,0,6,102.44409753163134,35.18,128.1
2022-07-30 05:00:00,고흥만수상,,0,6,103.3291662191129,34.57,127.3
2022-07-30 05:00:00,광양항세방,,0,6,102.84848248026697,34.93,127.71
2022-07-30 05:00:00,구미,,0,6,101.75436680344951,36.13,128.34
2022-07-30 05:00:00,삼천포,,0,6,102.59219559358269,34.95,128.07
2022-07-30 05:00:00,여수,,0,6,102.93407014845378,34.74,127.74
2022-07-30 05:00:00,영동,,0,6,101.09050192595512,37.18,128.46
2022-07-30 05:00:00,영흥,,0,6,102.35713869576742,37.26,126.46
2022-07-30 05:00:00,예천,,0,6,101.38522697665891,36.65,128.46
2022-07-30 05:00:00,창원,,0,6,102.1006822809728,35.21,128.58
2022-07-30 05:00:00,탑선,,0,6,103.28238830469894,35.24,126.81
2022-07-30 06:00:00,경상대,,0,6,91.72963635434941,35.18,128.1
2022-07-30 06:00:00,고흥만수상,,0,6,92.57996260505962,34.57,127.3
2022-07-30 06:00:00,광양항세방,,0,6,92.12367692020369,34.93,127.71
2022-07-30 06:00:00,구미,,0,6,91.16171167669033,36.13,128.34
2022-07-30 06:00:00,삼천포,,0,6,91.84670041648886,34.95,128.07
2022-07-30 06:00:00,여수,,0,6,92.1801054247276,34.74,127.74
2022-07-30 06:00:00,영동,,0,6,90.64417346558992,37.18,128.46
2022-07-30 06:00:00,영흥,,0,6,92.05713243979784,37.26,126.46
2022-07-30 06:00:00,예천,,0,6,90.86079613257196,36.65,128.46
2022-07-30 06:00:00,창원,,0,6,91.35947491415605,35.21,128.58
2022-07-30 06:00:00,탑선,,0,6,92.66223760093365,35.24,126.81
2022-07-30 07:00:00,경상대,181.0,2,5,80.22835555232443,35.18,128.1
2022-07-30 07:00:00,고흥만수상,206.9,2,5,81.0286718205116,34.57,127.3
2022-07-30 07:00:00,광양항세방,141.45,2,5,80.60426996719585,34.93,127.71
2022-07-30 07:00:00,구미,214.95,2,5,79.78244280833822,36.13,128.34
2022-07-30 07:00:00,삼천포,182.5,2,5,80.31515324746519,34.95,128.07
2022-07-30 07:00:00,여수,189.14999999999998,2,5,80.6335508475801,34.74,127.74
2022-07-30 07:00:00,영동,219.4,2,5,79.40905149292469,37.18,128.46
2022-07-30 07:00:00,영흥,186.2,2,5,80.91852663303405,37.26,126.46
2022-07-30 07:00:00,예천,113.15,2,5,79.54999106458828,36.65,128.46
2022-07-30 07:00:00,창원,150.7,2,5,79.84273364555868,35.21,128.58
2022-07-30 07:00:00,탑선,198.95,2,5,81.22337765509963,35.24,126.81
2022-07-30 08:00:00,경상대,232.16666666666666,6,6,68.24742441897958,35.18,128.1
2022-07-30 08:00:00,고흥만수상,247.01666666666665,6,6,68.98477274760613,34.57,127.3
2022-07-30 08:00:00,광양항세방,162.16666666666666,6,6,68.59873979016835,34.93,127.71
2022-07-30 08:00:00,구미,337.1166666666666,6,6,67.92690103637332,36.13,128.34
2022-07-30 08:00:00,삼천포,232.79999999999995,6,6,68.30377270835247,34.95,128.07
2022-07-30 08:00:00,여수,180.4333333333333,6,6,68.60175200535966,34.74,127.74
2022-07-30 08:00:00,영동,363.8,6,6,67.69981061311495,37.18,128.46
2022-07-30 08:00:00,영흥,316.2,6,6,69.26837775492254,37.26,126.46
2022-07-30 08:00:00,예천,232.0,6,6,67.76495469618759,36.65,128.46
2022-07-30 08:00:00,창원,203.3166666666667,6,6,67.8547303264728,35.21,128.58
2022-07-30 08:00:00,탑선,319.4833333333333,6,6,69.28178346473855,35.24,126.81
2022-07-30 09:00:00,경상대,357.3666666666666,6,6,56.030515711654346,35.18,128.1
2022-07-30 09:00:00,고흥만수상,290.55,6,6,56.68826559088454,34.57,127.3
2022-07-30 09:00:00,광양항세방,270.55,6,6,56.349326605970916,34.93,127.71
2022-07-30 09:00:00,구미,422.81666666666666,6,6,55.84696725428183,36.13,128.34
2022-07-30 09:00:00,삼천포,333.16666666666663,6,6,56.05421511875919,34.95,128.07
2022-07-30 09:00:00,여수,472.8333333333333,6,6,56.32519017359087,34.74,127.74
2022-07-30 09:00:00,영동,553.6333333333333,6,6,55.77777588598443,37.18,128.46
2022-07-30 09:00:00,영흥,497.3500000000001,6,6,57.37181002206139,37.26,126.46
2022-07-30 09:00:00,예천,484.18333333333334,6,6,55.762151031978824,36.65,128.46
2022-07-30 09:00:00,창원,349.3666666666666,6,6,55.6385002033517,35.21,128.58
2022-07-30 09:00:00,탑선,502.26666666666665,6,6,57.084464737660376,35.24,126.81
2022-07-30 10:00:00,경상대,403.81666666666666,6,6,43.83431870959565,35.18,128.1
2022-07-30 10:00:00,고흥만수상,370.1666666666667,6,6,44.38332376819545,34.57,127.3
2022-07-30 10:00:00,광양항세방,410.51666666666665,6,6,44.107218247985664,34.93,127.71
2022-07-30 10:00:00,구미,359.9166666666667,6,6,43.8153751416688,36.13,128.34
2022-07-30 10:00:00,삼천포,341.71666666666664,6,6,43.8194586365034,34.95,128.07
2022-07-30 10:00:00,여수,511.56666666666666,6,6,44.0522596354814,34.74,127.74
2022-07-30 10:00:00,영동,705.9,6,6,43.93289295840559,37.18,128.46
2022-07-30 10:00:00,영흥,652.5333333333333,6,6,45.50956145150459,37.26,126.46
2022-07-30 10:00:00,예천,487.05,6,6,43.82316270962581,36.65,128.46
2022-07-30 10:00:00,창원,254.6166666666667,6,6,43.453386200527106,35.21,128.58
2022-07-30 10:00:00,탑선,616.2499999999999,6,6,44.88382719029455,35.24,126.81
2022-07-30 11:00:00,경상대,252.83333333333334,6,6,32.081939039167615,35.18,128.1
2022-07-30 11:00:00,고흥만수상,425.26666666666665,6,6,32.45920988474933,34.57,127.3
2022-07-30 11:00:00,광양항세방,354.84999999999997,6,6,32.28014145421841,34.93,127.71
2022-07-30 11:00:00,구미,321.40000000000003,6,6,32.28843968264122,36.13,128.34
2022-07-30 11:00:00,삼천포,298.8,6,6,32.015118215405565,34.95,128.07
2022-07-30 11:00:00,여수,313.81666666666666,6,6,32.18566581067955,34.74,127.74
2022-07-30 11:00:00,영동,630.8166666666667,6,6,32.65412909918536,37.18,128.46
2022-07-30 11:00:00,영흥,764.9333333333334,6,6,34.12853695876085,37.26,126.46
2022-07-30 11:00:00,예천,409.4166666666667,6,6,32.42204494279982,36.65,128.46
2022-07-30 11:00:00,창원,275.1333333333333,6,6,31.73370369367872,35.21,128.58
2022-07-30 11:00:00,탑선,296.73333333333335,6,6,33.0791433913148,35.24,126.81
2022-07-30 12:00:00,경상대,225.86666666666665,6,6,21.876841590202886,35.18,128.1
2022-07-30 12:00:00,고흥만수상,355.58333333333326,6,6,21.924667985407737,34.57,127.3
2022-07-30 12:00:00,광양항세방,253.9333333333333,6,6,21.9274612937013,34.93,127.71
2022-07-30 12:00:00,구미,427.6000000000001,6,6,22.430791327001728,36.13,128.34
2022-07-30 12:00:00,삼천포,342.71666666666664,6,6,21.731107773388175,34.95,128.07
2022-07-30 12:00:00,여수,351.3666666666666,6,6,21.77772962821112,34.74,127.74
2022-07-30 12:00:00,영동,467.63333333333327,6,6,23.152521069294025,37.18,128.46
2022-07-30 12:00:00,영흥,832.5833333333331,6,6,24.28789599449175,37.26,126.46
2022-07-30 12:00:00,예천,581.4333333333333,6,6,22.752714431048332,36.65,128.46
2022-07-30 12:00:00,창원,344.31666666666666,6,6,21.625372722328194,35.21,128.58
2022-07-30 12:00:00,탑선,378.01666666666665,6,6,22.67485856360345,35.24,126.81
2022-07-30 13:00:00,경상대,367.28333333333336,6,6,16.67948752697204,35.18,128.1
2022-07-30 13:00:00,고흥만수상,294.18333333333334,6,6,16.12653581359214,34.57,127.3
2022-07-30 13:00:00,광양항세방,286.28333333333336,6,6,16.452703683741746,34.93,127.71
2022-07-30 13:00:00,구미,329.2,6,6,17.618380268264545,36.13,128.34
2022-07-30 13:00:00,삼천포,478.2166666666667,6,6,16.45137733736229,34.95,128.07
2022-07-30 13:00:00,여수,348.5833333333333,6,6,16.26131503142925,34.74,127.74
2022-07-30 13:00:00,영동,640.0166666666668,6,6,18.663932198623527,37.18,128.46
2022-07-30 13:00:00,영흥,877.0666666666666,6,6,18.879783120912776,37.26,126.46
2022-07-30 13:00:00,예천,487.68333333333334,6,6,18.13423221754873,36.65,128.46
2022-07-30 13:00:00,창원,326.43333333333334,6,6,16.691736226107267,35.21,128.58
2022-07-30 13:00:00,탑선,363.84999999999997,6,6,16.84010118853493,35.24,126.81
2022-07-30 14:00:00,경상대,465.1499999999999,6,6,20.76359698246837,35.18,128.1
2022-07-30 14:00:00,고흥만수상,340.8833333333333,6,6,19.87467036943569,34.57,127.3
2022-07-30 14:00:00,광양항세방,504.6833333333334,6,6,20.36682673345061,34.93,127.71
2022-07-30 14:00:00,구미,403.15000000000003,6,6,21.618977068093855,36.13,128.34
2022-07-30 14:00:00,삼천포,634.0500000000001,6,6,20.572540270481795,34.95,128.07
2022-07-30 14:00:00,여수,602.8166666666667,6,6,20.237092039858823,34.74,127.74
2022-07-30 14:00:00,영동,467.01666666666665,6,6,22.50048295568172,37.18,128.46
2022-07-30 14:00:00,영흥,745.6999999999999,6,6,21.638260357700744,37.26,126.46
2022-07-30 14:00:00,예천,445.40000000000003,6,6,22.084231142786592,36.65,128.46
2022-07-30 14:00:00,창원,358.5333333333333,6,6,21.042370549805668,35.21,128.58
2022-07-30 14:00:00,탑선,316.6333333333333,6,6,20.150966888866847,35.24,126.81
2022-07-30 15:00:00,경상대,362.76666666666665,6,6,30.580995094801025,35.18,128.1
2022-07-30 15:00:00,고흥만수상,276.88333333333327,6,6,29.726257694843035,34.57,127.3
2022-07-30 15:00:00,광양항세방,425.1333333333334,6,6,30.185235262772473,34.93,127.71
2022-07-30 15:00:00,구미,330.05,6,6,31.172952677821293,36.13,128.34
2022-07-30 15:00:00,삼천포,525.2166666666667,6,6,30.460564452430674,34.95,128.07
2022-07-30 15:00:00,여수,412.6666666666667,6,6,30.12614602577856,34.74,127.74
2022-07-30 15:00:00,영동,277.2,6,6,31.739780941433686,37.18,128.46
2022-07-30 15:00:00,영흥,606.5166666666668,6,6,30.38953000828218,37.26,126.46
2022-07-30 15:00:00,예천,318.6833333333333,6,6,31.494341381311628,36.65,128.46
2022-07-30 15:00:00,창원,359.86666666666673,6,6,30.94874336502631,35.21,128.58
2022-07-30 15:00:00,탑선,243.48333333333335,6,6,29.662266462497982,35.24,126.81
2022-07-30 16:00:00,경상대,454.9166666666667,6,6,42.22206575376751,35.18,128.1
2022-07-30 16:00:00,고흥만수상,316.78333333333336,6,6,41.45758734826902,34.57,127.3
2022-07-30 16:00:00,광양항세방,483.3666666666666,6,6,41.859350758903936,34.93,127.71
2022-07-30 16:00:00,구미,401.5166666666667,6,6,42.60897394399654,36.13,128.34
2022-07-30 16:00:00,삼천포,497.05,6,6,42.15260704397902,34.95,128.07
2022-07-30 16:00:00,여수,473.54999999999995,6,6,41.845929718318445,34.74,127.74
2022-07-30 16:00:00,영동,275.21666666666664,6,6,42.93608966162675,37.18,128.46
2022-07-30 16:00:00,영흥,676.2666666666665,6,6,41.41171399158674,37.26,126.46
2022-07-30 16:00:00,예천,304.93333333333334,6,6,42.816309851138826,36.65,128.46
2022-07-30 16:00:00,창원,367.48333333333335,6,6,42.61258148442392,35.21,128.58
2022-07-30 16:00:00,탑선,294.06666666666666,6,6,41.203658507762285,35.24,126.81
2022-07-30 17:00:00,경상대,300.65000000000003,6,6,54.39816661721337,35.18,128.1
2022-07-30 17:00:00,고흥만수상,386.5,6,6,53.725073317480515,34.57,127.3
2022-07-30 17:00:00,광양항세방,358.75,6,6,54.07201479465973,34.93,127.71
2022-07-30 17:00:00,구미,324.1666666666667,6,6,54.623741758049235,36.13,128.34
2022-07-30 17:00:00,삼천포,385.9166666666667,6,6,54.367562398014385,34.95,128.07
2022-07-30 17:00:00,여수,401.3333333333333,6,6,54.09147311612976,34.74,127.74
2022-07-30 17:00:00,영동,328.3,6,6,54.76480923812492,37.18,128.46
2022-07-30 17:00:00,영흥,497.54999999999995,6,6,53.17986716397712,37.26,126.46
2022-07-30 17:00:00,예천,276.68333333333334,6,6,54.74079772710094,36.65,128.46
2022-07-30 17:00:00,창원,351.1000000000001,6,6,54.791063505059476,35.21,128.58
2022-07-30 17:00:00,탑선,201.81666666666663,6,6,53.34687884501194,35.24,126.81
2022-07-30 18:00:00,경상대,170.4,6,6,66.64005734430167,35.18,128.1
2022-07-30 18:00:00,고흥만수상,253.05000000000004,6,6,66.05923752330823,34.57,127.3
2022-07-30 18:00:00,광양항세방,295.48333333333335,6,6,66.35223789086965,34.93,127.71
2022-07-30 18:00:00,구미,216.04999999999998,6,6,66.72408188619727,36.13,128.34
2022-07-30 18:00:00,삼천포,240.01666666666665,6,6,66.6429476629504,34.95,128.07
2022-07-30 18:00:00,여수,339.1833333333334,6,6,66.39892018967754,34.74,127.74
2022-07-30 18:00:00,영동,310.78333333333336,6,6,66.70453406616994,37.18,128.46
2022-07-30 18:00:00,영흥,370.15000000000003,6,6,65.11159082669812,37.26,126.46
2022-07-30 18:00:00,예천,190.05000000000004,6,6,66.76198712088228,36.65,128.46
2022-07-30 18:00:00,창원,246.26666666666668,6,6,67.02588499101535,35.21,128.58
2022-07-30 18:00:00,탑선,257.09999999999997,6,6,65.58594974970583,35.24,126.81
2022-07-30 19:00:00,경상대,110.94999999999999,4,6,78.68158974837951,35.18,128.1
2022-07-30 19:00:00,고흥만수상,143.42499999999998,4,6,78.19978426223325,34.57,127.3
2022-07-30 19:00:00,광양항세방,157.975,4,6,78.43588336001028,34.93,127.71
2022-07-30 19:00:00,구미,117.72500000000001,4,6,78.62928135743101,36.13,128.34
2022-07-30 19:00:00,삼천포,174.05,4,6,78.716336919069,34.95,128.07
2022-07-30 19:00:00,여수,209.29999999999998,4,6,78.50756663224243,34.74,127.74
2022-07-30 19:00:00,영동,196.4,4,6,78.45785089610519,37.18,128.46
2022-07-30 19:00:00,영흥,211.52000000000004,5,6,76.8929349082367,37.26,126.46
2022-07-30 19:00:00,예천,130.625,4,6,78.59124990507405,36.65,128.46
2022-07-30 19:00:00,창원,141.55,4,6,79.05306799502975,35.21,128.58
2022-07-30 19:00:00,탑선,192.7,5,6,77.64568068375756,35.24,126.81
2022-07-30 20:00:00,경상대,,0,6,90.28337506165188,35.18,128.1
2022-07-30 20:00:00,고흥만수상,,0,6,89.91432423680429,34.57,127.3
2022-07-30 20:00:00,광양항세방,,0,6,90.08649947134688,34.93,127.71
2022-07-30 20:00:00,구미,,0,6,90.0904608835886,36.13,128.34
2022-07-30 20:00:00,삼천포,,0,6,90.35061383777293,34.95,128.07
2022-07-30 20:00:00,여수,,0,6,90.18278593530285,34.74,127.74
2022-07-30 20:00:00,영동,,0,6,89.76564059698907,37.18,128.46
2022-07-30 20:00:00,영흥,,0,6,88.26472121302353,37.26,126.46
2022-07-30 20:00:00,예천,,0,6,89.97456926041374,36.65,128.46
2022-07-30 20:00:00,창원,,0,6,90.63227689415842,35.21,128.58
2022-07-30 20:00:00,탑선,,0,6,89.28746056290082,35.24,126.81
2022-07-30 21:00:00,경상대,,0,6,101.15176230034614,35.18,128.1
2022-07-30 21:00:00,고흥만수상,,0,6,100.91731875593344,34.57,127.3
2022-07-30 21:00:00,광양항세방,,0,6,101.01410667591446,34.93,127.71
2022-07-30 21:00:00,구미,,0,6,100.80740006746991,36.13,128.34
2022-07-30 21:00:00,삼천포,,0,6,101.25358646693222,34.95,128.07
2022-07-30 21:00:00,여수,,0,6,101.13550739302165,34.74,127.74
2022-07-30 21:00:00,영동,,0,6,100.32148808043041,37.18,128.46
2022-07-30 21:00:00,영흥,,0,6,98.93026455515195,37.26,126.46
2022-07-30 21:00:00,예천,,0,6,100.60829262376828,36.65,128.46
2022-07-30 21:00:00,창원,,0,6,101.46686546428238,35.21,128.58
2022-07-30 21:00:00,탑선,,0,6,100.22456391468486,35.24,126.81
2022-07-30 22:00:00,경상대,,0,6,110.87238123544269,35.18,128.1
2022-07-30 22:00:00,고흥만수상,,0,6,110.80317237885512,34.57,127.3
2022-07-30 22:00:00,광양항세방,,0,6,110.80852655549714,34.93,127.71
2022-07-30 22:00:00,구미,,0,6,110.362928089318,36.13,128.34
2022-07-30 22:00:00,삼천포,,0,6,111.01134600032812,34.95,128.07
2022-07-30 22:00:00,여수,,0,6,110.95541332356096,34.74,127.74
2022-07-30 22:00:00,영동,,0,6,109.7070842011315,37.18,128.46
2022-07-30 22:00:00,영흥,,0,6,108.48961848139379,37.26,126.46
2022-07-30 22:00:00,예천,,0,6,110.07403759876487,36.65,128.46
2022-07-30 22:00:00,창원,,0,6,111.13748585803148,35.21,128.58
2022-07-30 22:00:00,탑선,,0,6,110.05556185957096,35.24,126.81
2022-07-30 23:00:00,경상대,,0,6,118.8479604747554,35.18,128.1
2022-07-30 23:00:00,고흥만수상,,0,6,118.98042749057726,34.57,127.3
2022-07-30 23:00:00,광양항세방,,0,6,118.87561471139321,34.93,127.71
2022-07-30 23:00:00,구미,,0,6,118.16547557107441,36.13,128.34
2022-07-30 23:00:00,삼천포,,0,6,119.02495890964634,34.95,128.07
2022-07-30 23:00:00,여수,,0,6,119.04630704999278,34.74,127.74
2022-07-30 23:00:00,영동,,0,6,117.33967090537196,37.18,128.46
2022-07-30 23:00:00,영흥,,0,6,116.38437127110973,37.26,126.46
2022-07-30 23:00:00,예천,,0,6,117.78378503863765,36.65,128.46
2022-07-30 23:00:00,창원,,0,6,119.04061572035758,35.21,128.58
2022-07-30 23:00:00,탑선,,0,6,118.20112367454163,35.24,126.81
2022-07-31 00:00:00,경상대,,0,6,124.29187016231532,35.18,128.1
2022-07-31 00:00:00,고흥만수상,,0,6,124.65515356433345,34.57,127.3
2022-07-31 00:00:00,광양항세방,,0,6,124.42618779696224,34.93,127.71
2022-07-31 00:00:00,구미,,0,6,123.45068850058951,36.13,128.34
2022-07-31 00:00:00,삼천포,,0,6,124.5021589546969,34.95,128.07
2022-07-31 00:00:00,여수,,0,6,124.6138714909849,34.74,127.74
2022-07-31 00:00:00,영동,,0,6,122.48070170258359,37.18,128.46
2022-07-31 00:00:00,영흥,,0,6,121.89315179949261,37.26,126.46
2022-07-31 00:00:00,예천,,0,6,122.98553341465987,36.65,128.46
2022-07-31 00:00:00,창원,,0,6,124.38593104947341,35.21,128.58
2022-07-31 00:00:00,탑선,,0,6,123.88896008920797,35.24,126.81
2022-07-31 01:00:00,경상대,,0,5,126.40861126501426,35.18,128.1
2022-07-31 01:00:00,고흥만수상,,0,5,126.99908420612176,34.57,127.3
2022-07-31 01:00:00,광양항세방,,0,5,126.65054089396065,34.93,127.71
2022-07-31 01:00:00,구미,,0,5,125.46238193168901,36.13,128.34
2022-07-31 01:00:00,삼천포,,0,5,126.63803039285776,34.95,128.07
2022-07-31 01:00:00,여수,,0,5,126.84116643304591,34.74,127.74
2022-07-31 01:00:00,영동,,0,5,124.41391601442879,37.18,128.46
2022-07-31 01:00:00,영흥,,0,5,124.28100690458992,37.26,126.46
2022-07-31 01:00:00,예천,,0,5,124.94385677990229,36.65,128.46
2022-07-31 01:00:00,창원,,0,5,126.3848990612677,35.21,128.58
2022-07-31 01:00:00,탑선,,0,5,126.31260311745623,35.24,126.81
2022-07-31 02:00:00,경상대,,0,6,124.80794558053032,35.18,128.1
2022-07-31 02:00:00,고흥만수상,,0,6,125.5737530839722,34.57,127.3
2022-07-31 02:00:00,광양항세방,,0,6,125.13632958666308,34.93,127.71
2022-07-31 02:00:00,구미,,0,6,123.8413620412733,36.13,128.34
2022-07-31 02:00:00,삼천포,,0,6,125.0356444118531,34.95,128.07
2022-07-31 02:00:00,여수,,0,6,125.31236450389426,34.74,127.74
2022-07-31 02:00:00,영동,,0,6,122.80646208280075,37.18,128.46
2022-07-31 02:00:00,영흥,,0,6,123.14492360529235,37.26,126.46
2022-07-31 02:00:00,예천,,0,6,123.31518002237024,36.65,128.46
2022-07-31 02:00:00,창원,,0,6,124.66790724620736,35.21,128.58
2022-07-31 02:00:00,탑선,,0,6,125.03147552206488,35.24,126.81
2022-07-31 03:00:00,경상대,,0,6,119.78980948764298,35.18,128.1
2022-07-31 03:00:00,고흥만수상,,0,6,120.65363549168492,34.57,127.3
2022-07-31 03:00:00,광양항세방,,0,6,120.1706059777149,34.93,127.71
2022-07-31 03:00:00,구미,,0,6,118.88065036993189,36.13,128.34
2022-07-31 03:00:00,삼천포,,0,6,119.99784502406833,34.95,128.07
2022-07-31 03:00:00,여수,,0,6,120.31924972537946,34.74,127.74
2022-07-31 03:00:00,영동,,0,6,117.93796549350091,37.18,128.46
2022-07-31 03:00:00,영흥,,0,6,118.68415884449242,37.26,126.46
2022-07-31 03:00:00,예천,,0,6,118.38823483060312,36.65,128.46
2022-07-31 03:00:00,창원,,0,6,119.55528877529257,35.21,128.58
2022-07-31 03:00:00,탑선,,0,6,120.28695367192793,35.24,126.81
2022-07-31 04:00:00,경상대,,0,6,112.12077081137994,35.18,128.1
2022-07-31 04:00:00,고흥만수상,,0,6,113.01623646075628,34.57,127.3
2022-07-31 04:00:00,광양항세방,,0,6,112.52347783911961,34.93,127.71
2022-07-31 04:00:00,구미,,0,6,111.31404169450889,36.13,128.34
2022-07-31 04:00:00,삼천포,,0,6,112.29982487894976,34.95,128.07
2022-07-31 04:00:00,여수,,0,6,112.64002996411658,34.74,127.74
2022-07-31 04:00:00,영동,,0,6,110.50563384774432,37.18,128.46
2022-07-31 04:00:00,영흥,,0,6,111.55971458630701,37.26,126.46
2022-07-31 04:00:00,예천,,0,6,110.87936262568468,36.65,128.46
2022-07-31 04:00:00,창원,,0,6,111.8198060241685,35.21,128.58
2022-07-31 04:00:00,탑선,,0,6,112.82105146903353,35.24,126.81
2022-07-31 05:00:00,경상대,,0,6,102.60599226394554,35.18,128.1
2022-07-31 05:00:00,고흥만수상,,0,6,103.49060473525856,34.57,127.3
2022-07-31 05:00:00,광양항세방,,0,6,103.01027859887667,34.93,127.71
2022-07-31 05:00:00,구미,,0,6,101.91844896718905,36.13,128.34
2022-07-31 05:00:00,삼천포,,0,6,102.75351551668021,34.95,128.07
2022-07-31 05:00:00,여수,,0,6,103.09531098165078,34.74,127.74
2022-07-31 05:00:00,영동,,0,6,101.25717287698441,37.18,128.46
2022-07-31 05:00:00,영흥,,0,6,102.52681822692725,37.26,126.46
2022-07-31 05:00:00,예천,,0,6,101.55051147466526,36.65,128.46
2022-07-31 05:00:00,창원,,0,6,102.26195939115331,35.21,128.58
2022-07-31 05:00:00,탑선,,0,6,103.44634079223034,35.24,126.81
2022-07-31 06:00:00,경상대,,0,6,91.87196766082056,35.18,128.1
2022-07-31 06:00:00,고흥만수상,,0,6,92.72131776582582,34.57,127.3
2022-07-31 06:00:00,광양항세방,,0,6,92.26567738963661,34.93,127.71
2022-07-31 06:00:00,구미,,0,6,91.30672933828745,36.13,128.34
2022-07-31 06:00:00,삼천포,,0,6,91.98834574149957,34.95,128.07
2022-07-31 06:00:00,여수,,0,6,92.32147579153283,34.74,127.74
2022-07-31 06:00:00,영동,,0,6,90.79229411271085,37.18,128.46
2022-07-31 06:00:00,영흥,,0,6,92.20771218331265,37.26,126.46
2022-07-31 06:00:00,예천,,0,6,91.00728803133313,36.65,128.46
2022-07-31 06:00:00,창원,,0,6,91.50135113741408,35.21,128.58
2022-07-31 06:00:00,탑선,,0,6,92.80625565110246,35.24,126.81
2022-07-31 07:00:00,경상대,178.55,2,6,80.35597267151769,35.18,128.1
2022-07-31 07:00:00,고흥만수상,65.55,2,6,81.15480812987632,34.57,127.3
2022-07-31 07:00:00,광양항세방,142.95,2,6,80.73132827448859,34.93,127.71
2022-07-31 07:00:00,구미,101.83333333333333,3,6,79.9132002657993,36.13,128.34
2022-07-31 07:00:00,삼천포,116.94999999999999,2,6,80.44198469767213,34.95,128.07
2022-07-31 07:00:00,여수,128.75,2,6,80.75991530834213,34.74,127.74
2022-07-31 07:00:00,영동,117.76666666666667,3,6,79.54337065774693,37.18,128.46
2022-07-31 07:00:00,영흥,63.15,2,6,81.0546723385064,37.26,126.46
2022-07-31 07:00:00,예천,116.0,3,6,79.68246953663392,36.65,128.46
2022-07-31 07:00:00,창원,136.29999999999998,3,6,79.97006833504368,35.21,128.58
2022-07-31 07:00:00,탑선,106.25,2,6,81.35227397645329,35.24,126.81
2022-07-31 08:00:00,경상대,76.44999999999999,6,6,68.3655610675797,35.18,128.1
2022-07-31 08:00:00,고흥만수상,159.08333333333334,6,6,69.1008721838497,34.57,127.3
2022-07-31 08:00:00,광양항세방,133.56666666666666,6,6,68.71606588593548,34.93,127.71
2022-07-31 08:00:00,구미,178.89999999999998,6,6,68.04867826163022,36.13,128.34
2022-07-31 08:00:00,삼천포,187.41666666666666,6,6,68.4210130294162,34.95,128.07
2022-07-31 08:00:00,여수,169.58333333333334,6,6,68.71831331120856,34.74,127.74
2022-07-31 08:00:00,영동,172.1833333333333,6,6,67.82564665588293,37.18,128.46
2022-07-31 08:00:00,영흥,165.9333333333333,6,6,69.39531975539498,37.26,126.46
2022-07-31 08:00:00,예천,136.75,6,6,67.88872241629474,36.65,128.46
2022-07-31 08:00:00,창원,163.58333333333334,6,6,67.97277568747953,35.21,128.58
2022-07-31 08:00:00,탑선,175.79999999999998,6,6,69.40075059115844,35.24,126.81
2022-07-31 09:00:00,경상대,230.9333333333333,6,6,56.14536451857612,35.18,128.1
2022-07-31 09:00:00,고흥만수상,117.18333333333332,6,6,56.80036482566166,34.57,127.3
2022-07-31 09:00:00,광양항세방,136.88333333333333,6,6,56.463042645777726,34.93,127.71
2022-07-31 09:00:00,구미,257.8333333333333,6,6,55.96609366723905,36.13,128.34
2022-07-31 09:00:00,삼천포,195.16666666666666,6,6,56.16802484305761,34.95,128.07
2022-07-31 09:00:00,여수,147.03333333333333,6,6,56.438049085469366,34.74,127.74
2022-07-31 09:00:00,영동,197.58333333333334,6,6,55.901578100214394,37.18,128.46
2022-07-31 09:00:00,영흥,274.71666666666664,6,6,57.49579115229685,37.26,126.46
2022-07-31 09:00:00,예천,273.78333333333336,6,6,55.883605704855675,36.65,128.46
2022-07-31 09:00:00,창원,172.14999999999998,6,6,55.753502501239055,35.21,128.58
2022-07-31 09:00:00,탑선,296.3666666666667,6,6,57.199576038577945,35.24,126.81
2022-07-31 10:00:00,경상대,207.58333333333334,6,6,43.9546415874004,35.18,128.1
2022-07-31 10:00:00,고흥만수상,191.4,6,6,44.49986550026628,34.57,127.3
2022-07-31 10:00:00,광양항세방,149.23333333333332,6,6,44.22593972666597,34.93,127.71
2022-07-31 10:00:00,구미,371.34999999999997,6,6,43.94082904229222,36.13,128.34
2022-07-31 10:00:00,삼천포,176.13333333333335,6,6,43.93854963658948,34.95,128.07
2022-07-31 10:00:00,여수,177.6833333333333,6,6,44.1700028878702,34.74,127.74
2022-07-31 10:00:00,영동,156.21666666666667,6,6,44.06380065961876,37.18,128.46
2022-07-31 10:00:00,영흥,220.15,6,6,45.639231166783475,37.26,126.46
2022-07-31 10:00:00,예천,248.19999999999996,6,6,43.9513836935448,36.65,128.46
2022-07-31 10:00:00,창원,219.63333333333335,6,6,43.57423971366706,35.21,128.58
2022-07-31 10:00:00,탑선,305.85,6,6,45.00353138297284,35.24,126.81
2022-07-31 11:00:00,경상대,171.3166666666667,6,6,32.22274522312032,35.18,128.1
2022-07-31 11:00:00,고흥만수상,99.18333333333334,6,6,32.59468497526575,34.57,127.3
2022-07-31 11:00:00,광양항세방,12.316666666666668,6,6,32.41863282459959,34.93,127.71
2022-07-31 11:00:00,구미,336.76666666666665,6,6,32.43533612353891,36.13,128.34
2022-07-31 11:00:00,삼천포,141.46666666666667,6,6,32.154476327144806,34.95,128.07
2022-07-31 11:00:00,여수,57.083333333333336,6,6,32.32306565282607,34.74,127.74
2022-07-31 11:00:00,영동,199.51666666666665,6,6,32.807180320858855,37.18,128.46
2022-07-31 11:00:00,영흥,400.6666666666667,6,6,34.27788597922782,37.26,126.46
2022-07-31 11:00:00,예천,420.7166666666667,6,6,32.57215660494244,36.65,128.46
2022-07-31 11:00:00,창원,143.54999999999998,6,6,31.8757144987554,35.21,128.58
2022-07-31 11:00:00,탑선,254.0,6,6,33.21768958570584,35.24,126.81
2022-07-31 12:00:00,경상대,126.25,6,6,22.06510725262946,35.18,128.1
2022-07-31 12:00:00,고흥만수상,125.41666666666664,6,6,22.10630435420991,34.57,127.3
2022-07-31 12:00:00,광양항세방,44.6,6,6,22.11278560784588,34.93,127.71
2022-07-31 12:00:00,구미,211.26666666666665,6,6,22.62460603338792,36.13,128.34
2022-07-31 12:00:00,삼천포,136.71666666666667,6,6,21.918067250446015,34.95,128.07
2022-07-31 12:00:00,여수,49.75000000000001,6,6,21.962170038148813,34.74,127.74
2022-07-31 12:00:00,영동,239.6,6,6,23.35131250326043,37.18,128.46
2022-07-31 12:00:00,영흥,235.2166666666667,6,6,24.47959275015741,37.26,126.46
2022-07-31 12:00:00,예천,418.9333333333334,6,6,22.949298532511605,36.65,128.46
2022-07-31 12:00:00,창원,251.85,6,6,21.815826199622038,35.21,128.58
2022-07-31 12:00:00,탑선,168.98333333333332,6,6,22.85809324427163,35.24,126.81
2022-07-31 13:00:00,경상대,142.21666666666667,6,6,16.92255270074351,35.18,128.1
2022-07-31 13:00:00,고흥만수상,212.18333333333337,6,6,16.368398826691745,34.57,127.3
2022-07-31 13:00:00,광양항세방,86.60000000000001,6,6,16.695257695088472,34.93,127.71
2022-07-31 13:00:00,구미,110.95,6,6,17.86174224536782,36.13,128.34
2022-07-31 13:00:00,삼천포,132.05,6,6,16.69438947808314,34.95,128.07
2022-07-31 13:00:00,여수,123.55,6,6,16.50388439558928,34.74,127.74
2022-07-31 13:00:00,영동,182.01666666666665,6,6,18.907431844762,37.18,128.46
2022-07-31 13:00:00,영흥,242.65,6,6,19.120933015131726,37.26,126.46
2022-07-31 13:00:00,예천,281.78333333333336,6,6,18.37771454003571,36.65,128.46
2022-07-31 13:00:00,창원,204.85,6,6,16.935268094889267,35.21,128.58
2022-07-31 13:00:00,탑선,212.53333333333333,6,6,17.081274494904022,35.24,126.81
2022-07-31 14:00:00,경상대,187.96666666666667,6,6,20.9725143132342,35.18,128.1
2022-07-31 14:00:00,고흥만수상,278.0833333333333,6,6,20.084316678826923,34.57,127.3
2022-07-31 14:00:00,광양항세방,124.66666666666667,6,6,20.576274409895703,34.93,127.71
2022-07-31 14:00:00,구미,207.36666666666667,6,6,21.830611778058667,36.13,128.34
2022-07-31 14:00:00,삼천포,189.03333333333333,6,6,20.780644152688012,34.95,128.07
2022-07-31 14:00:00,여수,180.1833333333333,6,6,20.4456493253213,34.74,127.74
2022-07-31 14:00:00,영동,331.84999999999997,6,6,22.715296688139702,37.18,128.46
2022-07-31 14:00:00,영흥,292.06666666666666,6,6,21.859888228760127,37.26,126.46
2022-07-31 14:00:00,예천,137.85,6,6,22.297277542477218,36.65,128.46
2022-07-31 14:00:00,창원,214.38333333333333,6,6,21.249551237742963,35.21,128.58
2022-07-31 14:00:00,탑선,231.63333333333333,6,6,20.365115826067523,35.24,126.81
2022-07-31 15:00:00,경상대,206.5666666666667,6,6,30.74306227429502,35.18,128.1
2022-07-31 15:00:00,고흥만수상,468.23333333333335,6,6,29.886628215719973,34.57,127.3
2022-07-31 15:00:00,광양항세방,128.33333333333334,6,6,30.346752551869777,34.93,127.71
2022-07-31 15:00:00,구미,212.19999999999996,6,6,31.339726272014616,36.13,128.34
2022-07-31 15:00:00,삼천포,101.81666666666665,6,6,30.621390441580076,34.95,128.07
2022-07-31 15:00:00,여수,286.3833333333333,6,6,30.286501518516125,34.74,127.74
2022-07-31 15:00:00,영동,151.41666666666669,6,6,31.911776349087823,37.18,128.46
2022-07-31 15:00:00,영흥,157.96666666666667,6,6,30.566453332755778,37.26,126.46
2022-07-31 15:00:00,예천,244.86666666666665,6,6,31.66360813383075,36.65,128.46
2022-07-31 15:00:00,창원,240.4,6,6,31.109930278312035,35.21,128.58
2022-07-31 15:00:00,탑선,318.45,6,6,29.82762967156173,35.24,126.81
2022-07-31 16:00:00,경상대,121.36666666666667,6,6,42.36234156878674,35.18,128.1
2022-07-31 16:00:00,고흥만수상,248.15,6,6,41.59541392326401,34.57,127.3
2022-07-31 16:00:00,광양항세방,146.8166666666667,6,6,41.99868358076115,34.93,127.71
2022-07-31 16:00:00,구미,245.13333333333333,6,6,42.7538162388286,36.13,128.34
2022-07-31 16:00:00,삼천포,80.98333333333333,6,6,42.29173300859677,34.95,128.07
2022-07-31 16:00:00,여수,217.5,6,6,41.98425638415745,34.74,127.74
2022-07-31 16:00:00,영동,217.98333333333332,6,6,43.08595508142521,37.18,128.46
2022-07-31 16:00:00,영흥,102.61666666666666,6,6,41.56393951236699,37.26,126.46
2022-07-31 16:00:00,예천,222.24999999999997,6,6,42.963604693132154,36.65,128.46
2022-07-31 16:00:00,창원,312.93333333333334,6,6,42.7526050123812,35.21,128.58
2022-07-31 16:00:00,탑선,299.31666666666666,6,6,41.34540612061645,35.24,126.81
2022-07-31 17:00:00,경상대,142.45000000000002,6,6,54.53193224970232,35.18,128.1
2022-07-31 17:00:00,고흥만수상,127.8,6,6,53.85622059802956,34.57,127.3
2022-07-31 17:00:00,광양항세방,188.81666666666663,6,6,54.20471920143796,34.93,127.71
2022-07-31 17:00:00,구미,185.70000000000002,6,6,54.76162324405378,36.13,128.34
2022-07-31 17:00:00,삼천포,125.34999999999998,6,6,54.500317400507164,34.95,128.07
2022-07-31 17:00:00,여수,212.5666666666667,6,6,54.22333115173882,34.74,127.74
2022-07-31 17:00:00,영동,165.9,6,6,54.907175553042094,37.18,128.46
2022-07-31 17:00:00,영흥,161.78333333333333,6,6,53.32300255866307,37.26,126.46
2022-07-31 17:00:00,예천,205.85000000000002,6,6,54.88090156214369,36.65,128.46
2022-07-31 17:00:00,창원,194.78333333333333,6,6,54.92491336505181,35.21,128.58
2022-07-31 17:00:00,탑선,348.86666666666673,6,6,53.48108235152905,35.24,126.81
2022-07-31 18:00:00,경상대,85.64999999999999,6,6,66.77619778884849,35.18,128.1
2022-07-31 18:00:00,고흥만수상,143.81666666666663,6,6,66.19272171359285,34.57,127.3
2022-07-31 18:00:00,광양항세방,70.18333333333334,6,6,66.48727065400954,34.93,127.71
2022-07-31 18:00:00,구미,168.5666666666667,6,6,66.8639407340063,36.13,128.34
2022-07-31 18:00:00,삼천포,88.66666666666667,6,6,66.77819065836974,34.95,128.07
2022-07-31 18:00:00,여수,25.03333333333333,6,6,66.53322776748324,34.74,127.74
2022-07-31 18:00:00,영동,125.41666666666667,6,6,66.84839626325046,37.18,128.46
2022-07-31 18:00:00,영흥,165.41666666666666,6,6,65.255185265828,37.26,126.46
2022-07-31 18:00:00,예천,86.39999999999999,6,6,66.90385559026741,36.65,128.46
2022-07-31 18:00:00,창원,175.86666666666667,6,6,67.1623196642538,35.21,128.58
2022-07-31 18:00:00,탑선,169.78333333333333,6,6,65.72187242722512,35.24,126.81
2022-07-31 19:00:00,경상대,30.55,4,6,78.8262318150923,35.18,128.1
2022-07-31 19:00:00,고흥만수상,101.02499999999999,4,6,78.34174943016042,34.57,127.3
2022-07-31 19:00:00,광양항세방,48.85,4,6,78.57938631866149,34.93,127.71
2022-07-31 19:00:00,구미,141.025,4,6,78.77731821849942,36.13,128.34
2022-07-31 19:00:00,삼천포,39.55,4,6,78.86017098819504,34.95,128.07
2022-07-31 19:00:00,여수,89.675,4,6,78.65043863012446,34.74,127.74
2022-07-31 19:00:00,영동,118.7,4,6,78.60948792059122,37.18,128.46
2022-07-31 19:00:00,영흥,106.5,5,6,77.04352343454971,37.26,126.46
2022-07-31 19:00:00,예천,37.375,4,6,78.74111795379154,36.65,128.46
2022-07-31 19:00:00,창원,110.9,4,6,79.19816381089197,35.21,128.58
2022-07-31 19:00:00,탑선,171.56,5,6,77.78960950842077,35.24,126.81
2022-07-31 20:00:00,경상대,,0,6,90.44154082146841,35.18,128.1
2022-07-31 20:00:00,고흥만수상,,0,6,90.0697987401827,34.57,127.3
2022-07-31 20:00:00,광양항세방,,0,6,90.24350088194753,34.93,127.71
2022-07-31 20:00:00,구미,,0,6,90.25172235509017,36.13,128.34
2022-07-31 20:00:00,삼천포,,0,6,90.50805230595263,34.95,128.07
2022-07-31 20:00:00,여수,,0,6,90.33924019836994,34.74,127.74
2022-07-31 20:00:00,영동,,0,6,89.93012183415338,37.18,128.46
2022-07-31 20:00:00,영흥,,0,6,88.42748857245893,37.26,126.46
2022-07-31 20:00:00,예천,,0,6,90.1374930705014,36.65,128.46
2022-07-31 20:00:00,창원,,0,6,90.79103592424994,35.21,128.58
2022-07-31 20:00:00,탑선,,0,6,89.44448058605664,35.24,126.81
2022-07-31 21:00:00,경상대,,0,6,101.32796687783541,35.18,128.1
2022-07-31 21:00:00,고흥만수상,,0,6,101.09086753366174,34.57,127.3
2022-07-31 21:00:00,광양항세방,,0,6,101.18914501119635,34.93,127.71
2022-07-31 21:00:00,구미,,0,6,100.98634636975929,36.13,128.34
2022-07-31 21:00:00,삼천포,,0,6,101.42915587945569,34.95,128.07
2022-07-31 21:00:00,여수,,0,6,101.31008951642806,34.74,127.74
2022-07-31 21:00:00,영동,,0,6,100.50321217437823,37.18,128.46
2022-07-31 21:00:00,영흥,,0,6,99.10969376996984,37.26,126.46
2022-07-31 21:00:00,예천,,0,6,100.78870009879577,36.65,128.46
2022-07-31 21:00:00,창원,,0,6,101.64378563313444,35.21,128.58
2022-07-31 21:00:00,탑선,,0,6,100.39922906516016,35.24,126.81
2022-07-31 22:00:00,경상대,,0,6,111.070343756232,35.18,128.1
2022-07-31 22:00:00,고흥만수상,,0,6,110.99866946701309,34.57,127.3
2022-07-31 22:00:00,광양항세방,,0,6,111.00539085482636,34.93,127.71
2022-07-31 22:00:00,구미,,0,6,110.56311799300389,36.13,128.34
2022-07-31 22:00:00,삼천포,,0,6,111.20880176408046,34.95,128.07
2022-07-31 22:00:00,여수,,0,6,111.15193730588888,34.74,127.74
2022-07-31 22:00:00,영동,,0,6,109.90944731413421,37.18,128.46
2022-07-31 22:00:00,영흥,,0,6,108.68928689621569,37.26,126.46
2022-07-31 22:00:00,예천,,0,6,110.275400713121,36.65,128.46
2022-07-31 22:00:00,창원,,0,6,111.33623862615363,35.21,128.58
2022-07-31 22:00:00,탑선,,0,6,110.25169142116287,35.24,126.81
2022-07-31 23:00:00,경상대,,0,6,119.06901264380198,35.18,128.1
2022-07-31 23:00:00,고흥만수상,,0,6,119.19952656155401,34.57,127.3
2022-07-31 23:00:00,광양항세방,,0,6,119.09578435037261,34.93,127.71
2022-07-31 23:00:00,구미,,0,6,118.38799424181252,36.13,128.34
2022-07-31 23:00:00,삼천포,,0,6,119.24568725271521,34.95,128.07
2022-07-31 23:00:00,여수,,0,6,119.2662844076365,34.74,127.74
2022-07-31 23:00:00,영동,,0,6,117.5635370397269,37.18,128.46
2022-07-31 23:00:00,영흥,,0,6,116.60560651441992,37.26,126.46
2022-07-31 23:00:00,예천,,0,6,118.00706219128168,36.65,128.46
2022-07-31 23:00:00,창원,,0,6,119.26240492325255,35.21,128.58
2022-07-31 23:00:00,탑선,,0,6,118.42034791450732,35.24,126.81
