datetime_kst,site,dsr_mean,dsr_n_valid,n_slots,zenith_center,lat,lon
2022-12-01 00:00:00,경상대,,0,6,163.14106392074527,35.18,128.1
2022-12-01 00:00:00,고흥만수상,,0,6,163.16022080451552,34.57,127.3
2022-12-01 00:00:00,광양항세방,,0,6,163.12204376774815,34.93,127.71
2022-12-01 00:00:00,구미,,0,6,162.52139406993308,36.13,128.34
2022-12-01 00:00:00,삼천포,,0,6,163.30071330003,34.95,128.07
2022-12-01 00:00:00,여수,,0,6,163.2802759553059,34.74,127.74
2022-12-01 00:00:00,영동,,0,6,161.73200933093318,37.18,128.46
2022-12-01 00:00:00,영흥,,0,6,160.697125099792,37.26,126.46
2022-12-01 00:00:00,예천,,0,6,162.16267571523844,36.65,128.46
2022-12-01 00:00:00,창원,,0,6,163.36628292757447,35.21,128.58
2022-12-01 00:00:00,탑선,,0,6,162.39692296177986,35.24,126.81
2022-12-01 01:00:00,경상대,,0,6,166.19509302600687,35.18,128.1
2022-12-01 01:00:00,고흥만수상,,0,6,166.9297654288864,34.57,127.3
2022-12-01 01:00:00,광양항세방,,0,6,166.50972511671182,34.93,127.71
2022-12-01 01:00:00,구미,,0,6,165.22584290335422,36.13,128.34
2022-12-01 01:00:00,삼천포,,0,6,166.42445194866443,34.95,128.07
2022-12-01 01:00:00,여수,,0,6,166.69007590316687,34.74,127.74
2022-12-01 01:00:00,영동,,0,6,164.18175413703113,37.18,128.46
2022-12-01 01:00:00,영흥,,0,6,164.3686017077328,37.26,126.46
2022-12-01 01:00:00,예천,,0,6,164.69766506731173,36.65,128.46
2022-12-01 01:00:00,창원,,0,6,166.06875777938387,35.21,128.58
2022-12-01 01:00:00,탑선,,0,6,166.33652440186452,35.24,126.81
2022-12-01 02:00:00,경상대,,0,6,158.99964982997506,35.18,128.1
2022-12-01 02:00:00,고흥만수상,,0,6,159.88722427955352,34.57,127.3
2022-12-01 02:00:00,광양항세방,,0,6,159.40456997769934,34.93,127.71
2022-12-01 02:00:00,구미,,0,6,158.28625653288287,36.13,128.34
2022-12-01 02:00:00,삼천포,,0,6,159.1509586001282,34.95,128.07
2022-12-01 02:00:00,여수,,0,6,159.4931265373358,34.74,127.74
2022-12-01 02:00:00,영동,,0,6,157.57136674751888,37.18,128.46
2022-12-01 02:00:00,영흥,,0,6,158.73401140266412,37.26,126.46
2022-12-01 02:00:00,예천,,0,6,157.8965903387005,36.65,128.46
2022-12-01 02:00:00,창원,,0,6,158.65970832094513,35.21,128.58
2022-12-01 02:00:00,탑선,,0,6,159.81424291905455,35.24,126.81
2022-12-01 03:00:00,경상대,,0,6,147.8847002349061,35.18,128.1
2022-12-01 03:00:00,고흥만수상,,0,6,148.68119441041688,34.57,127.3
2022-12-01 03:00:00,광양항세방,,0,6,148.2597800674219,34.93,127.71
2022-12-01 03:00:00,구미,,0,6,147.43004927085946,36.13,128.34
2022-12-01 03:00:00,삼천포,,0,6,147.97014535945763,34.95,128.07
2022-12-01 03:00:00,여수,,0,6,148.2870355128265,34.74,127.74
2022-12-01 03:00:00,영동,,0,6,147.01941431007643,37.18,128.46
2022-12-01 03:00:00,영흥,,0,6,148.49415403550128,37.26,126.46
2022-12-01 03:00:00,예천,,0,6,147.1832673944044,36.65,128.46
2022-12-01 03:00:00,창원,,0,6,147.49877586508967,35.21,128.58
2022-12-01 03:00:00,탑선,,0,6,148.87878232453403,35.24,126.81
2022-12-01 04:00:00,경상대,,0,6,135.82585602231643,35.18,128.1
2022-12-01 04:00:00,고흥만수상,,0,6,136.52580546294732,34.57,127.3
2022-12-01 04:00:00,광양항세방,,0,6,136.1630730642173,34.93,127.71
2022-12-01 04:00:00,구미,,0,6,135.55294805335578,36.13,128.34
2022-12-01 04:00:00,삼천포,,0,6,135.8673001002581,34.95,128.07
2022-12-01 04:00:00,여수,,0,6,136.15249529012925,34.74,127.74
2022-12-01 04:00:00,영동,,0,6,135.35394199690853,37.18,128.46
2022-12-01 04:00:00,영흥,,0,6,136.92547888397326,37.26,126.46
2022-12-01 04:00:00,예천,,0,6,135.4080822587258,36.65,128.46
2022-12-01 04:00:00,창원,,0,6,135.43247117057356,35.21,128.58
2022-12-01 04:00:00,탑선,,0,6,136.87112403539743,35.24,126.81
2022-12-01 05:00:00,경상대,,0,6,123.58395859906028,35.18,128.1
2022-12-01 05:00:00,고흥만수상,,0,6,124.192284897158,34.57,127.3
2022-12-01 05:00:00,광양항세방,,0,6,123.88345527703005,34.93,127.71
2022-12-01 05:00:00,구미,,0,6,123.45728146660298,36.13,128.34
2022-12-01 05:00:00,삼천포,,0,6,123.59074898146235,34.95,128.07
2022-12-01 05:00:00,여수,,0,6,123.8444149742991,34.74,127.74
2022-12-01 05:00:00,영동,,0,6,123.42592130196951,37.18,128.46
2022-12-01 05:00:00,영흥,,0,6,125.02048172377397,37.26,126.46
2022-12-01 05:00:00,예천,,0,6,123.39452079094447,36.65,128.46
2022-12-01 05:00:00,창원,,0,6,123.1952371104839,35.21,128.58
2022-12-01 05:00:00,탑선,,0,6,124.63953612558902,35.24,126.81
2022-12-01 06:00:00,경상대,,0,6,111.4667001087272,35.18,128.1
2022-12-01 06:00:00,고흥만수상,,0,6,111.981549753369,34.57,127.3
2022-12-01 06:00:00,광양항세방,,0,6,111.72669174263225,34.93,127.71
2022-12-01 06:00:00,구미,,0,6,111.47322692934618,36.13,128.34
2022-12-01 06:00:00,삼천포,,0,6,111.44232411409921,34.95,128.07
2022-12-01 06:00:00,여수,,0,6,111.66294482457741,34.74,127.74
2022-12-01 06:00:00,영동,,0,6,111.5917813063845,37.18,128.46
2022-12-01 06:00:00,영흥,,0,6,113.17050658560231,37.26,126.46
2022-12-01 06:00:00,예천,,0,6,111.48497617639538,36.65,128.46
2022-12-01 06:00:00,창원,,0,6,111.08969624381346,35.21,128.58
2022-12-01 06:00:00,탑선,,0,6,112.51075165364408,35.24,126.81
2022-12-01 07:00:00,경상대,,0,6,99.69405357384956,35.18,128.1
2022-12-01 07:00:00,고흥만수상,,0,6,100.10657665748005,34.57,127.3
2022-12-01 07:00:00,광양항세방,,0,6,99.90998844507124,34.93,127.71
2022-12-01 07:00:00,구미,,0,6,99.8328720870597,36.13,128.34
2022-12-01 07:00:00,삼천포,,0,6,99.63904009002772,34.95,128.07
2022-12-01 07:00:00,여수,,0,6,99.82275496405323,34.74,127.74
2022-12-01 07:00:00,영동,,0,6,100.09731981035483,37.18,128.46
2022-12-01 07:00:00,영흥,,0,6,101.62805359457037,37.26,126.46
2022-12-01 07:00:00,예천,,0,6,99.91819351217273,36.65,128.46
2022-12-01 07:00:00,창원,,0,6,99.3356257951609,35.21,128.58
2022-12-01 07:00:00,탑선,,0,6,100.70761588598208,35.24,126.81
2022-12-01 08:00:00,경상대,,0,6,88.50441621111197,35.18,128.1
2022-12-01 08:00:00,고흥만수상,,0,6,88.79867183244266,34.57,127.3
2022-12-01 08:00:00,광양항세방,,0,6,88.66863662255696,34.93,127.71
2022-12-01 08:00:00,구미,,0,6,88.78218745501025,36.13,128.34
2022-12-01 08:00:00,삼천포,,0,6,88.41755258645715,34.95,128.07
2022-12-01 08:00:00,여수,,0,6,88.55786928118108,34.74,127.74
2022-12-01 08:00:00,영동,,0,6,89.19639355073221,37.18,128.46
2022-12-01 08:00:00,영흥,,0,6,90.64241407508507,37.26,126.46
2022-12-01 08:00:00,예천,,0,6,88.94423318398967,36.65,128.46
2022-12-01 08:00:00,창원,,0,6,88.17328280294701,35.21,128.58
2022-12-01 08:00:00,탑선,,0,6,89.46483458864778,35.24,126.81
2022-12-01 09:00:00,경상대,174.625,4,6,78.21442789389798,35.18,128.1
2022-12-01 09:00:00,고흥만수상,215.76666666666665,3,6,78.3669079631946,34.57,127.3
2022-12-01 09:00:00,광양항세방,181.475,4,6,78.31575943883627,34.93,127.71
2022-12-01 09:00:00,구미,188.9333333333333,3,6,78.64226325912442,36.13,128.34
2022-12-01 09:00:00,삼천포,175.75,4,6,78.09358687933087,34.95,128.07
2022-12-01 09:00:00,여수,141.05,4,6,78.1810163838472,34.74,127.74
2022-12-01 09:00:00,영동,237.26666666666665,3,6,79.21377019703854,37.18,128.46
2022-12-01 09:00:00,영흥,214.85000000000002,2,6,80.52607805219682,37.26,126.46
2022-12-01 09:00:00,예천,205.33333333333334,3,6,78.88643921659204,36.65,128.46
2022-12-01 09:00:00,창원,185.14999999999998,4,6,77.92279828571908,35.21,128.58
2022-12-01 09:00:00,탑선,218.13333333333335,3,6,79.0903780924008,35.24,126.81
2022-12-01 10:00:00,경상대,213.2833333333333,6,6,69.27246388993966,35.18,128.1
2022-12-01 10:00:00,고흥만수상,293.73333333333335,6,6,69.25283645412341,34.57,127.3
2022-12-01 10:00:00,광양항세방,267.78333333333336,6,6,69.29634394645316,34.93,127.71
2022-12-01 10:00:00,구미,255.5666666666667,6,6,69.86101273688979,36.13,128.34
2022-12-01 10:00:00,삼천포,251.7166666666666,6,6,69.11585321284076,34.95,128.07
2022-12-01 10:00:00,여수,274.6333333333334,6,6,69.13798662815935,34.74,127.74
2022-12-01 10:00:00,영동,332.06666666666666,6,6,70.59493334525374,37.18,128.46
2022-12-01 10:00:00,영흥,290.03333333333336,6,6,71.70581756670862,37.26,126.46
2022-12-01 10:00:00,예천,315.0166666666667,6,6,70.1921600635653,36.65,128.46
2022-12-01 10:00:00,창원,214.35000000000002,6,6,69.03746939175649,35.21,128.58
2022-12-01 10:00:00,탑선,285.6666666666667,6,6,70.0192231665255,35.24,126.81
2022-12-01 11:00:00,경상대,344.61666666666673,6,6,62.2944933179147,35.18,128.1
2022-12-01 11:00:00,고흥만수상,358.2333333333333,6,6,62.07130657973031,34.57,127.3
2022-12-01 11:00:00,광양항세방,300.1666666666667,6,6,62.225316824132534,34.93,127.71
2022-12-01 11:00:00,구미,413.73333333333335,6,6,63.04397190891844,36.13,128.34
2022-12-01 11:00:00,삼천포,332.34999999999997,6,6,62.103090683054596,34.95,128.07
2022-12-01 11:00:00,여수,294.31666666666666,6,6,62.04654957959494,34.74,127.74
2022-12-01 11:00:00,영동,425.81666666666666,6,6,63.93201716527273,37.18,128.46
2022-12-01 11:00:00,영흥,375.6166666666666,6,6,64.75383004442568,37.26,126.46
2022-12-01 11:00:00,예천,417.8999999999999,6,6,63.4609157549569,36.65,128.46
2022-12-01 11:00:00,창원,315.3,6,6,62.13814460384261,35.21,128.58
2022-12-01 11:00:00,탑선,438.8666666666666,6,6,62.85217404566947,35.24,126.81
2022-12-01 12:00:00,경상대,514.0333333333333,6,6,58.01510832191263,35.18,128.1
2022-12-01 12:00:00,고흥만수상,535.5833333333333,6,6,57.5711815287673,34.57,127.3
2022-12-01 12:00:00,광양항세방,474.2833333333333,6,6,57.843073021713586,34.93,127.71
2022-12-01 12:00:00,구미,473.28333333333336,6,6,58.900118913708894,36.13,128.34
2022-12-01 12:00:00,삼천포,541.75,6,6,57.79621350652842,34.95,128.07
2022-12-01 12:00:00,여수,502.04999999999995,6,6,57.65246055708972,34.74,127.74
2022-12-01 12:00:00,영동,477.86666666666673,6,6,59.905974677785295,37.18,128.46
2022-12-01 12:00:00,영흥,436.7333333333334,6,6,60.34586613050886,37.26,126.46
2022-12-01 12:00:00,예천,462.2666666666667,6,6,59.38778371357759,36.65,128.46
2022-12-01 12:00:00,창원,494.8833333333334,6,6,57.95967987628277,35.21,128.58
2022-12-01 12:00:00,탑선,482.29999999999995,6,6,58.318082924178086,35.24,126.81
2022-12-01 13:00:00,경상대,528.0333333333334,6,6,57.05609135219173,35.18,128.1
2022-12-01 13:00:00,고흥만수상,532.5500000000001,6,6,56.40918614603713,34.57,127.3
2022-12-01 13:00:00,광양항세방,494.63333333333327,6,6,56.78688871277886,34.93,127.71
2022-12-01 13:00:00,구미,482.29999999999995,6,6,58.01707396003813,36.13,128.34
2022-12-01 13:00:00,삼천포,552.2833333333333,6,6,56.824975434873465,34.95,128.07
2022-12-01 13:00:00,여수,515.1999999999999,6,6,56.59864293854027,34.74,127.74
2022-12-01 13:00:00,영동,485.75000000000006,6,6,59.071258639393285,37.18,128.46
2022-12-01 13:00:00,영흥,435.40000000000003,6,6,59.06864582504819,37.26,126.46
2022-12-01 13:00:00,예천,472.09999999999997,6,6,58.542579031153466,36.65,128.46
2022-12-01 13:00:00,창원,511.25,6,6,57.113434227784836,35.21,128.58
2022-12-01 13:00:00,탑선,509.4833333333333,6,6,57.060303220600694,35.24,126.81
2022-12-01 14:00:00,경상대,501.54999999999995,6,6,59.58019136681234,35.18,128.1
2022-12-01 14:00:00,고흥만수상,457.40000000000003,6,6,58.78612242546188,34.57,127.3
2022-12-01 14:00:00,광양항세방,451.6666666666667,6,6,59.23730650696285,34.93,127.71
2022-12-01 14:00:00,구미,459.9166666666667,6,6,60.53991951605643,36.13,128.34
2022-12-01 14:00:00,삼천포,488.8333333333333,6,6,59.35551858380188,34.95,128.07
2022-12-01 14:00:00,여수,467.6666666666667,6,6,59.06646525713526,34.74,127.74
2022-12-01 14:00:00,영동,471.79999999999995,6,6,61.56015952270356,37.18,128.46
2022-12-01 14:00:00,영흥,422.83333333333326,6,6,61.12240776391032,37.26,126.46
2022-12-01 14:00:00,예천,456.6666666666667,6,6,61.06173370056792,36.65,128.46
2022-12-01 14:00:00,창원,489.51666666666665,6,6,59.74310904154114,35.21,128.58
2022-12-01 14:00:00,탑선,440.7833333333333,6,6,59.29065007902081,35.24,126.81
2022-12-01 15:00:00,경상대,331.65000000000003,6,6,65.17851582152358,35.18,128.1
2022-12-01 15:00:00,고흥만수상,296.8833333333334,6,6,64.30588429503094,34.57,127.3
2022-12-01 15:00:00,광양항세방,361.84999999999997,6,6,64.79249155214579,34.93,127.71
2022-12-01 15:00:00,구미,399.45,6,6,66.07365343474663,36.13,128.34
2022-12-01 15:00:00,삼천포,399.06666666666666,6,6,64.97460581267754,34.95,128.07
2022-12-01 15:00:00,여수,367.48333333333335,6,6,64.64875246913033,34.74,127.74
2022-12-01 15:00:00,영동,403.1333333333334,6,6,66.99671767106665,37.18,128.46
2022-12-01 15:00:00,영흥,348.23333333333335,6,6,66.19233347851609,37.26,126.46
2022-12-01 15:00:00,예천,375.8333333333333,6,6,66.55801073139972,36.65,128.46
2022-12-01 15:00:00,창원,314.8666666666667,6,6,65.42519122117332,35.21,128.58
2022-12-01 15:00:00,탑선,417.1166666666666,6,6,64.64419179950465,35.24,126.81
2022-12-01 16:00:00,경상대,286.58000000000004,5,5,73.13636446444875,35.18,128.1
2022-12-01 16:00:00,고흥만수상,241.58,5,5,72.24043342717773,34.57,127.3
2022-12-01 16:00:00,광양항세방,205.8,5,5,72.73278326827389,34.93,127.71
2022-12-01 16:00:00,구미,224.44,5,5,73.93204256625216,36.13,128.34
2022-12-01 16:00:00,삼천포,247.02000000000004,5,5,72.96022500273145,34.95,128.07
2022-12-01 16:00:00,여수,227.68,5,5,72.61926470343948,34.74,127.74
2022-12-01 16:00:00,영동,276.24,5,5,74.7258953141499,37.18,128.46
2022-12-01 16:00:00,영흥,244.34,5,5,73.64462291407952,37.26,126.46
2022-12-01 16:00:00,예천,283.38,5,5,74.3603256645762,36.65,128.46
2022-12-01 16:00:00,창원,239.16,5,5,73.44224060609005,35.21,128.58
2022-12-01 16:00:00,탑선,284.41999999999996,5,5,72.41995697895324,35.24,126.81
2022-12-01 17:00:00,경상대,176.9,2,6,82.75721715489989,35.18,128.1
2022-12-01 17:00:00,고흥만수상,164.9,2,6,81.87340101780973,34.57,127.3
2022-12-01 17:00:00,광양항세방,131.85,2,6,82.35310839600395,34.93,127.71
2022-12-01 17:00:00,구미,198.8,1,6,83.44046617767589,36.13,128.34
2022-12-01 17:00:00,삼천포,156.85,2,6,82.61068338570668,34.95,128.07
2022-12-01 17:00:00,여수,161.0,2,6,82.26902213783963,34.74,127.74
2022-12-01 17:00:00,영동,200.2,1,6,84.09555267774515,37.18,128.46
2022-12-01 17:00:00,영흥,201.35,2,6,82.81723779189778,37.26,126.46
2022-12-01 17:00:00,예천,190.0,1,6,83.80567971523567,36.65,128.46
2022-12-01 17:00:00,창원,147.6,2,6,83.10230666960642,35.21,128.58
2022-12-01 17:00:00,탑선,215.6,2,6,81.9128805742196,35.24,126.81
2022-12-01 18:00:00,경상대,,0,6,93.50286395943499,35.18,128.1
2022-12-01 18:00:00,고흥만수상,,0,6,92.6522224322964,34.57,127.3
2022-12-01 18:00:00,광양항세방,,0,6,93.10873103476808,34.93,127.71
2022-12-01 18:00:00,구미,,0,6,94.07099918250977,36.13,128.34
2022-12-01 18:00:00,삼천포,,0,6,93.38558973028597,34.95,128.07
2022-12-01 18:00:00,여수,,0,6,93.05208407468352,34.74,127.74
2022-12-01 18:00:00,영동,,0,6,94.58753408350555,37.18,128.46
2022-12-01 18:00:00,영흥,,0,6,93.17280019579005,37.26,126.46
2022-12-01 18:00:00,예천,,0,6,94.37160753033459,36.65,128.46
2022-12-01 18:00:00,창원,,0,6,93.87289113261681,35.21,128.58
2022-12-01 18:00:00,탑선,,0,6,92.570511403977,35.24,126.81
2022-12-01 19:00:00,경상대,,0,6,104.99147639382905,35.18,128.1
2022-12-01 19:00:00,고흥만수상,,0,6,104.18779423316738,34.57,127.3
2022-12-01 19:00:00,광양항세방,,0,6,104.61432585336902,34.93,127.71
2022-12-01 19:00:00,구미,,0,6,105.44376714770624,36.13,128.34
2022-12-01 19:00:00,삼천포,,0,6,104.90290002246383,34.95,128.07
2022-12-01 19:00:00,여수,,0,6,104.58343042932903,34.74,127.74
2022-12-01 19:00:00,영동,,0,6,105.82295927909193,37.18,128.46
2022-12-01 19:00:00,영흥,,0,6,104.31590658121027,37.26,126.46
2022-12-01 19:00:00,예천,,0,6,105.67921383260183,36.65,128.46
2022-12-01 19:00:00,창원,,0,6,105.3764387604626,35.21,128.58
2022-12-01 19:00:00,탑선,,0,6,103.9992638965388,35.24,126.81
2022-12-01 20:00:00,경상대,,0,6,116.94935419882218,35.18,128.1
2022-12-01 20:00:00,고흥만수상,,0,6,116.2048596950445,34.57,127.3
2022-12-01 20:00:00,광양항세방,,0,6,116.59525705261598,34.93,127.71
2022-12-01 20:00:00,구미,,0,6,117.2816838104208,36.13,128.34
2022-12-01 20:00:00,삼천포,,0,6,116.88987119705337,34.95,128.07
2022-12-01 20:00:00,여수,,0,6,116.58950216566376,34.74,127.74
2022-12-01 20:00:00,영동,,0,6,117.52018333819731,37.18,128.46
2022-12-01 20:00:00,영흥,,0,6,115.95455326477563,37.26,126.46
2022-12-01 20:00:00,예천,,0,6,117.44945684975345,36.65,128.46
2022-12-01 20:00:00,창원,,0,6,117.34166948835775,35.21,128.58
2022-12-01 20:00:00,탑선,,0,6,115.91798410278827,35.24,126.81
2022-12-01 21:00:00,경상대,,0,6,129.15616052760976,35.18,128.1
2022-12-01 21:00:00,고흥만수상,,0,6,128.48715312183822,34.57,127.3
2022-12-01 21:00:00,광양항세방,,0,6,128.83281988969742,34.93,127.71
2022-12-01 21:00:00,구미,,0,6,129.3558097013043,36.13,128.34
2022-12-01 21:00:00,삼천포,,0,6,129.12823954442973,34.95,128.07
2022-12-01 21:00:00,여수,,0,6,128.85336747099583,34.74,127.74
2022-12-01 21:00:00,영동,,0,6,129.44024635350888,37.18,128.46
2022-12-01 21:00:00,영흥,,0,6,127.84700441122513,37.26,126.46
2022-12-01 21:00:00,예천,,0,6,129.44852511261914,36.65,128.46
2022-12-01 21:00:00,창원,,0,6,129.54869044747588,35.21,128.58
2022-12-01 21:00:00,탑선,,0,6,128.1035232188673,35.24,126.81
2022-12-01 22:00:00,경상대,,0,6,141.37450471558174,35.18,128.1
2022-12-01 22:00:00,고흥만수상,,0,6,140.81115436682455,34.57,127.3
2022-12-01 22:00:00,광양항세방,,0,6,141.09573976804813,34.93,127.71
2022-12-01 22:00:00,구미,,0,6,141.41044400705587,36.13,128.34
2022-12-01 22:00:00,삼천포,,0,6,141.38480663397337,34.95,128.07
2022-12-01 22:00:00,여수,,0,6,141.14689828888416,34.74,127.74
2022-12-01 22:00:00,영동,,0,6,141.30741874446397,37.18,128.46
2022-12-01 22:00:00,영흥,,0,6,139.7280752391571,37.26,126.46
2022-12-01 22:00:00,예천,,0,6,141.41047550653553,36.65,128.46
2022-12-01 22:00:00,창원,,0,6,141.75723018603145,35.21,128.58
2022-12-01 22:00:00,탑선,,0,6,140.32305258040515,35.24,126.81
2022-12-01 23:00:00,경상대,,0,6,153.1798454508966,35.18,128.1
2022-12-01 23:00:00,고흥만수상,,0,6,152.79451287912255,34.57,127.3
2022-12-01 23:00:00,광양항세방,,0,6,152.97866005438328,34.93,127.71
2022-12-01 23:00:00,구미,,0,6,152.97732070586025,36.13,128.34
2022-12-01 23:00:00,삼천포,,0,6,153.24486642249593,34.95,128.07
2022-12-01 23:00:00,여수,,0,6,153.07142357314416,34.74,127.74
2022-12-01 23:00:00,영동,,0,6,152.60948178863626,37.18,128.46
2022-12-01 23:00:00,영흥,,0,6,151.13725324551237,37.26,126.46
2022-12-01 23:00:00,예천,,0,6,152.84339028591324,36.65,128.46
2022-12-01 23:00:00,창원,,0,6,153.529286654718,35.21,128.58
2022-12-01 23:00:00,탑선,,0,6,152.1798576684759,35.24,126.81
2022-12-02 00:00:00,경상대,,0,6,163.22098803786048,35.18,128.1
2022-12-02 00:00:00,고흥만수상,,0,6,163.23140419151213,34.57,127.3
2022-12-02 00:00:00,광양항세방,,0,6,163.19804887483122,34.93,127.71
2022-12-02 00:00:00,구미,,0,6,162.60832132035924,36.13,128.34
2022-12-02 00:00:00,삼천포,,0,6,163.37900734204288,34.95,128.07
2022-12-02 00:00:00,여수,,0,6,163.35521623276492,34.74,127.74
2022-12-02 00:00:00,영동,,0,6,161.82510887019907,37.18,128.46
2022-12-02 00:00:00,영흥,,0,6,160.78002751288932,37.26,126.46
2022-12-02 00:00:00,예천,,0,6,162.25308936664857,36.65,128.46
2022-12-02 00:00:00,창원,,0,6,163.44930631834362,35.21,128.58
2022-12-02 00:00:00,탑선,,0,6,162.46974794854833,35.24,126.81
2022-12-02 01:00:00,경상대,,0,6,166.36549969523327,35.18,128.1
2022-12-02 01:00:00,고흥만수상,,0,6,167.0980070364129,34.57,127.3
2022-12-02 01:00:00,광양항세방,,0,6,166.67910143249057,34.93,127.71
2022-12-02 01:00:00,구미,,0,6,165.39613799030425,36.13,128.34
2022-12-02 01:00:00,삼천포,,0,6,166.59497259016473,34.95,128.07
2022-12-02 01:00:00,여수,,0,6,166.85972097762607,34.74,127.74
2022-12-02 01:00:00,영동,,0,6,164.35153263979802,37.18,128.46
2022-12-02 01:00:00,영흥,,0,6,164.53192044635512,37.26,126.46
2022-12-02 01:00:00,예천,,0,6,164.86786648878223,36.65,128.46
2022-12-02 01:00:00,창원,,0,6,166.24053091183544,35.21,128.58
2022-12-02 01:00:00,탑선,,0,6,166.50237102147395,35.24,126.81
2022-12-02 02:00:00,경상대,,0,6,159.16963759302445,35.18,128.1
2022-12-02 02:00:00,고흥만수상,,0,6,160.05688159212127,34.57,127.3
2022-12-02 02:00:00,광양항세방,,0,6,159.57450077651623,34.93,127.71
2022-12-02 02:00:00,구미,,0,6,158.45783695767352,36.13,128.34
2022-12-02 02:00:00,삼천포,,0,6,159.32048452289436,34.95,128.07
2022-12-02 02:00:00,여수,,0,6,159.66259975461043,34.74,127.74
2022-12-02 02:00:00,영동,,0,6,157.74455686729476,37.18,128.46
2022-12-02 02:00:00,영흥,,0,6,158.90909696898052,37.26,126.46
2022-12-02 02:00:00,예천,,0,6,158.06894687802537,36.65,128.46
2022-12-02 02:00:00,창원,,0,6,158.82918023250585,35.21,128.58
2022-12-02 02:00:00,탑선,,0,6,159.98590668703105,35.24,126.81
2022-12-02 03:00:00,경상대,,0,6,148.0402715645834,35.18,128.1
2022-12-02 03:00:00,고흥만수상,,0,6,148.83557083276617,34.57,127.3
2022-12-02 03:00:00,광양항세방,,0,6,148.41490864204684,34.93,127.71
2022-12-02 03:00:00,구미,,0,6,147.5879752797191,36.13,128.34
2022-12-02 03:00:00,삼천포,,0,6,148.1251021121228,34.95,128.07
2022-12-02 03:00:00,여수,,0,6,148.44161214281306,34.74,127.74
2022-12-02 03:00:00,영동,,0,6,147.17983053208542,37.18,128.46
2022-12-02 03:00:00,영흥,,0,6,148.65606155056645,37.26,126.46
2022-12-02 03:00:00,예천,,0,6,147.34241529630205,36.65,128.46
2022-12-02 03:00:00,창원,,0,6,147.6541331848735,35.21,128.58
2022-12-02 03:00:00,탑선,,0,6,149.03536048574608,35.24,126.81
2022-12-02 04:00:00,경상대,,0,6,135.9759237089847,35.18,128.1
2022-12-02 04:00:00,고흥만수상,,0,6,136.67451379887228,34.57,127.3
2022-12-02 04:00:00,광양항세방,,0,6,136.31259879549583,34.93,127.71
2022-12-02 04:00:00,구미,,0,6,135.70518926370875,36.13,128.34
2022-12-02 04:00:00,삼천포,,0,6,136.01682240096824,34.95,128.07
2022-12-02 04:00:00,여수,,0,6,136.3015563221971,34.74,127.74
2022-12-02 04:00:00,영동,,0,6,135.50849468770357,37.18,128.46
2022-12-02 04:00:00,영흥,,0,6,137.0806208005279,37.26,126.46
2022-12-02 04:00:00,예천,,0,6,135.56147240638057,36.65,128.46
2022-12-02 04:00:00,창원,,0,6,135.5825428496254,35.21,128.58
2022-12-02 04:00:00,탑선,,0,6,137.02154318417124,35.24,126.81
2022-12-02 05:00:00,경상대,,0,6,123.73399548433312,35.18,128.1
2022-12-02 05:00:00,고흥만수상,,0,6,124.34099463242781,34.57,127.3
2022-12-02 05:00:00,광양항세방,,0,6,124.03294509308813,34.93,127.71
2022-12-02 05:00:00,구미,,0,6,123.60919669276788,36.13,128.34
2022-12-02 05:00:00,삼천포,,0,6,123.74032477211165,34.95,128.07
2022-12-02 05:00:00,여수,,0,6,123.993526483004,34.74,127.74
2022-12-02 05:00:00,영동,,0,6,123.57982260870051,37.18,128.46
2022-12-02 05:00:00,영흥,,0,6,125.17439362664382,37.26,126.46
2022-12-02 05:00:00,예천,,0,6,123.54743485529835,36.65,128.46
2022-12-02 05:00:00,창원,,0,6,123.34539444060152,35.21,128.58
2022-12-02 05:00:00,탑선,,0,6,124.78954434793813,35.24,126.81
2022-12-02 06:00:00,경상대,,0,6,111.61986113367213,35.18,128.1
2022-12-02 06:00:00,고흥만수상,,0,6,112.13346595013228,34.57,127.3
2022-12-02 06:00:00,광양항세방,,0,6,111.8793285105481,34.93,127.71
2022-12-02 06:00:00,구미,,0,6,111.62798559838785,36.13,128.34
2022-12-02 06:00:00,삼천포,,0,6,111.59509881804384,34.95,128.07
2022-12-02 06:00:00,여수,,0,6,111.81527492058049,34.74,127.74
2022-12-02 06:00:00,영동,,0,6,111.7482089685216,37.18,128.46
2022-12-02 06:00:00,영흥,,0,6,113.32657755973703,37.26,126.46
2022-12-02 06:00:00,예천,,0,6,111.64058443422955,36.65,128.46
2022-12-02 06:00:00,창원,,0,6,111.24304531192885,35.21,128.58
2022-12-02 06:00:00,탑선,,0,6,112.66364806112799,35.24,126.81
2022-12-02 07:00:00,경상대,,0,6,99.8522943229684,35.18,128.1
2022-12-02 07:00:00,고흥만수상,,0,6,100.263682359695,34.57,127.3
2022-12-02 07:00:00,광양항세방,,0,6,100.06774338074408,34.93,127.71
2022-12-02 07:00:00,구미,,0,6,99.99243936393995,36.13,128.34
2022-12-02 07:00:00,삼천포,,0,6,99.79696383236359,34.95,128.07
2022-12-02 07:00:00,여수,,0,6,99.98026644984023,34.74,127.74
2022-12-02 07:00:00,영동,,0,6,100.25824786675045,37.18,128.46
2022-12-02 07:00:00,영흥,,0,6,101.78838906487806,37.26,126.46
2022-12-02 07:00:00,예천,,0,6,100.07846307527102,36.65,128.46
2022-12-02 07:00:00,창원,,0,6,99.49409410687323,35.21,128.58
2022-12-02 07:00:00,탑선,,0,6,100.8654376628854,35.24,126.81
2022-12-02 08:00:00,경상대,,0,6,88.66885777352834,35.18,128.1
2022-12-02 08:00:00,고흥만수상,,0,6,88.9621346156636,34.57,127.3
2022-12-02 08:00:00,광양항세방,,0,6,88.83265378008396,34.93,127.71
2022-12-02 08:00:00,구미,,0,6,88.94766181445965,36.13,128.34
2022-12-02 08:00:00,삼천포,,0,6,88.58174971368304,34.95,128.07
2022-12-02 08:00:00,여수,,0,6,88.72170557494047,34.74,127.74
2022-12-02 08:00:00,영동,,0,6,89.36289907427839,37.18,128.46
2022-12-02 08:00:00,영흥,,0,6,90.80820869903197,37.26,126.46
2022-12-02 08:00:00,예천,,0,6,89.11024893721306,36.65,128.46
2022-12-02 08:00:00,창원,,0,6,88.33796460578664,35.21,128.58
2022-12-02 08:00:00,탑선,,0,6,89.62877318625685,35.24,126.81
2022-12-02 09:00:00,경상대,237.4666666666667,3,6,78.38518378157053,35.18,128.1
2022-12-02 09:00:00,고흥만수상,227.5666666666667,3,6,78.53693236981324,34.57,127.3
2022-12-02 09:00:00,광양항세방,200.6,3,6,78.48619521836663,34.93,127.71
2022-12-02 09:00:00,구미,220.16666666666666,3,6,78.8136982417116,36.13,128.34
2022-12-02 09:00:00,삼천포,236.575,4,6,78.26418302092111,34.95,128.07
2022-12-02 09:00:00,여수,233.33333333333334,3,6,78.35133924009168,34.74,127.74
2022-12-02 09:00:00,영동,216.1,3,6,79.38585313228108,37.18,128.46
2022-12-02 09:00:00,영흥,181.95,2,6,80.69749936675747,37.26,126.46
2022-12-02 09:00:00,예천,210.73333333333335,3,6,79.05822279232937,36.65,128.46
2022-12-02 09:00:00,창원,217.87499999999997,4,6,78.09376499011341,35.21,128.58
2022-12-02 09:00:00,탑선,215.26666666666668,3,6,79.26065077113284,35.24,126.81
2022-12-02 10:00:00,경상대,348.70000000000005,6,6,69.4479103557135,35.18,128.1
2022-12-02 10:00:00,고흥만수상,343.3666666666666,6,6,69.42794955022569,34.57,127.3
2022-12-02 10:00:00,광양항세방,304.75,6,6,69.47164584766134,34.93,127.71
2022-12-02 10:00:00,구미,324.6333333333334,6,6,70.03670630582813,36.13,128.34
2022-12-02 10:00:00,삼천포,368.2166666666667,6,6,69.29124009702115,34.95,128.07
2022-12-02 10:00:00,여수,342.01666666666665,6,6,69.31324834251866,34.74,127.74
2022-12-02 10:00:00,영동,321.45,6,6,70.77083359049357,37.18,128.46
2022-12-02 10:00:00,영흥,272.74999999999994,6,6,71.88139380606484,37.26,126.46
2022-12-02 10:00:00,예천,313.9166666666667,6,6,70.36797066071459,36.65,128.46
2022-12-02 10:00:00,창원,339.56666666666666,6,6,69.21302172789765,35.21,128.58
2022-12-02 10:00:00,탑선,324.54999999999995,6,6,70.19439590848863,35.24,126.81
2022-12-02 11:00:00,경상대,458.21666666666664,6,6,62.47000896838125,35.18,128.1
2022-12-02 11:00:00,고흥만수상,463.68333333333334,6,6,62.247064364624016,34.57,127.3
2022-12-02 11:00:00,광양항세방,413.24999999999994,6,6,62.400950263362496,34.93,127.71
2022-12-02 11:00:00,구미,425.25,6,6,63.219285508340874,36.13,128.34
2022-12-02 11:00:00,삼천포,483.4166666666667,6,6,62.27864586614906,34.95,128.07
2022-12-02 11:00:00,여수,448.5833333333333,6,6,62.222202283056944,34.74,127.74
2022-12-02 11:00:00,영동,424.63333333333327,6,6,64.10712294080628,37.18,128.46
2022-12-02 11:00:00,영흥,372.6333333333334,6,6,64.9293956529902,37.26,126.46
2022-12-02 11:00:00,예천,412.51666666666665,6,6,63.63611279630523,36.65,128.46
2022-12-02 11:00:00,창원,443.3,6,6,62.31354446307018,35.21,128.58
2022-12-02 11:00:00,탑선,432.9333333333334,6,6,63.027938031110835,35.24,126.81
2022-12-02 12:00:00,경상대,507.49999999999994,6,6,58.18211990161837,35.18,128.1
2022-12-02 12:00:00,고흥만수상,525.15,6,6,57.739062867713436,34.57,127.3
2022-12-02 12:00:00,광양항세방,473.7833333333333,6,6,58.01049966193806,34.93,127.71
2022-12-02 12:00:00,구미,472.90000000000003,6,6,59.06667352083754,36.13,128.34
2022-12-02 12:00:00,삼천포,537.2833333333334,6,6,57.96331053600611,34.95,128.07
2022-12-02 12:00:00,여수,498.0,6,6,57.819908993633355,34.74,127.74
2022-12-02 12:00:00,영동,476.88333333333327,6,6,60.072160405803146,37.18,128.46
2022-12-02 12:00:00,영흥,443.0666666666666,6,6,60.51375927086171,37.26,126.46
2022-12-02 12:00:00,예천,463.25,6,6,59.55409982618824,36.65,128.46
2022-12-02 12:00:00,창원,494.53333333333336,6,6,58.12624125004476,35.21,128.58
2022-12-02 12:00:00,탑선,486.08333333333326,6,6,58.48621117795965,35.24,126.81
2022-12-02 13:00:00,경상대,521.2166666666666,6,6,57.203634468888765,35.18,128.1
2022-12-02 13:00:00,고흥만수상,541.9833333333333,6,6,56.55795422939146,34.57,127.3
2022-12-02 13:00:00,광양항세방,488.3166666666666,6,6,56.93503269388854,34.93,127.71
2022-12-02 13:00:00,구미,480.3333333333333,6,6,58.16435634065217,36.13,128.34
2022-12-02 13:00:00,삼천포,550.8833333333333,6,6,56.97253798794234,34.95,128.07
2022-12-02 13:00:00,여수,510.01666666666665,6,6,56.74671683538418,34.74,127.74
2022-12-02 13:00:00,영동,482.2833333333333,6,6,59.21849448212678,37.18,128.46
2022-12-02 13:00:00,영흥,461.90000000000003,6,6,59.2189180442022,37.26,126.46
2022-12-02 13:00:00,예천,469.43333333333334,6,6,58.689742347171766,36.65,128.46
2022-12-02 13:00:00,창원,505.5333333333333,6,6,57.26019958387021,35.21,128.58
2022-12-02 13:00:00,탑선,501.0333333333333,6,6,57.209907533625795,35.24,126.81
2022-12-02 14:00:00,경상대,504.2,6,6,59.69972415365727,35.18,128.1
2022-12-02 14:00:00,고흥만수상,523.5333333333333,6,6,58.906738203309615,34.57,127.3
2022-12-02 14:00:00,광양항세방,464.83333333333326,6,6,59.357403523263606,34.93,127.71
2022-12-02 14:00:00,구미,468.0166666666667,6,6,60.659810014268196,36.13,128.34
2022-12-02 14:00:00,삼천포,528.5666666666666,6,6,59.47490875750679,34.95,128.07
2022-12-02 14:00:00,여수,492.98333333333335,6,6,59.18633697231235,34.74,127.74
2022-12-02 14:00:00,영동,469.7166666666667,6,6,61.68072603436143,37.18,128.46
2022-12-02 14:00:00,영흥,439.6833333333334,6,6,61.246810283776924,37.26,126.46
2022-12-02 14:00:00,예천,453.15000000000003,6,6,61.181843589454985,36.65,128.46
2022-12-02 14:00:00,창원,488.8333333333333,6,6,59.86170725249451,35.21,128.58
2022-12-02 14:00:00,탑선,487.3666666666666,6,6,59.41280367303832,35.24,126.81
2022-12-02 15:00:00,경상대,437.45,6,6,65.26757376010976,35.18,128.1
2022-12-02 15:00:00,고흥만수상,458.0666666666666,6,6,64.39553828693252,34.57,127.3
2022-12-02 15:00:00,광양항세방,393.95,6,6,64.88191204837975,34.93,127.71
2022-12-02 15:00:00,구미,404.7,6,6,66.16378543982029,36.13,128.34
2022-12-02 15:00:00,삼천포,452.6666666666667,6,6,65.06334699140051,34.95,128.07
2022-12-02 15:00:00,여수,430.9166666666667,6,6,64.73780454571897,34.74,127.74
2022-12-02 15:00:00,영동,399.8,6,6,67.08830013210111,37.18,128.46
2022-12-02 15:00:00,영흥,372.98333333333335,6,6,66.28780283590503,37.26,126.46
2022-12-02 15:00:00,예천,390.40000000000003,6,6,66.64874899185708,36.65,128.46
2022-12-02 15:00:00,창원,427.3,6,6,65.5133573428285,35.21,128.58
2022-12-02 15:00:00,탑선,428.25,6,6,64.73588838999768,35.24,126.81
2022-12-02 16:00:00,경상대,303.08,5,5,73.1975875143834,35.18,128.1
2022-12-02 16:00:00,고흥만수상,323.24000000000007,5,5,72.30170004861958,34.57,127.3
2022-12-02 16:00:00,광양항세방,265.36,5,5,72.79412605811493,34.93,127.71
2022-12-02 16:00:00,구미,279.58,5,5,73.99491497582143,36.13,128.34
2022-12-02 16:00:00,삼천포,307.8,5,5,73.02099968670045,34.95,128.07
2022-12-02 16:00:00,여수,302.78000000000003,5,5,72.680144828569,34.74,127.74
2022-12-02 16:00:00,영동,272.84,5,5,74.79081576575751,37.18,128.46
2022-12-02 16:00:00,영흥,238.64000000000001,5,5,73.71299190728428,37.26,126.46
2022-12-02 16:00:00,예천,269.3,5,5,74.4241156896582,36.65,128.46
2022-12-02 16:00:00,창원,297.96000000000004,5,5,73.5027218073005,35.21,128.58
2022-12-02 16:00:00,탑선,304.02,5,5,72.48350221108005,35.24,126.81
2022-12-02 17:00:00,경상대,208.60000000000002,2,6,82.79540132012583,35.18,128.1
2022-12-02 17:00:00,고흥만수상,227.89999999999998,2,6,81.91114585990087,34.57,127.3
2022-12-02 17:00:00,광양항세방,181.0,2,6,82.39119377360502,34.93,127.71
2022-12-02 17:00:00,구미,204.5,1,6,83.48071049507963,36.13,128.34
2022-12-02 17:00:00,삼천포,208.45,2,6,82.64833029164977,34.95,128.07
2022-12-02 17:00:00,여수,210.95,2,6,82.30658997285866,34.74,127.74
2022-12-02 17:00:00,영동,195.9,1,6,84.13825975005003,37.18,128.46
2022-12-02 17:00:00,영흥,175.25,2,6,82.86278597730265,37.26,126.46
2022-12-02 17:00:00,예천,191.8,1,6,83.84706546823661,36.65,128.46
2022-12-02 17:00:00,창원,205.5,2,6,83.13992184611584,35.21,128.58
2022-12-02 17:00:00,탑선,215.5,2,6,81.9529716941679,35.24,126.81
2022-12-02 18:00:00,경상대,,0,6,93.52302043309821,35.18,128.1
2022-12-02 18:00:00,고흥만수상,,0,6,92.67152839814516,34.57,127.3
2022-12-02 18:00:00,광양항세방,,0,6,93.12860008435563,34.93,127.71
2022-12-02 18:00:00,구미,,0,6,94.09353767806694,36.13,128.34
2022-12-02 18:00:00,삼천포,,0,6,93.40514145331271,34.95,128.07
2022-12-02 18:00:00,여수,,0,6,93.07139783755458,34.74,127.74
2022-12-02 18:00:00,영동,,0,6,94.61285555907558,37.18,128.46
2022-12-02 18:00:00,영흥,,0,6,93.20035167633179,37.26,126.46
2022-12-02 18:00:00,예천,,0,6,94.39546382447274,36.65,128.46
2022-12-02 18:00:00,창원,,0,6,93.8926402870716,35.21,128.58
2022-12-02 18:00:00,탑선,,0,6,92.59217382386201,35.24,126.81
2022-12-02 19:00:00,경상대,,0,6,104.99823097875549,35.18,128.1
2022-12-02 19:00:00,고흥만수상,,0,6,104.19330646492813,34.57,127.3
2022-12-02 19:00:00,광양항세방,,0,6,104.62061335981636,34.93,127.71
2022-12-02 19:00:00,구미,,0,6,105.45322515287152,36.13,128.34
2022-12-02 19:00:00,삼천포,,0,6,104.9089817195628,34.95,128.07
2022-12-02 19:00:00,여수,,0,6,104.58912316235772,34.74,127.74
2022-12-02 19:00:00,영동,,0,6,105.83552178247794,37.18,128.46
2022-12-02 19:00:00,영흥,,0,6,104.33011591429499,37.26,126.46
2022-12-02 19:00:00,예천,,0,6,105.69016588600526,36.65,128.46
2022-12-02 19:00:00,창원,,0,6,105.38293586412382,35.21,128.58
2022-12-02 19:00:00,탑선,,0,6,104.00715685311694,35.24,126.81
2022-12-02 20:00:00,경상대,,0,6,116.94713876634123,35.18,128.1
2022-12-02 20:00:00,고흥만수상,,0,6,116.2009525441902,34.57,127.3
2022-12-02 20:00:00,광양항세방,,0,6,116.59237038546756,34.93,127.71
2022-12-02 20:00:00,구미,,0,6,117.2825810947685,36.13,128.34
2022-12-02 20:00:00,삼천포,,0,6,116.88689336608866,34.95,128.07
2022-12-02 20:00:00,여수,,0,6,116.58596398485409,34.74,127.74
2022-12-02 20:00:00,영동,,0,6,117.52459907601107,37.18,128.46
2022-12-02 20:00:00,영흥,,0,6,115.96000845110588,37.26,126.46
2022-12-02 20:00:00,예천,,0,6,117.45207166927499,36.65,128.46
2022-12-02 20:00:00,창원,,0,6,117.33935234987183,35.21,128.58
2022-12-02 20:00:00,탑선,,0,6,115.91653981988073,35.24,126.81
2022-12-02 21:00:00,경상대,,0,6,129.14996594954314,35.18,128.1
2022-12-02 21:00:00,고흥만수상,,0,6,128.4786406617759,34.57,127.3
2022-12-02 21:00:00,광양항세방,,0,6,128.82567169519902,34.93,127.71
2022-12-02 21:00:00,구미,,0,6,129.3533373207983,36.13,128.34
2022-12-02 21:00:00,삼천포,,0,6,129.1211460755064,34.95,128.07
2022-12-02 21:00:00,여수,,0,6,128.84547654479843,34.74,127.74
2022-12-02 21:00:00,영동,,0,6,129.4419069616164,37.18,128.46
2022-12-02 21:00:00,영흥,,0,6,127.84893055703472,37.26,126.46
2022-12-02 21:00:00,예천,,0,6,129.44810000957864,36.65,128.46
2022-12-02 21:00:00,창원,,0,6,129.54259484970493,35.21,128.58
2022-12-02 21:00:00,탑선,,0,6,128.09764687509235,35.24,126.81
2022-12-02 22:00:00,경상대,,0,6,141.37166070197554,35.18,128.1
2022-12-02 22:00:00,고흥만수상,,0,6,140.80495049902694,34.57,127.3
2022-12-02 22:00:00,광양항세방,,0,6,141.0914717249018,34.93,127.71
2022-12-02 22:00:00,구미,,0,6,141.4123143448307,36.13,128.34
2022-12-02 22:00:00,삼천포,,0,6,141.38083887855305,34.95,128.07
2022-12-02 22:00:00,여수,,0,6,141.14173706833364,34.74,127.74
2022-12-02 22:00:00,영동,,0,6,141.31439022152188,37.18,128.46
2022-12-02 22:00:00,영흥,,0,6,139.7340158559002,37.26,126.46
2022-12-02 22:00:00,예천,,0,6,141.41491959419275,36.65,128.46
2022-12-02 22:00:00,창원,,0,6,141.7548257610062,35.21,128.58
2022-12-02 22:00:00,탑선,,0,6,140.31976852694817,35.24,126.81
2022-12-02 23:00:00,경상대,,0,6,153.195128474458,35.18,128.1
2022-12-02 23:00:00,고흥만수상,,0,6,152.80441726236222,34.57,127.3
2022-12-02 23:00:00,광양항세방,,0,6,152.991597091141,34.93,127.71
2022-12-02 23:00:00,구미,,0,6,152.9989256156162,36.13,128.34
2022-12-02 23:00:00,삼천포,,0,6,153.25865944291698,34.95,128.07
2022-12-02 23:00:00,여수,,0,6,153.08324062973816,34.74,127.74
2022-12-02 23:00:00,영동,,0,6,152.6375832504245,37.18,128.46
2022-12-02 23:00:00,영흥,,0,6,151.161487052397,37.26,126.46
2022-12-02 23:00:00,예천,,0,6,152.8683754275602,36.65,128.46
2022-12-02 23:00:00,창원,,0,6,153.54577853192944,35.21,128.58
2022-12-02 23:00:00,탑선,,0,6,152.19293430869837,35.24,126.81
2022-12-03 00:00:00,경상대,,0,6,163.29249322672328,35.18,128.1
2022-12-03 00:00:00,고흥만수상,,0,6,163.2942234355458,34.57,127.3
2022-12-03 00:00:00,광양항세방,,0,6,163.26565901863503,34.93,127.71
2022-12-03 00:00:00,구미,,0,6,162.6868561643257,36.13,128.34
2022-12-03 00:00:00,삼천포,,0,6,163.44887607981144,34.95,128.07
2022-12-03 00:00:00,여수,,0,6,163.4217534345068,34.74,127.74
2022-12-03 00:00:00,영동,,0,6,161.9098650552111,37.18,128.46
2022-12-03 00:00:00,영흥,,0,6,160.85469122675016,37.26,126.46
2022-12-03 00:00:00,예천,,0,6,162.33513119194183,36.65,128.46
2022-12-03 00:00:00,창원,,0,6,163.52387641858147,35.21,128.58
2022-12-03 00:00:00,탑선,,0,6,162.53426616372127,35.24,126.81
2022-12-03 01:00:00,경상대,,0,6,166.52932729077423,35.18,128.1
2022-12-03 01:00:00,고흥만수상,,0,6,167.2594650574589,34.57,127.3
2022-12-03 01:00:00,광양항세방,,0,6,166.84179970032926,34.93,127.71
2022-12-03 01:00:00,구미,,0,6,165.55985920068161,36.13,128.34
2022-12-03 01:00:00,삼천포,,0,6,166.75892094089664,34.95,128.07
2022-12-03 01:00:00,여수,,0,6,167.02270822441994,34.74,127.74
2022-12-03 01:00:00,영동,,0,6,164.51470665961352,37.18,128.46
2022-12-03 01:00:00,영흥,,0,6,164.6881702802066,37.26,126.46
2022-12-03 01:00:00,예천,,0,6,165.03149328557112,36.65,128.46
2022-12-03 01:00:00,창원,,0,6,166.4058614286525,35.21,128.58
2022-12-03 01:00:00,탑선,,0,6,166.66126529952922,35.24,126.81
2022-12-03 02:00:00,경상대,,0,6,159.33629178810764,35.18,128.1
2022-12-03 02:00:00,고흥만수상,,0,6,160.22323565136156,34.57,127.3
2022-12-03 02:00:00,광양항세방,,0,6,159.74110186980297,34.93,127.71
2022-12-03 02:00:00,구미,,0,6,158.62590393064775,36.13,128.34
2022-12-03 02:00:00,삼천포,,0,6,159.48672579043506,34.95,128.07
2022-12-03 02:00:00,여수,,0,6,159.82879178504913,34.74,127.74
2022-12-03 02:00:00,영동,,0,6,157.91402691863175,37.18,128.46
2022-12-03 02:00:00,영흥,,0,6,159.08016592698544,37.26,126.46
2022-12-03 02:00:00,예천,,0,6,158.23769417261593,36.65,128.46
2022-12-03 02:00:00,창원,,0,6,158.9953761714155,35.21,128.58
2022-12-03 02:00:00,탑선,,0,6,160.1540400454238,35.24,126.81
2022-12-03 03:00:00,경상대,,0,6,148.19382639768568,35.18,128.1
2022-12-03 03:00:00,고흥만수상,,0,6,148.98801177696913,34.57,127.3
2022-12-03 03:00:00,광양항세방,,0,6,148.5680504764627,34.93,127.71
2022-12-03 03:00:00,구미,,0,6,147.7437097605215,36.13,128.34
2022-12-03 03:00:00,삼천포,,0,6,148.2780868184805,34.95,128.07
2022-12-03 03:00:00,여수,,0,6,148.59424193153592,34.74,127.74
2022-12-03 03:00:00,영동,,0,6,147.33785872900128,37.18,128.46
2022-12-03 03:00:00,영흥,,0,6,148.8154483925849,37.26,126.46
2022-12-03 03:00:00,예천,,0,6,147.49927703349647,36.65,128.46
2022-12-03 03:00:00,창원,,0,6,147.80749253355955,35.21,128.58
2022-12-03 03:00:00,탑선,,0,6,149.1898401035091,35.24,126.81
2022-12-03 04:00:00,경상대,,0,6,136.124435596007,35.18,128.1
2022-12-03 04:00:00,고흥만수상,,0,6,136.8217570234939,34.57,127.3
2022-12-03 04:00:00,광양항세방,,0,6,136.46060485823355,34.93,127.71
2022-12-03 04:00:00,구미,,0,6,135.8557207342041,36.13,128.34
2022-12-03 04:00:00,삼천포,,0,6,136.16482682135762,34.95,128.07
2022-12-03 04:00:00,여수,,0,6,136.44912996564955,34.74,127.74
2022-12-03 04:00:00,영동,,0,6,135.66116705806888,37.18,128.46
2022-12-03 04:00:00,영흥,,0,6,137.2338308795603,37.26,126.46
2022-12-03 04:00:00,예천,,0,6,135.71306910686084,36.65,128.46
2022-12-03 04:00:00,창원,,0,6,135.7310604428862,35.21,128.58
2022-12-03 04:00:00,탑선,,0,6,137.17037641636043,35.24,126.81
2022-12-03 05:00:00,경상대,,0,6,123.88252306541948,35.18,128.1
2022-12-03 05:00:00,고흥만수상,,0,6,124.48828780424793,34.57,127.3
2022-12-03 05:00:00,광양항세방,,0,6,124.18096391019003,34.93,127.71
2022-12-03 05:00:00,구미,,0,6,123.75946525957929,36.13,128.34
2022-12-03 05:00:00,삼천포,,0,6,123.88842445333017,34.95,128.07
2022-12-03 05:00:00,여수,,0,6,124.14119417390853,34.74,127.74
2022-12-03 05:00:00,영동,,0,6,123.73192701755124,37.18,128.46
2022-12-03 05:00:00,영흥,,0,6,125.32650287845635,37.26,126.46
2022-12-03 05:00:00,예천,,0,6,123.69862747987946,36.65,128.46
2022-12-03 05:00:00,창원,,0,6,123.49403511341913,35.21,128.58
2022-12-03 05:00:00,탑선,,0,6,124.93804155567017,35.24,126.81
2022-12-03 06:00:00,경상대,,0,6,111.77130626251036,35.18,128.1
2022-12-03 06:00:00,고흥만수상,,0,6,112.28376063591789,34.57,127.3
2022-12-03 06:00:00,광양항세방,,0,6,112.03028927918248,34.93,127.71
2022-12-03 06:00:00,구미,,0,6,111.78090247806037,36.13,128.34
2022-12-03 06:00:00,삼천포,,0,6,111.74618760967986,34.95,128.07
2022-12-03 06:00:00,여수,,0,6,111.96595273644724,34.74,127.74
2022-12-03 06:00:00,영동,,0,6,111.90265912889211,37.18,128.46
2022-12-03 06:00:00,영흥,,0,6,113.48069682684529,37.26,126.46
2022-12-03 06:00:00,예천,,0,6,111.79428245521376,36.65,128.46
2022-12-03 06:00:00,창원,,0,6,111.39466477781815,35.21,128.58
2022-12-03 06:00:00,탑선,,0,6,112.81484644185376,35.24,126.81
2022-12-03 07:00:00,경상대,,0,6,100.00841591266108,35.18,128.1
2022-12-03 07:00:00,고흥만수상,,0,6,100.41876595243508,34.57,127.3
2022-12-03 07:00:00,광양항세방,,0,6,100.22342092015244,34.93,127.71
2022-12-03 07:00:00,구미,,0,6,100.1497698689806,36.13,128.34
2022-12-03 07:00:00,삼천포,,0,6,99.95279606380954,34.95,128.07
2022-12-03 07:00:00,여수,,0,6,100.13572165121572,34.74,127.74
2022-12-03 07:00:00,영동,,0,6,100.41681454157907,37.18,128.46
2022-12-03 07:00:00,영흥,,0,6,101.94641535748163,37.26,126.46
2022-12-03 07:00:00,예천,,0,6,100.23643213723604,36.65,128.46
2022-12-03 07:00:00,창원,,0,6,99.6504239788433,35.21,128.58
2022-12-03 07:00:00,탑선,,0,6,101.02117485233592,35.24,126.81
2022-12-03 08:00:00,경상대,,0,6,88.83059330337714,35.18,128.1
2022-12-03 08:00:00,고흥만수상,,0,6,89.12299167233363,34.57,127.3
2022-12-03 08:00:00,광양항세방,,0,6,88.99400874420412,34.93,127.71
2022-12-03 08:00:00,구미,,0,6,89.11032008324045,36.13,128.34
2022-12-03 08:00:00,삼천포,,0,6,88.74326633669371,34.95,128.07
2022-12-03 08:00:00,여수,,0,6,88.88289838358455,34.74,127.74
2022-12-03 08:00:00,영동,,0,6,89.52647441401858,37.18,128.46
2022-12-03 08:00:00,영흥,,0,6,90.97115055761553,37.26,126.46
2022-12-03 08:00:00,예천,,0,6,89.27338929171394,36.65,128.46
2022-12-03 08:00:00,창원,,0,6,88.49991554161768,35.21,128.58
2022-12-03 08:00:00,탑선,,0,6,89.79005675818388,35.24,126.81
2022-12-03 09:00:00,경상대,230.0,3,6,78.55246186456617,35.18,128.1
2022-12-03 09:00:00,고흥만수상,178.36666666666667,3,6,78.70358113524146,34.57,127.3
2022-12-03 09:00:00,광양항세방,186.4,3,6,78.65319850223005,34.93,127.71
2022-12-03 09:00:00,구미,217.63333333333333,3,6,78.98155540164055,36.13,128.34
2022-12-03 09:00:00,삼천포,226.4333333333333,3,6,78.43132418865301,34.95,128.07
2022-12-03 09:00:00,여수,195.73333333333335,3,6,78.51824544542355,34.74,127.74
2022-12-03 09:00:00,영동,144.36666666666667,3,6,79.55425752810888,37.18,128.46
2022-12-03 09:00:00,영흥,103.5,2,6,80.8653440451879,37.26,126.46
2022-12-03 09:00:00,예천,166.0,3,6,79.22637508420435,36.65,128.46
2022-12-03 09:00:00,창원,204.35,4,6,78.26122359574384,35.21,128.58
2022-12-03 09:00:00,탑선,158.03333333333333,3,6,79.42751324600798,35.24,126.81
2022-12-03 10:00:00,경상대,251.11666666666665,6,6,69.61893691518021,35.18,128.1
2022-12-03 10:00:00,고흥만수상,177.68333333333337,6,6,69.59874114812632,34.57,127.3
2022-12-03 10:00:00,광양항세방,194.0666666666667,6,6,69.64257213738576,34.93,127.71
2022-12-03 10:00:00,구미,319.90000000000003,6,6,70.20789651452989,36.13,128.34
2022-12-03 10:00:00,삼천포,212.46666666666667,6,6,69.4622256888353,34.95,128.07
2022-12-03 10:00:00,여수,210.16666666666666,6,6,69.4841463076205,34.74,127.74
2022-12-03 10:00:00,영동,144.25,6,6,70.94214984453784,37.18,128.46
2022-12-03 10:00:00,영흥,109.56666666666668,6,6,72.05250750727798,37.26,126.46
2022-12-03 10:00:00,예천,217.86666666666667,6,6,70.5392337977975,36.65,128.46
2022-12-03 10:00:00,창원,255.6333333333333,6,6,69.38411980140032,35.21,128.58
2022-12-03 10:00:00,탑선,175.41666666666666,6,6,70.36523036941281,35.24,126.81
2022-12-03 11:00:00,경상대,226.58333333333334,6,6,62.64007077949656,35.18,128.1
2022-12-03 11:00:00,고흥만수상,160.29999999999998,6,6,62.41745137586287,34.57,127.3
2022-12-03 11:00:00,광양항세방,180.96666666666667,6,6,62.571167863270006,34.93,127.71
2022-12-03 11:00:00,구미,337.0,6,6,63.389087543129996,36.13,128.34
2022-12-03 11:00:00,삼천포,195.48333333333335,6,6,62.44875955438243,34.95,128.07
2022-12-03 11:00:00,여수,180.01666666666668,6,6,62.3924457684234,34.74,127.74
2022-12-03 11:00:00,영동,135.56666666666666,6,6,64.27666490493223,37.18,128.46
2022-12-03 11:00:00,영흥,180.76666666666665,6,6,65.09952284027987,37.26,126.46
2022-12-03 11:00:00,예천,174.28333333333333,6,6,63.805768239221656,36.65,128.46
2022-12-03 11:00:00,창원,239.80000000000004,6,6,62.483456490298444,35.21,128.58
2022-12-03 11:00:00,탑선,206.8166666666667,6,6,63.19833361424345,35.24,126.81
2022-12-03 12:00:00,경상대,231.6,6,6,58.34273969006283,35.18,128.1
2022-12-03 12:00:00,고흥만수상,189.5333333333333,6,6,57.90060647701056,34.57,127.3
2022-12-03 12:00:00,광양항세방,150.46666666666667,6,6,58.171559717222294,34.93,127.71
2022-12-03 12:00:00,구미,403.71666666666664,6,6,59.22680862871837,36.13,128.34
2022-12-03 12:00:00,삼천포,171.5666666666667,6,6,58.12402114390047,34.95,128.07
2022-12-03 12:00:00,여수,180.96666666666667,6,6,57.980992441941,34.74,127.74
2022-12-03 12:00:00,영동,151.3,6,6,60.231904547476105,37.18,128.46
2022-12-03 12:00:00,영흥,382.51666666666665,6,6,60.67531194281321,37.26,126.46
2022-12-03 12:00:00,예천,211.15,6,6,59.71398232973305,36.65,128.46
2022-12-03 12:00:00,창원,181.53333333333333,6,6,58.28638488466942,35.21,128.58
2022-12-03 12:00:00,탑선,259.0333333333333,6,6,58.64801677520816,35.24,126.81
2022-12-03 13:00:00,경상대,324.84999999999997,6,6,57.3441860246545,35.18,128.1
2022-12-03 13:00:00,고흥만수상,162.91666666666669,6,6,56.69975269239409,34.57,127.3
2022-12-03 13:00:00,광양항세방,199.58333333333334,6,6,57.07619550207605,34.93,127.71
2022-12-03 13:00:00,구미,400.84999999999997,6,6,58.304639371797336,36.13,128.34
2022-12-03 13:00:00,삼천포,189.63333333333333,6,6,57.11311020888083,34.95,128.07
2022-12-03 13:00:00,여수,169.18333333333334,6,6,56.887809207095785,34.74,127.74
2022-12-03 13:00:00,영동,146.70000000000002,6,6,59.35872612449215,37.18,128.46
2022-12-03 13:00:00,영흥,410.31666666666666,6,6,59.36223699797635,37.26,126.46
2022-12-03 13:00:00,예천,195.39999999999998,6,6,58.829902444479885,36.65,128.46
2022-12-03 13:00:00,창원,281.34999999999997,6,6,57.39996163967873,35.21,128.58
2022-12-03 13:00:00,탑선,316.46666666666664,6,6,57.3525538926819,35.24,126.81
2022-12-03 14:00:00,경상대,213.70000000000002,6,6,59.812111245291405,35.18,128.1
2022-12-03 14:00:00,고흥만수상,214.54999999999998,6,6,59.020211136837716,34.57,127.3
2022-12-03 14:00:00,광양항세방,192.5833333333333,6,6,59.470355799554675,34.93,127.71
2022-12-03 14:00:00,구미,305.03333333333336,6,6,60.77254757407694,36.13,128.34
2022-12-03 14:00:00,삼천포,188.71666666666667,6,6,59.587155118015275,34.95,128.07
2022-12-03 14:00:00,여수,190.65,6,6,59.29906563201601,34.74,127.74
2022-12-03 14:00:00,영동,189.58333333333334,6,6,61.79413159080304,37.18,128.46
2022-12-03 14:00:00,영흥,411.28333333333336,6,6,61.36405055734669,37.26,126.46
2022-12-03 14:00:00,예천,237.79999999999998,6,6,61.29479664822639,36.65,128.46
2022-12-03 14:00:00,창원,237.18333333333337,6,6,59.97316118012394,35.21,128.58
2022-12-03 14:00:00,탑선,285.6666666666667,6,6,59.52780836653087,35.24,126.81
2022-12-03 15:00:00,경상대,315.76666666666665,6,6,65.3496701315753,35.18,128.1
2022-12-03 15:00:00,고흥만수상,202.0,6,6,64.47823094923439,34.57,127.3
2022-12-03 15:00:00,광양항세방,239.66666666666666,6,6,64.96436990170793,34.93,127.71
2022-12-03 15:00:00,구미,233.53333333333333,6,6,66.24693601041805,36.13,128.34
2022-12-03 15:00:00,삼천포,198.21666666666667,6,6,65.14513206072253,34.95,128.07
2022-12-03 15:00:00,여수,236.76666666666665,6,6,64.81989953149564,34.74,127.74
2022-12-03 15:00:00,영동,216.85,6,6,67.17287740408575,37.18,128.46
2022-12-03 15:00:00,영흥,338.25,6,6,66.37623222871284,37.26,126.46
2022-12-03 15:00:00,예천,246.61666666666667,6,6,66.73249499986133,36.65,128.46
2022-12-03 15:00:00,창원,292.3,6,6,65.59457050190024,35.21,128.58
2022-12-03 15:00:00,탑선,149.16666666666669,6,6,64.8205974392268,35.24,126.81
2022-12-03 16:00:00,경상대,304.74000000000007,5,5,73.25218981089178,35.18,128.1
2022-12-03 16:00:00,고흥만수상,254.26000000000005,5,5,72.356352993018,34.57,127.3
2022-12-03 16:00:00,광양항세방,200.45999999999998,5,5,72.84884950328646,34.93,127.71
2022-12-03 16:00:00,구미,160.44,5,5,74.0511308930246,36.13,128.34
2022-12-03 16:00:00,삼천포,199.17999999999998,5,5,73.07516310310154,34.95,128.07
2022-12-03 16:00:00,여수,172.94,5,5,72.73441480078401,34.74,127.74
2022-12-03 16:00:00,영동,239.62000000000003,5,5,74.84903797416149,37.18,128.46
2022-12-03 16:00:00,영흥,222.61999999999998,5,5,73.77461479601493,37.26,126.46
2022-12-03 16:00:00,예천,206.6,5,5,74.4812297687958,36.65,128.46
2022-12-03 16:00:00,창원,253.64000000000001,5,5,73.55659275362915,35.21,128.58
2022-12-03 16:00:00,탑선,137.83999999999997,5,5,72.54039239381179,35.24,126.81
2022-12-03 17:00:00,경상대,202.15,2,6,82.82733074232104,35.18,128.1
2022-12-03 17:00:00,고흥만수상,196.14999999999998,2,6,81.94265329296012,34.57,127.3
2022-12-03 17:00:00,광양항세방,184.2,2,6,82.42303009396592,34.93,127.71
2022-12-03 17:00:00,구미,118.0,1,6,83.51464961600762,36.13,128.34
2022-12-03 17:00:00,삼천포,201.0,2,6,82.67973547658698,34.95,128.07
2022-12-03 17:00:00,여수,221.7,2,6,82.33792080998582,34.74,127.74
2022-12-03 17:00:00,영동,186.8,1,6,84.17460383793298,37.18,128.46
2022-12-03 17:00:00,영흥,165.8,2,6,82.90192338084177,37.26,126.46
2022-12-03 17:00:00,예천,101.1,1,6,83.882118558265,36.65,128.46
2022-12-03 17:00:00,창원,151.65,2,6,83.17129170227591,35.21,128.58
2022-12-03 17:00:00,탑선,125.65,2,6,81.98677417602427,35.24,126.81
2022-12-03 18:00:00,경상대,,0,6,93.53724373564447,35.18,128.1
2022-12-03 18:00:00,고흥만수상,,0,6,92.68493000370918,34.57,127.3
2022-12-03 18:00:00,광양항세방,,0,6,93.14254663016521,34.93,127.71
2022-12-03 18:00:00,구미,,0,6,94.110079112296,36.13,128.34
2022-12-03 18:00:00,삼천포,,0,6,93.41877615365182,34.95,128.07
2022-12-03 18:00:00,여수,,0,6,93.0848034995519,34.74,127.74
2022-12-03 18:00:00,영동,,0,6,94.63210797038286,37.18,128.46
2022-12-03 18:00:00,영흥,,0,6,93.22179353048118,37.26,126.46
2022-12-03 18:00:00,예천,,0,6,94.41328828647153,36.65,128.46
2022-12-03 18:00:00,창원,,0,6,93.90646315417051,35.21,128.58
2022-12-03 18:00:00,탑선,,0,6,92.60787398722016,35.24,126.81
2022-12-03 19:00:00,경상대,,0,6,104.99929228133638,35.18,128.1
2022-12-03 19:00:00,고흥만수상,,0,6,104.19316713488325,34.57,127.3
2022-12-03 19:00:00,광양항세방,,0,6,104.62122395422523,34.93,127.71
2022-12-03 19:00:00,구미,,0,6,105.456912364876,36.13,128.34
2022-12-03 19:00:00,삼천포,,0,6,104.90938940734428,34.95,128.07
2022-12-03 19:00:00,여수,,0,6,104.58915561416605,34.74,127.74
2022-12-03 19:00:00,영동,,0,6,105.84222749275203,37.18,128.46
2022-12-03 19:00:00,영흥,,0,6,104.33843981653669,37.26,126.46
2022-12-03 19:00:00,예천,,0,6,105.69530502742126,36.65,128.46
2022-12-03 19:00:00,창원,,0,6,105.38374305382611,35.21,128.58
2022-12-03 19:00:00,탑선,,0,6,104.00933494663948,35.24,126.81
2022-12-03 20:00:00,경상대,,0,6,116.93935576174673,35.18,128.1
2022-12-03 20:00:00,고흥만수상,,0,6,116.19153549523853,34.57,127.3
2022-12-03 20:00:00,광양항세방,,0,6,116.58393962839855,34.93,127.71
2022-12-03 20:00:00,구미,,0,6,117.27781757252953,36.13,128.34
2022-12-03 20:00:00,삼천포,,0,6,116.87837083664172,34.95,128.07
2022-12-03 20:00:00,여수,,0,6,116.57690083507796,34.74,127.74
2022-12-03 20:00:00,영동,,0,6,117.52325239826399,37.18,128.46
2022-12-03 20:00:00,영흥,,0,6,115.95968986834436,37.26,126.46
2022-12-03 20:00:00,예천,,0,6,117.44897520523158,36.65,128.46
2022-12-03 20:00:00,창원,,0,6,117.33146620844457,35.21,128.58
2022-12-03 20:00:00,탑선,,0,6,115.90951700819527,35.24,126.81
2022-12-03 21:00:00,경상대,,0,6,129.1381620775495,35.18,128.1
2022-12-03 21:00:00,고흥만수상,,0,6,128.46459860458856,34.57,127.3
2022-12-03 21:00:00,광양항세방,,0,6,128.8129475873772,34.93,127.71
2022-12-03 21:00:00,구미,,0,6,129.34514259410466,36.13,128.34
2022-12-03 21:00:00,삼천포,,0,6,129.10847073781403,34.95,128.07
2022-12-03 21:00:00,여수,,0,6,128.83203186046592,34.74,127.74
2022-12-03 21:00:00,영동,,0,6,129.4377250260018,37.18,128.46
2022-12-03 21:00:00,영흥,,0,6,127.84502974610541,37.26,126.46
2022-12-03 21:00:00,예천,,0,6,129.4418918301334,36.65,128.46
2022-12-03 21:00:00,창원,,0,6,129.53088120718098,35.21,128.58
2022-12-03 21:00:00,탑선,,0,6,128.08616691877063,35.24,126.81
2022-12-03 22:00:00,경상대,,0,6,141.36288331631354,35.18,128.1
2022-12-03 22:00:00,고흥만수상,,0,6,140.79292587643053,34.57,127.3
2022-12-03 22:00:00,광양항세방,,0,6,141.08131867618306,34.93,127.71
2022-12-03 22:00:00,구미,,0,6,141.40811427553783,36.13,128.34
2022-12-03 22:00:00,삼천포,,0,6,141.37097070929852,34.95,128.07
2022-12-03 22:00:00,여수,,0,6,141.1307163340809,34.74,127.74
2022-12-03 22:00:00,영동,,0,6,141.31515173110915,37.18,128.46
2022-12-03 22:00:00,영흥,,0,6,139.7338092217807,37.26,126.46
2022-12-03 22:00:00,예천,,0,6,141.4132209669618,36.65,128.46
2022-12-03 22:00:00,창원,,0,6,141.74646632764453,35.21,128.58
2022-12-03 22:00:00,탑선,,0,6,140.3105873006482,35.24,126.81
2022-12-03 23:00:00,경상대,,0,6,153.20361172607116,35.18,128.1
2022-12-03 23:00:00,고흥만수상,,0,6,152.80767739214824,34.57,127.3
2022-12-03 23:00:00,광양항세방,,0,6,152.99780276981343,34.93,127.71
2022-12-03 23:00:00,구미,,0,6,153.01358508271778,36.13,128.34
2022-12-03 23:00:00,삼천포,,0,6,153.2656876871821,34.95,128.07
2022-12-03 23:00:00,여수,,0,6,153.08835138242335,34.74,127.74
2022-12-03 23:00:00,영동,,0,6,152.6586062849295,37.18,128.46
2022-12-03 23:00:00,영흥,,0,6,151.17878724879557,37.26,126.46
2022-12-03 23:00:00,예천,,0,6,152.88634229827989,36.65,128.46
2022-12-03 23:00:00,창원,,0,6,153.55542511037515,35.21,128.58
2022-12-03 23:00:00,탑선,,0,6,152.1993091317272,35.24,126.81
2022-12-04 00:00:00,경상대,,0,6,163.35561087353307,35.18,128.1
2022-12-04 00:00:00,고흥만수상,,0,6,163.34872873723225,34.57,127.3
2022-12-04 00:00:00,광양항세방,,0,6,163.3249139610923,34.93,127.71
2022-12-04 00:00:00,구미,,0,6,162.75701427707912,36.13,128.34
2022-12-04 00:00:00,삼천포,,0,6,163.5103547240211,34.95,128.07
2022-12-04 00:00:00,여수,,0,6,163.47992998325833,34.74,127.74
2022-12-04 00:00:00,영동,,0,6,161.98628033397148,37.18,128.46
2022-12-04 00:00:00,영흥,,0,6,160.92113768483955,37.26,126.46
2022-12-04 00:00:00,예천,,0,6,162.40880934692626,36.65,128.46
2022-12-04 00:00:00,창원,,0,6,163.59001829700313,35.21,128.58
2022-12-04 00:00:00,탑선,,0,6,162.59052235107097,35.24,126.81
2022-12-04 01:00:00,경상대,,0,6,166.68644472056445,35.18,128.1
2022-12-04 01:00:00,고흥만수상,,0,6,167.41400365304355,34.57,127.3
2022-12-04 01:00:00,광양항세방,,0,6,166.9976867553115,34.93,127.71
2022-12-04 01:00:00,구미,,0,6,165.71687949870642,36.13,128.34
2022-12-04 01:00:00,삼천포,,0,6,166.9161649168544,34.95,128.07
2022-12-04 01:00:00,여수,,0,6,167.1789036970129,34.74,127.74
2022-12-04 01:00:00,영동,,0,6,164.67115284467107,37.18,128.46
2022-12-04 01:00:00,영흥,,0,6,164.83722881108702,37.26,126.46
2022-12-04 01:00:00,예천,,0,6,165.18842038740723,36.65,128.46
2022-12-04 01:00:00,창원,,0,6,166.56461988458761,35.21,128.58
2022-12-04 01:00:00,탑선,,0,6,166.81307453243642,35.24,126.81
2022-12-04 02:00:00,경상대,,0,6,159.4995537056745,35.18,128.1
2022-12-04 02:00:00,고흥만수상,,0,6,160.38623058930716,34.57,127.3
2022-12-04 02:00:00,광양항세방,,0,6,159.90431554200035,34.93,127.71
2022-12-04 02:00:00,구미,,0,6,158.79039272888582,36.13,128.34
2022-12-04 02:00:00,삼천포,,0,6,159.64962533034162,34.95,128.07
2022-12-04 02:00:00,여수,,0,6,159.9916464371388,34.74,127.74
2022-12-04 02:00:00,영동,,0,6,158.079706085294,37.18,128.46
2022-12-04 02:00:00,영흥,,0,6,159.24714200017957,37.26,126.46
2022-12-04 02:00:00,예천,,0,6,158.40276450581263,36.65,128.46
2022-12-04 02:00:00,창원,,0,6,159.15823820742554,35.21,128.58
2022-12-04 02:00:00,탑선,,0,6,160.31858071267254,35.24,126.81
2022-12-04 03:00:00,경상대,,0,6,148.34531244827264,35.18,128.1
2022-12-04 03:00:00,고흥만수상,,0,6,149.13846790324317,34.57,127.3
2022-12-04 03:00:00,광양항세방,,0,6,148.7191545016624,34.93,127.71
2022-12-04 03:00:00,구미,,0,6,147.89719658295257,36.13,128.34
2022-12-04 03:00:00,삼천포,,0,6,148.4290481371148,34.95,128.07
2022-12-04 03:00:00,여수,,0,6,148.74487457896888,34.74,127.74
2022-12-04 03:00:00,영동,,0,6,147.49343878092412,37.18,128.46
2022-12-04 03:00:00,영흥,,0,6,148.97225439211897,37.26,126.46
2022-12-04 03:00:00,예천,,0,6,147.65379445758657,36.65,128.46
2022-12-04 03:00:00,창원,,0,6,147.9588012619119,35.21,128.58
2022-12-04 03:00:00,탑선,,0,6,149.3421692311868,35.24,126.81
2022-12-04 04:00:00,경상대,,0,6,136.27132883567626,35.18,128.1
2022-12-04 04:00:00,고흥만수상,,0,6,136.96747429098224,34.57,127.3
2022-12-04 04:00:00,광양항세방,,0,6,136.607029264377,34.93,127.71
2022-12-04 04:00:00,구미,,0,6,136.00447739634802,36.13,128.34
2022-12-04 04:00:00,삼천포,,0,6,136.31125103804496,34.95,128.07
2022-12-04 04:00:00,여수,,0,6,136.595154628068,34.74,127.74
2022-12-04 04:00:00,영동,,0,6,135.8118917534831,37.18,128.46
2022-12-04 04:00:00,영흥,,0,6,137.3850428310123,37.26,126.46
2022-12-04 04:00:00,예천,,0,6,135.86280611135473,36.65,128.46
2022-12-04 04:00:00,창원,,0,6,135.87796065959947,35.21,128.58
2022-12-04 04:00:00,탑선,,0,6,137.31756176441147,35.24,126.81
2022-12-04 05:00:00,경상대,,0,6,124.02946700023244,35.18,128.1
2022-12-04 05:00:00,고흥만수상,,0,6,124.63409143862343,34.57,127.3
2022-12-04 05:00:00,광양항세방,,0,6,124.3274379867353,34.93,127.71
2022-12-04 05:00:00,구미,,0,6,123.90801149195961,36.13,128.34
2022-12-04 05:00:00,삼천포,,0,6,124.03497398995933,34.95,128.07
2022-12-04 05:00:00,여수,,0,6,124.28734452184958,34.74,127.74
2022-12-04 05:00:00,영동,,0,6,123.88215751455718,37.18,128.46
2022-12-04 05:00:00,영흥,,0,6,125.47673364879208,37.26,126.46
2022-12-04 05:00:00,예천,,0,6,123.84802228248037,36.65,128.46
2022-12-04 05:00:00,창원,,0,6,123.64108439909953,35.21,128.58
2022-12-04 05:00:00,탑선,,0,6,125.08495428021726,35.24,126.81
2022-12-04 06:00:00,경상대,,0,6,111.92095103666145,35.18,128.1
2022-12-04 06:00:00,고흥만수상,,0,6,112.43235027272574,34.57,127.3
2022-12-04 06:00:00,광양항세방,,0,6,112.17949000158535,34.93,127.71
2022-12-04 06:00:00,구미,,0,6,111.93189234729292,36.13,128.34
2022-12-04 06:00:00,삼천포,,0,6,111.8955062012866,34.95,128.07
2022-12-04 06:00:00,여수,,0,6,112.11489433449469,34.74,127.74
2022-12-04 06:00:00,영동,,0,6,112.0550458356854,37.18,128.46
2022-12-04 06:00:00,영흥,,0,6,113.63277950534521,37.26,126.46
2022-12-04 06:00:00,예천,,0,6,111.94598461878243,36.65,128.46
2022-12-04 06:00:00,창원,,0,6,111.54446986588712,35.21,128.58
2022-12-04 06:00:00,탑선,,0,6,112.96426310458241,35.24,126.81
2022-12-04 07:00:00,경상대,,0,6,100.16232569261746,35.18,128.1
2022-12-04 07:00:00,고흥만수상,,0,6,100.5717353244457,34.57,127.3
2022-12-04 07:00:00,광양항세방,,0,6,100.37692865982748,34.93,127.71
2022-12-04 07:00:00,구미,,0,6,100.30477063333191,36.13,128.34
2022-12-04 07:00:00,삼천포,,0,6,100.10644420092616,34.95,128.07
2022-12-04 07:00:00,여수,,0,6,100.28902819554844,34.74,127.74
2022-12-04 07:00:00,영동,,0,6,100.57292660139612,37.18,128.46
2022-12-04 07:00:00,영흥,,0,6,102.10204008506349,37.26,126.46
2022-12-04 07:00:00,예천,,0,6,100.39200756935165,36.65,128.46
2022-12-04 07:00:00,창원,,0,6,99.8045225260608,35.21,128.58
2022-12-04 07:00:00,탑선,,0,6,101.17473541450263,35.24,126.81
2022-12-04 08:00:00,경상대,,0,6,88.98952455347934,35.18,128.1
2022-12-04 08:00:00,고흥만수상,,0,6,89.28114490529562,34.57,127.3
2022-12-04 08:00:00,광양항세방,,0,6,89.15260334268993,34.93,127.71
2022-12-04 08:00:00,구미,,0,6,89.27006409118005,36.13,128.34
2022-12-04 08:00:00,삼천포,,0,6,88.90200418430038,34.95,128.07
2022-12-04 08:00:00,여수,,0,6,89.04134950140228,34.74,127.74
2022-12-04 08:00:00,영동,,0,6,89.68702153608562,37.18,128.46
2022-12-04 08:00:00,영흥,,0,6,91.13114210477798,37.26,126.46
2022-12-04 08:00:00,예천,,0,6,89.43355612905087,36.65,128.46
2022-12-04 08:00:00,창원,,0,6,88.65903723845985,35.21,128.58
2022-12-04 08:00:00,탑선,,0,6,89.94858743032853,35.24,126.81
2022-12-04 09:00:00,경상대,222.0,3,6,78.71616210694508,35.18,128.1
2022-12-04 09:00:00,고흥만수상,183.29999999999998,3,6,78.86675394414704,34.57,127.3
2022-12-04 09:00:00,광양항세방,168.0,3,6,78.81666913511066,34.93,127.71
2022-12-04 09:00:00,구미,188.23333333333335,3,6,79.14573513168015,36.13,128.34
2022-12-04 09:00:00,삼천포,232.5333333333333,3,6,78.59491024429451,34.95,128.07
2022-12-04 09:00:00,여수,216.13333333333335,3,6,78.68163476223961,34.74,127.74
2022-12-04 09:00:00,영동,158.63333333333333,3,6,79.7188842457294,37.18,128.46
2022-12-04 09:00:00,영흥,131.1,2,6,81.0295128844454,37.26,126.46
2022-12-04 09:00:00,예천,182.60000000000002,3,6,79.39079672085343,36.65,128.46
2022-12-04 09:00:00,창원,225.96666666666667,3,6,78.42507409834967,35.21,128.58
2022-12-04 09:00:00,탑선,209.76666666666665,3,6,79.59086548476851,35.24,126.81
2022-12-04 10:00:00,경상대,316.8333333333333,6,6,69.78544722426327,35.18,128.1
2022-12-04 10:00:00,고흥만수상,281.3833333333333,6,6,69.76511419571794,34.57,127.3
2022-12-04 10:00:00,광양항세방,286.76666666666665,6,6,69.80902615230823,34.93,127.71
2022-12-04 10:00:00,구미,285.6166666666667,6,6,70.37448767529939,36.13,128.34
2022-12-04 10:00:00,삼천포,347.75,6,6,69.62871349601238,34.95,128.07
2022-12-04 10:00:00,여수,339.15000000000003,6,6,69.65058376136189,34.74,127.74
2022-12-04 10:00:00,영동,261.0333333333333,6,6,71.10878706367615,37.18,128.46
2022-12-04 10:00:00,영흥,227.6833333333333,6,6,72.21906280479566,37.26,126.46
2022-12-04 10:00:00,예천,300.98333333333335,6,6,70.70585413594524,36.65,128.46
2022-12-04 10:00:00,창원,323.98333333333335,6,6,69.55066750479695,35.21,128.58
2022-12-04 10:00:00,탑선,307.20000000000005,6,6,70.53162968559214,35.24,126.81
2022-12-04 11:00:00,경상대,421.3,6,6,62.804592655330424,35.18,128.1
2022-12-04 11:00:00,고흥만수상,373.95,6,6,62.58238054455068,34.57,127.3
2022-12-04 11:00:00,광양항세방,337.93333333333334,6,6,62.73588307643363,34.93,127.71
2022-12-04 11:00:00,구미,366.0666666666666,6,6,63.553292533845166,36.13,128.34
2022-12-04 11:00:00,삼천포,426.56666666666666,6,6,62.61334552363428,34.95,128.07
2022-12-04 11:00:00,여수,396.61666666666673,6,6,62.55719342803001,34.74,127.74
2022-12-04 11:00:00,영동,343.0833333333333,6,6,64.44055811054642,37.18,128.46
2022-12-04 11:00:00,영흥,316.43333333333334,6,6,65.26412505354098,37.26,126.46
2022-12-04 11:00:00,예천,376.5,6,6,63.96979692225692,36.65,128.46
2022-12-04 11:00:00,창원,430.7,6,6,62.647795024358636,35.21,128.58
2022-12-04 11:00:00,탑선,378.2,6,6,63.36327362037591,35.24,126.81
2022-12-04 12:00:00,경상대,428.3,6,6,58.49689678462411,35.18,128.1
2022-12-04 12:00:00,고흥만수상,477.1666666666667,6,6,58.055740553117616,34.57,127.3
2022-12-04 12:00:00,광양항세방,358.1333333333334,6,6,58.32618185204564,34.93,127.71
2022-12-04 12:00:00,구미,365.0333333333333,6,6,59.38045363215241,36.13,128.34
2022-12-04 12:00:00,삼천포,401.81666666666666,6,6,58.27827438361524,34.95,128.07
2022-12-04 12:00:00,여수,437.79999999999995,6,6,58.13563958713408,34.74,127.74
2022-12-04 12:00:00,영동,434.09999999999997,6,6,60.385136661756164,37.18,128.46
2022-12-04 12:00:00,영흥,370.90000000000003,6,6,60.83045168004708,37.26,126.46
2022-12-04 12:00:00,예천,395.40000000000003,6,6,59.86736076400196,36.65,128.46
2022-12-04 12:00:00,창원,431.6499999999999,6,6,58.440040392976904,35.21,128.58
2022-12-04 12:00:00,탑선,399.6000000000001,6,6,58.8034274390651,35.24,126.81
2022-12-04 13:00:00,경상대,415.45000000000005,6,6,57.477690977280254,35.18,128.1
2022-12-04 13:00:00,고흥만수상,496.3666666666666,6,6,56.83452584567715,34.57,127.3
2022-12-04 13:00:00,광양항세방,387.5,6,6,57.210321769758345,34.93,127.71
2022-12-04 13:00:00,구미,399.0833333333333,6,6,58.437868005605864,36.13,128.34
2022-12-04 13:00:00,삼천포,405.90000000000003,6,6,57.24663708431916,34.95,128.07
2022-12-04 13:00:00,여수,435.8333333333333,6,6,57.02186476390105,34.74,127.74
2022-12-04 13:00:00,영동,452.8666666666666,6,6,59.491898367595695,37.18,128.46
2022-12-04 13:00:00,영흥,289.6166666666667,6,6,59.49854552286915,37.26,126.46
2022-12-04 13:00:00,예천,438.95000000000005,6,6,58.96300425947935,36.65,128.46
2022-12-04 13:00:00,창원,435.1666666666667,6,6,57.53266582111001,35.21,128.58
2022-12-04 13:00:00,탑선,427.40000000000003,6,6,57.4881859528714,35.24,126.81
2022-12-04 14:00:00,경상대,454.8333333333334,6,6,59.91731200108521,35.18,128.1
2022-12-04 14:00:00,고흥만수상,435.6333333333334,6,6,59.12650004926425,34.57,127.3
2022-12-04 14:00:00,광양항세방,440.36666666666673,6,6,59.57612241846998,34.93,127.71
2022-12-04 14:00:00,구미,409.78333333333336,6,6,60.878091442592314,36.13,128.34
2022-12-04 14:00:00,삼천포,466.0,6,6,59.69221707637293,34.95,128.07
2022-12-04 14:00:00,여수,456.51666666666665,6,6,59.404610411857156,34.74,127.74
2022-12-04 14:00:00,영동,420.78333333333336,6,6,61.90033516837549,37.18,128.46
2022-12-04 14:00:00,영흥,285.0,6,6,61.47408569256616,37.26,126.46
2022-12-04 14:00:00,예천,422.9166666666667,6,6,61.40055204732532,36.65,128.46
2022-12-04 14:00:00,창원,440.06666666666666,6,6,60.077430620152256,35.21,128.58
2022-12-04 14:00:00,탑선,385.5833333333333,6,6,59.63562229864004,35.24,126.81
2022-12-04 15:00:00,경상대,357.9166666666667,6,6,65.42477883118663,35.18,128.1
2022-12-04 15:00:00,고흥만수상,399.3333333333333,6,6,64.55393565140908,34.57,127.3
2022-12-04 15:00:00,광양항세방,380.3,6,6,65.03983873121872,34.93,127.71
2022-12-04 15:00:00,구미,302.25,6,6,66.32307883159294,36.13,128.34
2022-12-04 15:00:00,삼천포,411.8,6,6,65.21993499205685,34.95,128.07
2022-12-04 15:00:00,여수,407.1000000000001,6,6,64.89501116190411,34.74,127.74
2022-12-04 15:00:00,영동,272.26666666666665,6,6,67.25042277447372,37.18,128.46
2022-12-04 15:00:00,영흥,248.04999999999998,6,6,66.45759295746709,37.26,126.46
2022-12-04 15:00:00,예천,262.71666666666664,6,6,66.80922230583849,36.65,128.46
2022-12-04 15:00:00,창원,343.43333333333334,6,6,65.6688050615457,35.21,128.58
2022-12-04 15:00:00,탑선,339.33333333333326,6,6,64.89829152770422,35.24,126.81
2022-12-04 16:00:00,경상대,271.21999999999997,5,5,73.3001610794594,35.18,128.1
2022-12-04 16:00:00,고흥만수상,297.75999999999993,5,5,72.40438153597376,34.57,127.3
2022-12-04 16:00:00,광양항세방,266.94,5,5,72.89694307988661,34.93,127.71
2022-12-04 16:00:00,구미,192.82,5,5,74.10067962670531,36.13,128.34
2022-12-04 16:00:00,삼천포,278.3,5,5,73.12270510566447,34.95,128.07
2022-12-04 16:00:00,여수,273.6,5,5,72.78206425980306,34.74,127.74
2022-12-04 16:00:00,영동,180.04000000000002,5,5,74.90055061058126,37.18,128.46
2022-12-04 16:00:00,영흥,183.64000000000001,5,5,73.82947810550883,37.26,126.46
2022-12-04 16:00:00,예천,200.12000000000003,5,5,74.5316569617144,36.65,128.46
2022-12-04 16:00:00,창원,255.34,5,5,73.603843669918,35.21,128.58
2022-12-04 16:00:00,탑선,226.3,5,5,72.59061581690548,35.24,126.81
2022-12-04 17:00:00,경상대,194.75,2,6,82.85301175753627,35.18,128.1
2022-12-04 17:00:00,고흥만수상,160.8,2,6,81.96792935877984,34.57,127.3
2022-12-04 17:00:00,광양항세방,176.3,2,6,82.44862350642438,34.93,127.71
2022-12-04 17:00:00,구미,168.7,1,6,83.54228919027432,36.13,128.34
2022-12-04 17:00:00,삼천포,195.3,2,6,82.70490547056512,34.95,128.07
2022-12-04 17:00:00,여수,210.05,2,6,82.36302101774268,34.74,127.74
2022-12-04 17:00:00,영동,134.9,1,6,84.20458965108934,37.18,128.46
2022-12-04 17:00:00,영흥,154.65,2,6,82.93465249853452,37.26,126.46
2022-12-04 17:00:00,예천,144.8,1,6,83.91084423759617,36.65,128.46
2022-12-04 17:00:00,창원,172.89999999999998,2,6,83.19642307565921,35.21,128.58
2022-12-04 17:00:00,탑선,165.60000000000002,2,6,82.014292869472,35.24,126.81
2022-12-04 18:00:00,경상대,,0,6,93.54555682662222,35.18,128.1
2022-12-04 18:00:00,고흥만수상,,0,6,92.69245010618197,34.57,127.3
2022-12-04 18:00:00,광양항세방,,0,6,93.15059352495035,34.93,127.71
2022-12-04 18:00:00,구미,,0,6,94.12064546773072,36.13,128.34
2022-12-04 18:00:00,삼천포,,0,6,93.42651705397648,34.95,128.07
2022-12-04 18:00:00,여수,,0,6,93.09232418867053,34.74,127.74
2022-12-04 18:00:00,영동,,0,6,94.6453120339443,37.18,128.46
2022-12-04 18:00:00,영흥,,0,6,93.23714426723761,37.26,126.46
2022-12-04 18:00:00,예천,,0,6,94.4251023398136,36.65,128.46
2022-12-04 18:00:00,창원,,0,6,93.91438317918991,35.21,128.58
2022-12-04 18:00:00,탑선,,0,6,92.61763336616602,35.24,126.81
2022-12-04 19:00:00,경상대,,0,6,104.99469961915747,35.18,128.1
2022-12-04 19:00:00,고흥만수상,,0,6,104.18741566927632,34.57,127.3
2022-12-04 19:00:00,광양항세방,,0,6,104.6161969356043,34.93,127.71
2022-12-04 19:00:00,구미,,0,6,105.45486679698114,36.13,128.34
2022-12-04 19:00:00,삼천포,,0,6,104.90416274352512,34.95,128.07
2022-12-04 19:00:00,여수,,0,6,104.58356742111044,34.74,127.74
2022-12-04 19:00:00,영동,,0,6,105.84311278427249,37.18,128.46
2022-12-04 19:00:00,영흥,,0,6,104.34091247392811,37.26,126.46
2022-12-04 19:00:00,예천,,0,6,105.69466852684975,36.65,128.46
2022-12-04 19:00:00,창원,,0,6,105.37890011638251,35.21,128.58
2022-12-04 19:00:00,탑선,,0,6,104.00583600589606,35.24,126.81
2022-12-04 20:00:00,경상대,,0,6,116.92606083670887,35.18,128.1
2022-12-04 20:00:00,고흥만수상,,0,6,116.17666456569954,34.57,127.3
2022-12-04 20:00:00,광양항세방,,0,6,116.57002052093083,34.93,127.71
2022-12-04 20:00:00,구미,,0,6,117.26744715009104,36.13,128.34
2022-12-04 20:00:00,삼천포,,0,6,116.86435970436958,34.95,128.07
2022-12-04 20:00:00,여수,,0,6,116.56236887827376,34.74,127.74
2022-12-04 20:00:00,영동,,0,6,117.51619506083361,37.18,128.46
2022-12-04 20:00:00,영흥,,0,6,115.95364707098727,37.26,126.46
2022-12-04 20:00:00,예천,,0,6,117.4402203699558,36.65,128.46
2022-12-04 20:00:00,창원,,0,6,117.31806717872159,35.21,128.58
2022-12-04 20:00:00,탑선,,0,6,115.89696978658516,35.24,126.81
2022-12-04 21:00:00,경상대,,0,6,129.12082142065162,35.18,128.1
2022-12-04 21:00:00,고흥만수상,,0,6,128.445100236859,34.57,127.3
2022-12-04 21:00:00,광양항세방,,0,6,128.79472033304717,34.93,127.71
2022-12-04 21:00:00,구미,,0,6,129.3312955352677,36.13,128.34
2022-12-04 21:00:00,삼천포,,0,6,129.0902866613547,34.95,128.07
2022-12-04 21:00:00,여수,,0,6,128.81310675322908,34.74,127.74
2022-12-04 21:00:00,영동,,0,6,129.42776753789454,37.18,128.46
2022-12-04 21:00:00,영흥,,0,6,127.83536673258229,37.26,126.46
2022-12-04 21:00:00,예천,,0,6,129.42996916690043,36.65,128.46
2022-12-04 21:00:00,창원,,0,6,129.51362249434948,35.21,128.58
2022-12-04 21:00:00,탑선,,0,6,128.06915421299254,35.24,126.81
2022-12-04 22:00:00,경상대,,0,6,141.3482626337943,35.18,128.1
2022-12-04 22:00:00,고흥만수상,,0,6,140.77517232076076,34.57,127.3
2022-12-04 22:00:00,광양항세방,,0,6,141.06537136437814,34.93,127.71
2022-12-04 22:00:00,구미,,0,6,141.39792974477908,36.13,128.34
2022-12-04 22:00:00,삼천포,,0,6,141.35529320787668,34.95,128.07
2022-12-04 22:00:00,여수,,0,6,141.11392770854332,34.74,127.74
2022-12-04 22:00:00,영동,,0,6,141.30978434802685,37.18,128.46
2022-12-04 22:00:00,영흥,,0,6,139.72753440356578,37.26,126.46
2022-12-04 22:00:00,예천,,0,6,141.40546322885373,36.65,128.46
2022-12-04 22:00:00,창원,,0,6,141.73224237189643,35.21,128.58
2022-12-04 22:00:00,탑선,,0,6,140.29559722681785,35.24,126.81
2022-12-04 23:00:00,경상대,,0,6,153.20539746355544,35.18,128.1
2022-12-04 23:00:00,고흥만수상,,0,6,152.80440074767975,34.57,127.3
2022-12-04 23:00:00,광양항세방,,0,6,152.9973815463723,34.93,127.71
2022-12-04 23:00:00,구미,,0,6,153.0213927350787,36.13,128.34
2022-12-04 23:00:00,삼천포,,0,6,153.26605548565303,34.95,128.07
2022-12-04 23:00:00,여수,,0,6,153.08686197698563,34.74,127.74
2022-12-04 23:00:00,영동,,0,6,152.67263505197133,37.18,128.46
2022-12-04 23:00:00,영흥,,0,6,151.1892387654275,37.26,126.46
2022-12-04 23:00:00,예천,,0,6,152.8973797776655,36.65,128.46
2022-12-04 23:00:00,창원,,0,6,153.55832833890614,35.21,128.58
2022-12-04 23:00:00,탑선,,0,6,152.19908373461354,35.24,126.81
2022-12-05 00:00:00,경상대,,0,6,163.41038268084287,35.18,128.1
2022-12-05 00:00:00,고흥만수상,,0,6,163.39498040819376,34.57,127.3
2022-12-05 00:00:00,광양항세방,,0,6,163.37586368691666,34.93,127.71
2022-12-05 00:00:00,구미,,0,6,162.81882128332325,36.13,128.34
2022-12-05 00:00:00,삼천포,,0,6,163.56348889412487,34.95,128.07
2022-12-05 00:00:00,여수,,0,6,163.52979861835462,34.74,127.74
2022-12-05 00:00:00,영동,,0,6,162.05436661566313,37.18,128.46
2022-12-05 00:00:00,영흥,,0,6,160.97939718806742,37.26,126.46
2022-12-05 00:00:00,예천,,0,6,162.47414171165795,36.65,128.46
2022-12-05 00:00:00,창원,,0,6,163.6477675484164,35.21,128.58
2022-12-05 00:00:00,탑선,,0,6,162.63857087364897,35.24,126.81
2022-12-05 01:00:00,경상대,,0,6,166.83672184332755,35.18,128.1
2022-12-05 01:00:00,고흥만수상,,0,6,167.56148826862443,34.57,127.3
2022-12-05 01:00:00,광양항세방,,0,6,167.1466305573004,34.93,127.71
2022-12-05 01:00:00,구미,,0,6,165.86707320001477,36.13,128.34
2022-12-05 01:00:00,삼천포,,0,6,167.06657325107346,34.95,128.07
2022-12-05 01:00:00,여수,,0,6,167.32817441345614,34.74,127.74
2022-12-05 01:00:00,영동,,0,6,164.8207496501262,37.18,128.46
2022-12-05 01:00:00,영흥,,0,6,164.97897692172182,37.26,126.46
2022-12-05 01:00:00,예천,,0,6,165.3385242723404,36.65,128.46
2022-12-05 01:00:00,창원,,0,6,166.71667742676914,35.21,128.58
2022-12-05 01:00:00,탑선,,0,6,166.95766821840127,35.24,126.81
2022-12-05 02:00:00,경상대,,0,6,159.65936346365868,35.18,128.1
2022-12-05 02:00:00,고흥만수상,,0,6,160.54580917661548,34.57,127.3
2022-12-05 02:00:00,광양항세방,,0,6,160.06408282431653,34.93,127.71
2022-12-05 02:00:00,구미,,0,6,158.9512376865936,36.13,128.34
2022-12-05 02:00:00,삼천포,,0,6,159.8091248454431,34.95,128.07
2022-12-05 02:00:00,여수,,0,6,160.15110622653185,34.74,127.74
2022-12-05 02:00:00,영동,,0,6,158.24152286492054,37.18,128.46
2022-12-05 02:00:00,영흥,,0,6,159.4099481942032,37.26,126.46
2022-12-05 02:00:00,예천,,0,6,158.56408934643375,36.65,128.46
2022-12-05 02:00:00,창원,,0,6,159.31770727463584,35.21,128.58
2022-12-05 02:00:00,탑선,,0,6,160.47946516812596,35.24,126.81
2022-12-05 03:00:00,경상대,,0,6,148.49467710216777,35.18,128.1
2022-12-05 03:00:00,고흥만수상,,0,6,149.2868894239081,34.57,127.3
2022-12-05 03:00:00,광양항세방,,0,6,148.86816926796422,34.93,127.71
2022-12-05 03:00:00,구미,,0,6,148.0483794175045,36.13,128.34
2022-12-05 03:00:00,삼천포,,0,6,148.57793436918178,34.95,128.07
2022-12-05 03:00:00,여수,,0,6,148.89345938346077,34.74,127.74
2022-12-05 03:00:00,영동,,0,6,147.646510507169,37.18,128.46
2022-12-05 03:00:00,영흥,,0,6,149.12641923090365,37.26,126.46
2022-12-05 03:00:00,예천,,0,6,147.8059092921371,36.65,128.46
2022-12-05 03:00:00,창원,,0,6,148.10800642332782,35.21,128.58
2022-12-05 03:00:00,탑선,,0,6,149.49229552745913,35.24,126.81
2022-12-05 04:00:00,경상대,,0,6,136.41654100847717,35.18,128.1
2022-12-05 04:00:00,고흥만수상,,0,6,137.1116050908967,34.57,127.3
2022-12-05 04:00:00,광양항세방,,0,6,136.75181041292726,34.93,127.71
2022-12-05 04:00:00,구미,,0,6,136.15139470244895,36.13,128.34
2022-12-05 04:00:00,삼천포,,0,6,136.4560331350472,34.95,128.07
2022-12-05 04:00:00,여수,,0,6,136.73956908973423,34.74,127.74
2022-12-05 04:00:00,영동,,0,6,135.9606020368933,37.18,128.46
2022-12-05 04:00:00,영흥,,0,6,137.53419089377923,37.26,126.46
2022-12-05 04:00:00,예천,,0,6,136.0106177424514,36.65,128.46
2022-12-05 04:00:00,창원,,0,6,136.0231806643273,35.21,128.58
2022-12-05 04:00:00,탑선,,0,6,137.46303762758137,35.24,126.81
2022-12-05 05:00:00,경상대,,0,6,124.17475406190896,35.18,128.1
2022-12-05 05:00:00,고흥만수상,,0,6,124.77833359849657,34.57,127.3
2022-12-05 05:00:00,광양항세방,,0,6,124.4722946613214,34.93,127.71
2022-12-05 05:00:00,구미,,0,6,124.05476090280791,36.13,128.34
2022-12-05 05:00:00,삼천포,,0,6,124.1799004458723,34.95,128.07
2022-12-05 05:00:00,여수,,0,6,124.43190507112675,34.74,127.74
2022-12-05 05:00:00,영동,,0,6,124.03043834779778,37.18,128.46
2022-12-05 05:00:00,영흥,,0,6,125.62501128216704,37.26,126.46
2022-12-05 05:00:00,예천,,0,6,123.99554410829836,36.65,128.46
2022-12-05 05:00:00,창원,,0,6,123.78646870819588,35.21,128.58
2022-12-05 05:00:00,탑선,,0,6,125.230210109543,35.24,126.81
2022-12-05 06:00:00,경상대,,0,6,112.06871278154898,35.18,128.1
2022-12-05 06:00:00,고흥만수상,,0,6,112.57915303744787,34.57,127.3
2022-12-05 06:00:00,광양항세방,,0,6,112.32684838358404,34.93,127.71
2022-12-05 06:00:00,구미,,0,6,112.08087182767292,36.13,128.34
2022-12-05 06:00:00,삼천포,,0,6,112.04297207627022,34.95,128.07
2022-12-05 06:00:00,여수,,0,6,112.26201752176905,34.74,127.74
2022-12-05 06:00:00,영동,,0,6,112.20528503761999,37.18,128.46
2022-12-05 06:00:00,영흥,,0,6,113.78274252613481,37.26,126.46
2022-12-05 06:00:00,예천,,0,6,112.0956071785106,36.65,128.46
2022-12-05 06:00:00,창원,,0,6,111.69237760906111,35.21,128.58
2022-12-05 06:00:00,탑선,,0,6,113.11181608324098,35.24,126.81
2022-12-05 07:00:00,경상대,,0,6,100.31393346740553,35.18,128.1
2022-12-05 07:00:00,고흥만수상,,0,6,100.7225007582822,34.57,127.3
2022-12-05 07:00:00,광양항세방,,0,6,100.52817662324767,34.93,127.71
2022-12-05 07:00:00,구미,,0,6,100.4573511882661,36.13,128.34
2022-12-05 07:00:00,삼천포,,0,6,100.25781810547022,34.95,128.07
2022-12-05 07:00:00,여수,,0,6,100.44009613174825,34.74,127.74
2022-12-05 07:00:00,영동,,0,6,100.72649335539712,37.18,128.46
2022-12-05 07:00:00,영흥,,0,6,102.25517331302754,37.26,126.46
2022-12-05 07:00:00,예천,,0,6,100.54509876698374,36.65,128.46
2022-12-05 07:00:00,창원,,0,6,99.95629934271352,35.21,128.58
2022-12-05 07:00:00,탑선,,0,6,101.32602970415459,35.24,126.81
2022-12-05 08:00:00,경상대,,0,6,89.14555640098135,35.18,128.1
2022-12-05 08:00:00,고흥만수상,,0,6,89.43649929118779,34.57,127.3
2022-12-05 08:00:00,광양항세방,,0,6,89.30834250412448,34.93,127.71
2022-12-05 08:00:00,구미,,0,6,89.42679882169192,36.13,128.34
2022-12-05 08:00:00,삼천포,,0,6,89.05786810376594,34.95,128.07
2022-12-05 08:00:00,여수,,0,6,89.19696382116616,34.74,127.74
2022-12-05 08:00:00,영동,,0,6,89.84444558497955,37.18,128.46
2022-12-05 08:00:00,영흥,,0,6,91.28808888392673,37.26,126.46
2022-12-05 08:00:00,예천,,0,6,89.59065449949311,36.65,128.46
2022-12-05 08:00:00,창원,,0,6,88.81523447203793,35.21,128.58
2022-12-05 08:00:00,탑선,,0,6,90.10427039263693,35.24,126.81
2022-12-05 09:00:00,경상대,202.76666666666665,3,6,78.87618822412993,35.18,128.1
2022-12-05 09:00:00,고흥만수상,208.4333333333333,3,6,79.0263541988549,34.57,127.3
2022-12-05 09:00:00,광양항세방,198.30000000000004,3,6,78.97651069685,34.93,127.71
2022-12-05 09:00:00,구미,180.36666666666667,3,6,79.30614158488171,36.13,128.34
2022-12-05 09:00:00,삼천포,179.46666666666667,3,6,78.75484479988106,34.95,128.07
2022-12-05 09:00:00,여수,191.63333333333335,3,6,78.84141068938811,34.74,127.74
2022-12-05 09:00:00,영동,154.9,3,6,79.87963791008612,37.18,128.46
2022-12-05 09:00:00,영흥,194.3,2,6,81.18991036693805,37.26,126.46
2022-12-05 09:00:00,예천,165.13333333333333,3,6,79.55139209532994,36.65,128.46
2022-12-05 09:00:00,창원,191.33333333333334,3,6,78.5852202648361,35.21,128.58
2022-12-05 09:00:00,탑선,156.70000000000002,3,6,79.75061115247703,35.24,126.81
2022-12-05 10:00:00,경상대,261.34999999999997,6,6,69.94734915292975,35.18,128.1
2022-12-05 10:00:00,고흥만수상,281.0,6,6,69.92697584596398,34.57,127.3
2022-12-05 10:00:00,광양항세방,234.56666666666663,6,6,69.9709154380556,34.93,127.71
2022-12-05 10:00:00,구미,260.34999999999997,6,6,70.53638830146326,36.13,128.34
2022-12-05 10:00:00,삼천포,256.26666666666665,6,6,69.79061124421733,34.95,128.07
2022-12-05 10:00:00,여수,252.80000000000004,6,6,69.81246815518546,34.74,127.74
2022-12-05 10:00:00,영동,300.25,6,6,71.270654387654,37.18,128.46
2022-12-05 10:00:00,영흥,299.2,6,6,72.38096796647426,37.26,126.46
2022-12-05 10:00:00,예천,286.06666666666666,6,6,70.86774052996772,36.65,128.46
2022-12-05 10:00:00,창원,275.73333333333335,6,6,69.71257295612216,35.21,128.58
2022-12-05 10:00:00,탑선,239.36666666666665,6,6,70.69350117210875,35.24,126.81
2022-12-05 11:00:00,경상대,377.5,6,6,62.96349285948398,35.18,128.1
2022-12-05 11:00:00,고흥만수상,384.0,6,6,62.74176917834676,34.57,127.3
2022-12-05 11:00:00,광양항세방,342.6499999999999,6,6,62.89501372199571,34.93,127.71
2022-12-05 11:00:00,구미,369.7,6,6,63.711819334793276,36.13,128.34
2022-12-05 11:00:00,삼천포,342.34999999999997,6,6,62.772321915735574,34.95,128.07
2022-12-05 11:00:00,여수,383.40000000000003,6,6,62.71636302614729,34.74,127.74
2022-12-05 11:00:00,영동,403.4166666666667,6,6,64.59872191735087,37.18,128.46
2022-12-05 11:00:00,영흥,390.51666666666665,6,6,65.42312004283359,37.26,126.46
2022-12-05 11:00:00,예천,345.6666666666667,6,6,64.12811800413283,36.65,128.46
2022-12-05 11:00:00,창원,365.7833333333333,6,6,62.806478762335686,35.21,128.58
2022-12-05 11:00:00,탑선,371.76666666666665,6,6,63.52267523175937,35.24,126.81
2022-12-05 12:00:00,경상대,444.28333333333336,6,6,58.6445244044136,35.18,128.1
2022-12-05 12:00:00,고흥만수상,475.53333333333336,6,6,58.204397441130936,34.57,127.3
2022-12-05 12:00:00,광양항세방,419.81666666666666,6,6,58.474298864921664,34.93,127.71
2022-12-05 12:00:00,구미,430.3333333333334,6,6,59.527542030228275,36.13,128.34
2022-12-05 12:00:00,삼천포,450.05,6,6,58.42600343406683,34.95,128.07
2022-12-05 12:00:00,여수,461.13333333333327,6,6,58.28378325037698,34.74,127.74
2022-12-05 12:00:00,영동,457.78333333333336,6,6,60.53179039704163,37.18,128.46
2022-12-05 12:00:00,영흥,419.25,6,6,60.97911014317704,37.26,126.46
2022-12-05 12:00:00,예천,433.31666666666666,6,6,60.01416876431304,36.65,128.46
2022-12-05 12:00:00,창원,412.48333333333335,6,6,58.58714149811695,35.21,128.58
2022-12-05 12:00:00,탑선,396.8333333333333,6,6,58.952375042003474,35.24,126.81
2022-12-05 13:00:00,경상대,422.26666666666665,6,6,57.6040979790951,35.18,128.1
2022-12-05 13:00:00,고흥만수상,524.3166666666666,6,6,56.96222171050809,34.57,127.3
2022-12-05 13:00:00,광양항세방,438.31666666666666,6,6,57.33735983199119,34.93,127.71
2022-12-05 13:00:00,구미,462.6666666666667,6,6,58.563990891409674,36.13,128.34
2022-12-05 13:00:00,삼천포,463.48333333333335,6,6,57.37306729408668,34.95,128.07
2022-12-05 13:00:00,여수,472.09999999999997,6,6,57.148831916170955,34.74,127.74
2022-12-05 13:00:00,영동,476.63333333333327,6,6,59.6179597165643,37.18,128.46
2022-12-05 13:00:00,영흥,445.40000000000003,6,6,59.62779020804376,37.26,126.46
2022-12-05 13:00:00,예천,455.7166666666667,6,6,59.08899642765711,36.65,128.46
2022-12-05 13:00:00,창원,410.18333333333334,6,6,57.658261236269105,35.21,128.58
2022-12-05 13:00:00,탑선,449.7166666666667,6,6,57.616751098506924,35.24,126.81
2022-12-05 14:00:00,경상대,429.7,6,6,60.01528910421865,35.18,128.1
2022-12-05 14:00:00,고흥만수상,500.3500000000001,6,6,59.225567090830346,34.57,127.3
2022-12-05 14:00:00,광양항세방,442.38333333333327,6,6,59.674665788940956,34.93,127.71
2022-12-05 14:00:00,구미,438.79999999999995,6,6,60.97640420613001,36.13,128.34
2022-12-05 14:00:00,삼천포,507.8,6,6,59.79005736315538,34.95,128.07
2022-12-05 14:00:00,여수,478.2,6,6,59.50293380913774,34.74,127.74
2022-12-05 14:00:00,영동,464.2166666666667,6,6,61.999299102417936,37.18,128.46
2022-12-05 14:00:00,영흥,433.40000000000003,6,6,61.57687619597253,37.26,126.46
2022-12-05 14:00:00,예천,440.1166666666666,6,6,61.499072305064004,36.65,128.46
2022-12-05 14:00:00,창원,464.1333333333334,6,6,60.17447868329357,35.21,128.58
2022-12-05 14:00:00,탑선,469.34999999999997,6,6,59.73620695936614,35.24,126.81
2022-12-05 15:00:00,경상대,378.3833333333334,6,6,65.49287679942168,35.18,128.1
2022-12-05 15:00:00,고흥만수상,405.2333333333333,6,6,64.62262880564623,34.57,127.3
2022-12-05 15:00:00,광양항세방,352.95000000000005,6,6,65.1082952011775,34.93,127.71
2022-12-05 15:00:00,구미,386.20000000000005,6,6,66.39219065460215,36.13,128.34
2022-12-05 15:00:00,삼천포,405.26666666666665,6,6,65.28773279651593,34.95,128.07
2022-12-05 15:00:00,여수,404.78333333333336,6,6,64.96311621212813,34.74,127.74
2022-12-05 15:00:00,영동,398.20000000000005,6,6,67.32091262270178,37.18,128.46
2022-12-05 15:00:00,영흥,368.93333333333334,6,6,66.53185944842711,37.26,126.46
2022-12-05 15:00:00,예천,380.3,6,6,66.87890753819497,36.65,128.46
2022-12-05 15:00:00,창원,387.0333333333333,6,6,65.73603842296787,35.21,128.58
2022-12-05 15:00:00,탑선,421.70000000000005,6,6,64.96894630408728,35.24,126.81
2022-12-05 16:00:00,경상대,274.94,5,5,73.34149383824099,35.18,128.1
2022-12-05 16:00:00,고흥만수상,311.21999999999997,5,5,72.44577773997649,34.57,127.3
2022-12-05 16:00:00,광양항세방,243.8,5,5,72.93839905532181,34.93,127.71
2022-12-05 16:00:00,구미,277.9,5,5,74.14355330524374,36.13,128.34
2022-12-05 16:00:00,삼천포,266.36,5,5,73.16361833385486,34.95,128.07
2022-12-05 16:00:00,여수,294.78000000000003,5,5,72.82308563002518,34.74,127.74
2022-12-05 16:00:00,영동,272.04,5,5,74.9453451982242,37.18,128.46
2022-12-05 16:00:00,영흥,249.5,5,5,73.87757124743162,37.26,126.46
2022-12-05 16:00:00,예천,260.26000000000005,5,5,74.57538916272425,36.65,128.46
2022-12-05 16:00:00,창원,249.26,5,5,73.64446756640793,35.21,128.58
2022-12-05 16:00:00,탑선,301.66,5,5,72.63416358671944,35.24,126.81
2022-12-05 17:00:00,경상대,208.65,2,6,82.87245323510935,35.18,128.1
2022-12-05 17:00:00,고흥만수상,224.4,2,6,81.98698262200197,34.57,127.3
2022-12-05 17:00:00,광양항세방,182.3,2,6,82.46798269040136,34.93,127.71
2022-12-05 17:00:00,구미,204.5,1,6,83.5636374367295,36.13,128.34
2022-12-05 17:00:00,삼천포,207.65,2,6,82.72384932779985,34.95,128.07
2022-12-05 17:00:00,여수,212.75,2,6,82.38189948623331,34.74,127.74
2022-12-05 17:00:00,영동,196.1,1,6,84.22822451070202,37.18,128.46
2022-12-05 17:00:00,영흥,167.95,2,6,82.96097847495234,37.26,126.46
2022-12-05 17:00:00,예천,187.3,1,6,83.93325034748044,36.65,128.46
2022-12-05 17:00:00,창원,201.25,2,6,83.21532532946748,35.21,128.58
2022-12-05 17:00:00,탑선,215.05,2,6,82.0355351838252,35.24,126.81
2022-12-05 18:00:00,경상대,,0,6,93.5479849219966,35.18,128.1
2022-12-05 18:00:00,고흥만수상,,0,6,92.6941138012228,34.57,127.3
2022-12-05 18:00:00,광양항세방,,0,6,93.15276587162026,34.93,127.71
2022-12-05 18:00:00,구미,,0,6,94.1252610318922,36.13,128.34
2022-12-05 18:00:00,삼천포,,0,6,93.4283896211365,34.95,128.07
2022-12-05 18:00:00,여수,,0,6,93.09398527194722,34.74,127.74
2022-12-05 18:00:00,영동,,0,6,94.65249082797723,37.18,128.46
2022-12-05 18:00:00,영흥,,0,6,93.24642479602734,37.26,126.46
2022-12-05 18:00:00,예천,,0,6,94.43092973995375,36.65,128.46
2022-12-05 18:00:00,창원,,0,6,93.91642605618038,35.21,128.58
2022-12-05 18:00:00,탑선,,0,6,92.62147571753044,35.24,126.81
2022-12-05 19:00:00,경상대,,0,6,104.98449429549291,35.18,128.1
2022-12-05 19:00:00,고흥만수상,,0,6,104.17609345019639,34.57,127.3
2022-12-05 19:00:00,광양항세방,,0,6,104.6055735774334,34.93,127.71
2022-12-05 19:00:00,구미,,0,6,105.44712851513297,36.13,128.34
2022-12-05 19:00:00,삼천포,,0,6,104.89334335483493,34.95,128.07
2022-12-05 19:00:00,여수,,0,6,104.57240017928872,34.74,127.74
2022-12-05 19:00:00,영동,,0,6,105.83821616100963,37.18,128.46
2022-12-05 19:00:00,영흥,,0,6,104.33757023951081,37.26,126.46
2022-12-05 19:00:00,예천,,0,6,105.68829574406095,36.65,128.46
2022-12-05 19:00:00,창원,,0,6,105.36844881750248,35.21,128.58
2022-12-05 19:00:00,탑선,,0,6,103.99669987420718,35.24,126.81
2022-12-05 20:00:00,경상대,,0,6,116.90731137928191,35.18,128.1
2022-12-05 20:00:00,고흥만수상,,0,6,116.15639745954365,34.57,127.3
2022-12-05 20:00:00,광양항세방,,0,6,116.55067051922394,34.93,127.71
2022-12-05 20:00:00,구미,,0,6,117.25152556588253,36.13,128.34
2022-12-05 20:00:00,삼천포,,0,6,116.84491777779158,34.95,128.07
2022-12-05 20:00:00,여수,,0,6,116.54242597284538,34.74,127.74
2022-12-05 20:00:00,영동,,0,6,117.50348075942715,37.18,128.46
2022-12-05 20:00:00,영흥,,0,6,115.94193158322706,37.26,126.46
2022-12-05 20:00:00,예천,,0,6,117.42586196053114,36.65,128.46
2022-12-05 20:00:00,창원,,0,6,117.29921310746823,35.21,128.58
2022-12-05 20:00:00,탑선,,0,6,115.87895403676247,35.24,126.81
2022-12-05 21:00:00,경상대,,0,6,129.09801807849823,35.18,128.1
2022-12-05 21:00:00,고흥만수상,,0,6,128.42022034741677,34.57,127.3
2022-12-05 21:00:00,광양항세방,,0,6,128.7710642532479,34.93,127.71
2022-12-05 21:00:00,구미,,0,6,129.31186789406945,36.13,128.34
2022-12-05 21:00:00,삼천포,,0,6,129.06666853147965,34.95,128.07
2022-12-05 21:00:00,여수,,0,6,128.78877608332027,34.74,127.74
2022-12-05 21:00:00,영동,,0,6,129.41210338345815,37.18,128.46
2022-12-05 21:00:00,영흥,,0,6,127.8200081701704,37.26,126.46
2022-12-05 21:00:00,예천,,0,6,129.412402427509,36.65,128.46
2022-12-05 21:00:00,창원,,0,6,129.490893279174,35.21,128.58
2022-12-05 21:00:00,탑선,,0,6,128.04668122667312,35.24,126.81
2022-12-05 22:00:00,경상대,,0,6,141.3278905204441,35.18,128.1
2022-12-05 22:00:00,고흥만수상,,0,6,140.75178326813287,34.57,127.3
2022-12-05 22:00:00,광양항세방,,0,6,141.0437222473708,34.93,127.71
2022-12-05 22:00:00,구미,,0,6,141.3818487288428,36.13,128.34
2022-12-05 22:00:00,삼천포,,0,6,141.3338991889752,34.95,128.07
2022-12-05 22:00:00,여수,,0,6,141.09146448388861,34.74,127.74
2022-12-05 22:00:00,영동,,0,6,141.29837142766482,37.18,128.46
2022-12-05 22:00:00,영흥,,0,6,139.71527266695858,37.26,126.46
2022-12-05 22:00:00,예천,,0,6,141.39173214277656,36.65,128.46
2022-12-05 22:00:00,창원,,0,6,141.71224619706632,35.21,128.58
2022-12-05 22:00:00,탑선,,0,6,140.27488839040421,35.24,126.81
2022-12-05 23:00:00,경상대,,0,6,153.2005913614322,35.18,128.1
2022-12-05 23:00:00,고흥만수상,,0,6,152.79469781804033,34.57,127.3
2022-12-05 23:00:00,광양항세방,,0,6,152.99044111313222,34.93,127.71
2022-12-05 23:00:00,구미,,0,6,153.02244600845754,36.13,128.34
2022-12-05 23:00:00,삼천포,,0,6,153.2598704905359,34.95,128.07
2022-12-05 23:00:00,여수,,0,6,153.07888172729466,34.74,127.74
2022-12-05 23:00:00,영동,,0,6,152.67975786741195,37.18,128.46
2022-12-05 23:00:00,영흥,,0,6,151.19293029189623,37.26,126.46
2022-12-05 23:00:00,예천,,0,6,152.90158074625518,36.65,128.46
2022-12-05 23:00:00,창원,,0,6,153.55459370382323,35.21,128.58
2022-12-05 23:00:00,탑선,,0,6,152.19236288552756,35.24,126.81
2022-12-06 00:00:00,경상대,,0,6,163.45686027566552,35.18,128.1
2022-12-06 00:00:00,고흥만수상,,0,6,163.43304842965364,34.57,127.3
2022-12-06 00:00:00,광양항세방,,0,6,163.41856799029233,34.93,127.71
2022-12-06 00:00:00,구미,,0,6,162.8723124109686,36.13,128.34
2022-12-06 00:00:00,삼천포,,0,6,163.60833421322047,34.95,128.07
2022-12-06 00:00:00,여수,,0,6,163.5714219715581,34.74,127.74
2022-12-06 00:00:00,영동,,0,6,162.11414495333696,37.18,128.46
2022-12-06 00:00:00,영흥,,0,6,161.02950855936712,37.26,126.46
2022-12-06 00:00:00,예천,,0,6,162.53115556175953,36.65,128.46
2022-12-06 00:00:00,창원,,0,6,163.69716991515787,35.21,128.58
2022-12-06 00:00:00,탑선,,0,6,162.67847530674186,35.24,126.81
2022-12-06 01:00:00,경상대,,0,6,166.98002877236493,35.18,128.1
2022-12-06 01:00:00,고흥만수상,,0,6,167.70178505748447,34.57,127.3
2022-12-06 01:00:00,광양항세방,,0,6,167.2884995497838,34.93,127.71
2022-12-06 01:00:00,구미,,0,6,166.01031525824527,36.13,128.34
2022-12-06 01:00:00,삼천포,,0,6,167.21001479760565,34.95,128.07
2022-12-06 01:00:00,여수,,0,6,167.4703877085633,34.74,127.74
2022-12-06 01:00:00,영동,,0,6,164.9633766224988,37.18,128.46
2022-12-06 01:00:00,영흥,,0,6,165.1132982564921,37.26,126.46
2022-12-06 01:00:00,예천,,0,6,165.48168224598092,36.65,128.46
2022-12-06 01:00:00,창원,,0,6,166.86190503040046,35.21,128.58
2022-12-06 01:00:00,탑선,,0,6,167.094917548326,35.24,126.81
2022-12-06 02:00:00,경상대,,0,6,159.8156584786202,35.18,128.1
2022-12-06 02:00:00,고흥만수상,,0,6,160.70191126763012,34.57,127.3
2022-12-06 02:00:00,광양항세방,,0,6,160.22034195546547,34.93,127.71
2022-12-06 02:00:00,구미,,0,6,159.10837070363667,36.13,128.34
2022-12-06 02:00:00,삼천포,,0,6,159.965163275799,34.95,128.07
2022-12-06 02:00:00,여수,,0,6,160.30711082902985,34.74,127.74
2022-12-06 02:00:00,영동,,0,6,158.3994036183246,37.18,128.46
2022-12-06 02:00:00,영흥,,0,6,159.56850536877621,37.26,126.46
2022-12-06 02:00:00,예천,,0,6,158.7215978773146,36.65,128.46
2022-12-06 02:00:00,창원,,0,6,159.4737216442694,35.21,128.58
2022-12-06 02:00:00,탑선,,0,6,160.63662712721396,35.24,126.81
2022-12-06 03:00:00,경상대,,0,6,148.64186598122745,35.18,128.1
2022-12-06 03:00:00,고흥만수상,,0,6,149.4332246593361,34.57,127.3
2022-12-06 03:00:00,광양항세방,,0,6,149.0150415054874,34.93,127.71
2022-12-06 03:00:00,구미,,0,6,148.19720030673787,36.13,128.34
2022-12-06 03:00:00,삼천포,,0,6,148.72469202137012,34.95,128.07
2022-12-06 03:00:00,여수,,0,6,149.0399438015213,34.74,127.74
2022-12-06 03:00:00,영동,,0,6,147.79701224599216,37.18,128.46
2022-12-06 03:00:00,영흥,,0,6,149.2778810134739,37.26,126.46
2022-12-06 03:00:00,예천,,0,6,147.95556170822852,36.65,128.46
2022-12-06 03:00:00,창원,,0,6,148.2550533412873,35.21,128.58
2022-12-06 03:00:00,탑선,,0,6,149.64016481258398,35.24,126.81
2022-12-06 04:00:00,경상대,,0,6,136.56000875320194,35.18,128.1
2022-12-06 04:00:00,고흥만수상,,0,6,137.25408787635268,34.57,127.3
2022-12-06 04:00:00,광양항세방,,0,6,136.89488571901444,34.93,127.71
2022-12-06 04:00:00,구미,,0,6,136.2964072557883,36.13,128.34
2022-12-06 04:00:00,삼천포,,0,6,136.59911023411507,34.95,128.07
2022-12-06 04:00:00,여수,,0,6,136.88231113311983,34.74,127.74
2022-12-06 04:00:00,영동,,0,6,136.10723041949564,37.18,128.46
2022-12-06 04:00:00,영흥,,0,6,137.68120846023123,37.26,126.46
2022-12-06 04:00:00,예천,,0,6,136.15643752467025,36.65,128.46
2022-12-06 04:00:00,창원,,0,6,136.16665670869634,35.21,128.58
2022-12-06 04:00:00,탑선,,0,6,137.60674139732623,35.24,126.81
2022-12-06 05:00:00,경상대,,0,6,124.31831081211956,35.18,128.1
2022-12-06 05:00:00,고흥만수상,,0,6,124.9209420571782,34.57,127.3
2022-12-06 05:00:00,광양항세방,,0,6,124.61546102596728,34.93,127.71
2022-12-06 05:00:00,구미,,0,6,124.19963886479363,36.13,128.34
2022-12-06 05:00:00,삼천포,,0,6,124.32313065779181,34.95,128.07
2022-12-06 05:00:00,여수,,0,6,124.57480310927312,34.74,127.74
2022-12-06 05:00:00,영동,,0,6,124.17669369796147,37.18,128.46
2022-12-06 05:00:00,영흥,,0,6,125.77126096497115,37.26,126.46
2022-12-06 05:00:00,예천,,0,6,124.14111770113252,36.65,128.46
2022-12-06 05:00:00,창원,,0,6,123.93011426573182,35.21,128.58
2022-12-06 05:00:00,탑선,,0,6,125.37373635895517,35.24,126.81
2022-12-06 06:00:00,경상대,,0,6,112.2145092958096,35.18,128.1
2022-12-06 06:00:00,고흥만수상,,0,6,112.72408751169148,34.57,127.3
2022-12-06 06:00:00,광양항세방,,0,6,112.47228257316785,34.93,127.71
2022-12-06 06:00:00,구미,,0,6,112.22775807126656,36.13,128.34
2022-12-06 06:00:00,삼천포,,0,6,112.18850317880192,34.95,128.07
2022-12-06 06:00:00,여수,,0,6,112.40724053985554,34.74,127.74
2022-12-06 06:00:00,영동,,0,6,112.35329327064679,37.18,128.46
2022-12-06 06:00:00,영흥,,0,6,113.93050331735382,37.26,126.46
2022-12-06 06:00:00,예천,,0,6,112.24306694936433,36.65,128.46
2022-12-06 06:00:00,창원,,0,6,111.83830553832674,35.21,128.58
2022-12-06 06:00:00,탑선,,0,6,113.25742382491443,35.24,126.81
2022-12-06 07:00:00,경상대,,0,6,100.46315018999559,35.18,128.1
2022-12-06 07:00:00,고흥만수상,,0,6,100.8709736241298,34.57,127.3
2022-12-06 07:00:00,광양항세방,,0,6,100.67707595443278,34.93,127.71
2022-12-06 07:00:00,구미,,0,6,100.60742225821977,36.13,128.34
2022-12-06 07:00:00,삼천포,,0,6,100.40682877810843,34.95,128.07
2022-12-06 07:00:00,여수,,0,6,100.58883662406032,34.74,127.74
2022-12-06 07:00:00,영동,,0,6,100.87742534832634,37.18,128.46
2022-12-06 07:00:00,영흥,,0,6,102.40572625125388,37.26,126.46
2022-12-06 07:00:00,예천,,0,6,100.6956163425284,36.65,128.46
2022-12-06 07:00:00,창원,,0,6,100.10566519588048,35.21,128.58
2022-12-06 07:00:00,탑선,,0,6,101.47496916359817,35.24,126.81
2022-12-06 08:00:00,경상대,,0,6,89.29859555007609,35.18,128.1
2022-12-06 08:00:00,고흥만수상,,0,6,89.58896158245595,34.57,127.3
2022-12-06 08:00:00,광양항세방,,0,6,89.46113296027033,34.93,127.71
2022-12-06 08:00:00,구미,,0,6,89.58043111550776,36.13,128.34
2022-12-06 08:00:00,삼천포,,0,6,89.21076476335263,34.95,128.07
2022-12-06 08:00:00,여수,,0,6,89.34964803640706,34.74,127.74
2022-12-06 08:00:00,영동,,0,6,89.99865358875128,37.18,128.46
2022-12-06 08:00:00,영흥,,0,6,91.44189823178222,37.26,126.46
2022-12-06 08:00:00,예천,,0,6,89.74459132646017,36.65,128.46
2022-12-06 08:00:00,창원,,0,6,88.96841386876856,35.21,128.58
2022-12-06 08:00:00,탑선,,0,6,90.2570126012405,35.24,126.81
2022-12-06 09:00:00,경상대,157.63333333333333,3,6,79.03244639423343,35.18,128.1
2022-12-06 09:00:00,고흥만수상,199.79999999999998,3,6,79.18228772778329,34.57,127.3
2022-12-06 09:00:00,광양항세방,180.29999999999998,3,6,79.13262921245806,34.93,127.71
2022-12-06 09:00:00,구미,190.73333333333335,3,6,79.46268138931204,36.13,128.34
2022-12-06 09:00:00,삼천포,232.83333333333334,3,6,78.91103392831104,34.95,128.07
2022-12-06 09:00:00,여수,187.43333333333337,3,6,78.99747917168062,34.74,127.74
2022-12-06 09:00:00,영동,179.4,2,6,80.03642562847409,37.18,128.46
2022-12-06 09:00:00,영흥,96.25,2,6,81.34644337586836,37.26,126.46
2022-12-06 09:00:00,예천,173.83333333333334,3,6,79.7080680818245,36.65,128.46
2022-12-06 09:00:00,창원,219.86666666666667,3,6,78.74156834543892,35.21,128.58
2022-12-06 09:00:00,탑선,189.79999999999998,3,6,79.90665632113507,35.24,126.81
2022-12-06 10:00:00,경상대,333.15000000000003,6,6,70.10455354092734,35.18,128.1
2022-12-06 10:00:00,고흥만수상,338.90000000000003,6,6,70.08423620623662,34.57,127.3
2022-12-06 10:00:00,광양항세방,282.7,6,6,70.12815050202558,34.93,127.71
2022-12-06 10:00:00,구미,309.51666666666665,6,6,70.69350986940367,36.13,128.34
2022-12-06 10:00:00,삼천포,349.1333333333334,6,6,69.94782963140995,34.95,128.07
2022-12-06 10:00:00,여수,275.6166666666667,6,6,69.96970990600178,34.74,127.74
2022-12-06 10:00:00,영동,160.9,6,6,71.42766390827083,37.18,128.46
2022-12-06 10:00:00,영흥,185.41666666666666,6,6,72.53813415424182,37.26,126.46
2022-12-06 10:00:00,예천,203.8166666666667,6,6,71.02480479387586,36.65,128.46
2022-12-06 10:00:00,창원,325.7833333333333,6,6,69.86974725678667,35.21,128.58
2022-12-06 10:00:00,탑선,277.68333333333334,6,6,70.85075507386566,35.24,126.81
2022-12-06 11:00:00,경상대,443.0833333333333,6,6,63.116692864747336,35.18,128.1
2022-12-06 11:00:00,고흥만수상,449.29999999999995,6,6,62.895537799900254,34.57,127.3
2022-12-06 11:00:00,광양항세방,388.90000000000003,6,6,63.048480830147014,34.93,127.71
2022-12-06 11:00:00,구미,396.88333333333327,6,6,63.86458999243719,36.13,128.34
2022-12-06 11:00:00,삼천포,468.1666666666667,6,6,62.9256100862563,34.95,128.07
2022-12-06 11:00:00,여수,433.6499999999999,6,6,62.86987554240174,34.74,127.74
2022-12-06 11:00:00,영동,203.64999999999998,6,6,64.75107885861586,37.18,128.46
2022-12-06 11:00:00,영흥,355.3,6,6,65.57642871107745,37.26,126.46
2022-12-06 11:00:00,예천,332.4666666666667,6,6,64.28065382683565,36.65,128.46
2022-12-06 11:00:00,창원,430.58333333333326,6,6,62.95942961373797,35.21,128.58
2022-12-06 11:00:00,탑선,384.31666666666666,6,6,63.676458826538436,35.24,126.81
2022-12-06 12:00:00,경상대,497.5333333333333,6,6,58.785558921491244,35.18,128.1
2022-12-06 12:00:00,고흥만수상,509.8500000000001,6,6,58.34651265113533,34.57,127.3
2022-12-06 12:00:00,광양항세방,447.3,6,6,58.615846712612125,34.93,127.71
2022-12-06 12:00:00,구미,425.3,6,6,59.668010465624505,36.13,128.34
2022-12-06 12:00:00,삼천포,531.9166666666666,6,6,58.56714462933104,34.95,128.07
2022-12-06 12:00:00,여수,486.5833333333333,6,6,58.4253594125829,34.74,127.74
2022-12-06 12:00:00,영동,268.8833333333333,6,6,60.67180253710555,37.18,128.46
2022-12-06 12:00:00,영흥,413.73333333333335,6,6,61.12122213801731,37.26,126.46
2022-12-06 12:00:00,예천,262.05,6,6,60.15434310499566,36.65,128.46
2022-12-06 12:00:00,창원,478.3333333333333,6,6,58.72762507208765,35.21,128.58
2022-12-06 12:00:00,탑선,333.8333333333333,6,6,59.09479461854701,35.24,126.81
2022-12-06 13:00:00,경상대,510.0,6,6,57.723358668773656,35.18,128.1
2022-12-06 13:00:00,고흥만수상,528.2833333333334,6,6,57.082791295828464,34.57,127.3
2022-12-06 13:00:00,광양항세방,464.8999999999999,6,6,57.45726101106964,34.93,127.71
2022-12-06 13:00:00,구미,222.76666666666665,6,6,58.68295967084083,36.13,128.34
2022-12-06 13:00:00,삼천포,545.3833333333333,6,6,57.49235250273993,34.95,128.07
2022-12-06 13:00:00,여수,499.7666666666667,6,6,57.268662059816755,34.74,127.74
2022-12-06 13:00:00,영동,284.2833333333333,6,6,59.736861676429186,37.18,128.46
2022-12-06 13:00:00,영흥,356.88333333333327,6,6,59.749920654874856,37.26,126.46
2022-12-06 13:00:00,예천,336.43333333333334,6,6,59.207830580205915,36.65,128.46
2022-12-06 13:00:00,창원,493.95,6,6,57.77669997647324,35.21,128.58
2022-12-06 13:00:00,탑선,416.09999999999997,6,6,57.738199710217806,35.24,126.81
2022-12-06 14:00:00,경상대,493.01666666666665,6,6,60.10600814936313,35.18,128.1
2022-12-06 14:00:00,고흥만수상,501.5333333333333,6,6,59.317377316035355,34.57,127.3
2022-12-06 14:00:00,광양항세방,438.36666666666673,6,6,59.765951228432456,34.93,127.71
2022-12-06 14:00:00,구미,320.21666666666664,6,6,61.067451374234835,36.13,128.34
2022-12-06 14:00:00,삼천포,519.3666666666667,6,6,59.88064161758115,34.95,128.07
2022-12-06 14:00:00,여수,480.8833333333334,6,6,59.59400122731906,34.74,127.74
2022-12-06 14:00:00,영동,273.3,6,6,62.09098866451583,37.18,128.46
2022-12-06 14:00:00,영흥,406.46666666666664,6,6,61.672385512161306,37.26,126.46
2022-12-06 14:00:00,예천,284.8833333333334,6,6,61.59032286941746,36.65,128.46
2022-12-06 14:00:00,창원,480.43333333333334,6,6,60.26427139199134,35.21,128.58
2022-12-06 14:00:00,탑선,455.40000000000003,6,6,59.82952675158694,35.24,126.81
2022-12-06 15:00:00,경상대,426.29999999999995,6,6,65.55394388460276,35.18,128.1
2022-12-06 15:00:00,고흥만수상,418.84999999999997,6,6,64.68428972482576,34.57,127.3
2022-12-06 15:00:00,광양항세방,375.98333333333335,6,6,65.16971888074914,34.93,127.71
2022-12-06 15:00:00,구미,324.6333333333333,6,6,66.45425114979521,36.13,128.34
2022-12-06 15:00:00,삼천포,443.4666666666667,6,6,65.34850539038314,34.95,128.07
2022-12-06 15:00:00,여수,417.3500000000001,6,6,65.02419436006764,34.74,127.74
2022-12-06 15:00:00,영동,344.40000000000003,6,6,67.38432626005456,37.18,128.46
2022-12-06 15:00:00,영흥,323.7333333333333,6,6,66.59900905998641,37.26,126.46
2022-12-06 15:00:00,예천,281.28333333333336,6,6,66.94153025071202,36.65,128.46
2022-12-06 15:00:00,창원,416.04999999999995,6,6,65.79625089557359,35.21,128.58
2022-12-06 15:00:00,탑선,406.28333333333336,6,6,65.0325403252843,35.24,126.81
2022-12-06 16:00:00,경상대,292.0,5,5,73.37618348393227,35.18,128.1
2022-12-06 16:00:00,고흥만수상,307.47999999999996,5,5,72.48053654079382,34.57,127.3
2022-12-06 16:00:00,광양항세방,252.88000000000002,5,5,72.97321257362401,34.93,127.71
2022-12-06 16:00:00,구미,189.06,5,5,74.17974694866533,36.13,128.34
2022-12-06 16:00:00,삼천포,303.12,5,5,73.19789830244417,34.95,128.07
2022-12-06 16:00:00,여수,295.91999999999996,5,5,72.85747420959976,34.74,127.74
2022-12-06 16:00:00,영동,212.68,5,5,74.98341616745122,37.18,128.46
2022-12-06 16:00:00,영흥,223.82,5,5,73.91888654854259,37.26,126.46
2022-12-06 16:00:00,예천,243.2,5,5,74.61242116517496,36.65,128.46
2022-12-06 16:00:00,창원,292.64,5,5,73.67846033014513,35.21,128.58
2022-12-06 16:00:00,탑선,283.15999999999997,5,5,72.67102969441919,35.24,126.81
2022-12-06 17:00:00,경상대,200.55,2,6,82.88566682115133,35.18,128.1
2022-12-06 17:00:00,고흥만수상,218.05,2,6,81.99982441803422,34.57,127.3
2022-12-06 17:00:00,광양항세방,173.8,2,6,82.48111910016834,34.93,127.71
2022-12-06 17:00:00,구미,177.0,1,6,83.57870537074548,36.13,128.34
2022-12-06 17:00:00,삼천포,210.05,2,6,82.7365788742832,34.95,128.07
2022-12-06 17:00:00,여수,208.05,2,6,82.39456787580397,34.74,127.74
2022-12-06 17:00:00,영동,182.7,1,6,84.24551855797232,37.18,128.46
2022-12-06 17:00:00,영흥,152.3,2,6,82.98090929246041,37.26,126.46
2022-12-06 17:00:00,예천,188.0,1,6,83.94934753676824,36.65,128.46
2022-12-06 17:00:00,창원,200.8,2,6,83.22801059968306,35.21,128.58
2022-12-06 17:00:00,탑선,218.15,2,6,82.0505113187181,35.24,126.81
2022-12-06 18:00:00,경상대,,0,6,93.54455585291863,35.18,128.1
2022-12-06 18:00:00,고흥만수상,,0,6,92.68994878917354,34.57,127.3
2022-12-06 18:00:00,광양항세방,,0,6,93.14909138472453,34.93,127.71
2022-12-06 18:00:00,구미,,0,6,94.1239527385186,36.13,128.34
2022-12-06 18:00:00,삼천포,,0,6,93.42442192932242,34.95,128.07
2022-12-06 18:00:00,여수,,0,6,93.08981472088563,34.74,127.74
2022-12-06 18:00:00,영동,,0,6,94.65367011334074,37.18,128.46
2022-12-06 18:00:00,영흥,,0,6,93.24965873457818,37.26,126.46
2022-12-06 18:00:00,예천,,0,6,94.43079690584806,36.65,128.46
2022-12-06 18:00:00,창원,,0,6,93.91262008885957,35.21,128.58
2022-12-06 18:00:00,탑선,,0,6,92.61942743290611,35.24,126.81
2022-12-06 19:00:00,경상대,,0,6,104.96872001670307,35.18,128.1
2022-12-06 19:00:00,고흥만수상,,0,6,104.15924424312847,34.57,127.3
2022-12-06 19:00:00,광양항세방,,0,6,104.58939754906649,34.93,127.71
2022-12-06 19:00:00,구미,,0,6,105.43374003641763,36.13,128.34
2022-12-06 19:00:00,삼천포,,0,6,104.87697525906135,34.95,128.07
2022-12-06 19:00:00,여수,,0,6,104.55569786993222,34.74,127.74
2022-12-06 19:00:00,영동,,0,6,105.82757863352508,37.18,128.46
2022-12-06 19:00:00,영흥,,0,6,104.32845200302071,37.26,126.46
2022-12-06 19:00:00,예천,,0,6,105.67622851659404,36.65,128.46
2022-12-06 19:00:00,창원,,0,6,105.3524333199265,35.21,128.58
2022-12-06 19:00:00,탑선,,0,6,103.98196882173889,35.24,126.81
2022-12-06 20:00:00,경상대,,0,6,116.88316695928776,35.18,128.1
2022-12-06 20:00:00,고흥만수상,,0,6,116.13079402598385,34.57,127.3
2022-12-06 20:00:00,광양항세방,,0,6,116.52594924698506,34.93,127.71
2022-12-06 20:00:00,구미,,0,6,117.23011081467298,36.13,128.34
2022-12-06 20:00:00,삼천포,,0,6,116.82010502875467,34.95,128.07
2022-12-06 20:00:00,여수,,0,6,116.51713212875654,34.74,127.74
2022-12-06 20:00:00,영동,,0,6,117.4851655304764,37.18,128.46
2022-12-06 20:00:00,영흥,,0,6,115.92459729847582,37.26,126.46
2022-12-06 20:00:00,예천,,0,6,117.40595707149173,36.65,128.46
2022-12-06 20:00:00,창원,,0,6,117.27496401822003,35.21,128.58
2022-12-06 20:00:00,탑선,,0,6,115.85552784729677,35.24,126.81
2022-12-06 21:00:00,경상대,,0,6,129.06982815489764,35.18,128.1
2022-12-06 21:00:00,고흥만수상,,0,6,128.39003565903775,34.57,127.3
2022-12-06 21:00:00,광양항세방,,0,6,128.74205564452274,34.93,127.71
2022-12-06 21:00:00,구미,,0,6,129.28693354524043,36.13,128.34
2022-12-06 21:00:00,삼천포,,0,6,129.03769300819192,34.95,128.07
2022-12-06 21:00:00,여수,,0,6,128.75911666178217,34.74,127.74
2022-12-06 21:00:00,영동,,0,6,129.3908037068194,37.18,128.46
2022-12-06 21:00:00,영흥,,0,6,127.79902298202029,37.26,126.46
2022-12-06 21:00:00,예천,,0,6,129.3892642105517,36.65,128.46
2022-12-06 21:00:00,창원,,0,6,129.46277013384523,35.21,128.58
2022-12-06 21:00:00,탑선,,0,6,128.01882245182924,35.24,126.81
2022-12-06 22:00:00,경상대,,0,6,141.30186093118425,35.18,128.1
2022-12-06 22:00:00,고흥만수상,,0,6,140.7228540933702,34.57,127.3
2022-12-06 22:00:00,광양항세방,,0,6,141.01646580804942,34.93,127.71
2022-12-06 22:00:00,구미,,0,6,141.35996150429705,36.13,128.34
2022-12-06 22:00:00,삼천포,,0,6,141.30688350501873,34.95,128.07
2022-12-06 22:00:00,여수,,0,6,141.06342193650073,34.74,127.74
2022-12-06 22:00:00,영동,,0,6,141.28099884674532,37.18,128.46
2022-12-06 22:00:00,영흥,,0,6,139.697107738962,37.26,126.46
2022-12-06 22:00:00,예천,,0,6,141.37211588497206,36.65,128.46
2022-12-06 22:00:00,창원,,0,6,141.68657221509127,35.21,128.58
2022-12-06 22:00:00,탑선,,0,6,140.24855294760528,35.24,126.81
2022-12-06 23:00:00,경상대,,0,6,153.1893025147387,35.18,128.1
2022-12-06 23:00:00,고흥만수상,,0,6,152.7786821413148,34.57,127.3
2022-12-06 23:00:00,광양항세방,,0,6,152.97709241861014,34.93,127.71
2022-12-06 23:00:00,구미,,0,6,153.01684612793125,36.13,128.34
2022-12-06 23:00:00,삼천포,,0,6,153.24724368472647,34.95,128.07
2022-12-06 23:00:00,여수,,0,6,153.06452313796075,34.74,127.74
2022-12-06 23:00:00,영동,,0,6,152.68006716672673,37.18,128.46
2022-12-06 23:00:00,영흥,,0,6,151.1899542878907,37.26,126.46
2022-12-06 23:00:00,예천,,0,6,152.89904205625288,36.65,128.46
2022-12-06 23:00:00,창원,,0,6,153.54433021796552,35.21,128.58
2022-12-06 23:00:00,탑선,,0,6,152.17925456306617,35.24,126.81
2022-12-07 00:00:00,경상대,,0,6,163.4951048510071,35.18,128.1
2022-12-07 00:00:00,고흥만수상,,0,6,163.4630120467089,34.57,127.3
2022-12-07 00:00:00,광양항세방,,0,6,163.4530960959137,34.93,127.71
2022-12-07 00:00:00,구미,,0,6,162.9175321813041,36.13,128.34
2022-12-07 00:00:00,삼천포,,0,6,163.6449559356529,34.95,128.07
2022-12-07 00:00:00,여수,,0,6,163.6048721765607,34.74,127.74
2022-12-07 00:00:00,영동,,0,6,162.16564526701086,37.18,128.46
2022-12-07 00:00:00,영흥,,0,6,161.07151885179331,37.26,126.46
2022-12-07 00:00:00,예천,,0,6,162.5798872780631,36.65,128.46
2022-12-07 00:00:00,창원,,0,6,163.73828094019325,35.21,128.58
2022-12-07 00:00:00,탑선,,0,6,162.71030806988256,35.24,126.81
2022-12-07 01:00:00,경상대,,0,6,167.11623530328387,35.18,128.1
2022-12-07 01:00:00,고흥만수상,,0,6,167.83476043948139,34.57,127.3
2022-12-07 01:00:00,광양항세방,,0,6,167.4231621474907,34.93,127.71
2022-12-07 01:00:00,구미,,0,6,166.146480665345,36.13,128.34
2022-12-07 01:00:00,삼천포,,0,6,167.34635796213433,34.95,128.07
2022-12-07 01:00:00,여수,,0,6,167.60541071708695,34.74,127.74
2022-12-07 01:00:00,영동,,0,6,165.0989137892691,37.18,128.46
2022-12-07 01:00:00,영흥,,0,6,165.24007880836476,37.26,126.46
2022-12-07 01:00:00,예천,,0,6,165.61777182981194,36.65,128.46
2022-12-07 01:00:00,창원,,0,6,167.00017285526414,35.21,128.58
2022-12-07 01:00:00,탑선,,0,6,167.22469502390956,35.24,126.81
2022-12-07 02:00:00,경상대,,0,6,159.9683719934609,35.18,128.1
2022-12-07 02:00:00,고흥만수상,,0,6,160.85447230141406,34.57,127.3
2022-12-07 02:00:00,광양항세방,,0,6,160.37302689882517,34.93,127.71
2022-12-07 02:00:00,구미,,0,6,159.26171981250326,36.13,128.34
2022-12-07 02:00:00,삼천포,,0,6,160.11767531674857,34.95,128.07
2022-12-07 02:00:00,여수,,0,6,160.45959558947294,34.74,127.74
2022-12-07 02:00:00,영동,,0,6,158.55327117918625,37.18,128.46
2022-12-07 02:00:00,영흥,,0,6,159.72273087346287,37.26,126.46
2022-12-07 02:00:00,예천,,0,6,158.8752155832015,36.65,128.46
2022-12-07 02:00:00,창원,,0,6,159.62621545355694,35.21,128.58
2022-12-07 02:00:00,탑선,,0,6,160.78999607504403,35.24,126.81
2022-12-07 03:00:00,경상대,,0,6,148.786821552021,35.18,128.1
2022-12-07 03:00:00,고흥만수상,,0,6,149.5774186378829,34.57,127.3
2022-12-07 03:00:00,광양항세방,,0,6,149.1597147288869,34.93,127.71
2022-12-07 03:00:00,구미,,0,6,148.34359828197984,36.13,128.34
2022-12-07 03:00:00,삼천포,,0,6,148.86926441301347,34.95,128.07
2022-12-07 03:00:00,여수,,0,6,149.18427205163158,34.74,127.74
2022-12-07 03:00:00,영동,,0,6,147.94487948093888,37.18,128.46
2022-12-07 03:00:00,영흥,,0,6,149.42657488639907,37.26,126.46
2022-12-07 03:00:00,예천,,0,6,148.10268894600745,36.65,128.46
2022-12-07 03:00:00,창원,,0,6,148.39988422107473,35.21,128.58
2022-12-07 03:00:00,탑선,,0,6,149.78571966962625,35.24,126.81
2022-12-07 04:00:00,경상대,,0,6,136.70166645676235,35.18,128.1
2022-12-07 04:00:00,고흥만수상,,0,6,137.39485875151985,34.57,127.3
2022-12-07 04:00:00,광양항세방,,0,6,137.0361903025303,34.93,127.71
2022-12-07 04:00:00,구미,,0,6,136.439447501221,36.13,128.34
2022-12-07 04:00:00,삼천포,,0,6,136.74041718457948,34.95,128.07
2022-12-07 04:00:00,여수,,0,6,137.02331623177034,34.74,127.74
2022-12-07 04:00:00,영동,,0,6,136.2517073527642,37.18,128.46
2022-12-07 04:00:00,영흥,,0,6,137.82602676243692,37.26,126.46
2022-12-07 04:00:00,예천,,0,6,136.3001968758169,36.65,128.46
2022-12-07 04:00:00,창원,,0,6,136.30832282277936,35.21,128.58
2022-12-07 04:00:00,탑선,,0,6,137.74860814267203,35.24,126.81
2022-12-07 05:00:00,경상대,,0,6,124.4600623298722,35.18,128.1
2022-12-07 05:00:00,고흥만수상,,0,6,125.06184302676466,34.57,127.3
2022-12-07 05:00:00,광양항세방,,0,6,124.75686265462724,34.93,127.71
2022-12-07 05:00:00,구미,,0,6,124.34256933847797,36.13,128.34
2022-12-07 05:00:00,삼천포,,0,6,124.46458996439532,34.95,128.07
2022-12-07 05:00:00,여수,,0,6,124.71596439594184,34.74,127.74
2022-12-07 05:00:00,영동,,0,6,124.32084640615244,37.18,128.46
2022-12-07 05:00:00,영흥,,0,6,125.9154064498614,37.26,126.46
2022-12-07 05:00:00,예천,,0,6,124.28466643136059,36.65,128.46
2022-12-07 05:00:00,창원,,0,6,124.07194584077543,35.21,128.58
2022-12-07 05:00:00,탑선,,0,6,125.51545879754543,35.24,126.81
2022-12-07 06:00:00,경상대,,0,6,112.35825760509451,35.18,128.1
2022-12-07 06:00:00,고흥만수상,,0,6,112.86707143565053,34.57,127.3
2022-12-07 06:00:00,광양항세방,,0,6,112.61570991423964,34.93,127.71
2022-12-07 06:00:00,구미,,0,6,112.37246751381784,36.13,128.34
2022-12-07 06:00:00,삼천포,,0,6,112.33201666785828,34.95,128.07
2022-12-07 06:00:00,여수,,0,6,112.55048081889834,34.74,127.74
2022-12-07 06:00:00,영동,,0,6,112.49898641087219,37.18,128.46
2022-12-07 06:00:00,영흥,,0,6,114.0759785553616,37.26,126.46
2022-12-07 06:00:00,예천,,0,6,112.38828006075019,36.65,128.46
2022-12-07 06:00:00,창원,,0,6,111.98217043691574,35.21,128.58
2022-12-07 06:00:00,탑선,,0,6,113.4010039424228,35.24,126.81
2022-12-07 07:00:00,경상대,,0,6,100.60988673749937,35.18,128.1
2022-12-07 07:00:00,고흥만수상,,0,6,101.01706515535237,34.57,127.3
2022-12-07 07:00:00,광양항세방,,0,6,100.82353769354751,34.93,127.71
2022-12-07 07:00:00,구미,,0,6,100.75489453668035,36.13,128.34
2022-12-07 07:00:00,삼천포,,0,6,100.5533871341934,34.95,128.07
2022-12-07 07:00:00,여수,,0,6,100.73516072774991,34.74,127.74
2022-12-07 07:00:00,영동,,0,6,101.02563313688185,37.18,128.46
2022-12-07 07:00:00,영흥,,0,6,102.55361002921595,37.26,126.46
2022-12-07 07:00:00,예천,,0,6,100.84347090153615,36.65,128.46
2022-12-07 07:00:00,창원,,0,6,100.25253080151188,35.21,128.58
2022-12-07 07:00:00,탑선,,0,6,101.62146509773252,35.24,126.81
2022-12-07 08:00:00,경상대,,0,6,89.44854931764903,35.18,128.1
2022-12-07 08:00:00,고흥만수상,,0,6,89.73843909173331,34.57,127.3
2022-12-07 08:00:00,광양항세방,,0,6,89.61088203112419,34.93,127.71
2022-12-07 08:00:00,구미,,0,6,89.73086845796713,36.13,128.34
2022-12-07 08:00:00,삼천포,,0,6,89.36060143764266,34.95,128.07
2022-12-07 08:00:00,여수,,0,6,89.4993094262601,34.74,127.74
2022-12-07 08:00:00,영동,,0,6,90.14955324838661,37.18,128.46
2022-12-07 08:00:00,영흥,,0,6,91.59247806610288,37.26,126.46
2022-12-07 08:00:00,예천,,0,6,89.89527419485236,36.65,128.46
2022-12-07 08:00:00,창원,,0,6,89.11848269179205,35.21,128.58
2022-12-07 08:00:00,탑선,,0,6,90.40672156329276,35.24,126.81
2022-12-07 09:00:00,경상대,216.79999999999998,3,6,79.18484407273552,35.18,128.1
2022-12-07 09:00:00,고흥만수상,143.96666666666667,3,6,79.33446159693803,34.57,127.3
2022-12-07 09:00:00,광양항세방,179.86666666666667,3,6,79.28493196535044,34.93,127.71
2022-12-07 09:00:00,구미,210.4,3,6,79.61526246642124,36.13,128.34
2022-12-07 09:00:00,삼천포,227.96666666666667,3,6,79.06338497722265,34.95,128.07
2022-12-07 09:00:00,여수,157.79999999999998,3,6,79.14974741257642,34.74,127.74
2022-12-07 09:00:00,영동,147.14999999999998,2,6,80.18915581305379,37.18,128.46
2022-12-07 09:00:00,영흥,129.35,2,6,81.49902001428956,37.26,126.46
2022-12-07 09:00:00,예천,131.1,3,6,79.86073285616123,36.65,128.46
2022-12-07 09:00:00,창원,229.16666666666666,3,6,78.89402588931023,35.21,128.58
2022-12-07 09:00:00,탑선,209.89999999999998,2,6,80.0589082824965,35.24,126.81
2022-12-07 10:00:00,경상대,325.7,6,6,70.25697305692185,35.18,128.1
2022-12-07 10:00:00,고흥만수상,325.73333333333335,6,6,70.23680719088824,34.57,127.3
2022-12-07 10:00:00,광양항세방,276.65000000000003,6,6,70.28064366954271,34.93,127.71
2022-12-07 10:00:00,구미,271.6333333333333,6,6,70.84576568411742,36.13,128.34
2022-12-07 10:00:00,삼천포,341.23333333333335,6,6,70.10028118557238,34.95,128.07
2022-12-07 10:00:00,여수,343.15000000000003,6,6,70.12222125141838,34.74,127.74
2022-12-07 10:00:00,영동,183.98333333333332,6,6,71.57972954160455,37.18,128.46
2022-12-07 10:00:00,영흥,238.1,6,6,72.69047428827176,37.26,126.46
2022-12-07 10:00:00,예천,211.13333333333335,6,6,71.17696056998614,36.65,128.46
2022-12-07 10:00:00,창원,338.95,6,6,70.02210335289789,35.21,128.58
2022-12-07 10:00:00,탑선,310.1,6,6,71.00330341989716,35.24,126.81
2022-12-07 11:00:00,경상대,435.28333333333336,6,6,63.26411631478243,35.18,128.1
2022-12-07 11:00:00,고흥만수상,443.45,6,6,63.043609097751926,34.57,127.3
2022-12-07 11:00:00,광양항세방,385.43333333333334,6,6,63.19620759884597,34.93,127.71
2022-12-07 11:00:00,구미,217.96666666666667,6,6,64.0115287155105,36.13,128.34
2022-12-07 11:00:00,삼천포,458.48333333333335,6,6,63.07313356438322,34.95,128.07
2022-12-07 11:00:00,여수,434.43333333333334,6,6,63.01765412746239,34.74,127.74
2022-12-07 11:00:00,영동,338.0,6,6,64.8975536193502,37.18,128.46
2022-12-07 11:00:00,영흥,311.6333333333333,6,6,65.72397407627875,37.26,126.46
2022-12-07 11:00:00,예천,247.4333333333333,6,6,64.42732889024302,36.65,128.46
2022-12-07 11:00:00,창원,441.43333333333334,6,6,63.10657166648967,35.21,128.58
2022-12-07 11:00:00,탑선,409.0333333333333,6,6,63.824546930198764,35.24,126.81
2022-12-07 12:00:00,경상대,495.3,6,6,58.919938996529325,35.18,128.1
2022-12-07 12:00:00,고흥만수상,506.51666666666665,6,6,58.48202397976394,34.57,127.3
2022-12-07 12:00:00,광양항세방,449.48333333333335,6,6,58.750763639154314,34.93,127.71
2022-12-07 12:00:00,구미,344.1166666666666,6,6,59.801797868040964,36.13,128.34
2022-12-07 12:00:00,삼천포,527.1833333333333,6,6,58.701636592793,34.95,128.07
2022-12-07 12:00:00,여수,484.93333333333334,6,6,58.56030634293339,34.74,127.74
2022-12-07 12:00:00,영동,275.43333333333334,6,6,60.80511215093513,37.18,128.46
2022-12-07 12:00:00,영흥,196.11666666666665,6,6,61.25672473935892,37.26,126.46
2022-12-07 12:00:00,예천,415.3666666666666,6,6,60.28782284684249,36.65,128.46
2022-12-07 12:00:00,창원,482.25,6,6,58.86143027828109,35.21,128.58
2022-12-07 12:00:00,탑선,468.3333333333333,6,6,59.230623483505575,35.24,126.81
2022-12-07 13:00:00,경상대,507.93333333333334,6,6,57.835427053783725,35.18,128.1
2022-12-07 13:00:00,고흥만수상,527.5333333333333,6,6,57.19618796712151,34.57,127.3
2022-12-07 13:00:00,광양항세방,470.90000000000003,6,6,57.56997899236125,34.93,127.71
2022-12-07 13:00:00,구미,257.2833333333333,6,6,58.79472836352423,36.13,128.34
2022-12-07 13:00:00,삼천포,539.35,6,6,57.60444674169416,34.95,128.07
2022-12-07 13:00:00,여수,499.75,6,6,57.38130895279388,34.74,127.74
2022-12-07 13:00:00,영동,292.1666666666667,6,6,59.84855813880535,37.18,128.46
2022-12-07 13:00:00,영흥,290.29999999999995,6,6,59.86488883060757,37.26,126.46
2022-12-07 13:00:00,예천,434.4000000000001,6,6,59.319460731234884,36.65,128.46
2022-12-07 13:00:00,창원,496.93333333333334,6,6,57.887936507063785,35.21,128.58
2022-12-07 13:00:00,탑선,486.01666666666665,6,6,57.85248452496956,35.24,126.81
2022-12-07 14:00:00,경상대,492.25,6,6,60.18943729743724,35.18,128.1
2022-12-07 14:00:00,고흥만수상,512.1666666666666,6,6,59.40189832872309,34.57,127.3
2022-12-07 14:00:00,광양항세방,446.8333333333333,6,6,59.849946612681705,34.93,127.71
2022-12-07 14:00:00,구미,351.23333333333335,6,6,61.151201031451194,36.13,128.34
2022-12-07 14:00:00,삼천포,515.35,6,6,59.96393804348266,34.95,128.07
2022-12-07 14:00:00,여수,485.5,6,6,59.677780627714874,34.74,127.74
2022-12-07 14:00:00,영동,358.26666666666665,6,6,62.17537170849458,37.18,128.46
2022-12-07 14:00:00,영흥,254.36666666666667,6,6,61.760579635585444,37.26,126.46
2022-12-07 14:00:00,예천,415.5333333333333,6,6,61.67427176795137,36.65,128.46
2022-12-07 14:00:00,창원,480.4666666666667,6,6,60.34677734338337,35.21,128.58
2022-12-07 14:00:00,탑선,473.3,6,6,59.91554862260328,35.24,126.81
2022-12-07 15:00:00,경상대,425.2,6,6,65.6079627497974,35.18,128.1
2022-12-07 15:00:00,고흥만수상,447.2333333333333,6,6,64.73890052497211,34.57,127.3
2022-12-07 15:00:00,광양항세방,380.05,6,6,65.22409214817208,34.93,127.71
2022-12-07 15:00:00,구미,314.98333333333335,6,6,66.50924280506597,36.13,128.34
2022-12-07 15:00:00,삼천포,440.8833333333334,6,6,65.40223550449076,34.95,128.07
2022-12-07 15:00:00,여수,423.0,6,6,65.07822809338079,34.74,127.74
2022-12-07 15:00:00,영동,281.8833333333334,6,6,67.44064581673237,37.18,128.46
2022-12-07 15:00:00,영흥,223.25,6,6,66.65902193952417,37.26,126.46
2022-12-07 15:00:00,예천,256.46666666666664,6,6,66.99707281622578,36.65,128.46
2022-12-07 15:00:00,창원,415.6666666666667,6,6,65.84942561068793,35.21,128.58
2022-12-07 15:00:00,탑선,417.70000000000005,6,6,65.08905494301675,35.24,126.81
2022-12-07 16:00:00,경상대,292.24,5,5,73.40422839743349,35.18,128.1
2022-12-07 16:00:00,고흥만수상,315.34000000000003,5,5,72.50865585337488,34.57,127.3
2022-12-07 16:00:00,광양항세방,260.34000000000003,5,5,73.0013817605263,34.93,127.71
2022-12-07 16:00:00,구미,264.3,5,5,74.20925856232616,36.13,128.34
2022-12-07 16:00:00,삼천포,298.91999999999996,5,5,73.22554351040029,34.95,128.07
2022-12-07 16:00:00,여수,298.2,5,5,72.8852282787931,34.74,127.74
2022-12-07 16:00:00,영동,185.17999999999998,5,5,75.01476093466832,37.18,128.46
2022-12-07 16:00:00,영흥,200.44,5,5,73.95341930588879,37.26,126.46
2022-12-07 16:00:00,예천,178.17999999999998,5,5,74.64275074847481,36.65,128.46
2022-12-07 16:00:00,창원,290.8,5,5,73.70582083561135,35.21,128.58
2022-12-07 16:00:00,탑선,295.64,5,5,72.70121110584564,35.24,126.81
2022-12-07 17:00:00,경상대,200.95,2,6,82.89266719324523,35.18,128.1
2022-12-07 17:00:00,고흥만수상,222.10000000000002,2,6,82.00646911150504,34.57,127.3
2022-12-07 17:00:00,광양항세방,175.14999999999998,2,6,82.48804722060763,34.93,127.71
2022-12-07 17:00:00,구미,194.5,1,6,83.58750704492387,36.13,128.34
2022-12-07 17:00:00,삼천포,201.89999999999998,2,6,82.74310896609185,34.95,128.07
2022-12-07 17:00:00,여수,208.9,2,6,82.4010408762211,34.74,127.74
2022-12-07 17:00:00,영동,191.2,1,6,84.25648497821827,37.18,128.46
2022-12-07 17:00:00,영흥,141.6,2,6,82.9944559780749,37.26,126.46
2022-12-07 17:00:00,예천,158.1,1,6,83.95914949486254,36.65,128.46
2022-12-07 17:00:00,창원,197.7,2,6,83.23449405305698,35.21,128.58
2022-12-07 17:00:00,탑선,209.3,2,6,82.05923450737502,35.24,126.81
2022-12-07 18:00:00,경상대,,0,6,93.53530040873828,35.18,128.1
2022-12-07 18:00:00,고흥만수상,,0,6,92.67998572443837,34.57,127.3
2022-12-07 18:00:00,광양항세방,,0,6,93.13960073578139,34.93,127.71
2022-12-07 18:00:00,구미,,0,6,94.11675049547279,36.13,128.34
2022-12-07 18:00:00,삼천포,,0,6,93.41464500686462,34.95,128.07
2022-12-07 18:00:00,여수,,0,6,93.07984346018318,34.74,127.74
2022-12-07 18:00:00,영동,,0,6,94.64887864395749,37.18,128.46
2022-12-07 18:00:00,영흥,,0,6,93.2468727079316,37.26,126.46
2022-12-07 18:00:00,예천,,0,6,94.42473323950584,36.65,128.46
2022-12-07 18:00:00,창원,,0,6,93.90299653548698,35.21,128.58
2022-12-07 18:00:00,탑선,,0,6,92.61151787405115,35.24,126.81
2022-12-07 19:00:00,경상대,,0,6,104.9474232948164,35.18,128.1
2022-12-07 19:00:00,고흥만수상,,0,6,104.13691460826195,34.57,127.3
2022-12-07 19:00:00,광양항세방,,0,6,104.56771532175512,34.93,127.71
2022-12-07 19:00:00,구미,,0,6,105.41474671534453,36.13,128.34
2022-12-07 19:00:00,삼천포,,0,6,104.85510527162896,34.95,128.07
2022-12-07 19:00:00,여수,,0,6,104.53350726886185,34.74,127.74
2022-12-07 19:00:00,영동,,0,6,105.81124408677071,37.18,128.46
2022-12-07 19:00:00,영흥,,0,6,104.31359955234068,37.26,126.46
2022-12-07 19:00:00,예천,,0,6,105.65851153704209,36.65,128.46
2022-12-07 19:00:00,창원,,0,6,105.33090058664536,35.21,128.58
2022-12-07 19:00:00,탑선,,0,6,103.9616879436943,35.24,126.81
2022-12-07 20:00:00,경상대,,0,6,116.85368974023777,35.18,128.1
2022-12-07 20:00:00,고흥만수상,,0,6,116.09991668281786,34.57,127.3
2022-12-07 20:00:00,광양항세방,,0,6,116.49591891210702,34.93,127.71
2022-12-07 20:00:00,구미,,0,6,117.20326354160613,36.13,128.34
2022-12-07 20:00:00,삼천포,,0,6,116.78998400866342,34.95,128.07
2022-12-07 20:00:00,여수,,0,6,116.48654992771135,34.74,127.74
2022-12-07 20:00:00,영동,,0,6,117.46130812533706,37.18,128.46
2022-12-07 20:00:00,영흥,,0,6,115.90170085256264,37.26,126.46
2022-12-07 20:00:00,예천,,0,6,117.38056547902212,36.65,128.46
2022-12-07 20:00:00,창원,,0,6,117.24538252254155,35.21,128.58
2022-12-07 20:00:00,탑선,,0,6,115.8267519244703,35.24,126.81
2022-12-07 21:00:00,경상대,,0,6,129.036330141198,35.18,128.1
2022-12-07 21:00:00,고흥만수상,,0,6,128.35462522731692,34.57,127.3
2022-12-07 21:00:00,광양항세방,,0,6,128.70777316891702,34.93,127.71
2022-12-07 21:00:00,구미,,0,6,129.25656885128572,36.13,128.34
2022-12-07 21:00:00,삼천포,,0,6,129.00343911439643,34.95,128.07
2022-12-07 21:00:00,여수,,0,6,128.72420764427824,34.74,127.74
2022-12-07 21:00:00,영동,,0,6,129.36394225081764,37.18,128.46
2022-12-07 21:00:00,영흥,,0,6,127.77248270769054,37.26,126.46
2022-12-07 21:00:00,예천,,0,6,129.36062965721294,36.65,128.46
2022-12-07 21:00:00,창원,,0,6,129.42933201567084,35.21,128.58
2022-12-07 21:00:00,탑선,,0,6,127.9856547903924,35.24,126.81
2022-12-07 22:00:00,경상대,,0,6,141.2702701908965,35.18,128.1
2022-12-07 22:00:00,고흥만수상,,0,6,140.68848241360232,34.57,127.3
2022-12-07 22:00:00,광양항세방,,0,6,140.98369884530092,34.93,127.71
2022-12-07 22:00:00,구미,,0,6,141.3323609050439,36.13,128.34
2022-12-07 22:00:00,삼천포,,0,6,141.2743433328372,34.95,128.07
2022-12-07 22:00:00,여수,,0,6,141.02989762204004,34.74,127.74
2022-12-07 22:00:00,영동,,0,6,141.25775523622508,37.18,128.46
2022-12-07 22:00:00,영흥,,0,6,139.67312606007823,37.26,126.46
2022-12-07 22:00:00,예천,,0,6,141.34670528932955,36.65,128.46
2022-12-07 22:00:00,창원,,0,6,141.65531722160517,35.21,128.58
2022-12-07 22:00:00,탑선,,0,6,140.21668541906988,35.24,126.81
2022-12-07 23:00:00,경상대,,0,6,153.1716434440743,35.18,128.1
2022-12-07 23:00:00,고흥만수상,,0,6,152.75647034013357,34.57,127.3
2022-12-07 23:00:00,광양항세방,,0,6,152.95744968648677,34.93,127.71
2022-12-07 23:00:00,구미,,0,6,153.00469809531802,36.13,128.34
2022-12-07 23:00:00,삼천포,,0,6,153.22828939082476,34.95,128.07
2022-12-07 23:00:00,여수,,0,6,153.0439019253584,34.74,127.74
2022-12-07 23:00:00,영동,,0,6,152.67365947940414,37.18,128.46
2022-12-07 23:00:00,영흥,,0,6,151.1804070005059,37.26,126.46
2022-12-07 23:00:00,예천,,0,6,152.88986451076354,36.65,128.46
2022-12-07 23:00:00,창원,,0,6,153.52765041246326,35.21,128.58
2022-12-07 23:00:00,탑선,,0,6,152.1598699936048,35.24,126.81
2022-12-08 00:00:00,경상대,,0,6,163.5251868496764,35.18,128.1
2022-12-08 00:00:00,고흥만수상,,0,6,163.484959399204,34.57,127.3
2022-12-08 00:00:00,광양항세방,,0,6,163.4795263196565,34.93,127.71
2022-12-08 00:00:00,구미,,0,6,162.95453415123495,36.13,128.34
2022-12-08 00:00:00,삼천포,,0,6,163.67342861465954,34.95,128.07
2022-12-08 00:00:00,여수,,0,6,163.6302305164581,34.74,127.74
2022-12-08 00:00:00,영동,,0,6,162.2089061292566,37.18,128.46
2022-12-08 00:00:00,영흥,,0,6,161.10548311264563,37.26,126.46
2022-12-08 00:00:00,예천,,0,6,162.6203821137695,36.65,128.46
2022-12-08 00:00:00,창원,,0,6,163.77116566349093,35.21,128.58
2022-12-08 00:00:00,탑선,,0,6,162.7341501004131,35.24,126.81
2022-12-08 01:00:00,경상대,,0,6,167.2452106008124,35.18,128.1
2022-12-08 01:00:00,고흥만수상,,0,6,167.96028092434264,34.57,127.3
2022-12-08 01:00:00,광양항세방,,0,6,167.5504864850351,34.93,127.71
2022-12-08 01:00:00,구미,,0,6,166.27544409952912,36.13,128.34
2022-12-08 01:00:00,삼천포,,0,6,167.47547039499537,34.95,128.07
2022-12-08 01:00:00,여수,,0,6,167.73311012119075,34.74,127.74
2022-12-08 01:00:00,영동,,0,6,165.22724128544138,37.18,128.46
2022-12-08 01:00:00,영흥,,0,6,165.3592067268399,37.26,126.46
2022-12-08 01:00:00,예천,,0,6,165.74667039186568,36.65,128.46
2022-12-08 01:00:00,창원,,0,6,167.13134986243855,35.21,128.58
2022-12-08 01:00:00,탑선,,0,6,167.3468743246702,35.24,126.81
2022-12-08 02:00:00,경상대,,0,6,160.11743183183086,35.18,128.1
2022-12-08 02:00:00,고흥만수상,,0,6,161.00342202913404,34.57,127.3
2022-12-08 02:00:00,광양항세방,,0,6,160.5220660862424,34.93,127.71
2022-12-08 02:00:00,구미,,0,6,159.41120797331826,36.13,128.34
2022-12-08 02:00:00,삼천포,,0,6,160.26659016321827,34.95,128.07
2022-12-08 02:00:00,여수,,0,6,160.60849025682722,34.74,127.74
2022-12-08 02:00:00,영동,,0,6,158.7030436929424,37.18,128.46
2022-12-08 02:00:00,영흥,,0,6,159.87253741506328,37.26,126.46
2022-12-08 02:00:00,예천,,0,6,159.02486306726428,36.65,128.46
2022-12-08 02:00:00,창원,,0,6,159.77511746081933,35.21,128.58
2022-12-08 02:00:00,탑선,,0,6,160.939496028456,35.24,126.81
2022-12-08 03:00:00,경상대,,0,6,148.92948196859447,35.18,128.1
2022-12-08 03:00:00,고흥만수상,,0,6,149.71941192931027,34.57,127.3
2022-12-08 03:00:00,광양항세방,,0,6,149.3021280759653,34.93,127.71
2022-12-08 03:00:00,구미,,0,6,148.48750821534082,36.13,128.34
2022-12-08 03:00:00,삼천포,,0,6,149.011590516948,34.95,128.07
2022-12-08 03:00:00,여수,,0,6,149.32638395161794,34.74,127.74
2022-12-08 03:00:00,영동,,0,6,148.0900437037285,37.18,128.46
2022-12-08 03:00:00,영흥,,0,6,149.5724318950242,37.26,126.46
2022-12-08 03:00:00,예천,,0,6,148.24722417215963,36.65,128.46
2022-12-08 03:00:00,창원,,0,6,148.542436995416,35.21,128.58
2022-12-08 03:00:00,탑선,,0,6,149.92889828045776,35.24,126.81
2022-12-08 04:00:00,경상대,,0,6,136.84144516810238,35.18,128.1
2022-12-08 04:00:00,고흥만수상,,0,6,137.53385038238832,34.57,127.3
2022-12-08 04:00:00,광양항세방,,0,6,137.17565590054022,34.93,127.71
2022-12-08 04:00:00,구미,,0,6,136.58044464129054,36.13,128.34
2022-12-08 04:00:00,삼천포,,0,6,136.87988547693328,34.95,128.07
2022-12-08 04:00:00,여수,,0,6,137.16251646264806,34.74,127.74
2022-12-08 04:00:00,영동,,0,6,136.3939601474525,37.18,128.46
2022-12-08 04:00:00,영흥,,0,6,137.96857378595863,37.26,126.46
2022-12-08 04:00:00,예천,,0,6,136.44182402457972,36.65,128.46
2022-12-08 04:00:00,창원,,0,6,136.44810973052518,35.21,128.58
2022-12-08 04:00:00,탑선,,0,6,137.88856952007342,35.24,126.81
2022-12-08 05:00:00,경상대,,0,6,124.59993117299224,35.18,128.1
2022-12-08 05:00:00,고흥만수상,,0,6,125.20096011841295,34.57,127.3
2022-12-08 05:00:00,광양항세방,,0,6,124.89642256405186,34.93,127.71
2022-12-08 05:00:00,구미,,0,6,124.48347383432674,36.13,128.34
2022-12-08 05:00:00,삼천포,,0,6,124.60420116778924,34.95,128.07
2022-12-08 05:00:00,여수,,0,6,124.85531212387995,34.74,127.74
2022-12-08 05:00:00,영동,,0,6,124.46281693682968,37.18,128.46
2022-12-08 05:00:00,영흥,,0,6,126.05736901549342,37.26,126.46
2022-12-08 05:00:00,예천,,0,6,124.42611125843197,36.65,128.46
2022-12-08 05:00:00,창원,,0,6,124.21188570872314,35.21,128.58
2022-12-08 05:00:00,탑선,,0,6,125.65530060741872,35.24,126.81
2022-12-08 06:00:00,경상대,,0,6,112.4998729576237,35.18,128.1
2022-12-08 06:00:00,고흥만수상,,0,6,113.0080207029989,34.57,127.3
2022-12-08 06:00:00,광양항세방,,0,6,112.75704594182015,34.93,127.71
2022-12-08 06:00:00,구미,,0,6,112.5149148706698,36.13,128.34
2022-12-08 06:00:00,삼천포,,0,6,112.47342791276947,34.95,128.07
2022-12-08 06:00:00,여수,,0,6,112.69165397287324,34.74,127.74
2022-12-08 06:00:00,영동,,0,6,112.64227867117638,37.18,128.46
2022-12-08 06:00:00,영흥,,0,6,114.21908315937716,37.26,126.46
2022-12-08 06:00:00,예천,,0,6,112.5311609527852,36.65,128.46
2022-12-08 06:00:00,창원,,0,6,112.12388733631727,35.21,128.58
2022-12-08 06:00:00,탑선,,0,6,113.54247220859789,35.24,126.81
2022-12-08 07:00:00,경상대,,0,6,100.75405292590706,35.18,128.1
2022-12-08 07:00:00,고흥만수상,,0,6,101.16068546236073,34.57,127.3
2022-12-08 07:00:00,광양항세방,,0,6,100.96747179122033,34.93,127.71
2022-12-08 07:00:00,구미,,0,6,100.89967770188213,36.13,128.34
2022-12-08 07:00:00,삼천포,,0,6,100.6974030183356,34.95,128.07
2022-12-08 07:00:00,여수,,0,6,100.87897840333913,34.74,127.74
2022-12-08 07:00:00,영동,,0,6,101.17102630672893,37.18,128.46
2022-12-08 07:00:00,영흥,,0,6,102.69873471151125,37.26,126.46
2022-12-08 07:00:00,예천,,0,6,100.98857205905975,36.65,128.46
2022-12-08 07:00:00,창원,,0,6,100.39680583951456,35.21,128.58
2022-12-08 07:00:00,탑선,,0,6,101.76542768793433,35.24,126.81
2022-12-08 08:00:00,경상대,,0,6,89.59532467896382,35.18,128.1
2022-12-08 08:00:00,고흥만수상,,0,6,89.88483873598244,34.57,127.3
2022-12-08 08:00:00,광양항세방,,0,6,89.7574966698991,34.93,127.71
2022-12-08 08:00:00,구미,,0,6,89.87801802662891,36.13,128.34
2022-12-08 08:00:00,삼천포,,0,6,89.50728505282228,34.95,128.07
2022-12-08 08:00:00,여수,,0,6,89.64585490017342,34.74,127.74
2022-12-08 08:00:00,영동,,0,6,90.2970519877394,37.18,128.46
2022-12-08 08:00:00,영흥,,0,6,91.7397359339366,37.26,126.46
2022-12-08 08:00:00,예천,,0,6,90.0426103998274,36.65,128.46
2022-12-08 08:00:00,창원,,0,6,89.265347887084,35.21,128.58
2022-12-08 08:00:00,탑선,,0,6,90.55330438176968,35.24,126.81
2022-12-08 09:00:00,경상대,220.33333333333334,3,6,79.3332890632435,35.18,128.1
2022-12-08 09:00:00,고흥만수상,216.86666666666667,3,6,79.48278317752353,34.57,127.3
2022-12-08 09:00:00,광양항세방,196.20000000000002,3,6,79.43332656669313,34.93,127.71
2022-12-08 09:00:00,구미,196.76666666666665,3,6,79.76379310542494,36.13,128.34
2022-12-08 09:00:00,삼천포,231.76666666666665,3,6,79.21180563895794,34.95,128.07
2022-12-08 09:00:00,여수,209.30000000000004,3,6,79.29812294297196,34.74,127.74
2022-12-08 09:00:00,영동,214.4,2,6,80.33773725925198,37.18,128.46
2022-12-08 09:00:00,영흥,169.1,1,6,81.64754868028062,37.26,126.46
2022-12-08 09:00:00,예천,213.55,2,6,80.00929497224612,36.65,128.46
2022-12-08 09:00:00,창원,211.5,3,6,79.04250081615119,35.21,128.58
2022-12-08 09:00:00,탑선,214.95,2,6,80.20727461703574,35.24,126.81
2022-12-08 10:00:00,경상대,330.8666666666666,6,6,70.40452132311754,35.18,128.1
2022-12-08 10:00:00,고흥만수상,318.85,6,6,70.38460164023192,34.57,127.3
2022-12-08 10:00:00,광양항세방,296.4,6,6,70.42830820592692,34.93,127.71
2022-12-08 10:00:00,구미,312.6166666666667,6,6,70.99307000941926,36.13,128.34
2022-12-08 10:00:00,삼천포,335.8666666666666,6,6,70.24787938809664,34.95,128.07
2022-12-08 10:00:00,여수,336.65000000000003,6,6,70.26991537098799,34.74,127.74
2022-12-08 10:00:00,영동,309.7333333333333,6,6,71.72676616401085,37.18,128.46
2022-12-08 10:00:00,영흥,244.6833333333333,6,6,72.83790217630029,37.26,126.46
2022-12-08 10:00:00,예천,304.34999999999997,6,6,71.32412246219948,36.65,128.46
2022-12-08 10:00:00,창원,313.65000000000003,6,6,70.16955516170938,35.21,128.58
2022-12-08 10:00:00,탑선,301.0166666666667,6,6,71.1510591439652,35.24,126.81
2022-12-08 11:00:00,경상대,429.76666666666665,6,6,63.40568823485759,35.18,128.1
2022-12-08 11:00:00,고흥만수상,444.8833333333334,6,6,63.185907128041364,34.57,127.3
2022-12-08 11:00:00,광양항세방,398.9666666666667,6,6,63.33811860040713,34.93,127.71
2022-12-08 11:00:00,구미,426.51666666666665,6,6,64.152561092925,36.13,128.34
2022-12-08 11:00:00,삼천포,455.46666666666664,6,6,63.214817262110394,34.95,128.07
2022-12-08 11:00:00,여수,436.46666666666664,6,6,63.15962330873079,34.74,127.74
2022-12-08 11:00:00,영동,415.2333333333333,6,6,65.03807226108829,37.18,128.46
2022-12-08 11:00:00,영흥,347.01666666666665,6,6,65.86568048325533,37.26,126.46
2022-12-08 11:00:00,예천,404.68333333333334,6,6,64.56806907386839,36.65,128.46
2022-12-08 11:00:00,창원,427.95,6,6,63.24783040121269,35.21,128.58
2022-12-08 11:00:00,탑선,417.7833333333333,6,6,63.96686341790041,35.24,126.81
2022-12-08 12:00:00,경상대,502.1166666666666,6,6,59.04760493816275,35.18,128.1
2022-12-08 12:00:00,고흥만수상,497.25,6,6,58.61087085825689,34.57,127.3
2022-12-08 12:00:00,광양항세방,484.75,6,6,58.87898952991061,34.93,127.71
2022-12-08 12:00:00,구미,456.6666666666667,6,6,59.92884481994051,36.13,128.34
2022-12-08 12:00:00,삼천포,505.05,6,6,58.82941959523812,34.95,128.07
2022-12-08 12:00:00,여수,481.1666666666666,6,6,58.68856395247191,34.74,127.74
2022-12-08 12:00:00,영동,472.1000000000001,6,6,60.93165996381853,37.18,128.46
2022-12-08 12:00:00,영흥,407.3333333333333,6,6,61.38555664155161,37.26,126.46
2022-12-08 12:00:00,예천,450.68333333333334,6,6,60.41454870616539,36.65,128.46
2022-12-08 12:00:00,창원,488.3,6,6,58.98849793626188,35.21,128.58
2022-12-08 12:00:00,탑선,470.95,6,6,59.35980057760776,35.24,126.81
2022-12-08 13:00:00,경상대,500.23333333333335,6,6,57.94025906731999,35.18,128.1
2022-12-08 13:00:00,고흥만수상,514.3666666666667,6,6,57.302366992549274,34.57,127.3
2022-12-08 13:00:00,광양항세방,473.40000000000003,6,6,57.67546937599596,34.93,127.71
2022-12-08 13:00:00,구미,468.9666666666667,6,6,58.89925292682721,36.13,128.34
2022-12-08 13:00:00,삼천포,547.6833333333333,6,6,57.709305965841885,34.95,128.07
2022-12-08 13:00:00,여수,506.1499999999999,6,6,57.48672826725986,34.74,127.74
2022-12-08 13:00:00,영동,482.20000000000005,6,6,59.95300494271848,37.18,128.46
2022-12-08 13:00:00,영흥,425.0333333333333,6,6,59.972648603386304,37.26,126.46
2022-12-08 13:00:00,예천,456.24999999999994,6,6,59.42384283885735,36.65,128.46
2022-12-08 13:00:00,창원,488.84999999999997,6,6,57.99192723088447,35.21,128.58
2022-12-08 13:00:00,탑선,491.7,6,6,57.959560175480576,35.24,126.81
2022-12-08 14:00:00,경상대,485.06666666666666,6,6,60.265547047965654,35.18,128.1
2022-12-08 14:00:00,고흥만수상,486.6666666666666,6,6,59.479100046776054,34.57,127.3
2022-12-08 14:00:00,광양항세방,456.48333333333335,6,6,59.92662214410116,34.93,127.71
2022-12-08 14:00:00,구미,453.3833333333334,6,6,61.2276236076589,36.13,128.34
2022-12-08 14:00:00,삼천포,506.68333333333334,6,6,60.03991718253465,34.95,128.07
2022-12-08 14:00:00,여수,488.2166666666667,6,6,59.754242299347425,34.74,127.74
2022-12-08 14:00:00,영동,465.09999999999997,6,6,62.25241843659715,37.18,128.46
2022-12-08 14:00:00,영흥,406.4333333333334,6,6,61.8414268503038,37.26,126.46
2022-12-08 14:00:00,예천,442.71666666666664,6,6,61.75088937688669,36.65,128.46
2022-12-08 14:00:00,창원,476.9666666666667,6,6,60.42196748801696,35.21,128.58
2022-12-08 14:00:00,탑선,477.38333333333327,6,6,59.99424181856431,35.24,126.81
2022-12-08 15:00:00,경상대,416.95000000000005,6,6,65.65491883557539,35.18,128.1
2022-12-08 15:00:00,고흥만수상,421.8333333333333,6,6,64.78644608450256,34.57,127.3
2022-12-08 15:00:00,광양항세방,394.84999999999997,6,6,65.27140015139577,34.93,127.71
2022-12-08 15:00:00,구미,393.71666666666664,6,6,66.55715088246053,36.13,128.34
2022-12-08 15:00:00,삼천포,419.84999999999997,6,6,65.44890864879184,34.95,128.07
2022-12-08 15:00:00,여수,393.2333333333333,6,6,65.1252026722397,34.74,127.74
2022-12-08 15:00:00,영동,397.46666666666664,6,6,67.48985619011559,37.18,128.46
2022-12-08 15:00:00,영흥,352.5833333333333,6,6,66.7118809488773,37.26,126.46
2022-12-08 15:00:00,예천,378.0833333333333,6,6,67.04552037975662,36.65,128.46
2022-12-08 15:00:00,창원,424.90000000000003,6,6,65.89554848946179,35.21,128.58
2022-12-08 15:00:00,탑선,408.1666666666667,6,6,65.13847425123217,35.24,126.81
2022-12-08 16:00:00,경상대,299.24,5,5,73.425630057894,35.18,128.1
2022-12-08 16:00:00,고흥만수상,256.7,5,5,72.53013668601163,34.57,127.3
2022-12-08 16:00:00,광양항세방,261.17999999999995,5,5,73.02290783704657,34.93,127.71
2022-12-08 16:00:00,구미,275.68,5,5,74.2320892421539,36.13,128.34
2022-12-08 16:00:00,삼천포,297.35999999999996,5,5,73.24655555730686,34.95,128.07
2022-12-08 16:00:00,여수,295.8,5,5,72.90634921599742,34.74,127.74
2022-12-08 16:00:00,영동,271.24,5,5,75.03937999668528,37.18,128.46
2022-12-08 16:00:00,영흥,238.2,5,5,73.9811678635607,37.26,126.46
2022-12-08 16:00:00,예천,259.08000000000004,5,5,74.6663787784322,36.65,128.46
2022-12-08 16:00:00,창원,291.62,5,5,73.72655106245851,35.21,128.58
2022-12-08 16:00:00,탑선,246.88000000000002,5,5,72.72470786382718,35.24,126.81
2022-12-08 17:00:00,경상대,205.2,2,6,82.89347227372826,35.18,128.1
2022-12-08 17:00:00,고흥만수상,222.75,2,6,82.00693431232665,34.57,127.3
2022-12-08 17:00:00,광양항세방,177.25,2,6,82.48878478129498,34.93,127.71
2022-12-08 17:00:00,구미,201.6,1,6,83.59005975226492,36.13,128.34
2022-12-08 17:00:00,삼천포,205.25,2,6,82.74345770527637,34.95,128.07
2022-12-08 17:00:00,여수,210.0,2,6,82.40133642321776,34.74,127.74
2022-12-08 17:00:00,영동,194.6,1,6,84.26114019206092,37.18,128.46
2022-12-08 17:00:00,영흥,160.5,2,6,83.0016327823647,37.26,126.46
2022-12-08 17:00:00,예천,186.2,1,6,83.96267314928751,36.65,128.46
2022-12-08 17:00:00,창원,203.55,2,6,83.23479410272002,35.21,128.58
2022-12-08 17:00:00,탑선,152.0,2,6,82.06172122175381,35.24,126.81
2022-12-08 18:00:00,경상대,,0,6,93.52025262324011,35.18,128.1
2022-12-08 18:00:00,고흥만수상,,0,6,92.66425850646972,34.57,127.3
2022-12-08 18:00:00,광양항세방,,0,6,93.1243278412601,34.93,127.71
2022-12-08 18:00:00,구미,,0,6,94.10368746004703,36.13,128.34
2022-12-08 18:00:00,삼천포,,0,6,93.39909312520385,34.95,128.07
2022-12-08 18:00:00,여수,,0,6,93.06410565815797,34.74,127.74
2022-12-08 18:00:00,영동,,0,6,94.63814842950232,37.18,128.46
2022-12-08 18:00:00,영흥,,0,6,93.23809660327561,37.26,126.46
2022-12-08 18:00:00,예천,,0,6,94.41277139525278,36.65,128.46
2022-12-08 18:00:00,창원,,0,6,93.88758989634316,35.21,128.58
2022-12-08 18:00:00,탑선,,0,6,92.59777965389439,35.24,126.81
2022-12-08 19:00:00,경상대,,0,6,104.92065375942666,35.18,128.1
2022-12-08 19:00:00,고흥만수상,,0,6,104.10915421879827,34.57,127.3
2022-12-08 19:00:00,광양항세방,,0,6,104.54057648310012,34.93,127.71
2022-12-08 19:00:00,구미,,0,6,105.39019704422134,36.13,128.34
2022-12-08 19:00:00,삼천포,,0,6,104.82778332031462,34.95,128.07
2022-12-08 19:00:00,여수,,0,6,104.50587826334055,34.74,127.74
2022-12-08 19:00:00,영동,,0,6,105.78925956746136,37.18,128.46
2022-12-08 19:00:00,영흥,,0,6,104.29305785708242,37.26,126.46
2022-12-08 19:00:00,예천,,0,6,105.63519264707426,36.65,128.46
2022-12-08 19:00:00,창원,,0,6,105.30390069307549,35.21,128.58
2022-12-08 19:00:00,탑선,,0,6,103.93590546957321,35.24,126.81
2022-12-08 20:00:00,경상대,,0,6,116.81894479764598,35.18,128.1
2022-12-08 20:00:00,고흥만수상,,0,6,116.06383074313186,34.57,127.3
2022-12-08 20:00:00,광양항세방,,0,6,116.46064462847721,34.93,127.71
2022-12-08 20:00:00,구미,,0,6,117.17104734793723,36.13,128.34
2022-12-08 20:00:00,삼천포,,0,6,116.75462016981074,34.95,128.07
2022-12-08 20:00:00,여수,,0,6,116.45074484741718,34.74,127.74
2022-12-08 20:00:00,영동,,0,6,117.43197030218434,37.18,128.46
2022-12-08 20:00:00,영흥,,0,6,115.87330191597238,37.26,126.46
2022-12-08 20:00:00,예천,,0,6,117.34974993979485,36.65,128.46
2022-12-08 20:00:00,창원,,0,6,117.21053413761513,35.21,128.58
2022-12-08 20:00:00,탑선,,0,6,115.79268991053547,35.24,126.81
2022-12-08 21:00:00,경상대,,0,6,128.99760519725695,35.18,128.1
2022-12-08 21:00:00,고흥만수상,,0,6,128.31407073299332,34.57,127.3
2022-12-08 21:00:00,광양항세방,,0,6,128.66829813984288,34.93,127.71
2022-12-08 21:00:00,구미,,0,6,129.22085292922065,36.13,128.34
2022-12-08 21:00:00,삼천포,,0,6,128.96398852022747,34.95,128.07
2022-12-08 21:00:00,여수,,0,6,128.68413081953776,34.74,127.74
2022-12-08 21:00:00,영동,,0,6,129.3315956086689,37.18,128.46
2022-12-08 21:00:00,영흥,,0,6,127.7404617608897,37.26,126.46
2022-12-08 21:00:00,예천,,0,6,129.326576710292,36.65,128.46
2022-12-08 21:00:00,창원,,0,6,129.39066054587886,35.21,128.58
2022-12-08 21:00:00,탑선,,0,6,127.94725783873336,35.24,126.81
2022-12-08 22:00:00,경상대,,0,6,141.23321717301195,35.18,128.1
2022-12-08 22:00:00,고흥만수상,,0,6,140.64876828340425,34.57,127.3
2022-12-08 22:00:00,광양항세방,,0,6,140.94552065996385,34.93,127.71
2022-12-08 22:00:00,구미,,0,6,141.29914248481248,36.13,128.34
2022-12-08 22:00:00,삼천포,,0,6,141.23637835599146,34.95,128.07
2022-12-08 22:00:00,여수,,0,6,140.9909915640102,34.74,127.74
2022-12-08 22:00:00,영동,,0,6,141.2287321281835,37.18,128.46
2022-12-08 22:00:00,영흥,,0,6,139.64341694784608,37.26,126.46
2022-12-08 22:00:00,예천,,0,6,141.31559400147165,36.65,128.46
2022-12-08 22:00:00,창원,,0,6,141.61858056952084,35.21,128.58
2022-12-08 22:00:00,탑선,,0,6,140.17938287919162,35.24,126.81
2022-12-08 23:00:00,경상대,,0,6,153.14773004614628,35.18,128.1
2022-12-08 23:00:00,고흥만수상,,0,6,152.7281820943885,34.57,127.3
2022-12-08 23:00:00,광양항세방,,0,6,152.9316303764063,34.93,127.71
2022-12-08 23:00:00,구미,,0,6,152.9861106313102,36.13,128.34
2022-12-08 23:00:00,삼천포,,0,6,153.20312522352947,34.95,128.07
2022-12-08 23:00:00,여수,,0,6,153.01713697894544,34.74,127.74
2022-12-08 23:00:00,영동,,0,6,152.66063536769738,37.18,128.46
2022-12-08 23:00:00,영흥,,0,6,151.16438843904797,37.26,126.46
2022-12-08 23:00:00,예천,,0,6,152.87415280274786,36.65,128.46
2022-12-08 23:00:00,창원,,0,6,153.50467027611177,35.21,128.58
2022-12-08 23:00:00,탑선,,0,6,152.1343236298636,35.24,126.81
2022-12-09 00:00:00,경상대,,0,6,163.54718564880687,35.18,128.1
2022-12-09 00:00:00,고흥만수상,,0,6,163.49898714001273,34.57,127.3
2022-12-09 00:00:00,광양항세방,,0,6,163.4979457238808,34.93,127.71
2022-12-09 00:00:00,구미,,0,6,162.98338067302717,36.13,128.34
2022-12-09 00:00:00,삼천포,,0,6,163.69383576691635,34.95,128.07
2022-12-09 00:00:00,여수,,0,6,163.64758706315212,34.74,127.74
2022-12-09 00:00:00,영동,,0,6,162.24397458553273,37.18,128.46
2022-12-09 00:00:00,영흥,,0,6,161.13146416695156,37.26,126.46
2022-12-09 00:00:00,예천,,0,6,162.6526939882749,36.65,128.46
2022-12-09 00:00:00,창원,,0,6,163.79589832265512,35.21,128.58
2022-12-09 00:00:00,탑선,,0,6,162.75009052135124,35.24,126.81
2022-12-09 01:00:00,경상대,,0,6,167.3668232305292,35.18,128.1
2022-12-09 01:00:00,고흥만수상,,0,6,168.07821327926047,34.57,127.3
2022-12-09 01:00:00,광양항세방,,0,6,167.6703405095244,34.93,127.71
2022-12-09 01:00:00,구미,,0,6,166.397079906082,36.13,128.34
2022-12-09 01:00:00,삼천포,,0,6,167.59721903288388,34.95,128.07
2022-12-09 01:00:00,여수,,0,6,167.85335224600828,34.74,127.74
2022-12-09 01:00:00,영동,,0,6,165.34823930074919,37.18,128.46
2022-12-09 01:00:00,영흥,,0,6,165.4705724154266,37.26,126.46
2022-12-09 01:00:00,예천,,0,6,165.86825510459917,36.65,128.46
2022-12-09 01:00:00,창원,,0,6,167.2553037811066,35.21,128.58
2022-12-09 01:00:00,탑선,,0,6,167.46133049718946,35.24,126.81
2022-12-09 02:00:00,경상대,,0,6,160.2627595122667,35.18,128.1
2022-12-09 02:00:00,고흥만수상,,0,6,161.14868360125644,34.57,127.3
2022-12-09 02:00:00,광양항세방,,0,6,160.6673815216751,34.93,127.71
2022-12-09 02:00:00,구미,,0,6,159.55675222886813,36.13,128.34
2022-12-09 02:00:00,삼천포,,0,6,160.41183061357162,34.95,128.07
2022-12-09 02:00:00,여수,,0,6,160.75371807887757,34.74,127.74
2022-12-09 02:00:00,영동,,0,6,158.8486338153763,37.18,128.46
2022-12-09 02:00:00,영흥,,0,6,160.01783228534532,37.26,126.46
2022-12-09 02:00:00,예천,,0,6,159.17045522752505,36.65,128.46
2022-12-09 02:00:00,창원,,0,6,159.92035015991522,35.21,128.58
2022-12-09 02:00:00,탑선,,0,6,161.0850446589494,35.24,126.81
2022-12-09 03:00:00,경상대,,0,6,149.0697802571171,35.18,128.1
2022-12-09 03:00:00,고흥만수상,,0,6,149.85913981926566,34.57,127.3
2022-12-09 03:00:00,광양항세방,,0,6,149.44221548787874,34.93,127.71
2022-12-09 03:00:00,구미,,0,6,148.6288600152519,36.13,128.34
2022-12-09 03:00:00,삼천포,,0,6,149.15160414179337,34.95,128.07
2022-12-09 03:00:00,여수,,0,6,149.46621409719307,34.74,127.74
2022-12-09 03:00:00,영동,,0,6,148.23243162219788,37.18,128.46
2022-12-09 03:00:00,영흥,,0,6,149.71537818645572,37.26,126.46
2022-12-09 03:00:00,예천,,0,6,148.38909568167912,36.65,128.46
2022-12-09 03:00:00,창원,,0,6,148.68264451178135,35.21,128.58
2022-12-09 03:00:00,탑선,,0,6,150.0696336045345,35.24,126.81
2022-12-09 04:00:00,경상대,,0,6,136.97927186094165,35.18,128.1
2022-12-09 04:00:00,고흥만수상,,0,6,137.67099125540355,34.57,127.3
2022-12-09 04:00:00,광양항세방,,0,6,137.31321012815556,34.93,127.71
2022-12-09 04:00:00,구미,,0,6,136.71932390272076,36.13,128.34
2022-12-09 04:00:00,삼천포,,0,6,137.01744250483245,34.95,128.07
2022-12-09 04:00:00,여수,,0,6,137.29983976657326,34.74,127.74
2022-12-09 04:00:00,영동,,0,6,136.5339122444834,37.18,128.46
2022-12-09 04:00:00,영흥,,0,6,138.10877353613841,37.26,126.46
2022-12-09 04:00:00,예천,,0,6,136.58124327926816,36.65,128.46
2022-12-09 04:00:00,창원,,0,6,136.58594411397127,35.21,128.58
2022-12-09 04:00:00,탑선,,0,6,138.0265530325036,35.24,126.81
2022-12-09 05:00:00,경상대,,0,6,124.73783669396113,35.18,128.1
2022-12-09 05:00:00,고흥만수상,,0,6,125.33821365608493,34.57,127.3
2022-12-09 05:00:00,광양항세방,,0,6,125.03406052865245,34.93,127.71
2022-12-09 05:00:00,구미,,0,6,124.62227073033625,36.13,128.34
2022-12-09 05:00:00,삼천포,,0,6,124.74188384901537,34.95,128.07
2022-12-09 05:00:00,여수,,0,6,124.9927662336273,34.74,127.74
2022-12-09 05:00:00,영동,,0,6,124.60252269758584,37.18,128.46
2022-12-09 05:00:00,영흥,,0,6,126.19706678329149,37.26,126.46
2022-12-09 05:00:00,예천,,0,6,124.56537004960146,36.65,128.46
2022-12-09 05:00:00,창원,,0,6,124.34985296798132,35.21,128.58
2022-12-09 05:00:00,탑선,,0,6,125.79318169738058,35.24,126.81
2022-12-09 06:00:00,경상대,,0,6,112.63926817176485,35.18,128.1
2022-12-09 06:00:00,고흥만수상,,0,6,113.14684870705146,34.57,127.3
2022-12-09 06:00:00,광양항세방,,0,6,112.89620372896815,34.93,127.71
2022-12-09 06:00:00,구미,,0,6,112.65501248567547,36.13,128.34
2022-12-09 06:00:00,삼천포,,0,6,112.61264984054492,34.95,128.07
2022-12-09 06:00:00,여수,,0,6,112.83067314636986,34.74,127.74
2022-12-09 06:00:00,영동,,0,6,112.78308195174488,37.18,128.46
2022-12-09 06:00:00,영흥,,0,6,114.35972964001098,37.26,126.46
2022-12-09 06:00:00,예천,,0,6,112.67162172603402,36.65,128.46
2022-12-09 06:00:00,창원,,0,6,112.26336886439512,35.21,128.58
2022-12-09 06:00:00,탑선,,0,6,113.68174190252246,35.24,126.81
2022-12-09 07:00:00,경상대,,0,6,100.89555689253733,35.18,128.1
2022-12-09 07:00:00,고흥만수상,,0,6,101.30174291383135,34.57,127.3
2022-12-09 07:00:00,광양항세방,,0,6,101.10878649043039,34.93,127.71
2022-12-09 07:00:00,구미,,0,6,101.04167980061194,36.13,128.34
2022-12-09 07:00:00,삼천포,,0,6,100.83878458657742,34.95,128.07
2022-12-09 07:00:00,여수,,0,6,101.02019789831893,34.74,127.74
2022-12-09 07:00:00,영동,,0,6,101.31351285793944,37.18,128.46
2022-12-09 07:00:00,영흥,,0,6,102.84100868184485,37.26,126.46
2022-12-09 07:00:00,예천,,0,6,101.13082782428386,36.65,128.46
2022-12-09 07:00:00,창원,,0,6,100.53839833659045,35.21,128.58
2022-12-09 07:00:00,탑선,,0,6,101.90676537360717,35.24,126.81
2022-12-09 08:00:00,경상대,,0,6,89.73882766774722,35.18,128.1
2022-12-09 08:00:00,고흥만수상,,0,6,90.02806643494613,34.57,127.3
2022-12-09 08:00:00,광양항세방,,0,6,89.90088286237874,34.93,127.71
2022-12-09 08:00:00,구미,,0,6,90.02178609333944,36.13,128.34
2022-12-09 08:00:00,삼천포,,0,6,89.65072158633673,34.95,128.07
2022-12-09 08:00:00,여수,,0,6,89.7891903969598,34.74,127.74
2022-12-09 08:00:00,영동,,0,6,90.4410563578904,37.18,128.46
2022-12-09 08:00:00,영흥,,0,6,91.88357841446783,37.26,126.46
2022-12-09 08:00:00,예천,,0,6,90.18650635002551,36.65,128.46
2022-12-09 08:00:00,창원,,0,6,89.40891548395808,35.21,128.58
2022-12-09 08:00:00,탑선,,0,6,90.69666715469623,35.24,126.81
2022-12-09 09:00:00,경상대,174.83333333333334,3,6,79.47768895181922,35.18,128.1
2022-12-09 09:00:00,고흥만수상,218.83333333333334,3,6,79.62715957783811,34.57,127.3
2022-12-09 09:00:00,광양항세방,172.13333333333333,3,6,79.5777203886463,34.93,127.71
2022-12-09 09:00:00,구미,197.86666666666667,3,6,79.9081814004939,36.13,128.34
2022-12-09 09:00:00,삼천포,182.73333333333335,3,6,79.35620338425235,34.95,128.07
2022-12-09 09:00:00,여수,209.83333333333334,3,6,79.4425130539893,34.74,127.74
2022-12-09 09:00:00,영동,140.85,2,6,80.48207858611414,37.18,128.46
2022-12-09 09:00:00,영흥,114.3,1,6,81.79193750506805,37.26,126.46
2022-12-09 09:00:00,예천,200.85,2,6,80.15366280087694,36.65,128.46
2022-12-09 09:00:00,창원,158.53333333333333,3,6,79.18690085116306,35.21,128.58
2022-12-09 09:00:00,탑선,143.55,2,6,80.35166262702218,35.24,126.81
2022-12-09 10:00:00,경상대,273.4666666666667,6,6,70.54711238643972,35.18,128.1
2022-12-09 10:00:00,고흥만수상,260.71666666666664,6,6,70.52753278764315,34.57,127.3
2022-12-09 10:00:00,광양항세방,237.88333333333333,6,6,70.57105778584233,34.93,127.71
2022-12-09 10:00:00,구미,290.8,6,6,71.13533754331574,36.13,128.34
2022-12-09 10:00:00,삼천포,269.7833333333333,6,6,70.39053814403168,34.95,128.07
2022-12-09 10:00:00,여수,260.09999999999997,6,6,70.41270585491696,34.74,127.74
2022-12-09 10:00:00,영동,172.61666666666667,6,6,71.8686890918693,37.18,128.46
2022-12-09 10:00:00,영흥,222.64999999999998,6,6,72.98033198891217,37.26,126.46
2022-12-09 10:00:00,예천,278.7333333333333,6,6,71.46620551367936,36.65,128.46
2022-12-09 10:00:00,창원,191.13333333333335,6,6,70.31201704404832,35.21,128.58
2022-12-09 10:00:00,탑선,160.73333333333332,6,6,71.29393555305616,35.24,126.81
2022-12-09 11:00:00,경상대,340.65000000000003,6,6,63.54133457039711,35.18,128.1
2022-12-09 11:00:00,고흥만수상,223.83333333333334,6,6,63.32235684700693,34.57,127.3
2022-12-09 11:00:00,광양항세방,225.25,6,6,63.474139317288746,34.93,127.71
2022-12-09 11:00:00,구미,370.4333333333334,6,6,64.28761363735634,36.13,128.34
2022-12-09 11:00:00,삼천포,264.0,6,6,63.350587011689925,34.95,128.07
2022-12-09 11:00:00,여수,267.84999999999997,6,6,63.29570852545858,34.74,127.74
2022-12-09 11:00:00,영동,213.78333333333333,6,6,65.17256177036437,37.18,128.46
2022-12-09 11:00:00,영흥,313.5833333333333,6,6,66.0014731438634,37.26,126.46
2022-12-09 11:00:00,예천,343.8833333333334,6,6,64.70280118314218,36.65,128.46
2022-12-09 11:00:00,창원,318.48333333333335,6,6,63.383132232045014,35.21,128.58
2022-12-09 11:00:00,탑선,258.31666666666666,6,6,64.10333304772129,35.24,126.81
2022-12-09 12:00:00,경상대,491.3500000000001,6,6,59.16849833936469,35.18,128.1
2022-12-09 12:00:00,고흥만수상,357.04999999999995,6,6,58.73299398141212,34.57,127.3
2022-12-09 12:00:00,광양항세방,388.5666666666666,6,6,59.00046554447606,34.93,127.71
2022-12-09 12:00:00,구미,423.5,6,6,60.04909319737807,36.13,128.34
2022-12-09 12:00:00,삼천포,407.34999999999997,6,6,58.95043519033068,34.95,128.07
2022-12-09 12:00:00,여수,443.3166666666666,6,6,58.81007342664044,34.74,127.74
2022-12-09 12:00:00,영동,326.43333333333334,6,6,61.051388001997935,37.18,128.46
2022-12-09 12:00:00,영흥,347.5833333333333,6,6,61.507657790220065,37.26,126.46
2022-12-09 12:00:00,예천,378.70000000000005,6,6,60.534462697941464,36.65,128.46
2022-12-09 12:00:00,창원,358.15000000000003,6,6,59.10877016159506,35.21,128.58
2022-12-09 12:00:00,탑선,448.40000000000003,6,6,59.48226609520479,35.24,126.81
2022-12-09 13:00:00,경상대,504.3166666666666,6,6,58.037812332081586,35.18,128.1
2022-12-09 13:00:00,고흥만수상,444.0666666666666,6,6,57.40128529981543,34.57,127.3
2022-12-09 13:00:00,광양항세방,454.6000000000001,6,6,57.773689437303055,34.93,127.71
2022-12-09 13:00:00,구미,456.6333333333334,6,6,58.99649102172097,36.13,128.34
2022-12-09 13:00:00,삼천포,533.75,6,6,57.80688781705229,34.95,128.07
2022-12-09 13:00:00,여수,483.7,6,6,57.584877350232645,34.74,127.74
2022-12-09 13:00:00,영동,386.7166666666667,6,6,60.05015964150516,37.18,128.46
2022-12-09 13:00:00,영흥,419.61666666666673,6,6,60.07315549320052,37.26,126.46
2022-12-09 13:00:00,예천,322.15000000000003,6,6,59.520934572065535,36.65,128.46
2022-12-09 13:00:00,창원,515.6666666666666,6,6,58.088630256123864,35.21,128.58
2022-12-09 13:00:00,탑선,485.21666666666664,6,6,58.05938294315794,35.24,126.81
2022-12-09 14:00:00,경상대,444.6666666666667,6,6,60.334310134209346,35.18,128.1
2022-12-09 14:00:00,고흥만수상,261.01666666666665,6,6,59.54895459251419,34.57,127.3
2022-12-09 14:00:00,광양항세방,430.8,6,6,59.99595024448733,34.93,127.71
2022-12-09 14:00:00,구미,430.6000000000001,6,6,61.2966917722822,36.13,128.34
2022-12-09 14:00:00,삼천포,499.7,6,6,60.10855180983225,34.95,128.07
2022-12-09 14:00:00,여수,412.4666666666667,6,6,59.82335875246169,34.74,127.74
2022-12-09 14:00:00,영동,376.45,6,6,62.32210129153154,37.18,128.46
2022-12-09 14:00:00,영흥,384.11666666666673,6,6,61.91489760638188,37.26,126.46
2022-12-09 14:00:00,예천,373.18333333333334,6,6,61.820148314705634,36.65,128.46
2022-12-09 14:00:00,창원,455.98333333333335,6,6,60.489815028757725,35.21,128.58
2022-12-09 14:00:00,탑선,433.6000000000001,6,6,60.06557776897232,35.24,126.81
2022-12-09 15:00:00,경상대,380.4666666666667,6,6,65.69480037256383,35.18,128.1
2022-12-09 15:00:00,고흥만수상,172.16666666666666,6,6,64.82691405462954,34.57,127.3
2022-12-09 15:00:00,광양항세방,272.8833333333334,6,6,65.3116308193539,34.93,127.71
2022-12-09 15:00:00,구미,380.65000000000003,6,6,66.59796342726273,36.13,128.34
2022-12-09 15:00:00,삼천포,408.34999999999997,6,6,65.48851312594591,34.95,128.07
2022-12-09 15:00:00,여수,244.6,6,6,65.1651061418193,34.74,127.74
2022-12-09 15:00:00,영동,377.25,6,6,67.53194504911038,37.18,128.46
2022-12-09 15:00:00,영흥,327.8333333333333,6,6,66.75757165533183,37.26,126.46
2022-12-09 15:00:00,예천,377.18333333333334,6,6,67.08686086563,36.65,128.46
2022-12-09 15:00:00,창원,400.84999999999997,6,6,65.9346082584521,35.21,128.58
2022-12-09 15:00:00,탑선,406.0,6,6,65.18078508965633,35.24,126.81
2022-12-09 16:00:00,경상대,286.91999999999996,5,5,73.4403931376079,35.18,128.1
2022-12-09 16:00:00,고흥만수상,189.54000000000002,5,5,72.54498323538655,34.57,127.3
2022-12-09 16:00:00,광양항세방,242.48000000000002,5,5,73.03779521416561,34.93,127.71
2022-12-09 16:00:00,구미,263.58000000000004,5,5,74.24824326455692,36.13,128.34
2022-12-09 16:00:00,삼천포,295.6,5,5,73.26093923960141,34.95,128.07
2022-12-09 16:00:00,여수,227.12000000000003,5,5,72.9208415937745,34.74,127.74
2022-12-09 16:00:00,영동,263.04,5,5,75.05727701449062,37.18,128.46
2022-12-09 16:00:00,영흥,235.8,5,5,74.00213368674947,37.26,126.46
2022-12-09 16:00:00,예천,248.76,5,5,74.68330929439469,36.65,128.46
2022-12-09 16:00:00,창원,278.93999999999994,5,5,73.74065619243005,35.21,128.58
2022-12-09 16:00:00,탑선,197.16000000000003,5,5,72.74152317659114,35.24,126.81
2022-12-09 17:00:00,경상대,183.25,2,6,82.88810338290604,35.18,128.1
2022-12-09 17:00:00,고흥만수상,140.75,2,6,82.00124103071474,34.57,127.3
2022-12-09 17:00:00,광양항세방,165.5,2,6,82.48335291028212,34.93,127.71
2022-12-09 17:00:00,구미,196.1,1,6,83.58638417364114,36.13,128.34
2022-12-09 17:00:00,삼천포,184.3,2,6,82.7376465945467,34.95,128.07
2022-12-09 17:00:00,여수,168.55,2,6,82.39547585365005,34.74,127.74
2022-12-09 17:00:00,영동,186.2,1,6,84.25950399615849,37.18,128.46
2022-12-09 17:00:00,영흥,160.8,2,6,83.00245731386705,37.26,126.46
2022-12-09 17:00:00,예천,152.3,1,6,83.95993880999153,36.65,128.46
2022-12-09 17:00:00,창원,184.85,2,6,83.22893256255435,35.21,128.58
2022-12-09 17:00:00,탑선,135.39999999999998,2,6,82.05799132157833,35.24,126.81
2022-12-09 18:00:00,경상대,,0,6,93.49944994566359,35.18,128.1
2022-12-09 18:00:00,고흥만수상,,0,6,92.64280445371305,34.57,127.3
2022-12-09 18:00:00,광양항세방,,0,6,93.10331003472486,34.93,127.71
2022-12-09 18:00:00,구미,,0,6,94.08480020407922,36.13,128.34
2022-12-09 18:00:00,삼천포,,0,6,93.3778039713763,34.95,128.07
2022-12-09 18:00:00,여수,,0,6,93.0426389001736,34.74,127.74
2022-12-09 18:00:00,영동,,0,6,94.62151489380287,37.18,128.46
2022-12-09 18:00:00,영흥,,0,6,93.22336372514764,37.26,126.46
2022-12-09 18:00:00,예천,,0,6,94.39494744159758,36.65,128.46
2022-12-09 18:00:00,창원,,0,6,93.86643808516408,35.21,128.58
2022-12-09 18:00:00,탑선,,0,6,92.57824880542552,35.24,126.81
2022-12-09 19:00:00,경상대,,0,6,104.88846433811086,35.18,128.1
2022-12-09 19:00:00,고흥만수상,,0,6,104.07601604526982,34.57,127.3
2022-12-09 19:00:00,광양항세방,,0,6,104.50803391907384,34.93,127.71
2022-12-09 19:00:00,구미,,0,6,105.36014282743533,36.13,128.34
2022-12-09 19:00:00,삼천포,,0,6,104.79506262714973,34.95,128.07
2022-12-09 19:00:00,여수,,0,6,104.47286403532168,34.74,127.74
2022-12-09 19:00:00,영동,,0,6,105.76167545157067,37.18,128.46
2022-12-09 19:00:00,영흥,,0,6,104.26687523549133,37.26,126.46
2022-12-09 19:00:00,예천,,0,6,105.60632300835472,36.65,128.46
2022-12-09 19:00:00,창원,,0,6,105.27148700727558,35.21,128.58
2022-12-09 19:00:00,탑선,,0,6,103.90467294313015,35.24,126.81
2022-12-09 20:00:00,경상대,,0,6,116.77900027906945,35.18,128.1
2022-12-09 20:00:00,고흥만수상,,0,6,116.0226045803601,34.57,127.3
2022-12-09 20:00:00,광양항세방,,0,6,116.4201945781696,34.93,127.71
2022-12-09 20:00:00,구미,,0,6,117.13352894461875,36.13,128.34
2022-12-09 20:00:00,삼천포,,0,6,116.71408202694569,34.95,128.07
2022-12-09 20:00:00,여수,,0,6,116.40978542496232,34.74,127.74
2022-12-09 20:00:00,영동,,0,6,117.3972169727187,37.18,128.46
2022-12-09 20:00:00,영흥,,0,6,115.83946334280655,37.26,126.46
2022-12-09 20:00:00,예천,,0,6,117.31357634105264,36.65,128.46
2022-12-09 20:00:00,창원,,0,6,117.17048744540182,35.21,128.58
2022-12-09 20:00:00,탑선,,0,6,115.75340854509359,35.24,126.81
2022-12-09 21:00:00,경상대,,0,6,128.95373727114594,35.18,128.1
2022-12-09 21:00:00,고흥만수상,,0,6,128.2684566085187,34.57,127.3
2022-12-09 21:00:00,광양항세방,,0,6,128.62371464481964,34.93,127.71
2022-12-09 21:00:00,구미,,0,6,129.17986776312898,36.13,128.34
2022-12-09 21:00:00,삼천포,,0,6,128.91942566441136,34.95,128.07
2022-12-09 21:00:00,여수,,0,6,128.638970733284,34.74,127.74
2022-12-09 21:00:00,영동,,0,6,129.29384332937093,37.18,128.46
2022-12-09 21:00:00,영흥,,0,6,127.70303754121434,37.26,126.46
2022-12-09 21:00:00,예천,,0,6,129.28718622296893,36.65,128.46
2022-12-09 21:00:00,창원,,0,6,129.34684012741835,35.21,128.58
2022-12-09 21:00:00,탑선,,0,6,127.90371401132346,35.24,126.81
2022-12-09 22:00:00,경상대,,0,6,141.19080333733785,35.18,128.1
2022-12-09 22:00:00,고흥만수상,,0,6,140.6038142429506,34.57,127.3
2022-12-09 22:00:00,광양항세방,,0,6,140.90203309736373,34.93,127.71
2022-12-09 22:00:00,구미,,0,6,141.2604045473878,36.13,128.34
2022-12-09 22:00:00,삼천포,,0,6,141.193090804331,34.95,128.07
2022-12-09 22:00:00,여수,,0,6,140.94680629733264,34.74,127.74
2022-12-09 22:00:00,영동,,0,6,141.1940239797004,37.18,128.46
2022-12-09 22:00:00,영흥,,0,6,139.60807263503307,37.26,126.46
2022-12-09 22:00:00,예천,,0,6,141.27887850524695,36.65,128.46
2022-12-09 22:00:00,창원,,0,6,141.57646420278581,35.21,128.58
2022-12-09 22:00:00,탑선,,0,6,140.13674500345996,35.24,126.81
2022-12-09 23:00:00,경상대,,0,6,153.11768142821654,35.18,128.1
2022-12-09 23:00:00,고흥만수상,,0,6,152.6939399886025,34.57,127.3
2022-12-09 23:00:00,광양항세방,,0,6,152.89975502462417,34.93,127.71
2022-12-09 23:00:00,구미,,0,6,152.9611960121686,36.13,128.34
2022-12-09 23:00:00,삼천포,,0,6,153.17187192347603,34.95,128.07
2022-12-09 23:00:00,여수,,0,6,152.98435020061837,34.74,127.74
2022-12-09 23:00:00,영동,,0,6,152.64109927122308,37.18,128.46
2022-12-09 23:00:00,영흥,,0,6,151.1420022485795,37.26,126.46
2022-12-09 23:00:00,예천,,0,6,152.8520153543661,36.65,128.46
2022-12-09 23:00:00,창원,,0,6,153.47550908086032,35.21,128.58
2022-12-09 23:00:00,탑선,,0,6,152.10273300908543,35.24,126.81
2022-12-10 00:00:00,경상대,,0,6,163.5611892078603,35.18,128.1
2022-12-10 00:00:00,고흥만수상,,0,6,163.50520000303442,34.57,127.3
2022-12-10 00:00:00,광양항세방,,0,6,163.50844972994128,34.93,127.71
2022-12-10 00:00:00,구미,,0,6,163.0041426353582,36.13,128.34
2022-12-10 00:00:00,삼천포,,0,6,163.7062694965486,34.95,128.07
2022-12-10 00:00:00,여수,,0,6,163.6570402710982,34.74,127.74
2022-12-10 00:00:00,영동,,0,6,162.27090597449612,37.18,128.46
2022-12-10 00:00:00,영흥,,0,6,161.1495323853317,37.26,126.46
2022-12-10 00:00:00,예천,,0,6,162.67688527214747,36.65,128.46
2022-12-10 00:00:00,창원,,0,6,163.8125620205625,35.21,128.58
2022-12-10 00:00:00,탑선,,0,6,162.7582262664097,35.24,126.81
2022-12-10 01:00:00,경상대,,0,6,167.48094153664846,35.18,128.1
2022-12-10 01:00:00,고흥만수상,,0,6,168.1884250363621,34.57,127.3
2022-12-10 01:00:00,광양항세방,,0,6,167.78259241567486,34.93,127.71
2022-12-10 01:00:00,구미,,0,6,166.5112624121707,36.13,128.34
2022-12-10 01:00:00,삼천포,,0,6,167.71147049061705,34.95,128.07
2022-12-10 01:00:00,여수,,0,6,167.96600350240823,34.74,127.74
2022-12-10 01:00:00,영동,,0,6,165.46178834798732,37.18,128.46
2022-12-10 01:00:00,영흥,,0,6,165.5740689076568,37.26,126.46
2022-12-10 01:00:00,예천,,0,6,165.9824032311202,36.65,128.46
2022-12-10 01:00:00,창원,,0,6,167.37190143003426,35.21,128.58
2022-12-10 01:00:00,탑선,,0,6,167.56794045751116,35.24,126.81
2022-12-10 02:00:00,경상대,,0,6,160.40426974496077,35.18,128.1
2022-12-10 02:00:00,고흥만수상,,0,6,161.2901730378811,34.57,127.3
2022-12-10 02:00:00,광양항세방,,0,6,160.8088882677291,34.93,127.71
2022-12-10 02:00:00,구미,,0,6,159.69826324161875,36.13,128.34
2022-12-10 02:00:00,삼천포,,0,6,160.5533125561207,34.95,128.07
2022-12-10 02:00:00,여수,,0,6,160.8951952797782,34.74,127.74
2022-12-10 02:00:00,영동,,0,6,158.98994829176098,37.18,128.46
2022-12-10 02:00:00,영흥,,0,6,160.15851696891232,37.26,126.46
2022-12-10 02:00:00,예천,,0,6,159.3119008146569,36.65,128.46
2022-12-10 02:00:00,창원,,0,6,160.06182927703458,35.21,128.58
2022-12-10 02:00:00,탑선,,0,6,161.22655279897458,35.24,126.81
2022-12-10 03:00:00,경상대,,0,6,149.2076438829274,35.18,128.1
2022-12-10 03:00:00,고흥만수상,,0,6,149.99653186572957,34.57,127.3
2022-12-10 03:00:00,광양항세방,,0,6,149.57990527160712,34.93,127.71
2022-12-10 03:00:00,구미,,0,6,148.76757820522835,36.13,128.34
2022-12-10 03:00:00,삼천포,,0,6,149.28923349636696,34.95,128.07
2022-12-10 03:00:00,여수,,0,6,149.60369142250173,34.74,127.74
2022-12-10 03:00:00,영동,,0,6,148.37196475203163,37.18,128.46
2022-12-10 03:00:00,영흥,,0,6,149.8553345969878,37.26,126.46
2022-12-10 03:00:00,예천,,0,6,148.52822648317272,36.65,128.46
2022-12-10 03:00:00,창원,,0,6,148.82043410192313,35.21,128.58
2022-12-10 03:00:00,탑선,,0,6,150.20785294069356,35.24,126.81
2022-12-10 04:00:00,경상대,,0,6,137.1150690693409,35.18,128.1
2022-12-10 04:00:00,고흥만수상,,0,6,137.80620530825846,34.57,127.3
2022-12-10 04:00:00,광양항세방,,0,6,137.44877611197882,34.93,127.71
2022-12-10 04:00:00,구미,,0,6,136.85600617677014,36.13,128.34
2022-12-10 04:00:00,삼천포,,0,6,137.15301119962973,34.95,128.07
2022-12-10 04:00:00,여수,,0,6,137.4352095809775,34.74,127.74
2022-12-10 04:00:00,영동,,0,6,136.67148286062655,37.18,128.46
2022-12-10 04:00:00,영흥,,0,6,138.24654567964427,37.26,126.46
2022-12-10 04:00:00,예천,,0,6,136.71837467089256,36.65,128.46
2022-12-10 04:00:00,창원,,0,6,136.7217482502278,35.21,128.58
2022-12-10 04:00:00,탑선,,0,6,138.16248166169595,35.24,126.81
2022-12-10 05:00:00,경상대,,0,6,124.87369471615754,35.18,128.1
2022-12-10 05:00:00,고흥만수상,,0,6,125.47352035004545,34.57,127.3
2022-12-10 05:00:00,광양항세방,,0,6,125.16969275551305,34.93,127.71
2022-12-10 05:00:00,구미,,0,6,124.75887495096667,36.13,128.34
2022-12-10 05:00:00,삼천포,,0,6,124.87755404371782,34.95,128.07
2022-12-10 05:00:00,여수,,0,6,125.12824308815378,34.74,127.74
2022-12-10 05:00:00,영동,,0,6,124.73987772106506,37.18,128.46
2022-12-10 05:00:00,영흥,,0,6,126.33441439656589,37.26,126.46
2022-12-10 05:00:00,예천,,0,6,124.70235726040059,36.65,128.46
2022-12-10 05:00:00,창원,,0,6,124.48576321706919,35.21,128.58
2022-12-10 05:00:00,탑선,,0,6,125.92901837713387,35.24,126.81
2022-12-10 06:00:00,경상대,,0,6,112.7763533522502,35.18,128.1
2022-12-10 06:00:00,고흥만수상,,0,6,113.28346605521054,34.57,127.3
2022-12-10 06:00:00,광양항세방,,0,6,113.03309360220253,34.93,127.71
2022-12-10 06:00:00,구미,,0,6,112.79267004917489,36.13,128.34
2022-12-10 06:00:00,삼천포,,0,6,112.7495926517149,34.95,128.07
2022-12-10 06:00:00,여수,,0,6,112.96744872976788,34.74,127.74
2022-12-10 06:00:00,영동,,0,6,112.92130556000212,37.18,128.46
2022-12-10 06:00:00,영흥,,0,6,114.49782781731379,37.26,126.46
2022-12-10 06:00:00,예천,,0,6,112.80957186049447,36.65,128.46
2022-12-10 06:00:00,창원,,0,6,112.40052496215944,35.21,128.58
2022-12-10 06:00:00,탑선,,0,6,113.8187235244343,35.24,126.81
2022-12-10 07:00:00,경상대,,0,6,101.03430483351349,35.18,128.1
2022-12-10 07:00:00,고흥만수상,,0,6,101.44014387282868,34.57,127.3
2022-12-10 07:00:00,광양항세방,,0,6,101.24738806338081,34.93,127.71
2022-12-10 07:00:00,구미,,0,6,101.18080698715704,36.13,128.34
2022-12-10 07:00:00,삼천포,,0,6,100.97743804355069,34.95,128.07
2022-12-10 07:00:00,여수,,0,6,101.15872548380221,34.74,127.74
2022-12-10 07:00:00,영동,,0,6,101.45299894559281,37.18,128.46
2022-12-10 07:00:00,영흥,,0,6,102.98033838234356,37.26,126.46
2022-12-10 07:00:00,예천,,0,6,101.2701443403169,36.65,128.46
2022-12-10 07:00:00,창원,,0,6,100.67721440409181,35.21,128.58
2022-12-10 07:00:00,탑선,,0,6,102.04538458880229,35.24,126.81
2022-12-10 08:00:00,경상대,,0,6,89.87896314483383,35.18,128.1
2022-12-10 08:00:00,고흥만수상,,0,6,90.1680268787027,34.57,127.3
2022-12-10 08:00:00,광양항세방,,0,6,90.04094539508311,34.93,127.71
2022-12-10 08:00:00,구미,,0,6,90.16207779422032,36.13,128.34
2022-12-10 08:00:00,삼천포,,0,6,89.79081583523603,34.95,128.07
2022-12-10 08:00:00,여수,,0,6,89.92922065274468,34.74,127.74
2022-12-10 08:00:00,영동,,0,6,90.58147180866516,37.18,128.46
2022-12-10 08:00:00,영흥,,0,6,92.02391088971707,37.26,126.46
2022-12-10 08:00:00,예천,,0,6,90.3268673383286,36.65,128.46
2022-12-10 08:00:00,창원,,0,6,89.54909036395557,35.21,128.58
2022-12-10 08:00:00,탑선,,0,6,90.8367147432967,35.24,126.81
2022-12-10 09:00:00,경상대,210.36666666666667,3,6,79.6179508898387,35.18,128.1
2022-12-10 09:00:00,고흥만수상,208.43333333333337,3,6,79.76749742480155,34.57,127.3
2022-12-10 09:00:00,광양항세방,175.4,3,6,79.71802034664385,34.93,127.71
2022-12-10 09:00:00,구미,207.55,2,6,80.04833503534942,36.13,128.34
2022-12-10 09:00:00,삼천포,221.70000000000002,3,6,79.49648524469893,34.95,128.07
2022-12-10 09:00:00,여수,209.76666666666665,3,6,79.58282457895727,34.74,127.74
2022-12-10 09:00:00,영동,101.35,2,6,80.62208802284025,37.18,128.46
2022-12-10 09:00:00,영흥,166.4,1,6,81.93209413871762,37.26,126.46
2022-12-10 09:00:00,예천,201.0,2,6,80.29374431531846,36.65,128.46
2022-12-10 09:00:00,창원,150.36666666666667,3,6,79.32713330816694,35.21,128.58
2022-12-10 09:00:00,탑선,160.85,2,6,80.49197911892713,35.24,126.81
2022-12-10 10:00:00,경상대,323.1166666666667,6,6,70.68466052423278,35.18,128.1
2022-12-10 10:00:00,고흥만수상,270.0333333333333,6,6,70.66551406331595,34.57,127.3
2022-12-10 10:00:00,광양항세방,268.55,6,6,70.70880629814158,34.93,127.71
2022-12-10 10:00:00,구미,299.13333333333327,6,6,71.27248322601164,36.13,128.34
2022-12-10 10:00:00,삼천포,340.05,6,6,70.5281715872507,34.95,128.07
2022-12-10 10:00:00,여수,304.06666666666666,6,6,70.55050650851861,34.74,127.74
2022-12-10 10:00:00,영동,220.0,6,6,72.00541389206145,37.18,128.46
2022-12-10 10:00:00,영흥,235.85000000000002,6,6,73.11767806851161,37.26,126.46
2022-12-10 10:00:00,예천,292.2333333333333,6,6,71.60312501613019,36.65,128.46
2022-12-10 10:00:00,창원,317.98333333333335,6,6,70.44940361046847,35.21,128.58
2022-12-10 10:00:00,탑선,172.73333333333332,6,6,71.43184613221885,35.24,126.81
2022-12-10 11:00:00,경상대,358.05,6,6,63.67098201991345,35.18,128.1
2022-12-10 11:00:00,고흥만수상,230.95000000000002,6,6,63.45288394091942,34.57,127.3
2022-12-10 11:00:00,광양항세방,256.98333333333335,6,6,63.604195973678785,34.93,127.71
2022-12-10 11:00:00,구미,407.93333333333334,6,6,64.41661362102604,36.13,128.34
2022-12-10 11:00:00,삼천포,381.0,6,6,63.4803693979225,34.95,128.07
2022-12-10 11:00:00,여수,285.5166666666667,6,6,63.425835959901946,34.74,127.74
2022-12-10 11:00:00,영동,307.45000000000005,6,6,65.30094989734833,37.18,128.46
2022-12-10 11:00:00,영흥,365.7833333333333,6,6,66.13127797228975,37.26,126.46
2022-12-10 11:00:00,예천,387.2166666666667,6,6,64.83145278672299,36.65,128.46
2022-12-10 11:00:00,창원,423.25,6,6,63.51240434053892,35.21,128.58
2022-12-10 11:00:00,탑선,249.94999999999996,6,6,64.23388129145,35.24,126.81
2022-12-10 12:00:00,경상대,239.36666666666665,6,6,59.282561956237345,35.18,128.1
2022-12-10 12:00:00,고흥만수상,332.31666666666666,6,6,58.848335182847094,34.57,127.3
2022-12-10 12:00:00,광양항세방,251.38333333333333,6,6,59.11513399384509,34.93,127.71
2022-12-10 12:00:00,구미,331.25,6,6,60.16248605126703,36.13,128.34
2022-12-10 12:00:00,삼천포,273.71666666666664,6,6,59.06462609287922,34.95,128.07
2022-12-10 12:00:00,여수,282.5833333333333,6,6,58.92477710216687,34.74,127.74
2022-12-10 12:00:00,영동,416.0833333333333,6,6,61.164239476195235,37.18,128.46
2022-12-10 12:00:00,영흥,402.0,6,6,61.62296926042903,37.26,126.46
2022-12-10 12:00:00,예천,437.7333333333333,6,6,60.64750801837755,36.65,128.46
2022-12-10 12:00:00,창원,342.3333333333333,6,6,59.22219024611241,35.21,128.58
2022-12-10 12:00:00,탑선,227.25,6,6,59.59796135944295,35.24,126.81
2022-12-10 13:00:00,경상대,216.0666666666667,6,6,58.12804609428491,35.18,128.1
2022-12-10 13:00:00,고흥만수상,264.5833333333333,6,6,57.49290140722931,34.57,127.3
2022-12-10 13:00:00,광양항세방,254.86666666666667,6,6,57.86459805942357,34.93,127.71
2022-12-10 13:00:00,구미,397.1833333333334,6,6,59.08640194805325,36.13,128.34
2022-12-10 13:00:00,삼천포,264.4166666666667,6,6,57.897151557964825,34.95,128.07
2022-12-10 13:00:00,여수,303.6666666666667,6,6,57.67571515619372,34.74,127.74
2022-12-10 13:00:00,영동,434.96666666666664,6,6,60.13998143899146,37.18,128.46
2022-12-10 13:00:00,영흥,322.8666666666666,6,6,60.166366602039744,37.26,126.46
2022-12-10 13:00:00,예천,373.84999999999997,6,6,59.610695246641626,36.65,128.46
2022-12-10 13:00:00,창원,279.3666666666667,6,6,58.17800533189531,35.21,128.58
2022-12-10 13:00:00,탑선,225.45000000000002,6,6,58.15191068799356,35.24,126.81
2022-12-10 14:00:00,경상대,196.1,6,6,60.39570151022938,35.18,128.1
2022-12-10 14:00:00,고흥만수상,252.23333333333332,6,6,59.6114362777695,34.57,127.3
2022-12-10 14:00:00,광양항세방,249.5333333333333,6,6,60.05790554108974,34.93,127.71
2022-12-10 14:00:00,구미,230.16666666666666,6,6,61.35838042132775,36.13,128.34
2022-12-10 14:00:00,삼천포,248.0,6,6,60.16981692104446,34.95,128.07
2022-12-10 14:00:00,여수,212.86666666666667,6,6,59.88510470483155,34.74,127.74
2022-12-10 14:00:00,영동,402.8833333333334,6,6,62.38439494305027,37.18,128.46
2022-12-10 14:00:00,영흥,215.66666666666666,6,6,61.98096450065484,37.26,126.46
2022-12-10 14:00:00,예천,216.5,6,6,61.88202342913709,36.65,128.46
2022-12-10 14:00:00,창원,224.61666666666665,6,6,60.55029540928055,35.21,128.58
2022-12-10 14:00:00,탑선,198.9,6,6,60.12953006977432,35.24,126.81
2022-12-10 15:00:00,경상대,182.13333333333333,6,6,65.72759840643279,35.18,128.1
2022-12-10 15:00:00,고흥만수상,200.3166666666667,6,6,64.86029488359154,34.57,127.3
2022-12-10 15:00:00,광양항세방,211.01666666666665,6,6,65.34477488651322,34.93,127.71
2022-12-10 15:00:00,구미,189.1833333333333,6,6,66.63167129193288,36.13,128.34
2022-12-10 15:00:00,삼천포,236.5833333333333,6,6,65.5210400566215,34.95,128.07
2022-12-10 15:00:00,여수,227.29999999999998,6,6,65.19792935722529,34.74,127.74
2022-12-10 15:00:00,영동,290.5833333333333,6,6,67.56690285664777,37.18,128.46
2022-12-10 15:00:00,영흥,162.01666666666668,6,6,66.79608234983012,37.26,126.46
2022-12-10 15:00:00,예천,194.0,6,6,67.12108500082329,36.65,128.46
2022-12-10 15:00:00,창원,163.53333333333333,6,6,65.96659647558877,35.21,128.58
2022-12-10 15:00:00,탑선,165.76666666666665,6,6,65.21597706585337,35.24,126.81
2022-12-10 16:00:00,경상대,176.38000000000002,5,5,73.44852555523237,35.18,128.1
2022-12-10 16:00:00,고흥만수상,164.14000000000001,5,5,72.55320294007721,34.57,127.3
2022-12-10 16:00:00,광양항세방,156.56,5,5,73.04605154608976,34.93,127.71
2022-12-10 16:00:00,구미,158.98000000000002,5,5,74.25772813793867,36.13,128.34
2022-12-10 16:00:00,삼천포,175.84,5,5,73.26870260424491,34.95,128.07
2022-12-10 16:00:00,여수,158.26,5,5,72.92871323255963,34.74,127.74
2022-12-10 16:00:00,영동,173.82,5,5,75.06845886274269,37.18,128.46
2022-12-10 16:00:00,영흥,171.26,5,5,74.0163214086258,37.26,126.46
2022-12-10 16:00:00,예천,99.26,5,5,74.6935495598281,36.65,128.46
2022-12-10 16:00:00,창원,168.11999999999998,5,5,73.74814466309923,35.21,128.58
2022-12-10 16:00:00,탑선,158.9,5,5,72.75166346921999,35.24,126.81
2022-12-10 17:00:00,경상대,170.2,2,6,82.8765852951866,35.18,128.1
2022-12-10 17:00:00,고흥만수상,142.60000000000002,2,6,81.98941373433738,34.57,127.3
2022-12-10 17:00:00,광양항세방,114.1,2,6,82.47177619063297,34.93,127.71
2022-12-10 17:00:00,구미,94.9,1,6,83.57650443210937,36.13,128.34
2022-12-10 17:00:00,삼천포,144.2,2,6,82.72570059385863,34.95,128.07
2022-12-10 17:00:00,여수,131.8,2,6,82.38348396242208,34.74,127.74
2022-12-10 17:00:00,영동,159.6,1,6,84.25159961550513,37.18,128.46
2022-12-10 17:00:00,영흥,173.0,2,6,82.99695059068148,37.26,126.46
2022-12-10 17:00:00,예천,139.3,1,6,83.95097022267146,36.65,128.46
2022-12-10 17:00:00,창원,127.85,2,6,83.21693470337706,35.21,128.58
2022-12-10 17:00:00,탑선,132.05,2,6,82.04806811000111,35.24,126.81
2022-12-10 18:00:00,경상대,,0,6,93.47293329690538,35.18,128.1
2022-12-10 18:00:00,고흥만수상,,0,6,92.61566436131122,34.57,127.3
2022-12-10 18:00:00,광양항세방,,0,6,93.07658812368452,34.93,127.71
2022-12-10 18:00:00,구미,,0,6,94.06012876833441,36.13,128.34
2022-12-10 18:00:00,삼천포,,0,6,93.35081870464654,34.95,128.07
2022-12-10 18:00:00,여수,,0,6,93.01548424581954,34.74,127.74
2022-12-10 18:00:00,영동,,0,6,94.59901692731813,37.18,128.46
2022-12-10 18:00:00,영흥,,0,6,93.20271084868953,37.26,126.46
2022-12-10 18:00:00,예천,,0,6,94.37130091463585,36.65,128.46
2022-12-10 18:00:00,창원,,0,6,93.839582485041,35.21,128.58
2022-12-10 18:00:00,탑선,,0,6,92.55296483840549,35.24,126.81
2022-12-10 19:00:00,경상대,,0,6,104.85091129055711,35.18,128.1
2022-12-10 19:00:00,고흥만수상,,0,6,104.03755639153898,34.57,127.3
2022-12-10 19:00:00,광양항세방,,0,6,104.47014384899066,34.93,127.71
2022-12-10 19:00:00,구미,,0,6,105.32463921392726,36.13,128.34
2022-12-10 19:00:00,삼천포,,0,6,104.75699974292073,34.95,128.07
2022-12-10 19:00:00,여수,,0,6,104.43452109666362,34.74,127.74
2022-12-10 19:00:00,영동,,0,6,105.72854547521509,37.18,128.46
2022-12-10 19:00:00,영흥,,0,6,104.23510338758324,37.26,126.46
2022-12-10 19:00:00,예천,,0,6,105.5719571341465,36.65,128.46
2022-12-10 19:00:00,창원,,0,6,105.23371622343491,35.21,128.58
2022-12-10 19:00:00,탑선,,0,6,103.86804525796349,35.24,126.81
2022-12-10 20:00:00,경상대,,0,6,116.73392740787438,35.18,128.1
2022-12-10 20:00:00,고흥만수상,,0,6,115.97630963444183,34.57,127.3
2022-12-10 20:00:00,광양항세방,,0,6,116.3746400163172,34.93,127.71
2022-12-10 20:00:00,구미,,0,6,117.09077815448356,36.13,128.34
2022-12-10 20:00:00,삼천포,,0,6,116.66844116138061,34.95,128.07
2022-12-10 20:00:00,여수,,0,6,116.3637432618634,34.74,127.74
2022-12-10 20:00:00,영동,,0,6,117.35711620303101,37.18,128.46
2022-12-10 20:00:00,영흥,,0,6,115.80025117558768,37.26,126.46
2022-12-10 20:00:00,예천,,0,6,117.27211370199542,36.65,128.46
2022-12-10 20:00:00,창원,,0,6,117.12531409536955,35.21,128.58
2022-12-10 20:00:00,탑선,,0,6,115.7089776714068,35.24,126.81
2022-12-10 21:00:00,경상대,,0,6,128.90481305634805,35.18,128.1
2022-12-10 21:00:00,고흥만수상,,0,6,128.2178699986441,34.57,127.3
2022-12-10 21:00:00,광양항세방,,0,6,128.57410950427175,34.93,127.71
2022-12-10 21:00:00,구미,,0,6,129.13369815979107,36.13,128.34
2022-12-10 21:00:00,삼천포,,0,6,128.86983771178643,34.95,128.07
2022-12-10 21:00:00,여수,,0,6,128.58881464712107,34.74,127.74
2022-12-10 21:00:00,영동,,0,6,129.25076787243881,37.18,128.46
2022-12-10 21:00:00,영흥,,0,6,127.66029039558823,37.26,126.46
2022-12-10 21:00:00,예천,,0,6,129.24254191373416,36.65,128.46
2022-12-10 21:00:00,창원,,0,6,129.29795790042397,35.21,128.58
2022-12-10 21:00:00,탑선,,0,6,127.85510850230857,35.24,126.81
2022-12-10 22:00:00,경상대,,0,6,141.14313260034749,35.18,128.1
2022-12-10 22:00:00,고흥만수상,,0,6,140.55372519368677,34.57,127.3
2022-12-10 22:00:00,광양항세방,,0,6,140.85334042020415,34.93,127.71
2022-12-10 22:00:00,구미,,0,6,141.21624801616923,36.13,128.34
2022-12-10 22:00:00,삼천포,,0,6,141.1445853243975,34.95,128.07
2022-12-10 22:00:00,여수,,0,6,140.8974467410033,34.74,127.74
2022-12-10 22:00:00,영동,,0,6,141.15372804360135,37.18,128.46
2022-12-10 22:00:00,영흥,,0,6,139.56718815301588,37.26,126.46
2022-12-10 22:00:00,예천,,0,6,141.2366579923427,36.65,128.46
2022-12-10 22:00:00,창원,,0,6,141.52907252330854,35.21,128.58
2022-12-10 22:00:00,탑선,,0,6,140.08887394744787,35.24,126.81
2022-12-10 23:00:00,경상대,,0,6,153.08161961539406,35.18,128.1
2022-12-10 23:00:00,고흥만수상,,0,6,152.6538692253851,34.57,127.3
2022-12-10 23:00:00,광양항세방,,0,6,152.86194695454054,34.93,127.71
2022-12-10 23:00:00,구미,,0,6,152.93006978715164,36.13,128.34
2022-12-10 23:00:00,삼천포,,0,6,153.1346530621102,34.95,128.07
2022-12-10 23:00:00,여수,,0,6,152.9456662126164,34.74,127.74
2022-12-10 23:00:00,영동,,0,6,152.61515924076184,37.18,128.46
2022-12-10 23:00:00,영흥,,0,6,151.11335546765935,37.26,126.46
2022-12-10 23:00:00,예천,,0,6,152.82356404140563,36.65,128.46
2022-12-10 23:00:00,창원,,0,6,153.44028908173476,35.21,128.58
2022-12-10 23:00:00,탑선,,0,6,152.06521848099834,35.24,126.81
2022-12-11 00:00:00,경상대,,0,6,163.5672936285772,35.18,128.1
2022-12-11 00:00:00,고흥만수상,,0,6,163.5037102736754,34.57,127.3
2022-12-11 00:00:00,광양항세방,,0,6,163.51114163831681,34.93,127.71
2022-12-11 00:00:00,구미,,0,6,163.01689913092287,36.13,128.34
2022-12-11 00:00:00,삼천포,,0,6,163.71083002785662,34.95,128.07
2022-12-11 00:00:00,여수,,0,6,163.65869647632502,34.74,127.74
2022-12-11 00:00:00,영동,,0,6,162.2897636910908,37.18,128.46
2022-12-11 00:00:00,영흥,,0,6,161.15976538419073,37.26,126.46
2022-12-11 00:00:00,예천,,0,6,162.69302650703113,36.65,128.46
2022-12-11 00:00:00,창원,,0,6,163.82124830684415,35.21,128.58
2022-12-11 00:00:00,탑선,,0,6,162.75866161419754,35.24,126.81
2022-12-11 01:00:00,경상대,,0,6,167.58743428255207,35.18,128.1
2022-12-11 01:00:00,고흥만수상,,0,6,168.2907852547661,34.57,127.3
2022-12-11 01:00:00,광양항세방,,0,6,167.8871113393028,34.93,127.71
2022-12-11 01:00:00,구미,,0,6,166.61786649298472,36.13,128.34
2022-12-11 01:00:00,삼천포,,0,6,167.8180917195507,34.95,128.07
2022-12-11 01:00:00,여수,,0,6,168.07093109281544,34.74,127.74
2022-12-11 01:00:00,영동,,0,6,165.56776977037657,37.18,128.46
2022-12-11 01:00:00,영흥,,0,6,165.66959243909895,37.26,126.46
2022-12-11 01:00:00,예천,,0,6,166.08899265740263,36.65,128.46
2022-12-11 01:00:00,창원,,0,6,167.48100931123258,35.21,128.58
2022-12-11 01:00:00,탑선,,0,6,167.66658372124235,35.24,126.81
2022-12-11 02:00:00,경상대,,0,6,160.54187024738513,35.18,128.1
2022-12-11 02:00:00,고흥만수상,,0,6,161.4277990189222,34.57,127.3
2022-12-11 02:00:00,광양항세방,,0,6,160.9464942514864,34.93,127.71
2022-12-11 02:00:00,구미,,0,6,159.83564514790004,36.13,128.34
2022-12-11 02:00:00,삼천포,,0,6,160.69094477479138,34.95,128.07
2022-12-11 02:00:00,여수,,0,6,161.03283085710243,34.74,127.74
2022-12-11 02:00:00,영동,,0,6,159.12688785058876,37.18,128.46
2022-12-11 02:00:00,영흥,,0,6,160.29448706436105,37.26,126.46
2022-12-11 02:00:00,예천,,0,6,159.44910230577415,36.65,128.46
2022-12-11 02:00:00,창원,,0,6,160.19946358618938,35.21,128.58
2022-12-11 02:00:00,탑선,,0,6,161.36392426728918,35.24,126.81
2022-12-11 03:00:00,경상대,,0,6,149.34299462246838,35.18,128.1
2022-12-11 03:00:00,고흥만수상,,0,6,150.1315117603258,34.57,127.3
2022-12-11 03:00:00,광양항세방,,0,6,149.71511996733275,34.93,127.71
2022-12-11 03:00:00,구미,,0,6,148.90358180762195,36.13,128.34
2022-12-11 03:00:00,삼천포,,0,6,149.42440105891043,34.95,128.07
2022-12-11 03:00:00,여수,,0,6,149.7387390654813,34.74,127.74
2022-12-11 03:00:00,영동,,0,6,148.50855931328175,37.18,128.46
2022-12-11 03:00:00,영흥,,0,6,149.9922165446593,37.26,126.46
2022-12-11 03:00:00,예천,,0,6,148.66453418908688,36.65,128.46
2022-12-11 03:00:00,창원,,0,6,148.9557274561776,35.21,128.58
2022-12-11 03:00:00,탑선,,0,6,150.34347779422902,35.24,126.81
2022-12-11 04:00:00,경상대,,0,6,137.24875481673888,35.18,128.1
2022-12-11 04:00:00,고흥만수상,,0,6,137.93941185395704,34.57,127.3
2022-12-11 04:00:00,광양항세방,,0,6,137.58227241695744,34.93,127.71
2022-12-11 04:00:00,구미,,0,6,136.9904079533785,36.13,128.34
2022-12-11 04:00:00,삼천포,,0,6,137.28650995827078,34.95,128.07
2022-12-11 04:00:00,여수,,0,6,137.56854476595734,34.74,127.74
2022-12-11 04:00:00,영동,,0,6,136.80658692814103,37.18,128.46
2022-12-11 04:00:00,영흥,,0,6,138.381805480311,37.26,126.46
2022-12-11 04:00:00,예천,,0,6,136.8531338901392,36.65,128.46
2022-12-11 04:00:00,창원,,0,6,136.85543994187233,35.21,128.58
2022-12-11 04:00:00,탑선,,0,6,138.29627379409425,35.24,126.81
2022-12-11 05:00:00,경상대,,0,6,125.00741750877003,35.18,128.1
2022-12-11 05:00:00,고흥만수상,,0,6,125.60679326899621,34.57,127.3
2022-12-11 05:00:00,광양항세방,,0,6,125.30323185807325,34.93,127.71
2022-12-11 05:00:00,구미,,0,6,124.89319794478352,36.13,128.34
2022-12-11 05:00:00,삼천포,,0,6,125.01112421645001,34.95,128.07
2022-12-11 05:00:00,여수,,0,6,125.26165544612893,34.74,127.74
2022-12-11 05:00:00,영동,,0,6,124.87479264549887,37.18,128.46
2022-12-11 05:00:00,영흥,,0,6,126.4693229984783,37.26,126.46
2022-12-11 05:00:00,예천,,0,6,124.83698391378485,36.65,128.46
2022-12-11 05:00:00,창원,,0,6,124.61952853035055,35.21,128.58
2022-12-11 05:00:00,탑선,,0,6,126.06272333028065,35.24,126.81
2022-12-11 06:00:00,경상대,,0,6,112.91103588748145,35.18,128.1
2022-12-11 06:00:00,고흥만수상,,0,6,113.4177805645605,34.57,127.3
2022-12-11 06:00:00,광양항세방,,0,6,113.16762313804969,34.93,127.71
2022-12-11 06:00:00,구미,,0,6,112.92779459697014,36.13,128.34
2022-12-11 06:00:00,삼천포,,0,6,112.88416381726431,34.95,128.07
2022-12-11 06:00:00,여수,,0,6,113.10188835553268,34.74,127.74
2022-12-11 06:00:00,영동,,0,6,113.0568562113524,37.18,128.46
2022-12-11 06:00:00,영흥,,0,6,114.63328481987837,37.26,126.46
2022-12-11 06:00:00,예천,,0,6,112.94491821549317,36.65,128.46
2022-12-11 06:00:00,창원,,0,6,112.53526288157936,35.21,128.58
2022-12-11 06:00:00,탑선,,0,6,113.95332479184214,35.24,126.81
2022-12-11 07:00:00,경상대,,0,6,101.17020102719272,35.18,128.1
2022-12-11 07:00:00,고흥만수상,,0,6,101.57579271931286,34.57,127.3
2022-12-11 07:00:00,광양항세방,,0,6,101.3831808345225,34.93,127.71
2022-12-11 07:00:00,구미,,0,6,101.3169635476703,36.13,128.34
2022-12-11 07:00:00,삼천포,,0,6,101.11326766569627,34.95,128.07
2022-12-11 07:00:00,여수,,0,6,101.2944654774033,34.74,127.74
2022-12-11 07:00:00,영동,,0,6,101.58938890514621,37.18,128.46
2022-12-11 07:00:00,영흥,,0,6,103.1166283381126,37.26,126.46
2022-12-11 07:00:00,예천,,0,6,101.40642590907474,36.65,128.46
2022-12-11 07:00:00,창원,,0,6,100.81315826170518,35.21,128.58
2022-12-11 07:00:00,탑선,,0,6,102.18118978504998,35.24,126.81
2022-12-11 08:00:00,경상대,,0,6,90.0156348274893,35.18,128.1
2022-12-11 08:00:00,고흥만수상,,0,6,90.30462355653493,34.57,127.3
2022-12-11 08:00:00,광양항세방,,0,6,90.17758788440145,34.93,127.71
2022-12-11 08:00:00,구미,,0,6,90.29879715962788,36.13,128.34
2022-12-11 08:00:00,삼천포,,0,6,89.92747144535113,34.95,128.07
2022-12-11 08:00:00,여수,,0,6,90.0658492299832,34.74,127.74
2022-12-11 08:00:00,영동,,0,6,90.71820271932256,37.18,128.46
2022-12-11 08:00:00,영흥,,0,6,92.16063757514009,37.26,126.46
2022-12-11 08:00:00,예천,,0,6,90.4635975721793,36.65,128.46
2022-12-11 08:00:00,창원,,0,6,89.68577629022113,35.21,128.58
2022-12-11 08:00:00,탑선,,0,6,90.97335080123493,35.24,126.81
2022-12-11 09:00:00,경상대,208.76666666666668,3,6,79.75398163484468,35.18,128.1
2022-12-11 09:00:00,고흥만수상,205.16666666666666,3,6,79.90370290475778,34.57,127.3
2022-12-11 09:00:00,광양항세방,171.70000000000002,3,6,79.85413294024582,34.93,127.71
2022-12-11 09:00:00,구미,208.85,2,6,80.18416132457057,36.13,128.34
2022-12-11 09:00:00,삼천포,219.86666666666667,3,6,79.63255785348508,34.95,128.07
2022-12-11 09:00:00,여수,205.70000000000002,3,6,79.71896393415179,34.74,127.74
2022-12-11 09:00:00,영동,202.95,2,6,80.75767345067676,37.18,128.46
2022-12-11 09:00:00,영흥,157.7,1,6,82.06792579271372,37.26,126.46
2022-12-11 09:00:00,예천,200.7,2,6,80.42944713287432,36.65,128.46
2022-12-11 09:00:00,창원,207.06666666666663,3,6,79.46310513030126,35.21,128.58
2022-12-11 09:00:00,탑선,195.89999999999998,2,6,80.62813044474709,35.24,126.81
2022-12-11 10:00:00,경상대,321.23333333333335,6,6,70.81708028450343,35.18,128.1
2022-12-11 10:00:00,고흥만수상,321.75,6,6,70.79845913446385,34.57,127.3
2022-12-11 10:00:00,광양항세방,275.65000000000003,6,6,70.84146788612365,34.93,127.71
2022-12-11 10:00:00,구미,301.5166666666667,6,6,71.40442228080701,36.13,128.34
2022-12-11 10:00:00,삼천포,339.9166666666667,6,6,70.66069412052325,34.95,128.07
2022-12-11 10:00:00,여수,314.3333333333333,6,6,70.68323139229997,34.74,127.74
2022-12-11 10:00:00,영동,296.28333333333336,6,6,72.13685642368087,37.18,128.46
2022-12-11 10:00:00,영흥,233.53333333333333,6,6,73.24985497211762,37.26,126.46
2022-12-11 10:00:00,예천,292.78333333333336,6,6,71.73479655106414,36.65,128.46
2022-12-11 10:00:00,창원,313.4166666666667,6,6,70.58162976125074,35.21,128.58
2022-12-11 10:00:00,탑선,251.9,6,6,71.56470458557234,35.24,126.81
2022-12-11 11:00:00,경상대,431.4666666666667,6,6,63.794558076008386,35.18,128.1
2022-12-11 11:00:00,고흥만수상,436.9666666666667,6,6,63.577414866888795,34.57,127.3
2022-12-11 11:00:00,광양항세방,383.7166666666667,6,6,63.72821557644825,34.93,127.71
2022-12-11 11:00:00,구미,402.55,6,6,64.53948911754657,36.13,128.34
2022-12-11 11:00:00,삼천포,460.0333333333333,6,6,63.60409179893709,34.95,128.07
2022-12-11 11:00:00,여수,424.2833333333333,6,6,63.54993257806199,34.74,127.74
2022-12-11 11:00:00,영동,401.61666666666673,6,6,65.42316519868102,37.18,128.46
2022-12-11 11:00:00,영흥,337.40000000000003,6,6,66.25502162901012,37.26,126.46
2022-12-11 11:00:00,예천,394.0833333333334,6,6,64.95395225880418,36.65,128.46
2022-12-11 11:00:00,창원,419.4833333333333,6,6,63.635574716438754,35.21,128.58
2022-12-11 11:00:00,탑선,401.84999999999997,6,6,64.35843437635006,35.24,126.81
2022-12-11 12:00:00,경상대,489.2666666666667,6,6,59.38973974828521,35.18,128.1
2022-12-11 12:00:00,고흥만수상,503.2833333333333,6,6,58.956837475057746,34.57,127.3
2022-12-11 12:00:00,광양항세방,453.20000000000005,6,6,59.22293838062706,34.93,127.71
2022-12-11 12:00:00,구미,457.98333333333335,6,6,60.26896764842681,36.13,128.34
2022-12-11 12:00:00,삼천포,528.5166666666668,6,6,59.171936218907,34.95,128.07
2022-12-11 12:00:00,여수,480.8666666666666,6,6,59.03261850708642,34.74,127.74
2022-12-11 12:00:00,영동,461.4166666666667,6,6,61.27015882356385,37.18,128.46
2022-12-11 12:00:00,영흥,402.09999999999997,6,6,61.73143329967117,37.26,126.46
2022-12-11 12:00:00,예천,449.3833333333334,6,6,60.75362908637935,36.65,128.46
2022-12-11 12:00:00,창원,474.8333333333333,6,6,59.32870269799493,35.21,128.58
2022-12-11 12:00:00,탑선,462.56666666666666,6,6,59.706828863189244,35.24,126.81
2022-12-11 13:00:00,경상대,502.98333333333335,6,6,58.21092126060941,35.18,128.1
2022-12-11 13:00:00,고흥만수상,521.5833333333334,6,6,57.57717546052319,34.57,127.3
2022-12-11 13:00:00,광양항세방,473.05,6,6,57.948155770232084,34.93,127.71
2022-12-11 13:00:00,구미,464.3166666666666,6,6,59.16894668212464,36.13,128.34
2022-12-11 13:00:00,삼천포,544.4166666666666,6,6,57.9800581087691,34.95,128.07
2022-12-11 13:00:00,여수,494.98333333333335,6,6,57.75920228384822,34.74,127.74
2022-12-11 13:00:00,영동,478.96666666666664,6,6,60.22243122782718,37.18,128.46
2022-12-11 13:00:00,영흥,438.3500000000001,6,6,60.25224065319309,37.26,126.46
2022-12-11 13:00:00,예천,451.68333333333334,6,6,59.693085863082516,36.65,128.46
2022-12-11 13:00:00,창원,488.01666666666665,6,6,58.26001388499307,35.21,128.58
2022-12-11 13:00:00,탑선,478.38333333333327,6,6,58.237102886119104,35.24,126.81
2022-12-11 14:00:00,경상대,487.6166666666666,6,6,60.449698379577974,35.18,128.1
2022-12-11 14:00:00,고흥만수상,505.2,6,6,59.66652163271049,34.57,127.3
2022-12-11 14:00:00,광양항세방,452.0,6,6,60.11246489540537,34.93,127.71
2022-12-11 14:00:00,구미,454.29999999999995,6,6,61.41266670664348,36.13,128.34
2022-12-11 14:00:00,삼천포,517.9333333333333,6,6,60.22368976094591,34.95,128.07
2022-12-11 14:00:00,여수,481.8833333333334,6,6,59.93945711037974,34.74,127.74
2022-12-11 14:00:00,영동,455.0833333333333,6,6,62.4392763179479,37.18,128.46
2022-12-11 14:00:00,영흥,411.45,6,6,62.03960230833789,37.26,126.46
2022-12-11 14:00:00,예천,437.56666666666666,6,6,61.93649182673438,36.65,128.46
2022-12-11 14:00:00,창원,475.2666666666667,6,6,60.60338634241165,35.21,128.58
2022-12-11 14:00:00,탑선,468.28333333333336,6,6,60.18607451309879,35.24,126.81
2022-12-11 15:00:00,경상대,423.29999999999995,6,6,65.75330681733686,35.18,128.1
2022-12-11 15:00:00,고흥만수상,442.0166666666666,6,6,64.88658183634581,34.57,127.3
2022-12-11 15:00:00,광양항세방,380.8,6,6,65.37082591247308,34.93,127.71
2022-12-11 15:00:00,구미,390.8999999999999,6,6,66.65826815604248,36.13,128.34
2022-12-11 15:00:00,삼천포,440.8,6,6,65.54648339879444,34.95,128.07
2022-12-11 15:00:00,여수,421.05,6,6,65.22366600292786,34.74,127.74
2022-12-11 15:00:00,영동,389.73333333333335,6,6,67.59472289030482,37.18,128.46
2022-12-11 15:00:00,영흥,351.84999999999997,6,6,66.82740406942126,37.26,126.46
2022-12-11 15:00:00,예천,374.03333333333336,6,6,67.14818633518485,36.65,128.46
2022-12-11 15:00:00,창원,413.84999999999997,6,6,65.99150754921419,35.21,128.58
2022-12-11 15:00:00,탑선,411.8333333333334,6,6,65.24404257584048,35.24,126.81
2022-12-11 16:00:00,경상대,295.21999999999997,5,5,73.45003847310814,35.18,128.1
2022-12-11 16:00:00,고흥만수상,312.54,5,5,72.55480647833595,34.57,127.3
2022-12-11 16:00:00,광양항세방,258.52,5,5,73.04768772783626,34.93,127.71
2022-12-11 16:00:00,구미,272.04,5,5,74.26055460057384,36.13,128.34
2022-12-11 16:00:00,삼천포,300.65999999999997,5,5,73.26985694587685,34.95,128.07
2022-12-11 16:00:00,여수,296.58000000000004,5,5,72.92997519804388,34.74,127.74
2022-12-11 16:00:00,영동,266.0,5,5,75.07293562847285,37.18,128.46
2022-12-11 16:00:00,영흥,243.82000000000002,5,5,74.02373883157685,37.26,126.46
2022-12-11 16:00:00,예천,255.3,5,5,74.69711006052249,36.65,128.46
2022-12-11 16:00:00,창원,292.35999999999996,5,5,73.74902816461658,35.21,128.58
2022-12-11 16:00:00,탑선,294.97999999999996,5,5,72.75513838262032,35.24,126.81
2022-12-11 17:00:00,경상대,202.4,2,6,82.85894621847632,35.18,128.1
2022-12-11 17:00:00,고흥만수상,221.1,2,6,81.97148032828518,34.57,127.3
2022-12-11 17:00:00,광양항세방,175.45,2,6,82.45408264014554,34.93,127.71
2022-12-11 17:00:00,구미,199.0,1,6,83.56044807294725,36.13,128.34
2022-12-11 17:00:00,삼천포,204.25,2,6,82.70764809961861,34.95,128.07
2022-12-11 17:00:00,여수,207.65,2,6,82.365388981971,34.74,127.74
2022-12-11 17:00:00,영동,189.9,1,6,84.23745368443849,37.18,128.46
2022-12-11 17:00:00,영흥,167.25,2,6,82.98513702447855,37.26,126.46
2022-12-11 17:00:00,예천,185.2,1,6,83.93579454919416,36.65,128.46
2022-12-11 17:00:00,창원,198.65,2,6,83.19882923164906,35.21,128.58
2022-12-11 17:00:00,탑선,210.0,2,6,82.0319783149725,35.24,126.81
2022-12-11 18:00:00,경상대,,0,6,93.44074701760283,35.18,128.1
2022-12-11 18:00:00,고흥만수상,,0,6,92.58288244977958,34.57,127.3
2022-12-11 18:00:00,광양항세방,,0,6,93.04420633802535,34.93,127.71
2022-12-11 18:00:00,구미,,0,6,94.02971661151064,36.13,128.34
2022-12-11 18:00:00,삼천포,,0,6,93.31818190432656,34.95,128.07
2022-12-11 18:00:00,여수,,0,6,92.98268617703161,34.74,127.74
2022-12-11 18:00:00,영동,,0,6,94.57069683748944,37.18,128.46
2022-12-11 18:00:00,영흥,,0,6,93.17617817359287,37.26,126.46
2022-12-11 18:00:00,예천,,0,6,94.3418747676064,36.65,128.46
2022-12-11 18:00:00,창원,,0,6,93.80706789568896,35.21,128.58
2022-12-11 18:00:00,탑선,,0,6,92.52197068981897,35.24,126.81
2022-12-11 19:00:00,경상대,,0,6,104.80805412448956,35.18,128.1
2022-12-11 19:00:00,고흥만수상,,0,6,103.99383481133954,34.57,127.3
2022-12-11 19:00:00,광양항세방,,0,6,104.42696574180859,34.93,127.71
2022-12-11 19:00:00,구미,,0,6,105.28374461431133,36.13,128.34
2022-12-11 19:00:00,삼천포,,0,6,104.71365446276083,34.95,128.07
2022-12-11 19:00:00,여수,,0,6,104.39090920504778,34.74,127.74
2022-12-11 19:00:00,영동,,0,6,105.68992665350132,37.18,128.46
2022-12-11 19:00:00,영흥,,0,6,104.19779731817185,37.26,126.46
2022-12-11 19:00:00,예천,,0,6,105.53215280714898,36.65,128.46
2022-12-11 19:00:00,창원,,0,6,105.19064827685592,35.21,128.58
2022-12-11 19:00:00,탑선,,0,6,103.82608057619375,35.24,126.81
2022-12-11 20:00:00,경상대,,0,6,116.68380036501586,35.18,128.1
2022-12-11 20:00:00,고흥만수상,,0,6,115.92502029439017,34.57,127.3
2022-12-11 20:00:00,광양항세방,,0,6,116.32405515336565,34.93,127.71
2022-12-11 20:00:00,구미,,0,6,117.04286779545893,36.13,128.34
2022-12-11 20:00:00,삼천포,,0,6,116.61777210237685,34.95,128.07
2022-12-11 20:00:00,여수,,0,6,116.31269290586305,34.74,127.74
2022-12-11 20:00:00,영동,,0,6,117.31173909895779,37.18,128.46
2022-12-11 20:00:00,영흥,,0,6,115.75573453569437,37.26,126.46
2022-12-11 20:00:00,예천,,0,6,117.22543405787812,36.65,128.46
2022-12-11 20:00:00,창원,,0,6,117.0750886851173,35.21,128.58
2022-12-11 20:00:00,탑선,,0,6,115.6594701215252,35.24,126.81
2022-12-11 21:00:00,경상대,,0,6,128.85092182137691,35.18,128.1
2022-12-11 21:00:00,고흥만수상,,0,6,128.1624005913265,34.57,127.3
2022-12-11 21:00:00,광양항세방,,0,6,128.51957210188365,34.93,127.71
2022-12-11 21:00:00,구미,,0,6,129.08243158013335,36.13,128.34
2022-12-11 21:00:00,삼천포,,0,6,128.81531438243104,34.95,128.07
2022-12-11 21:00:00,여수,,0,6,128.53375236830595,34.74,127.74
2022-12-11 21:00:00,영동,,0,6,129.20245444229653,37.18,128.46
2022-12-11 21:00:00,영흥,,0,6,127.61230345965832,37.26,126.46
2022-12-11 21:00:00,예천,,0,6,129.19273019902954,36.65,128.46
2022-12-11 21:00:00,창원,,0,6,129.2441035701936,35.21,128.58
2022-12-11 21:00:00,탑선,,0,6,127.80152911979337,35.24,126.81
2022-12-11 22:00:00,경상대,,0,6,141.09031109652636,35.18,128.1
2022-12-11 22:00:00,고흥만수상,,0,6,140.498608162356,34.57,127.3
2022-12-11 22:00:00,광양항세방,,0,6,140.79954907136377,34.93,127.71
2022-12-11 22:00:00,구미,,0,6,141.16677619850324,36.13,128.34
2022-12-11 22:00:00,삼천포,,0,6,141.09096874001074,34.95,128.07
2022-12-11 22:00:00,여수,,0,6,140.84301995996765,34.74,127.74
2022-12-11 22:00:00,영동,,0,6,141.10794413806548,37.18,128.46
2022-12-11 22:00:00,영흥,,0,6,139.52086111312659,37.26,126.46
2022-12-11 22:00:00,예천,,0,6,141.18903412872749,36.65,128.46
2022-12-11 22:00:00,창원,,0,6,141.4765121493399,35.21,128.58
2022-12-11 22:00:00,탑선,,0,6,140.03587411637406,35.24,126.81
2022-12-11 23:00:00,경상대,,0,6,153.03966915526536,35.18,128.1
2022-12-11 23:00:00,고흥만수상,,0,6,152.60809723271362,34.57,127.3
2022-12-11 23:00:00,광양항세방,,0,6,152.81833188303474,34.93,127.71
2022-12-11 23:00:00,구미,,0,6,152.89285039729197,36.13,128.34
2022-12-11 23:00:00,삼천포,,0,6,153.0915946429912,34.95,128.07
2022-12-11 23:00:00,여수,,0,6,152.90121196056316,34.74,127.74
2022-12-11 23:00:00,영동,,0,6,152.5829265778123,37.18,128.46
2022-12-11 23:00:00,영흥,,0,6,151.0785581892809,37.26,126.46
2022-12-11 23:00:00,예천,,0,6,152.78891382129962,36.65,128.46
2022-12-11 23:00:00,창원,,0,6,153.39913511495143,35.21,128.58
2022-12-11 23:00:00,탑선,,0,6,152.0219028314042,35.24,126.81
2022-12-12 00:00:00,경상대,,0,6,163.5656026245,35.18,128.1
2022-12-12 00:00:00,고흥만수상,,0,6,163.49463716712285,34.57,127.3
2022-12-12 00:00:00,광양항세방,,0,6,163.50613205746282,34.93,127.71
2022-12-12 00:00:00,구미,,0,6,163.02173704155393,36.13,128.34
2022-12-12 00:00:00,삼천포,,0,6,163.70762514595475,34.95,128.07
2022-12-12 00:00:00,여수,,0,6,163.65266930288405,34.74,127.74
2022-12-12 00:00:00,영동,,0,6,162.30061887755494,37.18,128.46
2022-12-12 00:00:00,영흥,,0,6,161.16224765233946,37.26,126.46
2022-12-12 00:00:00,예천,,0,6,162.70119604814204,36.65,128.46
2022-12-12 00:00:00,창원,,0,6,163.82205666814215,35.21,128.58
2022-12-12 00:00:00,탑선,,0,6,162.75150763495594,35.24,126.81
2022-12-12 01:00:00,경상대,,0,6,167.68617146553265,35.18,128.1
2022-12-12 01:00:00,고흥만수상,,0,6,168.38516544724354,34.57,127.3
2022-12-12 01:00:00,광양항세방,,0,6,167.9837682201138,34.93,127.71
2022-12-12 01:00:00,구미,,0,6,166.7167683016864,36.13,128.34
2022-12-12 01:00:00,삼천포,,0,6,167.91695084386546,34.95,128.07
2022-12-12 01:00:00,여수,,0,6,168.1680038907905,34.74,127.74
2022-12-12 01:00:00,영동,,0,6,165.6660664015261,37.18,128.46
2022-12-12 01:00:00,영흥,,0,6,165.7570431309806,37.26,126.46
2022-12-12 01:00:00,예천,,0,6,166.18790258348622,36.65,128.46
2022-12-12 01:00:00,창원,,0,6,167.58249438755965,35.21,128.58
2022-12-12 01:00:00,탑선,,0,6,167.7571432725063,35.24,126.81
2022-12-12 02:00:00,경상대,,0,6,160.67546176007255,35.18,128.1
2022-12-12 02:00:00,고흥만수상,,0,6,161.5614628755854,34.57,127.3
2022-12-12 02:00:00,광양항세방,,0,6,161.0801002710379,34.93,127.71
2022-12-12 02:00:00,구미,,0,6,159.96879561123188,36.13,128.34
2022-12-12 02:00:00,삼천포,,0,6,160.82462895506586,34.95,128.07
2022-12-12 02:00:00,여수,,0,6,161.16652657960583,34.74,127.74
2022-12-12 02:00:00,영동,,0,6,159.2593472947647,37.18,128.46
2022-12-12 02:00:00,영흥,,0,6,160.42563240372374,37.26,126.46
2022-12-12 02:00:00,예천,,0,6,159.58195597657635,36.65,128.46
2022-12-12 02:00:00,창원,,0,6,160.33315492433854,35.21,128.58
2022-12-12 02:00:00,탑선,,0,6,161.4970558959383,35.24,126.81
2022-12-12 03:00:00,경상대,,0,6,149.47574862349214,35.18,128.1
2022-12-12 03:00:00,고흥만수상,,0,6,150.2639973779182,34.57,127.3
2022-12-12 03:00:00,광양항세방,,0,6,149.84777640412736,34.93,127.71
2022-12-12 03:00:00,구미,,0,6,149.0367844157835,36.13,128.34
2022-12-12 03:00:00,삼천포,,0,6,149.55702363450808,34.95,128.07
2022-12-12 03:00:00,여수,,0,6,149.8712744214371,34.74,127.74
2022-12-12 03:00:00,영동,,0,6,148.64212631524248,37.18,128.46
2022-12-12 03:00:00,영흥,,0,6,150.12593411077086,37.26,126.46
2022-12-12 03:00:00,예천,,0,6,148.79793109433197,36.65,128.46
2022-12-12 03:00:00,창원,,0,6,149.08844068588644,35.21,128.58
2022-12-12 03:00:00,탑선,,0,6,150.47642393271258,35.24,126.81
2022-12-12 04:00:00,경상대,,0,6,137.3802427346377,35.18,128.1
2022-12-12 04:00:00,고흥만수상,,0,6,138.07052569452043,34.57,127.3
2022-12-12 04:00:00,광양항세방,,0,6,137.71361316290023,34.93,127.71
2022-12-12 04:00:00,구미,,0,6,137.1224414450246,36.13,128.34
2022-12-12 04:00:00,삼천포,,0,6,137.4178527608002,34.95,128.07
2022-12-12 04:00:00,여수,,0,6,137.6997597199438,34.74,127.74
2022-12-12 04:00:00,영동,,0,6,136.9391352240764,37.18,128.46
2022-12-12 04:00:00,영흥,,0,6,138.51446392496499,37.26,126.46
2022-12-12 04:00:00,예천,,0,6,136.9854324140389,36.65,128.46
2022-12-12 04:00:00,창원,,0,6,136.98693263692283,35.21,128.58
2022-12-12 04:00:00,탑선,,0,6,138.42784333667095,35.24,126.81
2022-12-12 05:00:00,경상대,,0,6,125.13891393513724,35.18,128.1
2022-12-12 05:00:00,고흥만수상,,0,6,125.7379419856091,34.57,127.3
2022-12-12 05:00:00,광양항세방,,0,6,125.43458700323762,34.93,127.71
2022-12-12 05:00:00,구미,,0,6,125.0251478356045,36.13,128.34
2022-12-12 05:00:00,삼천포,,0,6,125.14250340837653,34.95,128.07
2022-12-12 05:00:00,여수,,0,6,125.39291260858134,34.74,127.74
2022-12-12 05:00:00,영동,,0,6,125.00717486876027,37.18,128.46
2022-12-12 05:00:00,영흥,,0,6,126.60170038377473,37.26,126.46
2022-12-12 05:00:00,예천,,0,6,124.96915775279726,36.65,128.46
2022-12-12 05:00:00,창원,,0,6,124.75105760714726,35.21,128.58
2022-12-12 05:00:00,탑선,,0,6,126.19420576089755,35.24,126.81
2022-12-12 06:00:00,경상대,,0,6,113.04322062620139,35.18,128.1
2022-12-12 06:00:00,고흥만수상,,0,6,113.5496974369999,34.57,127.3
2022-12-12 06:00:00,광양항세방,,0,6,113.29969733903916,34.93,127.71
2022-12-12 06:00:00,구미,,0,6,113.06029068847039,36.13,128.34
2022-12-12 06:00:00,삼천포,,0,6,113.0162682549688,34.95,128.07
2022-12-12 06:00:00,여수,,0,6,113.2338970739771,34.74,127.74
2022-12-12 06:00:00,영동,,0,6,113.18963820882021,37.18,128.46
2022-12-12 06:00:00,영흥,,0,6,114.76600526311188,37.26,126.46
2022-12-12 06:00:00,예천,,0,6,113.07756520861753,36.65,128.46
2022-12-12 06:00:00,창원,,0,6,112.66748736269608,35.21,128.58
2022-12-12 06:00:00,탑선,,0,6,114.0854508151602,35.24,126.81
2022-12-12 07:00:00,경상대,,0,6,101.30314801879696,35.18,128.1
2022-12-12 07:00:00,고흥만수상,,0,6,101.70859203406468,34.57,127.3
2022-12-12 07:00:00,광양항세방,,0,6,101.51606736488091,34.93,127.71
2022-12-12 07:00:00,구미,,0,6,101.45005208550255,36.13,128.34
2022-12-12 07:00:00,삼천포,,0,6,101.24617598573259,34.95,128.07
2022-12-12 07:00:00,여수,,0,6,101.42732042744613,34.74,127.74
2022-12-12 07:00:00,영동,,0,6,101.72258543848162,37.18,128.46
2022-12-12 07:00:00,영흥,,0,6,103.24978134278832,37.26,126.46
2022-12-12 07:00:00,예천,,0,6,101.53957517698507,36.65,128.46
2022-12-12 07:00:00,창원,,0,6,100.94613242225957,35.21,128.58
2022-12-12 07:00:00,탑선,,0,6,102.31408361556906,35.24,126.81
2022-12-12 08:00:00,경상대,,0,6,90.14874548520892,35.18,128.1
2022-12-12 08:00:00,고흥만수상,,0,6,90.43775895282003,34.57,127.3
2022-12-12 08:00:00,광양항세방,,0,6,90.31071297244804,34.93,127.71
2022-12-12 08:00:00,구미,,0,6,90.43184731000227,36.13,128.34
2022-12-12 08:00:00,삼천포,,0,6,90.06059110707147,34.95,128.07
2022-12-12 08:00:00,여수,,0,6,90.19897871328448,34.74,127.74
2022-12-12 08:00:00,영동,,0,6,90.85115259448617,37.18,128.46
2022-12-12 08:00:00,영흥,,0,6,92.29366171609125,37.26,126.46
2022-12-12 08:00:00,예천,,0,6,90.59660036945475,36.65,128.46
2022-12-12 08:00:00,창원,,0,6,89.81887610318654,35.21,128.58
2022-12-12 08:00:00,탑선,,0,6,91.10647797069608,35.24,126.81
2022-12-12 09:00:00,경상대,202.03333333333333,3,6,79.88568773846268,35.18,128.1
2022-12-12 09:00:00,고흥만수상,189.95,2,6,80.03568195202183,34.57,127.3
2022-12-12 09:00:00,광양항세방,176.13333333333333,3,6,79.98596444136486,34.93,127.71
2022-12-12 09:00:00,구미,199.85,2,6,80.31556740129989,36.13,128.34
2022-12-12 09:00:00,삼천포,208.9333333333333,3,6,79.76432763333683,34.95,128.07
2022-12-12 09:00:00,여수,216.79999999999998,3,6,79.85083730700221,34.74,127.74
2022-12-12 09:00:00,영동,140.5,2,6,80.8887425905034,37.18,128.46
2022-12-12 09:00:00,영흥,204.1,1,6,82.19933942909555,37.26,126.46
2022-12-12 09:00:00,예천,178.65,2,6,80.56067870248532,36.65,128.46
2022-12-12 09:00:00,창원,205.6,3,6,79.5947230775524,35.21,128.58
2022-12-12 09:00:00,탑선,205.5,2,6,80.76002269090873,35.24,126.81
2022-12-12 10:00:00,경상대,323.5,6,6,70.94428666340836,35.18,128.1
2022-12-12 10:00:00,고흥만수상,319.08333333333337,6,6,70.92628208384257,34.57,127.3
2022-12-12 10:00:00,광양항세방,284.76666666666665,6,6,70.96895712552941,34.93,127.71
2022-12-12 10:00:00,구미,297.29999999999995,6,6,71.53107039130828,36.13,128.34
2022-12-12 10:00:00,삼천포,318.78333333333336,6,6,70.78802059303167,34.95,128.07
2022-12-12 10:00:00,여수,312.06666666666666,6,6,70.81079499990919,34.74,127.74
2022-12-12 10:00:00,영동,278.8,6,6,72.26293301512564,37.18,128.46
2022-12-12 10:00:00,영흥,221.06666666666663,6,6,73.37677765103889,37.26,126.46
2022-12-12 10:00:00,예천,268.15000000000003,6,6,71.86113616687412,36.65,128.46
2022-12-12 10:00:00,창원,309.20000000000005,6,6,70.70861086324845,35.21,128.58
2022-12-12 10:00:00,탑선,260.25,6,6,71.6924250154936,35.24,126.81
2022-12-12 11:00:00,경상대,393.0166666666667,6,6,63.91199118380274,35.18,128.1
2022-12-12 11:00:00,고흥만수상,351.26666666666665,6,6,63.69587701249445,34.57,127.3
2022-12-12 11:00:00,광양항세방,311.0166666666667,6,6,63.84612607418012,34.93,127.71
2022-12-12 11:00:00,구미,391.75,6,6,64.656169160193,36.13,128.34
2022-12-12 11:00:00,삼천포,348.15000000000003,6,6,63.7216825446083,34.95,128.07
2022-12-12 11:00:00,여수,319.26666666666665,6,6,63.66792628860982,34.74,127.74
2022-12-12 11:00:00,영동,386.76666666666665,6,6,65.53913719580449,37.18,128.46
2022-12-12 11:00:00,영흥,248.79999999999998,6,6,66.3726316824785,37.26,126.46
2022-12-12 11:00:00,예천,363.93333333333334,6,6,65.07022893731397,36.65,128.46
2022-12-12 11:00:00,창원,407.3999999999999,6,6,63.75257231529384,35.21,128.58
2022-12-12 11:00:00,탑선,321.40000000000003,6,6,64.47691944579819,35.24,126.81
2022-12-12 12:00:00,경상대,264.3666666666666,6,6,59.48997701102405,35.18,128.1
2022-12-12 12:00:00,고흥만수상,210.9666666666667,6,6,59.05844518334685,34.57,127.3
2022-12-12 12:00:00,광양항세방,193.03333333333333,6,6,59.32382353232221,34.93,127.71
2022-12-12 12:00:00,구미,429.98333333333335,6,6,60.36848360416341,36.13,128.34
2022-12-12 12:00:00,삼천포,260.1166666666667,6,6,59.272310818210116,34.95,128.07
2022-12-12 12:00:00,여수,220.79999999999998,6,6,59.133542493865576,34.74,127.74
2022-12-12 12:00:00,영동,458.25,6,6,61.369091840526785,37.18,128.46
2022-12-12 12:00:00,영흥,166.33333333333334,6,6,61.832993464689665,37.26,126.46
2022-12-12 12:00:00,예천,448.8333333333333,6,6,60.85277167613832,36.65,128.46
2022-12-12 12:00:00,창원,398.0333333333333,6,6,59.42825337342224,35.21,128.58
2022-12-12 12:00:00,탑선,330.06666666666666,6,6,59.80881240425427,35.24,126.81
2022-12-12 13:00:00,경상대,220.10000000000002,6,6,58.286400499342975,35.18,128.1
2022-12-12 13:00:00,고흥만수상,151.73333333333335,6,6,57.65406933562176,34.57,127.3
2022-12-12 13:00:00,광양항세방,111.78333333333335,6,6,58.024324844311906,34.93,127.71
2022-12-12 13:00:00,구미,228.39999999999998,6,6,59.244087978035125,36.13,128.34
2022-12-12 13:00:00,삼천포,244.54999999999998,6,6,58.05557014822805,34.95,128.07
2022-12-12 13:00:00,여수,150.13333333333333,6,6,57.83530107785448,34.74,127.74
2022-12-12 13:00:00,영동,474.08333333333326,6,6,60.2974716914507,37.18,128.46
2022-12-12 13:00:00,영흥,360.25,6,6,60.33073809845526,37.26,126.46
2022-12-12 13:00:00,예천,370.15000000000003,6,6,59.7680692080922,36.65,128.46
2022-12-12 13:00:00,창원,362.6166666666666,6,6,58.334619119772114,35.21,128.58
2022-12-12 13:00:00,탑선,305.7,6,6,58.31492073444818,35.24,126.81
2022-12-12 14:00:00,경상대,136.93333333333337,6,6,60.49628025847292,35.18,128.1
2022-12-12 14:00:00,고흥만수상,183.29999999999998,6,6,59.71418947030086,34.57,127.3
2022-12-12 14:00:00,광양항세방,197.35000000000002,6,6,60.15960746704734,34.93,127.71
2022-12-12 14:00:00,구미,166.86666666666667,6,6,61.45953009990349,36.13,128.34
2022-12-12 14:00:00,삼천포,202.91666666666663,6,6,60.27014988631732,34.95,128.07
2022-12-12 14:00:00,여수,206.1833333333333,6,6,59.98639522267056,34.74,127.74
2022-12-12 14:00:00,영동,316.29999999999995,6,6,62.48672466533726,37.18,128.46
2022-12-12 14:00:00,영흥,335.7,6,6,62.09078805378405,37.26,126.46
2022-12-12 14:00:00,예천,350.25,6,6,61.98353293733646,36.65,128.46
2022-12-12 14:00:00,창원,216.43333333333337,6,6,60.64906787202368,35.21,128.58
2022-12-12 14:00:00,탑선,271.1166666666667,6,6,60.23518915408813,35.24,126.81
2022-12-12 15:00:00,경상대,137.33333333333334,6,6,65.7719223404323,35.18,128.1
2022-12-12 15:00:00,고흥만수상,175.28333333333333,6,6,64.90577101601208,34.57,127.3
2022-12-12 15:00:00,광양항세방,143.81666666666663,6,6,65.3897803030305,34.93,127.71
2022-12-12 15:00:00,구미,167.13333333333335,6,6,66.67775054814477,36.13,128.34
2022-12-12 15:00:00,삼천포,199.21666666666667,6,6,65.56483996786145,34.95,128.07
2022-12-12 15:00:00,여수,190.46666666666667,6,6,65.24231261334329,34.74,127.74
2022-12-12 15:00:00,영동,252.48333333333335,6,6,67.61540126607349,37.18,128.46
2022-12-12 15:00:00,영흥,211.26666666666665,6,6,66.85153062660925,37.26,126.46
2022-12-12 15:00:00,예천,152.89999999999998,6,6,67.16816126407994,36.65,128.46
2022-12-12 15:00:00,창원,182.98333333333332,6,6,66.00933875734482,35.21,128.58
2022-12-12 15:00:00,탑선,222.4,6,6,65.26497682829105,35.24,126.81
2022-12-12 16:00:00,경상대,94.92,5,5,73.44494628552113,35.18,128.1
2022-12-12 16:00:00,고흥만수상,189.1,5,5,72.54980775696838,34.57,127.3
2022-12-12 16:00:00,광양항세방,141.1,5,5,73.04271788390248,34.93,127.71
2022-12-12 16:00:00,구미,111.08,5,5,74.25673661050183,36.13,128.34
2022-12-12 16:00:00,삼천포,165.6,5,5,73.26441679461418,34.95,128.07
2022-12-12 16:00:00,여수,119.82000000000001,5,5,72.92464178932357,34.74,127.74
2022-12-12 16:00:00,영동,149.64,5,5,75.07072060317874,37.18,128.46
2022-12-12 16:00:00,영흥,133.32,5,5,74.02439692449887,37.26,126.46
2022-12-12 16:00:00,예천,106.66,5,5,74.69400449541956,36.65,128.46
2022-12-12 16:00:00,창원,150.07999999999998,5,5,73.74332162682296,35.21,128.58
2022-12-12 16:00:00,탑선,149.2,5,5,72.75196076520739,35.24,126.81
2022-12-12 17:00:00,경상대,51.2,2,6,82.8352177400435,35.18,128.1
2022-12-12 17:00:00,고흥만수상,134.75,2,6,81.94747210131284,34.57,127.3
2022-12-12 17:00:00,광양항세방,109.15,2,6,82.43030365752416,34.93,127.71
2022-12-12 17:00:00,구미,106.5,1,6,83.53824601153973,36.13,128.34
2022-12-12 17:00:00,삼천포,159.35,2,6,82.68352088999312,34.95,128.07
2022-12-12 17:00:00,여수,109.25,2,6,82.34122252784506,34.74,127.74
2022-12-12 17:00:00,영동,111.4,1,6,84.21709619718209,37.18,128.46
2022-12-12 17:00:00,영흥,114.9,2,6,82.96704437627393,37.26,126.46
2022-12-12 17:00:00,예천,124.6,1,6,83.91444231663971,36.65,128.46
2022-12-12 17:00:00,창원,109.5,2,6,83.17464823420096,35.21,128.58
2022-12-12 17:00:00,탑선,90.6,2,6,82.00975203855252,35.24,126.81
2022-12-12 18:00:00,경상대,,0,6,93.40293877641537,35.18,128.1
2022-12-12 18:00:00,고흥만수상,,0,6,92.54450627343365,34.57,127.3
2022-12-12 18:00:00,광양항세방,,0,6,93.00621223850433,34.93,127.71
2022-12-12 18:00:00,구미,,0,6,93.99361052089627,36.13,128.34
2022-12-12 18:00:00,삼천포,,0,6,93.2799414774221,34.95,128.07
2022-12-12 18:00:00,여수,,0,6,92.94429250592609,34.74,127.74
2022-12-12 18:00:00,영동,,0,6,94.53660026246854,37.18,128.46
2022-12-12 18:00:00,영흥,,0,6,93.14380924302917,37.26,126.46
2022-12-12 18:00:00,예천,,0,6,94.30671528290834,36.65,128.46
2022-12-12 18:00:00,창원,,0,6,93.76894244061312,35.21,128.58
2022-12-12 18:00:00,탑선,,0,6,92.48531263558947,35.24,126.81
2022-12-12 19:00:00,경상대,,0,6,104.75995546960944,35.18,128.1
2022-12-12 19:00:00,고흥만수상,,0,6,103.94491398219458,34.57,127.3
2022-12-12 19:00:00,광양항세방,,0,6,104.37856219021276,34.93,127.71
2022-12-12 19:00:00,구미,,0,6,105.23752057751938,36.13,128.34
2022-12-12 19:00:00,삼천포,,0,6,104.6650896993811,34.95,128.07
2022-12-12 19:00:00,여수,,0,6,104.34209123734169,34.74,127.74
2022-12-12 19:00:00,영동,,0,6,105.64587916065248,37.18,128.46
2022-12-12 19:00:00,영흥,,0,6,104.15501522227866,37.26,126.46
2022-12-12 19:00:00,예천,,0,6,105.48697095769744,36.65,128.46
2022-12-12 19:00:00,창원,,0,6,105.14234621677203,35.21,128.58
2022-12-12 19:00:00,탑선,,0,6,103.77884020589721,35.24,126.81
2022-12-12 20:00:00,경상대,,0,6,116.62869611758455,35.18,128.1
2022-12-12 20:00:00,고흥만수상,,0,6,115.86881372673797,34.57,127.3
2022-12-12 20:00:00,광양항세방,,0,6,116.26851698374301,34.93,127.71
2022-12-12 20:00:00,구미,,0,6,116.98987351225195,36.13,128.34
2022-12-12 20:00:00,삼천포,,0,6,116.56215215487987,34.95,128.07
2022-12-12 20:00:00,여수,,0,6,116.25671167878639,34.74,127.74
2022-12-12 20:00:00,영동,,0,6,117.26115964185772,37.18,128.46
2022-12-12 20:00:00,영흥,,0,6,115.70598546492201,37.26,126.46
2022-12-12 20:00:00,예천,,0,6,117.17361229352605,36.65,128.46
2022-12-12 20:00:00,창원,,0,6,117.0198885876878,35.21,128.58
2022-12-12 20:00:00,탑선,,0,6,115.6049615486694,35.24,126.81
2022-12-12 21:00:00,경상대,,0,6,128.79215519751088,35.18,128.1
2022-12-12 21:00:00,고흥만수상,,0,6,128.10214040566586,34.57,127.3
2022-12-12 21:00:00,광양항세방,,0,6,128.46019417262224,34.93,127.71
2022-12-12 21:00:00,구미,,0,6,129.0261579305327,36.13,128.34
2022-12-12 21:00:00,삼천포,,0,6,128.75594773848644,34.95,128.07
2022-12-12 21:00:00,여수,,0,6,128.47387603684282,34.74,127.74
2022-12-12 21:00:00,영동,,0,6,129.14899078446632,37.18,128.46
2022-12-12 21:00:00,영흥,,0,6,127.55916246116603,37.26,126.46
2022-12-12 21:00:00,예천,,0,6,129.13783998670405,36.65,128.46
2022-12-12 21:00:00,창원,,0,6,129.1853691933287,35.21,128.58
2022-12-12 21:00:00,탑선,,0,6,127.74306607838903,35.24,126.81
2022-12-12 22:00:00,경상대,,0,6,141.03244689172382,35.18,128.1
2022-12-12 22:00:00,고흥만수상,,0,6,140.43857201552686,34.57,127.3
2022-12-12 22:00:00,광양항세방,,0,6,140.74076738805636,34.93,127.71
2022-12-12 22:00:00,구미,,0,6,141.11209450401338,36.13,128.34
2022-12-12 22:00:00,삼천포,,0,6,141.03234976438864,34.95,128.07
2022-12-12 22:00:00,여수,,0,6,140.78363487799047,34.74,127.74
2022-12-12 22:00:00,영동,,0,6,141.05677437239598,37.18,128.46
2022-12-12 22:00:00,영흥,,0,6,139.46919144364523,37.26,126.46
2022-12-12 22:00:00,예천,,0,6,141.13611077618242,36.65,128.46
2022-12-12 22:00:00,창원,,0,6,141.41889162609854,35.21,128.58
2022-12-12 22:00:00,탑선,,0,6,139.97785188634117,35.24,126.81
2022-12-12 23:00:00,경상대,,0,6,152.99195669897608,35.18,128.1
2022-12-12 23:00:00,고흥만수상,,0,6,152.556753246587,34.57,127.3
2022-12-12 23:00:00,광양항세방,,0,6,152.76903750278188,34.93,127.71
2022-12-12 23:00:00,구미,,0,6,152.84965877155483,36.13,128.34
2022-12-12 23:00:00,삼천포,,0,6,153.04282467934766,34.95,128.07
2022-12-12 23:00:00,여수,,0,6,152.851116292357,34.74,127.74
2022-12-12 23:00:00,영동,,0,6,152.54451545258635,37.18,128.46
2022-12-12 23:00:00,영흥,,0,6,151.0377231994819,37.26,126.46
2022-12-12 23:00:00,예천,,0,6,152.7481823390595,36.65,128.46
2022-12-12 23:00:00,창원,,0,6,153.35217417281666,35.21,128.58
2022-12-12 23:00:00,탑선,,0,6,151.97291088140733,35.24,126.81
2022-12-13 00:00:00,경상대,,0,6,163.55622694449102,35.18,128.1
2022-12-13 00:00:00,고흥만수상,,0,6,163.47810616486055,34.57,127.3
2022-12-13 00:00:00,광양항세방,,0,6,163.4935382885473,34.93,127.71
2022-12-13 00:00:00,구미,,0,6,163.01875057948567,36.13,128.34
2022-12-13 00:00:00,삼천포,,0,6,163.69676959110728,34.95,128.07
2022-12-13 00:00:00,여수,,0,6,163.6390790248263,34.74,127.74
2022-12-13 00:00:00,영동,,0,6,162.30355007569494,37.18,128.46
2022-12-13 00:00:00,영흥,,0,6,161.1570701443313,37.26,126.46
2022-12-13 00:00:00,예천,,0,6,162.70147966504717,36.65,128.46
2022-12-13 00:00:00,창원,,0,6,163.81509396954817,35.21,128.58
2022-12-13 00:00:00,탑선,,0,6,162.73688159829172,35.24,126.81
2022-12-13 01:00:00,경상대,,0,6,167.7770252549342,35.18,128.1
2022-12-13 01:00:00,고흥만수상,,0,6,168.47144062231328,34.57,127.3
2022-12-13 01:00:00,광양항세방,,0,6,168.0724367839615,34.93,127.71
2022-12-13 01:00:00,구미,,0,6,166.8078461135623,36.13,128.34
2022-12-13 01:00:00,삼천포,,0,6,168.00791812347293,34.95,128.07
2022-12-13 01:00:00,여수,,0,6,168.25709344390597,34.74,127.74
2022-12-13 01:00:00,영동,,0,6,165.7565633301575,37.18,128.46
2022-12-13 01:00:00,영흥,,0,6,165.83632574764954,37.26,126.46
2022-12-13 01:00:00,예천,,0,6,166.2790143246802,36.65,128.46
2022-12-13 01:00:00,창원,,0,6,167.67622499155826,35.21,128.58
2022-12-13 01:00:00,탑선,,0,6,167.8395065268749,35.24,126.81
2022-12-13 02:00:00,경상대,,0,6,160.80493818974603,35.18,128.1
2022-12-13 02:00:00,고흥만수상,,0,6,161.69105871033207,34.57,127.3
2022-12-13 02:00:00,광양항세방,,0,6,161.20960012999217,34.93,127.71
2022-12-13 02:00:00,구미,,0,6,160.0976060033547,36.13,128.34
2022-12-13 02:00:00,삼천포,,0,6,160.95425981701328,34.95,128.07
2022-12-13 02:00:00,여수,,0,6,161.2961771125817,34.74,127.74
2022-12-13 02:00:00,영동,,0,6,159.3872157204879,37.18,128.46
2022-12-13 02:00:00,영흥,,0,6,160.55183730349023,37.26,126.46
2022-12-13 02:00:00,예천,,0,6,159.71035210115764,36.65,128.46
2022-12-13 02:00:00,창원,,0,6,160.46279833275497,35.21,128.58
2022-12-13 02:00:00,탑선,,0,6,161.62583768804095,35.24,126.81
2022-12-13 03:00:00,경상대,,0,6,149.60581657172935,35.18,128.1
2022-12-13 03:00:00,고흥만수상,,0,6,150.39390093223707,34.57,127.3
2022-12-13 03:00:00,광양항세방,,0,6,149.97778586197524,34.93,127.71
2022-12-13 03:00:00,구미,,0,6,149.16709437384353,36.13,128.34
2022-12-13 03:00:00,삼천포,,0,6,149.68701251864374,34.95,128.07
2022-12-13 03:00:00,여수,,0,6,150.00120930263733,34.74,127.74
2022-12-13 03:00:00,영동,,0,6,148.77257175009288,37.18,128.46
2022-12-13 03:00:00,영흥,,0,6,150.25639223166488,37.26,126.46
2022-12-13 03:00:00,예천,,0,6,148.92832436308294,36.65,128.46
2022-12-13 03:00:00,창원,,0,6,149.2184844920269,35.21,128.58
2022-12-13 03:00:00,탑선,,0,6,150.60660154922942,35.24,126.81
2022-12-13 04:00:00,경상대,,0,6,137.50944226656642,35.18,128.1
2022-12-13 04:00:00,고흥만수상,,0,6,138.19945731936946,34.57,127.3
2022-12-13 04:00:00,광양항세방,,0,6,137.842708226045,34.93,127.71
2022-12-13 04:00:00,구미,,0,6,137.25201479695446,36.13,128.34
2022-12-13 04:00:00,삼천포,,0,6,137.54694937286303,34.95,128.07
2022-12-13 04:00:00,여수,,0,6,137.8287645801722,34.74,127.74
2022-12-13 04:00:00,영동,,0,6,137.06903458710008,37.18,128.46
2022-12-13 04:00:00,영흥,,0,6,138.64442793744297,37.26,126.46
2022-12-13 04:00:00,예천,,0,6,137.11517771957517,36.65,128.46
2022-12-13 04:00:00,창원,,0,6,137.11613563401758,35.21,128.58
2022-12-13 04:00:00,탑선,,0,6,138.55709991841087,35.24,126.81
2022-12-13 05:00:00,경상대,,0,6,125.26808968705978,35.18,128.1
2022-12-13 05:00:00,고흥만수상,,0,6,125.86687280751525,34.57,127.3
2022-12-13 05:00:00,광양항세방,,0,6,125.56366414425321,34.93,127.71
2022-12-13 05:00:00,구미,,0,6,125.15462966043356,36.13,128.34
2022-12-13 05:00:00,삼천포,,0,6,125.27159747073993,34.95,128.07
2022-12-13 05:00:00,여수,,0,6,125.52192065114941,34.74,127.74
2022-12-13 05:00:00,영동,,0,6,125.13692879006302,37.18,128.46
2022-12-13 05:00:00,영흥,,0,6,126.73145123842136,37.26,126.46
2022-12-13 05:00:00,예천,,0,6,125.09878348044558,36.65,128.46
2022-12-13 05:00:00,창원,,0,6,124.8802560068248,35.21,128.58
2022-12-13 05:00:00,탑선,,0,6,126.3233716262188,35.24,126.81
2022-12-13 06:00:00,경상대,,0,6,113.17281012445851,35.18,128.1
2022-12-13 06:00:00,고흥만수상,,0,6,113.67911950409753,34.57,127.3
2022-12-13 06:00:00,광양항세방,,0,6,113.42921887975885,34.93,127.71
2022-12-13 06:00:00,구미,,0,6,113.19006065593155,36.13,128.34
2022-12-13 06:00:00,삼천포,,0,6,113.14580857582621,34.95,128.07
2022-12-13 06:00:00,여수,,0,6,113.36337759892135,34.74,127.74
2022-12-13 06:00:00,영동,,0,6,113.31955369463645,37.18,128.46
2022-12-13 06:00:00,영흥,,0,6,114.89589149947403,37.26,126.46
2022-12-13 06:00:00,예천,,0,6,113.20741506617037,36.65,128.46
2022-12-13 06:00:00,창원,,0,6,112.79710088108024,35.21,128.58
2022-12-13 06:00:00,탑선,,0,6,114.21500434362517,35.24,126.81
2022-12-13 07:00:00,경상대,,0,6,101.4330468846814,35.18,128.1
2022-12-13 07:00:00,고흥만수상,,0,6,101.83844286181227,34.57,127.3
2022-12-13 07:00:00,광양항세방,,0,6,101.64594871583844,34.93,127.71
2022-12-13 07:00:00,구미,,0,6,101.57997378673963,36.13,128.34
2022-12-13 07:00:00,삼천포,,0,6,101.37606405662144,34.95,128.07
2022-12-13 07:00:00,여수,,0,6,101.55719137651711,34.74,127.74
2022-12-13 07:00:00,영동,,0,6,101.85248988074505,37.18,128.46
2022-12-13 07:00:00,영흥,,0,6,103.37969872480477,37.26,126.46
2022-12-13 07:00:00,예천,,0,6,101.66949340119466,36.65,128.46
2022-12-13 07:00:00,창원,,0,6,101.07603795623042,35.21,128.58
2022-12-13 07:00:00,탑선,,0,6,102.44396719904393,35.24,126.81
2022-12-13 08:00:00,경상대,,0,6,90.27819720446098,35.18,128.1
2022-12-13 08:00:00,고흥만수상,,0,6,90.56733481136047,34.57,127.3
2022-12-13 08:00:00,광양항세방,,0,6,90.44022259164616,34.93,127.71
2022-12-13 08:00:00,구미,,0,6,90.56113072125063,36.13,128.34
2022-12-13 08:00:00,삼천포,,0,6,90.19007681992683,34.95,128.07
2022-12-13 08:00:00,여수,,0,6,90.32851097385706,34.74,127.74
2022-12-13 08:00:00,영동,,0,6,90.98022433021434,37.18,128.46
2022-12-13 08:00:00,영흥,,0,6,92.42288585416665,37.26,126.46
2022-12-13 08:00:00,예천,,0,6,90.72577842418642,36.65,128.46
2022-12-13 08:00:00,창원,,0,6,89.94829198530054,35.21,128.58
2022-12-13 08:00:00,탑선,,0,6,91.23599814722567,35.24,126.81
2022-12-13 09:00:00,경상대,218.7,2,6,80.01297581108693,35.18,128.1
2022-12-13 09:00:00,고흥만수상,205.64999999999998,2,6,80.16334051384605,34.57,127.3
2022-12-13 09:00:00,광양항세방,172.9,2,6,80.11342115911121,34.93,127.71
2022-12-13 09:00:00,구미,207.55,2,6,80.44246048208727,36.13,128.34
2022-12-13 09:00:00,삼천포,210.0,3,6,79.89170106114518,34.95,128.07
2022-12-13 09:00:00,여수,214.9,2,6,79.97835092085072,34.74,127.74
2022-12-13 09:00:00,영동,163.55,2,6,81.01520326792033,37.18,128.46
2022-12-13 09:00:00,영흥,131.5,1,6,82.32624202686019,37.26,126.46
2022-12-13 09:00:00,예천,189.14999999999998,2,6,80.68734656965619,36.65,128.46
2022-12-13 09:00:00,창원,201.53333333333333,3,6,79.72189399113996,35.21,128.58
2022-12-13 09:00:00,탑선,187.3,2,6,80.88756194376738,35.24,126.81
2022-12-13 10:00:00,경상대,320.9166666666667,6,6,71.06619535820258,35.18,128.1
2022-12-13 10:00:00,고흥만수상,299.7,6,6,71.04889766345093,34.57,127.3
2022-12-13 10:00:00,광양항세방,256.48333333333335,6,6,71.09118927787401,34.93,127.71
2022-12-13 10:00:00,구미,274.8666666666666,6,6,71.65234395434818,36.13,128.34
2022-12-13 10:00:00,삼천포,307.68333333333334,6,6,70.91006655328943,34.95,128.07
2022-12-13 10:00:00,여수,306.4,6,6,70.93311251137818,34.74,127.74
2022-12-13 10:00:00,영동,202.6833333333333,6,6,72.38356071713265,37.18,128.46
2022-12-13 10:00:00,영흥,195.91666666666666,6,6,73.49836170623144,37.26,126.46
2022-12-13 10:00:00,예천,201.88333333333335,6,6,71.982060631742,36.65,128.46
2022-12-13 10:00:00,창원,309.71666666666664,6,6,70.83026300227638,35.21,128.58
2022-12-13 10:00:00,탑선,282.88333333333327,6,6,71.81492217706639,35.24,126.81
2022-12-13 11:00:00,경상대,435.84999999999997,6,6,64.02321097322414,35.18,128.1
2022-12-13 11:00:00,고흥만수상,426.68333333333334,6,6,63.80819892909693,34.57,127.3
2022-12-13 11:00:00,광양항세방,360.6666666666667,6,6,63.95785658997775,34.93,127.71
2022-12-13 11:00:00,구미,354.73333333333335,6,6,64.76658397415235,36.13,128.34
2022-12-13 11:00:00,삼천포,439.5,6,6,63.833071148805686,34.95,128.07
2022-12-13 11:00:00,여수,410.33333333333326,6,6,63.77974617557581,34.74,127.74
2022-12-13 11:00:00,영동,279.03333333333336,6,6,65.64879660737057,37.18,128.46
2022-12-13 11:00:00,영흥,252.3166666666667,6,6,66.48403684467775,37.26,126.46
2022-12-13 11:00:00,예천,261.31666666666666,6,6,65.18021335615069,36.65,128.46
2022-12-13 11:00:00,창원,419.56666666666666,6,6,63.863327289994515,35.21,128.58
2022-12-13 11:00:00,탑선,388.8999999999999,6,6,64.58926479360902,35.24,126.81
2022-12-13 12:00:00,경상대,513.9,6,6,59.58322058469513,35.18,128.1
2022-12-13 12:00:00,고흥만수상,493.4166666666667,6,6,59.15310415606902,34.57,127.3
2022-12-13 12:00:00,광양항세방,385.8333333333333,6,6,59.41773581080402,34.93,127.71
2022-12-13 12:00:00,구미,434.25,6,6,60.4609810908266,36.13,128.34
2022-12-13 12:00:00,삼천포,433.48333333333335,6,6,59.36569668304644,34.95,128.07
2022-12-13 12:00:00,여수,455.18333333333334,6,6,59.22749544874189,34.74,127.74
2022-12-13 12:00:00,영동,198.36666666666665,6,6,61.460985891479275,37.18,128.46
2022-12-13 12:00:00,영흥,368.36666666666673,6,6,61.92759483456882,37.26,126.46
2022-12-13 12:00:00,예천,386.15000000000003,6,6,60.94488312562671,36.65,128.46
2022-12-13 12:00:00,창원,502.7,6,6,59.52078968422116,35.21,128.58
2022-12-13 12:00:00,탑선,404.61666666666673,6,6,59.90385729697226,35.24,126.81
2022-12-13 13:00:00,경상대,409.2166666666667,6,6,58.35444841365921,35.18,128.1
2022-12-13 13:00:00,고흥만수상,523.35,6,6,57.723546813645854,34.57,127.3
2022-12-13 13:00:00,광양항세방,412.40000000000003,6,6,58.09306947711124,34.93,127.71
2022-12-13 13:00:00,구미,393.6333333333334,6,6,59.31179054109495,36.13,128.34
2022-12-13 13:00:00,삼천포,492.8666666666666,6,6,58.123652286846344,34.95,128.07
2022-12-13 13:00:00,여수,488.7666666666667,6,6,57.90397580274028,34.74,127.74
2022-12-13 13:00:00,영동,297.1333333333334,6,6,60.365067478059515,37.18,128.46
2022-12-13 13:00:00,영흥,341.05,6,6,60.40182129750958,37.26,126.46
2022-12-13 13:00:00,예천,386.98333333333335,6,6,59.83561002810337,36.65,128.46
2022-12-13 13:00:00,창원,447.3,6,6,58.40178619010791,35.21,128.58
2022-12-13 13:00:00,탑선,352.56666666666666,6,6,58.38532732756109,35.24,126.81
2022-12-13 14:00:00,경상대,438.4333333333334,6,6,60.53542910522272,35.18,128.1
2022-12-13 14:00:00,고흥만수상,415.90000000000003,6,6,59.754421017354275,34.57,127.3
2022-12-13 14:00:00,광양항세방,403.01666666666665,6,6,60.19931484403788,34.93,127.71
2022-12-13 14:00:00,구미,419.45,6,6,61.498952522833385,36.13,128.34
2022-12-13 14:00:00,삼천포,486.15000000000003,6,6,60.30917929508546,34.95,128.07
2022-12-13 14:00:00,여수,463.45000000000005,6,6,60.025900724789366,34.74,127.74
2022-12-13 14:00:00,영동,245.5833333333333,6,6,62.526721688229046,37.18,128.46
2022-12-13 14:00:00,영흥,173.83333333333334,6,6,62.13450114851611,37.26,126.46
2022-12-13 14:00:00,예천,157.03333333333333,6,6,62.0231286447706,36.65,128.46
2022-12-13 14:00:00,창원,414.1500000000001,6,6,60.68732250093444,35.21,128.58
2022-12-13 14:00:00,탑선,280.9,6,6,60.27685444464659,35.24,126.81
2022-12-13 15:00:00,경상대,356.98333333333335,6,6,65.78344465284033,35.18,128.1
2022-12-13 15:00:00,고흥만수상,374.1333333333334,6,6,64.91786145198942,34.57,127.3
2022-12-13 15:00:00,광양항세방,330.94999999999993,6,6,65.40163739781109,34.93,127.71
2022-12-13 15:00:00,구미,351.45,6,6,66.69011793418824,36.13,128.34
2022-12-13 15:00:00,삼천포,377.8999999999999,6,6,65.57610952316301,34.95,128.07
2022-12-13 15:00:00,여수,359.09999999999997,6,6,65.25386865992755,34.74,127.74
2022-12-13 15:00:00,영동,225.4,6,6,67.62893702883896,37.18,128.46
2022-12-13 15:00:00,영흥,196.70000000000002,6,6,66.86845870623856,37.26,126.46
2022-12-13 15:00:00,예천,244.23333333333335,6,6,67.18100911763713,36.65,128.46
2022-12-13 15:00:00,창원,346.0,6,6,66.02009033317155,35.21,128.58
2022-12-13 15:00:00,탑선,305.0833333333333,6,6,65.27877793576053,35.24,126.81
2022-12-13 16:00:00,경상대,233.92,5,5,73.43326665504262,35.18,128.1
2022-12-13 16:00:00,고흥만수상,285.98,5,5,72.53822394843174,34.57,127.3
2022-12-13 16:00:00,광양항세방,211.78000000000003,5,5,73.03115940511142,34.93,127.71
2022-12-13 16:00:00,구미,206.0,5,5,74.24629138394758,36.13,128.34
2022-12-13 16:00:00,삼천포,239.04000000000002,5,5,73.2523999518011,34.95,128.07
2022-12-13 16:00:00,여수,257.54,5,5,72.91273057508491,34.74,127.74
2022-12-13 16:00:00,영동,185.33999999999997,5,5,75.06183032402636,37.18,128.46
2022-12-13 16:00:00,영흥,193.26000000000002,5,5,74.0183098705026,37.26,126.46
2022-12-13 16:00:00,예천,216.06,5,5,74.68424981621794,36.65,128.46
2022-12-13 16:00:00,창원,232.67999999999998,5,5,73.73104325414542,35.21,128.58
2022-12-13 16:00:00,탑선,214.6,5,5,72.74214671355648,35.24,126.81
2022-12-13 17:00:00,경상대,187.8,2,6,82.80543482445034,35.18,128.1
2022-12-13 17:00:00,고흥만수상,183.75,2,6,81.91742372413107,34.57,127.3
2022-12-13 17:00:00,광양항세방,161.95,2,6,82.40047402064226,34.93,127.71
2022-12-13 17:00:00,구미,215.0,1,6,83.50993253384746,36.13,128.34
2022-12-13 17:00:00,삼천포,187.35000000000002,2,6,82.65335412214782,34.95,128.07
2022-12-13 17:00:00,여수,182.55,2,6,82.31101959623065,34.74,127.74
2022-12-13 17:00:00,영동,163.7,1,6,84.19056051159465,37.18,128.46
2022-12-13 17:00:00,영흥,121.6,2,6,82.94270376637657,37.26,126.46
2022-12-13 17:00:00,예천,142.4,1,6,83.88694741920925,36.65,128.46
2022-12-13 17:00:00,창원,180.89999999999998,2,6,83.14442717481823,35.21,128.58
2022-12-13 17:00:00,탑선,141.5,2,6,81.98142275895242,35.24,126.81
2022-12-13 18:00:00,경상대,,0,6,93.35955953062717,35.18,128.1
2022-12-13 18:00:00,고흥만수상,,0,6,92.50058668098472,34.57,127.3
2022-12-13 18:00:00,광양항세방,,0,6,92.9626566775219,34.93,127.71
2022-12-13 18:00:00,구미,,0,6,93.95186057596011,36.13,128.34
2022-12-13 18:00:00,삼천포,,0,6,93.23614861843981,34.95,128.07
2022-12-13 18:00:00,여수,,0,6,92.90035433476172,34.74,127.74
2022-12-13 18:00:00,영동,,0,6,94.49677613849424,37.18,128.46
2022-12-13 18:00:00,영흥,,0,6,93.10565091699227,37.26,126.46
2022-12-13 18:00:00,예천,,0,6,94.26587203738585,36.65,128.46
2022-12-13 18:00:00,창원,,0,6,93.72525752644272,35.21,128.58
2022-12-13 18:00:00,탑선,,0,6,92.44304025513942,35.24,126.81
2022-12-13 19:00:00,경상대,,0,6,104.70668099372622,35.18,128.1
2022-12-13 19:00:00,고흥만수상,,0,6,103.89085962119927,34.57,127.3
2022-12-13 19:00:00,광양항세방,,0,6,104.32499882677347,34.93,127.71
2022-12-13 19:00:00,구미,,0,6,105.18603171043826,36.13,128.34
2022-12-13 19:00:00,삼천포,,0,6,104.61137139828736,34.95,128.07
2022-12-13 19:00:00,여수,,0,6,104.2881331048516,34.74,127.74
2022-12-13 19:00:00,영동,,0,6,105.59646625404599,37.18,128.46
2022-12-13 19:00:00,영흥,,0,6,104.10681841509404,37.26,126.46
2022-12-13 19:00:00,예천,,0,6,105.43647558539537,36.65,128.46
2022-12-13 19:00:00,창원,,0,6,105.08887612124347,35.21,128.58
2022-12-13 19:00:00,탑선,,0,6,103.72638852116957,35.24,126.81
2022-12-13 20:00:00,경상대,,0,6,116.56869430135771,35.18,128.1
2022-12-13 20:00:00,고흥만수상,,0,6,115.80776975758008,34.57,127.3
2022-12-13 20:00:00,광양항세방,,0,6,116.2081051683771,34.93,127.71
2022-12-13 20:00:00,구미,,0,6,116.93187366281586,36.13,128.34
2022-12-13 20:00:00,삼천포,,0,6,116.50166128106517,34.95,128.07
2022-12-13 20:00:00,여수,,0,6,116.19587955807407,34.74,127.74
2022-12-13 20:00:00,영동,,0,6,117.20545458002707,37.18,128.46
2022-12-13 20:00:00,영흥,,0,6,115.651078823034,37.26,126.46
2022-12-13 20:00:00,예천,,0,6,117.11672603205072,36.65,128.46
2022-12-13 20:00:00,창원,,0,6,116.9597938328405,35.21,128.58
2022-12-13 20:00:00,탑선,,0,6,115.54553031386665,35.24,126.81
2022-12-13 21:00:00,경상대,,0,6,128.72860700920654,35.18,128.1
2022-12-13 21:00:00,고흥만수상,,0,6,128.0371836218883,34.57,127.3
2022-12-13 21:00:00,광양항세방,,0,6,128.3960696331802,34.93,127.71
2022-12-13 21:00:00,구미,,0,6,128.96496939777182,36.13,128.34
2022-12-13 21:00:00,삼천포,,0,6,128.69183201342088,34.95,128.07
2022-12-13 21:00:00,여수,,0,6,128.40927995479942,34.74,127.74
2022-12-13 21:00:00,영동,,0,6,129.0904670264552,37.18,128.46
2022-12-13 21:00:00,영흥,,0,6,127.50095556810884,37.26,126.46
2022-12-13 21:00:00,예천,,0,6,129.07796251364277,36.65,128.46
2022-12-13 21:00:00,창원,,0,6,129.12184900658775,35.21,128.58
2022-12-13 21:00:00,탑선,,0,6,127.67981183451306,35.24,126.81
2022-12-13 22:00:00,경상대,,0,6,140.96964975694576,35.18,128.1
2022-12-13 22:00:00,고흥만수상,,0,6,140.3737272339419,34.57,127.3
2022-12-13 22:00:00,광양항세방,,0,6,140.6771053761683,34.93,127.71
2022-12-13 22:00:00,구미,,0,6,141.0523102240235,36.13,128.34
2022-12-13 22:00:00,삼천포,,0,6,140.9688387725468,34.95,128.07
2022-12-13 22:00:00,여수,,0,6,140.71940205057746,34.74,127.74
2022-12-13 22:00:00,영동,,0,6,141.0003229344956,37.18,128.46
2022-12-13 22:00:00,영흥,,0,6,139.41228118821599,37.26,126.46
2022-12-13 22:00:00,예천,,0,6,141.07799377525043,36.65,128.46
2022-12-13 22:00:00,창원,,0,6,141.35632119697726,35.21,128.58
2022-12-13 22:00:00,탑선,,0,6,139.91491538576054,35.24,126.81
2022-12-13 23:00:00,경상대,,0,6,152.93861063987046,35.18,128.1
2022-12-13 23:00:00,고흥만수상,,0,6,152.4999679512992,34.57,127.3
2022-12-13 23:00:00,광양항세방,,0,6,152.7141931221593,34.93,127.71
2022-12-13 23:00:00,구미,,0,6,152.8006179798977,36.13,128.34
2022-12-13 23:00:00,삼천포,,0,6,152.9884728293457,34.95,128.07
2022-12-13 23:00:00,여수,,0,6,152.79550959478348,34.74,127.74
2022-12-13 23:00:00,영동,,0,6,152.50004257814902,37.18,128.46
2022-12-13 23:00:00,영흥,,0,6,150.99096567211717,37.26,126.46
2022-12-13 23:00:00,예천,,0,6,152.70148958972734,36.65,128.46
2022-12-13 23:00:00,창원,,0,6,153.29953503630145,35.21,128.58
2022-12-13 23:00:00,탑선,,0,6,151.91836914372857,35.24,126.81
2022-12-14 00:00:00,경상대,,0,6,163.53928383037436,35.18,128.1
2022-12-14 00:00:00,고흥만수상,,0,6,163.45424839461424,34.57,127.3
2022-12-14 00:00:00,광양항세방,,0,6,163.47348374851163,34.93,127.71
2022-12-14 00:00:00,구미,,0,6,163.00804085947902,36.13,128.34
2022-12-14 00:00:00,삼천포,,0,6,163.6783844881479,34.95,128.07
2022-12-14 00:00:00,여수,,0,6,163.61805196702468,34.74,127.74
2022-12-14 00:00:00,영동,,0,6,162.29864290998557,37.18,128.46
2022-12-14 00:00:00,영흥,,0,6,161.14432991582632,37.26,126.46
2022-12-14 00:00:00,예천,,0,6,162.69397017262904,36.65,128.46
2022-12-14 00:00:00,창원,,0,6,163.80047392576012,35.21,128.58
2022-12-14 00:00:00,탑선,,0,6,162.71490642502226,35.24,126.81
2022-12-14 01:00:00,경상대,,0,6,167.8598710390931,35.18,128.1
2022-12-14 01:00:00,고흥만수상,,0,6,168.5494904274745,34.57,127.3
2022-12-14 01:00:00,광양항세방,,0,6,168.15299463031212,34.93,127.71
2022-12-14 01:00:00,구미,,0,6,166.89098127108383,36.13,128.34
2022-12-14 01:00:00,삼천포,,0,6,168.09086702850914,34.95,128.07
2022-12-14 01:00:00,여수,,0,6,168.33807508511416,34.74,127.74
2022-12-14 01:00:00,영동,,0,6,165.83914875786226,37.18,128.46
2022-12-14 01:00:00,영흥,,0,6,165.907350522974,37.26,126.46
2022-12-14 01:00:00,예천,,0,6,166.36221221010288,36.65,128.46
2022-12-14 01:00:00,창원,,0,6,167.7620718498814,35.21,128.58
2022-12-14 01:00:00,탑선,,0,6,167.91356637731866,35.24,126.81
2022-12-14 02:00:00,경상대,,0,6,160.93018680406902,35.18,128.1
2022-12-14 02:00:00,고흥만수상,,0,6,161.81647356937242,34.57,127.3
2022-12-14 02:00:00,광양항세방,,0,6,161.33488082428093,34.93,127.71
2022-12-14 02:00:00,구미,,0,6,160.221961639877,36.13,128.34
2022-12-14 02:00:00,삼천포,,0,6,161.07972529895824,34.95,128.07
2022-12-14 02:00:00,여수,,0,6,161.42167019439245,34.74,127.74
2022-12-14 02:00:00,영동,,0,6,159.51037679384166,37.18,128.46
2022-12-14 02:00:00,영흥,,0,6,160.672980882423,37.26,126.46
2022-12-14 02:00:00,예천,,0,6,159.8341752078115,36.65,128.46
2022-12-14 02:00:00,창원,,0,6,160.58828224793507,35.21,128.58
2022-12-14 02:00:00,탑선,,0,6,161.75015303401256,35.24,126.81
2022-12-14 03:00:00,경상대,,0,6,149.7331038626139,35.18,128.1
2022-12-14 03:00:00,고흥만수상,,0,6,150.52112913512767,34.57,127.3
2022-12-14 03:00:00,광양항세방,,0,6,150.1050542383505,34.93,127.71
2022-12-14 03:00:00,구미,,0,6,149.29441496482622,36.13,128.34
2022-12-14 03:00:00,삼천포,,0,6,149.81427366496067,34.95,128.07
2022-12-14 03:00:00,여수,,0,6,150.12845010168036,34.74,127.74
2022-12-14 03:00:00,영동,,0,6,148.8997967984892,37.18,128.46
2022-12-14 03:00:00,영흥,,0,6,150.3834909056185,37.26,126.46
2022-12-14 03:00:00,예천,,0,6,149.05561622564966,36.65,128.46
2022-12-14 03:00:00,창원,,0,6,149.34576433844973,35.21,128.58
2022-12-14 03:00:00,탑선,,0,6,150.73391543253754,35.24,126.81
2022-12-14 04:00:00,경상대,,0,6,137.6362588754037,35.18,128.1
2022-12-14 04:00:00,고흥만수상,,0,6,138.32611310571417,34.57,127.3
2022-12-14 04:00:00,광양항세방,,0,6,137.96946344345537,34.93,127.71
2022-12-14 04:00:00,구미,,0,6,137.37903230313353,36.13,128.34
2022-12-14 04:00:00,삼천포,,0,6,137.6737055509776,34.95,128.07
2022-12-14 04:00:00,여수,,0,6,137.95546542547348,34.74,127.74
2022-12-14 04:00:00,영동,,0,6,137.1961881426599,37.18,128.46
2022-12-14 04:00:00,영흥,,0,6,138.7716006020127,37.26,126.46
2022-12-14 04:00:00,예천,,0,6,137.24227350429226,36.65,128.46
2022-12-14 04:00:00,창원,,0,6,137.24295429088642,35.21,128.58
2022-12-14 04:00:00,탑선,,0,6,138.68394909574232,35.24,126.81
2022-12-14 05:00:00,경상대,,0,6,125.39484751237744,35.18,128.1
2022-12-14 05:00:00,고흥만수상,,0,6,125.9934890002423,34.57,127.3
2022-12-14 05:00:00,광양항세방,,0,6,125.69036624631252,34.93,127.71
2022-12-14 05:00:00,구미,,0,6,125.28154560266822,36.13,128.34
2022-12-14 05:00:00,삼천포,,0,6,125.39830929110629,34.95,128.07
2022-12-14 05:00:00,여수,,0,6,125.6485826486547,34.74,127.74
2022-12-14 05:00:00,영동,,0,6,125.26395604914407,37.18,128.46
2022-12-14 05:00:00,영흥,,0,6,126.85847737698222,37.26,126.46
2022-12-14 05:00:00,예천,,0,6,125.2257629959481,36.65,128.46
2022-12-14 05:00:00,창원,,0,6,125.00702637721855,35.21,128.58
2022-12-14 05:00:00,탑선,,0,6,126.45012386269653,35.24,126.81
2022-12-14 06:00:00,경상대,,0,6,113.29970489599408,35.18,128.1
2022-12-14 06:00:00,고흥만수상,,0,6,113.80594747416683,34.57,127.3
2022-12-14 06:00:00,광양항세방,,0,6,113.55608835582623,34.93,127.71
2022-12-14 06:00:00,구미,,0,6,113.31700485878117,36.13,128.34
2022-12-14 06:00:00,삼천포,,0,6,113.2726853335136,34.95,128.07
2022-12-14 06:00:00,여수,,0,6,113.49023055595136,34.74,127.74
2022-12-14 06:00:00,영동,,0,6,113.44650290871166,37.18,128.46
2022-12-14 06:00:00,영흥,,0,6,115.02284387540803,37.26,126.46
2022-12-14 06:00:00,예천,,0,6,113.33436807961317,36.65,128.46
2022-12-14 06:00:00,창원,,0,6,112.92400389886204,35.21,128.58
2022-12-14 06:00:00,탑선,,0,6,114.34188601448304,35.24,126.81
2022-12-14 07:00:00,경상대,,0,6,101.5597974892415,35.18,128.1
2022-12-14 07:00:00,고흥만수상,,0,6,101.96524496565232,34.57,127.3
2022-12-14 07:00:00,광양항세방,,0,6,101.77272470497937,34.93,127.71
2022-12-14 07:00:00,구미,,0,6,101.70662868005915,36.13,128.34
2022-12-14 07:00:00,삼천포,,0,6,101.50283170777836,34.95,128.07
2022-12-14 07:00:00,여수,,0,6,101.68397811677542,34.74,127.74
2022-12-14 07:00:00,영동,,0,6,101.9790024633068,37.18,128.46
2022-12-14 07:00:00,영흥,,0,6,103.50628060915645,37.26,126.46
2022-12-14 07:00:00,예천,,0,6,101.79608071101256,36.65,128.46
2022-12-14 07:00:00,창원,,0,6,101.20277474912957,35.21,128.58
2022-12-14 07:00:00,탑선,,0,6,102.57074037562312,35.24,126.81
2022-12-14 08:00:00,경상대,,0,6,90.40389165586456,35.18,128.1
2022-12-14 08:00:00,고흥만수상,,0,6,90.69325240077379,34.57,127.3
2022-12-14 08:00:00,광양항세방,,0,6,90.56601823114819,34.93,127.71
2022-12-14 08:00:00,구미,,0,6,90.68654949412132,36.13,128.34
2022-12-14 08:00:00,삼천포,,0,6,90.31583015924201,34.95,128.07
2022-12-14 08:00:00,여수,,0,6,90.45434743552165,34.74,127.74
2022-12-14 08:00:00,영동,,0,6,91.10532048569426,37.18,128.46
2022-12-14 08:00:00,영흥,,0,6,92.54821209818952,37.26,126.46
2022-12-14 08:00:00,예천,,0,6,90.8510340771148,36.65,128.46
2022-12-14 08:00:00,창원,,0,6,90.07392572851631,35.21,128.58
2022-12-14 08:00:00,탑선,,0,6,91.3618127463602,35.24,126.81
2022-12-14 09:00:00,경상대,216.15,2,6,80.13575279113422,35.18,128.1
2022-12-14 09:00:00,고흥만수상,158.85,2,6,80.28658481838139,34.57,127.3
2022-12-14 09:00:00,광양항세방,183.5,2,6,80.2364097085088,34.93,127.71
2022-12-14 09:00:00,구미,193.4,2,6,80.5647481378863,36.13,128.34
2022-12-14 09:00:00,삼천포,227.95,2,6,80.01458493679846,34.95,128.07
2022-12-14 09:00:00,여수,219.35000000000002,2,6,80.10141130332993,34.74,127.74
2022-12-14 09:00:00,영동,192.25,2,6,81.1369636861064,37.18,128.46
2022-12-14 09:00:00,영흥,158.6,1,6,82.44854085461812,37.26,126.46
2022-12-14 09:00:00,예천,190.4,2,6,80.80935864838881,36.65,128.46
2022-12-14 09:00:00,창원,218.36666666666667,3,6,79.84452506292357,35.21,128.58
2022-12-14 09:00:00,탑선,143.75,2,6,81.01065455867838,35.24,126.81
2022-12-14 10:00:00,경상대,313.8,6,6,71.1827230352288,35.18,128.1
2022-12-14 10:00:00,고흥만수상,312.78333333333336,6,6,71.16622156155024,34.57,127.3
2022-12-14 10:00:00,광양항세방,276.8333333333333,6,6,71.20808055804487,34.93,127.71
2022-12-14 10:00:00,구미,284.1666666666667,6,6,71.76816034944984,36.13,128.34
2022-12-14 10:00:00,삼천포,329.25000000000006,6,6,71.026748516767,34.95,128.07
2022-12-14 10:00:00,여수,314.5166666666667,6,6,71.05010006041658,34.74,127.74
2022-12-14 10:00:00,영동,268.3333333333333,6,6,72.4986575738297,37.18,128.46
2022-12-14 10:00:00,영흥,227.75,6,6,73.61452365956795,37.26,126.46
2022-12-14 10:00:00,예천,265.98333333333335,6,6,72.09748770389187,36.65,128.46
2022-12-14 10:00:00,창원,338.5,6,6,70.94650325113659,35.21,128.58
2022-12-14 10:00:00,탑선,243.04999999999998,6,6,71.93211174617791,35.24,126.81
2022-12-14 11:00:00,경상대,416.3,6,6,64.12814852763401,35.18,128.1
2022-12-14 11:00:00,고흥만수상,427.81666666666666,6,6,63.914310599904624,34.57,127.3
2022-12-14 11:00:00,광양항세방,384.48333333333335,6,6,64.06333768988652,34.93,127.71
2022-12-14 11:00:00,구미,374.48333333333335,6,6,64.87066524623943,36.13,128.34
2022-12-14 11:00:00,삼천포,437.56666666666666,6,6,63.93818857774092,34.95,128.07
2022-12-14 11:00:00,여수,417.3166666666666,6,6,63.885322766520744,34.74,127.74
2022-12-14 11:00:00,영동,355.98333333333335,6,6,65.75207562015085,37.18,128.46
2022-12-14 11:00:00,영흥,336.55,6,6,66.58916724277927,37.26,126.46
2022-12-14 11:00:00,예천,355.90000000000003,6,6,65.28383751547628,36.65,128.46
2022-12-14 11:00:00,창원,440.76666666666665,6,6,63.9677712592958,35.21,128.58
2022-12-14 11:00:00,탑선,332.56666666666666,6,6,64.69540013309059,35.24,126.81
2022-12-14 12:00:00,경상대,494.3166666666666,6,6,59.66941911499285,35.18,128.1
2022-12-14 12:00:00,고흥만수상,498.93333333333334,6,6,59.24076202529619,34.57,127.3
2022-12-14 12:00:00,광양항세방,457.0833333333333,6,6,59.504623373067076,34.93,127.71
2022-12-14 12:00:00,구미,448.20000000000005,6,6,60.54640909919175,36.13,128.34
2022-12-14 12:00:00,삼천포,525.4333333333334,6,6,59.45204240868247,34.95,128.07
2022-12-14 12:00:00,여수,475.65000000000003,6,6,59.314425552286224,34.74,127.74
2022-12-14 12:00:00,영동,402.6499999999999,6,6,61.545790170958185,37.18,128.46
2022-12-14 12:00:00,영흥,390.7,6,6,62.01518427426811,37.26,126.46
2022-12-14 12:00:00,예천,406.59999999999997,6,6,61.02991259833138,36.65,128.46
2022-12-14 12:00:00,창원,476.81666666666666,6,6,59.60626085831359,35.21,128.58
2022-12-14 12:00:00,탑선,356.46666666666664,6,6,59.99191063374702,35.24,126.81
2022-12-14 13:00:00,경상대,504.8666666666666,6,6,58.415031788674554,35.18,128.1
2022-12-14 13:00:00,고흥만수상,518.2000000000002,6,6,57.78557382876201,34.57,127.3
2022-12-14 13:00:00,광양항세방,478.84999999999997,6,6,58.15435603242453,34.93,127.71
2022-12-14 13:00:00,구미,460.59999999999997,6,6,59.37202127519761,36.13,128.34
2022-12-14 13:00:00,삼천포,532.2833333333333,6,6,58.1842713138073,34.95,128.07
2022-12-14 13:00:00,여수,489.4333333333332,6,6,57.965192890200655,34.74,127.74
2022-12-14 13:00:00,영동,431.8833333333334,6,6,60.42518544856094,37.18,128.46
2022-12-14 13:00:00,영흥,415.0833333333334,6,6,60.46545476892743,37.26,126.46
2022-12-14 13:00:00,예천,426.8666666666666,6,6,59.895675276841615,36.65,128.46
2022-12-14 13:00:00,창원,476.4833333333333,6,6,58.46148244571795,35.21,128.58
2022-12-14 13:00:00,탑선,405.20000000000005,6,6,58.44828790676656,35.24,126.81
2022-12-14 14:00:00,경상대,489.6166666666666,6,6,60.56712954292144,35.18,128.1
2022-12-14 14:00:00,고흥만수상,503.75,6,6,59.78720013829462,34.57,127.3
2022-12-14 14:00:00,광양항세방,461.0666666666666,6,6,60.23157126607494,34.93,127.71
2022-12-14 14:00:00,구미,449.31666666666666,6,6,61.530918570460095,36.13,128.34
2022-12-14 14:00:00,삼천포,519.3833333333333,6,6,60.34076264882214,34.95,128.07
2022-12-14 14:00:00,여수,480.4666666666667,6,6,60.05795795232956,34.74,127.74
2022-12-14 14:00:00,영동,422.73333333333335,6,6,62.559251767711196,37.18,128.46
2022-12-14 14:00:00,영흥,391.70000000000005,6,6,62.17072361966561,37.26,126.46
2022-12-14 14:00:00,예천,418.6000000000001,6,6,62.05526351043274,36.65,128.46
2022-12-14 14:00:00,창원,476.20000000000005,6,6,60.71813541257794,35.21,128.58
2022-12-14 14:00:00,탑선,429.70000000000005,6,6,60.31105345899451,35.24,126.81
2022-12-14 15:00:00,경상대,427.98333333333335,6,6,65.7878765606421,35.18,128.1
2022-12-14 15:00:00,고흥만수상,445.76666666666665,6,6,64.92285528802132,34.57,127.3
2022-12-14 15:00:00,광양항세방,391.81666666666666,6,6,65.40639965786777,34.93,127.71
2022-12-14 15:00:00,구미,385.01666666666665,6,6,66.69537290558804,36.13,128.34
2022-12-14 15:00:00,삼천포,446.24999999999994,6,6,65.58029495464237,34.95,128.07
2022-12-14 15:00:00,여수,422.98333333333335,6,6,65.25833673835159,34.74,127.74
2022-12-14 15:00:00,영동,367.73333333333335,6,6,67.63533234202978,37.18,128.46
2022-12-14 15:00:00,영흥,333.2166666666667,6,6,66.87818806047738,37.26,126.46
2022-12-14 15:00:00,예천,362.2333333333333,6,6,67.18673234944185,36.65,128.46
2022-12-14 15:00:00,창원,415.29999999999995,6,6,66.02376565080854,35.21,128.58
2022-12-14 15:00:00,탑선,391.3,6,6,65.2854471052576,35.24,126.81
2022-12-14 16:00:00,경상대,300.54,5,5,73.41502066764193,35.18,128.1
2022-12-14 16:00:00,고흥만수상,317.7,5,5,72.5200756467798,34.57,127.3
2022-12-14 16:00:00,광양항세방,267.86,5,5,73.01303310423748,34.93,127.71
2022-12-14 16:00:00,구미,280.64,5,5,74.22923955201615,36.13,128.34
2022-12-14 16:00:00,삼천포,306.4,5,5,73.233827644661,34.95,128.07
2022-12-14 16:00:00,여수,301.42,5,5,72.89426254869636,34.74,127.74
2022-12-14 16:00:00,영동,256.92,5,5,75.04628473270752,37.18,128.46
2022-12-14 16:00:00,영흥,250.11999999999998,5,5,74.00549523140664,37.26,126.46
2022-12-14 16:00:00,예천,250.35999999999999,5,5,74.667866384971,36.65,128.46
2022-12-14 16:00:00,창원,295.5,5,5,73.7122146794229,35.21,128.58
2022-12-14 16:00:00,탑선,295.06,5,5,72.72571573129262,35.24,126.81
2022-12-14 17:00:00,경상대,208.55,2,6,82.76963592776188,35.18,128.1
2022-12-14 17:00:00,고흥만수상,230.8,2,6,81.88137336411015,34.57,127.3
2022-12-14 17:00:00,광양항세방,184.15,2,6,82.36463200113054,34.93,127.71
2022-12-14 17:00:00,구미,221.1,1,6,83.47554541282946,36.13,128.34
2022-12-14 17:00:00,삼천포,209.5,2,6,82.61718644584124,34.95,128.07
2022-12-14 17:00:00,여수,214.3,2,6,82.27481867787547,34.74,127.74
2022-12-14 17:00:00,영동,187.3,1,6,84.15788346847923,37.18,128.46
2022-12-14 17:00:00,영흥,160.15,2,6,82.91214979959557,37.26,126.46
2022-12-14 17:00:00,예천,182.5,1,6,83.8533472359021,36.65,128.46
2022-12-14 17:00:00,창원,205.5,2,6,83.1082050071399,35.21,128.58
2022-12-14 17:00:00,탑선,207.3,2,6,81.94702744869075,35.24,126.81
2022-12-14 18:00:00,경상대,,0,6,93.31066359742962,35.18,128.1
2022-12-14 18:00:00,고흥만수상,,0,6,92.45117788691076,34.57,127.3
2022-12-14 18:00:00,광양항세방,,0,6,92.91359387061652,34.93,127.71
2022-12-14 18:00:00,구미,,0,6,93.90452022247806,36.13,128.34
2022-12-14 18:00:00,삼천포,,0,6,93.18685787990546,34.95,128.07
2022-12-14 18:00:00,여수,,0,6,92.85092612664627,34.74,127.74
2022-12-14 18:00:00,영동,,0,6,94.45127677762211,37.18,128.46
2022-12-14 18:00:00,영흥,,0,6,93.06175345597505,37.26,126.46
2022-12-14 18:00:00,예천,,0,6,94.21939797806186,36.65,128.46
2022-12-14 18:00:00,창원,,0,6,93.67606791293035,35.21,128.58
2022-12-14 18:00:00,탑선,,0,6,92.3952065066446,35.24,126.81
2022-12-14 19:00:00,경상대,,0,6,104.6482994426632,35.18,128.1
2022-12-14 19:00:00,고흥만수상,,0,6,103.83174052468529,34.57,127.3
2022-12-14 19:00:00,광양항세방,,0,6,104.26634436392357,34.93,127.71
2022-12-14 19:00:00,구미,,0,6,105.1293457211286,36.13,128.34
2022-12-14 19:00:00,삼천포,,0,6,104.55256857681421,34.95,128.07
2022-12-14 19:00:00,여수,,0,6,104.22910379242853,34.74,127.74
2022-12-14 19:00:00,영동,,0,6,105.54175432157813,37.18,128.46
2022-12-14 19:00:00,영흥,,0,6,104.05327138520936,37.26,126.46
2022-12-14 19:00:00,예천,,0,6,105.3807338042081,36.65,128.46
2022-12-14 19:00:00,창원,,0,6,105.03030713582358,35.21,128.58
2022-12-14 19:00:00,탑선,,0,6,103.668793005947,35.24,126.81
2022-12-14 20:00:00,경상대,,0,6,116.50387721782246,35.18,128.1
2022-12-14 20:00:00,고흥만수상,,0,6,115.74197086911896,34.57,127.3
2022-12-14 20:00:00,광양항세방,,0,6,116.14290203169828,34.93,127.71
2022-12-14 20:00:00,구미,,0,6,116.86894931920966,36.13,128.34
2022-12-14 20:00:00,삼천포,,0,6,116.43638209636781,34.95,128.07
2022-12-14 20:00:00,여수,,0,6,116.13027917281048,34.74,127.74
2022-12-14 20:00:00,영동,,0,6,117.14470343437249,37.18,128.46
2022-12-14 20:00:00,영흥,,0,6,115.59109229955997,37.26,126.46
2022-12-14 20:00:00,예천,,0,6,117.05485563789789,36.65,128.46
2022-12-14 20:00:00,창원,,0,6,116.89488710279477,35.21,128.58
2022-12-14 20:00:00,탑선,,0,6,115.48125748705789,35.24,126.81
2022-12-14 21:00:00,경상대,,0,6,128.66037323964355,35.18,128.1
2022-12-14 21:00:00,고흥만수상,,0,6,127.96762654662739,34.57,127.3
2022-12-14 21:00:00,광양항세방,,0,6,128.32729454761954,34.93,127.71
2022-12-14 21:00:00,구미,,0,6,128.89896041873112,36.13,128.34
2022-12-14 21:00:00,삼천포,,0,6,128.62306357651144,34.95,128.07
2022-12-14 21:00:00,여수,,0,6,128.34006055089378,34.74,127.74
2022-12-14 21:00:00,영동,,0,6,129.02697565284595,37.18,128.46
2022-12-14 21:00:00,영흥,,0,6,127.43777337099303,37.26,126.46
2022-12-14 21:00:00,예천,,0,6,129.0131913178825,36.65,128.46
2022-12-14 21:00:00,창원,,0,6,129.05363939089116,35.21,128.58
2022-12-14 21:00:00,탑선,,0,6,127.61186105671416,35.24,126.81
2022-12-14 22:00:00,경상대,,0,6,140.9020310691941,35.18,128.1
2022-12-14 22:00:00,고흥만수상,,0,6,140.3041858142292,34.57,127.3
2022-12-14 22:00:00,광양항세방,,0,6,140.60867461177457,34.93,127.71
2022-12-14 22:00:00,구미,,0,6,140.98753243725537,36.13,128.34
2022-12-14 22:00:00,삼천포,,0,6,140.90054770091734,34.95,128.07
2022-12-14 22:00:00,여수,,0,6,140.65043356521676,34.74,127.74
2022-12-14 22:00:00,영동,,0,6,140.9386960036161,37.18,128.46
2022-12-14 22:00:00,영흥,,0,6,139.35023442942207,37.26,126.46
2022-12-14 22:00:00,예천,,0,6,141.01479085398253,36.65,128.46
2022-12-14 22:00:00,창원,,0,6,141.28891270183902,35.21,128.58
2022-12-14 22:00:00,탑선,,0,6,139.84717440360347,35.24,126.81
2022-12-14 23:00:00,경상대,,0,6,152.87976089411978,35.18,128.1
2022-12-14 23:00:00,고흥만수상,,0,6,152.43787326378893,34.57,127.3
2022-12-14 23:00:00,광양항세방,,0,6,152.65392944805683,34.93,127.71
2022-12-14 23:00:00,구미,,0,6,152.74585302494665,36.13,128.34
2022-12-14 23:00:00,삼천포,,0,6,152.92867017412465,34.95,128.07
2022-12-14 23:00:00,여수,,0,6,152.73452357363823,34.74,127.74
2022-12-14 23:00:00,영동,,0,6,152.44962701940108,37.18,128.46
2022-12-14 23:00:00,영흥,,0,6,150.93840299975733,37.26,126.46
2022-12-14 23:00:00,예천,,0,6,152.64895771753615,36.65,128.46
2022-12-14 23:00:00,창원,,0,6,153.24134804934639,35.21,128.58
2022-12-14 23:00:00,탑선,,0,6,151.85840562112392,35.24,126.81
2022-12-15 00:00:00,경상대,,0,6,163.5148965538649,35.18,128.1
2022-12-15 00:00:00,고흥만수상,,0,6,163.423200103415,34.57,127.3
2022-12-15 00:00:00,광양항세방,,0,6,163.44609747866747,34.93,127.71
2022-12-15 00:00:00,구미,,0,6,162.98971554182302,36.13,128.34
2022-12-15 00:00:00,삼천포,,0,6,163.65259685735055,34.95,128.07
2022-12-15 00:00:00,여수,,0,6,163.58971999291953,34.74,127.74
2022-12-15 00:00:00,영동,,0,6,162.28598983651605,37.18,128.46
2022-12-15 00:00:00,영흥,,0,6,161.12412984073652,37.26,126.46
2022-12-15 00:00:00,예천,,0,6,162.6787671295527,36.65,128.46
2022-12-15 00:00:00,창원,,0,6,163.77831664583027,35.21,128.58
2022-12-15 00:00:00,탑선,,0,6,162.68571023061608,35.24,126.81
2022-12-15 01:00:00,경상대,,0,6,167.93458853617338,35.18,128.1
2022-12-15 01:00:00,고흥만수상,,0,6,168.6192003498698,34.57,127.3
2022-12-15 01:00:00,광양항세방,,0,6,168.225324380769,34.93,127.71
2022-12-15 01:00:00,구미,,0,6,166.96605918628123,36.13,128.34
2022-12-15 01:00:00,삼천포,,0,6,168.16567538002784,34.95,128.07
2022-12-15 01:00:00,여수,,0,6,168.41082910779755,34.74,127.74
2022-12-15 01:00:00,영동,,0,6,165.9137149079366,37.18,128.46
2022-12-15 01:00:00,영흥,,0,6,165.97003402285756,37.26,126.46
2022-12-15 01:00:00,예천,,0,6,166.4373845355745,36.65,128.46
2022-12-15 01:00:00,창원,,0,6,167.83990917680904,35.21,128.58
2022-12-15 01:00:00,탑선,,0,6,167.97922228379795,35.24,126.81
2022-12-15 02:00:00,경상대,,0,6,161.05108839788522,35.18,128.1
2022-12-15 02:00:00,고흥만수상,,0,6,161.93758758767603,34.57,127.3
2022-12-15 02:00:00,광양항세방,,0,6,161.45582270125982,34.93,127.71
2022-12-15 02:00:00,구미,,0,6,160.3417419916534,36.13,128.34
2022-12-15 02:00:00,삼천포,,0,6,161.20090671131072,34.95,128.07
2022-12-15 02:00:00,여수,,0,6,161.5428867838117,34.74,127.74
2022-12-15 02:00:00,영동,,0,6,159.62870900776306,37.18,128.46
2022-12-15 02:00:00,영흥,,0,6,160.78893737202657,37.26,126.46
2022-12-15 02:00:00,예천,,0,6,159.9533043126354,36.65,128.46
2022-12-15 02:00:00,창원,,0,6,160.70948866131772,35.21,128.58
2022-12-15 02:00:00,탑선,,0,6,161.86987890813032,35.24,126.81
2022-12-15 03:00:00,경상대,,0,6,149.8575107030649,35.18,128.1
2022-12-15 03:00:00,고흥만수상,,0,6,150.64558328426986,34.57,127.3
2022-12-15 03:00:00,광양항세방,,0,6,150.22948214429772,34.93,127.71
2022-12-15 03:00:00,구미,,0,6,149.41864453253982,36.13,128.34
2022-12-15 03:00:00,삼천포,,0,6,149.93870778212292,34.95,128.07
2022-12-15 03:00:00,여수,,0,6,150.25289788348726,34.74,127.74
2022-12-15 03:00:00,영동,,0,6,149.02369797311954,37.18,128.46
2022-12-15 03:00:00,영흥,,0,6,150.50712534140123,37.26,126.46
2022-12-15 03:00:00,예천,,0,6,149.17970411112324,36.65,128.46
2022-12-15 03:00:00,창원,,0,6,149.4701805546602,35.21,128.58
2022-12-15 03:00:00,탑선,,0,6,150.85826506942178,35.24,126.81
2022-12-15 04:00:00,경상대,,0,6,137.7605941532222,35.18,128.1
2022-12-15 04:00:00,고흥만수상,,0,6,138.45039541984147,34.57,127.3
2022-12-15 04:00:00,광양항세방,,0,6,138.09378071929848,34.93,127.71
2022-12-15 04:00:00,구미,,0,6,137.50339452759175,36.13,128.34
2022-12-15 04:00:00,삼천포,,0,6,137.79802314962572,34.95,128.07
2022-12-15 04:00:00,여수,,0,6,138.07976438034393,34.74,127.74
2022-12-15 04:00:00,영동,,0,6,137.32049543678448,37.18,128.46
2022-12-15 04:00:00,영흥,,0,6,138.89588129670946,37.26,126.46
2022-12-15 04:00:00,예천,,0,6,137.36661981387573,36.65,128.46
2022-12-15 04:00:00,창원,,0,6,137.3672901352675,35.21,128.58
2022-12-15 04:00:00,탑선,,0,6,138.808292461175,35.24,126.81
2022-12-15 05:00:00,경상대,,0,6,125.51908734539907,35.18,128.1
2022-12-15 05:00:00,고흥만수상,,0,6,126.11769091152954,34.57,127.3
2022-12-15 05:00:00,광양항세방,,0,6,125.8145934144032,34.93,127.71
2022-12-15 05:00:00,구미,,0,6,125.40579513043767,36.13,128.34
2022-12-15 05:00:00,삼천포,,0,6,125.52253892191638,34.95,128.07
2022-12-15 05:00:00,여수,,0,6,125.77279880147258,34.74,127.74
2022-12-15 05:00:00,영동,,0,6,125.38815567312153,37.18,128.46
2022-12-15 05:00:00,영흥,,0,6,126.98267788795054,37.26,126.46
2022-12-15 05:00:00,예천,,0,6,125.34999553736546,36.65,128.46
2022-12-15 05:00:00,창원,,0,6,125.13126858600154,35.21,128.58
2022-12-15 05:00:00,탑선,,0,6,126.57436251503417,35.24,126.81
2022-12-15 06:00:00,경상대,,0,6,113.4238035518749,35.18,128.1
2022-12-15 06:00:00,고흥만수상,,0,6,113.93008006701851,34.57,127.3
2022-12-15 06:00:00,광양항세방,,0,6,113.68020442144511,34.93,127.71
2022-12-15 06:00:00,구미,,0,6,113.44102182936174,36.13,128.34
2022-12-15 06:00:00,삼천포,,0,6,113.39679716257726,34.95,128.07
2022-12-15 06:00:00,여수,,0,6,113.61435461885434,34.74,127.74
2022-12-15 06:00:00,영동,,0,6,113.57038434092912,37.18,128.46
2022-12-15 06:00:00,영흥,,0,6,115.14676088176961,37.26,126.46
2022-12-15 06:00:00,예천,,0,6,113.45832275462936,36.65,128.46
2022-12-15 06:00:00,창원,,0,6,113.04809500521445,35.21,128.58
2022-12-15 06:00:00,탑선,,0,6,114.46599449119202,35.24,126.81
2022-12-15 07:00:00,경상대,,0,6,101.68329864452322,35.18,128.1
2022-12-15 07:00:00,고흥만수상,,0,6,102.08889698260869,34.57,127.3
2022-12-15 07:00:00,광양항세방,,0,6,101.89629406396476,34.93,127.71
2022-12-15 07:00:00,구미,,0,6,101.82991580126625,36.13,128.34
2022-12-15 07:00:00,삼천포,,0,6,101.62637770352428,34.95,128.07
2022-12-15 07:00:00,여수,,0,6,101.80757934694017,34.74,127.74
2022-12-15 07:00:00,영동,,0,6,102.10202248354253,37.18,128.46
2022-12-15 07:00:00,영흥,,0,6,103.62942608521223,37.26,126.46
2022-12-15 07:00:00,예천,,0,6,101.91923627511876,36.65,128.46
2022-12-15 07:00:00,창원,,0,6,101.3262416618919,35.21,128.58
2022-12-15 07:00:00,탑선,,0,6,102.69430186512363,35.24,126.81
2022-12-15 08:00:00,경상대,,0,6,90.52573026538163,35.18,128.1
2022-12-15 08:00:00,고흥만수상,,0,6,90.81541268209749,34.57,127.3
2022-12-15 08:00:00,광양항세방,,0,6,90.68800110648185,34.93,127.71
2022-12-15 08:00:00,구미,,0,6,90.80800552964412,36.13,128.34
2022-12-15 08:00:00,삼천포,,0,6,90.43775244633447,34.95,128.07
2022-12-15 08:00:00,여수,,0,6,90.5763892436039,34.74,127.74
2022-12-15 08:00:00,영동,,0,6,91.22634346317784,37.18,128.46
2022-12-15 08:00:00,영흥,,0,6,92.6695423020815,37.26,126.46
2022-12-15 08:00:00,예천,,0,6,90.97226949343195,36.65,128.46
2022-12-15 08:00:00,창원,,0,6,90.19567890622602,35.21,128.58
2022-12-15 08:00:00,탑선,,0,6,91.48382287340726,35.24,126.81
2022-12-15 09:00:00,경상대,217.0,2,6,80.25392613012748,35.18,128.1
2022-12-15 09:00:00,고흥만수상,215.85,2,6,80.40532155640801,34.57,127.3
2022-12-15 09:00:00,광양항세방,183.0,2,6,80.35483719412439,34.93,127.71
2022-12-15 09:00:00,구미,154.65,2,6,80.68233848297236,36.13,128.34
2022-12-15 09:00:00,삼천포,230.5,2,6,80.1328865673712,34.95,128.07
2022-12-15 09:00:00,여수,212.89999999999998,2,6,80.21992546932401,34.74,127.74
2022-12-15 09:00:00,영동,172.0,2,6,81.25393261875347,37.18,128.46
2022-12-15 09:00:00,영흥,145.9,1,6,82.56614366127174,37.26,126.46
2022-12-15 09:00:00,예천,154.55,2,6,80.92662341217145,36.65,128.46
2022-12-15 09:00:00,창원,198.79999999999998,3,6,79.9625240212415,35.21,128.58
2022-12-15 09:00:00,탑선,154.1,2,6,81.12920734357994,35.24,126.81
2022-12-15 10:00:00,경상대,316.4166666666667,6,6,71.29378753264523,35.18,128.1
2022-12-15 10:00:00,고흥만수상,319.11666666666673,6,6,71.27817060208719,34.57,127.3
2022-12-15 10:00:00,광양항세방,275.1,6,6,71.31954833558203,34.93,127.71
2022-12-15 10:00:00,구미,275.0,6,6,71.87843814508197,36.13,128.34
2022-12-15 10:00:00,삼천포,335.31666666666666,6,6,71.1379841678008,34.95,128.07
2022-12-15 10:00:00,여수,310.31666666666666,6,6,71.16167493509727,34.74,127.74
2022-12-15 10:00:00,영동,222.43333333333337,6,6,72.60814283260743,37.18,128.46
2022-12-15 10:00:00,영흥,205.54999999999998,6,6,73.72518116101986,37.26,126.46
2022-12-15 10:00:00,예천,193.75,6,6,72.20733633973491,36.65,128.46
2022-12-15 10:00:00,창원,311.9166666666667,6,6,71.05724987319397,35.21,128.58
2022-12-15 10:00:00,탑선,248.61666666666665,6,6,72.04391052045776,35.24,126.81
2022-12-15 11:00:00,경상대,428.5166666666667,6,6,64.2267366054063,35.18,128.1
2022-12-15 11:00:00,고흥만수상,439.61666666666673,6,6,64.01414365820396,34.57,127.3
2022-12-15 11:00:00,광양항세방,387.3666666666666,6,6,64.16250160298371,34.93,127.71
2022-12-15 11:00:00,구미,391.45,6,6,64.96834634957631,36.13,128.34
2022-12-15 11:00:00,삼천포,456.45000000000005,6,6,64.03696747083939,34.95,128.07
2022-12-15 11:00:00,여수,419.84999999999997,6,6,63.98458825214544,34.74,127.74
2022-12-15 11:00:00,영동,238.7833333333333,6,6,65.84890811677414,37.18,128.46
2022-12-15 11:00:00,영흥,236.65,6,6,66.68795464336715,37.26,126.46
2022-12-15 11:00:00,예천,220.15,6,6,65.38103510803626,36.65,128.46
2022-12-15 11:00:00,창원,418.76666666666665,6,6,64.06583753044156,35.21,128.58
2022-12-15 11:00:00,탑선,339.6333333333334,6,6,64.79525681622727,35.24,126.81
2022-12-15 12:00:00,경상대,490.2333333333333,6,6,59.74852330440408,35.18,128.1
2022-12-15 12:00:00,고흥만수상,501.73333333333335,6,6,59.32136845552596,34.57,127.3
2022-12-15 12:00:00,광양항세방,385.3,6,6,59.584436421378015,34.93,127.71
2022-12-15 12:00:00,구미,452.31666666666666,6,6,60.62471869179767,36.13,128.34
2022-12-15 12:00:00,삼천포,527.4,6,6,59.531298644293706,34.95,128.07
2022-12-15 12:00:00,여수,478.9166666666667,6,6,59.3942830292927,34.74,127.74
2022-12-15 12:00:00,영동,351.8666666666666,6,6,61.6234559588494,37.18,128.46
2022-12-15 12:00:00,영흥,161.91666666666669,6,6,62.095710686337064,37.26,126.46
2022-12-15 12:00:00,예천,250.61666666666667,6,6,61.1078113376356,36.65,128.46
2022-12-15 12:00:00,창원,471.43333333333334,6,6,59.684618192041974,35.21,128.58
2022-12-15 12:00:00,탑선,420.3499999999999,6,6,60.072921533942946,35.24,126.81
2022-12-15 13:00:00,경상대,504.86666666666673,6,6,58.468119866873735,35.18,128.1
2022-12-15 13:00:00,고흥만수상,518.2166666666666,6,6,57.84011874212768,34.57,127.3
2022-12-15 13:00:00,광양항세방,478.45,6,6,58.208153317136876,34.93,127.71
2022-12-15 13:00:00,구미,461.0666666666666,6,6,59.42474955909222,36.13,128.34
2022-12-15 13:00:00,삼천포,544.3833333333333,6,6,58.23739647222776,34.95,128.07
2022-12-15 13:00:00,여수,490.81666666666666,6,6,58.01892121377365,34.74,127.74
2022-12-15 13:00:00,영동,317.65000000000003,6,6,60.47779495357207,37.18,128.46
2022-12-15 13:00:00,영흥,198.26666666666665,6,6,60.521605464635996,37.26,126.46
2022-12-15 13:00:00,예천,410.55,6,6,59.948234392035744,36.65,128.46
2022-12-15 13:00:00,창원,484.8833333333334,6,6,58.513677708246085,35.21,128.58
2022-12-15 13:00:00,탑선,356.68333333333334,6,6,58.503770133753704,35.24,126.81
2022-12-15 14:00:00,경상대,489.61666666666673,6,6,60.59136914607406,35.18,128.1
2022-12-15 14:00:00,고흥만수상,486.6666666666667,6,6,59.81251362153426,34.57,127.3
2022-12-15 14:00:00,광양항세방,457.15000000000003,6,6,60.25636391105027,34.93,127.71
2022-12-15 14:00:00,구미,454.3833333333334,6,6,61.55541579789798,36.13,128.34
2022-12-15 14:00:00,삼천포,523.2166666666666,6,6,60.36488755933557,34.95,128.07
2022-12-15 14:00:00,여수,480.78333333333336,6,6,60.082554179892895,34.74,127.74
2022-12-15 14:00:00,영동,248.11666666666665,6,6,62.584302249889774,37.18,128.46
2022-12-15 14:00:00,영흥,124.10000000000001,6,6,62.199440396495135,37.26,126.46
2022-12-15 14:00:00,예천,427.15000000000003,6,6,62.07992506015867,36.65,128.46
2022-12-15 14:00:00,창원,476.1666666666667,6,6,60.741494757709894,35.21,128.58
2022-12-15 14:00:00,탑선,451.1166666666666,6,6,60.33777218000517,35.24,126.81
2022-12-15 15:00:00,경상대,424.2666666666667,6,6,65.78522428653557,35.18,128.1
2022-12-15 15:00:00,고흥만수상,438.08333333333326,6,6,64.92075807032069,34.57,127.3
2022-12-15 15:00:00,광양항세방,386.5666666666668,6,6,65.40407295357657,34.93,127.71
2022-12-15 15:00:00,구미,391.3,6,6,66.69352146687855,36.13,128.34
2022-12-15 15:00:00,삼천포,445.6500000000001,6,6,65.5774025704836,34.95,128.07
2022-12-15 15:00:00,여수,421.3166666666666,6,6,65.25572285634318,34.74,127.74
2022-12-15 15:00:00,영동,259.3,6,6,67.63459277537501,37.18,128.46
2022-12-15 15:00:00,영흥,155.58333333333334,6,6,66.88072179786333,37.26,126.46
2022-12-15 15:00:00,예천,372.23333333333335,6,6,67.18533682419707,36.65,128.46
2022-12-15 15:00:00,창원,415.59999999999997,6,6,66.02037151259607,35.21,128.58
2022-12-15 15:00:00,탑선,419.3,6,6,65.28498892679812,35.24,126.81
2022-12-15 16:00:00,경상대,295.80000000000007,5,5,73.39023310372573,35.18,128.1
2022-12-15 16:00:00,고흥만수상,311.38,5,5,72.49538713952359,34.57,127.3
2022-12-15 16:00:00,광양항세방,262.65999999999997,5,5,72.98836348747807,34.93,127.71
2022-12-15 16:00:00,구미,271.12,5,5,74.20560543203864,36.13,128.34
2022-12-15 16:00:00,삼천포,302.28000000000003,5,5,73.20872479721804,34.95,128.07
2022-12-15 16:00:00,여수,299.98,5,5,72.86926239950003,34.74,127.74
2022-12-15 16:00:00,영동,206.7,5,5,75.02410744734851,37.18,128.46
2022-12-15 16:00:00,영흥,193.58,5,5,73.98597422258368,37.26,126.46
2022-12-15 16:00:00,예천,238.16,5,5,74.64487824562035,36.65,128.46
2022-12-15 16:00:00,창원,293.0,5,5,73.68686123421085,35.21,128.58
2022-12-15 16:00:00,탑선,276.14,5,5,72.70269100215003,35.24,126.81
2022-12-15 17:00:00,경상대,205.45,2,6,82.72786324630985,35.18,128.1
2022-12-15 17:00:00,고흥만수상,222.35000000000002,2,6,81.83936293485124,34.57,127.3
2022-12-15 17:00:00,광양항세방,178.85000000000002,2,6,82.32281961359597,34.93,127.71
2022-12-15 17:00:00,구미,184.3,1,6,83.43512615802018,36.13,128.34
2022-12-15 17:00:00,삼천포,207.05,2,6,82.57506025193454,34.95,128.07
2022-12-15 17:00:00,여수,210.95,2,6,82.23266200698764,34.74,127.74
2022-12-15 17:00:00,영동,159.3,1,6,84.11910564234634,37.18,128.46
2022-12-15 17:00:00,영흥,163.5,2,6,82.87542081994295,37.26,126.46
2022-12-15 17:00:00,예천,169.7,1,6,83.81368288056196,36.65,128.46
2022-12-15 17:00:00,창원,202.9,2,6,83.06602442248267,35.21,128.58
2022-12-15 17:00:00,탑선,188.55,2,6,81.90660682604342,35.24,126.81
2022-12-15 18:00:00,경상대,,0,6,93.25630888131808,35.18,128.1
2022-12-15 18:00:00,고흥만수상,,0,6,92.39633769948789,34.57,127.3
2022-12-15 18:00:00,광양항세방,,0,6,92.85908162425811,34.93,127.71
2022-12-15 18:00:00,구미,,0,6,93.85164650123092,36.13,128.34
2022-12-15 18:00:00,삼천포,,0,6,93.13212739938243,34.95,128.07
2022-12-15 18:00:00,여수,,0,6,92.79606593289645,34.74,127.74
2022-12-15 18:00:00,영동,,0,6,94.40015809818071,37.18,128.46
2022-12-15 18:00:00,영흥,,0,6,93.01217075587186,37.26,126.46
2022-12-15 18:00:00,예천,,0,6,94.16734965157471,36.65,128.46
2022-12-15 18:00:00,창원,,0,6,93.62143193932468,35.21,128.58
2022-12-15 18:00:00,탑선,,0,6,92.34186795743726,35.24,126.81
2022-12-15 19:00:00,경상대,,0,6,104.58488283325796,35.18,128.1
2022-12-15 19:00:00,고흥만수상,,0,6,103.76762876164378,34.57,127.3
2022-12-15 19:00:00,광양항세방,,0,6,104.2026707872799,34.93,127.71
2022-12-15 19:00:00,구미,,0,6,105.06753361363671,36.13,128.34
2022-12-15 19:00:00,삼천포,,0,6,104.48875351662109,34.95,128.07
2022-12-15 19:00:00,여수,,0,6,104.16507555124217,34.74,127.74
2022-12-15 19:00:00,영동,,0,6,105.48181307884586,37.18,128.46
2022-12-15 19:00:00,영흥,,0,6,103.99444199667643,37.26,126.46
2022-12-15 19:00:00,예천,,0,6,105.31981603830226,36.65,128.46
2022-12-15 19:00:00,창원,,0,6,104.96671166547002,35.21,128.58
2022-12-15 19:00:00,탑선,,0,6,103.60612445027127,35.24,126.81
2022-12-15 20:00:00,경상대,,0,6,116.43433000197055,35.18,128.1
2022-12-15 20:00:00,고흥만수상,,0,6,115.67150236789071,34.57,127.3
2022-12-15 20:00:00,광양항세방,,0,6,116.07299272977333,34.93,127.71
2022-12-15 20:00:00,구미,,0,6,116.80118443743416,36.13,128.34
2022-12-15 20:00:00,삼천포,,0,6,116.36640003671724,34.95,128.07
2022-12-15 20:00:00,여수,,0,6,116.0599959712525,34.74,127.74
2022-12-15 20:00:00,영동,,0,6,117.0789886709512,37.18,128.46
2022-12-15 20:00:00,영흥,,0,6,115.52610659171829,37.26,126.46
2022-12-15 20:00:00,예천,,0,6,116.98808438785558,36.65,128.46
2022-12-15 20:00:00,창원,,0,6,116.82525389883307,35.21,128.58
2022-12-15 20:00:00,탑선,,0,6,115.41222701845719,35.24,126.81
2022-12-15 21:00:00,경상대,,0,6,128.58755215176035,35.18,128.1
2022-12-15 21:00:00,고흥만수상,,0,6,127.89356773480071,34.57,127.3
2022-12-15 21:00:00,광양항세방,,0,6,128.25396724895515,34.93,127.71
2022-12-15 21:00:00,구미,,0,6,128.82822780357708,36.13,128.34
2022-12-15 21:00:00,삼천포,,0,6,128.54974105328938,34.95,128.07
2022-12-15 21:00:00,여수,,0,6,128.26631650141638,34.74,127.74
2022-12-15 21:00:00,영동,,0,6,128.95861163155635,37.18,128.46
2022-12-15 21:00:00,영흥,,0,6,127.36970901585597,37.26,126.46
2022-12-15 21:00:00,예천,,0,6,128.94362236309138,36.65,128.46
2022-12-15 21:00:00,창원,,0,6,128.98083899083517,35.21,128.58
2022-12-15 21:00:00,탑선,,0,6,127.53931075113722,35.24,126.81
2022-12-15 22:00:00,경상대,,0,6,140.829703881967,35.18,128.1
2022-12-15 22:00:00,고흥만수상,,0,6,140.23006134215439,34.57,127.3
2022-12-15 22:00:00,광양항세방,,0,6,140.53558831310315,34.93,127.71
2022-12-15 22:00:00,구미,,0,6,140.91787208205983,36.13,128.34
2022-12-15 22:00:00,삼천포,,0,6,140.8275901173588,34.95,128.07
2022-12-15 22:00:00,여수,,0,6,140.5768431126609,34.74,127.74
2022-12-15 22:00:00,영동,,0,6,140.87200182602578,37.18,128.46
2022-12-15 22:00:00,영흥,,0,6,139.28315737539515,37.26,126.46
2022-12-15 22:00:00,예천,,0,6,140.9466117014376,36.65,128.46
2022-12-15 22:00:00,창원,,0,6,141.21677964486867,35.21,128.58
2022-12-15 22:00:00,탑선,,0,6,139.774740467125,35.24,126.81
2022-12-15 23:00:00,경상대,,0,6,152.81553883543063,35.18,128.1
2022-12-15 23:00:00,고흥만수상,,0,6,152.3706022761904,34.57,127.3
2022-12-15 23:00:00,광양항세방,,0,6,152.58837852455758,34.93,127.71
2022-12-15 23:00:00,구미,,0,6,152.68549078168593,36.13,128.34
2022-12-15 23:00:00,삼천포,,0,6,152.86354915132517,34.95,128.07
2022-12-15 23:00:00,여수,,0,6,152.66829119081723,34.74,127.74
2022-12-15 23:00:00,영동,,0,6,152.39339014340212,37.18,128.46
2022-12-15 23:00:00,영흥,,0,6,150.88015476825217,37.26,126.46
2022-12-15 23:00:00,예천,,0,6,152.5907109596995,36.65,128.46
2022-12-15 23:00:00,창원,,0,6,153.17774504664064,35.21,128.58
2022-12-15 23:00:00,탑선,,0,6,151.79314975950962,35.24,126.81
2022-12-16 00:00:00,경상대,,0,6,163.48319405175792,35.18,128.1
2022-12-16 00:00:00,고흥만수상,,0,6,163.38510224844566,34.57,127.3
2022-12-16 00:00:00,광양항세방,,0,6,163.4115137603581,34.93,127.71
2022-12-16 00:00:00,구미,,0,6,162.96388855881122,36.13,128.34
2022-12-16 00:00:00,삼천포,,0,6,163.619539227221,34.95,128.07
2022-12-16 00:00:00,여수,,0,6,163.55422010179373,34.74,127.74
2022-12-16 00:00:00,영동,,0,6,162.26568996417075,37.18,128.46
2022-12-16 00:00:00,영흥,,0,6,161.0965784222301,37.26,126.46
2022-12-16 00:00:00,예천,,0,6,162.6559766134979,36.65,128.46
2022-12-16 00:00:00,창원,,0,6,163.7487482689028,35.21,128.58
2022-12-16 00:00:00,탑선,,0,6,162.64942598213995,35.24,126.81
2022-12-16 01:00:00,경상대,,0,6,168.00106289198806,35.18,128.1
2022-12-16 01:00:00,고흥만수상,,0,6,168.68046289773534,34.57,127.3
2022-12-16 01:00:00,광양항세방,,0,6,168.28931481202488,34.93,127.71
2022-12-16 01:00:00,구미,,0,6,167.03297032486762,36.13,128.34
2022-12-16 01:00:00,삼천포,,0,6,168.23222647951576,34.95,128.07
2022-12-16 01:00:00,여수,,0,6,168.47524192728721,34.74,127.74
2022-12-16 01:00:00,영동,,0,6,165.98015891111905,37.18,128.46
2022-12-16 01:00:00,영흥,,0,6,166.0242999764813,37.26,126.46
2022-12-16 01:00:00,예천,,0,6,166.5044244958762,36.65,128.46
2022-12-16 01:00:00,창원,,0,6,167.90961575907397,35.21,128.58
2022-12-16 01:00:00,탑선,,0,6,168.0363813335172,35.24,126.81
2022-12-16 02:00:00,경상대,,0,6,161.16751735109068,35.18,128.1
2022-12-16 02:00:00,고흥만수상,,0,6,162.05427402722842,34.57,127.3
2022-12-16 02:00:00,광양항세방,,0,6,161.57229951149145,34.93,127.71
2022-12-16 02:00:00,구미,,0,6,160.456820791442,36.13,128.34
2022-12-16 02:00:00,삼천포,,0,6,161.31767878085634,34.95,128.07
2022-12-16 02:00:00,여수,,0,6,161.65970109868383,34.74,127.74
2022-12-16 02:00:00,영동,,0,6,159.74208583843136,37.18,128.46
2022-12-16 02:00:00,영흥,,0,6,160.89957633916515,37.26,126.46
2022-12-16 02:00:00,예천,,0,6,160.06761305020288,36.65,128.46
2022-12-16 02:00:00,창원,,0,6,160.82629316785113,35.21,128.58
2022-12-16 02:00:00,탑선,,0,6,161.98488596585057,35.24,126.81
2022-12-16 03:00:00,경상대,,0,6,149.97893204420666,35.18,128.1
2022-12-16 03:00:00,고흥만수상,,0,6,150.76715918054762,34.57,127.3
2022-12-16 03:00:00,광양항세방,,0,6,150.35096483101307,34.93,127.71
2022-12-16 03:00:00,구미,,0,6,149.53967643771756,36.13,128.34
2022-12-16 03:00:00,삼천포,,0,6,150.0602102607696,34.95,128.07
2022-12-16 03:00:00,여수,,0,6,150.37444830701577,34.74,127.74
2022-12-16 03:00:00,영동,,0,6,149.14416710035192,37.18,128.46
2022-12-16 03:00:00,영흥,,0,6,150.62718594867619,37.26,126.46
2022-12-16 03:00:00,예천,,0,6,149.3004806160872,36.65,128.46
2022-12-16 03:00:00,창원,,0,6,149.59162826901326,35.21,128.58
2022-12-16 03:00:00,탑선,,0,6,150.97954458008866,35.24,126.81
2022-12-16 04:00:00,경상대,,0,6,137.88234576052199,35.18,128.1
2022-12-16 04:00:00,고흥만수상,,0,6,138.5722025467091,34.57,127.3
2022-12-16 04:00:00,광양항세방,,0,6,138.21555796009056,34.93,127.71
2022-12-16 04:00:00,구미,,0,6,137.62499825722537,36.13,128.34
2022-12-16 04:00:00,삼천포,,0,6,137.91980005723042,34.95,128.07
2022-12-16 04:00:00,여수,,0,6,138.20155954754802,34.74,127.74
2022-12-16 04:00:00,영동,,0,6,137.44185240374668,37.18,128.46
2022-12-16 04:00:00,영흥,,0,6,139.01716566169546,37.26,126.46
2022-12-16 04:00:00,예천,,0,6,137.4881130023467,36.65,128.46
2022-12-16 04:00:00,창원,,0,6,137.48904080511576,35.21,128.58
2022-12-16 04:00:00,탑선,,0,6,138.93002758194615,35.24,126.81
2022-12-16 05:00:00,경상대,,0,6,125.64070625151311,35.18,128.1
2022-12-16 05:00:00,고흥만수상,,0,6,126.23937590874544,34.57,127.3
2022-12-16 05:00:00,광양항세방,,0,6,125.93624283489542,34.93,127.71
2022-12-16 05:00:00,구미,,0,6,125.52727495087618,36.13,128.34
2022-12-16 05:00:00,삼천포,,0,6,125.64418352280195,34.95,128.07
2022-12-16 05:00:00,여수,,0,6,125.8944663752973,34.74,127.74
2022-12-16 05:00:00,영동,,0,6,125.5094240413119,37.18,128.46
2022-12-16 05:00:00,영흥,,0,6,127.10394909736254,37.26,126.46
2022-12-16 05:00:00,예천,,0,6,125.47137764115732,36.65,128.46
2022-12-16 05:00:00,창원,,0,6,125.25287966627525,35.21,128.58
2022-12-16 05:00:00,탑선,,0,6,126.69598467956,35.24,126.81
2022-12-16 06:00:00,경상대,,0,6,113.54500276502631,35.18,128.1
2022-12-16 06:00:00,고흥만수상,,0,6,114.05141397258672,34.57,127.3
2022-12-16 06:00:00,광양항세방,,0,6,113.8014637514276,34.93,127.71
2022-12-16 06:00:00,구미,,0,6,113.56200824507152,36.13,128.34
2022-12-16 06:00:00,삼천포,,0,6,113.51804074117153,34.95,128.07
2022-12-16 06:00:00,여수,,0,6,113.73564647024317,34.74,127.74
2022-12-16 06:00:00,영동,,0,6,113.69109471152963,37.18,128.46
2022-12-16 06:00:00,영흥,,0,6,115.26753913221344,37.26,126.46
2022-12-16 06:00:00,예천,,0,6,113.57917578742443,36.65,128.46
2022-12-16 06:00:00,창원,,0,6,113.16927088185484,35.21,128.58
2022-12-16 06:00:00,탑선,,0,6,114.58722642643338,35.24,126.81
2022-12-16 07:00:00,경상대,,0,6,101.80344808473123,35.18,128.1
2022-12-16 07:00:00,고흥만수상,,0,6,102.20929639280786,34.57,127.3
2022-12-16 07:00:00,광양항세방,,0,6,102.01655441075182,34.93,127.71
2022-12-16 07:00:00,구미,,0,6,101.94973317439145,36.13,128.34
2022-12-16 07:00:00,삼천포,,0,6,101.74659971605112,34.95,128.07
2022-12-16 07:00:00,여수,,0,6,101.92789264332802,34.74,127.74
2022-12-16 07:00:00,영동,,0,6,102.22144829301854,37.18,128.46
2022-12-16 07:00:00,영흥,,0,6,103.7490331923128,37.26,126.46
2022-12-16 07:00:00,예천,,0,6,102.03885828626262,36.65,128.46
2022-12-16 07:00:00,창원,,0,6,101.44633650639358,35.21,128.58
2022-12-16 07:00:00,탑선,,0,6,102.81454923975224,35.24,126.81
2022-12-16 08:00:00,경상대,,0,6,90.6436142097982,35.18,128.1
2022-12-16 08:00:00,고흥만수상,,0,6,90.93371629916747,34.57,127.3
2022-12-16 08:00:00,광양항세방,,0,6,90.80607215282052,34.93,127.71
2022-12-16 08:00:00,구미,,0,6,90.92540053062356,36.13,128.34
2022-12-16 08:00:00,삼천포,,0,6,90.55574474259686,34.95,128.07
2022-12-16 08:00:00,여수,,0,6,90.69453725715549,34.74,127.74
2022-12-16 08:00:00,영동,,0,6,91.3431955158717,37.18,128.46
2022-12-16 08:00:00,영흥,,0,6,92.78677806954389,37.26,126.46
2022-12-16 08:00:00,예천,,0,6,91.08938666755272,36.65,128.46
2022-12-16 08:00:00,창원,,0,6,90.31345286984424,35.21,128.58
2022-12-16 08:00:00,탑선,,0,6,91.60192931680744,35.24,126.81
2022-12-16 09:00:00,경상대,205.3,2,6,80.36740381373296,35.18,128.1
2022-12-16 09:00:00,고흥만수상,174.95,2,6,80.51945789713061,34.57,127.3
2022-12-16 09:00:00,광양항세방,181.95,2,6,80.46861122880884,34.93,127.71
2022-12-16 09:00:00,구미,152.85,2,6,80.79514020176458,36.13,128.34
2022-12-16 09:00:00,삼천포,219.55,2,6,80.24651378682748,34.95,128.07
2022-12-16 09:00:00,여수,201.1,2,6,80.33380093873687,34.74,127.74
2022-12-16 09:00:00,영동,144.5,2,6,81.3660194429373,37.18,128.46
2022-12-16 09:00:00,영흥,138.0,1,6,82.67895870473053,37.26,126.46
2022-12-16 09:00:00,예천,165.95,2,6,81.03904992393889,36.65,128.46
2022-12-16 09:00:00,창원,218.3,2,6,80.0757991532547,35.21,128.58
2022-12-16 09:00:00,탑선,166.85,2,6,81.2431275773346,35.24,126.81
2022-12-16 10:00:00,경상대,289.96666666666664,6,6,71.3993079138169,35.18,128.1
2022-12-16 10:00:00,고흥만수상,266.55,6,6,71.38466279233582,34.57,127.3
2022-12-16 10:00:00,광양항세방,256.34999999999997,6,6,71.42551118551654,34.93,127.71
2022-12-16 10:00:00,구미,203.20000000000002,6,6,71.98309715775605,36.13,128.34
2022-12-16 10:00:00,삼천포,324.3833333333334,6,6,71.24369241168631,34.95,128.07
2022-12-16 10:00:00,여수,308.3,6,6,71.26775562779304,34.74,127.74
2022-12-16 10:00:00,영동,242.66666666666666,6,6,72.7119370090078,37.18,128.46
2022-12-16 10:00:00,영흥,240.48333333333335,6,6,73.83025304778684,37.26,126.46
2022-12-16 10:00:00,예천,215.94999999999996,6,6,72.31152675603344,36.65,128.46
2022-12-16 10:00:00,창원,305.31666666666666,6,6,71.16242237746766,35.21,128.58
2022-12-16 10:00:00,탑선,240.5666666666667,6,6,72.15023646890968,35.24,126.81
2022-12-16 11:00:00,경상대,413.91666666666674,6,6,64.31890974619884,35.18,128.1
2022-12-16 11:00:00,고흥만수상,379.75,6,6,64.10763148755233,34.57,127.3
2022-12-16 11:00:00,광양항세방,387.8500000000001,6,6,64.25528232490478,34.93,127.71
2022-12-16 11:00:00,구미,283.1000000000001,6,6,65.05956245496816,36.13,128.34
2022-12-16 11:00:00,삼천포,438.0333333333333,6,6,64.12934224588022,34.95,128.07
2022-12-16 11:00:00,여수,420.05,6,6,64.07747658910431,34.74,127.74
2022-12-16 11:00:00,영동,339.9166666666667,6,6,65.93922979203089,37.18,128.46
2022-12-16 11:00:00,영흥,325.15000000000003,6,6,66.78033256105847,37.26,126.46
2022-12-16 11:00:00,예천,314.1166666666667,6,6,65.47174163323852,36.65,128.46
2022-12-16 11:00:00,창원,405.7666666666667,6,6,64.15746120760431,35.21,128.58
2022-12-16 11:00:00,탑선,372.54999999999995,6,6,64.88876793481684,35.24,126.81
2022-12-16 12:00:00,경상대,468.6833333333334,6,6,59.82048608258684,35.18,128.1
2022-12-16 12:00:00,고흥만수상,421.65000000000003,6,6,59.394875308268965,34.57,127.3
2022-12-16 12:00:00,광양항세방,442.18333333333334,6,6,59.65712737097943,34.93,127.71
2022-12-16 12:00:00,구미,365.8833333333334,6,6,60.69586317701484,36.13,128.34
2022-12-16 12:00:00,삼천포,499.81666666666666,6,6,59.60341826257783,34.95,128.07
2022-12-16 12:00:00,여수,450.43333333333334,6,6,59.46702031612003,34.74,127.74
2022-12-16 12:00:00,영동,401.8666666666666,6,6,61.69393679770234,37.18,128.46
2022-12-16 12:00:00,영흥,425.0833333333333,6,6,62.169125178799085,37.26,126.46
2022-12-16 12:00:00,예천,363.3500000000001,6,6,61.178532842803605,36.65,128.46
2022-12-16 12:00:00,창원,455.31666666666666,6,6,59.755815223085975,35.21,128.58
2022-12-16 12:00:00,탑선,436.5,6,6,60.146841307839594,35.24,126.81
2022-12-16 13:00:00,경상대,499.8333333333333,6,6,58.51368459187082,35.18,128.1
2022-12-16 13:00:00,고흥만수상,425.7166666666667,6,6,57.88715258145116,34.57,127.3
2022-12-16 13:00:00,광양항세방,457.36666666666673,6,6,58.254432822982295,34.93,127.71
2022-12-16 13:00:00,구미,418.34999999999997,6,6,59.469947491679896,36.13,128.34
2022-12-16 13:00:00,삼천포,514.9166666666666,6,6,58.28299970267399,34.95,128.07
2022-12-16 13:00:00,여수,479.15000000000003,6,6,58.065132330652716,34.74,127.74
2022-12-16 13:00:00,영동,424.48333333333335,6,6,60.52286807968631,37.18,128.46
2022-12-16 13:00:00,영흥,414.8,6,6,60.570243007078744,37.26,126.46
2022-12-16 13:00:00,예천,396.75,6,6,59.993259541476334,36.65,128.46
2022-12-16 13:00:00,창원,475.50000000000006,6,6,58.55834451733548,35.21,128.58
2022-12-16 13:00:00,탑선,465.1666666666667,6,6,58.551744328131264,35.24,126.81
2022-12-16 14:00:00,경상대,489.7,6,6,60.608138749166045,35.18,128.1
2022-12-16 14:00:00,고흥만수상,469.0,6,6,59.83035148582126,34.57,127.3
2022-12-16 14:00:00,광양항세방,427.9666666666667,6,6,60.27368320249428,34.93,127.71
2022-12-16 14:00:00,구미,391.7,6,6,61.5724350285887,36.13,128.34
2022-12-16 14:00:00,삼천포,497.7833333333333,6,6,60.38154489742064,34.95,128.07
2022-12-16 14:00:00,여수,472.15000000000003,6,6,60.0996799288823,34.74,127.74
2022-12-16 14:00:00,영동,405.93333333333334,6,6,62.60186375324658,37.18,128.46
2022-12-16 14:00:00,영흥,403.43333333333334,6,6,62.220639610539315,37.26,126.46
2022-12-16 14:00:00,예천,429.95,6,6,62.09710409223765,36.65,128.46
2022-12-16 14:00:00,창원,465.40000000000003,6,6,60.7573919646787,35.21,128.58
2022-12-16 14:00:00,탑선,421.48333333333335,6,6,60.356999802897406,35.24,126.81
2022-12-16 15:00:00,경상대,380.48333333333335,6,6,65.77549781791535,35.18,128.1
2022-12-16 15:00:00,고흥만수상,333.1666666666667,6,6,64.91157909525994,34.57,127.3
2022-12-16 15:00:00,광양항세방,361.23333333333335,6,6,65.39466691244624,34.93,127.71
2022-12-16 15:00:00,구미,349.71666666666664,6,6,66.6845733824499,36.13,128.34
2022-12-16 15:00:00,삼천포,402.6166666666666,6,6,65.5674424455707,34.95,128.07
2022-12-16 15:00:00,여수,386.4666666666667,6,6,65.24603678191498,34.74,127.74
2022-12-16 15:00:00,영동,356.76666666666665,6,6,67.62672764990018,37.18,128.46
2022-12-16 15:00:00,영흥,365.8,6,6,66.87606672428765,37.26,126.46
2022-12-16 15:00:00,예천,335.2,6,6,67.17683216370656,36.65,128.46
2022-12-16 15:00:00,창원,393.98333333333335,6,6,66.0099184980141,35.21,128.58
2022-12-16 15:00:00,탑선,336.84999999999997,6,6,65.2774117188461,35.24,126.81
2022-12-16 16:00:00,경상대,253.09999999999997,5,5,73.3589328075229,35.18,128.1
2022-12-16 16:00:00,고흥만수상,232.04000000000002,5,5,72.4641867777334,34.57,127.3
2022-12-16 16:00:00,광양항세방,260.82,5,5,72.95717912410768,34.93,127.71
2022-12-16 16:00:00,구미,226.84,5,5,74.17541739538346,36.13,128.34
2022-12-16 16:00:00,삼천포,286.84000000000003,5,5,73.17712040007505,34.95,128.07
2022-12-16 16:00:00,여수,289.90000000000003,5,5,72.83775888281619,34.74,127.74
2022-12-16 16:00:00,영동,249.88000000000002,5,5,74.99532612851523,37.18,128.46
2022-12-16 16:00:00,영흥,252.92,5,5,73.95977207770652,37.26,126.46
2022-12-16 16:00:00,예천,238.14000000000001,5,5,74.61531349094065,36.65,128.46
2022-12-16 16:00:00,창원,263.41999999999996,5,5,73.65501231831033,35.21,128.58
2022-12-16 16:00:00,탑선,238.6,5,5,72.6730997586148,35.24,126.81
2022-12-16 17:00:00,경상대,179.35000000000002,2,6,82.68016309161058,35.18,128.1
2022-12-16 17:00:00,고흥만수상,189.7,2,6,81.79143847232488,34.57,127.3
2022-12-16 17:00:00,광양항세방,168.7,2,6,82.2750829910766,34.93,127.71
2022-12-16 17:00:00,구미,181.5,1,6,83.38872038912902,36.13,128.34
2022-12-16 17:00:00,삼천포,174.95,2,6,82.52702204760928,34.95,128.07
2022-12-16 17:00:00,여수,210.0,2,6,82.1845959369075,34.74,127.74
2022-12-16 17:00:00,영동,178.3,1,6,84.07427171361023,37.18,128.46
2022-12-16 17:00:00,영흥,186.55,2,6,82.83255928362779,37.26,126.46
2022-12-16 17:00:00,예천,176.5,1,6,83.76799957475286,36.65,128.46
2022-12-16 17:00:00,창원,186.6,2,6,83.01793222443209,35.21,128.58
2022-12-16 17:00:00,탑선,172.2,2,6,81.86020573059649,35.24,126.81
2022-12-16 18:00:00,경상대,,0,6,93.19655723500456,35.18,128.1
2022-12-16 18:00:00,고흥만수상,,0,6,92.33612788305601,34.57,127.3
2022-12-16 18:00:00,광양항세방,,0,6,92.79918169739493,34.93,127.71
2022-12-16 18:00:00,구미,,0,6,93.79330040808065,36.13,128.34
2022-12-16 18:00:00,삼천포,,0,6,93.07201926054634,34.95,128.07
2022-12-16 18:00:00,여수,,0,6,92.7358357546485,34.74,127.74
2022-12-16 18:00:00,영동,,0,6,94.34347998406359,37.18,128.46
2022-12-16 18:00:00,영흥,,0,6,92.95696070954327,37.26,126.46
2022-12-16 18:00:00,예천,,0,6,94.10978756379775,36.65,128.46
2022-12-16 18:00:00,창원,,0,6,93.56141188464953,35.21,128.58
2022-12-16 18:00:00,탑선,,0,6,92.28308514650139,35.24,126.81
2022-12-16 19:00:00,경상대,,0,6,104.51650680333734,35.18,128.1
2022-12-16 19:00:00,고흥만수상,,0,6,103.69860002514602,34.57,127.3
2022-12-16 19:00:00,광양항세방,,0,6,104.13405370631725,34.93,127.71
2022-12-16 19:00:00,구미,,0,6,105.00067003740598,36.13,128.34
2022-12-16 19:00:00,삼천포,,0,6,104.42000211375073,34.95,128.07
2022-12-16 19:00:00,여수,,0,6,104.09612424943032,34.74,127.74
2022-12-16 19:00:00,영동,,0,6,105.41671591813696,37.18,128.46
2022-12-16 19:00:00,영흥,,0,6,103.93040184121762,37.26,126.46
2022-12-16 19:00:00,예천,,0,6,105.25379637115327,36.65,128.46
2022-12-16 19:00:00,창원,,0,6,104.8981657236949,35.21,128.58
2022-12-16 19:00:00,탑선,,0,6,103.53845730242615,35.24,126.81
2022-12-16 20:00:00,경상대,,0,6,116.36014094380363,35.18,128.1
2022-12-16 20:00:00,고흥만수상,,0,6,115.5964527079516,34.57,127.3
2022-12-16 20:00:00,광양항세방,,0,6,115.99846557263756,34.93,127.71
2022-12-16 20:00:00,구미,,0,6,116.72866617848314,36.13,128.34
2022-12-16 20:00:00,삼천포,,0,6,116.29180368008795,34.95,128.07
2022-12-16 20:00:00,여수,,0,6,115.9851185430802,34.74,127.74
2022-12-16 20:00:00,영동,,0,6,117.00839602182263,37.18,128.46
2022-12-16 20:00:00,영흥,,0,6,115.45620572954552,37.26,126.46
2022-12-16 20:00:00,예천,,0,6,116.91649879187572,36.65,128.46
2022-12-16 20:00:00,창원,,0,6,116.75098286175631,35.21,128.58
2022-12-16 20:00:00,탑선,,0,6,115.33852606284435,35.24,126.81
2022-12-16 21:00:00,경상대,,0,6,128.51024458583097,35.18,128.1
2022-12-16 21:00:00,고흥만수상,,0,6,127.8151082898021,34.57,127.3
2022-12-16 21:00:00,광양항세방,,0,6,128.1761886379997,34.93,127.71
2022-12-16 21:00:00,구미,,0,6,128.7528710323245,36.13,128.34
2022-12-16 21:00:00,삼천포,,0,6,128.47196562328443,34.95,128.07
2022-12-16 21:00:00,여수,,0,6,128.18814902904725,34.74,127.74
2022-12-16 21:00:00,영동,,0,6,128.88547270981266,37.18,128.46
2022-12-16 21:00:00,영흥,,0,6,127.29685850633606,37.26,126.46
2022-12-16 21:00:00,예천,,0,6,128.86935433463663,36.65,128.46
2022-12-16 21:00:00,창원,,0,6,128.9035490107756,35.21,128.58
2022-12-16 21:00:00,탑선,,0,6,127.46226056296484,35.24,126.81
2022-12-16 22:00:00,경상대,,0,6,140.75278316197887,35.18,128.1
2022-12-16 22:00:00,고흥만수상,,0,6,140.15146923461677,34.57,127.3
2022-12-16 22:00:00,광양항세방,,0,6,140.45796157977304,34.93,127.71
2022-12-16 22:00:00,구미,,0,6,140.84344219073103,36.13,128.34
2022-12-16 22:00:00,삼천포,,0,6,140.75008145836182,34.95,128.07
2022-12-16 22:00:00,여수,,0,6,140.49874622627595,34.74,127.74
2022-12-16 22:00:00,영동,,0,6,140.80035094803213,37.18,128.46
2022-12-16 22:00:00,영흥,,0,6,139.21115860386575,37.26,126.46
2022-12-16 22:00:00,예천,,0,6,140.8735682009317,36.65,128.46
2022-12-16 22:00:00,창원,,0,6,141.1400374285042,35.21,128.58
2022-12-16 22:00:00,탑선,,0,6,139.6977270855603,35.24,126.81
2022-12-16 23:00:00,경상대,,0,6,152.74607740127556,35.18,128.1
2022-12-16 23:00:00,고흥만수상,,0,6,152.29828937519875,34.57,127.3
2022-12-16 23:00:00,광양항세방,,0,6,152.51767384542904,34.93,127.71
2022-12-16 23:00:00,구미,,0,6,152.61966010094034,36.13,128.34
2022-12-16 23:00:00,삼천포,,0,6,152.79324366194228,34.95,128.07
2022-12-16 23:00:00,여수,,0,6,152.59694677662313,34.74,127.74
2022-12-16 23:00:00,영동,,0,6,152.33145572497645,37.18,128.46
2022-12-16 23:00:00,영흥,,0,6,150.8163428893367,37.26,126.46
2022-12-16 23:00:00,예천,,0,6,152.5268757496872,36.65,128.46
2022-12-16 23:00:00,창원,,0,6,153.10885945215918,35.21,128.58
2022-12-16 23:00:00,탑선,,0,6,151.72273257341246,35.24,126.81
2022-12-17 00:00:00,경상대,,0,6,163.44431064757543,35.18,128.1
2022-12-17 00:00:00,고흥만수상,,0,6,163.34010019463506,34.57,127.3
2022-12-17 00:00:00,광양항세방,,0,6,163.36987182620936,34.93,127.71
2022-12-17 00:00:00,구미,,0,6,162.93067991086545,36.13,128.34
2022-12-17 00:00:00,삼천포,,0,6,163.57934933789608,34.95,128.07
2022-12-17 00:00:00,여수,,0,6,163.5116941245116,34.74,127.74
2022-12-17 00:00:00,영동,,0,6,162.2378489320001,37.18,128.46
2022-12-17 00:00:00,영흥,,0,6,161.06178968144633,37.26,126.46
2022-12-17 00:00:00,예천,,0,6,162.62571105820996,36.65,128.46
2022-12-17 00:00:00,창원,,0,6,163.71190067928057,35.21,128.58
2022-12-17 00:00:00,탑선,,0,6,162.6061912561542,35.24,126.81
2022-12-17 01:00:00,경상대,,0,6,168.05918573313994,35.18,128.1
2022-12-17 01:00:00,고흥만수상,,0,6,168.7331787280037,34.57,127.3
2022-12-17 01:00:00,광양항세방,,0,6,168.34486194029338,34.93,127.71
2022-12-17 01:00:00,구미,,0,6,167.09161114211054,36.13,128.34
2022-12-17 01:00:00,삼천포,,0,6,168.2904101951134,34.95,128.07
2022-12-17 01:00:00,여수,,0,6,168.53120719554886,34.74,127.74
2022-12-17 01:00:00,영동,,0,6,166.03838363928855,37.18,128.46
2022-12-17 01:00:00,영흥,,0,6,166.07008004629768,37.26,126.46
2022-12-17 01:00:00,예천,,0,6,166.56323106702877,36.65,128.46
2022-12-17 01:00:00,창원,,0,6,167.97107600149693,35.21,128.58
2022-12-17 01:00:00,탑선,,0,6,168.0849592384294,35.24,126.81
2022-12-17 02:00:00,경상대,,0,6,161.27934154795003,35.18,128.1
2022-12-17 02:00:00,고흥만수상,,0,6,162.16639917897896,34.57,127.3
2022-12-17 02:00:00,광양항세방,,0,6,161.68417832329402,34.93,127.71
2022-12-17 02:00:00,구미,,0,6,160.5670660051132,36.13,128.34
2022-12-17 02:00:00,삼천포,,0,6,161.42990955544477,34.95,128.07
2022-12-17 02:00:00,여수,,0,6,161.7719805160741,34.74,127.74
2022-12-17 02:00:00,영동,,0,6,159.85037576985735,37.18,128.46
2022-12-17 02:00:00,영흥,,0,6,161.00476279010653,37.26,126.46
2022-12-17 02:00:00,예천,,0,6,160.1769696703098,36.65,128.46
2022-12-17 02:00:00,창원,,0,6,160.93856487304066,35.21,128.58
2022-12-17 02:00:00,탑선,,0,6,162.09503851214117,35.24,126.81
2022-12-17 03:00:00,경상대,,0,6,150.09725734017823,35.18,128.1
2022-12-17 03:00:00,고흥만수상,,0,6,150.885746870664,34.57,127.3
2022-12-17 03:00:00,광양항세방,,0,6,150.46939194225664,34.93,127.71
2022-12-17 03:00:00,구미,,0,6,149.65739884284355,36.13,128.34
2022-12-17 03:00:00,삼천포,,0,6,150.178670925893,34.95,128.07
2022-12-17 03:00:00,여수,,0,6,150.49299137217574,34.74,127.74
2022-12-17 03:00:00,영동,,0,6,149.26109113362241,37.18,128.46
2022-12-17 03:00:00,영흥,,0,6,150.74355816366818,37.26,126.46
2022-12-17 03:00:00,예천,,0,6,149.41783330344063,36.65,128.46
2022-12-17 03:00:00,창원,,0,6,149.70999716747468,35.21,128.58
2022-12-17 03:00:00,탑선,,0,6,151.09764248164026,35.24,126.81
2022-12-17 04:00:00,경상대,,0,6,138.00140717008748,35.18,128.1
2022-12-17 04:00:00,고흥만수상,,0,6,138.69142842325573,34.57,127.3
2022-12-17 04:00:00,광양항세방,,0,6,138.3346888142159,34.93,127.71
2022-12-17 04:00:00,구미,,0,6,137.74373626106646,36.13,128.34
2022-12-17 04:00:00,삼천포,,0,6,138.03892993631052,34.95,128.07
2022-12-17 04:00:00,여수,,0,6,138.32074474460774,34.74,127.74
2022-12-17 04:00:00,영동,,0,6,137.56015114238045,37.18,128.46
2022-12-17 04:00:00,영흥,,0,6,139.13534537747756,37.26,126.46
2022-12-17 04:00:00,예천,,0,6,137.60664549976792,36.65,128.46
2022-12-17 04:00:00,창원,,0,6,137.6080997933124,35.21,128.58
2022-12-17 04:00:00,탑선,,0,6,139.04904774393788,35.24,126.81
2022-12-17 05:00:00,경상대,,0,6,125.75959818922499,35.18,128.1
2022-12-17 05:00:00,고흥만수상,,0,6,126.3584381329565,34.57,127.3
2022-12-17 05:00:00,광양항세방,,0,6,126.0552085342407,34.93,127.71
2022-12-17 05:00:00,구미,,0,6,125.64587878316752,36.13,128.34
2022-12-17 05:00:00,삼천포,,0,6,125.76313712001075,34.95,128.07
2022-12-17 05:00:00,여수,,0,6,126.01347945775424,34.74,127.74
2022-12-17 05:00:00,영동,,0,6,125.62765467039188,37.18,128.46
2022-12-17 05:00:00,영흥,,0,6,127.22218435313806,37.26,126.46
2022-12-17 05:00:00,예천,,0,6,125.58980292127288,36.65,128.46
2022-12-17 05:00:00,창원,,0,6,125.37175357959009,35.21,128.58
2022-12-17 05:00:00,탑선,,0,6,126.81488426523445,35.24,126.81
2022-12-17 06:00:00,경상대,,0,6,113.66319704254721,35.18,128.1
2022-12-17 06:00:00,고흥만수상,,0,6,114.16984361638657,34.57,127.3
2022-12-17 06:00:00,광양항세방,,0,6,113.91976081059894,34.93,127.71
2022-12-17 06:00:00,구미,,0,6,113.67985870970492,36.13,128.34
2022-12-17 06:00:00,삼천포,,0,6,113.63631056125087,34.95,128.07
2022-12-17 06:00:00,여수,,0,6,113.85400056929733,34.74,127.74
2022-12-17 06:00:00,영동,,0,6,113.80852876231675,37.18,128.46
2022-12-17 06:00:00,영흥,,0,6,115.38507315231861,37.26,126.46
2022-12-17 06:00:00,예천,,0,6,113.69682185102647,36.65,128.46
2022-12-17 06:00:00,창원,,0,6,113.28742607643001,35.21,128.58
2022-12-17 06:00:00,탑선,,0,6,114.70547623284921,35.24,126.81
2022-12-17 07:00:00,경상대,,0,5,101.92014226552234,35.18,128.1
2022-12-17 07:00:00,고흥만수상,,0,5,102.32633931240557,34.57,127.3
2022-12-17 07:00:00,광양항세방,,0,5,102.13340204615449,34.93,127.71
2022-12-17 07:00:00,구미,,0,5,102.065977618952,36.13,128.34
2022-12-17 07:00:00,삼천포,,0,5,101.86339412285426,34.95,128.07
2022-12-17 07:00:00,여수,,0,5,102.04481425498646,34.74,127.74
2022-12-17 07:00:00,영동,,0,5,102.33717711337636,37.18,128.46
2022-12-17 07:00:00,영흥,,0,5,103.86499873262132,37.26,126.46
2022-12-17 07:00:00,예천,,0,5,102.15484377289712,36.65,128.46
2022-12-17 07:00:00,창원,,0,5,101.56295584593357,35.21,128.58
2022-12-17 07:00:00,탑선,,0,5,102.9313787213409,35.24,126.81
2022-12-17 08:00:00,경상대,,0,6,90.75744424175768,35.18,128.1
2022-12-17 08:00:00,고흥만수상,,0,6,91.04806339719137,34.57,127.3
2022-12-17 08:00:00,광양항세방,,0,6,90.92013184721155,34.93,127.71
2022-12-17 08:00:00,구미,,0,6,91.0386358342886,36.13,128.34
2022-12-17 08:00:00,삼천포,,0,6,90.66970767276611,34.95,128.07
2022-12-17 08:00:00,여수,,0,6,90.80869186986259,34.74,127.74
2022-12-17 08:00:00,영동,,0,6,91.4557785887189,37.18,128.46
2022-12-17 08:00:00,영흥,,0,6,92.89982059063558,37.26,126.46
2022-12-17 08:00:00,예천,,0,6,91.20228725993125,36.65,128.46
2022-12-17 08:00:00,창원,,0,6,90.42714857526035,35.21,128.58
2022-12-17 08:00:00,탑선,,0,6,91.71603237043664,35.24,126.81
2022-12-17 09:00:00,경상대,127.4,2,6,80.47609422150678,35.18,128.1
2022-12-17 09:00:00,고흥만수상,212.2,2,6,80.62890134085713,34.57,127.3
2022-12-17 09:00:00,광양항세방,149.4,2,6,80.57763979033496,34.93,127.71
2022-12-17 09:00:00,구미,121.7,2,6,80.90306241625498,36.13,128.34
2022-12-17 09:00:00,삼천포,160.35000000000002,2,6,80.35537481400543,34.95,128.07
2022-12-17 09:00:00,여수,204.4,2,6,80.44294559185757,34.74,127.74
2022-12-17 09:00:00,영동,149.89999999999998,2,6,81.4731340145791,37.18,128.46
2022-12-17 09:00:00,영흥,157.1,1,6,82.78689462140686,37.26,126.46
2022-12-17 09:00:00,예천,156.8,2,6,81.14654770767926,36.65,128.46
2022-12-17 09:00:00,창원,104.6,2,6,80.18425916652694,35.21,128.58
2022-12-17 09:00:00,탑선,145.9,2,6,81.35232286564302,35.24,126.81
2022-12-17 10:00:00,경상대,222.89999999999998,6,6,71.49920438545468,35.18,128.1
2022-12-17 10:00:00,고흥만수상,313.56666666666666,6,6,71.4856172330703,34.57,127.3
2022-12-17 10:00:00,광양항세방,232.6,6,6,71.525888802953,34.93,127.71
2022-12-17 10:00:00,구미,239.80000000000004,6,6,72.08205837786613,36.13,128.34
2022-12-17 10:00:00,삼천포,271.9166666666667,6,6,71.34379329107739,34.95,128.07
2022-12-17 10:00:00,여수,284.9166666666667,6,6,71.36826174857367,34.74,127.74
2022-12-17 10:00:00,영동,202.15,6,6,72.80996182034939,37.18,128.46
2022-12-17 10:00:00,영흥,248.4666666666667,6,6,73.92965926941979,37.26,126.46
2022-12-17 10:00:00,예천,242.79999999999998,6,6,72.40998035988362,36.65,128.46
2022-12-17 10:00:00,창원,218.16666666666666,6,6,71.26194143923259,35.21,128.58
2022-12-17 10:00:00,탑선,165.04999999999998,6,6,72.25100864452794,35.24,126.81
2022-12-17 11:00:00,경상대,341.75,6,6,64.4046042664305,35.18,128.1
2022-12-17 11:00:00,고흥만수상,370.25,6,6,64.19470920831387,34.57,127.3
2022-12-17 11:00:00,광양항세방,342.5,6,6,64.34161560925764,34.93,127.71
2022-12-17 11:00:00,구미,266.3833333333334,6,6,65.14425053360418,36.13,128.34
2022-12-17 11:00:00,삼천포,357.9166666666667,6,6,64.21524909288945,34.95,128.07
2022-12-17 11:00:00,여수,342.90000000000003,6,6,64.16392349045917,34.74,127.74
2022-12-17 11:00:00,영동,281.85,6,6,66.02297816248961,37.18,128.46
2022-12-17 11:00:00,영흥,328.15000000000003,6,6,66.86623625610594,37.26,126.46
2022-12-17 11:00:00,예천,300.3666666666666,6,6,65.55589440368266,36.65,128.46
2022-12-17 11:00:00,창원,307.0833333333333,6,6,64.24257919069703,35.21,128.58
2022-12-17 11:00:00,탑선,166.26666666666668,6,6,64.97586830796847,35.24,126.81
2022-12-17 12:00:00,경상대,410.34999999999997,6,6,59.885262712282696,35.18,128.1
2022-12-17 12:00:00,고흥만수상,398.04999999999995,6,6,59.46123673933859,34.57,127.3
2022-12-17 12:00:00,광양항세방,279.7166666666667,6,6,59.72265095199723,34.93,127.71
2022-12-17 12:00:00,구미,112.14999999999999,6,6,60.7597982202002,36.13,128.34
2022-12-17 12:00:00,삼천포,259.9166666666667,6,6,59.668356464598894,34.95,128.07
2022-12-17 12:00:00,여수,419.29999999999995,6,6,59.532592162135,34.74,127.74
2022-12-17 12:00:00,영동,410.3833333333334,6,6,61.75718860841159,37.18,128.46
2022-12-17 12:00:00,영흥,402.90000000000003,6,6,62.23538116615733,37.26,126.46
2022-12-17 12:00:00,예천,343.3833333333334,6,6,61.242032982855065,36.65,128.46
2022-12-17 12:00:00,창원,409.01666666666665,6,6,59.81980784028538,35.21,128.58
2022-12-17 12:00:00,탑선,187.53333333333333,6,6,60.21362355260871,35.24,126.81
2022-12-17 13:00:00,경상대,284.4166666666667,6,6,58.551700835897606,35.18,128.1
2022-12-17 13:00:00,고흥만수상,447.6499999999999,6,6,57.92664926172628,34.57,127.3
2022-12-17 13:00:00,광양항세방,310.81666666666666,6,6,58.29316895079266,34.93,127.71
2022-12-17 13:00:00,구미,214.58333333333334,6,6,59.5075901217358,36.13,128.34
2022-12-17 13:00:00,삼천포,206.79999999999998,6,6,58.32105587032113,34.95,128.07
2022-12-17 13:00:00,여수,391.1166666666666,6,6,58.10380070609102,34.74,127.74
2022-12-17 13:00:00,영동,428.1666666666666,6,6,60.56037988045735,37.18,128.46
2022-12-17 13:00:00,영흥,375.84999999999997,6,6,60.61133990502708,37.26,126.46
2022-12-17 13:00:00,예천,437.0333333333333,6,6,60.03072585383331,36.65,128.46
2022-12-17 13:00:00,창원,318.2166666666667,6,6,58.59545836195675,35.21,128.58
2022-12-17 13:00:00,탑선,177.16666666666666,6,6,58.59218368459025,35.24,126.81
2022-12-17 14:00:00,경상대,219.64999999999998,6,6,60.61743278447025,35.18,128.1
2022-12-17 14:00:00,고흥만수상,331.0833333333333,6,6,59.84070731423863,34.57,127.3
2022-12-17 14:00:00,광양항세방,337.61666666666673,6,6,60.283523145446566,34.93,127.71
2022-12-17 14:00:00,구미,423.90000000000003,6,6,61.581970691457684,36.13,128.34
2022-12-17 14:00:00,삼천포,371.4666666666667,6,6,60.39072913099969,34.95,128.07
2022-12-17 14:00:00,여수,417.3333333333333,6,6,60.109329303993306,34.74,127.74
2022-12-17 14:00:00,영동,394.2666666666667,6,6,62.61193050416979,37.18,128.46
2022-12-17 14:00:00,영흥,399.51666666666665,6,6,62.23431291860854,37.26,126.46
2022-12-17 14:00:00,예천,420.8166666666666,6,6,62.10679501413287,36.65,128.46
2022-12-17 14:00:00,창원,437.45000000000005,6,6,60.76582208020276,35.21,128.58
2022-12-17 14:00:00,탑선,360.76666666666665,6,6,60.36872906458224,35.24,126.81
2022-12-17 15:00:00,경상대,303.84999999999997,6,6,65.75871133229677,35.18,128.1
2022-12-17 15:00:00,고흥만수상,390.1333333333334,6,6,64.89533183359858,34.57,127.3
2022-12-17 15:00:00,광양항세방,360.0333333333333,6,6,65.37819534380068,34.93,127.71
2022-12-17 15:00:00,구미,272.15000000000003,6,6,66.66854259948735,36.13,128.34
2022-12-17 15:00:00,삼천포,381.5833333333333,6,6,65.55042884763353,34.95,128.07
2022-12-17 15:00:00,여수,384.9666666666667,6,6,65.2292924688762,34.74,127.74
2022-12-17 15:00:00,영동,306.35,6,6,67.61175045753426,37.18,128.46
2022-12-17 15:00:00,영흥,364.3500000000001,6,6,66.8642337538348,37.26,126.46
2022-12-17 15:00:00,예천,346.8833333333334,6,6,67.16123216841015,36.65,128.46
2022-12-17 15:00:00,창원,368.05,6,6,65.9924213910053,35.21,128.58
2022-12-17 15:00:00,탑선,350.04999999999995,6,6,65.26272794793258,35.24,126.81
2022-12-17 16:00:00,경상대,290.34000000000003,5,5,73.3211531637634,35.18,128.1
2022-12-17 16:00:00,고흥만수상,193.79999999999998,5,5,72.42650745331909,34.57,127.3
2022-12-17 16:00:00,광양항세방,272.38,5,5,72.91951312328031,34.93,127.71
2022-12-17 16:00:00,구미,259.84000000000003,5,5,74.13870834108425,36.13,128.34
2022-12-17 16:00:00,삼천포,292.68,5,5,73.13904798788771,34.95,128.07
2022-12-17 16:00:00,여수,275.34,5,5,72.79978529751814,34.74,127.74
2022-12-17 16:00:00,영동,227.5,5,5,74.95997294916216,37.18,128.46
2022-12-17 16:00:00,영흥,270.73999999999995,5,5,73.92691851401803,37.26,126.46
2022-12-17 16:00:00,예천,257.94,5,5,74.5792047344714,36.65,128.46
2022-12-17 16:00:00,창원,206.42,5,5,73.61670187730662,35.21,128.58
2022-12-17 16:00:00,탑선,231.66000000000003,5,5,72.63697375561956,35.24,126.81
2022-12-17 17:00:00,경상대,207.85000000000002,2,6,82.6265863859035,35.18,128.1
2022-12-17 17:00:00,고흥만수상,210.0,2,6,81.73765063189285,34.57,127.3
2022-12-17 17:00:00,광양항세방,190.85000000000002,2,6,82.22147288116327,34.93,127.71
2022-12-17 17:00:00,구미,201.2,1,6,83.33637832879658,36.13,128.34
2022-12-17 17:00:00,삼천포,206.75,2,6,82.47312295258524,34.95,128.07
2022-12-17 17:00:00,여수,183.05,2,6,82.13067143681558,34.74,127.74
2022-12-17 17:00:00,영동,169.3,1,6,84.02343095815495,37.18,128.46
2022-12-17 17:00:00,영흥,186.64999999999998,2,6,82.78361224718725,37.26,126.46
2022-12-17 17:00:00,예천,187.1,1,6,83.71634713897167,36.65,128.46
2022-12-17 17:00:00,창원,206.5,2,6,82.96397982448796,35.21,128.58
2022-12-17 17:00:00,탑선,187.2,2,6,81.80787361797174,35.24,126.81
2022-12-17 18:00:00,경상대,,0,6,93.13147496278025,35.18,128.1
2022-12-17 18:00:00,고흥만수상,,0,6,92.2706146632208,34.57,127.3
2022-12-17 18:00:00,광양항세방,,0,6,92.733960305607,34.93,127.71
2022-12-17 18:00:00,구미,,0,6,93.72954739498509,36.13,128.34
2022-12-17 18:00:00,삼천포,,0,6,93.00659999708984,34.95,128.07
2022-12-17 18:00:00,여수,,0,6,92.67030204742825,34.74,127.74
2022-12-17 18:00:00,영동,,0,6,94.28130678314588,37.18,128.46
2022-12-17 18:00:00,영흥,,0,6,92.89618570588999,37.26,126.46
2022-12-17 18:00:00,예천,,0,6,94.04677667954746,36.65,128.46
2022-12-17 18:00:00,창원,,0,6,93.49607447072141,35.21,128.58
2022-12-17 18:00:00,탑선,,0,6,92.2189230883741,35.24,126.81
2022-12-17 19:00:00,경상대,,0,6,104.44325110151226,35.18,128.1
2022-12-17 19:00:00,고흥만수상,,0,6,103.62473412413722,34.57,127.3
2022-12-17 19:00:00,광양항세방,,0,6,104.0605728450646,34.93,127.71
2022-12-17 19:00:00,구미,,0,6,104.92883377516004,36.13,128.34
2022-12-17 19:00:00,삼천포,,0,6,104.34639436883882,34.95,128.07
2022-12-17 19:00:00,여수,,0,6,104.02232986306659,34.74,127.74
2022-12-17 19:00:00,영동,,0,6,105.34654039428737,37.18,128.46
2022-12-17 19:00:00,영흥,,0,6,103.8612267262794,37.26,126.46
2022-12-17 19:00:00,예천,,0,6,105.18275303236325,36.65,128.46
2022-12-17 19:00:00,창원,,0,6,104.82474942170079,35.21,128.58
2022-12-17 19:00:00,탑선,,0,6,103.46587016022337,35.24,126.81
2022-12-17 20:00:00,경상대,,0,6,116.28140196686704,35.18,128.1
2022-12-17 20:00:00,고흥만수상,,0,6,115.51691397178337,34.57,127.3
2022-12-17 20:00:00,광양항세방,,0,6,115.919412503923,34.93,127.71
2022-12-17 20:00:00,구미,,0,6,116.65148538495909,36.13,128.34
2022-12-17 20:00:00,삼천포,,0,6,116.21268522543355,34.95,128.07
2022-12-17 20:00:00,여수,,0,6,115.90573909924946,34.74,127.74
2022-12-17 20:00:00,영동,,0,6,116.93301495972608,37.18,128.46
2022-12-17 20:00:00,영흥,,0,6,115.38147755408853,37.26,126.46
2022-12-17 20:00:00,예천,,0,6,116.84018906862755,36.65,128.46
2022-12-17 20:00:00,창원,,0,6,116.6721662494762,35.21,128.58
2022-12-17 20:00:00,탑선,,0,6,115.26024546036459,35.24,126.81
2022-12-17 21:00:00,경상대,,0,6,128.42855440390835,35.18,128.1
2022-12-17 21:00:00,고흥만수상,,0,6,127.73235231128174,34.57,127.3
2022-12-17 21:00:00,광양항세방,,0,6,128.09406262936244,34.93,127.71
2022-12-17 21:00:00,구미,,0,6,128.672992696814,36.13,128.34
2022-12-17 21:00:00,삼천포,,0,6,128.38984146498035,34.95,128.07
2022-12-17 21:00:00,여수,,0,6,128.10566234912022,34.74,127.74
2022-12-17 21:00:00,영동,,0,6,128.80765985380458,37.18,128.46
2022-12-17 21:00:00,영흥,,0,6,127.2193211489097,37.26,126.46
2022-12-17 21:00:00,예천,,0,6,128.79048908023447,36.65,128.46
2022-12-17 21:00:00,창원,,0,6,128.82187365784537,35.21,128.58
2022-12-17 21:00:00,탑선,,0,6,127.38081322432652,35.24,126.81
2022-12-17 22:00:00,경상대,,0,6,140.67138618776485,35.18,128.1
2022-12-17 22:00:00,고흥만수상,,0,6,140.06852714462548,34.57,127.3
2022-12-17 22:00:00,광양항세방,,0,6,140.37591179436674,34.93,127.71
2022-12-17 22:00:00,구미,,0,6,140.76435828359575,36.13,128.34
2022-12-17 22:00:00,삼천포,,0,6,140.66813942863234,34.95,128.07
2022-12-17 22:00:00,여수,,0,6,140.41626068413322,34.74,127.74
2022-12-17 22:00:00,영동,,0,6,140.72385660624917,37.18,128.46
2022-12-17 22:00:00,영흥,,0,6,139.13434946311932,37.26,126.46
2022-12-17 22:00:00,예천,,0,6,140.79577482183672,36.65,128.46
2022-12-17 22:00:00,창원,,0,6,141.05880374929265,35.21,128.58
2022-12-17 22:00:00,탑선,,0,6,139.61625015529006,35.24,126.81
2022-12-17 23:00:00,경상대,,0,6,152.67151135436936,35.18,128.1
2022-12-17 23:00:00,고흥만수상,,0,6,152.2210705189802,34.57,127.3
2022-12-17 23:00:00,광양항세방,,0,6,152.44195062284086,34.93,127.71
2022-12-17 23:00:00,구미,,0,6,152.54849206395778,36.13,128.34
2022-12-17 23:00:00,삼천포,,0,6,152.71788933338584,34.95,128.07
2022-12-17 23:00:00,여수,,0,6,152.52062629907056,34.74,127.74
2022-12-17 23:00:00,영동,,0,6,152.26395019861351,37.18,128.46
2022-12-17 23:00:00,영흥,,0,6,150.74709188009953,37.26,126.46
2022-12-17 23:00:00,예천,,0,6,152.45758096922,36.65,128.46
2022-12-17 23:00:00,창원,,0,6,153.03482653285153,35.21,128.58
2022-12-17 23:00:00,탑선,,0,6,151.6472869262749,35.24,126.81
2022-12-18 00:00:00,경상대,,0,6,163.3983859014435,35.18,128.1
2022-12-18 00:00:00,고흥만수상,,0,6,163.28834355606256,34.57,127.3
2022-12-18 00:00:00,광양항세방,,0,6,163.32131570662878,34.93,127.71
2022-12-18 00:00:00,구미,,0,6,162.89021557697356,36.13,128.34
2022-12-18 00:00:00,삼천포,,0,6,163.53216997624145,34.95,128.07
2022-12-18 00:00:00,여수,,0,6,163.46228855697598,34.74,127.74
2022-12-18 00:00:00,영동,,0,6,162.2025788896549,37.18,128.46
2022-12-18 00:00:00,영흥,,0,6,161.01988316507192,37.26,126.46
2022-12-18 00:00:00,예천,,0,6,162.58808919837242,36.65,128.46
2022-12-18 00:00:00,창원,,0,6,163.6679113444807,35.21,128.58
2022-12-18 00:00:00,탑선,,0,6,162.55614813481213,35.24,126.81
2022-12-18 01:00:00,경상대,,0,6,168.10885625029243,35.18,128.1
2022-12-18 01:00:00,고흥만수상,,0,6,168.77725779119362,34.57,127.3
2022-12-18 01:00:00,광양항세방,,0,6,168.39187013043755,34.93,127.71
2022-12-18 01:00:00,구미,,0,6,167.14188504727474,36.13,128.34
2022-12-18 01:00:00,삼천포,,0,6,168.3401240788167,34.95,128.07
2022-12-18 01:00:00,여수,,0,6,168.57862694186412,34.74,127.74
2022-12-18 01:00:00,영동,,0,6,166.08829856517778,37.18,128.46
2022-12-18 01:00:00,영흥,,0,6,166.1073146119855,37.26,126.46
2022-12-18 01:00:00,예천,,0,6,166.61370991620123,36.65,128.46
2022-12-18 01:00:00,창원,,0,6,168.02418100966025,35.21,128.58
2022-12-18 01:00:00,탑선,,0,6,168.12488134205816,35.24,126.81
2022-12-18 02:00:00,경상대,,0,6,161.3864222740266,35.18,128.1
2022-12-18 02:00:00,고흥만수상,,0,6,162.27382224530584,34.57,127.3
2022-12-18 02:00:00,광양항세방,,0,6,161.7913194165235,34.93,127.71
2022-12-18 02:00:00,구미,,0,6,160.67233978320797,36.13,128.34
2022-12-18 02:00:00,삼천포,,0,6,161.5374602852972,34.95,128.07
2022-12-18 02:00:00,여수,,0,6,161.87958545038552,34.74,127.74
2022-12-18 02:00:00,영동,,0,6,159.95344230196883,37.18,128.46
2022-12-18 02:00:00,영흥,,0,6,161.10435727148104,37.26,126.46
2022-12-18 02:00:00,예천,,0,6,160.28123701634252,36.65,128.46
2022-12-18 02:00:00,창원,,0,6,161.046166274337,35.21,128.58
2022-12-18 02:00:00,탑선,,0,6,162.2001944577445,35.24,126.81
2022-12-18 03:00:00,경상대,,0,6,150.2123702217388,35.18,128.1
2022-12-18 03:00:00,고흥만수상,,0,6,151.00123030311383,34.57,127.3
2022-12-18 03:00:00,광양항세방,,0,6,150.58464718109173,34.93,127.71
2022-12-18 03:00:00,구미,,0,6,149.7716944156794,36.13,128.34
2022-12-18 03:00:00,삼천포,,0,6,150.29397370299566,34.95,128.07
2022-12-18 03:00:00,여수,,0,6,150.60841108012076,34.74,127.74
2022-12-18 03:00:00,영동,,0,6,149.37435188996065,37.18,128.46
2022-12-18 03:00:00,영흥,,0,6,150.85612220258452,37.26,126.46
2022-12-18 03:00:00,예천,,0,6,149.53164442202225,36.65,128.46
2022-12-18 03:00:00,창원,,0,6,149.8251711664759,35.21,128.58
2022-12-18 03:00:00,탑선,,0,6,151.21244136906913,35.24,126.81
2022-12-18 04:00:00,경상대,,0,6,138.11766732838052,35.18,128.1
2022-12-18 04:00:00,고흥만수상,,0,6,138.8079622877474,34.57,127.3
2022-12-18 04:00:00,광양항세방,,0,6,138.45106232840106,34.93,127.71
2022-12-18 04:00:00,구미,,0,6,137.85949696989542,36.13,128.34
2022-12-18 04:00:00,삼천포,,0,6,138.1553018804777,34.95,128.07
2022-12-18 04:00:00,여수,,0,6,138.4372091566432,34.74,127.74
2022-12-18 04:00:00,영동,,0,6,137.6752796159182,37.18,128.46
2022-12-18 04:00:00,영흥,,0,6,139.2503078681947,37.26,126.46
2022-12-18 04:00:00,예천,,0,6,137.72210550183235,36.65,128.46
2022-12-18 04:00:00,창원,,0,6,137.72435610977104,35.21,128.58
2022-12-18 04:00:00,탑선,,0,6,139.1652416139934,35.24,126.81
2022-12-18 05:00:00,경상대,,0,6,125.87565367403471,35.18,128.1
2022-12-18 05:00:00,고흥만수상,,0,6,126.47476815321126,34.57,127.3
2022-12-18 05:00:00,광양항세방,,0,6,126.17138103884707,34.93,127.71
2022-12-18 05:00:00,구미,,0,6,125.76149703599378,36.13,128.34
2022-12-18 05:00:00,삼천포,,0,6,125.87929026705396,34.95,128.07
2022-12-18 05:00:00,여수,,0,6,126.12972861567631,34.74,127.74
2022-12-18 05:00:00,영동,,0,6,125.74273790683735,37.18,128.46
2022-12-18 05:00:00,영흥,,0,6,127.33727371713024,37.26,126.46
2022-12-18 05:00:00,예천,,0,6,125.70516175406047,36.65,128.46
2022-12-18 05:00:00,창원,,0,6,125.48778088087877,35.21,128.58
2022-12-18 05:00:00,탑선,,0,6,126.9309516567084,35.24,126.81
2022-12-18 06:00:00,경상대,,0,6,113.77827841957921,35.18,128.1
2022-12-18 06:00:00,고흥만수상,,0,6,114.28526084493441,34.57,127.3
2022-12-18 06:00:00,광양항세방,,0,6,114.03498754408723,34.93,127.71
2022-12-18 06:00:00,구미,,0,6,113.79446545858708,36.13,128.34
2022-12-18 06:00:00,삼천포,,0,6,113.75149861978217,34.95,128.07
2022-12-18 06:00:00,여수,,0,6,113.96930883996546,34.74,127.74
2022-12-18 06:00:00,영동,,0,6,113.92257897412333,37.18,128.46
2022-12-18 06:00:00,영흥,,0,6,115.49925509474987,37.26,126.46
2022-12-18 06:00:00,예천,,0,6,113.81115330661314,36.65,128.46
2022-12-18 06:00:00,창원,,0,6,113.4024526976458,35.21,128.58
2022-12-18 06:00:00,탑선,,0,6,114.82063577516108,35.24,126.81
2022-12-18 07:00:00,경상대,,0,6,102.03327608550394,35.18,128.1
2022-12-18 07:00:00,고흥만수상,,0,6,102.43992020689724,34.57,127.3
2022-12-18 07:00:00,광양항세방,,0,6,102.24673167182704,34.93,127.71
2022-12-18 07:00:00,구미,,0,6,102.17854448172818,36.13,128.34
2022-12-18 07:00:00,삼천포,,0,6,101.97665572582896,34.95,128.07
2022-12-18 07:00:00,여수,,0,6,102.1582388198337,34.74,127.74
2022-12-18 07:00:00,영동,,0,6,102.44910477923112,37.18,128.46
2022-12-18 07:00:00,영흥,,0,6,103.9772180101474,37.26,126.46
2022-12-18 07:00:00,예천,,0,6,102.26708833659431,36.65,128.46
2022-12-18 07:00:00,창원,,0,6,101.67599471825099,35.21,128.58
2022-12-18 07:00:00,탑선,,0,6,103.04468490023866,35.24,126.81
2022-12-18 08:00:00,경상대,,0,6,90.86712045713148,35.18,128.1
2022-12-18 08:00:00,고흥만수상,,0,6,91.15835338167247,34.57,127.3
2022-12-18 08:00:00,광양항세방,,0,6,91.03007997227446,34.93,127.71
2022-12-18 08:00:00,구미,,0,6,91.14761218955577,36.13,128.34
2022-12-18 08:00:00,삼천포,,0,6,90.77954119000374,34.95,128.07
2022-12-18 08:00:00,여수,,0,6,90.91875277203516,34.74,127.74
2022-12-18 08:00:00,영동,,0,6,91.56399410620155,37.18,128.46
2022-12-18 08:00:00,영흥,,0,6,93.00857042394925,37.26,126.46
2022-12-18 08:00:00,예천,,0,6,91.31087237973139,36.65,128.46
2022-12-18 08:00:00,창원,,0,6,90.53666635209242,35.21,128.58
2022-12-18 08:00:00,탑선,,0,6,91.82603159732783,35.24,126.81
2022-12-18 09:00:00,경상대,215.9,2,6,80.57990595841942,35.18,128.1
2022-12-18 09:00:00,고흥만수상,138.75,2,6,80.733559541354,34.57,127.3
2022-12-18 09:00:00,광양항세방,170.35000000000002,2,6,80.68183104888188,34.93,127.71
2022-12-18 09:00:00,구미,193.8,2,6,81.00601452737061,36.13,128.34
2022-12-18 09:00:00,삼천포,223.6,2,6,80.45937808188884,34.95,128.07
2022-12-18 09:00:00,여수,196.25,2,6,80.5472674952279,34.74,127.74
2022-12-18 09:00:00,영동,189.9,1,6,81.57518652005447,37.18,128.46
2022-12-18 09:00:00,영흥,156.0,1,6,82.88986026986375,37.26,126.46
2022-12-18 09:00:00,예천,182.75,2,6,81.24902659513752,36.65,128.46
2022-12-18 09:00:00,창원,208.15,2,6,80.2878130229799,35.21,128.58
2022-12-18 09:00:00,탑선,122.0,2,6,81.45670096743821,35.24,126.81
2022-12-18 10:00:00,경상대,310.18333333333334,6,6,71.59339820711543,35.18,128.1
2022-12-18 10:00:00,고흥만수상,215.15,6,6,71.58095401766316,34.57,127.3
2022-12-18 10:00:00,광양항세방,257.81666666666666,6,6,71.62060190791803,34.93,127.71
2022-12-18 10:00:00,구미,290.28333333333336,6,6,72.17524388906547,36.13,128.34
2022-12-18 10:00:00,삼천포,329.15000000000003,6,6,71.43820789326242,34.95,128.07
2022-12-18 10:00:00,여수,293.2833333333333,6,6,71.46311392855338,34.74,127.74
2022-12-18 10:00:00,영동,263.09999999999997,6,6,72.90214011504409,37.18,128.46
2022-12-18 10:00:00,영흥,246.76666666666665,6,6,74.02332080572118,37.26,126.46
2022-12-18 10:00:00,예천,269.2666666666667,6,6,72.50261967340023,36.65,128.46
2022-12-18 10:00:00,창원,305.95,6,6,71.35572881280646,35.21,128.58
2022-12-18 10:00:00,탑선,202.08333333333334,6,6,72.3461470863599,35.24,126.81
2022-12-18 11:00:00,경상대,419.36666666666673,6,6,64.4837582857462,35.18,128.1
2022-12-18 11:00:00,고흥만수상,276.1,6,6,64.27531369291027,34.57,127.3
2022-12-18 11:00:00,광양항세방,377.25,6,6,64.42143898898632,34.93,127.71
2022-12-18 11:00:00,구미,388.23333333333335,6,6,65.22234939244645,36.13,128.34
2022-12-18 11:00:00,삼천포,449.95000000000005,6,6,64.29462599865596,34.95,128.07
2022-12-18 11:00:00,여수,411.01666666666665,6,6,64.24386644587443,34.74,127.74
2022-12-18 11:00:00,영동,355.95,6,6,66.10009261038974,37.18,128.46
2022-12-18 11:00:00,영흥,358.4166666666667,6,6,66.94560276296902,37.26,126.46
2022-12-18 11:00:00,예천,362.73333333333335,6,6,65.63343258527337,36.65,128.46
2022-12-18 11:00:00,창원,415.11666666666673,6,6,64.321130206074,35.21,128.58
2022-12-18 11:00:00,탑선,240.85000000000002,6,6,65.05649449838019,35.24,126.81
2022-12-18 12:00:00,경상대,477.51666666666665,6,6,59.942810958176025,35.18,128.1
2022-12-18 12:00:00,고흥만수상,424.0333333333333,6,6,59.52040935688315,34.57,127.3
2022-12-18 12:00:00,광양항세방,452.6333333333334,6,6,59.78096437326594,34.93,127.71
2022-12-18 12:00:00,구미,443.5,6,6,60.81648201904325,36.13,128.34
2022-12-18 12:00:00,삼천포,517.4666666666667,6,6,59.7260709473308,34.95,128.07
2022-12-18 12:00:00,여수,470.05,6,6,59.590955792982314,34.74,127.74
2022-12-18 12:00:00,영동,412.25,6,6,61.81316987112953,37.18,128.46
2022-12-18 12:00:00,영흥,419.8333333333333,6,6,62.29443453166557,37.26,126.46
2022-12-18 12:00:00,예천,415.6333333333334,6,6,61.29827017527296,36.65,128.46
2022-12-18 12:00:00,창원,466.48333333333335,6,6,59.876554457448606,35.21,128.58
2022-12-18 12:00:00,탑선,286.90000000000003,6,6,60.27322430856245,35.24,126.81
2022-12-18 13:00:00,경상대,498.20000000000005,6,6,58.58214672678969,35.18,128.1
2022-12-18 13:00:00,고흥만수상,380.71666666666664,6,6,57.95858590399038,34.57,127.3
2022-12-18 13:00:00,광양항세방,473.8833333333334,6,6,58.32433933353629,34.93,127.71
2022-12-18 13:00:00,구미,452.8833333333334,6,6,59.537655777596825,36.13,128.34
2022-12-18 13:00:00,삼천포,531.5166666666665,6,6,58.35154309154327,34.95,128.07
2022-12-18 13:00:00,여수,483.04999999999995,6,6,58.1349040366344,34.74,127.74
2022-12-18 13:00:00,영동,433.9166666666667,6,6,60.59030870759847,37.18,128.46
2022-12-18 13:00:00,영흥,432.61666666666673,6,6,60.644871866229245,37.26,126.46
2022-12-18 13:00:00,예천,432.6333333333334,6,6,60.060611749666705,36.65,128.46
2022-12-18 13:00:00,창원,479.51666666666665,6,6,58.624998012077185,35.21,128.58
2022-12-18 13:00:00,탑선,310.20000000000005,6,6,58.625064587278935,35.24,126.81
2022-12-18 14:00:00,경상대,484.8333333333333,6,6,60.6192497506872,35.18,128.1
2022-12-18 14:00:00,고흥만수상,388.18333333333334,6,6,59.843578718184105,34.57,127.3
2022-12-18 14:00:00,광양항세방,452.26666666666665,6,6,60.28588179272839,34.93,127.71
2022-12-18 14:00:00,구미,442.50000000000006,6,6,61.58402128880266,36.13,128.34
2022-12-18 14:00:00,삼천포,513.9166666666666,6,6,60.39243879415929,34.95,128.07
2022-12-18 14:00:00,여수,466.8833333333334,6,6,60.11150046023472,34.74,127.74
2022-12-18 14:00:00,영동,416.18333333333334,6,6,62.61450080290369,37.18,128.46
2022-12-18 14:00:00,영흥,382.76666666666665,6,6,62.24045595344482,37.26,126.46
2022-12-18 14:00:00,예천,415.29999999999995,6,6,62.108996309860075,36.65,128.46
2022-12-18 14:00:00,창원,476.34999999999997,6,6,60.766784241626524,35.21,128.58
2022-12-18 14:00:00,탑선,309.76666666666665,6,6,60.37295670199805,35.24,126.81
2022-12-18 15:00:00,경상대,403.25,6,6,65.73488376362238,35.18,128.1
2022-12-18 15:00:00,고흥만수상,157.79999999999998,6,6,64.87203449541236,34.57,127.3
2022-12-18 15:00:00,광양항세방,386.6666666666667,6,6,65.35467680424277,34.93,127.71
2022-12-18 15:00:00,구미,379.4666666666667,6,6,66.64544781160726,36.13,128.34
2022-12-18 15:00:00,삼천포,426.76666666666665,6,6,65.52638080433321,34.95,128.07
2022-12-18 15:00:00,여수,375.6666666666667,6,6,65.20550862319821,34.74,127.74
2022-12-18 15:00:00,영동,363.8,6,6,67.58967942113648,37.18,128.46
2022-12-18 15:00:00,영흥,371.95,6,6,66.84523845903504,37.26,126.46
2022-12-18 15:00:00,예천,360.8666666666666,6,6,67.13855537950673,36.65,128.46
2022-12-18 15:00:00,창원,412.84999999999997,6,6,65.96789974838478,35.21,128.58
2022-12-18 15:00:00,탑선,303.0833333333333,6,6,65.24095478852752,35.24,126.81
2022-12-18 16:00:00,경상대,241.26,5,5,73.27693271973727,35.18,128.1
2022-12-18 16:00:00,고흥만수상,178.85999999999999,5,5,72.38238722168913,34.57,127.3
2022-12-18 16:00:00,광양항세방,260.38,5,5,72.8754037562128,34.93,127.71
2022-12-18 16:00:00,구미,284.0,5,5,74.09551631486717,36.13,128.34
2022-12-18 16:00:00,삼천포,303.97999999999996,5,5,73.09454626221175,34.95,128.07
2022-12-18 16:00:00,여수,295.22,5,5,72.7553801089808,34.74,127.74
2022-12-18 16:00:00,영동,255.92000000000002,5,5,74.91808520998741,37.18,128.46
2022-12-18 16:00:00,영흥,216.64000000000001,5,5,73.88744834294914,37.26,126.46
2022-12-18 16:00:00,예천,253.88000000000002,5,5,74.53658972785345,36.65,128.46
2022-12-18 16:00:00,창원,296.84,5,5,73.57196902547557,35.21,128.58
2022-12-18 16:00:00,탑선,218.61999999999998,5,5,72.59434988963427,35.24,126.81
2022-12-18 17:00:00,경상대,205.14999999999998,2,6,82.5671893121152,35.18,128.1
2022-12-18 17:00:00,고흥만수상,175.5,2,6,81.6780553397129,34.57,127.3
2022-12-18 17:00:00,광양항세방,185.14999999999998,2,6,82.16204529654009,34.93,127.71
2022-12-18 17:00:00,구미,205.1,1,6,83.27815545001818,36.13,128.34
2022-12-18 17:00:00,삼천포,213.39999999999998,2,6,82.41341934969806,34.95,128.07
2022-12-18 17:00:00,여수,204.25,2,6,82.07094474279452,34.74,127.74
2022-12-18 17:00:00,영동,189.5,1,6,83.96663789183103,37.18,128.46
2022-12-18 17:00:00,영흥,151.85,2,6,82.72863201083095,37.26,126.46
2022-12-18 17:00:00,예천,187.1,1,6,83.65878063865263,36.65,128.46
2022-12-18 17:00:00,창원,203.25,2,6,82.90422389205781,35.21,128.58
2022-12-18 17:00:00,탑선,168.15,2,6,81.74966520922091,35.24,126.81
2022-12-18 18:00:00,경상대,,0,6,93.06113346971978,35.18,128.1
2022-12-18 18:00:00,고흥만수상,,0,6,92.19986937766572,34.57,127.3
2022-12-18 18:00:00,광양항세방,,0,6,92.66348877102492,34.93,127.71
2022-12-18 18:00:00,구미,,0,6,93.66045801751517,36.13,128.34
2022-12-18 18:00:00,삼천포,,0,6,92.93594124229739,34.95,128.07
2022-12-18 18:00:00,여수,,0,6,92.59953637132716,34.74,127.74
2022-12-18 18:00:00,영동,,0,6,94.21370795294419,37.18,128.46
2022-12-18 18:00:00,영흥,,0,6,92.82991327676078,37.26,126.46
2022-12-18 18:00:00,예천,,0,6,93.97838706914881,36.65,128.46
2022-12-18 18:00:00,창원,,0,6,93.42549151088676,35.21,128.58
2022-12-18 18:00:00,탑선,,0,6,92.149451923329,35.24,126.81
2022-12-18 19:00:00,경상대,,0,6,104.36520022990129,35.18,128.1
2022-12-18 19:00:00,고흥만수상,,0,6,103.54611562772122,34.57,127.3
2022-12-18 19:00:00,광양항세방,,0,6,103.98231268556567,34.93,127.71
2022-12-18 19:00:00,구미,,0,6,104.85210838463281,36.13,128.34
2022-12-18 19:00:00,삼천포,,0,6,104.26801503001951,34.95,128.07
2022-12-18 19:00:00,여수,,0,6,103.94377711968478,34.74,127.74
2022-12-18 19:00:00,영동,,0,6,105.27136886539282,37.18,128.46
2022-12-18 19:00:00,영흥,,0,6,103.78699731844384,37.26,126.46
2022-12-18 19:00:00,예천,,0,6,105.10676903881705,36.65,128.46
2022-12-18 19:00:00,창원,,0,6,104.74654761035976,35.21,128.58
2022-12-18 19:00:00,탑선,,0,6,103.38844641560092,35.24,126.81
2022-12-18 20:00:00,경상대,,0,6,116.1982092442414,35.18,128.1
2022-12-18 20:00:00,고흥만수상,,0,6,115.43298248783816,34.57,127.3
2022-12-18 20:00:00,광양항세방,,0,6,115.83592971761843,34.93,127.71
2022-12-18 20:00:00,구미,,0,6,116.56973719657444,36.13,128.34
2022-12-18 20:00:00,삼천포,,0,6,116.12914110872228,34.95,128.07
2022-12-18 20:00:00,여수,,0,6,115.82195408867338,34.74,127.74
2022-12-18 20:00:00,영동,,0,6,116.85293931319653,37.18,128.46
2022-12-18 20:00:00,영흥,,0,6,115.30201433642225,37.26,126.46
2022-12-18 20:00:00,예천,,0,6,116.75924976070432,36.65,128.46
2022-12-18 20:00:00,창원,,0,6,116.58890055203511,35.21,128.58
2022-12-18 20:00:00,탑선,,0,6,115.17748035509995,35.24,126.81
2022-12-18 21:00:00,경상대,,0,6,128.34258908021746,35.18,128.1
2022-12-18 21:00:00,고흥만수상,,0,6,127.64540748766605,34.57,127.3
2022-12-18 21:00:00,광양항세방,,0,6,128.00769674289631,34.93,127.71
2022-12-18 21:00:00,구미,,0,6,128.5886990904104,36.13,128.34
2022-12-18 21:00:00,삼천포,,0,6,128.30347634628424,34.95,128.07
2022-12-18 21:00:00,여수,,0,6,128.01896426097687,34.74,127.74
2022-12-18 21:00:00,영동,,0,6,128.72527783792395,37.18,128.46
2022-12-18 21:00:00,영흥,,0,6,127.13720014763682,37.26,126.46
2022-12-18 21:00:00,예천,,0,6,128.7071321992607,36.65,128.46
2022-12-18 21:00:00,창원,,0,6,128.7359207310223,35.21,128.58
2022-12-18 21:00:00,탑선,,0,6,127.29507514817575,35.24,126.81
2022-12-18 22:00:00,경상대,,0,6,140.58563308570658,35.18,128.1
2022-12-18 22:00:00,고흥만수상,,0,6,139.9813555017216,34.57,127.3
2022-12-18 22:00:00,광양항세방,,0,6,140.2895591605782,34.93,127.71
2022-12-18 22:00:00,구미,,0,6,140.68073890291151,36.13,128.34
2022-12-18 22:00:00,삼천포,,0,6,140.58188453751475,34.95,128.07
2022-12-18 22:00:00,여수,,0,6,140.32950704722418,34.74,127.74
2022-12-18 22:00:00,영동,,0,6,140.64263526006974,37.18,128.46
2022-12-18 22:00:00,영흥,,0,6,139.05284461416687,37.26,126.46
2022-12-18 22:00:00,예천,,0,6,140.71334915243284,36.65,128.46
2022-12-18 22:00:00,창원,,0,6,140.97319913153888,35.21,128.58
2022-12-18 22:00:00,탑선,,0,6,139.53042850182712,35.24,126.81
2022-12-18 23:00:00,경상대,,0,6,152.5919777036699,35.18,128.1
2022-12-18 23:00:00,고흥만수상,,0,6,152.139083671042,34.57,127.3
2022-12-18 23:00:00,광양항세방,,0,6,152.36134621447434,34.93,127.71
2022-12-18 23:00:00,구미,,0,6,152.47212039837746,36.13,128.34
2022-12-18 23:00:00,삼천포,,0,6,152.63762394160625,34.95,128.07
2022-12-18 23:00:00,여수,,0,6,152.43946779127373,34.74,127.74
2022-12-18 23:00:00,영동,,0,6,152.19100307319954,37.18,128.46
2022-12-18 23:00:00,영흥,,0,6,150.6725293027163,37.26,126.46
2022-12-18 23:00:00,예천,,0,6,152.3829583624978,36.65,128.46
2022-12-18 23:00:00,창원,,0,6,152.9557838127499,35.21,128.58
2022-12-18 23:00:00,탑선,,0,6,151.56694796822518,35.24,126.81
2022-12-19 00:00:00,경상대,,0,6,163.3455646385322,35.18,128.1
2022-12-19 00:00:00,고흥만수상,,0,6,163.22998622209866,34.57,127.3
2022-12-19 00:00:00,광양항세방,,0,6,163.26599425768353,34.93,127.71
2022-12-19 00:00:00,구미,,0,6,162.84262759724453,36.13,128.34
2022-12-19 00:00:00,삼천포,,0,6,163.4781489912196,34.95,128.07
2022-12-19 00:00:00,여수,,0,6,163.40615457626143,34.74,127.74
2022-12-19 00:00:00,영동,,0,6,162.15999864518164,37.18,128.46
2022-12-19 00:00:00,영흥,,0,6,160.97098412559555,37.26,126.46
2022-12-19 00:00:00,예천,,0,6,162.54323618377657,36.65,128.46
2022-12-19 00:00:00,창원,,0,6,163.61692332993817,35.21,128.58
2022-12-19 00:00:00,탑선,,0,6,162.49944328303013,35.24,126.81
2022-12-19 01:00:00,경상대,,0,6,168.14998245348187,35.18,128.1
2022-12-19 01:00:00,고흥만수상,,0,6,168.8126206277417,34.57,127.3
2022-12-19 01:00:00,광양항세방,,0,6,168.43025336818266,34.93,127.71
2022-12-19 01:00:00,구미,,0,6,167.18370354137926,36.13,128.34
2022-12-19 01:00:00,삼천포,,0,6,168.3812746559392,34.95,128.07
2022-12-19 01:00:00,여수,,0,6,168.61741287767836,34.74,127.74
2022-12-19 01:00:00,영동,,0,6,166.12982079416042,37.18,128.46
2022-12-19 01:00:00,영흥,,0,6,166.13595370260336,37.26,126.46
2022-12-19 01:00:00,예천,,0,6,166.65577448510365,36.65,128.46
2022-12-19 01:00:00,창원,,0,6,168.06882985529546,35.21,128.58
2022-12-19 01:00:00,탑선,,0,6,168.15608376817826,35.24,126.81
2022-12-19 02:00:00,경상대,,0,6,161.48861424139028,35.18,128.1
2022-12-19 02:00:00,고흥만수상,,0,6,162.37639535410233,34.57,127.3
2022-12-19 02:00:00,광양항세방,,0,6,161.89357630653797,34.93,127.71
2022-12-19 02:00:00,구미,,0,6,160.77249854458702,36.13,128.34
2022-12-19 02:00:00,삼천포,,0,6,161.64018543123768,34.95,128.07
2022-12-19 02:00:00,여수,,0,6,161.98236935998725,34.74,127.74
2022-12-19 02:00:00,영동,,0,6,160.0511440950332,37.18,128.46
2022-12-19 02:00:00,영흥,,0,6,161.1982161234842,37.26,126.46
2022-12-19 02:00:00,예천,,0,6,160.38027263750902,36.65,128.46
2022-12-19 02:00:00,창원,,0,6,161.1489532667182,35.21,128.58
2022-12-19 02:00:00,탑선,,0,6,162.3002054164523,35.24,126.81
2022-12-19 03:00:00,경상대,,0,6,150.32414823919845,35.18,128.1
2022-12-19 03:00:00,고흥만수상,,0,6,151.1134870511372,34.57,127.3
2022-12-19 03:00:00,광양항세방,,0,6,150.69660804516056,34.93,127.71
2022-12-19 03:00:00,구미,,0,6,149.8824401079598,36.13,128.34
2022-12-19 03:00:00,삼천포,,0,6,150.40599635203898,34.95,128.07
2022-12-19 03:00:00,여수,,0,6,150.72058516064928,34.74,127.74
2022-12-19 03:00:00,영동,,0,6,149.4838258681217,37.18,128.46
2022-12-19 03:00:00,영흥,,0,6,150.9647529027535,37.26,126.46
2022-12-19 03:00:00,예천,,0,6,149.64179070448586,36.65,128.46
2022-12-19 03:00:00,창원,,0,6,149.9370281541469,35.21,128.58
2022-12-19 03:00:00,탑선,,0,6,151.32381766934964,35.24,126.81
2022-12-19 04:00:00,경상대,,0,6,138.23101035870798,35.18,128.1
2022-12-19 04:00:00,고흥만수상,,0,6,138.92168836811175,34.57,127.3
2022-12-19 04:00:00,광양항세방,,0,6,138.56456264487335,34.93,127.71
2022-12-19 04:00:00,구미,,0,6,137.97216420253457,36.13,128.34
2022-12-19 04:00:00,삼천포,,0,6,138.2688001119863,34.95,128.07
2022-12-19 04:00:00,여수,,0,6,138.55083702884235,34.74,127.74
2022-12-19 04:00:00,영동,,0,6,137.78712140392608,37.18,128.46
2022-12-19 04:00:00,영흥,,0,6,139.36193605922762,37.26,126.46
2022-12-19 04:00:00,예천,,0,6,137.83437670878138,36.65,128.46
2022-12-19 04:00:00,창원,,0,6,137.83769398516426,35.21,128.58
2022-12-19 04:00:00,탑선,,0,6,139.27849294526655,35.24,126.81
2022-12-19 05:00:00,경상대,,0,6,125.98875950527093,35.18,128.1
2022-12-19 05:00:00,고흥만수상,,0,6,126.58825268121467,34.57,127.3
2022-12-19 05:00:00,광양항세방,,0,6,126.28464709686088,34.93,127.71
2022-12-19 05:00:00,구미,,0,6,125.8740165518364,36.13,128.34
2022-12-19 05:00:00,삼천포,,0,6,125.99252976736187,34.95,128.07
2022-12-19 05:00:00,여수,,0,6,126.2431006135014,34.74,127.74
2022-12-19 05:00:00,영동,,0,6,125.85456069046583,37.18,128.46
2022-12-19 05:00:00,영흥,,0,6,127.44910372878198,37.26,126.46
2022-12-19 05:00:00,예천,,0,6,125.81734103213952,36.65,128.46
2022-12-19 05:00:00,창원,,0,6,125.6008484464927,35.21,128.58
2022-12-19 05:00:00,탑선,,0,6,127.04407344056375,35.24,126.81
2022-12-19 06:00:00,경상대,,0,6,113.89013621366118,35.18,128.1
2022-12-19 06:00:00,고흥만수상,,0,6,114.39755466906315,34.57,127.3
2022-12-19 06:00:00,광양항세방,,0,6,114.14703312701138,34.93,127.71
2022-12-19 06:00:00,구미,,0,6,113.90571812772673,36.13,128.34
2022-12-19 06:00:00,삼천포,,0,6,113.86349416959817,34.95,128.07
2022-12-19 06:00:00,여수,,0,6,114.08146041788828,34.74,127.74
2022-12-19 06:00:00,영동,,0,6,114.03313535210884,37.18,128.46
2022-12-19 06:00:00,영흥,,0,6,115.60997452178158,37.26,126.46
2022-12-19 06:00:00,예천,,0,6,113.92205998077426,36.65,128.46
2022-12-19 06:00:00,창원,,0,6,113.51424017121698,35.21,128.58
2022-12-19 06:00:00,탑선,,0,6,114.93259412241086,35.24,126.81
2022-12-19 07:00:00,경상대,,0,6,102.14274269177264,35.18,128.1
2022-12-19 07:00:00,고흥만수상,,0,6,102.54993168597947,34.57,127.3
2022-12-19 07:00:00,광양항세방,,0,6,102.35643619122368,34.93,127.71
2022-12-19 07:00:00,구미,,0,6,102.28732745566778,36.13,128.34
2022-12-19 07:00:00,삼천포,,0,6,102.0862775536769,34.95,128.07
2022-12-19 07:00:00,여수,,0,6,102.26805916320988,34.74,127.74
2022-12-19 07:00:00,영동,,0,6,102.55712557147643,37.18,128.46
2022-12-19 07:00:00,영흥,,0,6,104.0855846590513,37.26,126.46
2022-12-19 07:00:00,예천,,0,6,102.37548597825962,36.65,128.46
2022-12-19 07:00:00,창원,,0,6,101.78534644303815,35.21,128.58
2022-12-19 07:00:00,탑선,,0,6,103.15436053747413,35.24,126.81
2022-12-19 08:00:00,경상대,,0,6,90.97254216148691,35.18,128.1
2022-12-19 08:00:00,고흥만수상,,0,6,91.26448477391557,34.57,127.3
2022-12-19 08:00:00,광양항세방,,0,6,91.13581547790375,34.93,127.71
2022-12-19 08:00:00,구미,,0,6,91.25222963622431,36.13,128.34
2022-12-19 08:00:00,삼천포,,0,6,90.88514443941041,34.95,128.07
2022-12-19 08:00:00,여수,,0,6,91.02461881010817,34.74,127.74
2022-12-19 08:00:00,영동,,0,6,91.66774286502465,37.18,128.46
2022-12-19 08:00:00,영흥,,0,6,93.11292738192948,37.26,126.46
2022-12-19 08:00:00,예천,,0,6,91.4150424709551,36.65,128.46
2022-12-19 08:00:00,창원,,0,6,90.64190577262247,35.21,128.58
2022-12-19 08:00:00,탑선,,0,6,91.93182569132523,35.24,126.81
2022-12-19 09:00:00,경상대,211.1,2,6,80.67874779847764,35.18,128.1
2022-12-19 09:00:00,고흥만수상,206.55,2,6,80.83334023768833,34.57,127.3
2022-12-19 09:00:00,광양항세방,179.0,2,6,80.78109330546559,34.93,127.71
2022-12-19 09:00:00,구미,193.75,2,6,81.10390617107434,36.13,128.34
2022-12-19 09:00:00,삼천포,225.85,2,6,80.55843217836893,34.95,128.07
2022-12-19 09:00:00,여수,205.25,2,6,80.64667483802596,34.74,127.74
2022-12-19 09:00:00,영동,190.2,1,6,81.67208744522269,37.18,128.46
2022-12-19 09:00:00,영흥,164.4,1,6,82.98776468947912,37.26,126.46
2022-12-19 09:00:00,예천,181.75,2,6,81.34639668867227,36.65,128.46
2022-12-19 09:00:00,창원,205.65,2,6,80.3863698856787,35.21,128.58
2022-12-19 09:00:00,탑선,159.2,2,6,81.55616973177199,35.24,126.81
2022-12-19 10:00:00,경상대,311.5833333333333,6,6,71.68181174879604,35.18,128.1
2022-12-19 10:00:00,고흥만수상,310.8666666666666,6,6,71.67059427704031,34.57,127.3
2022-12-19 10:00:00,광양항세방,269.6666666666667,6,6,71.70957229730233,34.93,127.71
2022-12-19 10:00:00,구미,288.93333333333334,6,6,72.26257693773047,36.13,128.34
2022-12-19 10:00:00,삼천포,331.84999999999997,6,6,71.52685840508347,34.95,128.07
2022-12-19 10:00:00,여수,303.84999999999997,6,6,71.5522338700341,34.74,127.74
2022-12-19 10:00:00,영동,265.1333333333334,6,6,72.98839595395049,37.18,128.46
2022-12-19 10:00:00,영흥,240.78333333333333,6,6,74.11115973414704,37.26,126.46
2022-12-19 10:00:00,예천,270.55,6,6,72.58936840954227,36.65,128.46
2022-12-19 10:00:00,창원,305.8666666666666,6,6,71.4437073931652,35.21,128.58
2022-12-19 10:00:00,탑선,225.9166666666667,6,6,72.43557286794413,35.24,126.81
2022-12-19 11:00:00,경상대,423.70000000000005,6,6,64.55631192076062,35.18,128.1
2022-12-19 11:00:00,고흥만수상,431.2333333333333,6,6,64.34938374636613,34.57,127.3
2022-12-19 11:00:00,광양항세방,378.98333333333335,6,6,64.4946919641126,34.93,127.71
2022-12-19 11:00:00,구미,391.54999999999995,6,6,65.29379987839181,36.13,128.34
2022-12-19 11:00:00,삼천포,452.98333333333335,6,6,64.36741293819928,34.95,128.07
2022-12-19 11:00:00,여수,413.4166666666667,6,6,64.31724490799996,34.74,127.74
2022-12-19 11:00:00,영동,363.18333333333334,6,6,66.17051459769792,37.18,128.46
2022-12-19 11:00:00,영흥,340.91666666666663,6,6,67.01837108629498,37.26,126.46
2022-12-19 11:00:00,예천,362.59999999999997,6,6,65.7042974068879,36.65,128.46
2022-12-19 11:00:00,창원,414.0,6,6,64.39305500527072,35.21,128.58
2022-12-19 11:00:00,탑선,306.73333333333335,6,6,65.13058499401214,35.24,126.81
2022-12-19 12:00:00,경상대,485.55,6,6,59.99309144939345,35.18,128.1
2022-12-19 12:00:00,고흥만수상,497.84999999999997,6,6,59.57235257202263,34.57,127.3
2022-12-19 12:00:00,광양항세방,450.20000000000005,6,6,59.83202767932037,34.93,127.71
2022-12-19 12:00:00,구미,450.01666666666665,6,6,60.86587567319273,36.13,128.34
2022-12-19 12:00:00,삼천포,522.7166666666666,6,6,59.77652226470768,34.95,128.07
2022-12-19 12:00:00,여수,472.75,6,6,59.64207126695696,34.74,127.74
2022-12-19 12:00:00,영동,420.9166666666667,6,6,61.86184200101432,37.18,128.46
2022-12-19 12:00:00,영흥,422.6666666666667,6,6,62.34624398275808,37.26,126.46
2022-12-19 12:00:00,예천,411.55,6,6,61.347205759320715,36.65,128.46
2022-12-19 12:00:00,창원,467.15000000000003,6,6,59.92601638124364,35.21,128.58
2022-12-19 12:00:00,탑선,338.76666666666665,6,6,60.32560240787697,35.24,126.81
2022-12-19 13:00:00,경상대,499.96666666666664,6,6,58.60500417914979,35.18,128.1
2022-12-19 13:00:00,고흥만수상,511.4666666666667,6,6,57.98294335788833,34.57,127.3
2022-12-19 13:00:00,광양항세방,469.18333333333334,6,6,58.347925363365526,34.93,127.71
2022-12-19 13:00:00,구미,454.3333333333333,6,6,59.56012660123305,36.13,128.34
2022-12-19 13:00:00,삼천포,537.8000000000001,6,6,58.37444326463873,34.95,128.07
2022-12-19 13:00:00,여수,487.3166666666666,6,6,58.15842377734648,34.74,127.74
2022-12-19 13:00:00,영동,448.51666666666665,6,6,60.61263674674005,37.18,128.46
2022-12-19 13:00:00,영흥,415.04999999999995,6,6,60.67081831394176,37.26,126.46
2022-12-19 13:00:00,예천,431.71666666666664,6,6,60.08289947692694,36.65,128.46
2022-12-19 13:00:00,창원,483.03333333333336,6,6,58.6469460546638,35.21,128.58
2022-12-19 13:00:00,탑선,337.25,6,6,58.65036712789487,35.24,126.81
2022-12-19 14:00:00,경상대,488.8833333333334,6,6,60.61359288161155,35.18,128.1
2022-12-19 14:00:00,고흥만수상,500.1000000000001,6,6,59.83896800171225,34.57,127.3
2022-12-19 14:00:00,광양항세방,446.45,6,6,60.280761911422815,34.93,127.71
2022-12-19 14:00:00,구미,451.04999999999995,6,6,61.57859006438443,36.13,128.34
2022-12-19 14:00:00,삼천포,516.1833333333334,6,6,60.386677156150235,34.95,128.07
2022-12-19 14:00:00,여수,476.99999999999994,6,6,60.10619627006834,34.74,127.74
2022-12-19 14:00:00,영동,433.68333333333334,6,6,62.60957768999176,37.18,128.46
2022-12-19 14:00:00,영흥,336.8666666666667,6,6,62.23906897613171,37.26,126.46
2022-12-19 14:00:00,예천,421.0,6,6,62.10371120767283,36.65,128.46
2022-12-19 14:00:00,창원,474.40000000000003,6,6,60.760282348872984,35.21,128.58
2022-12-19 14:00:00,탑선,360.96666666666664,6,6,60.36968411135814,35.24,126.81
2022-12-19 15:00:00,경상대,425.3833333333334,6,6,65.70403955969323,35.18,128.1
2022-12-19 15:00:00,고흥만수상,423.65000000000003,6,6,64.84171078649995,34.57,127.3
2022-12-19 15:00:00,광양항세방,384.6666666666667,6,6,65.32413535445244,34.93,127.71
2022-12-19 15:00:00,구미,392.3333333333333,6,6,66.61531321415417,36.13,128.34
2022-12-19 15:00:00,삼천포,444.36666666666673,6,6,65.49532286131102,34.95,128.07
2022-12-19 15:00:00,여수,404.8500000000001,6,6,65.17470946052383,34.74,127.74
2022-12-19 15:00:00,영동,352.88333333333327,6,6,67.56053824691429,37.18,128.46
2022-12-19 15:00:00,영흥,268.8833333333333,6,6,66.81910181551768,37.26,126.46
2022-12-19 15:00:00,예천,366.59999999999997,6,6,67.10882583304057,36.65,128.46
2022-12-19 15:00:00,창원,416.31666666666666,6,6,65.93637865888377,35.21,128.58
2022-12-19 15:00:00,탑선,333.1833333333334,6,6,65.21211487544547,35.24,126.81
2022-12-19 16:00:00,경상대,299.62,5,5,73.2263159834391,35.18,128.1
2022-12-19 16:00:00,고흥만수상,243.71999999999997,5,5,72.33187010061039,34.57,127.3
2022-12-19 16:00:00,광양항세방,283.02,5,5,72.82489525457473,34.93,127.71
2022-12-19 16:00:00,구미,276.38,5,5,74.04588530532557,36.13,128.34
2022-12-19 16:00:00,삼천포,320.74,5,5,73.04365989014156,34.95,128.07
2022-12-19 16:00:00,여수,238.16,5,5,72.70458774792648,34.74,127.74
2022-12-19 16:00:00,영동,261.18,5,5,74.86970613325728,37.18,128.46
2022-12-19 16:00:00,영흥,189.8,5,5,73.84140226159303,37.26,126.46
2022-12-19 16:00:00,예천,253.33999999999997,5,5,74.48751215590119,36.65,128.46
2022-12-19 16:00:00,창원,296.2,5,5,73.52085884423154,35.21,128.58
2022-12-19 16:00:00,탑선,178.11999999999998,5,5,72.5452709955008,35.24,126.81
2022-12-19 17:00:00,경상대,210.2,2,6,82.50203410939199,35.18,128.1
2022-12-19 17:00:00,고흥만수상,196.06666666666663,3,6,81.61271458942579,34.57,127.3
2022-12-19 17:00:00,광양항세방,182.89999999999998,2,6,82.09686231105343,34.93,127.71
2022-12-19 17:00:00,구미,191.45,2,6,83.21411327087107,36.13,128.34
2022-12-19 17:00:00,삼천포,207.05,2,6,82.34797368058571,34.95,128.07
2022-12-19 17:00:00,여수,218.05,2,6,82.00547815397043,34.74,127.74
2022-12-19 17:00:00,영동,190.8,1,6,83.9039530643294,37.18,128.46
2022-12-19 17:00:00,영흥,159.95,2,6,82.6676769137518,37.26,126.46
2022-12-19 17:00:00,예천,186.0,1,6,83.59536117843273,36.65,128.46
2022-12-19 17:00:00,창원,207.9,2,6,82.83872714947465,35.21,128.58
2022-12-19 17:00:00,탑선,143.95,2,6,81.6856412875651,35.24,126.81
2022-12-19 18:00:00,경상대,,0,6,92.98561004014535,35.18,128.1
2022-12-19 18:00:00,고흥만수상,,0,6,92.12396925550469,34.57,127.3
2022-12-19 18:00:00,광양항세방,,0,6,92.58784430127749,34.93,127.71
2022-12-19 18:00:00,구미,,0,6,93.58610871382666,36.13,128.34
2022-12-19 18:00:00,삼천포,,0,6,92.86012050731598,34.95,128.07
2022-12-19 18:00:00,여수,,0,6,92.52361616968308,34.74,127.74
2022-12-19 18:00:00,영동,,0,6,94.14075884028367,37.18,128.46
2022-12-19 18:00:00,영흥,,0,6,92.75821688008766,37.26,126.46
2022-12-19 18:00:00,예천,,0,6,93.9046946876612,36.65,128.46
2022-12-19 18:00:00,창원,,0,6,93.34974068759131,35.21,128.58
2022-12-19 18:00:00,탑선,,0,6,92.07474769834816,35.24,126.81
2022-12-19 19:00:00,경상대,,0,6,104.28244418741603,35.18,128.1
2022-12-19 19:00:00,고흥만수상,,0,6,103.46283460877667,34.57,127.3
2022-12-19 19:00:00,광양항세방,,0,6,103.89936321144599,34.93,127.71
2022-12-19 19:00:00,구미,,0,6,104.77058294363928,36.13,128.34
2022-12-19 19:00:00,삼천포,,0,6,104.18495433569376,34.95,128.07
2022-12-19 19:00:00,여수,,0,6,103.86055624128815,34.74,127.74
2022-12-19 19:00:00,영동,,0,6,105.19128924003655,37.18,128.46
2022-12-19 19:00:00,영흥,,0,6,103.70779989519274,37.26,126.46
2022-12-19 19:00:00,예천,,0,6,105.02593294070601,36.65,128.46
2022-12-19 19:00:00,창원,,0,6,104.66365062244864,35.21,128.58
2022-12-19 19:00:00,탑선,,0,6,103.30627500106715,35.24,126.81
2022-12-19 20:00:00,경상대,,0,6,116.1106639134037,35.18,128.1
2022-12-19 20:00:00,고흥만수상,,0,6,115.34475954524092,34.57,127.3
2022-12-19 20:00:00,광양항세방,,0,6,115.74811837302413,34.93,127.71
2022-12-19 20:00:00,구미,,0,6,116.4835217677034,36.13,128.34
2022-12-19 20:00:00,삼천포,,0,6,116.04127271705659,34.95,128.07
2022-12-19 20:00:00,여수,,0,6,115.73386491242255,34.74,127.74
2022-12-19 20:00:00,영동,,0,6,116.7682679872943,37.18,128.46
2022-12-19 20:00:00,영흥,,0,6,115.21791350343176,37.26,126.46
2022-12-19 20:00:00,예천,,0,6,116.67378045362169,36.65,128.46
2022-12-19 20:00:00,창원,,0,6,116.50128720536846,35.21,128.58
2022-12-19 20:00:00,탑선,,0,6,115.0903309133667,35.24,126.81
2022-12-19 21:00:00,경상대,,0,6,128.25246037609398,35.18,128.1
2022-12-19 21:00:00,고흥만수상,,0,6,127.55438577076794,34.57,127.3
2022-12-19 21:00:00,광양항세방,,0,6,127.91720277868312,34.93,127.71
2022-12-19 21:00:00,구미,,0,6,128.50010088614687,36.13,128.34
2022-12-19 21:00:00,삼천포,,0,6,128.21298229859318,34.95,128.07
2022-12-19 21:00:00,여수,,0,6,127.92816682207308,34.74,127.74
2022-12-19 21:00:00,영동,,0,6,128.63843592672714,37.18,128.46
2022-12-19 21:00:00,영흥,,0,6,127.05060329192317,37.26,126.46
2022-12-19 21:00:00,예천,,0,6,128.61939372263342,36.65,128.46
2022-12-19 21:00:00,창원,,0,6,128.6458022948492,35.21,128.58
2022-12-19 21:00:00,탑선,,0,6,127.20515710704822,35.24,126.81
2022-12-19 22:00:00,경상대,,0,6,140.49564746317964,35.18,128.1
2022-12-19 22:00:00,고흥만수상,,0,6,139.8900781460797,34.57,127.3
2022-12-19 22:00:00,광양항세방,,0,6,140.19902733702153,34.93,127.71
2022-12-19 22:00:00,구미,,0,6,140.5927062484912,36.13,128.34
2022-12-19 22:00:00,삼천포,,0,6,140.4914407314301,34.95,128.07
2022-12-19 22:00:00,여수,,0,6,140.2386092924594,34.74,127.74
2022-12-19 22:00:00,영동,,0,6,140.55680723072226,37.18,128.46
2022-12-19 22:00:00,영흥,,0,6,138.9667626782845,37.26,126.46
2022-12-19 22:00:00,예천,,0,6,140.62641253696046,36.65,128.46
2022-12-19 22:00:00,창원,,0,6,140.88334755858568,35.21,128.58
2022-12-19 22:00:00,탑선,,0,6,139.4403845182973,35.24,126.81
2022-12-19 23:00:00,경상대,,0,6,152.50761623720166,35.18,128.1
2022-12-19 23:00:00,고흥만수상,,0,6,152.0524693408371,34.57,127.3
2022-12-19 23:00:00,광양항세방,,0,6,152.2760006602265,34.93,127.71
2022-12-19 23:00:00,구미,,0,6,152.39068201114821,36.13,128.34
2022-12-19 23:00:00,삼천포,,0,6,152.5525879438216,34.95,128.07
2022-12-19 23:00:00,여수,,0,6,152.35361188753603,34.74,127.74
2022-12-19 23:00:00,영동,,0,6,152.11274746863467,37.18,128.46
2022-12-19 23:00:00,영흥,,0,6,150.59278632192434,37.26,126.46
2022-12-19 23:00:00,예천,,0,6,152.30314307001484,36.65,128.46
2022-12-19 23:00:00,창원,,0,6,152.87187160028367,35.21,128.58
2022-12-19 23:00:00,탑선,,0,6,151.48185368284152,35.24,126.81
2022-12-20 00:00:00,경상대,,0,6,163.28599712410488,35.18,128.1
2022-12-20 00:00:00,고흥만수상,,0,6,163.16518653034353,34.57,127.3
2022-12-20 00:00:00,광양항세방,,0,6,163.20406133570418,34.93,127.71
2022-12-20 00:00:00,구미,,0,6,162.78805430055223,36.13,128.34
2022-12-20 00:00:00,삼천포,,0,6,163.41743945642338,34.95,128.07
2022-12-20 00:00:00,여수,,0,6,163.3434482040131,34.74,127.74
2022-12-20 00:00:00,영동,,0,6,162.11023395754287,37.18,128.46
2022-12-20 00:00:00,영흥,,0,6,160.91522384481038,37.26,126.46
2022-12-20 00:00:00,예천,,0,6,162.49128383822526,36.65,128.46
2022-12-20 00:00:00,창원,,0,6,163.559085460533,35.21,128.58
2022-12-20 00:00:00,탑선,,0,6,162.43622817010976,35.24,126.81
2022-12-20 01:00:00,경상대,,0,6,168.18248262815484,35.18,128.1
2022-12-20 01:00:00,고흥만수상,,0,6,168.83919983759182,34.57,127.3
2022-12-20 01:00:00,광양항세방,,0,6,168.45993672097512,34.93,127.71
2022-12-20 01:00:00,구미,,0,6,167.21698756036892,36.13,128.34
2022-12-20 01:00:00,삼천포,,0,6,168.41377891468127,34.95,128.07
2022-12-20 01:00:00,여수,,0,6,168.6474878906958,34.74,127.74
2022-12-20 01:00:00,영동,,0,6,166.16287630220955,37.18,128.46
2022-12-20 01:00:00,영흥,,0,6,166.15595810244633,37.26,126.46
2022-12-20 01:00:00,예천,,0,6,166.68934728035518,36.65,128.46
2022-12-20 01:00:00,창원,,0,6,168.10493105620992,35.21,128.58
2022-12-20 01:00:00,탑선,,0,6,168.17851473330123,35.24,126.81
2022-12-20 02:00:00,경상대,,0,6,161.58576584693168,35.18,128.1
2022-12-20 02:00:00,고흥만수상,,0,6,162.4739638106418,34.57,127.3
2022-12-20 02:00:00,광양항세방,,0,6,161.99079600363882,34.93,127.71
2022-12-20 02:00:00,구미,,0,6,160.86739329410258,36.13,128.34
2022-12-20 02:00:00,삼천포,,0,6,161.73793290541238,34.95,128.07
2022-12-20 02:00:00,여수,,0,6,162.0801789883281,34.74,127.74
2022-12-20 02:00:00,영동,,0,6,160.14333534904,37.18,128.46
2022-12-20 02:00:00,영흥,,0,6,161.28619198030998,37.26,126.46
2022-12-20 02:00:00,예천,,0,6,160.47392913529853,36.65,128.46
2022-12-20 02:00:00,창원,,0,6,161.24677537763762,35.21,128.58
2022-12-20 02:00:00,탑선,,0,6,162.39491704655745,35.24,126.81
2022-12-20 03:00:00,경상대,,0,6,150.4324627555535,35.18,128.1
2022-12-20 03:00:00,고흥만수상,,0,6,151.22238818407948,34.57,127.3
2022-12-20 03:00:00,광양항세방,,0,6,150.80514571160177,34.93,127.71
2022-12-20 03:00:00,구미,,0,6,149.98950708927316,36.13,128.34
2022-12-20 03:00:00,삼천포,,0,6,150.51461035025656,34.95,128.07
2022-12-20 03:00:00,여수,,0,6,150.82938494797648,34.74,127.74
2022-12-20 03:00:00,영동,,0,6,149.58938422729676,37.18,128.46
2022-12-20 03:00:00,영흥,,0,6,151.06931973020542,37.26,126.46
2022-12-20 03:00:00,예천,,0,6,149.74814332294034,36.65,128.46
2022-12-20 03:00:00,창원,,0,6,150.04543988076375,35.21,128.58
2022-12-20 03:00:00,탑선,,0,6,151.43164154948334,35.24,126.81
2022-12-20 04:00:00,경상대,,0,6,138.34131540612253,35.18,128.1
2022-12-20 04:00:00,고흥만수상,,0,6,139.0324857098742,34.57,127.3
2022-12-20 04:00:00,광양항세방,,0,6,138.67506883943346,34.93,127.71
2022-12-20 04:00:00,구미,,0,6,138.0816170377598,36.13,128.34
2022-12-20 04:00:00,삼천포,,0,6,138.37930382003134,34.95,128.07
2022-12-20 04:00:00,여수,,0,6,138.66150749898117,34.74,127.74
2022-12-20 04:00:00,영동,,0,6,137.89555560408107,37.18,128.46
2022-12-20 04:00:00,영흥,,0,6,139.47010828676315,37.26,126.46
2022-12-20 04:00:00,예천,,0,6,137.94333821200902,36.65,128.46
2022-12-20 04:00:00,창원,,0,6,137.94799271617723,35.21,128.58
2022-12-20 04:00:00,탑선,,0,6,139.38868042554552,35.24,126.81
2022-12-20 05:00:00,경상대,,0,6,126.09879861237276,35.18,128.1
2022-12-20 05:00:00,고흥만수상,,0,6,126.69877440333073,34.57,127.3
2022-12-20 05:00:00,광양항세방,,0,6,126.39488951853752,34.93,127.71
2022-12-20 05:00:00,구미,,0,6,125.98332047400308,36.13,128.34
2022-12-20 05:00:00,삼천포,,0,6,126.10273851557952,34.95,128.07
2022-12-20 05:00:00,여수,,0,6,126.35347824958302,34.74,127.74
2022-12-20 05:00:00,영동,,0,6,125.96300644426088,37.18,128.46
2022-12-20 05:00:00,영흥,,0,6,127.55755729568489,37.26,126.46
2022-12-20 05:00:00,예천,,0,6,125.92622404276314,36.65,128.46
2022-12-20 05:00:00,창원,,0,6,125.71083932176643,35.21,128.58
2022-12-20 05:00:00,탑선,,0,6,127.15413225131391,35.24,126.81
2022-12-20 06:00:00,경상대,,0,6,113.99865691060162,35.18,128.1
2022-12-20 06:00:00,고흥만수상,,0,6,114.50661113690805,34.57,127.3
2022-12-20 06:00:00,광양항세방,,0,6,114.25578384491808,34.93,127.71
2022-12-20 06:00:00,구미,,0,6,114.0135036570561,36.13,128.34
2022-12-20 06:00:00,삼천포,,0,6,113.97218360114519,34.95,128.07
2022-12-20 06:00:00,여수,,0,6,114.19034152756777,34.74,127.74
2022-12-20 06:00:00,영동,,0,6,114.14008534789481,37.18,128.46
2022-12-20 06:00:00,영흥,,0,6,115.71711832452131,37.26,126.46
2022-12-20 06:00:00,예천,,0,6,114.02942907824311,36.65,128.46
2022-12-20 06:00:00,창원,,0,6,113.6226751275371,35.21,128.58
2022-12-20 06:00:00,탑선,,0,6,115.0412374315736,35.24,126.81
2022-12-20 07:00:00,경상대,,0,6,102.24843341848845,35.18,128.1
2022-12-20 07:00:00,고흥만수상,,0,6,102.65626442976145,34.57,127.3
2022-12-20 07:00:00,광양항세방,,0,6,102.46240664287866,34.93,127.71
2022-12-20 07:00:00,구미,,0,6,102.39221853396279,36.13,128.34
2022-12-20 07:00:00,삼천포,,0,6,102.19215079683647,34.95,128.07
2022-12-20 07:00:00,여수,,0,6,102.37416622834832,34.74,127.74
2022-12-20 07:00:00,영동,,0,6,102.66113218801608,37.18,128.46
2022-12-20 07:00:00,영흥,,0,6,104.18999060878045,37.26,126.46
2022-12-20 07:00:00,예천,,0,6,102.47992906066541,36.65,128.46
2022-12-20 07:00:00,창원,,0,6,101.89090256276755,35.21,128.58
2022-12-20 07:00:00,탑선,,0,6,103.2602964995246,35.24,126.81
2022-12-20 08:00:00,경상대,,0,6,91.07360787736563,35.18,128.1
2022-12-20 08:00:00,고흥만수상,,0,6,91.36635520588304,34.57,127.3
2022-12-20 08:00:00,광양항세방,,0,6,91.23723648315422,34.93,127.71
2022-12-20 08:00:00,구미,,0,6,91.35238752667516,36.13,128.34
2022-12-20 08:00:00,삼천포,,0,6,90.98641576195155,34.95,128.07
2022-12-20 08:00:00,여수,,0,6,91.12618798602129,34.74,127.74
2022-12-20 08:00:00,영동,,0,6,91.76692507105903,37.18,128.46
2022-12-20 08:00:00,영흥,,0,6,93.21279055961584,37.26,126.46
2022-12-20 08:00:00,예천,,0,6,91.51469734197984,36.65,128.46
2022-12-20 08:00:00,창원,,0,6,90.7427656618495,35.21,128.58
2022-12-20 08:00:00,탑선,,0,6,92.03331247896921,35.24,126.81
2022-12-20 09:00:00,경상대,207.55,2,6,80.7725287851206,35.18,128.1
2022-12-20 09:00:00,고흥만수상,206.5,2,6,80.92815134180981,34.57,127.3
2022-12-20 09:00:00,광양항세방,172.95,2,6,80.87533508669601,34.93,127.71
2022-12-20 09:00:00,구미,192.2,2,6,81.19664733234303,36.13,128.34
2022-12-20 09:00:00,삼천포,222.64999999999998,2,6,80.65244594352103,34.95,128.07
2022-12-20 09:00:00,여수,204.45,2,6,80.7410760245834,34.74,127.74
2022-12-20 09:00:00,영동,181.3,1,6,81.76374770344309,37.18,128.46
2022-12-20 09:00:00,영흥,156.6,1,6,83.08051721736392,37.26,126.46
2022-12-20 09:00:00,예천,181.3,2,6,81.43856848256979,36.65,128.46
2022-12-20 09:00:00,창원,204.05,2,6,80.47983922264324,35.21,128.58
2022-12-20 09:00:00,탑선,163.6,1,6,81.65063719095178,35.24,126.81
2022-12-20 10:00:00,경상대,308.84999999999997,6,6,71.7643686960212,35.18,128.1
2022-12-20 10:00:00,고흥만수상,311.95,6,6,71.75446037125194,34.57,127.3
2022-12-20 10:00:00,광양항세방,266.6333333333334,6,6,71.79272304391242,34.93,127.71
2022-12-20 10:00:00,구미,286.8333333333333,6,6,72.34398215075947,36.13,128.34
2022-12-20 10:00:00,삼천포,328.9833333333333,6,6,71.609668315154,34.95,128.07
2022-12-20 10:00:00,여수,303.8,6,6,71.63554454361977,34.74,127.74
2022-12-20 10:00:00,영동,265.0,6,6,73.06865484088885,37.18,128.46
2022-12-20 10:00:00,영흥,219.46666666666667,6,6,74.1930994455816,37.26,126.46
2022-12-20 10:00:00,예천,271.4166666666667,6,6,72.67015169671403,36.65,128.46
2022-12-20 10:00:00,창원,302.65000000000003,6,6,71.52580142530036,35.21,128.58
2022-12-20 10:00:00,탑선,225.66666666666666,6,6,72.51920829267662,35.24,126.81
2022-12-20 11:00:00,경상대,423.2166666666667,6,6,64.62220763242813,35.18,128.1
2022-12-20 11:00:00,고흥만수상,433.6666666666667,6,6,64.41686044032525,34.57,127.3
2022-12-20 11:00:00,광양항세방,381.0,6,6,64.56131634304512,34.93,127.71
2022-12-20 11:00:00,구미,389.75,6,6,65.35854523626355,36.13,128.34
2022-12-20 11:00:00,삼천포,451.6666666666667,6,6,64.43355221981048,34.95,128.07
2022-12-20 11:00:00,여수,415.0999999999999,6,6,64.38400063237525,34.74,127.74
2022-12-20 11:00:00,영동,364.4833333333333,6,6,66.23418803419912,37.18,128.46
2022-12-20 11:00:00,영흥,314.3833333333333,6,6,67.08448255100946,37.26,126.46
2022-12-20 11:00:00,예천,367.1333333333334,6,6,65.76843252397552,36.65,128.46
2022-12-20 11:00:00,창원,413.3166666666666,6,6,64.45829671737005,35.21,128.58
2022-12-20 11:00:00,탑선,308.01666666666665,6,6,65.19808054338901,35.24,126.81
2022-12-20 12:00:00,경상대,487.68333333333334,6,6,60.036068182128645,35.18,128.1
2022-12-20 12:00:00,고흥만수상,499.56666666666666,6,6,59.617029089808995,34.57,127.3
2022-12-20 12:00:00,광양항세방,455.18333333333334,6,6,59.87580424761697,34.93,127.71
2022-12-20 12:00:00,구미,450.09999999999997,6,6,60.90794369401357,36.13,128.34
2022-12-20 12:00:00,삼천포,519.8666666666667,6,6,59.81967432878665,34.95,128.07
2022-12-20 12:00:00,여수,474.6666666666667,6,6,59.68590197157801,34.74,127.74
2022-12-20 12:00:00,영동,422.63333333333327,6,6,61.90316986415489,37.18,128.46
2022-12-20 12:00:00,영흥,381.36666666666673,6,6,62.39077154731962,37.26,126.46
2022-12-20 12:00:00,예천,416.9166666666667,6,6,61.38880450949215,36.65,128.46
2022-12-20 12:00:00,창원,467.75000000000006,6,6,59.96815831905025,35.21,128.58
2022-12-20 12:00:00,탑선,359.43333333333334,6,6,60.37071996385741,35.24,126.81
2022-12-20 13:00:00,경상대,501.06666666666666,6,6,58.62025954786711,35.18,128.1
2022-12-20 13:00:00,고흥만수상,518.7333333333332,6,6,57.99970684739526,34.57,127.3
2022-12-20 13:00:00,광양항세방,479.06666666666666,6,6,58.36391284141994,34.93,127.71
2022-12-20 13:00:00,구미,454.96666666666664,6,6,59.57498920458055,36.13,128.34
2022-12-20 13:00:00,삼천포,539.8666666666667,6,6,58.389742722902625,34.95,128.07
2022-12-20 13:00:00,여수,489.8166666666666,6,6,58.174345791720754,34.74,127.74
2022-12-20 13:00:00,영동,444.20000000000005,6,6,60.62735067551011,37.18,128.46
2022-12-20 13:00:00,영흥,407.7,6,6,60.689163027963104,37.26,126.46
2022-12-20 13:00:00,예천,433.0333333333333,6,6,60.09757576867868,36.65,128.46
2022-12-20 13:00:00,창원,481.75,6,6,58.661289551495024,35.21,128.58
2022-12-20 13:00:00,탑선,321.31666666666666,6,6,58.668075747595665,35.24,126.81
2022-12-20 14:00:00,경상대,491.3166666666666,6,6,60.600470911221095,35.18,128.1
2022-12-20 14:00:00,고흥만수상,505.0333333333333,6,6,59.82688292300107,34.57,127.3
2022-12-20 14:00:00,광양항세방,459.2166666666667,6,6,60.26817174614372,34.93,127.71
2022-12-20 14:00:00,구미,450.75,6,6,61.5656857681648,36.13,128.34
2022-12-20 14:00:00,삼천포,518.6666666666667,6,6,60.37345298672034,34.95,128.07
2022-12-20 14:00:00,여수,479.0166666666667,6,6,60.093425087193225,34.74,127.74
2022-12-20 14:00:00,영동,429.5833333333333,6,6,62.59716970979862,37.18,128.46
2022-12-20 14:00:00,영흥,395.3,6,6,62.230157628074636,37.26,126.46
2022-12-20 14:00:00,예천,418.2333333333333,6,6,62.090948444533026,36.65,128.46
2022-12-20 14:00:00,창원,476.1333333333334,6,6,60.74632583221276,35.21,128.58
2022-12-20 14:00:00,탑선,399.76666666666665,6,6,60.35891810551088,35.24,126.81
2022-12-20 15:00:00,경상대,429.05,6,6,65.6662095036768,35.18,128.1
2022-12-20 15:00:00,고흥만수상,445.45000000000005,6,6,64.80439072937008,34.57,127.3
2022-12-20 15:00:00,광양항세방,391.5833333333333,6,6,65.28660138035369,34.93,127.71
2022-12-20 15:00:00,구미,392.06666666666666,6,6,66.57816932424453,36.13,128.34
2022-12-20 15:00:00,삼천포,448.53333333333336,6,6,65.45728590411105,34.95,128.07
2022-12-20 15:00:00,여수,421.9166666666667,6,6,65.13692552780093,34.74,127.74
2022-12-20 15:00:00,영동,372.56666666666666,6,6,67.52435694252583,37.18,128.46
2022-12-20 15:00:00,영흥,342.1000000000001,6,6,66.78585101516084,37.26,126.46
2022-12-20 15:00:00,예천,362.76666666666665,6,6,67.07207387911652,36.65,128.46
2022-12-20 15:00:00,창원,416.93333333333334,6,6,65.89788956561763,35.21,128.58
2022-12-20 15:00:00,탑선,370.56666666666666,6,6,65.17623712223276,35.24,126.81
2022-12-20 16:00:00,경상대,303.1,5,5,73.16935424837568,35.18,128.1
2022-12-20 16:00:00,고흥만수상,319.23999999999995,5,5,72.27500689588827,34.57,127.3
2022-12-20 16:00:00,광양항세방,266.72,5,5,72.76803863568783,34.93,127.71
2022-12-20 16:00:00,구미,277.24,5,5,73.98986606789865,36.13,128.34
2022-12-20 16:00:00,삼천포,311.32,5,5,72.9864403292969,34.95,128.07
2022-12-20 16:00:00,여수,301.94,5,5,72.64745943574619,34.74,127.74
2022-12-20 16:00:00,영동,249.49999999999994,5,5,74.81488568588337,37.18,128.46
2022-12-20 16:00:00,영흥,235.6,5,5,73.78882767619601,37.26,126.46
2022-12-20 16:00:00,예천,260.04,5,5,74.43202246011697,36.65,128.46
2022-12-20 16:00:00,창원,296.30000000000007,5,5,73.46342320663481,35.21,128.58
2022-12-20 16:00:00,탑선,266.78000000000003,5,5,72.48978667178667,35.24,126.81
2022-12-20 17:00:00,경상대,212.9,2,6,82.43118987721454,35.18,128.1
2022-12-20 17:00:00,고흥만수상,213.69999999999996,3,6,81.54169724724251,34.57,127.3
2022-12-20 17:00:00,광양항세방,183.85,2,6,82.02599286434669,34.93,127.71
2022-12-20 17:00:00,구미,191.55,2,6,83.14432015911342,36.13,128.34
2022-12-20 17:00:00,삼천포,215.8,2,6,82.2768552496182,34.95,128.07
2022-12-20 17:00:00,여수,216.2,2,6,81.93434083688652,34.74,127.74
2022-12-20 17:00:00,영동,189.0,1,6,83.83544386449101,37.18,128.46
2022-12-20 17:00:00,영흥,180.5,2,6,82.60081214292721,37.26,126.46
2022-12-20 17:00:00,예천,190.6,1,6,83.52615670700551,36.65,128.46
2022-12-20 17:00:00,창원,209.05,2,6,82.76755917517522,35.21,128.58
2022-12-20 17:00:00,탑선,212.7,2,6,81.61586950509292,35.24,126.81
2022-12-20 18:00:00,경상대,,0,6,92.90498859659004,35.18,128.1
2022-12-20 18:00:00,고흥만수상,,0,6,92.04299817667022,34.57,127.3
2022-12-20 18:00:00,광양항세방,,0,6,92.50711074879148,34.93,127.71
2022-12-20 18:00:00,구미,,0,6,93.50658256561235,36.13,128.34
2022-12-20 18:00:00,삼천포,,0,6,92.7792219395473,34.95,128.07
2022-12-20 18:00:00,여수,,0,6,92.44262552776229,34.74,127.74
2022-12-20 18:00:00,영동,,0,6,94.06254144469627,37.18,128.46
2022-12-20 18:00:00,영흥,,0,6,92.68117666834614,37.26,126.46
2022-12-20 18:00:00,예천,,0,6,93.825782136908,36.65,128.46
2022-12-20 18:00:00,창원,,0,6,93.26890631015036,35.21,128.58
2022-12-20 18:00:00,탑선,,0,6,91.99489312965858,35.24,126.81
2022-12-20 19:00:00,경상대,,0,6,104.19507918691063,35.18,128.1
2022-12-20 19:00:00,고흥만수상,,0,6,103.37498736081639,34.57,127.3
2022-12-20 19:00:00,광양항세방,,0,6,103.81182062511492,34.93,127.71
2022-12-20 19:00:00,구미,,0,6,104.68435277043501,36.13,128.34
2022-12-20 19:00:00,삼천포,,0,6,104.09730873080765,34.95,128.07
2022-12-20 19:00:00,여수,,0,6,103.77276366067652,34.74,127.74
2022-12-20 19:00:00,영동,,0,6,105.10639570145486,37.18,128.46
2022-12-20 19:00:00,영흥,,0,6,103.62372707459524,37.26,126.46
2022-12-20 19:00:00,예천,,0,6,104.94033954363017,36.65,128.46
2022-12-20 19:00:00,창원,,0,6,104.5761549885902,35.21,128.58
2022-12-20 19:00:00,탑선,,0,6,103.21945111067541,35.24,126.81
2022-12-20 20:00:00,경상대,,0,6,116.0188727393018,35.18,128.1
2022-12-20 20:00:00,고흥만수상,,0,6,115.25235205586321,34.57,127.3
2022-12-20 20:00:00,광양항세방,,0,6,115.6560852575862,34.93,127.71
2022-12-20 20:00:00,구미,,0,6,116.3929449347087,36.13,128.34
2022-12-20 20:00:00,삼천포,,0,6,115.94918705062535,34.95,128.07
2022-12-20 20:00:00,여수,,0,6,115.6415785854793,34.74,127.74
2022-12-20 20:00:00,영동,,0,6,116.67910563589092,37.18,128.46
2022-12-20 20:00:00,영흥,,0,6,115.12927831571028,37.26,126.46
2022-12-20 20:00:00,예천,,0,6,116.58388644545857,36.65,128.46
2022-12-20 20:00:00,창원,,0,6,116.40943325322857,35.21,128.58
2022-12-20 20:00:00,탑선,,0,6,114.99890299062,35.24,126.81
2022-12-20 21:00:00,경상대,,0,6,128.1582849575638,35.18,128.1
2022-12-20 21:00:00,고흥만수상,,0,6,127.4594039920357,34.57,127.3
2022-12-20 21:00:00,광양항세방,,0,6,127.82269743424135,34.93,127.71
2022-12-20 21:00:00,구미,,0,6,128.4073137590467,36.13,128.34
2022-12-20 21:00:00,삼천포,,0,6,128.1184762331342,34.95,128.07
2022-12-20 21:00:00,여수,,0,6,127.83338696400952,34.74,127.74
2022-12-20 21:00:00,영동,,0,6,128.54724850279032,37.18,128.46
2022-12-20 21:00:00,영흥,,0,6,126.95964359017022,37.26,126.46
2022-12-20 21:00:00,예천,,0,6,128.5273887377238,36.65,128.46
2022-12-20 21:00:00,창원,,0,6,128.55163529587372,35.21,128.58
2022-12-20 21:00:00,탑선,,0,6,127.11117485449284,35.24,126.81
2022-12-20 22:00:00,경상대,,0,6,140.40155696923028,35.18,128.1
2022-12-20 22:00:00,고흥만수상,,0,6,139.79482288877108,34.57,127.3
2022-12-20 22:00:00,광양항세방,,0,6,140.1044439979743,34.93,127.71
2022-12-20 22:00:00,구미,,0,6,140.50038674254523,36.13,128.34
2022-12-20 22:00:00,삼천포,,0,6,140.396935953452,34.95,128.07
2022-12-20 22:00:00,여수,,0,6,140.14369537230553,34.74,127.74
2022-12-20 22:00:00,영동,,0,6,140.46649727136185,37.18,128.46
2022-12-20 22:00:00,영흥,,0,6,138.87622681477225,37.26,126.46
2022-12-20 22:00:00,예천,,0,6,140.53509064281684,36.65,128.46
2022-12-20 22:00:00,창원,,0,6,140.78937703191013,35.21,128.58
2022-12-20 22:00:00,탑선,,0,6,139.34624473095582,35.24,126.81
2022-12-20 23:00:00,경상대,,0,6,152.41856998994223,35.18,128.1
2022-12-20 23:00:00,고흥만수상,,0,6,151.9613710576796,34.57,127.3
2022-12-20 23:00:00,광양항세방,,0,6,152.1860571531742,34.93,127.71
2022-12-20 23:00:00,구미,,0,6,152.30431745773043,36.13,128.34
2022-12-20 23:00:00,삼천포,,0,6,152.4629249460415,34.95,128.07
2022-12-20 23:00:00,여수,,0,6,152.2632022935503,34.74,127.74
2022-12-20 23:00:00,영동,,0,6,152.0293205898392,37.18,128.46
2022-12-20 23:00:00,영흥,,0,6,150.5079981975809,37.26,126.46
2022-12-20 23:00:00,예천,,0,6,152.21827409928784,36.65,128.46
2022-12-20 23:00:00,창원,,0,6,152.78323345138165,35.21,128.58
2022-12-20 23:00:00,탑선,,0,6,151.39214536727604,35.24,126.81
2022-12-21 00:00:00,경상대,,0,6,163.21983919396894,35.18,128.1
2022-12-21 00:00:00,고흥만수상,,0,6,163.09410739940444,34.57,127.3
2022-12-21 00:00:00,광양항세방,,0,6,163.1356759292486,34.93,127.71
2022-12-21 00:00:00,구미,,0,6,162.72664048211084,36.13,128.34
2022-12-21 00:00:00,삼천포,,0,6,163.35019978953736,34.95,128.07
2022-12-21 00:00:00,여수,,0,6,163.27433042845084,34.74,127.74
2022-12-21 00:00:00,영동,,0,6,162.05341777519715,37.18,128.46
2022-12-21 00:00:00,영흥,,0,6,160.85273990547995,37.26,126.46
2022-12-21 00:00:00,예천,,0,6,162.4323708660864,36.65,128.46
2022-12-21 00:00:00,창원,,0,6,163.4945524365993,35.21,128.58
2022-12-21 00:00:00,탑선,,0,6,162.3666592471792,35.24,126.81
2022-12-21 01:00:00,경상대,,0,6,168.2062867773127,35.18,128.1
2022-12-21 01:00:00,고흥만수상,,0,6,168.856941499565,34.57,127.3
2022-12-21 01:00:00,광양항세방,,0,6,168.4808577687045,34.93,127.71
2022-12-21 01:00:00,구미,,0,6,167.2416688134573,36.13,128.34
2022-12-21 01:00:00,삼천포,,0,6,168.43756578017187,34.95,128.07
2022-12-21 01:00:00,여수,,0,6,168.66878750891874,34.74,127.74
2022-12-21 01:00:00,영동,,0,6,166.1874011722975,37.18,128.46
2022-12-21 01:00:00,영흥,,0,6,166.1673004110266,37.26,126.46
2022-12-21 01:00:00,예천,,0,6,166.71436116240946,36.65,128.46
2022-12-21 01:00:00,창원,,0,6,168.132404060699,35.21,128.58
2022-12-21 01:00:00,탑선,,0,6,168.192135799357,35.24,126.81
2022-12-21 02:00:00,경상대,,0,6,161.67771957347264,35.18,128.1
2022-12-21 02:00:00,고흥만수상,,0,6,162.56636649927083,34.57,127.3
2022-12-21 02:00:00,광양항세방,,0,6,162.08281941829932,34.93,127.71
2022-12-21 02:00:00,구미,,0,6,160.95687007565604,36.13,128.34
2022-12-21 02:00:00,삼천포,,0,6,161.83054445645774,34.95,128.07
2022-12-21 02:00:00,여수,,0,6,162.17285475204977,34.74,127.74
2022-12-21 02:00:00,영동,,0,6,160.22986631026694,37.18,128.46
2022-12-21 02:00:00,영흥,,0,6,161.36813439823987,37.26,126.46
2022-12-21 02:00:00,예천,,0,6,160.56205464121234,36.65,128.46
2022-12-21 02:00:00,창원,,0,6,161.3394761431234,35.21,128.58
2022-12-21 02:00:00,탑선,,0,6,162.48416953852498,35.24,126.81
2022-12-21 03:00:00,경상대,,0,6,150.5371789615826,35.18,128.1
2022-12-21 03:00:00,고흥만수상,,0,6,151.32779826285787,34.57,127.3
2022-12-21 03:00:00,광양항세방,,0,6,150.910125044867,34.93,127.71
2022-12-21 03:00:00,구미,,0,6,150.09276080033953,36.13,128.34
2022-12-21 03:00:00,삼천포,,0,6,150.61968089748848,34.95,128.07
2022-12-21 03:00:00,여수,,0,6,150.93467537981,34.74,127.74
2022-12-21 03:00:00,영동,,0,6,149.6908928822389,37.18,128.46
2022-12-21 03:00:00,영흥,,0,6,151.16968690483938,37.26,126.46
2022-12-21 03:00:00,예천,,0,6,149.8505679625003,36.65,128.46
2022-12-21 03:00:00,창원,,0,6,150.1502719706658,35.21,128.58
2022-12-21 03:00:00,탑선,,0,6,151.53577694755774,35.24,126.81
2022-12-21 04:00:00,경상대,,0,6,138.44845657976427,35.18,128.1
2022-12-21 04:00:00,고흥만수상,,0,6,139.1402281031534,34.57,127.3
2022-12-21 04:00:00,광양항세방,,0,6,138.78245485766658,34.93,127.71
2022-12-21 04:00:00,구미,,0,6,138.18772978157935,36.13,128.34
2022-12-21 04:00:00,삼천포,,0,6,138.48668709696227,34.95,128.07
2022-12-21 04:00:00,여수,,0,6,138.7690945284427,34.74,127.74
2022-12-21 04:00:00,영동,,0,6,138.0004568269881,37.18,128.46
2022-12-21 04:00:00,영흥,,0,6,139.5746983011121,37.26,126.46
2022-12-21 04:00:00,예천,,0,6,138.04886447486564,36.65,128.46
2022-12-21 04:00:00,창원,,0,6,138.05512660790316,35.21,128.58
2022-12-21 04:00:00,탑선,,0,6,139.49567762354525,35.24,126.81
2022-12-21 05:00:00,경상대,,0,6,126.20565000240018,35.18,128.1
2022-12-21 05:00:00,고흥만수상,,0,6,126.80621191561825,34.57,127.3
2022-12-21 05:00:00,광양항세방,,0,6,126.50198711861601,34.93,127.71
2022-12-21 05:00:00,구미,,0,6,126.08928821257506,36.13,128.34
2022-12-21 05:00:00,삼천포,,0,6,126.20979544062797,34.95,128.07
2022-12-21 05:00:00,여수,,0,6,126.46074029491646,34.74,127.74
2022-12-21 05:00:00,영동,,0,6,126.06795506057429,37.18,128.46
2022-12-21 05:00:00,영흥,,0,6,127.66251368131225,37.26,126.46
2022-12-21 05:00:00,예천,,0,6,126.0316904438192,36.65,128.46
2022-12-21 05:00:00,창원,,0,6,125.81763266948553,35.21,128.58
2022-12-21 05:00:00,탑선,,0,6,127.26100671918192,35.24,126.81
2022-12-21 06:00:00,경상대,,0,6,114.10372413298028,35.18,128.1
2022-12-21 06:00:00,고흥만수상,,0,6,114.61231329149052,34.57,127.3
2022-12-21 06:00:00,광양항세방,,0,6,114.36112305770082,34.93,127.71
2022-12-21 06:00:00,구미,,0,6,114.117706273915,36.13,128.34
2022-12-21 06:00:00,삼천포,,0,6,114.07745040741203,34.95,128.07
2022-12-21 06:00:00,여수,,0,6,114.29583544343322,34.74,127.74
2022-12-21 06:00:00,영동,,0,6,114.24331385936736,37.18,128.46
2022-12-21 06:00:00,영흥,,0,6,115.82057072095435,37.26,126.46
2022-12-21 06:00:00,예천,,0,6,114.13314517355919,36.65,128.46
2022-12-21 06:00:00,창원,,0,6,113.72764137156771,35.21,128.58
2022-12-21 06:00:00,탑선,,0,6,115.14644891455887,35.24,126.81
2022-12-21 07:00:00,경상대,,0,6,102.35023778776437,35.18,128.1
2022-12-21 07:00:00,고흥만수상,,0,6,102.75880717952428,34.57,127.3
2022-12-21 07:00:00,광양항세방,,0,6,102.56453219697869,34.93,127.71
2022-12-21 07:00:00,구미,,0,6,102.4931080239177,36.13,128.34
2022-12-21 07:00:00,삼천포,,0,6,102.29416480531049,34.95,128.07
2022-12-21 07:00:00,여수,,0,6,102.47644907056448,34.74,127.74
2022-12-21 07:00:00,영동,,0,6,102.7610157716123,37.18,128.46
2022-12-21 07:00:00,영흥,,0,6,104.2903261079947,37.26,126.46
2022-12-21 07:00:00,예천,,0,6,102.58030832939667,36.65,128.46
2022-12-21 07:00:00,창원,,0,6,101.99255284529653,35.21,128.58
2022-12-21 07:00:00,탑선,,0,6,103.36238175648873,35.24,126.81
2022-12-21 08:00:00,경상대,,0,6,91.17021539522116,35.18,128.1
2022-12-21 08:00:00,고흥만수상,,0,6,91.46386146134415,34.57,127.3
2022-12-21 08:00:00,광양항세방,,0,6,91.33424032294926,34.93,127.71
2022-12-21 08:00:00,구미,,0,6,91.44798458847804,36.13,128.34
2022-12-21 08:00:00,삼천포,,0,6,91.08325274266821,34.95,128.07
2022-12-21 08:00:00,여수,,0,6,91.22335750186492,34.74,127.74
2022-12-21 08:00:00,영동,,0,6,91.86144041433573,37.18,128.46
2022-12-21 08:00:00,영흥,,0,6,93.30805840386263,37.26,126.46
2022-12-21 08:00:00,예천,,0,6,91.60973623450889,36.65,128.46
2022-12-21 08:00:00,창원,,0,6,90.83914415047302,35.21,128.58
2022-12-21 08:00:00,탑선,,0,6,92.13038896661224,35.24,126.81
2022-12-21 09:00:00,경상대,93.25,2,6,80.86115833476083,35.18,128.1
2022-12-21 09:00:00,고흥만수상,86.4,2,6,81.01790103216337,34.57,127.3
2022-12-21 09:00:00,광양항세방,74.95,2,6,80.96446524396892,34.93,127.71
2022-12-21 09:00:00,구미,70.75,2,6,81.28414845956944,36.13,128.34
2022-12-21 09:00:00,삼천포,63.150000000000006,2,6,80.74132857063557,34.95,128.07
2022-12-21 09:00:00,여수,98.85,2,6,80.83037977174871,34.74,127.74
2022-12-21 09:00:00,영동,109.1,1,6,81.85007876127771,37.18,128.46
2022-12-21 09:00:00,영흥,,0,6,83.16802760617499,37.26,126.46
2022-12-21 09:00:00,예천,48.8,2,6,81.52545298331962,36.65,128.46
2022-12-21 09:00:00,창원,22.95,2,6,80.5681309128848,35.21,128.58
2022-12-21 09:00:00,탑선,129.0,1,6,81.74001165891859,35.24,126.81
2022-12-21 10:00:00,경상대,79.0,5,5,71.84099423192417,35.18,128.1
2022-12-21 10:00:00,고흥만수상,124.29999999999998,5,5,71.83247606153174,34.57,127.3
2022-12-21 10:00:00,광양항세방,101.17999999999999,5,5,71.86997867409943,34.93,127.71
2022-12-21 10:00:00,구미,128.07999999999998,5,5,72.41938572746913,36.13,128.34
2022-12-21 10:00:00,삼천포,103.38,5,5,71.68656259370547,34.95,128.07
2022-12-21 10:00:00,여수,135.7,5,5,71.71297036429986,34.74,127.74
2022-12-21 10:00:00,영동,101.88,5,5,73.14284392445053,37.18,128.46
2022-12-21 10:00:00,영흥,192.28,5,5,74.26906483601802,37.26,126.46
2022-12-21 10:00:00,예천,154.24,5,5,72.74489627592234,36.65,128.46
2022-12-21 10:00:00,창원,98.7,5,5,71.60193668929577,35.21,128.58
2022-12-21 10:00:00,탑선,124.72,5,5,72.59697706921489,35.24,126.81
2022-12-21 11:00:00,경상대,125.46666666666665,6,6,64.68139049150139,35.18,128.1
2022-12-21 11:00:00,고흥만수상,169.26666666666668,6,6,64.47768736853247,34.57,127.3
2022-12-21 11:00:00,광양항세방,142.13333333333333,6,6,64.62125650353248,34.93,127.71
2022-12-21 11:00:00,구미,162.78333333333333,6,6,65.41653138259827,36.13,128.34
2022-12-21 11:00:00,삼천포,149.36666666666667,6,6,64.49298874866463,34.95,128.07
2022-12-21 11:00:00,여수,164.5,6,6,64.44407793722431,34.74,127.74
2022-12-21 11:00:00,영동,188.3166666666667,6,6,66.29105955931102,37.18,128.46
2022-12-21 11:00:00,영흥,292.75000000000006,6,6,67.14388107147707,37.26,126.46
2022-12-21 11:00:00,예천,166.83333333333334,6,6,65.82578429675061,36.65,128.46
2022-12-21 11:00:00,창원,149.70000000000002,6,6,64.51680111802689,35.21,128.58
2022-12-21 11:00:00,탑선,213.38333333333333,6,6,65.25892441257712,35.24,126.81
2022-12-21 12:00:00,경상대,156.26666666666668,6,6,60.07170888500926,35.18,128.1
2022-12-21 12:00:00,고흥만수상,242.06666666666663,6,6,59.65440526603692,34.57,127.3
2022-12-21 12:00:00,광양항세방,175.46666666666667,6,6,59.9122611499608,34.93,127.71
2022-12-21 12:00:00,구미,177.70000000000002,6,6,60.942654375565525,36.13,128.34
2022-12-21 12:00:00,삼천포,174.26666666666665,6,6,59.8554947739388,34.95,128.07
2022-12-21 12:00:00,여수,208.88333333333333,6,6,59.722414984432845,34.74,127.74
2022-12-21 12:00:00,영동,222.1,6,6,61.93712215353747,37.18,128.46
2022-12-21 12:00:00,영흥,270.48333333333335,6,6,62.427982936045,37.26,126.46
2022-12-21 12:00:00,예천,213.76666666666665,6,6,61.423035009407556,36.65,128.46
2022-12-21 12:00:00,창원,146.51666666666668,6,6,60.00294874799734,35.21,128.58
2022-12-21 12:00:00,탑선,199.53333333333333,6,6,60.40854272703502,35.24,126.81
2022-12-21 13:00:00,경상대,328.95,6,6,58.627904084062436,35.18,128.1
2022-12-21 13:00:00,고흥만수상,293.0,6,6,58.008866420778475,34.57,127.3
2022-12-21 13:00:00,광양항세방,290.81666666666666,6,6,58.37229243093708,34.93,127.71
2022-12-21 13:00:00,구미,246.20000000000002,6,6,59.582235127926964,36.13,128.34
2022-12-21 13:00:00,삼천포,295.8833333333333,6,6,58.39743269015161,34.95,128.07
2022-12-21 13:00:00,여수,359.8333333333333,6,6,58.1826608047946,34.74,127.74
2022-12-21 13:00:00,영동,203.41666666666666,6,6,60.63444212360492,37.18,128.46
2022-12-21 13:00:00,영흥,163.73333333333332,6,6,60.6998945922749,37.26,126.46
2022-12-21 13:00:00,예천,223.79999999999995,6,6,60.10463230270808,36.65,128.46
2022-12-21 13:00:00,창원,135.33333333333334,6,6,58.668020498277556,35.21,128.58
2022-12-21 13:00:00,탑선,191.20000000000002,6,6,58.67817968444098,35.24,126.81
2022-12-21 14:00:00,경상대,268.8666666666666,6,6,60.57989859283326,35.18,128.1
2022-12-21 14:00:00,고흥만수상,282.7,6,6,59.80733721077932,34.57,127.3
2022-12-21 14:00:00,광양항세방,274.3333333333333,6,6,60.24812553683083,34.93,127.71
2022-12-21 14:00:00,구미,212.19999999999996,6,6,61.54532317533264,36.13,128.34
2022-12-21 14:00:00,삼천포,449.9333333333334,6,6,60.35278107541751,34.95,128.07
2022-12-21 14:00:00,여수,298.34999999999997,6,6,60.073201264690354,34.74,127.74
2022-12-21 14:00:00,영동,196.1833333333333,6,6,62.5772914287926,37.18,128.46
2022-12-21 14:00:00,영흥,269.43333333333334,6,6,62.2137334409718,37.26,126.46
2022-12-21 14:00:00,예천,190.78333333333333,6,6,62.07072278501077,36.65,128.46
2022-12-21 14:00:00,창원,260.1166666666666,6,6,60.72493017337833,35.21,128.58
2022-12-21 14:00:00,탑선,128.95000000000002,6,6,60.34067142747598,35.24,126.81
2022-12-21 15:00:00,경상대,237.49999999999997,6,6,65.621431254335,35.18,128.1
2022-12-21 15:00:00,고흥만수상,342.33333333333326,6,6,64.76011120321024,34.57,127.3
2022-12-21 15:00:00,광양항세방,390.25,6,6,65.24211213314851,34.93,127.71
2022-12-21 15:00:00,구미,246.30000000000004,6,6,66.53405351980263,36.13,128.34
2022-12-21 15:00:00,삼천포,416.4166666666667,6,6,65.41230769874127,34.95,128.07
2022-12-21 15:00:00,여수,338.34999999999997,6,6,65.09219424367812,34.74,127.74
2022-12-21 15:00:00,영동,96.66666666666667,6,6,67.48117235459036,37.18,128.46
2022-12-21 15:00:00,영흥,282.18333333333334,6,6,66.74552000017167,37.26,126.46
2022-12-21 15:00:00,예천,180.95000000000002,6,6,67.02833672026964,36.65,128.46
2022-12-21 15:00:00,창원,330.2333333333333,6,6,65.85247080697921,35.21,128.58
2022-12-21 15:00:00,탑선,234.78333333333333,6,6,65.1333572591935,35.24,126.81
2022-12-21 16:00:00,경상대,254.51666666666668,6,6,73.10610612412499,35.18,128.1
2022-12-21 16:00:00,고흥만수상,188.95000000000002,6,6,72.21185573283901,34.57,127.3
2022-12-21 16:00:00,광양항세방,208.66666666666666,6,6,72.70489223348453,34.93,127.71
2022-12-21 16:00:00,구미,225.35,6,6,73.92751665439903,36.13,128.34
2022-12-21 16:00:00,삼천포,295.8833333333334,6,6,72.92294635861856,34.95,128.07
2022-12-21 16:00:00,여수,228.76666666666668,6,6,72.58405371563519,34.74,127.74
2022-12-21 16:00:00,영동,141.68333333333334,6,6,74.75368110784507,37.18,128.46
2022-12-21 16:00:00,영흥,227.6833333333333,6,6,73.72977923087943,37.26,126.46
2022-12-21 16:00:00,예천,193.96666666666667,6,6,74.37017836765447,36.65,128.46
2022-12-21 16:00:00,창원,273.0333333333333,6,6,73.3997213077171,35.21,128.58
2022-12-21 16:00:00,탑선,112.33333333333333,6,6,72.42795381170906,35.24,126.81
2022-12-21 17:00:00,경상대,161.75,2,6,82.35473306451277,35.18,128.1
2022-12-21 17:00:00,고흥만수상,175.76666666666665,3,6,81.46507954218657,34.57,127.3
2022-12-21 17:00:00,광양항세방,144.75,2,6,81.94951325153264,34.93,127.71
2022-12-21 17:00:00,구미,176.85,2,6,83.06885182110977,36.13,128.34
2022-12-21 17:00:00,삼천포,147.0,2,6,82.2001407130084,34.95,128.07
2022-12-21 17:00:00,여수,152.6,2,6,81.85760931508827,34.74,127.74
2022-12-21 17:00:00,영동,148.5,1,6,83.76118500919179,37.18,128.46
2022-12-21 17:00:00,영흥,149.25,2,6,82.52811022474292,37.26,126.46
2022-12-21 17:00:00,예천,128.8,1,6,83.45124250594542,36.65,128.46
2022-12-21 17:00:00,창원,193.45,2,6,82.69079689206694,35.21,128.58
2022-12-21 17:00:00,탑선,148.43333333333334,3,6,81.54042487385233,35.24,126.81
2022-12-21 18:00:00,경상대,,0,6,92.81936014613531,35.18,128.1
2022-12-21 18:00:00,고흥만수상,,0,6,91.95704711916399,34.57,127.3
2022-12-21 18:00:00,광양항세방,,0,6,92.42137905762524,34.93,127.71
2022-12-21 18:00:00,구미,,0,6,93.42196974499221,36.13,128.34
2022-12-21 18:00:00,삼천포,,0,6,92.69333676878799,34.95,128.07
2022-12-21 18:00:00,여수,,0,6,92.35665561932107,34.74,127.74
2022-12-21 18:00:00,영동,,0,6,93.97914486613624,37.18,128.46
2022-12-21 18:00:00,영흥,,0,6,92.59887994001106,37.26,126.46
2022-12-21 18:00:00,예천,,0,6,93.7417391126701,36.65,128.46
2022-12-21 18:00:00,창원,,0,6,93.18307976016996,35.21,128.58
2022-12-21 18:00:00,탑선,,0,6,91.90997805166202,35.24,126.81
2022-12-21 19:00:00,경상대,,0,6,104.10320804433962,35.18,128.1
2022-12-21 19:00:00,고흥만수상,,0,6,103.28267678775694,34.57,127.3
2022-12-21 19:00:00,광양항세방,,0,6,103.71978773730447,34.93,127.71
2022-12-21 19:00:00,구미,,0,6,104.59351981400971,36.13,128.34
2022-12-21 19:00:00,삼천포,,0,6,104.00518125566887,34.95,128.07
2022-12-21 19:00:00,여수,,0,6,103.68050241058705,34.74,127.74
2022-12-21 19:00:00,영동,,0,6,105.01678909932586,37.18,128.46
2022-12-21 19:00:00,영흥,,0,6,103.53487821125042,37.26,126.46
2022-12-21 19:00:00,예천,,0,6,104.85009029951708,36.65,128.46
2022-12-21 19:00:00,창원,,0,6,104.48416382545749,35.21,128.58
2022-12-21 19:00:00,탑선,,0,6,103.12807659198363,35.24,126.81
2022-12-21 20:00:00,경상대,,0,6,115.92294845758909,35.18,128.1
2022-12-21 20:00:00,고흥만수상,,0,6,115.1558728981365,34.57,127.3
2022-12-21 20:00:00,광양항세방,,0,6,115.55994313050043,34.93,127.71
2022-12-21 20:00:00,구미,,0,6,116.29811856035005,36.13,128.34
2022-12-21 20:00:00,삼천포,,0,6,115.85299706558968,34.95,128.07
2022-12-21 20:00:00,여수,,0,6,115.5452080799372,34.74,127.74
2022-12-21 20:00:00,영동,,0,6,116.58556300763811,37.18,128.46
2022-12-21 20:00:00,영흥,,0,6,115.03621821781464,37.26,126.46
2022-12-21 20:00:00,예천,,0,6,116.48967909191644,36.65,128.46
2022-12-21 20:00:00,창원,,0,6,116.31345168946636,35.21,128.58
2022-12-21 20:00:00,탑선,,0,6,114.90330847749244,35.24,126.81
2022-12-21 21:00:00,경상대,,0,6,128.060184681356,35.18,128.1
2022-12-21 21:00:00,고흥만수상,,0,6,127.3605841496626,34.57,127.3
2022-12-21 21:00:00,광양항세방,,0,6,127.72430259113997,34.93,127.71
2022-12-21 21:00:00,구미,,0,6,128.31045867272735,36.13,128.34
2022-12-21 21:00:00,삼천포,,0,6,128.02008022677057,34.95,128.07
2022-12-21 21:00:00,여수,,0,6,127.73474677884508,34.74,127.74
2022-12-21 21:00:00,영동,,0,6,128.45183535434492,37.18,128.46
2022-12-21 21:00:00,영흥,,0,6,126.86443956231808,37.26,126.46
2022-12-21 21:00:00,예천,,0,6,128.43123767531853,36.65,128.46
2022-12-21 21:00:00,창원,,0,6,128.45354184757306,35.21,128.58
2022-12-21 21:00:00,탑선,,0,6,127.0132494141416,35.24,126.81
2022-12-21 22:00:00,경상대,,0,6,140.30349351951014,35.18,128.1
2022-12-21 22:00:00,고흥만수상,,0,6,139.69572174008854,34.57,127.3
2022-12-21 22:00:00,광양항세방,,0,6,140.00594105994432,34.93,127.71
2022-12-21 22:00:00,구미,,0,6,140.4039112529856,36.13,128.34
2022-12-21 22:00:00,삼천포,,0,6,140.29850236856868,34.95,128.07
2022-12-21 22:00:00,여수,,0,6,140.04489744142776,34.74,127.74
2022-12-21 22:00:00,영동,,0,6,140.3718347894744,37.18,128.46
2022-12-21 22:00:00,영흥,,0,6,138.7813649510441,37.26,126.46
2022-12-21 22:00:00,예천,,0,6,140.43951368312298,36.65,128.46
2022-12-21 22:00:00,창원,,0,6,140.69141979425274,35.21,128.58
2022-12-21 22:00:00,탑선,,0,6,139.2481400286562,35.24,126.81
2022-12-21 23:00:00,경상대,,0,6,152.32498535389573,35.18,128.1
2022-12-21 23:00:00,고흥만수상,,0,6,151.86593549282088,34.57,127.3
2022-12-21 23:00:00,광양항세방,,0,6,152.09166215523703,34.93,127.71
2022-12-21 23:00:00,구미,,0,6,152.213171045319,36.13,128.34
2022-12-21 23:00:00,삼천포,,0,6,152.36878181478733,34.95,128.07
2022-12-21 23:00:00,여수,,0,6,152.16838590291573,34.74,127.74
2022-12-21 23:00:00,영동,,0,6,151.94086382643604,37.18,128.46
2022-12-21 23:00:00,영흥,,0,6,150.4183044047782,37.26,126.46
2022-12-21 23:00:00,예천,,0,6,152.12849442532266,36.65,128.46
2022-12-21 23:00:00,창원,,0,6,152.69001627402645,35.21,128.58
2022-12-21 23:00:00,탑선,,0,6,151.2979677552612,35.24,126.81
2022-12-22 00:00:00,경상대,,0,6,163.14725196708923,35.18,128.1
2022-12-22 00:00:00,고흥만수상,,0,6,163.0169160567895,34.57,127.3
2022-12-22 00:00:00,광양항세방,,0,6,163.06100187886494,34.93,127.71
2022-12-22 00:00:00,구미,,0,6,162.65853715014043,36.13,128.34
2022-12-22 00:00:00,삼천포,,0,6,163.27659345737482,34.95,128.07
2022-12-22 00:00:00,여수,,0,6,163.19896691680418,34.74,127.74
2022-12-22 00:00:00,영동,,0,6,161.98969003331138,37.18,128.46
2022-12-22 00:00:00,영흥,,0,6,160.78367603076487,37.26,126.46
2022-12-22 00:00:00,예천,,0,6,162.3666426220098,36.65,128.46
2022-12-22 00:00:00,창원,,0,6,163.42348452882032,35.21,128.58
2022-12-22 00:00:00,탑선,,0,6,162.29089771250426,35.24,126.81
2022-12-22 01:00:00,경상대,,0,6,168.22133765092724,35.18,128.1
2022-12-22 01:00:00,고흥만수상,,0,6,168.86580613216563,34.57,127.3
2022-12-22 01:00:00,광양항세방,,0,6,168.49296760088805,34.93,127.71
2022-12-22 01:00:00,구미,,0,6,167.25769072312957,36.13,128.34
2022-12-22 01:00:00,삼천포,,0,6,168.45257717289726,34.95,128.07
2022-12-22 01:00:00,여수,,0,6,168.68126093055344,34.74,127.74
2022-12-22 01:00:00,영동,,0,6,166.2033424390158,37.18,128.46
2022-12-22 01:00:00,영흥,,0,6,166.16996565429406,37.26,126.46
2022-12-22 01:00:00,예천,,0,6,166.73076024182126,36.65,128.46
2022-12-22 01:00:00,창원,,0,6,168.15118034266453,35.21,128.58
2022-12-22 01:00:00,탑선,,0,6,168.19692265874377,35.24,126.81
2022-12-22 02:00:00,경상대,,0,6,161.76431237203684,35.18,128.1
2022-12-22 02:00:00,고흥만수상,,0,6,162.65343627648218,34.57,127.3
2022-12-22 02:00:00,광양항세방,,0,6,162.16948175118014,34.93,127.71
2022-12-22 02:00:00,구미,,0,6,161.04077038459246,36.13,128.34
2022-12-22 02:00:00,삼천포,,0,6,161.91785604145525,34.95,128.07
2022-12-22 02:00:00,여수,,0,6,162.26023111902853,34.74,127.74
2022-12-22 02:00:00,영동,,0,6,160.31058371307037,37.18,128.46
2022-12-22 02:00:00,영흥,,0,6,161.44389039701457,37.26,126.46
2022-12-22 02:00:00,예천,,0,6,160.64449324225376,36.65,128.46
2022-12-22 02:00:00,창원,,0,6,161.42689346763314,35.21,128.58
2022-12-22 02:00:00,탑선,,0,6,162.56779807227582,35.24,126.81
2022-12-22 03:00:00,경상대,,0,6,150.63815591643612,35.18,128.1
2022-12-22 03:00:00,고흥만수상,,0,6,151.42957536930206,34.57,127.3
2022-12-22 03:00:00,광양항세방,,0,6,151.0114046333185,34.93,127.71
2022-12-22 03:00:00,구미,,0,6,150.19206101702446,36.13,128.34
2022-12-22 03:00:00,삼천포,,0,6,150.72106695065906,34.95,128.07
2022-12-22 03:00:00,여수,,0,6,151.0363150283487,34.74,127.74
2022-12-22 03:00:00,영동,,0,6,149.78821259265737,37.18,128.46
2022-12-22 03:00:00,영흥,,0,6,151.26571351298873,37.26,126.46
2022-12-22 03:00:00,예천,,0,6,149.94892489754181,36.65,128.46
2022-12-22 03:00:00,창원,,0,6,150.2513839601013,35.21,128.58
2022-12-22 03:00:00,탑선,,0,6,151.63608162562736,35.24,126.81
2022-12-22 04:00:00,경상대,,0,6,138.55230294424803,35.18,128.1
2022-12-22 04:00:00,고흥만수상,,0,6,139.2447840666718,34.57,127.3
2022-12-22 04:00:00,광양항세방,,0,6,138.88658950345413,34.93,127.71
2022-12-22 04:00:00,구미,,0,6,138.29037197126002,36.13,128.34
2022-12-22 04:00:00,삼천포,,0,6,138.5908189265237,34.95,128.07
2022-12-22 04:00:00,여수,,0,6,138.87346688800864,34.74,127.74
2022-12-22 04:00:00,영동,,0,6,138.1016952141551,37.18,128.46
2022-12-22 04:00:00,영흥,,0,6,139.67557529123636,37.26,126.46
2022-12-22 04:00:00,예천,,0,6,138.15082534349278,36.65,128.46
2022-12-22 04:00:00,창원,,0,6,138.1589649648799,35.21,128.58
2022-12-22 04:00:00,탑선,,0,6,139.59935298338917,35.24,126.81
2022-12-22 05:00:00,경상대,,0,6,126.30918873631958,35.18,128.1
2022-12-22 05:00:00,고흥만수상,,0,6,126.91043969532343,34.57,127.3
2022-12-22 05:00:00,광양항세방,,0,6,126.60581469068475,34.93,127.71
2022-12-22 05:00:00,구미,,0,6,126.19179542840462,36.13,128.34
2022-12-22 05:00:00,삼천포,,0,6,126.31357548010193,34.95,128.07
2022-12-22 05:00:00,여수,,0,6,126.5647614659112,34.74,127.74
2022-12-22 05:00:00,영동,,0,6,126.1692828936744,37.18,128.46
2022-12-22 05:00:00,영흥,,0,6,127.76384850001574,37.26,126.46
2022-12-22 05:00:00,예천,,0,6,126.13361625202523,36.65,128.46
2022-12-22 05:00:00,창원,,0,6,125.92110374622189,35.21,128.58
2022-12-22 05:00:00,탑선,,0,6,127.36457144746811,35.24,126.81
2022-12-22 06:00:00,경상대,,0,6,114.20521861353359,35.18,128.1
2022-12-22 06:00:00,고흥만수상,,0,6,114.71454114093143,34.57,127.3
2022-12-22 06:00:00,광양항세방,,0,6,114.46293117170454,34.93,127.71
2022-12-22 06:00:00,구미,,0,6,114.21820747149678,36.13,128.34
2022-12-22 06:00:00,삼천포,,0,6,114.1791751560858,34.95,128.07
2022-12-22 06:00:00,여수,,0,6,114.39782246091627,34.74,127.74
2022-12-22 06:00:00,영동,,0,6,114.34270321476012,37.18,128.46
2022-12-22 06:00:00,영흥,,0,6,115.92021324128211,37.26,126.46
2022-12-22 06:00:00,예천,,0,6,114.23309019228469,36.65,128.46
2022-12-22 06:00:00,창원,,0,6,113.82901985629749,35.21,128.58
2022-12-22 06:00:00,탑선,,0,6,115.2481088121724,35.24,126.81
2022-12-22 07:00:00,경상대,,0,6,102.44804348443407,35.18,128.1
2022-12-22 07:00:00,고흥만수상,,0,6,102.85744671044998,34.57,127.3
2022-12-22 07:00:00,광양항세방,,0,6,102.66270012931439,34.93,127.71
2022-12-22 07:00:00,구미,,0,6,102.58988452515581,36.13,128.34
2022-12-22 07:00:00,삼천포,,0,6,102.39220706259574,34.95,128.07
2022-12-22 07:00:00,여수,,0,6,102.57479483050025,34.74,127.74
2022-12-22 07:00:00,영동,,0,6,102.85666589196322,37.18,128.46
2022-12-22 07:00:00,영흥,,0,6,104.38647970770577,37.26,126.46
2022-12-22 07:00:00,예천,,0,6,102.67651289294955,36.65,128.46
2022-12-22 07:00:00,창원,,0,6,102.09018525861089,35.21,128.58
2022-12-22 07:00:00,탑선,,0,6,103.46050335743757,35.24,126.81
2022-12-22 08:00:00,경상대,,0,6,91.26226173449828,35.18,128.1
2022-12-22 08:00:00,고흥만수상,,0,6,91.5568994356,34.57,127.3
2022-12-22 08:00:00,광양항세방,,0,6,91.4267235086329,34.93,127.71
2022-12-22 08:00:00,구미,,0,6,91.5389188880536,36.13,128.34
2022-12-22 08:00:00,삼천포,,0,6,91.17555217112302,34.95,128.07
2022-12-22 08:00:00,여수,,0,6,91.31602371988564,34.74,127.74
2022-12-22 08:00:00,영동,,0,6,91.95118803566743,37.18,128.46
2022-12-22 08:00:00,영흥,,0,6,93.39862868114932,37.26,126.46
2022-12-22 08:00:00,예천,,0,6,91.70005778866626,36.65,128.46
2022-12-22 08:00:00,창원,,0,6,90.93093863584004,35.21,128.58
2022-12-22 08:00:00,탑선,,0,6,92.222951302253,35.24,126.81
2022-12-22 09:00:00,경상대,203.3,2,6,80.94454618836293,35.18,128.1
2022-12-22 09:00:00,고흥만수상,120.5,2,6,81.10249770437801,34.57,127.3
2022-12-22 09:00:00,광양항세방,164.95,2,6,81.04839290471767,34.93,127.71
2022-12-22 09:00:00,구미,158.4,2,6,81.36632041823205,36.13,128.34
2022-12-22 09:00:00,삼천포,200.3,2,6,80.82498955727796,34.95,128.07
2022-12-22 09:00:00,여수,200.3,2,6,80.91449505967473,34.74,127.74
2022-12-22 09:00:00,영동,173.8,1,6,81.93099259459787,37.18,128.46
2022-12-22 09:00:00,영흥,,0,6,83.25020598167886,37.26,126.46
2022-12-22 09:00:00,예천,135.3,1,6,81.60696166444917,36.65,128.46
2022-12-22 09:00:00,창원,202.2,2,6,80.65115519774253,35.21,128.58
2022-12-22 09:00:00,탑선,0.0,1,6,81.82420168382149,35.24,126.81
2022-12-22 10:00:00,경상대,298.14,5,5,71.9116149632294,35.18,128.1
2022-12-22 10:00:00,고흥만수상,202.24,5,5,71.90456643525906,34.57,127.3
2022-12-22 10:00:00,광양항세방,219.1,5,5,71.94126509335084,34.93,127.71
2022-12-22 10:00:00,구미,209.44,5,5,72.48871536775461,36.13,128.34
2022-12-22 10:00:00,삼천포,306.5,5,5,71.75746761803057,34.95,128.07
2022-12-22 10:00:00,여수,230.98000000000002,5,5,71.78443711656826,34.74,127.74
2022-12-22 10:00:00,영동,212.01999999999998,5,5,73.21089192865035,37.18,128.46
2022-12-22 10:00:00,영흥,181.07999999999998,5,5,74.33898223839985,37.26,126.46
2022-12-22 10:00:00,예천,166.72,5,5,72.81353043014073,36.65,128.46
2022-12-22 10:00:00,창원,290.96000000000004,5,5,71.67204042613284,35.21,128.58
2022-12-22 10:00:00,탑선,167.18,5,5,72.66880423832023,35.24,126.81
2022-12-22 11:00:00,경상대,332.56666666666666,6,6,64.73380808699974,35.18,128.1
2022-12-22 11:00:00,고흥만수상,335.15,6,6,64.53181055396948,34.57,127.3
2022-12-22 11:00:00,광양항세방,363.4166666666667,6,6,64.67445930059026,34.93,127.71
2022-12-22 11:00:00,구미,319.3333333333333,6,6,65.46770681636339,36.13,128.34
2022-12-22 11:00:00,삼천포,438.56666666666666,6,6,64.54566993473804,34.95,128.07
2022-12-22 11:00:00,여수,322.5833333333333,6,6,64.49742361091832,34.74,127.74
2022-12-22 11:00:00,영동,287.9166666666667,6,6,66.34107845528126,37.18,128.46
2022-12-22 11:00:00,영흥,247.08333333333334,6,6,67.19651306520447,37.26,126.46
2022-12-22 11:00:00,예천,247.73333333333332,6,6,65.87630170213585,36.65,128.46
2022-12-22 11:00:00,창원,408.8,6,6,64.56851653794817,35.21,128.58
2022-12-22 11:00:00,탑선,254.70000000000005,6,6,65.3130622940372,35.24,126.81
2022-12-22 12:00:00,경상대,486.8166666666666,6,6,60.09998490833069,35.18,128.1
2022-12-22 12:00:00,고흥만수상,334.2333333333333,6,6,59.68445099457627,34.57,127.3
2022-12-22 12:00:00,광양항세방,390.2,6,6,59.94136904091432,34.93,127.71
2022-12-22 12:00:00,구미,332.68333333333334,6,6,60.9699796860255,36.13,128.34
2022-12-22 12:00:00,삼천포,454.90000000000003,6,6,59.88395484556683,34.95,128.07
2022-12-22 12:00:00,여수,338.1666666666667,6,6,59.75158096119594,34.74,127.74
2022-12-22 12:00:00,영동,340.18333333333334,6,6,61.96367128272692,37.18,128.46
2022-12-22 12:00:00,영흥,320.09999999999997,6,6,62.45784743503059,37.26,126.46
2022-12-22 12:00:00,예천,277.13333333333327,6,6,61.44986954440488,36.65,128.46
2022-12-22 12:00:00,창원,425.9833333333334,6,6,60.030359804627935,35.21,128.58
2022-12-22 12:00:00,탑선,191.3166666666667,6,6,60.43903997363762,35.24,126.81
2022-12-22 13:00:00,경상대,475.45,6,6,58.6279338144702,35.18,128.1
2022-12-22 13:00:00,고흥만수상,318.45,6,6,58.010416828158824,34.57,127.3
2022-12-22 13:00:00,광양항세방,410.9666666666667,6,6,58.373059535810555,34.93,127.71
2022-12-22 13:00:00,구미,411.55,6,6,59.58186072070555,36.13,128.34
2022-12-22 13:00:00,삼천포,493.28333333333336,6,6,58.397509159795085,34.95,128.07
2022-12-22 13:00:00,여수,410.09999999999997,6,6,58.183364281518394,34.74,127.74
2022-12-22 13:00:00,영동,359.23333333333335,6,6,60.63390755491085,37.18,128.46
2022-12-22 13:00:00,영흥,250.36666666666667,6,6,60.70300627494772,37.26,126.46
2022-12-22 13:00:00,예천,326.53333333333336,6,6,60.10406558305456,36.65,128.46
2022-12-22 13:00:00,창원,482.59999999999997,6,6,58.66713570471773,35.21,128.58
2022-12-22 13:00:00,탑선,256.3666666666666,6,6,58.680672851155954,35.24,126.81
2022-12-22 14:00:00,경상대,457.2833333333333,6,6,60.55189657020092,35.18,128.1
2022-12-22 14:00:00,고흥만수상,396.6333333333334,6,6,59.78035043423191,34.57,127.3
2022-12-22 14:00:00,광양항세방,382.56666666666666,6,6,60.22064338926627,34.93,127.71
2022-12-22 14:00:00,구미,432.4166666666667,6,6,61.51752295756873,36.13,128.34
2022-12-22 14:00:00,삼천포,487.3,6,6,60.32468210268879,34.95,128.07
2022-12-22 14:00:00,여수,441.13333333333327,6,6,60.04554502562564,34.74,127.74
2022-12-22 14:00:00,영동,358.1666666666667,6,6,62.549963306779276,37.18,128.46
2022-12-22 14:00:00,영흥,275.15,6,6,62.18981370522935,37.26,126.46
2022-12-22 14:00:00,예천,308.03333333333336,6,6,62.043054892620276,36.65,128.46
2022-12-22 14:00:00,창원,458.25,6,6,60.69611677742286,35.21,128.58
2022-12-22 14:00:00,탑선,165.16666666666666,6,6,60.31496261946821,35.24,126.81
2022-12-22 15:00:00,경상대,435.04999999999995,6,6,65.56974920913939,35.18,128.1
2022-12-22 15:00:00,고흥만수상,280.8333333333333,6,6,64.70891580686173,34.57,127.3
2022-12-22 15:00:00,광양항세방,277.34999999999997,6,6,65.19071159229857,34.93,127.71
2022-12-22 15:00:00,구미,370.6333333333334,6,6,66.48300990153103,36.13,128.34
2022-12-22 15:00:00,삼천포,429.83333333333326,6,6,65.36043275510883,34.95,128.07
2022-12-22 15:00:00,여수,307.5166666666667,6,6,65.0405597618232,34.74,127.74
2022-12-22 15:00:00,영동,340.4166666666667,6,6,67.43102802926468,37.18,128.46
2022-12-22 15:00:00,영흥,235.51666666666665,6,6,66.69814932114826,37.26,126.46
2022-12-22 15:00:00,예천,277.71666666666664,6,6,66.97765827281023,36.65,128.46
2022-12-22 15:00:00,창원,419.45,6,6,65.80016748033606,35.21,128.58
2022-12-22 15:00:00,탑선,201.96666666666667,6,6,65.0835176946793,35.24,126.81
2022-12-22 16:00:00,경상대,335.6166666666667,6,6,73.03663737511486,35.18,128.1
2022-12-22 16:00:00,고흥만수상,256.45,6,6,72.14248189593765,34.57,127.3
2022-12-22 16:00:00,광양항세방,277.46666666666664,6,6,72.63552153760793,34.93,127.71
2022-12-22 16:00:00,구미,281.38333333333327,6,6,73.85890224984023,36.13,128.34
2022-12-22 16:00:00,삼천포,321.93333333333334,6,6,72.85324391764486,34.95,128.07
2022-12-22 16:00:00,여수,167.86666666666667,6,6,72.51443629213881,34.74,127.74
2022-12-22 16:00:00,영동,234.25,6,6,74.68615674684742,37.18,128.46
2022-12-22 16:00:00,영흥,183.86666666666665,6,6,73.6643186410215,37.26,126.46
2022-12-22 16:00:00,예천,217.35,6,6,74.30204472709474,36.65,128.46
2022-12-22 16:00:00,창원,280.3333333333333,6,6,73.32981950347482,35.21,128.58
2022-12-22 16:00:00,탑선,133.13333333333333,6,6,72.35983644097577,35.24,126.81
2022-12-22 17:00:00,경상대,223.95,2,6,82.27274728351146,35.18,128.1
2022-12-22 17:00:00,고흥만수상,181.26666666666665,3,6,81.3829448814863,34.57,127.3
2022-12-22 17:00:00,광양항세방,142.14999999999998,2,6,81.86750693766483,34.93,127.71
2022-12-22 17:00:00,구미,172.0,2,6,82.98779111314165,36.13,128.34
2022-12-22 17:00:00,삼천포,227.60000000000002,2,6,82.11791389328323,34.95,128.07
2022-12-22 17:00:00,여수,114.95,2,6,81.77536728412143,34.74,127.74
2022-12-22 17:00:00,영동,151.6,1,6,83.6812583518986,37.18,128.46
2022-12-22 17:00:00,영흥,146.55,2,6,82.44965083310686,37.26,126.46
2022-12-22 17:00:00,예천,172.4,1,6,83.37070099965129,36.65,128.46
2022-12-22 17:00:00,창원,210.15,2,6,82.60852438135474,35.21,128.58
2022-12-22 17:00:00,탑선,160.86666666666667,3,6,81.45938957932802,35.24,126.81
2022-12-22 18:00:00,경상대,,0,6,92.72882255244788,35.18,128.1
2022-12-22 18:00:00,고흥만수상,,0,6,91.86621393317007,34.57,127.3
2022-12-22 18:00:00,광양항세방,,0,6,92.33074703636991,34.93,127.71
2022-12-22 18:00:00,구미,,0,6,93.33236728353936,36.13,128.34
2022-12-22 18:00:00,삼천포,,0,6,92.60256307999757,34.95,128.07
2022-12-22 18:00:00,여수,,0,6,92.26580448010169,34.74,127.74
2022-12-22 18:00:00,영동,,0,6,93.89066507077905,37.18,128.46
2022-12-22 18:00:00,영흥,,0,6,92.51142090562702,37.26,126.46
2022-12-22 18:00:00,예천,,0,6,93.65266217208864,36.65,128.46
2022-12-22 18:00:00,창원,,0,6,93.09235926338667,35.21,128.58
2022-12-22 18:00:00,탑선,,0,6,91.82009918903789,35.24,126.81
2022-12-22 19:00:00,경상대,,0,6,104.00693991835404,35.18,128.1
2022-12-22 19:00:00,고흥만수상,,0,6,103.18601214630571,34.57,127.3
2022-12-22 19:00:00,광양항세방,,0,6,103.62337370783771,34.93,127.71
2022-12-22 19:00:00,구미,,0,6,104.49819238976443,36.13,128.34
2022-12-22 19:00:00,삼천포,,0,6,103.90868128648874,34.95,128.07
2022-12-22 19:00:00,여수,,0,6,103.58388186522288,34.74,127.74
2022-12-22 19:00:00,영동,,0,6,104.92257668126845,37.18,128.46
2022-12-22 19:00:00,영흥,,0,6,103.44135912851125,37.26,126.46
2022-12-22 19:00:00,예천,,0,6,104.75529304018623,36.65,128.46
2022-12-22 19:00:00,창원,,0,6,104.38778657504258,35.21,128.58
2022-12-22 19:00:00,탑선,,0,6,103.03225968593719,35.24,126.81
2022-12-22 20:00:00,경상대,,0,6,115.82300946667802,35.18,128.1
2022-12-22 20:00:00,고흥만수상,,0,6,115.05544061301711,34.57,127.3
2022-12-22 20:00:00,광양항세방,,0,6,115.4598104164244,34.93,127.71
2022-12-22 20:00:00,구미,,0,6,116.19916022054721,36.13,128.34
2022-12-22 20:00:00,삼천포,,0,6,115.75282136741049,34.95,128.07
2022-12-22 20:00:00,여수,,0,6,115.44487201972285,34.74,127.74
2022-12-22 20:00:00,영동,,0,6,116.48775662715553,37.18,128.46
2022-12-22 20:00:00,영흥,,0,6,114.93884852098411,37.26,126.46
2022-12-22 20:00:00,예천,,0,6,116.39127549024232,36.65,128.46
2022-12-22 20:00:00,창원,,0,6,116.21346114953349,35.21,128.58
2022-12-22 20:00:00,탑선,,0,6,114.80366499252949,35.24,126.81
2022-12-22 21:00:00,경상대,,0,6,127.95828624319444,35.18,128.1
2022-12-22 21:00:00,고흥만수상,,0,6,127.25805306296171,34.57,127.3
2022-12-22 21:00:00,광양항세방,,0,6,127.62214496589507,34.93,127.71
2022-12-22 21:00:00,구미,,0,6,128.2096615198601,36.13,128.34
2022-12-22 21:00:00,삼천포,,0,6,127.91792117217503,34.95,128.07
2022-12-22 21:00:00,여수,,0,6,127.6323731714628,34.74,127.74
2022-12-22 21:00:00,영동,,0,6,128.35232130763427,37.18,128.46
2022-12-22 21:00:00,영흥,,0,6,126.76511487546537,37.26,126.46
2022-12-22 21:00:00,예천,,0,6,128.3310659459064,36.65,128.46
2022-12-22 21:00:00,창원,,0,6,128.35164887761198,35.21,128.58
2022-12-22 21:00:00,탑선,,0,6,126.91150672956965,35.24,126.81
2022-12-22 22:00:00,경상대,,0,6,140.2015928734599,35.18,128.1
2022-12-22 22:00:00,고흥만수상,,0,6,139.5929104973901,34.57,127.3
2022-12-22 22:00:00,광양항세방,,0,6,139.90365426348987,34.93,127.71
2022-12-22 22:00:00,구미,,0,6,140.303414658162,36.13,128.34
2022-12-22 22:00:00,삼천포,,0,6,140.19627594385736,34.95,128.07
2022-12-22 22:00:00,여수,,0,6,139.94235144077697,34.74,127.74
2022-12-22 22:00:00,영동,,0,6,140.27295339929867,37.18,128.46
2022-12-22 22:00:00,영흥,,0,6,138.68230934314118,37.26,126.46
2022-12-22 22:00:00,예천,,0,6,140.33981597496566,36.65,128.46
2022-12-22 22:00:00,창원,,0,6,140.58961190446158,35.21,128.58
2022-12-22 22:00:00,탑선,,0,6,139.1462052442897,35.24,126.81
2022-12-22 23:00:00,경상대,,0,6,152.2270115063749,35.18,128.1
2022-12-22 23:00:00,고흥만수상,,0,6,151.76631191032493,34.57,127.3
2022-12-22 23:00:00,광양항세방,,0,6,151.99296483551706,34.93,127.71
2022-12-22 23:00:00,구미,,0,6,152.1173902405246,36.13,128.34
2022-12-22 23:00:00,삼천포,,0,6,152.27030811040987,34.95,128.07
2022-12-22 23:00:00,여수,,0,6,152.06931223904044,34.74,127.74
2022-12-22 23:00:00,영동,,0,6,151.84752214307943,37.18,128.46
2022-12-22 23:00:00,영흥,,0,6,150.32384804859618,37.26,126.46
2022-12-22 23:00:00,예천,,0,6,152.03395038840318,36.65,128.46
2022-12-22 23:00:00,창원,,0,6,152.59236974947007,35.21,128.58
2022-12-22 23:00:00,탑선,,0,6,151.19946846028822,35.24,126.81
2022-12-23 00:00:00,경상대,,0,6,163.0684008137202,35.18,128.1
2022-12-23 00:00:00,고흥만수상,,0,6,162.9337830398552,34.57,127.3
2022-12-23 00:00:00,광양항세방,,0,6,162.98020685994794,34.93,127.71
2022-12-23 00:00:00,구미,,0,6,162.5839005107037,36.13,128.34
2022-12-23 00:00:00,삼천포,,0,6,163.1967879409363,34.95,128.07
2022-12-23 00:00:00,여수,,0,6,163.11752699430525,34.74,127.74
2022-12-23 00:00:00,영동,,0,6,161.91919667502765,37.18,128.46
2022-12-23 00:00:00,영흥,,0,6,160.7081811597553,37.26,126.46
2022-12-23 00:00:00,예천,,0,6,162.29425011088048,36.65,128.46
2022-12-23 00:00:00,창원,,0,6,163.34604652429468,35.21,128.58
2022-12-23 00:00:00,탑선,,0,6,162.2091085404351,35.24,126.81
2022-12-23 01:00:00,경상대,,0,6,168.22759105401636,35.18,128.1
2022-12-23 01:00:00,고흥만수상,,0,6,168.86576887540963,34.57,127.3
2022-12-23 01:00:00,광양항세방,,0,6,168.49623106605225,34.93,127.71
2022-12-23 01:00:00,구미,,0,6,167.2650086647478,36.13,128.34
2022-12-23 01:00:00,삼천포,,0,6,168.458768341419,34.95,128.07
2022-12-23 01:00:00,여수,,0,6,168.68487130477888,34.74,127.74
2022-12-23 01:00:00,영동,,0,6,166.21065824351794,37.18,128.46
2022-12-23 01:00:00,영흥,,0,6,166.1639511309645,37.26,126.46
2022-12-23 01:00:00,예천,,0,6,166.7385000836908,36.65,128.46
2022-12-23 01:00:00,창원,,0,6,168.161203805003,35.21,128.58
2022-12-23 01:00:00,탑선,,0,6,168.19286513082866,35.24,126.81
2022-12-23 02:00:00,경상대,,0,6,161.845375963798,35.18,128.1
2022-12-23 02:00:00,고흥만수상,,0,6,162.73500029605665,34.57,127.3
2022-12-23 02:00:00,광양항세방,,0,6,162.25061280669513,34.93,127.71
2022-12-23 02:00:00,구미,,0,6,161.11893146525705,36.13,128.34
2022-12-23 02:00:00,삼천포,,0,6,161.99969812672106,34.95,128.07
2022-12-23 02:00:00,여수,,0,6,162.34213691864673,34.74,127.74
2022-12-23 02:00:00,영동,,0,6,160.38533106857392,37.18,128.46
2022-12-23 02:00:00,영흥,,0,6,161.51330480428192,37.26,126.46
2022-12-23 02:00:00,예천,,0,6,160.72108527341737,36.65,128.46
2022-12-23 02:00:00,창원,,0,6,161.50885991034278,35.21,128.58
2022-12-23 02:00:00,탑선,,0,6,162.64563316806164,35.24,126.81
2022-12-23 03:00:00,경상대,,0,6,150.7352466659469,35.18,128.1
2022-12-23 03:00:00,고흥만수상,,0,6,151.52757122697153,34.57,127.3
2022-12-23 03:00:00,광양항세방,,0,6,151.10883690884663,34.93,127.71
2022-12-23 03:00:00,구미,,0,6,150.28726196645601,36.13,128.34
2022-12-23 03:00:00,삼천포,,0,6,150.8186213423653,34.95,128.07
2022-12-23 03:00:00,여수,,0,6,151.1341562198828,34.74,127.74
2022-12-23 03:00:00,영동,,0,6,149.88119907608672,37.18,128.46
2022-12-23 03:00:00,영흥,,0,6,151.35725362879614,37.26,126.46
2022-12-23 03:00:00,예천,,0,6,150.04306910615966,36.65,128.46
2022-12-23 03:00:00,창원,,0,6,150.3486294141485,35.21,128.58
2022-12-23 03:00:00,탑선,,0,6,151.73240729216056,35.24,126.81
2022-12-23 04:00:00,경상대,,0,6,138.6527186171069,35.18,128.1
2022-12-23 04:00:00,고흥만수상,,0,6,139.34601695066476,34.57,127.3
2022-12-23 04:00:00,광양항세방,,0,6,138.98733653875541,34.93,127.71
2022-12-23 04:00:00,구미,,0,6,138.38940846513287,36.13,128.34
2022-12-23 04:00:00,삼천포,,0,6,138.69156328308304,34.95,128.07
2022-12-23 04:00:00,여수,,0,6,138.97448825903572,34.74,127.74
2022-12-23 04:00:00,영동,,0,6,138.19913651929562,37.18,128.46
2022-12-23 04:00:00,영흥,,0,6,139.77260396833657,37.26,126.46
2022-12-23 04:00:00,예천,,0,6,138.24908613236607,36.65,128.46
2022-12-23 04:00:00,창원,,0,6,138.2593721877401,35.21,128.58
2022-12-23 04:00:00,탑선,,0,6,139.69956992308477,35.24,126.81
2022-12-23 05:00:00,경상대,,0,6,126.40928601213446,35.18,128.1
2022-12-23 05:00:00,고흥만수상,,0,6,127.01132819146956,34.57,127.3
2022-12-23 05:00:00,광양항세방,,0,6,126.70624309350592,34.93,127.71
2022-12-23 05:00:00,구미,,0,6,126.29071410658658,36.13,128.34
2022-12-23 05:00:00,삼천포,,0,6,126.4139496656691,34.95,128.07
2022-12-23 05:00:00,여수,,0,6,126.6654125124742,34.74,127.74
2022-12-23 05:00:00,영동,,0,6,126.26686282275111,37.18,128.46
2022-12-23 05:00:00,영흥,,0,6,127.86143378334936,37.26,126.46
2022-12-23 05:00:00,예천,,0,6,126.23187391110154,36.65,128.46
2022-12-23 05:00:00,창원,,0,6,126.02112398417921,35.21,128.58
2022-12-23 05:00:00,탑선,,0,6,127.46469709770257,35.24,126.81
2022-12-23 06:00:00,경상대,,0,6,114.30301824838045,35.18,128.1
2022-12-23 06:00:00,고흥만수상,,0,6,114.8131717205747,34.57,127.3
2022-12-23 06:00:00,광양항세방,,0,6,114.56108569680747,34.93,127.71
2022-12-23 06:00:00,구미,,0,6,114.31488605147716,36.13,128.34
2022-12-23 06:00:00,삼천포,,0,6,114.2772355452442,34.95,128.07
2022-12-23 06:00:00,여수,,0,6,114.49617995539002,34.74,127.74
2022-12-23 06:00:00,영동,,0,6,114.43813320400594,37.18,128.46
2022-12-23 06:00:00,영흥,,0,6,116.01592476484706,37.26,126.46
2022-12-23 06:00:00,예천,,0,6,114.32914344785468,36.65,128.46
2022-12-23 06:00:00,창원,,0,6,113.9266887340663,35.21,128.58
2022-12-23 06:00:00,탑선,,0,6,115.3460944509095,35.24,126.81
2022-12-23 07:00:00,경상대,,0,6,102.54173635199326,35.18,128.1
2022-12-23 07:00:00,고흥만수상,,0,6,102.95206783770348,34.57,127.3
2022-12-23 07:00:00,광양항세방,,0,6,102.75679582167284,34.93,127.71
2022-12-23 07:00:00,구미,,0,6,102.68243491449235,36.13,128.34
2022-12-23 07:00:00,삼천포,,0,6,102.4861631841735,34.95,128.07
2022-12-23 07:00:00,여수,,0,6,102.66908873636619,34.74,127.74
2022-12-23 07:00:00,영동,,0,6,102.94797051903149,37.18,128.46
2022-12-23 07:00:00,영흥,,0,6,104.47833824289961,37.26,126.46
2022-12-23 07:00:00,예천,,0,6,102.76843020160364,36.65,128.46
2022-12-23 07:00:00,창원,,0,6,102.18368596418243,35.21,128.58
2022-12-23 07:00:00,탑선,,0,6,103.55454643172746,35.24,126.81
2022-12-23 08:00:00,경상대,,0,6,91.34964306654821,35.18,128.1
2022-12-23 08:00:00,고흥만수상,,0,6,91.64536406981273,34.57,127.3
2022-12-23 08:00:00,광양항세방,,0,6,91.51458165595541,34.93,127.71
2022-12-23 08:00:00,구미,,0,6,91.6250877422697,36.13,128.34
2022-12-23 08:00:00,삼천포,,0,6,91.26320996688624,34.95,128.07
2022-12-23 08:00:00,여수,,0,6,91.40408209225292,34.74,127.74
2022-12-23 08:00:00,영동,,0,6,92.03606642671826,37.18,128.46
2022-12-23 08:00:00,영흥,,0,6,93.48439838916153,37.26,126.46
2022-12-23 08:00:00,예천,,0,6,91.7855599484949,36.65,128.46
2022-12-23 08:00:00,창원,,0,6,91.01804570147945,35.21,128.58
2022-12-23 08:00:00,탑선,,0,6,92.31089470596658,35.24,126.81
2022-12-23 09:00:00,경상대,202.6,2,6,81.02260222130104,35.18,128.1
2022-12-23 09:00:00,고흥만수상,153.0,2,6,81.18184979345416,34.57,127.3
2022-12-23 09:00:00,광양항세방,162.39999999999998,2,6,81.12702728781909,34.93,127.71
2022-12-23 09:00:00,구미,178.45,2,6,81.44307428987209,36.13,128.34
2022-12-23 09:00:00,삼천포,214.65,2,6,80.90333851757025,34.95,128.07
2022-12-23 09:00:00,여수,165.65,2,6,80.99333094879381,34.74,127.74
2022-12-23 09:00:00,영동,163.7,1,6,82.00640147684322,37.18,128.46
2022-12-23 09:00:00,영흥,,0,6,83.32696264594432,37.26,126.46
2022-12-23 09:00:00,예천,156.1,1,6,81.68300625969206,36.65,128.46
2022-12-23 09:00:00,창원,200.5,2,6,80.72882248653778,35.21,128.58
2022-12-23 09:00:00,탑선,0.0,1,6,81.90311586772174,35.24,126.81
2022-12-23 10:00:00,경상대,294.62,5,5,71.97615859549624,35.18,128.1
2022-12-23 10:00:00,고흥만수상,199.18,5,5,71.97065759393334,34.57,127.3
2022-12-23 10:00:00,광양항세방,229.7,5,5,72.0065092673449,34.93,127.71
2022-12-23 10:00:00,구미,263.1,5,5,72.55189993767736,36.13,128.34
2022-12-23 10:00:00,삼천포,315.62,5,5,71.82231084981518,34.95,128.07
2022-12-23 10:00:00,여수,216.1,5,5,71.84987163667782,34.74,127.74
2022-12-23 10:00:00,영동,210.94,5,5,73.27272880944915,37.18,128.46
2022-12-23 10:00:00,영흥,183.42000000000002,5,5,74.40277909744175,37.26,126.46
2022-12-23 10:00:00,예천,210.71999999999997,5,5,72.87598364480337,36.65,128.46
2022-12-23 10:00:00,창원,290.38,5,5,71.73604100795629,35.21,128.58
2022-12-23 10:00:00,탑선,79.94000000000001,5,5,72.73461586030089,35.24,126.81
2022-12-23 11:00:00,경상대,416.1666666666667,6,6,64.77941003300225,35.18,128.1
2022-12-23 11:00:00,고흥만수상,183.29999999999998,6,6,64.57917796730187,34.57,127.3
2022-12-23 11:00:00,광양항세방,369.79999999999995,6,6,64.72087357870456,34.93,127.71
2022-12-23 11:00:00,구미,374.68333333333334,6,6,65.51202211870411,36.13,128.34
2022-12-23 11:00:00,삼천포,443.54999999999995,6,6,64.59154520103596,34.95,128.07
2022-12-23 11:00:00,여수,337.74999999999994,6,6,64.54398642479616,34.74,127.74
2022-12-23 11:00:00,영동,279.1666666666667,6,6,66.38419614086874,37.18,128.46
2022-12-23 11:00:00,영흥,188.01666666666665,6,6,67.24232696658973,37.26,126.46
2022-12-23 11:00:00,예천,291.40000000000003,6,6,65.9199358298569,36.65,128.46
2022-12-23 11:00:00,창원,413.04999999999995,6,6,64.61339336440693,35.21,128.58
2022-12-23 11:00:00,탑선,135.93333333333334,6,6,65.36044182693549,35.24,126.81
2022-12-23 12:00:00,경상대,486.3833333333334,6,6,60.120870559168836,35.18,128.1
2022-12-23 12:00:00,고흥만수상,254.13333333333333,6,6,59.707139051546775,34.57,127.3
2022-12-23 12:00:00,광양항세방,395.25,6,6,59.96310149721556,34.93,127.71
2022-12-23 12:00:00,구미,435.8833333333334,6,6,60.989894599172146,36.13,128.34
2022-12-23 12:00:00,삼천포,518.5,6,6,59.905028735833255,34.95,128.07
2022-12-23 12:00:00,여수,270.68333333333334,6,6,59.7733734750166,34.74,127.74
2022-12-23 12:00:00,영동,362.5833333333333,6,6,61.982792714897016,37.18,128.46
2022-12-23 12:00:00,영흥,272.06666666666666,6,6,62.4803372540729,37.26,126.46
2022-12-23 12:00:00,예천,337.5166666666667,6,6,61.46928343121027,36.65,128.46
2022-12-23 12:00:00,창원,465.75,6,6,60.05036661515311,35.21,128.58
2022-12-23 12:00:00,탑선,204.15,6,6,60.462183853728575,35.24,126.81
2022-12-23 13:00:00,경상대,513.1666666666666,6,6,58.62034872093257,35.18,128.1
2022-12-23 13:00:00,고흥만수상,175.88333333333335,6,6,58.004356706191984,34.57,127.3
2022-12-23 13:00:00,광양항세방,432.2833333333333,6,6,58.366213482641,34.93,127.71
2022-12-23 13:00:00,구미,442.1499999999999,6,6,59.57386632052324,36.13,128.34
2022-12-23 13:00:00,삼천포,530.2333333333333,6,6,58.38997207424124,34.95,128.07
2022-12-23 13:00:00,여수,404.7,6,6,58.17645560833384,34.74,127.74
2022-12-23 13:00:00,영동,386.36666666666673,6,6,60.62574744708668,37.18,128.46
2022-12-23 13:00:00,영흥,291.76666666666665,6,6,60.69849522234995,37.26,126.46
2022-12-23 13:00:00,예천,352.84999999999997,6,6,60.09587611888267,36.65,128.46
2022-12-23 13:00:00,창원,486.09999999999997,6,6,58.65863597056396,35.21,128.58
2022-12-23 13:00:00,탑선,62.46666666666667,6,6,58.67555302437661,35.24,126.81
2022-12-23 14:00:00,경상대,482.3333333333333,6,6,60.51649044614322,35.18,128.1
2022-12-23 14:00:00,고흥만수상,210.88333333333333,6,6,59.745947073654705,34.57,127.3
2022-12-23 14:00:00,광양항세방,425.5833333333333,6,6,60.18575034476025,34.93,127.71
2022-12-23 14:00:00,구미,408.46666666666664,6,6,61.48231075239725,36.13,128.34
2022-12-23 14:00:00,삼천포,514.4333333333333,6,6,60.28918170823262,34.95,128.07
2022-12-23 14:00:00,여수,429.6833333333334,6,6,60.01048153229436,34.74,127.74
2022-12-23 14:00:00,영동,370.23333333333335,6,6,62.51521076761267,37.18,128.46
2022-12-23 14:00:00,영흥,330.9166666666667,6,6,62.15842054885121,37.26,126.46
2022-12-23 14:00:00,예천,340.28333333333336,6,6,62.007970399613825,36.65,128.46
2022-12-23 14:00:00,창원,467.09999999999997,6,6,60.659912039622895,35.21,128.58
2022-12-23 14:00:00,탑선,117.66666666666667,6,6,60.28181509668985,35.24,126.81
2022-12-23 15:00:00,경상대,440.96666666666664,6,6,65.51121350060565,35.18,128.1
2022-12-23 15:00:00,고흥만수상,268.0333333333333,6,6,64.65085385598573,34.57,127.3
2022-12-23 15:00:00,광양항세방,397.1833333333334,6,6,65.13244946227661,34.93,127.71
2022-12-23 15:00:00,구미,381.1833333333334,6,6,66.42508828922273,36.13,128.34
2022-12-23 15:00:00,삼천포,444.90000000000003,6,6,65.30171132333636,34.95,128.07
2022-12-23 15:00:00,여수,348.84999999999997,6,6,64.98207196758922,34.74,127.74
2022-12-23 15:00:00,영동,322.35,6,6,67.3739732088186,37.18,128.46
2022-12-23 15:00:00,영흥,221.41666666666666,6,6,66.64378513689076,37.26,126.46
2022-12-23 15:00:00,예천,305.95,6,6,66.92008816316854,36.65,128.46
2022-12-23 15:00:00,창원,418.05,6,6,65.74103043779898,35.21,128.58
2022-12-23 15:00:00,탑선,81.05,6,6,65.02676651315535,35.24,126.81
2022-12-23 16:00:00,경상대,314.93333333333334,6,6,72.96101987999472,35.18,128.1
2022-12-23 16:00:00,고흥만수상,261.78333333333336,6,6,72.06695678913546,34.57,127.3
2022-12-23 16:00:00,광양항세방,266.2,6,6,72.55999815315667,34.93,127.71
2022-12-23 16:00:00,구미,288.55,6,6,73.78409413012463,36.13,128.34
2022-12-23 16:00:00,삼천포,328.41666666666663,6,6,72.77740506631808,34.95,128.07
2022-12-23 16:00:00,여수,308.0,6,6,72.43867899127159,34.74,127.74
2022-12-23 16:00:00,영동,219.11666666666665,6,6,74.61238301429658,37.18,128.46
2022-12-23 16:00:00,영흥,222.21666666666667,6,6,73.59251364927488,37.26,126.46
2022-12-23 16:00:00,예천,247.73333333333335,6,6,74.22769246526566,36.65,128.46
2022-12-23 16:00:00,창원,307.09999999999997,6,6,73.25379027031269,35.21,128.58
2022-12-23 16:00:00,탑선,148.36666666666665,6,6,72.28550467677803,35.24,126.81
2022-12-23 17:00:00,경상대,214.6,2,6,82.18532223728238,35.18,128.1
2022-12-23 17:00:00,고흥만수상,140.6,3,6,81.29538277982755,34.57,127.3
2022-12-23 17:00:00,광양항세방,188.3,2,6,81.78006348593877,34.93,127.71
2022-12-23 17:00:00,구미,199.60000000000002,2,6,82.90122696557651,36.13,128.34
2022-12-23 17:00:00,삼천포,225.35,2,6,82.03026470770246,34.95,128.07
2022-12-23 17:00:00,여수,229.8,2,6,81.6877045404957,34.74,127.74
2022-12-23 17:00:00,영동,158.3,1,6,83.59575180321073,37.18,128.46
2022-12-23 17:00:00,영흥,149.6,2,6,82.36551970871496,37.26,126.46
2022-12-23 17:00:00,예천,193.6,1,6,83.28462067772575,36.65,128.46
2022-12-23 17:00:00,창원,212.55,2,6,82.52083181035941,35.21,128.58
2022-12-23 17:00:00,탑선,93.83333333333333,3,6,81.37285190677059,35.24,126.81
2022-12-23 18:00:00,경상대,,0,6,92.63347944963441,35.18,128.1
2022-12-23 18:00:00,고흥만수상,,0,6,91.77060225771754,34.57,127.3
2022-12-23 18:00:00,광양항세방,,0,6,92.23531827309617,34.93,127.71
2022-12-23 18:00:00,구미,,0,6,93.23787798084268,36.13,128.34
2022-12-23 18:00:00,삼천포,,0,6,92.50700472849033,34.95,128.07
2022-12-23 18:00:00,여수,,0,6,92.17017592394149,34.74,127.74
2022-12-23 18:00:00,영동,,0,6,93.79720379385111,37.18,128.46
2022-12-23 18:00:00,영흥,,0,6,92.41889958878946,37.26,126.46
2022-12-23 18:00:00,예천,,0,6,93.55865363940164,36.65,128.46
2022-12-23 18:00:00,창원,,0,6,92.99684880381335,35.21,128.58
2022-12-23 18:00:00,탑선,,0,6,91.7253590689864,35.24,126.81
2022-12-23 19:00:00,경상대,,0,6,103.90638919640418,35.18,128.1
2022-12-23 19:00:00,고흥만수상,,0,6,103.0851079363049,34.57,127.3
2022-12-23 19:00:00,광양항세방,,0,6,103.52269293342468,34.93,127.71
2022-12-23 19:00:00,구미,,0,6,104.3984840583042,36.13,128.34
2022-12-23 19:00:00,삼천포,,0,6,103.80792342331151,34.95,128.07
2022-12-23 19:00:00,여수,,0,6,103.48301662960544,34.74,127.74
2022-12-23 19:00:00,영동,,0,6,104.82387096375604,37.18,128.46
2022-12-23 19:00:00,영흥,,0,6,103.34328098784462,37.26,126.46
2022-12-23 19:00:00,예천,,0,6,104.65606085223102,36.65,128.46
2022-12-23 19:00:00,창원,,0,6,104.28713789088695,35.21,128.58
2022-12-23 19:00:00,탑선,,0,6,102.93211391148333,35.24,126.81
2022-12-23 20:00:00,경상대,,0,6,115.71917869277891,35.18,128.1
2022-12-23 20:00:00,고흥만수상,,0,6,114.95117827536308,34.57,127.3
2022-12-23 20:00:00,광양항세방,,0,6,115.35581007310344,34.93,127.71
2022-12-23 20:00:00,구미,,0,6,116.0961920594014,36.13,128.34
2022-12-23 20:00:00,삼천포,,0,6,115.64878307836489,34.95,128.07
2022-12-23 20:00:00,여수,,0,6,115.34069355029011,34.74,127.74
2022-12-23 20:00:00,영동,,0,6,116.38580763937014,37.18,128.46
2022-12-23 20:00:00,영흥,,0,6,114.83728924693035,37.26,126.46
2022-12-23 20:00:00,예천,,0,6,116.2887973288989,36.65,128.46
2022-12-23 20:00:00,창원,,0,6,116.10958477530232,35.21,128.58
2022-12-23 20:00:00,탑선,,0,6,114.70009474624788,35.24,126.81
2022-12-23 21:00:00,경상대,,0,6,127.852719997365,35.18,128.1
2022-12-23 21:00:00,고흥만수상,,0,6,127.15194120149589,34.57,127.3
2022-12-23 21:00:00,광양항세방,,0,6,127.51635493352622,34.93,127.71
2022-12-23 21:00:00,구미,,0,6,128.10505192801935,36.13,128.34
2022-12-23 21:00:00,삼천포,,0,6,127.81212960076499,34.95,128.07
2022-12-23 21:00:00,여수,,0,6,127.52639668586713,34.74,127.74
2022-12-23 21:00:00,영동,,0,6,128.24883501844218,37.18,128.46
2022-12-23 21:00:00,영흥,,0,6,126.66179713732981,37.26,126.46
2022-12-23 21:00:00,예천,,0,6,128.22700273825336,36.65,128.46
2022-12-23 21:00:00,창원,,0,6,128.2460869464716,35.21,128.58
2022-12-23 21:00:00,탑선,,0,6,126.80607648422878,35.24,126.81
2022-12-23 22:00:00,경상대,,0,6,140.095993383321,35.18,128.1
2022-12-23 22:00:00,고흥만수상,,0,6,139.48652750956538,34.57,127.3
2022-12-23 22:00:00,광양항세방,,0,6,139.79772192882285,34.93,127.71
2022-12-23 22:00:00,구미,,0,6,140.1990345762819,36.13,128.34
2022-12-23 22:00:00,삼천포,,0,6,140.09039520228788,34.95,128.07
2022-12-23 22:00:00,여수,,0,6,139.8361958569667,34.74,127.74
2022-12-23 22:00:00,영동,,0,6,140.16998963164423,37.18,128.46
2022-12-23 22:00:00,영흥,,0,6,138.57919529344755,37.26,126.46
2022-12-23 22:00:00,예천,,0,6,140.23613465862422,36.65,128.46
2022-12-23 22:00:00,창원,,0,6,140.48409198391192,35.21,128.58
2022-12-23 22:00:00,탑선,,0,6,139.0405779075839,35.24,126.81
2022-12-23 23:00:00,경상대,,0,6,152.12479901276097,35.18,128.1
2022-12-23 23:00:00,고흥만수상,,0,6,151.66265079849327,34.57,127.3
2022-12-23 23:00:00,광양항세방,,0,6,151.89011568561506,34.93,127.71
2022-12-23 23:00:00,구미,,0,6,152.01712424349762,36.13,128.34
2022-12-23 23:00:00,삼천포,,0,6,152.16765469694622,34.95,128.07
2022-12-23 23:00:00,여수,,0,6,151.96613207572324,34.74,127.74
2022-12-23 23:00:00,영동,,0,6,151.7494426285258,37.18,128.46
2022-12-23 23:00:00,영흥,,0,6,150.22477443853256,37.26,126.46
2022-12-23 23:00:00,예천,,0,6,151.93479025432126,36.65,128.46
2022-12-23 23:00:00,창원,,0,6,152.49044492731036,35.21,128.58
2022-12-23 23:00:00,탑선,,0,6,151.0967965936623,35.24,126.81
2022-12-24 00:00:00,경상대,,0,6,162.98345348167305,35.18,128.1
2022-12-24 00:00:00,고흥만수상,,0,6,162.84488036096232,34.57,127.3
2022-12-24 00:00:00,광양항세방,,0,6,162.89346052615122,34.93,127.71
2022-12-24 00:00:00,구미,,0,6,162.50289010352077,36.13,128.34
2022-12-24 00:00:00,삼천포,,0,6,163.1109528607356,34.95,128.07
2022-12-24 00:00:00,여수,,0,6,163.03018178559893,34.74,127.74
2022-12-24 00:00:00,영동,,0,6,161.84208781897416,37.18,128.46
2022-12-24 00:00:00,영흥,,0,6,160.62640766847363,37.26,126.46
2022-12-24 00:00:00,예천,,0,6,162.21534813600493,36.65,128.46
2022-12-24 00:00:00,창원,,0,6,163.26240583026188,35.21,128.58
2022-12-24 00:00:00,탑선,,0,6,162.1214586682499,35.24,126.81
2022-12-24 01:00:00,경상대,,0,6,168.22501548831812,35.18,128.1
2022-12-24 01:00:00,고흥만수상,,0,6,168.856818939175,34.57,127.3
2022-12-24 01:00:00,광양항세방,,0,6,168.49062632384002,34.93,127.71
2022-12-24 01:00:00,구미,,0,6,167.2635895676298,36.13,128.34
2022-12-24 01:00:00,삼천포,,0,6,168.45610752262877,34.95,128.07
2022-12-24 01:00:00,여수,,0,6,168.6795953128502,34.74,127.74
2022-12-24 01:00:00,영동,,0,6,166.2093173657888,37.18,128.46
2022-12-24 01:00:00,영흥,,0,6,166.14926554654255,37.26,126.46
2022-12-24 01:00:00,예천,,0,6,166.73754728533441,36.65,128.46
2022-12-24 01:00:00,창원,,0,6,168.16243055020658,35.21,128.58
2022-12-24 01:00:00,탑선,,0,6,168.17996641644885,35.24,126.81
2022-12-24 02:00:00,경상대,,0,6,161.9207372695141,35.18,128.1
2022-12-24 02:00:00,고흥만수상,,0,6,162.81088047371998,34.57,127.3
2022-12-24 02:00:00,광양항세방,,0,6,162.32603743755217,34.93,127.71
2022-12-24 02:00:00,구미,,0,6,161.19118669844846,36.13,128.34
2022-12-24 02:00:00,삼천포,,0,6,162.07589612611565,34.95,128.07
2022-12-24 02:00:00,여수,,0,6,162.418395792676,34.74,127.74
2022-12-24 02:00:00,영동,,0,6,160.45394900125922,37.18,128.46
2022-12-24 02:00:00,영흥,,0,6,161.57622059495247,37.26,126.46
2022-12-24 02:00:00,예천,,0,6,160.79166768027076,36.65,128.46
2022-12-24 02:00:00,창원,,0,6,161.58520310726988,35.21,128.58
2022-12-24 02:00:00,탑선,,0,6,162.71750113320303,35.24,126.81
2022-12-24 03:00:00,경상대,,0,6,150.82829865377067,35.18,128.1
2022-12-24 03:00:00,고흥만수상,,0,6,151.62163162835265,34.57,127.3
2022-12-24 03:00:00,광양항세방,,0,6,151.20226856451634,34.93,127.71
2022-12-24 03:00:00,구미,,0,6,150.37821271025604,36.13,128.34
2022-12-24 03:00:00,삼천포,,0,6,150.9121911986926,34.95,128.07
2022-12-24 03:00:00,여수,,0,6,151.22804545802168,34.74,127.74
2022-12-24 03:00:00,영동,,0,6,149.96970335888307,37.18,128.46
2022-12-24 03:00:00,영흥,,0,6,151.4441566579696,37.26,126.46
2022-12-24 03:00:00,예천,,0,6,150.13285063770977,36.65,128.46
2022-12-24 03:00:00,창원,,0,6,150.4418563379641,35.21,128.58
2022-12-24 03:00:00,탑선,,0,6,151.82460000871515,35.24,126.81
2022-12-24 04:00:00,경상대,,0,6,138.7495632204261,35.18,128.1
2022-12-24 04:00:00,고흥만수상,,0,6,139.443785406323,34.57,127.3
2022-12-24 04:00:00,광양항세방,,0,6,139.08455514258787,34.93,127.71
2022-12-24 04:00:00,구미,,0,6,138.4846998668429,36.13,128.34
2022-12-24 04:00:00,삼천포,,0,6,138.78877958983398,34.95,128.07
2022-12-24 04:00:00,여수,,0,6,139.07201769782614,34.74,127.74
2022-12-24 04:00:00,영동,,0,6,138.2926425020195,37.18,128.46
2022-12-24 04:00:00,영흥,,0,6,139.86564495726134,37.26,126.46
2022-12-24 04:00:00,예천,,0,6,138.34350803343827,36.65,128.46
2022-12-24 04:00:00,창원,,0,6,138.35620822368946,35.21,128.58
2022-12-24 04:00:00,탑선,,0,6,139.79618728499852,35.24,126.81
2022-12-24 05:00:00,경상대,,0,6,126.50580960856965,35.18,128.1
2022-12-24 05:00:00,고흥만수상,,0,6,127.1087442874709,34.57,127.3
2022-12-24 05:00:00,광양항세방,,0,6,126.80313970268372,34.93,127.71
2022-12-24 05:00:00,구미,,0,6,126.3859129740408,36.13,128.34
2022-12-24 05:00:00,삼천포,,0,6,126.5107855729439,34.95,128.07
2022-12-24 05:00:00,여수,,0,6,126.76256067459506,34.74,127.74
2022-12-24 05:00:00,영동,,0,6,126.36056464088769,37.18,128.46
2022-12-24 05:00:00,영흥,,0,6,127.95513837296522,37.26,126.46
2022-12-24 05:00:00,예천,,0,6,126.32633269501815,36.65,128.46
2022-12-24 05:00:00,창원,,0,6,126.11756143237974,35.21,128.58
2022-12-24 05:00:00,탑선,,0,6,127.56125083610992,35.24,126.81
2022-12-24 06:00:00,경상대,,0,6,114.3969984857031,35.18,128.1
2022-12-24 06:00:00,고흥만수상,,0,6,114.90807950166058,34.57,127.3
2022-12-24 06:00:00,광양항세방,,0,6,114.65546164368163,34.93,127.71
2022-12-24 06:00:00,구미,,0,6,114.40761848756108,36.13,128.34
2022-12-24 06:00:00,삼천포,,0,6,114.3715067979276,34.95,128.07
2022-12-24 06:00:00,여수,,0,6,114.59078278396025,34.74,127.74
2022-12-24 06:00:00,영동,,0,6,114.52948141519093,37.18,128.46
2022-12-24 06:00:00,영흥,,0,6,116.10758186601728,37.26,126.46
2022-12-24 06:00:00,예천,,0,6,114.42118199137093,36.65,128.46
2022-12-24 06:00:00,창원,,0,6,114.02052374155835,35.21,128.58
2022-12-24 06:00:00,탑선,,0,6,115.44028063786371,35.24,126.81
2022-12-24 07:00:00,경상대,,0,6,102.63120069303665,35.18,128.1
2022-12-24 07:00:00,고흥만수상,,0,6,103.04255373829436,34.57,127.3
2022-12-24 07:00:00,광양항세방,,0,6,102.84670307160386,34.93,127.71
2022-12-24 07:00:00,구미,,0,6,102.77064462171624,36.13,128.34
2022-12-24 07:00:00,삼천포,,0,6,102.57591722365567,34.95,128.07
2022-12-24 07:00:00,여수,,0,6,102.75921441794667,34.74,127.74
2022-12-24 07:00:00,영동,,0,6,103.0348162727344,37.18,128.46
2022-12-24 07:00:00,영흥,,0,6,104.5657870971501,37.26,126.46
2022-12-24 07:00:00,예천,,0,6,102.85594630977255,36.65,128.46
2022-12-24 07:00:00,창원,,0,6,102.27293961247342,35.21,128.58
2022-12-24 07:00:00,탑선,,0,6,103.64439449915135,35.24,126.81
2022-12-24 08:00:00,경상대,,0,6,91.432254875608,35.18,128.1
2022-12-24 08:00:00,고흥만수상,,0,6,91.72914953508682,34.57,127.3
2022-12-24 08:00:00,광양항세방,,0,6,91.59770965625171,34.93,127.71
2022-12-24 08:00:00,구미,,0,6,91.70638785522723,36.13,128.34
2022-12-24 08:00:00,삼천포,,0,6,91.34612134604423,34.95,128.07
2022-12-24 08:00:00,여수,,0,6,91.48742733616923,34.74,127.74
2022-12-24 08:00:00,영동,,0,6,92.11597354175744,37.18,128.46
2022-12-24 08:00:00,영흥,,0,6,93.56526388945599,37.26,126.46
2022-12-24 08:00:00,예천,,0,6,91.86614008564162,36.65,128.46
2022-12-24 08:00:00,창원,,0,6,91.10036127175242,35.21,128.58
2022-12-24 08:00:00,탑선,,0,6,92.3941136444916,35.24,126.81
2022-12-24 09:00:00,경상대,203.05,2,6,81.09523642518981,35.18,128.1
2022-12-24 09:00:00,고흥만수상,193.35000000000002,2,6,81.25586578054863,34.57,127.3
2022-12-24 09:00:00,광양항세방,172.15,2,6,81.2002776965889,34.93,127.71
2022-12-24 09:00:00,구미,184.2,2,6,81.51432133049322,36.13,128.34
2022-12-24 09:00:00,삼천포,218.05,2,6,80.9762851692884,34.95,128.07
2022-12-24 09:00:00,여수,196.8,2,6,81.06679657634537,34.74,127.74
2022-12-24 09:00:00,영동,169.6,1,6,82.07621791387294,37.18,128.46
2022-12-24 09:00:00,영흥,,0,6,83.39820803996035,37.26,126.46
2022-12-24 09:00:00,예천,159.4,1,6,81.75349870879741,36.65,128.46
2022-12-24 09:00:00,창원,198.75,2,6,80.8010433304466,35.21,128.58
2022-12-24 09:00:00,탑선,129.5,1,6,81.9766628666079,35.24,126.81
2022-12-24 10:00:00,경상대,297.94,5,5,72.03455367087358,35.18,128.1
2022-12-24 10:00:00,고흥만수상,281.38,5,5,72.03067641696752,34.57,127.3
2022-12-24 10:00:00,광양항세방,259.36,5,5,72.06563897152094,34.93,127.71
2022-12-24 10:00:00,구미,272.6,5,5,72.60886918593336,36.13,128.34
2022-12-24 10:00:00,삼천포,318.96000000000004,5,5,71.88102057755985,34.95,128.07
2022-12-24 10:00:00,여수,288.71999999999997,5,5,71.90920156506161,34.74,127.74
2022-12-24 10:00:00,영동,235.06,5,5,73.32828545070008,37.18,128.46
2022-12-24 10:00:00,영흥,212.64000000000001,5,5,74.460383700382,37.26,126.46
2022-12-24 10:00:00,예천,214.1,5,5,72.93218631295612,36.65,128.46
2022-12-24 10:00:00,창원,290.0,5,5,71.79386766623223,35.21,128.58
2022-12-24 10:00:00,탑선,136.38000000000002,5,5,72.7943387757996,35.24,126.81
2022-12-24 11:00:00,경상대,420.55,6,6,64.81814741394652,35.18,128.1
2022-12-24 11:00:00,고흥만수상,404.8833333333334,6,6,64.61973899760348,34.57,127.3
2022-12-24 11:00:00,광양항세방,380.6166666666666,6,6,64.76044962885818,34.93,127.71
2022-12-24 11:00:00,구미,381.28333333333336,6,6,65.54942938114024,36.13,128.34
2022-12-24 11:00:00,삼천포,450.8166666666666,6,6,64.63056543247546,34.95,128.07
2022-12-24 11:00:00,여수,407.43333333333334,6,6,64.58371659199108,34.74,127.74
2022-12-24 11:00:00,영동,323.43333333333334,6,6,66.42036558413793,37.18,128.46
2022-12-24 11:00:00,영흥,313.8833333333334,6,6,67.28127268044788,37.26,126.46
2022-12-24 11:00:00,예천,295.6333333333333,6,6,65.95663930168473,36.65,128.46
2022-12-24 11:00:00,창원,409.4166666666667,6,6,64.6513834756781,35.21,128.58
2022-12-24 11:00:00,탑선,153.43333333333334,6,6,65.40101206970823,35.24,126.81
2022-12-24 12:00:00,경상대,486.03333333333336,6,6,60.13434221546884,35.18,128.1
2022-12-24 12:00:00,고흥만수상,490.51666666666665,6,6,59.7224442308923,34.57,127.3
2022-12-24 12:00:00,광양항세방,448.8,6,6,59.97743414199026,34.93,127.71
2022-12-24 12:00:00,구미,438.34999999999997,6,6,61.00237619806222,36.13,128.34
2022-12-24 12:00:00,삼천포,513.6833333333333,6,6,59.91869269969392,34.95,128.07
2022-12-24 12:00:00,여수,471.8999999999999,6,6,59.78776814115086,34.74,127.74
2022-12-24 12:00:00,영동,366.4666666666667,6,6,61.994464058471564,37.18,128.46
2022-12-24 12:00:00,영흥,386.6833333333334,6,6,62.49542666444835,37.26,126.46
2022-12-24 12:00:00,예천,344.51666666666665,6,6,61.48125411630326,36.65,128.46
2022-12-24 12:00:00,창원,470.0,6,6,60.06294639871331,35.21,128.58
2022-12-24 12:00:00,탑선,269.23333333333335,6,6,60.47794853372683,35.24,126.81
2022-12-24 13:00:00,경상대,498.6666666666667,6,6,58.60515153958868,35.18,128.1
2022-12-24 13:00:00,고흥만수상,517.0833333333334,6,6,57.99068739195274,34.57,127.3
2022-12-24 13:00:00,광양항세방,473.61666666666673,6,6,58.351756327072664,34.93,127.71
2022-12-24 13:00:00,구미,446.36666666666673,6,6,59.558255049175685,36.13,128.34
2022-12-24 13:00:00,삼천포,532.1166666666667,6,6,58.3748241243418,34.95,128.07
2022-12-24 13:00:00,여수,488.26666666666665,6,6,58.16193689869395,34.74,127.74
2022-12-24 13:00:00,영동,388.3,6,6,60.60996508689978,37.18,128.46
2022-12-24 13:00:00,영흥,417.18333333333334,6,6,60.68636129157056,37.26,126.46
2022-12-24 13:00:00,예천,371.8500000000001,6,6,60.08006721903839,36.65,128.46
2022-12-24 13:00:00,창원,484.05,6,6,58.64252487574109,35.21,128.58
2022-12-24 13:00:00,탑선,274.5,6,6,58.662820668764326,35.24,126.81
2022-12-24 14:00:00,경상대,488.9666666666667,6,6,60.47370932961787,35.18,128.1
2022-12-24 14:00:00,고흥만수상,507.45,6,6,59.70415507529681,34.57,127.3
2022-12-24 14:00:00,광양항세방,456.81666666666666,6,6,60.1434749312023,34.93,127.71
2022-12-24 14:00:00,구미,445.45000000000005,6,6,61.43971571188021,36.13,128.34
2022-12-24 14:00:00,삼천포,513.2333333333332,6,6,60.24630903730999,34.95,128.07
2022-12-24 14:00:00,여수,480.4666666666667,6,6,59.96803943591223,34.74,127.74
2022-12-24 14:00:00,영동,379.01666666666665,6,6,62.4730627516247,37.18,128.46
2022-12-24 14:00:00,영흥,406.23333333333335,6,6,62.11957951703236,37.26,126.46
2022-12-24 14:00:00,예천,362.78333333333336,6,6,61.96549845673384,36.65,128.46
2022-12-24 14:00:00,창원,477.3500000000001,6,6,60.61634588635505,35.21,128.58
2022-12-24 14:00:00,탑선,295.8333333333333,6,6,60.241255712262216,35.24,126.81
2022-12-24 15:00:00,경상대,431.3999999999999,6,6,65.44587837860153,35.18,128.1
2022-12-24 15:00:00,고흥만수상,450.3666666666666,6,6,64.58597876860915,34.57,127.3
2022-12-24 15:00:00,광양항세방,394.31666666666666,6,6,65.06737955666358,34.93,127.71
2022-12-24 15:00:00,구미,391.11666666666673,6,6,66.36034260688518,36.13,128.34
2022-12-24 15:00:00,삼천포,445.7833333333333,6,6,65.23619777518671,34.95,128.07
2022-12-24 15:00:00,여수,425.84999999999997,6,6,64.91678486095793,34.74,127.74
2022-12-24 15:00:00,영동,338.1333333333334,6,6,67.31006122109486,37.18,128.46
2022-12-24 15:00:00,영흥,357.2,6,6,66.58247762040504,37.26,126.46
2022-12-24 15:00:00,예천,323.95000000000005,6,6,66.85568011468459,36.65,128.46
2022-12-24 15:00:00,창원,421.2166666666667,6,6,65.67511466504189,35.21,128.58
2022-12-24 15:00:00,탑선,292.1333333333334,6,6,64.96315586795974,35.24,126.81
2022-12-24 16:00:00,경상대,320.18333333333334,6,6,72.87932990889054,35.18,128.1
2022-12-24 16:00:00,고흥만수상,337.3666666666666,6,6,71.98535621453834,34.57,127.3
2022-12-24 16:00:00,광양항세방,284.68333333333334,6,6,72.47839807876122,34.93,127.71
2022-12-24 16:00:00,구미,290.00000000000006,6,6,73.70316794115116,36.13,128.34
2022-12-24 16:00:00,삼천포,325.15,6,6,72.69550626170908,34.95,128.07
2022-12-24 16:00:00,여수,317.8666666666667,6,6,72.35685803793986,34.74,127.74
2022-12-24 16:00:00,영동,253.96666666666667,6,6,74.53243466727083,37.18,128.46
2022-12-24 16:00:00,영흥,261.4,6,6,73.51443631662762,37.26,126.46
2022-12-24 16:00:00,예천,244.43333333333337,6,6,74.14719686748677,36.65,128.46
2022-12-24 16:00:00,창원,313.95,6,6,73.17171048052892,35.21,128.58
2022-12-24 16:00:00,탑선,215.76666666666665,6,6,72.20503301045568,35.24,126.81
2022-12-24 17:00:00,경상대,220.65,2,6,82.09255194176696,35.18,128.1
2022-12-24 17:00:00,고흥만수상,222.5666666666667,3,6,81.20248708256096,34.57,127.3
2022-12-24 17:00:00,광양항세방,193.3,2,6,81.68727678029852,34.93,127.71
2022-12-24 17:00:00,구미,198.65,2,6,82.80925260484486,36.13,128.34
2022-12-24 17:00:00,삼천포,220.25,2,6,81.93728739028573,34.95,128.07
2022-12-24 17:00:00,여수,207.83333333333334,3,6,81.59471520420915,34.74,127.74
2022-12-24 17:00:00,영동,186.5,1,6,83.5047575533718,37.18,128.46
2022-12-24 17:00:00,영흥,178.3,2,6,82.27580688585022,37.26,126.46
2022-12-24 17:00:00,예천,166.75,2,6,83.1930943170576,36.65,128.46
2022-12-24 17:00:00,창원,115.15,2,6,82.42781365377077,35.21,128.58
2022-12-24 17:00:00,탑선,155.0666666666667,3,6,81.28090446546658,35.24,126.81
2022-12-24 18:00:00,경상대,,0,6,92.5334384188482,35.18,128.1
2022-12-24 18:00:00,고흥만수상,,0,6,91.67031969906175,34.57,127.3
2022-12-24 18:00:00,광양항세방,,0,6,92.13520031271659,34.93,127.71
2022-12-24 18:00:00,구미,,0,6,93.1386085790553,36.13,128.34
2022-12-24 18:00:00,삼천포,,0,6,92.40676951707529,34.95,128.07
2022-12-24 18:00:00,여수,,0,6,92.06987772055571,34.74,127.74
2022-12-24 18:00:00,영동,,0,6,93.69886671240963,37.18,128.46
2022-12-24 18:00:00,영흥,,0,6,92.32142000071472,37.26,126.46
2022-12-24 18:00:00,예천,,0,6,93.45981977951259,36.65,128.46
2022-12-24 18:00:00,창원,,0,6,92.89665630003209,35.21,128.58
2022-12-24 18:00:00,탑선,,0,6,91.62586419844862,35.24,126.81
2022-12-24 19:00:00,경상대,,0,6,103.80167365062833,35.18,128.1
2022-12-24 19:00:00,고흥만수상,,0,6,102.9800820595962,34.57,127.3
2022-12-24 19:00:00,광양항세방,,0,6,103.41786320476808,34.93,127.71
2022-12-24 19:00:00,구미,,0,6,104.29451177693701,36.13,128.34
2022-12-24 19:00:00,삼천포,,0,6,103.70302564702544,34.95,128.07
2022-12-24 19:00:00,여수,,0,6,103.37802469761789,34.74,127.74
2022-12-24 19:00:00,영동,,0,6,104.72078787929634,37.18,128.46
2022-12-24 19:00:00,영흥,,0,6,103.2407584365821,37.26,126.46
2022-12-24 19:00:00,예천,,0,6,104.55251022628994,36.65,128.46
2022-12-24 19:00:00,창원,,0,6,104.18233579380896,35.21,128.58
2022-12-24 19:00:00,탑선,,0,6,102.82775622124463,35.24,126.81
2022-12-24 20:00:00,경상대,,0,6,115.61158171582976,35.18,128.1
2022-12-24 20:00:00,고흥만수상,,0,6,114.84321162459305,34.57,127.3
2022-12-24 20:00:00,광양항세방,,0,6,115.24806771924176,34.93,127.71
2022-12-24 20:00:00,구미,,0,6,115.9893389081929,36.13,128.34
2022-12-24 20:00:00,삼천포,,0,6,115.54100796523137,34.95,128.07
2022-12-24 20:00:00,여수,,0,6,115.2327984679505,34.74,127.74
2022-12-24 20:00:00,영동,,0,6,116.27983992157134,37.18,128.46
2022-12-24 20:00:00,영흥,,0,6,114.73166324053278,37.26,126.46
2022-12-24 20:00:00,예천,,0,6,116.18236900300221,36.65,128.46
2022-12-24 20:00:00,창원,,0,6,116.00194834069251,35.21,128.58
2022-12-24 20:00:00,탑선,,0,6,114.5927226668067,35.24,126.81
2022-12-24 21:00:00,경상대,,0,6,127.74361805786566,35.18,128.1
2022-12-24 21:00:00,고흥만수상,,0,6,127.04238079369367,34.57,127.3
2022-12-24 21:00:00,광양항세방,,0,6,127.40706463181482,34.93,127.71
2022-12-24 21:00:00,구미,,0,6,127.99676135059016,36.13,128.34
2022-12-24 21:00:00,삼천포,,0,6,127.7028377864273,34.95,128.07
2022-12-24 21:00:00,여수,,0,6,127.4169496115458,34.74,127.74
2022-12-24 21:00:00,영동,,0,6,128.1415070528604,37.18,128.46
2022-12-24 21:00:00,영흥,,0,6,126.55461597911935,37.26,126.46
2022-12-24 21:00:00,예천,,0,6,128.11917910506628,36.65,128.46
2022-12-24 21:00:00,창원,,0,6,128.13698834780092,35.21,128.58
2022-12-24 21:00:00,탑선,,0,6,126.69709020311785,35.24,126.81
2022-12-24 22:00:00,경상대,,0,6,139.9868340482502,35.18,128.1
2022-12-24 22:00:00,고흥만수상,,0,6,139.3767117432252,34.57,127.3
2022-12-24 22:00:00,광양항세방,,0,6,139.688283015046,34.93,127.71
2022-12-24 22:00:00,구미,,0,6,140.09090940479103,36.13,128.34
2022-12-24 22:00:00,삼천포,,0,6,139.98099928054114,34.95,128.07
2022-12-24 22:00:00,여수,,0,6,139.72656978445343,34.74,127.74
2022-12-24 22:00:00,영동,,0,6,140.0630809593709,37.18,128.46
2022-12-24 22:00:00,영흥,,0,6,138.47215918254156,37.26,126.46
2022-12-24 22:00:00,예천,,0,6,140.12860772958237,36.65,128.46
2022-12-24 22:00:00,창원,,0,6,140.3749992685839,35.21,128.58
2022-12-24 22:00:00,탑선,,0,6,138.93139630226,35.24,126.81
2022-12-24 23:00:00,경상대,,0,6,152.01849776081716,35.18,128.1
2022-12-24 23:00:00,고흥만수상,,0,6,151.55510182545837,34.57,127.3
2022-12-24 23:00:00,광양항세방,,0,6,151.78326446319736,34.93,127.71
2022-12-24 23:00:00,구미,,0,6,151.9125219023564,36.13,128.34
2022-12-24 23:00:00,삼천포,,0,6,152.06097168158342,34.95,128.07
2022-12-24 23:00:00,여수,,0,6,151.85899538459648,34.74,127.74
2022-12-24 23:00:00,영동,,0,6,151.64677239466246,37.18,128.46
2022-12-24 23:00:00,영흥,,0,6,150.12122900615344,37.26,126.46
2022-12-24 23:00:00,예천,,0,6,151.8311621198657,36.65,128.46
2022-12-24 23:00:00,창원,,0,6,152.3843921540585,35.21,128.58
2022-12-24 23:00:00,탑선,,0,6,150.99010071037893,35.24,126.81
2022-12-25 00:00:00,경상대,,0,6,162.89257769018604,35.18,128.1
2022-12-25 00:00:00,고흥만수상,,0,6,162.75037912525482,34.57,127.3
2022-12-25 00:00:00,광양항세방,,0,6,162.80093211353358,34.93,127.71
2022-12-25 00:00:00,구미,,0,6,162.41566641685776,36.13,128.34
2022-12-25 00:00:00,삼천포,,0,6,163.01925756736136,34.95,128.07
2022-12-25 00:00:00,여수,,0,6,162.93710181557032,34.74,127.74
2022-12-25 00:00:00,영동,,0,6,161.75851541763205,37.18,128.46
2022-12-25 00:00:00,영흥,,0,6,160.53850906065992,37.26,126.46
2022-12-25 00:00:00,예천,,0,6,162.13009293278287,36.65,128.46
2022-12-25 00:00:00,창원,,0,6,163.17273005147254,35.21,128.58
2022-12-25 00:00:00,탑선,,0,6,162.0281146361661,35.24,126.81
2022-12-25 01:00:00,경상대,,0,6,168.21359158227207,35.18,128.1
2022-12-25 01:00:00,고흥만수상,,0,6,168.8389587707815,34.57,127.3
2022-12-25 01:00:00,광양항세방,,0,6,168.47614415382162,34.93,127.71
2022-12-25 01:00:00,구미,,0,6,167.25341133812566,36.13,128.34
2022-12-25 01:00:00,삼천포,,0,6,168.44457538259874,34.95,128.07
2022-12-25 01:00:00,여수,,0,6,168.6654225020266,34.74,127.74
2022-12-25 01:00:00,영동,,0,6,166.19929860025917,37.18,128.46
2022-12-25 01:00:00,영흥,,0,6,166.12592790071045,37.26,126.46
2022-12-25 01:00:00,예천,,0,6,166.72787889051045,36.65,128.46
2022-12-25 01:00:00,창원,,0,6,168.15482847178993,35.21,128.58
2022-12-25 01:00:00,탑선,,0,6,168.15824206810572,35.24,126.81
2022-12-25 02:00:00,경상대,,0,6,161.99021934622496,35.18,128.1
2022-12-25 02:00:00,고흥만수상,,0,6,162.88089446779503,34.57,127.3
2022-12-25 02:00:00,광양항세방,,0,6,162.39557649912598,34.93,127.71
2022-12-25 02:00:00,구미,,0,6,161.2573664697257,36.13,128.34
2022-12-25 02:00:00,삼천포,,0,6,162.1462713536012,34.95,128.07
2022-12-25 02:00:00,여수,,0,6,162.4888271626998,34.74,127.74
2022-12-25 02:00:00,영동,,0,6,160.51627603651946,37.18,128.46
2022-12-25 02:00:00,영흥,,0,6,161.63247964143724,37.26,126.46
2022-12-25 02:00:00,예천,,0,6,160.85607484836027,36.65,128.46
2022-12-25 02:00:00,창원,,0,6,161.65574670628877,35.21,128.58
2022-12-25 02:00:00,탑선,,0,6,162.7832249939254,35.24,126.81
2022-12-25 03:00:00,경상대,,0,6,150.91715475900776,35.18,128.1
2022-12-25 03:00:00,고흥만수상,,0,6,151.71159749571487,34.57,127.3
2022-12-25 03:00:00,광양항세방,,0,6,151.29154160148016,34.93,127.71
2022-12-25 03:00:00,구미,,0,6,150.46475814060267,36.13,128.34
2022-12-25 03:00:00,삼천포,,0,6,151.00161898682444,34.95,128.07
2022-12-25 03:00:00,여수,,0,6,151.31782447905474,34.74,127.74
2022-12-25 03:00:00,영동,,0,6,150.0535727241261,37.18,128.46
2022-12-25 03:00:00,영흥,,0,6,151.52626826973096,37.26,126.46
2022-12-25 03:00:00,예천,,0,6,150.21811558553983,36.65,128.46
2022-12-25 03:00:00,창원,,0,6,150.53090821518134,35.21,128.58
2022-12-25 03:00:00,탑선,,0,6,151.91250121889826,35.24,126.81
2022-12-25 04:00:00,경상대,,0,6,138.84269297347,35.18,128.1
2022-12-25 04:00:00,고흥만수상,,0,6,139.53794450156943,34.57,127.3
2022-12-25 04:00:00,광양항세방,,0,6,139.17810101318588,34.93,127.71
2022-12-25 04:00:00,구미,,0,6,138.57610358188714,36.13,128.34
2022-12-25 04:00:00,삼천포,,0,6,138.8823238200515,34.95,128.07
2022-12-25 04:00:00,여수,,0,6,139.16591074487621,34.74,127.74
2022-12-25 04:00:00,영동,,0,6,138.38207194373382,37.18,128.46
2022-12-25 04:00:00,영흥,,0,6,139.95455580807263,37.26,126.46
2022-12-25 04:00:00,예천,,0,6,138.4339491526603,36.65,128.46
2022-12-25 04:00:00,창원,,0,6,138.44932965778466,35.21,128.58
2022-12-25 04:00:00,탑선,,0,6,139.8890604264814,35.24,126.81
2022-12-25 05:00:00,경상대,,0,6,126.59862497178119,35.18,128.1
2022-12-25 05:00:00,고흥만수상,,0,6,127.2025524112937,34.57,127.3
2022-12-25 05:00:00,광양항세방,,0,6,126.89636950725733,34.93,127.71
2022-12-25 05:00:00,구미,,0,6,126.47725855346305,36.13,128.34
2022-12-25 05:00:00,삼천포,,0,6,126.60394841593887,34.95,128.07
2022-12-25 05:00:00,여수,,0,6,126.85607078509763,34.74,127.74
2022-12-25 05:00:00,영동,,0,6,126.4502560727991,37.18,128.46
2022-12-25 05:00:00,영흥,,0,6,128.04482894252365,37.26,126.46
2022-12-25 05:00:00,예천,,0,6,126.4168597438584,36.65,128.46
2022-12-25 05:00:00,창원,,0,6,126.21028184038586,35.21,128.58
2022-12-25 05:00:00,탑선,,0,6,127.6540974234222,35.24,126.81
2022-12-25 06:00:00,경상대,,0,6,114.48703336443725,35.18,128.1
2022-12-25 06:00:00,고흥만수상,,0,6,114.99913745436021,34.57,127.3
2022-12-25 06:00:00,광양항세방,,0,6,114.74593257292544,34.93,127.71
2022-12-25 06:00:00,구미,,0,6,114.49627993315303,36.13,128.34
2022-12-25 06:00:00,삼천포,,0,6,114.4618627080784,34.95,128.07
2022-12-25 06:00:00,여수,,0,6,114.68150434018229,34.74,127.74
2022-12-25 06:00:00,영동,,0,6,114.61662420851809,37.18,128.46
2022-12-25 06:00:00,영흥,,0,6,116.19505979913332,37.26,126.46
2022-12-25 06:00:00,예천,,0,6,114.5090816022136,36.65,128.46
2022-12-25 06:00:00,창원,,0,6,114.11039923410259,35.21,128.58
2022-12-25 06:00:00,탑선,,0,6,115.53054070666703,35.24,126.81
2022-12-25 07:00:00,경상대,,0,6,102.71632020628849,35.18,128.1
2022-12-25 07:00:00,고흥만수상,,0,6,103.12878691399881,34.57,127.3
2022-12-25 07:00:00,광양항세방,,0,6,102.93230504072346,34.93,127.71
2022-12-25 07:00:00,구미,,0,6,102.85439853639892,36.13,128.34
2022-12-25 07:00:00,삼천포,,0,6,102.66135261680054,34.95,128.07
2022-12-25 07:00:00,여수,,0,6,102.84505486010055,34.74,127.74
2022-12-25 07:00:00,영동,,0,6,103.11708929752147,37.18,128.46
2022-12-25 07:00:00,영흥,,0,6,104.64871109479928,37.26,126.46
2022-12-25 07:00:00,예천,,0,6,102.93894676627116,36.65,128.46
2022-12-25 07:00:00,창원,,0,6,102.3578302741141,35.21,128.58
2022-12-25 07:00:00,탑선,,0,6,103.72993041835582,35.24,126.81
2022-12-25 08:00:00,경상대,,0,6,91.50999275154271,35.18,128.1
2022-12-25 08:00:00,고흥만수상,,0,6,91.80815005342939,34.57,127.3
2022-12-25 08:00:00,광양항세방,,0,6,91.67600248163548,34.93,127.71
2022-12-25 08:00:00,구미,,0,6,91.78271608096826,36.13,128.34
2022-12-25 08:00:00,삼천포,,0,6,91.42418162079692,34.95,128.07
2022-12-25 08:00:00,여수,,0,6,91.56595424395782,34.74,127.74
2022-12-25 08:00:00,영동,,0,6,92.19080752903774,37.18,128.46
2022-12-25 08:00:00,영흥,,0,6,93.64112166392349,37.26,126.46
2022-12-25 08:00:00,예천,,0,6,91.94169574572415,36.65,128.46
2022-12-25 08:00:00,창원,,0,6,91.1777813969885,35.21,128.58
2022-12-25 08:00:00,탑선,,0,6,92.47250264016536,35.24,126.81
2022-12-25 09:00:00,경상대,202.05,2,6,81.1623594847075,35.18,128.1
2022-12-25 09:00:00,고흥만수상,200.5,2,6,81.32445480067493,34.57,127.3
2022-12-25 09:00:00,광양항세방,172.4,2,6,81.2680541094136,34.93,127.71
2022-12-25 09:00:00,구미,183.85000000000002,2,6,81.5799735178361,36.13,128.34
2022-12-25 09:00:00,삼천포,217.85,2,6,81.04373991732436,34.95,128.07
2022-12-25 09:00:00,여수,198.45,2,6,81.13480175148932,34.74,127.74
2022-12-25 09:00:00,영동,172.4,1,6,82.1403551612851,37.18,128.46
2022-12-25 09:00:00,영흥,,0,6,83.46385329479278,37.26,126.46
2022-12-25 09:00:00,예천,166.3,1,6,81.81835168885445,36.65,128.46
2022-12-25 09:00:00,창원,90.7,2,6,80.8677289896225,35.21,128.58
2022-12-25 09:00:00,탑선,138.1,1,6,82.04475198919471,35.24,126.81
2022-12-25 10:00:00,경상대,297.1,5,5,72.08672986281184,35.18,128.1
2022-12-25 10:00:00,고흥만수상,299.52,5,5,72.08455088981057,34.57,127.3
2022-12-25 10:00:00,광양항세방,260.53999999999996,5,5,72.11858310094401,34.93,127.71
2022-12-25 10:00:00,구미,272.96,5,5,72.65955401058329,36.13,128.34
2022-12-25 10:00:00,삼천포,318.38,5,5,71.93352621743509,34.95,128.07
2022-12-25 10:00:00,여수,290.65999999999997,5,5,71.9623556599978,34.74,127.74
2022-12-25 10:00:00,영동,236.77999999999997,5,5,73.37749390362117,37.18,128.46
2022-12-25 10:00:00,영흥,205.35999999999999,5,5,74.51172546042856,37.26,126.46
2022-12-25 10:00:00,예천,226.26,5,5,72.982069987041,36.65,128.46
2022-12-25 10:00:00,창원,290.41999999999996,5,5,71.84545077433003,35.21,128.58
2022-12-25 10:00:00,탑선,163.3,5,5,72.84790092937216,35.24,126.81
2022-12-25 11:00:00,경상대,420.65000000000003,6,6,64.84997271243947,35.18,128.1
2022-12-25 11:00:00,고흥만수상,426.43333333333334,6,6,64.65344441433703,34.57,127.3
2022-12-25 11:00:00,광양항세방,382.25,6,6,64.79313913208975,34.93,127.71
2022-12-25 11:00:00,구미,382.6833333333334,6,6,65.57988210962677,36.13,128.34
2022-12-25 11:00:00,삼천포,450.2166666666667,6,6,64.66268290869965,34.95,128.07
2022-12-25 11:00:00,여수,411.34999999999997,6,6,64.61656571358756,34.74,127.74
2022-12-25 11:00:00,영동,333.0833333333333,6,6,66.4495411848198,37.18,128.46
2022-12-25 11:00:00,영흥,314.98333333333335,6,6,67.31330151815921,37.26,126.46
2022-12-25 11:00:00,예천,315.5833333333333,6,6,65.98636616299696,36.65,128.46
2022-12-25 11:00:00,창원,409.2166666666667,6,6,64.6824401544688,35.21,128.58
2022-12-25 11:00:00,탑선,148.91666666666666,6,6,65.43472346364247,35.24,126.81
2022-12-25 12:00:00,경상대,485.98333333333335,6,6,60.140377825920055,35.18,128.1
2022-12-25 12:00:00,고흥만수상,479.55,6,6,59.7303428756852,34.57,127.3
2022-12-25 12:00:00,광양항세방,454.8333333333333,6,6,59.984344159414064,34.93,127.71
2022-12-25 12:00:00,구미,443.1000000000001,6,6,61.00740315881652,36.13,128.34
2022-12-25 12:00:00,삼천포,520.2666666666667,6,6,59.92492455783791,34.95,128.07
2022-12-25 12:00:00,여수,473.05,6,6,59.794742132455504,34.74,127.74
2022-12-25 12:00:00,영동,385.5,6,6,61.998664538099106,37.18,128.46
2022-12-25 12:00:00,영흥,381.5333333333333,6,6,62.5030915301122,37.26,126.46
2022-12-25 12:00:00,예천,367.3333333333333,6,6,61.48576065144286,36.65,128.46
2022-12-25 12:00:00,창원,466.6666666666666,6,6,60.068077951675555,35.21,128.58
2022-12-25 12:00:00,탑선,167.61666666666667,6,6,60.486309736768646,35.24,126.81
2022-12-25 13:00:00,경상대,501.1166666666666,6,6,58.582346813028465,35.18,128.1
2022-12-25 13:00:00,고흥만수상,451.25,6,6,57.96941199920613,34.57,127.3
2022-12-25 13:00:00,광양항세방,478.9333333333334,6,6,58.32969191764683,34.93,127.71
2022-12-25 13:00:00,구미,451.2833333333333,6,6,59.53503185873767,36.13,128.34
2022-12-25 13:00:00,삼천포,539.0833333333334,6,6,58.352069802194265,34.95,128.07
2022-12-25 13:00:00,여수,489.34999999999997,6,6,58.13981205581078,34.74,127.74
2022-12-25 13:00:00,영동,408.18333333333334,6,6,60.58656561417712,37.18,128.46
2022-12-25 13:00:00,영흥,410.95000000000005,6,6,60.66660615324369,37.26,126.46
2022-12-25 13:00:00,예천,394.3,6,6,60.05664403527578,36.65,128.46
2022-12-25 13:00:00,창원,480.0,6,6,58.618807817924264,35.21,128.58
2022-12-25 13:00:00,탑선,229.4,6,6,58.642478028809435,35.24,126.81
2022-12-25 14:00:00,경상대,490.81666666666666,6,6,60.42358449270725,35.18,128.1
2022-12-25 14:00:00,고흥만수상,483.8333333333333,6,6,59.655004522982054,34.57,127.3
2022-12-25 14:00:00,광양항세방,463.2833333333333,6,6,60.09384782751731,34.93,127.71
2022-12-25 14:00:00,구미,449.8333333333333,6,6,61.38976916213343,36.13,128.34
2022-12-25 14:00:00,삼천포,522.5166666666668,6,6,60.19609539643681,34.95,128.07
2022-12-25 14:00:00,여수,482.15000000000003,6,6,59.918249538661826,34.74,127.74
2022-12-25 14:00:00,영동,397.7,6,6,62.4235503815008,37.18,128.46
2022-12-25 14:00:00,영흥,399.95,6,6,62.073318287142996,37.26,126.46
2022-12-25 14:00:00,예천,390.1166666666666,6,6,61.91567039442715,36.65,128.46
2022-12-25 14:00:00,창원,477.40000000000003,6,6,60.56545042058062,35.21,128.58
2022-12-25 14:00:00,탑선,276.26666666666665,6,6,60.19331344691524,35.24,126.81
2022-12-25 15:00:00,경상대,433.54999999999995,6,6,65.37380056369551,35.18,128.1
2022-12-25 15:00:00,고흥만수상,442.46666666666664,6,6,64.51434642550396,34.57,127.3
2022-12-25 15:00:00,광양항세방,399.1666666666667,6,6,64.99555815544377,34.93,127.71
2022-12-25 15:00:00,구미,397.5666666666666,6,6,66.28882924325622,36.13,128.34
2022-12-25 15:00:00,삼천포,451.71666666666664,6,6,65.16394895519034,34.95,128.07
2022-12-25 15:00:00,여수,428.4666666666667,6,6,64.84475491103012,34.74,127.74
2022-12-25 15:00:00,영동,352.1333333333334,6,6,67.23934785056709,37.18,128.46
2022-12-25 15:00:00,영흥,348.9166666666667,6,6,66.51427936658324,37.26,126.46
2022-12-25 15:00:00,예천,346.25,6,6,66.78449031228098,36.65,128.46
2022-12-25 15:00:00,창원,421.59999999999997,6,6,65.60247762657683,35.21,128.58
2022-12-25 15:00:00,탑선,302.2833333333333,6,6,64.89274035857404,35.24,126.81
2022-12-25 16:00:00,경상대,322.9166666666667,6,6,72.79164627228866,35.18,128.1
2022-12-25 16:00:00,고흥만수상,334.8666666666667,6,6,71.89775852363957,34.57,127.3
2022-12-25 16:00:00,광양항세방,288.40000000000003,6,6,72.39079985714204,34.93,127.71
2022-12-25 16:00:00,구미,294.0833333333333,6,6,73.616201856135,36.13,128.34
2022-12-25 16:00:00,삼천포,330.1333333333334,6,6,72.60762650455415,34.95,128.07
2022-12-25 16:00:00,여수,321.8833333333333,6,6,72.26905220391679,34.74,127.74
2022-12-25 16:00:00,영동,262.28333333333336,6,6,74.4463889770849,37.18,128.46
2022-12-25 16:00:00,영흥,256.5666666666667,6,6,73.43016121628602,37.26,126.46
2022-12-25 16:00:00,예천,258.51666666666665,6,6,74.06063573971508,36.65,128.46
2022-12-25 16:00:00,창원,315.93333333333334,6,6,73.08365954594096,35.21,128.58
2022-12-25 16:00:00,탑선,235.48333333333335,6,6,72.11849847257682,35.24,126.81
2022-12-25 17:00:00,경상대,222.95,2,6,81.9945327319835,35.18,128.1
2022-12-25 17:00:00,고흥만수상,221.66666666666666,3,6,81.1043539718543,34.57,127.3
2022-12-25 17:00:00,광양항세방,182.4333333333333,3,6,81.58924303208565,34.93,127.71
2022-12-25 17:00:00,구미,200.95,2,6,82.7119635677482,36.13,128.34
2022-12-25 17:00:00,삼천포,224.05,2,6,81.83907849588593,34.95,128.07
2022-12-25 17:00:00,여수,212.29999999999998,3,6,81.49649572321731,34.74,127.74
2022-12-25 17:00:00,영동,190.2,1,6,83.40837009701765,37.18,128.46
2022-12-25 17:00:00,영흥,175.2,2,6,82.18060473433341,37.26,126.46
2022-12-25 17:00:00,예천,174.7,2,6,83.0962170007764,36.65,128.46
2022-12-25 17:00:00,창원,218.89999999999998,2,6,82.32956669648922,35.21,128.58
2022-12-25 17:00:00,탑선,171.6,3,6,81.1836422057282,35.24,126.81
2022-12-25 18:00:00,경상대,,0,6,92.42880891038884,35.18,128.1
2022-12-25 18:00:00,고흥만수상,,0,6,91.56547575168914,34.57,127.3
2022-12-25 18:00:00,광양항세방,,0,6,92.03050257892988,34.93,127.71
2022-12-25 18:00:00,구미,,0,6,93.03466769198883,36.13,128.34
2022-12-25 18:00:00,삼천포,,0,6,92.30196711638357,34.95,128.07
2022-12-25 18:00:00,여수,,0,6,91.96501951575682,34.74,127.74
2022-12-25 18:00:00,영동,,0,6,93.59576138339092,37.18,128.46
2022-12-25 18:00:00,영흥,,0,6,92.2190880897824,37.26,126.46
2022-12-25 18:00:00,예천,,0,6,93.35626873114184,36.65,128.46
2022-12-25 18:00:00,창원,,0,6,92.79189152518225,35.21,128.58
2022-12-25 18:00:00,탑선,,0,6,91.52172299325275,35.24,126.81
2022-12-25 19:00:00,경상대,,0,6,103.69291229409458,35.18,128.1
2022-12-25 19:00:00,고흥만수상,,0,6,102.87105367483571,34.57,127.3
2022-12-25 19:00:00,광양항세방,,0,6,103.30900356240322,34.93,127.71
2022-12-25 19:00:00,구미,,0,6,104.18639376178874,36.13,128.34
2022-12-25 19:00:00,삼천포,,0,6,103.59410717417136,34.95,128.07
2022-12-25 19:00:00,여수,,0,6,103.26902530650149,34.74,127.74
2022-12-25 19:00:00,영동,,0,6,104.61344464616242,37.18,128.46
2022-12-25 19:00:00,영흥,,0,6,103.13390748550019,37.26,126.46
2022-12-25 19:00:00,예천,,0,6,104.44475892263935,36.65,128.46
2022-12-25 19:00:00,창원,,0,6,104.07349952679833,35.21,128.58
2022-12-25 19:00:00,탑선,,0,6,102.71930486245378,35.24,126.81
2022-12-25 20:00:00,경상대,,0,6,115.50034458998037,35.18,128.1
2022-12-25 20:00:00,고흥만수상,,0,6,114.73166688386348,34.57,127.3
2022-12-25 20:00:00,광양항세방,,0,6,115.13670945455966,34.93,127.71
2022-12-25 20:00:00,구미,,0,6,115.87872611059035,36.13,128.34
2022-12-25 20:00:00,삼천포,,0,6,115.42962225867413,34.95,128.07
2022-12-25 20:00:00,여수,,0,6,115.12131303893085,34.74,127.74
2022-12-25 20:00:00,영동,,0,6,116.16997791501623,37.18,128.46
2022-12-25 20:00:00,영흥,,0,6,114.62209400690844,37.26,126.46
2022-12-25 20:00:00,예천,,0,6,116.0721154424435,36.65,128.46
2022-12-25 20:00:00,창원,,0,6,115.89067807127472,35.21,128.58
2022-12-25 20:00:00,탑선,,0,6,114.48167422365971,35.24,126.81
2022-12-25 21:00:00,경상대,,0,6,127.63111208543225,35.18,128.1
2022-12-25 21:00:00,고흥만수상,,0,6,126.92950361287993,34.57,127.3
2022-12-25 21:00:00,광양항세방,,0,6,127.29440574798102,34.93,127.71
2022-12-25 21:00:00,구미,,0,6,127.8849208576943,36.13,128.34
2022-12-25 21:00:00,삼천포,,0,6,127.59017753170639,34.95,128.07
2022-12-25 21:00:00,여수,,0,6,127.3041637694111,34.74,127.74
2022-12-25 21:00:00,영동,,0,6,128.03046768398,37.18,128.46
2022-12-25 21:00:00,영흥,,0,6,126.44370085632386,37.26,126.46
2022-12-25 21:00:00,예천,,0,6,128.00772575650748,36.65,128.46
2022-12-25 21:00:00,창원,,0,6,128.02448489480153,35.21,128.58
2022-12-25 21:00:00,탑선,,0,6,126.58467904213138,35.24,126.81
2022-12-25 22:00:00,경상대,,0,6,139.87425227184607,35.18,128.1
2022-12-25 22:00:00,고흥만수상,,0,6,139.26360053968853,34.57,127.3
2022-12-25 22:00:00,광양항세방,,0,6,139.57547487748008,34.93,127.71
2022-12-25 22:00:00,구미,,0,6,139.97917608154052,36.13,128.34
2022-12-25 22:00:00,삼천포,,0,6,139.86822568586587,34.95,128.07
2022-12-25 22:00:00,여수,,0,6,139.61361068230474,34.74,127.74
2022-12-25 22:00:00,영동,,0,6,139.9523635648223,37.18,128.46
2022-12-25 22:00:00,영흥,,0,6,138.36133624021545,37.26,126.46
2022-12-25 22:00:00,예천,,0,6,140.01737180243703,36.65,128.46
2022-12-25 22:00:00,창원,,0,6,140.2624713659682,35.21,128.58
2022-12-25 22:00:00,탑선,,0,6,138.81879722567658,35.24,126.81
2022-12-25 23:00:00,경상대,,0,6,151.90825469893656,35.18,128.1
2022-12-25 23:00:00,고흥만수상,,0,6,151.4438115780923,34.57,127.3
2022-12-25 23:00:00,광양항세방,,0,6,151.67255793053215,34.93,127.71
2022-12-25 23:00:00,구미,,0,6,151.80372945664377,36.13,128.34
2022-12-25 23:00:00,삼천포,,0,6,151.9504061521471,34.95,128.07
2022-12-25 23:00:00,여수,,0,6,151.74804907305617,34.74,127.74
2022-12-25 23:00:00,영동,,0,6,151.53965633073057,37.18,128.46
2022-12-25 23:00:00,영흥,,0,6,150.0133550643808,37.26,126.46
2022-12-25 23:00:00,예천,,0,6,151.72321166085777,36.65,128.46
2022-12-25 23:00:00,창원,,0,6,152.27435880998394,35.21,128.58
2022-12-25 23:00:00,탑선,,0,6,150.87952655139654,35.24,126.81
2022-12-26 00:00:00,경상대,,0,6,162.79593875125306,35.18,128.1
2022-12-26 00:00:00,고흥만수상,,0,6,162.65044714264278,34.57,127.3
2022-12-26 00:00:00,광양항세방,,0,6,162.70278805734205,34.93,127.71
2022-12-26 00:00:00,구미,,0,6,162.32238855729707,36.13,128.34
2022-12-26 00:00:00,삼천포,,0,6,162.9218687531632,34.95,128.07
2022-12-26 00:00:00,여수,,0,6,162.83845461860824,34.74,127.74
2022-12-26 00:00:00,영동,,0,6,161.66863099597472,37.18,128.46
2022-12-26 00:00:00,영흥,,0,6,160.44463770218243,37.26,126.46
2022-12-26 00:00:00,예천,,0,6,162.0386398712609,36.65,128.46
2022-12-26 00:00:00,창원,,0,6,163.07718460638023,35.21,128.58
2022-12-26 00:00:00,탑선,,0,6,161.92924022869846,35.24,126.81
2022-12-26 01:00:00,경상대,,0,6,168.19331188538388,35.18,128.1
2022-12-26 01:00:00,고흥만수상,,0,6,168.81220353154043,34.57,127.3
2022-12-26 01:00:00,광양항세방,,0,6,168.45278760380162,34.93,127.71
2022-12-26 01:00:00,구미,,0,6,167.23446268281202,36.13,128.34
2022-12-26 01:00:00,삼천포,,0,6,168.42416481295572,34.95,128.07
2022-12-26 01:00:00,여수,,0,6,168.6423549531367,34.74,127.74
2022-12-26 01:00:00,영동,,0,6,166.18059055736234,37.18,128.46
2022-12-26 01:00:00,영흥,,0,6,166.09396674093944,37.26,126.46
2022-12-26 01:00:00,예천,,0,6,166.70948221956604,36.65,128.46
2022-12-26 01:00:00,창원,,0,6,168.13837723235275,35.21,128.58
2022-12-26 01:00:00,탑선,,0,6,168.12771927848948,35.24,126.81
2022-12-26 02:00:00,경상대,,0,6,162.05364312860416,35.18,128.1
2022-12-26 02:00:00,고흥만수상,,0,6,162.9448574687616,34.57,127.3
2022-12-26 02:00:00,광양항세방,,0,6,162.4590486100932,34.93,127.71
2022-12-26 02:00:00,구미,,0,6,161.31729983576423,36.13,128.34
2022-12-26 02:00:00,삼천포,,0,6,162.21064278201845,34.95,128.07
2022-12-26 02:00:00,여수,,0,6,162.5532480051977,34.74,127.74
2022-12-26 02:00:00,영동,,0,6,160.57215017841042,37.18,128.46
2022-12-26 02:00:00,영흥,,0,6,161.68192424280892,37.26,126.46
2022-12-26 02:00:00,예천,,0,6,160.9141402269887,36.65,128.46
2022-12-26 02:00:00,창원,,0,6,161.72031210674342,35.21,128.58
2022-12-26 02:00:00,탑선,,0,6,162.84262622939264,35.24,126.81
2022-12-26 03:00:00,경상대,,0,6,151.0016550953784,35.18,128.1
2022-12-26 03:00:00,고흥만수상,,0,6,151.79730670083842,34.57,127.3
2022-12-26 03:00:00,광양항세방,,0,6,151.37649513651806,34.93,127.71
2022-12-26 03:00:00,구미,,0,6,150.54674074364448,36.13,128.34
2022-12-26 03:00:00,삼천포,,0,6,151.08674432258596,34.95,128.07
2022-12-26 03:00:00,여수,,0,6,151.40333206643126,34.74,127.74
2022-12-26 03:00:00,영동,,0,6,150.13265243246354,37.18,128.46
2022-12-26 03:00:00,영흥,,0,6,151.60343210580103,37.26,126.46
2022-12-26 03:00:00,예천,,0,6,150.29870782986876,36.65,128.46
2022-12-26 03:00:00,창원,,0,6,150.61562580700442,35.21,128.58
2022-12-26 03:00:00,탑선,,0,6,151.99594954233777,35.24,126.81
2022-12-26 04:00:00,경상대,,0,6,138.9319625341946,35.18,128.1
2022-12-26 04:00:00,고흥만수상,,0,6,139.62834758127596,34.57,127.3
2022-12-26 04:00:00,광양항세방,,0,6,139.26782821729032,34.93,127.71
2022-12-26 04:00:00,구미,,0,6,138.6634756300852,36.13,128.34
2022-12-26 04:00:00,삼천포,,0,6,138.97205034542532,34.95,128.07
2022-12-26 04:00:00,여수,,0,6,139.25602127969884,34.74,127.74
2022-12-26 04:00:00,영동,,0,6,138.4672824267124,37.18,128.46
2022-12-26 04:00:00,영흥,,0,6,140.03919277279272,37.26,126.46
2022-12-26 04:00:00,예천,,0,6,138.5202663060626,36.65,128.46
2022-12-26 04:00:00,창원,,0,6,138.53859155305753,35.21,128.58
2022-12-26 04:00:00,탑선,,0,6,139.97804306069418,35.24,126.81
2022-12-26 05:00:00,경상대,,0,6,126.68759705127047,35.18,128.1
2022-12-26 05:00:00,고흥만수상,,0,6,127.29261639003315,34.57,127.3
2022-12-26 05:00:00,광양항세방,,0,6,126.98579695353226,34.93,127.71
2022-12-26 05:00:00,구미,,0,6,126.56461697314819,36.13,128.34
2022-12-26 05:00:00,삼천포,,0,6,126.69330288906582,34.95,128.07
2022-12-26 05:00:00,여수,,0,6,126.9458071182639,34.74,127.74
2022-12-26 05:00:00,영동,,0,6,126.53580455534282,37.18,128.46
2022-12-26 05:00:00,영흥,,0,6,128.13037178239043,37.26,126.46
2022-12-26 05:00:00,예천,,0,6,126.50332185904509,36.65,128.46
2022-12-26 05:00:00,창원,,0,6,126.29915049166263,35.21,128.58
2022-12-26 05:00:00,탑선,,0,6,127.74310105378635,35.24,126.81
2022-12-26 06:00:00,경상대,,0,6,114.57299729984898,35.18,128.1
2022-12-26 06:00:00,고흥만수상,,0,6,115.0862188528297,34.57,127.3
2022-12-26 06:00:00,광양항세방,,0,6,114.83237238903618,34.93,127.71
2022-12-26 06:00:00,구미,,0,6,114.5807459820556,36.13,128.34
2022-12-26 06:00:00,삼천포,,0,6,114.54817743187421,34.95,128.07
2022-12-26 06:00:00,여수,,0,6,114.76821835243001,34.74,127.74
2022-12-26 06:00:00,영동,,0,6,114.69943844962438,37.18,128.46
2022-12-26 06:00:00,영흥,,0,6,116.27823424134387,37.26,126.46
2022-12-26 06:00:00,예천,,0,6,114.59271853491533,36.65,128.46
2022-12-26 06:00:00,창원,,0,6,114.19618996761383,35.21,128.58
2022-12-26 06:00:00,탑선,,0,6,115.61674830922297,35.24,126.81
2022-12-26 07:00:00,경상대,,0,6,102.79697969589179,35.18,128.1
2022-12-26 07:00:00,고흥만수상,,0,6,103.21065092190696,34.57,127.3
2022-12-26 07:00:00,광양항세방,,0,6,103.01348597329115,34.93,127.71
2022-12-26 07:00:00,구미,,0,6,102.93358269226714,36.13,128.34
2022-12-26 07:00:00,삼천포,,0,6,102.74235389651464,34.95,128.07
2022-12-26 07:00:00,여수,,0,6,102.92649412555899,34.74,127.74
2022-12-26 07:00:00,영동,,0,6,103.19467691988946,37.18,128.46
2022-12-26 07:00:00,영흥,,0,6,104.72699617354701,37.26,126.46
2022-12-26 07:00:00,예천,,0,6,103.01731828493455,36.65,128.46
2022-12-26 07:00:00,창원,,0,6,102.43824314429573,35.21,128.58
2022-12-26 07:00:00,탑선,,0,6,103.81103810571408,35.24,126.81
2022-12-26 08:00:00,경상대,,0,6,91.58275397021832,35.18,128.1
2022-12-26 08:00:00,고흥만수상,,0,6,91.88226150196496,34.57,127.3
2022-12-26 08:00:00,광양항세방,,0,6,91.7493567759229,34.93,127.71
2022-12-26 08:00:00,구미,,0,6,91.85397097831873,36.13,128.34
2022-12-26 08:00:00,삼천포,,0,6,91.49728778562,34.95,128.07
2022-12-26 08:00:00,여수,,0,6,91.63955927809708,34.74,127.74
2022-12-26 08:00:00,영동,,0,6,92.26046825875848,37.18,128.46
2022-12-26 08:00:00,영흥,,0,6,93.71186986447903,37.26,126.46
2022-12-26 08:00:00,예천,,0,6,92.01212618918275,36.65,128.46
2022-12-26 08:00:00,창원,,0,6,91.25020382736786,35.21,128.58
2022-12-26 08:00:00,탑선,,0,6,92.54595786511342,35.24,126.81
2022-12-26 09:00:00,경상대,199.5,2,6,81.223884184192,35.18,128.1
2022-12-26 09:00:00,고흥만수상,200.39999999999998,2,6,81.38752807669516,34.57,127.3
2022-12-26 09:00:00,광양항세방,185.85,2,6,81.33026859862328,34.93,127.71
2022-12-26 09:00:00,구미,199.3,1,6,81.63994493151677,36.13,128.34
2022-12-26 09:00:00,삼천포,213.35,2,6,81.10561526619664,34.95,128.07
2022-12-26 09:00:00,여수,197.1,2,6,81.19725837816065,34.74,127.74
2022-12-26 09:00:00,영동,167.6,1,6,82.19872857749613,37.18,128.46
2022-12-26 09:00:00,영흥,,0,6,83.52381161508391,37.26,126.46
2022-12-26 09:00:00,예천,145.5,1,6,81.87747998005615,36.65,128.46
2022-12-26 09:00:00,창원,194.5,2,6,80.9287928311545,35.21,128.58
2022-12-26 09:00:00,탑선,136.9,1,6,82.10729462301545,35.24,126.81
2022-12-26 10:00:00,경상대,290.82000000000005,5,5,72.1326191281059,35.18,128.1
2022-12-26 10:00:00,고흥만수상,288.0,5,5,72.1322112873008,34.57,127.3
2022-12-26 10:00:00,광양항세방,256.91999999999996,5,5,72.1652728365684,34.93,127.71
2022-12-26 10:00:00,구미,274.4,5,5,72.70388758452592,36.13,128.34
2022-12-26 10:00:00,삼천포,312.52,5,5,71.97975947113946,34.95,128.07
2022-12-26 10:00:00,여수,295.74000000000007,5,5,72.0092649674757,34.74,127.74
2022-12-26 10:00:00,영동,236.12000000000003,5,5,73.42028848615784,37.18,128.46
2022-12-26 10:00:00,영흥,208.9,5,5,74.55673605752848,37.26,126.46
2022-12-26 10:00:00,예천,214.28000000000003,5,5,73.02556849009567,36.65,128.46
2022-12-26 10:00:00,창원,287.84000000000003,5,5,71.89072298820624,35.21,128.58
2022-12-26 10:00:00,탑선,212.93999999999997,5,5,72.89523254840735,35.24,126.81
2022-12-26 11:00:00,경상대,405.68333333333334,6,6,64.87484061955035,35.18,128.1
2022-12-26 11:00:00,고흥만수상,406.73333333333335,6,6,64.68024721227259,34.57,127.3
2022-12-26 11:00:00,광양항세방,369.36666666666673,6,6,64.81889598575742,34.93,127.71
2022-12-26 11:00:00,구미,321.09999999999997,6,6,65.60333601030295,36.13,128.34
2022-12-26 11:00:00,삼천포,391.61666666666673,6,6,64.68785211954193,34.95,128.07
2022-12-26 11:00:00,여수,394.29999999999995,6,6,64.6424876076038,34.74,127.74
2022-12-26 11:00:00,영동,340.78333333333336,6,6,66.47167953740876,37.18,128.46
2022-12-26 11:00:00,영흥,288.8333333333333,6,6,67.33836701510928,37.26,126.46
2022-12-26 11:00:00,예천,351.3,6,6,66.0090726555458,36.65,128.46
2022-12-26 11:00:00,창원,382.31666666666666,6,6,64.70651888370035,35.21,128.58
2022-12-26 11:00:00,탑선,267.05,6,6,65.46152867899855,35.24,126.81
2022-12-26 12:00:00,경상대,458.79999999999995,6,6,60.13895727738502,35.18,128.1
2022-12-26 12:00:00,고흥만수상,466.1666666666667,6,6,59.73081328028894,34.57,127.3
2022-12-26 12:00:00,광양항세방,345.38333333333327,6,6,59.983810678485355,34.93,127.71
2022-12-26 12:00:00,구미,413.2166666666667,6,6,61.004956099696706,36.13,128.34
2022-12-26 12:00:00,삼천포,455.68333333333334,6,6,59.923704067643065,34.95,128.07
2022-12-26 12:00:00,여수,372.1666666666667,6,6,59.794274564211335,34.74,127.74
2022-12-26 12:00:00,영동,368.8999999999999,6,6,61.995375328857406,37.18,128.46
2022-12-26 12:00:00,영흥,322.05,6,6,62.50330970775644,37.26,126.46
2022-12-26 12:00:00,예천,391.5333333333333,6,6,61.48278403327512,36.65,128.46
2022-12-26 12:00:00,창원,439.4166666666667,6,6,60.06574199796293,35.21,128.58
2022-12-26 12:00:00,탑선,329.55,6,6,60.48724515420052,35.24,126.81
2022-12-26 13:00:00,경상대,422.2833333333333,6,6,58.55194075246108,35.18,128.1
2022-12-26 13:00:00,고흥만수상,448.90000000000003,6,6,57.940535310012464,34.57,127.3
2022-12-26 13:00:00,광양항세방,350.06666666666666,6,6,58.300025772237234,34.93,127.71
2022-12-26 13:00:00,구미,414.8666666666666,6,6,59.50420338572292,36.13,128.34
2022-12-26 13:00:00,삼천포,356.40000000000003,6,6,58.32171526426215,34.95,128.07
2022-12-26 13:00:00,여수,380.3,6,6,58.11008664790339,34.74,127.74
2022-12-26 13:00:00,영동,355.65000000000003,6,6,60.55555587262975,37.18,128.46
2022-12-26 13:00:00,영흥,353.26666666666665,6,6,60.639233212869016,37.26,126.46
2022-12-26 13:00:00,예천,385.56666666666666,6,6,60.02561341258442,36.65,128.46
2022-12-26 13:00:00,창원,427.98333333333335,6,6,58.58749185707621,35.21,128.58
2022-12-26 13:00:00,탑선,324.4166666666667,6,6,58.614529038504394,35.24,126.81
2022-12-26 14:00:00,경상대,428.8333333333333,6,6,60.36614873670278,35.18,128.1
2022-12-26 14:00:00,고흥만수상,450.26666666666665,6,6,59.59852702438751,34.57,127.3
2022-12-26 14:00:00,광양항세방,430.4166666666667,6,6,60.03690124003647,34.93,127.71
2022-12-26 14:00:00,구미,444.40000000000003,6,6,61.33250397240502,36.13,128.34
2022-12-26 14:00:00,삼천포,415.8833333333334,6,6,60.13857361781547,34.95,128.07
2022-12-26 14:00:00,여수,490.03333333333336,6,6,59.861144166879754,34.74,127.74
2022-12-26 14:00:00,영동,386.53333333333336,6,6,62.36670633950753,37.18,128.46
2022-12-26 14:00:00,영흥,413.95,6,6,62.019666111952574,37.26,126.46
2022-12-26 14:00:00,예천,356.8,6,6,61.85851909399009,36.65,128.46
2022-12-26 14:00:00,창원,439.2666666666667,6,6,60.50725927221339,35.21,128.58
2022-12-26 14:00:00,탑선,381.3500000000001,6,6,60.13801881934548,35.24,126.81
2022-12-26 15:00:00,경상대,387.7666666666667,6,6,65.29503819450821,35.18,128.1
2022-12-26 15:00:00,고흥만수상,418.38333333333327,6,6,64.43601412819999,34.57,127.3
2022-12-26 15:00:00,광양항세방,384.3166666666666,6,6,64.91704295835035,34.93,127.71
2022-12-26 15:00:00,구미,364.6666666666667,6,6,66.21060601015753,36.13,128.34
2022-12-26 15:00:00,삼천포,433.55,6,6,65.08502312458002,34.95,128.07
2022-12-26 15:00:00,여수,423.28333333333336,6,6,64.76604000507517,34.74,127.74
2022-12-26 15:00:00,영동,338.36666666666673,6,6,67.16189031272467,37.18,128.46
2022-12-26 15:00:00,영흥,340.2833333333333,6,6,66.43924442132564,37.26,126.46
2022-12-26 15:00:00,예천,331.20000000000005,6,6,66.70657636716219,36.65,128.46
2022-12-26 15:00:00,창원,406.0833333333333,6,6,65.52317820076308,35.21,128.58
2022-12-26 15:00:00,탑선,349.68333333333334,6,6,64.8155760142711,35.24,126.81
2022-12-26 16:00:00,경상대,309.54999999999995,6,6,72.69804894223512,35.18,128.1
2022-12-26 16:00:00,고흥만수상,323.3,6,6,71.80424324196215,34.57,127.3
2022-12-26 16:00:00,광양항세방,278.99999999999994,6,6,72.29728319894922,34.93,127.71
2022-12-26 16:00:00,구미,293.9166666666667,6,6,73.52327521225321,36.13,128.34
2022-12-26 16:00:00,삼천포,316.23333333333335,6,6,72.51384595615995,34.95,128.07
2022-12-26 16:00:00,여수,295.1666666666667,6,6,72.17534142702124,34.74,127.74
2022-12-26 16:00:00,영동,248.78333333333333,6,6,74.35432438605365,37.18,128.46
2022-12-26 16:00:00,영흥,249.89999999999998,6,6,73.33976413298522,37.26,126.46
2022-12-26 16:00:00,예천,263.49999999999994,6,6,73.96808805392543,36.65,128.46
2022-12-26 16:00:00,창원,308.5,6,6,72.9897180300147,35.21,128.58
2022-12-26 16:00:00,탑선,242.33333333333334,6,6,72.02597928200976,35.24,126.81
2022-12-26 17:00:00,경상대,211.15,2,6,81.8913616540187,35.18,128.1
2022-12-26 17:00:00,고흥만수상,219.13333333333335,3,6,81.0010803572729,34.57,127.3
2022-12-26 17:00:00,광양항세방,174.80000000000004,3,6,81.48605917234183,34.93,127.71
2022-12-26 17:00:00,구미,201.10000000000002,2,6,82.60945611083122,36.13,128.34
2022-12-26 17:00:00,삼천포,215.6,2,6,81.73573528759424,34.95,128.07
2022-12-26 17:00:00,여수,213.5,3,6,81.39314326114423,34.74,127.74
2022-12-26 17:00:00,영동,172.0,1,6,83.3066846641736,37.18,128.46
2022-12-26 17:00:00,영흥,176.1,2,6,82.08000642230482,37.26,126.46
2022-12-26 17:00:00,예천,179.45,2,6,82.99408453740932,36.65,128.46
2022-12-26 17:00:00,창원,192.95,2,6,82.22618841923182,35.21,128.58
2022-12-26 17:00:00,탑선,167.53333333333333,3,6,81.08116083151619,35.24,126.81
2022-12-26 18:00:00,경상대,,0,6,92.31970046623336,35.18,128.1
2022-12-26 18:00:00,고흥만수상,,0,6,91.4561800162014,34.57,127.3
2022-12-26 18:00:00,광양항세방,,0,6,91.92133459547809,34.93,127.71
2022-12-26 18:00:00,구미,,0,6,92.92616404594159,36.13,128.34
2022-12-26 18:00:00,삼천포,,0,6,92.19270728272966,34.95,128.07
2022-12-26 18:00:00,여수,,0,6,91.85571104828685,34.74,127.74
2022-12-26 18:00:00,영동,,0,6,93.48799550665215,37.18,128.46
2022-12-26 18:00:00,영흥,,0,6,92.11201002808393,37.26,126.46
2022-12-26 18:00:00,예천,,0,6,93.24810875795497,36.65,128.46
2022-12-26 18:00:00,창원,,0,6,92.68266432508707,35.21,128.58
2022-12-26 18:00:00,탑선,,0,6,91.41304401583582,35.24,126.81
2022-12-26 19:00:00,경상대,,0,6,103.58022349650827,35.18,128.1
2022-12-26 19:00:00,고흥만수상,,0,6,102.75814130619882,34.57,127.3
2022-12-26 19:00:00,광양항세방,,0,6,103.19623240996394,34.93,127.71
2022-12-26 19:00:00,구미,,0,6,104.07424762239506,36.13,128.34
2022-12-26 19:00:00,삼천포,,0,6,103.48128656794967,34.95,128.07
2022-12-26 19:00:00,여수,,0,6,103.15613704585326,34.74,127.74
2022-12-26 19:00:00,영동,,0,6,104.50195792556556,37.18,128.46
2022-12-26 19:00:00,영흥,,0,6,103.02284368302303,37.26,126.46
2022-12-26 19:00:00,예천,,0,6,104.33292411643653,36.65,128.46
2022-12-26 19:00:00,창원,,0,6,103.96074766782472,35.21,128.58
2022-12-26 19:00:00,탑선,,0,6,102.60687750369708,35.24,126.81
2022-12-26 20:00:00,경상대,,0,6,115.38559188317649,35.18,128.1
2022-12-26 20:00:00,고흥만수상,,0,6,114.61666879043366,34.57,127.3
2022-12-26 20:00:00,광양항세방,,0,6,115.02185989586077,34.93,127.71
2022-12-26 20:00:00,구미,,0,6,115.7644775822307,36.13,128.34
2022-12-26 20:00:00,삼천포,,0,6,115.3147506879574,34.95,128.07
2022-12-26 20:00:00,여수,,0,6,115.00636203118046,34.74,127.74
2022-12-26 20:00:00,영동,,0,6,116.05634470816977,37.18,128.46
2022-12-26 20:00:00,영흥,,0,6,114.50870380648834,37.26,126.46
2022-12-26 20:00:00,예천,,0,6,115.95816018278222,36.65,128.46
2022-12-26 20:00:00,창원,,0,6,115.7758986821668,35.21,128.58
2022-12-26 20:00:00,탑선,,0,6,114.36707347494635,35.24,126.81
2022-12-26 21:00:00,경상대,,0,6,127.51533128996388,35.18,128.1
2022-12-26 21:00:00,고흥만수상,,0,6,126.81343896775428,34.57,127.3
2022-12-26 21:00:00,광양항세방,,0,6,127.1785075163059,34.93,127.71
2022-12-26 21:00:00,구미,,0,6,127.76965916076894,36.13,128.34
2022-12-26 21:00:00,삼천포,,0,6,127.47427816494682,34.95,128.07
2022-12-26 21:00:00,여수,,0,6,127.18816850496655,34.74,127.74
2022-12-26 21:00:00,영동,,0,6,127.91584494247826,37.18,128.46
2022-12-26 21:00:00,영흥,,0,6,126.32917910617482,37.26,126.46
2022-12-26 21:00:00,예천,,0,6,127.89277109736119,36.65,128.46
2022-12-26 21:00:00,창원,,0,6,127.90870592214873,35.21,128.58
2022-12-26 21:00:00,탑선,,0,6,126.46897179532723,35.24,126.81
2022-12-26 22:00:00,경상대,,0,6,139.7583818724026,35.18,128.1
2022-12-26 22:00:00,고흥만수상,,0,6,139.14732760903803,34.57,127.3
2022-12-26 22:00:00,광양항세방,,0,6,139.45943127114674,34.93,127.71
2022-12-26 22:00:00,구미,,0,6,139.86396812136078,36.13,128.34
2022-12-26 22:00:00,삼천포,,0,6,139.75220830019958,34.95,128.07
2022-12-26 22:00:00,여수,,0,6,139.4974523727173,34.74,127.74
2022-12-26 22:00:00,영동,,0,6,139.83797040712653,37.18,128.46
2022-12-26 22:00:00,영흥,,0,6,138.24685861340672,37.26,126.46
2022-12-26 22:00:00,예천,,0,6,139.90256016252272,36.65,128.46
2022-12-26 22:00:00,창원,,0,6,140.14664226635588,35.21,128.58
2022-12-26 22:00:00,탑선,,0,6,138.70291400033358,35.24,126.81
2022-12-26 23:00:00,경상대,,0,6,151.79421189707665,35.18,128.1
2022-12-26 23:00:00,고흥만수상,,0,6,151.32892159914348,34.57,127.3
2022-12-26 23:00:00,광양항세방,,0,6,151.55813790515117,34.93,127.71
2022-12-26 23:00:00,구미,,0,6,151.6908886330561,36.13,128.34
2022-12-26 23:00:00,삼천포,,0,6,151.83610023020123,34.95,128.07
2022-12-26 23:00:00,여수,,0,6,151.63343502888665,34.74,127.74
2022-12-26 23:00:00,영동,,0,6,151.42823524004467,37.18,128.46
2022-12-26 23:00:00,영흥,,0,6,149.90129193452964,37.26,126.46
2022-12-26 23:00:00,예천,,0,6,151.6110802481358,36.65,128.46
2022-12-26 23:00:00,창원,,0,6,152.1604873735793,35.21,128.58
2022-12-26 23:00:00,탑선,,0,6,150.76521510020427,35.24,126.81
2022-12-27 00:00:00,경상대,,0,6,162.69369775988673,35.18,128.1
2022-12-27 00:00:00,고흥만수상,,0,6,162.54524707666206,34.57,127.3
2022-12-27 00:00:00,광양항세방,,0,6,162.59919016364603,34.93,127.71
2022-12-27 00:00:00,구미,,0,6,162.22321251374984,36.13,128.34
2022-12-27 00:00:00,삼천포,,0,6,162.8189486268069,34.95,128.07
2022-12-27 00:00:00,여수,,0,6,162.73440289856617,34.74,127.74
2022-12-27 00:00:00,영동,,0,6,161.57258400645117,37.18,128.46
2022-12-27 00:00:00,영흥,,0,6,160.34494314000966,37.26,126.46
2022-12-27 00:00:00,예천,,0,6,161.9411417652703,36.65,128.46
2022-12-27 00:00:00,창원,,0,6,162.97593092278953,35.21,128.58
2022-12-27 00:00:00,탑선,,0,6,161.8249946604093,35.24,126.81
2022-12-27 01:00:00,경상대,,0,6,168.1641813331071,35.18,128.1
2022-12-27 01:00:00,고흥만수상,,0,6,168.77658121354722,34.57,127.3
2022-12-27 01:00:00,광양항세방,,0,6,168.4205722956998,34.93,127.71
2022-12-27 01:00:00,구미,,0,6,167.20674363558913,36.13,128.34
2022-12-27 01:00:00,삼천포,,0,6,168.39488138864144,34.95,128.07
2022-12-27 01:00:00,여수,,0,6,168.6104075980591,34.74,127.74
2022-12-27 01:00:00,영동,,0,6,166.15319219673557,37.18,128.46
2022-12-27 01:00:00,영흥,,0,6,166.05342013861815,37.26,126.46
2022-12-27 01:00:00,예천,,0,6,166.6823554185989,36.65,128.46
2022-12-27 01:00:00,창원,,0,6,168.11306891865925,35.21,128.58
2022-12-27 01:00:00,탑선,,0,6,168.08843683533115,35.24,126.81
2022-12-27 02:00:00,경상대,,0,6,162.11082989334096,35.18,128.1
2022-12-27 02:00:00,고흥만수상,,0,6,163.0025847127346,34.57,127.3
2022-12-27 02:00:00,광양항세방,,0,6,162.51627263718746,34.93,127.71
2022-12-27 02:00:00,구미,,0,6,161.37081692550845,36.13,128.34
2022-12-27 02:00:00,삼천포,,0,6,162.26882952147395,34.95,128.07
2022-12-27 02:00:00,여수,,0,6,162.6114753472092,34.74,127.74
2022-12-27 02:00:00,영동,,0,6,160.62141123543677,37.18,128.46
2022-12-27 02:00:00,영흥,,0,6,161.72439942140048,37.26,126.46
2022-12-27 02:00:00,예천,,0,6,160.96569869389043,36.65,128.46
2022-12-27 02:00:00,창원,,0,6,161.77872091634146,35.21,128.58
2022-12-27 02:00:00,탑선,,0,6,162.89552724612219,35.24,126.81
2022-12-27 03:00:00,경상대,,0,6,151.08163938091596,35.18,128.1
2022-12-27 03:00:00,고흥만수상,,0,6,151.87859644549334,34.57,127.3
2022-12-27 03:00:00,광양항세방,,0,6,151.45696777652032,34.93,127.71
2022-12-27 03:00:00,구미,,0,6,150.62400295377847,36.13,128.34
2022-12-27 03:00:00,삼천포,,0,6,151.16740634323395,34.95,128.07
2022-12-27 03:00:00,여수,,0,6,151.48440642742435,34.74,127.74
2022-12-27 03:00:00,영동,,0,6,150.20678805584583,37.18,128.46
2022-12-27 03:00:00,영흥,,0,6,151.67549211690266,37.26,126.46
2022-12-27 03:00:00,예천,,0,6,150.37447138224127,36.65,128.46
2022-12-27 03:00:00,창원,,0,6,150.69584951969983,35.21,128.58
2022-12-27 03:00:00,탑선,,0,6,152.07478314872247,35.24,126.81
2022-12-27 04:00:00,경상대,,0,6,139.0172273384935,35.18,128.1
2022-12-27 04:00:00,고흥만수상,,0,6,139.7148486138702,34.57,127.3
2022-12-27 04:00:00,광양항세방,,0,6,139.3535915326398,34.93,127.71
2022-12-27 04:00:00,구미,,0,6,138.7466729742368,36.13,128.34
2022-12-27 04:00:00,삼천포,,0,6,139.05781427754476,34.95,128.07
2022-12-27 04:00:00,여수,,0,6,139.3422038649541,34.74,127.74
2022-12-27 04:00:00,영동,,0,6,138.5481326493724,37.18,128.46
2022-12-27 04:00:00,영흥,,0,6,140.11941312370777,37.26,126.46
2022-12-27 04:00:00,예천,,0,6,138.60231734191714,36.65,128.46
2022-12-27 04:00:00,창원,,0,6,138.62384978837963,35.21,128.58
2022-12-27 04:00:00,탑선,,0,6,140.06298959822158,35.24,126.81
2022-12-27 05:00:00,경상대,,0,6,126.77259261221275,35.18,128.1
2022-12-27 05:00:00,고흥만수상,,0,6,127.37880176963583,34.57,127.3
2022-12-27 05:00:00,광양항세방,,0,6,127.07128826066203,34.93,127.71
2022-12-27 05:00:00,구미,,0,6,126.64785626937646,36.13,128.34
2022-12-27 05:00:00,삼천포,,0,6,126.77871548163094,34.95,128.07
2022-12-27 05:00:00,여수,,0,6,127.03163570700973,34.74,127.74
2022-12-27 05:00:00,영동,,0,6,126.61707952799975,37.18,128.46
2022-12-27 05:00:00,영흥,,0,6,128.21163509434763,37.26,126.46
2022-12-27 05:00:00,예천,,0,6,126.58558779984105,36.65,128.46
2022-12-27 05:00:00,창원,,0,6,126.38403451440027,35.21,128.58
2022-12-27 05:00:00,탑선,,0,6,127.82812766979261,35.24,126.81
2022-12-27 06:00:00,경상대,,0,6,114.65476736826056,35.18,128.1
2022-12-27 06:00:00,고흥만수상,,0,6,115.1691995684589,34.57,127.3
2022-12-27 06:00:00,광양항세방,,0,6,114.91465762889517,34.93,127.71
2022-12-27 06:00:00,구미,,0,6,114.66089494255183,36.13,128.34
2022-12-27 06:00:00,삼천포,,0,6,114.63032777480882,34.95,128.07
2022-12-27 06:00:00,여수,,0,6,114.85080117409726,34.74,127.74
2022-12-27 06:00:00,영동,,0,6,114.77780377144694,37.18,128.46
2022-12-27 06:00:00,영흥,,0,6,116.35698356060544,37.26,126.46
2022-12-27 06:00:00,예천,,0,6,114.67197178710197,36.65,128.46
2022-12-27 06:00:00,창원,,0,6,114.27777338137479,35.21,128.58
2022-12-27 06:00:00,탑선,,0,6,115.69877970417349,35.24,126.81
2022-12-27 07:00:00,경상대,,0,6,102.87306730043534,35.18,128.1
2022-12-27 07:00:00,고흥만수상,,0,6,103.28803261377537,34.57,127.3
2022-12-27 07:00:00,광양항세방,,0,6,103.09013342981861,34.93,127.71
2022-12-27 07:00:00,구미,,0,6,103.00808648428394,36.13,128.34
2022-12-27 07:00:00,삼천포,,0,6,102.81880892453508,34.95,128.07
2022-12-27 07:00:00,여수,,0,6,103.00341959043052,34.74,127.74
2022-12-27 07:00:00,영동,,0,6,103.26746985221646,37.18,128.46
2022-12-27 07:00:00,영흥,,0,6,104.80053159723921,37.26,126.46
2022-12-27 07:00:00,예천,,0,6,103.09095095493093,36.65,128.46
2022-12-27 07:00:00,창원,,0,6,102.51406676914192,35.21,128.58
2022-12-27 07:00:00,탑선,,0,6,103.8876047697975,35.24,126.81
2022-12-27 08:00:00,경상대,,0,6,91.65043965325016,35.18,128.1
2022-12-27 08:00:00,고흥만수상,,0,6,91.95138358577627,34.57,127.3
2022-12-27 08:00:00,광양항세방,,0,6,91.8176730202334,34.93,127.71
2022-12-27 08:00:00,구미,,0,6,91.92005495668926,36.13,128.34
2022-12-27 08:00:00,삼천포,,0,6,91.5653406801106,34.95,128.07
2022-12-27 08:00:00,여수,,0,6,91.70814273896589,34.74,127.74
2022-12-27 08:00:00,영동,,0,6,92.3248594538894,37.18,128.46
2022-12-27 08:00:00,영흥,,0,6,93.77741045717832,37.26,126.46
2022-12-27 08:00:00,예천,,0,6,92.077334529298,36.65,128.46
2022-12-27 08:00:00,창원,,0,6,91.31753016888786,35.21,128.58
2022-12-27 08:00:00,탑선,,0,6,92.61437930916868,35.24,126.81
2022-12-27 09:00:00,경상대,199.45,2,6,81.27972744847898,35.18,128.1
2022-12-27 09:00:00,고흥만수상,196.39999999999998,2,6,81.44500097689698,34.57,127.3
2022-12-27 09:00:00,광양항세방,168.65,2,6,81.38683737888182,34.93,127.71
2022-12-27 09:00:00,구미,196.9,1,6,81.69415377767385,36.13,128.34
2022-12-27 09:00:00,삼천포,212.5,2,6,81.16182786445631,34.95,128.07
2022-12-27 09:00:00,여수,195.55,2,6,81.25408250581778,34.74,127.74
2022-12-27 09:00:00,영동,153.7,1,6,82.25125763158873,37.18,128.46
2022-12-27 09:00:00,영흥,,0,6,83.57800030660026,37.26,126.46
2022-12-27 09:00:00,예천,174.9,1,6,81.93080248143566,36.65,128.46
2022-12-27 09:00:00,창원,194.0,2,6,80.9841523644616,35.21,128.58
2022-12-27 09:00:00,탑선,153.5,1,6,82.16420628756356,35.24,126.81
2022-12-27 10:00:00,경상대,296.0,5,5,72.17215757813419,35.18,128.1
2022-12-27 10:00:00,고흥만수상,242.67999999999998,5,5,72.1735920664391,34.57,127.3
2022-12-27 10:00:00,광양항세방,256.44,5,5,72.20564352629907,34.93,127.71
2022-12-27 10:00:00,구미,222.66,5,5,72.7418072083031,36.13,128.34
2022-12-27 10:00:00,삼천포,313.36,5,5,72.01965620113785,34.95,128.07
2022-12-27 10:00:00,여수,289.64,5,5,72.04986470470874,34.74,127.74
2022-12-27 10:00:00,영동,228.54000000000002,5,5,73.45660761746274,37.18,128.46
2022-12-27 10:00:00,영흥,207.68,5,5,74.595351302107,37.26,126.46
2022-12-27 10:00:00,예천,241.88000000000002,5,5,73.06261975856191,36.65,128.46
2022-12-27 10:00:00,창원,289.17999999999995,5,5,71.92962110972749,35.21,128.58
2022-12-27 10:00:00,탑선,213.48000000000002,5,5,72.93626803299821,35.24,126.81
2022-12-27 11:00:00,경상대,419.71666666666664,6,6,64.89270964475172,35.18,128.1
2022-12-27 11:00:00,고흥만수상,426.5666666666666,6,6,64.70010424800518,34.57,127.3
2022-12-27 11:00:00,광양항세방,377.7166666666667,6,6,64.83767792576842,34.93,127.71
2022-12-27 11:00:00,구미,383.15000000000003,6,6,65.61975058028979,36.13,128.34
2022-12-27 11:00:00,삼천포,444.2833333333333,6,6,64.70603137898706,34.95,128.07
2022-12-27 11:00:00,여수,410.71666666666664,6,6,64.66143993333961,34.74,127.74
2022-12-27 11:00:00,영동,322.01666666666665,6,6,66.48674100410355,37.18,128.46
2022-12-27 11:00:00,영흥,319.35,6,6,67.356426545652,37.26,126.46
2022-12-27 11:00:00,예천,342.75,6,6,66.02471879805978,36.65,128.46
2022-12-27 11:00:00,창원,408.8833333333334,6,6,64.72357894528005,35.21,128.58
2022-12-27 11:00:00,탑선,302.09999999999997,6,6,65.48138425230582,35.24,126.81
2022-12-27 12:00:00,경상대,486.45,6,6,60.130063640260204,35.18,128.1
2022-12-27 12:00:00,고흥만수상,496.88333333333344,6,6,59.723836965728054,34.57,127.3
2022-12-27 12:00:00,광양항세방,450.59999999999997,6,6,59.97581603251872,34.93,127.71
2022-12-27 12:00:00,구미,442.33333333333326,6,6,60.99501881016848,36.13,128.34
2022-12-27 12:00:00,삼천포,516.1666666666666,6,6,59.915014171686465,34.95,128.07
2022-12-27 12:00:00,여수,473.90000000000003,6,6,59.78634775461633,34.74,127.74
2022-12-27 12:00:00,영동,391.34999999999997,6,6,61.98458077190839,37.18,128.46
2022-12-27 12:00:00,영흥,386.65000000000003,6,6,62.49606231899563,37.26,126.46
2022-12-27 12:00:00,예천,398.06666666666666,6,6,61.47230842394411,36.65,128.46
2022-12-27 12:00:00,창원,468.2,6,6,60.055922419696614,35.21,128.58
2022-12-27 12:00:00,탑선,352.0333333333333,6,6,60.48073572853022,35.24,126.81
2022-12-27 13:00:00,경상대,500.54999999999995,6,6,58.513942019159344,35.18,128.1
2022-12-27 13:00:00,고흥만수상,516.9666666666667,6,6,57.90406458488749,34.57,127.3
2022-12-27 13:00:00,광양항세방,473.2,6,6,58.26276587340273,34.93,127.71
2022-12-27 13:00:00,구미,448.84999999999997,6,6,59.46577872417282,36.13,128.34
2022-12-27 13:00:00,삼천포,536.2,6,6,58.28376911389003,34.95,128.07
2022-12-27 13:00:00,여수,489.59999999999997,6,6,58.07276870253512,34.74,127.74
2022-12-27 13:00:00,영동,411.6499999999999,6,6,60.51694517904052,37.18,128.46
2022-12-27 13:00:00,영흥,413.09999999999997,6,6,60.604248447625366,37.26,126.46
2022-12-27 13:00:00,예천,418.51666666666665,6,6,59.98698465823648,36.65,128.46
2022-12-27 13:00:00,창원,482.75000000000006,6,6,58.54858647983342,35.21,128.58
2022-12-27 13:00:00,탑선,369.1666666666667,6,6,58.57898014835066,35.24,126.81
2022-12-27 14:00:00,경상대,492.56666666666666,6,6,60.30143666862356,35.18,128.1
2022-12-27 14:00:00,고흥만수상,507.4833333333333,6,6,59.53475600923693,34.57,127.3
2022-12-27 14:00:00,광양항세방,453.6833333333334,6,6,59.97266919003018,34.93,127.71
2022-12-27 14:00:00,구미,445.45,6,6,61.26795483420986,36.13,128.34
2022-12-27 14:00:00,삼천포,519.7833333333334,6,6,60.07377833423922,34.95,128.07
2022-12-27 14:00:00,여수,478.2333333333333,6,6,59.79675745534014,34.74,127.74
2022-12-27 14:00:00,영동,400.1333333333334,6,6,62.30256515463022,37.18,128.46
2022-12-27 14:00:00,영흥,391.81666666666666,6,6,61.95865417585587,37.26,126.46
2022-12-27 14:00:00,예천,415.45,6,6,61.79407926858857,36.65,128.46
2022-12-27 14:00:00,창원,474.23333333333335,6,6,60.44180785797326,35.21,128.58
2022-12-27 14:00:00,탑선,375.93333333333334,6,6,60.075404209312254,35.24,126.81
2022-12-27 15:00:00,경상대,435.68333333333334,6,6,65.2096506343052,35.18,128.1
2022-12-27 15:00:00,고흥만수상,451.15000000000003,6,6,64.35104041805582,34.57,127.3
2022-12-27 15:00:00,광양항세방,388.25,6,6,64.83189289844633,34.93,127.71
2022-12-27 15:00:00,구미,394.0333333333333,6,6,66.125731961462,36.13,128.34
2022-12-27 15:00:00,삼천포,454.54999999999995,6,6,64.99947976401172,34.95,128.07
2022-12-27 15:00:00,여수,425.13333333333327,6,6,64.68069925721935,34.74,127.74
2022-12-27 15:00:00,영동,352.1166666666666,6,6,67.0777470911044,37.18,128.46
2022-12-27 15:00:00,영흥,333.1,6,6,66.35742818086659,37.26,126.46
2022-12-27 15:00:00,예천,364.75,6,6,66.62199714290973,36.65,128.46
2022-12-27 15:00:00,창원,418.1333333333334,6,6,65.43727647213672,35.21,128.58
2022-12-27 15:00:00,탑선,341.46666666666664,6,6,64.73172014238973,35.24,126.81
2022-12-27 16:00:00,경상대,324.3,6,6,72.5986184757599,35.18,128.1
2022-12-27 16:00:00,고흥만수상,338.7666666666666,6,6,71.70489049666547,34.57,127.3
2022-12-27 16:00:00,광양항세방,279.25,6,6,72.19792840940669,34.93,127.71
2022-12-27 16:00:00,구미,292.8,6,6,73.42446795302403,36.13,128.34
2022-12-27 16:00:00,삼천포,334.4166666666667,6,6,72.41424535654059,34.95,128.07
2022-12-27 16:00:00,여수,318.2166666666667,6,6,72.07580623203235,34.74,127.74
2022-12-27 16:00:00,영동,263.0833333333333,6,6,74.25631997439541,37.18,128.46
2022-12-27 16:00:00,영흥,239.89999999999998,6,6,73.24332158127584,37.26,126.46
2022-12-27 16:00:00,예천,271.55,6,6,73.86963340116037,36.65,128.46
2022-12-27 16:00:00,창원,313.05,6,6,72.88996706015575,35.21,128.58
2022-12-27 16:00:00,탑선,268.55,6,6,71.92755430342032,35.24,126.81
2022-12-27 17:00:00,경상대,224.85000000000002,2,6,81.78313558716542,35.18,128.1
2022-12-27 17:00:00,고흥만수상,225.46666666666667,3,6,80.89276299576461,34.57,127.3
2022-12-27 17:00:00,광양항세방,177.56666666666663,3,6,81.377821974219,34.93,127.71
2022-12-27 17:00:00,구미,94.35,2,6,82.5018263554903,36.13,128.34
2022-12-27 17:00:00,삼천포,213.9,3,6,81.6273548527993,34.95,128.07
2022-12-27 17:00:00,여수,131.13333333333333,3,6,81.2847548136274,34.74,127.74
2022-12-27 17:00:00,영동,188.9,1,6,83.19979639365111,37.18,128.46
2022-12-27 17:00:00,영흥,172.5,2,6,81.9741051301877,37.26,126.46
2022-12-27 17:00:00,예천,184.5,2,6,82.88679261884043,36.65,128.46
2022-12-27 17:00:00,창원,218.8,2,6,82.11777611239215,35.21,128.58
2022-12-27 17:00:00,탑선,186.63333333333335,3,6,80.97355594930869,35.24,126.81
2022-12-27 18:00:00,경상대,,0,6,92.20622162832929,35.18,128.1
2022-12-27 18:00:00,고흥만수상,,0,6,91.3425411007406,34.57,127.3
2022-12-27 18:00:00,광양항세방,,0,6,91.80780489247503,34.93,127.71
2022-12-27 18:00:00,구미,,0,6,92.81320541341415,36.13,128.34
2022-12-27 18:00:00,삼천포,,0,6,92.07909875989206,34.95,128.07
2022-12-27 18:00:00,여수,,0,6,91.74206104999729,34.74,127.74
2022-12-27 18:00:00,영동,,0,6,93.37567588915164,37.18,128.46
2022-12-27 18:00:00,영흥,,0,6,92.00029120660926,37.26,126.46
2022-12-27 18:00:00,예천,,0,6,93.13544719647582,36.65,128.46
2022-12-27 18:00:00,창원,,0,6,92.56908352065679,35.21,128.58
2022-12-27 18:00:00,탑선,,0,6,91.29993490395267,35.24,126.81
2022-12-27 19:00:00,경상대,,0,6,103.46372373467752,35.18,128.1
2022-12-27 19:00:00,고흥만수상,,0,6,102.64146158310007,34.57,127.3
2022-12-27 19:00:00,광양항세방,,0,6,103.07966626084163,34.93,127.71
2022-12-27 19:00:00,구미,,0,6,103.95818913974801,36.13,128.34
2022-12-27 19:00:00,삼천포,,0,6,103.36468048178536,34.95,128.07
2022-12-27 19:00:00,여수,,0,6,103.03947659804221,34.74,127.74
2022-12-27 19:00:00,영동,,0,6,104.38644263215383,37.18,128.46
2022-12-27 19:00:00,영흥,,0,6,102.907680948798,37.26,126.46
2022-12-27 19:00:00,예천,,0,6,104.21712119116542,36.65,128.46
2022-12-27 19:00:00,창원,,0,6,103.84419687634886,35.21,128.58
2022-12-27 19:00:00,탑선,,0,6,102.49059000070399,35.24,126.81
2022-12-27 20:00:00,경상대,,0,6,115.26744533162702,35.18,128.1
2022-12-27 20:00:00,고흥만수상,,0,6,114.49833923558204,34.57,127.3
2022-12-27 20:00:00,광양항세방,,0,6,114.9036408259038,34.93,127.71
2022-12-27 20:00:00,구미,,0,6,115.64671449536121,36.13,128.34
2022-12-27 20:00:00,삼천포,,0,6,115.19651512800726,34.95,128.07
2022-12-27 20:00:00,여수,,0,6,114.88806735678483,34.74,127.74
2022-12-27 20:00:00,영동,,0,6,115.93906075633846,37.18,128.46
2022-12-27 20:00:00,영흥,,0,6,114.39161239063614,37.26,126.46
2022-12-27 20:00:00,예천,,0,6,115.84062406673834,36.65,128.46
2022-12-27 20:00:00,창원,,0,6,115.6577320302701,35.21,128.58
2022-12-27 20:00:00,탑선,,0,6,114.24904173287509,35.24,126.81
2022-12-27 21:00:00,경상대,,0,6,127.39640104293451,35.18,128.1
2022-12-27 21:00:00,고흥만수상,,0,6,126.6943122955391,34.57,127.3
2022-12-27 21:00:00,광양항세방,,0,6,127.05949532277093,34.93,127.71
2022-12-27 21:00:00,구미,,0,6,127.65110125913041,36.13,128.34
2022-12-27 21:00:00,삼천포,,0,6,127.35526514446784,34.95,128.07
2022-12-27 21:00:00,여수,,0,6,127.06908928601268,34.74,127.74
2022-12-27 21:00:00,영동,,0,6,127.79776330224507,37.18,128.46
2022-12-27 21:00:00,영흥,,0,6,126.21117464187734,37.26,126.46
2022-12-27 21:00:00,예천,,0,6,127.77443989266811,36.65,128.46
2022-12-27 21:00:00,창원,,0,6,127.78977689800217,35.21,128.58
2022-12-27 21:00:00,탑선,,0,6,126.35009351381767,35.24,126.81
2022-12-27 22:00:00,경상대,,0,6,139.63935170478268,35.18,128.1
2022-12-27 22:00:00,고흥만수상,,0,6,139.02802162554588,34.57,127.3
2022-12-27 22:00:00,광양항세방,,0,6,139.3402809615854,34.93,127.71
2022-12-27 22:00:00,구미,,0,6,139.74541427876125,36.13,128.34
2022-12-27 22:00:00,삼천포,,0,6,139.6330759923691,34.95,128.07
2022-12-27 22:00:00,여수,,0,6,139.3782236439988,34.74,127.74
2022-12-27 22:00:00,영동,,0,6,139.72002993088122,37.18,128.46
2022-12-27 22:00:00,영흥,,0,6,138.12885407356632,37.26,126.46
2022-12-27 22:00:00,예천,,0,6,139.78430145139436,36.65,128.46
2022-12-27 22:00:00,창원,,0,6,140.02764096685274,35.21,128.58
2022-12-27 22:00:00,탑선,,0,6,138.58387509634582,35.24,126.81
2022-12-27 23:00:00,경상대,,0,6,151.67650528909618,35.18,128.1
2022-12-27 23:00:00,고흥만수상,,0,6,151.21056709177518,34.57,127.3
2022-12-27 23:00:00,광양항세방,,0,6,151.4401399859107,34.93,127.71
2022-12-27 23:00:00,구미,,0,6,151.57413543864064,36.13,128.34
2022-12-27 23:00:00,삼천포,,0,6,151.7181898016096,34.95,128.07
2022-12-27 23:00:00,여수,,0,6,151.51528883723307,34.74,127.74
2022-12-27 23:00:00,영동,,0,6,151.31264468975192,37.18,128.46
2022-12-27 23:00:00,영흥,,0,6,149.78517377833893,37.26,126.46
2022-12-27 23:00:00,예천,,0,6,151.49490376920755,36.65,128.46
2022-12-27 23:00:00,창원,,0,6,152.0429141702994,35.21,128.58
2022-12-27 23:00:00,탑선,,0,6,150.64730131575254,35.24,126.81
2022-12-28 00:00:00,경상대,,0,6,162.58601056683926,35.18,128.1
2022-12-28 00:00:00,고흥만수상,,0,6,162.43493536578308,34.57,127.3
2022-12-28 00:00:00,광양항세방,,0,6,162.49029455926163,34.93,127.71
2022-12-28 00:00:00,구미,,0,6,162.1182902079282,36.13,128.34
2022-12-28 00:00:00,삼천포,,0,6,162.71065386909493,34.95,128.07
2022-12-28 00:00:00,여수,,0,6,162.62510346619607,34.74,127.74
2022-12-28 00:00:00,영동,,0,6,161.47052097179028,37.18,128.46
2022-12-28 00:00:00,영흥,,0,6,160.2395712016674,37.26,126.46
2022-12-28 00:00:00,예천,,0,6,161.83774796913568,36.65,128.46
2022-12-28 00:00:00,창원,,0,6,162.8691254194115,35.21,128.58
2022-12-28 00:00:00,탑선,,0,6,161.7155315345716,35.24,126.81
2022-12-28 01:00:00,경상대,,0,6,168.12621819473367,35.18,128.1
2022-12-28 01:00:00,고흥만수상,,0,6,168.73213324173855,34.57,127.3
2022-12-28 01:00:00,광양항세방,,0,6,168.37952721660326,34.93,127.71
2022-12-28 01:00:00,구미,,0,6,167.17026659449056,36.13,128.34
2022-12-28 01:00:00,삼천포,,0,6,168.35674430033225,34.95,128.07
2022-12-28 01:00:00,여수,,0,6,168.56960901353602,34.74,127.74
2022-12-28 01:00:00,영동,,0,6,166.11711389647556,37.18,128.46
2022-12-28 01:00:00,영흥,,0,6,166.00433625328674,37.26,126.46
2022-12-28 01:00:00,예천,,0,6,166.64650853077018,36.65,128.46
2022-12-28 01:00:00,창원,,0,6,168.07890916810936,35.21,128.58
2022-12-28 01:00:00,탑선,,0,6,168.04044560480565,35.24,126.81
2022-12-28 02:00:00,경상대,,0,6,162.16160399970823,35.18,128.1
2022-12-28 02:00:00,고흥만수상,,0,6,163.05389427158025,34.57,127.3
2022-12-28 02:00:00,광양항세방,,0,6,162.56707045732654,34.93,127.71
2022-12-28 02:00:00,구미,,0,6,161.41775163471516,36.13,128.34
2022-12-28 02:00:00,삼천포,,0,6,162.32065356910812,34.95,128.07
2022-12-28 02:00:00,여수,,0,6,162.66332903443305,34.74,127.74
2022-12-28 02:00:00,영동,,0,6,160.66390346004712,37.18,128.46
2022-12-28 02:00:00,영흥,,0,6,161.75975556519217,37.26,126.46
2022-12-28 02:00:00,예천,,0,6,161.01058922255123,36.65,128.46
2022-12-28 02:00:00,창원,,0,6,161.83079767658182,35.21,128.58
2022-12-28 02:00:00,탑선,,0,6,162.94175415269498,35.24,126.81
2022-12-28 03:00:00,경상대,,0,6,151.1569493681469,35.18,128.1
2022-12-28 03:00:00,고흥만수상,,0,6,151.95530569215708,34.57,127.3
2022-12-28 03:00:00,광양항세방,,0,6,151.53280004971595,34.93,127.71
2022-12-28 03:00:00,구미,,0,6,150.69638959056687,36.13,128.34
2022-12-28 03:00:00,삼천포,,0,6,151.24344613506457,34.95,128.07
2022-12-28 03:00:00,여수,,0,6,151.56088762143065,34.74,127.74
2022-12-28 03:00:00,영동,,0,6,150.27582791854277,37.18,128.46
2022-12-28 03:00:00,영흥,,0,6,151.74229502375402,37.26,126.46
2022-12-28 03:00:00,예천,,0,6,150.44525282450877,36.65,128.46
2022-12-28 03:00:00,창원,,0,6,150.7714218301545,35.21,128.58
2022-12-28 03:00:00,탑선,,0,6,152.14884220304575,35.24,126.81
2022-12-28 04:00:00,경상대,,0,6,139.0983459225923,35.18,128.1
2022-12-28 04:00:00,고흥만수상,,0,6,139.79730450990542,34.57,127.3
2022-12-28 04:00:00,광양항세방,,0,6,139.43524876913946,34.93,127.71
2022-12-28 04:00:00,구미,,0,6,138.82555585055837,36.13,128.34
2022-12-28 04:00:00,삼천포,,0,6,139.13947378794822,34.95,128.07
2022-12-28 04:00:00,여수,,0,6,139.4243160653675,34.74,127.74
2022-12-28 04:00:00,영동,,0,6,138.6244847639268,37.18,128.46
2022-12-28 04:00:00,영흥,,0,6,140.19507749994915,37.26,126.46
2022-12-28 04:00:00,예천,,0,6,138.6799634747992,36.65,128.46
2022-12-28 04:00:00,창원,,0,6,138.70496337939966,35.21,128.58
2022-12-28 04:00:00,탑선,,0,6,140.14375747513014,35.24,126.81
2022-12-28 05:00:00,경상대,,0,6,126.85348250924476,35.18,128.1
2022-12-28 05:00:00,고흥만수상,,0,6,127.46097808524206,34.57,127.3
2022-12-28 05:00:00,광양항세방,,0,6,127.15271369319757,34.93,127.71
2022-12-28 05:00:00,구미,,0,6,126.72684866608182,36.13,128.34
2022-12-28 05:00:00,삼천포,,0,6,126.86005674997845,34.95,128.07
2022-12-28 05:00:00,여수,,0,6,127.11342661392261,34.74,127.74
2022-12-28 05:00:00,영동,,0,6,126.69395471795733,37.18,128.46
2022-12-28 05:00:00,영흥,,0,6,128.28849128117855,37.26,126.46
2022-12-28 05:00:00,예천,,0,6,126.66353056575856,36.65,128.46
2022-12-28 05:00:00,창원,,0,6,126.46480515475989,35.21,128.58
2022-12-28 05:00:00,탑선,,0,6,127.9090472388292,35.24,126.81
2022-12-28 06:00:00,경상대,,0,6,114.73222554321424,35.18,128.1
2022-12-28 06:00:00,고흥만수상,,0,6,115.24796030382618,34.57,127.3
2022-12-28 06:00:00,광양항세방,,0,6,114.99266969714265,34.93,127.71
2022-12-28 06:00:00,구미,,0,6,114.73661007710852,36.13,128.34
2022-12-28 06:00:00,삼천포,,0,6,114.70819542684781,34.95,128.07
2022-12-28 06:00:00,여수,,0,6,114.92913401804074,34.74,127.74
2022-12-28 06:00:00,영동,,0,6,114.85160481704341,37.18,128.46
2022-12-28 06:00:00,영흥,,0,6,116.43119106138062,37.26,126.46
2022-12-28 06:00:00,예천,,0,6,114.74672534078884,36.65,128.46
2022-12-28 06:00:00,창원,,0,6,114.35503183388958,35.21,128.58
2022-12-28 06:00:00,탑선,,0,6,115.77651599453296,35.24,126.81
2022-12-28 07:00:00,경상대,,0,6,102.94447670904941,35.18,128.1
2022-12-28 07:00:00,고흥만수상,,0,6,103.36082435174458,34.57,127.3
2022-12-28 07:00:00,광양항세방,,0,6,103.16214050312993,34.93,127.71
2022-12-28 07:00:00,구미,,0,6,103.07780488571058,36.13,128.34
2022-12-28 07:00:00,삼천포,,0,6,102.89061110716125,34.95,128.07
2022-12-28 07:00:00,여수,,0,6,103.07572415986121,34.74,127.74
2022-12-28 07:00:00,영동,,0,6,103.33536441031283,37.18,128.46
2022-12-28 07:00:00,영흥,,0,6,104.86921217634848,37.26,126.46
2022-12-28 07:00:00,예천,,0,6,103.1597404580796,36.65,128.46
2022-12-28 07:00:00,창원,,0,6,102.58519526133091,35.21,128.58
2022-12-28 07:00:00,탑선,,0,6,103.9595231289381,35.24,126.81
2022-12-28 08:00:00,경상대,,0,6,91.71295694411845,35.18,128.1
2022-12-28 08:00:00,고흥만수상,,0,6,92.01542201592825,34.57,127.3
2022-12-28 08:00:00,광양항세방,,0,6,91.88085771005905,34.93,127.71
2022-12-28 08:00:00,구미,,0,6,91.98087645050802,36.13,128.34
2022-12-28 08:00:00,삼천포,,0,6,91.62824716537024,34.95,128.07
2022-12-28 08:00:00,여수,,0,6,91.77161094199337,34.74,127.74
2022-12-28 08:00:00,영동,,0,6,92.38389086241246,37.18,128.46
2022-12-28 08:00:00,영흥,,0,6,93.8376513988722,37.26,126.46
2022-12-28 08:00:00,예천,,0,6,92.13722990548152,36.65,128.46
2022-12-28 08:00:00,창원,,0,6,91.37966805850684,35.21,128.58
2022-12-28 08:00:00,탑선,,0,6,92.67767295835633,35.24,126.81
2022-12-28 09:00:00,경상대,198.95,2,6,81.32981247104766,35.18,128.1
2022-12-28 09:00:00,고흥만수상,178.95,2,6,81.49679514832445,34.57,127.3
2022-12-28 09:00:00,광양항세방,159.14999999999998,2,6,81.43768293774852,34.93,127.71
2022-12-28 09:00:00,구미,150.6,1,6,81.74252451227568,36.13,128.34
2022-12-28 09:00:00,삼천포,192.65,2,6,81.21230063382389,34.95,128.07
2022-12-28 09:00:00,여수,208.7,2,6,81.30519646058335,34.74,127.74
2022-12-28 09:00:00,영동,141.6,1,6,82.29786802132995,37.18,128.46
2022-12-28 09:00:00,영흥,,0,6,83.62634290218655,37.26,126.46
2022-12-28 09:00:00,예천,147.2,1,6,81.97824433136411,36.65,128.46
2022-12-28 09:00:00,창원,221.10000000000002,2,6,81.0337313674538,35.21,128.58
2022-12-28 09:00:00,탑선,106.8,1,6,82.21540876702878,35.24,126.81
2022-12-28 10:00:00,경상대,276.02,5,5,72.20528751320418,35.18,128.1
2022-12-28 10:00:00,고흥만수상,282.15999999999997,5,5,72.20863391023356,34.57,127.3
2022-12-28 10:00:00,광양항세방,258.84000000000003,5,5,72.23963672372639,34.93,127.71
2022-12-28 10:00:00,구미,242.7,5,5,72.77325633630838,36.13,128.34
2022-12-28 10:00:00,삼천포,275.8,5,5,72.05315846672255,34.95,128.07
2022-12-28 10:00:00,여수,273.12,5,5,72.08409629987366,34.74,127.74
2022-12-28 10:00:00,영동,189.2,5,5,73.48639583581651,37.18,128.46
2022-12-28 10:00:00,영흥,217.73999999999995,5,5,74.62751316713639,37.26,126.46
2022-12-28 10:00:00,예천,214.06000000000003,5,5,73.09316786397626,36.65,128.46
2022-12-28 10:00:00,창원,292.85999999999996,5,5,71.96208811733405,35.21,128.58
2022-12-28 10:00:00,탑선,148.14000000000001,5,5,72.97094799891575,35.24,126.81
2022-12-28 11:00:00,경상대,379.4833333333333,6,6,64.90354400186582,35.18,128.1
2022-12-28 11:00:00,고흥만수상,407.09999999999997,6,6,64.71297814102006,34.57,127.3
2022-12-28 11:00:00,광양항세방,361.1166666666666,6,6,64.84944841955112,34.93,127.71
2022-12-28 11:00:00,구미,330.9166666666667,6,6,65.62909098254136,36.13,128.34
2022-12-28 11:00:00,삼천포,401.84999999999997,6,6,64.71718471342716,34.95,128.07
2022-12-28 11:00:00,여수,409.25,6,6,64.67338608555514,34.74,127.74
2022-12-28 11:00:00,영동,246.64999999999998,6,6,66.49469157914947,37.18,128.46
2022-12-28 11:00:00,영흥,334.95,6,6,67.3674432118987,37.26,126.46
2022-12-28 11:00:00,예천,343.03333333333336,6,6,66.03327025511832,36.65,128.46
2022-12-28 11:00:00,창원,390.88333333333327,6,6,64.73358529962135,35.21,128.58
2022-12-28 11:00:00,탑선,286.93333333333334,6,6,65.49425248787246,35.24,126.81
2022-12-28 12:00:00,경상대,457.56666666666666,6,6,60.11368480849158,35.18,128.1
2022-12-28 12:00:00,고흥만수상,417.78333333333336,6,6,59.70940034003186,34.57,127.3
2022-12-28 12:00:00,광양항세방,402.0833333333333,6,6,59.96034740874527,34.93,127.71
2022-12-28 12:00:00,구미,396.48333333333335,6,6,60.97757987949026,36.13,128.34
2022-12-28 12:00:00,삼천포,509.63333333333327,6,6,59.89884263998132,34.95,128.07
2022-12-28 12:00:00,여수,458.81666666666666,6,6,59.770948875141876,34.74,127.74
2022-12-28 12:00:00,영동,307.65000000000003,6,6,61.96626999350711,37.18,128.46
2022-12-28 12:00:00,영흥,395.75,6,6,62.48133540741159,37.26,126.46
2022-12-28 12:00:00,예천,376.5833333333333,6,6,61.45432277371371,36.65,128.46
2022-12-28 12:00:00,창원,467.3,6,6,60.03860788728616,35.21,128.58
2022-12-28 12:00:00,탑선,259.3833333333333,6,6,60.46676731850277,35.24,126.81
2022-12-28 13:00:00,경상대,493.88333333333327,6,6,58.4683630140844,35.18,128.1
2022-12-28 13:00:00,고흥만수상,493.6499999999999,6,6,57.86001087435536,34.57,127.3
2022-12-28 13:00:00,광양항세방,447.6333333333334,6,6,58.21792396861885,34.93,127.71
2022-12-28 13:00:00,구미,404.5,6,6,59.41977070833725,36.13,128.34
2022-12-28 13:00:00,삼천포,523.1333333333333,6,6,58.23824369189363,34.95,128.07
2022-12-28 13:00:00,여수,482.84999999999997,6,6,58.02787000621752,34.74,127.74
2022-12-28 13:00:00,영동,411.7,6,6,60.47074660228729,37.18,128.46
2022-12-28 13:00:00,영흥,413.73333333333335,6,6,60.56166173593848,37.26,126.46
2022-12-28 13:00:00,예천,411.6833333333334,6,6,59.940770821065854,36.65,128.46
2022-12-28 13:00:00,창원,490.3999999999999,6,6,58.50210487627014,35.21,128.58
2022-12-28 13:00:00,탑선,272.18333333333334,6,6,58.535841648997305,35.24,126.81
2022-12-28 14:00:00,경상대,486.05,6,6,60.22948557311762,35.18,128.1
2022-12-28 14:00:00,고흥만수상,498.1166666666666,6,6,59.463727619612236,34.57,127.3
2022-12-28 14:00:00,광양항세방,442.3500000000001,6,6,59.901188394926514,34.93,127.71
2022-12-28 14:00:00,구미,390.15000000000003,6,6,61.19615913468519,36.13,128.34
2022-12-28 14:00:00,삼천포,505.21666666666664,6,6,60.00174684982909,34.95,128.07
2022-12-28 14:00:00,여수,473.7833333333333,6,6,59.725126225926736,34.74,127.74
2022-12-28 14:00:00,영동,397.4166666666667,6,6,62.231164081779625,37.18,128.46
2022-12-28 14:00:00,영흥,377.26666666666665,6,6,61.890316530890566,37.26,126.46
2022-12-28 14:00:00,예천,421.01666666666665,6,6,61.72238833778955,36.65,128.46
2022-12-28 14:00:00,창원,479.31666666666666,6,6,60.36913423942314,35.21,128.58
2022-12-28 14:00:00,탑선,217.08333333333334,6,6,60.00550476797628,35.24,126.81
2022-12-28 15:00:00,경상대,429.59999999999997,6,6,65.11769892709577,35.18,128.1
2022-12-28 15:00:00,고흥만수상,444.68333333333334,6,6,64.2594855438091,34.57,127.3
2022-12-28 15:00:00,광양항세방,384.0,6,6,64.74016860457326,34.93,127.71
2022-12-28 15:00:00,구미,388.25,6,6,66.03426785946132,36.13,128.34
2022-12-28 15:00:00,삼천포,443.90000000000003,6,6,64.90738002639968,34.95,128.07
2022-12-28 15:00:00,여수,417.98333333333335,6,6,64.58879346670503,34.74,127.74
2022-12-28 15:00:00,영동,353.9666666666667,6,6,66.98697841884693,37.18,128.46
2022-12-28 15:00:00,영흥,346.68333333333334,6,6,66.26888792783794,37.26,126.46
2022-12-28 15:00:00,예천,370.1666666666667,6,6,66.53081322777498,36.65,128.46
2022-12-28 15:00:00,창원,420.7666666666667,6,6,65.34483417486544,35.21,128.58
2022-12-28 15:00:00,탑선,290.8833333333333,6,6,64.64123182113401,35.24,126.81
2022-12-28 16:00:00,경상대,319.06666666666666,6,6,72.4934361041392,35.18,128.1
2022-12-28 16:00:00,고흥만수상,335.28333333333336,6,6,71.5997811100294,34.57,127.3
2022-12-28 16:00:00,광양항세방,279.81666666666666,6,6,72.09281648070474,34.93,127.71
2022-12-28 16:00:00,구미,303.68333333333334,6,6,73.31986073464186,36.13,128.34
2022-12-28 16:00:00,삼천포,325.95,6,6,72.30890610888915,34.95,128.07
2022-12-28 16:00:00,여수,309.55,6,6,71.97052781785851,34.74,127.74
2022-12-28 16:00:00,영동,265.91666666666663,6,6,74.15245558867063,37.18,128.46
2022-12-28 16:00:00,영흥,237.81666666666663,6,6,73.1409109812143,37.26,126.46
2022-12-28 16:00:00,예천,275.1,6,6,73.765352107459,36.65,128.46
2022-12-28 16:00:00,창원,313.8833333333333,6,6,72.78448840659959,35.21,128.58
2022-12-28 16:00:00,탑선,261.65000000000003,6,6,71.8233031681058,35.24,126.81
2022-12-28 17:00:00,경상대,222.95,2,6,81.66995104867524,35.18,128.1
2022-12-28 17:00:00,고흥만수상,224.79999999999998,3,6,80.77949829459936,34.57,127.3
2022-12-28 17:00:00,광양항세방,181.9333333333333,3,6,81.26462785808933,34.93,127.71
2022-12-28 17:00:00,구미,206.85,2,6,82.38917011417941,36.13,128.34
2022-12-28 17:00:00,삼천포,208.6,3,6,81.51403390223797,34.95,128.07
2022-12-28 17:00:00,여수,132.63333333333333,3,6,81.17142700772229,34.74,127.74
2022-12-28 17:00:00,영동,182.65,2,6,83.08780018559764,37.18,128.46
2022-12-28 17:00:00,영흥,175.05,2,6,81.86299394144397,37.26,126.46
2022-12-28 17:00:00,예천,187.75,2,6,82.77443665848317,36.65,128.46
2022-12-28 17:00:00,창원,220.45,2,6,82.00442667289522,35.21,128.58
2022-12-28 17:00:00,탑선,152.26666666666668,3,6,80.8609228982404,35.24,126.81
2022-12-28 18:00:00,경상대,,0,6,92.08847952490213,35.18,128.1
2022-12-28 18:00:00,고흥만수상,,0,6,91.22466620075848,34.57,127.3
2022-12-28 18:00:00,광양항세방,,0,6,91.6900205908617,34.93,127.71
2022-12-28 18:00:00,구미,,0,6,92.69589822381079,36.13,128.34
2022-12-28 18:00:00,삼천포,,0,6,91.9612488591483,34.95,128.07
2022-12-28 18:00:00,여수,,0,6,91.6241768243736,34.74,127.74
2022-12-28 18:00:00,영동,,0,6,93.25890808474647,37.18,128.46
2022-12-28 18:00:00,영흥,,0,6,91.88403590479918,37.26,126.46
2022-12-28 18:00:00,예천,,0,6,93.0183900803603,36.65,128.46
2022-12-28 18:00:00,창원,,0,6,92.45125648847443,35.21,128.58
2022-12-28 18:00:00,탑선,,0,6,91.18250197675114,35.24,126.81
2022-12-28 19:00:00,경상대,,0,6,103.34352703043034,35.18,128.1
2022-12-28 19:00:00,고흥만수상,,0,6,102.52112866766778,34.57,127.3
2022-12-28 19:00:00,광양항세방,,0,6,102.95941917240805,34.93,127.71
2022-12-28 19:00:00,구미,,0,6,103.8383317309165,36.13,128.34
2022-12-28 19:00:00,삼천포,,0,6,103.24440309053921,34.95,128.07
2022-12-28 19:00:00,여수,,0,6,102.91915816635921,34.74,127.74
2022-12-28 19:00:00,영동,,0,6,104.26701142985999,37.18,128.46
2022-12-28 19:00:00,영흥,,0,6,102.78853109174365,37.26,126.46
2022-12-28 19:00:00,예천,,0,6,104.09746321809872,36.65,128.46
2022-12-28 19:00:00,창원,,0,6,103.72396132739301,35.21,128.58
2022-12-28 19:00:00,탑선,,0,6,102.37055584915065,35.24,126.81
2022-12-28 20:00:00,경상대,,0,6,115.146023178769,35.18,128.1
2022-12-28 20:00:00,고흥만수상,,0,6,114.37679658930585,34.57,127.3
2022-12-28 20:00:00,광양항세방,,0,6,114.78217052688443,34.93,127.71
2022-12-28 20:00:00,구미,,0,6,115.5255546471312,36.13,128.34
2022-12-28 20:00:00,삼천포,,0,6,115.075033931149,34.95,128.07
2022-12-28 20:00:00,여수,,0,6,114.76654739913913,34.74,127.74
2022-12-28 20:00:00,영동,,0,6,115.81824328370857,37.18,128.46
2022-12-28 20:00:00,영흥,,0,6,114.27093641898779,37.26,126.46
2022-12-28 20:00:00,예천,,0,6,115.71962462877009,36.65,128.46
2022-12-28 20:00:00,창원,,0,6,115.53629645108973,35.21,128.58
2022-12-28 20:00:00,탑선,,0,6,114.1276969132469,35.24,126.81
2022-12-28 21:00:00,경상대,,0,6,127.2744421622898,35.18,128.1
2022-12-28 21:00:00,고흥만수상,,0,6,126.57224442800432,34.57,127.3
2022-12-28 21:00:00,광양항세방,,0,6,126.93748998234423,34.93,127.71
2022-12-28 21:00:00,구미,,0,6,127.5293677579059,36.13,128.34
2022-12-28 21:00:00,삼천포,,0,6,127.23325933545263,34.95,128.07
2022-12-28 21:00:00,여수,,0,6,126.94704697318596,34.74,127.74
2022-12-28 21:00:00,영동,,0,6,127.67634303573065,37.18,128.46
2022-12-28 21:00:00,영흥,,0,6,126.08980731597288,37.26,126.46
2022-12-28 21:00:00,예천,,0,6,127.6528526039758,36.65,128.46
2022-12-28 21:00:00,창원,,0,6,127.66781870858611,35.21,128.58
2022-12-28 21:00:00,탑선,,0,6,126.22816479676769,35.24,126.81
2022-12-28 22:00:00,경상대,,0,6,139.51728496656108,35.18,128.1
2022-12-28 22:00:00,고흥만수상,,0,6,138.90580550858354,34.57,127.3
2022-12-28 22:00:00,광양항세방,,0,6,139.21814702045805,34.93,127.71
2022-12-28 22:00:00,구미,,0,6,139.62363789230645,36.13,128.34
2022-12-28 22:00:00,삼천포,,0,6,139.5109519151118,34.95,128.07
2022-12-28 22:00:00,여수,,0,6,139.25604753877658,34.74,127.74
2022-12-28 22:00:00,영동,,0,6,139.5986654530191,37.18,128.46
2022-12-28 22:00:00,영흥,,0,6,138.00744540193892,37.26,126.46
2022-12-28 22:00:00,예천,,0,6,139.66271903233545,36.65,128.46
2022-12-28 22:00:00,창원,,0,6,139.90559077968067,35.21,128.58
2022-12-28 22:00:00,탑선,,0,6,138.46180343777758,35.24,126.81
2022-12-28 23:00:00,경상대,,0,6,151.5552640793533,35.18,128.1
2022-12-28 23:00:00,고흥만수상,,0,6,151.0888762923229,34.57,127.3
2022-12-28 23:00:00,광양항세방,,0,6,151.31869294505924,34.93,127.71
2022-12-28 23:00:00,구미,,0,6,151.4535996115269,36.13,128.34
2022-12-28 23:00:00,삼천포,,0,6,151.5968039128172,34.95,128.07
2022-12-28 23:00:00,여수,,0,6,151.3937391646926,34.74,127.74
2022-12-28 23:00:00,영동,,0,6,151.193014509773,37.18,128.46
2022-12-28 23:00:00,영흥,,0,6,149.66512908131273,37.26,126.46
2022-12-28 23:00:00,예천,,0,6,151.37481210334755,36.65,128.46
2022-12-28 23:00:00,창원,,0,6,151.9217687850676,35.21,128.58
2022-12-28 23:00:00,탑선,,0,6,150.52591352994523,35.24,126.81
2022-12-29 00:00:00,경상대,,0,6,162.47302736305016,35.18,128.1
2022-12-29 00:00:00,고흥만수상,,0,6,162.31966177815394,34.57,127.3
2022-12-29 00:00:00,광양항세방,,0,6,162.37625126331844,34.93,127.71
2022-12-29 00:00:00,구미,,0,6,162.00776913045686,36.13,128.34
2022-12-29 00:00:00,삼천포,,0,6,162.597135206402,34.95,128.07
2022-12-29 00:00:00,여수,,0,6,162.51070680238033,34.74,127.74
2022-12-29 00:00:00,영동,,0,6,161.36258518642808,37.18,128.46
2022-12-29 00:00:00,영흥,,0,6,160.12866367772205,37.26,126.46
2022-12-29 00:00:00,예천,,0,6,161.72860404570554,36.65,128.46
2022-12-29 00:00:00,창원,,0,6,162.7569190929471,35.21,128.58
2022-12-29 00:00:00,탑선,,0,6,161.6009984246552,35.24,126.81
2022-12-29 01:00:00,경상대,,0,6,168.07945494738593,35.18,128.1
2022-12-29 01:00:00,고흥만수상,,0,6,168.67891502842994,34.57,127.3
2022-12-29 01:00:00,광양항세방,,0,6,168.32969544891193,34.93,127.71
2022-12-29 01:00:00,구미,,0,6,167.12505730369364,36.13,128.34
2022-12-29 01:00:00,삼천포,,0,6,168.3097872060589,34.95,128.07
2022-12-29 01:00:00,여수,,0,6,168.52000214533956,34.74,127.74
2022-12-29 01:00:00,영동,,0,6,166.07237849004017,37.18,128.46
2022-12-29 01:00:00,영흥,,0,6,165.94677395573018,37.26,126.46
2022-12-29 01:00:00,예천,,0,6,166.60196452204082,36.65,128.46
2022-12-29 01:00:00,창원,,0,6,168.03591819819113,35.21,128.58
2022-12-29 01:00:00,탑선,,0,6,167.983809019187,35.24,126.81
2022-12-29 02:00:00,경상대,,0,6,162.20579526999703,35.18,128.1
2022-12-29 02:00:00,고흥만수상,,0,6,163.09860948507082,34.57,127.3
2022-12-29 02:00:00,광양항세방,,0,6,162.61126936115465,34.93,127.71
2022-12-29 02:00:00,구미,,0,6,161.45794397049826,36.13,128.34
2022-12-29 02:00:00,삼천포,,0,6,162.36594219601372,34.95,128.07
2022-12-29 02:00:00,여수,,0,6,162.70863413786986,34.74,127.74
2022-12-29 02:00:00,영동,,0,6,160.69947785163015,37.18,128.46
2022-12-29 02:00:00,영흥,,0,6,161.78785075853236,37.26,126.46
2022-12-29 02:00:00,예천,,0,6,161.04865720544456,36.65,128.46
2022-12-29 02:00:00,창원,,0,6,161.87637222257214,35.21,128.58
2022-12-29 02:00:00,탑선,,0,6,162.98113919126934,35.24,126.81
2022-12-29 03:00:00,경상대,,0,6,151.22743078318524,35.18,128.1
2022-12-29 03:00:00,고흥만수상,,0,6,152.02727709933026,34.57,127.3
2022-12-29 03:00:00,광양항세방,,0,6,151.60383634430454,34.93,127.71
2022-12-29 03:00:00,구미,,0,6,150.76374981558953,36.13,128.34
2022-12-29 03:00:00,삼천포,,0,6,151.31470866716018,34.95,128.07
2022-12-29 03:00:00,여수,,0,6,151.6326194931407,34.74,127.74
2022-12-29 03:00:00,영동,,0,6,150.33962507099113,37.18,128.46
2022-12-29 03:00:00,영흥,,0,6,151.80369232161632,37.26,126.46
2022-12-29 03:00:00,예천,,0,6,150.5109032738512,36.65,128.46
2022-12-29 03:00:00,창원,,0,6,150.84218921874665,35.21,128.58
2022-12-29 03:00:00,탑선,,0,6,152.21797082624983,35.24,126.81
2022-12-29 04:00:00,경상대,,0,6,139.17518169989214,35.18,128.1
2022-12-29 04:00:00,고흥만수상,,0,6,139.87557689031107,34.57,127.3
2022-12-29 04:00:00,광양항세방,,0,6,139.5126625425828,34.93,127.71
2022-12-29 04:00:00,구미,,0,6,138.8999895621709,36.13,128.34
2022-12-29 04:00:00,삼천포,,0,6,139.21689188054123,34.95,128.07
2022-12-29 04:00:00,여수,,0,6,139.5022202174302,34.74,127.74
2022-12-29 04:00:00,영동,,0,6,138.6962061869987,37.18,128.46
2022-12-29 04:00:00,영흥,,0,6,140.26605173059434,37.26,126.46
2022-12-29 04:00:00,예천,,0,6,138.75307108750414,36.65,128.46
2022-12-29 04:00:00,창원,,0,6,138.78179625372422,35.21,128.58
2022-12-29 04:00:00,탑선,,0,6,140.22020893746796,35.24,126.81
2022-12-29 05:00:00,경상대,,0,6,126.93014338754035,35.18,128.1
2022-12-29 05:00:00,고흥만수상,,0,6,127.53902055415514,34.57,127.3
2022-12-29 05:00:00,광양항세방,,0,6,127.22994925899056,34.93,127.71
2022-12-29 05:00:00,구미,,0,6,126.80147228900032,36.13,128.34
2022-12-29 05:00:00,삼천포,,0,6,126.93720301521921,34.95,128.07
2022-12-29 05:00:00,여수,,0,6,127.19105562626629,34.74,127.74
2022-12-29 05:00:00,영동,,0,6,126.7663098678361,37.18,128.46
2022-12-29 05:00:00,영흥,,0,6,128.3608186793844,37.26,126.46
2022-12-29 05:00:00,예천,,0,6,126.73702911747016,36.65,128.46
2022-12-29 05:00:00,창원,,0,6,126.54133947774925,35.21,128.58
2022-12-29 05:00:00,탑선,,0,6,127.98573545692346,35.24,126.81
2022-12-29 06:00:00,경상대,,0,6,114.80526036225191,35.18,128.1
2022-12-29 06:00:00,고흥만수상,,0,6,115.3223882526293,34.57,127.3
2022-12-29 06:00:00,광양항세방,,0,6,115.06629653019378,34.93,127.71
2022-12-29 06:00:00,구미,,0,6,114.80778127909527,36.13,128.34
2022-12-29 06:00:00,삼천포,,0,6,114.7816686267059,34.95,128.07
2022-12-29 06:00:00,여수,,0,6,115.00310461849344,34.74,127.74
2022-12-29 06:00:00,영동,,0,6,114.92073292656917,37.18,128.46
2022-12-29 06:00:00,영흥,,0,6,116.50074667317965,37.26,126.46
2022-12-29 06:00:00,예천,,0,6,114.81686984426167,36.65,128.46
2022-12-29 06:00:00,창원,,0,6,114.42785427002633,35.21,128.58
2022-12-29 06:00:00,탑선,,0,6,115.84984479508853,35.24,126.81
2022-12-29 07:00:00,경상대,,0,6,103.01110879261071,35.18,128.1
2022-12-29 07:00:00,고흥만수상,,0,6,103.42892563399836,34.57,127.3
2022-12-29 07:00:00,광양항세방,,0,6,103.2294074472908,34.93,127.71
2022-12-29 07:00:00,구미,,0,6,103.14264008671957,36.13,128.34
2022-12-29 07:00:00,삼천포,,0,6,102.95766102460809,34.95,128.07
2022-12-29 07:00:00,여수,,0,6,103.14330789544101,34.74,127.74
2022-12-29 07:00:00,영동,,0,6,103.39826415956853,37.18,128.46
2022-12-29 07:00:00,영흥,,0,6,104.93293991408248,37.26,126.46
2022-12-29 07:00:00,예천,,0,6,103.2235897112935,36.65,128.46
2022-12-29 07:00:00,창원,,0,6,102.65152993186705,35.21,128.58
2022-12-29 07:00:00,탑선,,0,6,104.02669304204707,35.24,126.81
2022-12-29 08:00:00,경상대,,0,6,91.7702206231137,35.18,128.1
2022-12-29 08:00:00,고흥만수상,,0,6,92.07429012053873,34.57,127.3
2022-12-29 08:00:00,광양항세방,,0,6,91.93882496861593,34.93,127.71
2022-12-29 08:00:00,구미,,0,6,92.03635153900359,36.13,128.34
2022-12-29 08:00:00,삼천포,,0,6,91.68592173773149,34.95,128.07
2022-12-29 08:00:00,여수,,0,6,91.82987783001529,34.74,127.74
2022-12-29 08:00:00,영동,,0,6,92.43747988187764,37.18,128.46
2022-12-29 08:00:00,영흥,,0,6,93.89250826142337,37.26,126.46
2022-12-29 08:00:00,예천,,0,6,92.19172910551109,36.65,128.46
2022-12-29 08:00:00,창원,,0,6,91.43653277957556,35.21,128.58
2022-12-29 08:00:00,탑선,,0,6,92.73575240924282,35.24,126.81
2022-12-29 09:00:00,경상대,196.6,2,6,81.37407029833697,35.18,128.1
2022-12-29 09:00:00,고흥만수상,192.55,2,6,81.5428400992438,34.57,127.3
2022-12-29 09:00:00,광양항세방,165.95,2,6,81.48273561926572,34.93,127.71
2022-12-29 09:00:00,구미,192.1,1,6,81.78498942767897,36.13,128.34
2022-12-29 09:00:00,삼천포,208.60000000000002,2,6,81.25696435290638,34.95,128.07
2022-12-29 09:00:00,여수,195.15,2,6,81.35053042832044,34.74,127.74
2022-12-29 09:00:00,영동,171.7,1,6,82.33849326177474,37.18,128.46
2022-12-29 09:00:00,영흥,,0,6,83.66877075090402,37.26,126.46
2022-12-29 09:00:00,예천,180.6,1,6,82.01973849516682,36.65,128.46
2022-12-29 09:00:00,창원,195.1,2,6,81.07746147098533,35.21,128.58
2022-12-29 09:00:00,탑선,161.1,1,6,82.26083169452826,35.24,126.81
2022-12-29 10:00:00,경상대,244.61999999999998,5,5,72.23195897238828,35.18,128.1
2022-12-29 10:00:00,고흥만수상,292.58000000000004,5,5,72.23728527873799,34.57,127.3
2022-12-29 10:00:00,광양항세방,254.92000000000002,5,5,72.26720173858831,34.93,127.71
2022-12-29 10:00:00,구미,268.36,5,5,72.7981861257439,36.13,128.34
2022-12-29 10:00:00,삼천포,307.54,5,5,72.08021607397028,34.95,128.07
2022-12-29 10:00:00,여수,290.12,5,5,72.11190894257044,34.74,127.74
2022-12-29 10:00:00,영동,239.56,5,5,73.50960534649961,37.18,128.46
2022-12-29 10:00:00,영흥,209.5,5,5,74.65317133947421,37.26,126.46
2022-12-29 10:00:00,예천,252.98000000000002,5,5,73.11716456132274,36.65,128.46
2022-12-29 10:00:00,창원,288.96,5,5,71.98807471513754,35.21,128.58
2022-12-29 10:00:00,탑선,223.23999999999995,5,5,72.99922082920233,35.24,126.81
2022-12-29 11:00:00,경상대,415.5,6,6,64.90731508238719,35.18,128.1
2022-12-29 11:00:00,고흥만수상,425.0333333333333,6,6,64.71883875220865,34.57,127.3
2022-12-29 11:00:00,광양항세방,378.56666666666666,6,6,64.85417814182537,34.93,127.71
2022-12-29 11:00:00,구미,379.43333333333334,6,6,65.63132951522813,36.13,128.34
2022-12-29 11:00:00,삼천포,440.03333333333336,6,6,64.72128333578053,34.95,128.07
2022-12-29 11:00:00,여수,410.2,6,6,64.6782966706402,34.74,127.74
2022-12-29 11:00:00,영동,338.45,6,6,66.49550435435576,37.18,128.46
2022-12-29 11:00:00,영흥,325.2,6,6,67.37138731827031,37.26,126.46
2022-12-29 11:00:00,예천,358.1166666666666,6,6,66.0346998043498,36.65,128.46
2022-12-29 11:00:00,창원,409.15000000000003,6,6,64.73651005666997,35.21,128.58
2022-12-29 11:00:00,탑선,324.2,6,6,65.50010293654861,35.24,126.81
2022-12-29 12:00:00,경상대,484.4166666666667,6,6,60.089814842471704,35.18,128.1
2022-12-29 12:00:00,고흥만수상,495.73333333333335,6,6,59.6874960508967,34.57,127.3
2022-12-29 12:00:00,광양항세방,453.7166666666667,6,6,59.93739819581826,34.93,127.71
2022-12-29 12:00:00,구미,440.8166666666666,6,6,60.95263403373644,36.13,128.34
2022-12-29 12:00:00,삼천포,514.0333333333333,6,6,59.875183414031795,34.95,128.07
2022-12-29 12:00:00,여수,472.31666666666666,6,6,59.74807129848315,34.74,127.74
2022-12-29 12:00:00,영동,394.18333333333334,6,6,61.94043823692771,37.18,128.46
2022-12-29 12:00:00,영흥,393.3833333333334,6,6,62.459121288449836,37.26,126.46
2022-12-29 12:00:00,예천,415.06666666666666,6,6,61.42882215488741,36.65,128.46
2022-12-29 12:00:00,창원,470.6333333333334,6,6,60.01379319763107,35.21,128.58
2022-12-29 12:00:00,탑선,373.6333333333334,6,6,60.44533205363122,35.24,126.81
2022-12-29 13:00:00,경상대,499.3833333333334,6,6,58.41522101555633,35.18,128.1
2022-12-29 13:00:00,고흥만수상,516.0166666666667,6,6,57.808390169327424,34.57,127.3
2022-12-29 13:00:00,광양항세방,477.81666666666666,6,6,58.16551671407083,34.93,127.71
2022-12-29 13:00:00,구미,425.3333333333333,6,6,59.36619704567433,36.13,128.34
2022-12-29 13:00:00,삼천포,532.9833333333332,6,6,58.185156214961125,34.95,128.07
2022-12-29 13:00:00,여수,489.0833333333333,6,6,57.97540724801186,34.74,127.74
2022-12-29 13:00:00,영동,418.43333333333334,6,6,60.41697809343482,37.18,128.46
2022-12-29 13:00:00,영흥,421.01666666666665,6,6,60.5114880156715,37.26,126.46
2022-12-29 13:00:00,예천,428.88333333333327,6,6,59.88698982213364,36.65,128.46
2022-12-29 13:00:00,창원,489.01666666666665,6,6,58.44806507034306,35.21,128.58
2022-12-29 13:00:00,탑선,346.23333333333335,6,6,58.48512882775752,35.24,126.81
2022-12-29 14:00:00,경상대,492.0166666666667,6,6,60.150336285248144,35.18,128.1
2022-12-29 14:00:00,고흥만수상,508.2166666666667,6,6,59.38548159453373,34.57,127.3
2022-12-29 14:00:00,광양항세방,463.40000000000003,6,6,59.82249914701132,34.93,127.71
2022-12-29 14:00:00,구미,417.81666666666666,6,6,61.11715782928934,36.13,128.34
2022-12-29 14:00:00,삼천포,518.4833333333333,6,6,59.922520012349246,34.95,128.07
2022-12-29 14:00:00,여수,480.26666666666665,6,6,59.6462908649844,34.74,127.74
2022-12-29 14:00:00,영동,409.4666666666667,6,6,62.15254397698628,37.18,128.46
2022-12-29 14:00:00,영흥,399.5166666666667,6,6,61.81469100615682,37.26,126.46
2022-12-29 14:00:00,예천,420.7166666666667,6,6,61.64348730044766,36.65,128.46
2022-12-29 14:00:00,창원,480.23333333333335,6,6,60.28927998728612,35.21,128.58
2022-12-29 14:00:00,탑선,348.7166666666667,6,6,59.92835931389179,35.24,126.81
2022-12-29 15:00:00,경상대,432.75,6,6,65.01924638832133,35.18,128.1
2022-12-29 15:00:00,고흥만수상,455.9166666666667,6,6,64.16141206036042,34.57,127.3
2022-12-29 15:00:00,광양항세방,398.98333333333335,6,6,64.64193299643142,34.93,127.71
2022-12-29 15:00:00,구미,368.9666666666667,6,6,65.93627677114692,36.13,128.34
2022-12-29 15:00:00,삼천포,450.23333333333335,6,6,64.80878732574703,34.95,128.07
2022-12-29 15:00:00,여수,429.9166666666667,6,6,64.49038571047072,34.74,127.74
2022-12-29 15:00:00,영동,361.98333333333335,6,6,66.88964688363691,37.18,128.46
2022-12-29 15:00:00,영흥,347.1666666666667,6,6,66.1736834711678,37.26,126.46
2022-12-29 15:00:00,예천,366.76666666666665,6,6,66.43308753421748,36.65,128.46
2022-12-29 15:00:00,창원,425.8500000000001,6,6,65.24591527520415,35.21,128.58
2022-12-29 15:00:00,탑선,369.5666666666666,6,6,64.54417251390745,35.24,126.81
2022-12-29 16:00:00,경상대,323.3666666666666,6,6,72.38258407356251,35.18,128.1
2022-12-29 16:00:00,고흥만수상,341.90000000000003,6,6,71.4889969436289,34.57,127.3
2022-12-29 16:00:00,광양항세방,289.56666666666666,6,6,71.98202943503647,34.93,127.71
2022-12-29 16:00:00,구미,299.6166666666666,6,6,73.20953527691671,36.13,128.34
2022-12-29 16:00:00,삼천포,276.4666666666667,6,6,72.19791061731533,34.95,128.07
2022-12-29 16:00:00,여수,327.4166666666667,6,6,71.85958839731236,34.74,127.74
2022-12-29 16:00:00,영동,272.3,6,6,74.0428122061901,37.18,128.46
2022-12-29 16:00:00,영흥,253.51666666666668,6,6,73.03261105390419,37.26,126.46
2022-12-29 16:00:00,예천,272.83333333333337,6,6,73.65532559057395,36.65,128.46
2022-12-29 16:00:00,창원,323.4666666666667,6,6,72.67336481613276,35.21,128.58
2022-12-29 16:00:00,탑선,281.40000000000003,6,6,71.71330663557835,35.24,126.81
2022-12-29 17:00:00,경상대,193.63333333333333,3,6,81.55190432348891,35.18,128.1
2022-12-29 17:00:00,고흥만수상,224.0,3,6,80.66138244053838,34.57,127.3
2022-12-29 17:00:00,광양항세방,183.33333333333334,3,6,81.14657302179427,34.93,127.71
2022-12-29 17:00:00,구미,204.39999999999998,2,6,82.27158303365653,36.13,128.34
2022-12-29 17:00:00,삼천포,212.86666666666667,3,6,81.39586889610196,34.95,128.07
2022-12-29 17:00:00,여수,212.33333333333334,3,6,81.05325622848002,34.74,127.74
2022-12-29 17:00:00,영동,187.25,2,6,82.97079086141007,37.18,128.46
2022-12-29 17:00:00,영흥,171.45,2,6,81.74676602821181,37.26,126.46
2022-12-29 17:00:00,예천,190.45,2,6,82.65711194205674,36.65,128.46
2022-12-29 17:00:00,창원,216.2,2,6,81.88623672852283,35.21,128.58
2022-12-29 17:00:00,탑선,196.69999999999996,3,6,80.74335689701145,35.24,126.81
2022-12-29 18:00:00,경상대,,0,6,91.966579846013,35.18,128.1
2022-12-29 18:00:00,고흥만수상,,0,6,91.10266107079485,34.57,127.3
2022-12-29 18:00:00,광양항세방,,0,6,91.56808737697781,34.93,127.71
2022-12-29 18:00:00,구미,,0,6,92.57434755447898,36.13,128.34
2022-12-29 18:00:00,삼천포,,0,6,91.83926343082622,34.95,128.07
2022-12-29 18:00:00,여수,,0,6,91.50216421728705,34.74,127.74
2022-12-29 18:00:00,영동,,0,6,93.13779640371163,37.18,128.46
2022-12-29 18:00:00,영흥,,0,6,91.76334732007157,37.26,126.46
2022-12-29 18:00:00,예천,,0,6,92.89704214003162,36.65,128.46
2022-12-29 18:00:00,창원,,0,6,92.32928913243843,35.21,128.58
2022-12-29 18:00:00,탑선,,0,6,91.06085022366752,35.24,126.81
2022-12-29 19:00:00,경상대,,0,6,103.21974481206666,35.18,128.1
2022-12-29 19:00:00,고흥만수상,,0,6,102.39725410982948,34.57,127.3
2022-12-29 19:00:00,광양항세방,,0,6,102.83560260525543,34.93,127.71
2022-12-29 19:00:00,구미,,0,6,103.71478632736402,36.13,128.34
2022-12-29 19:00:00,삼천포,,0,6,103.1205659477024,34.95,128.07
2022-12-29 19:00:00,여수,,0,6,102.79529333037785,34.74,127.74
2022-12-29 19:00:00,영동,,0,6,104.14377462991766,37.18,128.46
2022-12-29 19:00:00,영흥,,0,6,102.6655037228847,37.26,126.46
2022-12-29 19:00:00,예천,,0,6,103.9740608439644,36.65,128.46
2022-12-29 19:00:00,창원,,0,6,103.60015257037536,35.21,128.58
2022-12-29 19:00:00,탑선,,0,6,102.24688605604892,35.24,126.81
2022-12-29 20:00:00,경상대,,0,6,115.02143996461632,35.18,128.1
2022-12-29 20:00:00,고흥만수상,,0,6,114.25215548099888,34.57,127.3
2022-12-29 20:00:00,광양항세방,,0,6,114.65756356647417,34.93,127.71
2022-12-29 20:00:00,구미,,0,6,115.4011122670006,36.13,128.34
2022-12-29 20:00:00,삼천포,,0,6,114.95042171198462,34.95,128.07
2022-12-29 20:00:00,여수,,0,6,114.64191679506641,34.74,127.74
2022-12-29 20:00:00,영동,,0,6,115.69400611147488,37.18,128.46
2022-12-29 20:00:00,영흥,,0,6,114.14678929758387,37.26,126.46
2022-12-29 20:00:00,예천,,0,6,115.59527591247738,36.65,128.46
2022-12-29 20:00:00,창원,,0,6,115.41170654664644,35.21,128.58
2022-12-29 20:00:00,탑선,,0,6,114.00315333164849,35.24,126.81
2022-12-29 21:00:00,경상대,,0,6,127.14957067881721,35.18,128.1
2022-12-29 21:00:00,고흥만수상,,0,6,126.44735134683859,34.57,127.3
2022-12-29 21:00:00,광양항세방,,0,6,126.8126075009298,34.93,127.71
2022-12-29 21:00:00,구미,,0,6,127.404574653619,36.13,128.34
2022-12-29 21:00:00,삼천포,,0,6,127.10837677163912,34.95,128.07
2022-12-29 21:00:00,여수,,0,6,126.8221575779526,34.74,127.74
2022-12-29 21:00:00,영동,,0,6,127.551700021179,37.18,128.46
2022-12-29 21:00:00,영흥,,0,6,125.96519273265287,37.26,126.46
2022-12-29 21:00:00,예천,,0,6,127.52812518552878,36.65,128.46
2022-12-29 21:00:00,창원,,0,6,127.54294742433447,35.21,128.58
2022-12-29 21:00:00,탑선,,0,6,126.10330156145773,35.24,126.81
2022-12-29 22:00:00,경상대,,0,6,139.39229896644088,35.18,128.1
2022-12-29 22:00:00,고흥만수상,,0,6,138.78079617739672,34.57,127.3
2022-12-29 22:00:00,광양항세방,,0,6,139.09314658828094,34.93,127.71
2022-12-29 22:00:00,구미,,0,6,139.498756673293,36.13,128.34
2022-12-29 22:00:00,삼천포,,0,6,139.385953268636,34.95,128.07
2022-12-29 22:00:00,여수,,0,6,139.13104111278574,34.74,127.74
2022-12-29 22:00:00,영동,,0,6,139.47399497382125,37.18,128.46
2022-12-29 22:00:00,영흥,,0,6,137.88275020002308,37.26,126.46
2022-12-29 22:00:00,예천,,0,6,139.53793079015895,36.65,128.46
2022-12-29 22:00:00,창원,,0,6,139.78060910182302,35.21,128.58
2022-12-29 22:00:00,탑선,,0,6,138.33681617096335,35.24,126.81
2022-12-29 23:00:00,경상대,,0,6,151.4306105704954,35.18,128.1
2022-12-29 23:00:00,고흥만수상,,0,6,150.963970284229,34.57,127.3
2022-12-29 23:00:00,광양항세방,,0,6,151.19391855013083,34.93,127.71
2022-12-29 23:00:00,구미,,0,6,151.3294044659119,36.13,128.34
2022-12-29 23:00:00,삼천포,,0,6,151.47206459462078,34.95,128.07
2022-12-29 23:00:00,여수,,0,6,151.26890757809554,34.74,127.74
2022-12-29 23:00:00,영동,,0,6,151.0694686566937,37.18,128.46
2022-12-29 23:00:00,영흥,,0,6,149.54128051164727,37.26,126.46
2022-12-29 23:00:00,예천,,0,6,151.25092897607198,36.65,128.46
2022-12-29 23:00:00,창원,,0,6,151.79717389256194,35.21,128.58
2022-12-29 23:00:00,탑선,,0,6,150.4011732712028,35.24,126.81
2022-12-30 00:00:00,경상대,,0,6,162.35489248271924,35.18,128.1
2022-12-30 00:00:00,고흥만수상,,0,6,162.1995692292445,34.57,127.3
2022-12-30 00:00:00,광양항세방,,0,6,162.25720399727203,34.93,127.71
2022-12-30 00:00:00,구미,,0,6,161.89179214823562,36.13,128.34
2022-12-30 00:00:00,삼천포,,0,6,162.47853721372383,34.95,128.07
2022-12-30 00:00:00,여수,,0,6,162.3913568676311,34.74,127.74
2022-12-30 00:00:00,영동,,0,6,161.24891654243106,37.18,128.46
2022-12-30 00:00:00,영흥,,0,6,160.01235817363312,37.26,126.46
2022-12-30 00:00:00,예천,,0,6,161.613851580588,36.65,128.46
2022-12-30 00:00:00,창원,,0,6,162.63945731108987,35.21,128.58
2022-12-30 00:00:00,탑선,,0,6,161.48153669955417,35.24,126.81
2022-12-30 01:00:00,경상대,,0,6,168.02393850706,35.18,128.1
2022-12-30 01:00:00,고흥만수상,,0,6,168.6169959250604,34.57,127.3
2022-12-30 01:00:00,광양항세방,,0,6,168.27113427638807,34.93,127.71
2022-12-30 01:00:00,구미,,0,6,167.07115520467715,36.13,128.34
2022-12-30 01:00:00,삼천포,,0,6,168.25405843468724,34.95,128.07
2022-12-30 01:00:00,여수,,0,6,168.46164440065064,34.74,127.74
2022-12-30 01:00:00,영동,,0,6,166.01902168976125,37.18,128.46
2022-12-30 01:00:00,영흥,,0,6,165.88080294375982,37.26,126.46
2022-12-30 01:00:00,예천,,0,6,166.54875968224303,36.65,128.46
2022-12-30 01:00:00,창원,,0,6,167.9841311650078,35.21,128.58
2022-12-30 01:00:00,탑선,,0,6,167.9186030134603,35.24,126.81
2022-12-30 02:00:00,경상대,,0,6,162.2432405679429,35.18,128.1
2022-12-30 02:00:00,고흥만수상,,0,6,163.1365605954373,34.57,127.3
2022-12-30 02:00:00,광양항세방,,0,6,162.64870365630713,34.93,127.71
2022-12-30 02:00:00,구미,,0,6,161.4912415897751,36.13,128.34
2022-12-30 02:00:00,삼천포,,0,6,162.40452953347594,34.95,128.07
2022-12-30 02:00:00,여수,,0,6,162.74722256137684,34.74,127.74
2022-12-30 02:00:00,영동,,0,6,160.72799365157624,37.18,128.46
2022-12-30 02:00:00,영흥,,0,6,161.80855230778388,37.26,126.46
2022-12-30 02:00:00,예천,,0,6,161.07975596987546,36.65,128.46
2022-12-30 02:00:00,창원,,0,6,161.91528124025643,35.21,128.58
2022-12-30 02:00:00,탑선,,0,6,163.0135223675463,35.24,126.81
2022-12-30 03:00:00,경상대,,0,6,151.29293443055113,35.18,128.1
2022-12-30 03:00:00,고흥만수상,,0,6,152.0943581259054,34.57,127.3
2022-12-30 03:00:00,광양항세방,,0,6,151.66992601415308,34.93,127.71
2022-12-30 03:00:00,구미,,0,6,150.82593825092758,36.13,128.34
2022-12-30 03:00:00,삼천포,,0,6,151.38104389196414,34.95,128.07
2022-12-30 03:00:00,여수,,0,6,151.69945077370664,34.74,127.74
2022-12-30 03:00:00,영동,,0,6,150.39803842174,37.18,128.46
2022-12-30 03:00:00,영흥,,0,6,151.85954144355264,37.26,126.46
2022-12-30 03:00:00,예천,,0,6,150.57127950753713,36.65,128.46
2022-12-30 03:00:00,창원,,0,6,150.9080032676285,35.21,128.58
2022-12-30 03:00:00,탑선,,0,6,152.28201822182263,35.24,126.81
2022-12-30 04:00:00,경상대,,0,6,139.24760389286843,35.18,128.1
2022-12-30 04:00:00,고흥만수상,,0,6,139.94953301279912,34.57,127.3
2022-12-30 04:00:00,광양항세방,,0,6,139.58570120468698,34.93,127.71
2022-12-30 04:00:00,구미,,0,6,138.9698454235872,36.13,128.34
2022-12-30 04:00:00,삼천포,,0,6,139.28993732012066,34.95,128.07
2022-12-30 04:00:00,여수,,0,6,139.57578435629227,34.74,127.74
2022-12-30 04:00:00,영동,,0,6,138.76317055738357,37.18,128.46
2022-12-30 04:00:00,영흥,,0,6,140.3322078050312,37.26,126.46
2022-12-30 04:00:00,예천,,0,6,138.821512681966,36.65,128.46
2022-12-30 04:00:00,창원,,0,6,138.8542181808727,35.21,128.58
2022-12-30 04:00:00,탑선,,0,6,140.2922119809277,35.24,126.81
2022-12-30 05:00:00,경상대,,0,6,127.00245853389016,35.18,128.1
2022-12-30 05:00:00,고흥만수상,,0,6,127.61281092168191,34.57,127.3
2022-12-30 05:00:00,광양항세방,,0,6,127.30287755828412,34.93,127.71
2022-12-30 05:00:00,구미,,0,6,126.87161202624432,36.13,128.34
2022-12-30 05:00:00,삼천포,,0,6,127.01003721186832,34.95,128.07
2022-12-30 05:00:00,여수,,0,6,127.26440510291303,34.74,127.74
2022-12-30 05:00:00,영동,,0,6,126.83403160637465,37.18,128.46
2022-12-30 05:00:00,영흥,,0,6,128.42850243536688,37.26,126.46
2022-12-30 05:00:00,예천,,0,6,126.80596924234852,36.65,128.46
2022-12-30 05:00:00,창원,,0,6,126.61352121772924,35.21,128.58
2022-12-30 05:00:00,탑선,,0,6,128.05807460303362,35.24,126.81
2022-12-30 06:00:00,경상대,,0,6,114.87376771768342,35.18,128.1
2022-12-30 06:00:00,고흥만수상,,0,6,115.39237788593823,34.57,127.3
2022-12-30 06:00:00,광양항세방,,0,6,115.13543338521913,34.93,127.71
2022-12-30 06:00:00,구미,,0,6,114.87430587081978,36.13,128.34
2022-12-30 06:00:00,삼천포,,0,6,114.8506429507857,34.95,128.07
2022-12-30 06:00:00,여수,,0,6,115.0726080184777,34.74,127.74
2022-12-30 06:00:00,영동,,0,6,114.9850869430366,37.18,128.46
2022-12-30 06:00:00,영흥,,0,6,116.56554775869625,37.26,126.46
2022-12-30 06:00:00,예천,,0,6,114.88230341394313,36.65,128.46
2022-12-30 06:00:00,창원,,0,6,114.49613701174846,35.21,128.58
2022-12-30 06:00:00,탑선,,0,6,115.91866102446615,35.24,126.81
2022-12-30 07:00:00,경상대,,0,6,103.07287236237846,35.18,128.1
2022-12-30 07:00:00,고흥만수상,,0,6,103.49224384971632,34.57,127.3
2022-12-30 07:00:00,광양항세방,,0,6,103.2918424347542,34.93,127.71
2022-12-30 07:00:00,구미,,0,6,103.20250225849769,36.13,128.34
2022-12-30 07:00:00,삼천포,,0,6,103.01986718828053,34.95,128.07
2022-12-30 07:00:00,여수,,0,6,103.20607877120824,34.74,127.74
2022-12-30 07:00:00,영동,,0,6,103.45608068481411,37.18,128.46
2022-12-30 07:00:00,영흥,,0,6,104.99162477710524,37.26,126.46
2022-12-30 07:00:00,예천,,0,6,103.2824096335643,36.65,128.46
2022-12-30 07:00:00,창원,,0,6,102.71298004890006,35.21,128.58
2022-12-30 07:00:00,탑선,,0,6,104.08902226763017,35.24,126.81
2022-12-30 08:00:00,경상대,,0,6,91.822153824741,35.18,128.1
2022-12-30 08:00:00,고흥만수상,,0,6,92.12790955913705,34.57,127.3
2022-12-30 08:00:00,광양항세방,,0,6,91.99149726299596,34.93,127.71
2022-12-30 08:00:00,구미,,0,6,92.08640466778283,36.13,128.34
2022-12-30 08:00:00,삼천포,,0,6,91.73828724512958,34.95,128.07
2022-12-30 08:00:00,여수,,0,6,91.88286568857703,34.74,127.74
2022-12-30 08:00:00,영동,,0,6,92.48555228531076,37.18,128.46
2022-12-30 08:00:00,영흥,,0,6,93.94190495760931,37.26,126.46
2022-12-30 08:00:00,예천,,0,6,92.24075728929728,36.65,128.46
2022-12-30 08:00:00,창원,,0,6,91.48804797954045,35.21,128.58
2022-12-30 08:00:00,탑선,,0,6,92.78853958618132,35.24,126.81
2022-12-30 09:00:00,경상대,203.5,2,6,81.4124405189829,35.18,128.1
2022-12-30 09:00:00,고흥만수상,122.4,2,6,81.58307388612232,34.57,127.3
2022-12-30 09:00:00,광양항세방,167.8,2,6,81.52193431225942,34.93,127.71
2022-12-30 09:00:00,구미,155.8,1,6,81.82148934471651,36.13,128.34
2022-12-30 09:00:00,삼천포,173.6,2,6,81.29575834572725,34.95,128.07
2022-12-30 09:00:00,여수,167.35,2,6,81.39002314236026,34.74,127.74
2022-12-30 09:00:00,영동,163.9,1,6,82.37307538022739,37.18,128.46
2022-12-30 09:00:00,영흥,,0,6,83.705223712662,37.26,126.46
2022-12-30 09:00:00,예천,141.2,1,6,82.05522645868147,36.65,128.46
2022-12-30 09:00:00,창원,192.95,2,6,81.11528284839639,35.21,128.58
2022-12-30 09:00:00,탑선,154.8,1,6,82.300413240956,35.24,126.81
2022-12-30 10:00:00,경상대,283.2,5,5,72.2521303823275,35.18,128.1
2022-12-30 10:00:00,고흥만수상,243.6,5,5,72.25950305640707,34.57,127.3
2022-12-30 10:00:00,광양항세방,235.16,5,5,72.28829628497175,34.93,127.71
2022-12-30 10:00:00,구미,256.86,5,5,72.81655608701148,36.13,128.34
2022-12-30 10:00:00,삼천포,291.64,5,5,72.10078722414585,34.95,128.07
2022-12-30 10:00:00,여수,277.5400000000001,5,5,72.13326023170501,34.74,127.74
2022-12-30 10:00:00,영동,247.48000000000002,5,5,73.52619667368685,37.18,128.46
2022-12-30 10:00:00,영흥,212.48000000000002,5,5,74.67228387138502,37.26,126.46
2022-12-30 10:00:00,예천,208.32000000000002,5,5,73.13456994020987,36.65,128.46
2022-12-30 10:00:00,창원,283.12,5,5,72.00753998198053,35.21,128.58
2022-12-30 10:00:00,탑선,173.01999999999998,5,5,73.0210433225049,35.24,126.81
2022-12-30 11:00:00,경상대,414.1166666666666,6,6,64.9040020694025,35.18,128.1
2022-12-30 11:00:00,고흥만수상,389.70000000000005,6,6,64.71766379788815,34.57,127.3
2022-12-30 11:00:00,광양항세방,360.0333333333333,6,6,64.85184558859875,34.93,127.71
2022-12-30 11:00:00,구미,367.3999999999999,6,6,65.62644622550926,36.13,128.34
2022-12-30 11:00:00,삼천포,431.9166666666667,6,6,64.71830625942006,34.95,128.07
2022-12-30 11:00:00,여수,397.68333333333334,6,6,64.6761501205946,34.74,127.74
2022-12-30 11:00:00,영동,332.59999999999997,6,6,66.48916013260913,37.18,128.46
2022-12-30 11:00:00,영흥,324.63333333333327,6,6,67.3682369858183,37.26,126.46
2022-12-30 11:00:00,예천,334.05,6,6,66.02898795006702,36.65,128.46
2022-12-30 11:00:00,창원,404.90000000000003,6,6,64.73233308970083,35.21,128.58
2022-12-30 11:00:00,탑선,220.36666666666667,6,6,65.49891300989367,35.24,126.81
2022-12-30 12:00:00,경상대,483.86666666666673,6,6,60.05845453170939,35.18,128.1
2022-12-30 12:00:00,고흥만수상,456.1333333333334,6,6,59.65812355060447,34.57,127.3
2022-12-30 12:00:00,광양항세방,411.9166666666667,6,6,59.906968547534596,34.93,127.71
2022-12-30 12:00:00,구미,384.84999999999997,6,6,60.920182696664085,36.13,128.34
2022-12-30 12:00:00,삼천포,494.9666666666667,6,6,59.84403716988037,34.95,128.07
2022-12-30 12:00:00,여수,442.23333333333335,6,6,59.71771516248956,34.74,127.74
2022-12-30 12:00:00,영동,403.8333333333333,6,6,61.90708742157635,37.18,128.46
2022-12-30 12:00:00,영흥,392.01666666666665,6,6,62.42941911216937,37.26,126.46
2022-12-30 12:00:00,예천,370.5833333333333,6,6,61.39580832169072,36.65,128.46
2022-12-30 12:00:00,창원,466.71666666666664,6,6,59.98147983584525,35.21,128.58
2022-12-30 12:00:00,탑선,237.85,6,6,60.41642889904068,35.24,126.81
2022-12-30 13:00:00,경상대,495.15000000000003,6,6,58.35453866348605,35.18,128.1
2022-12-30 13:00:00,고흥만수상,498.0833333333333,6,6,57.74922388932928,34.57,127.3
2022-12-30 13:00:00,광양항세방,426.3500000000001,6,6,58.10556616076809,34.93,127.71
2022-12-30 13:00:00,구미,308.4,6,6,59.30508079874208,36.13,128.34
2022-12-30 13:00:00,삼천포,520.8333333333334,6,6,58.124529260347416,34.95,128.07
2022-12-30 13:00:00,여수,437.46666666666664,6,6,57.91540250581832,34.74,127.74
2022-12-30 13:00:00,영동,326.45,6,6,60.355662965639304,37.18,128.46
2022-12-30 13:00:00,영흥,422.43333333333334,6,6,60.453747771301394,37.26,126.46
2022-12-30 13:00:00,예천,364.8,6,6,59.82566493539724,36.65,128.46
2022-12-30 13:00:00,창원,483.3,6,6,58.38649040219514,35.21,128.58
2022-12-30 13:00:00,탑선,330.43333333333334,6,6,58.42686245762057,35.24,126.81
2022-12-30 14:00:00,경상대,488.5,6,6,60.06403357204007,35.18,128.1
2022-12-30 14:00:00,고흥만수상,488.5,6,6,59.30006165613051,34.57,127.3
2022-12-30 14:00:00,광양항세방,423.4666666666667,6,6,59.736645697212694,34.93,127.71
2022-12-30 14:00:00,구미,329.46666666666664,6,6,61.03099582188561,36.13,128.34
2022-12-30 14:00:00,삼천포,518.75,6,6,59.83614259495557,34.95,128.07
2022-12-30 14:00:00,여수,482.43333333333334,6,6,59.56029570696974,34.74,127.74
2022-12-30 14:00:00,영동,278.09999999999997,6,6,62.06674967670895,37.18,128.46
2022-12-30 14:00:00,영흥,408.9666666666667,6,6,61.73181959772637,37.26,126.46
2022-12-30 14:00:00,예천,328.9166666666667,6,6,61.55742111407038,36.65,128.46
2022-12-30 14:00:00,창원,473.9666666666667,6,6,60.20229056027254,35.21,128.58
2022-12-30 14:00:00,탑선,306.8333333333333,6,6,59.844010721716785,35.24,126.81
2022-12-30 15:00:00,경상대,430.23333333333335,6,6,64.91435887777135,35.18,128.1
2022-12-30 15:00:00,고흥만수상,428.59999999999997,6,6,64.05688510549935,34.57,127.3
2022-12-30 15:00:00,광양항세방,391.2333333333333,6,6,64.53725155941927,34.93,127.71
2022-12-30 15:00:00,구미,321.5,6,6,65.83182434132218,36.13,128.34
2022-12-30 15:00:00,삼천포,448.4833333333333,6,6,64.70376760984666,34.95,128.07
2022-12-30 15:00:00,여수,418.95000000000005,6,6,64.38554161748985,34.74,127.74
2022-12-30 15:00:00,영동,291.4,6,6,66.78581770188316,37.18,128.46
2022-12-30 15:00:00,영흥,353.3,6,6,66.07187743177691,37.26,126.46
2022-12-30 15:00:00,예천,362.18333333333334,6,6,66.3288855721973,36.65,128.46
2022-12-30 15:00:00,창원,419.09999999999997,6,6,65.14058624157938,35.21,128.58
2022-12-30 15:00:00,탑선,311.0333333333333,6,6,64.44060635004513,35.24,126.81
2022-12-30 16:00:00,경상대,322.25,6,6,72.26614581163633,35.18,128.1
2022-12-30 16:00:00,고흥만수상,323.84999999999997,6,6,71.37262106724685,34.57,127.3
2022-12-30 16:00:00,광양항세방,288.1166666666667,6,6,71.86565049241977,34.93,127.71
2022-12-30 16:00:00,구미,270.2666666666667,6,6,73.09357453161704,36.13,128.34
2022-12-30 16:00:00,삼천포,328.1333333333333,6,6,72.08134245274668,34.95,128.07
2022-12-30 16:00:00,여수,318.75,6,6,71.7430713641366,34.74,127.74
2022-12-30 16:00:00,영동,262.05,6,6,73.92747210613555,37.18,128.46
2022-12-30 16:00:00,영흥,258.18333333333334,6,6,72.91850200342934,37.26,126.46
2022-12-30 16:00:00,예천,266.2,6,6,73.53963652937449,36.65,128.46
2022-12-30 16:00:00,창원,317.5833333333333,6,6,72.55668017606888,35.21,128.58
2022-12-30 16:00:00,탑선,240.04999999999998,6,6,71.59764676736702,35.24,126.81
2022-12-30 17:00:00,경상대,210.53333333333333,3,6,81.42909155210525,35.18,128.1
2022-12-30 17:00:00,고흥만수상,225.26666666666665,3,6,80.53851148871846,34.57,127.3
2022-12-30 17:00:00,광양항세방,185.1,3,6,81.0237535291905,34.93,127.71
2022-12-30 17:00:00,구미,179.05,2,6,82.14916068563686,36.13,128.34
2022-12-30 17:00:00,삼천포,213.20000000000002,3,6,81.27295613110647,34.95,128.07
2022-12-30 17:00:00,여수,216.33333333333334,3,6,80.9303387065964,34.74,127.74
2022-12-30 17:00:00,영동,189.85,2,6,82.84886325803531,37.18,128.46
2022-12-30 17:00:00,영흥,177.89999999999998,2,6,81.62551475432795,37.26,126.46
2022-12-30 17:00:00,예천,190.0,2,6,82.53491371979878,36.65,128.46
2022-12-30 17:00:00,창원,222.75,2,6,81.76330272384774,35.21,128.58
2022-12-30 17:00:00,탑선,186.5,3,6,80.62095313758752,35.24,126.81
2022-12-30 18:00:00,경상대,,0,6,91.84062686777025,35.18,128.1
2022-12-30 18:00:00,고흥만수상,,0,6,90.97663004868575,34.57,127.3
2022-12-30 18:00:00,광양항세방,,0,6,91.44210952696065,34.93,127.71
2022-12-30 18:00:00,구미,,0,6,92.4486571580534,36.13,128.34
2022-12-30 18:00:00,삼천포,,0,6,91.71324688766619,34.95,128.07
2022-12-30 18:00:00,여수,,0,6,91.37612764052062,34.74,127.74
2022-12-30 18:00:00,영동,,0,6,93.01244394395432,37.18,128.46
2022-12-30 18:00:00,영흥,,0,6,91.63832760552042,37.26,126.46
2022-12-30 18:00:00,예천,,0,6,92.77150683176197,36.65,128.46
2022-12-30 18:00:00,창원,,0,6,92.20328590662162,35.21,128.58
2022-12-30 18:00:00,탑선,,0,6,90.93508333291939,35.24,126.81
2022-12-30 19:00:00,경상대,,0,6,103.09248590137507,35.18,128.1
2022-12-30 19:00:00,고흥만수상,,0,6,102.26994683378095,34.57,127.3
2022-12-30 19:00:00,광양항세방,,0,6,102.70832541011035,34.93,127.71
2022-12-30 19:00:00,구미,,0,6,103.58766136479592,36.13,128.34
2022-12-30 19:00:00,삼천포,,0,6,102.99327797166812,34.95,128.07
2022-12-30 19:00:00,여수,,0,6,102.66799103214278,34.74,127.74
2022-12-30 19:00:00,영동,,0,6,104.01684018409375,37.18,128.46
2022-12-30 19:00:00,영흥,,0,6,102.53870625291333,37.26,126.46
2022-12-30 19:00:00,예천,,0,6,103.84702228235356,36.65,128.46
2022-12-30 19:00:00,창원,,0,6,103.47287951529212,35.21,128.58
2022-12-30 19:00:00,탑선,,0,6,102.11968912956019,35.24,126.81
2022-12-30 20:00:00,경상대,,0,6,114.89380649619655,35.18,128.1
2022-12-30 20:00:00,고흥만수상,,0,6,114.12452676928882,34.57,127.3
2022-12-30 20:00:00,광양항세방,,0,6,114.5299307680784,34.93,127.71
2022-12-30 20:00:00,구미,,0,6,115.27349798909223,36.13,128.34
2022-12-30 20:00:00,삼천포,,0,6,114.82278931733137,34.95,128.07
2022-12-30 20:00:00,여수,,0,6,114.51428640460401,34.74,127.74
2022-12-30 20:00:00,영동,,0,6,115.56645963242524,37.18,128.46
2022-12-30 20:00:00,영흥,,0,6,114.01928115593844,37.26,126.46
2022-12-30 20:00:00,예천,,0,6,115.46768844399821,36.65,128.46
2022-12-30 20:00:00,창원,,0,6,115.28407315549823,35.21,128.58
2022-12-30 20:00:00,탑선,,0,6,113.87552167538496,35.24,126.81
2022-12-30 21:00:00,경상대,,0,6,127.02189779094212,35.18,128.1
2022-12-30 21:00:00,고흥만수상,,0,6,126.31974413838363,34.57,127.3
2022-12-30 21:00:00,광양항세방,,0,6,126.68495903016644,34.93,127.71
2022-12-30 21:00:00,구미,,0,6,127.27683328920453,36.13,128.34
2022-12-30 21:00:00,삼천포,,0,6,126.98072861004395,34.95,128.07
2022-12-30 21:00:00,여수,,0,6,126.69453221732488,34.74,127.74
2022-12-30 21:00:00,영동,,0,6,127.42394569787068,37.18,128.46
2022-12-30 21:00:00,영흥,,0,6,125.837442204106,37.26,126.46
2022-12-30 21:00:00,예천,,0,6,127.40036903937505,36.65,128.46
2022-12-30 21:00:00,창원,,0,6,127.41527425457966,35.21,128.58
2022-12-30 21:00:00,탑선,,0,6,125.97561499846769,35.24,126.81
2022-12-30 22:00:00,경상대,,0,6,139.2645050893138,35.18,128.1
2022-12-30 22:00:00,고흥만수상,,0,6,138.65310451836757,34.57,127.3
2022-12-30 22:00:00,광양항세방,,0,6,138.96539084041814,34.93,127.71
2022-12-30 22:00:00,구미,,0,6,139.37088266684626,36.13,128.34
2022-12-30 22:00:00,삼천포,,0,6,139.25819126661924,34.95,128.07
2022-12-30 22:00:00,여수,,0,6,139.00331540162225,34.74,127.74
2022-12-30 22:00:00,영동,,0,6,139.34613113355135,37.18,128.46
2022-12-30 22:00:00,영흥,,0,6,137.754880847047,37.26,126.46
2022-12-30 22:00:00,예천,,0,6,139.41004909007242,36.65,128.46
2022-12-30 22:00:00,창원,,0,6,139.65280738002534,35.21,128.58
2022-12-30 22:00:00,탑선,,0,6,138.2090246291588,35.24,126.81
2022-12-30 23:00:00,경상대,,0,6,151.30266012064325,35.18,128.1
2022-12-30 23:00:00,고흥만수상,,0,6,150.83596296659073,34.57,127.3
2022-12-30 23:00:00,광양항세방,,0,6,151.06593152608292,34.93,127.71
2022-12-30 23:00:00,구미,,0,6,151.20166683303418,36.13,128.34
2022-12-30 23:00:00,삼천포,,0,6,151.34408682321688,34.95,128.07
2022-12-30 23:00:00,여수,,0,6,151.14090850965152,34.74,127.74
2022-12-30 23:00:00,영동,,0,6,150.94212513789597,37.18,128.46
2022-12-30 23:00:00,영흥,,0,6,149.4137448522526,37.26,126.46
2022-12-30 23:00:00,예천,,0,6,151.12337189138248,36.65,128.46
2022-12-30 23:00:00,창원,,0,6,151.66924521259816,35.21,128.58
2022-12-30 23:00:00,탑선,,0,6,150.2731952236286,35.24,126.81
2022-12-31 00:00:00,경상대,,0,6,162.2317441321693,35.18,128.1
2022-12-31 00:00:00,고흥만수상,,0,6,162.07479357402053,34.57,127.3
2022-12-31 00:00:00,광양항세방,,0,6,162.13328994237992,34.93,127.71
2022-12-31 00:00:00,구미,,0,6,161.77049718593304,36.13,128.34
2022-12-31 00:00:00,삼천포,,0,6,162.35499805559607,34.95,128.07
2022-12-31 00:00:00,여수,,0,6,162.2671908677318,34.74,127.74
2022-12-31 00:00:00,영동,,0,6,161.12965117890425,37.18,128.46
2022-12-31 00:00:00,영흥,,0,6,159.89078783207265,37.26,126.46
2022-12-31 00:00:00,예천,,0,6,161.49362784340715,36.65,128.46
2022-12-31 00:00:00,창원,,0,6,162.5168795176902,35.21,128.58
2022-12-31 00:00:00,탑선,,0,6,161.35728130182085,35.24,126.81
2022-12-31 01:00:00,경상대,,0,6,167.95972957287705,35.18,128.1
2022-12-31 01:00:00,고흥만수상,,0,6,168.5464583289243,34.57,127.3
2022-12-31 01:00:00,광양항세방,,0,6,168.20391442254368,34.93,127.71
2022-12-31 01:00:00,구미,,0,6,167.00861290780125,36.13,128.34
2022-12-31 01:00:00,삼천포,,0,6,168.18962029897287,34.95,128.07
2022-12-31 01:00:00,여수,,0,6,168.39460686674443,34.74,127.74
2022-12-31 01:00:00,영동,,0,6,165.95709164357675,37.18,128.46
2022-12-31 01:00:00,영흥,,0,6,165.80650308666026,37.26,126.46
2022-12-31 01:00:00,예천,,0,6,166.4869431506096,36.65,128.46
2022-12-31 01:00:00,창원,,0,6,167.9235976087598,35.21,128.58
2022-12-31 01:00:00,탑선,,0,6,167.84491516072978,35.24,126.81
2022-12-31 02:00:00,경상대,,0,6,162.27378446193308,35.18,128.1
2022-12-31 02:00:00,고흥만수상,,0,6,163.16758547171855,34.57,127.3
2022-12-31 02:00:00,광양항세방,,0,6,162.67921535691485,34.93,127.71
2022-12-31 02:00:00,구미,,0,6,161.51750040935957,36.13,128.34
2022-12-31 02:00:00,삼천포,,0,6,162.43625724789447,34.95,128.07
2022-12-31 02:00:00,여수,,0,6,162.77893373928828,34.74,127.74
2022-12-31 02:00:00,영동,,0,6,160.7493188980422,37.18,128.46
2022-12-31 02:00:00,영흥,,0,6,161.82173731296524,37.26,126.46
2022-12-31 02:00:00,예천,,0,6,161.10374735950867,36.65,128.46
2022-12-31 02:00:00,창원,,0,6,161.9473689114389,35.21,128.58
2022-12-31 02:00:00,탑선,,0,6,163.03875215397576,35.24,126.81
2022-12-31 03:00:00,경상대,,0,6,151.35331645993048,35.18,128.1
2022-12-31 03:00:00,고흥만수상,,0,6,152.15640130529036,34.57,127.3
2022-12-31 03:00:00,광양항세방,,0,6,151.73092364942653,34.93,127.71
2022-12-31 03:00:00,구미,,0,6,150.88281524612123,36.13,128.34
2022-12-31 03:00:00,삼천포,,0,6,151.44230701128922,34.95,128.07
2022-12-31 03:00:00,여수,,0,6,151.7612353499201,34.74,127.74
2022-12-31 03:00:00,영동,,0,6,150.45093300390928,37.18,128.46
2022-12-31 03:00:00,영흥,,0,6,151.90970605171557,37.26,126.46
2022-12-31 03:00:00,예천,,0,6,150.62624422923014,36.65,128.46
2022-12-31 03:00:00,창원,,0,6,150.96872092156292,35.21,128.58
2022-12-31 03:00:00,탑선,,0,6,152.3408389603069,35.24,126.81
2022-12-31 04:00:00,경상대,,0,6,139.3154876526159,35.18,128.1
2022-12-31 04:00:00,고흥만수상,,0,6,140.01904589342783,34.57,127.3
2022-12-31 04:00:00,광양항세방,,0,6,139.65423896379625,34.93,127.71
2022-12-31 04:00:00,구미,,0,6,139.03500088145276,36.13,128.34
2022-12-31 04:00:00,삼천포,,0,6,139.35848475139863,34.95,128.07
2022-12-31 04:00:00,여수,,0,6,139.64488233573138,34.74,127.74
2022-12-31 04:00:00,영동,,0,6,138.82525785808258,37.18,128.46
2022-12-31 04:00:00,영흥,,0,6,140.39342400536498,37.26,126.46
2022-12-31 04:00:00,예천,,0,6,138.88516700043874,36.65,128.46
2022-12-31 04:00:00,창원,,0,6,138.92210488962047,35.21,128.58
2022-12-31 04:00:00,탑선,,0,6,140.35964047698963,35.24,126.81
2022-12-31 05:00:00,경상대,,0,6,127.07031790663561,35.18,128.1
2022-12-31 05:00:00,고흥만수상,,0,6,127.68223749262424,34.57,127.3
2022-12-31 05:00:00,광양항세방,,0,6,127.37138781446876,34.93,127.71
2022-12-31 05:00:00,구미,,0,6,126.93715955839222,36.13,128.34
2022-12-31 05:00:00,삼천포,,0,6,127.07844891763268,34.95,128.07
2022-12-31 05:00:00,여수,,0,6,127.33336400481299,34.74,127.74
2022-12-31 05:00:00,영동,,0,6,126.89701347884107,37.18,128.46
2022-12-31 05:00:00,영흥,,0,6,128.49143454167475,37.26,126.46
2022-12-31 05:00:00,예천,,0,6,126.87024358457853,36.65,128.46
2022-12-31 05:00:00,창원,,0,6,126.68124080706563,35.21,128.58
2022-12-31 05:00:00,탑선,,0,6,128.1259535726561,35.24,126.81
2022-12-31 06:00:00,경상대,,0,6,114.93765082694509,35.18,128.1
2022-12-31 06:00:00,고흥만수상,,0,6,115.4578309242308,34.57,127.3
2022-12-31 06:00:00,광양항세방,,0,6,115.19998281132528,34.93,127.71
2022-12-31 06:00:00,구미,,0,6,114.93608857333152,36.13,128.34
2022-12-31 06:00:00,삼천포,,0,6,114.9150212835996,34.95,128.07
2022-12-31 06:00:00,여수,,0,6,115.13754654091858,34.74,127.74
2022-12-31 06:00:00,영동,,0,6,115.04457318171929,37.18,128.46
2022-12-31 06:00:00,영흥,,0,6,116.62549908749185,37.26,126.46
2022-12-31 06:00:00,예천,,0,6,114.94293160388295,36.65,128.46
2022-12-31 06:00:00,창원,,0,6,114.55978372746495,35.21,128.58
2022-12-31 06:00:00,탑선,,0,6,115.98286687823125,35.24,126.81
2022-12-31 07:00:00,경상대,,0,6,103.12968407297117,35.18,128.1
2022-12-31 07:00:00,고흥만수상,,0,6,103.55069418366722,34.57,127.3
2022-12-31 07:00:00,광양항세방,,0,6,103.34936146011215,34.93,127.71
2022-12-31 07:00:00,구미,,0,6,103.25730945555439,36.13,128.34
2022-12-31 07:00:00,삼천포,,0,6,103.07714594385808,34.95,128.07
2022-12-31 07:00:00,여수,,0,6,103.2639525773898,34.74,127.74
2022-12-31 07:00:00,영동,,0,6,103.50873349213364,37.18,128.46
2022-12-31 07:00:00,영흥,,0,6,105.04518460095788,37.26,126.46
2022-12-31 07:00:00,예천,,0,6,103.33611904791871,36.65,128.46
2022-12-31 07:00:00,창원,,0,6,102.76946273981699,35.21,128.58
2022-12-31 07:00:00,탑선,,0,6,104.14642636912963,35.24,126.81
2022-12-31 08:00:00,경상대,,0,6,91.86868788900438,35.18,128.1
2022-12-31 08:00:00,고흥만수상,,0,6,92.17621017539227,34.57,127.3
2022-12-31 08:00:00,광양항세방,,0,6,92.0388052561391,34.93,127.71
2022-12-31 08:00:00,구미,,0,6,92.13096849955606,36.13,128.34
2022-12-31 08:00:00,삼천포,,0,6,91.78527473847866,34.95,128.07
2022-12-31 08:00:00,여수,,0,6,91.9305049978947,34.74,127.74
2022-12-31 08:00:00,영동,,0,6,92.52804207156386,37.18,128.46
2022-12-31 08:00:00,영흥,,0,6,93.98577359462486,37.26,126.46
2022-12-31 08:00:00,예천,,0,6,92.2842478393268,36.65,128.46
2022-12-31 08:00:00,창원,,0,6,91.53414552044205,35.21,128.58
2022-12-31 08:00:00,탑선,,0,6,92.83596459471146,35.24,126.81
2022-12-31 09:00:00,경상대,195.55,2,6,81.44487105663583,35.18,128.1
2022-12-31 09:00:00,고흥만수상,195.3,2,6,81.61744290724285,34.57,127.3
2022-12-31 09:00:00,광양항세방,166.95,2,6,81.55522624354899,34.93,127.71
2022-12-31 09:00:00,구미,193.9,1,6,81.85197340551375,36.13,128.34
2022-12-31 09:00:00,삼천포,210.14999999999998,2,6,81.32863027451464,34.95,128.07
2022-12-31 09:00:00,여수,192.0,2,6,81.42362167662603,34.74,127.74
2022-12-31 09:00:00,영동,153.9,1,6,82.40156470923688,37.18,128.46
2022-12-31 09:00:00,영흥,,0,6,83.73564995346321,37.26,126.46
2022-12-31 09:00:00,예천,182.2,1,6,82.08465802109593,36.65,128.46
2022-12-31 09:00:00,창원,190.4,2,6,81.14714400778489,35.21,128.58
2022-12-31 09:00:00,탑선,166.7,1,6,82.33409990935805,35.24,126.81
2022-12-31 10:00:00,경상대,293.41999999999996,5,5,72.26576831266766,35.18,128.1
2022-12-31 10:00:00,고흥만수상,296.84000000000003,5,5,72.27525230749748,34.57,127.3
2022-12-31 10:00:00,광양항세방,257.5,5,5,72.3028862367521,34.93,127.71
2022-12-31 10:00:00,구미,271.26,5,5,72.82833383965425,36.13,128.34
2022-12-31 10:00:00,삼천포,313.84,5,5,72.11483826900539,34.95,128.07
2022-12-31 10:00:00,여수,287.02,5,5,72.14811593079752,34.74,127.74
2022-12-31 10:00:00,영동,231.32,5,5,73.5361384169935,37.18,128.46
2022-12-31 10:00:00,영흥,178.50000000000003,5,5,74.68481693789904,37.26,126.46
2022-12-31 10:00:00,예천,255.4,5,5,73.14535218109322,36.65,128.46
2022-12-31 10:00:00,창원,282.9,5,5,72.02045112671306,35.21,128.58
2022-12-31 10:00:00,탑선,232.18,5,5,73.03638044911345,35.24,126.81
2022-12-31 11:00:00,경상대,418.65000000000003,6,6,64.89359166310322,35.18,128.1
2022-12-31 11:00:00,고흥만수상,429.34999999999997,6,6,64.70943857410494,34.57,127.3
2022-12-31 11:00:00,광양항세방,383.8333333333333,6,6,64.84243680212059,34.93,127.71
2022-12-31 11:00:00,구미,383.1166666666666,6,6,65.61442863596444,36.13,128.34
2022-12-31 11:00:00,삼천포,450.70000000000005,6,6,64.70824002348584,34.95,128.07
2022-12-31 11:00:00,여수,409.20000000000005,6,6,64.66693241786655,34.74,127.74
2022-12-31 11:00:00,영동,261.46666666666664,6,6,66.47564715514511,37.18,128.46
2022-12-31 11:00:00,영흥,266.8833333333333,6,6,67.35797787780288,37.26,126.46
2022-12-31 11:00:00,예천,359.25,6,6,66.01612265017835,36.65,128.46
2022-12-31 11:00:00,창원,404.1833333333334,6,6,64.72104176133021,35.21,128.58
2022-12-31 11:00:00,탑선,327.56666666666666,6,6,65.49066770456497,35.24,126.81
2022-12-31 12:00:00,경상대,485.5833333333333,6,6,60.01961111281449,35.18,128.1
2022-12-31 12:00:00,고흥만수상,499.2833333333333,6,6,59.621288811825664,34.57,127.3
2022-12-31 12:00:00,광양항세방,458.4666666666667,6,6,59.86906509976489,34.93,127.71
2022-12-31 12:00:00,구미,350.09999999999997,6,6,60.88023370837385,36.13,128.34
2022-12-31 12:00:00,삼천포,518.8166666666667,6,6,59.80541103599677,34.95,128.07
2022-12-31 12:00:00,여수,473.7166666666667,6,6,59.67988708715437,34.74,127.74
2022-12-31 12:00:00,영동,332.43333333333334,6,6,61.86622586197494,37.18,128.46
2022-12-31 12:00:00,영흥,202.39999999999998,6,6,62.392234577360796,37.26,126.46
2022-12-31 12:00:00,예천,406.5166666666667,6,6,61.35528942925204,36.65,128.46
2022-12-31 12:00:00,창원,470.21666666666664,6,6,59.9416756945295,35.21,128.58
2022-12-31 12:00:00,탑선,379.01666666666665,6,6,60.38006337011109,35.24,126.81
2022-12-31 13:00:00,경상대,501.86666666666673,6,6,58.286343698172814,35.18,128.1
2022-12-31 13:00:00,고흥만수상,520.6833333333333,6,6,57.68253861918205,34.57,127.3
2022-12-31 13:00:00,광양항세방,484.40000000000003,6,6,58.03809949224909,34.93,127.71
2022-12-31 13:00:00,구미,207.9,6,6,59.23645012340498,36.13,128.34
2022-12-31 13:00:00,삼천포,541.4499999999999,6,6,58.05639050491682,34.95,128.07
2022-12-31 13:00:00,여수,491.2,6,6,57.84788298448378,34.74,127.74
2022-12-31 13:00:00,영동,342.4666666666667,6,6,60.286829631148564,37.18,128.46
2022-12-31 13:00:00,영흥,338.81666666666666,6,6,60.38846676380663,37.26,126.46
2022-12-31 13:00:00,예천,389.8333333333333,6,6,59.756824525538455,36.65,128.46
2022-12-31 13:00:00,창원,488.74999999999994,6,6,58.31740926872333,35.21,128.58
2022-12-31 13:00:00,탑선,328.8,6,6,58.36106853112706,35.24,126.81
2022-12-31 14:00:00,경상대,493.88333333333327,6,6,59.97062590923911,35.18,128.1
2022-12-31 14:00:00,고흥만수상,510.95000000000005,6,6,59.207515285100165,34.57,127.3
2022-12-31 14:00:00,광양항세방,470.0,6,6,59.64367603107067,34.93,127.71
2022-12-31 14:00:00,구미,284.31666666666666,6,6,60.93772173910199,36.13,128.34
2022-12-31 14:00:00,삼천포,521.9166666666666,6,6,59.742663073659,34.95,128.07
2022-12-31 14:00:00,여수,484.68333333333334,6,6,59.46718881123554,34.74,127.74
2022-12-31 14:00:00,영동,268.75,6,6,61.973829768961366,37.18,128.46
2022-12-31 14:00:00,영흥,363.28333333333336,6,6,61.64174823135797,37.26,126.46
2022-12-31 14:00:00,예천,394.0,6,6,61.46423846782077,36.65,128.46
2022-12-31 14:00:00,창원,480.95,6,6,60.10821508379624,35.21,128.58
2022-12-31 14:00:00,탑선,358.7,6,6,59.75250569318129,35.24,126.81
2022-12-31 15:00:00,경상대,438.2166666666667,6,6,64.8031046154111,35.18,128.1
2022-12-31 15:00:00,고흥만수상,457.2,6,6,63.945972215859854,34.57,127.3
2022-12-31 15:00:00,광양항세방,405.9333333333334,6,6,64.42619216028365,34.93,127.71
2022-12-31 15:00:00,구미,289.68333333333334,6,6,65.72097860433611,36.13,128.34
2022-12-31 15:00:00,삼천포,457.05,6,6,64.59238917721356,34.95,128.07
2022-12-31 15:00:00,여수,434.4166666666667,6,6,64.27432918554304,34.74,127.74
2022-12-31 15:00:00,영동,188.41666666666666,6,6,66.67555852543656,37.18,128.46
2022-12-31 15:00:00,영흥,338.28333333333336,6,6,65.96353504150056,37.26,126.46
2022-12-31 15:00:00,예천,347.56666666666666,6,6,66.21827525863996,36.65,128.46
2022-12-31 15:00:00,창원,428.3,6,6,65.02891586208575,35.21,128.58
2022-12-31 15:00:00,탑선,361.45000000000005,6,6,64.33059993534673,35.24,126.81
2022-12-31 16:00:00,경상대,329.98333333333335,6,6,72.14420578622128,35.18,128.1
2022-12-31 16:00:00,고흥만수상,346.75,6,6,71.2507376190273,34.57,127.3
2022-12-31 16:00:00,광양항세방,296.48333333333335,6,6,71.74376392987499,34.93,127.71
2022-12-31 16:00:00,구미,303.7833333333333,6,6,72.97206253591017,36.13,128.34
2022-12-31 16:00:00,삼천포,337.23333333333335,6,6,71.95928621316776,34.95,128.07
2022-12-31 16:00:00,여수,328.71666666666664,6,6,71.62106115352059,34.74,127.74
2022-12-31 16:00:00,영동,185.36666666666667,6,6,73.80651871659457,37.18,128.46
2022-12-31 16:00:00,영흥,256.03333333333336,6,6,72.79866535691947,37.26,126.46
2022-12-31 16:00:00,예천,264.4666666666667,6,6,73.41836871430415,36.65,128.46
2022-12-31 16:00:00,창원,322.04999999999995,6,6,72.43451937446123,35.21,128.58
2022-12-31 16:00:00,탑선,291.93333333333334,6,6,71.47640678117644,35.24,126.81
2022-12-31 17:00:00,경상대,218.16666666666666,3,6,81.30160862072236,35.18,128.1
2022-12-31 17:00:00,고흥만수상,234.96666666666667,3,6,80.41098125506193,34.57,127.3
2022-12-31 17:00:00,광양항세방,192.96666666666667,3,6,80.8962652010546,34.93,127.71
2022-12-31 17:00:00,구미,225.7,2,6,82.02199845055358,36.13,128.34
2022-12-31 17:00:00,삼천포,219.80000000000004,3,6,81.14539163225169,34.95,128.07
2022-12-31 17:00:00,여수,222.23333333333335,3,6,80.80277041080541,34.74,127.74
2022-12-31 17:00:00,영동,130.7,2,6,82.72211210426941,37.18,128.46
2022-12-31 17:00:00,영흥,109.56666666666668,3,6,81.49933354561767,37.26,126.46
2022-12-31 17:00:00,예천,171.85,2,6,82.40793708669497,36.65,128.46
2022-12-31 17:00:00,창원,213.9,3,6,81.63572081147785,35.21,128.58
2022-12-31 17:00:00,탑선,204.5,3,6,80.49380667129039,35.24,126.81
2022-12-31 18:00:00,경상대,,0,6,91.71072338164417,35.18,128.1
2022-12-31 18:00:00,고흥만수상,,0,6,90.84667598810373,34.57,127.3
2022-12-31 18:00:00,광양항세방,,0,6,91.31218983723666,34.93,127.71
2022-12-31 18:00:00,구미,,0,6,92.31892938414038,36.13,128.34
2022-12-31 18:00:00,삼천포,,0,6,91.58330213604435,34.95,128.07
2022-12-31 18:00:00,여수,,0,6,91.24617000396917,34.74,127.74
2022-12-31 18:00:00,영동,,0,6,92.88295250385507,37.18,128.46
2022-12-31 18:00:00,영흥,,0,6,91.50907777729968,37.26,126.46
2022-12-31 18:00:00,예천,,0,6,92.64188625512813,36.65,128.46
2022-12-31 18:00:00,창원,,0,6,92.07334974551782,35.21,128.58
2022-12-31 18:00:00,탑선,,0,6,90.8053036170678,35.24,126.81
2022-12-31 19:00:00,경상대,,0,6,102.96185647565707,35.18,128.1
2022-12-31 19:00:00,고흥만수상,,0,6,102.13931310444266,34.57,127.3
2022-12-31 19:00:00,광양항세방,,0,6,102.5776937915524,34.93,127.71
2022-12-31 19:00:00,구미,,0,6,103.45706273589914,36.13,128.34
2022-12-31 19:00:00,삼천포,,0,6,102.86264541005129,34.95,128.07
2022-12-31 19:00:00,여수,,0,6,102.53735754189677,34.74,127.74
2022-12-31 19:00:00,영동,,0,6,103.88631362675925,37.18,128.46
2022-12-31 19:00:00,영흥,,0,6,102.40824382939894,37.26,126.46
2022-12-31 19:00:00,예천,,0,6,103.71645326131149,36.65,128.46
2022-12-31 19:00:00,창원,,0,6,103.34224839548816,35.21,128.58
2022-12-31 19:00:00,탑선,,0,6,101.98907103753952,35.24,126.81
2022-12-31 20:00:00,경상대,,0,6,114.76322983443812,35.18,128.1
2022-12-31 20:00:00,고흥만수상,,0,6,113.99401753511205,34.57,127.3
2022-12-31 20:00:00,광양항세방,,0,6,114.39937920016995,34.93,127.71
2022-12-31 20:00:00,구미,,0,6,115.14281882735054,36.13,128.34
2022-12-31 20:00:00,삼천포,,0,6,114.69224381597645,34.95,128.07
2022-12-31 20:00:00,여수,,0,6,114.38376330279257,34.74,127.74
2022-12-31 20:00:00,영동,,0,6,115.43571077274522,37.18,128.46
2022-12-31 20:00:00,영흥,,0,6,113.88851880482925,37.26,126.46
2022-12-31 20:00:00,예천,,0,6,115.33696920066369,36.65,128.46
2022-12-31 20:00:00,창원,,0,6,115.15350334011515,35.21,128.58
2022-12-31 20:00:00,탑선,,0,6,113.7449089872311,35.24,126.81
2022-12-31 21:00:00,경상대,,0,6,126.89152988390299,35.18,128.1
2022-12-31 21:00:00,고흥만수상,,0,6,126.18952902201897,34.57,127.3
2022-12-31 21:00:00,광양항세방,,0,6,126.55465089034718,34.93,127.71
2022-12-31 21:00:00,구미,,0,6,127.14625035724583,36.13,128.34
2022-12-31 21:00:00,삼천포,,0,6,126.85042115399332,34.95,128.07
2022-12-31 21:00:00,여수,,0,6,126.56427714000671,34.74,127.74
2022-12-31 21:00:00,영동,,0,6,127.29318705140575,37.18,128.46
2022-12-31 21:00:00,영흥,,0,6,125.70666273334344,37.26,126.46
2022-12-31 21:00:00,예천,,0,6,127.26969100977155,36.65,128.46
2022-12-31 21:00:00,창원,,0,6,127.28490556675973,35.21,128.58
2022-12-31 21:00:00,탑선,,0,6,125.84521158831694,35.24,126.81
2022-12-31 22:00:00,경상대,,0,6,139.13400881827954,35.18,128.1
2022-12-31 22:00:00,고흥만수상,,0,6,138.52283542212996,34.57,127.3
2022-12-31 22:00:00,광양항세방,,0,6,138.8349850154072,34.93,127.71
2022-12-31 22:00:00,구미,,0,6,139.24012225019683,36.13,128.34
2022-12-31 22:00:00,삼천포,,0,6,139.12777116390933,34.95,128.07
2022-12-31 22:00:00,여수,,0,6,138.8729754536917,34.74,127.74
2022-12-31 22:00:00,영동,,0,6,139.21518118444178,37.18,128.46
2022-12-31 22:00:00,영흥,,0,6,137.62394447361646,37.26,126.46
2022-12-31 22:00:00,예천,,0,6,139.27918076284425,36.65,128.46
2022-12-31 22:00:00,창원,,0,6,139.5222911317639,35.21,128.58
2022-12-31 22:00:00,탑선,,0,6,138.07853435372346,35.24,126.81
2022-12-31 23:00:00,경상대,,0,6,151.1715211225183,35.18,128.1
2022-12-31 23:00:00,고흥만수상,,0,6,150.704961064464,34.57,127.3
2022-12-31 23:00:00,광양항세방,,0,6,150.93483954787703,34.93,127.71
2022-12-31 23:00:00,구미,,0,6,151.0704969976638,36.13,128.34
2022-12-31 23:00:00,삼천포,,0,6,151.21297850945174,34.95,128.07
2022-12-31 23:00:00,여수,,0,6,151.0098492574193,34.74,127.74
2022-12-31 23:00:00,영동,,0,6,150.8110959029235,37.18,128.46
2022-12-31 23:00:00,영흥,,0,6,149.28263290942235,37.26,126.46
2022-12-31 23:00:00,예천,,0,6,150.9922520451305,36.65,128.46
2022-12-31 23:00:00,창원,,0,6,151.53809148421237,35.21,128.58
2022-12-31 23:00:00,탑선,,0,6,150.14208721263924,35.24,126.81
