datetime_kst,site,dsr_mean,dsr_n_valid,n_slots,zenith_center,lat,lon
2023-04-01 00:00:00,경상대,,0,6,138.03006289885366,35.18,128.1
2023-04-01 00:00:00,고흥만수상,,0,6,138.3187428204934,34.57,127.3
2023-04-01 00:00:00,광양항세방,,0,6,138.13039038806787,34.93,127.71
2023-04-01 00:00:00,구미,,0,6,137.23212908434198,36.13,128.34
2023-04-01 00:00:00,삼천포,,0,6,138.23122977344553,34.95,128.07
2023-04-01 00:00:00,여수,,0,6,138.31388633010974,34.74,127.74
2023-04-01 00:00:00,영동,,0,6,136.297778748276,37.18,128.46
2023-04-01 00:00:00,영흥,,0,6,135.59140269019937,37.26,126.46
2023-04-01 00:00:00,예천,,0,6,136.78855511585311,36.65,128.46
2023-04-01 00:00:00,창원,,0,6,138.1561103773646,35.21,128.58
2023-04-01 00:00:00,탑선,,0,6,137.5417183743785,35.24,126.81
2023-04-01 01:00:00,경상대,,0,6,140.6011367004275,35.18,128.1
2023-04-01 01:00:00,고흥만수상,,0,6,141.1955792090939,34.57,127.3
2023-04-01 01:00:00,광양항세방,,0,6,140.84545467497654,34.93,127.71
2023-04-01 01:00:00,구미,,0,6,139.6529394264132,36.13,128.34
2023-04-01 01:00:00,삼천포,,0,6,140.8307990288586,34.95,128.07
2023-04-01 01:00:00,여수,,0,6,141.0359582399335,34.74,127.74
2023-04-01 01:00:00,영동,,0,6,138.6033579429219,37.18,128.46
2023-04-01 01:00:00,영흥,,0,6,138.47793354242341,37.26,126.46
2023-04-01 01:00:00,예천,,0,6,139.13333956645664,36.65,128.46
2023-04-01 01:00:00,창원,,0,6,140.573360244547,35.21,128.58
2023-04-01 01:00:00,탑선,,0,6,140.50965904019526,35.24,126.81
2023-04-01 02:00:00,경상대,,0,6,138.2819771733434,35.18,128.1
2023-04-01 02:00:00,고흥만수상,,0,6,139.09124748169677,34.57,127.3
2023-04-01 02:00:00,광양항세방,,0,6,138.63300021898613,34.93,127.71
2023-04-01 02:00:00,구미,,0,6,137.32843062660484,36.13,128.34
2023-04-01 02:00:00,삼천포,,0,6,138.50425071016213,34.95,128.07
2023-04-01 02:00:00,여수,,0,6,138.8003697042123,34.74,127.74
2023-04-01 02:00:00,영동,,0,6,136.31855806384718,37.18,128.46
2023-04-01 02:00:00,영흥,,0,6,136.79909149254502,37.26,126.46
2023-04-01 02:00:00,예천,,0,6,136.81021512913838,36.65,128.46
2023-04-01 02:00:00,창원,,0,6,138.104399360773,35.21,128.58
2023-04-01 02:00:00,탑선,,0,6,138.60697654967785,35.24,126.81
2023-04-01 03:00:00,경상대,,0,6,131.78437219817158,35.18,128.1
2023-04-01 03:00:00,고흥만수상,,0,6,132.6753142792367,34.57,127.3
2023-04-01 03:00:00,광양항세방,,0,6,132.1826683828004,34.93,127.71
2023-04-01 03:00:00,구미,,0,6,130.94065006147986,36.13,128.34
2023-04-01 03:00:00,삼천포,,0,6,131.97328705896018,34.95,128.07
2023-04-01 03:00:00,여수,,0,6,132.30974686051692,34.74,127.74
2023-04-01 03:00:00,영동,,0,6,130.08263758613134,37.18,128.46
2023-04-01 03:00:00,영흥,,0,6,131.03166063914296,37.26,126.46
2023-04-01 03:00:00,예천,,0,6,130.4844686936222,36.65,128.46
2023-04-01 03:00:00,창원,,0,6,131.50179540123412,35.21,128.58
2023-04-01 03:00:00,탑선,,0,6,132.4237083863485,35.24,126.81
2023-04-01 04:00:00,경상대,,0,6,122.54065072933783,35.18,128.1
2023-04-01 04:00:00,고흥만수상,,0,6,123.426044779948,34.57,127.3
2023-04-01 04:00:00,광양항세방,,0,6,122.94511308510184,34.93,127.71
2023-04-01 04:00:00,구미,,0,6,121.84726376312598,36.13,128.34
2023-04-01 04:00:00,삼천포,,0,6,122.68915323613125,34.95,128.07
2023-04-01 04:00:00,여수,,0,6,123.03105982830766,34.74,127.74
2023-04-01 04:00:00,영동,,0,6,121.17464685274267,37.18,128.46
2023-04-01 04:00:00,영흥,,0,6,122.424394365158,37.26,126.46
2023-04-01 04:00:00,예천,,0,6,121.47466742898868,36.65,128.46
2023-04-01 04:00:00,창원,,0,6,122.19766970039181,35.21,128.58
2023-04-01 04:00:00,탑선,,0,6,123.37551400737928,35.24,126.81
2023-04-01 05:00:00,경상대,,0,6,111.70824981837336,35.18,128.1
2023-04-01 05:00:00,고흥만수상,,0,6,112.54766778618493,34.57,127.3
2023-04-01 05:00:00,광양항세방,,0,6,112.09859562640109,34.93,127.71
2023-04-01 05:00:00,구미,,0,6,111.1665534128816,36.13,128.34
2023-04-01 05:00:00,삼천포,,0,6,111.81801378072606,34.95,128.07
2023-04-01 05:00:00,여수,,0,6,112.1482372417873,34.74,127.74
2023-04-01 05:00:00,영동,,0,6,110.67438451968565,37.18,128.46
2023-04-01 05:00:00,영흥,,0,6,112.10335090996716,37.26,126.46
2023-04-01 05:00:00,예천,,0,6,110.87836509716442,36.65,128.46
2023-04-01 05:00:00,창원,,0,6,111.33354730188861,35.21,128.58
2023-04-01 05:00:00,탑선,,0,6,112.65714923341667,35.24,126.81
2023-04-01 06:00:00,경상대,,0,6,100.00423746558407,35.18,128.1
2023-04-01 06:00:00,고흥만수상,,0,6,100.77896761713163,34.57,127.3
2023-04-01 06:00:00,광양항세방,,0,6,100.37050379707155,34.93,127.71
2023-04-01 06:00:00,구미,,0,6,99.60721790859506,36.13,128.34
2023-04-01 06:00:00,삼천포,,0,6,100.07817449659191,34.95,128.07
2023-04-01 06:00:00,여수,,0,6,100.38833752812425,34.74,127.74
2023-04-01 06:00:00,영동,,0,6,99.28387012797015,37.18,128.46
2023-04-01 06:00:00,영흥,,0,6,100.81527007754644,37.26,126.46
2023-04-01 06:00:00,예천,,0,6,99.39970687481983,36.65,128.46
2023-04-01 06:00:00,창원,,0,6,99.61471031284874,35.21,128.58
2023-04-01 06:00:00,탑선,,0,6,101.01791843062136,35.24,126.81
2023-04-01 07:00:00,경상대,,0,6,87.86705072373368,35.18,128.1
2023-04-01 07:00:00,고흥만수상,,0,6,88.56445082690645,34.57,127.3
2023-04-01 07:00:00,광양항세방,,0,6,88.20253302451802,34.93,127.71
2023-04-01 07:00:00,구미,,0,6,87.61135858131182,36.13,128.34
2023-04-01 07:00:00,삼천포,,0,6,87.90674504668878,34.95,128.07
2023-04-01 07:00:00,여수,,0,6,88.19122573923958,34.74,127.74
2023-04-01 07:00:00,영동,,0,6,87.450444132931,37.18,128.46
2023-04-01 07:00:00,영흥,,0,6,89.03331804522641,37.26,126.46
2023-04-01 07:00:00,예천,,0,6,87.48273421227292,36.65,128.46
2023-04-01 07:00:00,창원,,0,6,87.47368376338068,35.21,128.58
2023-04-01 07:00:00,탑선,,0,6,88.91393961541431,35.24,126.81
2023-04-01 08:00:00,경상대,248.92,5,6,75.60723277163282,35.18,128.1
2023-04-01 08:00:00,고흥만수상,261.75,4,6,76.21259105458265,34.57,127.3
2023-04-01 08:00:00,광양항세방,204.3,5,6,75.90464571939545,34.93,127.71
2023-04-01 08:00:00,구미,242.21999999999997,5,6,75.4974520968574,36.13,128.34
2023-04-01 08:00:00,삼천포,259.71999999999997,5,6,75.61217962023457,34.95,128.07
2023-04-01 08:00:00,여수,264.525,4,6,75.86487014027283,34.74,127.74
2023-04-01 08:00:00,영동,249.66000000000003,5,6,75.50165794189961,37.18,128.46
2023-04-01 08:00:00,영흥,186.10000000000002,4,6,77.09516553328746,37.26,126.46
2023-04-01 08:00:00,예천,239.35999999999999,5,6,75.45020513980427,36.65,128.46
2023-04-01 08:00:00,창원,250.98000000000002,5,6,75.21914246150476,35.21,128.58
2023-04-01 08:00:00,탑선,235.225,4,6,76.6626686910146,35.24,126.81
2023-04-01 09:00:00,경상대,432.56666666666666,6,6,63.517238761118065,35.18,128.1
2023-04-01 09:00:00,고흥만수상,436.1000000000001,6,6,64.00753134118695,34.57,127.3
2023-04-01 09:00:00,광양항세방,381.75,6,6,63.76572774919008,34.93,127.71
2023-04-01 09:00:00,구미,417.11666666666673,6,6,63.568784611403615,36.13,128.34
2023-04-01 09:00:00,삼천포,461.1499999999999,6,6,63.48434138168311,34.95,128.07
2023-04-01 09:00:00,여수,427.45000000000005,6,6,63.69612502606061,34.74,127.74
2023-04-01 09:00:00,영동,429.0833333333333,6,6,63.752110288381935,37.18,128.46
2023-04-01 09:00:00,영흥,334.73333333333335,6,6,65.31200378546767,37.26,126.46
2023-04-01 09:00:00,예천,407.7,6,6,63.61120767803156,36.65,128.46
2023-04-01 09:00:00,창원,435.8333333333333,6,6,63.14499752482497,35.21,128.58
2023-04-01 09:00:00,탑선,396.95,6,6,64.55473182442068,35.24,126.81
2023-04-01 10:00:00,경상대,600.6800000000001,5,5,51.98581051741719,35.18,128.1
2023-04-01 10:00:00,고흥만수상,602.5199999999999,5,5,52.32141554042774,34.57,127.3
2023-04-01 10:00:00,광양항세방,543.8399999999999,5,5,52.16698703887112,34.93,127.71
2023-04-01 10:00:00,구미,578.96,5,5,52.228431384683965,36.13,128.34
2023-04-01 10:00:00,삼천포,639.08,5,5,51.90873387570373,34.95,128.07
2023-04-01 10:00:00,여수,597.8199999999999,5,5,52.0641136433847,34.74,127.74
2023-04-01 10:00:00,영동,586.22,5,5,52.6182650483797,37.18,128.46
2023-04-01 10:00:00,영흥,486.18,5,5,54.07924198083944,37.26,126.46
2023-04-01 10:00:00,예천,552.8399999999999,5,5,52.37626485111293,36.65,128.46
2023-04-01 10:00:00,창원,597.52,5,5,51.64593958507041,35.21,128.58
2023-04-01 10:00:00,탑선,564.4599999999999,5,5,52.96554749830424,35.24,126.81
2023-04-01 11:00:00,경상대,732.3333333333334,6,6,41.68797799631704,35.18,128.1
2023-04-01 11:00:00,고흥만수상,725.0333333333334,6,6,41.80029437803728,34.57,127.3
2023-04-01 11:00:00,광양항세방,660.5666666666667,6,6,41.76985785234127,34.93,127.71
2023-04-01 11:00:00,구미,705.4833333333332,6,6,42.16647692137292,36.13,128.34
2023-04-01 11:00:00,삼천포,766.5500000000001,6,6,41.5572522680067,34.95,128.07
2023-04-01 11:00:00,여수,724.4833333333335,6,6,41.6291136347733,34.74,127.74
2023-04-01 11:00:00,영동,713.3000000000001,6,6,42.80047501795787,37.18,128.46
2023-04-01 11:00:00,영흥,622.0166666666668,6,6,44.04532588514625,37.26,126.46
2023-04-01 11:00:00,예천,662.6333333333333,6,6,42.44252942376955,36.65,128.46
2023-04-01 11:00:00,창원,735.5166666666665,6,6,41.411211779831035,35.21,128.58
2023-04-01 11:00:00,탑선,692.2666666666668,6,6,42.53507358714801,35.24,126.81
2023-04-01 12:00:00,경상대,782.1666666666666,6,6,33.92409695040468,35.18,128.1
2023-04-01 12:00:00,고흥만수상,795.6833333333334,6,6,33.712187810261874,34.57,127.3
2023-04-01 12:00:00,광양항세방,756.1999999999999,6,6,33.85852150190202,34.93,127.71
2023-04-01 12:00:00,구미,767.65,6,6,34.67327410484777,36.13,128.34
2023-04-01 12:00:00,삼천포,767.2000000000002,6,6,33.73357300475811,34.95,128.07
2023-04-01 12:00:00,여수,785.0,6,6,33.680661581991494,34.74,127.74
2023-04-01 12:00:00,영동,774.25,6,6,35.56645601603023,37.18,128.46
2023-04-01 12:00:00,영흥,706.7666666666665,6,6,36.38456114521457,37.26,126.46
2023-04-01 12:00:00,예천,710.8000000000001,6,6,35.09254912242793,36.65,128.46
2023-04-01 12:00:00,창원,785.0666666666666,6,6,33.76680170446279,35.21,128.58
2023-04-01 12:00:00,탑선,752.2666666666665,6,6,34.49342385786009,35.24,126.81
2023-04-01 13:00:00,경상대,803.9500000000002,6,6,30.77202689083763,35.18,128.1
2023-04-01 13:00:00,고흥만수상,817.15,6,6,30.1805240908985,34.57,127.3
2023-04-01 13:00:00,광양항세방,767.3166666666666,6,6,30.528662265870466,34.93,127.71
2023-04-01 13:00:00,구미,785.8833333333333,6,6,31.72011575574895,36.13,128.34
2023-04-01 13:00:00,삼천포,851.0333333333333,6,6,30.542398208723263,34.95,128.07
2023-04-01 13:00:00,여수,816.8666666666667,6,6,30.338060808382856,34.74,127.74
2023-04-01 13:00:00,영동,785.15,6,6,32.76980155294775,37.18,128.46
2023-04-01 13:00:00,영흥,744.0833333333335,6,6,32.90334608190185,37.26,126.46
2023-04-01 13:00:00,예천,717.6166666666667,6,6,32.2397832114229,36.65,128.46
2023-04-01 13:00:00,창원,798.1333333333333,6,6,30.79976860830628,35.21,128.58
2023-04-01 13:00:00,탑선,780.5666666666666,6,6,30.869717177916748,35.24,126.81
2023-04-01 14:00:00,경상대,787.4666666666667,6,6,33.58350003950752,35.18,128.1
2023-04-01 14:00:00,고흥만수상,823.0833333333334,6,6,32.74448185645184,34.57,127.3
2023-04-01 14:00:00,광양항세방,731.7166666666667,6,6,33.216490656690915,34.93,127.71
2023-04-01 14:00:00,구미,775.5500000000001,6,6,34.51901238141688,36.13,128.34
2023-04-01 14:00:00,삼천포,841.2166666666666,6,6,33.367506969373196,34.95,128.07
2023-04-01 14:00:00,여수,808.5833333333334,6,6,33.05765153384162,34.74,127.74
2023-04-01 14:00:00,영동,769.75,6,6,35.50146391113217,37.18,128.46
2023-04-01 14:00:00,영흥,737.4166666666666,6,6,34.90995886969582,37.26,126.46
2023-04-01 14:00:00,예천,717.5333333333333,6,6,35.02698312820471,36.65,128.46
2023-04-01 14:00:00,창원,784.5333333333333,6,6,33.79066137864692,35.21,128.58
2023-04-01 14:00:00,탑선,794.1333333333333,6,6,33.17703539025019,35.24,126.81
2023-04-01 15:00:00,경상대,743.8000000000001,6,6,41.13295675763102,35.18,128.1
2023-04-01 15:00:00,고흥만수상,777.2166666666667,6,6,40.237093320338474,34.57,127.3
2023-04-01 15:00:00,광양항세방,666.2333333333333,6,6,40.72825082342686,34.93,127.71
2023-04-01 15:00:00,구미,721.7333333333332,6,6,41.91146810231503,36.13,128.34
2023-04-01 15:00:00,삼천포,765.0833333333334,6,6,40.962291361778675,34.95,128.07
2023-04-01 15:00:00,여수,747.8833333333333,6,6,40.620281019230525,34.74,127.74
2023-04-01 15:00:00,영동,681.5333333333333,6,6,42.690628908433276,37.18,128.46
2023-04-01 15:00:00,영흥,679.9999999999999,6,6,41.60048029290425,37.26,126.46
2023-04-01 15:00:00,예천,674.3666666666667,6,6,42.33226778616622,36.65,128.46
2023-04-01 15:00:00,창원,723.5,6,6,41.44762211580516,35.21,128.58
2023-04-01 15:00:00,탑선,722.5500000000001,6,6,40.39426784023709,35.24,126.81
2023-04-01 16:00:00,경상대,617.2166666666667,6,6,51.318931559423625,35.18,128.1
2023-04-01 16:00:00,고흥만수상,663.5000000000001,6,6,50.45985431006588,34.57,127.3
2023-04-01 16:00:00,광양항세방,576.4499999999999,6,6,50.92188414322866,34.93,127.71
2023-04-01 16:00:00,구미,606.8833333333333,6,6,51.91732994224506,36.13,128.34
2023-04-01 16:00:00,삼천포,648.3,6,6,51.19536839598954,34.95,128.07
2023-04-01 16:00:00,여수,643.2833333333333,6,6,50.85964854960633,34.74,127.74
2023-04-01 16:00:00,영동,396.1666666666667,6,6,52.48043992446503,37.18,128.46
2023-04-01 16:00:00,영흥,574.8666666666667,6,6,51.115715602515834,37.26,126.46
2023-04-01 16:00:00,예천,567.4333333333333,6,6,52.23844009220104,36.65,128.46
2023-04-01 16:00:00,창원,624.5500000000001,6,6,51.68447499957972,35.21,128.58
2023-04-01 16:00:00,탑선,627.4666666666666,6,6,50.40565537216885,35.24,126.81
2023-04-01 17:00:00,경상대,433.9166666666667,6,6,62.79123306369053,35.18,128.1
2023-04-01 17:00:00,고흥만수상,474.96666666666664,6,6,62.000132933171095,34.57,127.3
2023-04-01 17:00:00,광양항세방,378.4333333333334,6,6,62.41856543043771,34.93,127.71
2023-04-01 17:00:00,구미,424.8166666666668,6,6,63.224426450218296,36.13,128.34
2023-04-01 17:00:00,삼천포,484.40000000000003,6,6,62.70899829998651,34.95,128.07
2023-04-01 17:00:00,여수,448.5166666666666,6,6,62.39363465324906,34.74,127.74
2023-04-01 17:00:00,영동,237.48333333333332,6,6,63.59422703819377,37.18,128.46
2023-04-01 17:00:00,영흥,426.71666666666664,6,6,62.087509378634095,37.26,126.46
2023-04-01 17:00:00,예천,435.98333333333335,6,6,63.453695087059714,36.65,128.46
2023-04-01 17:00:00,창원,484.73333333333335,6,6,63.17836295971204,35.21,128.58
2023-04-01 17:00:00,탑선,470.9000000000001,6,6,61.79005394523106,35.24,126.81
2023-04-01 18:00:00,경상대,245.13333333333333,6,6,74.84782984559503,35.18,128.1
2023-04-01 18:00:00,고흥만수상,229.9666666666667,6,6,74.13689548796455,34.57,127.3
2023-04-01 18:00:00,광양항세방,225.7833333333334,6,6,74.50669028714255,34.93,127.71
2023-04-01 18:00:00,구미,277.0,6,6,75.12997289459119,36.13,128.34
2023-04-01 18:00:00,삼천포,241.73333333333335,6,6,74.80238769342098,34.95,128.07
2023-04-01 18:00:00,여수,253.1,6,6,74.51336841573851,34.74,127.74
2023-04-01 18:00:00,영동,217.98333333333335,6,6,75.32586423835438,37.18,128.46
2023-04-01 18:00:00,영흥,240.38333333333333,6,6,73.75122608070097,37.26,126.46
2023-04-01 18:00:00,예천,260.8666666666667,6,6,75.27507061853134,36.65,128.46
2023-04-01 18:00:00,창원,255.9,6,6,75.24119972837002,35.21,128.58
2023-04-01 18:00:00,탑선,282.23333333333335,6,6,73.80487265954575,35.24,126.81
2023-04-01 19:00:00,경상대,,0,6,87.08819937442061,35.18,128.1
2023-04-01 19:00:00,고흥만수상,,0,6,86.46753520006385,34.57,127.3
2023-04-01 19:00:00,광양항세방,,0,6,86.78413662325099,34.93,127.71
2023-04-01 19:00:00,구미,,0,6,87.22470172316832,36.13,128.34
2023-04-01 19:00:00,삼천포,,0,6,87.07757137214213,34.95,128.07
2023-04-01 19:00:00,여수,,0,6,86.81954957818435,34.74,127.74
2023-04-01 19:00:00,영동,,0,6,87.25548539872128,37.18,128.46
2023-04-01 19:00:00,영흥,133.9,1,6,85.6608676951306,37.26,126.46
2023-04-01 19:00:00,예천,,0,6,87.28865989157573,36.65,128.46
2023-04-01 19:00:00,창원,,0,6,87.47779568127179,35.21,128.58
2023-04-01 19:00:00,탑선,165.0,1,6,86.03251511727898,35.24,126.81
2023-04-01 20:00:00,경상대,,0,6,99.21571322347579,35.18,128.1
2023-04-01 20:00:00,고흥만수상,,0,6,98.70003241411558,34.57,127.3
2023-04-01 20:00:00,광양항세방,,0,6,98.95600532353961,34.93,127.71
2023-04-01 20:00:00,구미,,0,6,99.20227392654503,36.13,128.34
2023-04-01 20:00:00,삼천포,,0,6,99.24039149288208,34.95,128.07
2023-04-01 20:00:00,여수,,0,6,99.01948768159761,34.74,127.74
2023-04-01 20:00:00,영동,,0,6,99.06602830424998,37.18,128.46
2023-04-01 20:00:00,영흥,,0,6,97.4923059988957,37.26,126.46
2023-04-01 20:00:00,예천,,0,6,99.18291738304158,36.65,128.46
2023-04-01 20:00:00,창원,,0,6,99.59238452611261,35.21,128.58
2023-04-01 20:00:00,탑선,,0,6,98.1719134485929,35.24,126.81
2023-04-01 21:00:00,경상대,,0,6,110.92072493060355,35.18,128.1
2023-04-01 21:00:00,고흥만수상,,0,6,110.53400367692309,34.57,127.3
2023-04-01 21:00:00,광양항세방,,0,6,110.71671404204594,34.93,127.71
2023-04-01 21:00:00,구미,,0,6,110.74300594531948,36.13,128.34
2023-04-01 21:00:00,삼천포,,0,6,110.98356060469689,34.95,128.07
2023-04-01 21:00:00,여수,,0,6,110.80933948433211,34.74,127.74
2023-04-01 21:00:00,영동,,0,6,110.42774596803402,37.18,128.46
2023-04-01 21:00:00,영흥,,0,6,108.92262492422266,37.26,126.46
2023-04-01 21:00:00,예천,,0,6,110.63286103991953,36.65,128.46
2023-04-01 21:00:00,창원,,0,6,111.27292765374911,35.21,128.58
2023-04-01 21:00:00,탑선,,0,6,109.91796078789359,35.24,126.81
2023-04-01 22:00:00,경상대,,0,6,121.77188585582837,35.18,128.1
2023-04-01 22:00:00,고흥만수상,,0,6,121.55260258234536,34.57,127.3
2023-04-01 22:00:00,광양항세방,,0,6,121.64160828577727,34.93,127.71
2023-04-01 22:00:00,구미,,0,6,121.40588823720313,36.13,128.34
2023-04-01 22:00:00,삼천포,,0,6,121.87782884673611,34.95,128.07
2023-04-01 22:00:00,여수,,0,6,121.76555625070098,34.74,127.74
2023-04-01 22:00:00,영동,,0,6,120.89158157086507,37.18,128.46
2023-04-01 22:00:00,영흥,,0,6,119.52510793219854,37.26,126.46
2023-04-01 22:00:00,예천,,0,6,121.19264924979191,36.65,128.46
2023-04-01 22:00:00,창원,,0,6,122.08182479941892,35.21,128.58
2023-04-01 22:00:00,탑선,,0,6,120.85432475300918,35.24,126.81
2023-04-01 23:00:00,경상대,,0,6,131.06986704540492,35.18,128.1
2023-04-01 23:00:00,고흥만수상,,0,6,131.0749377250772,34.57,127.3
2023-04-01 23:00:00,광양항세방,,0,6,131.04027073177042,34.93,127.71
2023-04-01 23:00:00,구미,,0,6,130.4883411226633,36.13,128.34
2023-04-01 23:00:00,삼천포,,0,6,131.224220526478,34.95,128.07
2023-04-01 23:00:00,여수,,0,6,131.19683674475533,34.74,127.74
2023-04-01 23:00:00,영동,,0,6,129.7563496164594,37.18,128.46
2023-04-01 23:00:00,영흥,,0,6,128.64089964580208,37.26,126.46
2023-04-01 23:00:00,예천,,0,6,130.15884492419505,36.65,128.46
2023-04-01 23:00:00,창원,,0,6,131.30832439335023,35.21,128.58
2023-04-01 23:00:00,탑선,,0,6,130.3116628494287,35.24,126.81
2023-04-02 00:00:00,경상대,,0,6,137.68847805209498,35.18,128.1
2023-04-02 00:00:00,고흥만수상,,0,6,137.98156080149272,34.57,127.3
2023-04-02 00:00:00,광양항세방,,0,6,137.79082090115983,34.93,127.71
2023-04-02 00:00:00,구미,,0,6,136.8878083878903,36.13,128.34
2023-04-02 00:00:00,삼천포,,0,6,137.89022520490818,34.95,128.07
2023-04-02 00:00:00,여수,,0,6,137.9746007342173,34.74,127.74
2023-04-02 00:00:00,영동,,0,6,135.951130657323,37.18,128.46
2023-04-02 00:00:00,영흥,,0,6,135.25164670903416,37.26,126.46
2023-04-02 00:00:00,예천,,0,6,136.44284860536456,36.65,128.46
2023-04-02 00:00:00,창원,,0,6,137.81264370215666,35.21,128.58
2023-04-02 00:00:00,탑선,,0,6,137.20497492233858,35.24,126.81
2023-04-02 01:00:00,경상대,,0,6,140.21544373286375,35.18,128.1
2023-04-02 01:00:00,고흥만수상,,0,6,140.81138814332672,34.57,127.3
2023-04-02 01:00:00,광양항세방,,0,6,140.4604677168872,34.93,127.71
2023-04-02 01:00:00,구미,,0,6,139.26682493207846,36.13,128.34
2023-04-02 01:00:00,삼천포,,0,6,140.44516436616465,34.95,128.07
2023-04-02 01:00:00,여수,,0,6,140.65092540507186,34.74,127.74
2023-04-02 01:00:00,영동,,0,6,138.21704483836936,37.18,128.46
2023-04-02 01:00:00,영흥,,0,6,138.0950737231018,37.26,126.46
2023-04-02 01:00:00,예천,,0,6,138.7470279314365,36.65,128.46
2023-04-02 01:00:00,창원,,0,6,140.18685370027674,35.21,128.58
2023-04-02 01:00:00,탑선,,0,6,140.1263645347736,35.24,126.81
2023-04-02 02:00:00,경상대,,0,6,137.8915697768477,35.18,128.1
2023-04-02 02:00:00,고흥만수상,,0,6,138.70036886406058,34.57,127.3
2023-04-02 02:00:00,광양항세방,,0,6,138.24234026304146,34.93,127.71
2023-04-02 02:00:00,구미,,0,6,136.9378061385546,36.13,128.34
2023-04-02 02:00:00,삼천포,,0,6,138.11392492171467,34.95,128.07
2023-04-02 02:00:00,여수,,0,6,138.40982478281802,34.74,127.74
2023-04-02 02:00:00,영동,,0,6,135.92758598295273,37.18,128.46
2023-04-02 02:00:00,영흥,,0,6,136.40672907928914,37.26,126.46
2023-04-02 02:00:00,예천,,0,6,136.41946635677417,36.65,128.46
2023-04-02 02:00:00,창원,,0,6,137.7144521751147,35.21,128.58
2023-04-02 02:00:00,탑선,,0,6,138.21542858331514,35.24,126.81
2023-04-02 03:00:00,경상대,,0,6,131.41913934611125,35.18,128.1
2023-04-02 03:00:00,고흥만수상,,0,6,132.30975130863175,34.57,127.3
2023-04-02 03:00:00,광양항세방,,0,6,131.81717408400345,34.93,127.71
2023-04-02 03:00:00,구미,,0,6,130.57382495813886,36.13,128.34
2023-04-02 03:00:00,삼천포,,0,6,131.6085104686409,34.95,128.07
2023-04-02 03:00:00,여수,,0,6,131.94474391898765,34.74,127.74
2023-04-02 03:00:00,영동,,0,6,129.71386068727514,37.18,128.46
2023-04-02 03:00:00,영흥,,0,6,130.6590220799476,37.26,126.46
2023-04-02 03:00:00,예천,,0,6,130.1167802695251,36.65,128.46
2023-04-02 03:00:00,창원,,0,6,131.13750240368705,35.21,128.58
2023-04-02 03:00:00,탑선,,0,6,132.05566569788314,35.24,126.81
2023-04-02 04:00:00,경상대,,0,6,122.20685834994748,35.18,128.1
2023-04-02 04:00:00,고흥만수상,,0,6,123.09283923274214,34.57,127.3
2023-04-02 04:00:00,광양항세방,,0,6,122.61144086075694,34.93,127.71
2023-04-02 04:00:00,구미,,0,6,121.5106068942665,36.13,128.34
2023-04-02 04:00:00,삼천포,,0,6,122.35612457510514,34.95,128.07
2023-04-02 04:00:00,여수,,0,6,122.69812922975089,34.74,127.74
2023-04-02 04:00:00,영동,,0,6,120.83466822154585,37.18,128.46
2023-04-02 04:00:00,영흥,,0,6,122.08046277083187,37.26,126.46
2023-04-02 04:00:00,예천,,0,6,121.13646154625488,36.65,128.46
2023-04-02 04:00:00,창원,,0,6,121.86470959612191,35.21,128.58
2023-04-02 04:00:00,탑선,,0,6,123.03895446220841,35.24,126.81
2023-04-02 05:00:00,경상대,,0,6,111.40012190061029,35.18,128.1
2023-04-02 05:00:00,고흥만수상,,0,6,112.24097731744098,34.57,127.3
2023-04-02 05:00:00,광양항세방,,0,6,111.79096822214669,34.93,127.71
2023-04-02 05:00:00,구미,,0,6,110.85478494097308,36.13,128.34
2023-04-02 05:00:00,삼천포,,0,6,111.51082076148688,34.95,128.07
2023-04-02 05:00:00,여수,,0,6,111.84146418863648,34.74,127.74
2023-04-02 05:00:00,영동,,0,6,110.35849699042865,37.18,128.46
2023-04-02 05:00:00,영흥,,0,6,111.78437495079446,37.26,126.46
2023-04-02 05:00:00,예천,,0,6,110.5646250223149,36.65,128.46
2023-04-02 05:00:00,창원,,0,6,111.02597263149246,35.21,128.58
2023-04-02 05:00:00,탑선,,0,6,112.34689531162218,35.24,126.81
2023-04-02 06:00:00,경상대,,0,6,99.71314677565245,35.18,128.1
2023-04-02 06:00:00,고흥만수상,,0,6,100.48998781319203,34.57,127.3
2023-04-02 06:00:00,광양항세방,,0,6,100.08022556101281,34.93,127.71
2023-04-02 06:00:00,구미,,0,6,99.31202706891115,36.13,128.34
2023-04-02 06:00:00,삼천포,,0,6,99.78811146134838,34.95,128.07
2023-04-02 06:00:00,여수,,0,6,100.09895792478169,34.74,127.74
2023-04-02 06:00:00,영동,,0,6,98.9841196544774,37.18,128.46
2023-04-02 06:00:00,영흥,,0,6,100.51351016294616,37.26,126.46
2023-04-02 06:00:00,예천,,0,6,99.10229425906542,36.65,128.46
2023-04-02 06:00:00,창원,,0,6,99.3238814766245,35.21,128.58
2023-04-02 06:00:00,탑선,,0,6,100.72543846226932,35.24,126.81
2023-04-02 07:00:00,경상대,,0,6,87.58430138560954,35.18,128.1
2023-04-02 07:00:00,고흥만수상,,0,6,88.28439036876368,34.57,127.3
2023-04-02 07:00:00,광양항세방,,0,6,87.92086858280166,34.93,127.71
2023-04-02 07:00:00,구미,,0,6,87.32418670122723,36.13,128.34
2023-04-02 07:00:00,삼천포,,0,6,87.62508458653895,34.95,128.07
2023-04-02 07:00:00,여수,,0,6,87.91047893685297,34.74,127.74
2023-04-02 07:00:00,영동,,0,6,87.15843405364396,37.18,128.46
2023-04-02 07:00:00,영흥,,0,6,88.74040546319017,37.26,126.46
2023-04-02 07:00:00,예천,,0,6,87.19316899077427,36.65,128.46
2023-04-02 07:00:00,창원,,0,6,87.19091466758938,35.21,128.58
2023-04-02 07:00:00,탑선,,0,6,88.6305307760433,35.24,126.81
2023-04-02 08:00:00,경상대,260.3,5,6,75.3240993466671,35.18,128.1
2023-04-02 08:00:00,고흥만수상,269.67499999999995,4,6,75.93271327985157,34.57,127.3
2023-04-02 08:00:00,광양항세방,215.48000000000002,5,6,75.62286624894037,34.93,127.71
2023-04-02 08:00:00,구미,257.52000000000004,5,6,75.20962496714611,36.13,128.34
2023-04-02 08:00:00,삼천포,273.4,5,6,75.33018538284388,34.95,128.07
2023-04-02 08:00:00,여수,256.02000000000004,5,6,75.58401762112206,34.74,127.74
2023-04-02 08:00:00,영동,257.78,5,6,75.20879163560855,37.18,128.46
2023-04-02 08:00:00,영흥,191.09999999999997,4,6,76.80256414694338,37.26,126.46
2023-04-02 08:00:00,예천,250.7,5,6,75.15984754730542,36.65,128.46
2023-04-02 08:00:00,창원,262.94,5,6,74.93569680952174,35.21,128.58
2023-04-02 08:00:00,탑선,241.825,4,6,76.3796379081273,35.24,126.81
2023-04-02 09:00:00,경상대,372.3999999999999,6,6,63.2241418914501,35.18,128.1
2023-04-02 09:00:00,고흥만수상,447.21666666666664,6,6,63.718284751997935,34.57,127.3
2023-04-02 09:00:00,광양항세방,393.1833333333334,6,6,63.4742695901141,34.93,127.71
2023-04-02 09:00:00,구미,435.5833333333333,6,6,63.270790346017264,36.13,128.34
2023-04-02 09:00:00,삼천포,476.2,6,6,63.192418409179126,34.95,128.07
2023-04-02 09:00:00,여수,443.2166666666667,6,6,63.40558663031478,34.74,127.74
2023-04-02 09:00:00,영동,432.5,6,6,63.448987052635424,37.18,128.46
2023-04-02 09:00:00,영흥,334.8,6,6,65.01047172664104,37.26,126.46
2023-04-02 09:00:00,예천,415.71666666666664,6,6,63.31059292632698,36.65,128.46
2023-04-02 09:00:00,창원,450.3166666666666,6,6,62.851254567701375,35.21,128.58
2023-04-02 09:00:00,탑선,407.6666666666667,6,6,64.26261735907383,35.24,126.81
2023-04-02 10:00:00,경상대,618.58,5,5,51.671429726130086,35.18,128.1
2023-04-02 10:00:00,고흥만수상,618.34,5,5,52.01142108396845,34.57,127.3
2023-04-02 10:00:00,광양항세방,561.2800000000001,5,5,51.85451011899535,34.93,127.71
2023-04-02 10:00:00,구미,598.5600000000001,5,5,51.909209758181355,36.13,128.34
2023-04-02 10:00:00,삼천포,654.54,5,5,51.595499803449904,34.95,128.07
2023-04-02 10:00:00,여수,611.2,5,5,51.75249355489439,34.74,127.74
2023-04-02 10:00:00,영동,586.6800000000001,5,5,52.29415922099153,37.18,128.46
2023-04-02 10:00:00,영흥,494.9599999999999,5,5,53.758245917782936,37.26,126.46
2023-04-02 10:00:00,예천,555.1400000000001,5,5,52.05448927395564,36.65,128.46
2023-04-02 10:00:00,창원,613.76,5,5,51.33052704964607,35.21,128.58
2023-04-02 10:00:00,탑선,570.78,5,5,52.65320965625689,35.24,126.81
2023-04-02 11:00:00,경상대,749.3333333333334,6,6,41.340156835370664,35.18,128.1
2023-04-02 11:00:00,고흥만수상,757.7166666666667,6,6,41.45683870243674,34.57,127.3
2023-04-02 11:00:00,광양항세방,706.6333333333333,6,6,41.42396384758521,34.93,127.71
2023-04-02 11:00:00,구미,712.7833333333333,6,6,41.814696379810144,36.13,128.34
2023-04-02 11:00:00,삼천포,799.1666666666666,6,6,41.2103563130335,34.95,128.07
2023-04-02 11:00:00,여수,744.1,6,6,41.28386101672784,34.74,127.74
2023-04-02 11:00:00,영동,711.2666666666668,6,6,42.44495027572711,37.18,128.46
2023-04-02 11:00:00,영흥,637.2166666666667,6,6,43.694149203134735,37.26,126.46
2023-04-02 11:00:00,예천,663.2500000000001,6,6,42.08871664735711,36.65,128.46
2023-04-02 11:00:00,창원,746.0333333333333,6,6,41.062054372634606,35.21,128.58
2023-04-02 11:00:00,탑선,700.9166666666666,6,6,42.190295737984734,35.24,126.81
2023-04-02 12:00:00,경상대,815.9333333333334,6,6,33.53999959740941,35.18,128.1
2023-04-02 12:00:00,고흥만수상,829.6833333333334,6,6,33.33049543624843,34.57,127.3
2023-04-02 12:00:00,광양항세방,787.3833333333333,6,6,33.475491470973644,34.93,127.71
2023-04-02 12:00:00,구미,770.6833333333334,6,6,34.28766652412355,36.13,128.34
2023-04-02 12:00:00,삼천포,873.6,6,6,33.34981995240035,34.95,128.07
2023-04-02 12:00:00,여수,810.0999999999999,6,6,33.2978291712614,34.74,127.74
2023-04-02 12:00:00,영동,774.0833333333334,6,6,35.17962205638301,37.18,128.46
2023-04-02 12:00:00,영흥,722.2833333333333,6,6,36.00084027912646,37.26,126.46
2023-04-02 12:00:00,예천,714.2166666666667,6,6,34.70621819456766,36.65,128.46
2023-04-02 12:00:00,창원,811.1833333333333,6,6,33.381794291409186,35.21,128.58
2023-04-02 12:00:00,탑선,767.8666666666667,6,6,34.11175615300812,35.24,126.81
2023-04-02 13:00:00,경상대,828.7333333333335,6,6,30.3855545946303,35.18,128.1
2023-04-02 13:00:00,고흥만수상,847.7833333333333,6,6,29.792526601734465,34.57,127.3
2023-04-02 13:00:00,광양항세방,814.7000000000002,6,6,30.141432550808936,34.93,127.71
2023-04-02 13:00:00,구미,779.5333333333334,6,6,31.334134061692374,36.13,128.34
2023-04-02 13:00:00,삼천포,887.8333333333334,6,6,30.155859496720872,34.95,128.07
2023-04-02 13:00:00,여수,826.1666666666666,6,6,29.95087605513026,34.74,127.74
2023-04-02 13:00:00,영동,788.15,6,6,32.38405818025952,37.18,128.46
2023-04-02 13:00:00,영흥,769.2166666666667,6,6,32.51431195160365,37.26,126.46
2023-04-02 13:00:00,예천,716.9666666666666,6,6,31.854039264885344,36.65,128.46
2023-04-02 13:00:00,창원,825.4333333333333,6,6,30.41427369526319,35.21,128.58
2023-04-02 13:00:00,탑선,788.4666666666666,6,6,30.48097368425436,35.24,126.81
2023-04-02 14:00:00,경상대,823.65,6,6,33.25372021932309,35.18,128.1
2023-04-02 14:00:00,고흥만수상,849.0833333333334,6,6,32.4125882860486,34.57,127.3
2023-04-02 14:00:00,광양항세방,798.9000000000001,6,6,32.88555318991616,34.93,127.71
2023-04-02 14:00:00,구미,754.7166666666666,6,6,34.18751562028389,36.13,128.34
2023-04-02 14:00:00,삼천포,863.1999999999999,6,6,33.03829424049892,34.95,128.07
2023-04-02 14:00:00,여수,824.5666666666667,6,6,32.72744610998178,34.74,127.74
2023-04-02 14:00:00,영동,781.5166666666668,6,6,35.16750722913804,37.18,128.46
2023-04-02 14:00:00,영흥,763.2166666666667,6,6,34.56705119771579,37.26,126.46
2023-04-02 14:00:00,예천,718.5,6,6,34.69452584076036,36.65,128.46
2023-04-02 14:00:00,창원,821.7666666666665,6,6,33.46314880541508,35.21,128.58
2023-04-02 14:00:00,탑선,788.8666666666667,6,6,32.84080450807715,35.24,126.81
2023-04-02 15:00:00,경상대,768.4499999999999,6,6,40.87479602519215,35.18,128.1
2023-04-02 15:00:00,고흥만수상,795.4,6,6,39.97910412910086,34.57,127.3
2023-04-02 15:00:00,광양항세방,715.3833333333333,6,6,40.469901804006625,34.93,127.71
2023-04-02 15:00:00,구미,725.1333333333333,6,6,41.64879785835651,36.13,128.34
2023-04-02 15:00:00,삼천포,808.0666666666666,6,6,40.705369034675904,34.95,128.07
2023-04-02 15:00:00,여수,774.8333333333334,6,6,40.36319421681678,34.74,127.74
2023-04-02 15:00:00,영동,726.6166666666667,6,6,42.42259121780262,37.18,128.46
2023-04-02 15:00:00,영흥,705.9333333333334,6,6,41.323887250752804,37.26,126.46
2023-04-02 15:00:00,예천,675.65,6,6,42.06715504077341,36.65,128.46
2023-04-02 15:00:00,창원,767.9333333333334,6,6,41.191309120657266,35.21,128.58
2023-04-02 15:00:00,탑선,746.4833333333332,6,6,40.13020227948011,35.24,126.81
2023-04-02 16:00:00,경상대,653.65,6,6,51.112758318540656,35.18,128.1
2023-04-02 16:00:00,고흥만수상,683.85,6,6,50.255625651994485,34.57,127.3
2023-04-02 16:00:00,광양항세방,605.3666666666667,6,6,50.716340262462786,34.93,127.71
2023-04-02 16:00:00,구미,616.75,6,6,51.70548528075154,36.13,128.34
2023-04-02 16:00:00,삼천포,677.2666666666668,6,6,50.9906645350281,34.95,128.07
2023-04-02 16:00:00,여수,662.4666666666667,6,6,50.65547334980398,34.74,127.74
2023-04-02 16:00:00,영동,621.1,6,6,52.262104282277875,37.18,128.46
2023-04-02 16:00:00,영흥,593.1166666666667,6,6,50.8914652639064,37.26,126.46
2023-04-02 16:00:00,예천,582.1666666666666,6,6,52.023518367583726,36.65,128.46
2023-04-02 16:00:00,창원,656.0500000000001,6,6,51.47937769730606,35.21,128.58
2023-04-02 16:00:00,탑선,646.3666666666667,6,6,50.19553525641803,35.24,126.81
2023-04-02 17:00:00,경상대,485.41666666666674,6,6,62.61543673139684,35.18,128.1
2023-04-02 17:00:00,고흥만수상,513.9499999999999,6,6,61.82727215701226,34.57,127.3
2023-04-02 17:00:00,광양항세방,439.9666666666667,6,6,62.24388238614644,34.93,127.71
2023-04-02 17:00:00,구미,465.2333333333333,6,6,63.04267652199158,36.13,128.34
2023-04-02 17:00:00,삼천포,497.29999999999995,6,6,62.53469623123719,34.95,128.07
2023-04-02 17:00:00,여수,497.5833333333334,6,6,62.22026943010994,34.74,127.74
2023-04-02 17:00:00,영동,466.1000000000001,6,6,63.40579259209643,37.18,128.46
2023-04-02 17:00:00,영흥,433.86666666666673,6,6,61.895588554323,37.26,126.46
2023-04-02 17:00:00,예천,439.1333333333334,6,6,63.2687068657367,36.65,128.46
2023-04-02 17:00:00,창원,491.4333333333332,6,6,63.00303926480756,35.21,128.58
2023-04-02 17:00:00,탑선,494.3500000000001,6,6,61.611966296925274,35.24,126.81
2023-04-02 18:00:00,경상대,289.06666666666666,6,6,74.68593290242886,35.18,128.1
2023-04-02 18:00:00,고흥만수상,257.35,6,6,73.97855413905582,34.57,127.3
2023-04-02 18:00:00,광양항세방,249.78333333333333,6,6,74.34622041185365,34.93,127.71
2023-04-02 18:00:00,구미,274.1166666666667,6,6,74.96209695352091,36.13,128.34
2023-04-02 18:00:00,삼천포,287.99999999999994,6,6,74.64195986167286,34.95,128.07
2023-04-02 18:00:00,여수,294.9,6,6,74.35414180024186,34.74,127.74
2023-04-02 18:00:00,영동,277.3666666666666,6,6,75.15137786379623,37.18,128.46
2023-04-02 18:00:00,영흥,251.56666666666663,6,6,73.5751699615626,37.26,126.46
2023-04-02 18:00:00,예천,261.59999999999997,6,6,75.10394070285945,36.65,128.46
2023-04-02 18:00:00,창원,289.1333333333333,6,6,75.07932769081226,35.21,128.58
2023-04-02 18:00:00,탑선,302.85,6,6,73.64193806397748,35.24,126.81
2023-04-02 19:00:00,경상대,,0,6,86.9273004191545,35.18,128.1
2023-04-02 19:00:00,고흥만수상,,0,6,86.31070175903047,34.57,127.3
2023-04-02 19:00:00,광양항세방,,0,6,86.62492352281508,34.93,127.71
2023-04-02 19:00:00,구미,,0,6,87.05781808487514,36.13,128.34
2023-04-02 19:00:00,삼천포,,0,6,86.91811913885763,34.95,128.07
2023-04-02 19:00:00,여수,,0,6,86.66151710612402,34.74,127.74
2023-04-02 19:00:00,영동,,0,6,87.08208934853027,37.18,128.46
2023-04-02 19:00:00,영흥,145.0,1,6,85.4875180826382,37.26,126.46
2023-04-02 19:00:00,예천,,0,6,87.11852408041486,36.65,128.46
2023-04-02 19:00:00,창원,,0,6,87.31654797267554,35.21,128.58
2023-04-02 19:00:00,탑선,178.6,1,6,85.87161746192835,35.24,126.81
2023-04-02 20:00:00,경상대,,0,6,99.04421577425839,35.18,128.1
2023-04-02 20:00:00,고흥만수상,,0,6,98.53312632133702,34.57,127.3
2023-04-02 20:00:00,광양항세방,,0,6,98.78645710972177,34.93,127.71
2023-04-02 20:00:00,구미,,0,6,99.02475403104181,36.13,128.34
2023-04-02 20:00:00,삼천포,,0,6,99.07032950993874,34.95,128.07
2023-04-02 20:00:00,여수,,0,6,98.8510688702662,34.74,127.74
2023-04-02 20:00:00,영동,,0,6,98.88207704383343,37.18,128.46
2023-04-02 20:00:00,영흥,,0,6,97.30995762582802,37.26,126.46
2023-04-02 20:00:00,예천,,0,6,99.00213720252137,36.65,128.46
2023-04-02 20:00:00,창원,,0,6,99.42017192122961,35.21,128.58
2023-04-02 20:00:00,탑선,,0,6,98.00142046359741,35.24,126.81
2023-04-02 21:00:00,경상대,,0,6,110.72648910496011,35.18,128.1
2023-04-02 21:00:00,고흥만수상,,0,6,110.3449342536116,34.57,127.3
2023-04-02 21:00:00,광양항세방,,0,6,110.52471485233896,34.93,127.71
2023-04-02 21:00:00,구미,,0,6,110.54274168299266,36.13,128.34
2023-04-02 21:00:00,삼천포,,0,6,110.79074199794198,34.95,128.07
2023-04-02 21:00:00,여수,,0,6,110.61840939127158,34.74,127.74
2023-04-02 21:00:00,영동,,0,6,110.22120085458259,37.18,128.46
2023-04-02 21:00:00,영흥,,0,6,108.71937140797151,37.26,126.46
2023-04-02 21:00:00,예천,,0,6,110.42935553139063,36.65,128.46
2023-04-02 21:00:00,창원,,0,6,111.07756933247353,35.21,128.58
2023-04-02 21:00:00,탑선,,0,6,109.72584185216525,35.24,126.81
2023-04-02 22:00:00,경상대,,0,6,121.54102930881717,35.18,128.1
2023-04-02 22:00:00,고흥만수상,,0,6,121.32742772636897,34.57,127.3
2023-04-02 22:00:00,광양항세방,,0,6,121.41325596853818,34.93,127.71
2023-04-02 22:00:00,구미,,0,6,121.16925207212269,36.13,128.34
2023-04-02 22:00:00,삼천포,,0,6,121.64830946952532,34.95,128.07
2023-04-02 22:00:00,여수,,0,6,121.5381566953329,34.74,127.74
2023-04-02 22:00:00,영동,,0,6,120.6491342867882,37.18,128.46
2023-04-02 22:00:00,영흥,,0,6,119.28783101493153,37.26,126.46
2023-04-02 22:00:00,예천,,0,6,120.9529410216741,36.65,128.46
2023-04-02 22:00:00,창원,,0,6,121.84938713515129,35.21,128.58
2023-04-02 22:00:00,탑선,,0,6,120.62687746321654,35.24,126.81
2023-04-02 23:00:00,경상대,,0,6,130.78771697148704,35.18,128.1
2023-04-02 23:00:00,고흥만수상,,0,6,130.7984839581694,34.57,127.3
2023-04-02 23:00:00,광양항세방,,0,6,130.7606767717736,34.93,127.71
2023-04-02 23:00:00,구미,,0,6,130.20138675463306,36.13,128.34
2023-04-02 23:00:00,삼천포,,0,6,130.94315450727868,34.95,128.07
2023-04-02 23:00:00,여수,,0,6,130.91794231619915,34.74,127.74
2023-04-02 23:00:00,영동,,0,6,129.46483236384094,37.18,128.46
2023-04-02 23:00:00,영흥,,0,6,128.35621394622456,37.26,126.46
2023-04-02 23:00:00,예천,,0,6,129.86938391855455,36.65,128.46
2023-04-02 23:00:00,창원,,0,6,131.02420543792311,35.21,128.58
2023-04-02 23:00:00,탑선,,0,6,130.03416221508758,35.24,126.81
2023-04-03 00:00:00,경상대,,0,6,137.34734047728637,35.18,128.1
2023-04-03 00:00:00,고흥만수상,,0,6,137.64474083301386,34.57,127.3
2023-04-03 00:00:00,광양항세방,,0,6,137.45166054867758,34.93,127.71
2023-04-03 00:00:00,구미,,0,6,136.54400228443978,36.13,128.34
2023-04-03 00:00:00,삼천포,,0,6,137.54965253000447,34.95,128.07
2023-04-03 00:00:00,여수,,0,6,137.63571443150377,34.74,127.74
2023-04-03 00:00:00,영동,,0,6,135.60505825952862,37.18,128.46
2023-04-03 00:00:00,영흥,,0,6,134.91236634572022,37.26,126.46
2023-04-03 00:00:00,예천,,0,6,136.09769084953712,36.65,128.46
2023-04-03 00:00:00,창원,,0,6,137.46965456859078,35.21,128.58
2023-04-03 00:00:00,탑선,,0,6,136.86860696448963,35.24,126.81
2023-04-03 01:00:00,경상대,,0,6,139.83102907738575,35.18,128.1
2023-04-03 01:00:00,고흥만수상,,0,6,140.42843877813962,34.57,127.3
2023-04-03 01:00:00,광양항세방,,0,6,140.0767421095387,34.93,127.71
2023-04-03 01:00:00,구미,,0,6,138.88200208475968,36.13,128.34
2023-04-03 01:00:00,삼천포,,0,6,140.06080568860838,34.95,128.07
2023-04-03 01:00:00,여수,,0,6,140.26715403154873,34.74,127.74
2023-04-03 01:00:00,영동,,0,6,137.8320317493322,37.18,128.46
2023-04-03 01:00:00,영흥,,0,6,137.71344156846902,37.26,126.46
2023-04-03 01:00:00,예천,,0,6,138.3620142846476,36.65,128.46
2023-04-03 01:00:00,창원,,0,6,139.8016439076092,35.21,128.58
2023-04-03 01:00:00,탑선,,0,6,139.74429561701623,35.24,126.81
2023-04-03 02:00:00,경상대,,0,6,137.50261342169526,35.18,128.1
2023-04-03 02:00:00,고흥만수상,,0,6,138.31094677800013,34.57,127.3
2023-04-03 02:00:00,광양항세방,,0,6,137.8531343887785,34.93,127.71
2023-04-03 02:00:00,구미,,0,6,136.5486371051661,36.13,128.34
2023-04-03 02:00:00,삼천포,,0,6,137.72504865915056,34.95,128.07
2023-04-03 02:00:00,여수,,0,6,138.02073205801327,34.74,127.74
2023-04-03 02:00:00,영동,,0,6,135.5380752094277,37.18,128.46
2023-04-03 02:00:00,영흥,,0,6,136.01584391693427,37.26,126.46
2023-04-03 02:00:00,예천,,0,6,136.03017539668454,36.65,128.46
2023-04-03 02:00:00,창원,,0,6,137.32594977138905,35.21,128.58
2023-04-03 02:00:00,탑선,,0,6,137.82534687464732,35.24,126.81
2023-04-03 03:00:00,경상대,,0,6,131.05504321482084,35.18,128.1
2023-04-03 03:00:00,고흥만수상,,0,6,131.94531934824153,34.57,127.3
2023-04-03 03:00:00,광양항세방,,0,6,131.45281551268195,34.93,127.71
2023-04-03 03:00:00,구미,,0,6,130.20816701483676,36.13,128.34
2023-04-03 03:00:00,삼천포,,0,6,131.24486225533283,34.95,128.07
2023-04-03 03:00:00,여수,,0,6,131.5808685223156,34.74,127.74
2023-04-03 03:00:00,영동,,0,6,129.34628488577795,37.18,128.46
2023-04-03 03:00:00,영흥,,0,6,130.2876263413333,37.26,126.46
2023-04-03 03:00:00,예천,,0,6,129.7502749707907,36.65,128.46
2023-04-03 03:00:00,창원,,0,6,130.77433675621108,35.21,128.58
2023-04-03 03:00:00,탑선,,0,6,131.68879099038213,35.24,126.81
2023-04-03 04:00:00,경상대,,0,6,121.8739787842986,35.18,128.1
2023-04-03 04:00:00,고흥만수상,,0,6,122.76052413284418,34.57,127.3
2023-04-03 04:00:00,광양항세방,,0,6,122.27867282651349,34.93,127.71
2023-04-03 04:00:00,구미,,0,6,121.1749039234955,36.13,128.34
2023-04-03 04:00:00,삼천포,,0,6,122.02399824114985,34.95,128.07
2023-04-03 04:00:00,여수,,0,6,122.36609361292918,34.74,127.74
2023-04-03 04:00:00,영동,,0,6,120.49568752934283,37.18,128.46
2023-04-03 04:00:00,영흥,,0,6,121.7375492134296,37.26,126.46
2023-04-03 04:00:00,예천,,0,6,120.79923123754753,36.65,128.46
2023-04-03 04:00:00,창원,,0,6,121.532660157627,35.21,128.58
2023-04-03 04:00:00,탑선,,0,6,122.70332119205841,35.24,126.81
2023-04-03 05:00:00,경상대,,0,6,111.09290265688793,35.18,128.1
2023-04-03 05:00:00,고흥만수상,,0,6,111.93516727958448,34.57,127.3
2023-04-03 05:00:00,광양항세방,,0,6,111.48423767944398,34.93,127.71
2023-04-03 05:00:00,구미,,0,6,110.54396242016978,36.13,128.34
2023-04-03 05:00:00,삼천포,,0,6,111.20452732478222,34.95,128.07
2023-04-03 05:00:00,여수,,0,6,111.53558067452913,34.74,127.74
2023-04-03 05:00:00,영동,,0,6,110.04359429415985,37.18,128.46
2023-04-03 05:00:00,영흥,,0,6,111.46637952484879,37.26,126.46
2023-04-03 05:00:00,예천,,0,6,110.25185063341192,36.65,128.46
2023-04-03 05:00:00,창원,,0,6,110.71931043375515,35.21,128.58
2023-04-03 05:00:00,탑선,,0,6,112.03754609926344,35.24,126.81
2023-04-03 06:00:00,경상대,,0,6,99.42311544193785,35.18,128.1
2023-04-03 06:00:00,고흥만수상,,0,6,100.2020398243918,34.57,127.3
2023-04-03 06:00:00,광양항세방,,0,6,99.79099466562198,34.93,127.71
2023-04-03 06:00:00,구미,,0,6,99.01792402323736,36.13,128.34
2023-04-03 06:00:00,삼천포,,0,6,99.49910112147388,34.95,128.07
2023-04-03 06:00:00,여수,,0,6,99.81062080319629,34.74,127.74
2023-04-03 06:00:00,영동,,0,6,98.68548550408399,37.18,128.46
2023-04-03 06:00:00,영흥,,0,6,100.21284584178545,37.26,126.46
2023-04-03 06:00:00,예천,,0,6,98.80598443453064,36.65,128.46
2023-04-03 06:00:00,창원,,0,6,99.03411919819189,35.21,128.58
2023-04-03 06:00:00,탑선,,0,6,100.43400279340344,35.24,126.81
2023-04-03 07:00:00,경상대,,0,6,87.30285264012664,35.18,128.1
2023-04-03 07:00:00,고흥만수상,,0,6,88.00560682232938,34.57,127.3
2023-04-03 07:00:00,광양항세방,,0,6,87.64049402394991,34.93,127.71
2023-04-03 07:00:00,구미,,0,6,87.03833335279201,36.13,128.34
2023-04-03 07:00:00,삼천포,,0,6,87.34472075481152,34.95,128.07
2023-04-03 07:00:00,여수,,0,6,87.63101964258031,34.74,127.74
2023-04-03 07:00:00,영동,,0,6,86.86775902630112,37.18,128.46
2023-04-03 07:00:00,영흥,,0,6,88.4487972909883,37.26,126.46
2023-04-03 07:00:00,예천,,0,6,86.90493158143893,36.65,128.46
2023-04-03 07:00:00,창원,,0,6,86.90945513692824,35.21,128.58
2023-04-03 07:00:00,탑선,,0,6,88.34840078665785,35.24,126.81
2023-04-03 08:00:00,경상대,263.62,5,6,75.04255715722566,35.18,128.1
2023-04-03 08:00:00,고흥만수상,256.65999999999997,5,6,75.65440962862077,34.57,127.3
2023-04-03 08:00:00,광양항세방,219.26,5,6,75.34266988170657,34.93,127.71
2023-04-03 08:00:00,구미,250.01999999999998,5,6,74.92339450574687,36.13,128.34
2023-04-03 08:00:00,삼천포,276.46,5,6,75.04978151510133,34.95,128.07
2023-04-03 08:00:00,여수,260.34000000000003,5,6,75.30474850658078,34.74,127.74
2023-04-03 08:00:00,영동,255.94,5,6,74.91752453267414,37.18,128.46
2023-04-03 08:00:00,영흥,196.45000000000002,4,6,76.51152639528391,37.26,126.46
2023-04-03 08:00:00,예천,244.56,5,6,74.87108906864236,36.65,128.46
2023-04-03 08:00:00,창원,265.56000000000006,5,6,74.6538519589805,35.21,128.58
2023-04-03 08:00:00,탑선,251.825,4,6,76.09817291443348,35.24,126.81
2023-04-03 09:00:00,경상대,450.0833333333333,6,6,62.932937226644924,35.18,128.1
2023-04-03 09:00:00,고흥만수상,446.5,6,6,63.43092454509586,34.57,127.3
2023-04-03 09:00:00,광양항세방,399.06666666666666,6,6,63.1847002340001,34.93,127.71
2023-04-03 09:00:00,구미,427.61666666666673,6,6,62.97467709025575,36.13,128.34
2023-04-03 09:00:00,삼천포,475.2,6,6,62.90239080203369,34.95,128.07
2023-04-03 09:00:00,여수,447.98333333333335,6,6,63.11694060508635,34.74,127.74
2023-04-03 09:00:00,영동,434.6333333333334,6,6,63.147729526908854,37.18,128.46
2023-04-03 09:00:00,영흥,339.85,6,6,64.7107715215266,37.26,126.46
2023-04-03 09:00:00,예천,408.8333333333333,6,6,63.01185264402403,36.65,128.46
2023-04-03 09:00:00,창원,453.0,6,6,62.55941227686783,35.21,128.58
2023-04-03 09:00:00,탑선,408.7,6,6,63.97236984553915,35.24,126.81
2023-04-03 10:00:00,경상대,617.72,5,5,51.35917667519167,35.18,128.1
2023-04-03 10:00:00,고흥만수상,616.52,5,5,51.70356893963405,34.57,127.3
2023-04-03 10:00:00,광양항세방,561.04,5,5,51.5441664511168,34.93,127.71
2023-04-03 10:00:00,구미,587.1,5,5,51.592081992144614,36.13,128.34
2023-04-03 10:00:00,삼천포,653.9399999999999,5,5,51.28440203674615,34.95,128.07
2023-04-03 10:00:00,여수,612.72,5,5,51.443014322680206,34.74,127.74
2023-04-03 10:00:00,영동,591.9000000000001,5,5,51.972109489827865,37.18,128.46
2023-04-03 10:00:00,영흥,475.75999999999993,5,5,53.439287725860844,37.26,126.46
2023-04-03 10:00:00,예천,555.1600000000001,5,5,51.73478915736101,36.65,128.46
2023-04-03 10:00:00,창원,617.86,5,5,51.017245774094455,35.21,128.58
2023-04-03 10:00:00,탑선,562.72,5,5,52.34298362162453,35.24,126.81
2023-04-03 11:00:00,경상대,752.6999999999999,6,6,40.99446227376334,35.18,128.1
2023-04-03 11:00:00,고흥만수상,762.85,6,6,41.115554793531274,34.57,127.3
2023-04-03 11:00:00,광양항세방,696.85,6,6,41.080215782689294,34.93,127.71
2023-04-03 11:00:00,구미,710.8333333333334,6,6,41.46498768040464,36.13,128.34
2023-04-03 11:00:00,삼천포,797.9333333333334,6,6,40.865600374009894,34.95,128.07
2023-04-03 11:00:00,여수,746.2333333333335,6,6,40.94076485615177,34.74,127.74
2023-04-03 11:00:00,영동,717.0166666666665,6,6,42.091443166395884,37.18,128.46
2023-04-03 11:00:00,영흥,631.8166666666667,6,6,43.34501214493581,37.26,126.46
2023-04-03 11:00:00,예천,667.1333333333333,6,6,41.73694743017138,36.65,128.46
2023-04-03 11:00:00,창원,749.3000000000001,6,6,40.71501501122282,35.21,128.58
2023-04-03 11:00:00,탑선,678.8333333333334,6,6,41.847657254261925,35.24,126.81
2023-04-03 12:00:00,경상대,815.7333333333335,6,6,33.157626655285966,35.18,128.1
2023-04-03 12:00:00,고흥만수상,829.8666666666667,6,6,32.95057553851103,34.57,127.3
2023-04-03 12:00:00,광양항세방,777.4666666666667,6,6,33.094207008371015,34.93,127.71
2023-04-03 12:00:00,구미,768.7833333333333,6,6,33.903749459664255,36.13,128.34
2023-04-03 12:00:00,삼천포,869.9499999999999,6,6,32.96779937296075,34.95,128.07
2023-04-03 12:00:00,여수,812.9333333333334,6,6,32.916747549518476,34.74,127.74
2023-04-03 12:00:00,영동,778.6333333333333,6,6,34.79445071916824,37.18,128.46
2023-04-03 12:00:00,영흥,709.7833333333333,6,6,35.618834515303625,37.26,126.46
2023-04-03 12:00:00,예천,713.6999999999999,6,6,34.32156169192933,36.65,128.46
2023-04-03 12:00:00,창원,814.6666666666666,6,6,32.99849444845679,35.21,128.58
2023-04-03 12:00:00,탑선,769.4166666666666,6,6,33.73185459583282,35.24,126.81
2023-04-03 13:00:00,경상대,830.7666666666668,6,6,30.000687715348995,35.18,128.1
2023-04-03 13:00:00,고흥만수상,851.7000000000002,6,6,29.40611380099523,34.57,127.3
2023-04-03 13:00:00,광양항세방,804.9166666666666,6,6,29.755797805616822,34.93,127.71
2023-04-03 13:00:00,구미,788.6166666666667,6,6,30.949759580364287,36.13,128.34
2023-04-03 13:00:00,삼천포,890.0166666666665,6,6,29.770926520718035,34.95,128.07
2023-04-03 13:00:00,여수,824.8000000000001,6,6,29.565287994591813,34.74,127.74
2023-04-03 13:00:00,영동,793.7333333333335,6,6,31.99991921022187,37.18,128.46
2023-04-03 13:00:00,영흥,761.8166666666667,6,6,32.126837339393276,37.26,126.46
2023-04-03 13:00:00,예천,725.2666666666665,6,6,31.469902870718634,36.65,128.46
2023-04-03 13:00:00,창원,827.4833333333335,6,6,30.030399334392136,35.21,128.58
2023-04-03 13:00:00,탑선,790.1,6,6,30.093800652403644,35.24,126.81
2023-04-03 14:00:00,경상대,827.9166666666666,6,6,32.926299629084234,35.18,128.1
2023-04-03 14:00:00,고흥만수상,851.4,6,6,32.083065951967264,34.57,127.3
2023-04-03 14:00:00,광양항세방,793.8166666666666,6,6,32.55697730454404,34.93,127.71
2023-04-03 14:00:00,구미,778.3666666666667,6,6,33.85831499497208,36.13,128.34
2023-04-03 14:00:00,삼천포,873.6333333333333,6,6,32.71145806673837,34.95,128.07
2023-04-03 14:00:00,여수,827.2166666666667,6,6,32.39961921988293,34.74,127.74
2023-04-03 14:00:00,영동,786.4666666666666,6,6,34.835777052929195,37.18,128.46
2023-04-03 14:00:00,영흥,744.6166666666667,6,6,34.22628558972963,37.26,126.46
2023-04-03 14:00:00,예천,733.1500000000001,6,6,34.364331752163764,36.65,128.46
2023-04-03 14:00:00,창원,829.6833333333334,6,6,33.13801399856814,35.21,128.58
2023-04-03 14:00:00,탑선,792.6999999999999,6,6,32.50686802214112,35.24,126.81
2023-04-03 15:00:00,경상대,773.1666666666666,6,6,40.61921146566743,35.18,128.1
2023-04-03 15:00:00,고흥만수상,797.6,6,6,39.723749181280986,34.57,127.3
2023-04-03 15:00:00,광양항세방,724.6833333333334,6,6,40.214153332024104,34.93,127.71
2023-04-03 15:00:00,구미,729.8833333333333,6,6,41.38863060307556,36.13,128.34
2023-04-03 15:00:00,삼천포,811.35,6,6,40.45104082086055,34.95,128.07
2023-04-03 15:00:00,여수,778.2333333333332,6,6,40.10872237498281,34.74,127.74
2023-04-03 15:00:00,영동,736.7833333333333,6,6,42.15698170503535,37.18,128.46
2023-04-03 15:00:00,영흥,689.1333333333333,6,6,41.04973130659436,37.26,126.46
2023-04-03 15:00:00,예천,688.1166666666667,6,6,41.80450704025866,36.65,128.46
2023-04-03 15:00:00,창원,776.2333333333335,6,6,40.937563219758864,35.21,128.58
2023-04-03 15:00:00,탑선,732.4666666666666,6,6,39.86872317986812,35.24,126.81
2023-04-03 16:00:00,경상대,660.6,6,6,50.90873499954554,35.18,128.1
2023-04-03 16:00:00,고흥만수상,670.2666666666667,6,6,50.053598632006384,34.57,127.3
2023-04-03 16:00:00,광양항세방,598.0500000000001,6,6,50.51296959820403,34.93,127.71
2023-04-03 16:00:00,구미,530.5333333333334,6,6,51.495749812695756,36.13,128.34
2023-04-03 16:00:00,삼천포,680.4499999999999,6,6,50.78811955058831,34.95,128.07
2023-04-03 16:00:00,여수,655.3166666666667,6,6,50.45347685661863,34.74,127.74
2023-04-03 16:00:00,영동,627.9,6,6,52.04583890565147,37.18,128.46
2023-04-03 16:00:00,영흥,573.85,6,6,50.66934661725647,37.26,126.46
2023-04-03 16:00:00,예천,581.9333333333334,6,6,51.81068439958507,36.65,128.46
2023-04-03 16:00:00,창원,665.7166666666666,6,6,51.27641129887065,35.21,128.58
2023-04-03 16:00:00,탑선,627.5166666666668,6,6,49.98761060915354,35.24,126.81
2023-04-03 17:00:00,경상대,490.8333333333333,6,6,62.44120159524577,35.18,128.1
2023-04-03 17:00:00,고흥만수상,522.5500000000001,6,6,61.65600716649824,34.57,127.3
2023-04-03 17:00:00,광양항세방,429.1666666666667,6,6,62.07077701170307,34.93,127.71
2023-04-03 17:00:00,구미,471.4666666666667,6,6,62.8624743869799,36.13,128.34
2023-04-03 17:00:00,삼천포,475.9166666666667,6,6,62.36195750514467,34.95,128.07
2023-04-03 17:00:00,여수,479.6666666666666,6,6,62.04848155580727,34.74,127.74
2023-04-03 17:00:00,영동,468.6666666666667,6,6,63.21889651070571,37.18,128.46
2023-04-03 17:00:00,영흥,415.4666666666667,6,6,61.70527780449403,37.26,126.46
2023-04-03 17:00:00,예천,444.6833333333334,6,6,63.085259568042815,36.65,128.46
2023-04-03 17:00:00,창원,502.09999999999997,6,6,62.82925788755421,35.21,128.58
2023-04-03 17:00:00,탑선,483.15000000000003,6,6,61.435490110321936,35.24,126.81
2023-04-03 18:00:00,경상대,288.75000000000006,6,6,74.52503625216116,35.18,128.1
2023-04-03 18:00:00,고흥만수상,308.1,6,6,73.82123315875943,34.57,127.3
2023-04-03 18:00:00,광양항세방,242.11666666666667,6,6,74.18676114959888,34.93,127.71
2023-04-03 18:00:00,구미,284.34999999999997,6,6,74.79522618675998,36.13,128.34
2023-04-03 18:00:00,삼천포,304.56666666666666,6,6,74.48253014380434,34.95,128.07
2023-04-03 18:00:00,여수,305.48333333333335,6,6,74.19592209685953,34.74,127.74
2023-04-03 18:00:00,영동,275.93333333333334,6,6,74.9779068751565,37.18,128.46
2023-04-03 18:00:00,영흥,247.85,6,6,73.4001968437475,37.26,126.46
2023-04-03 18:00:00,예천,266.93333333333334,6,6,74.9338190182653,36.65,128.46
2023-04-03 18:00:00,창원,298.79999999999995,6,6,74.91843952407756,35.21,128.58
2023-04-03 18:00:00,탑선,302.81666666666666,6,6,73.48005017975888,35.24,126.81
2023-04-03 19:00:00,경상대,,0,6,86.76690849469705,35.18,128.1
2023-04-03 19:00:00,고흥만수상,182.1,1,6,86.15438340388387,34.57,127.3
2023-04-03 19:00:00,광양항세방,,0,6,86.4662225544736,34.93,127.71
2023-04-03 19:00:00,구미,,0,6,86.89146031323646,36.13,128.34
2023-04-03 19:00:00,삼천포,,0,6,86.7591685361111,34.95,128.07
2023-04-03 19:00:00,여수,,0,6,86.50399066801407,34.74,127.74
2023-04-03 19:00:00,영동,,0,6,86.90924429660375,37.18,128.46
2023-04-03 19:00:00,영흥,166.6,1,6,85.31477936187827,37.26,126.46
2023-04-03 19:00:00,예천,,0,6,86.9489248349663,36.65,128.46
2023-04-03 19:00:00,창원,,0,6,87.15579356555949,35.21,128.58
2023-04-03 19:00:00,탑선,179.9,1,6,85.71126793182435,35.24,126.81
2023-04-03 20:00:00,경상대,,0,6,98.87280743472968,35.18,128.1
2023-04-03 20:00:00,고흥만수상,,0,6,98.36630516928804,34.57,127.3
2023-04-03 20:00:00,광양항세방,,0,6,98.61699774210942,34.93,127.71
2023-04-03 20:00:00,구미,,0,6,98.84735587040852,36.13,128.34
2023-04-03 20:00:00,삼천포,,0,6,98.9003480672787,34.95,128.07
2023-04-03 20:00:00,여수,,0,6,98.68273049404799,34.74,127.74
2023-04-03 20:00:00,영동,,0,6,98.69828718641297,37.18,128.46
2023-04-03 20:00:00,영흥,,0,6,97.12782060534072,37.26,126.46
2023-04-03 20:00:00,예천,,0,6,98.82149698337331,36.65,128.46
2023-04-03 20:00:00,창원,,0,6,99.24803770052566,35.21,128.58
2023-04-03 20:00:00,탑선,,0,6,97.83105154783202,35.24,126.81
2023-04-03 21:00:00,경상대,,0,6,110.53202352390853,35.18,128.1
2023-04-03 21:00:00,고흥만수상,,0,6,110.15561488424237,34.57,127.3
2023-04-03 21:00:00,광양항세방,,0,6,110.3324785336664,34.93,127.71
2023-04-03 21:00:00,구미,,0,6,110.34229706322444,36.13,128.34
2023-04-03 21:00:00,삼천포,,0,6,110.5976812119064,34.95,128.07
2023-04-03 21:00:00,여수,,0,6,110.42723102480758,34.74,127.74
2023-04-03 21:00:00,영동,,0,6,110.01453207853658,37.18,128.46
2023-04-03 21:00:00,영흥,,0,6,108.5160284224721,37.26,126.46
2023-04-03 21:00:00,예천,,0,6,110.22569689276015,36.65,128.46
2023-04-03 21:00:00,창원,,0,6,110.88197502186641,35.21,128.58
2023-04-03 21:00:00,탑선,,0,6,109.53351860248179,35.24,126.81
2023-04-03 22:00:00,경상대,,0,6,121.3098004719564,35.18,128.1
2023-04-03 22:00:00,고흥만수상,,0,6,121.10183641391541,34.57,127.3
2023-04-03 22:00:00,광양항세방,,0,6,121.18451315939019,34.93,127.71
2023-04-03 22:00:00,구미,,0,6,120.93231363520374,36.13,128.34
2023-04-03 22:00:00,삼천포,,0,6,121.41840069128048,34.95,128.07
2023-04-03 22:00:00,여수,,0,6,121.31035246246296,34.74,127.74
2023-04-03 22:00:00,영동,,0,6,120.40646065168454,37.18,128.46
2023-04-03 22:00:00,영흥,,0,6,119.05033192544255,37.26,126.46
2023-04-03 22:00:00,예천,,0,6,120.71296841969783,36.65,128.46
2023-04-03 22:00:00,창원,,0,6,121.61657935420016,35.21,128.58
2023-04-03 22:00:00,탑선,,0,6,120.39906413007827,35.24,126.81
2023-04-03 23:00:00,경상대,,0,6,130.50539637139718,35.18,128.1
2023-04-03 23:00:00,고흥만수상,,0,6,130.52178460995958,34.57,127.3
2023-04-03 23:00:00,광양항세방,,0,6,130.4808797301864,34.93,127.71
2023-04-03 23:00:00,구미,,0,6,129.91434738848943,36.13,128.34
2023-04-03 23:00:00,삼천포,,0,6,130.66189758108993,34.95,128.07
2023-04-03 23:00:00,여수,,0,6,130.6388293891181,34.74,127.74
2023-04-03 23:00:00,영동,,0,6,129.1733164324971,37.18,128.46
2023-04-03 23:00:00,영흥,,0,6,128.07148058922914,37.26,126.46
2023-04-03 23:00:00,예천,,0,6,129.57988297635654,36.65,128.46
2023-04-03 23:00:00,창원,,0,6,130.73993294616383,35.21,128.58
2023-04-03 23:00:00,탑선,,0,6,129.75645998766333,35.24,126.81
2023-04-04 00:00:00,경상대,,0,6,137.00673638070072,35.18,128.1
2023-04-04 00:00:00,고흥만수상,,0,6,137.3083688425865,34.57,127.3
2023-04-04 00:00:00,광양항세방,,0,6,137.11299535700192,34.93,127.71
2023-04-04 00:00:00,구미,,0,6,136.20079640833325,36.13,128.34
2023-04-04 00:00:00,삼천포,,0,6,137.2095981389899,34.95,128.07
2023-04-04 00:00:00,여수,,0,6,137.2973136638405,34.74,127.74
2023-04-04 00:00:00,영동,,0,6,135.2596465251538,37.18,128.46
2023-04-04 00:00:00,영흥,,0,6,134.57364436689795,37.26,126.46
2023-04-04 00:00:00,예천,,0,6,135.75316720081736,36.65,128.46
2023-04-04 00:00:00,창원,,0,6,137.1272296492946,35.21,128.58
2023-04-04 00:00:00,탑선,,0,6,136.53269924114807,35.24,126.81
2023-04-04 01:00:00,경상대,,0,6,139.44799022637625,35.18,128.1
2023-04-04 01:00:00,고흥만수상,,0,6,140.04682816941028,34.57,127.3
2023-04-04 01:00:00,광양항세방,,0,6,139.69437510705197,34.93,127.71
2023-04-04 01:00:00,구미,,0,6,138.4985683135231,36.13,128.34
2023-04-04 01:00:00,삼천포,,0,6,139.67782053208552,34.95,128.07
2023-04-04 01:00:00,여수,,0,6,139.884741456835,34.74,127.74
2023-04-04 01:00:00,영동,,0,6,137.44841594055333,37.18,128.46
2023-04-04 01:00:00,영흥,,0,6,137.33313261515426,37.26,126.46
2023-04-04 01:00:00,예천,,0,6,137.97839602396874,36.65,128.46
2023-04-04 01:00:00,창원,,0,6,139.41782875110334,35.21,128.58
2023-04-04 01:00:00,탑선,,0,6,139.3635487449579,35.24,126.81
2023-04-04 02:00:00,경상대,,0,6,137.11522485995755,35.18,128.1
2023-04-04 02:00:00,고흥만수상,,0,6,137.9230971927992,34.57,127.3
2023-04-04 02:00:00,광양항세방,,0,6,137.46549893345184,34.93,127.71
2023-04-04 02:00:00,구미,,0,6,136.16103985621407,36.13,128.34
2023-04-04 02:00:00,삼천포,,0,6,137.33773882538108,34.95,128.07
2023-04-04 02:00:00,여수,,0,6,137.63320807749437,34.74,127.74
2023-04-04 02:00:00,영동,,0,6,135.1501414171383,37.18,128.46
2023-04-04 02:00:00,영흥,,0,6,135.62654873649268,37.26,126.46
2023-04-04 02:00:00,예천,,0,6,135.64245833862677,36.65,128.46
2023-04-04 02:00:00,창원,,0,6,136.9390096426506,35.21,128.58
2023-04-04 02:00:00,탑선,,0,6,137.43684607197903,35.24,126.81
2023-04-04 03:00:00,경상대,,0,6,130.6922205037606,35.18,128.1
2023-04-04 03:00:00,고흥만수상,,0,6,131.5821553231724,34.57,127.3
2023-04-04 03:00:00,광양항세방,,0,6,131.08972940521716,34.93,127.71
2023-04-04 03:00:00,구미,,0,6,129.84381170768958,36.13,128.34
2023-04-04 03:00:00,삼천포,,0,6,130.88247945058976,34.95,128.07
2023-04-04 03:00:00,여수,,0,6,131.21825773482502,34.74,127.74
2023-04-04 03:00:00,영동,,0,6,128.9800442575386,37.18,128.46
2023-04-04 03:00:00,영흥,,0,6,129.91760553825597,37.26,126.46
2023-04-04 03:00:00,예천,,0,6,129.38508762266574,36.65,128.46
2023-04-04 03:00:00,창원,,0,6,130.41243553248512,35.21,128.58
2023-04-04 03:00:00,탑선,,0,6,131.32321966121052,35.24,126.81
2023-04-04 04:00:00,경상대,,0,6,121.54215520560298,35.18,128.1
2023-04-04 04:00:00,고흥만수상,,0,6,122.42924328071365,34.57,127.3
2023-04-04 04:00:00,광양항세방,,0,6,121.9469524053433,34.93,127.71
2023-04-04 04:00:00,구미,,0,6,120.84029701303254,36.13,128.34
2023-04-04 04:00:00,삼천포,,0,6,121.6929176579996,34.95,128.07
2023-04-04 04:00:00,여수,,0,6,122.03509661486517,34.74,127.74
2023-04-04 04:00:00,영동,,0,6,120.15784583233035,37.18,128.46
2023-04-04 04:00:00,영흥,,0,6,121.3957943142242,37.26,126.46
2023-04-04 04:00:00,예천,,0,6,120.46311812170435,36.65,128.46
2023-04-04 04:00:00,창원,,0,6,121.20166455381533,35.21,128.58
2023-04-04 04:00:00,탑선,,0,6,122.36875718349128,35.24,126.81
2023-04-04 05:00:00,경상대,,0,6,110.78673335209135,35.18,128.1
2023-04-04 05:00:00,고흥만수상,,0,6,111.63037942010925,34.57,127.3
2023-04-04 05:00:00,광양항세방,,0,6,111.17854547400671,34.93,127.71
2023-04-04 05:00:00,구미,,0,6,110.23422662032803,36.13,128.34
2023-04-04 05:00:00,삼천포,,0,6,110.89927484680184,34.95,128.07
2023-04-04 05:00:00,여수,,0,6,111.23072825466829,34.74,127.74
2023-04-04 05:00:00,영동,,0,6,109.72981666842806,37.18,128.46
2023-04-04 05:00:00,영흥,,0,6,111.14950515497566,37.26,126.46
2023-04-04 05:00:00,예천,,0,6,109.94018242758409,36.65,128.46
2023-04-04 05:00:00,창원,,0,6,110.41370184241491,35.21,128.58
2023-04-04 05:00:00,탑선,,0,6,111.72924313817818,35.24,126.81
2023-04-04 06:00:00,경상대,,0,6,99.13428063214165,35.18,128.1
2023-04-04 06:00:00,고흥만수상,,0,6,99.91526103862049,34.57,127.3
2023-04-04 06:00:00,광양항세방,,0,6,99.5029483846451,34.93,127.71
2023-04-04 06:00:00,구미,,0,6,98.72504586001743,36.13,128.34
2023-04-04 06:00:00,삼천포,,0,6,99.2112806522502,34.95,128.07
2023-04-04 06:00:00,여수,,0,6,99.52346342820604,34.74,127.74
2023-04-04 06:00:00,영동,,0,6,98.38810467938536,37.18,128.46
2023-04-04 06:00:00,영흥,,0,6,99.91341455072842,37.26,126.46
2023-04-04 06:00:00,예천,,0,6,98.51091443789488,36.65,128.46
2023-04-04 06:00:00,창원,,0,6,98.7455605176387,35.21,128.58
2023-04-04 06:00:00,탑선,,0,6,100.14374893706929,35.24,126.81
2023-04-04 07:00:00,경상대,,0,6,87.02283822356763,35.18,128.1
2023-04-04 07:00:00,고흥만수상,,0,6,87.72823389784374,34.57,127.3
2023-04-04 07:00:00,광양항세방,,0,6,87.36154308450391,34.93,127.71
2023-04-04 07:00:00,구미,,0,6,86.7539324692761,36.13,128.34
2023-04-04 07:00:00,삼천포,,0,6,87.06578722977243,34.95,128.07
2023-04-04 07:00:00,여수,,0,6,87.35298153419077,34.74,127.74
2023-04-04 07:00:00,영동,,0,6,86.57855318093112,37.18,128.46
2023-04-04 07:00:00,영흥,,0,6,88.15862797357767,37.26,126.46
2023-04-04 07:00:00,예천,,0,6,86.61815601186653,36.65,128.46
2023-04-04 07:00:00,창원,,0,6,86.62943883424471,35.21,128.58
2023-04-04 07:00:00,탑선,,0,6,88.06768362797496,35.24,126.81
2023-04-04 08:00:00,경상대,222.94,5,6,74.76273843728649,35.18,128.1
2023-04-04 08:00:00,고흥만수상,216.54000000000002,5,6,75.37781210040662,34.57,127.3
2023-04-04 08:00:00,광양항세방,171.67999999999998,5,6,75.06418875784892,34.93,127.71
2023-04-04 08:00:00,구미,192.24,5,6,74.63889329362647,36.13,128.34
2023-04-04 08:00:00,삼천포,228.02000000000004,5,6,74.77110015930081,34.95,128.07
2023-04-04 08:00:00,여수,217.23999999999995,5,6,75.02719485794064,34.74,127.74
2023-04-04 08:00:00,영동,242.32,5,6,74.62798954173499,37.18,128.46
2023-04-04 08:00:00,영흥,203.65,4,6,76.22218524065318,37.26,126.46
2023-04-04 08:00:00,예천,227.86000000000004,5,6,74.58406245424136,36.65,128.46
2023-04-04 08:00:00,창원,206.54000000000002,5,6,74.37374015076247,35.21,128.58
2023-04-04 08:00:00,탑선,205.58,5,6,75.81840599459638,35.24,126.81
2023-04-04 09:00:00,경상대,323.35,6,6,62.64375827505311,35.18,128.1
2023-04-04 09:00:00,고흥만수상,330.68333333333334,6,6,63.145583864791824,34.57,127.3
2023-04-04 09:00:00,광양항세방,359.45,6,6,62.8971530317787,34.93,127.71
2023-04-04 09:00:00,구미,277.8333333333333,6,6,62.68057866489718,36.13,128.34
2023-04-04 09:00:00,삼천포,367.25,6,6,62.61439198803123,34.95,128.07
2023-04-04 09:00:00,여수,365.56666666666666,6,6,62.830320241299106,34.74,127.74
2023-04-04 09:00:00,영동,379.1666666666667,6,6,62.84847177310327,37.18,128.46
2023-04-04 09:00:00,영흥,320.3833333333334,6,6,64.41303694045766,37.26,126.46
2023-04-04 09:00:00,예천,292.7,6,6,62.715120791684264,36.65,128.46
2023-04-04 09:00:00,창원,357.40000000000003,6,6,62.26960426477508,35.21,128.58
2023-04-04 09:00:00,탑선,385.6166666666666,6,6,63.684122573735884,35.24,126.81
2023-04-04 10:00:00,경상대,486.18,5,5,51.04918914052978,35.18,128.1
2023-04-04 10:00:00,고흥만수상,427.73999999999995,5,5,51.39799668133282,34.57,127.3
2023-04-04 10:00:00,광양항세방,403.73999999999995,5,5,51.236093715722234,34.93,127.71
2023-04-04 10:00:00,구미,520.08,5,5,51.27718571875524,36.13,128.34
2023-04-04 10:00:00,삼천포,468.23999999999995,5,5,50.97557838286418,34.95,128.07
2023-04-04 10:00:00,여수,421.4599999999999,5,5,51.13581366576704,34.74,127.74
2023-04-04 10:00:00,영동,399.58000000000004,5,5,51.65225319433971,37.18,128.46
2023-04-04 10:00:00,영흥,398.3,5,5,53.12250424326783,37.26,126.46
2023-04-04 10:00:00,예천,380.28,5,5,51.41730201504719,36.65,128.46
2023-04-04 10:00:00,창원,521.3599999999999,5,5,50.706233694704856,35.21,128.58
2023-04-04 10:00:00,탑선,421.6,5,5,52.035006715375204,35.24,126.81
2023-04-04 11:00:00,경상대,535.2333333333335,6,6,40.651035207347675,35.18,128.1
2023-04-04 11:00:00,고흥만수상,545.35,6,6,40.77658444111116,34.57,127.3
2023-04-04 11:00:00,광양항세방,552.8333333333334,6,6,40.73875494112874,34.93,127.71
2023-04-04 11:00:00,구미,669.6166666666667,6,6,41.117490338369144,36.13,128.34
2023-04-04 11:00:00,삼천포,552.5999999999999,6,6,40.52312567511416,34.95,128.07
2023-04-04 11:00:00,여수,603.9,6,6,40.599966697342055,34.74,127.74
2023-04-04 11:00:00,영동,542.5,6,6,41.740091712556094,37.18,128.46
2023-04-04 11:00:00,영흥,456.6833333333334,6,6,42.99805312184159,37.26,126.46
2023-04-04 11:00:00,예천,654.7833333333334,6,6,41.3873605291449,36.65,128.46
2023-04-04 11:00:00,창원,585.9499999999999,6,6,40.370234477698475,35.21,128.58
2023-04-04 11:00:00,탑선,483.3333333333333,6,6,41.50729905433986,35.24,126.81
2023-04-04 12:00:00,경상대,746.9333333333334,6,6,32.777104085232935,35.18,128.1
2023-04-04 12:00:00,고흥만수상,589.3499999999999,6,6,32.572556799034075,34.57,127.3
2023-04-04 12:00:00,광양항세방,638.5,6,6,32.71479530309659,34.93,127.71
2023-04-04 12:00:00,구미,655.3666666666667,6,6,33.521646791881196,36.13,128.34
2023-04-04 12:00:00,삼천포,798.7666666666665,6,6,32.58763770464763,34.95,128.07
2023-04-04 12:00:00,여수,698.1500000000001,6,6,32.53754420580954,34.74,127.74
2023-04-04 12:00:00,영동,715.2666666666668,6,6,34.41106406018335,37.18,128.46
2023-04-04 12:00:00,영흥,610.9,6,6,35.23866928677615,37.26,126.46
2023-04-04 12:00:00,예천,702.8333333333334,6,6,33.93870245454922,36.65,128.46
2023-04-04 12:00:00,창원,729.7166666666667,6,6,32.6170271186747,35.21,128.58
2023-04-04 12:00:00,탑선,423.1000000000001,6,6,33.35384749577066,35.24,126.81
2023-04-04 13:00:00,경상대,666.8000000000001,6,6,29.617520098399865,35.18,128.1
2023-04-04 13:00:00,고흥만수상,513.1833333333334,6,6,29.021381079294123,34.57,127.3
2023-04-04 13:00:00,광양항세방,504.21666666666664,6,6,29.371852608196683,34.93,127.71
2023-04-04 13:00:00,구미,779.75,6,6,30.56708549317804,36.13,128.34
2023-04-04 13:00:00,삼천포,729.6,6,6,29.38769324338289,34.95,128.07
2023-04-04 13:00:00,여수,711.75,6,6,29.18139120874919,34.74,127.74
2023-04-04 13:00:00,영동,723.8333333333334,6,6,31.61747736338942,37.18,128.46
2023-04-04 13:00:00,영흥,511.2,6,6,31.741018406764816,37.26,126.46
2023-04-04 13:00:00,예천,645.5,6,6,31.08746687662665,36.65,128.46
2023-04-04 13:00:00,창원,792.4666666666667,6,6,29.64823856573112,35.21,128.58
2023-04-04 13:00:00,탑선,411.8,6,6,29.70829415129902,35.24,126.81
2023-04-04 14:00:00,경상대,468.9166666666667,6,6,32.60130494952403,35.18,128.1
2023-04-04 14:00:00,고흥만수상,507.4000000000001,6,6,31.755983814791385,34.57,127.3
2023-04-04 14:00:00,광양항세방,482.26666666666665,6,6,32.23083075839532,34.93,127.71
2023-04-04 14:00:00,구미,656.8333333333334,6,6,33.531476350348086,36.13,128.34
2023-04-04 14:00:00,삼천포,677.0833333333333,6,6,32.38706528740638,34.95,128.07
2023-04-04 14:00:00,여수,569.5999999999999,6,6,32.07423863014376,34.74,127.74
2023-04-04 14:00:00,영동,703.0333333333333,6,6,34.50633883445424,37.18,128.46
2023-04-04 14:00:00,영흥,433.4666666666667,6,6,33.887731942445534,37.26,126.46
2023-04-04 14:00:00,예천,694.9833333333332,6,6,34.03646634899316,36.65,128.46
2023-04-04 14:00:00,창원,683.7666666666665,6,6,32.815322406858456,35.21,128.58
2023-04-04 14:00:00,탑선,587.1166666666667,6,6,32.17529573601621,35.24,126.81
2023-04-04 15:00:00,경상대,412.36666666666673,6,6,40.366226272447356,35.18,128.1
2023-04-04 15:00:00,고흥만수상,283.53333333333336,6,6,39.47105254954433,34.57,127.3
2023-04-04 15:00:00,광양항세방,416.98333333333335,6,6,39.96102911855291,34.93,127.71
2023-04-04 15:00:00,구미,537.8666666666667,6,6,41.13099099140401,36.13,128.34
2023-04-04 15:00:00,삼천포,565.9,6,6,40.19932947560514,34.95,128.07
2023-04-04 15:00:00,여수,446.5833333333333,6,6,39.856888694248745,34.74,127.74
2023-04-04 15:00:00,영동,345.8833333333334,6,6,41.8938269541726,37.18,128.46
2023-04-04 15:00:00,영흥,382.63333333333327,6,6,40.77804422943652,37.26,126.46
2023-04-04 15:00:00,예천,448.76666666666665,6,6,41.54434925177841,36.65,128.46
2023-04-04 15:00:00,창원,652.6166666666666,6,6,40.68640637251404,35.21,128.58
2023-04-04 15:00:00,탑선,291.55,6,6,39.60985744393118,35.24,126.81
2023-04-04 16:00:00,경상대,292.59999999999997,6,6,50.706853455968606,35.18,128.1
2023-04-04 16:00:00,고흥만수상,258.28333333333336,6,6,49.85376433615619,34.57,127.3
2023-04-04 16:00:00,광양항세방,272.3,6,6,50.311763775992624,34.93,127.71
2023-04-04 16:00:00,구미,383.45,6,6,51.288117989144915,36.13,128.34
2023-04-04 16:00:00,삼천포,324.96666666666664,6,6,50.587724616573695,34.95,128.07
2023-04-04 16:00:00,여수,279.9,6,6,50.253650052213786,34.74,127.74
2023-04-04 16:00:00,영동,355.46666666666664,6,6,51.83164123330987,37.18,128.46
2023-04-04 16:00:00,영흥,226.6833333333333,6,6,50.449360208202265,37.26,126.46
2023-04-04 16:00:00,예천,431.34999999999997,6,6,51.59993404696394,36.65,128.46
2023-04-04 16:00:00,창원,387.0833333333333,6,6,51.07556708388697,35.21,128.58
2023-04-04 16:00:00,탑선,207.5333333333334,6,6,49.78187535930944,35.24,126.81
2023-04-04 17:00:00,경상대,225.85,6,6,62.26850604783421,35.18,128.1
2023-04-04 17:00:00,고흥만수상,139.43333333333334,6,6,61.48631492020365,34.57,127.3
2023-04-04 17:00:00,광양항세방,147.6833333333333,6,6,61.89922714091556,34.93,127.71
2023-04-04 17:00:00,구미,194.41666666666666,6,6,62.68380110233407,36.13,128.34
2023-04-04 17:00:00,삼천포,228.36666666666667,6,6,62.19075985139753,34.95,128.07
2023-04-04 17:00:00,여수,158.88333333333333,6,6,61.878248288783425,34.74,127.74
2023-04-04 17:00:00,영동,198.39999999999998,6,6,63.033522823611584,37.18,128.46
2023-04-04 17:00:00,영흥,179.33333333333334,6,6,61.51656242688519,37.26,126.46
2023-04-04 17:00:00,예천,219.16666666666666,6,6,62.90333570008872,36.65,128.46
2023-04-04 17:00:00,창원,251.54999999999998,6,6,62.65699709864725,35.21,128.58
2023-04-04 17:00:00,탑선,128.06666666666666,6,6,61.260604574812646,35.24,126.81
2023-04-04 18:00:00,경상대,127.63333333333333,6,6,74.3651160595008,35.18,128.1
2023-04-04 18:00:00,고흥만수상,108.86666666666667,6,6,73.66490702212128,34.57,127.3
2023-04-04 18:00:00,광양항세방,107.80000000000001,6,6,74.02828796563055,34.93,127.71
2023-04-04 18:00:00,구미,136.1,6,6,74.62933925800267,36.13,128.34
2023-04-04 18:00:00,삼천포,130.74999999999997,6,6,74.32407410109181,34.95,128.07
2023-04-04 18:00:00,여수,119.16666666666667,6,6,74.03868427736666,34.74,127.74
2023-04-04 18:00:00,영동,111.46666666666665,6,6,74.80543266813027,37.18,128.46
2023-04-04 18:00:00,영흥,93.23333333333333,6,6,73.2262882034057,37.26,126.46
2023-04-04 18:00:00,예천,123.8,6,6,74.76468558940483,36.65,128.46
2023-04-04 18:00:00,창원,142.3833333333333,6,6,74.75851153339492,35.21,128.58
2023-04-04 18:00:00,탑선,109.16666666666667,6,6,73.31918519620343,35.24,126.81
2023-04-04 19:00:00,경상대,,0,6,86.60700468493833,35.18,128.1
2023-04-04 19:00:00,고흥만수상,95.0,1,6,85.99855936244255,34.57,127.3
2023-04-04 19:00:00,광양항세방,,0,6,86.30801400864131,34.93,127.71
2023-04-04 19:00:00,구미,,0,6,86.72561184437787,36.13,128.34
2023-04-04 19:00:00,삼천포,,0,6,86.60070009211086,34.95,128.07
2023-04-04 19:00:00,여수,,0,6,86.34695012313158,34.74,127.74
2023-04-04 19:00:00,영동,,0,6,86.73693619437877,37.18,128.46
2023-04-04 19:00:00,영흥,71.2,1,6,85.14263670360096,37.26,126.46
2023-04-04 19:00:00,예천,,0,6,86.77984686939314,36.65,128.46
2023-04-04 19:00:00,창원,,0,6,86.99551387212823,35.21,128.58
2023-04-04 19:00:00,탑선,125.5,1,6,85.55144708796728,35.24,126.81
2023-04-04 20:00:00,경상대,,0,6,98.7014801026468,35.18,128.1
2023-04-04 20:00:00,고흥만수상,,0,6,98.19955881778807,34.57,127.3
2023-04-04 20:00:00,광양항세방,,0,6,98.44761822634472,34.93,127.71
2023-04-04 20:00:00,구미,,0,6,98.67007357822823,36.13,128.34
2023-04-04 20:00:00,삼천포,,0,6,98.73043854498835,34.95,128.07
2023-04-04 20:00:00,여수,,0,6,98.51446317991245,34.74,127.74
2023-04-04 20:00:00,영동,,0,6,98.51465518634134,37.18,128.46
2023-04-04 20:00:00,영흥,,0,6,96.94588981339888,37.26,126.46
2023-04-04 20:00:00,예천,,0,6,98.64099206572175,36.65,128.46
2023-04-04 20:00:00,창원,,0,6,99.07597427195694,35.21,128.58
2023-04-04 20:00:00,탑선,,0,6,97.6607975591532,35.24,126.81
2023-04-04 21:00:00,경상대,,0,6,110.3373371983135,35.18,128.1
2023-04-04 21:00:00,고흥만수상,,0,6,109.96605235803924,34.57,127.3
2023-04-04 21:00:00,광양항세방,,0,6,110.14001310310952,34.93,127.71
2023-04-04 21:00:00,구미,,0,6,110.1416831431164,36.13,128.34
2023-04-04 21:00:00,삼천포,,0,6,110.40438679551603,34.95,128.07
2023-04-04 21:00:00,여수,,0,6,110.23581209269274,34.74,127.74
2023-04-04 21:00:00,영동,,0,6,109.80775272427779,37.18,128.46
2023-04-04 21:00:00,영흥,,0,6,108.31260659948447,37.26,126.46
2023-04-04 21:00:00,예천,,0,6,110.02189727092149,36.65,128.46
2023-04-04 21:00:00,창원,,0,6,110.68615445106366,35.21,128.58
2023-04-04 21:00:00,탑선,,0,6,109.34099841366255,35.24,126.81
2023-04-04 22:00:00,경상대,,0,6,121.07823255702007,35.18,128.1
2023-04-04 22:00:00,고흥만수상,,0,6,120.87585963835204,34.57,127.3
2023-04-04 22:00:00,광양항세방,,0,6,120.95541205296409,34.93,127.71
2023-04-04 22:00:00,구미,,0,6,120.69510767362792,36.13,128.34
2023-04-04 22:00:00,삼천포,,0,6,121.188135395806,34.95,128.07
2023-04-04 22:00:00,여수,,0,6,121.08217557135812,34.74,127.74
2023-04-04 22:00:00,영동,,0,6,120.16359679822494,37.18,128.46
2023-04-04 22:00:00,영흥,,0,6,118.81264348494453,37.26,126.46
2023-04-04 22:00:00,예천,,0,6,120.47276698909972,36.65,128.46
2023-04-04 22:00:00,창원,,0,6,121.38343558810637,35.21,128.58
2023-04-04 22:00:00,탑선,,0,6,120.17091569076581,35.24,126.81
2023-04-04 23:00:00,경상대,,0,6,130.2229674330903,35.18,128.1
2023-04-04 23:00:00,고흥만수상,,0,6,130.24490031897807,34.57,127.3
2023-04-04 23:00:00,광양항세방,,0,6,130.20094105184626,34.93,127.71
2023-04-04 23:00:00,구미,,0,6,129.62728563122445,36.13,128.34
2023-04-04 23:00:00,삼천포,,0,6,130.3805118859528,34.95,128.07
2023-04-04 23:00:00,여수,,0,6,130.3595594674215,34.74,127.74
2023-04-04 23:00:00,영동,,0,6,128.8818646293292,37.18,128.46
2023-04-04 23:00:00,영흥,,0,6,127.78675890628074,37.26,126.46
2023-04-04 23:00:00,예천,,0,6,129.29040490853276,36.65,128.46
2023-04-04 23:00:00,창원,,0,6,130.45557001210148,35.21,128.58
2023-04-04 23:00:00,탑선,,0,6,129.47861589055984,35.24,126.81
2023-04-05 00:00:00,경상대,,0,6,136.6667506790201,35.18,128.1
2023-04-05 00:00:00,고흥만수상,,0,6,136.9725295013872,34.57,127.3
2023-04-05 00:00:00,광양항세방,,0,6,136.77491007834294,34.93,127.71
2023-04-05 00:00:00,구미,,0,6,135.85827508964655,36.13,128.34
2023-04-05 00:00:00,삼천포,,0,6,136.87014713499917,34.95,128.07
2023-04-05 00:00:00,여수,,0,6,136.95948339912906,34.74,127.74
2023-04-05 00:00:00,영동,,0,6,134.91497910742012,37.18,128.46
2023-04-05 00:00:00,영흥,,0,6,134.23556228115655,37.26,126.46
2023-04-05 00:00:00,예천,,0,6,135.40936169943257,36.65,128.46
2023-04-05 00:00:00,창원,,0,6,136.78545431085274,35.21,128.58
2023-04-05 00:00:00,탑선,,0,6,136.197335248457,35.24,126.81
2023-04-05 01:00:00,경상대,,0,6,139.06642307218738,35.18,128.1
2023-04-05 01:00:00,고흥만수상,,0,6,139.66665178462625,34.57,127.3
2023-04-05 01:00:00,광양항세방,,0,6,139.31346236937563,34.93,127.71
2023-04-05 01:00:00,구미,,0,6,138.11661944229235,36.13,128.34
2023-04-05 01:00:00,삼천포,,0,6,139.2963048331306,34.95,128.07
2023-04-05 01:00:00,여수,,0,6,139.5037834239051,34.74,127.74
2023-04-05 01:00:00,영동,,0,6,137.06629306727942,37.18,128.46
2023-04-05 01:00:00,영흥,,0,6,136.95424082022294,37.26,126.46
2023-04-05 01:00:00,예천,,0,6,137.5962689391416,36.65,128.46
2023-04-05 01:00:00,창원,,0,6,139.03550450807268,35.21,128.58
2023-04-05 01:00:00,탑선,,0,6,138.98421879490513,35.24,126.81
2023-04-05 02:00:00,경상대,,0,6,136.7295189030928,35.18,128.1
2023-04-05 02:00:00,고흥만수상,,0,6,137.53693414209124,34.57,127.3
2023-04-05 02:00:00,광양항세방,,0,6,137.07954829693568,34.93,127.71
2023-04-05 02:00:00,구미,,0,6,135.7751287967764,36.13,128.34
2023-04-05 02:00:00,삼천포,,0,6,136.95211037795517,34.95,128.07
2023-04-05 02:00:00,여수,,0,6,137.24736744639392,34.74,127.74
2023-04-05 02:00:00,영동,,0,6,134.7638983737055,37.18,128.46
2023-04-05 02:00:00,영흥,,0,6,135.23895440216256,37.26,126.46
2023-04-05 02:00:00,예천,,0,6,135.25642935594743,36.65,128.46
2023-04-05 02:00:00,창원,,0,6,136.55374733144754,35.21,128.58
2023-04-05 02:00:00,탑선,,0,6,137.05003891458927,35.24,126.81
2023-04-05 03:00:00,경상대,,0,6,130.33080593153187,35.18,128.1
2023-04-05 03:00:00,고흥만수상,,0,6,131.22039414930376,34.57,127.3
2023-04-05 03:00:00,광양항세방,,0,6,130.72805050453775,34.93,127.71
2023-04-05 03:00:00,구미,,0,6,129.48089255546913,36.13,128.34
2023-04-05 03:00:00,삼천포,,0,6,130.52149709961208,34.95,128.07
2023-04-05 03:00:00,여수,,0,6,130.85704662363398,34.74,127.74
2023-04-05 03:00:00,영동,,0,6,128.61527094248453,37.18,128.46
2023-04-05 03:00:00,영흥,,0,6,129.54908982505455,37.26,126.46
2023-04-05 03:00:00,예천,,0,6,129.02135110485446,36.65,128.46
2023-04-05 03:00:00,창원,,0,6,130.05193383503408,35.21,128.58
2023-04-05 03:00:00,탑선,,0,6,130.95908510649969,35.24,126.81
2023-04-05 04:00:00,경상대,,0,6,121.21152922778813,35.18,128.1
2023-04-05 04:00:00,고흥만수상,,0,6,122.09913890126148,34.57,127.3
2023-04-05 04:00:00,광양항세방,,0,6,121.6164214524724,34.93,127.71
2023-04-05 04:00:00,구미,,0,6,120.50692675894949,36.13,128.34
2023-04-05 04:00:00,삼천포,,0,6,121.36302469275736,34.95,128.07
2023-04-05 04:00:00,여수,,0,6,121.70528030870827,34.74,127.74
2023-04-05 04:00:00,영동,,0,6,119.82128260968884,37.18,128.46
2023-04-05 04:00:00,영흥,,0,6,121.05533706179061,37.26,126.46
2023-04-05 04:00:00,예천,,0,6,120.12826224759718,36.65,128.46
2023-04-05 04:00:00,창원,,0,6,120.87186440875938,35.21,128.58
2023-04-05 04:00:00,탑선,,0,6,122.03540382257339,35.24,126.81
2023-04-05 05:00:00,경상대,,0,6,110.4817540870002,35.18,128.1
2023-04-05 05:00:00,고흥만수상,,0,6,111.32675432587635,34.57,127.3
2023-04-05 05:00:00,광양항세방,,0,6,110.87403191761116,34.93,127.71
2023-04-05 05:00:00,구미,,0,6,109.92571712164434,36.13,128.34
2023-04-05 05:00:00,삼천포,,0,6,110.59520354660364,34.95,128.07
2023-04-05 05:00:00,여수,,0,6,110.92704732726712,34.74,127.74
2023-04-05 05:00:00,영동,,0,6,109.41730313162756,37.18,128.46
2023-04-05 05:00:00,영흥,,0,6,110.83389110272964,37.26,126.46
2023-04-05 05:00:00,예천,,0,6,109.62975969865431,36.65,128.46
2023-04-05 05:00:00,창원,,0,6,110.10928683582476,35.21,128.58
2023-04-05 05:00:00,탑선,,0,6,111.42212677705189,35.24,126.81
2023-04-05 06:00:00,경상대,,0,6,98.8467785621001,35.18,128.1
2023-04-05 06:00:00,고흥만수상,,0,6,99.62978790586806,34.57,127.3
2023-04-05 06:00:00,광양항세방,,0,6,99.21622304515239,34.93,127.71
2023-04-05 06:00:00,구미,,0,6,98.4335286868579,36.13,128.34
2023-04-05 06:00:00,삼천포,,0,6,98.92478628449342,34.95,128.07
2023-04-05 06:00:00,여수,,0,6,99.23762212459475,34.74,127.74
2023-04-05 06:00:00,영동,,0,6,98.09211317015624,37.18,128.46
2023-04-05 06:00:00,영흥,,0,6,99.61535269335172,37.26,126.46
2023-04-05 06:00:00,예천,,0,6,98.21722030949942,36.65,128.46
2023-04-05 06:00:00,창원,,0,6,98.45834152591709,35.21,128.58
2023-04-05 06:00:00,탑선,,0,6,99.85481344161651,35.24,126.81
2023-04-05 07:00:00,경상대,,0,6,86.74439096671559,35.18,128.1
2023-04-05 07:00:00,고흥만수상,,0,6,87.4524044166151,34.57,127.3
2023-04-05 07:00:00,광양항세방,,0,6,87.08414860229158,34.93,127.71
2023-04-05 07:00:00,구미,,0,6,86.47111705437715,36.13,128.34
2023-04-05 07:00:00,삼천포,,0,6,86.78841679008752,34.95,128.07
2023-04-05 07:00:00,여수,,0,6,87.07649739562325,34.74,127.74
2023-04-05 07:00:00,영동,,0,6,86.29094969212646,37.18,128.46
2023-04-05 07:00:00,영흥,,0,6,87.8700309973334,37.26,126.46
2023-04-05 07:00:00,예천,,0,6,86.3329753671882,36.65,128.46
2023-04-05 07:00:00,창원,,0,6,86.35099851561385,35.21,128.58
2023-04-05 07:00:00,탑선,,0,6,87.78851237450274,35.24,126.81
2023-04-05 08:00:00,경상대,66.44000000000001,5,6,74.48477446383285,35.18,128.1
2023-04-05 08:00:00,고흥만수상,72.46,5,6,75.10305175093549,34.57,127.3
2023-04-05 08:00:00,광양항세방,59.620000000000005,5,6,74.78755406621045,34.93,127.71
2023-04-05 08:00:00,구미,78.25999999999999,5,6,74.35625294046798,36.13,128.34
2023-04-05 08:00:00,삼천포,90.08,5,6,74.4942725040678,34.95,128.07
2023-04-05 08:00:00,여수,71.78,5,6,74.75148778766615,34.74,127.74
2023-04-05 08:00:00,영동,107.92,5,6,74.34031858510218,37.18,128.46
2023-04-05 08:00:00,영흥,87.85999999999999,5,6,75.93467266545396,37.26,126.46
2023-04-05 08:00:00,예천,89.00000000000001,5,6,74.29889947554172,36.65,128.46
2023-04-05 08:00:00,창원,78.88,5,6,74.09549266565665,35.21,128.58
2023-04-05 08:00:00,탑선,77.7,5,6,75.54046848247319,35.24,126.81
2023-04-05 09:00:00,경상대,125.8,6,6,62.35673750360765,35.18,128.1
2023-04-05 09:00:00,고흥만수상,91.85000000000001,6,6,62.862394817105596,34.57,127.3
2023-04-05 09:00:00,광양항세방,63.96666666666667,6,6,62.6117602944349,34.93,127.71
2023-04-05 09:00:00,구미,90.91666666666667,6,6,62.388627848709774,36.13,128.34
2023-04-05 09:00:00,삼천포,107.64999999999999,6,6,62.32855435343404,34.95,128.07
2023-04-05 09:00:00,여수,71.11666666666666,6,6,62.545857789610515,34.74,127.74
2023-04-05 09:00:00,영동,111.90000000000002,6,6,62.55134680972262,37.18,128.46
2023-04-05 09:00:00,영흥,101.85000000000001,6,6,64.1174007152758,37.26,126.46
2023-04-05 09:00:00,예천,119.95,6,6,62.420530287188555,36.65,128.46
2023-04-05 09:00:00,창원,95.91666666666667,6,6,61.981963100569075,35.21,128.58
2023-04-05 09:00:00,탑선,82.36666666666666,6,6,63.39800779775645,35.24,126.81
2023-04-05 10:00:00,경상대,107.5,5,5,50.74160387082415,35.18,128.1
2023-04-05 10:00:00,고흥만수상,73.28,5,5,51.09484084252992,34.57,127.3
2023-04-05 10:00:00,광양항세방,85.85999999999999,5,5,50.93042856023786,34.93,127.71
2023-04-05 10:00:00,구미,128.98000000000002,5,5,50.96465755299371,36.13,128.34
2023-04-05 10:00:00,삼천포,95.98,5,5,50.66916561909711,34.95,128.07
2023-04-05 10:00:00,여수,104.97999999999999,5,5,50.83102826812467,34.74,127.74
2023-04-05 10:00:00,영동,114.7,5,5,51.33472666269301,37.18,128.46
2023-04-05 10:00:00,영흥,133.26,5,5,52.80803128312902,37.26,126.46
2023-04-05 10:00:00,예천,93.67999999999999,5,5,51.102164347465894,36.65,128.46
2023-04-05 10:00:00,창원,90.94,5,5,50.39762772489229,35.21,128.58
2023-04-05 10:00:00,탑선,89.4,5,5,51.72941522230565,35.24,126.81
2023-04-05 11:00:00,경상대,90.16666666666667,6,6,40.31001575547402,35.18,128.1
2023-04-05 11:00:00,고흥만수상,80.91666666666667,6,6,40.440068652599464,34.57,127.3
2023-04-05 11:00:00,광양항세방,55.099999999999994,6,6,40.39972182693095,34.93,127.71
2023-04-05 11:00:00,구미,124.23333333333333,6,6,40.772343072784246,36.13,128.34
2023-04-05 11:00:00,삼천포,76.86666666666667,6,6,40.18307266851406,34.95,128.07
2023-04-05 11:00:00,여수,73.7,6,6,40.26160730952231,34.74,127.74
2023-04-05 11:00:00,영동,136.13333333333335,6,6,41.39103311149066,37.18,128.46
2023-04-05 11:00:00,영흥,117.23333333333333,6,6,42.653409693547175,37.26,126.46
2023-04-05 11:00:00,예천,124.60000000000002,6,6,41.04009389196425,36.65,128.46
2023-04-05 11:00:00,창원,101.85000000000001,6,6,40.02785278663101,35.21,128.58
2023-04-05 11:00:00,탑선,178.96666666666667,6,6,41.16936125212157,35.24,126.81
2023-04-05 12:00:00,경상대,114.08333333333333,6,6,32.39855692739429,35.18,128.1
2023-04-05 12:00:00,고흥만수상,116.06666666666666,6,6,32.19656708529427,34.57,127.3
2023-04-05 12:00:00,광양항세방,80.95,6,6,32.3373826709712,34.93,127.71
2023-04-05 12:00:00,구미,172.1,6,6,33.14148138220579,36.13,128.34
2023-04-05 12:00:00,삼천포,93.76666666666667,6,6,32.20946048772032,34.95,128.07
2023-04-05 12:00:00,여수,121.03333333333335,6,6,32.160345772057475,34.74,127.74
2023-04-05 12:00:00,영동,209.96666666666667,6,6,34.02958302663743,37.18,128.46
2023-04-05 12:00:00,영흥,73.63333333333334,6,6,34.86046902834309,37.26,126.46
2023-04-05 12:00:00,예천,140.26666666666665,6,6,33.557762253965635,36.65,128.46
2023-04-05 12:00:00,창원,94.26666666666667,6,6,32.23751628875321,35.21,128.58
2023-04-05 12:00:00,탑선,121.86666666666667,6,6,32.97786231213591,35.24,126.81
2023-04-05 13:00:00,경상대,146.54999999999998,6,6,29.236142971642735,35.18,128.1
2023-04-05 13:00:00,고흥만수상,96.48333333333333,6,6,28.638421302494585,34.57,127.3
2023-04-05 13:00:00,광양항세방,95.56666666666668,6,6,28.989688963798564,34.93,127.71
2023-04-05 13:00:00,구미,240.63333333333333,6,6,30.186202351020825,36.13,128.34
2023-04-05 13:00:00,삼천포,100.35000000000001,6,6,29.00625100997496,34.95,128.07
2023-04-05 13:00:00,여수,101.98333333333335,6,6,28.799277700628522,34.74,127.74
2023-04-05 13:00:00,영동,245.35000000000002,6,6,31.23682273518638,37.18,128.46
2023-04-05 13:00:00,영흥,131.85,6,6,31.356948914836366,37.26,126.46
2023-04-05 13:00:00,예천,145.28333333333333,6,6,30.7068214953171,36.65,128.46
2023-04-05 13:00:00,창원,93.91666666666667,6,6,29.267881753418564,35.21,128.58
2023-04-05 13:00:00,탑선,13.566666666666668,6,6,29.324547793531778,35.24,126.81
2023-04-05 14:00:00,경상대,203.98333333333335,6,6,32.278798504229584,35.18,128.1
2023-04-05 14:00:00,고흥만수상,138.33333333333334,6,6,31.431406492954686,34.57,127.3
2023-04-05 14:00:00,광양항세방,118.38333333333333,6,6,31.907176963731764,34.93,127.71
2023-04-05 14:00:00,구미,150.76666666666665,6,6,33.20706126053553,36.13,128.34
2023-04-05 14:00:00,삼천포,122.55,6,6,32.065178360575636,34.95,128.07
2023-04-05 14:00:00,여수,139.65,6,6,31.751367736447293,34.74,127.74
2023-04-05 14:00:00,영동,154.6833333333333,6,6,34.17925386085093,37.18,128.46
2023-04-05 14:00:00,영흥,131.58333333333334,6,6,33.55145617572294,37.26,126.46
2023-04-05 14:00:00,예천,150.20000000000002,6,6,33.71099089467496,36.65,128.46
2023-04-05 14:00:00,창원,126.7,6,6,32.49513507694416,35.21,128.58
2023-04-05 14:00:00,탑선,39.63333333333333,6,6,31.84615323861283,35.24,126.81
2023-04-05 15:00:00,경상대,157.6,6,6,40.11585861161742,35.18,128.1
2023-04-05 15:00:00,고흥만수상,112.66666666666664,6,6,39.221033178456764,34.57,127.3
2023-04-05 15:00:00,광양항세방,119.2333333333333,6,6,39.71054780538319,34.93,127.71
2023-04-05 15:00:00,구미,197.43333333333337,6,6,40.875898785042956,36.13,128.34
2023-04-05 15:00:00,삼천포,144.58333333333331,6,6,39.95025269384654,34.95,128.07
2023-04-05 15:00:00,여수,164.85000000000002,6,6,39.60771127887869,34.74,127.74
2023-04-05 15:00:00,영동,158.33333333333334,6,6,41.63314879472821,37.18,128.46
2023-04-05 15:00:00,영흥,169.65,6,6,40.50885303430869,37.26,126.46
2023-04-05 15:00:00,예천,133.35,6,6,41.28670231960869,36.65,128.46
2023-04-05 15:00:00,창원,188.20000000000002,6,6,40.43785552417623,35.21,128.58
2023-04-05 15:00:00,탑선,120.91666666666667,6,6,39.35362693928397,35.24,126.81
2023-04-05 16:00:00,경상대,164.48333333333332,6,6,50.50710125659512,35.18,128.1
2023-04-05 16:00:00,고흥만수상,124.63333333333333,6,6,49.65610947645479,34.57,127.3
2023-04-05 16:00:00,광양항세방,129.74999999999997,6,6,50.112710096289725,34.93,127.71
2023-04-05 16:00:00,구미,180.58333333333334,6,6,51.08258004553401,36.13,128.34
2023-04-05 16:00:00,삼천포,110.61666666666667,6,6,50.38946660722218,34.95,128.07
2023-04-05 16:00:00,여수,96.91666666666667,6,6,50.05597958478782,34.74,127.74
2023-04-05 16:00:00,영동,205.69999999999996,6,6,51.61950455558412,37.18,128.46
2023-04-05 16:00:00,영흥,130.66666666666666,6,6,50.23150232640018,37.26,126.46
2023-04-05 16:00:00,예천,113.26666666666665,6,6,51.3912589897219,36.65,128.46
2023-04-05 16:00:00,창원,113.56666666666668,6,6,50.87683208078983,35.21,128.58
2023-04-05 16:00:00,탑선,142.48333333333335,6,6,49.57831906980966,35.24,126.81
2023-04-05 17:00:00,경상대,127.7333333333333,6,6,62.09732518216603,35.18,128.1
2023-04-05 17:00:00,고흥만수상,247.86666666666667,6,6,61.318169023569084,34.57,127.3
2023-04-05 17:00:00,광양항세방,130.70000000000002,6,6,61.729207282360484,34.93,127.71
2023-04-05 17:00:00,구미,269.2166666666667,6,6,62.50663444589199,36.13,128.34
2023-04-05 17:00:00,삼천포,122.7,6,6,62.02107769712282,34.95,128.07
2023-04-05 17:00:00,여수,122.30000000000001,6,6,61.709543563193456,34.74,127.74
2023-04-05 17:00:00,영동,221.83333333333334,6,6,62.84965229648638,37.18,128.46
2023-04-05 17:00:00,영흥,171.25,6,6,61.32942434074183,37.26,126.46
2023-04-05 17:00:00,예천,153.98333333333332,6,6,62.72291449959146,36.65,128.46
2023-04-05 17:00:00,창원,131.91666666666666,6,6,62.48623189898329,35.21,128.58
2023-04-05 17:00:00,탑선,186.03333333333333,6,6,61.08728550006626,35.24,126.81
2023-04-05 18:00:00,경상대,105.7,6,6,74.20614603298921,35.18,128.1
2023-04-05 18:00:00,고흥만수상,226.78333333333333,6,6,73.50954771822751,34.57,127.3
2023-04-05 18:00:00,광양항세방,120.26666666666667,6,6,73.87077385376614,34.93,127.71
2023-04-05 18:00:00,구미,124.23333333333335,6,6,74.46441237039738,36.13,128.34
2023-04-05 18:00:00,삼천포,145.13333333333333,6,6,74.166564841275,34.95,128.07
2023-04-05 18:00:00,여수,167.35,6,6,73.88240084705969,34.74,127.74
2023-04-05 18:00:00,영동,113.83333333333331,6,6,74.6339341671804,37.18,128.46
2023-04-05 18:00:00,영흥,173.89999999999998,6,6,73.05342294735688,37.26,126.46
2023-04-05 18:00:00,예천,123.73333333333333,6,6,74.59651797784711,36.65,128.46
2023-04-05 18:00:00,창원,118.56666666666666,6,6,74.599517591349,35.21,128.58
2023-04-05 18:00:00,탑선,107.08333333333333,6,6,73.15931677995997,35.24,126.81
2023-04-05 19:00:00,경상대,,0,6,86.44756829773526,35.18,128.1
2023-04-05 19:00:00,고흥만수상,152.4,1,6,85.84320707179288,34.57,127.3
2023-04-05 19:00:00,광양항세방,,0,6,86.1502763911827,34.93,127.71
2023-04-05 19:00:00,구미,,0,6,86.56025431966272,36.13,128.34
2023-04-05 19:00:00,삼천포,,0,6,86.44269256480165,34.95,128.07
2023-04-05 19:00:00,여수,109.1,1,6,86.19037355322868,34.74,127.74
2023-04-05 19:00:00,영동,,0,6,86.56514917269148,37.18,128.46
2023-04-05 19:00:00,영흥,111.0,1,6,84.97107337600465,37.26,126.46
2023-04-05 19:00:00,예천,,0,6,86.61127309260219,36.65,128.46
2023-04-05 19:00:00,창원,,0,6,86.83568854729486,35.21,128.58
2023-04-05 19:00:00,탑선,70.2,1,6,85.39213366011184,35.24,126.81
2023-04-05 20:00:00,경상대,,0,6,98.53022445597249,35.18,128.1
2023-04-05 20:00:00,고흥만수상,,0,6,98.0328759052207,34.57,127.3
2023-04-05 20:00:00,광양항세방,,0,6,98.27830834561586,34.93,127.71
2023-04-05 20:00:00,구미,,0,6,98.49290003666978,36.13,128.34
2023-04-05 20:00:00,삼천포,,0,6,98.56059111198786,34.95,128.07
2023-04-05 20:00:00,여수,,0,6,98.34625634131883,34.74,127.74
2023-04-05 20:00:00,영동,,0,6,98.33117620729985,37.18,128.46
2023-04-05 20:00:00,영흥,,0,6,96.76415876810988,37.26,126.46
2023-04-05 20:00:00,예천,,0,6,98.46061652069662,36.65,128.46
2023-04-05 20:00:00,창원,,0,6,98.90397283836921,35.21,128.58
2023-04-05 20:00:00,탑선,,0,6,97.49064808969547,35.24,126.81
2023-04-05 21:00:00,경상대,,0,6,110.14243834623436,35.18,128.1
2023-04-05 21:00:00,고흥만수상,,0,6,109.77625268700997,34.57,127.3
2023-04-05 21:00:00,광양항세방,,0,6,109.94732579004697,34.93,127.71
2023-04-05 21:00:00,구미,,0,6,109.94091013926865,36.13,128.34
2023-04-05 21:00:00,삼천포,,0,6,110.21086651715045,34.95,128.07
2023-04-05 21:00:00,여수,,0,6,110.04415952633845,34.74,127.74
2023-04-05 21:00:00,영동,,0,6,109.60087498065377,37.18,128.46
2023-04-05 21:00:00,영흥,,0,6,108.10911562866156,37.26,126.46
2023-04-05 21:00:00,예천,,0,6,109.81796794614029,36.65,128.46
2023-04-05 21:00:00,창원,,0,6,110.49011656540348,35.21,128.58
2023-04-05 21:00:00,탑선,,0,6,109.14828783455258,35.24,126.81
2023-04-05 22:00:00,경상대,,0,6,120.84635817236361,35.18,128.1
2023-04-05 22:00:00,고흥만수상,,0,6,120.64952783077204,34.57,127.3
2023-04-05 22:00:00,광양항세방,,0,6,120.72598425733234,34.93,127.71
2023-04-05 22:00:00,구미,,0,6,120.45766826672404,36.13,128.34
2023-04-05 22:00:00,삼천포,,0,6,120.95754587942031,34.95,128.07
2023-04-05 22:00:00,여수,,0,6,120.85365746804041,34.74,127.74
2023-04-05 22:00:00,영동,,0,6,119.9205781224884,37.18,128.46
2023-04-05 22:00:00,영흥,,0,6,118.57479777045933,37.26,126.46
2023-04-05 22:00:00,예천,,0,6,120.2323715728671,36.65,128.46
2023-04-05 22:00:00,창원,,0,6,121.14998936305474,35.21,128.58
2023-04-05 22:00:00,탑선,,0,6,119.94246247232115,35.24,126.81
2023-04-05 23:00:00,경상대,,0,6,129.9404915075275,35.18,128.1
2023-04-05 23:00:00,고흥만수상,,0,6,129.9678909475521,34.57,127.3
2023-04-05 23:00:00,광양항세방,,0,6,129.92092137120113,34.93,127.71
2023-04-05 23:00:00,구미,,0,6,129.34026319419806,36.13,128.34
2023-04-05 23:00:00,삼천포,,0,6,130.09905873677363,34.95,128.07
2023-04-05 23:00:00,여수,,0,6,130.0801932546311,34.74,127.74
2023-04-05 23:00:00,영동,,0,6,128.59053880897943,37.18,128.46
2023-04-05 23:00:00,영흥,,0,6,127.50210732463515,37.26,126.46
2023-04-05 23:00:00,예천,,0,6,129.00101160015387,36.65,128.46
2023-04-05 23:00:00,창원,,0,6,130.17117887556645,35.21,128.58
2023-04-05 23:00:00,탑선,,0,6,129.20068884638326,35.24,126.81
2023-04-06 00:00:00,경상대,,0,6,136.3274668953933,35.18,128.1
2023-04-06 00:00:00,고흥만수상,,0,6,136.637306115612,34.57,127.3
2023-04-06 00:00:00,광양항세방,,0,6,136.4374880846961,34.93,127.71
2023-04-06 00:00:00,구미,,0,6,135.51652125393332,36.13,128.34
2023-04-06 00:00:00,삼천포,,0,6,136.5313832292734,34.95,128.07
2023-04-06 00:00:00,여수,,0,6,136.6223072247339,34.74,127.74
2023-04-06 00:00:00,영동,,0,6,134.5711382456748,37.18,128.46
2023-04-06 00:00:00,영흥,,0,6,133.89820023672831,37.26,126.46
2023-04-06 00:00:00,예천,,0,6,135.06635697503498,36.65,128.46
2023-04-06 00:00:00,창원,,0,6,136.44441251155573,35.21,128.58
2023-04-06 00:00:00,탑선,,0,6,135.862597130449,35.24,126.81
2023-04-06 01:00:00,경상대,,0,6,138.6864218600411,35.18,128.1
2023-04-06 01:00:00,고흥만수상,,0,6,139.28800345280882,34.57,127.3
2023-04-06 01:00:00,광양항세방,,0,6,138.93409791378036,34.93,127.71
2023-04-06 01:00:00,구미,,0,6,137.7362496441152,36.13,128.34
2023-04-06 01:00:00,삼천포,,0,6,138.91635288157005,34.95,128.07
2023-04-06 01:00:00,여수,,0,6,139.12437403269374,34.74,127.74
2023-04-06 01:00:00,영동,,0,6,136.68575713055603,37.18,128.46
2023-04-06 01:00:00,영흥,,0,6,136.57685851068277,37.26,126.46
2023-04-06 01:00:00,예천,,0,6,137.2157271667318,36.65,128.46
2023-04-06 01:00:00,창원,,0,6,138.65476580302013,35.21,128.58
2023-04-06 01:00:00,탑선,,0,6,138.60639901031777,35.24,126.81
2023-04-06 02:00:00,경상대,,0,6,136.34560842452012,35.18,128.1
2023-04-06 02:00:00,고흥만수상,,0,6,137.15256972562486,34.57,127.3
2023-04-06 02:00:00,광양항세방,,0,6,136.69539494384748,34.93,127.71
2023-04-06 02:00:00,구미,,0,6,135.39101640884505,36.13,128.34
2023-04-06 02:00:00,삼천포,,0,6,136.5682763319425,34.95,128.07
2023-04-06 02:00:00,여수,,0,6,136.8633228297814,34.74,127.74
2023-04-06 02:00:00,영동,,0,6,134.37945794088049,37.18,128.46
2023-04-06 02:00:00,영흥,,0,6,134.8531699075055,37.26,126.46
2023-04-06 02:00:00,예천,,0,6,134.87220070668278,36.65,128.46
2023-04-06 02:00:00,창원,,0,6,136.17027643334876,35.21,128.58
2023-04-06 02:00:00,탑선,,0,6,136.6650362323045,35.24,126.81
2023-04-06 03:00:00,경상대,,0,6,129.97093225134068,35.18,128.1
2023-04-06 03:00:00,고흥만수상,,0,6,130.8601687495206,34.57,127.3
2023-04-06 03:00:00,광양항세방,,0,6,130.36791157592364,34.93,127.71
2023-04-06 03:00:00,구미,,0,6,129.11954113451003,36.13,128.34
2023-04-06 03:00:00,삼천포,,0,6,130.16204827683023,34.95,128.07
2023-04-06 03:00:00,여수,,0,6,130.49736827453435,34.74,127.74
2023-04-06 03:00:00,영동,,0,6,128.25209515892533,37.18,128.46
2023-04-06 03:00:00,영흥,,0,6,129.18220741019996,37.26,126.46
2023-04-06 03:00:00,예천,,0,6,128.6591963661314,36.65,128.46
2023-04-06 03:00:00,창원,,0,6,129.69296481040362,35.21,128.58
2023-04-06 03:00:00,탑선,,0,6,130.5965187372277,35.24,126.81
2023-04-06 04:00:00,경상대,,0,6,120.88224091298373,35.18,128.1
2023-04-06 04:00:00,고흥만수상,,0,6,121.77035165098057,34.57,127.3
2023-04-06 04:00:00,광양항세방,,0,6,121.28722026275325,34.93,127.71
2023-04-06 04:00:00,구미,,0,6,120.17493219967297,36.13,128.34
2023-04-06 04:00:00,삼천포,,0,6,121.03445966310218,34.95,128.07
2023-04-06 04:00:00,여수,,0,6,121.37678521084294,34.74,127.74
2023-04-06 04:00:00,영동,,0,6,119.48613577313441,37.18,128.46
2023-04-06 04:00:00,영흥,,0,6,120.7163148225233,37.26,126.46
2023-04-06 04:00:00,예천,,0,6,119.79480210314628,36.65,128.46
2023-04-06 04:00:00,창원,,0,6,120.54339980898303,35.21,128.58
2023-04-06 04:00:00,탑선,,0,6,121.70340090313209,35.24,126.81
2023-04-06 05:00:00,경상대,,0,6,110.17810380840531,35.18,128.1
2023-04-06 05:00:00,고흥만수상,,0,6,111.02443143229706,34.57,127.3
2023-04-06 05:00:00,광양항세방,,0,6,110.57083616782433,34.93,127.71
2023-04-06 05:00:00,구미,,0,6,109.61857232597698,36.13,128.34
2023-04-06 05:00:00,삼천포,,0,6,110.29245249592944,34.95,128.07
2023-04-06 05:00:00,여수,,0,6,110.62467714303251,34.74,127.74
2023-04-06 05:00:00,영동,,0,6,109.10619149553244,37.18,128.46
2023-04-06 05:00:00,영흥,,0,6,110.51967538080197,37.26,126.46
2023-04-06 05:00:00,예천,,0,6,109.32072054908322,36.65,128.46
2023-04-06 05:00:00,창원,,0,6,109.80620424719302,35.21,128.58
2023-04-06 05:00:00,탑선,,0,6,111.11633618142145,35.24,126.81
2023-04-06 06:00:00,경상대,,0,6,98.56074450616666,35.18,128.1
2023-04-06 06:00:00,고흥만수상,,0,6,99.34575594766585,34.57,127.3
2023-04-06 06:00:00,광양항세방,,0,6,98.93095403751309,34.93,127.71
2023-04-06 06:00:00,구미,,0,6,98.14350764188741,36.13,128.34
2023-04-06 06:00:00,삼천포,,0,6,98.6397533147053,34.95,128.07
2023-04-06 06:00:00,여수,,0,6,98.95323228689593,34.74,127.74
2023-04-06 06:00:00,영동,,0,6,97.79764596568523,37.18,128.46
2023-04-06 06:00:00,영흥,,0,6,99.31879565184113,37.26,126.46
2023-04-06 06:00:00,예천,,0,6,97.9250371052189,36.65,128.46
2023-04-06 06:00:00,창원,,0,6,98.17259737546152,35.21,128.58
2023-04-06 06:00:00,탑선,,0,6,99.56733190059326,35.24,126.81
2023-04-06 07:00:00,경상대,,0,6,86.46764281566286,35.18,128.1
2023-04-06 07:00:00,고흥만수상,,0,6,87.17825033109935,34.57,127.3
2023-04-06 07:00:00,광양항세방,,0,6,86.80844253691298,34.93,127.71
2023-04-06 07:00:00,구미,,0,6,86.19001920368704,36.13,128.34
2023-04-06 07:00:00,삼천포,,0,6,86.51274133548172,34.95,128.07
2023-04-06 07:00:00,여수,,0,6,86.80169913737089,34.74,127.74
2023-04-06 07:00:00,영동,,0,6,86.00508080115799,37.18,128.46
2023-04-06 07:00:00,영흥,,0,6,87.58313891141641,37.26,126.46
2023-04-06 07:00:00,예천,,0,6,86.04952181188114,36.65,128.46
2023-04-06 07:00:00,창원,,0,6,86.07426605137621,35.21,128.58
2023-04-06 07:00:00,탑선,,0,6,87.51101921481259,35.24,126.81
2023-04-06 08:00:00,경상대,116.6,5,6,74.20879557818809,35.18,128.1
2023-04-06 08:00:00,고흥만수상,170.46,5,6,74.83025871286199,34.57,127.3
2023-04-06 08:00:00,광양항세방,149.32,5,6,74.51289606538533,34.93,127.71
2023-04-06 08:00:00,구미,162.57999999999998,5,6,74.07560410664065,36.13,128.34
2023-04-06 08:00:00,삼천포,133.08,5,6,74.21942880554901,34.95,128.07
2023-04-06 08:00:00,여수,166.94,5,6,74.4777574803559,34.74,127.74
2023-04-06 08:00:00,영동,150.34,5,6,74.05464262138634,37.18,128.46
2023-04-06 08:00:00,영흥,137.11999999999998,5,6,75.64911969419882,37.26,126.46
2023-04-06 08:00:00,예천,142.26000000000002,5,6,74.0157309473099,36.65,128.46
2023-04-06 08:00:00,창원,135.11666666666665,6,6,73.81923984586214,35.21,128.58
2023-04-06 08:00:00,탑선,138.4,5,6,75.26449078206915,35.24,126.81
2023-04-06 09:00:00,경상대,242.2833333333334,6,6,62.072006368526786,35.18,128.1
2023-04-06 09:00:00,고흥만수상,221.73333333333335,6,6,62.581488499818725,34.57,127.3
2023-04-06 09:00:00,광양항세방,278.26666666666665,6,6,62.328653323431986,34.93,127.71
2023-04-06 09:00:00,구미,201.79999999999998,6,6,62.098956410012306,36.13,128.34
2023-04-06 09:00:00,삼천포,287.43333333333334,6,6,62.04500927348262,34.95,128.07
2023-04-06 09:00:00,여수,281.70000000000005,6,6,62.26368449067867,34.74,127.74
2023-04-06 09:00:00,영동,164.63333333333335,6,6,62.256486644348534,37.18,128.46
2023-04-06 09:00:00,영흥,154.98333333333335,6,6,63.823994571411724,37.26,126.46
2023-04-06 09:00:00,예천,155.36666666666667,6,6,62.12821303776475,36.65,128.46
2023-04-06 09:00:00,창원,203.16666666666666,6,6,61.696620340901475,35.21,128.58
2023-04-06 09:00:00,탑선,156.63333333333333,6,6,63.11415676639227,35.24,126.81
2023-04-06 10:00:00,경상대,325.3,5,5,50.43655662258182,35.18,128.1
2023-04-06 10:00:00,고흥만수상,232.84,5,5,50.79423694982724,34.57,127.3
2023-04-06 10:00:00,광양항세방,281.74,5,5,50.62730663345743,34.93,127.71
2023-04-06 10:00:00,구미,270.93999999999994,5,5,50.654633129564566,36.13,128.34
2023-04-06 10:00:00,삼천포,424.69999999999993,5,5,50.36529952738665,34.95,128.07
2023-04-06 10:00:00,여수,351.4,5,5,50.528793812748404,34.74,127.74
2023-04-06 10:00:00,영동,186.6,5,5,51.019665250533926,37.18,128.46
2023-04-06 10:00:00,영흥,148.07999999999998,5,5,52.4960036712731,37.26,126.46
2023-04-06 10:00:00,예천,180.71999999999997,5,5,50.789511679692154,36.65,128.46
2023-04-06 10:00:00,창원,525.9399999999999,5,5,50.09156379056542,35.21,128.58
2023-04-06 10:00:00,탑선,130.23999999999998,5,5,51.42634442565157,35.24,126.81
2023-04-06 11:00:00,경상대,510.9666666666667,6,6,39.97154331684499,35.18,128.1
2023-04-06 11:00:00,고흥만수상,199.4,6,6,40.10614770567865,34.57,127.3
2023-04-06 11:00:00,광양항세방,295.06666666666666,6,6,40.063256219092466,34.93,127.71
2023-04-06 11:00:00,구미,401.71666666666664,6,6,40.4296838647232,36.13,128.34
2023-04-06 11:00:00,삼천포,509.7833333333333,6,6,39.845581089664584,34.95,128.07
2023-04-06 11:00:00,여수,252.63333333333333,6,6,39.92582674089509,34.74,127.74
2023-04-06 11:00:00,영동,260.85,6,6,41.04440379499553,37.18,128.46
2023-04-06 11:00:00,영흥,147.16666666666666,6,6,42.311218624301,37.26,126.46
2023-04-06 11:00:00,예천,174.58333333333334,6,6,40.69528471621976,36.65,128.46
2023-04-06 11:00:00,창원,700.5499999999998,6,6,39.688009242096896,35.21,128.58
2023-04-06 11:00:00,탑선,239.08333333333334,6,6,40.83398321017657,35.24,126.81
2023-04-06 12:00:00,경상대,322.51666666666665,6,6,32.02210939288933,35.18,128.1
2023-04-06 12:00:00,고흥만수상,142.41666666666666,6,6,31.822733544545642,34.57,127.3
2023-04-06 12:00:00,광양항세방,302.1333333333333,6,6,31.962094647663854,34.93,127.71
2023-04-06 12:00:00,구미,568.8166666666666,6,6,32.76337516143984,36.13,128.34
2023-04-06 12:00:00,삼천포,611.6666666666666,6,6,31.833392457434293,34.95,128.07
2023-04-06 12:00:00,여수,287.05,6,6,31.785278116839166,34.74,127.74
2023-04-06 12:00:00,영동,163.9,6,6,33.65012754181567,37.18,128.46
2023-04-06 12:00:00,영흥,188.71666666666667,6,6,34.484357261758596,37.26,126.46
2023-04-06 12:00:00,예천,292.25,6,6,33.178861879651976,36.65,128.46
2023-04-06 12:00:00,창원,766.0166666666668,6,6,31.860085080715933,35.21,128.58
2023-04-06 12:00:00,탑선,190.73333333333335,6,6,32.60402574570145,35.24,126.81
2023-04-06 13:00:00,경상대,275.1166666666667,6,6,28.856644970886173,35.18,128.1
2023-04-06 13:00:00,고흥만수상,213.0,6,6,28.257324841498168,34.57,127.3
2023-04-06 13:00:00,광양항세방,132.0,6,6,28.609396332630837,34.93,127.71
2023-04-06 13:00:00,구미,540.6333333333333,6,6,29.807198100627282,36.13,128.34
2023-04-06 13:00:00,삼천포,423.06666666666666,6,6,28.626688573451425,34.95,128.07
2023-04-06 13:00:00,여수,306.2166666666667,6,6,28.419036921242032,34.74,127.74
2023-04-06 13:00:00,영동,151.01666666666665,6,6,30.858042824211495,37.18,128.46
2023-04-06 13:00:00,영흥,254.23333333333335,6,6,30.9747202641379,37.26,126.46
2023-04-06 13:00:00,예천,352.45,6,6,30.32805433147798,36.65,128.46
2023-04-06 13:00:00,창원,544.4333333333333,6,6,28.889416607977736,35.21,128.58
2023-04-06 13:00:00,탑선,147.06666666666666,6,6,28.942652769936956,35.24,126.81
2023-04-06 14:00:00,경상대,268.1333333333334,6,6,31.958838228979275,35.18,128.1
2023-04-06 14:00:00,고흥만수상,132.56666666666666,6,6,31.109394227212356,34.57,127.3
2023-04-06 14:00:00,광양항세방,211.86666666666667,6,6,31.586074954621353,34.93,127.71
2023-04-06 14:00:00,구미,473.73333333333335,6,6,32.88512700579953,36.13,128.34
2023-04-06 14:00:00,삼천포,451.7166666666667,6,6,31.745855330474257,34.95,128.07
2023-04-06 14:00:00,여수,355.0166666666667,6,6,31.431065529259875,34.74,127.74
2023-04-06 14:00:00,영동,116.8,6,6,33.85457923896586,37.18,128.46
2023-04-06 14:00:00,영흥,373.81666666666666,6,6,33.2175202192458,37.26,126.46
2023-04-06 14:00:00,예천,395.5833333333333,6,6,33.38796241022616,36.65,128.46
2023-04-06 14:00:00,창원,409.70000000000005,6,6,32.17750862292569,35.21,128.58
2023-04-06 14:00:00,탑선,188.4,6,6,31.519501874936573,35.24,126.81
2023-04-06 15:00:00,경상대,346.18333333333334,6,6,39.86812165381393,35.18,128.1
2023-04-06 15:00:00,고흥만수상,170.6,6,6,38.97370491207875,34.57,127.3
2023-04-06 15:00:00,광양항세방,169.88333333333335,6,6,39.46272299489177,34.93,127.71
2023-04-06 15:00:00,구미,357.1000000000001,6,6,40.623368886051324,36.13,128.34
2023-04-06 15:00:00,삼천포,270.0,6,6,39.703823141759685,34.95,128.07
2023-04-06 15:00:00,여수,238.95000000000002,6,6,39.361203166755104,34.74,127.74
2023-04-06 15:00:00,영동,139.61666666666667,6,6,41.37496433669397,37.18,128.46
2023-04-06 15:00:00,영흥,219.26666666666665,6,6,40.24218001007241,37.26,126.46
2023-04-06 15:00:00,예천,302.95,6,6,41.03158209965101,36.65,128.46
2023-04-06 15:00:00,창원,413.7166666666667,6,6,40.191922639890564,35.21,128.58
2023-04-06 15:00:00,탑선,159.43333333333337,6,6,39.10004852461356,35.24,126.81
2023-04-06 16:00:00,경상대,255.83333333333334,6,6,50.30946177092322,35.18,128.1
2023-04-06 16:00:00,고흥만수상,195.03333333333333,6,6,49.46061647650979,34.57,127.3
2023-04-06 16:00:00,광양항세방,229.63333333333335,6,6,49.915791619914586,34.93,127.71
2023-04-06 16:00:00,구미,539.7666666666667,6,6,50.87912208541655,36.13,128.34
2023-04-06 16:00:00,삼천포,310.76666666666665,6,6,50.193328183054604,34.95,128.07
2023-04-06 16:00:00,여수,184.0,6,6,49.86044785451336,34.74,127.74
2023-04-06 16:00:00,영동,95.30000000000001,6,6,51.409418096320124,37.18,128.46
2023-04-06 16:00:00,영흥,230.3166666666667,6,6,50.015765084140966,37.26,126.46
2023-04-06 16:00:00,예천,231.61666666666667,6,6,51.18464681199534,36.65,128.46
2023-04-06 16:00:00,창원,554.9499999999999,6,6,50.68018915292891,35.21,128.58
2023-04-06 16:00:00,탑선,174.04999999999998,6,6,49.37692702078149,35.24,126.81
2023-04-06 17:00:00,경상대,227.35,6,6,61.927630900325866,35.18,128.1
2023-04-06 17:00:00,고흥만수상,228.21666666666667,6,6,61.1515398387305,34.57,127.3
2023-04-06 17:00:00,광양항세방,144.38333333333333,6,6,61.56068872854207,34.93,127.71
2023-04-06 17:00:00,구미,350.4666666666667,6,6,62.330949023453485,36.13,128.34
2023-04-06 17:00:00,삼천포,311.3666666666667,6,6,61.85288227590265,34.95,128.07
2023-04-06 17:00:00,여수,198.4,6,6,61.54233809833862,34.74,127.74
2023-04-06 17:00:00,영동,177.3166666666667,6,6,62.66726253694269,37.18,128.46
2023-04-06 17:00:00,영흥,209.89999999999998,6,6,61.143842192801436,37.26,126.46
2023-04-06 17:00:00,예천,243.26666666666665,6,6,62.54397204242306,36.65,128.46
2023-04-06 17:00:00,창원,411.0,6,6,62.3169341281365,35.21,128.58
2023-04-06 17:00:00,탑선,174.01666666666668,6,6,60.91550542494998,35.24,126.81
2023-04-06 18:00:00,경상대,186.9666666666667,6,6,74.04809752959693,35.18,128.1
2023-04-06 18:00:00,고흥만수상,165.51666666666668,6,6,73.3551248556793,34.57,127.3
2023-04-06 18:00:00,광양항세방,160.3166666666667,6,6,73.7141894413949,34.93,127.71
2023-04-06 18:00:00,구미,177.28333333333333,6,6,74.30041937070972,36.13,128.34
2023-04-06 18:00:00,삼천포,185.91666666666666,6,6,74.00997312323673,34.95,128.07
2023-04-06 18:00:00,여수,175.5666666666667,6,6,73.72704194978607,34.74,127.74
2023-04-06 18:00:00,영동,146.43333333333334,6,6,74.46338792936061,37.18,128.46
2023-04-06 18:00:00,영흥,125.48333333333333,6,6,72.88157751840671,37.26,126.46
2023-04-06 18:00:00,예천,162.70000000000002,6,6,74.4292913860185,36.65,128.46
2023-04-06 18:00:00,창원,230.01666666666665,6,6,74.44142924204384,35.21,128.58
2023-04-06 18:00:00,탑선,126.74999999999999,6,6,73.00041618071677,35.24,126.81
2023-04-06 19:00:00,경상대,,0,6,86.2885769704811,35.18,128.1
2023-04-06 19:00:00,고흥만수상,123.8,1,6,85.68830228439202,34.57,127.3
2023-04-06 19:00:00,광양항세방,101.7,1,6,85.99298652926015,34.93,127.71
2023-04-06 19:00:00,구미,,0,6,86.39536769147628,36.13,128.34
2023-04-06 19:00:00,삼천포,,0,6,86.28512304735338,34.95,128.07
2023-04-06 19:00:00,여수,102.1,1,6,86.03423736825992,34.74,127.74
2023-04-06 19:00:00,영동,,0,6,86.39386564793786,37.18,128.46
2023-04-06 19:00:00,영흥,97.5,1,6,84.80007085279881,37.26,126.46
2023-04-06 19:00:00,예천,,0,6,86.44318471415723,36.65,128.46
2023-04-06 19:00:00,창원,,0,6,86.67629559377681,35.21,128.58
2023-04-06 19:00:00,탑선,105.6,1,6,85.2333046536699,35.24,126.81
2023-04-06 20:00:00,경상대,,0,6,98.35903005491475,35.18,128.1
2023-04-06 20:00:00,고흥만수상,,0,6,97.86624395079043,34.57,127.3
2023-04-06 20:00:00,광양항세방,,0,6,98.10905676284978,34.93,127.71
2023-04-06 20:00:00,구미,,0,6,98.3158269792994,36.13,128.34
2023-04-06 20:00:00,삼천포,,0,6,98.390794827854,34.95,128.07
2023-04-06 20:00:00,여수,,0,6,98.17809828017218,34.74,127.74
2023-04-06 20:00:00,영동,,0,6,98.14784422611704,37.18,128.46
2023-04-06 20:00:00,영흥,,0,6,96.58261973562755,37.26,126.46
2023-04-06 20:00:00,예천,,0,6,98.28036325368217,36.65,128.46
2023-04-06 20:00:00,창원,,0,6,98.73202349905145,35.21,128.58
2023-04-06 20:00:00,탑선,,0,6,97.32059156936099,35.24,126.81
2023-04-06 21:00:00,경상대,,0,6,109.94733448886764,35.18,128.1
2023-04-06 21:00:00,고흥만수상,,0,6,109.58622120170581,34.57,127.3
2023-04-06 21:00:00,광양항세방,,0,6,109.75442313208815,34.93,127.71
2023-04-06 21:00:00,구미,,0,6,109.73998752520652,36.13,128.34
2023-04-06 21:00:00,삼천포,,0,6,110.01712746019604,34.95,128.07
2023-04-06 21:00:00,여수,,0,6,109.85227957636675,34.74,127.74
2023-04-06 21:00:00,영동,,0,6,109.39391024021124,37.18,128.46
2023-04-06 21:00:00,영흥,,0,6,107.90556435897821,37.26,126.46
2023-04-06 21:00:00,예천,,0,6,109.61391943031234,36.65,128.46
2023-04-06 21:00:00,창원,,0,6,110.29386962187515,35.21,128.58
2023-04-06 21:00:00,탑선,,0,6,108.95539268554495,35.24,126.81
2023-04-06 22:00:00,경상대,,0,6,120.61420941867003,35.18,128.1
2023-04-06 22:00:00,고흥만수상,,0,6,120.4228709547126,34.57,127.3
2023-04-06 22:00:00,광양항세방,,0,6,120.49626088938476,34.93,127.71
2023-04-06 22:00:00,구미,,0,6,120.22002892434644,36.13,128.34
2023-04-06 22:00:00,삼천포,,0,6,120.72666394603372,34.95,128.07
2023-04-06 22:00:00,여수,,0,6,120.62482912005937,34.74,127.74
2023-04-06 22:00:00,영동,,0,6,119.67743938532465,37.18,128.46
2023-04-06 22:00:00,영흥,,0,6,118.33682621801165,37.26,126.46
2023-04-06 22:00:00,예천,,0,6,119.99181641155378,36.65,128.46
2023-04-06 22:00:00,창원,,0,6,120.91627369525533,35.21,128.58
2023-04-06 22:00:00,탑선,,0,6,119.71373428885008,35.24,126.81
2023-04-06 23:00:00,경상대,,0,6,129.65802920690442,35.18,128.1
2023-04-06 23:00:00,고흥만수상,,0,6,129.69081567698095,34.57,127.3
2023-04-06 23:00:00,광양항세방,,0,6,129.64088060925465,34.93,127.71
2023-04-06 23:00:00,구미,,0,6,129.0533409954674,36.13,128.34
2023-04-06 23:00:00,삼천포,,0,6,129.81759872253966,34.95,128.07
2023-04-06 23:00:00,여수,,0,6,129.80079075000685,34.74,127.74
2023-04-06 23:00:00,영동,,0,6,128.299399980347,37.18,128.46
2023-04-06 23:00:00,영흥,,0,6,127.21758347322566,37.26,126.46
2023-04-06 23:00:00,예천,,0,6,128.7117641149013,36.65,128.46
2023-04-06 23:00:00,창원,,0,6,129.88682102082467,35.21,128.58
2023-04-06 23:00:00,탑선,,0,6,128.92273707484574,35.24,126.81
2023-04-07 00:00:00,경상대,,0,6,135.98896729521064,35.18,128.1
2023-04-07 00:00:00,고흥만수상,,0,6,136.30278075934973,34.57,127.3
2023-04-07 00:00:00,광양항세방,,0,6,136.1008115023498,34.93,127.71
2023-04-07 00:00:00,구미,,0,6,135.17561656042955,36.13,128.34
2023-04-07 00:00:00,삼천포,,0,6,136.19338887636843,34.95,128.07
2023-04-07 00:00:00,여수,,0,6,136.2858674816006,34.74,127.74
2023-04-07 00:00:00,영동,,0,6,134.22820490587682,37.18,128.46
2023-04-07 00:00:00,영흥,,0,6,133.56163715938814,37.26,126.46
2023-04-07 00:00:00,예천,,0,6,134.72423438614297,36.65,128.46
2023-04-07 00:00:00,창원,,0,6,136.1041869380772,35.21,128.58
2023-04-07 00:00:00,탑선,,0,6,135.52856581267898,35.24,126.81
2023-04-07 01:00:00,경상대,,0,6,138.30807934917144,35.18,128.1
2023-04-07 01:00:00,고흥만수상,,0,6,138.91097552522922,34.57,127.3
2023-04-07 01:00:00,광양항세방,,0,6,138.5563742758288,34.93,127.71
2023-04-07 01:00:00,구미,,0,6,137.35755160289924,36.13,128.34
2023-04-07 01:00:00,삼천포,,0,6,138.5380574815219,34.95,128.07
2023-04-07 01:00:00,여수,,0,6,138.74660590095198,34.74,127.74
2023-04-07 01:00:00,영동,,0,6,136.30690063961754,37.18,128.46
2023-04-07 01:00:00,영흥,,0,6,136.20107654580454,37.26,126.46
2023-04-07 01:00:00,예천,,0,6,136.83686335218778,36.65,128.46
2023-04-07 01:00:00,창원,,0,6,138.2757057688024,35.21,128.58
2023-04-07 01:00:00,탑선,,0,6,138.23018116287452,35.24,126.81
2023-04-07 02:00:00,경상대,,0,6,135.96360451703626,35.18,128.1
2023-04-07 02:00:00,고흥만수상,,0,6,136.7701142679267,34.57,127.3
2023-04-07 02:00:00,광양항세방,,0,6,136.31314956159835,34.93,127.71
2023-04-07 02:00:00,구미,,0,6,135.00881340875162,36.13,128.34
2023-04-07 02:00:00,삼천포,,0,6,136.18634791730673,34.95,128.07
2023-04-07 02:00:00,여수,,0,6,136.48118511057936,34.74,127.74
2023-04-07 02:00:00,영동,,0,6,133.99693023234332,37.18,128.46
2023-04-07 02:00:00,영흥,,0,6,134.46930253681282,37.26,126.46
2023-04-07 02:00:00,예천,,0,6,134.4898828910431,36.65,128.46
2023-04-07 02:00:00,창원,,0,6,135.78870875342665,35.21,128.58
2023-04-07 02:00:00,탑선,,0,6,136.28194710529277,35.24,126.81
2023-04-07 03:00:00,경상대,,0,6,129.61273036959537,35.18,128.1
2023-04-07 03:00:00,고흥만수상,,0,6,130.50161017366563,34.57,127.3
2023-04-07 03:00:00,광양항세방,,0,6,130.00944352638786,34.93,127.71
2023-04-07 03:00:00,구미,,0,6,128.7598871992804,36.13,128.34
2023-04-07 03:00:00,삼천포,,0,6,129.80426420390734,34.95,128.07
2023-04-07 03:00:00,여수,,0,6,130.13935391067213,34.74,127.74
2023-04-07 03:00:00,영동,,0,6,127.89064532678421,37.18,128.46
2023-04-07 03:00:00,영흥,,0,6,128.81708468676408,37.26,126.46
2023-04-07 03:00:00,예천,,0,6,128.29875254602052,36.65,128.46
2023-04-07 03:00:00,창원,,0,6,129.3356597659551,35.21,128.58
2023-04-07 03:00:00,탑선,,0,6,130.2356501030659,35.24,126.81
2023-04-07 04:00:00,경상대,,0,6,120.55442883612814,35.18,128.1
2023-04-07 04:00:00,고흥만수상,,0,6,121.44302068160842,34.57,127.3
2023-04-07 04:00:00,광양항세방,,0,6,120.95948763507229,34.93,127.71
2023-04-07 04:00:00,구미,,0,6,119.84445088512203,36.13,128.34
2023-04-07 04:00:00,삼천포,,0,6,120.70736140068794,34.95,128.07
2023-04-07 04:00:00,여수,,0,6,121.04975034412232,34.74,127.74
2023-04-07 04:00:00,영동,,0,6,119.15254174131096,37.18,128.46
2023-04-07 04:00:00,영흥,,0,6,120.37886342142514,37.26,126.46
2023-04-07 04:00:00,예천,,0,6,119.46287468690744,36.65,128.46
2023-04-07 04:00:00,창원,,0,6,120.21640936677409,35.21,128.58
2023-04-07 04:00:00,탑선,,0,6,121.37288669575885,35.24,126.81
2023-04-07 05:00:00,경상대,,0,6,109.87592034290884,35.18,128.1
2023-04-07 05:00:00,고흥만수상,,0,6,110.72354905471636,34.57,127.3
2023-04-07 05:00:00,광양항세방,,0,6,110.26909626091508,34.93,127.71
2023-04-07 05:00:00,구미,,0,6,109.31292949594128,36.13,128.34
2023-04-07 05:00:00,삼천포,,0,6,109.99115965166308,34.95,128.07
2023-04-07 05:00:00,여수,,0,6,110.32375583687275,34.74,127.74
2023-04-07 05:00:00,영동,,0,6,108.79661841035013,37.18,128.46
2023-04-07 05:00:00,영흥,,0,6,110.2069948018741,37.26,126.46
2023-04-07 05:00:00,예천,,0,6,109.01320193193524,36.65,128.46
2023-04-07 05:00:00,창원,,0,6,109.50459179781474,35.21,128.58
2023-04-07 05:00:00,탑선,,0,6,110.81200936995447,35.24,126.81
2023-04-07 06:00:00,경상대,,0,6,98.27631281943528,35.18,128.1
2023-04-07 06:00:00,고흥만수상,,0,6,99.06329977625045,34.57,127.3
2023-04-07 06:00:00,광양항세방,,0,6,98.64727583640327,34.93,127.71
2023-04-07 06:00:00,구미,,0,6,97.85511692131102,36.13,128.34
2023-04-07 06:00:00,삼천포,,0,6,98.3563161259823,34.95,128.07
2023-04-07 06:00:00,여수,,0,6,98.67042839927882,34.74,127.74
2023-04-07 06:00:00,영동,,0,6,97.50483708825637,37.18,128.46
2023-04-07 06:00:00,영흥,,0,6,99.02387782229793,37.26,126.46
2023-04-07 06:00:00,예천,,0,6,97.63449892692002,36.65,128.46
2023-04-07 06:00:00,창원,,0,6,97.8884623023064,35.21,128.58
2023-04-07 06:00:00,탑선,,0,6,99.28143897612985,35.24,126.81
2023-04-07 07:00:00,경상대,,0,6,86.19272484598724,35.18,128.1
2023-04-07 07:00:00,고흥만수상,,0,6,86.9059027355528,34.57,127.3
2023-04-07 07:00:00,광양항세방,,0,6,86.53455598247093,34.93,127.71
2023-04-07 07:00:00,구미,,0,6,85.91077012433111,36.13,128.34
2023-04-07 07:00:00,삼천포,,0,6,86.2388918995918,34.95,128.07
2023-04-07 07:00:00,여수,,0,6,86.52871780811853,34.74,127.74
2023-04-07 07:00:00,영동,,0,6,85.72107784163703,37.18,128.46
2023-04-07 07:00:00,영흥,,0,6,87.29808335394335,37.26,126.46
2023-04-07 07:00:00,예천,,0,6,85.76792661239287,36.65,128.46
2023-04-07 07:00:00,창원,,0,6,85.79937244050329,35.21,128.58
2023-04-07 07:00:00,탑선,,0,6,87.2353354660584,35.24,126.81
2023-04-07 08:00:00,경상대,283.18,5,6,73.93493120756,35.18,128.1
2023-04-07 08:00:00,고흥만수상,273.82,5,6,74.5595622132523,34.57,127.3
2023-04-07 08:00:00,광양항세방,232.6,5,6,74.24034410356177,34.93,127.71
2023-04-07 08:00:00,구미,246.10000000000002,6,6,73.79707653055401,36.13,128.34
2023-04-07 08:00:00,삼천포,295.4,5,6,73.94669840756765,34.95,128.07
2023-04-07 08:00:00,여수,278.28,5,6,74.206133211468,34.74,127.74
2023-04-07 08:00:00,영동,242.06666666666663,6,6,73.7710916791946,37.18,128.46
2023-04-07 08:00:00,영흥,210.92,5,6,75.36565642658134,37.26,126.46
2023-04-07 08:00:00,예천,244.83333333333334,6,6,73.73468675817017,36.65,128.46
2023-04-07 08:00:00,창원,263.25,6,6,73.54511111697879,35.21,128.58
2023-04-07 08:00:00,탑선,230.04000000000002,5,6,74.99060238876407,35.24,126.81
2023-04-07 09:00:00,경상대,473.6666666666667,6,6,61.78969534354366,35.18,128.1
2023-04-07 09:00:00,고흥만수상,470.3833333333334,6,6,62.302995025545044,34.57,127.3
2023-04-07 09:00:00,광양항세방,409.1833333333334,6,6,62.04796243674081,34.93,127.71
2023-04-07 09:00:00,구미,449.25,6,6,61.81169514175318,36.13,128.34
2023-04-07 09:00:00,삼천포,496.4166666666667,6,6,61.763887139001774,34.95,128.07
2023-04-07 09:00:00,여수,467.59999999999997,6,6,61.98393059992085,34.74,127.74
2023-04-07 09:00:00,영동,378.46666666666664,6,6,61.9640223160799,37.18,128.46
2023-04-07 09:00:00,영흥,374.0,6,6,63.532949268222275,37.26,126.46
2023-04-07 09:00:00,예천,427.31666666666666,6,6,61.83829997879875,36.65,128.46
2023-04-07 09:00:00,창원,459.90000000000003,6,6,61.41370655897286,35.21,128.58
2023-04-07 09:00:00,탑선,391.06666666666666,6,6,62.83269975021143,35.24,126.81
2023-04-07 10:00:00,경상대,642.5,5,5,50.134182220589565,35.18,128.1
2023-04-07 10:00:00,고흥만수상,642.84,5,5,50.4963195760585,34.57,127.3
2023-04-07 10:00:00,광양항세방,570.02,5,5,50.32686264279436,34.93,127.71
2023-04-07 10:00:00,구미,615.92,5,5,50.34724717200988,36.13,128.34
2023-04-07 10:00:00,삼천포,673.92,5,5,50.06411495273439,34.95,128.07
2023-04-07 10:00:00,여수,636.4799999999999,5,5,50.22924503737436,34.74,127.74
2023-04-07 10:00:00,영동,442.41999999999996,5,5,50.70720341904321,37.18,128.46
2023-04-07 10:00:00,영흥,520.9200000000001,5,5,52.186555319173536,37.26,126.46
2023-04-07 10:00:00,예천,597.32,5,5,50.47947863517682,36.65,128.46
2023-04-07 10:00:00,창원,636.54,5,5,49.78817689220073,35.21,128.58
2023-04-07 10:00:00,탑선,380.15999999999997,5,5,51.12592866455048,35.24,126.81
2023-04-07 11:00:00,경상대,776.5999999999999,6,6,39.63575669744781,35.18,128.1
2023-04-07 11:00:00,고흥만수상,783.1833333333334,6,6,39.77496126510968,34.57,127.3
2023-04-07 11:00:00,광양항세방,707.5166666666668,6,6,39.72949729456395,34.93,127.71
2023-04-07 11:00:00,구미,754.2666666666668,6,6,40.089650095059504,36.13,128.34
2023-04-07 11:00:00,삼천포,821.3666666666667,6,6,39.51079008293568,34.95,128.07
2023-04-07 11:00:00,여수,774.1999999999999,6,6,39.59276444005201,34.74,127.74
2023-04-07 11:00:00,영동,690.3000000000001,6,6,40.70033957636711,37.18,128.46
2023-04-07 11:00:00,영흥,654.6,6,6,41.97161601807994,37.26,126.46
2023-04-07 11:00:00,예천,732.2333333333332,6,6,40.35306959225081,36.65,128.46
2023-04-07 11:00:00,창원,771.3833333333333,6,6,39.35084256920254,35.21,128.58
2023-04-07 11:00:00,탑선,535.8333333333334,6,6,40.50130365966356,35.24,126.81
2023-04-07 12:00:00,경상대,846.5833333333331,6,6,31.647885120147002,35.18,128.1
2023-04-07 12:00:00,고흥만수상,816.0500000000001,6,6,31.451182853866065,34.57,127.3
2023-04-07 12:00:00,광양항세방,786.6500000000001,6,6,31.58905624212848,34.93,127.71
2023-04-07 12:00:00,구미,819.4166666666666,6,6,32.3874493882085,36.13,128.34
2023-04-07 12:00:00,삼천포,893.3166666666667,6,6,31.459557800029756,34.95,128.07
2023-04-07 12:00:00,여수,841.1833333333333,6,6,31.412466598883213,34.74,127.74
2023-04-07 12:00:00,영동,807.2833333333333,6,6,33.27281676491073,37.18,128.46
2023-04-07 12:00:00,영흥,733.3333333333334,6,6,34.110456843673,37.26,126.46
2023-04-07 12:00:00,예천,808.8666666666667,6,6,32.802121398500645,36.65,128.46
2023-04-07 12:00:00,창원,840.0,6,6,31.48485601143681,35.21,128.58
2023-04-07 12:00:00,탑선,461.20000000000005,6,6,32.232463985907806,35.24,126.81
2023-04-07 13:00:00,경상대,860.6333333333333,6,6,28.479112433653093,35.18,128.1
2023-04-07 13:00:00,고흥만수상,723.6999999999999,6,6,27.87817986560477,34.57,127.3
2023-04-07 13:00:00,광양항세방,799.1833333333334,6,6,28.23106192350813,34.93,127.71
2023-04-07 13:00:00,구미,829.6500000000001,6,6,29.430158380628114,36.13,128.34
2023-04-07 13:00:00,삼천포,905.1500000000001,6,6,28.249092387642122,34.95,128.07
2023-04-07 13:00:00,여수,854.15,6,6,28.040756062692765,34.74,127.74
2023-04-07 13:00:00,영동,769.7166666666667,6,6,30.481222830896066,37.18,128.46
2023-04-07 13:00:00,영흥,767.25,6,6,30.594421794270268,37.26,126.46
2023-04-07 13:00:00,예천,829.0666666666666,6,6,29.95125067908738,36.65,128.46
2023-04-07 13:00:00,창원,861.1666666666666,6,6,28.512928479504083,35.21,128.58
2023-04-07 13:00:00,탑선,586.5666666666667,6,6,28.562698145154407,35.24,126.81
2023-04-07 14:00:00,경상대,833.6,6,6,31.64147797260901,35.18,128.1
2023-04-07 14:00:00,고흥만수상,744.6833333333333,6,6,30.79000317554482,34.57,127.3
2023-04-07 14:00:00,광양항세방,757.5500000000001,6,6,31.267579685262817,34.93,127.71
2023-04-07 14:00:00,구미,819.5666666666666,6,6,32.565726880398124,36.13,128.34
2023-04-07 14:00:00,삼천포,885.1666666666666,6,6,31.42915012660272,34.95,128.07
2023-04-07 14:00:00,여수,797.7666666666665,6,6,31.11338689076517,34.74,127.74
2023-04-07 14:00:00,영동,746.0833333333334,6,6,33.53236820987801,37.18,128.46
2023-04-07 14:00:00,영흥,764.75,6,6,32.885982324526374,37.26,126.46
2023-04-07 14:00:00,예천,812.6333333333333,6,6,33.06743398561779,36.65,128.46
2023-04-07 14:00:00,창원,854.5,6,6,31.862495528376627,35.21,128.58
2023-04-07 14:00:00,탑선,255.6666666666667,6,6,31.195399045379197,35.24,126.81
2023-04-07 15:00:00,경상대,471.6833333333334,6,6,39.62302395239045,35.18,128.1
2023-04-07 15:00:00,고흥만수상,505.6833333333334,6,6,38.729076867997385,34.57,127.3
2023-04-07 15:00:00,광양항세방,364.05,6,6,39.21756362628976,34.93,127.71
2023-04-07 15:00:00,구미,755.4833333333332,6,6,40.37341171675937,36.13,128.34
2023-04-07 15:00:00,삼천포,623.4666666666667,6,6,39.46004883462139,34.95,128.07
2023-04-07 15:00:00,여수,464.8833333333334,6,6,39.11737270560089,34.74,127.74
2023-04-07 15:00:00,영동,702.6,6,6,41.11928635181589,37.18,128.46
2023-04-07 15:00:00,영흥,617.8166666666667,6,6,39.97804309343336,37.26,126.46
2023-04-07 15:00:00,예천,742.5,6,6,40.779000040242856,36.65,128.46
2023-04-07 15:00:00,창원,771.7000000000002,6,6,39.9486150849272,35.21,128.58
2023-04-07 15:00:00,탑선,179.88333333333333,6,6,38.849134422213666,35.24,126.81
2023-04-07 16:00:00,경상대,376.7833333333333,6,6,50.113914605973854,35.18,128.1
2023-04-07 16:00:00,고흥만수상,378.0,6,6,49.26726390821686,34.57,127.3
2023-04-07 16:00:00,광양항세방,454.6833333333334,6,6,49.720987604750256,34.93,127.71
2023-04-07 16:00:00,구미,627.2166666666666,6,6,50.67772651660445,36.13,128.34
2023-04-07 16:00:00,삼천포,627.8166666666667,6,6,49.99928822788726,34.95,128.07
2023-04-07 16:00:00,여수,331.2166666666667,6,6,49.667033450469056,34.74,127.74
2023-04-07 16:00:00,영동,533.5833333333333,6,6,51.20136744825342,37.18,128.46
2023-04-07 16:00:00,영흥,605.8666666666667,6,6,49.802136849497,37.26,126.46
2023-04-07 16:00:00,예천,518.3833333333333,6,6,50.98008143785858,36.65,128.46
2023-04-07 16:00:00,창원,616.1166666666667,6,6,50.485617435754314,35.21,128.58
2023-04-07 16:00:00,탑선,348.73333333333335,6,6,49.17768064500533,35.24,126.81
2023-04-07 17:00:00,경상대,432.8,6,6,61.759392361715356,35.18,128.1
2023-04-07 17:00:00,고흥만수상,418.5833333333333,6,6,60.98639493301832,34.57,127.3
2023-04-07 17:00:00,광양항세방,399.86666666666673,6,6,61.393640004278154,34.93,127.71
2023-04-07 17:00:00,구미,461.18333333333334,6,6,62.15671671736755,36.13,128.34
2023-04-07 17:00:00,삼천포,505.26666666666665,6,6,61.68614207589903,34.95,128.07
2023-04-07 17:00:00,여수,294.98333333333335,6,6,61.376599846922254,34.74,127.74
2023-04-07 17:00:00,영동,373.54999999999995,6,6,62.48632844355852,37.18,128.46
2023-04-07 17:00:00,영흥,466.03333333333336,6,6,60.95979180740294,37.26,126.46
2023-04-07 17:00:00,예천,435.23333333333335,6,6,62.36648169138437,36.65,128.46
2023-04-07 17:00:00,창원,504.65000000000003,6,6,62.14907291225101,35.21,128.58
2023-04-07 17:00:00,탑선,292.48333333333335,6,6,60.74523406671162,35.24,126.81
2023-04-07 18:00:00,경상대,298.7,6,6,73.89094000932147,35.18,128.1
2023-04-07 18:00:00,고흥만수상,258.8,6,6,73.20160611692746,34.57,127.3
2023-04-07 18:00:00,광양항세방,239.29999999999998,6,6,73.55850344402947,34.93,127.71
2023-04-07 18:00:00,구미,269.3666666666667,6,6,74.13733220529548,36.13,128.34
2023-04-07 18:00:00,삼천포,298.66666666666663,6,6,73.85426781122621,34.95,128.07
2023-04-07 18:00:00,여수,304.2833333333333,6,6,73.5725758221297,34.74,127.74
2023-04-07 18:00:00,영동,185.88333333333333,6,6,74.29376860183716,37.18,128.46
2023-04-07 18:00:00,영흥,292.8833333333333,6,6,72.71072635475161,37.26,126.46
2023-04-07 18:00:00,예천,190.91666666666666,6,6,74.26297911390222,36.65,128.46
2023-04-07 18:00:00,창원,305.78333333333336,6,6,74.28421615527628,35.21,128.58
2023-04-07 18:00:00,탑선,150.65,6,6,72.84245268718509,35.24,126.81
2023-04-07 19:00:00,경상대,,0,6,86.13000712137067,35.18,128.1
2023-04-07 19:00:00,고흥만수상,169.4,1,6,85.53381951850477,34.57,127.3
2023-04-07 19:00:00,광양항세방,137.4,1,6,85.83612002231565,34.93,127.71
2023-04-07 19:00:00,구미,,0,6,86.23093067658657,36.13,128.34
2023-04-07 19:00:00,삼천포,171.2,1,6,86.12796741888008,34.95,128.07
2023-04-07 19:00:00,여수,177.1,1,6,85.8785167568611,34.74,127.74
2023-04-07 19:00:00,영동,,0,6,86.22306677775393,37.18,128.46
2023-04-07 19:00:00,영흥,180.2,1,6,84.62960927068981,37.26,126.46
2023-04-07 19:00:00,예천,,0,6,86.27556169875488,36.65,128.46
2023-04-07 19:00:00,창원,,0,6,86.51731181302395,35.21,128.58
2023-04-07 19:00:00,탑선,111.5,1,6,85.07493580224202,35.24,126.81
2023-04-07 20:00:00,경상대,,0,6,98.18788580187095,35.18,128.1
2023-04-07 20:00:00,고흥만수상,,0,6,97.69964981334192,34.57,127.3
2023-04-07 20:00:00,광양항세방,,0,6,97.93985148024375,34.93,127.71
2023-04-07 20:00:00,구미,,0,6,98.13884545342442,36.13,128.34
2023-04-07 20:00:00,삼천포,,0,6,98.22103810214804,34.95,128.07
2023-04-07 20:00:00,여수,,0,6,98.00997664580208,34.74,127.74
2023-04-07 20:00:00,영동,,0,6,97.96465249774693,37.18,128.46
2023-04-07 20:00:00,영흥,,0,6,96.4012641967201,37.26,126.46
2023-04-07 20:00:00,예천,,0,6,98.10022446793907,36.65,128.46
2023-04-07 20:00:00,창원,,0,6,98.56011570941972,35.21,128.58
2023-04-07 20:00:00,탑선,,0,6,97.15061572685704,35.24,126.81
2023-04-07 21:00:00,경상대,,0,6,109.75203291723295,35.18,128.1
2023-04-07 21:00:00,고흥만수상,,0,6,109.3959630166016,34.57,127.3
2023-04-07 21:00:00,광양항세방,,0,6,109.56131144127026,34.93,127.71
2023-04-07 21:00:00,구미,,0,6,109.53892450071285,36.13,128.34
2023-04-07 21:00:00,삼천포,,0,6,109.8231764890565,34.95,128.07
2023-04-07 21:00:00,여수,,0,6,109.66017827820752,34.74,127.74
2023-04-07 21:00:00,영동,,0,6,109.1868695714239,37.18,128.46
2023-04-07 21:00:00,영흥,,0,6,107.70196127247854,37.26,126.46
2023-04-07 21:00:00,예천,,0,6,109.40976193770676,36.65,128.46
2023-04-07 21:00:00,창원,,0,6,110.09742165556719,35.21,128.58
2023-04-07 21:00:00,탑선,,0,6,108.76231852632603,35.24,126.81
2023-04-07 22:00:00,경상대,,0,6,120.38181836285037,35.18,128.1
2023-04-07 22:00:00,고흥만수상,,0,6,120.19591897845655,34.57,127.3
2023-04-07 22:00:00,광양항세방,,0,6,120.26627304811721,34.93,127.71
2023-04-07 22:00:00,구미,,0,6,119.98222306381017,36.13,128.34
2023-04-07 22:00:00,삼천포,,0,6,120.49552138027273,34.95,128.07
2023-04-07 22:00:00,여수,,0,6,120.39572148909852,34.74,127.74
2023-04-07 22:00:00,영동,,0,6,119.43421519254613,37.18,128.46
2023-04-07 22:00:00,영흥,,0,6,118.0987601042555,37.26,126.46
2023-04-07 22:00:00,예천,,0,6,119.75113562181734,36.65,128.46
2023-04-07 22:00:00,창원,,0,6,120.68232156464174,35.21,128.58
2023-04-07 22:00:00,탑선,,0,6,119.48476091646097,35.24,126.81
2023-04-07 23:00:00,경상대,,0,6,129.3756408910878,35.18,128.1
2023-04-07 23:00:00,고흥만수상,,0,6,129.41373349193938,34.57,127.3
2023-04-07 23:00:00,광양항세방,,0,6,129.3608784591969,34.93,127.71
2023-04-07 23:00:00,구미,,0,6,128.76657964925644,36.13,128.34
2023-04-07 23:00:00,삼천포,,0,6,129.53619219197049,34.95,128.07
2023-04-07 23:00:00,여수,,0,6,129.52141173350284,34.74,127.74
2023-04-07 23:00:00,영동,,0,6,128.00850879909683,37.18,128.46
2023-04-07 23:00:00,영흥,,0,6,126.9332446760039,37.26,126.46
2023-04-07 23:00:00,예천,,0,6,128.4227231860698,36.65,128.46
2023-04-07 23:00:00,창원,,0,6,129.60255766305133,35.21,128.58
2023-04-07 23:00:00,탑선,,0,6,128.64481857963153,35.24,126.81
2023-04-08 00:00:00,경상대,,0,6,135.65133338452924,35.18,128.1
2023-04-08 00:00:00,고흥만수상,,0,6,135.96903477306466,34.57,127.3
2023-04-08 00:00:00,광양항세방,,0,6,135.7649617104296,34.93,127.71
2023-04-08 00:00:00,구미,,0,6,134.83564190094603,36.13,128.34
2023-04-08 00:00:00,삼천포,,0,6,135.85624577241674,34.95,128.07
2023-04-08 00:00:00,여수,,0,6,135.9502457626012,34.74,127.74
2023-04-08 00:00:00,영동,,0,6,133.88625928002676,37.18,128.46
2023-04-08 00:00:00,영흥,,0,6,133.2259512542834,37.26,126.46
2023-04-08 00:00:00,예천,,0,6,134.38307451923754,36.65,128.46
2023-04-08 00:00:00,창원,,0,6,135.7648595034501,35.21,128.58
2023-04-08 00:00:00,탑선,,0,6,135.19532150174302,35.24,126.81
2023-04-08 01:00:00,경상대,,0,6,137.9314872796429,35.18,128.1
2023-04-08 01:00:00,고흥만수상,,0,6,138.53565934621287,34.57,127.3
2023-04-08 01:00:00,광양항세방,,0,6,138.18038297815917,34.93,127.71
2023-04-08 01:00:00,구미,,0,6,136.9806169795574,36.13,128.34
2023-04-08 01:00:00,삼천포,,0,6,138.1615104182348,34.95,128.07
2023-04-08 01:00:00,여수,,0,6,138.37057063276274,34.74,127.74
2023-04-08 01:00:00,영동,,0,6,135.9298150781217,37.18,128.46
2023-04-08 01:00:00,영흥,,0,6,135.82698479337498,37.26,126.46
2023-04-08 01:00:00,예천,,0,6,136.45976911570662,36.65,128.46
2023-04-08 01:00:00,창원,,0,6,137.89841651083563,35.21,128.58
2023-04-08 01:00:00,탑선,,0,6,137.85565602614636,35.24,126.81
2023-04-08 02:00:00,경상대,,0,6,135.58361687264085,35.18,128.1
2023-04-08 02:00:00,고흥만수상,,0,6,136.3896767024014,34.57,127.3
2023-04-08 02:00:00,광양항세방,,0,6,135.93292144244413,34.93,127.71
2023-04-08 02:00:00,구미,,0,6,134.62862912832807,36.13,128.34
2023-04-08 02:00:00,삼천포,,0,6,135.80643495819538,34.95,128.07
2023-04-08 02:00:00,여수,,0,6,136.10106377075647,34.74,127.74
2023-04-08 02:00:00,영동,,0,6,133.6164239974903,37.18,128.46
2023-04-08 02:00:00,영흥,,0,6,134.08745826373053,37.26,126.46
2023-04-08 02:00:00,예천,,0,6,134.10958503341607,36.65,128.46
2023-04-08 02:00:00,창원,,0,6,135.40915468240883,35.21,128.58
2023-04-08 02:00:00,탑선,,0,6,135.90087925404555,35.24,126.81
2023-04-08 03:00:00,경상대,,0,6,129.25632959862168,35.18,128.1
2023-04-08 03:00:00,고흥만수상,,0,6,130.14484785361657,34.57,127.3
2023-04-08 03:00:00,광양항세방,,0,6,129.65277565889997,34.93,127.71
2023-04-08 03:00:00,구미,,0,6,128.4020589407337,36.13,128.34
2023-04-08 03:00:00,삼천포,,0,6,129.44827450081786,34.95,128.07
2023-04-08 03:00:00,여수,,0,6,129.78313314492507,34.74,127.74
2023-04-08 03:00:00,영동,,0,6,127.53104833330492,37.18,128.46
2023-04-08 03:00:00,영흥,,0,6,128.4538465157383,37.26,126.46
2023-04-08 03:00:00,예천,,0,6,127.94014723629274,36.65,128.46
2023-04-08 03:00:00,창원,,0,6,128.98014841847436,35.21,128.58
2023-04-08 03:00:00,탑선,,0,6,129.8766071573615,35.24,126.81
2023-04-08 04:00:00,경상대,,0,6,120.22823022418578,35.18,128.1
2023-04-08 04:00:00,고흥만수상,,0,6,121.11728377770073,34.57,127.3
2023-04-08 04:00:00,광양항세방,,0,6,120.63336101130699,34.93,127.71
2023-04-08 04:00:00,구미,,0,6,119.51561902532316,36.13,128.34
2023-04-08 04:00:00,삼천포,,0,6,120.38186738786219,34.95,128.07
2023-04-08 04:00:00,여수,,0,6,120.72431337437936,34.74,127.74
2023-04-08 04:00:00,영동,,0,6,118.82063559950683,37.18,128.46
2023-04-08 04:00:00,영흥,,0,6,120.04311731606515,37.26,126.46
2023-04-08 04:00:00,예천,,0,6,119.13261566182166,36.65,128.46
2023-04-08 04:00:00,창원,,0,6,119.89103035651301,35.21,128.58
2023-04-08 04:00:00,탑선,,0,6,121.04399809666359,35.24,126.81
2023-04-08 05:00:00,경상대,,0,6,109.57534044916775,35.18,128.1
2023-04-08 05:00:00,고흥만수상,,0,6,110.42424443627618,34.57,127.3
2023-04-08 05:00:00,광양항세방,,0,6,109.96894916255972,34.93,127.71
2023-04-08 05:00:00,구미,,0,6,109.00892481813739,36.13,128.34
2023-04-08 05:00:00,삼천포,,0,6,109.69146190527744,34.95,128.07
2023-04-08 05:00:00,여수,,0,6,110.0244204760562,34.74,127.74
2023-04-08 05:00:00,영동,,0,6,108.48871944053923,37.18,128.46
2023-04-08 05:00:00,영흥,,0,6,109.89598506396193,37.26,126.46
2023-04-08 05:00:00,예천,,0,6,108.7073397201122,36.65,128.46
2023-04-08 05:00:00,창원,,0,6,109.20458614771249,35.21,128.58
2023-04-08 05:00:00,탑선,,0,6,110.5092832729722,35.24,126.81
2023-04-08 06:00:00,경상대,,0,6,97.99361694270213,35.18,128.1
2023-04-08 06:00:00,고흥만수상,,0,6,98.78255309355161,34.57,127.3
2023-04-08 06:00:00,광양항세방,,0,6,98.36532200345361,34.93,127.71
2023-04-08 06:00:00,구미,,0,6,97.56848979587892,36.13,128.34
2023-04-08 06:00:00,삼천포,,0,6,98.07460819012368,34.95,128.07
2023-04-08 06:00:00,여수,,0,6,98.3893440357139,34.74,127.74
2023-04-08 06:00:00,영동,,0,6,97.2138196226013,37.18,128.46
2023-04-08 06:00:00,영흥,,0,6,98.73073264978353,37.26,126.46
2023-04-08 06:00:00,예천,,0,6,97.34573894523591,36.65,128.46
2023-04-08 06:00:00,창원,,0,6,97.60606963039307,35.21,128.58
2023-04-08 06:00:00,탑선,,0,6,98.99726840757953,35.24,126.81
2023-04-08 07:00:00,경상대,,0,5,85.91976724675288,35.18,128.1
2023-04-08 07:00:00,고흥만수상,,0,5,86.63549184279813,34.57,127.3
2023-04-08 07:00:00,광양항세방,,0,5,86.26261914864298,34.93,127.71
2023-04-08 07:00:00,구미,,0,5,85.63350013098325,36.13,128.34
2023-04-08 07:00:00,삼천포,,0,5,85.96699863104206,34.95,128.07
2023-04-08 07:00:00,여수,,0,5,86.25768357336005,34.74,127.74
2023-04-08 07:00:00,영동,,0,5,85.43907124891325,37.18,128.46
2023-04-08 07:00:00,영흥,,0,5,87.01499506387879,37.26,126.46
2023-04-08 07:00:00,예천,,0,5,85.48832013974528,36.65,128.46
2023-04-08 07:00:00,창원,,0,5,85.52644779466566,35.21,128.58
2023-04-08 07:00:00,탑선,,0,5,86.96159155970712,35.24,126.81
2023-04-08 08:00:00,경상대,275.4166666666667,6,6,73.66330984690532,35.18,128.1
2023-04-08 08:00:00,고흥만수상,284.58,5,6,74.29109054670273,34.57,127.3
2023-04-08 08:00:00,광양항세방,250.51999999999998,5,6,73.97002659674637,34.93,127.71
2023-04-08 08:00:00,구미,271.9833333333333,6,6,73.52079902352865,36.13,128.34
2023-04-08 08:00:00,삼천포,287.31666666666666,6,6,73.67620972036404,34.95,128.07
2023-04-08 08:00:00,여수,291.82,5,6,73.93674332300529,34.74,127.74
2023-04-08 08:00:00,영동,278.1,6,6,73.48979486628984,37.18,128.46
2023-04-08 08:00:00,영흥,231.74,5,6,75.08441204622619,37.26,126.46
2023-04-08 08:00:00,예천,272.48333333333335,6,6,73.4558958725994,36.65,128.46
2023-04-08 08:00:00,창원,281.93333333333334,6,6,73.27323497063227,35.21,128.58
2023-04-08 08:00:00,탑선,273.06000000000006,5,6,74.7189318711393,35.24,126.81
2023-04-08 09:00:00,경상대,484.70000000000005,6,6,61.509933926440524,35.18,128.1
2023-04-08 09:00:00,고흥만수상,480.8500000000001,6,6,62.02704351724713,34.57,127.3
2023-04-08 09:00:00,광양항세방,429.3333333333333,6,6,61.76981697068598,34.93,127.71
2023-04-08 09:00:00,구미,471.8333333333333,6,6,61.52697388284062,36.13,128.34
2023-04-08 09:00:00,삼천포,503.5,6,6,61.48531735942318,34.95,128.07
2023-04-08 09:00:00,여수,481.5999999999999,6,6,61.706725386597746,34.74,127.74
2023-04-08 09:00:00,영동,472.7,6,6,61.67408393281048,37.18,128.46
2023-04-08 09:00:00,영흥,397.6333333333334,6,6,63.24439463223312,37.26,126.46
2023-04-08 09:00:00,예천,470.1000000000001,6,6,61.550921103231985,36.65,128.46
2023-04-08 09:00:00,창원,488.84999999999997,6,6,61.133351352731,35.21,128.58
2023-04-08 09:00:00,탑선,460.7833333333333,6,6,62.55376604588121,35.24,126.81
2023-04-08 10:00:00,경상대,649.96,5,5,49.834614616330484,35.18,128.1
2023-04-08 10:00:00,고흥만수상,652.76,5,5,50.20122238349899,34.57,127.3
2023-04-08 10:00:00,광양항세방,587.82,5,5,50.029230406087336,34.93,127.71
2023-04-08 10:00:00,구미,629.0600000000001,5,5,50.0426335690911,36.13,128.34
2023-04-08 10:00:00,삼천포,676.0199999999999,5,5,49.76574585739844,34.95,128.07
2023-04-08 10:00:00,여수,646.76,5,5,49.93251578310684,34.74,127.74
2023-04-08 10:00:00,영동,625.76,5,5,50.39747483000809,37.18,128.46
2023-04-08 10:00:00,영흥,548.26,5,5,51.8798193086673,37.26,126.46
2023-04-08 10:00:00,예천,621.62,5,5,50.1721990217963,36.65,128.46
2023-04-08 10:00:00,창원,652.48,5,5,49.48760116659197,35.21,128.58
2023-04-08 10:00:00,탑선,624.3799999999999,5,5,50.82830138630796,35.24,126.81
2023-04-08 11:00:00,경상대,782.5666666666666,6,6,39.30279430634267,35.18,128.1
2023-04-08 11:00:00,고흥만수상,790.7333333333332,6,6,39.44664855700605,34.57,127.3
2023-04-08 11:00:00,광양항세방,719.6500000000001,6,6,39.39858381446955,34.93,127.71
2023-04-08 11:00:00,구미,747.4499999999999,6,6,39.752378760357885,36.13,128.34
2023-04-08 11:00:00,삼천포,818.6833333333334,6,6,39.17883839274031,34.95,128.07
2023-04-08 11:00:00,여수,781.0500000000001,6,6,39.26255943897214,34.74,127.74
2023-04-08 11:00:00,영동,746.4166666666666,6,6,40.35897588559454,37.18,128.46
2023-04-08 11:00:00,영흥,675.9833333333332,6,6,41.634737531522816,37.26,126.46
2023-04-08 11:00:00,예천,737.8666666666667,6,6,40.013584729484776,36.65,128.46
2023-04-08 11:00:00,창원,783.4333333333333,6,6,39.01649111656364,35.21,128.58
2023-04-08 11:00:00,탑선,690.4333333333333,6,6,40.17146088138787,35.24,126.81
2023-04-08 12:00:00,경상대,849.9333333333333,6,6,31.27600760991939,35.18,128.1
2023-04-08 12:00:00,고흥만수상,860.1666666666666,6,6,31.082041636797307,34.57,127.3
2023-04-08 12:00:00,광양항세방,797.5833333333334,6,6,31.218392363213752,34.93,127.71
2023-04-08 12:00:00,구미,806.9,6,6,32.01382509447183,36.13,128.34
2023-04-08 12:00:00,삼천포,897.7999999999998,6,6,31.08808058556569,34.95,128.07
2023-04-08 12:00:00,여수,838.4,6,6,31.042036492715148,34.74,127.74
2023-04-08 12:00:00,영동,786.1666666666666,6,6,32.89776954526897,37.18,128.46
2023-04-08 12:00:00,영흥,748.6166666666667,6,6,33.73889039073294,37.26,126.46
2023-04-08 12:00:00,예천,794.9666666666667,6,6,32.42766060562759,36.65,128.46
2023-04-08 12:00:00,창원,842.0,6,6,31.111951435729125,35.21,128.58
2023-04-08 12:00:00,탑선,716.4833333333332,6,6,31.863303124730017,35.24,126.81
2023-04-08 13:00:00,경상대,858.0333333333334,6,6,28.103630015679023,35.18,128.1
2023-04-08 13:00:00,고흥만수상,827.7166666666667,6,6,27.501072951787968,34.57,127.3
2023-04-08 13:00:00,광양항세방,741.6666666666666,6,6,27.85477130698544,34.93,127.71
2023-04-08 13:00:00,구미,810.0166666666668,6,6,29.055167142205157,36.13,128.34
2023-04-08 13:00:00,삼천포,900.25,6,6,27.873547222907654,34.95,128.07
2023-04-08 13:00:00,여수,808.6,6,6,27.664520670990484,34.74,127.74
2023-04-08 13:00:00,영동,784.9500000000002,6,6,30.106446281562846,37.18,128.46
2023-04-08 13:00:00,영흥,784.3000000000001,6,6,30.216141393605838,37.26,126.46
2023-04-08 13:00:00,예천,786.2833333333334,6,6,29.57649414419538,36.65,128.46
2023-04-08 13:00:00,창원,850.0499999999998,6,6,28.13850097746522,35.21,128.58
2023-04-08 13:00:00,탑선,794.4000000000001,6,6,28.184771465147932,35.24,126.81
2023-04-08 14:00:00,경상대,849.8166666666666,6,6,31.326768204815345,35.18,128.1
2023-04-08 14:00:00,고흥만수상,678.4833333333333,6,6,30.473286113662432,34.57,127.3
2023-04-08 14:00:00,광양항세방,734.5333333333333,6,6,30.951742734528658,34.93,127.71
2023-04-08 14:00:00,구미,778.6333333333333,6,6,32.24891090628753,36.13,128.34
2023-04-08 14:00:00,삼천포,892.2833333333334,6,6,31.115113270128596,34.95,128.07
2023-04-08 14:00:00,여수,718.7166666666667,6,6,30.79838329846656,34.74,127.74
2023-04-08 14:00:00,영동,776.9333333333333,6,6,33.21267086761528,37.18,128.46
2023-04-08 14:00:00,영흥,774.3833333333333,6,6,32.55689777444426,37.26,126.46
2023-04-08 14:00:00,예천,775.4666666666667,6,6,32.749455496352226,36.65,128.46
2023-04-08 14:00:00,창원,850.6666666666666,6,6,31.55014485665852,35.21,128.58
2023-04-08 14:00:00,탑선,836.0499999999998,6,6,30.873898907710632,35.24,126.81
2023-04-08 15:00:00,경상대,790.85,6,6,39.38057024439274,35.18,128.1
2023-04-08 15:00:00,고흥만수상,808.15,6,6,38.487154234304256,34.57,127.3
2023-04-08 15:00:00,광양항세방,733.5166666666665,6,6,38.97507477473901,34.93,127.71
2023-04-08 15:00:00,구미,734.9499999999999,6,6,40.12603402230672,36.13,128.34
2023-04-08 15:00:00,삼천포,826.8666666666667,6,6,39.218933937507224,34.95,128.07
2023-04-08 15:00:00,여수,786.4,6,6,38.8762243520877,34.74,127.74
2023-04-08 15:00:00,영동,758.1166666666667,6,6,40.866124077152136,37.18,128.46
2023-04-08 15:00:00,영흥,718.0166666666668,6,6,39.71645666468218,37.26,126.46
2023-04-08 15:00:00,예천,725.5333333333333,6,6,40.52896398544735,36.65,128.46
2023-04-08 15:00:00,창원,794.9000000000001,6,6,39.70793642767063,35.21,128.58
2023-04-08 15:00:00,탑선,788.5666666666666,6,6,38.600893013328395,35.24,126.81
2023-04-08 16:00:00,경상대,681.2666666666668,6,6,49.920436455761575,35.18,128.1
2023-04-08 16:00:00,고흥만수상,704.5666666666666,6,6,49.07602734068892,34.57,127.3
2023-04-08 16:00:00,광양항세방,625.5666666666666,6,6,49.52827435497795,34.93,127.71
2023-04-08 16:00:00,구미,647.8166666666667,6,6,50.478372901161876,36.13,128.34
2023-04-08 16:00:00,삼천포,699.9666666666667,6,6,49.80732269817414,34.95,128.07
2023-04-08 16:00:00,여수,683.85,6,6,49.47571199978665,34.74,127.74
2023-04-08 16:00:00,영동,654.6166666666667,6,6,50.99533542344701,37.18,128.46
2023-04-08 16:00:00,영흥,619.4,6,6,49.59060309558077,37.26,126.46
2023-04-08 16:00:00,예천,624.2333333333335,6,6,50.77754398157347,36.65,128.46
2023-04-08 16:00:00,창원,683.5166666666665,6,6,50.29309318641098,35.21,128.58
2023-04-08 16:00:00,탑선,679.4666666666667,6,6,48.98055837691519,35.24,126.81
2023-04-08 17:00:00,경상대,517.9,6,6,61.59257684041255,35.18,128.1
2023-04-08 17:00:00,고흥만수상,537.5333333333333,6,6,60.822699935644074,34.57,127.3
2023-04-08 17:00:00,광양항세방,468.1833333333334,6,6,61.22802772385298,34.93,127.71
2023-04-08 17:00:00,구미,491.98333333333335,6,6,61.98390754594346,36.13,128.34
2023-04-08 17:00:00,삼천포,523.7833333333333,6,6,61.52082369665918,34.95,128.07
2023-04-08 17:00:00,여수,522.25,6,6,61.21229485168029,34.74,127.74
2023-04-08 17:00:00,영동,496.8333333333333,6,6,62.30682306748101,37.18,128.46
2023-04-08 17:00:00,영흥,472.0333333333333,6,6,60.77724704993943,37.26,126.46
2023-04-08 17:00:00,예천,476.8166666666666,6,6,62.19041495667536,36.65,128.46
2023-04-08 17:00:00,창원,516.4,6,6,61.98261552095349,35.21,128.58
2023-04-08 17:00:00,탑선,517.9,6,6,60.57643917986036,35.24,126.81
2023-04-08 18:00:00,경상대,315.25,6,6,73.73464189234954,35.18,128.1
2023-04-08 18:00:00,고흥만수상,329.56666666666666,6,6,73.04895811395838,34.57,127.3
2023-04-08 18:00:00,광양항세방,278.65,6,6,73.40368352193329,34.93,127.71
2023-04-08 18:00:00,구미,301.8666666666667,6,6,73.97512178046624,36.13,128.34
2023-04-08 18:00:00,삼천포,311.4833333333333,6,6,73.69941673118437,34.95,128.07
2023-04-08 18:00:00,여수,319.5,6,6,73.41896964928084,34.74,127.74
2023-04-08 18:00:00,영동,304.09999999999997,6,6,74.12504978568347,37.18,128.46
2023-04-08 18:00:00,영흥,291.3666666666666,6,6,72.54084275591879,37.26,126.46
2023-04-08 18:00:00,예천,292.96666666666664,6,6,74.0975534210781,36.65,128.46
2023-04-08 18:00:00,창원,314.9166666666667,6,6,74.12784698331701,35.21,128.58
2023-04-08 18:00:00,탑선,320.0333333333333,6,6,72.6853944858335,35.24,126.81
2023-04-08 19:00:00,경상대,185.3,1,6,85.97183481606675,35.18,128.1
2023-04-08 19:00:00,고흥만수상,195.1,1,6,85.3797329228681,34.57,127.3
2023-04-08 19:00:00,광양항세방,158.7,1,6,85.67965210796736,34.93,127.71
2023-04-08 19:00:00,구미,,0,6,86.06692162643154,36.13,128.34
2023-04-08 19:00:00,삼천포,178.8,1,6,85.97120121017763,34.95,128.07
2023-04-08 19:00:00,여수,189.8,1,6,85.72318655143147,34.74,127.74
2023-04-08 19:00:00,영동,,0,6,86.05273333514143,37.18,128.46
2023-04-08 19:00:00,영흥,176.8,1,6,84.45966830512346,37.26,126.46
2023-04-08 19:00:00,예천,,0,6,86.10838363840735,36.65,128.46
2023-04-08 19:00:00,창원,,0,6,86.35871367169118,35.21,128.58
2023-04-08 19:00:00,탑선,197.4,1,6,84.91700243540697,35.24,126.81
2023-04-08 20:00:00,경상대,,0,6,98.01678081179512,35.18,128.1
2023-04-08 20:00:00,고흥만수상,,0,6,97.53308055948932,34.57,127.3
2023-04-08 20:00:00,광양항세방,,0,6,97.77068070875048,34.93,127.71
2023-04-08 20:00:00,구미,,0,6,97.96194669412935,36.13,128.34
2023-04-08 20:00:00,삼천포,,0,6,98.05130956385142,34.95,128.07
2023-04-08 20:00:00,여수,,0,6,97.841879303646,34.74,127.74
2023-04-08 20:00:00,영동,,0,6,97.78159443315946,37.18,128.46
2023-04-08 20:00:00,영흥,,0,6,96.22008372578003,37.26,126.46
2023-04-08 20:00:00,예천,,0,6,97.92019254055894,36.65,128.46
2023-04-08 20:00:00,창원,,0,6,98.38823915132983,35.21,128.58
2023-04-08 20:00:00,탑선,,0,6,96.98070846079602,35.24,126.81
2023-04-08 21:00:00,경상대,,0,6,109.5565415754857,35.18,128.1
2023-04-08 21:00:00,고흥만수상,,0,6,109.20548391140211,34.57,127.3
2023-04-08 21:00:00,광양항세방,,0,6,109.36799768658625,34.93,127.71
2023-04-08 21:00:00,구미,,0,6,109.337730878417,36.13,128.34
2023-04-08 21:00:00,삼천포,,0,6,109.62902113162683,34.95,128.07
2023-04-08 21:00:00,여수,,0,6,109.46786233390154,34.74,127.74
2023-04-08 21:00:00,영동,,0,6,108.9797646086938,37.18,128.46
2023-04-08 21:00:00,영흥,,0,6,107.4983153753832,37.26,126.46
2023-04-08 21:00:00,예천,,0,6,109.20550627325423,36.65,128.46
2023-04-08 21:00:00,창원,,0,6,109.90078136291199,35.21,128.58
2023-04-08 21:00:00,탑선,,0,6,108.56907153987305,35.24,126.81
2023-04-08 22:00:00,경상대,,0,6,120.14921792699802,35.18,128.1
2023-04-08 22:00:00,고흥만수상,,0,6,119.96870276249649,34.57,127.3
2023-04-08 22:00:00,광양항세방,,0,6,120.03605270303566,34.93,127.71
2023-04-08 22:00:00,구미,,0,6,119.74428490158388,36.13,128.34
2023-04-08 22:00:00,삼천포,,0,6,120.26415083571104,34.95,128.07
2023-04-08 22:00:00,여수,,0,6,120.16636641873043,34.74,127.74
2023-04-08 22:00:00,영동,,0,6,119.19094088943802,37.18,128.46
2023-04-08 22:00:00,영흥,,0,6,117.86063144268579,37.26,126.46
2023-04-08 22:00:00,예천,,0,6,119.51036408950206,36.65,128.46
2023-04-08 22:00:00,창원,,0,6,120.44816680359256,35.21,128.58
2023-04-08 22:00:00,탑선,,0,6,119.25557298326358,35.24,126.81
2023-04-08 23:00:00,경상대,,0,6,129.09338756069477,35.18,128.1
2023-04-08 23:00:00,고흥만수상,,0,6,129.13670407329,34.57,127.3
2023-04-08 23:00:00,광양항세방,,0,6,129.080975279493,34.93,127.71
2023-04-08 23:00:00,구미,,0,6,128.48004036041308,36.13,128.34
2023-04-08 23:00:00,삼천포,,0,6,129.25490014616804,34.95,128.07
2023-04-08 23:00:00,여수,,0,6,129.2421166584033,34.74,127.74
2023-04-08 23:00:00,영동,,0,6,127.71792646346054,37.18,128.46
2023-04-08 23:00:00,영흥,,0,6,126.64914885104047,37.26,126.46
2023-04-08 23:00:00,예천,,0,6,128.133950111641,36.65,128.46
2023-04-08 23:00:00,창원,,0,6,129.31845064079567,35.21,128.58
2023-04-08 23:00:00,탑선,,0,6,128.36699204333138,35.24,126.81
2023-04-09 00:00:00,경상대,,0,6,135.31464677948088,35.18,128.1
2023-04-09 00:00:00,고흥만수상,,0,6,135.63614963701622,34.57,127.3
2023-04-09 00:00:00,광양항세방,,0,6,135.4300202122762,34.93,127.71
2023-04-09 00:00:00,구미,,0,6,134.49667826724482,36.13,128.34
2023-04-09 00:00:00,삼천포,,0,6,135.52003572488238,34.95,128.07
2023-04-09 00:00:00,여수,,0,6,135.6155237839412,34.74,127.74
2023-04-09 00:00:00,영동,,0,6,133.5453816519042,37.18,128.46
2023-04-09 00:00:00,영흥,,0,6,132.89122088083462,37.26,126.46
2023-04-09 00:00:00,예천,,0,6,134.04295805503824,36.65,128.46
2023-04-09 00:00:00,창원,,0,6,135.4265122142021,35.21,128.58
2023-04-09 00:00:00,탑선,,0,6,134.86294456023796,35.24,126.81
2023-04-09 01:00:00,경상대,,0,6,137.55673713393716,35.18,128.1
2023-04-09 01:00:00,고흥만수상,,0,6,138.16214602324726,34.57,127.3
2023-04-09 01:00:00,광양항세방,,0,6,137.80621529623716,34.93,127.71
2023-04-09 01:00:00,구미,,0,6,136.6055371716825,36.13,128.34
2023-04-09 01:00:00,삼천포,,0,6,137.78680321984535,34.95,128.07
2023-04-09 01:00:00,여수,,0,6,137.99635958384818,34.74,127.74
2023-04-09 01:00:00,영동,,0,6,135.5545916634042,37.18,128.46
2023-04-09 01:00:00,영흥,,0,6,135.45467290951453,37.26,126.46
2023-04-09 01:00:00,예천,,0,6,136.0845358110416,36.65,128.46
2023-04-09 01:00:00,창원,,0,6,137.5229898633357,35.21,128.58
2023-04-09 01:00:00,탑선,,0,6,137.48291415126533,35.24,126.81
2023-04-09 02:00:00,경상대,,0,6,135.20575435656696,35.18,128.1
2023-04-09 02:00:00,고흥만수상,,0,6,136.01136515305217,34.57,127.3
2023-04-09 02:00:00,광양항세방,,0,6,135.554819061532,34.93,127.71
2023-04-09 02:00:00,구미,,0,6,134.25057209168088,36.13,128.34
2023-04-09 02:00:00,삼천포,,0,6,135.42864644590804,34.95,128.07
2023-04-09 02:00:00,여수,,0,6,135.72306746772654,34.74,127.74
2023-04-09 02:00:00,영동,,0,6,133.2380472032791,37.18,128.46
2023-04-09 02:00:00,영흥,,0,6,133.70774236056846,37.26,126.46
2023-04-09 02:00:00,예천,,0,6,133.73141546082255,36.65,128.46
2023-04-09 02:00:00,창원,,0,6,135.03172376398842,35.21,128.58
2023-04-09 02:00:00,탑선,,0,6,135.52193963223152,35.24,126.81
2023-04-09 03:00:00,경상대,,0,6,128.90185801584482,35.18,128.1
2023-04-09 03:00:00,고흥만수상,,0,6,129.79000996600223,34.57,127.3
2023-04-09 03:00:00,광양항세방,,0,6,129.29803603387407,34.93,127.71
2023-04-09 03:00:00,구미,,0,6,128.04618335467754,36.13,128.34
2023-04-09 03:00:00,삼천포,,0,6,129.09420754237712,34.95,128.07
2023-04-09 03:00:00,여수,,0,6,129.42883433841735,34.74,127.74
2023-04-09 03:00:00,영동,,0,6,127.17342991338168,37.18,128.46
2023-04-09 03:00:00,영흥,,0,6,128.09261663462107,37.26,126.46
2023-04-09 03:00:00,예천,,0,6,127.58350685446203,36.65,128.46
2023-04-09 03:00:00,창원,,0,6,128.626559246877,35.21,128.58
2023-04-09 03:00:00,탑선,,0,6,129.51951663577017,35.24,126.81
2023-04-09 04:00:00,경상대,,0,6,119.90378112105391,35.18,128.1
2023-04-09 04:00:00,고흥만수상,,0,6,120.79327751934832,34.57,127.3
2023-04-09 04:00:00,광양항세방,,0,6,120.3089766409916,34.93,127.71
2023-04-09 04:00:00,구미,,0,6,119.18857166963758,36.13,128.34
2023-04-09 04:00:00,삼천포,,0,6,120.05811391876493,34.95,128.07
2023-04-09 04:00:00,여수,,0,6,120.40061077134308,34.74,127.74
2023-04-09 04:00:00,영동,,0,6,118.49055129595132,37.18,128.46
2023-04-09 04:00:00,영흥,,0,6,119.70920981554508,37.26,126.46
2023-04-09 04:00:00,예천,,0,6,118.80415954230207,36.65,128.46
2023-04-09 04:00:00,창원,,0,6,119.56739887496437,35.21,128.58
2023-04-09 04:00:00,탑선,,0,6,120.71687080783295,35.24,126.81
2023-04-09 05:00:00,경상대,,0,6,109.27649985884868,35.18,128.1
2023-04-09 05:00:00,고흥만수상,,0,6,110.12665378279192,34.57,127.3
2023-04-09 05:00:00,광양항세방,,0,6,109.67053080672491,34.93,127.71
2023-04-09 05:00:00,구미,,0,6,108.7066934604497,36.13,128.34
2023-04-09 05:00:00,삼천포,,0,6,109.39349511961922,34.95,128.07
2023-04-09 05:00:00,여수,,0,6,109.72680709526392,34.74,127.74
2023-04-09 05:00:00,영동,,0,6,108.1826291409897,37.18,128.46
2023-04-09 05:00:00,영흥,,0,6,109.58678084195705,37.26,126.46
2023-04-09 05:00:00,예천,,0,6,108.4032687726183,36.65,128.46
2023-04-09 05:00:00,창원,,0,6,108.90632293390848,35.21,128.58
2023-04-09 05:00:00,탑선,,0,6,110.20829378355623,35.24,126.81
2023-04-09 06:00:00,경상대,,0,6,97.71278935775639,35.18,128.1
2023-04-09 06:00:00,고흥만수상,,0,6,98.50364863791827,34.57,127.3
2023-04-09 06:00:00,광양항세방,,0,6,98.08522513926334,34.93,127.71
2023-04-09 06:00:00,구미,,0,6,97.28375858348046,36.13,128.34
2023-04-09 06:00:00,삼천포,,0,6,97.79476201862,34.95,128.07
2023-04-09 06:00:00,여수,,0,6,98.11011180821674,34.74,127.74
2023-04-09 06:00:00,영동,,0,6,96.92472570814179,37.18,128.46
2023-04-09 06:00:00,영흥,,0,6,98.43949263008956,37.26,126.46
2023-04-09 06:00:00,예천,,0,6,97.05888938166406,36.65,128.46
2023-04-09 06:00:00,창원,,0,6,97.32555172559323,35.21,128.58
2023-04-09 06:00:00,탑선,,0,6,98.71495297311759,35.24,126.81
2023-04-09 07:00:00,경상대,,0,6,85.64889923170908,35.18,128.1
2023-04-09 07:00:00,고흥만수상,,0,6,86.36714688481213,34.57,127.3
2023-04-09 07:00:00,광양항세방,,0,6,85.99276126761602,34.93,127.71
2023-04-09 07:00:00,구미,,0,6,85.35833857527658,36.13,128.34
2023-04-09 07:00:00,삼천포,,0,6,85.69719070019582,34.95,128.07
2023-04-09 07:00:00,여수,,0,6,85.98872561857542,34.74,127.74
2023-04-09 07:00:00,영동,,0,6,85.15919050987604,37.18,128.46
2023-04-09 07:00:00,영흥,,0,6,86.73400383559408,37.26,126.46
2023-04-09 07:00:00,예천,,0,6,85.21083180895015,36.65,128.46
2023-04-09 07:00:00,창원,,0,6,85.25562124928942,35.21,128.58
2023-04-09 07:00:00,탑선,,0,6,86.6899169560351,35.24,126.81
2023-04-09 08:00:00,경상대,278.75,6,6,73.39405895490155,35.18,128.1
2023-04-09 08:00:00,고흥만수상,288.68,5,6,74.02497095829634,34.57,127.3
2023-04-09 08:00:00,광양항세방,238.8333333333333,6,6,73.70207091934172,34.93,127.71
2023-04-09 08:00:00,구미,276.65000000000003,6,6,73.24689938556823,36.13,128.34
2023-04-09 08:00:00,삼천포,294.75,6,6,73.40809011180397,34.95,128.07
2023-04-09 08:00:00,여수,274.20000000000005,6,6,73.66971511019932,34.74,127.74
2023-04-09 08:00:00,영동,283.5,6,6,73.21088030720568,37.18,128.46
2023-04-09 08:00:00,영흥,220.88000000000002,5,6,74.8055147585024,37.26,126.46
2023-04-09 08:00:00,예천,277.1166666666667,6,6,73.17948625756097,36.65,128.46
2023-04-09 08:00:00,창원,281.34999999999997,6,6,73.00373886140301,35.21,128.58
2023-04-09 08:00:00,탑선,253.56000000000003,5,6,74.44960676745713,35.24,126.81
2023-04-09 09:00:00,경상대,490.25,6,6,61.23285055990532,35.18,128.1
2023-04-09 09:00:00,고흥만수상,484.3333333333333,6,6,61.753762012566995,34.57,127.3
2023-04-09 09:00:00,광양항세방,436.0833333333333,6,6,61.4943451937862,34.93,127.71
2023-04-09 09:00:00,구미,476.0833333333333,6,6,61.24492146151372,36.13,128.34
2023-04-09 09:00:00,삼천포,514.9499999999999,6,6,61.20942827829479,34.95,128.07
2023-04-09 09:00:00,여수,483.06666666666666,6,6,61.43219704343163,34.74,127.74
2023-04-09 09:00:00,영동,482.63333333333327,6,6,61.386800638957226,37.18,128.46
2023-04-09 09:00:00,영흥,387.8666666666666,6,6,62.958459519396854,37.26,126.46
2023-04-09 09:00:00,예천,470.3333333333333,6,6,61.26620541722929,36.65,128.46
2023-04-09 09:00:00,창원,485.5,6,6,60.855683268101764,35.21,128.58
2023-04-09 09:00:00,탑선,443.05,6,6,62.27748389410304,35.24,126.81
2023-04-09 10:00:00,경상대,654.58,5,5,49.53798689371169,35.18,128.1
2023-04-09 10:00:00,고흥만수상,654.5799999999999,5,5,49.90907810714991,34.57,127.3
2023-04-09 10:00:00,광양항세방,596.86,5,5,49.73454284758293,34.93,127.71
2023-04-09 10:00:00,구미,630.7,5,5,49.74092540734018,36.13,128.34
2023-04-09 10:00:00,삼천포,690.1800000000001,5,5,49.470325320321884,34.95,128.07
2023-04-09 10:00:00,여수,648.94,5,5,49.63873898564229,34.74,127.74
2023-04-09 10:00:00,영동,638.5600000000001,5,5,50.0906124064233,37.18,128.46
2023-04-09 10:00:00,영흥,545.58,5,5,51.57592793777397,37.26,126.46
2023-04-09 10:00:00,예천,618.34,5,5,49.86780587887727,36.65,128.46
2023-04-09 10:00:00,창원,649.8199999999999,5,5,49.18996989738753,35.21,128.58
2023-04-09 10:00:00,탑선,622.9399999999999,5,5,50.533595143385035,35.24,126.81
2023-04-09 11:00:00,경상대,787.2833333333333,6,6,38.97279434546869,35.18,128.1
2023-04-09 11:00:00,고흥만수상,795.4833333333332,6,6,39.12134852672579,34.57,127.3
2023-04-09 11:00:00,광양항세방,729.5833333333334,6,6,39.07065429972984,34.93,127.71
2023-04-09 11:00:00,구미,749.4,6,6,39.41800669331382,36.13,128.34
2023-04-09 11:00:00,삼천포,837.9,6,6,38.849864546248156,34.95,128.07
2023-04-09 11:00:00,여수,781.0,6,6,38.93535052370617,34.74,127.74
2023-04-09 11:00:00,영동,759.85,6,6,40.020448019604665,37.18,128.46
2023-04-09 11:00:00,영흥,671.65,6,6,41.3007185918298,37.26,126.46
2023-04-09 11:00:00,예천,729.7833333333333,6,6,39.67696619291112,36.65,128.46
2023-04-09 11:00:00,창원,778.5833333333334,6,6,38.685093055806185,35.21,128.58
2023-04-09 11:00:00,탑선,755.3499999999999,6,6,39.84459287449742,35.24,126.81
2023-04-09 12:00:00,경상대,852.0666666666667,6,6,30.906600772582863,35.18,128.1
2023-04-09 12:00:00,고흥만수상,866.6333333333332,6,6,30.715436979866205,34.57,127.3
2023-04-09 12:00:00,광양항세방,812.5666666666666,6,6,30.850228352912055,34.93,127.71
2023-04-09 12:00:00,구미,808.6166666666667,6,6,31.64262365209443,36.13,128.34
2023-04-09 12:00:00,삼천포,913.4,6,6,30.719085311109794,34.95,128.07
2023-04-09 12:00:00,여수,846.3166666666666,6,6,30.674113519842443,34.74,127.74
2023-04-09 12:00:00,영동,822.8333333333331,6,6,32.525105005419505,37.18,128.46
2023-04-09 12:00:00,영흥,745.0666666666666,6,6,33.36978081608362,37.26,126.46
2023-04-09 12:00:00,예천,782.0166666666668,6,6,32.05559960069202,36.65,128.46
2023-04-09 12:00:00,창원,842.7666666666665,6,6,30.74149410668793,35.21,128.58
2023-04-09 12:00:00,탑선,826.25,6,6,31.49666967074215,35.24,126.81
2023-04-09 13:00:00,경상대,865.7833333333333,6,6,27.73028156571518,35.18,128.1
2023-04-09 13:00:00,고흥만수상,884.1833333333333,6,6,27.126089944749722,34.57,127.3
2023-04-09 13:00:00,광양항세방,839.0,6,6,27.480609283204807,34.93,127.71
2023-04-09 13:00:00,구미,814.8000000000001,6,6,28.68230752996262,36.13,128.34
2023-04-09 13:00:00,삼천포,930.2833333333333,6,6,27.500137039869564,34.95,128.07
2023-04-09 13:00:00,여수,859.2166666666667,6,6,27.29041551387097,34.74,127.74
2023-04-09 13:00:00,영동,835.6666666666666,6,6,29.733795913389685,37.18,128.46
2023-04-09 13:00:00,영흥,774.8333333333334,6,6,29.839966352777694,37.26,126.46
2023-04-09 13:00:00,예천,781.8333333333334,6,6,29.203867528790077,36.65,128.46
2023-04-09 13:00:00,창원,855.7166666666668,6,6,27.766216853158504,35.21,128.58
2023-04-09 13:00:00,탑선,846.1500000000001,6,6,27.808959610957743,35.24,126.81
2023-04-09 14:00:00,경상대,860.9666666666667,6,6,31.014757067469844,35.18,128.1
2023-04-09 14:00:00,고흥만수상,878.6666666666665,6,6,30.159293477729946,34.57,127.3
2023-04-09 14:00:00,광양항세방,820.9166666666666,6,6,30.638613353300165,34.93,127.71
2023-04-09 14:00:00,구미,811.7166666666667,6,6,31.93472688889279,36.13,128.34
2023-04-09 14:00:00,삼천포,915.2666666666665,6,6,30.8037929242317,34.95,128.07
2023-04-09 14:00:00,여수,856.2333333333335,6,6,30.48610387212893,34.74,127.74
2023-04-09 14:00:00,영동,827.5166666666668,6,6,32.895535217843985,37.18,128.46
2023-04-09 14:00:00,영흥,761.65,6,6,32.23031992547853,37.26,126.46
2023-04-09 14:00:00,예천,774.9666666666666,6,6,32.43407466126877,36.65,128.46
2023-04-09 14:00:00,창원,855.0500000000001,6,6,31.24050330622245,35.21,128.58
2023-04-09 14:00:00,탑선,842.4166666666666,6,6,30.555053417930395,35.24,126.81
2023-04-09 15:00:00,경상대,801.8833333333332,6,6,39.14076262044858,35.18,128.1
2023-04-09 15:00:00,고흥만수상,821.7333333333332,6,6,38.24793943571304,34.57,127.3
2023-04-09 15:00:00,광양항세방,749.9833333333332,6,6,38.73525881944864,34.93,127.71
2023-04-09 15:00:00,구미,757.1333333333333,6,6,39.88124004124187,36.13,128.34
2023-04-09 15:00:00,삼천포,844.1666666666666,6,6,38.98047993510642,34.95,128.07
2023-04-09 15:00:00,여수,804.0333333333333,6,6,38.63775984011713,34.74,127.74
2023-04-09 15:00:00,영동,769.8666666666667,6,6,40.61548438554481,37.18,128.46
2023-04-09 15:00:00,영흥,704.1166666666667,6,6,39.45743270871598,37.26,126.46
2023-04-09 15:00:00,예천,721.0333333333334,6,6,40.2814793458894,36.65,128.46
2023-04-09 15:00:00,창원,800.3666666666667,6,6,39.469887611699185,35.21,128.58
2023-04-09 15:00:00,탑선,787.2000000000002,6,6,38.355330001677814,35.24,126.81
2023-04-09 16:00:00,경상대,685.1333333333333,6,6,49.72900231177676,35.18,128.1
2023-04-09 16:00:00,고흥만수상,703.4166666666666,6,6,48.88688055006007,34.57,127.3
2023-04-09 16:00:00,광양항세방,629.0833333333334,6,6,49.33762643128148,34.93,127.71
2023-04-09 16:00:00,구미,652.1333333333333,6,6,50.281039166718394,36.13,128.34
2023-04-09 16:00:00,삼천포,710.5999999999999,6,6,49.61740583325829,34.95,128.07
2023-04-09 16:00:00,여수,686.5833333333334,6,6,49.28645737766792,34.74,127.74
2023-04-09 16:00:00,영동,660.4666666666667,6,6,50.79130326523237,37.18,128.46
2023-04-09 16:00:00,영흥,605.5166666666668,6,6,49.381147611428034,37.26,126.46
2023-04-09 16:00:00,예천,622.5333333333334,6,6,50.57701395926708,36.65,128.46
2023-04-09 16:00:00,창원,688.4666666666667,6,6,50.102590994270656,35.21,128.58
2023-04-09 16:00:00,탑선,675.6833333333333,6,6,48.78553686286515,35.24,126.81
2023-04-09 17:00:00,경상대,517.9833333333333,6,6,61.427150940455824,35.18,128.1
2023-04-09 17:00:00,고흥만수상,533.3000000000001,6,6,60.66041975187812,34.57,127.3
2023-04-09 17:00:00,광양항세방,463.8333333333333,6,6,61.063817805925424,34.93,127.71
2023-04-09 17:00:00,구미,494.5166666666667,6,6,61.81249088142374,36.13,128.34
2023-04-09 17:00:00,삼천포,526.7333333333333,6,6,61.35689306366852,34.95,128.07
2023-04-09 17:00:00,여수,521.2499999999999,6,6,61.04938845961249,34.74,127.74
2023-04-09 17:00:00,영동,498.31666666666666,6,6,62.12871883314979,37.18,128.46
2023-04-09 17:00:00,영흥,462.68333333333334,6,6,60.59618104954738,37.26,126.46
2023-04-09 17:00:00,예천,474.13333333333327,6,6,62.015742715221386,36.65,128.46
2023-04-09 17:00:00,창원,524.7833333333333,6,6,61.81752858218465,35.21,128.58
2023-04-09 17:00:00,탑선,516.7166666666667,6,6,60.40908777310296,35.24,126.81
2023-04-09 18:00:00,경상대,313.6,6,6,73.57917176603391,35.18,128.1
2023-04-09 18:00:00,고흥만수상,324.8333333333333,6,6,72.89714759327438,34.57,127.3
2023-04-09 18:00:00,광양항세방,273.8833333333333,6,6,73.24969748635034,34.93,127.71
2023-04-09 18:00:00,구미,301.11666666666673,6,6,73.8137591733088,36.13,128.34
2023-04-09 18:00:00,삼천포,312.24999999999994,6,6,73.54538787671378,34.95,128.07
2023-04-09 18:00:00,여수,317.7166666666667,6,6,73.2661907703667,34.74,127.74
2023-04-09 18:00:00,영동,301.3666666666667,6,6,73.95720525069574,37.18,128.46
2023-04-09 18:00:00,영흥,283.21666666666664,6,6,72.37190009965721,37.26,126.46
2023-04-09 18:00:00,예천,289.2166666666667,6,6,73.93298673951809,36.65,128.46
2023-04-09 18:00:00,창원,318.6166666666666,6,6,73.9722905675639,35.21,128.58
2023-04-09 18:00:00,탑선,321.7,6,6,72.52920986938963,35.24,126.81
2023-04-09 19:00:00,경상대,182.2,1,6,85.81403697165935,35.18,128.1
2023-04-09 19:00:00,고흥만수상,192.5,1,6,85.22601747817723,34.57,127.3
2023-04-09 19:00:00,광양항세방,157.9,1,6,85.52355886500281,34.93,127.71
2023-04-09 19:00:00,구미,175.5,1,6,85.90331973518649,36.13,128.34
2023-04-09 19:00:00,삼천포,178.5,1,6,85.81480080662546,34.95,128.07
2023-04-09 19:00:00,여수,188.1,1,6,85.56822243020903,34.74,127.74
2023-04-09 19:00:00,영동,174.2,1,6,85.88284692078004,37.18,128.46
2023-04-09 19:00:00,영흥,172.7,1,6,84.29022838402032,37.26,126.46
2023-04-09 19:00:00,예천,170.0,1,6,85.94163096262874,36.65,128.46
2023-04-09 19:00:00,창원,,0,6,86.20047850549203,35.21,128.58
2023-04-09 19:00:00,탑선,198.4,1,6,84.7594806836441,35.24,126.81
2023-04-09 20:00:00,경상대,,0,6,97.84570562619663,35.18,128.1
2023-04-09 20:00:00,고흥만수상,,0,6,97.36652467528607,34.57,127.3
2023-04-09 20:00:00,광양항세방,,0,6,97.60153408115889,34.93,127.71
2023-04-09 20:00:00,구미,,0,6,97.78512334188214,36.13,128.34
2023-04-09 20:00:00,삼천포,,0,6,97.8815992744344,34.95,128.07
2023-04-09 20:00:00,여수,,0,6,97.67379554752999,34.74,127.74
2023-04-09 20:00:00,영동,,0,6,97.59866482061366,37.18,128.46
2023-04-09 20:00:00,영흥,,0,6,96.0390712131186,37.26,126.46
2023-04-09 20:00:00,예천,,0,6,97.74026124191266,36.65,128.46
2023-04-09 20:00:00,창원,,0,6,98.21638494706528,35.21,128.58
2023-04-09 20:00:00,탑선,,0,6,96.81085905429552,35.24,126.81
2023-04-09 21:00:00,경상대,,0,6,109.36087028138759,35.18,128.1
2023-04-09 21:00:00,고흥만수상,,0,6,109.01479154996474,34.57,127.3
2023-04-09 21:00:00,광양항세방,,0,6,109.17449071387654,34.93,127.71
2023-04-09 21:00:00,구미,,0,6,109.13641830685602,36.13,128.34
2023-04-09 21:00:00,삼천포,,0,6,109.43467079907387,34.95,128.07
2023-04-09 21:00:00,여수,,0,6,109.27534033137633,34.74,127.74
2023-04-09 21:00:00,영동,,0,6,108.77260877799269,37.18,128.46
2023-04-09 21:00:00,영흥,,0,6,107.29463742519579,37.26,126.46
2023-04-09 21:00:00,예천,,0,6,109.00116505689451,36.65,128.46
2023-04-09 21:00:00,창원,,0,6,109.70395932199767,35.21,128.58
2023-04-09 21:00:00,탑선,,0,6,108.37565975373865,35.24,126.81
2023-04-09 22:00:00,경상대,,0,6,119.9164431101631,35.18,128.1
2023-04-09 22:00:00,고흥만수상,,0,6,119.7412552813706,34.57,127.3
2023-04-09 22:00:00,광양항세방,,0,6,119.80563391607846,34.93,127.71
2023-04-09 22:00:00,구미,,0,6,119.50625067610319,36.13,128.34
2023-04-09 22:00:00,삼천포,,0,6,120.03258705629767,34.95,128.07
2023-04-09 22:00:00,여수,,0,6,119.93679785595154,34.74,127.74
2023-04-09 22:00:00,영동,,0,6,118.9476537845663,37.18,128.46
2023-04-09 22:00:00,영흥,,0,6,117.62247421080542,37.26,126.46
2023-04-09 22:00:00,예천,,0,6,119.26953869289194,36.65,128.46
2023-04-09 22:00:00,창원,,0,6,120.21384531801834,35.21,128.58
2023-04-09 22:00:00,탑선,,0,6,119.02620319312435,35.24,126.81
2023-04-09 23:00:00,경상대,,0,6,128.81133204792968,35.18,128.1
2023-04-09 23:00:00,고흥만수상,,0,6,128.85978899144615,34.57,127.3
2023-04-09 23:00:00,광양항세방,,0,6,128.80123328600712,34.93,127.71
2023-04-09 23:00:00,구미,,0,6,128.19378611420728,36.13,128.34
2023-04-09 23:00:00,삼천포,,0,6,128.97378542955374,34.95,128.07
2023-04-09 23:00:00,여수,,0,6,128.96296784332182,34.74,127.74
2023-04-09 23:00:00,영동,,0,6,127.42771590300536,37.18,128.46
2023-04-09 23:00:00,영흥,,0,6,126.36535570636906,37.26,126.46
2023-04-09 23:00:00,예천,,0,6,127.84550794339728,36.65,128.46
2023-04-09 23:00:00,창원,,0,6,129.03456360517322,35.21,128.58
2023-04-09 23:00:00,탑선,,0,6,128.0893180224972,35.24,126.81
2023-04-10 00:00:00,경상대,,0,6,134.9789903241189,35.18,128.1
2023-04-10 00:00:00,고흥만수상,,0,6,135.30420809733292,34.57,127.3
2023-04-10 00:00:00,광양항세방,,0,6,135.09606975723113,34.93,127.71
2023-04-10 00:00:00,구미,,0,6,134.15880786431188,36.13,128.34
2023-04-10 00:00:00,삼천포,,0,6,135.18484177127021,34.95,128.07
2023-04-10 00:00:00,여수,,0,6,135.2817845071927,34.74,127.74
2023-04-10 00:00:00,영동,,0,6,133.20565350653595,37.18,128.46
2023-04-10 00:00:00,영흥,,0,6,132.55752567865392,37.26,126.46
2023-04-10 00:00:00,예천,,0,6,133.70396687936045,36.65,128.46
2023-04-10 00:00:00,창원,,0,6,135.08922828396996,35.21,128.58
2023-04-10 00:00:00,탑선,,0,6,134.53151663503758,35.24,126.81
2023-04-10 01:00:00,경상대,,0,6,137.18392106992877,35.18,128.1
2023-04-10 01:00:00,고흥만수상,,0,6,137.79052737266727,34.57,127.3
2023-04-10 01:00:00,광양항세방,,0,6,137.433963197528,34.93,127.71
2023-04-10 01:00:00,구미,,0,6,136.23240424353142,36.13,128.34
2023-04-10 01:00:00,삼천포,,0,6,137.41402809064502,34.95,128.07
2023-04-10 01:00:00,여수,,0,6,137.62406480011714,34.74,127.74
2023-04-10 01:00:00,영동,,0,6,135.18132227564794,37.18,128.46
2023-04-10 01:00:00,영흥,,0,6,135.08423129832855,37.26,126.46
2023-04-10 01:00:00,예천,,0,6,135.7112554541123,36.65,128.46
2023-04-10 01:00:00,창원,,0,6,137.14951831441311,35.21,128.58
2023-04-10 01:00:00,탑선,,0,6,137.11204682076487,35.24,126.81
2023-04-10 02:00:00,경상대,,0,6,134.83012566899168,35.18,128.1
2023-04-10 02:00:00,고흥만수상,,0,6,135.63528760650289,34.57,127.3
2023-04-10 02:00:00,광양항세방,,0,6,135.17895074399704,34.93,127.71
2023-04-10 02:00:00,구미,,0,6,133.87475068063165,36.13,128.34
2023-04-10 02:00:00,삼천포,,0,6,135.05309119916552,34.95,128.07
2023-04-10 02:00:00,여수,,0,6,135.3473046992167,34.74,127.74
2023-04-10 02:00:00,영동,,0,6,132.86190770651385,37.18,128.46
2023-04-10 02:00:00,영흥,,0,6,133.33026010766753,37.26,126.46
2023-04-10 02:00:00,예천,,0,6,133.35548237063273,36.65,128.46
2023-04-10 02:00:00,창원,,0,6,134.6565253475178,35.21,128.58
2023-04-10 02:00:00,탑선,,0,6,135.1452351137725,35.24,126.81
2023-04-10 03:00:00,경상대,,0,6,128.54944283634097,35.18,128.1
2023-04-10 03:00:00,고흥만수상,,0,6,129.43722380934076,34.57,127.3
2023-04-10 03:00:00,광양항세방,,0,6,128.9453518446973,34.93,127.71
2023-04-10 03:00:00,구미,,0,6,127.69238662592694,36.13,128.34
2023-04-10 03:00:00,삼천포,,0,6,128.7421908274424,34.95,128.07
2023-04-10 03:00:00,여수,,0,6,129.0765849722793,34.74,127.74
2023-04-10 03:00:00,영동,,0,6,126.81791504888605,37.18,128.46
2023-04-10 03:00:00,영흥,,0,6,127.73351809305888,37.26,126.46
2023-04-10 03:00:00,예천,,0,6,127.22895703442754,36.65,128.46
2023-04-10 03:00:00,창원,,0,6,128.27501985649195,35.21,128.58
2023-04-10 03:00:00,탑선,,0,6,129.1645044536473,35.24,126.81
2023-04-10 04:00:00,경상대,,0,6,119.58121651798886,35.18,128.1
2023-04-10 04:00:00,고흥만수상,,0,6,120.47113741033544,34.57,127.3
2023-04-10 04:00:00,광양항세방,,0,6,119.98646971164241,34.93,127.71
2023-04-10 04:00:00,구미,,0,6,118.86344285454686,36.13,128.34
2023-04-10 04:00:00,삼천포,,0,6,119.73623622513021,34.95,128.07
2023-04-10 04:00:00,여수,,0,6,120.07877793438352,34.74,127.74
2023-04-10 04:00:00,영동,,0,6,118.16242181043293,37.18,128.46
2023-04-10 04:00:00,영흥,,0,6,119.3772732777561,37.26,126.46
2023-04-10 04:00:00,예천,,0,6,118.47763985157519,36.65,128.46
2023-04-10 04:00:00,창원,,0,6,119.24564996584188,35.21,128.58
2023-04-10 04:00:00,탑선,,0,6,120.39163948667223,35.24,126.81
2023-04-10 05:00:00,경상대,,0,6,108.97953322800038,35.18,128.1
2023-04-10 05:00:00,고흥만수상,,0,6,109.83091220710983,34.57,127.3
2023-04-10 05:00:00,광양항세방,,0,6,109.37397604470956,34.93,127.71
2023-04-10 05:00:00,구미,,0,6,108.40636954338854,36.13,128.34
2023-04-10 05:00:00,삼천포,,0,6,109.09739407517637,34.95,128.07
2023-04-10 05:00:00,여수,,0,6,109.43105064091624,34.74,127.74
2023-04-10 05:00:00,영동,,0,6,107.87848105157265,37.18,128.46
2023-04-10 05:00:00,영흥,,0,6,109.27951580210478,37.26,126.46
2023-04-10 05:00:00,예천,,0,6,108.10112291688307,36.65,128.46
2023-04-10 05:00:00,창원,,0,6,108.60993671823861,35.21,128.58
2023-04-10 05:00:00,탑선,,0,6,109.90917572209224,35.24,126.81
2023-04-10 06:00:00,경상대,,0,6,97.43396143347096,35.18,128.1
2023-04-10 06:00:00,고흥만수상,,0,6,98.22671802017203,34.57,127.3
2023-04-10 06:00:00,광양항세방,,0,6,97.80711672569359,34.93,127.71
2023-04-10 06:00:00,구미,,0,6,97.00105451627364,36.13,128.34
2023-04-10 06:00:00,삼천포,,0,6,97.51690900350312,34.95,128.07
2023-04-10 06:00:00,여수,,0,6,97.83286320452034,34.74,127.74
2023-04-10 06:00:00,영동,,0,6,96.63768643013,37.18,128.46
2023-04-10 06:00:00,영흥,,0,6,98.15028921351711,37.26,126.46
2023-04-10 06:00:00,예천,,0,6,96.77408138727404,36.65,128.46
2023-04-10 06:00:00,창원,,0,6,97.04703984000041,35.21,128.58
2023-04-10 06:00:00,탑선,,0,6,98.43462434421352,35.24,126.81
2023-04-10 07:00:00,경상대,,0,6,85.38024882099353,35.18,128.1
2023-04-10 07:00:00,고흥만수상,,0,6,86.10099588185211,34.57,127.3
2023-04-10 07:00:00,광양항세방,,0,6,85.72511037076659,34.93,127.71
2023-04-10 07:00:00,구미,,0,6,85.08541364970112,36.13,128.34
2023-04-10 07:00:00,삼천포,,0,6,85.42959607543428,34.95,128.07
2023-04-10 07:00:00,여수,,0,6,85.72197192130166,34.74,127.74
2023-04-10 07:00:00,영동,,0,6,84.8815639918158,37.18,128.46
2023-04-10 07:00:00,영흥,,0,6,86.45523835449185,37.26,126.46
2023-04-10 07:00:00,예천,,0,6,84.9355898951212,36.65,128.46
2023-04-10 07:00:00,창원,,0,6,84.9870207448485,35.21,128.58
2023-04-10 07:00:00,탑선,,0,6,86.42043993050589,35.24,126.81
2023-04-10 08:00:00,경상대,275.81666666666666,6,6,73.1273047191269,35.18,128.1
2023-04-10 08:00:00,고흥만수상,259.55,6,6,73.76132939332771,34.57,127.3
2023-04-10 08:00:00,광양항세방,226.63333333333333,6,6,73.43660316294535,34.93,127.71
2023-04-10 08:00:00,구미,266.9166666666667,6,6,72.97550419457131,36.13,128.34
2023-04-10 08:00:00,삼천포,275.71666666666664,6,6,73.14246566677113,34.95,128.07
2023-04-10 08:00:00,여수,262.25,6,6,73.40517457555387,34.74,127.74
2023-04-10 08:00:00,영동,269.75,6,6,72.93447495908525,37.18,128.46
2023-04-10 08:00:00,영흥,206.44,5,6,74.52909160752313,37.26,126.46
2023-04-10 08:00:00,예천,261.2,6,6,72.90558468492269,36.65,128.46
2023-04-10 08:00:00,창원,276.18333333333334,6,6,72.73674897293753,35.21,128.58
2023-04-10 08:00:00,탑선,250.84,5,6,74.18275335208644,35.24,126.81
2023-04-10 09:00:00,경상대,466.1333333333334,6,6,60.9585724147619,35.18,128.1
2023-04-10 09:00:00,고흥만수상,463.71666666666664,6,6,61.483277227274584,34.57,127.3
2023-04-10 09:00:00,광양항세방,406.55,6,6,61.221674081606785,34.93,127.71
2023-04-10 09:00:00,구미,459.0666666666666,6,6,60.9656655060175,36.13,128.34
2023-04-10 09:00:00,삼천포,490.4333333333334,6,6,60.936346949987,34.95,128.07
2023-04-10 09:00:00,여수,465.25,6,6,61.16047245628305,34.74,127.74
2023-04-10 09:00:00,영동,456.0,6,6,61.10230045596066,37.18,128.46
2023-04-10 09:00:00,영흥,364.8666666666666,6,6,62.67527164986066,37.26,126.46
2023-04-10 09:00:00,예천,432.6000000000001,6,6,60.984280765872,36.65,128.46
2023-04-10 09:00:00,창원,479.73333333333335,6,6,60.58082958487485,35.21,128.58
2023-04-10 09:00:00,탑선,440.3333333333333,6,6,62.003980259933996,35.24,126.81
2023-04-10 10:00:00,경상대,634.0799999999999,5,5,49.244431136431,35.18,128.1
2023-04-10 10:00:00,고흥만수상,612.36,5,5,49.620018394884006,34.57,127.3
2023-04-10 10:00:00,광양항세방,527.46,5,5,49.44293185350144,34.93,127.71
2023-04-10 10:00:00,구미,594.5200000000001,5,5,49.442254871514876,36.13,128.34
2023-04-10 10:00:00,삼천포,630.58,5,5,49.17798539672803,34.95,128.07
2023-04-10 10:00:00,여수,587.36,5,5,49.34804652493691,34.74,127.74
2023-04-10 10:00:00,영동,621.1,5,5,49.78674826774082,37.18,128.46
2023-04-10 10:00:00,영흥,508.36,5,5,51.27501263878431,37.26,126.46
2023-04-10 10:00:00,예천,587.46,5,5,49.56643139555509,36.65,128.46
2023-04-10 10:00:00,창원,634.86,5,5,48.8954153881,35.21,128.58
2023-04-10 10:00:00,탑선,610.5600000000001,5,5,50.2419414507746,35.24,126.81
2023-04-10 11:00:00,경상대,754.8833333333332,6,6,38.64589489551898,35.18,128.1
2023-04-10 11:00:00,고흥만수상,780.5166666666668,6,6,38.799199885370605,34.57,127.3
2023-04-10 11:00:00,광양항세방,692.1666666666666,6,6,38.7458470994549,34.93,127.71
2023-04-10 11:00:00,구미,733.1666666666666,6,6,39.08667068726363,36.13,128.34
2023-04-10 11:00:00,삼천포,813.0999999999999,6,6,38.524006930311614,34.95,128.07
2023-04-10 11:00:00,여수,770.6,6,6,38.61127629649029,34.74,127.74
2023-04-10 11:00:00,영동,750.0499999999998,6,6,39.68489130468048,37.18,128.46
2023-04-10 11:00:00,영흥,539.0500000000001,6,6,40.969694520127355,37.26,126.46
2023-04-10 11:00:00,예천,713.2833333333333,6,6,39.34335004789976,36.65,128.46
2023-04-10 11:00:00,창원,771.0166666666668,6,6,38.3567864791488,35.21,128.58
2023-04-10 11:00:00,탑선,745.9,6,6,39.52083741717514,35.24,126.81
2023-04-10 12:00:00,경상대,841.0166666666668,6,6,30.539789453465715,35.18,128.1
2023-04-10 12:00:00,고흥만수상,861.6333333333332,6,6,30.351496916649936,34.57,127.3
2023-04-10 12:00:00,광양항세방,783.9666666666666,6,6,30.484690492868467,34.93,127.71
2023-04-10 12:00:00,구미,808.5333333333333,6,6,31.273967325059658,36.13,128.34
2023-04-10 12:00:00,삼천포,860.9499999999999,6,6,30.352697420264903,34.95,128.07
2023-04-10 12:00:00,여수,846.0833333333334,6,6,30.308824352209363,34.74,127.74
2023-04-10 12:00:00,영동,819.2666666666668,6,6,32.15494311649853,37.18,128.46
2023-04-10 12:00:00,영흥,644.8000000000001,6,6,33.00325184394914,37.26,126.46
2023-04-10 12:00:00,예천,771.8833333333333,6,6,31.686059353736013,36.65,128.46
2023-04-10 12:00:00,창원,840.3833333333336,6,6,30.37360771819354,35.21,128.58
2023-04-10 12:00:00,탑선,820.0833333333334,6,6,31.13269103129835,35.24,126.81
2023-04-10 13:00:00,경상대,865.5666666666666,6,6,27.35915110539225,35.18,128.1
2023-04-10 13:00:00,고흥만수상,883.5833333333334,6,6,26.75331691564753,34.57,127.3
2023-04-10 13:00:00,광양항세방,817.1333333333333,6,6,27.108660851743487,34.93,127.71
2023-04-10 13:00:00,구미,819.2666666666668,6,6,28.311662869294643,36.13,128.34
2023-04-10 13:00:00,삼천포,921.9333333333334,6,6,27.128945968054595,34.95,128.07
2023-04-10 13:00:00,여수,865.7166666666667,6,6,26.91852555091323,34.74,127.74
2023-04-10 13:00:00,영동,764.0,6,6,29.363354666227593,37.18,128.46
2023-04-10 13:00:00,영흥,753.8166666666666,6,6,29.465984310279673,37.26,126.46
2023-04-10 13:00:00,예천,781.85,6,6,28.833453821793043,36.65,128.46
2023-04-10 13:00:00,창원,864.3666666666664,6,6,27.396158991006793,35.21,128.58
2023-04-10 13:00:00,탑선,841.9499999999999,6,6,27.43534974705006,35.24,126.81
2023-04-10 14:00:00,경상대,853.9499999999999,6,6,30.70549161430253,35.18,128.1
2023-04-10 14:00:00,고흥만수상,874.4833333333335,6,6,29.848074594172402,34.57,127.3
2023-04-10 14:00:00,광양항세방,800.6333333333333,6,6,30.328239699423726,34.93,127.71
2023-04-10 14:00:00,구미,810.7833333333333,6,6,31.623221659319732,36.13,128.34
2023-04-10 14:00:00,삼천포,903.6999999999999,6,6,30.4952361333915,34.95,128.07
2023-04-10 14:00:00,여수,859.5166666666668,6,6,30.176596609026305,34.74,127.74
2023-04-10 14:00:00,영동,818.1833333333334,6,6,32.58100842034362,37.18,128.46
2023-04-10 14:00:00,영흥,740.5500000000001,6,6,31.906301425669085,37.26,126.46
2023-04-10 14:00:00,예천,772.1999999999999,6,6,32.12133828569522,36.65,128.46
2023-04-10 14:00:00,창원,855.2166666666666,6,6,30.933616455974146,35.21,128.58
2023-04-10 14:00:00,탑선,835.2333333333335,6,6,30.2389135542127,35.24,126.81
2023-04-10 15:00:00,경상대,791.3166666666667,6,6,38.90360190017821,35.18,128.1
2023-04-10 15:00:00,고흥만수상,813.4833333333335,6,6,38.01143350557867,34.57,127.3
2023-04-10 15:00:00,광양항세방,726.9166666666666,6,6,38.4981168173894,34.93,127.71
2023-04-10 15:00:00,구미,752.4000000000001,6,6,39.63903288004528,36.13,128.34
2023-04-10 15:00:00,삼천포,829.4666666666667,6,6,38.744687007463156,34.95,128.07
2023-04-10 15:00:00,여수,800.1333333333332,6,6,38.40197955510854,34.74,127.74
2023-04-10 15:00:00,영동,762.5,6,6,40.36737315803304,37.18,128.46
2023-04-10 15:00:00,영흥,682.6,6,6,39.20098217546828,37.26,126.46
2023-04-10 15:00:00,예천,714.8166666666666,6,6,40.03655047260708,36.65,128.46
2023-04-10 15:00:00,창원,793.9666666666667,6,6,39.23446833378136,35.21,128.58
2023-04-10 15:00:00,탑선,777.75,6,6,38.11244978106533,35.24,126.81
2023-04-10 16:00:00,경상대,671.3333333333334,6,6,49.53958688821704,35.18,128.1
2023-04-10 16:00:00,고흥만수상,689.0499999999998,6,6,48.699796944446575,34.57,127.3
2023-04-10 16:00:00,광양항세방,611.75,6,6,49.14901807594645,34.93,127.71
2023-04-10 16:00:00,구미,644.6,6,6,50.08570303143494,36.13,128.34
2023-04-10 16:00:00,삼천포,695.8166666666667,6,6,49.42951158063513,34.95,128.07
2023-04-10 16:00:00,여수,680.2,6,6,49.09924313253185,34.74,127.74
2023-04-10 16:00:00,영동,648.5500000000001,6,6,50.58925207241975,37.18,128.46
2023-04-10 16:00:00,영흥,569.2333333333333,6,6,49.17375392406158,37.26,126.46
2023-04-10 16:00:00,예천,613.4,6,6,50.37847071361784,36.65,128.46
2023-04-10 16:00:00,창원,675.7166666666667,6,6,49.91408520636502,35.21,128.58
2023-04-10 16:00:00,탑선,664.2166666666667,6,6,48.59259238554402,35.24,126.81
2023-04-10 17:00:00,경상대,502.09999999999997,6,6,61.263082014084546,35.18,128.1
2023-04-10 17:00:00,고흥만수상,521.9666666666666,6,6,60.499519980519786,34.57,127.3
2023-04-10 17:00:00,광양항세방,449.59999999999997,6,6,60.90097689152175,34.93,127.71
2023-04-10 17:00:00,구미,484.4666666666667,6,6,61.64243687008876,36.13,128.34
2023-04-10 17:00:00,삼천포,513.3666666666667,6,6,61.19431684605499,34.95,128.07
2023-04-10 17:00:00,여수,512.9333333333333,6,6,60.88784673946652,34.74,127.74
2023-04-10 17:00:00,영동,486.74999999999994,6,6,61.95198896011159,37.18,128.46
2023-04-10 17:00:00,영흥,429.4666666666667,6,6,60.41656762230757,37.26,126.46
2023-04-10 17:00:00,예천,463.29999999999995,6,6,61.842436631642364,36.65,128.46
2023-04-10 17:00:00,창원,505.43333333333334,6,6,61.65377950007181,35.21,128.58
2023-04-10 17:00:00,탑선,501.56666666666666,6,6,60.24314752887824,35.24,126.81
2023-04-10 18:00:00,경상대,299.68333333333334,6,6,73.42449980011381,35.18,128.1
2023-04-10 18:00:00,고흥만수상,314.09999999999997,6,6,72.7461428496726,34.57,127.3
2023-04-10 18:00:00,광양항세방,261.9833333333333,6,6,73.09651471420185,34.93,127.71
2023-04-10 18:00:00,구미,290.4833333333334,6,6,73.6532170496665,36.13,128.34
2023-04-10 18:00:00,삼천포,302.93333333333334,6,6,73.39215082354806,34.95,128.07
2023-04-10 18:00:00,여수,309.3833333333333,6,6,73.11420809246454,34.74,127.74
2023-04-10 18:00:00,영동,290.8666666666667,6,6,73.79021035607323,37.18,128.46
2023-04-10 18:00:00,영흥,258.2666666666667,6,6,72.2038732643095,37.26,126.46
2023-04-10 18:00:00,예천,278.53333333333336,6,6,73.7692530929193,36.65,128.46
2023-04-10 18:00:00,창원,299.6666666666667,6,6,73.81751735347599,35.21,128.58
2023-04-10 18:00:00,탑선,307.7333333333333,6,6,72.37386865331737,35.24,126.81
2023-04-10 19:00:00,경상대,173.5,1,6,85.65659276672025,35.18,128.1
2023-04-10 19:00:00,고흥만수상,187.7,1,6,85.07265040554228,34.57,127.3
2023-04-10 19:00:00,광양항세방,149.4,1,6,85.36781862283293,34.93,127.71
2023-04-10 19:00:00,구미,168.9,1,6,85.7401064525165,36.13,128.34
2023-04-10 19:00:00,삼천포,173.6,1,6,85.65874485751576,34.95,128.07
2023-04-10 19:00:00,여수,181.7,1,6,85.41360232607555,34.74,127.74
2023-04-10 19:00:00,영동,169.6,1,6,85.71339137840103,37.18,128.46
2023-04-10 19:00:00,영흥,157.1,1,6,84.12127210453082,37.26,126.46
2023-04-10 19:00:00,예천,163.6,1,6,85.77528635250827,36.65,128.46
2023-04-10 19:00:00,창원,171.4,1,6,86.04258592909329,35.21,128.58
2023-04-10 19:00:00,탑선,189.0,1,6,84.60234888927955,35.24,126.81
2023-04-10 20:00:00,경상대,,0,6,97.67465361978348,35.18,128.1
2023-04-10 20:00:00,고흥만수상,,0,6,97.199973471818,34.57,127.3
2023-04-10 20:00:00,광양항세방,,0,6,97.43240405836798,34.93,127.71
2023-04-10 20:00:00,구미,,0,6,97.60837085102345,36.13,128.34
2023-04-10 20:00:00,삼천포,,0,6,97.71190013398149,34.95,128.07
2023-04-10 20:00:00,여수,,0,6,97.50571750546291,34.74,127.74
2023-04-10 20:00:00,영동,,0,6,97.41586123585658,37.18,128.46
2023-04-10 20:00:00,영흥,,0,6,95.85822227668275,37.26,126.46
2023-04-10 20:00:00,예천,,0,6,97.5604271449995,36.65,128.46
2023-04-10 20:00:00,창원,,0,6,98.04454706577376,35.21,128.58
2023-04-10 20:00:00,탑선,,0,6,96.64105958248024,35.24,126.81
2023-04-10 21:00:00,경상대,,0,6,109.16503212063974,35.18,128.1
2023-04-10 21:00:00,고흥만수상,,0,6,108.8238968749308,34.57,127.3
2023-04-10 21:00:00,광양항세방,,0,6,108.98080264039135,34.93,127.71
2023-04-10 21:00:00,구미,,0,6,108.93500166519993,36.13,128.34
2023-04-10 21:00:00,삼천포,,0,6,109.24013817998542,34.95,128.07
2023-04-10 21:00:00,여수,,0,6,109.0826241387687,34.74,127.74
2023-04-10 21:00:00,영동,,0,6,108.56541869181498,37.18,128.46
2023-04-10 21:00:00,영흥,,0,6,107.09094132846229,37.26,126.46
2023-04-10 21:00:00,예천,,0,6,108.79675411837975,36.65,128.46
2023-04-10 21:00:00,창원,,0,6,109.50696938632234,35.21,128.58
2023-04-10 21:00:00,탑선,,0,6,108.18209443598899,35.24,126.81
2023-04-10 22:00:00,경상대,,0,6,119.68353235231774,35.18,128.1
2023-04-10 22:00:00,고흥만수상,,0,6,119.51361299020442,34.57,127.3
2023-04-10 22:00:00,광양항세방,,0,6,119.57505420685172,34.93,127.71
2023-04-10 22:00:00,구미,,0,6,119.26816001022654,36.13,128.34
2023-04-10 22:00:00,삼천포,,0,6,119.80086824055442,34.95,128.07
2023-04-10 22:00:00,여수,,0,6,119.70705321643177,34.74,127.74
2023-04-10 22:00:00,영동,,0,6,118.7043945106269,37.18,128.46
2023-04-10 22:00:00,영흥,,0,6,117.38432571691773,37.26,126.46
2023-04-10 22:00:00,예천,,0,6,119.02869966423009,36.65,128.46
2023-04-10 22:00:00,창원,,0,6,119.97939644989313,35.21,128.58
2023-04-10 22:00:00,탑선,,0,6,118.79668769322839,35.24,126.81
2023-04-10 23:00:00,경상대,,0,6,128.5295403238182,35.18,128.1
2023-04-10 23:00:00,고흥만수상,,0,6,128.58305301983086,34.57,127.3
2023-04-10 23:00:00,광양항세방,,0,6,128.52171786220373,34.93,127.71
2023-04-10 23:00:00,구미,,0,6,127.90788297948907,36.13,128.34
2023-04-10 23:00:00,삼천포,,0,6,128.69291403787153,34.95,128.07
2023-04-10 23:00:00,여수,,0,6,128.68403078269048,34.74,127.74
2023-04-10 23:00:00,영동,,0,6,127.13794307786796,37.18,128.46
2023-04-10 23:00:00,영흥,,0,6,126.08192805122657,37.26,126.46
2023-04-10 23:00:00,예천,,0,6,127.55746278779125,36.65,128.46
2023-04-10 23:00:00,창원,,0,6,128.75096332408282,35.21,128.58
2023-04-10 23:00:00,탑선,,0,6,127.81186026232307,35.24,126.81
2023-04-11 00:00:00,경상대,,0,6,134.6444492638094,35.18,128.1
2023-04-11 00:00:00,고흥만수상,,0,6,134.9732953513375,34.57,127.3
2023-04-11 00:00:00,광양항세방,,0,6,134.76319551969436,34.93,127.71
2023-04-11 00:00:00,구미,,0,6,133.82211527707037,36.13,128.34
2023-04-11 00:00:00,삼천포,,0,6,134.85074935380422,34.95,128.07
2023-04-11 00:00:00,여수,,0,6,134.94911331876503,34.74,127.74
2023-04-11 00:00:00,영동,,0,6,132.867158691368,37.18,128.46
2023-04-11 00:00:00,영흥,,0,6,132.22494775165075,37.26,126.46
2023-04-11 00:00:00,예천,,0,6,133.36618524633772,36.65,128.46
2023-04-11 00:00:00,창원,,0,6,134.75309330092495,35.21,128.58
2023-04-11 00:00:00,탑선,,0,6,134.2011218455358,35.24,126.81
2023-04-11 01:00:00,경상대,,0,6,136.81313284815678,35.18,128.1
2023-04-11 01:00:00,고흥만수상,,0,6,137.42089686232126,34.57,127.3
2023-04-11 01:00:00,광양항세방,,0,6,137.06372027626873,34.93,127.71
2023-04-11 01:00:00,구미,,0,6,135.86131184969642,36.13,128.34
2023-04-11 01:00:00,삼천포,,0,6,137.04327883869925,34.95,128.07
2023-04-11 01:00:00,여수,,0,6,137.25377995167267,34.74,127.74
2023-04-11 01:00:00,영동,,0,6,134.81010038057974,37.18,128.46
2023-04-11 01:00:00,영흥,,0,6,134.7157520716808,37.26,126.46
2023-04-11 01:00:00,예천,,0,6,135.34002164502078,36.65,128.46
2023-04-11 01:00:00,창원,,0,6,136.77809592382252,35.21,128.58
2023-04-11 01:00:00,탑선,,0,6,136.7431470012013,35.24,126.81
2023-04-11 02:00:00,경상대,,0,6,134.4568399514901,35.18,128.1
2023-04-11 02:00:00,고흥만수상,,0,6,135.26155253009364,34.57,127.3
2023-04-11 02:00:00,광양항세방,,0,6,134.80542527748898,34.93,127.71
2023-04-11 02:00:00,구미,,0,6,133.50127374528233,36.13,128.34
2023-04-11 02:00:00,삼천포,,0,6,134.67987846896483,34.95,128.07
2023-04-11 02:00:00,여수,,0,6,134.97388441330574,34.74,127.74
2023-04-11 02:00:00,영동,,0,6,132.48811387202426,37.18,128.46
2023-04-11 02:00:00,영흥,,0,6,132.95511745346607,37.26,126.46
2023-04-11 02:00:00,예천,,0,6,132.98189444364712,36.65,128.46
2023-04-11 02:00:00,창원,,0,6,134.2836691843376,35.21,128.58
2023-04-11 02:00:00,탑선,,0,6,134.77087312784514,35.24,126.81
2023-04-11 03:00:00,경상대,,0,6,128.1992106933634,35.18,128.1
2023-04-11 03:00:00,고흥만수상,,0,6,129.08661608984312,34.57,127.3
2023-04-11 03:00:00,광양항세방,,0,6,128.59484970161643,34.93,127.71
2023-04-11 03:00:00,구미,,0,6,127.3407944210777,36.13,128.34
2023-04-11 03:00:00,삼천포,,0,6,128.392351255889,34.95,128.07
2023-04-11 03:00:00,여수,,0,6,128.72651192751113,34.74,127.74
2023-04-11 03:00:00,영동,,0,6,126.46462827760172,37.18,128.46
2023-04-11 03:00:00,영흥,,0,6,127.37667360155856,37.26,126.46
2023-04-11 03:00:00,예천,,0,6,126.87662292612052,36.65,128.46
2023-04-11 03:00:00,창원,,0,6,127.92565725055269,35.21,128.58
2023-04-11 03:00:00,탑선,,0,6,128.81169601366136,35.24,126.81
2023-04-11 04:00:00,경상대,,0,6,119.26067036396606,35.18,128.1
2023-04-11 04:00:00,고흥만수상,,0,6,120.15099788661719,34.57,127.3
2023-04-11 04:00:00,광양항세방,,0,6,119.66597435925078,34.93,127.71
2023-04-11 04:00:00,구미,,0,6,118.54036563210909,36.13,128.34
2023-04-11 04:00:00,삼천포,,0,6,119.41636848181315,34.95,128.07
2023-04-11 04:00:00,여수,,0,6,119.75894919818458,34.74,127.74
2023-04-11 04:00:00,영동,,0,6,117.83637920463133,37.18,128.46
2023-04-11 04:00:00,영흥,,0,6,119.04743919100642,37.26,126.46
2023-04-11 04:00:00,예천,,0,6,118.15318916012691,36.65,128.46
2023-04-11 04:00:00,창원,,0,6,118.92591762372572,35.21,128.58
2023-04-11 04:00:00,탑선,,0,6,120.06843777731646,35.24,126.81
2023-04-11 05:00:00,경상대,,0,6,108.68457395974796,35.18,128.1
2023-04-11 05:00:00,고흥만수상,,0,6,109.53715354500214,34.57,127.3
2023-04-11 05:00:00,광양항세방,,0,6,109.0794184656524,34.93,127.71
2023-04-11 05:00:00,구미,,0,6,108.10808598339648,36.13,128.34
2023-04-11 05:00:00,삼천포,,0,6,108.8032922874925,34.95,128.07
2023-04-11 05:00:00,여수,,0,6,109.13728478676984,34.74,127.74
2023-04-11 05:00:00,영동,,0,6,107.57640756454191,37.18,128.46
2023-04-11 05:00:00,영흥,,0,6,108.9743224912533,37.26,126.46
2023-04-11 05:00:00,예천,,0,6,107.80103480342703,36.65,128.46
2023-04-11 05:00:00,창원,,0,6,108.315560806071,35.21,128.58
2023-04-11 05:00:00,탑선,,0,6,109.61206267339742,35.24,126.81
2023-04-11 06:00:00,경상대,,0,6,97.15726312047032,35.18,128.1
2023-04-11 06:00:00,고흥만수상,,0,6,97.95189140827084,34.57,127.3
2023-04-11 06:00:00,광양항세방,,0,6,97.53112681679468,34.93,127.71
2023-04-11 06:00:00,구미,,0,6,96.7205074571629,36.13,128.34
2023-04-11 06:00:00,삼천포,,0,6,97.24117910657226,34.95,128.07
2023-04-11 06:00:00,여수,,0,6,97.55772827417638,34.74,127.74
2023-04-11 06:00:00,영동,,0,6,96.35283156115234,37.18,128.46
2023-04-11 06:00:00,영흥,,0,6,97.86325256062122,37.26,126.46
2023-04-11 06:00:00,예천,,0,6,96.49144477121354,36.65,128.46
2023-04-11 06:00:00,창원,,0,6,96.77066380446064,35.21,128.58
2023-04-11 06:00:00,탑선,,0,6,98.15641278973752,35.24,126.81
2023-04-11 07:00:00,경상대,,0,6,85.11394246368447,35.18,128.1
2023-04-11 07:00:00,고흥만수상,,0,6,85.83716525238603,34.57,127.3
2023-04-11 07:00:00,광양항세방,,0,6,85.45979290620637,34.93,127.71
2023-04-11 07:00:00,구미,,0,6,84.8148520331097,36.13,128.34
2023-04-11 07:00:00,삼천포,,0,6,85.16434114008726,34.95,128.07
2023-04-11 07:00:00,여수,,0,6,85.45754886387583,34.74,127.74
2023-04-11 07:00:00,영동,,0,6,84.60631861388671,37.18,128.46
2023-04-11 07:00:00,영흥,,0,6,86.17882587654245,37.26,126.46
2023-04-11 07:00:00,예천,,0,6,84.66272119164198,36.65,128.46
2023-04-11 07:00:00,창원,,0,6,84.72077264872915,35.21,128.58
2023-04-11 07:00:00,탑선,,0,6,86.15328720187526,35.24,126.81
2023-04-11 08:00:00,경상대,248.5333333333333,6,6,72.863171641038,35.18,128.1
2023-04-11 08:00:00,고흥만수상,246.11666666666667,6,6,73.50029006658716,34.57,127.3
2023-04-11 08:00:00,광양항세방,226.36666666666665,6,6,73.17374771487843,34.93,127.71
2023-04-11 08:00:00,구미,255.8166666666667,6,6,72.70673841635553,36.13,128.34
2023-04-11 08:00:00,삼천포,268.84999999999997,6,6,72.87946076610501,34.95,128.07
2023-04-11 08:00:00,여수,272.26666666666665,6,6,73.14324600238433,34.74,127.74
2023-04-11 08:00:00,영동,158.33333333333334,6,6,72.66070424961481,37.18,128.46
2023-04-11 08:00:00,영흥,122.2,5,6,74.25526811638727,37.26,126.46
2023-04-11 08:00:00,예천,236.4,6,6,72.63431635528083,36.65,128.46
2023-04-11 08:00:00,창원,224.0,6,6,72.47238980362378,35.21,128.58
2023-04-11 08:00:00,탑선,151.64000000000001,5,6,73.91849622252727,35.24,126.81
2023-04-11 09:00:00,경상대,413.0999999999999,6,6,60.68722499373849,35.18,128.1
2023-04-11 09:00:00,고흥만수상,434.23333333333335,6,6,61.21571413886875,34.57,127.3
2023-04-11 09:00:00,광양항세방,394.90000000000003,6,6,60.95192891201585,34.93,127.71
2023-04-11 09:00:00,구미,460.40000000000003,6,6,60.689332077040994,36.13,128.34
2023-04-11 09:00:00,삼천포,469.36666666666673,6,6,60.666198736639636,34.95,128.07
2023-04-11 09:00:00,여수,460.13333333333327,6,6,60.89167679396402,34.74,127.74
2023-04-11 09:00:00,영동,176.46666666666667,6,6,60.820709946071446,37.18,128.46
2023-04-11 09:00:00,영흥,237.38333333333333,6,6,62.39495726699903,37.26,126.46
2023-04-11 09:00:00,예천,428.8999999999999,6,6,60.70527348133055,36.65,128.46
2023-04-11 09:00:00,창원,278.1333333333334,6,6,60.30891592292431,35.21,128.58
2023-04-11 09:00:00,탑선,238.98333333333335,6,6,61.733380434393666,35.24,126.81
2023-04-11 10:00:00,경상대,631.52,5,5,48.95407811183142,35.18,128.1
2023-04-11 10:00:00,고흥만수상,522.3399999999999,5,5,49.334173463098345,34.57,127.3
2023-04-11 10:00:00,광양항세방,485.12,5,5,49.15452794369305,34.93,127.71
2023-04-11 10:00:00,구미,617.78,5,5,49.14675296354622,36.13,128.34
2023-04-11 10:00:00,삼천포,480.58000000000004,5,5,48.88885679372493,34.95,128.07
2023-04-11 10:00:00,여수,554.94,5,5,49.06056889056029,34.74,127.74
2023-04-11 10:00:00,영동,379.4,5,5,49.48601348596807,37.18,128.46
2023-04-11 10:00:00,영흥,179.92,5,5,50.97720371768023,37.26,126.46
2023-04-11 10:00:00,예천,364.82000000000005,5,5,49.26820664876931,36.65,128.46
2023-04-11 10:00:00,창원,463.4799999999999,5,5,48.60406865152428,35.21,128.58
2023-04-11 10:00:00,탑선,367.15999999999997,5,5,49.9534704604129,35.24,126.81
2023-04-11 11:00:00,경상대,700.0999999999999,6,6,38.32223382145443,35.18,128.1
2023-04-11 11:00:00,고흥만수상,483.1333333333334,6,6,38.4803409730737,34.57,127.3
2023-04-11 11:00:00,광양항세방,591.5333333333334,6,6,38.4243002777335,34.93,127.71
2023-04-11 11:00:00,구미,728.1166666666667,6,6,38.75850744409741,36.13,128.34
2023-04-11 11:00:00,삼천포,340.65000000000003,6,6,38.2014036871451,34.95,128.07
2023-04-11 11:00:00,여수,675.9666666666667,6,6,38.2904750555747,34.74,127.74
2023-04-11 11:00:00,영동,254.76666666666668,6,6,39.352441086272485,37.18,128.46
2023-04-11 11:00:00,영흥,149.20000000000002,6,6,40.64180048050736,37.26,126.46
2023-04-11 11:00:00,예천,563.15,6,6,39.012872330470046,36.65,128.46
2023-04-11 11:00:00,창원,565.8333333333333,6,6,38.03170931716499,35.21,128.58
2023-04-11 11:00:00,탑선,342.6166666666666,6,6,39.20033194621931,35.24,126.81
2023-04-11 12:00:00,경상대,459.3333333333333,6,6,30.175699807321692,35.18,128.1
2023-04-11 12:00:00,고흥만수상,396.09999999999997,6,6,29.990350754552786,34.57,127.3
2023-04-11 12:00:00,광양항세방,551.9,6,6,30.12190635711665,34.93,127.71
2023-04-11 12:00:00,구미,744.6500000000001,6,6,30.907979675781903,36.13,128.34
2023-04-11 12:00:00,삼천포,265.4833333333333,6,6,29.9890436707257,34.95,128.07
2023-04-11 12:00:00,여수,423.81666666666666,6,6,29.94629696119121,34.74,127.74
2023-04-11 12:00:00,영동,255.1333333333333,6,6,31.78740513220164,37.18,128.46
2023-04-11 12:00:00,영흥,165.9,6,6,32.6394283744802,37.26,126.46
2023-04-11 12:00:00,예천,465.38333333333327,6,6,31.319162127636886,36.65,128.46
2023-04-11 12:00:00,창원,580.2333333333332,6,6,30.008417299014255,35.21,128.58
2023-04-11 12:00:00,탑선,313.18333333333334,6,6,30.77149583818828,35.24,126.81
2023-04-11 13:00:00,경상대,372.1000000000001,6,6,26.99032374125138,35.18,128.1
2023-04-11 13:00:00,고흥만수상,544.7833333333333,6,6,26.38284104824026,34.57,127.3
2023-04-11 13:00:00,광양항세방,583.0166666666668,6,6,26.739012111341033,34.93,127.71
2023-04-11 13:00:00,구미,615.4666666666666,6,6,27.943317586771045,36.13,128.34
2023-04-11 13:00:00,삼천포,295.21666666666664,6,6,26.760059216654582,34.95,128.07
2023-04-11 13:00:00,여수,472.0333333333333,6,6,26.548936833813933,34.74,127.74
2023-04-11 13:00:00,영동,452.5,6,6,28.995206607440302,37.18,128.46
2023-04-11 13:00:00,영흥,174.28333333333333,6,6,29.094284119892016,37.26,126.46
2023-04-11 13:00:00,예천,363.25,6,6,28.465337123422948,36.65,128.46
2023-04-11 13:00:00,창원,613.1666666666666,6,6,27.028411334932805,35.21,128.58
2023-04-11 13:00:00,탑선,448.34999999999997,6,6,27.0640301938125,35.24,126.81
2023-04-11 14:00:00,경상대,172.41666666666666,6,6,30.399019042453084,35.18,128.1
2023-04-11 14:00:00,고흥만수상,277.09999999999997,6,6,29.539678900528777,34.57,127.3
2023-04-11 14:00:00,광양항세방,239.04999999999998,6,6,30.020670064015995,34.93,127.71
2023-04-11 14:00:00,구미,479.1833333333332,6,6,31.314442306481006,36.13,128.34
2023-04-11 14:00:00,삼천포,151.25,6,6,30.189490055106916,34.95,128.07
2023-04-11 14:00:00,여수,262.3833333333333,6,6,29.86990961117752,34.74,127.74
2023-04-11 14:00:00,영동,190.0666666666667,6,6,32.26913801883399,37.18,128.46
2023-04-11 14:00:00,영흥,126.73333333333333,6,6,31.5848954134731,37.26,126.46
2023-04-11 14:00:00,예천,174.43333333333337,6,6,31.81129349342067,36.65,128.46
2023-04-11 14:00:00,창원,393.1833333333334,6,6,30.629530003902374,35.21,128.58
2023-04-11 14:00:00,탑선,183.9333333333333,6,6,29.925530528388478,35.24,126.81
2023-04-11 15:00:00,경상대,104.78333333333335,6,6,38.669089029108115,35.18,128.1
2023-04-11 15:00:00,고흥만수상,106.56666666666668,6,6,37.777637480029604,34.57,127.3
2023-04-11 15:00:00,광양항세방,123.78333333333332,6,6,38.263649898670636,34.93,127.71
2023-04-11 15:00:00,구미,320.9166666666667,6,6,39.399415906721416,36.13,128.34
2023-04-11 15:00:00,삼천포,16.55,6,6,38.5115554278521,34.95,128.07
2023-04-11 15:00:00,여수,177.19999999999996,6,6,38.16888393055464,34.74,127.74
2023-04-11 15:00:00,영동,135.61666666666665,6,6,40.12179667244053,37.18,128.46
2023-04-11 15:00:00,영흥,254.61666666666665,6,6,38.947116353128024,37.26,126.46
2023-04-11 15:00:00,예천,158.16666666666666,6,6,39.79418204862733,36.65,128.46
2023-04-11 15:00:00,창원,266.6166666666667,6,6,39.001678443982776,35.21,128.58
2023-04-11 15:00:00,탑선,77.88333333333334,6,6,37.87225682235132,35.24,126.81
2023-04-11 16:00:00,경상대,179.76666666666665,6,6,49.35216606861407,35.18,128.1
2023-04-11 16:00:00,고흥만수상,157.91666666666669,6,6,48.51475101118818,34.57,127.3
2023-04-11 16:00:00,광양항세방,172.2166666666667,6,6,48.96242465967286,34.93,127.71
2023-04-11 16:00:00,구미,215.16666666666666,6,6,49.892343448219364,36.13,128.34
2023-04-11 16:00:00,삼천포,37.016666666666666,6,6,49.243615043147166,34.95,128.07
2023-04-11 16:00:00,여수,115.23333333333333,6,6,48.914043933358315,34.74,127.74
2023-04-11 16:00:00,영동,260.68333333333334,6,6,50.38916424025396,37.18,128.46
2023-04-11 16:00:00,영흥,350.5166666666667,6,6,48.96840673553986,37.26,126.46
2023-04-11 16:00:00,예천,209.46666666666667,6,6,50.181894856600174,36.65,128.46
2023-04-11 16:00:00,창원,241.26666666666668,6,6,49.727551374493096,35.21,128.58
2023-04-11 16:00:00,탑선,229.0833333333333,6,6,48.40170230866412,35.24,126.81
2023-04-11 17:00:00,경상대,91.53333333333335,6,6,61.10033961360326,35.18,128.1
2023-04-11 17:00:00,고흥만수상,157.18333333333334,6,6,60.339968366188025,34.57,127.3
2023-04-11 17:00:00,광양항세방,168.48333333333332,6,6,60.73947379611556,34.93,127.71
2023-04-11 17:00:00,구미,206.73333333333332,6,6,61.47371788362693,36.13,128.34
2023-04-11 17:00:00,삼천포,146.11666666666665,6,6,61.03306390849682,34.95,128.07
2023-04-11 17:00:00,여수,139.46666666666667,6,6,60.72763793381435,34.74,127.74
2023-04-11 17:00:00,영동,178.98333333333335,6,6,61.77660891340305,37.18,128.46
2023-04-11 17:00:00,영흥,311.45000000000005,6,6,60.2383827218503,37.26,126.46
2023-04-11 17:00:00,예천,198.9666666666667,6,6,61.6704706091824,36.65,128.46
2023-04-11 17:00:00,창원,180.15,6,6,61.49133790656701,35.21,128.58
2023-04-11 17:00:00,탑선,215.29999999999998,6,6,60.07858825574604,35.24,126.81
2023-04-11 18:00:00,경상대,137.81666666666666,6,6,73.27059918105704,35.18,128.1
2023-04-11 18:00:00,고흥만수상,169.23333333333332,6,6,72.59591516057245,34.57,127.3
2023-04-11 18:00:00,광양항세방,155.23333333333332,6,6,72.94410758248269,34.93,127.71
2023-04-11 18:00:00,구미,237.58333333333334,6,6,73.49347109885431,36.13,128.34
2023-04-11 18:00:00,삼천포,155.63333333333333,6,6,73.23967816372257,34.95,128.07
2023-04-11 18:00:00,여수,140.73333333333335,6,6,72.96299352480062,34.74,127.74
2023-04-11 18:00:00,영동,93.45,6,6,73.62404348516097,37.18,128.46
2023-04-11 18:00:00,영흥,223.95000000000002,6,6,72.03674006476038,37.26,126.46
2023-04-11 18:00:00,예천,136.43333333333334,6,6,73.60632953145755,36.65,128.46
2023-04-11 18:00:00,창원,138.85,6,6,73.66350082461636,35.21,128.58
2023-04-11 18:00:00,탑선,165.41666666666666,6,6,72.21934361106784,35.24,126.81
2023-04-11 19:00:00,경상대,104.7,1,6,85.49948506616455,35.18,128.1
2023-04-11 19:00:00,고흥만수상,130.3,1,6,84.91961259157202,34.57,127.3
2023-04-11 19:00:00,광양항세방,131.4,1,6,85.21241338651356,34.93,127.71
2023-04-11 19:00:00,구미,93.3,1,6,85.57726690848071,36.13,128.34
2023-04-11 19:00:00,삼천포,107.5,1,6,85.50301570082534,34.95,128.07
2023-04-11 19:00:00,여수,110.1,1,6,85.25930785144396,34.74,127.74
2023-04-11 19:00:00,영동,131.2,1,6,85.54435421940322,37.18,128.46
2023-04-11 19:00:00,영흥,102.1,1,6,83.95278565921596,37.26,126.46
2023-04-11 19:00:00,예천,173.5,1,6,85.60933616548154,36.65,128.46
2023-04-11 19:00:00,창원,99.7,1,6,85.88501926063417,35.21,128.58
2023-04-11 19:00:00,탑선,131.3,1,6,84.44558903231592,35.24,126.81
2023-04-11 20:00:00,경상대,,0,6,97.50362240452482,35.18,128.1
2023-04-11 20:00:00,고흥만수상,,0,6,97.03342249043392,34.57,127.3
2023-04-11 20:00:00,광양항세방,,0,6,97.26328733402804,34.93,127.71
2023-04-11 20:00:00,구미,,0,6,97.43168889282005,36.13,128.34
2023-04-11 20:00:00,삼천포,,0,6,97.54220928540992,34.95,128.07
2023-04-11 20:00:00,여수,,0,6,97.33764154432244,34.74,127.74
2023-04-11 20:00:00,영동,,0,6,97.23318544383314,37.18,128.46
2023-04-11 20:00:00,영흥,,0,6,95.6775366662672,37.26,126.46
2023-04-11 20:00:00,예천,,0,6,97.38069102780807,36.65,128.46
2023-04-11 20:00:00,창원,,0,6,97.87272372693974,35.21,128.58
2023-04-11 20:00:00,탑선,,0,6,96.47130631799544,35.24,126.81
2023-04-11 21:00:00,경상대,,0,6,108.96904482615099,35.18,128.1
2023-04-11 21:00:00,고흥만수상,,0,6,108.63281549011987,34.57,127.3
2023-04-11 21:00:00,광양항세방,,0,6,108.78695023552234,34.93,127.71
2023-04-11 21:00:00,구미,,0,6,108.73350043971769,36.13,128.34
2023-04-11 21:00:00,삼천포,,0,6,109.04544062019953,34.95,128.07
2023-04-11 21:00:00,여수,,0,6,108.8897302854682,34.74,127.74
2023-04-11 21:00:00,영동,,0,6,108.35821552255287,37.18,128.46
2023-04-11 21:00:00,영흥,,0,6,106.88724551905148,37.26,126.46
2023-04-11 21:00:00,예천,,0,6,108.59229387209655,36.65,128.46
2023-04-11 21:00:00,창원,,0,6,109.30983006281129,35.21,128.58
2023-04-11 21:00:00,탑선,,0,6,107.98839147740392,35.24,126.81
2023-04-11 22:00:00,경상대,,0,6,119.45052885530436,35.18,128.1
2023-04-11 22:00:00,고흥만수상,,0,6,119.28581715161762,34.57,127.3
2023-04-11 22:00:00,광양항세방,,0,6,119.3443558763506,34.93,127.71
2023-04-11 22:00:00,구미,,0,6,119.03005722739553,36.13,128.34
2023-04-11 22:00:00,삼천포,,0,6,119.5690373635062,34.95,128.07
2023-04-11 22:00:00,여수,,0,6,119.4771747087686,34.74,127.74
2023-04-11 22:00:00,영동,,0,6,118.46120833573367,37.18,128.46
2023-04-11 22:00:00,영흥,,0,6,117.14622792082596,37.26,126.46
2023-04-11 22:00:00,예천,,0,6,118.78789190319887,36.65,128.46
2023-04-11 22:00:00,창원,,0,6,119.74486429574738,35.21,128.58
2023-04-11 22:00:00,탑선,,0,6,118.56706740088995,35.24,126.81
2023-04-11 23:00:00,경상대,,0,6,128.24808270894604,35.18,128.1
2023-04-11 23:00:00,고흥만수상,,0,6,128.30656535502726,34.57,127.3
2023-04-11 23:00:00,광양항세방,,0,6,128.24249877429807,34.93,127.71
2023-04-11 23:00:00,구미,,0,6,127.62240131288866,36.13,128.34
2023-04-11 23:00:00,삼천포,,0,6,128.4123563302425,34.95,128.07
2023-04-11 23:00:00,여수,,0,6,128.40537536252697,34.74,127.74
2023-04-11 23:00:00,영동,,0,6,126.8486781767586,37.18,128.46
2023-04-11 23:00:00,영흥,,0,6,125.79893301032601,37.26,126.46
2023-04-11 23:00:00,예천,,0,6,127.26988500658153,36.65,128.46
2023-04-11 23:00:00,창원,,0,6,128.46772088873112,35.21,128.58
2023-04-11 23:00:00,탑선,,0,6,127.53468691773018,35.24,126.81
2023-04-12 00:00:00,경상대,,0,6,134.31111228257106,35.18,128.1
2023-04-12 00:00:00,고흥만수상,,0,6,134.6435000993317,34.57,127.3
2023-04-12 00:00:00,광양항세방,,0,6,134.43148614329573,34.93,127.71
2023-04-12 00:00:00,구미,,0,6,133.48668849976468,36.13,128.34
2023-04-12 00:00:00,삼천포,,0,6,134.51784735830654,34.95,128.07
2023-04-12 00:00:00,여수,,0,6,134.6175990745714,34.74,127.74
2023-04-12 00:00:00,영동,,0,6,132.52998443911756,37.18,128.46
2023-04-12 00:00:00,영흥,,0,6,131.8935727183273,37.26,126.46
2023-04-12 00:00:00,예천,,0,6,133.02970080367757,36.65,128.46
2023-04-12 00:00:00,창원,,0,6,134.41819625795029,35.21,128.58
2023-04-12 00:00:00,탑선,,0,6,133.87184783899266,35.24,126.81
2023-04-12 01:00:00,경상대,,0,6,136.44446858904425,35.18,128.1
2023-04-12 01:00:00,고흥만수상,,0,6,137.05335038471844,34.57,127.3
2023-04-12 01:00:00,광양항세방,,0,6,136.6955825184482,34.93,127.71
2023-04-12 01:00:00,구미,,0,6,135.49235598873267,36.13,128.34
2023-04-12 01:00:00,삼천포,,0,6,136.67465163338952,34.95,128.07
2023-04-12 01:00:00,여수,,0,6,136.88560109696448,34.74,127.74
2023-04-12 01:00:00,영동,,0,6,134.44102178224222,37.18,128.46
2023-04-12 01:00:00,영흥,,0,6,134.34932984073012,37.26,126.46
2023-04-12 01:00:00,예천,,0,6,134.97093032003804,36.65,128.46
2023-04-12 01:00:00,창원,,0,6,136.40881907030334,35.21,128.58
2023-04-12 01:00:00,탑선,,0,6,136.37631012683232,35.24,126.81
2023-04-12 02:00:00,경상대,,0,6,134.08600721251756,35.18,128.1
2023-04-12 02:00:00,고흥만수상,,0,6,134.8902693089662,34.57,127.3
2023-04-12 02:00:00,광양항세방,,0,6,134.434352343696,34.93,127.71
2023-04-12 02:00:00,구미,,0,6,133.13025103339083,36.13,128.34
2023-04-12 02:00:00,삼천포,,0,6,134.30911836252528,34.95,128.07
2023-04-12 02:00:00,여수,,0,6,134.60291643752413,34.74,127.74
2023-04-12 02:00:00,영동,,0,6,132.11677500940706,37.18,128.46
2023-04-12 02:00:00,영흥,,0,6,132.58242149286943,37.26,126.46
2023-04-12 02:00:00,예천,,0,6,132.610761275873,36.65,128.46
2023-04-12 02:00:00,창원,,0,6,133.91326584326333,35.21,128.58
2023-04-12 02:00:00,탑선,,0,6,134.39896211258943,35.24,126.81
2023-04-12 03:00:00,경상대,,0,6,127.85128774939122,35.18,128.1
2023-04-12 03:00:00,고흥만수상,,0,6,128.73831303794964,34.57,127.3
2023-04-12 03:00:00,광양항세방,,0,6,128.24665574618246,34.93,127.71
2023-04-12 03:00:00,구미,,0,6,126.99153201063123,36.13,128.34
2023-04-12 03:00:00,삼천포,,0,6,128.04481523642676,34.95,128.07
2023-04-12 03:00:00,여수,,0,6,128.37874159571453,34.74,127.74
2023-04-12 03:00:00,영동,,0,6,126.11369383017654,37.18,128.46
2023-04-12 03:00:00,영흥,,0,6,127.0222057066141,37.26,126.46
2023-04-12 03:00:00,예천,,0,6,126.52662932387784,36.65,128.46
2023-04-12 03:00:00,창원,,0,6,127.57859793257428,35.21,128.58
2023-04-12 03:00:00,탑선,,0,6,128.46121634273715,35.24,126.81
2023-04-12 04:00:00,경상대,,0,6,118.94227541283682,35.18,128.1
2023-04-12 04:00:00,고흥만수상,,0,6,119.83299216237614,34.57,127.3
2023-04-12 04:00:00,광양항세방,,0,6,119.34762351585901,34.93,127.71
2023-04-12 04:00:00,구미,,0,6,118.21947193347313,36.13,128.34
2023-04-12 04:00:00,삼천포,,0,6,119.09864364956073,34.95,128.07
2023-04-12 04:00:00,여수,,0,6,119.44125767590097,34.74,127.74
2023-04-12 04:00:00,영동,,0,6,117.51255450558709,37.18,128.46
2023-04-12 04:00:00,영흥,,0,6,118.71983808757669,37.26,126.46
2023-04-12 04:00:00,예천,,0,6,117.8309389582765,36.65,128.46
2023-04-12 04:00:00,창원,,0,6,118.60833463497721,35.21,128.58
2023-04-12 04:00:00,탑선,,0,6,119.74739817788725,35.24,126.81
2023-04-12 05:00:00,경상대,,0,6,108.39175386738118,35.18,128.1
2023-04-12 05:00:00,고흥만수상,,0,6,109.24551001261182,34.57,127.3
2023-04-12 05:00:00,광양항세방,,0,6,108.78699005789154,34.93,127.71
2023-04-12 05:00:00,구미,,0,6,107.81197417455326,36.13,128.34
2023-04-12 05:00:00,삼천포,,0,6,108.51132166547215,34.95,128.07
2023-04-12 05:00:00,여수,,0,6,108.84564159079302,34.74,127.74
2023-04-12 05:00:00,영동,,0,6,107.27653962816154,37.18,128.46
2023-04-12 05:00:00,영흥,,0,6,108.6713320616899,37.26,126.46
2023-04-12 05:00:00,예천,,0,6,107.50313559785518,36.65,128.46
2023-04-12 05:00:00,창원,,0,6,108.02332690545796,35.21,128.58
2023-04-12 05:00:00,탑선,,0,6,109.317086663801,35.24,126.81
2023-04-12 06:00:00,경상대,,0,6,96.88282249157426,35.18,128.1
2023-04-12 06:00:00,고흥만수상,,0,6,97.67929705921165,34.57,127.3
2023-04-12 06:00:00,광양항세방,,0,6,97.25738357611118,34.93,127.71
2023-04-12 06:00:00,구미,,0,6,96.44224545984179,36.13,128.34
2023-04-12 06:00:00,삼천포,,0,6,96.96770039493644,34.95,128.07
2023-04-12 06:00:00,여수,,0,6,97.28483516148053,34.74,127.74
2023-04-12 06:00:00,영동,,0,6,96.07028914381469,37.18,128.46
2023-04-12 06:00:00,영흥,,0,6,97.5785111390053,37.26,126.46
2023-04-12 06:00:00,예천,,0,6,96.2111075715899,36.65,128.46
2023-04-12 06:00:00,창원,,0,6,96.49655156678614,35.21,128.58
2023-04-12 06:00:00,탑선,,0,6,97.88044672573862,35.24,126.81
2023-04-12 07:00:00,경상대,,0,6,84.8501045022189,35.18,128.1
2023-04-12 07:00:00,고흥만수상,,0,6,85.57577926663069,34.57,127.3
2023-04-12 07:00:00,광양항세방,,0,6,85.1969331989278,34.93,127.71
2023-04-12 07:00:00,구미,,0,6,84.54677837574695,36.13,128.34
2023-04-12 07:00:00,삼천포,,0,6,84.90155015179694,34.95,128.07
2023-04-12 07:00:00,여수,,0,6,85.19558068923014,34.74,127.74
2023-04-12 07:00:00,영동,,0,6,84.33357935560791,37.18,128.46
2023-04-12 07:00:00,영흥,,0,6,85.90489174530519,37.26,126.46
2023-04-12 07:00:00,예천,,0,6,84.39235050659735,36.65,128.46
2023-04-12 07:00:00,창원,,0,6,84.45700121872538,35.21,128.58
2023-04-12 07:00:00,탑선,,0,6,85.88858340243272,35.24,126.81
2023-04-12 08:00:00,경상대,270.71666666666664,6,6,72.60178196593982,35.18,128.1
2023-04-12 08:00:00,고흥만수상,264.7,6,6,73.24197487878888,34.57,127.3
2023-04-12 08:00:00,광양항세방,219.86666666666667,6,6,72.91362668263042,34.93,127.71
2023-04-12 08:00:00,구미,264.3,6,6,72.4407248570597,36.13,128.34
2023-04-12 08:00:00,삼천포,282.7333333333333,6,6,72.61919751115511,34.95,128.07
2023-04-12 08:00:00,여수,264.81666666666666,6,6,72.88405137475209,34.74,127.74
2023-04-12 08:00:00,영동,273.56666666666666,6,6,72.38969155461767,37.18,128.46
2023-04-12 08:00:00,영흥,196.3166666666667,6,6,73.98416776820764,37.26,126.46
2023-04-12 08:00:00,예천,275.48333333333335,6,6,72.3658043627642,36.65,128.46
2023-04-12 08:00:00,창원,283.8833333333334,6,6,72.21078359684326,35.21,128.58
2023-04-12 08:00:00,탑선,252.36666666666667,6,6,73.6569577321432,35.24,126.81
2023-04-12 09:00:00,경상대,479.1333333333334,6,6,60.418931556262365,35.18,128.1
2023-04-12 09:00:00,고흥만수상,481.95,6,6,60.951195393632545,34.57,127.3
2023-04-12 09:00:00,광양항세방,409.7166666666667,6,6,60.685232682529616,34.93,127.71
2023-04-12 09:00:00,구미,459.8833333333334,6,6,60.41604511864758,36.13,128.34
2023-04-12 09:00:00,삼천포,502.81666666666666,6,6,60.39910672673183,34.95,128.07
2023-04-12 09:00:00,여수,477.71666666666664,6,6,60.62593292057431,34.74,127.74
2023-04-12 09:00:00,영동,472.81666666666666,6,6,60.542153692110276,37.18,128.46
2023-04-12 09:00:00,영흥,378.5,6,6,62.11764061442307,37.26,126.46
2023-04-12 09:00:00,예천,469.0333333333333,6,6,60.429307848196885,36.65,128.46
2023-04-12 09:00:00,창원,484.3666666666666,6,6,60.04006566882102,35.21,128.58
2023-04-12 09:00:00,탑선,456.6166666666666,6,6,61.46580745842067,35.24,126.81
2023-04-12 10:00:00,경상대,647.06,5,5,48.667056757994914,35.18,128.1
2023-04-12 10:00:00,고흥만수상,653.16,5,5,49.0516715582834,34.57,127.3
2023-04-12 10:00:00,광양항세방,570.1,5,5,48.86945974772792,34.93,127.71
2023-04-12 10:00:00,구미,614.74,5,5,48.854549022497864,36.13,128.34
2023-04-12 10:00:00,삼천포,678.08,5,5,48.603068349663374,34.95,128.07
2023-04-12 10:00:00,여수,643.8,5,5,48.77643465182265,34.74,127.74
2023-04-12 10:00:00,영동,632.28,5,5,49.18853764073845,37.18,128.46
2023-04-12 10:00:00,영흥,534.98,5,5,50.682629895576945,37.26,126.46
2023-04-12 10:00:00,예천,617.4199999999998,5,5,48.973261141139325,36.65,128.46
2023-04-12 10:00:00,창원,644.64,5,5,48.31605890148442,35.21,128.58
2023-04-12 10:00:00,탑선,619.54,5,5,49.66831044095777,35.24,126.81
2023-04-12 11:00:00,경상대,780.3499999999999,6,6,38.00194844526228,35.18,128.1
2023-04-12 11:00:00,고흥만수상,790.2333333333332,6,6,38.1649093910696,34.57,127.3
2023-04-12 11:00:00,광양항세방,715.9333333333334,6,6,38.106151268377204,34.93,127.71
2023-04-12 11:00:00,구미,737.0,6,6,38.433653289036755,36.13,128.34
2023-04-12 11:00:00,삼천포,821.0166666666665,6,6,37.88219237731407,34.95,128.07
2023-04-12 11:00:00,여수,774.4499999999999,6,6,37.97308444298039,34.74,127.74
2023-04-12 11:00:00,영동,759.4,6,6,39.02323248561517,37.18,128.46
2023-04-12 11:00:00,영흥,665.25,6,6,40.31717119872535,37.26,126.46
2023-04-12 11:00:00,예천,732.6666666666666,6,6,38.685668784295196,36.65,128.46
2023-04-12 11:00:00,창원,773.5333333333333,6,6,37.709999022972724,35.21,128.58
2023-04-12 11:00:00,탑선,753.6833333333333,6,6,38.88321320613097,35.24,126.81
2023-04-12 12:00:00,경상대,848.4666666666667,6,6,29.814459437306752,35.18,128.1
2023-04-12 12:00:00,고흥만수상,865.5333333333334,6,6,29.632129164871913,34.57,127.3
2023-04-12 12:00:00,광양항세방,809.0166666666665,6,6,29.762004928783277,34.93,127.71
2023-04-12 12:00:00,구미,811.4,6,6,30.544785737306654,36.13,128.34
2023-04-12 12:00:00,삼천포,905.9333333333334,6,6,29.628252265994774,34.95,128.07
2023-04-12 12:00:00,여수,847.8833333333332,6,6,29.58666073029098,34.74,127.74
2023-04-12 12:00:00,영동,829.4833333333332,6,6,31.422613789922032,37.18,128.46
2023-04-12 12:00:00,영흥,749.3000000000001,6,6,32.27843661518342,37.26,126.46
2023-04-12 12:00:00,예천,783.0333333333334,6,6,30.955031667143473,36.65,128.46
2023-04-12 12:00:00,창원,846.8166666666666,6,6,29.646049371720686,35.21,128.58
2023-04-12 12:00:00,탑선,823.3666666666667,6,6,30.413214037437285,35.24,126.81
2023-04-12 13:00:00,경상대,869.4333333333334,6,6,26.623886363411117,35.18,128.1
2023-04-12 13:00:00,고흥만수상,887.0999999999999,6,6,26.01475130998314,34.57,127.3
2023-04-12 13:00:00,광양항세방,838.3333333333334,6,6,26.371750945430364,34.93,127.71
2023-04-12 13:00:00,구미,828.1166666666667,6,6,27.57735791709051,36.13,128.34
2023-04-12 13:00:00,삼천포,920.9833333333332,6,6,26.393563772004583,34.95,128.07
2023-04-12 13:00:00,여수,869.6833333333333,6,6,26.18173719266308,34.74,127.74
2023-04-12 13:00:00,영동,847.7333333333332,6,6,28.629437642860445,37.18,128.46
2023-04-12 13:00:00,영흥,780.3166666666666,6,6,28.724956499811903,37.26,126.46
2023-04-12 13:00:00,예천,790.1999999999999,6,6,28.0996033560437,36.65,128.46
2023-04-12 13:00:00,창원,869.7333333333332,6,6,26.663059602565845,35.21,128.58
2023-04-12 13:00:00,탑선,849.1666666666666,6,6,26.695091083405742,35.24,126.81
2023-04-12 14:00:00,경상대,857.9666666666667,6,6,30.095387740971063,35.18,128.1
2023-04-12 14:00:00,고흥만수상,880.0500000000001,6,6,29.234156982995977,34.57,127.3
2023-04-12 14:00:00,광양항세방,820.0,6,6,29.71595391448688,34.93,127.71
2023-04-12 14:00:00,구미,816.8666666666668,6,6,31.008437224394832,36.13,128.34
2023-04-12 14:00:00,삼천포,906.4,6,6,29.886603009061723,34.95,128.07
2023-04-12 14:00:00,여수,864.2833333333333,6,6,29.56609212982608,34.74,127.74
2023-04-12 14:00:00,영동,835.2333333333332,6,6,31.95997298377607,37.18,128.46
2023-04-12 14:00:00,영흥,764.1166666666667,6,6,31.26615652544063,37.26,126.46
2023-04-12 14:00:00,예천,773.0999999999999,6,6,31.50398877286323,36.65,128.46
2023-04-12 14:00:00,창원,860.1666666666669,6,6,30.328290823599986,35.21,128.58
2023-04-12 14:00:00,탑선,839.5333333333333,6,6,29.614956811459543,35.24,126.81
2023-04-12 15:00:00,경상대,797.2166666666666,6,6,38.43722631337852,35.18,128.1
2023-04-12 15:00:00,고흥만수상,820.3833333333333,6,6,37.546553630702114,34.57,127.3
2023-04-12 15:00:00,광양항세방,750.7166666666666,6,6,38.03186049995568,34.93,127.71
2023-04-12 15:00:00,구미,760.0999999999999,6,6,39.16239397955489,36.13,128.34
2023-04-12 15:00:00,삼천포,831.5333333333333,6,6,38.281086799135295,34.95,128.07
2023-04-12 15:00:00,여수,805.2833333333333,6,6,37.93847468326309,34.74,127.74
2023-04-12 15:00:00,영동,769.35,6,6,39.87876282410564,37.18,128.46
2023-04-12 15:00:00,영흥,700.7833333333333,6,6,38.6958480704972,37.26,126.46
2023-04-12 15:00:00,예천,715.7999999999998,6,6,39.55438031428009,36.65,128.46
2023-04-12 15:00:00,창원,801.9666666666666,6,6,38.771519184136174,35.21,128.58
2023-04-12 15:00:00,탑선,781.4500000000002,6,6,37.63475689619776,35.24,126.81
2023-04-12 16:00:00,경상대,678.6500000000001,6,6,49.16671820321918,35.18,128.1
2023-04-12 16:00:00,고흥만수상,701.5,6,6,48.33171961615896,34.57,127.3
2023-04-12 16:00:00,광양항세방,626.8833333333333,6,6,48.77782397962676,34.93,127.71
2023-04-12 16:00:00,구미,647.6333333333333,6,6,49.700941896763226,36.13,128.34
2023-04-12 16:00:00,삼천포,700.7833333333333,6,6,49.0596937776822,34.95,128.07
2023-04-12 16:00:00,여수,689.3333333333334,6,6,48.73083686893825,34.74,127.74
2023-04-12 16:00:00,영동,656.6166666666667,6,6,50.19102474586816,37.18,128.46
2023-04-12 16:00:00,영흥,602.5500000000001,6,6,48.765093202411926,37.26,126.46
2023-04-12 16:00:00,예천,611.9666666666667,6,6,49.98726955845069,36.65,128.46
2023-04-12 16:00:00,창원,682.7166666666667,6,6,49.542967553422066,35.21,128.58
2023-04-12 16:00:00,탑선,672.6999999999999,6,6,48.21284637100665,35.24,126.81
2023-04-12 17:00:00,경상대,515.5833333333334,6,6,60.93889678779759,35.18,128.1
2023-04-12 17:00:00,고흥만수상,532.35,6,6,60.18173609781134,34.57,127.3
2023-04-12 17:00:00,광양항세방,467.6666666666667,6,6,60.57928080690601,34.93,127.71
2023-04-12 17:00:00,구미,491.5666666666666,6,6,61.3063098120403,36.13,128.34
2023-04-12 17:00:00,삼천포,518.5833333333334,6,6,60.873106608432195,34.95,128.07
2023-04-12 17:00:00,여수,521.8000000000001,6,6,60.5687337569731,34.74,127.74
2023-04-12 17:00:00,영동,498.98333333333335,6,6,61.60255769211874,37.18,128.46
2023-04-12 17:00:00,영흥,446.83333333333326,6,6,60.06160572694811,37.26,126.46
2023-04-12 17:00:00,예천,467.45000000000005,6,6,61.499822080536106,36.65,128.46
2023-04-12 17:00:00,창원,515.6666666666666,6,6,61.33017695775771,35.21,128.58
2023-04-12 17:00:00,탑선,513.4333333333334,6,6,59.91538318450674,35.24,126.81
2023-04-12 18:00:00,경상대,314.8666666666666,6,6,73.11744739709897,35.18,128.1
2023-04-12 18:00:00,고흥만수상,325.3166666666667,6,6,72.44644007312928,34.57,127.3
2023-04-12 18:00:00,광양항세방,279.2,6,6,72.7924527542072,34.93,127.71
2023-04-12 18:00:00,구미,302.3333333333333,6,6,73.3345013157727,36.13,128.34
2023-04-12 18:00:00,삼천포,307.93333333333334,6,6,73.08794679124871,34.95,128.07
2023-04-12 18:00:00,여수,325.1666666666667,6,6,72.81252326516997,34.74,127.74
2023-04-12 18:00:00,영동,303.3333333333333,6,6,73.45868732398284,37.18,128.46
2023-04-12 18:00:00,영흥,277.40000000000003,6,6,71.87048253174758,37.26,126.46
2023-04-12 18:00:00,예천,287.35,6,6,73.44419741214905,36.65,128.46
2023-04-12 18:00:00,창원,313.7,6,6,73.5102187873139,35.21,128.58
2023-04-12 18:00:00,탑선,319.71666666666664,6,6,72.06561175971336,35.24,126.81
2023-04-12 19:00:00,경상대,189.1,1,6,85.34270167812677,35.18,128.1
2023-04-12 19:00:00,고흥만수상,197.1,1,6,84.76688984785204,34.57,127.3
2023-04-12 19:00:00,광양항세방,165.0,1,6,85.0573300947789,34.93,127.71
2023-04-12 19:00:00,구미,180.0,1,6,85.41479116714076,36.13,128.34
2023-04-12 19:00:00,삼천포,180.2,1,6,85.34760062079972,34.95,128.07
2023-04-12 19:00:00,여수,196.8,1,6,85.10532555679869,34.74,127.74
2023-04-12 19:00:00,영동,177.7,1,6,85.37572787262381,37.18,128.46
2023-04-12 19:00:00,영흥,160.1,2,6,83.78476008781175,37.26,126.46
2023-04-12 19:00:00,예천,171.5,1,6,85.44377168701803,36.65,128.46
2023-04-12 19:00:00,창원,185.1,1,6,85.72776677797694,35.21,128.58
2023-04-12 19:00:00,탑선,198.3,1,6,84.28918798852348,35.24,126.81
2023-04-12 20:00:00,경상대,,0,6,97.33261505853275,35.18,128.1
2023-04-12 20:00:00,고흥만수상,,0,6,96.86687273561466,34.57,127.3
2023-04-12 20:00:00,광양항세방,,0,6,97.0941860652096,34.93,127.71
2023-04-12 20:00:00,구미,,0,6,97.25508257985507,36.13,128.34
2023-04-12 20:00:00,삼천포,,0,6,97.37252934433626,34.95,128.07
2023-04-12 20:00:00,여수,,0,6,97.16956950120898,34.74,127.74
2023-04-12 20:00:00,영동,,0,6,97.05064461807869,37.18,128.46
2023-04-12 20:00:00,영흥,,0,6,95.4970194867912,37.26,126.46
2023-04-12 20:00:00,예천,,0,6,97.20105909514324,36.65,128.46
2023-04-12 20:00:00,창원,,0,6,97.70091862815369,35.21,128.58
2023-04-12 20:00:00,탑선,,0,6,96.301600962218,35.24,126.81
2023-04-12 21:00:00,경상대,,0,6,108.7729319471043,35.18,128.1
2023-04-12 21:00:00,고흥만수상,,0,6,108.44156883569599,34.57,127.3
2023-04-12 21:00:00,광양항세방,,0,6,108.59295609262927,34.93,127.71
2023-04-12 21:00:00,구미,,0,6,108.53193988682288,36.13,128.34
2023-04-12 21:00:00,삼천포,,0,6,108.8506012931866,34.95,128.07
2023-04-12 21:00:00,여수,,0,6,108.69668113481174,34.74,127.74
2023-04-12 21:00:00,영동,,0,6,108.15102615918795,37.18,128.46
2023-04-12 21:00:00,영흥,,0,6,106.68357412203629,37.26,126.46
2023-04-12 21:00:00,예천,,0,6,108.38781047675973,36.65,128.46
2023-04-12 21:00:00,창원,,0,6,109.11256567889625,35.21,128.58
2023-04-12 21:00:00,탑선,,0,6,107.7945725649797,35.24,126.81
2023-04-12 22:00:00,경상대,,0,6,119.21748166558177,35.18,128.1
2023-04-12 22:00:00,고흥만수상,,0,6,119.05791492746204,34.57,127.3
2023-04-12 22:00:00,광양항세방,,0,6,119.11358709382466,34.93,127.71
2023-04-12 22:00:00,구미,,0,6,118.79199242680437,36.13,128.34
2023-04-12 22:00:00,삼천포,,0,6,119.33714326105222,34.95,128.07
2023-04-12 22:00:00,여수,,0,6,119.24721042232608,34.74,127.74
2023-04-12 22:00:00,영동,,0,6,118.21814623102155,37.18,128.46
2023-04-12 22:00:00,영흥,,0,6,116.90822851400372,37.26,126.46
2023-04-12 22:00:00,예천,,0,6,118.54716604795495,36.65,128.46
2023-04-12 22:00:00,창원,,0,6,119.51029878601629,35.21,128.58
2023-04-12 22:00:00,탑선,,0,6,118.33738909430804,35.24,126.81
2023-04-12 23:00:00,경상대,,0,6,127.96703481680942,35.18,128.1
2023-04-12 23:00:00,고흥만수상,,0,6,128.03040057209347,34.57,127.3
2023-04-12 23:00:00,광양항세방,,0,6,127.96365112016916,34.93,127.71
2023-04-12 23:00:00,구미,,0,6,127.33741669379849,36.13,128.34
2023-04-12 23:00:00,삼천포,,0,6,128.13218797423966,34.95,128.07
2023-04-12 23:00:00,여수,,0,6,128.12707681020544,34.74,127.74
2023-04-12 23:00:00,영동,,0,6,126.55999654413492,37.18,128.46
2023-04-12 23:00:00,영흥,,0,6,125.51644297073855,37.26,126.46
2023-04-12 23:00:00,예천,,0,6,126.98285014732662,36.65,128.46
2023-04-12 23:00:00,창원,,0,6,128.1849126517904,35.21,128.58
2023-04-12 23:00:00,탑선,,0,6,127.25787150949955,35.24,126.81
2023-04-13 00:00:00,경상대,,0,6,133.97907223994156,35.18,128.1
2023-04-13 00:00:00,고흥만수상,,0,6,134.31491529641664,34.57,127.3
2023-04-13 00:00:00,광양항세방,,0,6,134.10103448482442,34.93,127.71
2023-04-13 00:00:00,구미,,0,6,133.15261966486406,36.13,128.34
2023-04-13 00:00:00,삼천포,,0,6,134.18622885259614,34.95,128.07
2023-04-13 00:00:00,여수,,0,6,134.28733484441682,34.74,127.74
2023-04-13 00:00:00,영동,,0,6,132.19422209026257,37.18,128.46
2023-04-13 00:00:00,영흥,,0,6,131.56349046282904,37.26,126.46
2023-04-13 00:00:00,예천,,0,6,132.69460531746182,36.65,128.46
2023-04-13 00:00:00,창원,,0,6,134.08463028206737,35.21,128.58
2023-04-13 00:00:00,탑선,,0,6,133.54378654631478,35.24,126.81
2023-04-13 01:00:00,경상대,,0,6,136.07802723271632,35.18,128.1
2023-04-13 01:00:00,고흥만수상,,0,6,136.68798673141998,34.57,127.3
2023-04-13 01:00:00,광양항세방,,0,6,136.32964876873112,34.93,127.71
2023-04-13 01:00:00,구미,,0,6,135.12563545990156,36.13,128.34
2023-04-13 01:00:00,삼천포,,0,6,136.30824546547032,34.95,128.07
2023-04-13 01:00:00,여수,,0,6,136.51962714889612,34.74,127.74
2023-04-13 01:00:00,영동,,0,6,134.074185079202,37.18,128.46
2023-04-13 01:00:00,영흥,,0,6,133.9850622081918,37.26,126.46
2023-04-13 01:00:00,예천,,0,6,134.60408020696022,36.65,128.46
2023-04-13 01:00:00,창원,,0,6,136.04178690230384,35.21,128.58
2023-04-13 01:00:00,탑선,,0,6,136.01163458398344,35.24,126.81
2023-04-13 02:00:00,경상대,,0,6,133.71773849586702,35.18,128.1
2023-04-13 02:00:00,고흥만수상,,0,6,134.5215484243831,34.57,127.3
2023-04-13 02:00:00,광양항세방,,0,6,134.0658426919191,34.93,127.71
2023-04-13 02:00:00,구미,,0,6,132.76179336180707,36.13,128.34
2023-04-13 02:00:00,삼천포,,0,6,133.9409220105352,34.95,128.07
2023-04-13 02:00:00,여수,,0,6,134.23451165046296,34.74,127.74
2023-04-13 02:00:00,영동,,0,6,131.7480015503627,37.18,128.46
2023-04-13 02:00:00,영흥,,0,6,132.21228067964614,37.26,126.46
2023-04-13 02:00:00,예천,,0,6,132.24219355183033,36.65,128.46
2023-04-13 02:00:00,창원,,0,6,133.54542687069411,35.21,128.58
2023-04-13 02:00:00,탑선,,0,6,134.02961170715005,35.24,126.81
2023-04-13 03:00:00,경상대,,0,6,127.50579959450677,35.18,128.1
2023-04-13 03:00:00,고흥만수상,,0,6,128.39244031188565,34.57,127.3
2023-04-13 03:00:00,광양항세방,,0,6,127.9008955527045,34.93,127.71
2023-04-13 03:00:00,구미,,0,6,126.64472417569831,36.13,128.34
2023-04-13 03:00:00,삼천포,,0,6,127.69970858251365,34.95,128.07
2023-04-13 03:00:00,여수,,0,6,128.03339977764534,34.74,127.74
2023-04-13 03:00:00,영동,,0,6,125.7652355482737,37.18,128.46
2023-04-13 03:00:00,영흥,,0,6,126.67023674070879,37.26,126.46
2023-04-13 03:00:00,예천,,0,6,126.1791005778893,36.65,128.46
2023-04-13 03:00:00,창원,,0,6,127.2339677974718,35.21,128.58
2023-04-13 03:00:00,탑선,,0,6,128.1131900119469,35.24,126.81
2023-04-13 04:00:00,경상대,,0,6,118.62616290629816,35.18,128.1
2023-04-13 04:00:00,고흥만수상,,0,6,119.51725191295218,34.57,127.3
2023-04-13 04:00:00,광양항세방,,0,6,119.03154859323745,34.93,127.71
2023-04-13 04:00:00,구미,,0,6,117.90089226417635,36.13,128.34
2023-04-13 04:00:00,삼천포,,0,6,118.78319315464967,34.95,128.07
2023-04-13 04:00:00,여수,,0,6,119.1258349394233,34.74,127.74
2023-04-13 04:00:00,영동,,0,6,117.19107741626391,37.18,128.46
2023-04-13 04:00:00,영흥,,0,6,118.39459927929292,37.26,126.46
2023-04-13 04:00:00,예천,,0,6,117.5110193583369,36.65,128.46
2023-04-13 04:00:00,창원,,0,6,118.29303225545297,35.21,128.58
2023-04-13 04:00:00,탑선,,0,6,119.42865174014452,35.24,126.81
2023-04-13 05:00:00,경상대,,0,6,108.1012026942548,35.18,128.1
2023-04-13 05:00:00,고흥만수상,,0,6,108.95611172267519,34.57,127.3
2023-04-13 05:00:00,광양항세방,,0,6,108.49682072785352,34.93,127.71
2023-04-13 05:00:00,구미,,0,6,107.51816352261831,36.13,128.34
2023-04-13 05:00:00,삼천포,,0,6,108.22161202762962,34.95,128.07
2023-04-13 05:00:00,여수,,0,6,108.55625101058727,34.74,127.74
2023-04-13 05:00:00,영동,,0,6,106.97900629758794,37.18,128.46
2023-04-13 05:00:00,영흥,,0,6,108.37067383995716,37.26,126.46
2023-04-13 05:00:00,예천,,0,6,107.20755452274553,36.65,128.46
2023-04-13 05:00:00,창원,,0,6,107.73336464362332,35.21,128.58
2023-04-13 05:00:00,탑선,,0,6,109.02437769285059,35.24,126.81
2023-04-13 06:00:00,경상대,,0,6,96.61076515989781,35.18,128.1
2023-04-13 06:00:00,고흥만수상,,0,6,97.4090607312531,34.57,127.3
2023-04-13 06:00:00,광양항세방,,0,6,96.98601269269054,34.93,127.71
2023-04-13 06:00:00,구미,,0,6,96.16639420163472,36.13,128.34
2023-04-13 06:00:00,삼천포,,0,6,96.69659845541459,34.95,128.07
2023-04-13 06:00:00,여수,,0,6,97.01430951813529,34.74,127.74
2023-04-13 06:00:00,영동,,0,6,95.7901849408005,37.18,128.46
2023-04-13 06:00:00,영흥,,0,6,97.29619118560394,37.26,126.46
2023-04-13 06:00:00,예천,,0,6,95.93319549649824,36.65,128.46
2023-04-13 06:00:00,창원,,0,6,96.22482860780158,35.21,128.58
2023-04-13 06:00:00,탑선,,0,6,97.6068521416047,35.24,126.81
2023-04-13 07:00:00,경상대,,0,6,84.5888565202047,35.18,128.1
2023-04-13 07:00:00,고흥만수상,,0,6,85.31695938678152,34.57,127.3
2023-04-13 07:00:00,광양항세방,,0,6,84.93665279569345,34.93,127.71
2023-04-13 07:00:00,구미,,0,6,84.28131466249134,36.13,128.34
2023-04-13 07:00:00,삼천포,,0,6,84.64134458653608,34.95,128.07
2023-04-13 07:00:00,여수,,0,6,84.93618884247562,34.74,127.74
2023-04-13 07:00:00,영동,,0,6,84.0634686378871,37.18,128.46
2023-04-13 07:00:00,영흥,,0,6,85.63355878092453,37.26,126.46
2023-04-13 07:00:00,예천,,0,6,84.12460003459574,36.65,128.46
2023-04-13 07:00:00,창원,,0,6,84.19582794977825,35.21,128.58
2023-04-13 07:00:00,탑선,,0,6,85.62645043121604,35.24,126.81
2023-04-13 08:00:00,경상대,267.43333333333334,6,6,72.34325499011597,35.18,128.1
2023-04-13 08:00:00,고흥만수상,261.18333333333334,6,6,72.98650271417762,34.57,127.3
2023-04-13 08:00:00,광양항세방,220.51666666666665,6,6,72.65635919715399,34.93,127.71
2023-04-13 08:00:00,구미,264.51666666666665,6,6,72.17758348713966,36.13,128.34
2023-04-13 08:00:00,삼천포,279.5833333333333,6,6,72.36179502682927,34.95,128.07
2023-04-13 08:00:00,여수,263.06666666666666,6,6,72.62770967731807,34.74,127.74
2023-04-13 08:00:00,영동,252.53333333333333,6,6,72.12155754124781,37.18,128.46
2023-04-13 08:00:00,영흥,144.15,6,6,73.71591135363332,37.26,126.46
2023-04-13 08:00:00,예천,268.96666666666664,6,6,72.1001690284119,36.65,128.46
2023-04-13 08:00:00,창원,275.3333333333333,6,6,71.95204964787787,35.21,128.58
2023-04-13 08:00:00,탑선,244.41666666666666,6,6,73.39825730054979,35.24,126.81
2023-04-13 09:00:00,경상대,465.7166666666667,6,6,60.15381241500076,35.18,128.1
2023-04-13 09:00:00,고흥만수상,454.7666666666667,6,6,60.689840590503636,34.57,127.3
2023-04-13 09:00:00,광양항세방,412.1333333333334,6,6,60.421705401584894,34.93,127.71
2023-04-13 09:00:00,구미,446.95,6,6,60.145925774756144,36.13,128.34
2023-04-13 09:00:00,삼천포,487.96666666666664,6,6,60.135191026863524,34.95,128.07
2023-04-13 09:00:00,여수,464.8500000000001,6,6,60.36336068289026,34.74,127.74
2023-04-13 09:00:00,영동,433.6333333333334,6,6,60.26675363627963,37.18,128.46
2023-04-13 09:00:00,영흥,314.8666666666666,6,6,61.843443274814746,37.26,126.46
2023-04-13 09:00:00,예천,443.3,6,6,60.15650543103355,36.65,128.46
2023-04-13 09:00:00,창원,472.8333333333333,6,6,59.774399273199684,35.21,128.58
2023-04-13 09:00:00,탑선,425.55,6,6,61.20138142028956,35.24,126.81
2023-04-13 10:00:00,경상대,634.14,5,5,48.38349350315496,35.18,128.1
2023-04-13 10:00:00,고흥만수상,639.36,5,5,48.772638257028014,34.57,127.3
2023-04-13 10:00:00,광양항세방,561.84,5,5,48.58785331599366,34.93,127.71
2023-04-13 10:00:00,구미,604.84,5,5,48.56577007049027,36.13,128.34
2023-04-13 10:00:00,삼천포,668.9200000000001,5,5,48.32074634729572,34.95,128.07
2023-04-13 10:00:00,여수,634.5600000000001,5,5,48.49576976397894,34.74,127.74
2023-04-13 10:00:00,영동,612.0600000000001,5,5,48.89444819397365,37.18,128.46
2023-04-13 10:00:00,영흥,354.98,5,5,50.39141767503702,37.26,126.46
2023-04-13 10:00:00,예천,527.22,5,5,48.68172216144044,36.65,128.46
2023-04-13 10:00:00,창원,633.1600000000001,5,5,48.03151287525476,35.21,128.58
2023-04-13 10:00:00,탑선,598.9,5,5,49.38658709333962,35.24,126.81
2023-04-13 11:00:00,경상대,772.1500000000001,6,6,37.68517500233699,35.18,128.1
2023-04-13 11:00:00,고흥만수상,784.4166666666666,6,6,37.853041424061814,34.57,127.3
2023-04-13 11:00:00,광양항세방,707.0333333333333,6,6,37.79153631628256,34.93,127.71
2023-04-13 11:00:00,구미,733.2166666666667,6,6,38.11224366361041,36.13,128.34
2023-04-13 11:00:00,삼천포,821.0500000000001,6,6,37.56650942757341,34.95,128.07
2023-04-13 11:00:00,여수,780.0,6,6,37.65924087965622,34.74,127.74
2023-04-13 11:00:00,영동,732.6666666666666,6,6,38.69739992948265,37.18,128.46
2023-04-13 11:00:00,영흥,216.5666666666667,6,6,39.99594046209715,37.26,126.46
2023-04-13 11:00:00,예천,669.1,6,6,38.36187437310146,36.65,128.46
2023-04-13 11:00:00,창원,775.2666666666665,6,6,37.39179203768646,35.21,128.58
2023-04-13 11:00:00,탑선,743.8333333333334,6,6,38.5696166874306,35.24,126.81
2023-04-13 12:00:00,경상대,846.5333333333333,6,6,29.456197240810454,35.18,128.1
2023-04-13 12:00:00,고흥만수상,862.4333333333333,6,6,29.27696398332656,34.57,127.3
2023-04-13 12:00:00,광양항세방,783.7833333333333,6,6,29.405116425311,34.93,127.71
2023-04-13 12:00:00,구미,808.4666666666667,6,6,30.184511890404764,36.13,128.34
2023-04-13 12:00:00,삼천포,897.7833333333333,6,6,29.27045269434219,34.95,128.07
2023-04-13 12:00:00,여수,853.5,6,6,29.2300462764944,34.74,127.74
2023-04-13 12:00:00,영동,811.6333333333332,6,6,31.060693215137064,37.18,128.46
2023-04-13 12:00:00,영흥,454.2833333333333,6,6,31.920403921901425,37.26,126.46
2023-04-13 12:00:00,예천,673.4333333333334,6,6,30.59379309179726,36.65,128.46
2023-04-13 12:00:00,창원,851.7833333333332,6,6,29.286631816812253,35.21,128.58
2023-04-13 12:00:00,탑선,820.6333333333333,6,6,30.057976690406008,35.24,126.81
2023-04-13 13:00:00,경상대,869.15,6,6,26.259928016729056,35.18,128.1
2023-04-13 13:00:00,고흥만수상,886.9000000000001,6,6,25.64913879709701,34.57,127.3
2023-04-13 13:00:00,광양항세방,811.1333333333332,6,6,26.00696738083947,34.93,127.71
2023-04-13 13:00:00,구미,818.9166666666666,6,6,27.21387228158899,36.13,128.34
2023-04-13 13:00:00,삼천포,920.4833333333332,6,6,26.029548767751734,34.95,128.07
2023-04-13 13:00:00,여수,877.7833333333333,6,6,25.817016595482528,34.74,127.74
2023-04-13 13:00:00,영동,772.5,6,6,28.266135898478844,37.18,128.46
2023-04-13 13:00:00,영흥,571.65,6,6,28.35809435521403,37.26,126.46
2023-04-13 13:00:00,예천,741.4,6,6,27.736340646081416,36.65,128.46
2023-04-13 13:00:00,창원,874.25,6,6,26.300191671332,35.21,128.58
2023-04-13 13:00:00,탑선,846.4333333333334,6,6,26.32862468982892,35.24,126.81
2023-04-13 14:00:00,경상대,853.0666666666666,6,6,29.794648004149074,35.18,128.1
2023-04-13 14:00:00,고흥만수상,867.8666666666667,6,6,28.93156127921148,34.57,127.3
2023-04-13 14:00:00,광양항세방,788.3000000000001,6,6,29.414142602520243,34.93,127.71
2023-04-13 14:00:00,구미,813.0500000000001,6,6,30.70525682300427,36.13,128.34
2023-04-13 14:00:00,삼천포,897.5833333333334,6,6,29.58662519146838,34.95,128.07
2023-04-13 14:00:00,여수,862.4333333333333,6,6,29.265195275198394,34.74,127.74
2023-04-13 14:00:00,영동,716.6333333333333,6,6,31.653564417228495,37.18,128.46
2023-04-13 14:00:00,영흥,519.4166666666666,6,6,30.950141564986886,37.26,126.46
2023-04-13 14:00:00,예천,756.3833333333333,6,6,31.199474686055673,36.65,128.46
2023-04-13 14:00:00,창원,861.2333333333335,6,6,30.02994768591109,35.21,128.58
2023-04-13 14:00:00,탑선,835.3499999999999,6,6,29.307246823044906,35.24,126.81
2023-04-13 15:00:00,경상대,789.6999999999999,6,6,38.20801831875388,35.18,128.1
2023-04-13 15:00:00,고흥만수상,807.6833333333334,6,6,37.31818636270344,34.57,127.3
2023-04-13 15:00:00,광양항세방,728.1,6,6,37.80275326250016,34.93,127.71
2023-04-13 15:00:00,구미,750.6,6,6,38.92797433786247,36.13,128.34
2023-04-13 15:00:00,삼천포,820.2999999999998,6,6,38.05328495502573,34.95,128.07
2023-04-13 15:00:00,여수,798.5499999999998,6,6,37.7107557137751,34.74,127.74
2023-04-13 15:00:00,영동,643.35,6,6,39.638282006082875,37.18,128.46
2023-04-13 15:00:00,영흥,599.6166666666668,6,6,38.44719255704093,37.26,126.46
2023-04-13 15:00:00,예천,711.1666666666666,6,6,39.31715395328865,36.65,128.46
2023-04-13 15:00:00,창원,796.2666666666668,6,6,38.5439940909767,35.21,128.58
2023-04-13 15:00:00,탑선,775.0333333333334,6,6,37.399957958761306,35.24,126.81
2023-04-13 16:00:00,경상대,668.7666666666668,6,6,48.98322508052585,35.18,128.1
2023-04-13 16:00:00,고흥만수상,691.2333333333335,6,6,48.15068297868007,34.57,127.3
2023-04-13 16:00:00,광양항세방,607.1833333333333,6,6,48.59519723217886,34.93,127.71
2023-04-13 16:00:00,구미,634.2333333333332,6,6,49.51148334672787,36.13,128.34
2023-04-13 16:00:00,삼천포,689.6333333333333,6,6,48.87772876876991,34.95,128.07
2023-04-13 16:00:00,여수,680.6333333333333,6,6,48.549602422487126,34.74,127.74
2023-04-13 16:00:00,영동,569.5833333333334,6,6,49.994822101613146,37.18,128.46
2023-04-13 16:00:00,영흥,588.4,6,6,48.56380388135705,37.26,126.46
2023-04-13 16:00:00,예천,606.5333333333332,6,6,49.794581506188536,36.65,128.46
2023-04-13 16:00:00,창원,671.5666666666667,6,6,49.3603152734887,35.21,128.58
2023-04-13 16:00:00,탑선,661.5500000000001,6,6,48.02600765339506,35.24,126.81
2023-04-13 17:00:00,경상대,497.5333333333333,6,6,60.778731058520904,35.18,128.1
2023-04-13 17:00:00,고흥만수상,516.75,6,6,60.02479878924177,34.57,127.3
2023-04-13 17:00:00,광양항세방,443.5166666666667,6,6,60.42037466103969,34.93,127.71
2023-04-13 17:00:00,구미,475.86666666666673,6,6,61.140193033348574,36.13,128.34
2023-04-13 17:00:00,삼천포,508.2333333333333,6,6,60.71442177428181,34.95,128.07
2023-04-13 17:00:00,여수,506.7666666666667,6,6,60.4111103745922,34.74,127.74
2023-04-13 17:00:00,영동,447.3333333333333,6,6,61.42981879111322,37.18,128.46
2023-04-13 17:00:00,영흥,417.75,6,6,59.88622040118602,37.26,126.46
2023-04-13 17:00:00,예천,445.4166666666667,6,6,61.33047297366551,36.65,128.46
2023-04-13 17:00:00,창원,499.46666666666664,6,6,61.170274310421426,35.21,128.58
2023-04-13 17:00:00,탑선,498.43333333333334,6,6,59.75350994374183,35.24,126.81
2023-04-13 18:00:00,경상대,294.40000000000003,6,6,72.9650271955768,35.18,128.1
2023-04-13 18:00:00,고흥만수상,303.84999999999997,6,6,72.29769836594775,34.57,127.3
2023-04-13 18:00:00,광양항세방,253.66666666666666,6,6,72.64153213759462,34.93,127.71
2023-04-13 18:00:00,구미,285.8833333333334,6,6,73.17629295185019,36.13,128.34
2023-04-13 18:00:00,삼천포,298.3,6,6,72.93693886093388,34.95,128.07
2023-04-13 18:00:00,여수,300.75,6,6,72.6627787603008,34.74,127.74
2023-04-13 18:00:00,영동,243.65,6,6,73.29412980489174,37.18,128.46
2023-04-13 18:00:00,영흥,240.15,6,6,71.70508785608494,37.26,126.46
2023-04-13 18:00:00,예천,271.48333333333335,6,6,73.28284334618482,36.65,128.46
2023-04-13 18:00:00,창원,296.2,6,6,73.35765432747718,35.21,128.58
2023-04-13 18:00:00,탑선,295.46666666666664,6,6,71.91265531770755,35.24,126.81
2023-04-13 19:00:00,경상대,187.4,1,6,85.1862362811913,35.18,128.1
2023-04-13 19:00:00,고흥만수상,178.2,1,6,84.61447384345144,34.57,127.3
2023-04-13 19:00:00,광양항세방,147.7,1,6,84.90256154955364,34.93,127.71
2023-04-13 19:00:00,구미,169.9,1,6,85.25267514694927,36.13,128.34
2023-04-13 19:00:00,삼천포,185.0,1,6,85.19249277675743,34.95,128.07
2023-04-13 19:00:00,여수,170.6,1,6,84.95164786140687,34.74,127.74
2023-04-13 19:00:00,영동,152.5,1,6,85.2075105971224,37.18,128.46
2023-04-13 19:00:00,영흥,142.7,2,6,83.61719219267476,37.26,126.46
2023-04-13 19:00:00,예천,175.3,1,6,85.27859004717827,36.65,128.46
2023-04-13 19:00:00,창원,173.4,1,6,85.5708226449506,35.21,128.58
2023-04-13 19:00:00,탑선,183.3,1,6,84.13313845830585,35.24,126.81
2023-04-13 20:00:00,경상대,,0,6,97.1616409962885,35.18,128.1
2023-04-13 20:00:00,고흥만수상,,0,6,96.70033155195466,34.57,127.3
2023-04-13 20:00:00,광양항세방,,0,6,96.92510874560224,34.93,127.71
2023-04-13 20:00:00,구미,,0,6,97.07856332848678,36.13,128.34
2023-04-13 20:00:00,삼천포,,0,6,97.20286927106969,34.95,128.07
2023-04-13 20:00:00,여수,,0,6,97.00150955793205,34.74,127.74
2023-04-13 20:00:00,영동,,0,6,96.86825219482175,37.18,128.46
2023-04-13 20:00:00,영흥,,0,6,95.31668205777825,37.26,126.46
2023-04-13 20:00:00,예천,,0,6,97.02154383678672,36.65,128.46
2023-04-13 20:00:00,창원,,0,6,97.52914181367447,35.21,128.58
2023-04-13 20:00:00,탑선,,0,6,96.13195151879962,35.24,126.81
2023-04-13 21:00:00,경상대,,0,6,108.57672364633036,35.18,128.1
2023-04-13 21:00:00,고흥만수상,,0,6,108.25018499453593,34.57,127.3
2023-04-13 21:00:00,광양항세방,,0,6,108.39884943043641,34.93,127.71
2023-04-13 21:00:00,구미,,0,6,108.33035182142753,36.13,128.34
2023-04-13 21:00:00,삼천포,,0,6,108.65564999944655,34.95,128.07
2023-04-13 21:00:00,여수,,0,6,108.50350568686605,34.74,127.74
2023-04-13 21:00:00,영동,,0,6,107.94388398631958,37.18,128.46
2023-04-13 21:00:00,영흥,,0,6,106.47995774222312,37.26,126.46
2023-04-13 21:00:00,예천,,0,6,108.1833366188445,36.65,128.46
2023-04-13 21:00:00,창원,,0,6,108.91520717715517,35.21,128.58
2023-04-13 21:00:00,탑선,,0,6,107.60066598531307,35.24,126.81
2023-04-13 22:00:00,경상대,,0,6,118.98444634888087,35.18,128.1
2023-04-13 22:00:00,고흥만수상,,0,6,118.82996006475182,34.57,127.3
2023-04-13 22:00:00,광양항세방,,0,6,118.88280257656179,34.93,127.71
2023-04-13 22:00:00,구미,,0,6,118.55402214854828,36.13,128.34
2023-04-13 22:00:00,삼천포,,0,6,119.10524130669742,34.95,128.07
2023-04-13 22:00:00,여수,,0,6,119.01721500829626,34.74,127.74
2023-04-13 22:00:00,영동,,0,6,117.97526552646039,37.18,128.46
2023-04-13 22:00:00,영흥,,0,6,116.6703815903952,37.26,126.46
2023-04-13 22:00:00,예천,,0,6,118.30657913516774,36.65,128.46
2023-04-13 22:00:00,창원,,0,6,119.27575635556155,35.21,128.58
2023-04-13 22:00:00,탑선,,0,6,118.1077060969711,35.24,126.81
2023-04-13 23:00:00,경상대,,0,6,127.68647806617307,35.18,128.1
2023-04-13 23:00:00,고흥만수상,,0,6,127.75463914977476,34.57,127.3
2023-04-13 23:00:00,광양항세방,,0,6,127.68525584767382,34.93,127.71
2023-04-13 23:00:00,구미,,0,6,127.05301042797755,36.13,128.34
2023-04-13 23:00:00,삼천포,,0,6,127.85249046006103,34.95,128.07
2023-04-13 23:00:00,여수,,0,6,127.8492162136698,34.74,127.74
2023-04-13 23:00:00,영동,,0,6,126.27197917580173,37.18,128.46
2023-04-13 23:00:00,영흥,,0,6,125.23453609843702,37.26,126.46
2023-04-13 23:00:00,예천,,0,6,126.69643944235223,36.65,128.46
2023-04-13 23:00:00,창원,,0,6,127.90262073419426,35.21,128.58
2023-04-13 23:00:00,탑선,,0,6,126.9814934504576,35.24,126.81
2023-04-14 00:00:00,경상대,,0,6,133.64842647532296,35.18,128.1
2023-04-14 00:00:00,고흥만수상,,0,6,133.98763847024568,34.57,127.3
2023-04-14 00:00:00,광양항세방,,0,6,133.7719379249076,34.93,127.71
2023-04-14 00:00:00,구미,,0,6,132.8200053406788,36.13,128.34
2023-04-14 00:00:00,삼천포,,0,6,133.85599139210706,34.95,128.07
2023-04-14 00:00:00,여수,,0,6,133.95841822299244,34.74,127.74
2023-04-14 00:00:00,영동,,0,6,131.85996738542005,37.18,128.46
2023-04-14 00:00:00,영흥,,0,6,131.23479545344716,37.26,126.46
2023-04-14 00:00:00,예천,,0,6,132.36099496632667,36.65,128.46
2023-04-14 00:00:00,창원,,0,6,133.75249293201804,35.21,128.58
2023-04-14 00:00:00,탑선,,0,6,133.21703450384433,35.24,126.81
2023-04-14 01:00:00,경상대,,0,6,135.71391060550837,35.18,128.1
2023-04-14 01:00:00,고흥만수상,,0,6,136.32490767044266,34.57,127.3
2023-04-14 01:00:00,광양항세방,,0,6,135.96602080229053,34.93,127.71
2023-04-14 01:00:00,구미,,0,6,134.76125192771838,36.13,128.34
2023-04-14 01:00:00,삼천포,,0,6,135.94416221366464,34.95,128.07
2023-04-14 01:00:00,여수,,0,6,136.15595994595265,34.74,127.74
2023-04-14 01:00:00,영동,,0,6,133.70969172910225,37.18,128.46
2023-04-14 01:00:00,영흥,,0,6,133.62304986073815,37.26,126.46
2023-04-14 01:00:00,예천,,0,6,134.23957288880365,36.65,128.46
2023-04-14 01:00:00,창원,,0,6,135.67710139758458,35.21,128.58
2023-04-14 01:00:00,탑선,,0,6,135.64922179643355,35.24,126.81
2023-04-14 02:00:00,경상대,,0,6,133.3521457321007,35.18,128.1
2023-04-14 02:00:00,고흥만수상,,0,6,134.1555013120614,34.57,127.3
2023-04-14 02:00:00,광양항세방,,0,6,133.7000079940604,34.93,127.71
2023-04-14 02:00:00,구미,,0,6,132.39601246951375,36.13,128.34
2023-04-14 02:00:00,삼천포,,0,6,133.57540141787126,34.95,128.07
2023-04-14 02:00:00,여수,,0,6,133.86878183552227,34.74,127.74
2023-04-14 02:00:00,영동,,0,6,131.38190490535123,37.18,128.46
2023-04-14 02:00:00,영흥,,0,6,131.84480470713254,37.26,126.46
2023-04-14 02:00:00,예천,,0,6,131.8763028986559,36.65,128.46
2023-04-14 02:00:00,창원,,0,6,133.18026463640732,35.21,128.58
2023-04-14 02:00:00,탑선,,0,6,133.66293261902365,35.24,126.81
2023-04-14 03:00:00,경상대,,0,6,127.16287091829825,35.18,128.1
2023-04-14 03:00:00,고흥만수상,,0,6,128.04912267387323,34.57,127.3
2023-04-14 03:00:00,광양항세방,,0,6,127.55769380254715,34.93,127.71
2023-04-14 03:00:00,구미,,0,6,126.30049488407852,36.13,128.34
2023-04-14 03:00:00,삼천포,,0,6,127.35715618296658,34.95,128.07
2023-04-14 03:00:00,여수,,0,6,127.69061135587637,34.74,127.74
2023-04-14 03:00:00,영동,,0,6,125.41937656686972,37.18,128.46
2023-04-14 03:00:00,영흥,,0,6,126.32088852563619,37.26,126.46
2023-04-14 03:00:00,예천,,0,6,125.83416027272719,36.65,128.46
2023-04-14 03:00:00,창원,,0,6,126.89189179862132,35.21,128.58
2023-04-14 03:00:00,탑선,,0,6,127.7677408225195,35.24,126.81
2023-04-14 04:00:00,경상대,,0,6,118.31246209369158,35.18,128.1
2023-04-14 04:00:00,고흥만수상,,0,6,119.20390679576074,34.57,127.3
2023-04-14 04:00:00,광양항세방,,0,6,118.71787900363145,34.93,127.71
2023-04-14 04:00:00,구미,,0,6,117.58475523058522,36.13,128.34
2023-04-14 04:00:00,삼천포,,0,6,118.47014640685322,34.95,128.07
2023-04-14 04:00:00,여수,,0,6,118.81281053816579,34.74,127.74
2023-04-14 04:00:00,영동,,0,6,116.87207585052892,37.18,128.46
2023-04-14 04:00:00,영흥,,0,6,118.07185040936224,37.26,126.46
2023-04-14 04:00:00,예천,,0,6,117.19355862479904,36.65,128.46
2023-04-14 04:00:00,창원,,0,6,117.98013972667582,35.21,128.58
2023-04-14 04:00:00,탑선,,0,6,119.11232760049518,35.24,126.81
2023-04-14 05:00:00,경상대,,0,6,107.81304753233587,35.18,128.1
2023-04-14 05:00:00,고흥만수상,,0,6,108.66908610198757,34.57,127.3
2023-04-14 05:00:00,광양항세방,,0,6,108.20903771849639,34.93,127.71
2023-04-14 05:00:00,구미,,0,6,107.22678087106917,36.13,128.34
2023-04-14 05:00:00,삼천포,,0,6,107.93429051867633,34.95,128.07
2023-04-14 05:00:00,여수,,0,6,108.26924031990377,34.74,127.74
2023-04-14 05:00:00,영동,,0,6,106.68393417008934,37.18,128.46
2023-04-14 05:00:00,영흥,,0,6,108.07247477418767,37.26,126.46
2023-04-14 05:00:00,예천,,0,6,106.9144182878858,36.65,128.46
2023-04-14 05:00:00,창원,,0,6,107.44580098309703,35.21,128.58
2023-04-14 05:00:00,탑선,,0,6,108.73406315979965,35.24,126.81
2023-04-14 06:00:00,경상대,,0,6,96.34121361877472,35.18,128.1
2023-04-14 06:00:00,고흥만수상,,0,6,97.1413050215404,34.57,127.3
2023-04-14 06:00:00,광양항세방,,0,6,96.71713672029674,34.93,127.71
2023-04-14 06:00:00,구미,,0,6,95.89307633112246,36.13,128.34
2023-04-14 06:00:00,삼천포,,0,6,96.42799573250731,34.95,128.07
2023-04-14 06:00:00,여수,,0,6,96.74627384064249,34.74,127.74
2023-04-14 06:00:00,영동,,0,6,95.51264179175523,37.18,128.46
2023-04-14 06:00:00,영흥,,0,6,97.01641607225638,37.26,126.46
2023-04-14 06:00:00,예천,,0,6,95.65783127597355,36.65,128.46
2023-04-14 06:00:00,창원,,0,6,95.95561727966248,35.21,128.58
2023-04-14 06:00:00,탑선,,0,6,97.33575194566791,35.24,126.81
2023-04-14 07:00:00,경상대,,0,6,84.33031663246588,35.18,128.1
2023-04-14 07:00:00,고흥만수상,,0,6,85.06082355402634,34.57,127.3
2023-04-14 07:00:00,광양항세방,,0,6,84.67906975399983,34.93,127.71
2023-04-14 07:00:00,구미,147.8,1,6,84.01857951073148,36.13,128.34
2023-04-14 07:00:00,삼천포,,0,6,84.38384242671115,34.95,128.07
2023-04-14 07:00:00,여수,,0,6,84.67949125811728,34.74,127.74
2023-04-14 07:00:00,영동,127.9,1,6,83.79610563022948,37.18,128.46
2023-04-14 07:00:00,영흥,,0,6,85.36494659371795,37.26,126.46
2023-04-14 07:00:00,예천,116.0,1,6,83.85958865906437,36.65,128.46
2023-04-14 07:00:00,창원,193.7,1,6,83.93737086292275,35.21,128.58
2023-04-14 07:00:00,탑선,,0,6,85.3670067483126,35.24,126.81
2023-04-14 08:00:00,경상대,174.53333333333333,6,6,72.08770630847258,35.18,128.1
2023-04-14 08:00:00,고흥만수상,87.23333333333333,6,6,72.7339886842881,34.57,127.3
2023-04-14 08:00:00,광양항세방,90.45,6,6,72.40206065902672,34.93,127.71
2023-04-14 08:00:00,구미,246.7166666666667,6,6,71.91743069762597,36.13,128.34
2023-04-14 08:00:00,삼천포,113.86666666666666,6,6,72.10736870714106,34.95,128.07
2023-04-14 08:00:00,여수,100.64999999999999,6,6,72.37433613967102,34.74,127.74
2023-04-14 08:00:00,영동,257.6333333333334,6,6,71.8564194344434,37.18,128.46
2023-04-14 08:00:00,영흥,129.63333333333333,6,6,73.45061624212457,37.26,126.46
2023-04-14 08:00:00,예천,195.91666666666666,6,6,71.83752716131198,36.65,128.46
2023-04-14 08:00:00,창원,243.48333333333332,6,6,71.6963035507895,35.21,128.58
2023-04-14 08:00:00,탑선,114.06666666666668,6,6,73.14251066468339,35.24,126.81
2023-04-14 09:00:00,경상대,207.98333333333335,6,6,59.89198415380175,35.18,128.1
2023-04-14 09:00:00,고흥만수상,96.21666666666665,6,6,60.43176549343279,34.57,127.3
2023-04-14 09:00:00,광양항세방,117.46666666666665,6,6,60.16146330424266,34.93,127.71
2023-04-14 09:00:00,구미,358.3833333333334,6,6,59.87909161789648,36.13,128.34
2023-04-14 09:00:00,삼천포,174.64999999999998,6,6,59.87456797710276,34.95,128.07
2023-04-14 09:00:00,여수,108.03333333333335,6,6,60.104076123870854,34.74,127.74
2023-04-14 09:00:00,영동,424.81666666666666,6,6,59.994628321538684,37.18,128.46
2023-04-14 09:00:00,영흥,181.21666666666667,6,6,61.57248341445654,37.26,126.46
2023-04-14 09:00:00,예천,420.4666666666667,6,6,59.88698430925245,36.65,128.46
2023-04-14 09:00:00,창원,165.78333333333333,6,6,59.51203346831426,35.21,128.58
2023-04-14 09:00:00,탑선,143.5666666666667,6,6,60.94021867627767,35.24,126.81
2023-04-14 10:00:00,경상대,238.56,5,5,48.10351147123647,35.18,128.1
2023-04-14 10:00:00,고흥만수상,130.12,5,5,48.497195661294946,34.57,127.3
2023-04-14 10:00:00,광양항세방,109.12,5,5,48.30983132091639,34.93,127.71
2023-04-14 10:00:00,구미,226.0,5,5,48.280540034620266,36.13,128.34
2023-04-14 10:00:00,삼천포,139.85999999999999,5,5,48.04201371543025,34.95,128.07
2023-04-14 10:00:00,여수,152.6,5,5,48.21869676630481,34.74,127.74
2023-04-14 10:00:00,영동,600.1,5,5,48.60386973015882,37.18,128.46
2023-04-14 10:00:00,영흥,411.4,5,5,50.103690579033476,37.26,126.46
2023-04-14 10:00:00,예천,459.5400000000001,5,5,48.39371401565763,36.65,128.46
2023-04-14 10:00:00,창원,250.95999999999998,5,5,47.750554039871,35.21,128.58
2023-04-14 10:00:00,탑선,183.24,5,5,49.108422756891486,35.24,126.81
2023-04-14 11:00:00,경상대,148.6,6,6,37.37204790202821,35.18,128.1
2023-04-14 11:00:00,고흥만수상,211.66666666666666,6,6,37.54487127757065,34.57,127.3
2023-04-14 11:00:00,광양항세방,112.11666666666667,6,6,37.48058972779016,34.93,127.71
2023-04-14 11:00:00,구미,227.06666666666663,6,6,37.794412413159904,36.13,128.34
2023-04-14 11:00:00,삼천포,124.78333333333332,6,6,37.25448938507211,34.95,128.07
2023-04-14 11:00:00,여수,174.23333333333332,6,6,37.34907881110508,34.74,127.74
2023-04-14 11:00:00,영동,607.3000000000001,6,6,38.37507646521356,37.18,128.46
2023-04-14 11:00:00,영흥,566.75,6,6,39.678240416670036,37.26,126.46
2023-04-14 11:00:00,예천,351.3833333333334,6,6,38.04162258256246,36.65,128.46
2023-04-14 11:00:00,창원,172.3166666666667,6,6,37.07722305649236,35.21,128.58
2023-04-14 11:00:00,탑선,300.0333333333333,6,6,38.25967587724684,35.24,126.81
2023-04-14 12:00:00,경상대,221.33333333333334,6,6,29.10104295136606,35.18,128.1
2023-04-14 12:00:00,고흥만수상,289.21666666666664,6,6,28.924987716235414,34.57,127.3
2023-04-14 12:00:00,광양항세방,255.30000000000004,6,6,29.051371824141235,34.93,127.71
2023-04-14 12:00:00,구미,229.76666666666665,6,6,29.82728543052407,36.13,128.34
2023-04-14 12:00:00,삼천포,244.31666666666663,6,6,28.915775265167824,34.95,128.07
2023-04-14 12:00:00,여수,270.03333333333336,6,6,28.876584972759268,34.74,127.74
2023-04-14 12:00:00,영동,761.3166666666667,6,6,30.701768510228533,37.18,128.46
2023-04-14 12:00:00,영흥,719.75,6,6,31.56545833893704,37.26,126.46
2023-04-14 12:00:00,예천,556.3666666666667,6,6,30.235572475526233,36.65,128.46
2023-04-14 12:00:00,창원,158.25,6,6,28.93029342888935,35.21,128.58
2023-04-14 12:00:00,탑선,306.48333333333335,6,6,29.7059154812085,35.24,126.81
2023-04-14 13:00:00,경상대,271.35,6,6,25.898539858974942,35.18,128.1
2023-04-14 13:00:00,고흥만수상,245.35000000000002,6,6,25.286096671364774,34.57,127.3
2023-04-14 13:00:00,광양항세방,242.54999999999998,6,6,25.64475353572567,34.93,127.71
2023-04-14 13:00:00,구미,187.25,6,6,26.852951252017725,36.13,128.34
2023-04-14 13:00:00,삼천포,264.8833333333333,6,6,25.668105442327004,34.95,128.07
2023-04-14 13:00:00,여수,284.1666666666667,6,6,25.454867096958836,34.74,127.74
2023-04-14 13:00:00,영동,830.7500000000001,6,6,27.905391686303282,37.18,128.46
2023-04-14 13:00:00,영흥,805.9333333333333,6,6,27.993792695034244,37.26,126.46
2023-04-14 13:00:00,예천,695.2166666666667,6,6,27.37563929036061,36.65,128.46
2023-04-14 13:00:00,창원,266.43333333333334,6,6,25.93989754906714,35.21,128.58
2023-04-14 13:00:00,탑선,274.3,6,6,25.96472535292463,35.24,126.81
2023-04-14 14:00:00,경상대,250.85000000000002,6,6,29.49685227881448,35.18,128.1
2023-04-14 14:00:00,고흥만수상,174.51666666666665,6,6,28.63194631610901,34.57,127.3
2023-04-14 14:00:00,광양항세방,207.28333333333333,6,6,29.115289606536223,34.93,127.71
2023-04-14 14:00:00,구미,312.8,6,6,30.404953772422473,36.13,128.34
2023-04-14 14:00:00,삼천포,238.03333333333333,6,6,29.289608923476557,34.95,128.07
2023-04-14 14:00:00,여수,242.4666666666667,6,6,28.96727226076389,34.74,127.74
2023-04-14 14:00:00,영동,817.8666666666667,6,6,31.34996579078981,37.18,128.46
2023-04-14 14:00:00,영흥,772.2333333333332,6,6,30.63690970728149,37.26,126.46
2023-04-14 14:00:00,예천,673.35,6,6,30.897804110802873,36.65,128.46
2023-04-14 14:00:00,창원,295.41666666666663,6,6,29.73455151401201,35.21,128.58
2023-04-14 14:00:00,탑선,304.8666666666667,6,6,29.00245715643235,35.24,126.81
2023-04-14 15:00:00,경상대,224.1833333333333,6,6,37.98147231024064,35.18,128.1
2023-04-14 15:00:00,고흥만수상,201.01666666666668,6,6,37.092542654241385,34.57,127.3
2023-04-14 15:00:00,광양항세방,87.78333333333335,6,6,37.57633547118463,34.93,127.71
2023-04-14 15:00:00,구미,200.38333333333335,6,6,38.696167031100956,36.13,128.34
2023-04-14 15:00:00,삼천포,113.71666666666665,6,6,37.82815640255277,34.95,128.07
2023-04-14 15:00:00,여수,152.95,6,6,37.485733548314116,34.74,127.74
2023-04-14 15:00:00,영동,773.8833333333333,6,6,39.400367525343846,37.18,128.46
2023-04-14 15:00:00,영흥,487.86666666666656,6,6,38.20116783779378,37.26,126.46
2023-04-14 15:00:00,예천,447.2333333333333,6,6,39.08251451605375,36.65,128.46
2023-04-14 15:00:00,창원,233.94999999999996,6,6,38.31910944014596,35.21,128.58
2023-04-14 15:00:00,탑선,190.0833333333333,6,6,37.167870576951195,35.24,126.81
2023-04-14 16:00:00,경상대,255.2166666666667,6,6,48.80167243699364,35.18,128.1
2023-04-14 16:00:00,고흥만수상,85.43333333333334,6,6,47.97162518623232,34.57,127.3
2023-04-14 16:00:00,광양항세방,146.53333333333333,6,6,48.414529524457166,34.93,127.71
2023-04-14 16:00:00,구미,361.88333333333327,6,6,49.32395675614626,36.13,128.34
2023-04-14 16:00:00,삼천포,167.93333333333334,6,6,48.69770494114642,34.95,128.07
2023-04-14 16:00:00,여수,132.5,6,6,48.370324985746144,34.74,127.74
2023-04-14 16:00:00,영동,631.1833333333334,6,6,49.800548840423815,37.18,128.46
2023-04-14 16:00:00,영흥,256.1666666666667,6,6,48.36453320556981,37.26,126.46
2023-04-14 16:00:00,예천,418.73333333333335,6,6,49.6038213957826,36.65,128.46
2023-04-14 16:00:00,창원,278.9166666666667,6,6,49.17958005158888,35.21,128.58
2023-04-14 16:00:00,탑선,222.01666666666668,6,6,47.84117308287634,35.24,126.81
2023-04-14 17:00:00,경상대,113.03333333333335,6,6,60.619824940892286,35.18,128.1
2023-04-14 17:00:00,고흥만수상,166.54999999999998,6,6,59.86913700558026,34.57,127.3
2023-04-14 17:00:00,광양항세방,105.25,6,6,60.262737068283464,34.93,127.71
2023-04-14 17:00:00,구미,299.81666666666666,6,6,60.975352923483555,36.13,128.34
2023-04-14 17:00:00,삼천포,139.91666666666666,6,6,60.55699122814063,34.95,128.07
2023-04-14 17:00:00,여수,82.58333333333333,6,6,60.25474892842168,34.74,127.74
2023-04-14 17:00:00,영동,500.0,6,6,61.25838069925267,37.18,128.46
2023-04-14 17:00:00,영흥,297.56666666666666,6,6,59.71221538840764,37.26,126.46
2023-04-14 17:00:00,예천,467.34999999999997,6,6,61.16241021599486,36.65,128.46
2023-04-14 17:00:00,창원,125.65000000000002,6,6,61.01161264219833,35.21,128.58
2023-04-14 17:00:00,탑선,231.58333333333337,6,6,59.59295107839069,35.24,126.81
2023-04-14 18:00:00,경상대,93.53333333333332,6,6,72.81332707581342,35.18,128.1
2023-04-14 18:00:00,고흥만수상,192.13333333333333,6,6,72.14967654874947,34.57,127.3
2023-04-14 18:00:00,광양항세방,39.93333333333334,6,6,72.49133338179561,34.93,127.71
2023-04-14 18:00:00,구미,115.10000000000001,6,6,73.01883699808684,36.13,128.34
2023-04-14 18:00:00,삼천포,121.14999999999999,6,6,72.7866422836027,34.95,128.07
2023-04-14 18:00:00,여수,147.88333333333335,6,6,72.51374720346018,34.74,127.74
2023-04-14 18:00:00,영동,290.21666666666664,6,6,73.1303645786944,37.18,128.46
2023-04-14 18:00:00,영흥,297.03333333333336,6,6,71.54054886140082,37.26,126.46
2023-04-14 18:00:00,예천,244.48333333333335,6,6,73.12225967653757,36.65,128.46
2023-04-14 18:00:00,창원,86.36666666666667,6,6,73.20579630275559,35.21,128.58
2023-04-14 18:00:00,탑선,152.13333333333333,6,6,71.76046219819503,35.24,126.81
2023-04-14 19:00:00,경상대,0.0,1,6,85.03008887281631,35.18,128.1
2023-04-14 19:00:00,고흥만수상,125.0,1,6,84.46236256118056,34.57,127.3
2023-04-14 19:00:00,광양항세방,127.6,1,6,84.74810686773684,34.93,127.71
2023-04-14 19:00:00,구미,141.5,1,6,85.09092105906832,36.13,128.34
2023-04-14 19:00:00,삼천포,112.8,1,6,85.03769165388096,34.95,128.07
2023-04-14 19:00:00,여수,141.6,1,6,84.79827350693105,34.74,127.74
2023-04-14 19:00:00,영동,185.9,1,6,85.039706909532,37.18,128.46
2023-04-14 19:00:00,영흥,172.5,2,6,83.4500849696319,37.26,126.46
2023-04-14 19:00:00,예천,90.8,1,6,85.11379465337961,36.65,128.46
2023-04-14 19:00:00,창원,60.4,1,6,85.4141873583951,35.21,128.58
2023-04-14 19:00:00,탑선,107.25,2,6,83.9774394173117,35.24,126.81
2023-04-14 20:00:00,경상대,,0,6,96.9907163530332,35.18,128.1
2023-04-14 20:00:00,고흥만수상,,0,6,96.53381301796317,34.57,127.3
2023-04-14 20:00:00,광양항세방,,0,6,96.75607059401926,34.93,127.71
2023-04-14 20:00:00,구미,,0,6,96.90214923246504,36.13,128.34
2023-04-14 20:00:00,삼천포,,0,6,97.03324475749383,34.95,128.07
2023-04-14 20:00:00,여수,,0,6,96.83347663135395,34.74,127.74
2023-04-14 20:00:00,영동,,0,6,96.68602823522691,37.18,128.46
2023-04-14 20:00:00,영흥,,0,6,95.13654228254222,37.26,126.46
2023-04-14 20:00:00,예천,,0,6,96.84216439524315,36.65,128.46
2023-04-14 20:00:00,창원,,0,6,97.3574100565921,35.21,128.58
2023-04-14 20:00:00,탑선,,0,6,95.96237268244582,35.24,126.81
2023-04-14 21:00:00,경상대,,0,6,108.38045698219219,35.18,128.1
2023-04-14 21:00:00,고흥만수상,,0,6,108.05869898534498,34.57,127.3
2023-04-14 21:00:00,광양항세방,,0,6,108.20466637991456,34.93,127.71
2023-04-14 21:00:00,구미,,0,6,108.12877488765983,36.13,128.34
2023-04-14 21:00:00,삼천포,,0,6,108.4606234509298,34.95,128.07
2023-04-14 21:00:00,여수,,0,6,108.31023986706656,34.74,127.74
2023-04-14 21:00:00,영동,,0,6,107.73682914352986,37.18,128.46
2023-04-14 21:00:00,영흥,,0,6,106.27643373490285,37.26,126.46
2023-04-14 21:00:00,예천,,0,6,107.97891177729174,36.65,128.46
2023-04-14 21:00:00,창원,,0,6,108.71779239384972,35.21,128.58
2023-04-14 21:00:00,탑선,,0,6,107.40670691384875,35.24,126.81
2023-04-14 22:00:00,경상대,,0,6,118.75148513835171,35.18,128.1
2023-04-14 22:00:00,고흥만수상,,0,6,118.60201305653247,34.57,127.3
2023-04-14 22:00:00,광양항세방,,0,6,118.65206374379946,34.93,127.71
2023-04-14 22:00:00,구미,,0,6,118.3162095112262,36.13,128.34
2023-04-14 22:00:00,삼천포,,0,6,118.87339356202415,34.95,128.07
2023-04-14 22:00:00,여수,,0,6,118.78724983505185,34.74,127.74
2023-04-14 22:00:00,영동,,0,6,117.73263003828843,37.18,128.46
2023-04-14 22:00:00,영흥,,0,6,116.43274779041334,37.26,126.46
2023-04-14 22:00:00,예천,,0,6,118.06619473202662,36.65,128.46
2023-04-14 22:00:00,창원,,0,6,119.04130008718792,35.21,128.58
2023-04-14 22:00:00,탑선,,0,6,117.8780784367965,35.24,126.81
2023-04-14 23:00:00,경상대,,0,6,127.40649964937168,35.18,128.1
2023-04-14 23:00:00,고흥만수상,,0,6,127.4793674509196,34.57,127.3
2023-04-14 23:00:00,광양항세방,,0,6,127.40739972855351,34.93,127.71
2023-04-14 23:00:00,구미,,0,6,126.76926950806424,36.13,128.34
2023-04-14 23:00:00,삼천포,,0,6,127.57335107044219,34.95,128.07
2023-04-14 23:00:00,여수,,0,6,127.57188049610167,34.74,127.74
2023-04-14 23:00:00,영동,,0,6,125.98471267252565,37.18,128.46
2023-04-14 23:00:00,영흥,,0,6,124.95329631188008,37.26,126.46
2023-04-14 23:00:00,예천,,0,6,126.41073976519885,36.65,128.46
2023-04-14 23:00:00,창원,,0,6,127.62093298811718,35.21,128.58
2023-04-14 23:00:00,탑선,,0,6,126.70563802722418,35.24,126.81
2023-04-15 00:00:00,경상대,,0,6,133.31927659276343,35.18,128.1
2023-04-15 00:00:00,고흥만수상,,0,6,133.66177151565915,34.57,127.3
2023-04-15 00:00:00,광양항세방,,0,6,133.44429815745627,34.93,127.71
2023-04-15 00:00:00,구미,,0,6,132.48894631180227,36.13,128.34
2023-04-15 00:00:00,삼천포,,0,6,133.52723680545307,34.95,128.07
2023-04-15 00:00:00,여수,,0,6,133.63095111940515,34.74,127.74
2023-04-15 00:00:00,영동,,0,6,131.5273202426926,37.18,128.46
2023-04-15 00:00:00,영흥,,0,6,130.9075865401023,37.26,126.46
2023-04-15 00:00:00,예천,,0,6,132.028970119732,36.65,128.46
2023-04-15 00:00:00,창원,,0,6,133.42188597790957,35.21,128.58
2023-04-15 00:00:00,탑선,,0,6,132.89169265171958,35.24,126.81
2023-04-15 01:00:00,경상대,,0,6,135.35222304081012,35.18,128.1
2023-04-15 01:00:00,고흥만수상,,0,6,135.96421757259014,34.57,127.3
2023-04-15 01:00:00,광양항세방,,0,6,135.60480294835278,34.93,127.71
2023-04-15 01:00:00,구미,,0,6,134.3993095423566,36.13,128.34
2023-04-15 01:00:00,삼천포,,0,6,135.58250626540476,34.95,128.07
2023-04-15 01:00:00,여수,,0,6,135.79470387523867,34.74,127.74
2023-04-15 01:00:00,영동,,0,6,133.34764566972905,37.18,128.46
2023-04-15 01:00:00,영흥,,0,6,133.26339620550573,37.26,126.46
2023-04-15 01:00:00,예천,,0,6,133.87751242408046,36.65,128.46
2023-04-15 01:00:00,창원,,0,6,135.3148669804089,35.21,128.58
2023-04-15 01:00:00,탑선,,0,6,135.28917585660173,35.24,126.81
2023-04-15 02:00:00,경상대,,0,6,132.98934125794472,35.18,128.1
2023-04-15 02:00:00,고흥만수상,,0,6,133.79223988433947,34.57,127.3
2023-04-15 02:00:00,광양항세방,,0,6,133.3369603654048,34.93,127.71
2023-04-15 02:00:00,구미,,0,6,132.03302053685917,36.13,128.34
2023-04-15 02:00:00,삼천포,,0,6,133.2126689829393,34.95,128.07
2023-04-15 02:00:00,여수,,0,6,133.50583920142614,34.74,127.74
2023-04-15 02:00:00,영동,,0,6,131.01859698340454,37.18,128.46
2023-04-15 02:00:00,영흥,,0,6,131.48010403682903,37.26,126.46
2023-04-15 02:00:00,예천,,0,6,131.51320140534864,36.65,128.46
2023-04-15 02:00:00,창원,,0,6,132.81789185103787,35.21,128.58
2023-04-15 02:00:00,탑선,,0,6,133.29903614882792,35.24,126.81
2023-04-15 03:00:00,경상대,,0,6,126.82262496265463,35.18,128.1
2023-04-15 03:00:00,고흥만수상,,0,6,127.70848344590064,34.57,127.3
2023-04-15 03:00:00,광양항세방,,0,6,127.21717373835688,34.93,127.71
2023-04-15 03:00:00,구미,,0,6,125.95896674227137,36.13,128.34
2023-04-15 03:00:00,삼천포,,0,6,127.0172814548743,34.95,128.07
2023-04-15 03:00:00,여수,,0,6,127.35049974893397,34.74,127.74
2023-04-15 03:00:00,영동,,0,6,125.07623876614912,37.18,128.46
2023-04-15 03:00:00,영흥,,0,6,125.97428183156052,37.26,126.46
2023-04-15 03:00:00,예천,,0,6,125.4919306790542,36.65,128.46
2023-04-15 03:00:00,창원,,0,6,126.55249339890804,35.21,128.58
2023-04-15 03:00:00,탑선,,0,6,127.42499126331265,35.24,126.81
2023-04-15 04:00:00,경상대,,0,6,118.00129962751065,35.18,128.1
2023-04-15 04:00:00,고흥만수상,,0,6,118.89308384805679,34.57,127.3
2023-04-15 04:00:00,광양항세방,,0,6,118.40674155637349,34.93,127.71
2023-04-15 04:00:00,구미,,0,6,117.27118693512344,36.13,128.34
2023-04-15 04:00:00,삼천포,,0,6,118.15963019494733,34.95,128.07
2023-04-15 04:00:00,여수,,0,6,118.50231139551555,34.74,127.74
2023-04-15 04:00:00,영동,,0,6,116.55567532864914,37.18,128.46
2023-04-15 04:00:00,영흥,,0,6,117.75171685397592,37.26,126.46
2023-04-15 04:00:00,예천,,0,6,116.87868256949292,36.65,128.46
2023-04-15 04:00:00,창원,,0,6,117.66978366988404,35.21,128.58
2023-04-15 04:00:00,탑선,,0,6,118.79855237952357,35.24,126.81
2023-04-15 05:00:00,경상대,,0,6,107.52741217350622,35.18,128.1
2023-04-15 05:00:00,고흥만수상,,0,6,108.38455724441951,34.57,127.3
2023-04-15 05:00:00,광양항세방,,0,6,107.92376496144959,34.93,127.71
2023-04-15 05:00:00,구미,,0,6,106.9379498521508,36.13,128.34
2023-04-15 05:00:00,삼천포,,0,6,107.64948096083731,34.95,128.07
2023-04-15 05:00:00,여수,,0,6,107.98473346067459,34.74,127.74
2023-04-15 05:00:00,영동,,0,6,106.39144673628914,37.18,128.46
2023-04-15 05:00:00,영흥,,0,6,107.77685879002874,37.26,126.46
2023-04-15 05:00:00,예천,,0,6,106.62385044126142,36.65,128.46
2023-04-15 05:00:00,창원,,0,6,107.16075957192733,35.21,128.58
2023-04-15 05:00:00,탑선,,0,6,108.44626721791157,35.24,126.81
2023-04-15 06:00:00,경상대,,0,6,96.07428656572816,35.18,128.1
2023-04-15 06:00:00,고흥만수상,,0,6,96.87614869184404,34.57,127.3
2023-04-15 06:00:00,광양항세방,,0,6,96.45087440221675,34.93,127.71
2023-04-15 06:00:00,구미,,0,6,95.62241079138714,36.13,128.34
2023-04-15 06:00:00,삼천포,,0,6,96.16201085251352,34.95,128.07
2023-04-15 06:00:00,여수,,0,6,96.48084679513326,34.74,127.74
2023-04-15 06:00:00,영동,,0,6,95.23777893619457,37.18,128.46
2023-04-15 06:00:00,영흥,,0,6,96.73930563244863,37.26,126.46
2023-04-15 06:00:00,예천,,0,6,95.38513398492839,36.65,128.46
2023-04-15 06:00:00,창원,,0,6,95.68903612890468,35.21,128.58
2023-04-15 06:00:00,탑선,,0,6,97.06726529160343,35.24,126.81
2023-04-15 07:00:00,경상대,,0,6,84.07459877985622,35.18,128.1
2023-04-15 07:00:00,고흥만수상,,0,6,84.80748548550457,34.57,127.3
2023-04-15 07:00:00,광양항세방,,0,6,84.42429793788487,34.93,127.71
2023-04-15 07:00:00,구미,61.1,1,6,83.75868746402045,36.13,128.34
2023-04-15 07:00:00,삼천포,,0,6,84.12915745623474,34.95,128.07
2023-04-15 07:00:00,여수,,0,6,84.42560165597646,34.74,127.74
2023-04-15 07:00:00,영동,113.7,1,6,83.5316055436575,37.18,128.46
2023-04-15 07:00:00,영흥,,0,6,85.09917088100141,37.26,126.46
2023-04-15 07:00:00,예천,129.0,1,6,83.59743124538494,36.65,128.46
2023-04-15 07:00:00,창원,97.5,1,6,83.68174379911389,35.21,128.58
2023-04-15 07:00:00,탑선,,0,6,85.11036667218295,35.24,126.81
2023-04-15 08:00:00,경상대,102.73333333333333,6,6,71.8352470832546,35.18,128.1
2023-04-15 08:00:00,고흥만수상,149.45,6,6,72.48454339934239,34.57,127.3
2023-04-15 08:00:00,광양항세방,129.11666666666665,6,6,72.15084200840904,34.93,127.71
2023-04-15 08:00:00,구미,152.66666666666669,6,6,71.66037856749857,36.13,128.34
2023-04-15 08:00:00,삼천포,113.41666666666667,6,6,71.85602948422655,34.95,128.07
2023-04-15 08:00:00,여수,123.60000000000001,6,6,72.12404150641053,34.74,127.74
2023-04-15 08:00:00,영동,179.75,6,6,71.5943902835447,37.18,128.46
2023-04-15 08:00:00,영흥,193.36666666666665,6,6,73.18839565335351,37.26,126.46
2023-04-15 08:00:00,예천,205.35,6,6,71.5779913254041,36.65,128.46
2023-04-15 08:00:00,창원,59.54999999999999,6,6,71.44365646587755,35.21,128.58
2023-04-15 08:00:00,탑선,226.9333333333333,6,6,72.88982915070889,35.24,126.81
2023-04-15 09:00:00,경상대,248.54999999999998,6,6,59.63355885008144,35.18,128.1
2023-04-15 09:00:00,고흥만수상,225.83333333333334,6,6,60.17708125655379,34.57,127.3
2023-04-15 09:00:00,광양항세방,237.86666666666667,6,6,59.90461807589832,34.93,127.71
2023-04-15 09:00:00,구미,213.51666666666665,6,6,59.6156558712565,36.13,128.34
2023-04-15 09:00:00,삼천포,234.1,6,6,59.61734937342805,34.95,128.07
2023-04-15 09:00:00,여수,215.04999999999998,6,6,59.84819070625232,34.74,127.74
2023-04-15 09:00:00,영동,223.54999999999998,6,6,59.725892114287916,37.18,128.46
2023-04-15 09:00:00,영흥,242.33333333333334,6,6,61.30487501216945,37.26,126.46
2023-04-15 09:00:00,예천,212.8166666666667,6,6,59.62085829921682,36.65,128.46
2023-04-15 09:00:00,창원,183.46666666666667,6,6,59.25308048874933,35.21,128.58
2023-04-15 09:00:00,탑선,310.83333333333337,6,6,60.68243107751404,35.24,126.81
2023-04-15 10:00:00,경상대,254.01999999999998,5,5,47.827229647257795,35.18,128.1
2023-04-15 10:00:00,고흥만수상,302.6,5,5,48.22546156452542,34.57,127.3
2023-04-15 10:00:00,광양항세방,331.8,5,5,48.0355122228216,34.93,127.71
2023-04-15 10:00:00,구미,221.68,5,5,47.99897891613375,36.13,128.34
2023-04-15 10:00:00,삼천포,235.07999999999998,5,5,47.76698919340208,34.95,128.07
2023-04-15 10:00:00,여수,282.02,5,5,47.94533394701966,34.74,127.74
2023-04-15 10:00:00,영동,327.86,5,5,48.316923130809904,37.18,128.46
2023-04-15 10:00:00,영흥,171.7,5,5,49.81956833191794,37.26,126.46
2023-04-15 10:00:00,예천,211.4,5,5,48.109357198517834,36.65,128.46
2023-04-15 10:00:00,창원,278.84,5,5,47.47330175577914,35.21,128.58
2023-04-15 10:00:00,탑선,501.32,5,5,48.83393558016605,35.24,126.81
2023-04-15 11:00:00,경상대,377.34999999999997,6,6,37.06269885439363,35.18,128.1
2023-04-15 11:00:00,고흥만수상,431.09999999999997,6,6,37.240530195301154,34.57,127.3
2023-04-15 11:00:00,광양항세방,293.05,6,6,37.17344299340381,34.93,127.71
2023-04-15 11:00:00,구미,226.93333333333337,6,6,37.480290927671405,36.13,128.34
2023-04-15 11:00:00,삼천포,322.3,6,6,36.9462640407182,34.95,128.07
2023-04-15 11:00:00,여수,334.4,6,6,37.04272982738978,34.74,127.74
2023-04-15 11:00:00,영동,329.4166666666667,6,6,38.056392916511186,37.18,128.46
2023-04-15 11:00:00,영흥,193.16666666666666,6,6,39.36420071981437,37.26,126.46
2023-04-15 11:00:00,예천,200.13333333333333,6,6,37.72504456875133,36.65,128.46
2023-04-15 11:00:00,창원,264.5166666666667,6,6,36.76642415658576,35.21,128.58
2023-04-15 11:00:00,탑선,414.26666666666665,6,6,37.95352138581567,35.24,126.81
2023-04-15 12:00:00,경상대,319.99999999999994,6,6,28.749126399459918,35.18,128.1
2023-04-15 12:00:00,고흥만수상,615.9833333333333,6,6,28.5763327789415,34.57,127.3
2023-04-15 12:00:00,광양항세방,324.04999999999995,6,6,28.70090211339447,34.93,127.71
2023-04-15 12:00:00,구미,247.3166666666667,6,6,29.47323384462628,36.13,128.34
2023-04-15 12:00:00,삼천포,284.3666666666667,6,6,28.564350366208743,34.95,128.07
2023-04-15 12:00:00,여수,298.9666666666667,6,6,28.526408196545432,34.74,127.74
2023-04-15 12:00:00,영동,259.6,6,6,30.345965045278255,37.18,128.46
2023-04-15 12:00:00,영흥,169.5,6,6,31.213727860954243,37.26,126.46
2023-04-15 12:00:00,예천,184.23333333333335,6,6,29.880496131518456,36.65,128.46
2023-04-15 12:00:00,창원,307.7,6,6,28.577163186218556,35.21,128.58
2023-04-15 12:00:00,탑선,535.4,6,6,29.357161956782527,35.24,126.81
2023-04-15 13:00:00,경상대,466.06666666666666,6,6,25.53981468392105,35.18,128.1
2023-04-15 13:00:00,고흥만수상,723.4833333333332,6,6,24.92571966957317,34.57,127.3
2023-04-15 13:00:00,광양항세방,527.7166666666667,6,6,25.285203136092335,34.93,127.71
2023-04-15 13:00:00,구미,250.01666666666665,6,6,26.494687076835362,36.13,128.34
2023-04-15 13:00:00,삼천포,363.0333333333333,6,6,25.309326661690278,34.95,128.07
2023-04-15 13:00:00,여수,476.73333333333335,6,6,25.09538235557652,34.74,127.74
2023-04-15 13:00:00,영동,168.98333333333332,6,6,27.547297031476567,37.18,128.46
2023-04-15 13:00:00,영흥,184.03333333333333,6,6,27.6321481269971,37.26,126.46
2023-04-15 13:00:00,예천,181.13333333333335,6,6,27.01759128381363,36.65,128.46
2023-04-15 13:00:00,창원,240.1833333333333,6,6,25.582268905268663,35.21,128.58
2023-04-15 13:00:00,탑선,144.04999999999998,6,6,25.6034889791746,35.24,126.81
2023-04-15 14:00:00,경상대,741.85,6,6,29.20205489620512,35.18,128.1
2023-04-15 14:00:00,고흥만수상,456.29999999999995,6,6,28.335368433858903,34.57,127.3
2023-04-15 14:00:00,광양항세방,496.7333333333333,6,6,28.819450259490367,34.93,127.71
2023-04-15 14:00:00,구미,208.85,6,6,30.107582731874885,36.13,128.34
2023-04-15 14:00:00,삼천포,751.8166666666666,6,6,28.99560838408192,34.95,128.07
2023-04-15 14:00:00,여수,667.9,6,6,28.67237813262703,34.74,127.74
2023-04-15 14:00:00,영동,205.9,6,6,31.049232668788036,37.18,128.46
2023-04-15 14:00:00,영흥,460.7,6,6,30.32652219508413,37.26,126.46
2023-04-15 14:00:00,예천,88.53333333333335,6,6,30.599031967648628,36.65,128.46
2023-04-15 14:00:00,창원,382.81666666666666,6,6,29.442155122011748,35.21,128.58
2023-04-15 14:00:00,탑선,166.31666666666666,6,6,28.70064629155486,35.24,126.81
2023-04-15 15:00:00,경상대,329.66666666666663,6,6,37.75759815523232,35.18,128.1
2023-04-15 15:00:00,고흥만수상,578.4,6,6,36.869631960800255,34.57,127.3
2023-04-15 15:00:00,광양항세방,295.90000000000003,6,6,37.352616957493545,34.93,127.71
2023-04-15 15:00:00,구미,87.53333333333332,6,6,38.46698481016556,36.13,128.34
2023-04-15 15:00:00,삼천포,613.2666666666667,6,6,37.605710228408604,34.95,128.07
2023-04-15 15:00:00,여수,288.5666666666667,6,6,37.2634172449736,34.74,127.74
2023-04-15 15:00:00,영동,187.63333333333333,6,6,39.165035479978705,37.18,128.46
2023-04-15 15:00:00,영흥,698.7166666666666,6,6,37.957794589996624,37.26,126.46
2023-04-15 15:00:00,예천,26.46666666666667,6,6,38.85047630448886,36.65,128.46
2023-04-15 15:00:00,창원,493.2,6,6,38.09687415363107,35.21,128.58
2023-04-15 15:00:00,탑선,615.9999999999999,6,6,36.93850781733104,35.24,126.81
2023-04-15 16:00:00,경상대,157.6833333333333,6,6,48.62204994232506,35.18,128.1
2023-04-15 16:00:00,고흥만수상,558.5333333333333,6,6,47.794534186216815,34.57,127.3
2023-04-15 16:00:00,광양항세방,323.51666666666665,6,6,48.2358098620419,34.93,127.71
2023-04-15 16:00:00,구미,58.583333333333336,6,6,49.138355042923045,36.13,128.34
2023-04-15 16:00:00,삼천포,359.2,6,6,48.5196111485042,34.95,128.07
2023-04-15 16:00:00,여수,407.6666666666667,6,6,48.19299284977169,34.74,127.74
2023-04-15 16:00:00,영동,203.66666666666666,6,6,49.608201471778095,37.18,128.46
2023-04-15 16:00:00,영흥,435.7833333333333,6,6,48.16727943121487,37.26,126.46
2023-04-15 16:00:00,예천,117.81666666666668,6,6,49.414983896156386,36.65,128.46
2023-04-15 16:00:00,창원,239.63333333333333,6,6,49.000751377763265,35.21,128.58
2023-04-15 16:00:00,탑선,653.3000000000001,6,6,47.658333411947616,35.24,126.81
2023-04-15 17:00:00,경상대,194.83333333333334,6,6,60.462165931883206,35.18,128.1
2023-04-15 17:00:00,고흥만수상,334.56666666666666,6,6,59.71473625968463,34.57,127.3
2023-04-15 17:00:00,광양항세방,280.7,6,6,60.10635470281389,34.93,127.71
2023-04-15 17:00:00,구미,186.51666666666668,6,6,60.81177983191266,36.13,128.34
2023-04-15 17:00:00,삼천포,261.5,6,6,60.40080177752988,34.95,128.07
2023-04-15 17:00:00,여수,351.26666666666665,6,6,60.09963553076005,34.74,127.74
2023-04-15 17:00:00,영동,151.60000000000002,6,6,61.08823686066613,37.18,128.46
2023-04-15 17:00:00,영흥,267.40000000000003,6,6,59.539584170982444,37.26,126.46
2023-04-15 17:00:00,예천,202.70000000000002,6,6,60.9956257029547,36.65,128.46
2023-04-15 17:00:00,창원,193.29999999999998,6,6,60.85417964006345,35.21,128.58
2023-04-15 17:00:00,탑선,479.93333333333334,6,6,59.43369403652774,35.24,126.81
2023-04-15 18:00:00,경상대,149.73333333333332,6,6,72.66234125726044,35.18,128.1
2023-04-15 18:00:00,고흥만수상,170.1,6,6,72.00236683934536,34.57,127.3
2023-04-15 18:00:00,광양항세방,149.20000000000002,6,6,72.3418498487276,34.93,127.71
2023-04-15 18:00:00,구미,213.54999999999998,6,6,72.86213014061289,36.13,128.34
2023-04-15 18:00:00,삼천포,179.53333333333333,6,6,72.63705069725575,34.95,128.07
2023-04-15 18:00:00,여수,174.85,6,6,72.36542150872037,34.74,127.74
2023-04-15 18:00:00,영동,203.76666666666665,6,6,72.96739095648735,37.18,128.46
2023-04-15 18:00:00,영흥,193.7833333333333,6,6,71.37686394693309,37.26,126.46
2023-04-15 18:00:00,예천,233.86666666666667,6,6,72.96244442665324,36.65,128.46
2023-04-15 18:00:00,창원,152.48333333333332,6,6,73.05463930972002,35.21,128.58
2023-04-15 18:00:00,탑선,310.8666666666667,6,6,71.60902597779126,35.24,126.81
2023-04-15 19:00:00,경상대,122.7,1,6,84.87426568192194,35.18,128.1
2023-04-15 19:00:00,고흥만수상,96.1,1,6,84.31056022003708,34.57,127.3
2023-04-15 19:00:00,광양항세방,124.1,1,6,84.59397139800794,34.93,127.71
2023-04-15 19:00:00,구미,120.3,1,6,84.92953730744662,36.13,128.34
2023-04-15 19:00:00,삼천포,113.0,1,6,84.88320297876058,34.95,128.07
2023-04-15 19:00:00,여수,103.9,1,6,84.64520747652693,34.74,127.74
2023-04-15 19:00:00,영동,187.4,1,6,84.87232747077292,37.18,128.46
2023-04-15 19:00:00,영흥,133.9,2,6,83.2834474990943,37.26,126.46
2023-04-15 19:00:00,예천,173.2,1,6,84.94939508367727,36.65,128.46
2023-04-15 19:00:00,창원,104.2,1,6,85.25786765900409,35.21,128.58
2023-04-15 19:00:00,탑선,179.10000000000002,2,6,83.8220960318274,35.24,126.81
2023-04-15 20:00:00,경상대,,0,6,96.81986381889593,35.18,128.1
2023-04-15 20:00:00,고흥만수상,,0,6,96.36733779135983,34.57,127.3
2023-04-15 20:00:00,광양항세방,,0,6,96.5870933933957,34.93,127.71
2023-04-15 20:00:00,구미,,0,6,96.72586488449265,36.13,128.34
2023-04-15 20:00:00,삼천포,,0,6,96.86367806412099,34.95,128.07
2023-04-15 20:00:00,여수,,0,6,96.66549221455462,34.74,127.74
2023-04-15 20:00:00,영동,,0,6,96.50399923389271,37.18,128.46
2023-04-15 20:00:00,영흥,,0,6,94.95662446486796,37.26,126.46
2023-04-15 20:00:00,예천,,0,6,96.66294638052777,36.65,128.46
2023-04-15 20:00:00,창원,,0,6,97.18574669029957,35.21,128.58
2023-04-15 20:00:00,탑선,,0,6,95.79288567832171,35.24,126.81
2023-04-15 21:00:00,경상대,,0,6,108.1841756325397,35.18,128.1
2023-04-15 21:00:00,고흥만수상,,0,6,107.86715249901103,34.57,127.3
2023-04-15 21:00:00,광양항세방,,0,6,108.01044971374134,34.93,127.71
2023-04-15 21:00:00,구미,,0,6,107.92725427075827,36.13,128.34
2023-04-15 21:00:00,삼천포,,0,6,108.2655649977495,34.95,128.07
2023-04-15 21:00:00,여수,,0,6,108.11692625758876,34.74,127.74
2023-04-15 21:00:00,영동,,0,6,107.52990822521821,37.18,128.46
2023-04-15 21:00:00,영흥,,0,6,106.07304591820635,37.26,126.46
2023-04-15 21:00:00,예천,,0,6,107.77458192897926,36.65,128.46
2023-04-15 21:00:00,창원,,0,6,108.52036577916142,35.21,128.58
2023-04-15 21:00:00,탑선,,0,6,107.21273714709223,35.24,126.81
2023-04-15 22:00:00,경상대,,0,6,118.51866651121824,35.18,128.1
2023-04-15 22:00:00,고흥만수상,,0,6,118.37414073095425,34.57,127.3
2023-04-15 22:00:00,광양항세방,,0,6,118.42143829900022,34.93,127.71
2023-04-15 22:00:00,구미,,0,6,118.07862377874937,36.13,128.34
2023-04-15 22:00:00,삼천포,,0,6,118.64166835552558,34.95,128.07
2023-04-15 22:00:00,여수,,0,6,118.5573825717513,34.74,127.74
2023-04-15 22:00:00,영동,,0,6,117.49030962656994,37.18,128.46
2023-04-15 22:00:00,영흥,,0,6,116.1953938748465,37.26,126.46
2023-04-15 22:00:00,예천,,0,6,117.82608249789999,36.65,128.46
2023-04-15 22:00:00,창원,,0,6,118.80699928369648,35.21,128.58
2023-04-15 22:00:00,탑선,,0,6,117.6485724338698,35.24,126.81
2023-04-15 23:00:00,경상대,,0,6,127.12719195217278,35.18,128.1
2023-04-15 23:00:00,고흥만수상,,0,6,127.20467715215904,34.57,127.3
2023-04-15 23:00:00,광양항세방,,0,6,127.1301747828445,34.93,127.71
2023-04-15 23:00:00,구미,,0,6,126.48628602783066,36.13,128.34
2023-04-15 23:00:00,삼천포,,0,6,127.2948623016582,34.95,128.07
2023-04-15 23:00:00,여수,,0,6,127.29516184079237,34.74,127.74
2023-04-15 23:00:00,영동,,0,6,125.69828864962977,37.18,128.46
2023-04-15 23:00:00,영흥,,0,6,124.67281270848801,37.26,126.46
2023-04-15 23:00:00,예천,,0,6,126.12584304201661,36.65,128.46
2023-04-15 23:00:00,창원,,0,6,127.33994241234825,35.21,128.58
2023-04-15 23:00:00,탑선,,0,6,126.43039583172063,35.24,126.81
2023-04-16 00:00:00,경상대,,0,6,132.9917277431873,35.18,128.1
2023-04-16 00:00:00,고흥만수상,,0,6,133.3374199816464,34.57,127.3
2023-04-16 00:00:00,광양항세방,,0,6,133.11822047416067,34.93,127.71
2023-04-16 00:00:00,구미,,0,6,132.15954686022158,36.13,128.34
2023-04-16 00:00:00,삼천포,,0,6,133.20007047678618,34.95,128.07
2023-04-16 00:00:00,여수,,0,6,133.3050390414683,34.74,127.74
2023-04-16 00:00:00,영동,,0,6,131.19638403849015,37.18,128.46
2023-04-16 00:00:00,영흥,,0,6,130.58196624648917,37.26,126.46
2023-04-16 00:00:00,예천,,0,6,131.69863461858344,36.65,128.46
2023-04-16 00:00:00,창원,,0,6,133.09291468068247,35.21,128.58
2023-04-16 00:00:00,탑선,,0,6,132.5678656238747,35.24,126.81
2023-04-16 01:00:00,경상대,,0,6,134.99307059744902,35.18,128.1
2023-04-16 01:00:00,고흥만수상,,0,6,135.6060226293138,34.57,127.3
2023-04-16 01:00:00,광양항세방,,0,6,135.24610130836544,34.93,127.71
2023-04-16 01:00:00,구미,,0,6,134.0399141591952,36.13,128.34
2023-04-16 01:00:00,삼천포,,0,6,135.22338373492482,34.95,128.07
2023-04-16 01:00:00,여수,,0,6,135.4359650903836,34.74,127.74
2023-04-16 01:00:00,영동,,0,6,132.98815253985097,37.18,128.46
2023-04-16 01:00:00,영흥,,0,6,132.90620659234105,37.26,126.46
2023-04-16 01:00:00,예천,,0,6,133.5180045669742,36.65,128.46
2023-04-16 01:00:00,창원,,0,6,134.95518973990892,35.21,128.58
2023-04-16 01:00:00,탑선,,0,6,134.93160274464546,35.24,126.81
2023-04-16 02:00:00,경상대,,0,6,132.629437064511,35.18,128.1
2023-04-16 02:00:00,고흥만수상,,0,6,133.43187577669295,34.57,127.3
2023-04-16 02:00:00,광양항세방,,0,6,132.9768116118829,34.93,127.71
2023-04-16 02:00:00,구미,,0,6,131.6729294318051,36.13,128.34
2023-04-16 02:00:00,삼천포,,0,6,132.85283674652277,34.95,128.07
2023-04-16 02:00:00,여수,,0,6,133.1457956302438,34.74,127.74
2023-04-16 02:00:00,영동,,0,6,130.65818943577932,37.18,128.46
2023-04-16 02:00:00,영흥,,0,6,131.11828913436472,37.26,126.46
2023-04-16 02:00:00,예천,,0,6,131.15300086794463,36.65,128.46
2023-04-16 02:00:00,창원,,0,6,132.458420816368,35.21,128.58
2023-04-16 02:00:00,탑선,,0,6,132.93803343259458,35.24,126.81
2023-04-16 03:00:00,경상대,,0,6,126.4851828261765,35.18,128.1
2023-04-16 03:00:00,고흥만수상,,0,6,127.37064381554006,34.57,127.3
2023-04-16 03:00:00,광양항세방,,0,6,126.8794564688298,34.93,127.71
2023-04-16 03:00:00,구미,,0,6,125.62026029422196,36.13,128.34
2023-04-16 03:00:00,삼천포,,0,6,126.68020564952205,34.95,128.07
2023-04-16 03:00:00,여수,,0,6,127.01318621752358,34.74,127.74
2023-04-16 03:00:00,영동,,0,6,124.7359420638181,37.18,128.46
2023-04-16 03:00:00,영흥,,0,6,125.6305356620457,37.26,126.46
2023-04-16 03:00:00,예천,,0,6,125.15253204934307,36.65,128.46
2023-04-16 03:00:00,창원,,0,6,126.21589387661666,35.21,128.58
2023-04-16 03:00:00,탑선,,0,6,127.08506181011668,35.24,126.81
2023-04-16 04:00:00,경상대,,0,6,117.6927989109751,35.18,128.1
2023-04-16 04:00:00,고흥만수상,,0,6,118.5849068376398,34.57,127.3
2023-04-16 04:00:00,광양항세방,,0,6,118.09825980660165,34.93,127.71
2023-04-16 04:00:00,구미,,0,6,116.96031031687298,36.13,128.34
2023-04-16 04:00:00,삼천포,,0,6,117.85176803606151,34.95,128.07
2023-04-16 04:00:00,여수,,0,6,118.1944611591477,34.74,127.74
2023-04-16 04:00:00,영동,,0,6,116.24199831008937,37.18,128.46
2023-04-16 04:00:00,영흥,,0,6,117.43432105013407,37.26,126.46
2023-04-16 04:00:00,예천,,0,6,116.56651388842374,36.65,128.46
2023-04-16 04:00:00,창원,,0,6,117.36208743440287,35.21,128.58
2023-04-16 04:00:00,탑선,,0,6,118.48744952620352,35.24,126.81
2023-04-16 05:00:00,경상대,,0,6,107.24441648140521,35.18,128.1
2023-04-16 05:00:00,고흥만수상,,0,6,108.10264528698686,34.57,127.3
2023-04-16 05:00:00,광양항세방,,0,6,107.64112245051194,34.93,127.71
2023-04-16 05:00:00,구미,,0,6,106.65179025096448,36.13,128.34
2023-04-16 05:00:00,삼천포,,0,6,107.36730322762668,34.95,128.07
2023-04-16 05:00:00,여수,,0,6,107.70285041818119,34.74,127.74
2023-04-16 05:00:00,영동,,0,6,106.10166373567615,37.18,128.46
2023-04-16 05:00:00,영흥,,0,6,107.48394614305403,37.26,126.46
2023-04-16 05:00:00,예천,,0,6,106.3359707289443,36.65,128.46
2023-04-16 05:00:00,창원,,0,6,106.87836011584905,35.21,128.58
2023-04-16 05:00:00,탑선,,0,6,108.16111014415245,35.24,126.81
2023-04-16 06:00:00,경상대,,0,6,95.81009828990419,35.18,128.1
2023-04-16 06:00:00,고흥만수상,,0,6,96.61370606141656,34.57,127.3
2023-04-16 06:00:00,광양항세방,,0,6,96.18734006089878,34.93,127.71
2023-04-16 06:00:00,구미,,0,6,95.35451219878146,36.13,128.34
2023-04-16 06:00:00,삼천포,,0,6,95.89875801309047,34.95,128.07
2023-04-16 06:00:00,여수,,0,6,96.21814260878497,34.74,127.74
2023-04-16 06:00:00,영동,,0,6,94.96571138283117,37.18,128.46
2023-04-16 06:00:00,영흥,,0,6,96.46497552939074,37.26,126.46
2023-04-16 06:00:00,예천,,0,6,95.11521841723517,36.65,128.46
2023-04-16 06:00:00,창원,,0,6,95.42519928372315,35.21,128.58
2023-04-16 06:00:00,탑선,,0,6,96.80150696489117,35.24,126.81
2023-04-16 07:00:00,경상대,162.3,1,6,83.82181211973517,35.18,128.1
2023-04-16 07:00:00,고흥만수상,,0,6,84.55705407164419,34.57,127.3
2023-04-16 07:00:00,광양항세방,,0,6,84.17244641127232,34.93,127.71
2023-04-16 07:00:00,구미,111.4,1,6,83.50174837288299,36.13,128.34
2023-04-16 07:00:00,삼천포,120.5,1,6,83.87739865334109,34.95,128.07
2023-04-16 07:00:00,여수,,0,6,84.17462893642595,34.74,127.74
2023-04-16 07:00:00,영동,106.5,1,6,83.27007900118561,37.18,128.46
2023-04-16 07:00:00,영흥,,0,6,84.83634279863284,37.26,126.46
2023-04-16 07:00:00,예천,81.8,1,6,83.33823801649484,36.65,128.46
2023-04-16 07:00:00,창원,0.0,1,6,83.42905580894161,35.21,128.58
2023-04-16 07:00:00,탑선,,0,6,84.85663977066271,35.24,126.81
2023-04-16 08:00:00,경상대,226.9666666666667,6,6,71.58598341139853,35.18,128.1
2023-04-16 08:00:00,고흥만수상,170.56666666666666,6,6,72.23827234415506,34.57,127.3
2023-04-16 08:00:00,광양항세방,201.35,6,6,71.9028090960578,34.93,127.71
2023-04-16 08:00:00,구미,162.68333333333337,6,6,71.40653422049827,36.13,128.34
2023-04-16 08:00:00,삼천포,230.75,6,6,71.60788319821546,34.95,128.07
2023-04-16 08:00:00,여수,218.03333333333333,6,6,71.87693141011388,34.74,127.74
2023-04-16 08:00:00,영동,218.04999999999998,6,6,71.33557830815788,37.18,128.46
2023-04-16 08:00:00,영흥,150.41666666666666,6,6,72.92935800730514,37.26,126.46
2023-04-16 08:00:00,예천,203.41666666666666,6,6,71.32166919066654,36.65,128.46
2023-04-16 08:00:00,창원,247.91666666666666,6,6,71.19421448544512,35.21,128.58
2023-04-16 08:00:00,탑선,140.71666666666667,6,6,72.64031904399829,35.24,126.81
2023-04-16 09:00:00,경상대,293.4166666666667,6,6,59.37864339622916,35.18,128.1
2023-04-16 09:00:00,고흥만수상,184.21666666666667,6,6,59.925893756026,34.57,127.3
2023-04-16 09:00:00,광양항세방,272.46666666666664,6,6,59.651276178255536,34.93,127.71
2023-04-16 09:00:00,구미,391.98333333333335,6,6,59.355726719223405,36.13,128.34
2023-04-16 09:00:00,삼천포,298.68333333333334,6,6,59.363641791692814,34.95,128.07
2023-04-16 09:00:00,여수,202.88333333333333,6,6,59.59581064038993,34.74,127.74
2023-04-16 09:00:00,영동,379.51666666666665,6,6,59.4606545041473,37.18,128.46
2023-04-16 09:00:00,영흥,272.81666666666666,6,6,61.04072716769226,37.26,126.46
2023-04-16 09:00:00,예천,289.6333333333333,6,6,59.35823625908797,36.65,128.46
2023-04-16 09:00:00,창원,302.1166666666666,6,6,58.99764739008753,35.21,128.58
2023-04-16 09:00:00,탑선,315.65,6,6,60.42812529706999,35.24,126.81
2023-04-16 10:00:00,경상대,423.36,5,5,47.55476210652556,35.18,128.1
2023-04-16 10:00:00,고흥만수상,88.02000000000001,5,5,47.957548691820676,34.57,127.3
2023-04-16 10:00:00,광양항세방,323.5,5,5,47.765009504057986,34.93,127.71
2023-04-16 10:00:00,구미,586.8199999999999,5,5,47.72120201120712,36.13,128.34
2023-04-16 10:00:00,삼천포,458.1,5,5,47.49578656219413,34.95,128.07
2023-04-16 10:00:00,여수,217.76,5,5,47.67579457862311,34.74,127.74
2023-04-16 10:00:00,영동,503.32,5,5,48.03372478780915,37.18,128.46
2023-04-16 10:00:00,영흥,423.78000000000003,5,5,49.53916608611502,37.26,126.46
2023-04-16 10:00:00,예천,419.62,5,5,47.828767610053895,36.65,128.46
2023-04-16 10:00:00,창원,389.47999999999996,5,5,47.19987050203385,35.21,128.58
2023-04-16 10:00:00,탑선,578.5,5,5,48.5632387596689,35.24,126.81
2023-04-16 11:00:00,경상대,441.81666666666666,6,6,36.75725598809831,35.18,128.1
2023-04-16 11:00:00,고흥만수상,704.9333333333334,6,6,36.94014558159111,34.57,127.3
2023-04-16 11:00:00,광양항세방,402.25,6,6,36.87022390785609,34.93,127.71
2023-04-16 11:00:00,구미,741.0666666666667,6,6,37.170007260349095,36.13,128.34
2023-04-16 11:00:00,삼천포,437.6833333333332,6,6,36.641961546768755,34.95,128.07
2023-04-16 11:00:00,여수,588.2666666666667,6,6,36.740321782617876,34.74,127.74
2023-04-16 11:00:00,영동,638.5500000000001,6,6,37.74147700379343,37.18,128.46
2023-04-16 11:00:00,영흥,454.81666666666666,6,6,39.05394767169443,37.26,126.46
2023-04-16 11:00:00,예천,706.1999999999999,6,6,37.41226827726012,36.65,128.46
2023-04-16 11:00:00,창원,613.6666666666667,6,6,36.45952391199697,35.21,128.58
2023-04-16 11:00:00,탑선,699.1166666666667,6,6,37.65128007346477,35.24,126.81
2023-04-16 12:00:00,경상대,799.2166666666667,6,6,28.40057661213683,35.18,128.1
2023-04-16 12:00:00,고흥만수상,799.9500000000002,6,6,28.23113058758819,34.57,127.3
2023-04-16 12:00:00,광양항세방,728.9499999999999,6,6,28.35383738799429,34.93,127.71
2023-04-16 12:00:00,구미,803.4500000000002,6,6,29.12248391674239,36.13,128.34
2023-04-16 12:00:00,삼천포,723.6333333333333,6,6,28.216307561731405,34.95,128.07
2023-04-16 12:00:00,여수,799.4999999999999,6,6,28.179646424991276,34.74,127.74
2023-04-16 12:00:00,영동,683.0333333333334,6,6,29.993407568680333,37.18,128.46
2023-04-16 12:00:00,영흥,437.0666666666666,6,6,30.865339535920363,37.26,126.46
2023-04-16 12:00:00,예천,686.7666666666668,6,6,29.528689720657425,36.65,128.46
2023-04-16 12:00:00,창원,790.9333333333334,6,6,28.227369353152305,35.21,128.58
2023-04-16 12:00:00,탑선,737.9166666666666,6,6,29.011846620418844,35.24,126.81
2023-04-16 13:00:00,경상대,736.9,6,6,25.183846111691153,35.18,128.1
2023-04-16 13:00:00,고흥만수상,889.0,6,6,24.56810328902222,34.57,127.3
2023-04-16 13:00:00,광양항세방,610.6,6,6,24.92841070375573,34.93,127.71
2023-04-16 13:00:00,구미,617.7333333333332,6,6,26.139172872250604,36.13,128.34
2023-04-16 13:00:00,삼천포,718.4333333333333,6,6,24.953306109676234,34.95,128.07
2023-04-16 13:00:00,여수,673.5833333333334,6,6,24.738656821931954,34.74,127.74
2023-04-16 13:00:00,영동,726.9500000000002,6,6,27.191944862995364,37.18,128.46
2023-04-16 13:00:00,영흥,689.4166666666666,6,6,27.27325803584244,37.26,126.46
2023-04-16 13:00:00,예천,657.6833333333333,6,6,26.662289510767884,36.65,128.46
2023-04-16 13:00:00,창원,696.2666666666668,6,6,25.227398264616397,35.21,128.58
2023-04-16 13:00:00,탑선,470.5833333333333,6,6,25.24501222354496,35.24,126.81
2023-04-16 14:00:00,경상대,404.8166666666666,6,6,28.91031136947381,35.18,128.1
2023-04-16 14:00:00,고흥만수상,449.38333333333327,6,6,28.041885077361407,34.57,127.3
2023-04-16 14:00:00,광양항세방,214.91666666666666,6,6,28.526681043323478,34.93,127.71
2023-04-16 14:00:00,구미,579.5666666666667,6,6,29.813199645346614,36.13,128.34
2023-04-16 14:00:00,삼천포,658.4833333333333,6,6,28.704678908297105,34.95,128.07
2023-04-16 14:00:00,여수,522.2,6,6,28.380569065043936,34.74,127.74
2023-04-16 14:00:00,영동,565.3833333333333,6,6,30.75142199997581,37.18,128.46
2023-04-16 14:00:00,영흥,753.4666666666667,6,6,30.019041611949525,37.26,126.46
2023-04-16 14:00:00,예천,612.5,6,6,30.303214514193847,36.65,128.46
2023-04-16 14:00:00,창원,184.98333333333332,6,6,29.15281251739703,35.21,128.58
2023-04-16 14:00:00,탑선,638.8333333333333,6,6,28.401873879108145,35.24,126.81
2023-04-16 15:00:00,경상대,304.59999999999997,6,6,37.53640776703797,35.18,128.1
2023-04-16 15:00:00,고흥만수상,731.3000000000001,6,6,36.6494656605198,34.57,127.3
2023-04-16 15:00:00,광양항세방,511.3,6,6,37.131609543275985,34.93,127.71
2023-04-16 15:00:00,구미,522.7,6,6,38.24044255905306,36.13,128.34
2023-04-16 15:00:00,삼천포,785.2666666666665,6,6,37.38595754568082,34.95,128.07
2023-04-16 15:00:00,여수,560.9666666666666,6,6,37.043817840632855,34.74,127.74
2023-04-16 15:00:00,영동,459.05,6,6,38.93230417713272,37.18,128.46
2023-04-16 15:00:00,영흥,692.0833333333334,6,6,37.717095543257386,37.26,126.46
2023-04-16 15:00:00,예천,470.15000000000003,6,6,38.62105579730039,36.65,128.46
2023-04-16 15:00:00,창원,308.98333333333335,6,6,37.87729924706703,35.21,128.58
2023-04-16 15:00:00,탑선,666.8333333333334,6,6,36.71188467692737,35.24,126.81
2023-04-16 16:00:00,경상대,270.15000000000003,6,6,48.444350711221475,35.18,128.1
2023-04-16 16:00:00,고흥만수상,638.8833333333333,6,6,47.6194013049368,34.57,127.3
2023-04-16 16:00:00,광양항세방,291.78333333333336,6,6,48.0590306634691,34.93,127.71
2023-04-16 16:00:00,구미,536.5666666666667,6,6,48.95467458231757,36.13,128.34
2023-04-16 16:00:00,삼천포,664.0999999999999,6,6,48.343439688853856,34.95,128.07
2023-04-16 16:00:00,여수,639.6,6,6,48.017597722621495,34.74,127.74
2023-04-16 16:00:00,영동,350.79999999999995,6,6,49.41777996337854,37.18,128.46
2023-04-16 16:00:00,영흥,580.15,6,6,47.97204411085398,37.26,126.46
2023-04-16 16:00:00,예천,469.76666666666665,6,6,49.2280671389848,36.65,128.46
2023-04-16 16:00:00,창원,265.45,6,6,48.8238222279993,35.21,128.58
2023-04-16 16:00:00,탑선,641.2333333333332,6,6,47.477482724930276,35.24,126.81
2023-04-16 17:00:00,경상대,309.81666666666666,6,6,60.30574603524535,35.18,128.1
2023-04-16 17:00:00,고흥만수상,424.98333333333335,6,6,59.56158654585589,34.57,127.3
2023-04-16 17:00:00,광양항세방,236.61666666666665,6,6,59.95121873170592,34.93,127.71
2023-04-16 17:00:00,구미,386.41666666666674,6,6,60.64946859278933,36.13,128.34
2023-04-16 17:00:00,삼천포,384.20000000000005,6,6,60.245844743699294,34.95,128.07
2023-04-16 17:00:00,여수,340.2833333333333,6,6,59.94576079576227,34.74,127.74
2023-04-16 17:00:00,영동,333.6,6,6,60.919385170857666,37.18,128.46
2023-04-16 17:00:00,영흥,468.51666666666665,6,6,59.368324563665865,37.26,126.46
2023-04-16 17:00:00,예천,323.2,6,6,60.830115801676186,36.65,128.46
2023-04-16 17:00:00,창원,265.8,6,6,60.697967524939365,35.21,128.58
2023-04-16 17:00:00,탑선,486.54999999999995,6,6,59.27573069290244,35.24,126.81
2023-04-16 18:00:00,경상대,221.9333333333333,6,6,72.51206917229477,35.18,128.1
2023-04-16 18:00:00,고흥만수상,313.7,6,6,71.85576666594048,34.57,127.3
2023-04-16 18:00:00,광양항세방,214.68333333333337,6,6,72.19308010985903,34.93,127.71
2023-04-16 18:00:00,구미,227.61666666666667,6,6,72.70617424037297,36.13,128.34
2023-04-16 18:00:00,삼천포,192.86666666666667,6,6,72.48816296302071,34.95,128.07
2023-04-16 18:00:00,여수,249.54999999999995,6,6,72.21779981027399,34.74,127.74
2023-04-16 18:00:00,영동,196.9,6,6,72.80521337525688,37.18,128.46
2023-04-16 18:00:00,영흥,284.55,6,6,71.21403655483277,37.26,126.46
2023-04-16 18:00:00,예천,262.41666666666663,6,6,72.80340077304409,36.65,128.46
2023-04-16 18:00:00,창원,211.2833333333333,6,6,72.90418317548885,35.21,128.58
2023-04-16 18:00:00,탑선,309.98333333333335,6,6,71.45834539050026,35.24,126.81
2023-04-16 19:00:00,경상대,180.0,1,6,84.71877861457725,35.18,128.1
2023-04-16 19:00:00,고흥만수상,203.4,1,6,84.1590767312481,34.57,127.3
2023-04-16 19:00:00,광양항세방,135.6,1,6,84.44016617095154,34.93,127.71
2023-04-16 19:00:00,구미,173.7,1,6,84.76853792175596,36.13,128.34
2023-04-16 19:00:00,삼천포,200.4,1,6,84.72903816810474,34.95,128.07
2023-04-16 19:00:00,여수,197.7,1,6,84.49246044729985,34.74,127.74
2023-04-16 19:00:00,영동,0.0,1,6,84.70538850556979,37.18,128.46
2023-04-16 19:00:00,영흥,158.3,2,6,83.11729437068031,37.26,126.46
2023-04-16 19:00:00,예천,150.8,1,6,84.78540651283481,36.65,128.46
2023-04-16 19:00:00,창원,183.2,1,6,85.10187597506739,35.21,128.58
2023-04-16 19:00:00,탑선,177.65,2,6,83.66711910777474,35.24,126.81
2023-04-16 20:00:00,경상대,,0,6,96.64911200307687,35.18,128.1
2023-04-16 20:00:00,고흥만수상,,0,6,96.20093248438927,34.57,127.3
2023-04-16 20:00:00,광양항세방,,0,6,96.4182048598322,34.93,127.71
2023-04-16 20:00:00,구미,,0,6,96.54974072830542,36.13,128.34
2023-04-16 20:00:00,삼천포,,0,6,96.69419738710303,34.95,128.07
2023-04-16 20:00:00,여수,,0,6,96.49758374795344,34.74,127.74
2023-04-16 20:00:00,영동,,0,6,96.32219745856156,37.18,128.46
2023-04-16 20:00:00,영흥,,0,6,94.77695865732198,37.26,126.46
2023-04-16 20:00:00,예천,,0,6,96.48392121578598,36.65,128.46
2023-04-16 20:00:00,창원,,0,6,97.01418096991296,35.21,128.58
2023-04-16 20:00:00,탑선,,0,6,95.62351763188516,35.24,126.81
2023-04-16 21:00:00,경상대,,0,6,107.98792915743789,35.18,128.1
2023-04-16 21:00:00,고흥만수상,,0,6,107.6755931728393,34.57,127.3
2023-04-16 21:00:00,광양항세방,,0,6,107.81624811414608,34.93,127.71
2023-04-16 21:00:00,구미,,0,6,107.72584094912428,36.13,128.34
2023-04-16 21:00:00,삼천포,,0,6,108.07052389335522,34.95,128.07
2023-04-16 21:00:00,여수,,0,6,107.92361336686241,34.74,127.74
2023-04-16 21:00:00,영동,,0,6,107.32317352222546,37.18,128.46
2023-04-16 21:00:00,영흥,,0,6,105.86984382685219,37.26,126.46
2023-04-16 21:00:00,예천,,0,6,107.57039879515993,36.65,128.46
2023-04-16 21:00:00,창원,,0,6,108.32297765632717,35.21,128.58
2023-04-16 21:00:00,탑선,,0,6,107.01880437349215,35.24,126.81
2023-04-16 22:00:00,경상대,,0,6,118.28606432399113,35.18,128.1
2023-04-16 22:00:00,고흥만수상,,0,6,118.14641539659083,34.57,127.3
2023-04-16 22:00:00,광양항세방,,0,6,118.1909993696502,34.93,127.71
2023-04-16 22:00:00,구미,,0,6,117.84133948828665,36.13,128.34
2023-04-16 22:00:00,삼천포,,0,6,118.41013941941809,34.95,128.07
2023-04-16 22:00:00,여수,,0,6,118.3276863290582,34.74,127.74
2023-04-16 22:00:00,영동,,0,6,117.24837931664143,37.18,128.46
2023-04-16 22:00:00,영흥,,0,6,115.9583918603833,37.26,126.46
2023-04-16 22:00:00,예천,,0,6,117.58631730856237,36.65,128.46
2023-04-16 22:00:00,창원,,0,6,118.57292859914006,35.21,128.58
2023-04-16 22:00:00,탑선,,0,6,117.41925984544696,35.24,126.81
2023-04-16 23:00:00,경상대,,0,6,126.84865156455429,35.18,128.1
2023-04-16 23:00:00,고흥만수상,,0,6,126.93066425995822,34.57,127.3
2023-04-16 23:00:00,광양항세방,,0,6,126.85367729212857,34.93,127.71
2023-04-16 23:00:00,구미,,0,6,126.20415619122481,36.13,128.34
2023-04-16 23:00:00,삼천포,,0,6,127.0171208745927,34.95,128.07
2023-04-16 23:00:00,여수,,0,6,127.01915670433235,34.74,127.74
2023-04-16 23:00:00,영동,,0,6,125.41280274516103,37.18,128.46
2023-04-16 23:00:00,영흥,,0,6,124.39317858359561,37.26,126.46
2023-04-16 23:00:00,예천,,0,6,125.84184525982573,36.65,128.46
2023-04-16 23:00:00,창원,,0,6,127.05974616026035,35.21,128.58
2023-04-16 23:00:00,탑선,,0,6,126.15586177971014,35.24,126.81
2023-04-17 00:00:00,경상대,,0,6,132.66588757717756,35.18,128.1
2023-04-17 00:00:00,고흥만수상,,0,6,133.0146920226801,34.57,127.3
2023-04-17 00:00:00,광양항세방,,0,6,132.79381271664897,34.93,127.71
2023-04-17 00:00:00,구미,,0,6,131.83191372067736,36.13,128.34
2023-04-17 00:00:00,삼천포,,0,6,132.87460029796065,34.95,128.07
2023-04-17 00:00:00,여수,,0,6,132.98079004734632,34.74,127.74
2023-04-17 00:00:00,영동,,0,6,130.86726456574831,37.18,128.46
2023-04-17 00:00:00,영흥,,0,6,130.2580397288571,37.26,126.46
2023-04-17 00:00:00,예천,,0,6,131.37009473201874,36.65,128.46
2023-04-17 00:00:00,창원,,0,6,132.7656867450147,35.21,128.58
2023-04-17 00:00:00,탑선,,0,6,132.24566070138422,35.24,126.81
2023-04-17 01:00:00,경상대,,0,6,134.63656006204798,35.18,128.1
2023-04-17 01:00:00,고흥만수상,,0,6,135.25042984839234,34.57,127.3
2023-04-17 01:00:00,광양항세방,,0,6,134.890022755153,34.93,127.71
2023-04-17 01:00:00,구미,,0,6,133.68317234390037,36.13,128.34
2023-04-17 01:00:00,삼천포,,0,6,134.8669014651563,34.95,128.07
2023-04-17 01:00:00,여수,,0,6,135.07985051070753,34.74,127.74
2023-04-17 01:00:00,영동,,0,6,132.63131868614533,37.18,128.46
2023-04-17 01:00:00,영흥,,0,6,132.551587307518,37.26,126.46
2023-04-17 01:00:00,예천,,0,6,133.1611557737817,36.65,128.46
2023-04-17 01:00:00,창원,,0,6,134.598176436157,35.21,128.58
2023-04-17 01:00:00,탑선,,0,6,134.57660932153235,35.24,126.81
2023-04-17 02:00:00,경상대,,0,6,132.2725439500808,35.18,128.1
2023-04-17 02:00:00,고흥만수상,,0,6,133.07451949507205,34.57,127.3
2023-04-17 02:00:00,광양항세방,,0,6,132.61967237994173,34.93,127.71
2023-04-17 02:00:00,구미,,0,6,131.31584985932022,36.13,128.34
2023-04-17 02:00:00,삼천포,,0,6,132.49601554573474,34.95,128.07
2023-04-17 02:00:00,여수,,0,6,132.78876182884738,34.74,127.74
2023-04-17 02:00:00,영동,,0,6,130.30079280020817,37.18,128.46
2023-04-17 02:00:00,영흥,,0,6,130.7594695923288,37.26,126.46
2023-04-17 02:00:00,예천,,0,6,130.79581193698237,36.65,128.46
2023-04-17 02:00:00,창원,,0,6,132.101962583457,35.21,128.58
2023-04-17 02:00:00,탑선,,0,6,132.58003457928686,35.24,126.81
2023-04-17 03:00:00,경상대,,0,6,126.15066278383331,35.18,128.1
2023-04-17 03:00:00,고흥만수상,,0,6,127.03572215559075,34.57,127.3
2023-04-17 03:00:00,광양항세방,,0,6,126.54466028780023,34.93,127.71
2023-04-17 03:00:00,구미,,0,6,125.28449333168284,36.13,128.34
2023-04-17 03:00:00,삼천포,,0,6,126.34604717460698,34.95,128.07
2023-04-17 03:00:00,여수,,0,6,126.67878918625162,34.74,127.74
2023-04-17 03:00:00,영동,,0,6,124.39860371425254,37.18,128.46
2023-04-17 03:00:00,영흥,,0,6,125.28976653432014,37.26,126.46
2023-04-17 03:00:00,예천,,0,6,124.8160819231721,36.65,128.46
2023-04-17 03:00:00,창원,,0,6,125.88221164914091,35.21,128.58
2023-04-17 03:00:00,탑선,,0,6,126.74807023242329,35.24,126.81
2023-04-17 04:00:00,경상대,,0,6,117.3870795362477,35.18,128.1
2023-04-17 04:00:00,고흥만수상,,0,6,118.27949570458834,34.57,127.3
2023-04-17 04:00:00,광양항세방,,0,6,117.79255349454024,34.93,127.71
2023-04-17 04:00:00,구미,,0,6,116.65224457818228,36.13,128.34
2023-04-17 04:00:00,삼천포,,0,6,117.54667961690795,34.95,128.07
2023-04-17 04:00:00,여수,,0,6,117.88937964314107,34.74,127.74
2023-04-17 04:00:00,영동,,0,6,115.93116360664482,37.18,128.46
2023-04-17 04:00:00,영흥,,0,6,117.11978189543699,37.26,126.46
2023-04-17 04:00:00,예천,,0,6,116.25717158203784,36.65,128.46
2023-04-17 04:00:00,창원,,0,6,117.0571705383694,35.21,128.58
2023-04-17 04:00:00,탑선,,0,6,118.17913874721756,35.24,126.81
2023-04-17 05:00:00,경상대,,0,6,106.96417591804911,35.18,128.1
2023-04-17 05:00:00,고흥만수상,,0,6,107.82346594222273,34.57,127.3
2023-04-17 05:00:00,광양항세방,,0,6,107.3612257703899,34.93,127.71
2023-04-17 05:00:00,구미,,0,6,106.36841751920325,36.13,128.34
2023-04-17 05:00:00,삼천포,,0,6,107.08787277371275,34.95,128.07
2023-04-17 05:00:00,여수,,0,6,107.42370675269387,34.74,127.74
2023-04-17 05:00:00,영동,,0,6,105.81470065568288,37.18,128.46
2023-04-17 05:00:00,영흥,,0,6,107.19385290883706,37.26,126.46
2023-04-17 05:00:00,예천,,0,6,106.05089460178073,36.65,128.46
2023-04-17 05:00:00,창원,,0,6,106.59871790632275,35.21,128.58
2023-04-17 05:00:00,탑선,,0,6,107.8787078597786,35.24,126.81
2023-04-17 06:00:00,경상대,,0,6,95.54875824945945,35.18,128.1
2023-04-17 06:00:00,고흥만수상,,0,6,96.3540865920415,34.57,127.3
2023-04-17 06:00:00,광양항세방,,0,6,95.92664317836378,34.93,127.71
2023-04-17 06:00:00,구미,,0,6,95.08949040639175,36.13,128.34
2023-04-17 06:00:00,삼천포,,0,6,95.63834656408032,34.95,128.07
2023-04-17 06:00:00,여수,,0,6,95.95827065318542,34.74,127.74
2023-04-17 06:00:00,영동,,0,6,94.69654945748202,37.18,128.46
2023-04-17 06:00:00,영흥,,0,6,96.19353679878498,37.26,126.46
2023-04-17 06:00:00,예천,,0,6,94.84819464158292,36.65,128.46
2023-04-17 06:00:00,창원,,0,6,95.16421603183134,35.21,128.58
2023-04-17 06:00:00,탑선,,0,6,96.53858695665356,35.24,126.81
2023-04-17 07:00:00,경상대,173.6,1,6,83.57206062981527,35.18,128.1
2023-04-17 07:00:00,고흥만수상,,0,6,84.3096329897198,34.57,127.3
2023-04-17 07:00:00,광양항세방,143.1,1,6,83.92361904580586,34.93,127.71
2023-04-17 07:00:00,구미,175.8,1,6,83.24786698352197,36.13,128.34
2023-04-17 07:00:00,삼천포,182.1,1,6,83.62866979811504,34.95,128.07
2023-04-17 07:00:00,여수,171.7,1,6,83.92667679126988,34.74,127.74
2023-04-17 07:00:00,영동,132.0,1,6,83.01163160993423,37.18,128.46
2023-04-17 07:00:00,영흥,,0,6,84.5765685318735,37.26,126.46
2023-04-17 07:00:00,예천,172.7,1,6,83.0821141333506,36.65,128.46
2023-04-17 07:00:00,창원,177.1,1,6,83.17941075598141,35.21,128.58
2023-04-17 07:00:00,탑선,,0,6,84.60593046373683,35.24,126.81
2023-04-17 08:00:00,경상대,302.18333333333334,6,6,71.3400159235238,35.18,128.1
2023-04-17 08:00:00,고흥만수상,289.45,6,6,71.99527548929879,34.57,127.3
2023-04-17 08:00:00,광양항세방,258.18333333333334,6,6,71.65806228746048,34.93,127.71
2023-04-17 08:00:00,구미,296.28333333333336,6,6,71.15599940758034,36.13,128.34
2023-04-17 08:00:00,삼천포,316.0833333333333,6,6,71.36303020018681,34.95,128.07
2023-04-17 08:00:00,여수,299.1666666666667,6,6,71.63310597862325,34.74,127.74
2023-04-17 08:00:00,영동,196.86666666666667,6,6,71.08008646291213,37.18,128.46
2023-04-17 08:00:00,영흥,209.95000000000002,6,6,72.6736064924141,37.26,126.46
2023-04-17 08:00:00,예천,289.5333333333333,6,6,71.06866310662318,36.65,128.46
2023-04-17 08:00:00,창원,304.7166666666667,6,6,70.94807823111853,35.21,128.58
2023-04-17 08:00:00,탑선,241.9333333333333,6,6,72.39408119003352,35.24,126.81
2023-04-17 09:00:00,경상대,504.3666666666666,6,6,59.12733905224947,35.18,128.1
2023-04-17 09:00:00,고흥만수상,494.95,6,6,59.67830315785754,34.57,127.3
2023-04-17 09:00:00,광양항세방,443.8333333333333,6,6,59.401538408538755,34.93,127.71
2023-04-17 09:00:00,구미,487.9166666666667,6,6,59.09940684229706,36.13,128.34
2023-04-17 09:00:00,삼천포,530.2166666666667,6,6,59.11354614445664,34.95,128.07
2023-04-17 09:00:00,여수,501.93333333333334,6,6,59.347036446640686,34.74,127.74
2023-04-17 09:00:00,영동,307.8833333333334,6,6,59.19901962055235,37.18,128.46
2023-04-17 09:00:00,영흥,383.05,6,6,60.78014362786974,37.26,126.46
2023-04-17 09:00:00,예천,479.76666666666665,6,6,59.099221614261275,36.65,128.46
2023-04-17 09:00:00,창원,506.6833333333334,6,6,58.74583559826744,35.21,128.58
2023-04-17 09:00:00,탑선,372.9833333333333,6,6,60.17740238867887,35.24,126.81
2023-04-17 10:00:00,경상대,663.9599999999999,5,5,47.28621746403662,35.18,128.1
2023-04-17 10:00:00,고흥만수상,662.48,5,5,47.69356416712832,34.57,127.3
2023-04-17 10:00:00,광양항세방,597.24,5,5,47.49843112627376,34.93,127.71
2023-04-17 10:00:00,구미,611.6,5,5,47.44731934351773,36.13,128.34
2023-04-17 10:00:00,삼천포,697.78,5,5,47.22851409773581,34.95,128.07
2023-04-17 10:00:00,여수,664.9800000000001,5,5,47.41018637788581,34.74,127.74
2023-04-17 10:00:00,영동,570.1,5,5,47.75438601959195,37.18,128.46
2023-04-17 10:00:00,영흥,541.86,5,5,49.26259385582516,37.26,126.46
2023-04-17 10:00:00,예천,622.74,5,5,47.55205597937536,36.65,128.46
2023-04-17 10:00:00,창원,668.96,5,5,46.930369320325795,35.21,128.58
2023-04-17 10:00:00,탑선,632.1,5,5,48.29644000116456,35.24,126.81
2023-04-17 11:00:00,경상대,796.2000000000002,6,6,36.455843130672704,35.18,128.1
2023-04-17 11:00:00,고흥만수상,800.9166666666666,6,6,36.64384029591676,34.57,127.3
2023-04-17 11:00:00,광양항세방,731.5666666666667,6,6,36.571055856849846,34.93,127.71
2023-04-17 11:00:00,구미,765.2833333333334,6,6,36.86368539891409,36.13,128.34
2023-04-17 11:00:00,삼천포,837.9833333333335,6,6,36.34170569899253,34.95,128.07
2023-04-17 11:00:00,여수,800.6666666666666,6,6,36.441978082646706,34.74,127.74
2023-04-17 11:00:00,영동,781.3333333333334,6,6,37.430452607664165,37.18,128.46
2023-04-17 11:00:00,영흥,646.4666666666667,6,6,38.74760349960886,37.26,126.46
2023-04-17 11:00:00,예천,735.8666666666667,6,6,37.10341770992314,36.65,128.46
2023-04-17 11:00:00,창원,798.6333333333333,6,6,36.15664666788377,35.21,128.58
2023-04-17 11:00:00,탑선,765.65,6,6,37.35307434616453,35.24,126.81
2023-04-17 12:00:00,경상대,865.0666666666666,6,6,28.055520980983985,35.18,128.1
2023-04-17 12:00:00,고흥만수상,876.3499999999999,6,6,27.889510731561842,34.57,127.3
2023-04-17 12:00:00,광양항세방,805.9166666666666,6,6,28.010306019794335,34.93,127.71
2023-04-17 12:00:00,구미,829.5666666666666,6,6,28.775160893163978,36.13,128.34
2023-04-17 12:00:00,삼천포,922.6666666666666,6,6,27.871774761000268,34.95,128.07
2023-04-17 12:00:00,여수,870.35,6,6,27.83642840514984,34.74,127.74
2023-04-17 12:00:00,영동,846.1999999999999,6,6,29.644219369577243,37.18,128.46
2023-04-17 12:00:00,영흥,679.3166666666667,6,6,30.52041863774884,37.26,126.46
2023-04-17 12:00:00,예천,787.0833333333334,6,6,29.18027741509202,36.65,128.46
2023-04-17 12:00:00,창원,863.7833333333333,6,6,27.881038645918508,35.21,128.58
2023-04-17 12:00:00,탑선,837.6833333333333,6,6,28.670098105839713,35.24,126.81
2023-04-17 13:00:00,경상대,885.6333333333333,6,6,24.83072769093576,35.18,128.1
2023-04-17 13:00:00,고흥만수상,901.8833333333333,6,6,24.213342894078764,34.57,127.3
2023-04-17 13:00:00,광양항세방,832.8833333333333,6,6,24.574470660549693,34.93,127.71
2023-04-17 13:00:00,구미,847.6999999999999,6,6,25.786501722662564,36.13,128.34
2023-04-17 13:00:00,삼천포,937.7833333333333,6,6,24.600137390469683,34.95,128.07
2023-04-17 13:00:00,여수,892.85,6,6,24.384784842945805,34.74,127.74
2023-04-17 13:00:00,영동,819.25,6,6,26.839428112871637,37.18,128.46
2023-04-17 13:00:00,영흥,778.0833333333334,6,6,26.917219690634703,37.26,126.46
2023-04-17 13:00:00,예천,795.9499999999999,6,6,26.30982684451199,36.65,128.46
2023-04-17 13:00:00,창원,887.0333333333333,6,6,24.8753781069543,35.21,128.58
2023-04-17 13:00:00,탑선,863.0833333333334,6,6,24.889391597773425,35.24,126.81
2023-04-17 14:00:00,경상대,867.25,6,6,28.62167747990179,35.18,128.1
2023-04-17 14:00:00,고흥만수상,886.6833333333334,6,6,27.751553878911544,34.57,127.3
2023-04-17 14:00:00,광양항세방,811.0833333333334,6,6,28.237038673502944,34.93,127.71
2023-04-17 14:00:00,구미,824.3333333333334,6,6,29.521860828519948,36.13,128.34
2023-04-17 14:00:00,삼천포,911.8833333333333,6,6,28.416876073221765,34.95,128.07
2023-04-17 14:00:00,여수,877.2333333333335,6,6,28.091901445010585,34.74,127.74
2023-04-17 14:00:00,영동,521.6166666666667,6,6,30.456591204190495,37.18,128.46
2023-04-17 14:00:00,영흥,734.0166666666668,6,6,29.71453096350198,37.26,126.46
2023-04-17 14:00:00,예천,739.25,6,6,30.01040843216478,36.65,128.46
2023-04-17 14:00:00,창원,871.7999999999998,6,6,28.866577989351114,35.21,128.58
2023-04-17 14:00:00,탑선,850.85,6,6,28.106199821994082,35.24,126.81
2023-04-17 15:00:00,경상대,800.6,6,6,37.317914289417644,35.18,128.1
2023-04-17 15:00:00,고흥만수상,823.8333333333334,6,6,36.432056240785215,34.57,127.3
2023-04-17 15:00:00,광양항세방,737.6833333333334,6,6,36.913326225775904,34.93,127.71
2023-04-17 15:00:00,구미,765.6666666666666,6,6,38.01655647032255,36.13,128.34
2023-04-17 15:00:00,삼천포,833.6833333333333,6,6,37.1689106808424,34.95,128.07
2023-04-17 15:00:00,여수,815.3333333333334,6,6,36.82694753835959,34.74,127.74
2023-04-17 15:00:00,영동,387.6333333333334,6,6,38.70219329833545,37.18,128.46
2023-04-17 15:00:00,영흥,651.3333333333335,6,6,37.47909463373221,37.26,126.46
2023-04-17 15:00:00,예천,665.7166666666666,6,6,38.394270820654654,36.65,128.46
2023-04-17 15:00:00,창원,806.7166666666667,6,6,37.660397016732276,35.21,128.58
2023-04-17 15:00:00,탑선,793.6333333333333,6,6,36.488017259244316,35.24,126.81
2023-04-17 16:00:00,경상대,679.7833333333333,6,6,48.26857053592215,35.18,128.1
2023-04-17 16:00:00,고흥만수상,705.4333333333333,6,6,47.44622048669321,34.57,127.3
2023-04-17 16:00:00,광양항세방,624.5333333333333,6,6,47.8841869953371,34.93,127.71
2023-04-17 16:00:00,구미,644.0833333333334,6,6,48.772914427932335,36.13,128.34
2023-04-17 16:00:00,삼천포,703.4333333333333,6,6,48.16918553997699,34.95,128.07
2023-04-17 16:00:00,여수,692.9333333333333,6,6,47.84413396698628,34.74,127.74
2023-04-17 16:00:00,영동,262.18333333333334,6,6,49.229286949673345,37.18,128.46
2023-04-17 16:00:00,영흥,591.0999999999999,6,6,47.77883129739187,37.26,126.46
2023-04-17 16:00:00,예천,569.5666666666667,6,6,49.04307193353742,36.65,128.46
2023-04-17 16:00:00,창원,678.9,6,6,48.64878829715557,35.21,128.58
2023-04-17 16:00:00,탑선,678.9000000000001,6,6,47.29861766743643,35.24,126.81
2023-04-17 17:00:00,경상대,510.26666666666665,6,6,60.150560989100455,35.18,128.1
2023-04-17 17:00:00,고흥만수상,528.2333333333333,6,6,59.40968157497622,34.57,127.3
2023-04-17 17:00:00,광양항세방,464.7,6,6,59.797324045637566,34.93,127.71
2023-04-17 17:00:00,구미,476.9333333333334,6,6,60.4884177416184,36.13,128.34
2023-04-17 17:00:00,삼천포,524.9000000000001,6,6,60.09211519188976,34.95,128.07
2023-04-17 17:00:00,여수,525.6333333333333,6,6,59.79311907233838,34.74,127.74
2023-04-17 17:00:00,영동,311.98333333333335,6,6,60.75182718171691,37.18,128.46
2023-04-17 17:00:00,영흥,445.7833333333333,6,6,59.19843791852077,37.26,126.46
2023-04-17 17:00:00,예천,464.11666666666673,6,6,60.6658805618087,36.65,128.46
2023-04-17 17:00:00,창원,509.9666666666667,6,6,60.54297227864754,35.21,128.58
2023-04-17 17:00:00,탑선,514.4666666666666,6,6,59.11905657650559,35.24,126.81
2023-04-17 18:00:00,경상대,309.2333333333333,6,6,72.36251466849426,35.18,128.1
2023-04-17 18:00:00,고흥만수상,319.93333333333334,6,6,71.7098778773376,34.57,127.3
2023-04-17 18:00:00,광양항세방,275.1333333333334,6,6,72.0450271518427,34.93,127.71
2023-04-17 18:00:00,구미,288.81666666666666,6,6,72.55097552521912,36.13,128.34
2023-04-17 18:00:00,삼천포,314.34999999999997,6,6,72.33998236987479,34.95,128.07
2023-04-17 18:00:00,여수,317.9833333333333,6,6,72.07088466999674,34.74,127.74
2023-04-17 18:00:00,영동,290.7,6,6,72.64384057927944,37.18,128.46
2023-04-17 18:00:00,영흥,214.93333333333337,6,6,71.0520743543437,37.26,126.46
2023-04-17 18:00:00,예천,291.0833333333333,6,6,72.64513623193481,36.65,128.46
2023-04-17 18:00:00,창원,308.7333333333333,6,6,72.7544321587466,35.21,128.58
2023-04-17 18:00:00,탑선,316.9833333333333,6,6,71.30842353181811,35.24,126.81
2023-04-17 19:00:00,경상대,187.9,1,6,84.56364440662792,35.18,128.1
2023-04-17 19:00:00,고흥만수상,178.7,2,6,84.00792685907162,34.57,127.3
2023-04-17 19:00:00,광양항세방,162.4,1,6,84.2867070552166,34.93,127.71
2023-04-17 19:00:00,구미,191.2,1,6,84.60794170067663,36.13,128.34
2023-04-17 19:00:00,삼천포,191.0,1,6,84.57521348358001,34.95,128.07
2023-04-17 19:00:00,여수,193.3,1,6,84.34004794813549,34.74,127.74
2023-04-17 19:00:00,영동,193.5,1,6,84.53891093616475,37.18,128.46
2023-04-17 19:00:00,영흥,141.4,2,6,82.95164482215398,37.26,126.46
2023-04-17 19:00:00,예천,177.3,1,6,84.62184885064387,36.65,128.46
2023-04-17 19:00:00,창원,192.2,1,6,84.94622957330289,35.21,128.58
2023-04-17 19:00:00,탑선,182.75,2,6,83.51252424678033,35.24,126.81
2023-04-17 20:00:00,경상대,,0,6,96.47849452879949,35.18,128.1
2023-04-17 20:00:00,고흥만수상,,0,6,96.0346287670555,34.57,127.3
2023-04-17 20:00:00,광양항세방,,0,6,96.24943774119137,34.93,127.71
2023-04-17 20:00:00,구미,,0,6,96.37381214539663,36.13,128.34
2023-04-17 20:00:00,삼천포,,0,6,96.52483595510134,34.95,128.07
2023-04-17 20:00:00,여수,,0,6,96.3297837192723,34.74,127.74
2023-04-17 20:00:00,영동,,0,6,96.14066002873328,37.18,128.46
2023-04-17 20:00:00,영흥,,0,6,94.59757974743766,37.26,126.46
2023-04-17 20:00:00,예천,,0,6,96.30512521970012,36.65,128.46
2023-04-17 20:00:00,창원,,0,6,96.84274716489537,35.21,128.58
2023-04-17 20:00:00,탑선,,0,6,95.45430066891333,35.24,126.81
2023-04-17 21:00:00,경상대,,0,6,107.79177201069935,35.18,128.1
2023-04-17 21:00:00,고흥만수상,,0,6,107.48407360955795,34.57,127.3
2023-04-17 21:00:00,광양항세방,,0,6,107.62211518779738,34.93,127.71
2023-04-17 21:00:00,구미,,0,6,107.52459069993998,36.13,128.34
2023-04-17 21:00:00,삼천포,,0,6,107.87555430740932,34.95,128.07
2023-04-17 21:00:00,여수,,0,6,107.73035464530861,34.74,127.74
2023-04-17 21:00:00,영동,,0,6,107.11668202208503,37.18,128.46
2023-04-17 21:00:00,영흥,,0,6,105.66688172166886,37.26,126.46
2023-04-17 21:00:00,예천,,0,6,107.3664188440681,36.65,128.46
2023-04-17 21:00:00,창원,,0,6,108.1256832304938,35.21,128.58
2023-04-17 21:00:00,탑선,,0,6,106.8249611913951,35.24,126.81
2023-04-17 22:00:00,경상대,,0,6,118.05375674437532,35.18,128.1
2023-04-17 22:00:00,고흥만수상,,0,6,117.9189137790307,34.57,127.3
2023-04-17 22:00:00,광양항세방,,0,6,117.96082444133718,34.93,127.71
2023-04-17 22:00:00,구미,,0,6,117.60443538034563,36.13,128.34
2023-04-17 22:00:00,삼천포,,0,6,118.1788848219117,34.95,128.07
2023-04-17 22:00:00,여수,,0,6,118.09823859328168,34.74,127.74
2023-04-17 22:00:00,영동,,0,6,117.0069182282284,37.18,128.46
2023-04-17 22:00:00,영흥,,0,6,115.72181795728861,37.26,126.46
2023-04-17 22:00:00,예천,,0,6,117.34697818548868,36.65,128.46
2023-04-17 22:00:00,창원,,0,6,118.33916696838631,35.21,128.58
2023-04-17 22:00:00,탑선,,0,6,117.19021680414167,35.24,126.81
2023-04-17 23:00:00,경상대,,0,6,126.57097816121808,35.18,128.1
2023-04-17 23:00:00,고흥만수상,,0,6,126.65742798966542,34.57,127.3
2023-04-17 23:00:00,광양항세방,,0,6,126.57800667945676,34.93,127.71
2023-04-17 23:00:00,구미,,0,6,125.92297919659134,36.13,128.34
2023-04-17 23:00:00,삼천포,,0,6,126.74022661434749,34.95,128.07
2023-04-17 23:00:00,여수,,0,6,126.74396469574587,34.74,127.74
2023-04-17 23:00:00,영동,,0,6,125.12835350841522,37.18,128.46
2023-04-17 23:00:00,영흥,,0,6,124.11449032070819,37.26,126.46
2023-04-17 23:00:00,예천,,0,6,125.55884535283072,36.65,128.46
2023-04-17 23:00:00,창원,,0,6,126.78044442003801,35.21,128.58
2023-04-17 23:00:00,탑선,,0,6,125.88213399308478,35.24,126.81
2023-04-18 00:00:00,경상대,,0,6,132.3418651694277,35.18,128.1
2023-04-18 00:00:00,고흥만수상,,0,6,132.69369731492898,34.57,127.3
2023-04-18 00:00:00,광양항세방,,0,6,132.47118419714997,34.93,127.71
2023-04-18 00:00:00,구미,,0,6,131.5061550115723,36.13,128.34
2023-04-18 00:00:00,삼천포,,0,6,132.55093559158752,34.95,128.07
2023-04-18 00:00:00,여수,,0,6,132.6583136653992,34.74,127.74
2023-04-18 00:00:00,영동,,0,6,130.5400689709251,37.18,128.46
2023-04-18 00:00:00,영흥,,0,6,129.93591370164518,37.26,126.46
2023-04-18 00:00:00,예천,,0,6,131.04345809173407,36.65,128.46
2023-04-18 00:00:00,창원,,0,6,132.44031124707283,35.21,128.58
2023-04-18 00:00:00,탑선,,0,6,131.9251867293693,35.24,126.81
2023-04-18 01:00:00,경상대,,0,6,134.28279803486114,35.18,128.1
2023-04-18 01:00:00,고흥만수상,,0,6,134.89754612822782,34.57,127.3
2023-04-18 01:00:00,광양항세방,,0,6,134.53667401319464,34.93,127.71
2023-04-18 01:00:00,구미,,0,6,133.3291904621239,36.13,128.34
2023-04-18 01:00:00,삼천포,,0,6,134.51316611299043,34.95,128.07
2023-04-18 01:00:00,여수,,0,6,134.72646690174835,34.74,127.74
2023-04-18 01:00:00,영동,,0,6,132.27725025507434,37.18,128.46
2023-04-18 01:00:00,영흥,,0,6,132.19964464058614,37.26,126.46
2023-04-18 01:00:00,예천,,0,6,132.807072294499,36.65,128.46
2023-04-18 01:00:00,창원,,0,6,134.2439335926683,35.21,128.58
2023-04-18 01:00:00,탑선,,0,6,134.2243023975286,35.24,126.81
2023-04-18 02:00:00,경상대,,0,6,131.91877085625674,35.18,128.1
2023-04-18 02:00:00,고흥만수상,,0,6,132.72027974396266,34.57,127.3
2023-04-18 02:00:00,광양항세방,,0,6,132.26565148841007,34.93,127.71
2023-04-18 02:00:00,구미,,0,6,130.96189069324203,36.13,128.34
2023-04-18 02:00:00,삼천포,,0,6,132.14231435169108,34.95,128.07
2023-04-18 02:00:00,여수,,0,6,132.43484666292093,34.74,127.74
2023-04-18 02:00:00,영동,,0,6,129.94651582592383,37.18,128.46
2023-04-18 02:00:00,영흥,,0,6,130.40375342410698,37.26,126.46
2023-04-18 02:00:00,예천,,0,6,130.44174344688304,36.65,128.46
2023-04-18 02:00:00,창원,,0,6,131.74862629640015,35.21,128.58
2023-04-18 02:00:00,탑선,,0,6,132.22514798517162,35.24,126.81
2023-04-18 03:00:00,경상대,,0,6,125.81917985474513,35.18,128.1
2023-04-18 03:00:00,고흥만수상,,0,6,126.70383359090219,34.57,127.3
2023-04-18 03:00:00,광양항세방,,0,6,126.21290024088628,34.93,127.71
2023-04-18 03:00:00,구미,,0,6,124.95178045108796,36.13,128.34
2023-04-18 03:00:00,삼천포,,0,6,126.0149211650484,34.95,128.07
2023-04-18 03:00:00,여수,,0,6,126.34742381345768,34.74,127.74
2023-04-18 03:00:00,영동,,0,6,124.06433785191822,37.18,128.46
2023-04-18 03:00:00,영흥,,0,6,124.95208799754252,37.26,126.46
2023-04-18 03:00:00,예천,,0,6,124.48269467810668,36.65,128.46
2023-04-18 03:00:00,창원,,0,6,125.55156184617329,35.21,128.58
2023-04-18 03:00:00,탑선,,0,6,126.41413114423142,35.24,126.81
2023-04-18 04:00:00,경상대,,0,6,117.08425701799877,35.18,128.1
2023-04-18 04:00:00,고흥만수상,,0,6,117.97696629820997,34.57,127.3
2023-04-18 04:00:00,광양항세방,,0,6,117.4897382799644,34.93,127.71
2023-04-18 04:00:00,구미,,0,6,116.34710490493347,36.13,128.34
2023-04-18 04:00:00,삼천포,,0,6,117.2444805308112,34.95,128.07
2023-04-18 04:00:00,여수,,0,6,117.58718256575125,34.74,127.74
2023-04-18 04:00:00,영동,,0,6,115.6232860870452,37.18,128.46
2023-04-18 04:00:00,영흥,,0,6,116.80821443536796,37.26,126.46
2023-04-18 04:00:00,예천,,0,6,115.95077066818271,36.65,128.46
2023-04-18 04:00:00,창원,,0,6,116.75514840560987,35.21,128.58
2023-04-18 04:00:00,탑선,,0,6,117.87373572908344,35.24,126.81
2023-04-18 05:00:00,경상대,,0,6,106.68680138456048,35.18,128.1
2023-04-18 05:00:00,고흥만수상,,0,6,107.54713034479222,34.57,127.3
2023-04-18 05:00:00,광양항세방,,0,6,107.08418593953925,34.93,127.71
2023-04-18 05:00:00,구미,,0,6,106.08794260169014,36.13,128.34
2023-04-18 05:00:00,삼천포,,0,6,106.81130047922912,34.95,128.07
2023-04-18 05:00:00,여수,,0,6,107.14741344554812,34.74,127.74
2023-04-18 05:00:00,영동,,0,6,105.53066854188793,37.18,128.46
2023-04-18 05:00:00,영흥,,0,6,106.9066907818277,37.26,126.46
2023-04-18 05:00:00,예천,,0,6,105.76873303412525,36.65,128.46
2023-04-18 05:00:00,창원,,0,6,106.32194366313254,35.21,128.58
2023-04-18 05:00:00,탑선,,0,6,107.59917176357335,35.24,126.81
2023-04-18 06:00:00,경상대,,0,6,95.29037099115745,35.18,128.1
2023-04-18 06:00:00,고흥만수상,,0,6,96.09739481552823,34.57,127.3
2023-04-18 06:00:00,광양항세방,,0,6,95.66888831888265,34.93,127.71
2023-04-18 06:00:00,구미,,0,6,94.82745040856346,36.13,128.34
2023-04-18 06:00:00,삼천포,,0,6,95.38088093083056,34.95,128.07
2023-04-18 06:00:00,여수,,0,6,95.70133537023385,34.74,127.74
2023-04-18 06:00:00,영동,,0,6,94.43039869056845,37.18,128.46
2023-04-18 06:00:00,영흥,,0,6,95.92509572960734,37.26,126.46
2023-04-18 06:00:00,예천,,0,6,94.58416789772441,36.65,128.46
2023-04-18 06:00:00,창원,,0,6,94.90619074082394,35.21,128.58
2023-04-18 06:00:00,탑선,,0,6,96.27861037870237,35.24,126.81
2023-04-18 07:00:00,경상대,101.7,1,6,83.32544306709588,35.18,128.1
2023-04-18 07:00:00,고흥만수상,152.6,1,6,84.0653206727263,34.57,127.3
2023-04-18 07:00:00,광양항세방,148.2,1,6,83.67791448383717,34.93,127.71
2023-04-18 07:00:00,구미,122.7,1,6,82.99714288064857,36.13,128.34
2023-04-18 07:00:00,삼천포,78.0,1,6,83.3830694353388,34.95,128.07
2023-04-18 07:00:00,여수,121.0,1,6,83.6818436699922,34.74,127.74
2023-04-18 07:00:00,영동,0.0,1,6,82.75636388611046,37.18,128.46
2023-04-18 07:00:00,영흥,,0,6,84.31994921800157,37.26,126.46
2023-04-18 07:00:00,예천,118.3,1,6,82.8291596289378,36.65,128.46
2023-04-18 07:00:00,창원,139.0,1,6,82.93290727544338,35.21,128.58
2023-04-18 07:00:00,탑선,,0,6,84.35833798066989,35.24,126.81
2023-04-18 08:00:00,경상대,164.0,6,6,71.09743975414412,35.18,128.1
2023-04-18 08:00:00,고흥만수상,163.03333333333333,6,6,71.75564727380925,34.57,127.3
2023-04-18 08:00:00,광양항세방,145.79999999999998,6,6,71.41669643830308,34.93,127.71
2023-04-18 08:00:00,구미,168.76666666666665,6,6,70.90887045954845,36.13,128.34
2023-04-18 08:00:00,삼천포,174.36666666666665,6,6,71.12156532658939,34.95,128.07
2023-04-18 08:00:00,여수,143.5666666666667,6,6,71.39265981388483,34.74,127.74
2023-04-18 08:00:00,영동,91.75,6,6,70.82801237105056,37.18,128.46
2023-04-18 08:00:00,영흥,126.53333333333335,6,6,72.42123900168367,37.26,126.46
2023-04-18 08:00:00,예천,92.01666666666667,6,6,70.81907004540406,36.65,128.46
2023-04-18 08:00:00,창원,176.16666666666666,6,6,70.70534282255113,35.21,128.58
2023-04-18 08:00:00,탑선,127.33333333333333,6,6,72.15121096591913,35.24,126.81
2023-04-18 09:00:00,경상대,197.04999999999998,6,6,58.87974137665282,35.18,128.1
2023-04-18 09:00:00,고흥만수상,242.75,6,6,59.434403864566434,34.57,127.3
2023-04-18 09:00:00,광양항세방,165.35,6,6,59.155499837189446,34.93,127.71
2023-04-18 09:00:00,구미,110.55,6,6,58.846793328878945,36.13,128.34
2023-04-18 09:00:00,삼천포,177.78333333333333,6,6,58.86715761638271,34.95,128.07
2023-04-18 09:00:00,여수,220.41666666666666,6,6,59.101962896500964,34.74,127.74
2023-04-18 09:00:00,영동,183.6833333333333,6,6,58.94108612450991,37.18,128.46
2023-04-18 09:00:00,영흥,162.93333333333337,6,6,60.5232226874939,37.26,126.46
2023-04-18 09:00:00,예천,188.58333333333334,6,6,58.84391225886101,36.65,128.46
2023-04-18 09:00:00,창원,284.70000000000005,6,6,58.49774083728231,35.21,128.58
2023-04-18 09:00:00,탑선,177.3833333333333,6,6,59.93035772323755,35.24,126.81
2023-04-18 10:00:00,경상대,208.67999999999998,5,5,47.02169870744781,35.18,128.1
2023-04-18 10:00:00,고흥만수상,409.86,5,5,47.43360936549325,34.57,127.3
2023-04-18 10:00:00,광양항세방,146.3,5,5,47.23587937190915,34.93,127.71
2023-04-18 10:00:00,구미,209.18,5,5,47.17743547803213,36.13,128.34
2023-04-18 10:00:00,삼천포,170.74,5,5,46.96527440831092,34.95,128.07
2023-04-18 10:00:00,여수,234.64000000000001,5,5,47.14861135047911,34.74,127.74
2023-04-18 10:00:00,영동,180.14000000000004,5,5,47.47901286584011,37.18,128.46
2023-04-18 10:00:00,영흥,188.76000000000002,5,5,48.989956329753696,37.26,126.46
2023-04-18 10:00:00,예천,204.97999999999996,5,5,47.27932766830979,36.65,128.46
2023-04-18 10:00:00,창원,250.66,5,5,46.664901642400096,35.21,128.58
2023-04-18 10:00:00,탑선,209.24,5,5,48.03364136462777,35.24,126.81
2023-04-18 11:00:00,경상대,225.5333333333333,6,6,36.15857947320512,35.18,128.1
2023-04-18 11:00:00,고흥만수상,251.23333333333335,6,6,36.35173233577521,34.57,127.3
2023-04-18 11:00:00,광양항세방,115.75,6,6,36.27605748999913,34.93,127.71
2023-04-18 11:00:00,구미,75.33333333333333,6,6,36.56144491706403,36.13,128.34
2023-04-18 11:00:00,삼천포,176.00000000000003,6,6,36.04561560423475,34.95,128.07
2023-04-18 11:00:00,여수,266.01666666666665,6,6,36.14781735967166,34.74,127.74
2023-04-18 11:00:00,영동,230.5,6,6,37.12343940809477,37.18,128.46
2023-04-18 11:00:00,영흥,228.53333333333333,6,6,38.44528602198589,37.26,126.46
2023-04-18 11:00:00,예천,149.36666666666667,6,6,36.79861256936404,36.65,128.46
2023-04-18 11:00:00,창원,185.35,6,6,35.857912198123636,35.21,128.58
2023-04-18 11:00:00,탑선,162.55,6,6,37.05902183778991,35.24,126.81
2023-04-18 12:00:00,경상대,236.31666666666663,6,6,27.7140847589108,35.18,128.1
2023-04-18 12:00:00,고흥만수상,217.86666666666665,6,6,27.551600481467645,34.57,127.3
2023-04-18 12:00:00,광양항세방,229.51666666666668,6,6,27.67043415961504,34.93,127.71
2023-04-18 12:00:00,구미,358.11666666666673,6,6,28.431387971388858,36.13,128.34
2023-04-18 12:00:00,삼천포,252.41666666666663,6,6,27.530877716623017,34.95,128.07
2023-04-18 12:00:00,여수,315.06666666666666,6,6,27.496880656737112,34.74,127.74
2023-04-18 12:00:00,영동,159.38333333333333,6,6,29.29852175940406,37.18,128.46
2023-04-18 12:00:00,영흥,198.29999999999998,6,6,30.17908816813607,37.26,126.46
2023-04-18 12:00:00,예천,184.53333333333333,6,6,28.83538138290875,36.65,128.46
2023-04-18 12:00:00,창원,164.71666666666667,6,6,27.538295724416578,35.21,128.58
2023-04-18 12:00:00,탑선,168.26666666666665,6,6,28.33204268664072,35.24,126.81
2023-04-18 13:00:00,경상대,209.5,6,6,24.48055221906378,35.18,128.1
2023-04-18 13:00:00,고흥만수상,185.55000000000004,6,6,23.8615330492389,34.57,127.3
2023-04-18 13:00:00,광양항세방,117.2,6,6,24.22347665466222,34.93,127.71
2023-04-18 13:00:00,구미,438.8333333333333,6,6,25.436765997101375,36.13,128.34
2023-04-18 13:00:00,삼천포,184.23333333333335,6,6,24.249913349364306,34.95,128.07
2023-04-18 13:00:00,여수,120.71666666666668,6,6,24.033859987846142,34.74,127.74
2023-04-18 13:00:00,영동,191.26666666666665,6,6,26.489839030640844,37.18,128.46
2023-04-18 13:00:00,영흥,251.25,6,6,26.564129586385654,37.26,126.46
2023-04-18 13:00:00,예천,217.08333333333334,6,6,25.960295461930826,36.65,128.46
2023-04-18 13:00:00,창원,258.3833333333334,6,6,24.52630018024489,35.21,128.58
2023-04-18 13:00:00,탑선,201.3333333333333,6,6,24.536722810244356,35.24,126.81
2023-04-18 14:00:00,경상대,233.53333333333333,6,6,28.33620844717793,35.18,128.1
2023-04-18 14:00:00,고흥만수상,144.5666666666667,6,6,27.464431827634243,34.57,127.3
2023-04-18 14:00:00,광양항세방,111.28333333333335,6,6,27.950579269226985,34.93,127.71
2023-04-18 14:00:00,구미,413.6166666666666,6,6,29.2336221438932,36.13,128.34
2023-04-18 14:00:00,삼천포,226.41666666666666,6,6,28.132254866924505,34.95,128.07
2023-04-18 14:00:00,여수,44.61666666666667,6,6,27.806431041022677,34.74,127.74
2023-04-18 14:00:00,영동,144.51666666666668,6,6,30.164797352673432,37.18,128.46
2023-04-18 14:00:00,영흥,383.0833333333333,6,6,29.413052868691985,37.26,126.46
2023-04-18 14:00:00,예천,247.73333333333335,6,6,29.72067000493343,36.65,128.46
2023-04-18 14:00:00,창원,216.4333333333333,6,6,28.583505277436473,35.21,128.58
2023-04-18 14:00:00,탑선,169.2,6,6,27.8136834519824,35.24,126.81
2023-04-18 15:00:00,경상대,212.3166666666667,6,6,37.10213126428161,35.18,128.1
2023-04-18 15:00:00,고흥만수상,184.15,6,6,36.217416467172605,34.57,127.3
2023-04-18 15:00:00,광양항세방,213.26666666666668,6,6,36.69778034580905,34.93,127.71
2023-04-18 15:00:00,구미,324.3666666666667,6,6,37.79534321017825,36.13,128.34
2023-04-18 15:00:00,삼천포,175.29999999999998,6,6,36.954582342180124,34.95,128.07
2023-04-18 15:00:00,여수,101.91666666666667,6,6,36.612818876242855,34.74,127.74
2023-04-18 15:00:00,영동,182.64999999999998,6,6,38.47472306219356,37.18,128.46
2023-04-18 15:00:00,영흥,406.3333333333334,6,6,37.24381616676038,37.26,126.46
2023-04-18 15:00:00,예천,184.23333333333332,6,6,38.17013971201225,36.65,128.46
2023-04-18 15:00:00,창원,149.04999999999998,6,6,37.44618020750106,35.21,128.58
2023-04-18 15:00:00,탑선,206.31666666666663,6,6,36.266921940747004,35.24,126.81
2023-04-18 16:00:00,경상대,229.15,6,6,48.09470705634873,35.18,128.1
2023-04-18 16:00:00,고흥만수상,236.4,6,6,47.27498746784129,34.57,127.3
2023-04-18 16:00:00,광양항세방,184.0,6,6,47.71127574410449,34.93,127.71
2023-04-18 16:00:00,구미,290.9,6,6,48.59307547719579,36.13,128.34
2023-04-18 16:00:00,삼천포,172.36666666666667,6,6,47.996845530731115,34.95,128.07
2023-04-18 16:00:00,여수,156.04999999999998,6,6,47.67259777290867,34.74,127.74
2023-04-18 16:00:00,영동,230.36666666666665,6,6,49.04272689283033,37.18,128.46
2023-04-18 16:00:00,영흥,419.18333333333334,6,6,47.587646706916374,37.26,126.46
2023-04-18 16:00:00,예천,240.70000000000005,6,6,48.86000092979708,36.65,128.46
2023-04-18 16:00:00,창원,120.71666666666665,6,6,48.47564716842075,35.21,128.58
2023-04-18 16:00:00,탑선,207.5333333333333,6,6,47.12173661758641,35.24,126.81
2023-04-18 17:00:00,경상대,260.95,6,6,59.996609413769434,35.18,128.1
2023-04-18 17:00:00,고흥만수상,238.13333333333333,6,6,59.25901792632801,34.57,127.3
2023-04-18 17:00:00,광양항세방,203.13333333333333,6,6,59.64466840845277,34.93,127.71
2023-04-18 17:00:00,구미,163.33333333333331,6,6,60.32862865898167,36.13,128.34
2023-04-18 17:00:00,삼천포,199.5666666666667,6,6,59.939611080148374,34.95,128.07
2023-04-18 17:00:00,여수,201.36666666666667,6,6,59.64170759444523,34.74,127.74
2023-04-18 17:00:00,영동,221.00000000000003,6,6,60.585567241311324,37.18,128.46
2023-04-18 17:00:00,영흥,424.3999999999999,6,6,59.02992826797768,37.26,126.46
2023-04-18 17:00:00,예천,204.88333333333333,6,6,60.50292285714421,36.65,128.46
2023-04-18 17:00:00,창원,220.68333333333337,6,6,60.389192790728856,35.21,128.58
2023-04-18 17:00:00,탑선,209.0666666666667,6,6,58.96367002051737,35.24,126.81
2023-04-18 18:00:00,경상대,184.2833333333333,6,6,72.21368513028133,35.18,128.1
2023-04-18 18:00:00,고흥만수상,197.43333333333337,6,6,71.56470586829796,34.57,127.3
2023-04-18 18:00:00,광양항세방,168.66666666666669,6,6,71.89769749980282,34.93,127.71
2023-04-18 18:00:00,구미,202.58333333333334,6,6,72.39654370818229,36.13,128.34
2023-04-18 18:00:00,삼천포,152.63333333333335,6,6,72.19251575708333,34.95,128.07
2023-04-18 18:00:00,여수,167.6,6,6,71.92468220128633,34.74,127.74
2023-04-18 18:00:00,영동,184.16666666666666,6,6,72.48328473527988,37.18,128.46
2023-04-18 18:00:00,영흥,301.8333333333333,6,6,70.89098836091951,37.26,126.46
2023-04-18 18:00:00,예천,107.0,6,6,72.48766177582456,36.65,128.46
2023-04-18 18:00:00,창원,168.28333333333333,6,6,72.60539407024886,35.21,128.58
2023-04-18 18:00:00,탑선,192.10000000000002,6,6,71.15926698297267,35.24,126.81
2023-04-18 19:00:00,경상대,131.9,1,6,84.40888371101347,35.18,128.1
2023-04-18 19:00:00,고흥만수상,104.9,2,6,83.85712931141146,34.57,127.3
2023-04-18 19:00:00,광양항세방,136.3,1,6,84.13361384632047,34.93,127.71
2023-04-18 19:00:00,구미,114.3,1,6,84.4477712968127,36.13,128.34
2023-04-18 19:00:00,삼천포,141.3,1,6,84.42174911968297,34.95,128.07
2023-04-18 19:00:00,여수,154.1,1,6,84.18798944884291,34.74,127.74
2023-04-18 19:00:00,영동,136.5,1,6,84.37291946524758,37.18,128.46
2023-04-18 19:00:00,영흥,174.3,2,6,82.78652182687966,37.26,126.46
2023-04-18 19:00:00,예천,138.1,1,6,84.4587458256715,36.65,128.46
2023-04-18 19:00:00,창원,136.0,1,6,84.79094964492943,35.21,128.58
2023-04-18 19:00:00,탑선,141.8,2,6,83.35833093652296,35.24,126.81
2023-04-18 20:00:00,경상대,,0,6,96.3080490780148,35.18,128.1
2023-04-18 20:00:00,고흥만수상,,0,6,95.86846241426092,34.57,127.3
2023-04-18 20:00:00,광양항세방,,0,6,96.08082886293892,34.93,127.71
2023-04-18 20:00:00,구미,,0,6,96.19811849890502,36.13,128.34
2023-04-18 20:00:00,삼천포,,0,6,96.35563107416311,34.95,128.07
2023-04-18 20:00:00,여수,,0,6,96.16212870939425,34.74,127.74
2023-04-18 20:00:00,영동,,0,6,95.95942795937691,37.18,128.46
2023-04-18 20:00:00,영흥,,0,6,94.41852650623461,37.26,126.46
2023-04-18 20:00:00,예천,,0,6,96.12659865009618,36.65,128.46
2023-04-18 20:00:00,창원,,0,6,96.67148360248967,35.21,128.58
2023-04-18 20:00:00,탑선,,0,6,95.28527096356088,35.24,126.81
2023-04-18 21:00:00,경상대,,0,6,107.59576255303924,35.18,128.1
2023-04-18 21:00:00,고흥만수상,,0,6,107.2926503911112,34.57,127.3
2023-04-18 21:00:00,광양항세방,,0,6,107.42810847932586,34.93,127.71
2023-04-18 21:00:00,구미,,0,6,107.32356311406285,36.13,128.34
2023-04-18 21:00:00,삼천포,,0,6,107.68071433850871,34.95,128.07
2023-04-18 21:00:00,여수,,0,6,107.53720749840248,34.74,127.74
2023-04-18 21:00:00,영동,,0,6,106.91049442651544,37.18,128.46
2023-04-18 21:00:00,영흥,,0,6,105.46421761116011,37.26,126.46
2023-04-18 21:00:00,예천,,0,6,107.1627023069366,36.65,128.46
2023-04-18 21:00:00,창원,,0,6,107.9285416008527,35.21,128.58
2023-04-18 21:00:00,탑선,,0,6,106.6312641253074,35.24,126.81
2023-04-18 22:00:00,경상대,,0,6,117.82182524513021,35.18,128.1
2023-04-18 22:00:00,고흥만수상,,0,6,117.69171601135594,34.57,127.3
2023-04-18 22:00:00,광양항세방,,0,6,117.73099435018987,34.93,127.71
2023-04-18 22:00:00,구미,,0,6,117.3679933985731,36.13,128.34
2023-04-18 22:00:00,삼천포,,0,6,117.94798595966459,34.95,128.07
2023-04-18 22:00:00,여수,,0,6,117.86912021766341,34.74,127.74
2023-04-18 22:00:00,영동,,0,6,116.76600858204169,37.18,128.46
2023-04-18 22:00:00,영흥,,0,6,115.48575157614296,37.26,126.46
2023-04-18 22:00:00,예천,,0,6,117.10814729901034,36.65,128.46
2023-04-18 22:00:00,창원,,0,6,118.10579660110383,35.21,128.58
2023-04-18 22:00:00,탑선,,0,6,116.96152281255466,35.24,126.81
2023-04-18 23:00:00,경상대,,0,6,126.29427354174894,35.18,128.1
2023-04-18 23:00:00,고흥만수상,,0,6,126.38506979581621,34.57,127.3
2023-04-18 23:00:00,광양항세방,,0,6,126.30326454510816,34.93,127.71
2023-04-18 23:00:00,구미,,0,6,125.64285628707353,36.13,128.34
2023-04-18 23:00:00,삼천포,,0,6,126.46428148805974,34.95,128.07
2023-04-18 23:00:00,여수,,0,6,126.46968761060062,34.74,127.74
2023-04-18 23:00:00,영동,,0,6,124.84504146075781,37.18,128.46
2023-04-18 23:00:00,영흥,,0,6,123.83684644267406,37.26,126.46
2023-04-18 23:00:00,예천,,0,6,125.27694425833627,36.65,128.46
2023-04-18 23:00:00,창원,,0,6,126.50213945772722,35.21,128.58
2023-04-18 23:00:00,탑선,,0,6,125.60931283412262,35.24,126.81
2023-04-19 00:00:00,경상대,,0,6,132.01977020936954,35.18,128.1
2023-04-19 00:00:00,고흥만수상,,0,6,132.37454623146579,34.57,127.3
2023-04-19 00:00:00,광양항세방,,0,6,132.15044488199078,34.93,127.71
2023-04-19 00:00:00,구미,,0,6,131.18237943599655,36.13,128.34
2023-04-19 00:00:00,삼천포,,0,6,132.22918629947782,34.95,128.07
2023-04-19 00:00:00,여수,,0,6,132.33772007657254,34.74,127.74
2023-04-19 00:00:00,영동,,0,6,130.21490496432764,37.18,128.46
2023-04-19 00:00:00,영흥,,0,6,129.6156956237083,37.26,126.46
2023-04-19 00:00:00,예천,,0,6,130.71883289843308,36.65,128.46
2023-04-19 00:00:00,창원,,0,6,132.11689783181276,35.21,128.58
2023-04-19 00:00:00,탑선,,0,6,131.60655329132825,35.24,126.81
2023-04-19 01:00:00,경상대,,0,6,133.9318903837324,35.18,128.1
2023-04-19 01:00:00,고흥만수상,,0,6,134.54747769640232,34.57,127.3
2023-04-19 01:00:00,광양항세방,,0,6,134.18616110515717,34.93,127.71
2023-04-19 01:00:00,구미,,0,6,132.978074138149,36.13,128.34
2023-04-19 01:00:00,삼천포,,0,6,134.16228360259652,34.95,128.07
2023-04-19 01:00:00,여수,,0,6,134.37592032225587,34.74,127.74
2023-04-19 01:00:00,영동,,0,6,131.92605265388357,37.18,128.46
2023-04-19 01:00:00,영흥,,0,6,131.8504843106983,37.26,126.46
2023-04-19 01:00:00,예천,,0,6,132.45585963372963,36.65,128.46
2023-04-19 01:00:00,창원,,0,6,133.8925669593695,35.21,128.58
2023-04-19 01:00:00,탑선,,0,6,133.87478816226172,35.24,126.81
2023-04-19 02:00:00,경상대,,0,6,131.56822462998713,35.18,128.1
2023-04-19 02:00:00,고흥만수상,,0,6,132.3692631791806,34.57,127.3
2023-04-19 02:00:00,광양항세방,,0,6,131.91485568565432,34.93,127.71
2023-04-19 02:00:00,구미,,0,6,130.6111587337565,36.13,128.34
2023-04-19 02:00:00,삼천포,,0,6,131.7918400331685,34.95,128.07
2023-04-19 02:00:00,여수,,0,6,132.0841569164627,34.74,127.74
2023-04-19 02:00:00,영동,,0,6,129.59546522370792,37.18,128.46
2023-04-19 02:00:00,영흥,,0,6,130.05124677845853,37.26,126.46
2023-04-19 02:00:00,예천,,0,6,130.09090217077633,36.65,128.46
2023-04-19 02:00:00,창원,,0,6,131.3985189628556,35.21,128.58
2023-04-19 02:00:00,탑선,,0,6,131.87348007137572,35.24,126.81
2023-04-19 03:00:00,경상대,,0,6,125.49084582028486,35.18,128.1
2023-04-19 03:00:00,고흥만수상,,0,6,126.37509001511572,34.57,127.3
2023-04-19 03:00:00,광양항세방,,0,6,125.88428814227193,34.93,127.71
2023-04-19 03:00:00,구미,,0,6,124.62223306099118,36.13,128.34
2023-04-19 03:00:00,삼천포,,0,6,125.68693950405913,34.95,128.07
2023-04-19 03:00:00,여수,,0,6,126.0192020111522,34.74,127.74
2023-04-19 03:00:00,영동,,0,6,123.73325548548546,37.18,128.46
2023-04-19 03:00:00,영흥,,0,6,124.6176106007139,37.26,126.46
2023-04-19 03:00:00,예천,,0,6,124.1524815312458,36.65,128.46
2023-04-19 03:00:00,창원,,0,6,125.22405633337667,35.21,128.58
2023-04-19 03:00:00,탑선,,0,6,126.08335600468668,35.24,126.81
2023-04-19 04:00:00,경상대,,0,6,116.7844429845829,35.18,128.1
2023-04-19 04:00:00,고흥만수상,,0,6,117.67743057109043,34.57,127.3
2023-04-19 04:00:00,광양항세방,,0,6,117.18992593408652,34.93,127.71
2023-04-19 04:00:00,구미,,0,6,116.04500264548713,36.13,128.34
2023-04-19 04:00:00,삼천포,,0,6,116.94528247206932,34.95,128.07
2023-04-19 04:00:00,여수,,0,6,117.28798174435454,34.74,127.74
2023-04-19 04:00:00,영동,,0,6,115.31847684134004,37.18,128.46
2023-04-19 04:00:00,영흥,,0,6,116.49973001078867,37.26,126.46
2023-04-19 04:00:00,예천,,0,6,115.64742235429249,36.65,128.46
2023-04-19 04:00:00,창원,,0,6,116.45613256001579,35.21,128.58
2023-04-19 04:00:00,탑선,,0,6,117.57135231834737,35.24,126.81
2023-04-19 05:00:00,경상대,,0,6,106.41239952599973,35.18,128.1
2023-04-19 05:00:00,고흥만수상,,0,6,107.27374536131254,34.57,127.3
2023-04-19 05:00:00,광양항세방,,0,6,106.81010971676724,34.93,127.71
2023-04-19 05:00:00,구미,,0,6,105.81047222875151,36.13,128.34
2023-04-19 05:00:00,삼천포,,0,6,106.53769295774173,34.95,128.07
2023-04-19 05:00:00,여수,,0,6,106.87407720858639,34.74,127.74
2023-04-19 05:00:00,영동,,0,6,105.24967427589732,37.18,128.46
2023-04-19 05:00:00,영흥,,0,6,106.62256734265901,37.26,126.46
2023-04-19 05:00:00,예천,,0,6,105.48959280931957,36.65,128.46
2023-04-19 05:00:00,창원,,0,6,106.0481438409573,35.21,128.58
2023-04-19 05:00:00,탑선,,0,6,107.3226090298098,35.24,126.81
2023-04-19 06:00:00,경상대,,0,6,95.03503652109286,35.18,128.1
2023-04-19 06:00:00,고흥만수상,,0,6,95.84373071089513,34.57,127.3
2023-04-19 06:00:00,광양항세방,,0,6,95.4141755022127,34.93,127.71
2023-04-19 06:00:00,구미,,0,6,94.56849269902719,36.13,128.34
2023-04-19 06:00:00,삼천포,,0,6,95.12646098801852,34.95,128.07
2023-04-19 06:00:00,여수,,0,6,95.44743664806468,34.74,127.74
2023-04-19 06:00:00,영동,,0,6,94.16736016085851,37.18,128.46
2023-04-19 06:00:00,영흥,,0,6,95.65975420183031,37.26,126.46
2023-04-19 06:00:00,예천,,0,6,94.3232389476344,36.65,128.46
2023-04-19 06:00:00,창원,,0,6,94.65122322961204,35.21,128.58
2023-04-19 06:00:00,탑선,,0,6,96.02167783026724,35.24,126.81
2023-04-19 07:00:00,경상대,93.3,1,6,83.08205338138727,35.18,128.1
2023-04-19 07:00:00,고흥만수상,85.2,1,6,83.82421073091733,34.57,127.3
2023-04-19 07:00:00,광양항세방,126.0,1,6,83.43542655521728,34.93,127.71
2023-04-19 07:00:00,구미,113.0,1,6,82.74967088780441,36.13,128.34
2023-04-19 07:00:00,삼천포,125.9,1,6,83.14069129120863,34.95,128.07
2023-04-19 07:00:00,여수,98.3,1,6,83.44022319920944,34.74,127.74
2023-04-19 07:00:00,영동,200.5,1,6,82.50437164054344,37.18,128.46
2023-04-19 07:00:00,영흥,,0,6,84.06658132963923,37.26,126.46
2023-04-19 07:00:00,예천,122.4,1,6,82.5794698013122,36.65,128.46
2023-04-19 07:00:00,창원,150.9,1,6,82.68963918751803,35.21,128.58
2023-04-19 07:00:00,탑선,,0,6,84.11395677190477,35.24,126.81
2023-04-19 08:00:00,경상대,163.28333333333333,6,6,70.85834496251972,35.18,128.1
2023-04-19 08:00:00,고흥만수상,131.08333333333334,6,6,71.51947703604131,34.57,127.3
2023-04-19 08:00:00,광양항세방,156.36666666666667,6,6,71.17880131953527,34.93,127.71
2023-04-19 08:00:00,구미,170.21666666666667,6,6,70.6652386936657,36.13,128.34
2023-04-19 08:00:00,삼천포,226.9333333333333,6,6,70.88357832348534,34.95,128.07
2023-04-19 08:00:00,여수,150.8166666666667,6,6,71.15568241972838,34.74,127.74
2023-04-19 08:00:00,영동,330.53333333333336,6,6,70.579448715454,37.18,128.46
2023-04-19 08:00:00,영흥,246.08333333333334,6,6,72.17234852565102,37.26,126.46
2023-04-19 08:00:00,예천,186.23333333333335,6,6,70.57298200054493,36.65,128.46
2023-04-19 08:00:00,창원,198.85000000000002,6,6,70.46609829708761,35.21,128.58
2023-04-19 08:00:00,탑선,169.23333333333332,6,6,71.91179870220323,35.24,126.81
2023-04-19 09:00:00,경상대,247.1,6,6,58.63594062945258,35.18,128.1
2023-04-19 09:00:00,고흥만수상,161.45000000000002,6,6,59.194284931120634,34.57,127.3
2023-04-19 09:00:00,광양항세방,219.3166666666667,6,6,58.91325021646206,34.93,127.71
2023-04-19 09:00:00,구미,260.09999999999997,6,6,58.59797806245856,36.13,128.34
2023-04-19 09:00:00,삼천포,233.05000000000004,6,6,58.62456607094332,34.95,128.07
2023-04-19 09:00:00,여수,222.81666666666663,6,6,58.86067942402397,34.74,127.74
2023-04-19 09:00:00,영동,531.3000000000001,6,6,58.68694757903202,37.18,128.46
2023-04-19 09:00:00,영흥,427.7833333333333,6,6,60.27005756731984,37.26,126.46
2023-04-19 09:00:00,예천,277.98333333333335,6,6,58.59240093434114,36.65,128.46
2023-04-19 09:00:00,창원,110.8,6,6,58.25345352954342,35.21,128.58
2023-04-19 09:00:00,탑선,289.4166666666667,6,6,59.687081396421675,35.24,126.81
2023-04-19 10:00:00,경상대,253.66,5,5,46.761303519993625,35.18,128.1
2023-04-19 10:00:00,고흥만수상,222.44,5,5,47.1777802524138,34.57,127.3
2023-04-19 10:00:00,광양항세방,247.64000000000001,5,5,46.97745117440242,34.93,127.71
2023-04-19 10:00:00,구미,286.48,5,5,46.911649827508484,36.13,128.34
2023-04-19 10:00:00,삼천포,269.91999999999996,5,5,46.70616476124195,34.95,128.07
2023-04-19 10:00:00,여수,242.92,5,5,46.891166123825606,34.74,127.74
2023-04-19 10:00:00,영동,685.68,5,5,47.20770637746726,37.18,128.46
2023-04-19 10:00:00,영흥,574.94,5,5,48.721353176897594,37.26,126.46
2023-04-19 10:00:00,예천,542.8199999999999,5,5,47.01068296914751,36.65,128.46
2023-04-19 10:00:00,창원,265.06,5,5,46.40356560816932,35.21,128.58
2023-04-19 10:00:00,탑선,356.73999999999995,5,5,47.774939597529766,35.24,126.81
2023-04-19 11:00:00,경상대,212.76666666666668,6,6,35.86557974370672,35.18,128.1
2023-04-19 11:00:00,고흥만수상,255.26666666666668,6,6,36.06393502660936,34.57,127.3
2023-04-19 11:00:00,광양항세방,258.15000000000003,6,6,35.985342901743856,34.93,127.71
2023-04-19 11:00:00,구미,328.65000000000003,6,6,36.263401135719555,36.13,128.34
2023-04-19 11:00:00,삼천포,289.5833333333333,6,6,35.753805856367656,34.95,128.07
2023-04-19 11:00:00,여수,261.95,6,6,35.85795365458814,34.74,127.74
2023-04-19 11:00:00,영동,803.2333333333332,6,6,36.82055303418384,37.18,128.46
2023-04-19 11:00:00,영흥,700.5333333333333,6,6,38.14710882146573,37.26,126.46
2023-04-19 11:00:00,예천,745.9833333333332,6,6,36.49796841380466,36.65,128.46
2023-04-19 11:00:00,창원,223.0,6,6,35.563435872091425,35.21,128.58
2023-04-19 11:00:00,탑선,289.4833333333333,6,6,36.76923559973026,35.24,126.81
2023-04-19 12:00:00,경상대,177.21666666666667,6,6,27.37639107013485,35.18,128.1
2023-04-19 12:00:00,고흥만수상,328.0,6,6,27.21752481271035,34.57,127.3
2023-04-19 12:00:00,광양항세방,232.65,6,6,27.334345753644385,34.93,127.71
2023-04-19 12:00:00,구미,628.4333333333334,6,6,28.091286300135245,36.13,128.34
2023-04-19 12:00:00,삼천포,270.73333333333335,6,6,27.19374003653438,34.95,128.07
2023-04-19 12:00:00,여수,285.43333333333334,6,6,27.161127489475938,34.74,127.74
2023-04-19 12:00:00,영동,861.3000000000001,6,6,28.956434062321456,37.18,128.46
2023-04-19 12:00:00,영흥,776.6833333333334,6,6,29.841468871453934,37.26,126.46
2023-04-19 12:00:00,예천,791.5499999999998,6,6,28.494121782659136,36.65,128.46
2023-04-19 12:00:00,창원,154.75,6,6,27.199263196136968,35.21,128.58
2023-04-19 12:00:00,탑선,279.43333333333334,6,6,27.99780430119771,35.24,126.81
2023-04-19 13:00:00,경상대,196.61666666666667,6,6,24.13341149067189,35.18,128.1
2023-04-19 13:00:00,고흥만수상,329.95000000000005,6,6,23.512767288058498,34.57,127.3
2023-04-19 13:00:00,광양항세방,186.28333333333333,6,6,23.875521318895608,34.93,127.71
2023-04-19 13:00:00,구미,861.5000000000001,6,6,25.090057092178597,36.13,128.34
2023-04-19 13:00:00,삼천포,256.5833333333333,6,6,23.902725821873645,34.95,128.07
2023-04-19 13:00:00,여수,258.01666666666665,6,6,23.6859748056946,34.74,127.74
2023-04-19 13:00:00,영동,874.7333333333335,6,6,26.143268924015203,37.18,128.46
2023-04-19 13:00:00,영흥,806.0166666666668,6,6,26.21408322903519,37.26,126.46
2023-04-19 13:00:00,예천,802.6333333333333,6,6,25.613786583903803,36.65,128.46
2023-04-19 13:00:00,창원,212.54999999999998,6,6,24.180255236951083,35.21,128.58
2023-04-19 13:00:00,탑선,513.8833333333333,6,6,24.18710054646789,35.24,126.81
2023-04-19 14:00:00,경상대,197.11666666666667,6,6,28.05395836597269,35.18,128.1
2023-04-19 14:00:00,고흥만수상,342.1666666666667,6,6,27.180574708008855,34.57,127.3
2023-04-19 14:00:00,광양항세방,213.53333333333333,6,6,27.667357791675116,34.93,127.71
2023-04-19 14:00:00,구미,832.3833333333332,6,6,28.948538448078615,36.13,128.34
2023-04-19 14:00:00,삼천포,220.29999999999998,6,6,27.85086912185944,34.95,128.07
2023-04-19 14:00:00,여수,194.05000000000004,6,6,27.52421243786403,34.74,127.74
2023-04-19 14:00:00,영동,859.0333333333333,6,6,29.876096628097216,37.18,128.46
2023-04-19 14:00:00,영흥,801.0333333333333,6,6,29.114669050556707,37.26,126.46
2023-04-19 14:00:00,예천,786.8833333333333,6,6,29.434054570421033,36.65,128.46
2023-04-19 14:00:00,창원,209.44999999999996,6,6,28.303647002016525,35.21,128.58
2023-04-19 14:00:00,탑선,404.34999999999997,6,6,27.524382986445907,35.24,126.81
2023-04-19 15:00:00,경상대,250.38333333333333,6,6,36.88907196178841,35.18,128.1
2023-04-19 15:00:00,고흥만수상,324.73333333333335,6,6,36.00555871303409,34.57,127.3
2023-04-19 15:00:00,광양항세방,193.35,6,6,36.48498491798697,34.93,127.71
2023-04-19 15:00:00,구미,772.1999999999999,6,6,37.5768192546443,36.13,128.34
2023-04-19 15:00:00,삼천포,206.0,6,6,36.74298494831164,34.95,128.07
2023-04-19 15:00:00,여수,203.96666666666667,6,6,36.40144405602353,34.74,127.74
2023-04-19 15:00:00,영동,801.15,6,6,38.2499135683491,37.18,128.46
2023-04-19 15:00:00,영흥,746.1166666666667,6,6,37.011284173612026,37.26,126.46
2023-04-19 15:00:00,예천,736.9833333333332,6,6,37.94868065977826,36.65,128.46
2023-04-19 15:00:00,창원,257.28333333333336,6,6,37.234661340672005,35.21,128.58
2023-04-19 15:00:00,탑선,253.7833333333333,6,6,36.048614708301606,35.24,126.81
2023-04-19 16:00:00,경상대,181.9,6,6,47.92275902091951,35.18,128.1
2023-04-19 16:00:00,고흥만수상,310.71666666666664,6,6,47.10569903746943,34.57,127.3
2023-04-19 16:00:00,광양항세방,175.8166666666667,6,6,47.540294877097324,34.93,127.71
2023-04-19 16:00:00,구미,660.4166666666666,6,6,48.41515973690355,36.13,128.34
2023-04-19 16:00:00,삼천포,229.00000000000003,6,6,47.82641760064382,34.95,128.07
2023-04-19 16:00:00,여수,221.70000000000002,6,6,47.50298641756125,34.74,127.74
2023-04-19 16:00:00,영동,691.1833333333334,6,6,48.85810535444512,37.18,128.46
2023-04-19 16:00:00,영흥,634.0166666666667,6,6,47.39849699974904,37.26,126.46
2023-04-19 16:00:00,예천,638.0166666666668,6,6,48.678857886753825,36.65,128.46
2023-04-19 16:00:00,창원,214.26666666666665,6,6,48.304397572277445,35.21,128.58
2023-04-19 16:00:00,탑선,318.93333333333334,6,6,46.94683895272105,35.24,126.81
2023-04-19 17:00:00,경상대,205.54999999999998,6,6,59.84389202515089,35.18,128.1
2023-04-19 17:00:00,고흥만수상,195.61666666666667,6,6,59.109594259897335,34.57,127.3
2023-04-19 17:00:00,광양항세방,158.16666666666666,6,6,59.49325167027622,34.93,127.71
2023-04-19 17:00:00,구미,494.43333333333334,6,6,60.17010478891083,36.13,128.34
2023-04-19 17:00:00,삼천포,215.18333333333337,6,6,59.78833247144573,34.95,128.07
2023-04-19 17:00:00,여수,187.58333333333334,6,6,59.49152569300051,34.74,127.74
2023-04-19 17:00:00,영동,531.4499999999999,6,6,60.42061171849562,37.18,128.46
2023-04-19 17:00:00,영흥,483.68333333333334,6,6,58.86280155629948,37.26,126.46
2023-04-19 17:00:00,예천,493.7833333333333,6,6,60.341247606856875,36.65,128.46
2023-04-19 17:00:00,창원,184.08333333333334,6,6,60.236630070528,35.21,128.58
2023-04-19 17:00:00,탑선,337.68333333333334,6,6,58.80957138008466,35.24,126.81
2023-04-19 18:00:00,경상대,142.11666666666667,6,6,72.06559064965336,35.18,128.1
2023-04-19 18:00:00,고흥만수상,127.43333333333334,6,6,71.42025874818046,34.57,127.3
2023-04-19 18:00:00,광양항세방,105.08333333333333,6,6,71.75110038732376,34.93,127.71
2023-04-19 18:00:00,구미,297.46666666666664,6,6,72.24289116380032,36.13,128.34
2023-04-19 18:00:00,삼천포,129.5,6,6,72.04577268355162,34.95,128.07
2023-04-19 18:00:00,여수,107.86666666666666,6,6,71.77920123780805,34.74,127.74
2023-04-19 18:00:00,영동,332.93333333333334,6,6,72.3235606155242,37.18,128.46
2023-04-19 18:00:00,영흥,304.1333333333333,6,6,70.73079212413211,37.26,126.46
2023-04-19 18:00:00,예천,311.9666666666667,6,6,72.33099101300333,36.65,128.46
2023-04-19 18:00:00,창원,106.06666666666666,6,6,72.45707944273909,35.21,128.58
2023-04-19 18:00:00,탑선,264.18333333333334,6,6,71.01088498479335,35.24,126.81
2023-04-19 19:00:00,경상대,123.0,1,6,84.25452025075366,35.18,128.1
2023-04-19 19:00:00,고흥만수상,85.3,2,6,83.70670588967718,34.57,127.3
2023-04-19 19:00:00,광양항세방,77.7,2,6,83.98090941841411,34.93,127.71
2023-04-19 19:00:00,구미,189.7,1,6,84.2880523760893,36.13,128.34
2023-04-19 19:00:00,삼천포,82.8,1,6,84.26866835517703,34.95,128.07
2023-04-19 19:00:00,여수,81.6,2,6,84.03630751058351,34.74,127.74
2023-04-19 19:00:00,영동,210.3,1,6,84.20744174290859,37.18,128.46
2023-04-19 19:00:00,영흥,177.10000000000002,2,6,82.62195126382389,37.26,126.46
2023-04-19 19:00:00,예천,193.2,1,6,84.29612414828966,36.65,128.46
2023-04-19 19:00:00,창원,100.9,1,6,84.63606045825695,35.21,128.58
2023-04-19 19:00:00,탑선,190.15,2,6,83.20456170581824,35.24,126.81
2023-04-19 20:00:00,경상대,,0,6,96.13781654024086,35.18,128.1
2023-04-19 20:00:00,고흥만수상,,0,6,95.70247244998781,34.57,127.3
2023-04-19 20:00:00,광양항세방,,0,6,95.91241827506788,34.93,127.71
2023-04-19 20:00:00,구미,,0,6,96.02270229034043,36.13,128.34
2023-04-19 20:00:00,삼천포,,0,6,96.18662327468387,34.95,128.07
2023-04-19 20:00:00,여수,,0,6,95.99465853773602,34.74,127.74
2023-04-19 20:00:00,영동,,0,6,95.77854532670345,37.18,128.46
2023-04-19 20:00:00,영흥,,0,6,94.23984075502914,37.26,126.46
2023-04-19 20:00:00,예천,,0,6,95.94838486510383,36.65,128.46
2023-04-19 20:00:00,창원,,0,6,96.50043181666598,35.21,128.58
2023-04-19 20:00:00,탑선,,0,6,95.11646788814691,35.24,126.81
2023-04-19 21:00:00,경상대,,0,6,107.39996221357777,35.18,128.1
2023-04-19 21:00:00,고흥만수상,,0,6,107.10138323281414,34.57,127.3
2023-04-19 21:00:00,광양항세방,,0,6,107.23428862969516,34.93,127.71
2023-04-19 21:00:00,구미,,0,6,107.12282076795228,36.13,128.34
2023-04-19 21:00:00,삼천포,,0,6,107.48606517323942,34.95,128.07
2023-04-19 21:00:00,여수,,0,6,107.34423244311427,34.74,127.74
2023-04-19 21:00:00,영동,,0,6,106.70467433489576,37.18,128.46
2023-04-19 21:00:00,영흥,,0,6,105.26191243263366,37.26,126.46
2023-04-19 21:00:00,예천,,0,6,106.95931235571454,36.65,128.46
2023-04-19 21:00:00,창원,,0,6,107.73161492314361,35.21,128.58
2023-04-19 21:00:00,탑선,,0,6,106.43777278634349,35.24,126.81
2023-04-19 22:00:00,경상대,,0,6,117.59035381835689,35.18,128.1
2023-04-19 22:00:00,고흥만수상,,0,6,117.46490483643153,34.57,127.3
2023-04-19 22:00:00,광양항세방,,0,6,117.50159249190213,34.93,127.71
2023-04-19 22:00:00,구미,,0,6,117.13209791803732,36.13,128.34
2023-04-19 22:00:00,삼천포,,0,6,117.7175267688335,34.95,128.07
2023-04-19 22:00:00,여수,,0,6,117.64041462900703,34.74,127.74
2023-04-19 22:00:00,영동,,0,6,116.52573494281867,37.18,128.46
2023-04-19 22:00:00,영흥,,0,6,115.25027456174836,37.26,126.46
2023-04-19 22:00:00,예천,,0,6,116.86990920422717,36.65,128.46
2023-04-19 22:00:00,창원,,0,6,117.87290219888912,35.21,128.58
2023-04-19 22:00:00,탑선,,0,6,116.73325995217778,35.24,126.81
2023-04-19 23:00:00,경상대,,0,6,126.01864097428417,35.18,128.1
2023-04-19 23:00:00,고흥만수상,,0,6,126.11369269741282,34.57,127.3
2023-04-19 23:00:00,광양항세방,,0,6,126.02955400198033,34.93,127.71
2023-04-19 23:00:00,구미,,0,6,125.36389011097032,36.13,128.34
2023-04-19 23:00:00,삼천포,,0,6,126.18938894481944,34.95,128.07
2023-04-19 23:00:00,여수,,0,6,126.19642876392186,34.74,127.74
2023-04-19 23:00:00,영동,,0,6,124.56296847236203,37.18,128.46
2023-04-19 23:00:00,영흥,,0,6,123.56034696693935,37.26,126.46
2023-04-19 23:00:00,예천,,0,6,124.99624428597728,36.65,128.46
2023-04-19 23:00:00,창원,,0,6,126.2249349670889,35.21,128.58
2023-04-19 23:00:00,탑선,,0,6,125.33750023520957,35.24,126.81
2023-04-20 00:00:00,경상대,,0,6,131.69971259870596,35.18,128.1
2023-04-20 00:00:00,고흥만수상,,0,6,132.05734941832736,34.57,127.3
2023-04-20 00:00:00,광양항세방,,0,6,131.83170497918104,34.93,127.71
2023-04-20 00:00:00,구미,,0,6,130.86069589280763,36.13,128.34
2023-04-20 00:00:00,삼천포,,0,6,131.90946257737204,34.95,128.07
2023-04-20 00:00:00,여수,,0,6,132.0191197006739,34.74,127.74
2023-04-20 00:00:00,영동,,0,6,129.89188044299766,37.18,128.46
2023-04-20 00:00:00,영흥,,0,6,129.29749328610228,37.26,126.46
2023-04-20 00:00:00,예천,,0,6,130.39632753992473,36.65,128.46
2023-04-20 00:00:00,창원,,0,6,131.79555632007302,35.21,128.58
2023-04-20 00:00:00,탑선,,0,6,131.28987028277422,35.24,126.81
2023-04-20 01:00:00,경상대,,0,5,133.5839421768627,35.18,128.1
2023-04-20 01:00:00,고흥만수상,,0,5,134.20033002429656,34.57,127.3
2023-04-20 01:00:00,광양항세방,,0,5,133.83858927590833,34.93,127.71
2023-04-20 01:00:00,구미,,0,5,132.62992819285068,36.13,128.34
2023-04-20 01:00:00,삼천포,,0,5,133.8143590575217,34.95,128.07
2023-04-20 01:00:00,여수,,0,5,134.02831604883795,34.74,127.74
2023-04-20 01:00:00,영동,,0,5,131.57783049094942,37.18,128.46
2023-04-20 01:00:00,영흥,,0,5,131.5042113651775,37.26,126.46
2023-04-20 01:00:00,예천,,0,5,132.1076224911322,36.65,128.46
2023-04-20 01:00:00,창원,,0,5,133.54418145605496,35.21,128.58
2023-04-20 01:00:00,탑선,,0,5,133.5281720887948,35.24,126.81
2023-04-20 02:00:00,경상대,,0,6,131.22101029321382,35.18,128.1
2023-04-20 02:00:00,고흥만수상,,0,6,132.02157466782947,34.57,127.3
2023-04-20 02:00:00,광양항세방,,0,6,131.5673899141326,34.93,127.71
2023-04-20 02:00:00,구미,,0,6,130.2637589725314,36.13,128.34
2023-04-20 02:00:00,삼천포,,0,6,131.4446976278931,34.95,128.07
2023-04-20 02:00:00,여수,,0,6,131.73679755872925,34.74,127.74
2023-04-20 02:00:00,영동,,0,6,129.24774592349468,37.18,128.46
2023-04-20 02:00:00,영흥,,0,6,129.7020541598766,37.26,126.46
2023-04-20 02:00:00,예천,,0,6,129.74339308297945,36.65,128.46
2023-04-20 02:00:00,창원,,0,6,131.05174573248308,35.21,128.58
2023-04-20 02:00:00,탑선,,0,6,131.5251355281039,35.24,126.81
2023-04-20 03:00:00,경상대,,0,6,125.16576974671929,35.18,128.1
2023-04-20 03:00:00,고흥만수상,,0,6,126.04960061180526,34.57,127.3
2023-04-20 03:00:00,광양항세방,,0,6,125.55893309601782,34.93,127.71
2023-04-20 03:00:00,구미,,0,6,124.29595989501487,36.13,128.34
2023-04-20 03:00:00,삼천포,,0,6,125.36221134848685,34.95,128.07
2023-04-20 03:00:00,여수,,0,6,125.69423296921879,34.74,127.74
2023-04-20 03:00:00,영동,,0,6,123.40546499853532,37.18,128.46
2023-04-20 03:00:00,영흥,,0,6,124.28644236836678,37.26,126.46
2023-04-20 03:00:00,예천,,0,6,123.82555104678838,36.65,128.46
2023-04-20 03:00:00,창원,,0,6,124.89980424025396,35.21,128.58
2023-04-20 03:00:00,탑선,,0,6,125.75585362428482,35.24,126.81
2023-04-20 04:00:00,경상대,,0,6,116.48774584783573,35.18,128.1
2023-04-20 04:00:00,고흥만수상,,0,6,117.38099725116184,34.57,127.3
2023-04-20 04:00:00,광양항세방,,0,6,116.89322500989434,34.93,127.71
2023-04-20 04:00:00,구미,,0,6,115.74604597041669,36.13,128.34
2023-04-20 04:00:00,삼천포,,0,6,116.6491939083601,34.95,128.07
2023-04-20 04:00:00,여수,,0,6,116.99188576829701,34.74,127.74
2023-04-20 04:00:00,영동,,0,6,115.01684382852619,37.18,128.46
2023-04-20 04:00:00,영흥,,0,6,116.19443689108971,37.26,126.46
2023-04-20 04:00:00,예천,,0,6,115.34723469152416,36.65,128.46
2023-04-20 04:00:00,창원,,0,6,116.16023129801508,35.21,128.58
2023-04-20 04:00:00,탑선,,0,6,117.27209718217647,35.24,126.81
2023-04-20 05:00:00,경상대,,0,6,106.14107348994378,35.18,128.1
2023-04-20 05:00:00,고흥만수상,,0,6,107.00341435263626,34.57,127.3
2023-04-20 05:00:00,광양항세방,,0,6,106.53910036112524,34.93,127.71
2023-04-20 05:00:00,구미,,0,6,105.53610966542125,36.13,128.34
2023-04-20 05:00:00,삼천포,,0,6,106.26715331716971,34.95,128.07
2023-04-20 05:00:00,여수,,0,6,106.60380124617106,34.74,127.74
2023-04-20 05:00:00,영동,,0,6,104.97182131349973,37.18,128.46
2023-04-20 05:00:00,영흥,,0,6,106.34158678805682,37.26,126.46
2023-04-20 05:00:00,예천,,0,6,105.21357726366107,36.65,128.46
2023-04-20 05:00:00,창원,,0,6,105.77742138926328,35.21,128.58
2023-04-20 05:00:00,탑선,,0,6,107.04912336163092,35.24,126.81
2023-04-20 06:00:00,경상대,,0,6,94.78285112059254,35.18,128.1
2023-04-20 06:00:00,고흥만수상,,0,6,95.59319052483221,34.57,127.3
2023-04-20 06:00:00,광양항세방,,0,6,95.16260102127733,34.93,127.71
2023-04-20 06:00:00,구미,,0,6,94.31271407781982,36.13,128.34
2023-04-20 06:00:00,삼천포,,0,6,94.87518287774277,34.95,128.07
2023-04-20 06:00:00,여수,,0,6,95.19667064062023,34.74,127.74
2023-04-20 06:00:00,영동,,0,6,93.90753129198217,37.18,128.46
2023-04-20 06:00:00,영흥,,0,6,95.39761047852753,37.26,126.46
2023-04-20 06:00:00,예천,,0,6,94.06550487741033,36.65,128.46
2023-04-20 06:00:00,창원,,0,6,94.39940958482141,35.21,128.58
2023-04-20 06:00:00,탑선,,0,6,95.7678862110737,35.24,126.81
2023-04-20 07:00:00,경상대,148.0,1,6,82.84198156147048,35.18,128.1
2023-04-20 07:00:00,고흥만수상,171.0,1,6,83.58639280344443,34.57,127.3
2023-04-20 07:00:00,광양항세방,123.7,1,6,83.19624512570064,34.93,127.71
2023-04-20 07:00:00,구미,138.4,1,6,82.50554190445055,36.13,128.34
2023-04-20 07:00:00,삼천포,171.5,1,6,82.90162512166582,34.95,128.07
2023-04-20 07:00:00,여수,173.4,1,6,83.20190503287398,34.74,127.74
2023-04-20 07:00:00,영동,82.7,1,6,82.25574680545175,37.18,128.46
2023-04-20 07:00:00,영흥,95.0,1,6,83.81655750006388,37.26,126.46
2023-04-20 07:00:00,예천,176.2,1,6,82.33313604562508,36.65,128.46
2023-04-20 07:00:00,창원,187.2,1,6,82.4496963433834,35.21,128.58
2023-04-20 07:00:00,탑선,150.2,1,6,83.8728773541957,35.24,126.81
2023-04-20 08:00:00,경상대,212.75,6,6,70.62281739160225,35.18,128.1
2023-04-20 08:00:00,고흥만수상,298.79999999999995,6,6,71.28684987951823,34.57,127.3
2023-04-20 08:00:00,광양항세방,222.23333333333335,6,6,70.94446247924073,34.93,127.71
2023-04-20 08:00:00,구미,283.65000000000003,6,6,70.42519126277055,36.13,128.34
2023-04-20 08:00:00,삼천포,281.8333333333333,6,6,70.64915470780893,34.95,128.07
2023-04-20 08:00:00,여수,298.3666666666667,6,6,70.92225906557188,34.74,127.74
2023-04-20 08:00:00,영동,174.83333333333334,6,6,70.33448407683515,37.18,128.46
2023-04-20 08:00:00,영흥,148.98333333333332,6,6,71.92702399219526,37.26,126.46
2023-04-20 08:00:00,예천,261.45,6,6,70.33048683064466,36.65,128.46
2023-04-20 08:00:00,창원,310.7333333333333,6,6,70.23043046782595,35.21,128.58
2023-04-20 08:00:00,탑선,259.4666666666667,6,6,71.67593054266857,35.24,126.81
2023-04-20 09:00:00,경상대,302.0,6,6,58.396022607335794,35.18,128.1
2023-04-20 09:00:00,고흥만수상,504.5833333333333,6,6,58.9580309092451,34.57,127.3
2023-04-20 09:00:00,광양항세방,444.6000000000001,6,6,58.674874819574995,34.93,127.71
2023-04-20 09:00:00,구미,480.76666666666665,6,6,58.353048545733074,36.13,128.34
2023-04-20 09:00:00,삼천포,464.6666666666667,6,6,58.38585688814838,34.95,128.07
2023-04-20 09:00:00,여수,507.09999999999997,6,6,58.62327096688881,34.74,127.74
2023-04-20 09:00:00,영동,179.3166666666667,6,6,58.436693261397636,37.18,128.46
2023-04-20 09:00:00,영흥,200.4,6,6,60.020737232292056,37.26,126.46
2023-04-20 09:00:00,예천,297.4833333333333,6,6,58.344776047534104,36.65,128.46
2023-04-20 09:00:00,창원,514.0500000000001,6,6,58.01305962906655,35.21,128.58
2023-04-20 09:00:00,탑선,474.56666666666666,6,6,59.44765906746869,35.24,126.81
2023-04-20 10:00:00,경상대,559.75,6,6,46.50512505495396,35.18,128.1
2023-04-20 10:00:00,고흥만수상,683.1166666666667,6,6,46.92616817063333,34.57,127.3
2023-04-20 10:00:00,광양항세방,619.2,6,6,46.723238898166855,34.93,127.71
2023-04-20 10:00:00,구미,630.25,6,6,46.65005741494437,36.13,128.34
2023-04-20 10:00:00,삼천포,645.9499999999999,6,6,46.45127786007086,34.95,128.07
2023-04-20 10:00:00,여수,685.0999999999999,6,6,46.63794272893061,34.74,127.74
2023-04-20 10:00:00,영동,264.03333333333336,6,6,46.94056336685045,37.18,128.46
2023-04-20 10:00:00,영흥,236.03333333333333,6,6,48.45687980966418,37.26,126.46
2023-04-20 10:00:00,예천,405.56666666666666,6,6,46.74621786060239,36.65,128.46
2023-04-20 10:00:00,창원,682.1833333333333,6,6,46.1464548363591,35.21,128.58
2023-04-20 10:00:00,탑선,647.3166666666667,6,6,47.52042691769588,35.24,126.81
2023-04-20 11:00:00,경상대,804.5499999999998,6,6,35.57695485284084,35.18,128.1
2023-04-20 11:00:00,고흥만수상,807.5833333333334,6,6,35.78055768068562,34.57,127.3
2023-04-20 11:00:00,광양항세방,745.3166666666667,6,6,35.699022283140046,34.93,127.71
2023-04-20 11:00:00,구미,704.8333333333334,6,6,35.96966575956877,36.13,128.34
2023-04-20 11:00:00,삼천포,865.0333333333333,6,6,35.46638718389784,34.95,128.07
2023-04-20 11:00:00,여수,810.35,6,6,35.57249706973065,34.74,127.74
2023-04-20 11:00:00,영동,353.7166666666667,6,6,36.521905691811746,37.18,128.46
2023-04-20 11:00:00,영흥,290.85,6,6,37.85318189270523,37.26,126.46
2023-04-20 11:00:00,예천,334.06666666666666,6,6,36.20159728860869,36.65,128.46
2023-04-20 11:00:00,창원,804.7166666666666,6,6,35.27332929482021,35.21,128.58
2023-04-20 11:00:00,탑선,770.6,6,6,36.48382476048321,35.24,126.81
2023-04-20 12:00:00,경상대,871.2833333333333,6,6,27.042561407556377,35.18,128.1
2023-04-20 12:00:00,고흥만수상,876.5833333333334,6,6,26.887406916873935,34.57,127.3
2023-04-20 12:00:00,광양항세방,816.4166666666666,6,6,27.002163047481282,34.93,127.71
2023-04-20 12:00:00,구미,617.6666666666667,6,6,27.754975465971626,36.13,128.34
2023-04-20 12:00:00,삼천포,934.6,6,6,26.86048368349769,34.95,128.07
2023-04-20 12:00:00,여수,877.65,6,6,26.82929150814435,34.74,127.74
2023-04-20 12:00:00,영동,535.1666666666666,6,6,28.618074091261242,37.18,128.46
2023-04-20 12:00:00,영흥,369.01666666666665,6,6,29.507679736642984,37.26,126.46
2023-04-20 12:00:00,예천,652.5833333333334,6,6,28.156617243975454,36.65,128.46
2023-04-20 12:00:00,창원,874.5166666666665,6,6,26.864062107183827,35.21,128.58
2023-04-20 12:00:00,탑선,835.0333333333334,6,6,27.667505065263178,35.24,126.81
2023-04-20 13:00:00,경상대,889.4000000000001,6,6,23.789396458861688,35.18,128.1
2023-04-20 13:00:00,고흥만수상,900.1833333333334,6,6,23.167138301714303,34.57,127.3
2023-04-20 13:00:00,광양항세방,841.1999999999998,6,6,23.530696445102322,34.93,127.71
2023-04-20 13:00:00,구미,778.9666666666667,6,6,24.746465586643794,36.13,128.34
2023-04-20 13:00:00,삼천포,951.5833333333334,6,6,23.558665795811066,34.95,128.07
2023-04-20 13:00:00,여수,899.65,6,6,23.34122099870278,34.74,127.74
2023-04-20 13:00:00,영동,666.1333333333333,6,6,25.799808311063103,37.18,128.46
2023-04-20 13:00:00,영흥,400.9333333333334,6,6,25.86717534714174,37.26,126.46
2023-04-20 13:00:00,예천,766.1333333333333,6,6,25.27039062676549,36.65,128.46
2023-04-20 13:00:00,창원,892.25,6,6,23.83733317901219,35.21,128.58
2023-04-20 13:00:00,탑선,847.4333333333334,6,6,23.840618673537747,35.24,126.81
2023-04-20 14:00:00,경상대,868.2666666666665,6,6,27.77497990485125,35.18,128.1
2023-04-20 14:00:00,고흥만수상,885.85,6,6,26.900036802477274,34.57,127.3
2023-04-20 14:00:00,광양항세방,817.5333333333333,6,6,27.38742774583649,34.93,127.71
2023-04-20 14:00:00,구미,778.0,6,6,28.66666330746184,36.13,128.34
2023-04-20 14:00:00,삼천포,917.7833333333334,6,6,27.572771208863905,34.95,128.07
2023-04-20 14:00:00,여수,882.8166666666667,6,6,27.245298733030012,34.74,127.74
2023-04-20 14:00:00,영동,496.98333333333335,6,6,29.590544060388766,37.18,128.46
2023-04-20 14:00:00,영흥,414.84999999999997,6,6,28.819440119871466,37.26,126.46
2023-04-20 14:00:00,예천,760.4666666666667,6,6,29.15061624560741,36.65,128.46
2023-04-20 14:00:00,창원,837.7833333333334,6,6,28.027054353136975,35.21,128.58
2023-04-20 14:00:00,탑선,673.1666666666666,6,6,27.238355259367665,35.24,126.81
2023-04-20 15:00:00,경상대,802.8499999999999,6,6,36.67874885807247,35.18,128.1
2023-04-20 15:00:00,고흥만수상,827.1500000000001,6,6,35.79649443442817,34.57,127.3
2023-04-20 15:00:00,광양항세방,745.7166666666667,6,6,36.274952107949694,34.93,127.71
2023-04-20 15:00:00,구미,768.5666666666667,6,6,37.36100038192077,36.13,128.34
2023-04-20 15:00:00,삼천포,847.15,6,6,36.53413010208139,34.95,128.07
2023-04-20 15:00:00,여수,821.35,6,6,36.19283441658064,34.74,127.74
2023-04-20 15:00:00,영동,411.65000000000003,6,6,38.027784307506664,37.18,128.46
2023-04-20 15:00:00,영흥,230.1833333333333,6,6,36.781521945414234,37.26,126.46
2023-04-20 15:00:00,예천,675.7833333333334,6,6,37.729911203767394,36.65,128.46
2023-04-20 15:00:00,창원,786.4333333333334,6,6,37.02585218733366,35.21,128.58
2023-04-20 15:00:00,탑선,727.7166666666666,6,6,35.83311065158425,35.24,126.81
2023-04-20 16:00:00,경상대,688.8333333333334,6,6,47.75272564680496,35.18,128.1
2023-04-20 16:00:00,고흥만수상,707.4166666666666,6,6,46.93835239354851,34.57,127.3
2023-04-20 16:00:00,광양항세방,627.5,6,6,47.3712428014777,34.93,127.71
2023-04-20 16:00:00,구미,664.9499999999999,6,6,48.239169696623485,36.13,128.34
2023-04-20 16:00:00,삼천포,711.3000000000001,6,6,47.65790015682431,34.95,128.07
2023-04-20 16:00:00,여수,701.4,6,6,47.335297621095464,34.74,127.74
2023-04-20 16:00:00,영동,322.18333333333334,6,6,48.67542838461487,37.18,128.46
2023-04-20 16:00:00,영흥,235.71666666666667,6,6,47.211389184591354,37.26,126.46
2023-04-20 16:00:00,예천,473.2166666666667,6,6,48.49964705314516,36.65,128.46
2023-04-20 16:00:00,창원,688.15,6,6,48.13503874409982,35.21,128.58
2023-04-20 16:00:00,탑선,681.3,6,6,46.773924419215945,35.24,126.81
2023-04-20 17:00:00,경상대,522.8000000000001,6,6,59.692410917075634,35.18,128.1
2023-04-20 17:00:00,고흥만수상,535.35,6,6,58.96141059298027,34.57,127.3
2023-04-20 17:00:00,광양항세방,469.98333333333335,6,6,59.343075047736875,34.93,127.71
2023-04-20 17:00:00,구미,488.93333333333334,6,6,60.012850934203755,36.13,128.34
2023-04-20 17:00:00,삼천포,533.8000000000001,6,6,59.63828081281217,34.95,128.07
2023-04-20 17:00:00,여수,533.0500000000001,6,6,59.342574073243256,34.74,127.74
2023-04-20 17:00:00,영동,280.5333333333333,6,6,60.25696831331831,37.18,128.46
2023-04-20 17:00:00,영흥,210.9,6,6,58.69706495928348,37.26,126.46
2023-04-20 17:00:00,예천,387.3999999999999,6,6,60.18086107803177,36.65,128.46
2023-04-20 17:00:00,창원,521.6,6,6,60.085286528173214,35.21,128.58
2023-04-20 17:00:00,탑선,528.3000000000001,6,6,58.65676232059705,35.24,126.81
2023-04-20 18:00:00,경상대,322.8833333333334,6,6,71.91824327646935,35.18,128.1
2023-04-20 18:00:00,고흥만수상,331.78333333333325,6,6,71.27654658421065,34.57,127.3
2023-04-20 18:00:00,광양항세방,285.2666666666667,6,6,71.60524700395545,34.93,127.71
2023-04-20 18:00:00,구미,322.6333333333333,6,6,72.09003219130585,36.13,128.34
2023-04-20 18:00:00,삼천포,323.9166666666667,6,6,71.89976467497017,34.95,128.07
2023-04-20 18:00:00,여수,331.00000000000006,6,6,71.63445257831663,34.74,127.74
2023-04-20 18:00:00,영동,242.79999999999998,6,6,72.16468487576171,37.18,128.46
2023-04-20 18:00:00,영흥,125.01666666666665,6,6,70.57150101055396,37.26,126.46
2023-04-20 18:00:00,예천,278.0166666666667,6,6,72.17513945790911,36.65,128.46
2023-04-20 18:00:00,창원,322.2,6,6,72.30950078082458,35.21,128.58
2023-04-20 18:00:00,탑선,336.8,6,6,70.86328869119627,35.24,126.81
2023-04-20 19:00:00,경상대,199.6,1,6,84.10058005238831,35.18,128.1
2023-04-20 19:00:00,고흥만수상,190.60000000000002,2,6,83.55668071375555,34.57,127.3
2023-04-20 19:00:00,광양항세방,156.8,2,6,83.82861895423619,34.93,127.71
2023-04-20 19:00:00,구미,191.8,1,6,84.12881286468644,36.13,128.34
2023-04-20 19:00:00,삼천포,200.0,1,6,84.1159967832991,34.95,128.07
2023-04-20 19:00:00,여수,189.05,2,6,83.88502701316126,34.74,127.74
2023-04-20 19:00:00,영동,66.7,1,6,84.04250762874878,37.18,128.46
2023-04-20 19:00:00,영흥,139.75,2,6,82.4579611810111,37.26,126.46
2023-04-20 19:00:00,예천,183.9,1,6,84.13401276509238,36.65,128.46
2023-04-20 19:00:00,창원,197.6,1,6,84.48158859253805,35.21,128.58
2023-04-20 19:00:00,탑선,202.9,2,6,83.05124135905987,35.24,126.81
2023-04-20 20:00:00,경상대,,0,6,95.96784026054956,35.18,128.1
2023-04-20 20:00:00,고흥만수상,,0,6,95.53670038482952,34.57,127.3
2023-04-20 20:00:00,광양항세방,,0,6,95.74424849566468,34.93,127.71
2023-04-20 20:00:00,구미,,0,6,95.84760842235079,36.13,128.34
2023-04-20 20:00:00,삼천포,,0,6,96.01785555590044,34.95,128.07
2023-04-20 20:00:00,여수,,0,6,95.82741550303786,34.74,127.74
2023-04-20 20:00:00,영동,,0,6,95.59805854724146,37.18,128.46
2023-04-20 20:00:00,영흥,,0,6,94.06156664204735,37.26,126.46
2023-04-20 20:00:00,예천,,0,6,95.7705295940877,36.65,128.46
2023-04-20 20:00:00,창원,,0,6,96.32963579743596,35.21,128.58
2023-04-20 20:00:00,탑선,,0,6,94.94793325983433,35.24,126.81
2023-04-20 21:00:00,경상대,,0,6,107.20443478304806,35.18,128.1
2023-04-20 21:00:00,고흥만수상,,0,6,106.91033426292006,34.57,127.3
2023-04-20 21:00:00,광양항세방,,0,6,107.04071866351029,34.93,127.71
2023-04-20 21:00:00,구미,,0,6,106.92242853392307,36.13,128.34
2023-04-20 21:00:00,삼천포,,0,6,107.29167037540802,34.95,128.07
2023-04-20 21:00:00,여수,,0,6,107.15149239218806,34.74,127.74
2023-04-20 21:00:00,영동,,0,6,106.49928757284063,37.18,128.46
2023-04-20 21:00:00,영흥,,0,6,105.0600293729676,37.26,126.46
2023-04-20 21:00:00,예천,,0,6,106.75631442266409,36.65,128.46
2023-04-20 21:00:00,창원,,0,6,107.53496770554844,35.21,128.58
2023-04-20 21:00:00,탑선,,0,6,106.2445491608155,35.24,126.81
2023-04-20 22:00:00,경상대,,0,6,117.35942837495486,35.18,128.1
2023-04-20 22:00:00,고흥만수상,,0,6,117.23856498790742,34.57,127.3
2023-04-20 22:00:00,광양항세방,,0,6,117.27270421303587,34.93,127.71
2023-04-20 22:00:00,구미,,0,6,116.89683516448056,36.13,128.34
2023-04-20 22:00:00,삼천포,,0,6,117.48759311998353,34.95,128.07
2023-04-20 22:00:00,여수,,0,6,117.41220721571793,34.74,127.74
2023-04-20 22:00:00,영동,,0,6,116.28618365901015,37.18,128.46
2023-04-20 22:00:00,영흥,,0,6,115.01547061631477,37.26,126.46
2023-04-20 22:00:00,예천,,0,6,116.63235027096091,36.65,128.46
2023-04-20 22:00:00,창원,,0,6,117.64057035969009,35.21,128.58
2023-04-20 22:00:00,탑선,,0,6,116.50551227255474,35.24,126.81
2023-04-20 23:00:00,경상대,,0,6,125.7441847918999,35.18,128.1
2023-04-20 23:00:00,고흥만수상,,0,6,125.84340085029825,34.57,127.3
2023-04-20 23:00:00,광양항세방,,0,6,125.75697926112971,34.93,127.71
2023-04-20 23:00:00,구미,,0,6,125.08618433879444,36.13,128.34
2023-04-20 23:00:00,삼천포,,0,6,125.9156535074437,34.95,128.07
2023-04-20 23:00:00,여수,,0,6,125.9242925727821,34.74,127.74
2023-04-20 23:00:00,영동,,0,6,124.28223739925716,37.18,128.46
2023-04-20 23:00:00,영흥,,0,6,123.28509301286903,37.26,126.46
2023-04-20 23:00:00,예천,,0,6,124.71684874571724,36.65,128.46
2023-04-20 23:00:00,창원,,0,6,125.94893567443691,35.21,128.58
2023-04-20 23:00:00,탑선,,0,6,125.06679927563911,35.24,126.81
2023-04-21 00:00:00,경상대,,0,6,131.38180235522134,35.18,128.1
2023-04-21 00:00:00,고흥만수상,,0,6,131.74221767299736,34.57,127.3
2023-04-21 00:00:00,광양항세방,,0,6,131.51507483046848,34.93,127.71
2023-04-21 00:00:00,구미,,0,6,130.54121339579967,36.13,128.34
2023-04-21 00:00:00,삼천포,,0,6,131.59187469560706,34.95,128.07
2023-04-21 00:00:00,여수,,0,6,131.7026230870498,34.74,127.74
2023-04-21 00:00:00,영동,,0,6,129.57110342305378,37.18,128.46
2023-04-21 00:00:00,영흥,,0,6,128.9814147018896,37.26,126.46
2023-04-21 00:00:00,예천,,0,6,130.07605051822242,36.65,128.46
2023-04-21 00:00:00,창원,,0,6,131.47639662386564,35.21,128.58
2023-04-21 00:00:00,탑선,,0,6,130.97524778602622,35.24,126.81
2023-04-21 01:00:00,경상대,,0,5,133.23905795804285,35.18,128.1
2023-04-21 01:00:00,고흥만수상,,0,5,133.8562080828865,34.57,127.3
2023-04-21 01:00:00,광양항세방,,0,5,133.4940632583664,34.93,127.71
2023-04-21 01:00:00,구미,,0,5,132.2848569242488,36.13,128.34
2023-04-21 01:00:00,삼천포,,0,5,133.46949707527472,34.95,128.07
2023-04-21 01:00:00,여수,,0,5,133.68375884255755,34.74,127.74
2023-04-21 01:00:00,영동,,0,5,131.23268785860407,37.18,128.46
2023-04-21 01:00:00,영흥,,0,5,131.16093041689226,37.26,126.46
2023-04-21 01:00:00,예천,,0,5,131.76246504450614,36.65,128.46
2023-04-21 01:00:00,창원,,0,5,133.19888145913785,35.21,128.58
2023-04-21 01:00:00,탑선,,0,5,133.18455917773537,35.24,126.81
2023-04-21 02:00:00,경상대,,0,6,130.87723165960827,35.18,128.1
2023-04-21 02:00:00,고흥만수상,,0,6,131.6773178951211,34.57,127.3
2023-04-21 02:00:00,광양항세방,,0,6,131.22335792193257,34.93,127.71
2023-04-21 02:00:00,구미,,0,6,129.919795205066,36.13,128.34
2023-04-21 02:00:00,삼천포,,0,6,131.10099096088828,34.95,128.07
2023-04-21 02:00:00,여수,,0,6,131.39287235815345,34.74,127.74
2023-04-21 02:00:00,영동,,0,6,128.9034616792689,37.18,128.46
2023-04-21 02:00:00,영흥,,0,6,129.3562789955115,37.26,126.46
2023-04-21 02:00:00,예천,,0,6,129.3993199687504,36.65,128.46
2023-04-21 02:00:00,창원,,0,6,130.70841052256168,35.21,128.58
2023-04-21 02:00:00,탑선,,0,6,131.18021790561514,35.24,126.81
2023-04-21 03:00:00,경상대,,0,6,124.84405883446053,35.18,128.1
2023-04-21 03:00:00,고흥만수상,,0,6,125.7274727020974,34.57,127.3
2023-04-21 03:00:00,광양항세방,,0,6,125.2369423439695,34.93,127.71
2023-04-21 03:00:00,구미,,0,6,123.97306785226849,36.13,128.34
2023-04-21 03:00:00,삼천포,,0,6,125.04084398053125,34.95,128.07
2023-04-21 03:00:00,여수,,0,6,125.37262400598338,34.74,127.74
2023-04-21 03:00:00,영동,,0,6,123.08107297871403,37.18,128.46
2023-04-21 03:00:00,영흥,,0,6,123.9586896058518,37.26,126.46
2023-04-21 03:00:00,예천,,0,6,123.50200997152662,36.65,128.46
2023-04-21 03:00:00,창원,,0,6,124.57891281433851,35.21,128.58
2023-04-21 03:00:00,탑선,,0,6,125.43173099858882,35.24,126.81
2023-04-21 04:00:00,경상대,,0,6,116.19427178605679,35.18,128.1
2023-04-21 04:00:00,고흥만수상,,0,6,117.0877728265223,34.57,127.3
2023-04-21 04:00:00,광양항세방,,0,6,116.59974182553809,34.93,127.71
2023-04-21 04:00:00,구미,,0,6,115.4503408467689,36.13,128.34
2023-04-21 04:00:00,삼천포,,0,6,116.35632106598081,34.95,128.07
2023-04-21 04:00:00,여수,,0,6,116.6990009844634,34.74,127.74
2023-04-21 04:00:00,영동,,0,6,114.71849284020729,37.18,128.46
2023-04-21 04:00:00,영흥,,0,6,115.89244122467088,37.26,126.46
2023-04-21 04:00:00,예천,,0,6,115.05031354413815,36.65,128.46
2023-04-21 04:00:00,창원,,0,6,115.86755067395151,35.21,128.58
2023-04-21 04:00:00,탑선,,0,6,116.97607678310335,35.24,126.81
2023-04-21 05:00:00,경상대,,0,6,105.87292397446501,35.18,128.1
2023-04-21 05:00:00,고흥만수상,,0,6,106.73623822473917,34.57,127.3
2023-04-21 05:00:00,광양항세방,,0,6,106.27125868091333,34.93,127.71
2023-04-21 05:00:00,구미,,0,6,105.26495575187472,36.13,128.34
2023-04-21 05:00:00,삼천포,,0,6,105.99978220963882,34.95,128.07
2023-04-21 05:00:00,여수,,0,6,106.3366863058873,34.74,127.74
2023-04-21 05:00:00,영동,,0,6,104.69721071608791,37.18,128.46
2023-04-21 05:00:00,영흥,,0,6,106.06385095527324,37.26,126.46
2023-04-21 05:00:00,예천,,0,6,104.94078732258535,36.65,128.46
2023-04-21 05:00:00,창원,,0,6,105.50987680136963,35.21,128.58
2023-04-21 05:00:00,탑선,,0,6,106.77881603474663,35.24,126.81
2023-04-21 06:00:00,경상대,,0,6,94.5339084298476,35.18,128.1
2023-04-21 06:00:00,고흥만수상,,0,6,95.34586785872669,34.57,127.3
2023-04-21 06:00:00,광양항세방,,0,6,94.91425852712258,34.93,127.71
2023-04-21 06:00:00,구미,,0,6,94.0602087281306,36.13,128.34
2023-04-21 06:00:00,삼천포,,0,6,94.62714009479393,34.95,128.07
2023-04-21 06:00:00,여수,,0,6,94.94913085402155,34.74,127.74
2023-04-21 06:00:00,영동,,0,6,93.65100692127953,37.18,128.46
2023-04-21 06:00:00,영흥,,0,6,95.13876027121815,37.26,126.46
2023-04-21 06:00:00,예천,,0,6,93.81106017027811,36.65,128.46
2023-04-21 06:00:00,창원,,0,6,94.15084324480667,35.21,128.58
2023-04-21 06:00:00,탑선,,0,6,95.51732980282176,35.24,126.81
2023-04-21 07:00:00,경상대,139.5,1,6,82.60531473287563,35.18,128.1
2023-04-21 07:00:00,고흥만수상,170.8,1,6,83.35195366009768,34.57,127.3
2023-04-21 07:00:00,광양항세방,140.7,1,6,82.9604571963537,34.93,127.71
2023-04-21 07:00:00,구미,135.6,1,6,82.26484399712373,36.13,128.34
2023-04-21 07:00:00,삼천포,148.4,1,6,82.66595781173987,34.95,128.07
2023-04-21 07:00:00,여수,167.4,1,6,82.96697595297246,34.74,127.74
2023-04-21 07:00:00,영동,144.5,1,6,82.01057851792498,37.18,128.46
2023-04-21 07:00:00,영흥,145.8,1,6,83.5699676056173,37.26,126.46
2023-04-21 07:00:00,예천,166.8,1,6,82.09024694153142,36.65,128.46
2023-04-21 07:00:00,창원,89.4,1,6,82.21316572285717,35.21,128.58
2023-04-21 07:00:00,탑선,119.0,1,6,83.63518740767987,35.24,126.81
2023-04-21 08:00:00,경상대,250.35,6,6,70.39093976526064,35.18,128.1
2023-04-21 08:00:00,고흥만수상,255.48333333333332,6,6,71.05784777518129,34.57,127.3
2023-04-21 08:00:00,광양항세방,230.83333333333334,6,6,70.71376234200486,34.93,127.71
2023-04-21 08:00:00,구미,171.23333333333332,6,6,70.18881224533276,36.13,128.34
2023-04-21 08:00:00,삼천포,304.5833333333333,6,6,70.41837686625728,34.95,128.07
2023-04-21 08:00:00,여수,263.43333333333334,6,6,70.6924718870974,34.74,127.74
2023-04-21 08:00:00,영동,193.51666666666665,6,6,70.09320401568505,37.18,128.46
2023-04-21 08:00:00,영흥,256.8,6,6,71.68535134983966,37.26,126.46
2023-04-21 08:00:00,예천,217.14999999999998,6,6,70.09166934538366,36.65,128.46
2023-04-21 08:00:00,창원,277.48333333333335,6,6,69.99842202015584,35.21,128.58
2023-04-21 08:00:00,탑선,228.35,6,6,71.44368954229876,35.24,126.81
2023-04-21 09:00:00,경상대,472.5666666666668,6,6,58.16006972236828,35.18,128.1
2023-04-21 09:00:00,고흥만수상,472.2666666666667,6,6,58.72572293316038,34.57,127.3
2023-04-21 09:00:00,광양항세방,411.38333333333327,6,6,58.44045552249938,34.93,127.71
2023-04-21 09:00:00,구미,182.6833333333333,6,6,58.112088970833554,36.13,128.34
2023-04-21 09:00:00,삼천포,495.3166666666666,6,6,58.1511120451856,34.95,128.07
2023-04-21 09:00:00,여수,489.34999999999997,6,6,58.389819049622844,34.74,127.74
2023-04-21 09:00:00,영동,223.96666666666667,6,6,58.190409224144446,37.18,128.46
2023-04-21 09:00:00,영흥,435.18333333333334,6,6,59.77534745750475,37.26,126.46
2023-04-21 09:00:00,예천,263.7166666666667,6,6,58.10112273616108,36.65,128.46
2023-04-21 09:00:00,창원,492.1499999999999,6,6,57.77664169857101,35.21,128.58
2023-04-21 09:00:00,탑선,433.0999999999999,6,6,59.21217304087696,35.24,126.81
2023-04-21 10:00:00,경상대,559.5333333333334,6,6,46.25325295344193,35.18,128.1
2023-04-21 10:00:00,고흥만수상,619.5999999999999,6,6,46.67886086804612,34.57,127.3
2023-04-21 10:00:00,광양항세방,546.7833333333333,6,6,46.473331360929926,34.93,127.71
2023-04-21 10:00:00,구미,159.45,6,6,46.392749881615615,36.13,128.34
2023-04-21 10:00:00,삼천포,577.2666666666668,6,6,46.2007028645131,34.95,128.07
2023-04-21 10:00:00,여수,648.6999999999999,6,6,46.38902962417042,34.74,127.74
2023-04-21 10:00:00,영동,267.4166666666667,6,6,46.67767740584172,37.18,128.46
2023-04-21 10:00:00,영흥,556.1666666666666,6,6,48.19662839308898,37.26,126.46
2023-04-21 10:00:00,예천,243.01666666666665,6,6,46.48602501052853,36.65,128.46
2023-04-21 10:00:00,창원,680.6,6,6,45.89365943902675,35.21,128.58
2023-04-21 10:00:00,탑선,567.7166666666666,6,6,47.27019203833339,35.24,126.81
2023-04-21 11:00:00,경상대,566.1666666666666,6,6,35.292812792292985,35.18,128.1
2023-04-21 11:00:00,고흥만수상,654.85,6,6,35.50170650722678,34.57,127.3
2023-04-21 11:00:00,광양항세방,627.5833333333334,6,6,35.41720282568912,34.93,127.71
2023-04-21 11:00:00,구미,238.61666666666665,6,6,35.68034776731946,36.13,128.34
2023-04-21 11:00:00,삼천포,549.5666666666666,6,6,35.183467349949865,34.95,128.07
2023-04-21 11:00:00,여수,667.9666666666667,6,6,35.29155467346507,34.74,127.74
2023-04-21 11:00:00,영동,283.31666666666666,6,6,36.22760704585448,37.18,128.46
2023-04-21 11:00:00,영흥,649.7666666666665,6,6,37.56361254340388,37.26,126.46
2023-04-21 11:00:00,예천,423.0,6,6,35.90960861202413,36.65,128.46
2023-04-21 11:00:00,창원,796.1333333333333,6,6,34.98770120023395,35.21,128.58
2023-04-21 11:00:00,탑선,717.5833333333334,6,6,36.20289543683212,35.24,126.81
2023-04-21 12:00:00,경상대,800.8833333333333,6,6,26.7127163656818,35.18,128.1
2023-04-21 12:00:00,고흥만수상,776.5333333333334,6,6,26.56136894906897,34.57,127.3
2023-04-21 12:00:00,광양항세방,730.8000000000001,6,6,26.674007325960595,34.93,127.71
2023-04-21 12:00:00,구미,356.75,6,6,27.422574214814723,36.13,128.34
2023-04-21 12:00:00,삼천포,575.4333333333334,6,6,26.531229710278843,34.95,128.07
2023-04-21 12:00:00,여수,813.0833333333334,6,6,26.501494353471543,34.74,127.74
2023-04-21 12:00:00,영동,210.9333333333333,6,6,28.283558857993015,37.18,128.46
2023-04-21 12:00:00,영흥,754.3333333333334,6,6,29.177838734161703,37.26,126.46
2023-04-21 12:00:00,예천,495.21666666666675,6,6,27.822985582611246,36.65,128.46
2023-04-21 12:00:00,창원,738.3833333333333,6,6,26.532812668628104,35.21,128.58
2023-04-21 12:00:00,탑선,832.3499999999999,6,6,27.341266020395267,35.24,126.81
2023-04-21 13:00:00,경상대,867.8833333333332,6,6,23.448597571605404,35.18,128.1
2023-04-21 13:00:00,고흥만수상,564.3833333333333,6,6,22.824738307358103,34.57,127.3
2023-04-21 13:00:00,광양항세방,646.6333333333333,6,6,23.189093335980303,34.93,127.71
2023-04-21 13:00:00,구미,588.7333333333332,6,6,24.406081570363057,36.13,128.34
2023-04-21 13:00:00,삼천포,496.51666666666665,6,6,23.217823748404413,34.95,128.07
2023-04-21 13:00:00,여수,736.8000000000001,6,6,22.9996897725718,34.74,127.74
2023-04-21 13:00:00,영동,246.51666666666665,6,6,25.459547247062133,37.18,128.46
2023-04-21 13:00:00,영흥,814.9666666666667,6,6,25.523500289065325,37.26,126.46
2023-04-21 13:00:00,예천,400.3999999999999,6,6,24.930197527959322,36.65,128.46
2023-04-21 13:00:00,창원,846.8499999999999,6,6,23.497623374787764,35.21,128.58
2023-04-21 13:00:00,탑선,864.0833333333334,6,6,23.497370627732735,35.24,126.81
2023-04-21 14:00:00,경상대,860.3499999999999,6,6,27.49932408106521,35.18,128.1
2023-04-21 14:00:00,고흥만수상,346.9166666666667,6,6,26.622870669808187,34.57,127.3
2023-04-21 14:00:00,광양항세방,793.0666666666667,6,6,27.110840958424497,34.93,127.71
2023-04-21 14:00:00,구미,625.1833333333333,6,6,28.388048794038383,36.13,128.34
2023-04-21 14:00:00,삼천포,844.0,6,6,27.298011805832616,34.95,128.07
2023-04-21 14:00:00,여수,823.4333333333333,6,6,26.969741307999108,34.74,127.74
2023-04-21 14:00:00,영동,320.79999999999995,6,6,29.308193347754596,37.18,128.46
2023-04-21 14:00:00,영흥,791.5333333333333,6,6,28.527425452752638,37.26,126.46
2023-04-21 14:00:00,예천,310.5,6,6,28.870407733503825,36.65,128.46
2023-04-21 14:00:00,창원,880.15,6,6,27.75377685348073,35.21,128.58
2023-04-21 14:00:00,탑선,845.5166666666665,6,6,26.95565553416131,35.24,126.81
2023-04-21 15:00:00,경상대,524.8833333333333,6,6,36.471173142127356,35.18,128.1
2023-04-21 15:00:00,고흥만수상,705.3833333333333,6,6,35.59023367245188,34.57,127.3
2023-04-21 15:00:00,광양항세방,670.85,6,6,36.0676927381372,34.93,127.71
2023-04-21 15:00:00,구미,337.6166666666666,6,6,37.14790119815497,36.13,128.34
2023-04-21 15:00:00,삼천포,823.9000000000001,6,6,36.32802809252393,34.95,128.07
2023-04-21 15:00:00,여수,804.5166666666668,6,6,35.98699993496342,34.74,127.74
2023-04-21 15:00:00,영동,568.2166666666667,6,6,37.80835370971134,37.18,128.46
2023-04-21 15:00:00,영흥,737.3333333333334,6,6,36.55455160916431,37.26,126.46
2023-04-21 15:00:00,예천,483.7333333333333,6,6,37.513847771395156,36.65,128.46
2023-04-21 15:00:00,창원,816.0666666666667,6,6,36.819763270286934,35.21,128.58
2023-04-21 15:00:00,탑선,792.75,6,6,35.620423487062794,35.24,126.81
2023-04-21 16:00:00,경상대,310.0,6,6,47.58460598664868,35.18,128.1
2023-04-21 16:00:00,고흥만수상,599.8833333333334,6,6,46.772944503457154,34.57,127.3
2023-04-21 16:00:00,광양항세방,374.7833333333333,6,6,47.20411772885053,34.93,127.71
2023-04-21 16:00:00,구미,412.75,6,6,48.06510771222883,36.13,128.34
2023-04-21 16:00:00,삼천포,649.9666666666666,6,6,47.49129143643696,34.95,128.07
2023-04-21 16:00:00,여수,469.26666666666665,6,6,47.169528907355335,34.74,127.74
2023-04-21 16:00:00,영동,676.1166666666667,6,6,48.49470192522306,37.18,128.46
2023-04-21 16:00:00,영흥,636.4166666666666,6,6,47.026330038299406,37.26,126.46
2023-04-21 16:00:00,예천,601.75,6,6,48.32237256032105,36.65,128.46
2023-04-21 16:00:00,창원,694.1833333333334,6,6,47.96756978813233,35.21,128.58
2023-04-21 16:00:00,탑선,680.1666666666666,6,6,46.60299250960364,35.24,126.81
2023-04-21 17:00:00,경상대,256.96666666666664,6,6,59.5421688482783,35.18,128.1
2023-04-21 17:00:00,고흥만수상,429.3666666666666,6,6,58.81446757938188,34.57,127.3
2023-04-21 17:00:00,광양항세방,250.18333333333328,6,6,59.194140407971176,34.93,127.71
2023-04-21 17:00:00,구미,377.1166666666666,6,6,59.856872559355324,36.13,128.34
2023-04-21 17:00:00,삼천포,387.51666666666665,6,6,59.48945821836932,34.95,128.07
2023-04-21 17:00:00,여수,178.9333333333333,6,6,59.1948540952838,34.74,127.74
2023-04-21 17:00:00,영동,516.8666666666667,6,6,60.09464537833217,37.18,128.46
2023-04-21 17:00:00,영흥,327.78333333333336,6,6,58.53272621496423,37.26,126.46
2023-04-21 17:00:00,예천,444.04999999999995,6,6,60.02177019744468,36.65,128.46
2023-04-21 17:00:00,창원,522.9499999999999,6,6,59.935165260339396,35.21,128.58
2023-04-21 17:00:00,탑선,520.8166666666667,6,6,58.50524511060126,35.24,126.81
2023-04-21 18:00:00,경상대,252.18333333333328,6,6,71.77165626359337,35.18,128.1
2023-04-21 18:00:00,고흥만수상,299.9166666666667,6,6,71.13358063758308,34.57,127.3
2023-04-21 18:00:00,광양항세방,175.03333333333333,6,6,71.4601497367176,34.93,127.71
2023-04-21 18:00:00,구미,264.93333333333334,6,6,71.93798227535392,36.13,128.34
2023-04-21 18:00:00,삼천포,257.83333333333337,6,6,71.75450446518107,34.95,128.07
2023-04-21 18:00:00,여수,166.63333333333335,6,6,71.49044822497612,34.74,127.74
2023-04-21 18:00:00,영동,324.28333333333336,6,6,72.0066753336093,37.18,128.46
2023-04-21 18:00:00,영흥,228.23333333333335,6,6,70.41313148645159,37.26,126.46
2023-04-21 18:00:00,예천,286.46666666666664,6,6,72.0201238004887,36.65,128.46
2023-04-21 18:00:00,창원,319.56666666666666,6,6,72.16267180601656,35.21,128.58
2023-04-21 18:00:00,탑선,332.96666666666664,6,6,70.7164904171021,35.24,126.81
2023-04-21 19:00:00,경상대,172.75,2,6,83.94709068920456,35.18,128.1
2023-04-21 19:00:00,고흥만수상,169.45,2,6,83.40707945487067,34.57,127.3
2023-04-21 19:00:00,광양항세방,140.8,2,6,83.6767691840314,34.93,127.71
2023-04-21 19:00:00,구미,169.55,2,6,83.9700822079985,36.13,128.34
2023-04-21 19:00:00,삼천포,179.05,2,6,83.9637615512304,34.95,128.07
2023-04-21 19:00:00,여수,124.25,2,6,83.73417439088405,34.74,127.74
2023-04-21 19:00:00,영동,192.0,2,6,83.87814846838171,37.18,128.46
2023-04-21 19:00:00,영흥,188.35000000000002,2,6,82.29458107218079,37.26,126.46
2023-04-21 19:00:00,예천,166.65,2,6,83.97244212655382,36.65,128.46
2023-04-21 19:00:00,창원,195.5,1,6,84.32756218201577,35.21,128.58
2023-04-21 19:00:00,탑선,201.39999999999998,2,6,82.89839621967454,35.24,126.81
2023-04-21 20:00:00,경상대,,0,6,95.79816530519113,35.18,128.1
2023-04-21 20:00:00,고흥만수상,,0,6,95.37118946928739,34.57,127.3
2023-04-21 20:00:00,광양항세방,,0,6,95.57636377128674,34.93,127.71
2023-04-21 20:00:00,구미,,0,6,95.672883481079,36.13,128.34
2023-04-21 20:00:00,삼천포,,0,6,95.84937264757355,34.95,128.07
2023-04-21 20:00:00,여수,,0,6,95.66044364064547,34.74,127.74
2023-04-21 20:00:00,영동,,0,6,95.41801567850538,37.18,128.46
2023-04-21 20:00:00,영흥,,0,6,93.88374993894644,37.26,126.46
2023-04-21 20:00:00,예천,,0,6,95.59308022921935,36.65,128.46
2023-04-21 20:00:00,창원,,0,6,96.15914125831678,35.21,128.58
2023-04-21 20:00:00,탑선,,0,6,94.77971060384968,35.24,126.81
2023-04-21 21:00:00,경상대,,0,6,107.00924574421622,35.18,128.1
2023-04-21 21:00:00,고흥만수상,,0,6,106.71956733771916,34.57,127.3
2023-04-21 21:00:00,광양항세방,,0,6,106.84746331278143,34.93,127.71
2023-04-21 21:00:00,구미,,0,6,106.72245292906781,36.13,128.34
2023-04-21 21:00:00,삼천포,,0,6,107.09759521215915,34.95,128.07
2023-04-21 21:00:00,여수,,0,6,106.95905197466614,34.74,127.74
2023-04-21 21:00:00,영동,,0,6,106.29440156085708,37.18,128.46
2023-04-21 21:00:00,영흥,,0,6,104.85863322741298,37.26,126.46
2023-04-21 21:00:00,예천,,0,6,106.55377555939678,36.65,128.46
2023-04-21 21:00:00,창원,,0,6,107.3386661423763,35.21,128.58
2023-04-21 21:00:00,탑선,,0,6,106.05165693467666,35.24,126.81
2023-04-21 22:00:00,경상대,,0,6,117.12913618608266,35.18,128.1
2023-04-21 22:00:00,고흥만수상,,0,6,117.01278261169749,34.57,127.3
2023-04-21 22:00:00,광양항세방,,0,6,117.0444162436249,34.93,127.71
2023-04-21 22:00:00,구미,,0,6,116.66229267657857,36.13,128.34
2023-04-21 22:00:00,삼천포,,0,6,117.25827225478953,34.95,128.07
2023-04-21 22:00:00,여수,,0,6,117.18458475703719,34.74,127.74
2023-04-21 22:00:00,영동,,0,6,116.04744234635521,37.18,128.46
2023-04-21 22:00:00,영흥,,0,6,114.78142476413046,37.26,126.46
2023-04-21 22:00:00,예천,,0,6,116.39555815723227,36.65,128.46
2023-04-21 22:00:00,창원,,0,6,117.40888902488686,35.21,128.58
2023-04-21 22:00:00,탑선,,0,6,116.27836522080707,35.24,126.81
2023-04-21 23:00:00,경상대,,0,6,125.47101003930318,35.18,128.1
2023-04-21 23:00:00,고흥만수상,,0,6,125.57429916893494,34.57,127.3
2023-04-21 23:00:00,광양항세방,,0,6,125.48564526718337,34.93,127.71
2023-04-21 23:00:00,구미,,0,6,124.80984333084504,36.13,128.34
2023-04-21 23:00:00,삼천포,,0,6,125.64318041453524,34.95,128.07
2023-04-21 23:00:00,여수,,0,6,125.65338418880464,34.74,127.74
2023-04-21 23:00:00,영동,,0,6,124.00295177095177,37.18,128.46
2023-04-21 23:00:00,영흥,,0,6,123.01118645752416,37.26,126.46
2023-04-21 23:00:00,예천,,0,6,124.4388616264556,36.65,128.46
2023-04-21 23:00:00,창원,,0,6,125.67424699432088,35.21,128.58
2023-04-21 23:00:00,탑선,,0,6,124.79731380723712,35.24,126.81
2023-04-22 00:00:00,경상대,,0,6,131.06614956986056,35.18,128.1
2023-04-22 00:00:00,고흥만수상,,0,6,131.42926187628203,34.57,127.3
2023-04-22 00:00:00,광양항세방,,0,6,131.20066485669707,34.93,127.71
2023-04-22 00:00:00,구미,,0,6,130.22404104565163,36.13,128.34
2023-04-22 00:00:00,삼천포,,0,6,131.27653299318348,34.95,128.07
2023-04-22 00:00:00,여수,,0,6,131.38834085869172,34.74,127.74
2023-04-22 00:00:00,영동,,0,6,129.25268202426298,37.18,128.46
2023-04-22 00:00:00,영흥,,0,6,128.66756804748098,37.26,126.46
2023-04-22 00:00:00,예천,,0,6,129.75811042916246,36.65,128.46
2023-04-22 00:00:00,창원,,0,6,131.1595287150548,35.21,128.58
2023-04-22 00:00:00,탑선,,0,6,130.66279599781262,35.24,126.81
2023-04-22 01:00:00,경상대,,0,5,132.89734206147358,35.18,128.1
2023-04-22 01:00:00,고흥만수상,,0,5,133.5152166384922,34.57,127.3
2023-04-22 01:00:00,광양항세방,,0,5,133.15268757909908,34.93,127.71
2023-04-22 01:00:00,구미,,0,5,131.94296442736857,36.13,128.34
2023-04-22 01:00:00,삼천포,,0,5,133.12780204156064,34.95,128.07
2023-04-22 01:00:00,여수,,0,5,133.34235325531972,34.74,127.74
2023-04-22 01:00:00,영동,,0,5,130.89072865500833,37.18,128.46
2023-04-22 01:00:00,영흥,,0,5,130.82074592099883,37.26,126.46
2023-04-22 01:00:00,예천,,0,5,131.42049127204382,36.65,128.46
2023-04-22 01:00:00,창원,,0,5,132.8567711278602,35.21,128.58
2023-04-22 01:00:00,탑선,,0,5,132.84405424122727,35.24,126.81
2023-04-22 02:00:00,경상대,,0,6,130.536991969468,35.18,128.1
2023-04-22 02:00:00,고흥만수상,,0,6,131.3365959894289,34.57,127.3
2023-04-22 02:00:00,광양항세방,,0,6,130.8828628925175,34.93,127.71
2023-04-22 02:00:00,구미,,0,6,129.57937066144177,36.13,128.34
2023-04-22 02:00:00,삼천포,,0,6,130.76082328091286,34.95,128.07
2023-04-22 02:00:00,여수,,0,6,131.0524845143936,34.74,127.74
2023-04-22 02:00:00,영동,,0,6,128.56271569265755,37.18,128.46
2023-04-22 02:00:00,영흥,,0,6,129.01402422143735,37.26,126.46
2023-04-22 02:00:00,예천,,0,6,129.0587860525725,36.65,128.46
2023-04-22 02:00:00,창원,,0,6,130.36861666162093,35.21,128.58
2023-04-22 02:00:00,탑선,,0,6,130.83883022383935,35.24,126.81
2023-04-22 03:00:00,경상대,,0,6,124.52581927491048,35.18,128.1
2023-04-22 03:00:00,고흥만수상,,0,6,125.40881259956817,34.57,127.3
2023-04-22 03:00:00,광양항세방,,0,6,124.91842212111465,34.93,127.71
2023-04-22 03:00:00,구미,,0,6,123.6536628455982,36.13,128.34
2023-04-22 03:00:00,삼천포,,0,6,124.7229436670022,34.95,128.07
2023-04-22 03:00:00,여수,,0,6,125.05448142620142,34.74,127.74
2023-04-22 03:00:00,영동,,0,6,122.76018505493604,37.18,128.46
2023-04-22 03:00:00,영흥,,0,6,123.63445771228947,37.26,126.46
2023-04-22 03:00:00,예천,,0,6,123.18196407829335,36.65,128.46
2023-04-22 03:00:00,창원,,0,6,124.26148828310208,35.21,128.58
2023-04-22 03:00:00,탑선,,0,6,125.11109414925394,35.24,126.81
2023-04-22 04:00:00,경상대,,0,6,115.9041257178086,35.18,128.1
2023-04-22 04:00:00,고흥만수상,,0,6,116.79786252081455,34.57,127.3
2023-04-22 04:00:00,광양항세방,,0,6,116.30958143841113,34.93,127.71
2023-04-22 04:00:00,구미,,0,6,115.15799200323062,36.13,128.34
2023-04-22 04:00:00,삼천포,,0,6,116.06676890589269,34.95,128.07
2023-04-22 04:00:00,여수,,0,6,116.40943247354564,34.74,127.74
2023-04-22 04:00:00,영동,,0,6,114.42352845522439,37.18,128.46
2023-04-22 04:00:00,영흥,,0,6,115.59384797985246,37.26,126.46
2023-04-22 04:00:00,예천,,0,6,114.75676354983253,36.65,128.46
2023-04-22 04:00:00,창원,,0,6,115.57819547642792,35.21,128.58
2023-04-22 04:00:00,탑선,,0,6,116.68339634419806,35.24,126.81
2023-04-22 05:00:00,경상대,,0,6,105.60805026611213,35.18,128.1
2023-04-22 05:00:00,고흥만수상,,0,6,106.47231646952423,34.57,127.3
2023-04-22 05:00:00,광양항세방,,0,6,106.00668407262827,34.93,127.71
2023-04-22 05:00:00,구미,,0,6,104.99710993362555,36.13,128.34
2023-04-22 05:00:00,삼천포,,0,6,105.73567887140543,34.95,128.07
2023-04-22 05:00:00,여수,,0,6,106.07283171926775,34.74,127.74
2023-04-22 05:00:00,영동,,0,6,104.42594217153865,37.18,128.46
2023-04-22 05:00:00,영흥,,0,6,105.78946033523347,37.26,126.46
2023-04-22 05:00:00,예천,,0,6,104.67132252648071,36.65,128.46
2023-04-22 05:00:00,창원,,0,6,105.24560915368303,35.21,128.58
2023-04-22 05:00:00,탑선,,0,6,106.51178693062734,35.24,126.81
2023-04-22 06:00:00,경상대,,0,6,94.28830051024273,35.18,128.1
2023-04-22 06:00:00,고흥만수상,,0,6,95.10185473443032,34.57,127.3
2023-04-22 06:00:00,광양항세방,,0,6,94.66924009257103,34.93,127.71
2023-04-22 06:00:00,구미,,0,6,93.81106927147266,36.13,128.34
2023-04-22 06:00:00,삼천포,,0,6,94.38242455072304,34.95,128.07
2023-04-22 06:00:00,여수,,0,6,94.70490921173507,34.74,127.74
2023-04-22 06:00:00,영동,,0,6,93.39788034653239,37.18,128.46
2023-04-22 06:00:00,영흥,,0,6,94.88329778245581,37.26,126.46
2023-04-22 06:00:00,예천,,0,6,93.55999775772136,36.65,128.46
2023-04-22 06:00:00,창원,,0,6,93.90561606249369,35.21,128.58
2023-04-22 06:00:00,탑선,,0,6,95.27010132893649,35.24,126.81
2023-04-22 07:00:00,경상대,173.0,1,6,82.37213823144828,35.18,128.1
2023-04-22 07:00:00,고흥만수상,184.0,1,6,83.12097827904097,34.57,127.3
2023-04-22 07:00:00,광양항세방,149.3,1,6,82.72814797881973,34.93,127.71
2023-04-22 07:00:00,구미,188.9,1,6,82.02766346579672,36.13,128.34
2023-04-22 07:00:00,삼천포,200.7,1,6,82.43377445082943,34.95,128.07
2023-04-22 07:00:00,여수,150.1,1,6,82.73552094621908,34.74,127.74
2023-04-22 07:00:00,영동,169.5,2,6,81.76895417793233,37.18,128.46
2023-04-22 07:00:00,영흥,159.1,1,6,83.32689982206813,37.26,126.46
2023-04-22 07:00:00,예천,174.1,2,6,81.85088931548171,36.65,128.46
2023-04-22 07:00:00,창원,186.3,2,6,81.9801325079409,35.21,128.58
2023-04-22 07:00:00,탑선,155.5,1,6,83.40097284835629,35.24,126.81
2023-04-22 08:00:00,경상대,307.43333333333334,6,6,70.16279274841652,35.18,128.1
2023-04-22 08:00:00,고흥만수상,302.28333333333336,6,6,70.83255062687343,34.57,127.3
2023-04-22 08:00:00,광양항세방,230.46666666666667,6,6,70.48678127131242,34.93,127.71
2023-04-22 08:00:00,구미,307.4166666666667,6,6,69.95618369771046,36.13,128.34
2023-04-22 08:00:00,삼천포,322.15000000000003,6,6,70.19132511726659,34.95,128.07
2023-04-22 08:00:00,여수,290.15,6,6,70.46640095011387,34.74,127.74
2023-04-22 08:00:00,영동,315.5,6,6,69.85569211561477,37.18,128.46
2023-04-22 08:00:00,영흥,217.94999999999996,6,6,71.44741461199976,37.26,126.46
2023-04-22 08:00:00,예천,304.0833333333333,6,6,69.85661235335529,36.65,128.46
2023-04-22 08:00:00,창원,316.5833333333333,6,6,69.77015357127647,35.21,128.58
2023-04-22 08:00:00,탑선,260.8,6,6,71.21515672784679,35.24,126.81
2023-04-22 09:00:00,경상대,506.73333333333335,6,6,57.928162029788275,35.18,128.1
2023-04-22 09:00:00,고흥만수상,503.7833333333333,6,6,58.49743975489197,34.57,127.3
2023-04-22 09:00:00,광양항세방,447.3166666666666,6,6,58.210071835027094,34.93,127.71
2023-04-22 09:00:00,구미,501.9333333333332,6,6,57.875181237757594,36.13,128.34
2023-04-22 09:00:00,삼천포,532.65,6,6,57.92041114636735,34.95,128.07
2023-04-22 09:00:00,여수,416.8833333333334,6,6,58.160402816288624,34.74,127.74
2023-04-22 09:00:00,영동,518.0833333333334,6,6,57.9481793032788,37.18,128.46
2023-04-22 09:00:00,영흥,262.81666666666666,6,6,59.53397184107759,37.26,126.46
2023-04-22 09:00:00,예천,490.06666666666666,6,6,57.86152388206443,36.65,128.46
2023-04-22 09:00:00,창원,517.0333333333333,6,6,57.54427993569933,35.21,128.58
2023-04-22 09:00:00,탑선,441.7666666666667,6,6,58.980703296967434,35.24,126.81
2023-04-22 10:00:00,경상대,676.1999999999999,6,6,46.00577429766431,35.18,128.1
2023-04-22 10:00:00,고흥만수상,674.8666666666667,6,6,46.435943461872874,34.57,127.3
2023-04-22 10:00:00,광양항세방,605.75,6,6,46.2278147918767,34.93,127.71
2023-04-22 10:00:00,구미,663.3333333333334,6,6,46.13981642939235,36.13,128.34
2023-04-22 10:00:00,삼천포,711.2833333333333,6,6,45.95452634617582,34.95,128.07
2023-04-22 10:00:00,여수,683.5166666666665,6,6,46.14451265512317,34.74,127.74
2023-04-22 10:00:00,영동,625.75,6,6,46.419139756767876,37.18,128.46
2023-04-22 10:00:00,영흥,550.7333333333332,6,6,47.9406887870733,37.26,126.46
2023-04-22 10:00:00,예천,537.8833333333333,6,6,46.23019471226786,36.65,128.46
2023-04-22 10:00:00,창원,689.0500000000001,6,6,45.645266971489775,35.21,128.58
2023-04-22 10:00:00,탑선,640.5,6,6,47.02432112850555,35.24,126.81
2023-04-22 11:00:00,경상대,800.25,6,6,35.01325944868115,35.18,128.1
2023-04-22 11:00:00,고흥만수상,804.5,6,6,35.227485439324106,34.57,127.3
2023-04-22 11:00:00,광양항세방,731.4,6,6,35.139989541243295,34.93,127.71
2023-04-22 11:00:00,구미,778.9333333333333,6,6,35.395554216122385,36.13,128.34
2023-04-22 11:00:00,삼천포,842.8000000000001,6,6,34.90515196811764,34.95,128.07
2023-04-22 11:00:00,여수,807.9,6,6,35.015231321106654,34.74,127.74
2023-04-22 11:00:00,영동,783.3499999999999,6,6,35.93776501520154,37.18,128.46
2023-04-22 11:00:00,영흥,681.3333333333334,6,6,37.27850620890789,37.26,126.46
2023-04-22 11:00:00,예천,745.4333333333333,6,6,35.62210997438105,36.65,128.46
2023-04-22 11:00:00,창원,812.9333333333334,6,6,34.706658259636136,35.21,128.58
2023-04-22 11:00:00,탑선,770.8666666666667,6,6,35.9265515610983,35.24,126.81
2023-04-22 12:00:00,경상대,868.9,6,6,26.386976274355618,35.18,128.1
2023-04-22 12:00:00,고흥만수상,876.8166666666666,6,6,26.23953267769653,34.57,127.3
2023-04-22 12:00:00,광양항세방,810.75,6,6,26.34999955451533,34.93,127.71
2023-04-22 12:00:00,구미,840.6500000000001,6,6,27.094201072872067,36.13,128.34
2023-04-22 12:00:00,삼천포,919.6500000000001,6,6,26.206098895929728,34.95,128.07
2023-04-22 12:00:00,여수,876.8333333333334,6,6,26.177857344758856,34.74,127.74
2023-04-22 12:00:00,영동,827.5333333333333,6,6,27.953005181320528,37.18,128.46
2023-04-22 12:00:00,영흥,656.6166666666667,6,6,28.852063453126426,37.26,126.46
2023-04-22 12:00:00,예천,792.7666666666668,6,6,27.49334441420212,36.65,128.46
2023-04-22 12:00:00,창원,881.6666666666666,6,6,26.205634883089516,35.21,128.58
2023-04-22 12:00:00,탑선,842.2833333333334,6,6,27.019207784563598,35.24,126.81
2023-04-22 13:00:00,경상대,890.9833333333332,6,6,23.111104971377756,35.18,128.1
2023-04-22 13:00:00,고흥만수상,882.3000000000001,6,6,22.485659280527685,34.57,127.3
2023-04-22 13:00:00,광양항세방,830.0333333333333,6,6,22.850803020515556,34.93,127.71
2023-04-22 13:00:00,구미,861.9666666666666,6,6,24.068994836990697,36.13,128.34
2023-04-22 13:00:00,삼천포,941.3833333333332,6,6,22.880289846538474,34.95,128.07
2023-04-22 13:00:00,여수,902.5,6,6,22.66147205029661,34.74,127.74
2023-04-22 13:00:00,영동,709.0,6,6,25.122575515680552,37.18,128.46
2023-04-22 13:00:00,영흥,716.15,6,6,25.18315228654508,37.26,126.46
2023-04-22 13:00:00,예천,815.0999999999999,6,6,24.593296935641717,36.65,128.46
2023-04-22 13:00:00,창원,908.3666666666667,6,6,23.161214838638656,35.21,128.58
2023-04-22 13:00:00,탑선,867.2333333333335,6,6,23.157449667299787,35.24,126.81
2023-04-22 14:00:00,경상대,865.9499999999999,6,6,27.227039894018,35.18,128.1
2023-04-22 14:00:00,고흥만수상,853.9499999999999,6,6,26.349126779855943,34.57,127.3
2023-04-22 14:00:00,광양항세방,790.1166666666667,6,6,26.837647213396842,34.93,127.71
2023-04-22 14:00:00,구미,858.0166666666665,6,6,28.112745140815697,36.13,128.34
2023-04-22 14:00:00,삼천포,896.8333333333334,6,6,27.026639524909726,34.95,128.07
2023-04-22 14:00:00,여수,823.3499999999999,6,6,26.6975894571003,34.74,127.74
2023-04-22 14:00:00,영동,642.3333333333333,6,6,29.02909653786807,37.18,128.46
2023-04-22 14:00:00,영흥,763.5166666666668,6,6,28.238682924659905,37.26,126.46
2023-04-22 14:00:00,예천,775.9833333333335,6,6,28.593479990122006,36.65,128.46
2023-04-22 14:00:00,창원,888.35,6,6,27.48386198120788,35.21,128.58
2023-04-22 14:00:00,탑선,826.5500000000001,6,6,26.676337172145807,35.24,126.81
2023-04-22 15:00:00,경상대,802.8833333333332,6,6,36.26635412582487,35.18,128.1
2023-04-22 15:00:00,고흥만수상,814.6500000000001,6,6,35.386784458314864,34.57,127.3
2023-04-22 15:00:00,광양항세방,713.3666666666667,6,6,35.8632156963738,34.93,127.71
2023-04-22 15:00:00,구미,775.1,6,6,36.937534564337916,36.13,128.34
2023-04-22 15:00:00,삼천포,752.3000000000001,6,6,36.12468730054363,34.95,128.07
2023-04-22 15:00:00,여수,728.5333333333333,6,6,35.783948630866995,34.74,127.74
2023-04-22 15:00:00,영동,631.4999999999999,6,6,37.591638591321164,37.18,128.46
2023-04-22 15:00:00,영흥,715.1999999999999,6,6,36.33039359721441,37.26,126.46
2023-04-22 15:00:00,예천,698.7333333333332,6,6,37.3005051139199,36.65,128.46
2023-04-22 15:00:00,창원,818.3000000000001,6,6,36.6164032702726,35.21,128.58
2023-04-22 15:00:00,탑선,772.75,6,6,35.41056498148072,35.24,126.81
2023-04-22 16:00:00,경상대,657.9,6,6,47.41839822457823,35.18,128.1
2023-04-22 16:00:00,고흥만수상,691.3666666666667,6,6,46.6094713946201,34.57,127.3
2023-04-22 16:00:00,광양항세방,584.4666666666667,6,6,47.038916969395686,34.93,127.71
2023-04-22 16:00:00,구미,660.7500000000001,6,6,47.89297531584656,36.13,128.34
2023-04-22 16:00:00,삼천포,668.5166666666665,6,6,47.32658879922039,34.95,128.07
2023-04-22 16:00:00,여수,672.3333333333334,6,6,47.005676894834615,34.74,127.74
2023-04-22 16:00:00,영동,681.0,6,6,48.31593113633123,37.18,128.46
2023-04-22 16:00:00,영흥,552.8666666666667,6,6,46.843325445186295,37.26,126.46
2023-04-22 16:00:00,예천,499.20000000000005,6,6,48.14703773996959,36.65,128.46
2023-04-22 16:00:00,창원,669.35,6,6,47.80198897142823,35.21,128.58
2023-04-22 16:00:00,탑선,674.2166666666667,6,6,46.43404176662518,35.24,126.81
2023-04-22 17:00:00,경상대,491.24999999999994,6,6,59.39316847810882,35.18,128.1
2023-04-22 17:00:00,고흥만수상,516.1,6,6,58.66876573884047,34.57,127.3
2023-04-22 17:00:00,광양항세방,443.15000000000003,6,6,59.04644950191686,34.93,127.71
2023-04-22 17:00:00,구미,490.88333333333327,6,6,59.70217503903987,36.13,128.34
2023-04-22 17:00:00,삼천포,492.49999999999994,6,6,59.34186670190436,34.95,128.07
2023-04-22 17:00:00,여수,514.3166666666667,6,6,59.048367004661486,34.74,127.74
2023-04-22 17:00:00,영동,528.1166666666667,6,6,59.933651181856604,37.18,128.46
2023-04-22 17:00:00,영흥,326.23333333333335,6,6,58.369792894076966,37.26,126.46
2023-04-22 17:00:00,예천,455.18333333333334,6,6,59.863981807158645,36.65,128.46
2023-04-22 17:00:00,창원,519.1666666666666,6,6,59.78626928506868,35.21,128.58
2023-04-22 17:00:00,탑선,508.15000000000003,6,6,58.35502186204356,35.24,126.81
2023-04-22 18:00:00,경상대,310.81666666666666,6,6,71.62584327397649,35.18,128.1
2023-04-22 18:00:00,고흥만수상,337.95000000000005,6,6,70.99137256344571,34.57,127.3
2023-04-22 18:00:00,광양항세방,252.25,6,6,71.31582137431556,34.93,127.71
2023-04-22 18:00:00,구미,250.45000000000002,6,6,71.78675730532142,36.13,128.34
2023-04-22 18:00:00,삼천포,315.55,6,6,71.61000520031037,34.95,128.07
2023-04-22 18:00:00,여수,312.13333333333327,6,6,71.34720058509762,34.74,127.74
2023-04-22 18:00:00,영동,286.1333333333333,6,6,71.8495502017599,37.18,128.46
2023-04-22 18:00:00,영흥,246.25,6,6,70.25570035420732,37.26,126.46
2023-04-22 18:00:00,예천,296.31666666666666,6,6,71.86596113229304,36.65,128.46
2023-04-22 18:00:00,창원,299.09999999999997,6,6,72.01660666376462,35.21,128.58
2023-04-22 18:00:00,탑선,329.55,6,6,70.57050284759234,35.24,126.81
2023-04-22 19:00:00,경상대,187.10000000000002,2,6,83.79408048419458,35.18,128.1
2023-04-22 19:00:00,고흥만수상,188.60000000000002,2,6,83.2579285304634,34.57,127.3
2023-04-22 19:00:00,광양항세방,146.95,2,6,83.52538758514429,34.93,127.71
2023-04-22 19:00:00,구미,165.95,2,6,83.81189058587425,36.13,128.34
2023-04-22 19:00:00,삼천포,180.2,2,6,83.81199056013176,34.95,128.07
2023-04-22 19:00:00,여수,177.1,2,6,83.58377682978475,34.74,127.74
2023-04-22 19:00:00,영동,194.8,2,6,83.71439632243232,37.18,128.46
2023-04-22 19:00:00,영흥,153.15,2,6,82.13184110578979,37.26,126.46
2023-04-22 19:00:00,예천,154.3,2,6,83.81144340908497,36.65,128.46
2023-04-22 19:00:00,창원,195.6,1,6,84.17401011953852,35.21,128.58
2023-04-22 19:00:00,탑선,198.15,2,6,82.74605333320721,35.24,126.81
2023-04-22 20:00:00,경상대,,0,6,95.62883768282181,35.18,128.1
2023-04-22 20:00:00,고흥만수상,,0,6,95.20598390538626,34.57,127.3
2023-04-22 20:00:00,광양항세방,,0,6,95.40880929409235,34.93,127.71
2023-04-22 20:00:00,구미,,0,6,95.49857497047205,36.13,128.34
2023-04-22 20:00:00,삼천포,,0,6,95.6812202281425,34.95,128.07
2023-04-22 20:00:00,여수,,0,6,95.49378793723204,34.74,127.74
2023-04-22 20:00:00,영동,,0,6,95.23846566767844,37.18,128.46
2023-04-22 20:00:00,영흥,,0,6,93.70643728614124,37.26,126.46
2023-04-22 20:00:00,예천,,0,6,95.41608506701502,36.65,128.46
2023-04-22 20:00:00,창원,,0,6,95.98899485900748,35.21,128.58
2023-04-22 20:00:00,탑선,,0,6,94.61184437280288,35.24,126.81
2023-04-22 21:00:00,경상대,,0,6,106.81446153623523,35.18,128.1
2023-04-22 21:00:00,고흥만수상,,0,6,106.5291472936915,34.57,127.3
2023-04-22 21:00:00,광양항세방,,0,6,106.65458827596782,34.93,127.71
2023-04-22 21:00:00,구미,,0,6,106.52296139434583,36.13,128.34
2023-04-22 21:00:00,삼천포,,0,6,106.9039059149122,34.95,128.07
2023-04-22 21:00:00,여수,,0,6,106.76697679236705,34.74,127.74
2023-04-22 21:00:00,영동,,0,6,106.09008460919114,37.18,128.46
2023-04-22 21:00:00,영흥,,0,6,104.657789686388,37.26,126.46
2023-04-22 21:00:00,예천,,0,6,106.35176372403754,36.65,128.46
2023-04-22 21:00:00,창원,,0,6,107.14277738104855,35.21,128.58
2023-04-22 21:00:00,탑선,,0,6,105.85916075304276,35.24,126.81
2023-04-22 22:00:00,경상대,,0,6,116.89956524362434,35.18,128.1
2023-04-22 22:00:00,고흥만수상,,0,6,116.78764461039191,34.57,127.3
2023-04-22 22:00:00,광양항세방,,0,6,116.81681605051291,34.93,127.71
2023-04-22 22:00:00,구미,,0,6,116.42855868304213,36.13,128.34
2023-04-22 22:00:00,삼천포,,0,6,117.02965214270625,34.95,128.07
2023-04-22 22:00:00,여수,,0,6,116.95763477370343,34.74,127.74
2023-04-22 22:00:00,영동,,0,6,115.80959928203805,37.18,128.46
2023-04-22 22:00:00,영흥,,0,6,114.54822273021115,37.26,126.46
2023-04-22 22:00:00,예천,,0,6,116.15962119534669,36.65,128.46
2023-04-22 22:00:00,창원,,0,6,117.17794684433542,35.21,128.58
2023-04-22 22:00:00,탑선,,0,6,116.05190499235705,35.24,126.81
2023-04-22 23:00:00,경상대,,0,6,125.19922199653284,35.18,128.1
2023-04-22 23:00:00,고흥만수상,,0,6,125.30649282972632,34.57,127.3
2023-04-22 23:00:00,광양항세방,,0,6,125.21565721279316,34.93,127.71
2023-04-22 23:00:00,구미,,0,6,124.53497167775845,36.13,128.34
2023-04-22 23:00:00,삼천포,,0,6,125.37207514046082,34.95,128.07
2023-04-22 23:00:00,여수,,0,6,125.38380901031013,34.74,127.74
2023-04-22 23:00:00,영동,,0,6,123.72521534712325,37.18,128.46
2023-04-22 23:00:00,영흥,,0,6,122.73872946575474,37.26,126.46
2023-04-22 23:00:00,예천,,0,6,124.16238714548835,36.65,128.46
2023-04-22 23:00:00,창원,,0,6,125.4009745607032,35.21,128.58
2023-04-22 23:00:00,탑선,,0,6,124.52914796048887,35.24,126.81
2023-04-23 00:00:00,경상대,,0,6,130.75286418490333,35.18,128.1
2023-04-23 00:00:00,고흥만수상,,0,6,131.11859274979938,34.57,127.3
2023-04-23 00:00:00,광양항세방,,0,6,130.88858532633424,34.93,127.71
2023-04-23 00:00:00,구미,,0,6,129.90928782000645,36.13,128.34
2023-04-23 00:00:00,삼천포,,0,6,130.96354765355755,34.95,128.07
2023-04-23 00:00:00,여수,,0,6,131.0763834798321,34.74,127.74
2023-04-23 00:00:00,영동,,0,6,128.93672427014735,37.18,128.46
2023-04-23 00:00:00,영흥,,0,6,128.3560614264991,37.26,126.46
2023-04-23 00:00:00,예천,,0,6,129.44261575863112,36.65,128.46
2023-04-23 00:00:00,창원,,0,6,130.8450624132132,35.21,128.58
2023-04-23 00:00:00,탑선,,0,6,130.3526249827856,35.24,126.81
2023-04-23 01:00:00,경상대,,0,5,132.55889868355735,35.18,128.1
2023-04-23 01:00:00,고흥만수상,,0,5,133.17746030828428,34.57,127.3
2023-04-23 01:00:00,광양항세방,,0,5,132.81456662222112,34.93,127.71
2023-04-23 01:00:00,구미,,0,5,131.60435467020014,36.13,128.34
2023-04-23 01:00:00,삼천포,,0,5,132.78937820161462,34.95,128.07
2023-04-23 01:00:00,여수,,0,5,133.00420369448887,34.74,127.74
2023-04-23 01:00:00,영동,,0,5,130.55205666166256,37.18,128.46
2023-04-23 01:00:00,영흥,,0,5,130.48376221349724,37.26,126.46
2023-04-23 01:00:00,예천,,0,5,131.08180503026244,36.65,128.46
2023-04-23 01:00:00,창원,,0,5,132.51795448591145,35.21,128.58
2023-04-23 01:00:00,탑선,,0,5,132.50676194820224,35.24,126.81
2023-04-23 02:00:00,경상대,,0,6,130.20039423728423,35.18,128.1
2023-04-23 02:00:00,고흥만수상,,0,6,130.9995118606591,34.57,127.3
2023-04-23 02:00:00,광양항세방,,0,6,130.54600778748807,34.93,127.71
2023-04-23 02:00:00,구미,,0,6,129.24258835019373,36.13,128.34
2023-04-23 02:00:00,삼천포,,0,6,130.42429760942144,34.95,128.07
2023-04-23 02:00:00,여수,,0,6,130.71573700319638,34.74,127.74
2023-04-23 02:00:00,영동,,0,6,128.2256109503206,37.18,128.46
2023-04-23 02:00:00,영흥,,0,6,128.6753925856924,37.26,126.46
2023-04-23 02:00:00,예천,,0,6,128.72189433981637,36.65,128.46
2023-04-23 02:00:00,창원,,0,6,130.0324672451178,35.21,128.58
2023-04-23 02:00:00,탑선,,0,6,130.5010752966166,35.24,126.81
2023-04-23 03:00:00,경상대,,0,6,124.21115679976207,35.18,128.1
2023-04-23 03:00:00,고흥만수상,,0,6,125.09372615730916,34.57,127.3
2023-04-23 03:00:00,광양항세방,,0,6,124.60347820327121,34.93,127.71
2023-04-23 03:00:00,구미,,0,6,123.33785034259195,36.13,128.34
2023-04-23 03:00:00,삼천포,,0,6,124.40861621096883,34.95,128.07
2023-04-23 03:00:00,여수,,0,6,124.73991107132663,34.74,127.74
2023-04-23 03:00:00,영동,,0,6,122.44290642768178,37.18,128.46
2023-04-23 03:00:00,영흥,,0,6,123.31385168670752,37.26,126.46
2023-04-23 03:00:00,예천,,0,6,122.86551870233333,36.65,128.46
2023-04-23 03:00:00,창원,,0,6,123.94763640840841,35.21,128.58
2023-04-23 03:00:00,탑선,,0,6,124.79404865740028,35.24,126.81
2023-04-23 04:00:00,경상대,,0,6,115.61741196931968,35.18,128.1
2023-04-23 04:00:00,고흥만수상,,0,6,116.51137096201987,34.57,127.3
2023-04-23 04:00:00,광양항세방,,0,6,116.02284831270481,34.93,127.71
2023-04-23 04:00:00,구미,,0,6,114.86910358834186,36.13,128.34
2023-04-23 04:00:00,삼천포,,0,6,115.78064179353626,34.95,128.07
2023-04-23 04:00:00,여수,,0,6,116.1232847199715,34.74,127.74
2023-04-23 04:00:00,영동,,0,6,114.13205468666857,37.18,128.46
2023-04-23 04:00:00,영흥,,0,6,115.29876157669074,37.26,126.46
2023-04-23 04:00:00,예천,,0,6,114.46668877283217,36.65,128.46
2023-04-23 04:00:00,창원,,0,6,115.29226989864111,35.21,128.58
2023-04-23 04:00:00,탑선,,0,6,116.39416050670843,35.24,126.81
2023-04-23 05:00:00,경상대,,0,6,105.34655096702184,35.18,128.1
2023-04-23 05:00:00,고흥만수상,,0,6,106.21174789497161,34.57,127.3
2023-04-23 05:00:00,광양항세방,,0,6,105.74547524907724,34.93,127.71
2023-04-23 05:00:00,구미,,0,6,104.73267097966473,36.13,128.34
2023-04-23 05:00:00,삼천포,,0,6,105.47494185223542,34.95,128.07
2023-04-23 05:00:00,여수,,0,6,105.81233613199919,34.74,127.74
2023-04-23 05:00:00,영동,,0,6,104.1581147016837,37.18,128.46
2023-04-23 05:00:00,영흥,,0,6,105.51851477059998,37.26,126.46
2023-04-23 05:00:00,예천,,0,6,104.4052817438133,36.65,128.46
2023-04-23 05:00:00,창원,,0,6,104.98471683443631,35.21,128.58
2023-04-23 05:00:00,탑선,,0,6,106.24813525761218,35.24,126.81
2023-04-23 06:00:00,경상대,,0,6,94.04611860490814,35.18,128.1
2023-04-23 06:00:00,고흥만수상,,0,6,94.86124235893766,34.57,127.3
2023-04-23 06:00:00,광양항세방,,0,6,94.42763697433203,34.93,127.71
2023-04-23 06:00:00,구미,,0,6,93.56538751927323,36.13,128.34
2023-04-23 06:00:00,삼천포,,0,6,94.1411273366013,34.95,128.07
2023-04-23 06:00:00,여수,,0,6,94.46409681862865,34.74,127.74
2023-04-23 06:00:00,영동,,0,6,93.14824406709636,37.18,128.46
2023-04-23 06:00:00,영흥,,0,6,94.63131644124466,37.26,126.46
2023-04-23 06:00:00,예천,,0,6,93.31240976606136,36.65,128.46
2023-04-23 06:00:00,창원,,0,6,93.66381906674346,35.21,128.58
2023-04-23 06:00:00,탑선,,0,6,95.02629271142554,35.24,126.81
2023-04-23 07:00:00,경상대,195.9,1,6,82.14253636825215,35.18,128.1
2023-04-23 07:00:00,고흥만수상,141.0,1,6,82.8935506169426,34.57,127.3
2023-04-23 07:00:00,광양항세방,168.9,1,6,82.4994016623217,34.93,127.71
2023-04-23 07:00:00,구미,181.3,2,6,81.79408559944454,36.13,128.34
2023-04-23 07:00:00,삼천포,196.7,1,6,82.20515909986116,34.95,128.07
2023-04-23 07:00:00,여수,189.6,1,6,82.50762397296447,34.74,127.74
2023-04-23 07:00:00,영동,122.05000000000001,2,6,81.53096019319639,37.18,128.46
2023-04-23 07:00:00,영흥,116.4,1,6,83.08744136669074,37.26,126.46
2023-04-23 07:00:00,예천,182.14999999999998,2,6,81.61514899107836,36.65,128.46
2023-04-23 07:00:00,창원,162.65,2,6,81.75068084787443,35.21,128.58
2023-04-23 07:00:00,탑선,138.1,1,6,83.17031859107783,35.24,126.81
2023-04-23 08:00:00,경상대,278.6166666666667,6,6,69.93845570439085,35.18,128.1
2023-04-23 08:00:00,고흥만수상,252.68333333333337,6,6,70.61103703555196,34.57,127.3
2023-04-23 08:00:00,광양항세방,239.9333333333333,6,6,70.2635983297626,34.93,127.71
2023-04-23 08:00:00,구미,302.93333333333334,6,6,69.72738640104703,36.13,128.34
2023-04-23 08:00:00,삼천포,317.8666666666666,6,6,69.96807847084416,34.95,128.07
2023-04-23 08:00:00,여수,270.0833333333333,6,6,70.24412501278469,34.74,127.74
2023-04-23 08:00:00,영동,237.21666666666667,6,6,69.6220307185527,37.18,128.46
2023-04-23 08:00:00,영흥,158.48333333333332,6,6,71.21329659240853,37.26,126.46
2023-04-23 08:00:00,예천,306.8,6,6,69.62539740315869,36.65,128.46
2023-04-23 08:00:00,창원,325.96666666666664,6,6,69.54570442696235,35.21,128.58
2023-04-23 08:00:00,탑선,205.51666666666665,6,6,70.99041185510447,35.24,126.81
2023-04-23 09:00:00,경상대,483.59999999999997,6,6,57.70037794188043,35.18,128.1
2023-04-23 09:00:00,고흥만수상,397.0,6,6,58.273258467562286,34.57,127.3
2023-04-23 09:00:00,광양항세방,445.4166666666667,6,6,57.983801618701264,34.93,127.71
2023-04-23 09:00:00,구미,382.21666666666664,6,6,57.64240565605719,36.13,128.34
2023-04-23 09:00:00,삼천포,462.3166666666666,6,6,57.69383213985614,34.95,128.07
2023-04-23 09:00:00,여수,411.7833333333333,6,6,57.93509975061121,34.74,127.74
2023-04-23 09:00:00,영동,376.5,6,6,57.71008580675825,37.18,128.46
2023-04-23 09:00:00,영흥,244.0,6,6,59.29669249724098,37.26,126.46
2023-04-23 09:00:00,예천,496.7666666666667,6,6,57.626060806195646,36.65,128.46
2023-04-23 09:00:00,창원,503.08333333333326,6,6,57.3160528851886,35.21,128.58
2023-04-23 09:00:00,탑선,334.8999999999999,6,6,58.753328208421735,35.24,126.81
2023-04-23 10:00:00,경상대,650.1333333333333,6,6,45.76277424329578,35.18,128.1
2023-04-23 10:00:00,고흥만수상,461.06666666666666,6,6,46.19749908436461,34.57,127.3
2023-04-23 10:00:00,광양항세방,561.6999999999999,6,6,45.98677346992302,34.93,127.71
2023-04-23 10:00:00,구미,543.05,6,6,45.891344439069634,36.13,128.34
2023-04-23 10:00:00,삼천포,667.2500000000001,6,6,45.71283292415008,34.95,128.07
2023-04-23 10:00:00,여수,476.78333333333336,6,6,45.904475695136604,34.74,127.74
2023-04-23 10:00:00,영동,442.18333333333334,6,6,46.16503997629401,37.18,128.46
2023-04-23 10:00:00,영흥,358.28333333333336,6,6,47.689149162251816,37.26,126.46
2023-04-23 10:00:00,예천,560.4333333333333,6,6,45.9788154953941,36.65,128.46
2023-04-23 10:00:00,창원,598.0,6,6,45.40136306101041,35.21,128.58
2023-04-23 10:00:00,탑선,411.93333333333334,6,6,46.78289845318924,35.24,126.81
2023-04-23 11:00:00,경상대,605.6666666666666,6,6,34.7383990729185,35.18,128.1
2023-04-23 11:00:00,고흥만수상,461.54999999999995,6,6,34.957996618730775,34.57,127.3
2023-04-23 11:00:00,광양항세방,523.8166666666667,6,6,34.86748573839988,34.93,127.71
2023-04-23 11:00:00,구미,721.0,6,6,35.1153906990006,36.13,128.34
2023-04-23 11:00:00,삼천포,668.7666666666667,6,6,34.6315449743753,34.95,128.07
2023-04-23 11:00:00,여수,567.2166666666666,6,6,34.743630132789704,34.74,127.74
2023-04-23 11:00:00,영동,474.59999999999997,6,6,35.65248621852355,37.18,128.46
2023-04-23 11:00:00,영흥,538.2666666666667,6,6,36.997966919015795,37.26,126.46
2023-04-23 11:00:00,예천,661.2333333333332,6,6,35.339207589088694,36.65,128.46
2023-04-23 11:00:00,창원,660.1166666666667,6,6,34.43030554508152,35.21,128.58
2023-04-23 11:00:00,탑선,478.38333333333327,6,6,35.65489536500175,35.24,126.81
2023-04-23 12:00:00,경상대,637.9833333333332,6,6,26.065461466365953,35.18,128.1
2023-04-23 12:00:00,고흥만수상,427.8,6,6,25.922019767442094,34.57,127.3
2023-04-23 12:00:00,광양항세방,488.75,6,6,26.03026065407024,34.93,127.71
2023-04-23 12:00:00,구미,702.3666666666668,6,6,26.76997460193673,36.13,128.34
2023-04-23 12:00:00,삼천포,581.8166666666666,6,6,25.885212015865392,34.95,128.07
2023-04-23 12:00:00,여수,482.1666666666667,6,6,25.858501756015812,34.74,127.74
2023-04-23 12:00:00,영동,680.4166666666666,6,6,27.62652993012056,37.18,128.46
2023-04-23 12:00:00,영흥,589.1166666666667,6,6,28.530471371570478,37.26,126.46
2023-04-23 12:00:00,예천,727.7666666666668,6,6,27.167811402673756,36.65,128.46
2023-04-23 12:00:00,창원,750.7666666666668,6,6,25.882648805614593,35.21,128.58
2023-04-23 12:00:00,탑선,593.5333333333334,6,6,26.701450835807563,35.24,126.81
2023-04-23 13:00:00,경상대,635.9166666666666,6,6,22.77700836600893,35.18,128.1
2023-04-23 13:00:00,고흥만수상,261.40000000000003,6,6,22.14999285468828,34.57,127.3
2023-04-23 13:00:00,광양항세방,473.63333333333327,6,6,22.515916138654845,34.93,127.71
2023-04-23 13:00:00,구미,758.0,6,6,23.73529474942569,36.13,128.34
2023-04-23 13:00:00,삼천포,588.9166666666666,6,6,22.54615381796262,34.95,128.07
2023-04-23 13:00:00,여수,277.45,6,6,22.326658355245257,34.74,127.74
2023-04-23 13:00:00,영동,577.8666666666667,6,6,24.78898249387352,37.18,128.46
2023-04-23 13:00:00,영흥,572.8833333333333,6,6,24.8462253831092,37.26,126.46
2023-04-23 13:00:00,예천,611.9833333333333,6,6,24.25977807183517,36.65,128.46
2023-04-23 13:00:00,창원,711.4166666666666,6,6,22.828196084118176,35.21,128.58
2023-04-23 13:00:00,탑선,812.8666666666668,6,6,22.820948790541337,35.24,126.81
2023-04-23 14:00:00,경상대,548.8666666666667,6,6,26.95817374752295,35.18,128.1
2023-04-23 14:00:00,고흥만수상,165.75,6,6,26.078852933125006,34.57,127.3
2023-04-23 14:00:00,광양항세방,307.86666666666673,6,6,26.56789367410059,34.93,127.71
2023-04-23 14:00:00,구미,724.6333333333332,6,6,27.84080018273913,36.13,128.34
2023-04-23 14:00:00,삼천포,426.8999999999999,6,6,26.75870032955075,34.95,128.07
2023-04-23 14:00:00,여수,212.6833333333333,6,6,26.428889804391737,34.74,127.74
2023-04-23 14:00:00,영동,710.8166666666667,6,6,28.753303489943505,37.18,128.46
2023-04-23 14:00:00,영흥,685.4000000000001,6,6,27.953268408375806,37.26,126.46
2023-04-23 14:00:00,예천,595.6833333333333,6,6,28.319881675145588,36.65,128.46
2023-04-23 14:00:00,창원,560.8666666666667,6,6,27.217354585809403,35.21,128.58
2023-04-23 14:00:00,탑선,592.3833333333333,6,6,26.40045107757718,35.24,126.81
2023-04-23 15:00:00,경상대,385.8,6,6,36.064298547370136,35.18,128.1
2023-04-23 15:00:00,고흥만수상,185.01666666666665,6,6,35.18615211301966,34.57,127.3
2023-04-23 15:00:00,광양항세방,248.75,6,6,35.66152723802112,34.93,127.71
2023-04-23 15:00:00,구미,396.71666666666664,6,6,36.72991090929773,36.13,128.34
2023-04-23 15:00:00,삼천포,318.4,6,6,35.924113500011934,34.95,128.07
2023-04-23 15:00:00,여수,230.93333333333337,6,6,35.583685866636664,34.74,127.74
2023-04-23 15:00:00,영동,726.9166666666666,6,6,37.37765347951338,37.18,128.46
2023-04-23 15:00:00,영흥,544.6166666666667,6,6,36.109065982365586,37.26,126.46
2023-04-23 15:00:00,예천,549.7666666666667,6,6,37.08989562482531,36.65,128.46
2023-04-23 15:00:00,창원,362.01666666666665,6,6,36.415778328015605,35.21,128.58
2023-04-23 15:00:00,탑선,197.9333333333333,6,6,35.203544260801166,35.24,126.81
2023-04-23 16:00:00,경상대,240.95000000000002,6,6,47.254098939349305,35.18,128.1
2023-04-23 16:00:00,고흥만수상,205.06666666666663,6,6,46.44792741559454,34.57,127.3
2023-04-23 16:00:00,광양항세방,227.9,6,6,46.8756361943091,34.93,127.71
2023-04-23 16:00:00,구미,459.8666666666666,6,6,47.722772484984894,36.13,128.34
2023-04-23 16:00:00,삼천포,249.16666666666666,6,6,47.163787989166835,34.95,128.07
2023-04-23 16:00:00,여수,233.44999999999996,6,6,46.8437365577856,34.74,127.74
2023-04-23 16:00:00,영동,631.7833333333333,6,6,48.139119672698484,37.18,128.46
2023-04-23 16:00:00,영흥,432.56666666666666,6,6,46.66237967962001,37.26,126.46
2023-04-23 16:00:00,예천,640.5833333333334,6,6,47.973644396694105,36.65,128.46
2023-04-23 16:00:00,창원,198.56666666666663,6,6,47.638292986004224,35.21,128.58
2023-04-23 16:00:00,탑선,398.43333333333334,6,6,46.26706905004756,35.24,126.81
2023-04-23 17:00:00,경상대,243.36666666666665,6,6,59.2454115995404,35.18,128.1
2023-04-23 17:00:00,고흥만수상,310.8333333333333,6,6,58.52430468788302,34.57,127.3
2023-04-23 17:00:00,광양항세방,257.48333333333335,6,6,58.900003196522704,34.93,127.71
2023-04-23 17:00:00,구미,425.73333333333335,6,6,59.5487628963053,36.13,128.34
2023-04-23 17:00:00,삼천포,299.6666666666667,6,6,59.195507408619676,34.95,128.07
2023-04-23 17:00:00,여수,220.36666666666665,6,6,58.903113163439244,34.74,127.74
2023-04-23 17:00:00,영동,325.75000000000006,6,6,59.77399315244966,37.18,128.46
2023-04-23 17:00:00,영흥,328.1,6,6,58.208271648378755,37.26,126.46
2023-04-23 17:00:00,예천,414.5333333333333,6,6,59.7075019056888,36.65,128.46
2023-04-23 17:00:00,창원,236.95000000000002,6,6,59.63860077419504,35.21,128.58
2023-04-23 17:00:00,탑선,424.5833333333333,6,6,58.206093765712126,35.24,126.81
2023-04-23 18:00:00,경상대,213.20000000000002,6,6,71.48081760179286,35.18,128.1
2023-04-23 18:00:00,고흥만수상,219.75,6,6,70.84993362959008,34.57,127.3
2023-04-23 18:00:00,광양항세방,205.36666666666667,6,6,71.17227432731266,34.93,127.71
2023-04-23 18:00:00,구미,278.06666666666666,6,6,71.63637280134985,36.13,128.34
2023-04-23 18:00:00,삼천포,210.19999999999996,6,6,71.46627965872935,34.95,128.07
2023-04-23 18:00:00,여수,208.46666666666667,6,6,71.20472169030498,34.74,127.74
2023-04-23 18:00:00,영동,244.33333333333334,6,6,71.69332731985331,37.18,128.46
2023-04-23 18:00:00,영흥,242.05000000000004,6,6,70.09922398639574,37.26,126.46
2023-04-23 18:00:00,예천,314.25000000000006,6,6,71.71266817531946,36.65,128.46
2023-04-23 18:00:00,창원,208.61666666666665,6,6,71.87131914434157,35.21,128.58
2023-04-23 18:00:00,탑선,223.5,6,6,70.42533826050808,35.24,126.81
2023-04-23 19:00:00,경상대,142.45,2,6,83.64157772213744,35.18,128.1
2023-04-23 19:00:00,고흥만수상,150.85,2,6,83.10925431327938,34.57,127.3
2023-04-23 19:00:00,광양항세방,171.05,2,6,83.37450159287239,34.93,127.71
2023-04-23 19:00:00,구미,171.8,2,6,83.65426812986799,36.13,128.34
2023-04-23 19:00:00,삼천포,162.05,2,6,83.66071167600273,34.95,128.07
2023-04-23 19:00:00,여수,182.05,2,6,83.43386147746256,34.74,127.74
2023-04-23 19:00:00,영동,159.85,2,6,83.551283189802,37.18,128.46
2023-04-23 19:00:00,영흥,158.85000000000002,2,6,81.96977134914503,37.26,126.46
2023-04-23 19:00:00,예천,136.15,2,6,83.65104773521789,36.65,128.46
2023-04-23 19:00:00,창원,131.5,2,6,84.02096126868504,35.21,128.58
2023-04-23 19:00:00,탑선,146.7,2,6,82.59423968009305,35.24,126.81
2023-04-23 20:00:00,경상대,,0,6,95.459903562323,35.18,128.1
2023-04-23 20:00:00,고흥만수상,,0,6,95.0411280605567,34.57,127.3
2023-04-23 20:00:00,광양항세방,,0,6,95.24163041799537,34.93,127.71
2023-04-23 20:00:00,구미,,0,6,95.32473053603441,36.13,128.34
2023-04-23 20:00:00,삼천포,,0,6,95.51344414115542,34.95,128.07
2023-04-23 20:00:00,여수,,0,6,95.32749354584428,34.74,127.74
2023-04-23 20:00:00,영동,,0,6,95.05945758209539,37.18,128.46
2023-04-23 20:00:00,영흥,,0,6,93.52967542261159,37.26,126.46
2023-04-23 20:00:00,예천,,0,6,95.2395925354277,36.65,128.46
2023-04-23 20:00:00,창원,,0,6,95.81924342362294,35.21,128.58
2023-04-23 20:00:00,탑선,,0,6,94.44437916430846,35.24,126.81
2023-04-23 21:00:00,경상대,,0,6,106.62014878981498,35.18,128.1
2023-04-23 21:00:00,고흥만수상,,0,6,106.33913917694133,34.57,127.3
2023-04-23 21:00:00,광양항세방,,0,6,106.46215945065978,34.93,127.71
2023-04-23 21:00:00,구미,,0,6,106.32402153718306,36.13,128.34
2023-04-23 21:00:00,삼천포,,0,6,106.71066891281028,34.95,128.07
2023-04-23 21:00:00,여수,,0,6,106.57533265125538,34.74,127.74
2023-04-23 21:00:00,영동,,0,6,105.88640516855074,37.18,128.46
2023-04-23 21:00:00,영흥,,0,6,104.45756458292293,37.26,126.46
2023-04-23 21:00:00,예천,,0,6,106.1503470279468,36.65,128.46
2023-04-23 21:00:00,창원,,0,6,106.94736875836168,35.21,128.58
2023-04-23 21:00:00,탑선,,0,6,105.66712545359063,35.24,126.81
2023-04-23 22:00:00,경상대,,0,6,116.67080353706123,35.18,128.1
2023-04-23 22:00:00,고흥만수상,,0,6,116.56323791129174,34.57,127.3
2023-04-23 22:00:00,광양항세방,,0,6,116.58999111029978,34.93,127.71
2023-04-23 22:00:00,구미,,0,6,116.19572138895215,36.13,128.34
2023-04-23 22:00:00,삼천포,,0,6,116.80182075568062,34.95,128.07
2023-04-23 22:00:00,여수,,0,6,116.73144479936401,34.74,127.74
2023-04-23 22:00:00,영동,,0,6,115.57274270083214,37.18,128.46
2023-04-23 22:00:00,영흥,,0,6,114.31595022812094,37.26,126.46
2023-04-23 22:00:00,예천,,0,6,115.92462768337163,36.65,128.46
2023-04-23 22:00:00,창원,,0,6,116.9478324556917,35.21,128.58
2023-04-23 22:00:00,탑선,,0,6,115.8262178027308,35.24,126.81
2023-04-23 23:00:00,경상대,,0,6,124.92892555476425,35.18,128.1
2023-04-23 23:00:00,고흥만수상,,0,6,125.0400866345003,34.57,127.3
2023-04-23 23:00:00,광양항세방,,0,6,124.9471199088367,34.93,127.71
2023-04-23 23:00:00,구미,,0,6,124.26167358648172,36.13,128.34
2023-04-23 23:00:00,삼천포,,0,6,125.10244276891713,34.95,128.07
2023-04-23 23:00:00,여수,,0,6,125.11567205113846,34.74,127.74
2023-04-23 23:00:00,영동,,0,6,123.44913151334129,37.18,128.46
2023-04-23 23:00:00,영흥,,0,6,122.46782386965269,37.26,126.46
2023-04-23 23:00:00,예천,,0,6,123.88752913986968,36.65,128.46
2023-04-23 23:00:00,창원,,0,6,125.12922360733684,35.21,128.58
2023-04-23 23:00:00,탑선,,0,6,124.26240550965156,35.24,126.81
2023-04-24 00:00:00,경상대,,0,6,130.44205552888488,35.18,128.1
2023-04-24 00:00:00,고흥만수상,,0,6,130.81032037762856,34.57,127.3
2023-04-24 00:00:00,광양항세방,,0,6,130.57894588417366,34.93,127.71
2023-04-24 00:00:00,구미,,0,6,129.59706211576875,36.13,128.34
2023-04-24 00:00:00,삼천포,,0,6,130.65302823811587,34.95,128.07
2023-04-24 00:00:00,여수,,0,6,130.76686078413937,34.74,127.74
2023-04-24 00:00:00,영동,,0,6,128.62333763643832,37.18,128.46
2023-04-24 00:00:00,영흥,,0,6,128.04700239428382,37.26,126.46
2023-04-24 00:00:00,예천,,0,6,129.1296744286849,36.65,128.46
2023-04-24 00:00:00,창원,,0,6,130.53310692691556,35.21,128.58
2023-04-24 00:00:00,탑선,,0,6,130.04484419219654,35.24,126.81
2023-04-24 01:00:00,경상대,,0,5,132.22383161498144,35.18,128.1
2023-04-24 01:00:00,고흥만수상,,0,5,132.8430432811305,34.57,127.3
2023-04-24 01:00:00,광양항세방,,0,5,132.47980435600755,34.93,127.71
2023-04-24 01:00:00,구미,,0,5,131.26913122853645,36.13,128.34
2023-04-24 01:00:00,삼천포,,0,5,132.45432939200828,34.95,128.07
2023-04-24 01:00:00,여수,,0,5,132.66941415004362,34.74,127.74
2023-04-24 01:00:00,영동,,0,5,130.216775279167,37.18,128.46
2023-04-24 01:00:00,영흥,,0,5,130.15008321972462,37.26,126.46
2023-04-24 01:00:00,예천,,0,5,130.7465097901445,36.65,128.46
2023-04-24 01:00:00,창원,,0,5,132.1825351604029,35.21,128.58
2023-04-24 01:00:00,탑선,,0,5,132.17278653795438,35.24,126.81
2023-04-24 02:00:00,경상대,,0,6,129.86754118656071,35.18,128.1
2023-04-24 02:00:00,고흥만수상,,0,6,130.6661681276969,34.57,127.3
2023-04-24 02:00:00,광양항세방,,0,6,130.21289527755107,34.93,127.71
2023-04-24 02:00:00,구미,,0,6,128.9095509902968,36.13,128.34
2023-04-24 02:00:00,삼천포,,0,6,130.09151667646452,34.95,128.07
2023-04-24 02:00:00,여수,,0,6,130.38273250901275,34.74,127.74
2023-04-24 02:00:00,영동,,0,6,127.89225015090273,37.18,128.46
2023-04-24 02:00:00,영흥,,0,6,128.3404865482089,37.26,126.46
2023-04-24 02:00:00,예천,,0,6,128.38874754702698,36.65,128.46
2023-04-24 02:00:00,창원,,0,6,129.7000650767276,35.21,128.58
2023-04-24 02:00:00,탑선,,0,6,130.16705564805764,35.24,126.81
2023-04-24 03:00:00,경상대,,0,6,123.90017678011668,35.18,128.1
2023-04-24 03:00:00,고흥만수상,,0,6,124.7823188648697,34.57,127.3
2023-04-24 03:00:00,광양항세방,,0,6,124.29221600469069,34.93,127.71
2023-04-24 03:00:00,구미,,0,6,123.02573545758769,36.13,128.34
2023-04-24 03:00:00,삼천포,,0,6,124.09796705290452,34.95,128.07
2023-04-24 03:00:00,여수,,0,6,124.42901841935964,34.74,127.74
2023-04-24 03:00:00,영동,,0,6,122.12934195181441,37.18,128.46
2023-04-24 03:00:00,영흥,,0,6,122.99697618972465,37.26,126.46
2023-04-24 03:00:00,예천,,0,6,122.55277882934708,36.65,128.46
2023-04-24 03:00:00,창원,,0,6,123.6374625902476,35.21,128.58
2023-04-24 03:00:00,탑선,,0,6,124.48069974861056,35.24,126.81
2023-04-24 04:00:00,경상대,,0,6,115.33423448543645,35.18,128.1
2023-04-24 04:00:00,고흥만수상,,0,6,116.22840239450065,34.57,127.3
2023-04-24 04:00:00,광양항세방,,0,6,115.73964653038627,34.93,127.71
2023-04-24 04:00:00,구미,,0,6,114.58377937269549,36.13,128.34
2023-04-24 04:00:00,삼천포,,0,6,115.49804371210081,34.95,128.07
2023-04-24 04:00:00,여수,,0,6,115.84066182518009,34.74,127.74
2023-04-24 04:00:00,영동,,0,6,113.84417517344268,37.18,128.46
2023-04-24 04:00:00,영흥,,0,6,115.00728606366025,37.26,126.46
2023-04-24 04:00:00,예천,,0,6,114.18019290122918,36.65,128.46
2023-04-24 04:00:00,창원,,0,6,115.00987775231116,35.21,128.58
2023-04-24 04:00:00,탑선,,0,6,116.10847353125202,35.24,126.81
2023-04-24 05:00:00,경상대,,0,6,105.08852427207,35.18,128.1
2023-04-24 05:00:00,고흥만수상,,0,6,105.95463090527004,34.57,127.3
2023-04-24 05:00:00,광양항세방,,0,6,105.48773051747452,34.93,127.71
2023-04-24 05:00:00,구미,,0,6,104.47173725025415,36.13,128.34
2023-04-24 05:00:00,삼천포,,0,6,105.21766929494211,34.95,128.07
2023-04-24 05:00:00,여수,,0,6,105.555297784242,34.74,127.74
2023-04-24 05:00:00,영동,,0,6,103.89382691904795,37.18,128.46
2023-04-24 05:00:00,영흥,,0,6,105.25111370230684,37.26,126.46
2023-04-24 05:00:00,예천,,0,6,104.14276343372677,36.65,128.46
2023-04-24 05:00:00,창원,,0,6,104.72729782269683,35.21,128.58
2023-04-24 05:00:00,탑선,,0,6,105.98795982137473,35.24,126.81
2023-04-24 06:00:00,경상대,,0,6,93.80745345224958,35.18,128.1
2023-04-24 06:00:00,고흥만수상,,0,6,94.62412144231486,34.57,127.3
2023-04-24 06:00:00,광양항세방,,0,6,94.1895399281664,34.93,127.71
2023-04-24 06:00:00,구미,,0,6,93.32325477651472,36.13,128.34
2023-04-24 06:00:00,삼천포,,0,6,93.90333903901164,34.95,128.07
2023-04-24 06:00:00,여수,,0,6,94.22678427832389,34.74,127.74
2023-04-24 06:00:00,영동,,0,6,92.9021900761023,37.18,128.46
2023-04-24 06:00:00,영흥,,0,6,94.38290918851136,37.26,126.46
2023-04-24 06:00:00,예천,,0,6,93.0683878146156,36.65,128.46
2023-04-24 06:00:00,창원,,0,6,93.42554277692338,35.21,128.58
2023-04-24 06:00:00,탑선,,0,6,94.78599537993334,35.24,126.81
2023-04-24 07:00:00,경상대,79.85,2,6,81.91659275656716,35.18,128.1
2023-04-24 07:00:00,고흥만수상,73.8,1,6,82.66975394181723,34.57,127.3
2023-04-24 07:00:00,광양항세방,85.0,1,6,82.27430174298053,34.93,127.71
2023-04-24 07:00:00,구미,92.75,2,6,81.56419499234353,36.13,128.34
2023-04-24 07:00:00,삼천포,86.7,2,6,81.98019512090173,34.95,128.07
2023-04-24 07:00:00,여수,88.5,1,6,82.28336829874675,34.74,127.74
2023-04-24 07:00:00,영동,104.4,2,6,81.2966822833571,37.18,128.46
2023-04-24 07:00:00,영흥,120.2,1,6,82.85167879869834,37.26,126.46
2023-04-24 07:00:00,예천,112.55,2,6,81.38311109945806,36.65,128.46
2023-04-24 07:00:00,창원,113.55000000000001,2,6,81.5248941864586,35.21,128.58
2023-04-24 07:00:00,탑선,92.0,1,6,82.94330887393848,35.24,126.81
2023-04-24 08:00:00,경상대,126.10000000000001,6,6,69.71800700917323,35.18,128.1
2023-04-24 08:00:00,고흥만수상,155.15,6,6,70.3933846212414,34.57,127.3
2023-04-24 08:00:00,광양항세방,140.79999999999998,6,6,70.04429159651679,34.93,127.71
2023-04-24 08:00:00,구미,170.3,6,6,69.50250016358768,36.13,128.34
2023-04-24 08:00:00,삼천포,148.71666666666667,6,6,69.74871494571063,34.95,128.07
2023-04-24 08:00:00,여수,148.35,6,6,70.02572184543367,34.74,127.74
2023-04-24 08:00:00,영동,238.6833333333333,6,6,69.39230121380805,37.18,128.46
2023-04-24 08:00:00,영흥,172.35,6,6,70.98307919372968,37.26,126.46
2023-04-24 08:00:00,예천,140.5,6,6,69.39810507913955,36.65,128.46
2023-04-24 08:00:00,창원,128.1833333333333,6,6,69.325152895344,35.21,128.58
2023-04-24 08:00:00,탑선,142.83333333333334,6,6,70.76953372258572,35.24,126.81
2023-04-24 09:00:00,경상대,235.43333333333337,6,6,57.47679450971444,35.18,128.1
2023-04-24 09:00:00,고흥만수상,256.90000000000003,6,6,58.053254797620085,34.57,127.3
2023-04-24 09:00:00,광양항세방,196.04999999999998,6,6,57.76172137303498,34.93,127.71
2023-04-24 09:00:00,구미,292.09999999999997,6,6,57.413841212697406,36.13,128.34
2023-04-24 09:00:00,삼천포,215.91666666666666,6,6,57.47145160269041,34.95,128.07
2023-04-24 09:00:00,여수,221.01666666666665,6,6,57.71398596476961,34.74,127.74
2023-04-24 09:00:00,영동,426.2333333333333,6,6,57.47620976743499,37.18,128.46
2023-04-24 09:00:00,영흥,373.3333333333333,6,6,59.06359031347482,37.26,126.46
2023-04-24 09:00:00,예천,399.2666666666666,6,6,57.394813528911406,36.65,128.46
2023-04-24 09:00:00,창원,215.95000000000002,6,6,57.092037718914696,35.21,128.58
2023-04-24 09:00:00,탑선,289.96666666666664,6,6,58.53012482438011,35.24,126.81
2023-04-24 10:00:00,경상대,350.68333333333334,6,6,45.52433621068393,35.18,128.1
2023-04-24 10:00:00,고흥만수상,295.05,6,6,45.96360908827271,34.57,127.3
2023-04-24 10:00:00,광양항세방,315.8,6,6,45.75028992118737,34.93,127.71
2023-04-24 10:00:00,구미,491.7666666666667,6,6,45.64741964622582,36.13,128.34
2023-04-24 10:00:00,삼천포,321.4166666666667,6,6,45.47570545978535,34.95,128.07
2023-04-24 10:00:00,여수,325.1333333333334,6,6,45.66900084540023,34.74,127.74
2023-04-24 10:00:00,영동,634.0,6,6,45.915466075626334,37.18,128.46
2023-04-24 10:00:00,영흥,503.95,6,6,47.44209617188431,37.26,126.46
2023-04-24 10:00:00,예천,580.4,6,6,45.73197429336716,36.65,128.46
2023-04-24 10:00:00,창원,339.8666666666667,6,6,45.162031594287896,35.21,128.58
2023-04-24 10:00:00,탑선,233.2833333333333,6,6,46.54600657200572,35.24,126.81
2023-04-24 11:00:00,경상대,429.3,6,6,34.468334317889834,35.18,128.1
2023-04-24 11:00:00,고흥만수상,382.3166666666666,6,6,34.69334044920454,34.57,127.3
2023-04-24 11:00:00,광양항세방,264.4833333333333,6,6,34.59979306726169,34.93,127.71
2023-04-24 11:00:00,구미,515.0166666666665,6,6,34.83996137041138,36.13,128.34
2023-04-24 11:00:00,삼천포,326.0,6,6,34.36274866740336,34.95,128.07
2023-04-24 11:00:00,여수,286.65,6,6,34.47685253982053,34.74,127.74
2023-04-24 11:00:00,영동,686.9333333333333,6,6,35.37187598827495,37.18,128.46
2023-04-24 11:00:00,영흥,577.9333333333333,6,6,36.72209733210716,37.26,126.46
2023-04-24 11:00:00,예천,611.7166666666667,6,6,35.06100631180033,36.65,128.46
2023-04-24 11:00:00,창원,500.8833333333334,6,6,34.15874656115961,35.21,128.58
2023-04-24 11:00:00,탑선,267.43333333333334,6,6,35.38802743157057,35.24,126.81
2023-04-24 12:00:00,경상대,271.76666666666665,6,6,25.748292135444927,35.18,128.1
2023-04-24 12:00:00,고흥만수상,251.83333333333334,6,6,25.608951648258284,34.57,127.3
2023-04-24 12:00:00,광양항세방,245.6833333333333,6,6,25.714911364256324,34.93,127.71
2023-04-24 12:00:00,구미,506.5666666666666,6,6,26.45001324844049,36.13,128.34
2023-04-24 12:00:00,삼천포,281.55,6,6,25.568689701630007,34.95,128.07
2023-04-24 12:00:00,여수,276.3833333333333,6,6,25.54354868003837,34.74,127.74
2023-04-24 12:00:00,영동,574.4166666666666,6,6,27.304249863279004,37.18,128.46
2023-04-24 12:00:00,영흥,746.85,6,6,28.21317971646259,37.26,126.46
2023-04-24 12:00:00,예천,538.4833333333333,6,6,26.846504104207774,36.65,128.46
2023-04-24 12:00:00,창원,255.31666666666663,6,6,25.563974396887517,35.21,128.58
2023-04-24 12:00:00,탑선,570.4,6,6,26.3881153819299,35.24,126.81
2023-04-24 13:00:00,경상대,357.95000000000005,6,6,22.44639660201068,35.18,128.1
2023-04-24 13:00:00,고흥만수상,432.18333333333334,6,6,21.817829914677304,34.57,127.3
2023-04-24 13:00:00,광양항세방,357.26666666666665,6,6,22.184522524300377,34.93,127.71
2023-04-24 13:00:00,구미,621.55,6,6,23.405069810187697,36.13,128.34
2023-04-24 13:00:00,삼천포,360.6166666666666,6,6,22.215504524650427,34.95,128.07
2023-04-24 13:00:00,여수,420.5333333333333,6,6,21.99533839284524,34.74,127.74
2023-04-24 13:00:00,영동,702.0,6,6,24.4588567227335,37.18,128.46
2023-04-24 13:00:00,영흥,636.1833333333334,6,6,24.5128130493071,37.26,126.46
2023-04-24 13:00:00,예천,484.4333333333334,6,6,23.92972930164163,36.65,128.46
2023-04-24 13:00:00,창원,286.5,6,6,22.498654684773243,35.21,128.58
2023-04-24 13:00:00,탑선,436.5166666666667,6,6,22.4879603430457,35.24,126.81
2023-04-24 14:00:00,경상대,344.9666666666667,6,6,26.692768763774836,35.18,128.1
2023-04-24 14:00:00,고흥만수상,239.3166666666667,6,6,25.812093567904896,34.57,127.3
2023-04-24 14:00:00,광양항세방,394.13333333333327,6,6,26.30162419473941,34.93,127.71
2023-04-24 14:00:00,구미,602.5,6,6,27.572258683624938,36.13,128.34
2023-04-24 14:00:00,삼천포,452.5,6,6,26.49423684506357,34.95,128.07
2023-04-24 14:00:00,여수,335.34999999999997,6,6,26.163685611973307,34.74,127.74
2023-04-24 14:00:00,영동,707.9666666666667,6,6,28.48086121527384,37.18,128.46
2023-04-24 14:00:00,영흥,725.2333333333332,6,6,27.67123512782502,37.26,126.46
2023-04-24 14:00:00,예천,570.7666666666668,6,6,28.049658485482738,36.65,128.46
2023-04-24 14:00:00,창원,413.3,6,6,26.954296201051363,35.21,128.58
2023-04-24 14:00:00,탑선,311.3999999999999,6,6,26.128045018330738,35.24,126.81
2023-04-24 15:00:00,경상대,214.54999999999998,6,6,35.8650099161175,35.18,128.1
2023-04-24 15:00:00,고흥만수상,242.4333333333333,6,6,34.98833859066212,34.57,127.3
2023-04-24 15:00:00,광양항세방,200.98333333333332,6,6,35.462630330026656,34.93,127.71
2023-04-24 15:00:00,구미,470.95,6,6,36.52503757441021,36.13,128.34
2023-04-24 15:00:00,삼천포,314.54999999999995,6,6,35.72630920278083,34.95,128.07
2023-04-24 15:00:00,여수,255.26666666666665,6,6,35.386213691643185,34.74,127.74
2023-04-24 15:00:00,영동,626.6833333333333,6,6,37.16640995730461,37.18,128.46
2023-04-24 15:00:00,영흥,680.3666666666667,6,6,35.89058381961635,37.26,126.46
2023-04-24 15:00:00,예천,562.3166666666667,6,6,36.88202868470033,36.65,128.46
2023-04-24 15:00:00,창원,307.51666666666665,6,6,36.21789139022474,35.21,128.58
2023-04-24 15:00:00,탑선,441.1499999999999,6,6,34.999367151489274,35.24,126.81
2023-04-24 16:00:00,경상대,334.1333333333333,6,6,47.09170247125505,35.18,128.1
2023-04-24 16:00:00,고흥만수상,474.9666666666667,6,6,46.28830460500754,34.57,127.3
2023-04-24 16:00:00,광양항세방,266.83333333333337,6,6,46.71426880351154,34.93,127.71
2023-04-24 16:00:00,구미,480.6833333333334,6,6,47.55449700643265,36.13,128.34
2023-04-24 16:00:00,삼천포,277.9,6,6,47.00288250223277,34.95,128.07
2023-04-24 16:00:00,여수,312.06666666666666,6,6,46.683700594625165,34.74,127.74
2023-04-24 16:00:00,영동,531.1833333333333,6,6,47.96426904483945,37.18,128.46
2023-04-24 16:00:00,영흥,553.9499999999999,6,6,46.48349476639347,37.26,126.46
2023-04-24 16:00:00,예천,447.25,6,6,47.80219217044925,36.65,128.46
2023-04-24 16:00:00,창원,237.91666666666666,6,6,47.47647631572532,35.21,128.58
2023-04-24 16:00:00,탑선,498.31666666666666,6,6,46.10206890303337,35.24,126.81
2023-04-24 17:00:00,경상대,405.71666666666664,6,6,59.098898509813196,35.18,128.1
2023-04-24 17:00:00,고흥만수상,294.05,6,6,58.38108251295737,34.57,127.3
2023-04-24 17:00:00,광양항세방,404.81666666666666,6,6,58.75480084643728,34.93,127.71
2023-04-24 17:00:00,구미,422.0333333333333,6,6,59.396639170266745,36.13,128.34
2023-04-24 17:00:00,삼천포,449.93333333333334,6,6,59.05037998651261,34.95,128.07
2023-04-24 17:00:00,여수,389.5333333333333,6,6,58.7590914224797,34.74,127.74
2023-04-24 17:00:00,영동,333.34999999999997,6,6,59.61567724374916,37.18,128.46
2023-04-24 17:00:00,영흥,341.8,6,6,58.04816757640161,37.26,126.46
2023-04-24 17:00:00,예천,271.8833333333334,6,6,59.55233501420564,36.65,128.46
2023-04-24 17:00:00,창원,390.8666666666666,6,6,59.49216042356754,35.21,128.58
2023-04-24 17:00:00,탑선,415.45,6,6,58.05846046253494,35.24,126.81
2023-04-24 18:00:00,경상대,245.5,6,6,71.33659153571297,35.18,128.1
2023-04-24 18:00:00,고흥만수상,197.0333333333333,6,6,70.70927408215702,34.57,127.3
2023-04-24 18:00:00,광양항세방,215.88333333333333,6,6,71.02951999245099,34.93,127.71
2023-04-24 18:00:00,구미,239.5333333333334,6,6,71.48684327509079,36.13,128.34
2023-04-24 18:00:00,삼천포,260.45,6,6,71.3233396149423,34.95,128.07
2023-04-24 18:00:00,여수,231.56666666666663,6,6,71.06302256131863,34.74,127.74
2023-04-24 18:00:00,영동,270.45,6,6,71.53802351282025,37.18,128.46
2023-04-24 18:00:00,영흥,273.40000000000003,6,6,69.94371768582037,37.26,126.46
2023-04-24 18:00:00,예천,239.9,6,6,71.56026064147686,36.65,128.46
2023-04-24 18:00:00,창원,284.45,6,6,71.72682204553578,35.21,128.58
2023-04-24 18:00:00,탑선,284.45,6,6,70.28100789090772,35.24,126.81
2023-04-24 19:00:00,경상대,188.45,2,6,83.48961000957046,35.18,128.1
2023-04-24 19:00:00,고흥만수상,123.65,2,6,82.96108249363421,34.57,127.3
2023-04-24 19:00:00,광양항세방,160.2,2,6,83.22413796144464,34.93,127.71
2023-04-24 19:00:00,구미,154.75,2,6,83.4972442811614,36.13,128.34
2023-04-24 19:00:00,삼천포,177.5,2,6,83.50995209014243,34.95,128.07
2023-04-24 19:00:00,여수,178.95,2,6,83.2844548044057,34.74,127.74
2023-04-24 19:00:00,영동,142.5,2,6,83.38884036373244,37.18,128.46
2023-04-24 19:00:00,영흥,124.3,3,6,81.80840112668395,37.26,126.46
2023-04-24 19:00:00,예천,156.64999999999998,2,6,83.49128553050521,36.65,128.46
2023-04-24 19:00:00,창원,146.75,2,6,83.86844382304696,35.21,128.58
2023-04-24 19:00:00,탑선,110.2,2,6,82.4429815371928,35.24,126.81
2023-04-24 20:00:00,경상대,,0,6,95.29140861896802,35.18,128.1
2023-04-24 20:00:00,고흥만수상,,0,6,94.87666581561832,34.57,127.3
2023-04-24 20:00:00,광양항세방,,0,6,95.07487200564748,34.93,127.71
2023-04-24 20:00:00,구미,,0,6,95.15139730983326,36.13,128.34
2023-04-24 20:00:00,삼천포,,0,6,95.34608974170695,34.95,128.07
2023-04-24 20:00:00,여수,,0,6,95.16160513304315,34.74,127.74
2023-04-24 20:00:00,영동,,0,6,94.8810399533792,37.18,128.46
2023-04-24 20:00:00,영흥,,0,6,93.35351053248456,37.26,126.46
2023-04-24 20:00:00,예천,,0,6,95.06365053831686,36.65,128.46
2023-04-24 20:00:00,창원,,0,6,95.64993328614624,35.21,128.58
2023-04-24 20:00:00,탑선,,0,6,94.27735906893959,35.24,126.81
2023-04-24 21:00:00,경상대,,0,6,106.42637366475651,35.18,128.1
2023-04-24 21:00:00,고흥만수상,,0,6,106.1496075815226,34.57,127.3
2023-04-24 21:00:00,광양항세방,,0,6,106.27024227148763,34.93,127.71
2023-04-24 21:00:00,구미,,0,6,106.12570046920665,36.13,128.34
2023-04-24 21:00:00,삼천포,,0,6,106.5179501702006,34.95,128.07
2023-04-24 21:00:00,여수,,0,6,106.384184899255,34.74,127.74
2023-04-24 21:00:00,영동,,0,6,105.68343116840418,37.18,128.46
2023-04-24 21:00:00,영흥,,0,6,104.25802323290505,37.26,126.46
2023-04-24 21:00:00,예천,,0,6,105.94959307365312,36.65,128.46
2023-04-24 21:00:00,창원,,0,6,106.75250713748143,35.21,128.58
2023-04-24 21:00:00,탑선,,0,6,105.47561540565468,35.24,126.81
2023-04-24 22:00:00,경상대,,0,6,116.44293838811564,35.18,128.1
2023-04-24 22:00:00,고흥만수상,,0,6,116.3396487997574,34.57,127.3
2023-04-24 22:00:00,광양항세방,,0,6,116.36402824342426,34.93,127.71
2023-04-24 22:00:00,구미,,0,6,115.96386831252524,36.13,128.34
2023-04-24 22:00:00,삼천포,,0,6,116.57486540229937,34.95,128.07
2023-04-24 22:00:00,여수,,0,6,116.50610171426132,34.74,127.74
2023-04-24 22:00:00,영동,,0,6,115.33696013426035,37.18,128.46
2023-04-24 22:00:00,영흥,,0,6,114.08469229877036,37.26,126.46
2023-04-24 22:00:00,예천,,0,6,115.69066522309981,36.65,128.46
2023-04-24 22:00:00,창원,,0,6,116.7186338191977,35.21,128.58
2023-04-24 22:00:00,탑선,,0,6,115.60138922228178,35.24,126.81
2023-04-24 23:00:00,경상대,,0,6,124.6602245750077,35.18,128.1
2023-04-24 23:00:00,고흥만수상,,0,6,124.77518436523295,34.57,127.3
2023-04-24 23:00:00,광양항세방,,0,6,124.68013714130245,34.93,127.71
2023-04-24 23:00:00,구미,,0,6,123.99005224237094,36.13,128.34
2023-04-24 23:00:00,삼천포,,0,6,124.83438735087907,34.95,128.07
2023-04-24 23:00:00,여수,,0,6,124.84907729706356,34.74,127.74
2023-04-24 23:00:00,영동,,0,6,123.1748026464621,37.18,128.46
2023-04-24 23:00:00,영흥,,0,6,122.19857052883998,37.26,126.46
2023-04-24 23:00:00,예천,,0,6,123.61439043032198,36.65,128.46
2023-04-24 23:00:00,창원,,0,6,124.85909832793408,35.21,128.58
2023-04-24 23:00:00,탑선,,0,6,123.99718922815458,35.24,126.81
2023-04-25 00:00:00,경상대,,0,6,130.13383173947238,35.18,128.1
2023-04-25 00:00:00,고흥만수상,,0,6,130.50455362419723,34.57,127.3
2023-04-25 00:00:00,광양항세방,,0,6,130.27185497184306,34.93,127.71
2023-04-25 00:00:00,구미,,0,6,129.28747117444271,36.13,128.34
2023-04-25 00:00:00,삼천포,,0,6,130.34508310860588,34.95,128.07
2023-04-25 00:00:00,여수,,0,6,130.45988139514034,34.74,127.74
2023-04-25 00:00:00,영동,,0,6,128.31262847840603,37.18,128.46
2023-04-25 00:00:00,영흥,,0,6,127.74049737547391,37.26,126.46
2023-04-25 00:00:00,예천,,0,6,128.8193932241806,36.65,128.46
2023-04-25 00:00:00,창원,,0,6,130.22377027919347,35.21,128.58
2023-04-25 00:00:00,탑선,,0,6,129.7395618801742,35.24,126.81
2023-04-25 01:00:00,경상대,,0,5,131.89224375179225,35.18,128.1
2023-04-25 01:00:00,고흥만수상,,0,5,132.51206882338673,34.57,127.3
2023-04-25 01:00:00,광양항세방,,0,5,132.1485038413694,34.93,127.71
2023-04-25 01:00:00,구미,,0,5,130.93739679820405,36.13,128.34
2023-04-25 01:00:00,삼천포,,0,5,132.12275855163946,34.95,128.07
2023-04-25 01:00:00,여수,,0,5,132.33808770335986,34.74,127.74
2023-04-25 01:00:00,영동,,0,5,129.884987039723,37.18,128.46
2023-04-25 01:00:00,영흥,,0,5,129.81981195357253,37.26,126.46
2023-04-25 01:00:00,예천,,0,5,130.41470814991615,36.65,128.46
2023-04-25 01:00:00,창원,,0,5,131.8506158963079,35.21,128.58
2023-04-25 01:00:00,탑선,,0,5,131.84223132227748,35.24,126.81
2023-04-25 02:00:00,경상대,,0,6,129.53853487092158,35.18,128.1
2023-04-25 02:00:00,고흥만수상,,0,6,130.33666673506104,34.57,127.3
2023-04-25 02:00:00,광양항세방,,0,6,129.88362736130327,34.93,127.71
2023-04-25 02:00:00,구미,,0,6,128.58036063065845,36.13,128.34
2023-04-25 02:00:00,삼천포,,0,6,129.76258254242515,34.95,128.07
2023-04-25 02:00:00,여수,,0,6,130.05357304474964,34.74,127.74
2023-04-25 02:00:00,영동,,0,6,127.56273532160674,37.18,128.46
2023-04-25 02:00:00,영흥,,0,6,128.00940788151317,37.26,126.46
2023-04-25 02:00:00,예천,,0,6,128.05944772044367,36.65,128.46
2023-04-25 02:00:00,창원,,0,6,129.37151229334498,35.21,128.58
2023-04-25 02:00:00,탑선,,0,6,129.8368731226958,35.24,126.81
2023-04-25 03:00:00,경상대,,0,6,123.59298395976333,35.18,128.1
2023-04-25 03:00:00,고흥만수상,,0,6,124.47469557990031,34.57,127.3
2023-04-25 03:00:00,광양항세방,,0,6,123.98474031022778,34.93,127.71
2023-04-25 03:00:00,구미,,0,6,122.71742268010897,36.13,128.34
2023-04-25 03:00:00,삼천포,,0,6,123.79110100535915,34.95,128.07
2023-04-25 03:00:00,여수,,0,6,124.12190831856827,34.74,127.74
2023-04-25 03:00:00,영동,,0,6,121.81959585875738,37.18,128.46
2023-04-25 03:00:00,영흥,,0,6,122.68393525113842,37.26,126.46
2023-04-25 03:00:00,예천,,0,6,122.24384882123346,36.65,128.46
2023-04-25 03:00:00,창원,,0,6,123.33107160328545,35.21,128.58
2023-04-25 03:00:00,탑선,,0,6,124.17115201631606,35.24,126.81
2023-04-25 04:00:00,경상대,,0,6,115.0546966417372,35.18,128.1
2023-04-25 04:00:00,고흥만수상,,0,6,115.94906049175373,34.57,127.3
2023-04-25 04:00:00,광양항세방,,0,6,115.46007960324575,34.93,127.71
2023-04-25 04:00:00,구미,,0,6,114.30212255457107,36.13,128.34
2023-04-25 04:00:00,삼천포,,0,6,115.2190780763686,34.95,128.07
2023-04-25 04:00:00,여수,,0,6,115.56166732139742,34.74,127.74
2023-04-25 04:00:00,영동,,0,6,113.55999297803875,37.18,128.46
2023-04-25 04:00:00,영흥,,0,6,114.71952490413493,37.26,126.46
2023-04-25 04:00:00,예천,,0,6,113.89737904903373,36.65,128.46
2023-04-25 04:00:00,창원,,0,6,114.731122282133,35.21,128.58
2023-04-25 04:00:00,탑선,,0,6,115.82643910237653,35.24,126.81
2023-04-25 05:00:00,경상대,,0,6,104.83406784069435,35.18,128.1
2023-04-25 05:00:00,고흥만수상,,0,6,105.70106337487063,34.57,127.3
2023-04-25 05:00:00,광양항세방,,0,6,105.23354765193967,34.93,127.71
2023-04-25 05:00:00,구미,,0,6,104.21440656123384,36.13,128.34
2023-04-25 05:00:00,삼천포,,0,6,104.96395880914339,34.95,128.07
2023-04-25 05:00:00,여수,,0,6,105.30181438494398,34.74,127.74
2023-04-25 05:00:00,영동,,0,6,103.63317688231572,37.18,128.46
2023-04-25 05:00:00,영흥,,0,6,104.98735601649328,37.26,126.46
2023-04-25 05:00:00,예천,,0,6,103.88386550619927,36.65,128.46
2023-04-25 05:00:00,창원,,0,6,104.47344956181315,35.21,128.58
2023-04-25 05:00:00,탑선,,0,6,105.73135889103138,35.24,126.81
2023-04-25 06:00:00,경상대,,0,6,93.57239519024967,35.18,128.1
2023-04-25 06:00:00,고흥만수상,,0,6,94.3905821055672,34.57,127.3
2023-04-25 06:00:00,광양항세방,,0,6,93.95503911448995,34.93,127.71
2023-04-25 06:00:00,구미,,0,6,93.0847617376994,36.13,128.34
2023-04-25 06:00:00,삼천포,,0,6,93.66914964644442,34.95,128.07
2023-04-25 06:00:00,여수,,0,6,93.99306160067695,34.74,127.74
2023-04-25 06:00:00,영동,,0,6,92.65980974683224,37.18,128.46
2023-04-25 06:00:00,영흥,,0,6,94.1381683574473,37.26,126.46
2023-04-25 06:00:00,예천,,0,6,92.82802290706897,36.65,128.46
2023-04-25 06:00:00,창원,,0,6,93.19087710820952,35.21,128.58
2023-04-25 06:00:00,탑선,,0,6,94.549300171937,35.24,126.81
2023-04-25 07:00:00,경상대,34.9,2,6,81.69439023747601,35.18,128.1
2023-04-25 07:00:00,고흥만수상,111.8,1,6,82.44967076359379,34.57,127.3
2023-04-25 07:00:00,광양항세방,101.8,1,6,82.05293095136015,34.93,127.71
2023-04-25 07:00:00,구미,60.35,2,6,81.33807546030786,36.13,128.34
2023-04-25 07:00:00,삼천포,0.0,2,6,81.75896510504977,34.95,128.07
2023-04-25 07:00:00,여수,106.1,1,6,82.06283642382125,34.74,127.74
2023-04-25 07:00:00,영동,100.85,2,6,81.06620538567252,37.18,128.46
2023-04-25 07:00:00,영흥,116.5,1,6,82.61969792128758,37.26,126.46
2023-04-25 07:00:00,예천,93.65,2,6,81.1548599903922,36.65,128.46
2023-04-25 07:00:00,창원,89.5,2,6,81.30285518804347,35.21,128.58
2023-04-25 07:00:00,탑선,132.1,1,6,82.72002718125158,35.24,126.81
2023-04-25 08:00:00,경상대,128.45,6,6,69.50152397559152,35.18,128.1
2023-04-25 08:00:00,고흥만수상,187.26666666666668,6,6,70.17966995391768,34.57,127.3
2023-04-25 08:00:00,광양항세방,122.55,6,6,69.82893809422792,34.93,127.71
2023-04-25 08:00:00,구미,140.46666666666667,6,6,69.281603734231,36.13,128.34
2023-04-25 08:00:00,삼천포,152.66666666666666,6,6,69.53331149604736,34.95,128.07
2023-04-25 08:00:00,여수,114.98333333333335,6,6,69.81126815960629,34.74,127.74
2023-04-25 08:00:00,영동,183.10000000000002,6,6,69.16658393993757,37.18,128.46
2023-04-25 08:00:00,영흥,146.76666666666668,6,6,70.75684330857752,37.26,126.46
2023-04-25 08:00:00,예천,134.71666666666667,6,6,69.17481490914119,36.65,128.46
2023-04-25 08:00:00,창원,122.78333333333332,6,6,69.10857621076363,35.21,128.58
2023-04-25 08:00:00,탑선,164.9666666666667,6,6,70.55260009484402,35.24,126.81
2023-04-25 09:00:00,경상대,89.81666666666666,6,6,57.2574873167846,35.18,128.1
2023-04-25 09:00:00,고흥만수상,206.89999999999998,6,6,57.83750300759031,34.57,127.3
2023-04-25 09:00:00,광양항세방,169.9,6,6,57.543906133021515,34.93,127.71
2023-04-25 09:00:00,구미,199.79999999999998,6,6,57.18956545354445,36.13,128.34
2023-04-25 09:00:00,삼천포,119.3,6,6,57.25334463733132,34.95,128.07
2023-04-25 09:00:00,여수,105.93333333333334,6,6,57.4971360992028,34.74,127.74
2023-04-25 09:00:00,영동,233.68333333333337,6,6,57.24663081161961,37.18,128.46
2023-04-25 09:00:00,영흥,275.61666666666673,6,6,58.834744822274374,37.26,126.46
2023-04-25 09:00:00,예천,192.91666666666666,6,6,57.1678606448995,36.65,128.46
2023-04-25 09:00:00,창원,138.51666666666668,6,6,56.87231012815586,35.21,128.58
2023-04-25 09:00:00,탑선,212.6,6,6,58.31116876583873,35.24,126.81
2023-04-25 10:00:00,경상대,151.48333333333332,6,6,45.290541713981604,35.18,128.1
2023-04-25 10:00:00,고흥만수상,156.11666666666667,6,6,45.7343528882512,34.57,127.3
2023-04-25 10:00:00,광양항세방,130.86666666666667,6,6,45.518444753492496,34.93,127.71
2023-04-25 10:00:00,구미,193.1,6,6,45.408125957264176,36.13,128.34
2023-04-25 10:00:00,삼천포,134.25,6,6,45.2432248889014,34.95,128.07
2023-04-25 10:00:00,여수,137.80000000000004,6,6,45.43816827170862,34.74,127.74
2023-04-25 10:00:00,영동,264.25000000000006,6,6,45.670504323433704,37.18,128.46
2023-04-25 10:00:00,영흥,326.56666666666666,6,6,47.1996147644499,37.26,126.46
2023-04-25 10:00:00,예천,227.45000000000002,6,6,45.48975625267035,36.65,128.46
2023-04-25 10:00:00,창원,185.21666666666667,6,6,44.927354543444615,35.21,128.58
2023-04-25 10:00:00,탑선,234.0,6,6,46.31372617468905,35.24,126.81
2023-04-25 11:00:00,경상대,104.26666666666667,6,6,34.203165933919294,35.18,128.1
2023-04-25 11:00:00,고흥만수상,99.98333333333333,6,6,34.43361530367985,34.57,127.3
2023-04-25 11:00:00,광양항세방,106.60000000000001,6,6,34.337011220187385,34.93,127.71
2023-04-25 11:00:00,구미,121.41666666666667,6,6,34.569368633707434,36.13,128.34
2023-04-25 11:00:00,삼천포,114.83333333333333,6,6,34.098863405811606,34.95,128.07
2023-04-25 11:00:00,여수,139.86666666666667,6,6,34.21499798642547,34.74,127.74
2023-04-25 11:00:00,영동,255.69999999999996,6,6,35.096038050982635,37.18,128.46
2023-04-25 11:00:00,영흥,271.5833333333333,6,6,36.45099843076591,37.26,126.46
2023-04-25 11:00:00,예천,165.48333333333335,6,6,34.78760932378597,36.65,128.46
2023-04-25 11:00:00,창원,103.26666666666667,6,6,33.8920829358419,35.21,128.58
2023-04-25 11:00:00,탑선,126.05,6,6,35.12604640208212,35.24,126.81
2023-04-25 12:00:00,경상대,221.13333333333333,6,6,25.435587930888886,35.18,128.1
2023-04-25 12:00:00,고흥만수상,83.95,6,6,25.300449112168693,34.57,127.3
2023-04-25 12:00:00,광양항세방,141.4,6,6,25.40407183918724,34.93,127.71
2023-04-25 12:00:00,구미,134.73333333333332,6,6,26.134434935780945,36.13,128.34
2023-04-25 12:00:00,삼천포,186.25,6,6,25.25665203583503,34.95,128.07
2023-04-25 12:00:00,여수,119.11666666666666,6,6,25.233118624219287,34.74,127.74
2023-04-25 12:00:00,영동,310.2166666666667,6,6,26.98628121896332,37.18,128.46
2023-04-25 12:00:00,영흥,292.8,6,6,27.900305060204765,37.26,126.46
2023-04-25 12:00:00,예천,262.9,6,6,26.529539557947103,36.65,128.46
2023-04-25 12:00:00,창원,324.05,6,6,25.249731116662332,35.21,128.58
2023-04-25 12:00:00,탑선,124.91666666666664,6,6,26.079320958461985,35.24,126.81
2023-04-25 13:00:00,경상대,204.18333333333337,6,6,22.119357139964094,35.18,128.1
2023-04-25 13:00:00,고흥만수상,101.85000000000001,6,6,21.489260081901364,34.57,127.3
2023-04-25 13:00:00,광양항세방,109.16666666666667,6,6,21.856710685389075,34.93,127.71
2023-04-25 13:00:00,구미,240.26666666666668,6,6,23.0784071364355,36.13,128.34
2023-04-25 13:00:00,삼천포,151.2,6,6,21.888429437923264,34.95,128.07
2023-04-25 13:00:00,여수,126.68333333333335,6,6,21.667600529781566,34.74,127.74
2023-04-25 13:00:00,영동,268.3666666666667,6,6,24.132285383831913,37.18,128.46
2023-04-25 13:00:00,영흥,384.5,6,6,24.183007680078447,37.26,126.46
2023-04-25 13:00:00,예천,200.88333333333333,6,6,23.603237608269026,36.65,128.46
2023-04-25 13:00:00,창원,170.51666666666668,6,6,22.172676743202388,35.21,128.58
2023-04-25 13:00:00,탑선,91.18333333333334,6,6,22.158575510496803,35.24,126.81
2023-04-25 14:00:00,경상대,125.73333333333333,6,6,26.43086419511272,35.18,128.1
2023-04-25 14:00:00,고흥만수상,79.85000000000001,6,6,25.548889162162425,34.57,127.3
2023-04-25 14:00:00,광양항세방,78.06666666666665,6,6,26.038878727780784,34.93,127.71
2023-04-25 14:00:00,구미,211.79999999999998,6,6,27.30716175498558,36.13,128.34
2023-04-25 14:00:00,삼천포,169.05000000000004,6,6,26.233287768711293,34.95,128.07
2023-04-25 14:00:00,여수,82.10000000000001,6,6,25.902016186281116,34.74,127.74
2023-04-25 14:00:00,영동,177.18333333333337,6,6,28.211813302086078,37.18,128.46
2023-04-25 14:00:00,영흥,285.7,6,6,27.39263307571663,37.26,126.46
2023-04-25 14:00:00,예천,233.3166666666667,6,6,27.782852577495646,36.65,128.46
2023-04-25 14:00:00,창원,160.85,6,6,26.694724460367937,35.21,128.58
2023-04-25 14:00:00,탑선,116.78333333333332,6,6,25.85916303009195,35.24,126.81
2023-04-25 15:00:00,경상대,155.55,6,6,35.668488069103546,35.18,128.1
2023-04-25 15:00:00,고흥만수상,94.93333333333334,6,6,34.79334203573536,34.57,127.3
2023-04-25 15:00:00,광양항세방,108.06666666666668,6,6,35.26652420736182,34.93,127.71
2023-04-25 15:00:00,구미,168.33333333333334,6,6,36.32291836237627,36.13,128.34
2023-04-25 15:00:00,삼천포,151.81666666666666,6,6,35.53127321740988,34.95,128.07
2023-04-25 15:00:00,여수,109.3,6,6,35.19153040094179,34.74,127.74
2023-04-25 15:00:00,영동,254.0333333333333,6,6,36.95791620376189,37.18,128.46
2023-04-25 15:00:00,영흥,296.0833333333333,6,6,35.674958673231934,37.26,126.46
2023-04-25 15:00:00,예천,157.1833333333333,6,6,36.67691020602381,36.65,128.46
2023-04-25 15:00:00,창원,164.71666666666667,6,6,36.02274176900534,35.21,128.58
2023-04-25 15:00:00,탑선,117.76666666666667,6,6,34.79803572733739,35.24,126.81
2023-04-25 16:00:00,경상대,186.76666666666665,6,6,46.931200549239136,35.18,128.1
2023-04-25 16:00:00,고흥만수상,152.88333333333335,6,6,46.13059232382054,34.57,127.3
2023-04-25 16:00:00,광양항세방,134.21666666666667,6,6,46.55480555474637,34.93,127.71
2023-04-25 16:00:00,구미,201.20000000000002,6,6,47.38814409401556,36.13,128.34
2023-04-25 16:00:00,삼천포,153.26666666666665,6,6,46.8438632158298,34.95,128.07
2023-04-25 16:00:00,여수,131.11666666666667,6,6,46.52555905911787,34.74,127.74
2023-04-25 16:00:00,영동,225.36666666666667,6,6,47.7913782266752,37.18,128.46
2023-04-25 16:00:00,영흥,348.5333333333333,6,6,46.30667008356127,37.26,126.46
2023-04-25 16:00:00,예천,216.58333333333334,6,6,47.63267814933812,36.65,128.46
2023-04-25 16:00:00,창원,179.93333333333337,6,6,47.31653086388396,35.21,128.58
2023-04-25 16:00:00,탑선,161.4666666666667,6,6,45.93903317627882,35.24,126.81
2023-04-25 17:00:00,경상대,186.61666666666667,6,6,58.95362766024289,35.18,128.1
2023-04-25 17:00:00,고흥만수상,163.88333333333335,6,6,58.23909542588753,34.57,127.3
2023-04-25 17:00:00,광양항세방,157.01666666666668,6,6,58.61083994613756,34.93,127.71
2023-04-25 17:00:00,구미,167.79999999999998,6,6,59.245805057672854,36.13,128.34
2023-04-25 17:00:00,삼천포,193.6,6,6,58.906482238200866,34.95,128.07
2023-04-25 17:00:00,여수,186.9,6,6,58.61629877523619,34.74,127.74
2023-04-25 17:00:00,영동,211.6666666666667,6,6,59.45870756719991,37.18,128.46
2023-04-25 17:00:00,영흥,270.84999999999997,6,6,57.88948385563906,37.26,126.46
2023-04-25 17:00:00,예천,207.5666666666667,6,6,59.398483813681494,36.65,128.46
2023-04-25 17:00:00,창원,190.79999999999998,6,6,59.346947102423776,35.21,128.58
2023-04-25 17:00:00,탑선,159.26666666666668,6,6,57.912119693229286,35.24,126.81
2023-04-25 18:00:00,경상대,153.48333333333335,6,6,71.19317600853842,35.18,128.1
2023-04-25 18:00:00,고흥만수상,137.53333333333333,6,6,70.56940280088631,34.57,127.3
2023-04-25 18:00:00,광양항세방,136.21666666666667,6,6,70.88756840466118,34.93,127.71
2023-04-25 18:00:00,구미,156.6,6,6,71.33818187210613,36.13,128.34
2023-04-25 18:00:00,삼천포,186.45000000000002,6,6,71.18119549095505,34.95,128.07
2023-04-25 18:00:00,여수,179.45000000000002,6,6,70.92211286133329,34.74,127.74
2023-04-25 18:00:00,영동,153.36666666666665,6,6,71.38365422562642,37.18,128.46
2023-04-25 18:00:00,영흥,179.35000000000002,6,6,69.78919532199794,37.26,126.46
2023-04-25 18:00:00,예천,196.36666666666667,6,6,71.40875287109934,36.65,128.46
2023-04-25 18:00:00,창원,168.75,6,6,71.58312682140692,35.21,128.58
2023-04-25 18:00:00,탑선,163.31666666666666,6,6,70.13752158196638,35.24,126.81
2023-04-25 19:00:00,경상대,120.65,2,6,83.33820390763088,35.18,128.1
2023-04-25 19:00:00,고흥만수상,126.80000000000001,2,6,82.81343771777954,34.57,127.3
2023-04-25 19:00:00,광양항세방,126.25,2,6,83.07432239924766,34.93,127.71
2023-04-25 19:00:00,구미,121.4,2,6,83.34084741704253,36.13,128.34
2023-04-25 19:00:00,삼천포,78.95,2,6,83.35973795349038,34.95,128.07
2023-04-25 19:00:00,여수,120.1,2,6,83.13558224035062,34.74,127.74
2023-04-25 19:00:00,영동,89.15,2,6,83.22709805168458,37.18,128.46
2023-04-25 19:00:00,영흥,154.06666666666666,3,6,81.64775864320633,37.26,126.46
2023-04-25 19:00:00,예천,131.75,2,6,83.33218614659229,36.65,128.46
2023-04-25 19:00:00,창원,148.45,2,6,83.71648493787063,35.21,128.58
2023-04-25 19:00:00,탑선,96.85,2,6,82.29230411292913,35.24,126.81
2023-04-25 20:00:00,경상대,,0,6,95.12339764547878,35.18,128.1
2023-04-25 20:00:00,고흥만수상,,0,6,94.71264018122211,34.57,127.3
2023-04-25 20:00:00,광양항세방,,0,6,94.90857804186066,34.93,127.71
2023-04-25 20:00:00,구미,,0,6,94.97862151606523,36.13,128.34
2023-04-25 20:00:00,삼천포,,0,6,95.17920150876652,34.95,128.07
2023-04-25 20:00:00,여수,,0,6,94.99616649323656,34.74,127.74
2023-04-25 20:00:00,영동,,0,6,94.70326037746847,37.18,128.46
2023-04-25 20:00:00,영흥,,0,6,93.17798784973452,37.26,126.46
2023-04-25 20:00:00,예천,,0,6,94.88830605809638,36.65,128.46
2023-04-25 20:00:00,창원,,0,6,95.48110990001457,35.21,128.58
2023-04-25 20:00:00,탑선,,0,6,94.1108272844689,35.24,126.81
2023-04-25 21:00:00,경상대,,0,6,106.23320142420077,35.18,128.1
2023-04-25 21:00:00,고흥만수상,,0,6,105.96061622847756,34.57,127.3
2023-04-25 21:00:00,광양항세방,,0,6,106.07890128650952,34.93,127.71
2023-04-25 21:00:00,구미,,0,6,105.92806437631995,36.13,128.34
2023-04-25 21:00:00,삼천포,,0,6,106.32581476182645,34.95,128.07
2023-04-25 21:00:00,여수,,0,6,106.1935980032575,34.74,127.74
2023-04-25 21:00:00,영동,,0,6,105.48122958301383,37.18,128.46
2023-04-25 21:00:00,영흥,,0,6,104.05923000654377,37.26,126.46
2023-04-25 21:00:00,예천,,0,6,105.74956852273404,36.65,128.46
2023-04-25 21:00:00,창원,,0,6,106.55825848059892,35.21,128.58
2023-04-25 21:00:00,탑선,,0,6,105.28469408822622,35.24,126.81
2023-04-25 22:00:00,경상대,,0,6,116.21605599406354,35.18,128.1
2023-04-25 22:00:00,고흥만수상,,0,6,116.11696246609456,34.57,127.3
2023-04-25 22:00:00,광양항세방,,0,6,116.13901315909857,34.93,127.71
2023-04-25 22:00:00,구미,,0,6,115.73308582585918,36.13,128.34
2023-04-25 22:00:00,삼천포,,0,6,116.34887227165645,34.95,128.07
2023-04-25 22:00:00,여수,,0,6,116.28169129047912,34.74,127.74
2023-04-25 22:00:00,영동,,0,6,115.102337948973,37.18,128.46
2023-04-25 22:00:00,영흥,,0,6,113.85453285386801,37.26,126.46
2023-04-25 22:00:00,예천,,0,6,115.45782025945505,36.65,128.46
2023-04-25 22:00:00,창원,,0,6,116.490437759593,35.21,128.58
2023-04-25 22:00:00,탑선,,0,6,115.3775037230448,35.24,126.81
2023-04-25 23:00:00,경상대,,0,6,124.39322140808528,35.18,128.1
2023-04-25 23:00:00,고흥만수상,,0,6,124.51188830597947,34.57,127.3
2023-04-25 23:00:00,광양항세방,,0,6,124.41481119215992,34.93,127.71
2023-04-25 23:00:00,구미,,0,6,123.7202093278184,36.13,128.34
2023-04-25 23:00:00,삼천포,,0,6,124.56801142486012,34.95,128.07
2023-04-25 23:00:00,여수,,0,6,124.5841272268093,34.74,127.74
2023-04-25 23:00:00,영동,,0,6,122.90232963201078,37.18,128.46
2023-04-25 23:00:00,영흥,,0,6,121.93106885099326,37.26,126.46
2023-04-25 23:00:00,예천,,0,6,123.34307233915064,36.65,128.46
2023-04-25 23:00:00,창원,,0,6,124.59070139535119,35.21,128.58
2023-04-25 23:00:00,탑선,,0,6,123.73360041067083,35.24,126.81
2023-04-26 00:00:00,경상대,,0,6,129.82829927626284,35.18,128.1
2023-04-26 00:00:00,고흥만수상,,0,6,130.20139964861772,34.57,127.3
2023-04-26 00:00:00,광양항세방,,0,6,129.9674193412821,34.93,127.71
2023-04-26 00:00:00,구미,,0,6,128.9806205935858,36.13,128.34
2023-04-26 00:00:00,삼천포,,0,6,130.0398189402519,34.95,128.07
2023-04-26 00:00:00,여수,,0,6,130.15555223991586,34.74,127.74
2023-04-26 00:00:00,영동,,0,6,128.00470154109314,37.18,128.46
2023-04-26 00:00:00,영흥,,0,6,127.43665117598862,37.26,126.46
2023-04-26 00:00:00,예천,,0,6,128.5118773035548,36.65,128.46
2023-04-26 00:00:00,창원,,0,6,129.9171588198547,35.21,128.58
2023-04-26 00:00:00,탑선,,0,6,129.43688461766413,35.24,126.81
2023-04-26 01:00:00,경상대,,0,5,131.56423660425904,35.18,128.1
2023-04-26 01:00:00,고흥만수상,,0,5,132.18463878804965,34.57,127.3
2023-04-26 01:00:00,광양항세방,,0,5,131.82076674081767,34.93,127.71
2023-04-26 01:00:00,구미,,0,5,130.60925270362856,36.13,128.34
2023-04-26 01:00:00,삼천포,,0,5,131.79476723067884,34.95,128.07
2023-04-26 01:00:00,여수,,0,5,132.01032603624708,34.74,127.74
2023-04-26 01:00:00,영동,,0,5,129.556793115413,37.18,128.46
2023-04-26 01:00:00,영흥,,0,5,129.49305002567968,37.26,126.46
2023-04-26 01:00:00,예천,,0,5,130.0865013434736,36.65,128.46
2023-04-26 01:00:00,창원,,0,5,131.52229806534413,35.21,128.58
2023-04-26 01:00:00,탑선,,0,5,131.51519819440443,35.24,126.81
2023-04-26 02:00:00,경상대,,0,6,129.21347620496036,35.18,128.1
2023-04-26 02:00:00,고흥만수상,,0,6,130.0111084824484,34.57,127.3
2023-04-26 02:00:00,광양항세방,,0,6,129.55830489540085,34.93,127.71
2023-04-26 02:00:00,구미,,0,6,128.25511818058035,36.13,128.34
2023-04-26 02:00:00,삼천포,,0,6,129.43759612903017,34.95,128.07
2023-04-26 02:00:00,여수,,0,6,129.72835948219827,34.74,127.74
2023-04-26 02:00:00,영동,,0,6,127.23716734791404,37.18,128.46
2023-04-26 02:00:00,영흥,,0,6,127.68225719624864,37.26,126.46
2023-04-26 02:00:00,예천,,0,6,127.73409576622628,36.65,128.46
2023-04-26 02:00:00,창원,,0,6,129.0469098970611,35.21,128.58
2023-04-26 02:00:00,탑선,,0,6,129.5106284133081,35.24,126.81
2023-04-26 03:00:00,경상대,,0,6,123.28968202526795,35.18,128.1
2023-04-26 03:00:00,고흥만수상,,0,6,124.17096009754894,34.57,127.3
2023-04-26 03:00:00,광양항세방,,0,6,123.68115484496819,34.93,127.71
2023-04-26 03:00:00,구미,,0,6,122.41301544308693,36.13,128.34
2023-04-26 03:00:00,삼천포,,0,6,123.48812182359293,34.95,128.07
2023-04-26 03:00:00,여수,,0,6,123.81868455772573,34.74,127.74
2023-04-26 03:00:00,영동,,0,6,121.5137713223292,37.18,128.46
2023-04-26 03:00:00,영흥,,0,6,122.37483183016568,37.26,126.46
2023-04-26 03:00:00,예천,,0,6,121.93883198328462,36.65,128.46
2023-04-26 03:00:00,창원,,0,6,123.02856716827361,35.21,128.58
2023-04-26 03:00:00,탑선,,0,6,123.86550898796645,35.24,126.81
2023-04-26 04:00:00,경상대,,0,6,114.77890085644485,35.18,128.1
2023-04-26 04:00:00,고흥만수상,,0,6,115.6734479684821,34.57,127.3
2023-04-26 04:00:00,광양항세방,,0,6,115.1842500847095,34.93,127.71
2023-04-26 04:00:00,구미,,0,6,114.02423536885792,36.13,128.34
2023-04-26 04:00:00,삼천포,,0,6,114.94384734543657,34.95,128.07
2023-04-26 04:00:00,여수,,0,6,115.28640378426661,34.74,127.74
2023-04-26 04:00:00,영동,,0,6,113.27961019184578,37.18,128.46
2023-04-26 04:00:00,영흥,,0,6,114.43558057625438,37.26,126.46
2023-04-26 04:00:00,예천,,0,6,113.61834936345355,36.65,128.46
2023-04-26 04:00:00,창원,,0,6,114.45610577887636,35.21,128.58
2023-04-26 04:00:00,탑선,,0,6,115.54815993672706,35.24,126.81
2023-04-26 05:00:00,경상대,,0,6,104.5832784372862,35.18,128.1
2023-04-26 05:00:00,고흥만수상,,0,6,105.4511422898417,34.57,127.3
2023-04-26 05:00:00,광양항세방,,0,6,104.98302353414584,34.93,127.71
2023-04-26 05:00:00,구미,,0,6,103.96077582059394,36.13,128.34
2023-04-26 05:00:00,삼천포,,0,6,104.71390711264942,34.95,128.07
2023-04-26 05:00:00,여수,,0,6,105.05198275343723,34.74,127.74
2023-04-26 05:00:00,영동,,0,6,103.37626172842246,37.18,128.46
2023-04-26 05:00:00,영흥,,0,6,104.72733967190099,37.26,126.46
2023-04-26 05:00:00,예천,,0,6,103.62868495651973,36.65,128.46
2023-04-26 05:00:00,창원,,0,6,104.22326860076414,35.21,128.58
2023-04-26 05:00:00,탑선,,0,6,105.47842983628442,35.24,126.81
2023-04-26 06:00:00,경상대,,0,6,93.34103302691193,35.18,128.1
2023-04-26 06:00:00,고흥만수상,,0,6,94.1607135529461,34.57,127.3
2023-04-26 06:00:00,광양항세방,,0,6,93.72422376947401,34.93,127.71
2023-04-26 06:00:00,구미,,0,6,92.84999815256752,36.13,128.34
2023-04-26 06:00:00,삼천포,,0,6,93.43864822094372,34.95,128.07
2023-04-26 06:00:00,여수,,0,6,93.7630178739714,34.74,127.74
2023-04-26 06:00:00,영동,,0,6,92.42119349302828,37.18,128.46
2023-04-26 06:00:00,영흥,,0,6,93.89718533001461,37.26,126.46
2023-04-26 06:00:00,예천,,0,6,92.59140509460534,36.65,128.46
2023-04-26 06:00:00,창원,,0,6,92.95991104272488,35.21,128.58
2023-04-26 06:00:00,탑선,,0,6,94.31629700052034,35.24,126.81
2023-04-26 07:00:00,경상대,76.75,2,6,81.47601056119821,35.18,128.1
2023-04-26 07:00:00,고흥만수상,203.0,1,6,82.23338251827309,34.57,127.3
2023-04-26 07:00:00,광양항세방,69.75,2,6,81.83537093489389,34.93,127.71
2023-04-26 07:00:00,구미,197.60000000000002,2,6,81.11580971647436,36.13,128.34
2023-04-26 07:00:00,삼천포,207.95,2,6,81.54155055515396,34.95,128.07
2023-04-26 07:00:00,여수,191.64999999999998,2,6,81.84610976679343,34.74,127.74
2023-04-26 07:00:00,영동,136.0,2,6,80.83961332460142,37.18,128.46
2023-04-26 07:00:00,영흥,160.2,1,6,82.39158344869305,37.26,126.46
2023-04-26 07:00:00,예천,200.95,2,6,80.9304789050487,36.65,128.46
2023-04-26 07:00:00,창원,206.9,2,6,81.08464541921293,35.21,128.58
2023-04-26 07:00:00,탑선,174.0,1,6,82.50055592302355,35.24,126.81
2023-04-26 08:00:00,경상대,278.84999999999997,6,6,69.28908254298119,35.18,128.1
2023-04-26 08:00:00,고흥만수상,324.71666666666664,6,6,69.9699682472605,34.57,127.3
2023-04-26 08:00:00,광양항세방,282.75,6,6,69.6176134803734,34.93,127.71
2023-04-26 08:00:00,구미,331.2,6,6,69.06477448560805,36.13,128.34
2023-04-26 08:00:00,삼천포,357.8,6,6,69.3219437027831,34.95,128.07
2023-04-26 08:00:00,여수,335.40000000000003,6,6,69.60083930075518,34.74,127.74
2023-04-26 08:00:00,영동,168.2,6,6,68.94495786065424,37.18,128.46
2023-04-26 08:00:00,영흥,229.6,6,6,70.53466849461265,37.26,126.46
2023-04-26 08:00:00,예천,297.18333333333334,6,6,68.95560504401989,36.65,128.46
2023-04-26 08:00:00,창원,348.73333333333335,6,6,68.89605022333308,35.21,128.58
2023-04-26 08:00:00,탑선,247.96666666666667,6,6,70.33968739136706,35.24,126.81
2023-04-26 09:00:00,경상대,491.3,6,6,57.0425301562973,35.18,128.1
2023-04-26 09:00:00,고흥만수상,525.55,6,6,57.62607557914559,34.57,127.3
2023-04-26 09:00:00,광양항세방,463.9166666666667,6,6,57.330429148871566,34.93,127.71
2023-04-26 09:00:00,구미,419.18333333333334,6,6,56.96965415299444,36.13,128.34
2023-04-26 09:00:00,삼천포,568.4333333333334,6,6,57.03958455080425,34.95,128.07
2023-04-26 09:00:00,여수,537.6166666666667,6,6,57.284623003819924,34.74,127.74
2023-04-26 09:00:00,영동,150.48333333333332,6,6,57.02142682072071,37.18,128.46
2023-04-26 09:00:00,영흥,393.45000000000005,6,6,58.61023386473443,37.26,126.46
2023-04-26 09:00:00,예천,454.7,6,6,56.945278988729534,36.65,128.46
2023-04-26 09:00:00,창원,547.4833333333333,6,6,56.65694400002517,35.21,128.58
2023-04-26 09:00:00,탑선,204.45000000000002,6,6,58.09653390398168,35.24,126.81
2023-04-26 10:00:00,경상대,711.5,6,6,45.06146999651143,35.18,128.1
2023-04-26 10:00:00,고흥만수상,694.4499999999999,6,6,45.5098076039652,34.57,127.3
2023-04-26 10:00:00,광양항세방,608.2166666666666,6,6,45.291316295121206,34.93,127.71
2023-04-26 10:00:00,구미,373.59999999999997,6,6,45.17354507707216,36.13,128.34
2023-04-26 10:00:00,삼천포,741.8333333333331,6,6,45.01546985899106,34.95,128.07
2023-04-26 10:00:00,여수,700.9333333333334,6,6,45.21205584455645,34.74,127.74
2023-04-26 10:00:00,영동,173.21666666666667,6,6,45.43023886615508,37.18,128.46
2023-04-26 10:00:00,영흥,524.75,6,6,46.961787810392465,37.26,126.46
2023-04-26 10:00:00,예천,164.9,6,6,45.25224435652595,36.65,128.46
2023-04-26 10:00:00,창원,712.0999999999999,6,6,44.697411599269756,35.21,128.58
2023-04-26 10:00:00,탑선,191.66666666666666,6,6,46.086135720852255,35.24,126.81
2023-04-26 11:00:00,경상대,819.9833333333332,6,6,33.94299232488587,35.18,128.1
2023-04-26 11:00:00,고흥만수상,572.6333333333333,6,6,34.17891708575599,34.57,127.3
2023-04-26 11:00:00,광양항세방,633.5,6,6,34.0792374903591,34.93,127.71
2023-04-26 11:00:00,구미,587.35,6,6,34.30371269579543,36.13,128.34
2023-04-26 11:00:00,삼천포,812.0833333333334,6,6,33.83998716452845,34.95,128.07
2023-04-26 11:00:00,여수,672.3833333333333,6,6,33.95816348828778,34.74,127.74
2023-04-26 11:00:00,영동,153.03333333333333,6,6,34.82507408147464,37.18,128.46
2023-04-26 11:00:00,영흥,352.38333333333327,6,6,36.184769084785664,37.26,126.46
2023-04-26 11:00:00,예천,117.31666666666665,6,6,34.5191176860626,36.65,128.46
2023-04-26 11:00:00,창원,827.6166666666667,6,6,33.63041397384273,35.21,128.58
2023-04-26 11:00:00,탑선,638.8666666666667,6,6,34.86904853966288,35.24,126.81
2023-04-26 12:00:00,경상대,787.15,6,6,25.127467493897925,35.18,128.1
2023-04-26 12:00:00,고흥만수상,590.8166666666667,6,6,24.996631840656548,34.57,127.3
2023-04-26 12:00:00,광양항세방,742.3333333333334,6,6,25.09786117986654,34.93,127.71
2023-04-26 12:00:00,구미,672.85,6,6,25.823356606803614,36.13,128.34
2023-04-26 12:00:00,삼천포,824.7666666666665,6,6,24.94921808694575,34.95,128.07
2023-04-26 12:00:00,여수,605.6166666666667,6,6,24.927331041880407,34.74,127.74
2023-04-26 12:00:00,영동,539.8166666666667,6,6,26.67273926164043,37.18,128.46
2023-04-26 12:00:00,영흥,353.21666666666664,6,6,27.59196285950882,37.26,126.46
2023-04-26 12:00:00,예천,598.3333333333334,6,6,26.217033831185155,36.65,128.46
2023-04-26 12:00:00,창원,871.8333333333334,6,6,24.94003746330256,35.21,128.58
2023-04-26 12:00:00,탑선,830.2499999999999,6,6,25.77518595807885,35.24,126.81
2023-04-26 13:00:00,경상대,885.3166666666667,6,6,21.795975642998783,35.18,128.1
2023-04-26 13:00:00,고흥만수상,791.6666666666666,6,6,21.16437130371854,34.57,127.3
2023-04-26 13:00:00,광양항세방,835.15,6,6,21.532567392777338,34.93,127.71
2023-04-26 13:00:00,구미,845.4833333333335,6,6,22.75539205006193,36.13,128.34
2023-04-26 13:00:00,삼천포,960.65,6,6,21.565014226468605,34.95,128.07
2023-04-26 13:00:00,여수,880.5500000000001,6,6,21.34353138242483,34.74,127.74
2023-04-26 13:00:00,영동,455.43333333333334,6,6,23.809353891103044,37.18,128.46
2023-04-26 13:00:00,영흥,560.75,6,6,23.85690018715134,37.26,126.46
2023-04-26 13:00:00,예천,757.4000000000001,6,6,23.28038818400894,36.65,128.46
2023-04-26 13:00:00,창원,827.4,6,6,21.850346478556318,35.21,128.58
2023-04-26 13:00:00,탑선,872.6833333333334,6,6,21.832883909999154,35.24,126.81
2023-04-26 14:00:00,경상대,881.5500000000001,6,6,26.172495097927417,35.18,128.1
2023-04-26 14:00:00,고흥만수상,892.2166666666667,6,6,25.289275896166302,34.57,127.3
2023-04-26 14:00:00,광양항세방,832.9499999999999,6,6,25.77969299254879,34.93,127.71
2023-04-26 14:00:00,구미,824.9666666666667,6,6,27.045546532562703,36.13,128.34
2023-04-26 14:00:00,삼천포,940.8833333333333,6,6,25.97588754325149,34.95,128.07
2023-04-26 14:00:00,여수,897.8833333333333,6,6,25.643916547005205,34.74,127.74
2023-04-26 14:00:00,영동,371.6000000000001,6,6,27.946199592554052,37.18,128.46
2023-04-26 14:00:00,영흥,725.8833333333332,6,6,27.11750866987255,37.26,126.46
2023-04-26 14:00:00,예천,779.4333333333333,6,6,27.5195022445279,36.65,128.46
2023-04-26 14:00:00,창원,802.1333333333333,6,6,26.43867277726502,35.21,128.58
2023-04-26 14:00:00,탑선,863.3833333333333,6,6,25.593845073558597,35.24,126.81
2023-04-26 15:00:00,경상대,821.3833333333332,6,6,35.47472903556954,35.18,128.1
2023-04-26 15:00:00,고흥만수상,845.2166666666667,6,6,34.60115665002888,34.57,127.3
2023-04-26 15:00:00,광양항세방,766.9000000000001,6,6,35.07320423801984,34.93,127.71
2023-04-26 15:00:00,구미,768.8333333333334,6,6,36.12355339022126,36.13,128.34
2023-04-26 15:00:00,삼천포,866.4000000000001,6,6,35.339000516830446,34.95,128.07
2023-04-26 15:00:00,여수,834.9166666666666,6,6,34.999630403355404,34.74,127.74
2023-04-26 15:00:00,영동,543.15,6,6,36.75217683406132,37.18,128.46
2023-04-26 15:00:00,영흥,664.6999999999999,6,6,35.46219843983907,37.26,126.46
2023-04-26 15:00:00,예천,742.3166666666666,6,6,36.47454248009704,36.65,128.46
2023-04-26 15:00:00,창원,817.0666666666666,6,6,35.83032500974037,35.21,128.58
2023-04-26 15:00:00,탑선,814.2833333333333,6,6,34.5995481621959,35.24,126.81
2023-04-26 16:00:00,경상대,708.0833333333334,6,6,46.77258223738242,35.18,128.1
2023-04-26 16:00:00,고흥만수상,732.5500000000001,6,6,45.974777208274325,34.57,127.3
2023-04-26 16:00:00,광양항세방,658.6333333333333,6,6,46.39723451258218,34.93,127.71
2023-04-26 16:00:00,구미,677.3333333333334,6,6,47.22370632356598,36.13,128.34
2023-04-26 16:00:00,삼천포,738.7833333333334,6,6,46.68671833819767,34.95,128.07
2023-04-26 16:00:00,여수,722.9166666666666,6,6,46.369299311885825,34.74,127.74
2023-04-26 16:00:00,영동,561.65,6,6,47.620443577863554,37.18,128.46
2023-04-26 16:00:00,영흥,628.6833333333333,6,6,46.131902279208916,37.26,126.46
2023-04-26 16:00:00,예천,651.9166666666666,6,6,47.465096798395884,36.65,128.46
2023-04-26 16:00:00,창원,718.8333333333334,6,6,47.15844590011792,35.21,128.58
2023-04-26 16:00:00,탑선,708.4666666666667,6,6,45.77795097126144,35.24,126.81
2023-04-26 17:00:00,경상대,554.3833333333334,6,6,58.809595617872375,35.18,128.1
2023-04-26 17:00:00,고흥만수상,567.0500000000001,6,6,58.09833773205192,34.57,127.3
2023-04-26 17:00:00,광양항세방,504.4833333333333,6,6,58.46811609427755,34.93,127.71
2023-04-26 17:00:00,구미,528.5166666666668,6,6,59.09625986507666,36.13,128.34
2023-04-26 17:00:00,삼천포,563.3166666666667,6,6,58.76381008486899,34.95,128.07
2023-04-26 17:00:00,여수,559.8333333333334,6,6,58.47473032397824,34.74,127.74
2023-04-26 17:00:00,영동,368.0833333333333,6,6,59.30308633391756,37.18,128.46
2023-04-26 17:00:00,영흥,494.9333333333334,6,6,57.73222168401457,37.26,126.46
2023-04-26 17:00:00,예천,511.1333333333334,6,6,59.245949091921986,36.65,128.46
2023-04-26 17:00:00,창원,561.85,6,6,59.202957814472654,35.21,128.58
2023-04-26 17:00:00,탑선,553.6999999999999,6,6,57.76706725997645,35.24,126.81
2023-04-26 18:00:00,경상대,357.8999999999999,6,6,71.05058055784029,35.18,128.1
2023-04-26 18:00:00,고흥만수상,362.96666666666664,6,6,70.4303272660784,34.57,127.3
2023-04-26 18:00:00,광양항세방,320.3666666666666,6,6,70.74642820038729,34.93,127.71
2023-04-26 18:00:00,구미,337.71666666666664,6,6,71.19040032435844,36.13,128.34
2023-04-26 18:00:00,삼천포,352.86666666666673,6,6,71.03985631884579,34.95,128.07
2023-04-26 18:00:00,여수,362.48333333333335,6,6,70.78200086085558,34.74,127.74
2023-04-26 18:00:00,영동,268.71666666666664,6,6,71.23023346702303,37.18,128.46
2023-04-26 18:00:00,영흥,324.45,6,6,69.63566927705716,37.26,126.46
2023-04-26 18:00:00,예천,328.0333333333333,6,6,71.25815778101251,36.65,128.46
2023-04-26 18:00:00,창원,317.53333333333336,6,6,71.44024354189199,35.21,128.58
2023-04-26 18:00:00,탑선,369.2833333333333,6,6,69.9948877471682,35.24,126.81
2023-04-26 19:00:00,경상대,214.5,2,6,83.18738487404335,35.18,128.1
2023-04-26 19:00:00,고흥만수상,219.55,2,6,82.66634353611252,34.57,127.3
2023-04-26 19:00:00,광양항세방,189.05,2,6,82.92507951350927,34.93,127.71
2023-04-26 19:00:00,구미,202.5,2,6,83.18510478568356,36.13,128.34
2023-04-26 19:00:00,삼천포,207.65,2,6,83.21009432029672,34.95,128.07
2023-04-26 19:00:00,여수,220.6,2,6,82.98726812022716,34.74,127.74
2023-04-26 19:00:00,영동,164.25,2,6,83.0660853025244,37.18,128.46
2023-04-26 19:00:00,영흥,182.9333333333333,3,6,81.4878709149888,37.26,126.46
2023-04-26 19:00:00,예천,199.45,2,6,83.1737777920905,36.65,128.46
2023-04-26 19:00:00,창원,220.45,2,6,83.56511067066877,35.21,128.58
2023-04-26 19:00:00,탑선,226.8,2,6,82.14223149192918,35.24,126.81
2023-04-26 20:00:00,경상대,,0,6,94.95591446210041,35.18,128.1
2023-04-26 20:00:00,고흥만수상,,0,6,94.54909321407943,34.57,127.3
2023-04-26 20:00:00,광양항세방,,0,6,94.74279154639343,34.93,127.71
2023-04-26 20:00:00,구미,,0,6,94.80644837476216,36.13,128.34
2023-04-26 20:00:00,삼천포,,0,6,95.0128229567135,34.95,128.07
2023-04-26 20:00:00,여수,,0,6,94.8312204625056,34.74,127.74
2023-04-26 20:00:00,영동,,0,6,94.52616541177696,37.18,128.46
2023-04-26 20:00:00,영흥,,0,6,93.00315156079705,37.26,126.46
2023-04-26 20:00:00,예천,,0,6,94.7136050560086,36.65,128.46
2023-04-26 20:00:00,창원,,0,6,95.3128177465053,35.21,128.58
2023-04-26 20:00:00,탑선,,0,6,93.94482602959138,35.24,126.81
2023-04-26 21:00:00,경상대,,0,6,106.04069630767407,35.18,128.1
2023-04-26 21:00:00,고흥만수상,,0,6,105.77222784485566,34.57,127.3
2023-04-26 21:00:00,광양항세방,,0,6,105.88820003293087,34.93,127.71
2023-04-26 21:00:00,구미,,0,6,105.7311783863084,36.13,128.34
2023-04-26 21:00:00,삼천포,,0,6,106.13432674709154,34.95,128.07
2023-04-26 21:00:00,여수,,0,6,106.00363542564848,34.74,127.74
2023-04-26 21:00:00,영동,,0,6,105.27986629361422,37.18,128.46
2023-04-26 21:00:00,영흥,,0,6,103.86124819729395,37.26,126.46
2023-04-26 21:00:00,예천,,0,6,105.55033896050824,36.65,128.46
2023-04-26 21:00:00,창원,,0,6,106.36468772002608,35.21,128.58
2023-04-26 21:00:00,탑선,,0,6,105.09442396752597,35.24,126.81
2023-04-26 22:00:00,경상대,,0,6,115.99024125089583,35.18,128.1
2023-04-26 22:00:00,고흥만수상,,0,6,115.89526283398709,34.57,127.3
2023-04-26 22:00:00,광양항세방,,0,6,115.91503028086572,34.93,127.71
2023-04-26 22:00:00,구미,,0,6,115.50345897390339,36.13,128.34
2023-04-26 22:00:00,삼천포,,0,6,116.12392625742135,34.95,128.07
2023-04-26 22:00:00,여수,,0,6,116.05829801803816,34.74,127.74
2023-04-26 22:00:00,영동,,0,6,114.86896116166058,37.18,128.46
2023-04-26 22:00:00,영흥,,0,6,113.62555449807637,37.26,126.46
2023-04-26 22:00:00,예천,,0,6,115.22617789722204,36.65,128.46
2023-04-26 22:00:00,창원,,0,6,116.26332978729255,35.21,128.58
2023-04-26 22:00:00,탑선,,0,6,115.15464450674983,35.24,126.81
2023-04-26 23:00:00,경상대,,0,6,124.12801667255204,35.18,128.1
2023-04-26 23:00:00,고흥만수상,,0,6,124.25029902543314,34.57,127.3
2023-04-26 23:00:00,광양항세방,,0,6,124.15124261941088,34.93,127.71
2023-04-26 23:00:00,구미,,0,6,123.45224479669722,36.13,128.34
2023-04-26 23:00:00,삼천포,,0,6,124.3034157955714,34.95,128.07
2023-04-26 23:00:00,여수,,0,6,124.32092259250723,34.74,127.74
2023-04-26 23:00:00,영동,,0,6,122.63181163532843,37.18,128.46
2023-04-26 23:00:00,영흥,,0,6,121.66541657012368,37.26,126.46
2023-04-26 23:00:00,예천,,0,6,123.07367446283084,36.65,128.46
2023-04-26 23:00:00,창원,,0,6,124.32413373764706,35.21,128.58
2023-04-26 23:00:00,탑선,,0,6,123.47173865566921,35.24,126.81
2023-04-27 00:00:00,경상대,,0,6,129.52556264850762,35.18,128.1
2023-04-27 00:00:00,고흥만수상,,0,6,129.9009636373635,34.57,127.3
2023-04-27 00:00:00,광양항세방,,0,6,129.66574378475244,34.93,127.71
2023-04-27 00:00:00,구미,,0,6,128.67661405124363,36.13,128.34
2023-04-27 00:00:00,삼천포,,0,6,129.73734045018023,34.95,128.07
2023-04-27 00:00:00,여수,,0,6,129.85397827946758,34.74,127.74
2023-04-27 00:00:00,영동,,0,6,127.69965968089676,37.18,128.46
2023-04-27 00:00:00,영흥,,0,6,127.13556671258985,37.26,126.46
2023-04-27 00:00:00,예천,,0,6,128.20722992157212,36.65,128.46
2023-04-27 00:00:00,창원,,0,6,129.6133769510801,35.21,128.58
2023-04-27 00:00:00,탑선,,0,6,129.13691702543832,35.24,126.81
2023-04-27 01:00:00,경상대,,0,5,131.239909964031,35.18,128.1
2023-04-27 01:00:00,고흥만수상,,0,5,131.86085328590553,34.57,127.3
2023-04-27 01:00:00,광양항세방,,0,5,131.496692987521,34.93,127.71
2023-04-27 01:00:00,구미,,0,5,130.2847985637532,36.13,128.34
2023-04-27 01:00:00,삼천포,,0,5,131.47045525791071,34.95,128.07
2023-04-27 01:00:00,여수,,0,5,131.6862290999123,34.74,127.74
2023-04-27 01:00:00,영동,,0,5,129.23229298350077,37.18,128.46
2023-04-27 01:00:00,영흥,,0,5,129.16989731749368,37.26,126.46
2023-04-27 01:00:00,예천,,0,5,129.7619889057202,36.65,128.46
2023-04-27 01:00:00,창원,,0,5,131.19768133088715,35.21,128.58
2023-04-27 01:00:00,탑선,,0,5,131.1917873022656,35.24,126.81
2023-04-27 02:00:00,경상대,,0,6,128.8924645830483,35.18,128.1
2023-04-27 02:00:00,고흥만수상,,0,6,129.689592644876,34.57,127.3
2023-04-27 02:00:00,광양항세방,,0,6,129.23702721406494,34.93,127.71
2023-04-27 02:00:00,구미,,0,6,127.93392302914805,36.13,128.34
2023-04-27 02:00:00,삼천포,,0,6,129.11665683794675,34.95,128.07
2023-04-27 02:00:00,여수,,0,6,129.4071911712226,34.74,127.74
2023-04-27 02:00:00,영동,,0,6,126.91564559398455,37.18,128.46
2023-04-27 02:00:00,영흥,,0,6,127.3591335669348,37.26,126.46
2023-04-27 02:00:00,예천,,0,6,127.41279107019372,36.65,128.46
2023-04-27 02:00:00,창원,,0,6,128.72635737279694,35.21,128.58
2023-04-27 02:00:00,탑선,,0,6,129.18842068323022,35.24,126.81
2023-04-27 03:00:00,경상대,,0,6,122.99037320358559,35.18,128.1
2023-04-27 03:00:00,고흥만수상,,0,6,123.871214748331,34.57,127.3
2023-04-27 03:00:00,광양항세방,,0,6,123.38156187200985,34.93,127.71
2023-04-27 03:00:00,구미,,0,6,122.11261572119143,36.13,128.34
2023-04-27 03:00:00,삼천포,,0,6,123.1891318029893,34.95,128.07
2023-04-27 03:00:00,여수,,0,6,123.51944946366751,34.74,127.74
2023-04-27 03:00:00,영동,,0,6,121.21197005806269,37.18,128.46
2023-04-27 03:00:00,영흥,,0,6,122.06976741721863,37.26,126.46
2023-04-27 03:00:00,예천,,0,6,121.63783016293567,36.65,128.46
2023-04-27 03:00:00,창원,,0,6,122.73005154918759,35.21,128.58
2023-04-27 03:00:00,탑선,,0,6,123.56387272415193,35.24,126.81
2023-04-27 04:00:00,경상대,,0,6,114.50694818344542,35.18,128.1
2023-04-27 04:00:00,고흥만수상,,0,6,115.40166617340878,34.57,127.3
2023-04-27 04:00:00,광양항세방,,0,6,114.91225916278319,34.93,127.71
2023-04-27 04:00:00,구미,,0,6,113.75021868056808,36.13,128.34
2023-04-27 04:00:00,삼천포,,0,6,114.67245261561499,34.95,128.07
2023-04-27 04:00:00,여수,,0,6,115.01497242568333,34.74,127.74
2023-04-27 04:00:00,영동,,0,6,113.0031275292756,37.18,128.46
2023-04-27 04:00:00,영흥,,0,6,114.15555416767093,37.26,126.46
2023-04-27 04:00:00,예천,,0,6,113.34320461869235,36.65,128.46
2023-04-27 04:00:00,창원,,0,6,114.18492917235207,35.21,128.58
2023-04-27 04:00:00,탑선,,0,6,115.27373737634625,35.24,126.81
2023-04-27 05:00:00,경상대,,0,6,104.33625153135496,35.18,128.1
2023-04-27 05:00:00,고흥만수상,,0,6,105.20496334778947,34.57,127.3
2023-04-27 05:00:00,광양항세방,,0,6,104.73625375335912,34.93,127.71
2023-04-27 05:00:00,구미,,0,6,103.71094062860121,36.13,128.34
2023-04-27 05:00:00,삼천포,,0,6,104.46760963165559,34.95,128.07
2023-04-27 05:00:00,여수,,0,6,104.80589841952388,34.74,127.74
2023-04-27 05:00:00,영동,,0,6,103.12317727263964,37.18,128.46
2023-04-27 05:00:00,영흥,,0,6,104.47116129938104,37.26,126.46
2023-04-27 05:00:00,예천,,0,6,103.37731746540638,36.65,128.46
2023-04-27 05:00:00,창원,,0,6,103.97685019452555,35.21,128.58
2023-04-27 05:00:00,탑선,,0,6,105.22926872705695,35.24,126.81
2023-04-27 06:00:00,경상대,,0,6,93.11345484569887,35.18,128.1
2023-04-27 06:00:00,고흥만수상,,0,6,93.93460367740151,34.57,127.3
2023-04-27 06:00:00,광양항세방,,0,6,93.49718181045199,34.93,127.71
2023-04-27 06:00:00,구미,,0,6,92.6190524308996,36.13,128.34
2023-04-27 06:00:00,삼천포,,0,6,93.21192250372576,34.95,128.07
2023-04-27 06:00:00,여수,,0,6,93.53674087050864,34.74,127.74
2023-04-27 06:00:00,영동,,0,6,92.1864303729896,37.18,128.46
2023-04-27 06:00:00,영흥,,0,6,93.66005013999408,37.26,126.46
2023-04-27 06:00:00,예천,,0,6,92.35862308038195,36.65,128.46
2023-04-27 06:00:00,창원,,0,6,92.73273223525068,35.21,128.58
2023-04-27 06:00:00,탑선,,0,6,94.0870744589667,35.24,126.81
2023-04-27 07:00:00,경상대,201.5,2,6,81.2615340052966,35.18,128.1
2023-04-27 07:00:00,고흥만수상,208.2,1,6,82.020969186643,34.57,127.3
2023-04-27 07:00:00,광양항세방,168.89999999999998,2,6,81.62170187626458,34.93,127.71
2023-04-27 07:00:00,구미,204.0,2,6,80.89747898816425,36.13,128.34
2023-04-27 07:00:00,삼천포,207.75,2,6,81.3280315043751,34.95,128.07
2023-04-27 07:00:00,여수,200.35,2,6,81.63326828332623,34.74,127.74
2023-04-27 07:00:00,영동,151.64999999999998,2,6,80.61698842721073,37.18,128.46
2023-04-27 07:00:00,영흥,160.1,1,6,82.16741862054545,37.26,126.46
2023-04-27 07:00:00,예천,203.25,2,6,80.71004959214814,36.65,128.46
2023-04-27 07:00:00,창원,207.65,2,6,80.87034496721866,35.21,128.58
2023-04-27 07:00:00,탑선,180.0,1,6,82.28497605231513,35.24,126.81
2023-04-27 08:00:00,경상대,343.1833333333334,6,6,69.08075689659665,35.18,128.1
2023-04-27 08:00:00,고흥만수상,334.20000000000005,6,6,69.76435297920946,34.57,127.3
2023-04-27 08:00:00,광양항세방,301.21666666666664,6,6,69.41039166712014,34.93,127.71
2023-04-27 08:00:00,구미,339.83333333333337,6,6,68.85208803151804,36.13,128.34
2023-04-27 08:00:00,삼천포,360.1166666666666,6,6,69.1146853935108,34.95,128.07
2023-04-27 08:00:00,여수,341.9333333333334,6,6,69.3945088685414,34.74,127.74
2023-04-27 08:00:00,영동,227.80000000000004,6,6,68.72750018021905,37.18,128.46
2023-04-27 08:00:00,영흥,254.83333333333334,6,6,70.31663258944806,37.26,126.46
2023-04-27 08:00:00,예천,333.59999999999997,6,6,68.74055187405418,36.65,128.46
2023-04-27 08:00:00,창원,349.1666666666667,6,6,68.6876490183949,35.21,128.58
2023-04-27 08:00:00,탑선,308.65,6,6,70.13087030550984,35.24,126.81
2023-04-27 09:00:00,경상대,544.8833333333333,6,6,56.83199465274507,35.18,128.1
2023-04-27 09:00:00,고흥만수상,536.9166666666666,6,6,57.41904283680853,34.57,127.3
2023-04-27 09:00:00,광양항세방,489.6333333333334,6,6,57.12136150848726,34.93,127.71
2023-04-27 09:00:00,구미,528.9166666666666,6,6,56.7541809329297,36.13,128.34
2023-04-27 09:00:00,삼천포,571.2833333333333,6,6,56.83024247692941,34.95,128.07
2023-04-27 09:00:00,여수,544.8666666666667,6,6,57.07651736099967,34.74,127.74
2023-04-27 09:00:00,영동,411.6166666666666,6,6,56.80067354769768,37.18,128.46
2023-04-27 09:00:00,영흥,447.4666666666667,6,6,58.39013320788567,37.26,126.46
2023-04-27 09:00:00,예천,516.5833333333334,6,6,56.72714325249288,36.65,128.46
2023-04-27 09:00:00,창원,549.0833333333334,6,6,56.446011038692326,35.21,128.58
2023-04-27 09:00:00,탑선,514.0,6,6,57.88629198222685,35.24,126.81
2023-04-27 10:00:00,경상대,710.25,6,6,44.83719763026955,35.18,128.1
2023-04-27 10:00:00,고흥만수상,705.1833333333333,6,6,45.29004766259988,34.57,127.3
2023-04-27 10:00:00,광양항세방,652.4666666666667,6,6,45.06898019565572,34.93,127.71
2023-04-27 10:00:00,구미,668.1833333333334,6,6,44.94375610654808,36.13,128.34
2023-04-27 10:00:00,삼천포,749.1666666666666,6,6,44.79251632922559,34.95,128.07
2023-04-27 10:00:00,여수,713.1833333333334,6,6,44.99073874030616,34.74,127.74
2023-04-27 10:00:00,영동,686.1666666666666,6,6,45.1947513242458,37.18,128.46
2023-04-27 10:00:00,영흥,589.1333333333333,6,6,46.7286957018029,37.26,126.46
2023-04-27 10:00:00,예천,657.1500000000001,6,6,45.01951902159514,36.65,128.46
2023-04-27 10:00:00,창원,714.9,6,6,44.47227976960083,35.21,128.58
2023-04-27 10:00:00,탑선,675.5166666666668,6,6,45.86331104208813,35.24,126.81
2023-04-27 11:00:00,경상대,827.9666666666667,6,6,33.68790910653093,35.18,128.1
2023-04-27 11:00:00,고흥만수상,821.9166666666666,6,6,33.92933878702377,34.57,127.3
2023-04-27 11:00:00,광양항세방,773.0166666666668,6,6,33.82656632972456,34.93,127.71
2023-04-27 11:00:00,구미,778.4833333333335,6,6,34.04309113064714,36.13,128.34
2023-04-27 11:00:00,삼천포,871.6166666666667,6,6,33.58621509185613,34.95,128.07
2023-04-27 11:00:00,여수,831.5166666666665,6,6,33.706443189376365,34.74,127.74
2023-04-27 11:00:00,영동,809.4166666666666,6,6,34.559083272760574,37.18,128.46
2023-04-27 11:00:00,영흥,713.5333333333333,6,6,35.92350562374066,37.26,126.46
2023-04-27 11:00:00,예천,753.8000000000001,6,6,34.25562990596226,36.65,128.46
2023-04-27 11:00:00,창원,833.5166666666668,6,6,33.37383621395214,35.21,128.58
2023-04-27 11:00:00,탑선,792.4166666666666,6,6,34.617127291326426,35.24,126.81
2023-04-27 12:00:00,경상대,888.8833333333336,6,6,24.82404807902644,35.18,128.1
2023-04-27 12:00:00,고흥만수상,845.1500000000001,6,6,24.69761800811142,34.57,127.3
2023-04-27 12:00:00,광양항세방,842.0,6,6,24.796397047599783,34.93,127.71
2023-04-27 12:00:00,구미,845.25,6,6,25.516893858374544,36.13,128.34
2023-04-27 12:00:00,삼천포,939.4166666666666,6,6,24.646505527602997,34.95,128.07
2023-04-27 12:00:00,여수,886.8000000000001,6,6,24.626303943637893,34.74,127.74
2023-04-27 12:00:00,영동,866.1333333333332,6,6,26.363737927412323,37.18,128.46
2023-04-27 12:00:00,영흥,796.5333333333333,6,6,27.288267080797155,37.26,126.46
2023-04-27 12:00:00,예천,817.8833333333333,6,6,25.90910166018608,36.65,128.46
2023-04-27 12:00:00,창원,838.9499999999999,6,6,24.635010601869965,35.21,128.58
2023-04-27 12:00:00,탑선,858.2666666666668,6,6,25.47582723711797,35.24,126.81
2023-04-27 13:00:00,경상대,908.1500000000001,6,6,21.476335768579006,35.18,128.1
2023-04-27 13:00:00,고흥만수상,858.9499999999999,6,6,20.84324964062523,34.57,127.3
2023-04-27 13:00:00,광양항세방,865.9833333333335,6,6,21.212177469792977,34.93,127.71
2023-04-27 13:00:00,구미,869.6833333333334,6,6,22.436107872111847,36.13,128.34
2023-04-27 13:00:00,삼천포,959.1,6,6,21.24534254759736,34.95,128.07
2023-04-27 13:00:00,여수,913.1666666666666,6,6,21.02321560623949,34.74,127.74
2023-04-27 13:00:00,영동,869.5,6,6,23.490145687101858,37.18,128.46
2023-04-27 13:00:00,영흥,823.2666666666665,6,6,23.53457978277325,37.26,126.46
2023-04-27 13:00:00,예천,829.15,6,6,22.961264225960292,36.65,128.46
2023-04-27 13:00:00,창원,901.3666666666668,6,6,21.531746020666148,35.21,128.58
2023-04-27 13:00:00,탑선,883.4333333333334,6,6,21.51097337539828,35.24,126.81
2023-04-27 14:00:00,경상대,891.75,6,6,25.917692272057835,35.18,128.1
2023-04-27 14:00:00,고흥만수상,885.65,6,6,25.033285580745286,34.57,127.3
2023-04-27 14:00:00,광양항세방,844.8666666666667,6,6,25.52409840926481,34.93,127.71
2023-04-27 14:00:00,구미,851.2166666666667,6,6,26.787446116334287,36.13,128.34
2023-04-27 14:00:00,삼천포,933.9333333333333,6,6,25.722066296514782,34.95,128.07
2023-04-27 14:00:00,여수,889.7833333333333,6,6,25.389417362017667,34.74,127.74
2023-04-27 14:00:00,영동,874.8833333333332,6,6,27.684056120912565,37.18,128.46
2023-04-27 14:00:00,영흥,816.8166666666666,6,6,26.845904666435246,37.26,126.46
2023-04-27 14:00:00,예천,814.7000000000002,6,6,27.259641856823023,36.65,128.46
2023-04-27 14:00:00,창원,901.2333333333332,6,6,26.18617029193321,35.21,128.58
2023-04-27 14:00:00,탑선,869.65,6,6,25.33212695446187,35.24,126.81
2023-04-27 15:00:00,경상대,828.35,6,6,35.28372517665239,35.18,128.1
2023-04-27 15:00:00,고흥만수상,840.9,6,6,34.411772835560356,34.57,127.3
2023-04-27 15:00:00,광양항세방,772.3833333333333,6,6,34.88266206357718,34.93,127.71
2023-04-27 15:00:00,구미,793.35,6,6,35.926939216867545,36.13,128.34
2023-04-27 15:00:00,삼천포,860.9666666666666,6,6,35.14948238128796,34.95,128.07
2023-04-27 15:00:00,여수,838.3499999999999,6,6,34.81050436517069,34.74,127.74
2023-04-27 15:00:00,영동,809.7833333333333,6,6,36.54919301343561,37.18,128.46
2023-04-27 15:00:00,영흥,751.6833333333334,6,6,35.25230744614969,37.26,126.46
2023-04-27 15:00:00,예천,761.15,6,6,36.27492429819462,36.65,128.46
2023-04-27 15:00:00,창원,843.7833333333333,6,6,35.64063303376794,35.21,128.58
2023-04-27 15:00:00,탑선,806.9000000000001,6,6,34.40389885875595,35.24,126.81
2023-04-27 16:00:00,경상대,701.5666666666667,6,6,46.61583413307635,35.18,128.1
2023-04-27 16:00:00,고흥만수상,727.0666666666666,6,6,45.8208433744119,34.57,127.3
2023-04-27 16:00:00,광양항세방,639.1833333333334,6,6,46.24154124910788,34.93,127.71
2023-04-27 16:00:00,구미,679.5833333333334,6,6,47.06117382046478,36.13,128.34
2023-04-27 16:00:00,삼천포,730.7833333333333,6,6,46.531433609208335,34.95,128.07
2023-04-27 16:00:00,여수,722.5833333333334,6,6,46.214906223352145,34.74,127.74
2023-04-27 16:00:00,영동,695.8166666666666,6,6,47.4514590196354,37.18,128.46
2023-04-27 16:00:00,영흥,638.6333333333333,6,6,45.959185443193384,37.26,126.46
2023-04-27 16:00:00,예천,654.9,6,6,47.299440141385375,36.65,128.46
2023-04-27 16:00:00,창원,712.4833333333332,6,6,47.002208258680255,35.21,128.58
2023-04-27 16:00:00,탑선,695.0166666666665,6,6,45.618808836268464,35.24,126.81
2023-04-27 17:00:00,경상대,508.16666666666674,6,6,58.66679727164353,35.18,128.1
2023-04-27 17:00:00,고흥만수상,556.0833333333334,6,6,57.958802042528646,34.57,127.3
2023-04-27 17:00:00,광양항세방,478.09999999999997,6,6,58.326623202360025,34.93,127.71
2023-04-27 17:00:00,구미,519.7500000000001,6,6,58.94800120674496,36.13,128.34
2023-04-27 17:00:00,삼천포,541.6666666666666,6,6,58.62235777441303,34.95,128.07
2023-04-27 17:00:00,여수,551.65,6,6,58.33437949004599,34.74,127.74
2023-04-27 17:00:00,영동,534.0500000000001,6,6,59.14881404358102,37.18,128.46
2023-04-27 17:00:00,영흥,487.3666666666666,6,6,57.57638046932149,37.26,126.46
2023-04-27 17:00:00,예천,503.81666666666666,6,6,59.094729936965166,36.65,128.46
2023-04-27 17:00:00,창원,528.05,6,6,59.06018790333921,35.21,128.58
2023-04-27 17:00:00,탑선,539.0833333333334,6,6,57.623297233267266,35.24,126.81
2023-04-27 18:00:00,경상대,319.21666666666664,6,6,70.90881351192215,35.18,128.1
2023-04-27 18:00:00,고흥만수상,303.2166666666667,6,6,70.29205375003619,34.57,127.3
2023-04-27 18:00:00,광양항세방,287.03333333333336,6,6,70.60610680590312,34.93,127.71
2023-04-27 18:00:00,구미,327.3666666666667,6,6,71.04350912943977,36.13,128.34
2023-04-27 18:00:00,삼천포,302.28333333333336,6,6,70.89932992830252,34.95,128.07
2023-04-27 18:00:00,여수,294.23333333333335,6,6,70.64269362722497,34.74,127.74
2023-04-27 18:00:00,영동,341.25,6,6,71.07777398153335,37.18,128.46
2023-04-27 18:00:00,영흥,308.84999999999997,6,6,69.4831506203488,37.26,126.46
2023-04-27 18:00:00,예천,321.53333333333336,6,6,71.10848704008131,36.65,128.46
2023-04-27 18:00:00,창원,313.2166666666667,6,6,71.29818107770896,35.21,128.58
2023-04-27 18:00:00,탑선,338.43333333333334,6,6,69.85311355813323,35.24,126.81
2023-04-27 19:00:00,경상대,187.7,2,6,83.03717742809036,35.18,128.1
2023-04-27 19:00:00,고흥만수상,174.95,2,6,82.51982257345851,34.57,127.3
2023-04-27 19:00:00,광양항세방,146.95,2,6,82.77643297759276,34.93,127.71
2023-04-27 19:00:00,구미,196.9,2,6,83.0300426652166,36.13,128.34
2023-04-27 19:00:00,삼천포,167.8,2,6,83.06104531444745,34.95,128.07
2023-04-27 19:00:00,여수,195.15,2,6,82.83953585244295,34.74,127.74
2023-04-27 19:00:00,영동,201.95,2,6,82.90583015937816,37.18,128.46
2023-04-27 19:00:00,영흥,172.33333333333334,3,6,81.32876392664892,37.26,126.46
2023-04-27 19:00:00,예천,191.65,2,6,83.016087688439,36.65,128.46
2023-04-27 19:00:00,창원,201.9,2,6,83.41434614487902,35.21,128.58
2023-04-27 19:00:00,탑선,183.66666666666666,3,6,81.99278680268819,35.24,126.81
2023-04-27 20:00:00,경상대,,0,6,94.7890020478632,35.18,128.1
2023-04-27 20:00:00,고흥만수상,,0,6,94.38606615347922,34.57,127.3
2023-04-27 20:00:00,광양항세방,,0,6,94.57755470754896,34.93,127.71
2023-04-27 20:00:00,구미,,0,6,94.6349222278343,36.13,128.34
2023-04-27 20:00:00,삼천포,,0,6,94.8469967677768,34.95,128.07
2023-04-27 20:00:00,여수,,0,6,94.66680905301502,34.74,127.74
2023-04-27 20:00:00,영동,,0,6,94.34980069586447,37.18,128.46
2023-04-27 20:00:00,영흥,,0,6,92.82904493048765,37.26,126.46
2023-04-27 20:00:00,예천,,0,6,94.53959259533676,36.65,128.46
2023-04-27 20:00:00,창원,,0,6,95.14510046443594,35.21,128.58
2023-04-27 20:00:00,탑선,,0,6,93.7793966786711,35.24,126.81
2023-04-27 21:00:00,경상대,,0,6,105.84892162029294,35.18,128.1
2023-04-27 21:00:00,고흥만수상,,0,6,105.58450425804776,34.57,127.3
2023-04-27 21:00:00,광양항세방,,0,6,105.69820112862402,34.93,127.71
2023-04-27 21:00:00,구미,,0,6,105.53510665355496,36.13,128.34
2023-04-27 21:00:00,삼천포,,0,6,105.94354926025231,34.95,128.07
2023-04-27 21:00:00,여수,,0,6,105.81435971645482,34.74,127.74
2023-04-27 21:00:00,영동,,0,6,105.07940616863814,37.18,128.46
2023-04-27 21:00:00,영흥,,0,6,103.66414010841996,37.26,126.46
2023-04-27 21:00:00,예천,,0,6,105.35196897832661,36.65,128.46
2023-04-27 21:00:00,창원,,0,6,106.17185884561843,35.21,128.58
2023-04-27 21:00:00,탑선,,0,6,104.90486659042108,35.24,126.81
2023-04-27 22:00:00,경상대,,0,6,115.76557779445423,35.18,128.1
2023-04-27 22:00:00,고흥만수상,,0,6,115.67463260640834,34.57,127.3
2023-04-27 22:00:00,광양항세방,,0,6,115.69216278992195,34.93,127.71
2023-04-27 22:00:00,구미,,0,6,115.2750715118883,36.13,128.34
2023-04-27 22:00:00,삼천포,,0,6,115.90011099976164,34.95,128.07
2023-04-27 22:00:00,여수,,0,6,115.83600514866433,34.74,127.74
2023-04-27 22:00:00,영동,,0,6,114.63691347286729,37.18,128.46
2023-04-27 22:00:00,영흥,,0,6,113.39783856981595,37.26,126.46
2023-04-27 22:00:00,예천,,0,6,114.99582193647115,36.65,128.46
2023-04-27 22:00:00,창원,,0,6,116.03739413765021,35.21,128.58
2023-04-27 22:00:00,탑선,,0,6,114.93289355056717,35.24,126.81
2023-04-27 23:00:00,경상대,,0,6,123.86470924469873,35.18,128.1
2023-04-27 23:00:00,고흥만수상,,0,6,123.99051537161549,34.57,127.3
2023-04-27 23:00:00,광양항세방,,0,6,123.88953024925843,34.93,127.71
2023-04-27 23:00:00,구미,,0,6,123.18625686086733,36.13,128.34
2023-04-27 23:00:00,삼천포,,0,6,124.04069952465645,34.95,128.07
2023-04-27 23:00:00,여수,,0,6,124.05956241225685,34.74,127.74
2023-04-27 23:00:00,영동,,0,6,122.36334608474175,37.18,128.46
2023-04-27 23:00:00,영흥,,0,6,121.401709737227,37.26,126.46
2023-04-27 23:00:00,예천,,0,6,122.80629465662922,36.65,128.46
2023-04-27 23:00:00,창원,,0,6,124.05949452615344,35.21,128.58
2023-04-27 23:00:00,탑선,,0,6,123.2117018601927,35.24,126.81
2023-04-28 00:00:00,경상대,,0,6,129.2257243464856,35.18,128.1
2023-04-28 00:00:00,고흥만수상,,0,6,129.60334874160904,34.57,127.3
2023-04-28 00:00:00,광양항세방,,0,6,129.36693106898377,34.93,127.71
2023-04-28 00:00:00,구미,,0,6,128.37555323350372,36.13,128.34
2023-04-28 00:00:00,삼천포,,0,6,129.43775032958922,34.95,128.07
2023-04-28 00:00:00,여수,,0,6,129.55526244324068,34.74,127.74
2023-04-28 00:00:00,영동,,0,6,127.39760378983503,37.18,128.46
2023-04-28 00:00:00,영흥,,0,6,126.83734494718027,37.26,126.46
2023-04-28 00:00:00,예천,,0,6,127.90555235491178,36.65,128.46
2023-04-28 00:00:00,창원,,0,6,129.3125270561326,35.21,128.58
2023-04-28 00:00:00,탑선,,0,6,128.8397617120778,35.24,126.81
2023-04-28 01:00:00,경상대,,0,5,130.91936174934065,35.18,128.1
2023-04-28 01:00:00,고흥만수상,,0,5,131.54081053599896,34.57,127.3
2023-04-28 01:00:00,광양항세방,,0,5,131.17638063303596,34.93,127.71
2023-04-28 01:00:00,구미,,0,5,129.96413213570747,36.13,128.34
2023-04-28 01:00:00,삼천포,,0,5,131.14992058614683,34.95,128.07
2023-04-28 01:00:00,여수,,0,5,131.36589496252896,34.74,127.74
2023-04-28 01:00:00,영동,,0,5,128.91158426940262,37.18,128.46
2023-04-28 01:00:00,영흥,,0,5,128.85045183612488,37.26,126.46
2023-04-28 01:00:00,예천,,0,5,129.4412685155143,36.65,128.46
2023-04-28 01:00:00,창원,,0,5,130.87686349012324,35.21,128.58
2023-04-28 01:00:00,탑선,,0,5,130.87209690190534,35.24,126.81
2023-04-28 02:00:00,경상대,,0,6,128.57559764346595,35.18,128.1
2023-04-28 02:00:00,고흥만수상,,0,6,129.372216739412,34.57,127.3
2023-04-28 02:00:00,광양항세방,,0,6,128.91989189456905,34.93,127.71
2023-04-28 02:00:00,구미,,0,6,127.61687281036146,36.13,128.34
2023-04-28 02:00:00,삼천포,,0,6,128.7998623145344,34.95,128.07
2023-04-28 02:00:00,여수,,0,6,129.0901657046662,34.74,127.74
2023-04-28 02:00:00,영동,,0,6,126.59826766958136,37.18,128.46
2023-04-28 02:00:00,영흥,,0,6,127.04013430867198,37.26,126.46
2023-04-28 02:00:00,예천,,0,6,127.09563126355859,36.65,128.46
2023-04-28 02:00:00,창원,,0,6,128.40995245016651,35.21,128.58
2023-04-28 02:00:00,탑선,,0,6,128.8703473370465,35.24,126.81
2023-04-28 03:00:00,경상대,,0,6,122.69515797259797,35.18,128.1
2023-04-28 03:00:00,고흥만수상,,0,6,123.57556010949908,34.57,127.3
2023-04-28 03:00:00,광양항세방,,0,6,123.08606190353495,34.93,127.71
2023-04-28 03:00:00,구미,,0,6,121.81632374340242,36.13,128.34
2023-04-28 03:00:00,삼천포,,0,6,122.89423148901041,34.95,128.07
2023-04-28 03:00:00,여수,,0,6,123.2243036117052,34.74,127.74
2023-04-28 03:00:00,영동,,0,6,120.91429203849121,37.18,128.46
2023-04-28 03:00:00,영흥,,0,6,121.76884175592099,37.26,126.46
2023-04-28 03:00:00,예천,,0,6,121.34094346348881,36.65,128.46
2023-04-28 03:00:00,창원,,0,6,122.43562526230943,35.21,128.58
2023-04-28 03:00:00,탑선,,0,6,123.26634353357751,35.24,126.81
2023-04-28 04:00:00,경상대,,0,6,114.23893798285411,35.18,128.1
2023-04-28 04:00:00,고흥만수상,,0,6,115.13381475949697,34.57,127.3
2023-04-28 04:00:00,광양항세방,,0,6,114.64420633059486,34.93,127.71
2023-04-28 04:00:00,구미,,0,6,113.48017165795042,36.13,128.34
2023-04-28 04:00:00,삼천포,,0,6,114.40499329032224,34.95,128.07
2023-04-28 04:00:00,여수,,0,6,114.74747276367442,34.74,127.74
2023-04-28 04:00:00,영동,,0,6,112.73064400398155,37.18,128.46
2023-04-28 04:00:00,영흥,,0,6,113.87954505611702,37.26,126.46
2023-04-28 04:00:00,예천,,0,6,113.07204389048205,36.65,128.46
2023-04-28 04:00:00,창원,,0,6,113.91769170114141,35.21,128.58
2023-04-28 04:00:00,탑선,,0,6,115.00327106203841,35.24,126.81
2023-04-28 05:00:00,경상대,,0,6,104.09308095088196,35.18,128.1
2023-04-28 05:00:00,고흥만수상,,0,6,104.962620610242,34.57,127.3
2023-04-28 05:00:00,광양항세방,,0,6,104.4933322594485,34.93,127.71
2023-04-28 05:00:00,구미,,0,6,103.46499493356411,36.13,128.34
2023-04-28 05:00:00,삼천포,,0,6,104.22516015349036,34.95,128.07
2023-04-28 05:00:00,여수,,0,6,104.56365527593641,34.74,127.74
2023-04-28 05:00:00,영동,,0,6,102.87401766716918,37.18,128.46
2023-04-28 05:00:00,영흥,,0,6,104.21891586271587,37.26,126.46
2023-04-28 05:00:00,예천,,0,6,103.12985705611241,36.65,128.46
2023-04-28 05:00:00,창원,,0,6,103.73428795709184,35.21,128.58
2023-04-28 05:00:00,탑선,,0,6,104.98396998819582,35.24,126.81
2023-04-28 06:00:00,경상대,,0,6,92.88974685452082,35.18,128.1
2023-04-28 06:00:00,고흥만수상,,0,6,93.71233870845637,34.57,127.3
2023-04-28 06:00:00,광양항세방,,0,6,93.27399948446367,34.93,127.71
2023-04-28 06:00:00,구미,,0,6,92.39201129347137,36.13,128.34
2023-04-28 06:00:00,삼천포,,0,6,92.98905856369474,34.95,128.07
2023-04-28 06:00:00,여수,,0,6,93.31431669475062,34.74,127.74
2023-04-28 06:00:00,영동,,0,6,91.95560774280261,37.18,128.46
2023-04-28 06:00:00,영흥,,0,6,93.42685112703465,37.26,126.46
2023-04-28 06:00:00,예천,,0,6,92.12976387158534,36.65,128.46
2023-04-28 06:00:00,창원,,0,6,92.50942666218621,35.21,128.58
2023-04-28 06:00:00,탑선,,0,6,93.86171947016486,35.24,126.81
2023-04-28 07:00:00,경상대,197.25,2,6,81.05103902829384,35.18,128.1
2023-04-28 07:00:00,고흥만수상,168.8,2,6,81.81250894691615,34.57,127.3
2023-04-28 07:00:00,광양항세방,156.60000000000002,2,6,81.41200214660932,34.93,127.71
2023-04-28 07:00:00,구미,209.95,2,6,80.68316267191837,36.13,128.34
2023-04-28 07:00:00,삼천포,216.7,2,6,81.1184861694754,34.95,128.07
2023-04-28 07:00:00,여수,185.85000000000002,2,6,81.4243901190853,34.74,127.74
2023-04-28 07:00:00,영동,215.7,2,6,80.39841117986667,37.18,128.46
2023-04-28 07:00:00,영흥,162.89999999999998,2,6,81.94728485860017,37.26,126.46
2023-04-28 07:00:00,예천,208.8,2,6,80.49365196380968,36.65,128.46
2023-04-28 07:00:00,창원,216.0,2,6,80.6600320937112,35.21,128.58
2023-04-28 07:00:00,탑선,149.5,1,6,82.07336671876679,35.24,126.81
2023-04-28 08:00:00,경상대,337.9666666666667,6,6,68.87661913087368,35.18,128.1
2023-04-28 08:00:00,고흥만수상,304.98333333333335,6,6,69.56289555460215,34.57,127.3
2023-04-28 08:00:00,광양항세방,280.73333333333335,6,6,69.20734448431593,34.93,127.71
2023-04-28 08:00:00,구미,345.23333333333335,6,6,68.64361789102827,36.13,128.34
2023-04-28 08:00:00,삼천포,362.0833333333333,6,6,68.91160830557307,34.95,128.07
2023-04-28 08:00:00,여수,327.7,6,6,69.19234837969508,34.74,127.74
2023-04-28 08:00:00,영동,352.7,6,6,68.51428600860092,37.18,128.46
2023-04-28 08:00:00,영흥,290.84999999999997,6,6,70.10281137563001,37.26,126.46
2023-04-28 08:00:00,예천,338.55,6,6,68.52972969355764,36.65,128.46
2023-04-28 08:00:00,창원,355.9166666666667,6,6,68.48344457990545,35.21,128.58
2023-04-28 08:00:00,탑선,269.1666666666667,6,6,69.92622146753382,35.24,126.81
2023-04-28 09:00:00,경상대,540.3166666666666,6,6,56.62594992524197,35.18,128.1
2023-04-28 09:00:00,고흥만수상,512.6833333333333,6,6,57.216472611199045,34.57,127.3
2023-04-28 09:00:00,광양항세방,450.0,6,6,56.91677180076347,34.93,127.71
2023-04-28 09:00:00,구미,533.9499999999999,6,6,56.54321692651516,36.13,128.34
2023-04-28 09:00:00,삼천포,561.9666666666667,6,6,56.62538703957815,34.95,128.07
2023-04-28 09:00:00,여수,529.1666666666666,6,6,56.872887348829295,34.74,127.74
2023-04-28 09:00:00,영동,547.0333333333333,6,6,56.58444428168006,37.18,128.46
2023-04-28 09:00:00,영흥,469.4833333333333,6,6,58.1745162096706,37.26,126.46
2023-04-28 09:00:00,예천,520.3833333333333,6,6,56.513525649957934,36.65,128.46
2023-04-28 09:00:00,창원,542.4666666666667,6,6,56.23958042864936,35.21,128.58
2023-04-28 09:00:00,탑선,491.3833333333334,6,6,57.6805122797531,35.24,126.81
2023-04-28 10:00:00,경상대,699.4333333333333,6,6,44.61779817560186,35.18,128.1
2023-04-28 10:00:00,고흥만수상,680.4499999999999,6,6,45.07514445897952,34.57,127.3
2023-04-28 10:00:00,광양항세방,647.5833333333334,6,6,44.851509085883016,34.93,127.71
2023-04-28 10:00:00,구미,690.5500000000001,6,6,44.718835203404325,36.13,128.34
2023-04-28 10:00:00,삼천포,735.6333333333333,6,6,44.57443722989857,34.95,128.07
2023-04-28 10:00:00,여수,702.1166666666667,6,6,44.77428910086389,34.74,127.74
2023-04-28 10:00:00,영동,706.2000000000002,6,6,44.964120454965794,37.18,128.46
2023-04-28 10:00:00,영흥,626.6166666666667,6,6,46.50041601716411,37.26,126.46
2023-04-28 10:00:00,예천,665.25,6,6,44.79165775963028,36.65,128.46
2023-04-28 10:00:00,창원,684.5166666666665,6,6,44.252033038392995,35.21,128.58
2023-04-28 10:00:00,탑선,675.1666666666666,6,6,45.64532500332649,35.24,126.81
2023-04-28 11:00:00,경상대,807.1,6,6,33.43800874050235,35.18,128.1
2023-04-28 11:00:00,고흥만수상,684.6333333333333,6,6,33.684970117144815,34.57,127.3
2023-04-28 11:00:00,광양항세방,772.2833333333333,6,6,33.57908898136329,34.93,127.71
2023-04-28 11:00:00,구미,798.6333333333333,6,6,33.78759852181175,36.13,128.34
2023-04-28 11:00:00,삼천포,860.7333333333332,6,6,33.33763914150881,34.95,128.07
2023-04-28 11:00:00,여수,832.5500000000001,6,6,33.459927992650215,34.74,127.74
2023-04-28 11:00:00,영동,817.3166666666666,6,6,34.298161988272824,37.18,128.46
2023-04-28 11:00:00,영흥,738.1333333333332,6,6,35.66730148933569,37.26,126.46
2023-04-28 11:00:00,예천,766.7000000000002,6,6,33.997241584459495,36.65,128.46
2023-04-28 11:00:00,창원,795.9499999999999,6,6,33.12244306287397,35.21,128.58
2023-04-28 11:00:00,탑선,773.4666666666667,6,6,34.37037292416544,35.24,126.81
2023-04-28 12:00:00,경상대,889.0333333333332,6,6,24.52544528038061,35.18,128.1
2023-04-28 12:00:00,고흥만수상,475.45,6,6,24.40352398536578,34.57,127.3
2023-04-28 12:00:00,광양항세방,777.1333333333333,6,6,24.499795380060675,34.93,127.71
2023-04-28 12:00:00,구미,851.9,6,6,25.215160684532833,36.13,128.34
2023-04-28 12:00:00,삼천포,934.1666666666666,6,6,24.348630356797486,34.95,128.07
2023-04-28 12:00:00,여수,859.1833333333334,6,6,24.330153610832028,34.74,127.74
2023-04-28 12:00:00,영동,876.3999999999997,6,6,26.059389581336923,37.18,128.46
2023-04-28 12:00:00,영흥,814.2333333333335,6,6,26.989329932189897,37.26,126.46
2023-04-28 12:00:00,예천,813.8333333333334,6,6,25.605856201499748,36.65,128.46
2023-04-28 12:00:00,창원,873.0333333333333,6,6,24.334766098600213,35.21,128.58
2023-04-28 12:00:00,탑선,728.3166666666667,6,6,25.181359823169856,35.24,126.81
2023-04-28 13:00:00,경상대,910.0833333333334,6,6,21.160519114449187,35.18,128.1
2023-04-28 13:00:00,고흥만수상,420.18333333333334,6,6,20.525979205826346,34.57,127.3
2023-04-28 13:00:00,광양항세방,799.8833333333333,6,6,20.895623735093153,34.93,127.71
2023-04-28 13:00:00,구미,867.4,6,6,22.12063587144752,36.13,128.34
2023-04-28 13:00:00,삼천포,944.3833333333333,6,6,20.929495992700325,34.95,128.07
2023-04-28 13:00:00,여수,842.75,6,6,20.706735838661757,34.74,127.74
2023-04-28 13:00:00,영동,885.4333333333333,6,6,23.174742193243787,37.18,128.46
2023-04-28 13:00:00,영흥,813.2833333333333,6,6,23.21613391275173,37.26,126.46
2023-04-28 13:00:00,예천,831.1833333333334,6,6,22.645946886003898,36.65,128.46
2023-04-28 13:00:00,창원,921.9499999999999,6,6,21.21695535945095,35.21,128.58
2023-04-28 13:00:00,탑선,455.75,6,6,21.19292989340377,35.24,126.81
2023-04-28 14:00:00,경상대,889.9166666666665,6,6,25.66648236380493,35.18,128.1
2023-04-28 14:00:00,고흥만수상,399.93333333333334,6,6,24.780945749974506,34.57,127.3
2023-04-28 14:00:00,광양항세방,401.9833333333334,6,6,25.27212219706989,34.93,127.71
2023-04-28 14:00:00,구미,850.9,6,6,26.532889673386528,36.13,128.34
2023-04-28 14:00:00,삼천포,926.2833333333333,6,6,25.471849944778697,34.95,128.07
2023-04-28 14:00:00,여수,369.31666666666666,6,6,25.138545046408225,34.74,127.74
2023-04-28 14:00:00,영동,829.2333333333335,6,6,27.42541521371443,37.18,128.46
2023-04-28 14:00:00,영흥,799.0166666666668,6,6,26.577860235650135,37.26,126.46
2023-04-28 14:00:00,예천,806.9000000000001,6,6,27.00330196391969,36.65,128.46
2023-04-28 14:00:00,창원,905.0500000000001,6,6,25.937241981201282,35.21,128.58
2023-04-28 14:00:00,탑선,280.3666666666667,6,6,25.074040407652873,35.24,126.81
2023-04-28 15:00:00,경상대,589.7333333333335,6,6,35.095465453273604,35.18,128.1
2023-04-28 15:00:00,고흥만수상,216.5833333333333,6,6,34.22517746607402,34.57,127.3
2023-04-28 15:00:00,광양항세방,214.16666666666666,6,6,34.69488586820052,34.93,127.71
2023-04-28 15:00:00,구미,774.4,6,6,35.73306909997145,36.13,128.34
2023-04-28 15:00:00,삼천포,275.34999999999997,6,6,34.962706669164206,34.95,128.07
2023-04-28 15:00:00,여수,450.09999999999997,6,6,34.62413948192646,34.74,127.74
2023-04-28 15:00:00,영동,770.5666666666667,6,6,36.348962701675596,37.18,128.46
2023-04-28 15:00:00,영흥,515.4,6,6,35.0452866802332,37.26,126.46
2023-04-28 15:00:00,예천,768.2000000000002,6,6,36.07805120254371,36.65,128.46
2023-04-28 15:00:00,창원,840.7666666666665,6,6,35.453654408527456,35.21,128.58
2023-04-28 15:00:00,탑선,225.23333333333335,6,6,34.21107870774357,35.24,126.81
2023-04-28 16:00:00,경상대,603.85,6,6,46.46094067041964,35.18,128.1
2023-04-28 16:00:00,고흥만수상,259.71666666666664,6,6,45.66877272724037,34.57,127.3
2023-04-28 16:00:00,광양항세방,254.61666666666665,6,6,46.08770914967062,34.93,127.71
2023-04-28 16:00:00,구미,674.3333333333334,6,6,46.900534554200185,36.13,128.34
2023-04-28 16:00:00,삼천포,334.18333333333334,6,6,46.37799260591981,34.95,128.07
2023-04-28 16:00:00,여수,300.81666666666666,6,6,46.06236248128053,34.74,127.74
2023-04-28 16:00:00,영동,675.1833333333334,6,6,47.28441631966345,37.18,128.46
2023-04-28 16:00:00,영흥,214.0,6,6,45.78851138992525,37.26,126.46
2023-04-28 16:00:00,예천,648.3833333333333,6,6,47.13569805056664,36.65,128.46
2023-04-28 16:00:00,창원,717.6333333333333,6,6,46.84780264155851,35.21,128.58
2023-04-28 16:00:00,탑선,375.74999999999994,6,6,45.461591069006786,35.24,126.81
2023-04-28 17:00:00,경상대,358.8,6,6,58.525226124138,35.18,128.1
2023-04-28 17:00:00,고흥만수상,215.93333333333337,6,6,57.8204795708298,34.57,127.3
2023-04-28 17:00:00,광양항세방,259.18333333333334,6,6,58.18635378860337,34.93,127.71
2023-04-28 17:00:00,구미,521.4833333333333,6,6,58.80102529004121,36.13,128.34
2023-04-28 17:00:00,삼천포,257.7,6,6,58.48211817467394,34.95,128.07
2023-04-28 17:00:00,여수,218.61666666666667,6,6,58.19523830887705,34.74,127.74
2023-04-28 17:00:00,영동,544.1999999999999,6,6,58.995889762906145,37.18,128.46
2023-04-28 17:00:00,영흥,314.2833333333333,6,6,57.42195810930117,37.26,126.46
2023-04-28 17:00:00,예천,508.43333333333334,6,6,58.94482401898033,36.65,128.46
2023-04-28 17:00:00,창원,453.6166666666666,6,6,58.918631343447856,35.21,128.58
2023-04-28 17:00:00,탑선,380.2833333333333,6,6,57.480802244999005,35.24,126.81
2023-04-28 18:00:00,경상대,255.30000000000004,6,6,70.76788226274967,35.18,128.1
2023-04-28 18:00:00,고흥만수상,217.13333333333333,6,6,70.1545875944343,34.57,127.3
2023-04-28 18:00:00,광양항세방,230.79999999999998,6,6,70.46661071217703,34.93,127.71
2023-04-28 18:00:00,구미,330.6166666666666,6,6,70.89751781844626,36.13,128.34
2023-04-28 18:00:00,삼천포,309.58333333333337,6,6,70.75962322071334,34.95,128.07
2023-04-28 18:00:00,여수,279.45,6,6,70.504197300334,34.74,127.74
2023-04-28 18:00:00,영동,290.5,6,6,70.92628751191583,37.18,128.46
2023-04-28 18:00:00,영흥,175.48333333333332,6,6,69.33164937390849,37.26,126.46
2023-04-28 18:00:00,예천,335.0833333333333,6,6,70.95975133430969,36.65,128.46
2023-04-28 18:00:00,창원,246.54999999999995,6,6,71.15694737224169,35.21,128.58
2023-04-28 18:00:00,탑선,177.45000000000002,6,6,69.71220521964716,35.24,126.81
2023-04-28 19:00:00,경상대,142.3,2,6,82.88760538745329,35.18,128.1
2023-04-28 19:00:00,고흥만수상,158.45,2,6,82.37389677003168,34.57,127.3
2023-04-28 19:00:00,광양항세방,152.15,2,6,82.62840576966508,34.93,127.71
2023-04-28 19:00:00,구미,217.7,2,6,82.8756865963653,36.13,128.34
2023-04-28 19:00:00,삼천포,161.65,2,6,82.91261436725384,34.95,128.07
2023-04-28 19:00:00,여수,170.15,2,6,82.69240815821213,34.74,127.74
2023-04-28 19:00:00,영동,170.8,2,6,82.74635988785892,37.18,128.46
2023-04-28 19:00:00,영흥,70.46666666666667,3,6,81.1704628632676,37.26,126.46
2023-04-28 19:00:00,예천,175.95,2,6,82.85914230023388,36.65,128.46
2023-04-28 19:00:00,창원,174.6,2,6,83.26421578552069,35.21,128.58
2023-04-28 19:00:00,탑선,124.56666666666666,3,6,81.84399245702383,35.24,126.81
2023-04-28 20:00:00,경상대,,0,6,94.62270274262474,35.18,128.1
2023-04-28 20:00:00,고흥만수상,,0,6,94.22359962733317,34.57,127.3
2023-04-28 20:00:00,광양항세방,,0,6,94.4129090860189,34.93,127.71
2023-04-28 20:00:00,구미,,0,6,94.46408673747,36.13,128.34
2023-04-28 20:00:00,삼천포,,0,6,94.68176499487923,34.95,128.07
2023-04-28 20:00:00,여수,,0,6,94.50297365737774,34.74,127.74
2023-04-28 20:00:00,영동,,0,6,94.1742111461289,37.18,128.46
2023-04-28 20:00:00,영흥,,0,6,92.6557105014143,37.26,126.46
2023-04-28 20:00:00,예천,,0,6,94.36631303782215,36.65,128.46
2023-04-28 20:00:00,창원,,0,6,94.97800105086245,35.21,128.58
2023-04-28 20:00:00,탑선,,0,6,93.6145799669196,35.24,126.81
2023-04-28 21:00:00,경상대,,0,6,105.65793988971882,35.18,128.1
2023-04-28 21:00:00,고흥만수상,,0,6,105.39750655650717,34.57,127.3
2023-04-28 21:00:00,광양항세방,,0,6,105.50896643080527,34.93,127.71
2023-04-28 21:00:00,구미,,0,6,105.33991251302473,36.13,128.34
2023-04-28 21:00:00,삼천포,,0,6,105.75354466800398,34.95,128.07
2023-04-28 21:00:00,여수,,0,6,105.62583267238492,34.74,127.74
2023-04-28 21:00:00,영동,,0,6,104.8799132147781,37.18,128.46
2023-04-28 21:00:00,영흥,,0,6,103.46796720942362,37.26,126.46
2023-04-28 21:00:00,예천,,0,6,105.15452232594583,36.65,128.46
2023-04-28 21:00:00,창원,,0,6,105.97983506027066,35.21,128.58
2023-04-28 21:00:00,탑선,,0,6,104.71608274494714,35.24,126.81
2023-04-28 22:00:00,경상대,,0,6,115.5421481160206,35.18,128.1
2023-04-28 22:00:00,고흥만수상,,0,6,115.45515338466114,34.57,127.3
2023-04-28 22:00:00,광양항세방,,0,6,115.4704927423066,34.93,127.71
2023-04-28 22:00:00,구미,,0,6,115.04800601848947,36.13,128.34
2023-04-28 22:00:00,삼천포,,0,6,115.6775090014242,34.95,128.07
2023-04-28 22:00:00,여수,,0,6,115.61489481321922,34.74,127.74
2023-04-28 22:00:00,영동,,0,6,114.4062773778164,37.18,128.46
2023-04-28 22:00:00,영흥,,0,6,113.1714652577829,37.26,126.46
2023-04-28 22:00:00,예천,,0,6,114.7668349843978,36.65,128.46
2023-04-28 22:00:00,창원,,0,6,115.8127138850675,35.21,128.58
2023-04-28 22:00:00,탑선,,0,6,114.71233172642899,35.24,126.81
2023-04-28 23:00:00,경상대,,0,6,123.60339632995732,35.18,128.1
2023-04-28 23:00:00,고흥만수상,,0,6,123.73263454680259,34.57,127.3
2023-04-28 23:00:00,광양항세방,,0,6,123.62977124915352,34.93,127.71
2023-04-28 23:00:00,구미,,0,6,122.92234205903804,36.13,128.34
2023-04-28 23:00:00,삼천포,,0,6,123.77996000261689,34.95,128.07
2023-04-28 23:00:00,여수,,0,6,123.80014404343046,34.74,127.74
2023-04-28 23:00:00,영동,,0,6,122.09702873799519,37.18,128.46
2023-04-28 23:00:00,영흥,,0,6,121.14004279272781,37.26,126.46
2023-04-28 23:00:00,예천,,0,6,122.541029102082,36.65,128.46
2023-04-28 23:00:00,창원,,0,6,123.79688124536479,35.21,128.58
2023-04-28 23:00:00,탑선,,0,6,122.95358629503625,35.24,126.81
2023-04-29 00:00:00,경상대,,0,6,128.92888485947552,35.18,128.1
2023-04-29 00:00:00,고흥만수상,,0,6,129.30865610016917,34.57,127.3
2023-04-29 00:00:00,광양항세방,,0,6,129.0710819554603,34.93,127.71
2023-04-29 00:00:00,구미,,0,6,128.07753784928886,36.13,128.34
2023-04-29 00:00:00,삼천포,,0,6,129.14114926238344,34.95,128.07
2023-04-29 00:00:00,여수,,0,6,129.25950564972086,34.74,127.74
2023-04-29 00:00:00,영동,,0,6,127.09863280760891,37.18,128.46
2023-04-29 00:00:00,영흥,,0,6,126.54208490731487,37.26,126.46
2023-04-29 00:00:00,예천,,0,6,127.6069439153216,36.65,128.46
2023-04-29 00:00:00,창원,,0,6,129.01470951509197,35.21,128.58
2023-04-29 00:00:00,탑선,,0,6,128.54551929746586,35.24,126.81
2023-04-29 01:00:00,경상대,,0,5,130.60268794337787,35.18,128.1
2023-04-29 01:00:00,고흥만수상,,0,5,131.22460680888102,34.57,127.3
2023-04-29 01:00:00,광양항세방,,0,5,130.85992578802487,34.93,127.71
2023-04-29 01:00:00,구미,,0,5,129.64734925178072,36.13,128.34
2023-04-29 01:00:00,삼천포,,0,5,130.83325923078837,34.95,128.07
2023-04-29 01:00:00,여수,,0,5,131.04941974979747,34.74,127.74
2023-04-29 01:00:00,영동,,0,5,128.59476268304195,37.18,128.46
2023-04-29 01:00:00,영흥,,0,5,128.53480966175874,37.26,126.46
2023-04-29 01:00:00,예천,,0,5,129.12443593198617,36.65,128.46
2023-04-29 01:00:00,창원,,0,5,130.5599404095775,35.21,128.58
2023-04-29 01:00:00,탑선,,0,5,130.55622330348717,35.24,126.81
2023-04-29 02:00:00,경상대,,0,6,128.26297112762128,35.18,128.1
2023-04-29 02:00:00,고흥만수상,,0,6,129.05907638694643,34.57,127.3
2023-04-29 02:00:00,광양항세방,,0,6,128.60699461778734,34.93,127.71
2023-04-29 02:00:00,구미,,0,6,127.3040632632799,36.13,128.34
2023-04-29 02:00:00,삼천포,,0,6,128.48730830670598,34.95,128.07
2023-04-29 02:00:00,여수,,0,6,128.77737877834582,34.74,127.74
2023-04-29 02:00:00,영동,,0,6,126.28512929191241,37.18,128.46
2023-04-29 02:00:00,영흥,,0,6,126.72535484842132,37.26,126.46
2023-04-29 02:00:00,예천,,0,6,126.78271208363569,36.65,128.46
2023-04-29 02:00:00,창원,,0,6,128.09779096048396,35.21,128.58
2023-04-29 02:00:00,탑선,,0,6,128.55650388615885,35.24,126.81
2023-04-29 03:00:00,경상대,,0,6,122.40413485830977,35.18,128.1
2023-04-29 03:00:00,고흥만수상,,0,6,123.2840948032084,34.57,127.3
2023-04-29 03:00:00,광양항세방,,0,6,122.7947534986155,34.93,127.71
2023-04-29 03:00:00,구미,,0,6,121.52423779233386,36.13,128.34
2023-04-29 03:00:00,삼천포,,0,6,122.6035194737784,34.95,128.07
2023-04-29 03:00:00,여수,,0,6,122.93334562273014,34.74,127.74
2023-04-29 03:00:00,영동,,0,6,120.62083529532504,37.18,128.46
2023-04-29 03:00:00,영흥,,0,6,121.47215265253479,37.26,126.46
2023-04-29 03:00:00,예천,,0,6,121.04827004464248,36.65,128.46
2023-04-29 03:00:00,창원,,0,6,122.14538687182643,35.21,128.58
2023-04-29 03:00:00,탑선,,0,6,122.9730197750855,35.24,126.81
2023-04-29 04:00:00,경상대,,0,6,113.9749676849931,35.18,128.1
2023-04-29 04:00:00,고흥만수상,,0,6,114.86999144764673,34.57,127.3
2023-04-29 04:00:00,광양항세방,,0,6,114.38018915038785,34.93,127.71
2023-04-29 04:00:00,구미,,0,6,113.21419153911404,36.13,128.34
2023-04-29 04:00:00,삼천포,,0,6,114.14156684335953,34.95,128.07
2023-04-29 04:00:00,여수,,0,6,114.48400238569039,34.74,127.74
2023-04-29 04:00:00,영동,,0,6,112.46225669870563,37.18,128.46
2023-04-29 04:00:00,영흥,,0,6,113.60765068392797,37.26,126.46
2023-04-29 04:00:00,예천,,0,6,112.80496432417502,36.65,128.46
2023-04-29 04:00:00,창원,,0,6,113.65449067564461,35.21,128.58
2023-04-29 04:00:00,탑선,,0,6,114.73685870040514,35.24,126.81
2023-04-29 05:00:00,경상대,,0,6,103.85385862284528,35.18,128.1
2023-04-29 05:00:00,고흥만수상,,0,6,104.724206242176,34.57,127.3
2023-04-29 05:00:00,광양항세방,,0,6,104.25435110306901,34.93,127.71
2023-04-29 05:00:00,구미,,0,6,103.22303077502971,36.13,128.34
2023-04-29 05:00:00,삼천포,,0,6,103.98665056646486,34.95,128.07
2023-04-29 05:00:00,여수,,0,6,104.32534531790076,34.74,127.74
2023-04-29 05:00:00,영동,,0,6,102.62887514746656,37.18,128.46
2023-04-29 05:00:00,영흥,,0,6,103.97069640757697,37.26,126.46
2023-04-29 05:00:00,예천,,0,6,102.88639583910143,36.65,128.46
2023-04-29 05:00:00,창원,,0,6,103.49567360157488,35.21,128.58
2023-04-29 05:00:00,탑선,,0,6,104.74262614164834,35.24,126.81
2023-04-29 06:00:00,경상대,,0,6,92.66999332288106,35.18,128.1
2023-04-29 06:00:00,고흥만수상,,0,6,93.49400294813812,34.57,127.3
2023-04-29 06:00:00,광양항세방,,0,6,93.05476110492403,34.93,127.71
2023-04-29 06:00:00,구미,,0,6,92.16895951145116,36.13,128.34
2023-04-29 06:00:00,삼천포,,0,6,92.7701405340376,34.95,128.07
2023-04-29 06:00:00,여수,,0,6,93.0958295195153,34.74,127.74
2023-04-29 06:00:00,영동,,0,6,91.72881099832564,37.18,128.46
2023-04-29 06:00:00,영흥,,0,6,93.19767467973982,37.26,126.46
2023-04-29 06:00:00,예천,,0,6,91.90491252008049,36.65,128.46
2023-04-29 06:00:00,창원,,0,6,92.29007835860537,35.21,128.58
2023-04-29 06:00:00,탑선,,0,6,93.64031702437691,35.24,126.81
2023-04-29 07:00:00,경상대,97.15,2,6,80.84460200135854,35.18,128.1
2023-04-29 07:00:00,고흥만수상,92.45,2,6,81.60807790524021,34.57,127.3
2023-04-29 07:00:00,광양항세방,109.15,2,6,81.20634803672031,34.93,127.71
2023-04-29 07:00:00,구미,124.3,2,6,80.47293806699066,36.13,128.34
2023-04-29 07:00:00,삼천포,107.65,2,6,80.91299068207823,34.95,128.07
2023-04-29 07:00:00,여수,117.6,2,6,81.2195513405914,34.74,127.74
2023-04-29 07:00:00,영동,111.55,2,6,80.1839599638028,37.18,128.46
2023-04-29 07:00:00,영흥,103.8,2,6,81.73126150255034,37.26,126.46
2023-04-29 07:00:00,예천,139.15,2,6,80.28136383006088,36.65,128.46
2023-04-29 07:00:00,창원,150.35,2,6,80.45378296651025,35.21,128.58
2023-04-29 07:00:00,탑선,112.1,2,6,81.86580500034344,35.24,126.81
2023-04-29 08:00:00,경상대,182.33333333333334,6,6,68.67673898708225,35.18,128.1
2023-04-29 08:00:00,고흥만수상,104.68333333333334,6,6,69.36566504196273,34.57,127.3
2023-04-29 08:00:00,광양항세방,150.58333333333331,6,6,69.00854141677462,34.93,127.71
2023-04-29 08:00:00,구미,158.9,6,6,68.43943522734013,36.13,128.34
2023-04-29 08:00:00,삼천포,130.33333333333334,6,6,68.71278182344248,34.95,128.07
2023-04-29 08:00:00,여수,131.5,6,6,68.99442700508976,34.74,127.74
2023-04-29 08:00:00,영동,132.4333333333333,6,6,68.30538810179259,37.18,128.46
2023-04-29 08:00:00,영흥,114.25,6,6,69.89327832084722,37.26,126.46
2023-04-29 08:00:00,예천,80.96666666666665,6,6,68.32321044045258,36.65,128.46
2023-04-29 08:00:00,창원,146.55,6,6,68.2835065282131,35.21,128.58
2023-04-29 08:00:00,탑선,142.14999999999998,6,6,69.72581118208763,35.24,126.81
2023-04-29 09:00:00,경상대,177.73333333333332,6,6,56.42446233217549,35.18,128.1
2023-04-29 09:00:00,고흥만수상,172.68333333333337,6,6,57.018429983466405,34.57,127.3
2023-04-29 09:00:00,광양항세방,163.9,6,6,56.71672586015219,34.93,127.71
2023-04-29 09:00:00,구미,236.36666666666665,6,6,56.33683052345413,36.13,128.34
2023-04-29 09:00:00,삼천포,181.36666666666667,6,6,56.42508409720701,34.95,128.07
2023-04-29 09:00:00,여수,160.13333333333333,6,6,56.67379838557381,34.74,127.74
2023-04-29 09:00:00,영동,134.6833333333333,6,6,56.37280959416521,37.18,128.46
2023-04-29 09:00:00,영흥,132.83333333333331,6,6,57.96345356548257,37.26,126.46
2023-04-29 09:00:00,예천,185.35000000000002,6,6,56.3044956622488,36.65,128.46
2023-04-29 09:00:00,창원,189.36666666666667,6,6,56.03771857931345,35.21,128.58
2023-04-29 09:00:00,탑선,153.60000000000002,6,6,57.479261356315455,35.24,126.81
2023-04-29 10:00:00,경상대,255.44999999999996,6,6,44.403341919998546,35.18,128.1
2023-04-29 10:00:00,고흥만수상,278.21666666666664,6,6,44.86516609491835,34.57,127.3
2023-04-29 10:00:00,광양항세방,209.04999999999998,6,6,44.63897231687263,34.93,127.71
2023-04-29 10:00:00,구미,295.7,6,6,44.498855321901154,36.13,128.34
2023-04-29 10:00:00,삼천포,238.93333333333337,6,6,44.361302201032125,34.95,128.07
2023-04-29 10:00:00,여수,217.15,6,6,44.56277577255647,34.74,127.74
2023-04-29 10:00:00,영동,165.91666666666666,6,6,44.738421893875376,37.18,128.46
2023-04-29 10:00:00,영흥,99.21666666666665,6,6,46.27702326492436,37.26,126.46
2023-04-29 10:00:00,예천,220.48333333333332,6,6,44.56873491794619,36.65,128.46
2023-04-29 10:00:00,창원,189.03333333333333,6,6,44.03674210388697,35.21,128.58
2023-04-29 10:00:00,탑선,157.68333333333334,6,6,45.432247243330686,35.24,126.81
2023-04-29 11:00:00,경상대,401.5833333333333,6,6,33.19338024964072,35.18,128.1
2023-04-29 11:00:00,고흥만수상,298.43333333333334,6,6,33.44589721619362,34.57,127.3
2023-04-29 11:00:00,광양항세방,283.56666666666666,6,6,33.33689319355537,34.93,127.71
2023-04-29 11:00:00,구미,358.23333333333335,6,6,33.537326185299236,36.13,128.34
2023-04-29 11:00:00,삼천포,371.75,6,6,33.094347786091525,34.95,128.07
2023-04-29 11:00:00,여수,282.5166666666667,6,6,33.21870527259847,34.74,127.74
2023-04-29 11:00:00,영동,211.11666666666667,6,6,34.04240349368306,37.18,128.46
2023-04-29 11:00:00,영흥,67.03333333333333,6,6,35.416246968553544,37.26,126.46
2023-04-29 11:00:00,예천,249.0,6,6,33.744045143426625,36.65,128.46
2023-04-29 11:00:00,창원,251.66666666666666,6,6,32.87632450994068,35.21,128.58
2023-04-29 11:00:00,탑선,129.53333333333333,6,6,34.12887224358189,35.24,126.81
2023-04-29 12:00:00,경상대,429.4166666666667,6,6,24.231772818259444,35.18,128.1
2023-04-29 12:00:00,고흥만수상,257.25,6,6,24.114464104002337,34.57,127.3
2023-04-29 12:00:00,광양항세방,206.85,6,6,24.208170167976093,34.93,127.71
2023-04-29 12:00:00,구미,159.79999999999998,6,6,24.91826928029468,36.13,128.34
2023-04-29 12:00:00,삼천포,317.25,6,6,24.05570668239595,34.95,128.07
2023-04-29 12:00:00,여수,230.93333333333337,6,6,24.03899436945268,34.74,127.74
2023-04-29 12:00:00,영동,242.19999999999996,6,6,25.759804835582614,37.18,128.46
2023-04-29 12:00:00,영흥,126.96666666666668,6,6,26.695261657773933,37.26,126.46
2023-04-29 12:00:00,예천,171.89999999999998,6,6,25.307408843997464,36.65,128.46
2023-04-29 12:00:00,창원,314.40000000000003,6,6,24.03941771549924,35.21,128.58
2023-04-29 12:00:00,탑선,121.09999999999998,6,6,24.89189668417181,35.24,126.81
2023-04-29 13:00:00,경상대,280.06666666666666,6,6,20.848605210667657,35.18,128.1
2023-04-29 13:00:00,고흥만수상,212.0,6,6,20.212642152656883,34.57,127.3
2023-04-29 13:00:00,광양항세방,182.5,6,6,20.582986992449932,34.93,127.71
2023-04-29 13:00:00,구미,120.28333333333335,6,6,21.809055258809323,36.13,128.34
2023-04-29 13:00:00,삼천포,253.36666666666667,6,6,20.617554078910516,34.95,128.07
2023-04-29 13:00:00,여수,198.63333333333333,6,6,20.394172688902273,34.74,127.74
2023-04-29 13:00:00,영동,247.98333333333335,6,6,22.863222804983877,37.18,128.46
2023-04-29 13:00:00,영흥,56.98333333333333,6,6,22.901648237830642,37.26,126.46
2023-04-29 13:00:00,예천,157.88333333333335,6,6,22.33451526583137,36.65,128.46
2023-04-29 13:00:00,창원,459.7166666666667,6,6,20.906052339446674,35.21,128.58
2023-04-29 13:00:00,탑선,113.16666666666667,6,6,20.878837588232955,35.24,126.81
2023-04-29 14:00:00,경상대,150.16666666666666,6,6,25.418887981051952,35.18,128.1
2023-04-29 14:00:00,고흥만수상,151.95,6,6,24.532279767100277,34.57,127.3
2023-04-29 14:00:00,광양항세방,127.48333333333335,6,6,25.023787484732466,34.93,127.71
2023-04-29 14:00:00,구미,224.35,6,6,26.281902553102668,36.13,128.34
2023-04-29 14:00:00,삼천포,160.95,6,6,25.22526030814656,34.95,128.07
2023-04-29 14:00:00,여수,153.25,6,6,24.891321874021827,34.74,127.74
2023-04-29 14:00:00,영동,138.73333333333332,6,6,27.170305602939187,37.18,128.46
2023-04-29 14:00:00,영흥,492.90000000000003,6,6,26.313411054217752,37.26,126.46
2023-04-29 14:00:00,예천,225.4666666666666,6,6,26.750509409514322,36.65,128.46
2023-04-29 14:00:00,창원,206.21666666666667,6,6,25.691908779693605,35.21,128.58
2023-04-29 14:00:00,탑선,146.54999999999998,6,6,24.81961319579716,35.24,126.81
2023-04-29 15:00:00,경상대,162.91666666666666,6,6,34.909935674361456,35.18,128.1
2023-04-29 15:00:00,고흥만수상,192.29999999999998,6,6,34.041354139116415,34.57,127.3
2023-04-29 15:00:00,광양항세방,105.44999999999999,6,6,34.50986062817674,34.93,127.71
2023-04-29 15:00:00,구미,176.3166666666667,6,6,35.54193323428819,36.13,128.34
2023-04-29 15:00:00,삼천포,102.11666666666667,6,6,34.77865806779371,34.95,128.07
2023-04-29 15:00:00,여수,161.93333333333334,6,6,34.44051973036021,34.74,127.74
2023-04-29 15:00:00,영동,102.09999999999998,6,6,36.151480880655214,37.18,128.46
2023-04-29 15:00:00,영흥,567.4166666666666,6,6,34.841134008909385,37.26,126.46
2023-04-29 15:00:00,예천,188.64999999999998,6,6,35.88391571948958,36.65,128.46
2023-04-29 15:00:00,창원,170.16666666666666,6,6,35.269374597356844,35.21,128.58
2023-04-29 15:00:00,탑선,161.51666666666665,6,6,34.02107532957741,35.24,126.81
2023-04-29 16:00:00,경상대,123.81666666666665,6,6,46.30788438569253,35.18,128.1
2023-04-29 16:00:00,고흥만수상,152.75,6,6,45.51854523151617,34.57,127.3
2023-04-29 16:00:00,광양항세방,99.66666666666667,6,6,45.93571968054999,34.93,127.71
2023-04-29 16:00:00,구미,88.86666666666667,6,6,46.74177459643007,36.13,128.34
2023-04-29 16:00:00,삼천포,144.0,6,6,46.22637700983942,34.95,128.07
2023-04-29 16:00:00,여수,137.63333333333333,6,6,45.911648859905135,34.74,127.74
2023-04-29 16:00:00,영동,176.7833333333333,6,6,47.11930534208982,37.18,128.46
2023-04-29 16:00:00,영흥,450.6333333333334,6,6,45.61986990796292,37.26,126.46
2023-04-29 16:00:00,예천,116.18333333333335,6,6,46.97385850074911,36.65,128.46
2023-04-29 16:00:00,창원,155.73333333333335,6,6,46.695211883381326,35.21,128.58
2023-04-29 16:00:00,탑선,118.45,6,6,45.3062799823541,35.24,126.81
2023-04-29 17:00:00,경상대,152.45000000000002,6,6,58.38487452940813,35.18,128.1
2023-04-29 17:00:00,고흥만수상,174.48333333333332,6,6,57.683360375036465,34.57,127.3
2023-04-29 17:00:00,광양항세방,163.28333333333333,6,6,58.04729921763398,34.93,127.71
2023-04-29 17:00:00,구미,104.23333333333333,6,6,58.65532714826846,36.13,128.34
2023-04-29 17:00:00,삼천포,187.16666666666666,6,6,58.343083012421864,34.95,128.07
2023-04-29 17:00:00,여수,197.53333333333333,6,6,58.057297670562434,34.74,127.74
2023-04-29 17:00:00,영동,123.51666666666667,6,6,58.84431135314172,37.18,128.46
2023-04-29 17:00:00,영흥,323.7666666666667,6,6,57.26895122152604,37.26,126.46
2023-04-29 17:00:00,예천,126.73333333333333,6,6,58.79622782038135,36.65,128.46
2023-04-29 17:00:00,창원,186.58333333333334,6,6,58.77828097690359,35.21,128.58
2023-04-29 17:00:00,탑선,132.65,6,6,57.33957372814662,35.24,126.81
2023-04-29 18:00:00,경상대,148.91666666666669,6,6,70.6277934680647,35.18,128.1
2023-04-29 18:00:00,고흥만수상,157.25,6,6,70.01793341603093,34.57,127.3
2023-04-29 18:00:00,광양항세방,153.25,6,6,70.3279456785777,34.93,127.71
2023-04-29 18:00:00,구미,101.35000000000001,6,6,70.7524351544099,36.13,128.34
2023-04-29 18:00:00,삼천포,167.4,6,6,70.62074237210967,34.95,128.07
2023-04-29 18:00:00,여수,173.75,6,6,70.36651729691351,34.74,127.74
2023-04-29 18:00:00,영동,172.21666666666667,6,6,70.77578499372817,37.18,128.46
2023-04-29 18:00:00,영흥,134.7,6,6,69.18117471028339,37.26,126.46
2023-04-29 18:00:00,예천,186.46666666666667,6,6,70.81196056325595,36.65,128.46
2023-04-29 18:00:00,창원,121.40000000000002,6,6,71.01654964263128,35.21,128.58
2023-04-29 18:00:00,탑선,216.28333333333333,6,6,69.57216817403432,35.24,126.81
2023-04-29 19:00:00,경상대,96.85,2,6,82.73869203918146,35.18,128.1
2023-04-29 19:00:00,고흥만수상,116.05,2,6,82.2285875556679,34.57,127.3
2023-04-29 19:00:00,광양항세방,117.1,2,6,82.48102034513298,34.93,127.71
2023-04-29 19:00:00,구미,111.94999999999999,2,6,82.72206155043236,36.13,128.34
2023-04-29 19:00:00,삼천포,131.35000000000002,2,6,82.76482438907753,34.95,128.07
2023-04-29 19:00:00,여수,115.60000000000001,2,6,82.54590724441826,34.74,127.74
2023-04-29 19:00:00,영동,116.15,2,6,82.58770114100612,37.18,128.46
2023-04-29 19:00:00,영흥,61.43333333333334,3,6,81.01299227910717,37.26,126.46
2023-04-29 19:00:00,예천,40.3,2,6,82.70296750159021,36.65,128.46
2023-04-29 19:00:00,창원,96.8,2,6,83.11474348907662,35.21,128.58
2023-04-29 19:00:00,탑선,132.9333333333333,3,6,81.695870323586,35.24,126.81
2023-04-29 20:00:00,경상대,,0,6,94.45705838045572,35.18,128.1
2023-04-29 20:00:00,고흥만수상,,0,6,94.06173378856498,34.57,127.3
2023-04-29 20:00:00,광양항세방,,0,6,94.24889574964132,34.93,127.71
2023-04-29 20:00:00,구미,,0,6,94.29398501715146,36.13,128.34
2023-04-29 20:00:00,삼천포,,0,6,94.51716919552895,34.95,128.07
2023-04-29 20:00:00,여수,,0,6,94.33975518370474,34.74,127.74
2023-04-29 20:00:00,영동,,0,6,93.99944108449317,37.18,128.46
2023-04-29 20:00:00,영흥,,0,6,92.48319022689073,37.26,126.46
2023-04-29 20:00:00,예천,,0,6,94.19381017339714,36.65,128.46
2023-04-29 20:00:00,창원,,0,6,94.81156199330692,35.21,128.58
2023-04-29 20:00:00,탑선,,0,6,93.45041612661181,35.24,126.81
2023-04-29 21:00:00,경상대,,0,6,105.46781296408538,35.18,128.1
2023-04-29 21:00:00,고흥만수상,,0,6,105.21129519034882,34.57,127.3
2023-04-29 21:00:00,광양항세방,,0,6,105.32055713520346,34.93,127.71
2023-04-29 21:00:00,구미,,0,6,105.145658576451,36.13,128.34
2023-04-29 21:00:00,삼천포,,0,6,105.5643746677571,34.95,128.07
2023-04-29 21:00:00,여수,,0,6,105.43811543615458,34.74,127.74
2023-04-29 21:00:00,영동,,0,6,104.68145067154563,37.18,128.46
2023-04-29 21:00:00,영흥,,0,6,103.27279023510044,37.26,126.46
2023-04-29 21:00:00,예천,,0,6,104.95806200677475,36.65,128.46
2023-04-29 21:00:00,창원,,0,6,105.78867887665646,35.21,128.58
2023-04-29 21:00:00,탑선,,0,6,104.52813256125573,35.24,126.81
2023-04-29 22:00:00,경상대,,0,6,115.3200336169992,35.18,128.1
2023-04-29 22:00:00,고흥만수상,,0,6,115.23690572501957,34.57,127.3
2023-04-29 22:00:00,광양항세방,,0,6,115.2501011245171,34.93,127.71
2023-04-29 22:00:00,구미,,0,6,114.82234394952744,36.13,128.34
2023-04-29 22:00:00,삼천포,,0,6,115.45620168258554,34.95,128.07
2023-04-29 22:00:00,여수,,0,6,115.39504807733613,34.74,127.74
2023-04-29 22:00:00,영동,,0,6,114.17713421923494,37.18,128.46
2023-04-29 22:00:00,영흥,,0,6,112.9465136578369,37.26,126.46
2023-04-29 22:00:00,예천,,0,6,114.53929850847663,36.65,128.46
2023-04-29 22:00:00,창원,,0,6,115.58937099666407,35.21,128.58
2023-04-29 22:00:00,탑선,,0,6,114.49303885839836,35.24,126.81
2023-04-29 23:00:00,경상대,,0,6,123.34417348655208,35.18,128.1
2023-04-29 23:00:00,고흥만수상,,0,6,123.47675213291953,34.57,127.3
2023-04-29 23:00:00,광양항세방,,0,6,123.37206115227562,34.93,127.71
2023-04-29 23:00:00,구미,,0,6,122.66059527930608,36.13,128.34
2023-04-29 23:00:00,삼천포,,0,6,123.52129297267196,34.95,128.07
2023-04-29 23:00:00,여수,,0,6,123.5427632072267,34.74,127.74
2023-04-29 23:00:00,영동,,0,6,121.83295370373101,37.18,128.46
2023-04-29 23:00:00,영흥,,0,6,120.8805085915067,37.26,126.46
2023-04-29 23:00:00,예천,,0,6,122.27797232891005,36.65,128.46
2023-04-29 23:00:00,창원,,0,6,123.53638971574927,35.21,128.58
2023-04-29 23:00:00,탑선,,0,6,122.69748663055688,35.24,126.81
2023-04-30 00:00:00,경상대,,0,6,128.63514266493203,35.18,128.1
2023-04-30 00:00:00,고흥만수상,,0,6,129.01698483153504,34.57,127.3
2023-04-30 00:00:00,광양항세방,,0,6,128.7782951909279,34.93,127.71
2023-04-30 00:00:00,구미,,0,6,127.78266561761794,36.13,128.34
2023-04-30 00:00:00,삼천포,,0,6,128.8476359147548,34.95,128.07
2023-04-30 00:00:00,여수,,0,6,128.96680679714365,34.74,127.74
2023-04-30 00:00:00,영동,,0,6,126.80284370720834,37.18,128.46
2023-04-30 00:00:00,영흥,,0,6,126.24988367660099,37.26,126.46
2023-04-30 00:00:00,예천,,0,6,127.31150193589374,36.65,128.46
2023-04-30 00:00:00,창원,,0,6,128.72002269276706,35.21,128.58
2023-04-30 00:00:00,탑선,,0,6,128.25428840503204,35.24,126.81
2023-04-30 01:00:00,경상대,,0,5,130.28998253352486,35.18,128.1
2023-04-30 01:00:00,고흥만수상,,0,5,130.91233636886284,34.57,127.3
2023-04-30 01:00:00,광양항세방,,0,5,130.54742256293738,34.93,127.71
2023-04-30 01:00:00,구미,,0,5,129.3345437577594,36.13,128.34
2023-04-30 01:00:00,삼천포,,0,5,130.52056520918768,34.95,128.07
2023-04-30 01:00:00,여수,,0,5,130.73689758554212,34.74,127.74
2023-04-30 01:00:00,영동,,0,5,128.2819219567735,37.18,128.46
2023-04-30 01:00:00,영흥,,0,5,128.22306489230516,37.26,126.46
2023-04-30 01:00:00,예천,,0,5,128.8115849324559,36.65,128.46
2023-04-30 01:00:00,창원,,0,5,130.2470059626078,35.21,128.58
2023-04-30 01:00:00,탑선,,0,5,130.24426081519138,35.24,126.81
2023-04-30 02:00:00,경상대,,0,6,127.95467876984696,35.18,128.1
2023-04-30 02:00:00,고흥만수상,,0,6,128.75026520350204,34.57,127.3
2023-04-30 02:00:00,광양항세방,,0,6,128.29842905877845,34.93,127.71
2023-04-30 02:00:00,구미,,0,6,126.9955881223321,36.13,128.34
2023-04-30 02:00:00,삼천포,,0,6,128.17908855452288,34.95,128.07
2023-04-30 02:00:00,여수,,0,6,128.46892408131686,34.74,127.74
2023-04-30 02:00:00,영동,,0,6,125.97632417690713,37.18,128.46
2023-04-30 02:00:00,영흥,,0,6,126.41488862184178,37.26,126.46
2023-04-30 02:00:00,예천,,0,6,126.47412726446717,36.65,128.46
2023-04-30 02:00:00,창원,,0,6,127.7899667252646,35.21,128.58
2023-04-30 02:00:00,탑선,,0,6,128.24698384230442,35.24,126.81
2023-04-30 03:00:00,경상대,,0,6,122.11740029237123,35.18,128.1
2023-04-30 03:00:00,고흥만수상,,0,6,122.99691535466022,34.57,127.3
2023-04-30 03:00:00,광양항세방,,0,6,122.50773312110765,34.93,127.71
2023-04-30 03:00:00,구미,,0,6,121.23645406282255,36.13,128.34
2023-04-30 03:00:00,삼천포,,0,6,122.3170922532862,34.95,128.07
2023-04-30 03:00:00,여수,,0,6,122.64667202074338,34.74,127.74
2023-04-30 03:00:00,영동,,0,6,120.33169577950632,37.18,128.46
2023-04-30 03:00:00,영흥,,0,6,121.17979584002201,37.26,126.46
2023-04-30 03:00:00,예천,,0,6,120.75990598168998,36.65,128.46
2023-04-30 03:00:00,창원,,0,6,121.8594328464601,35.21,128.58
2023-04-30 03:00:00,탑선,,0,6,122.68399771785155,35.24,126.81
2023-04-30 04:00:00,경상대,,0,6,113.71513262193095,35.18,128.1
2023-04-30 04:00:00,고흥만수상,,0,6,114.61029185810253,34.57,127.3
2023-04-30 04:00:00,광양항세방,,0,6,114.12030308508226,34.93,127.71
2023-04-30 04:00:00,구미,,0,6,112.95237346506036,36.13,128.34
2023-04-30 04:00:00,삼천포,,0,6,113.88226865005178,34.95,128.07
2023-04-30 04:00:00,여수,,0,6,114.22465677976689,34.74,127.74
2023-04-30 04:00:00,영동,,0,6,112.19806060012957,37.18,128.46
2023-04-30 04:00:00,영흥,,0,6,113.33996639560917,37.26,126.46
2023-04-30 04:00:00,예천,,0,6,112.54206096860356,36.65,128.46
2023-04-30 04:00:00,창원,,0,6,113.39542130907779,35.21,128.58
2023-04-30 04:00:00,탑선,,0,6,114.47459589716811,35.24,126.81
2023-04-30 05:00:00,경상대,,0,6,103.61867439809387,35.18,128.1
2023-04-30 05:00:00,고흥만수상,,0,6,104.48981033631243,34.57,127.3
2023-04-30 05:00:00,광양항세방,,0,6,104.01940026032848,34.93,127.71
2023-04-30 05:00:00,구미,,0,6,102.98513811003778,36.13,128.34
2023-04-30 05:00:00,삼천포,,0,6,103.75217068439753,34.95,128.07
2023-04-30 05:00:00,여수,,0,6,104.09105846748686,34.74,127.74
2023-04-30 05:00:00,영동,,0,6,102.38783986008922,37.18,128.46
2023-04-30 05:00:00,영흥,,0,6,103.72659389060462,37.26,126.46
2023-04-30 05:00:00,예천,,0,6,102.64702383906064,36.65,128.46
2023-04-30 05:00:00,창원,,0,6,103.26109676489963,35.21,128.58
2023-04-30 05:00:00,탑선,,0,6,104.50532763208376,35.24,126.81
2023-04-30 06:00:00,경상대,,0,6,92.45427640274823,35.18,128.1
2023-04-30 06:00:00,고흥만수상,,0,6,93.27967859119067,34.57,127.3
2023-04-30 06:00:00,광양항세방,,0,6,92.83954887222536,34.93,127.71
2023-04-30 06:00:00,구미,,0,6,91.94997972828335,36.13,128.34
2023-04-30 06:00:00,삼천포,,0,6,92.55525043285436,34.95,128.07
2023-04-30 06:00:00,여수,,0,6,92.88136140637799,34.74,127.74
2023-04-30 06:00:00,영동,,0,6,91.50612339821227,37.18,128.46
2023-04-30 06:00:00,영흥,,0,6,92.97260505893321,37.26,126.46
2023-04-30 06:00:00,예천,,0,6,91.6841519448529,36.65,128.46
2023-04-30 06:00:00,창원,,0,6,92.07476923917065,35.21,128.58
2023-04-30 06:00:00,탑선,,0,6,93.4229500001784,35.24,126.81
2023-04-30 07:00:00,경상대,215.75,2,6,80.64229704498233,35.18,128.1
2023-04-30 07:00:00,고흥만수상,201.45,2,6,81.40774993199611,34.57,127.3
2023-04-30 07:00:00,광양항세방,180.65,2,6,81.00481359355004,34.93,127.71
2023-04-30 07:00:00,구미,215.6,2,6,80.26688021232057,36.13,128.34
2023-04-30 07:00:00,삼천포,227.35,2,6,80.71161892528654,34.95,128.07
2023-04-30 07:00:00,여수,213.95,2,6,81.01882577169326,34.74,127.74
2023-04-30 07:00:00,영동,203.86666666666667,3,6,79.97371089242509,37.18,128.46
2023-04-30 07:00:00,영흥,146.3,2,6,81.51942564696571,37.26,126.46
2023-04-30 07:00:00,예천,220.2,2,6,80.07326073598202,36.65,128.46
2023-04-30 07:00:00,창원,222.35000000000002,2,6,80.25167149642849,35.21,128.58
2023-04-30 07:00:00,탑선,191.35,2,6,81.66236573965922,35.24,126.81
2023-04-30 08:00:00,경상대,357.5,6,6,68.48118369571287,35.18,128.1
2023-04-30 08:00:00,고흥만수상,345.40000000000003,6,6,69.1727280160268,34.57,127.3
2023-04-30 08:00:00,광양항세방,313.2166666666667,6,6,68.81404944670567,34.93,127.71
2023-04-30 08:00:00,구미,351.9666666666667,6,6,68.23960868971281,36.13,128.34
2023-04-30 08:00:00,삼천포,374.9333333333334,6,6,68.51827282123682,34.95,128.07
2023-04-30 08:00:00,여수,356.5333333333333,6,6,68.80081141229405,34.74,127.74
2023-04-30 08:00:00,영동,357.0666666666666,6,6,68.10087670328129,37.18,128.46
2023-04-30 08:00:00,영흥,276.35,6,6,69.6881044190483,37.26,126.46
2023-04-30 08:00:00,예천,355.0,6,6,68.12106353796696,36.65,128.46
2023-04-30 08:00:00,창원,363.75,6,6,68.08790196254728,35.21,128.58
2023-04-30 08:00:00,탑선,330.1166666666666,6,6,69.52970727022007,35.24,126.81
2023-04-30 09:00:00,경상대,558.9,6,6,56.227595318990495,35.18,128.1
2023-04-30 09:00:00,고흥만수상,547.6166666666667,6,6,56.82497713422419,34.57,127.3
2023-04-30 09:00:00,광양항세방,502.1499999999999,6,6,56.52128661493502,34.93,127.71
2023-04-30 09:00:00,구미,542.65,6,6,56.135087216332465,36.13,128.34
2023-04-30 09:00:00,삼천포,587.1166666666667,6,6,56.22939659100752,34.95,128.07
2023-04-30 09:00:00,여수,558.1999999999999,6,6,56.479312978242945,34.74,127.74
2023-04-30 09:00:00,영동,550.5499999999998,6,6,56.16583718402709,37.18,128.46
2023-04-30 09:00:00,영흥,447.2666666666667,6,6,57.75701315374028,37.26,126.46
2023-04-30 09:00:00,예천,543.6333333333333,6,6,56.100119883477554,36.65,128.46
2023-04-30 09:00:00,창원,563.4,6,6,55.84048897262151,35.21,128.58
2023-04-30 09:00:00,탑선,521.35,6,6,57.282602900252094,35.24,126.81
2023-04-30 10:00:00,경상대,724.9166666666666,6,6,44.19389571181245,35.18,128.1
2023-04-30 10:00:00,고흥만수상,716.2166666666667,6,6,44.66017721560116,34.57,127.3
2023-04-30 10:00:00,광양항세방,661.65,6,6,44.43143579488695,34.93,127.71
2023-04-30 10:00:00,구미,693.5166666666668,6,6,44.28388604476764,36.13,128.34
2023-04-30 10:00:00,삼천포,762.9499999999999,6,6,44.1531774265452,34.95,128.07
2023-04-30 10:00:00,여수,726.5833333333334,6,6,44.356264141335814,34.74,127.74
2023-04-30 10:00:00,영동,713.7666666666668,6,6,44.51772798557481,37.18,128.46
2023-04-30 10:00:00,영흥,598.8000000000001,6,6,46.05858871748284,37.26,126.46
2023-04-30 10:00:00,예천,697.6666666666666,6,6,44.35082151057806,36.65,128.46
2023-04-30 10:00:00,창원,728.5166666666668,6,6,43.82647421131219,35.21,128.58
2023-04-30 10:00:00,탑선,693.6166666666667,6,6,45.22414401072289,35.24,126.81
2023-04-30 11:00:00,경상대,838.9166666666665,6,6,32.95410900798083,35.18,128.1
2023-04-30 11:00:00,고흥만수상,836.3000000000001,6,6,33.2122024453819,34.57,127.3
2023-04-30 11:00:00,광양항세방,778.8000000000001,6,6,33.10006301019571,34.93,127.71
2023-04-30 11:00:00,구미,808.5,6,6,33.29236196347613,36.13,128.34
2023-04-30 11:00:00,삼천포,887.9666666666666,6,6,32.85642580615451,34.95,128.07
2023-04-30 11:00:00,여수,847.7333333333332,6,6,32.98285866473351,34.74,127.74
2023-04-30 11:00:00,영동,829.1500000000001,6,6,33.79189775606865,37.18,128.46
2023-04-30 11:00:00,영흥,713.8666666666668,6,6,35.17042899771049,37.26,126.46
2023-04-30 11:00:00,예천,806.0,6,6,33.49612962194562,36.65,128.46
2023-04-30 11:00:00,창원,849.0166666666668,6,6,32.635566915474364,35.21,128.58
2023-04-30 11:00:00,탑선,809.1833333333333,6,6,33.89270838846574,35.24,126.81
2023-04-30 12:00:00,경상대,904.9500000000002,6,6,23.943142361805727,35.18,128.1
2023-04-30 12:00:00,고흥만수상,903.65,6,6,23.830550461208418,34.57,127.3
2023-04-30 12:00:00,광양항세방,851.4333333333333,6,6,23.921633269904504,34.93,127.71
2023-04-30 12:00:00,구미,866.2833333333333,6,6,24.626329878518604,36.13,128.34
2023-04-30 12:00:00,삼천포,960.3833333333333,6,6,23.76784654029096,34.95,128.07
2023-04-30 12:00:00,여수,908.6166666666668,6,6,23.752938402461396,34.74,127.74
2023-04-30 12:00:00,영동,885.3166666666666,6,6,25.465092398003733,37.18,128.46
2023-04-30 12:00:00,영흥,802.5833333333334,6,6,26.406170369330866,37.26,126.46
2023-04-30 12:00:00,예천,851.5666666666666,6,6,25.013869052428277,36.65,128.46
2023-04-30 12:00:00,창원,909.6666666666665,6,6,23.749077239003483,35.21,128.58
2023-04-30 12:00:00,탑선,871.6833333333334,6,6,24.607548538421497,35.24,126.81
2023-04-30 13:00:00,경상대,926.8499999999999,6,6,20.540671482961514,35.18,128.1
2023-04-30 13:00:00,고흥만수상,923.8666666666667,6,6,19.90331863704469,34.57,127.3
2023-04-30 13:00:00,광양항세방,873.7833333333332,6,6,20.2743459936289,34.93,127.71
2023-04-30 13:00:00,구미,883.5166666666668,6,6,21.5014431511337,36.13,128.34
2023-04-30 13:00:00,삼천포,976.6333333333332,6,6,20.30959421223342,34.95,128.07
2023-04-30 13:00:00,여수,927.4666666666667,6,6,20.085604700734066,34.74,127.74
2023-04-30 13:00:00,영동,713.2333333333335,6,6,22.555664856756692,37.18,128.46
2023-04-30 13:00:00,영흥,815.1333333333333,6,6,22.591206592737493,37.26,126.46
2023-04-30 13:00:00,예천,855.9499999999999,6,6,22.02704638173438,36.65,128.46
2023-04-30 13:00:00,창원,927.5333333333333,6,6,20.5991126235305,35.21,128.58
2023-04-30 13:00:00,탑선,893.9666666666667,6,6,20.56877868328243,35.24,126.81
2023-04-30 14:00:00,경상대,901.75,6,6,25.17492772179071,35.18,128.1
2023-04-30 14:00:00,고흥만수상,910.4500000000002,6,6,24.28730684506091,34.57,127.3
2023-04-30 14:00:00,광양항세방,846.1833333333333,6,6,24.77911333540429,34.93,127.71
2023-04-30 14:00:00,구미,862.6666666666666,6,6,26.034506316564645,36.13,128.34
2023-04-30 14:00:00,삼천포,945.3000000000002,6,6,24.982315139071446,34.95,128.07
2023-04-30 14:00:00,여수,907.6166666666667,6,6,24.647766002686822,34.74,127.74
2023-04-30 14:00:00,영동,805.6500000000001,6,6,26.9187524546075,37.18,128.46
2023-04-30 14:00:00,영흥,818.4833333333332,6,6,26.052589318547504,37.26,126.46
2023-04-30 14:00:00,예천,828.4333333333334,6,6,26.501287361019806,36.65,128.46
2023-04-30 14:00:00,창원,908.1333333333333,6,6,25.45018761321157,35.21,128.58
2023-04-30 14:00:00,탑선,877.9833333333332,6,6,24.56886912496688,35.24,126.81
2023-04-30 15:00:00,경상대,833.7666666666665,6,6,34.727118631855184,35.18,128.1
2023-04-30 15:00:00,고흥만수상,847.0333333333333,6,6,33.86028331505833,34.57,127.3
2023-04-30 15:00:00,광양항세방,772.0,6,6,34.327568248374334,34.93,127.71
2023-04-30 15:00:00,구미,801.6166666666667,6,6,35.353518878005126,36.13,128.34
2023-04-30 15:00:00,삼천포,866.3166666666666,6,6,34.59731823073944,34.95,128.07
2023-04-30 15:00:00,여수,844.8000000000001,6,6,34.25962600694267,34.74,127.74
2023-04-30 15:00:00,영동,765.75,6,6,35.95673967134661,37.18,128.46
2023-04-30 15:00:00,영흥,761.3499999999999,6,6,34.639844287589284,37.26,126.46
2023-04-30 15:00:00,예천,769.5666666666666,6,6,35.69250748129966,36.65,128.46
2023-04-30 15:00:00,창원,847.5999999999999,6,6,35.087776095464925,35.21,128.58
2023-04-30 15:00:00,탑선,818.4833333333335,6,6,33.83387320474771,35.24,126.81
2023-04-30 16:00:00,경상대,709.75,6,6,46.15664604443188,35.18,128.1
2023-04-30 16:00:00,고흥만수상,729.4499999999999,6,6,45.37013904368831,34.57,127.3
2023-04-30 16:00:00,광양항세방,653.3000000000001,6,6,45.78555251808734,34.93,127.71
2023-04-30 16:00:00,구미,687.2666666666668,6,6,46.58487824196392,36.13,128.34
2023-04-30 16:00:00,삼천포,735.8499999999999,6,6,46.07656673545489,34.95,128.07
2023-04-30 16:00:00,여수,724.9999999999999,6,6,45.76274435020844,34.74,127.74
2023-04-30 16:00:00,영동,616.7833333333334,6,6,46.95611416205263,37.18,128.46
2023-04-30 16:00:00,영흥,578.6333333333333,6,6,45.453248875582005,37.26,126.46
2023-04-30 16:00:00,예천,658.8333333333334,6,6,46.81390768700357,36.65,128.46
2023-04-30 16:00:00,창원,725.7166666666667,6,6,46.54441707768653,35.21,128.58
2023-04-30 16:00:00,탑선,702.5,6,6,45.1528560326137,35.24,126.81
2023-04-30 17:00:00,경상대,533.0666666666666,6,6,58.24573379327644,35.18,128.1
2023-04-30 17:00:00,고흥만수상,562.9666666666666,6,6,57.547433461900326,34.57,127.3
2023-04-30 17:00:00,광양항세방,492.3999999999999,6,6,57.90944980245285,34.93,127.71
2023-04-30 17:00:00,구미,528.6333333333333,6,6,58.51090073700368,36.13,128.34
2023-04-30 17:00:00,삼천포,555.3666666666667,6,6,58.20524297456079,34.95,128.07
2023-04-30 17:00:00,여수,556.2166666666666,6,6,57.920547422460785,34.74,127.74
2023-04-30 17:00:00,영동,481.11666666666673,6,6,58.694075562262114,37.18,128.46
2023-04-30 17:00:00,영흥,418.5833333333333,6,6,57.11735523857111,37.26,126.46
2023-04-30 17:00:00,예천,474.0,6,6,58.648936730009254,36.65,128.46
2023-04-30 17:00:00,창원,552.3833333333333,6,6,58.639128612776176,35.21,128.58
2023-04-30 17:00:00,탑선,544.55,6,6,57.19960201925444,35.24,126.81
2023-04-30 18:00:00,경상대,327.3,6,6,70.48855311594528,35.18,128.1
2023-04-30 18:00:00,고흥만수상,361.48333333333335,6,6,69.88209517428622,34.57,127.3
2023-04-30 18:00:00,광양항세방,309.21666666666664,6,6,70.19011679880482,34.93,127.71
2023-04-30 18:00:00,구미,340.1,6,6,70.60826919408268,36.13,128.34
2023-04-30 18:00:00,삼천포,351.51666666666665,6,6,70.48269289834103,34.95,128.07
2023-04-30 18:00:00,여수,355.7,6,6,70.22965837686563,34.74,127.74
2023-04-30 18:00:00,영동,293.6,6,6,70.62627661429485,37.18,128.46
2023-04-30 18:00:00,영흥,303.40000000000003,6,6,69.03173501493562,37.26,126.46
2023-04-30 18:00:00,예천,324.95,6,6,70.66512390031335,36.65,128.46
2023-04-30 18:00:00,창원,350.95000000000005,6,6,70.87699444332799,35.21,128.58
2023-04-30 18:00:00,탑선,354.76666666666665,6,6,69.43300716808236,35.24,126.81
2023-04-30 19:00:00,경상대,195.89999999999998,2,6,82.59046016778551,35.18,128.1
2023-04-30 19:00:00,고흥만수상,219.2,2,6,82.08391588050223,34.57,127.3
2023-04-30 19:00:00,광양항세방,99.05,2,6,82.33429866591577,34.93,127.71
2023-04-30 19:00:00,구미,206.5,2,6,82.56919195539668,36.13,128.34
2023-04-30 19:00:00,삼천포,209.5,2,6,82.61769779785183,34.95,128.07
2023-04-30 19:00:00,여수,217.95,2,6,82.40005483313288,34.74,127.74
2023-04-30 19:00:00,영동,170.89999999999998,2,6,82.42987998345215,37.18,128.46
2023-04-30 19:00:00,영흥,169.86666666666667,3,6,80.85637612541821,37.26,126.46
2023-04-30 19:00:00,예천,204.9,2,6,82.54758860116843,36.65,128.46
2023-04-30 19:00:00,창원,208.9,2,6,82.9659526505848,35.21,128.58
2023-04-30 19:00:00,탑선,204.13333333333333,3,6,81.5484417584131,35.24,126.81
2023-04-30 20:00:00,경상대,,0,6,94.29211027741657,35.18,128.1
2023-04-30 20:00:00,고흥만수상,,0,6,93.90050830497077,34.57,127.3
2023-04-30 20:00:00,광양항세방,,0,6,94.08555526214947,34.93,127.71
2023-04-30 20:00:00,구미,,0,6,94.12465961822605,36.13,128.34
2023-04-30 20:00:00,삼천포,,0,6,94.35325041983339,34.95,128.07
2023-04-30 20:00:00,여수,,0,6,94.1771940444439,34.74,127.74
2023-04-30 20:00:00,영동,,0,6,93.82553422393106,37.18,128.46
2023-04-30 20:00:00,영흥,,0,6,92.31152546015542,37.26,126.46
2023-04-30 20:00:00,예천,,0,6,94.02212720612349,36.65,128.46
2023-04-30 20:00:00,창원,,0,6,94.64582525655922,35.21,128.58
2023-04-30 20:00:00,탑선,,0,6,93.28694487737425,35.24,126.81
2023-04-30 21:00:00,경상대,,0,6,105.27860196121757,35.18,128.1
2023-04-30 21:00:00,고흥만수상,,0,6,105.02592992188653,34.57,127.3
2023-04-30 21:00:00,광양항세방,,0,6,105.13303372592172,34.93,127.71
2023-04-30 21:00:00,구미,,0,6,104.95240668131288,36.13,128.34
2023-04-30 21:00:00,삼천포,,0,6,105.37610023686565,34.95,128.07
2023-04-30 21:00:00,여수,,0,6,105.25126844626202,34.74,127.74
2023-04-30 21:00:00,영동,,0,6,104.48408096021662,37.18,128.46
2023-04-30 21:00:00,영흥,,0,6,103.07866913778848,37.26,126.46
2023-04-30 21:00:00,예천,,0,6,104.76265022673815,36.65,128.46
2023-04-30 21:00:00,창원,,0,6,105.59845206561775,35.21,128.58
2023-04-30 21:00:00,탑선,,0,6,104.34107546311847,35.24,126.81
2023-04-30 22:00:00,경상대,,0,6,115.0993145333711,35.18,128.1
2023-04-30 22:00:00,고흥만수상,,0,6,115.01996906345664,34.57,127.3
2023-04-30 22:00:00,광양항세방,,0,6,115.0310677781368,34.93,127.71
2023-04-30 22:00:00,구미,,0,6,114.59816556304598,36.13,128.34
2023-04-30 22:00:00,삼천포,,0,6,115.23626930511688,34.95,128.07
2023-04-30 22:00:00,여수,,0,6,115.17654486583206,34.74,127.74
2023-04-30 22:00:00,영동,,0,6,113.94956411319562,37.18,128.46
2023-04-30 22:00:00,영흥,,0,6,112.72306170095295,37.26,126.46
2023-04-30 22:00:00,예천,,0,6,114.31329276186847,36.65,128.46
2023-04-30 22:00:00,창원,,0,6,115.367446256269,35.21,128.58
2023-04-30 22:00:00,탑선,,0,6,114.2750936485742,35.24,126.81
2023-04-30 23:00:00,경상대,,0,6,123.08713453736735,35.18,128.1
2023-04-30 23:00:00,고흥만수상,,0,6,123.22296200291234,34.57,127.3
2023-04-30 23:00:00,광양항세방,,0,6,123.1164937692044,34.93,127.71
2023-04-30 23:00:00,구미,,0,6,122.40110967167615,36.13,128.34
2023-04-30 23:00:00,삼천포,,0,6,123.26479244245522,34.95,128.07
2023-04-30 23:00:00,여수,,0,6,123.2875139001934,34.74,127.74
2023-04-30 23:00:00,영동,,0,6,121.5712133546431,37.18,128.46
2023-04-30 23:00:00,영흥,,0,6,120.62319831637613,37.26,126.46
2023-04-30 23:00:00,예천,,0,6,122.01721712785948,36.65,128.46
2023-04-30 23:00:00,창원,,0,6,123.2781140056525,35.21,128.58
2023-04-30 23:00:00,탑선,,0,6,122.44349584860576,35.24,126.81
