datetime_kst,site,dsr_mean,dsr_n_valid,n_slots,zenith_center,lat,lon
2025-08-01 00:00:00,경상대,,0,6,124.59933325774344,35.18,128.1
2025-08-01 00:00:00,고흥만수상,,0,6,124.96133299522404,34.57,127.3
2025-08-01 00:00:00,광양항세방,,0,6,124.73306368465774,34.93,127.71
2025-08-01 00:00:00,구미,,0,6,123.7588602964088,36.13,128.34
2025-08-01 00:00:00,삼천포,,0,6,124.80947580115921,34.95,128.07
2025-08-01 00:00:00,여수,,0,6,124.92068686373443,34.74,127.74
2025-08-01 00:00:00,영동,,0,6,122.78944942503844,37.18,128.46
2025-08-01 00:00:00,영흥,,0,6,122.19975307418852,37.26,126.46
2025-08-01 00:00:00,예천,,0,6,123.29405950911081,36.65,128.46
2025-08-01 00:00:00,창원,,0,6,124.69395983678251,35.21,128.58
2025-08-01 00:00:00,탑선,,0,6,124.1948919409592,35.24,126.81
2025-08-01 01:00:00,경상대,,0,5,126.72432018541777,35.18,128.1
2025-08-01 01:00:00,고흥만수상,,0,5,127.31490650318159,34.57,127.3
2025-08-01 01:00:00,광양항세방,,0,5,126.96631296009828,34.93,127.71
2025-08-01 01:00:00,구미,,0,5,125.77804166215162,36.13,128.34
2025-08-01 01:00:00,삼천포,,0,5,126.95374563442637,34.95,128.07
2025-08-01 01:00:00,여수,,0,5,127.15693517161947,34.74,127.74
2025-08-01 01:00:00,영동,,0,5,124.72954776196966,37.18,128.46
2025-08-01 01:00:00,영흥,,0,5,124.59687176595997,37.26,126.46
2025-08-01 01:00:00,예천,,0,5,125.25949023219937,36.65,128.46
2025-08-01 01:00:00,창원,,0,5,126.70051082909575,35.21,128.58
2025-08-01 01:00:00,탑선,,0,5,126.62845900775557,35.24,126.81
2025-08-01 02:00:00,경상대,,0,6,125.11055470191016,35.18,128.1
2025-08-01 02:00:00,고흥만수상,,0,6,125.87725628926842,34.57,127.3
2025-08-01 02:00:00,광양항세방,,0,6,125.43939855983808,34.93,127.71
2025-08-01 02:00:00,구미,,0,6,124.1441252433729,36.13,128.34
2025-08-01 02:00:00,삼천포,,0,6,125.33817359375504,34.95,128.07
2025-08-01 02:00:00,여수,,0,6,125.61528712371518,34.74,127.74
2025-08-01 02:00:00,영동,,0,6,123.10960870907272,37.18,128.46
2025-08-01 02:00:00,영흥,,0,6,123.45082249552672,37.26,126.46
2025-08-01 02:00:00,예천,,0,6,123.61804604193915,36.65,128.46
2025-08-01 02:00:00,창원,,0,6,124.96979170414568,35.21,128.58
2025-08-01 02:00:00,탑선,,0,6,125.33602396221355,35.24,126.81
2025-08-01 03:00:00,경상대,,0,6,120.06357177645094,35.18,128.1
2025-08-01 03:00:00,고흥만수상,,0,6,120.9281536320741,34.57,127.3
2025-08-01 03:00:00,광양항세방,,0,6,120.4448111632457,34.93,127.71
2025-08-01 03:00:00,구미,,0,6,119.1554845868313,36.13,128.34
2025-08-01 03:00:00,삼천포,,0,6,120.27128227376465,34.95,128.07
2025-08-01 03:00:00,여수,,0,6,120.59306720746265,34.74,127.74
2025-08-01 03:00:00,영동,,0,6,118.21426355909966,37.18,128.46
2025-08-01 03:00:00,영흥,,0,6,118.96465835090281,37.26,126.46
2025-08-01 03:00:00,예천,,0,6,118.66367199181695,36.65,128.46
2025-08-01 03:00:00,창원,,0,6,119.82803887349914,35.21,128.58
2025-08-01 03:00:00,탑선,,0,6,120.56364783173773,35.24,126.81
2025-08-01 04:00:00,경상대,,0,6,112.36069409866106,35.18,128.1
2025-08-01 04:00:00,고흥만수상,,0,6,113.25627391101767,34.57,127.3
2025-08-01 04:00:00,광양항세방,,0,6,112.76358282664239,34.93,127.71
2025-08-01 04:00:00,구미,,0,6,111.55605061373527,36.13,128.34
2025-08-01 04:00:00,삼천포,,0,6,112.53917477792399,34.95,128.07
2025-08-01 04:00:00,여수,,0,6,112.87953903233948,34.74,127.74
2025-08-01 04:00:00,영동,,0,6,110.7502146103175,37.18,128.46
2025-08-01 04:00:00,영흥,,0,6,111.80873102115416,37.26,126.46
2025-08-01 04:00:00,예천,,0,6,111.12252310070545,36.65,128.46
2025-08-01 04:00:00,창원,,0,6,112.05874260318782,35.21,128.58
2025-08-01 04:00:00,탑선,,0,6,113.06402933001769,35.24,126.81
2025-08-01 05:00:00,경상대,,0,6,102.81460240066838,35.18,128.1
2025-08-01 05:00:00,고흥만수상,,0,6,103.69859669373326,34.57,127.3
2025-08-01 05:00:00,광양항세방,,0,6,103.21875170960149,34.93,127.71
2025-08-01 05:00:00,구미,,0,6,102.12996594189934,36.13,128.34
2025-08-01 05:00:00,삼천포,,0,6,102.96136238343581,34.95,128.07
2025-08-01 05:00:00,여수,,0,6,103.30304764078514,34.74,127.74
2025-08-01 05:00:00,영동,,0,6,101.47212815819385,37.18,128.46
2025-08-01 05:00:00,영흥,,0,6,102.74574034729372,37.26,126.46
2025-08-01 05:00:00,예천,,0,6,101.76362619023281,36.65,128.46
2025-08-01 05:00:00,창원,,0,6,102.46975749001135,35.21,128.58
2025-08-01 05:00:00,탑선,,0,6,103.65766210773803,35.24,126.81
2025-08-01 06:00:00,경상대,,0,6,92.05489549257813,35.18,128.1
2025-08-01 06:00:00,고흥만수상,,0,6,92.90294239636417,34.57,127.3
2025-08-01 06:00:00,광양항세방,,0,6,92.44816164000811,34.93,127.71
2025-08-01 06:00:00,구미,,0,6,91.49321177672108,36.13,128.34
2025-08-01 06:00:00,삼천포,,0,6,92.1703664647123,34.95,128.07
2025-08-01 06:00:00,여수,,0,6,92.503127738619,34.74,127.74
2025-08-01 06:00:00,영동,,0,6,90.98288071580076,37.18,128.46
2025-08-01 06:00:00,영흥,,0,6,92.40152112276256,37.26,126.46
2025-08-01 06:00:00,예천,,0,6,91.19572122600844,36.65,128.46
2025-08-01 06:00:00,창원,,0,6,91.68368527222405,35.21,128.58
2025-08-01 06:00:00,탑선,,0,6,92.99139240096146,35.24,126.81
2025-08-01 07:00:00,경상대,98.4,2,6,80.51972038315867,35.18,128.1
2025-08-01 07:00:00,고흥만수상,110.45,2,6,81.31659050253967,34.57,127.3
2025-08-01 07:00:00,광양항세방,183.10000000000002,2,6,80.89433281824392,34.93,127.71
2025-08-01 07:00:00,구미,213.75,2,6,80.08109067298918,36.13,128.34
2025-08-01 07:00:00,삼천포,223.9,2,6,80.60469657460253,34.95,128.07
2025-08-01 07:00:00,여수,215.95,2,6,80.9220060506075,34.74,127.74
2025-08-01 07:00:00,영동,213.83333333333334,3,6,79.71595783735778,37.18,128.46
2025-08-01 07:00:00,영흥,161.75,2,6,81.22963561427937,37.26,126.46
2025-08-01 07:00:00,예천,182.19999999999996,3,6,79.85263033235675,36.65,128.46
2025-08-01 07:00:00,창원,224.45,2,6,80.13345220571279,35.21,128.58
2025-08-01 07:00:00,탑선,104.3,2,6,81.51768535713953,35.24,126.81
2025-08-01 08:00:00,경상대,354.26666666666665,6,6,68.51709692522917,35.18,128.1
2025-08-01 08:00:00,고흥만수상,247.35,6,6,69.2497136724601,34.57,127.3
2025-08-01 08:00:00,광양항세방,313.6333333333334,6,6,68.86652830879524,34.93,127.71
2025-08-01 08:00:00,구미,344.1333333333334,6,6,68.2050054443352,36.13,128.34
2025-08-01 08:00:00,삼천포,367.90000000000003,6,6,68.57136990694232,34.95,128.07
2025-08-01 08:00:00,여수,283.15000000000003,6,6,68.86777087693599,34.74,127.74
2025-08-01 08:00:00,영동,346.59999999999997,6,6,67.98731349834979,37.18,128.46
2025-08-01 08:00:00,영흥,267.8333333333333,6,6,69.55840427891731,37.26,126.46
2025-08-01 08:00:00,예천,321.71666666666664,6,6,68.04766928929648,36.65,128.46
2025-08-01 08:00:00,창원,243.4,6,6,68.12420113646019,35.21,128.58
2025-08-01 08:00:00,탑선,330.45,6,6,69.55335286103465,35.24,126.81
2025-08-01 09:00:00,경상대,551.8666666666667,6,6,56.292906568022474,35.18,128.1
2025-08-01 09:00:00,고흥만수상,546.0500000000001,6,6,56.94427951756364,34.57,127.3
2025-08-01 09:00:00,광양항세방,498.38333333333327,6,6,56.60908879872017,34.93,127.71
2025-08-01 09:00:00,구미,534.9666666666667,6,6,56.11925365287443,36.13,128.34
2025-08-01 09:00:00,삼천포,570.4833333333332,6,6,56.31420301072469,34.95,128.07
2025-08-01 09:00:00,여수,456.55,6,6,56.582971551799,34.74,127.74
2025-08-01 09:00:00,영동,543.2999999999998,6,6,56.06087616450431,37.18,128.46
2025-08-01 09:00:00,영흥,450.7666666666667,6,6,57.655277757644235,37.26,126.46
2025-08-01 09:00:00,예천,509.1333333333334,6,6,56.039823417741665,36.65,128.46
2025-08-01 09:00:00,창원,567.1333333333333,6,6,55.9012580528896,35.21,128.58
2025-08-01 09:00:00,탑선,520.6833333333333,6,6,57.34743038781935,35.24,126.81
2025-08-01 10:00:00,경상대,719.6333333333333,6,6,44.10979258032874,35.18,128.1
2025-08-01 10:00:00,고흥만수상,714.9666666666667,6,6,44.65004012632213,34.57,127.3
2025-08-01 10:00:00,광양항세방,558.5833333333334,6,6,44.37898136395822,34.93,127.71
2025-08-01 10:00:00,구미,690.9000000000001,6,6,44.1027025013918,36.13,128.34
2025-08-01 10:00:00,삼천포,608.7500000000001,6,6,44.09208768571638,34.95,128.07
2025-08-01 10:00:00,여수,727.1333333333333,6,6,44.321765561951985,34.74,127.74
2025-08-01 10:00:00,영동,693.5833333333334,6,6,44.232815306107206,37.18,128.46
2025-08-01 10:00:00,영흥,609.1,6,6,45.806561316586965,37.26,126.46
2025-08-01 10:00:00,예천,667.0333333333334,6,6,44.11688225383541,36.65,128.46
2025-08-01 10:00:00,창원,739.6833333333334,6,6,43.73010221099553,35.21,128.58
2025-08-01 10:00:00,탑선,565.3833333333333,6,6,45.157827591053966,35.24,126.81
2025-08-01 11:00:00,경상대,842.3166666666667,6,6,32.40530520767341,35.18,128.1
2025-08-01 11:00:00,고흥만수상,841.1666666666666,6,6,32.77025350391214,34.57,127.3
2025-08-01 11:00:00,광양항세방,782.5666666666667,6,6,32.59815486582081,34.93,127.71
2025-08-01 11:00:00,구미,812.5166666666668,6,6,32.62584352402419,36.13,128.34
2025-08-01 11:00:00,삼천포,733.5,6,6,32.33514822563029,34.95,128.07
2025-08-01 11:00:00,여수,850.4499999999999,6,6,32.501167361686214,34.74,127.74
2025-08-01 11:00:00,영동,837.5666666666666,6,6,33.00571352705558,37.18,128.46
2025-08-01 11:00:00,영흥,647.4166666666666,6,6,34.471495415438966,37.26,126.46
2025-08-01 11:00:00,예천,788.2833333333333,6,6,32.76685943736156,36.65,128.46
2025-08-01 11:00:00,창원,863.4499999999999,6,6,32.059871166875936,35.21,128.58
2025-08-01 11:00:00,탑선,671.35,6,6,33.39723287460871,35.24,126.81
2025-08-01 12:00:00,경상대,913.6500000000001,6,6,22.310318724646834,35.18,128.1
2025-08-01 12:00:00,고흥만수상,906.8333333333334,6,6,22.342881218768326,34.57,127.3
2025-08-01 12:00:00,광양항세방,733.3833333333332,6,6,22.354163096476483,34.93,127.71
2025-08-01 12:00:00,구미,893.5666666666666,6,6,22.877007104589936,36.13,128.34
2025-08-01 12:00:00,삼천포,972.8666666666667,6,6,22.161589586697573,34.95,128.07
2025-08-01 12:00:00,여수,926.1666666666666,6,6,22.202409220427015,34.74,127.74
2025-08-01 12:00:00,영동,899.8666666666668,6,6,23.610160407284525,37.18,128.46
2025-08-01 12:00:00,영흥,620.0333333333333,6,6,24.729110757256535,37.26,126.46
2025-08-01 12:00:00,예천,861.8666666666668,6,6,23.205290141713746,36.65,128.46
2025-08-01 12:00:00,창원,920.9166666666666,6,6,22.063906310652598,35.21,128.58
2025-08-01 12:00:00,탑선,886.5,6,6,23.096689391751042,35.24,126.81
2025-08-01 13:00:00,경상대,934.4666666666666,6,6,17.23998371336205,35.18,128.1
2025-08-01 13:00:00,고흥만수상,869.9499999999999,6,6,16.684147782863732,34.57,127.3
2025-08-01 13:00:00,광양항세방,906.2333333333332,6,6,17.011965205358578,34.93,127.71
2025-08-01 13:00:00,구미,912.8666666666667,6,6,18.17960101523049,36.13,128.34
2025-08-01 13:00:00,삼천포,998.5666666666666,6,6,17.011745317877427,34.95,128.07
2025-08-01 13:00:00,여수,950.8000000000001,6,6,16.820614367421754,34.74,127.74
2025-08-01 13:00:00,영동,917.0333333333333,6,6,19.225492284027723,37.18,128.46
2025-08-01 13:00:00,영흥,671.1999999999999,6,6,19.435682875078783,37.26,126.46
2025-08-01 13:00:00,예천,880.5833333333334,6,6,18.695750063565313,36.65,128.46
2025-08-01 13:00:00,창원,944.4499999999999,6,6,17.253380058910395,35.21,128.58
2025-08-01 13:00:00,탑선,908.5833333333334,6,6,17.39607155370848,35.24,126.81
2025-08-01 14:00:00,경상대,775.1833333333334,6,6,21.248689259135148,35.18,128.1
2025-08-01 14:00:00,고흥만수상,886.9,6,6,20.3614539311489,34.57,127.3
2025-08-01 14:00:00,광양항세방,891.8666666666667,6,6,20.853135229731038,34.93,127.71
2025-08-01 14:00:00,구미,903.3000000000001,6,6,22.11014678815681,36.13,128.34
2025-08-01 14:00:00,삼천포,983.2333333333335,6,6,21.055810681257384,34.95,128.07
2025-08-01 14:00:00,여수,941.6500000000001,6,6,20.721402833935826,34.74,127.74
2025-08-01 14:00:00,영동,757.3333333333334,6,6,22.998772983705948,37.18,128.46
2025-08-01 14:00:00,영흥,737.5500000000001,6,6,22.151899222559663,37.26,126.46
2025-08-01 14:00:00,예천,871.5333333333334,6,6,22.578559119494855,36.65,128.46
2025-08-01 14:00:00,창원,937.7666666666665,6,6,21.52353433069449,35.21,128.58
2025-08-01 14:00:00,탑선,894.9833333333335,6,6,20.647864769924695,35.24,126.81
2025-08-01 15:00:00,경상대,871.2166666666667,6,6,30.959289573521303,35.18,128.1
2025-08-01 15:00:00,고흥만수상,841.7666666666665,6,6,30.100736895749243,34.57,127.3
2025-08-01 15:00:00,광양항세방,822.9,6,6,30.562299780898073,34.93,127.71
2025-08-01 15:00:00,구미,846.5166666666668,6,6,31.56193660184165,36.13,128.34
2025-08-01 15:00:00,삼천포,922.6166666666667,6,6,30.83603762297944,34.95,128.07
2025-08-01 15:00:00,여수,887.3666666666668,6,6,30.50056680010264,34.74,127.74
2025-08-01 15:00:00,영동,855.0500000000001,6,6,32.140627697029394,37.18,128.46
2025-08-01 15:00:00,영흥,605.8000000000001,6,6,30.801656675476472,37.26,126.46
2025-08-01 15:00:00,예천,809.8000000000001,6,6,31.88898699797231,36.65,128.46
2025-08-01 15:00:00,창원,880.0,6,6,31.32501101267841,35.21,128.58
2025-08-01 15:00:00,탑선,670.1666666666666,6,6,30.048122044395953,35.24,126.81
2025-08-01 16:00:00,경상대,752.5333333333333,6,6,42.550051234405245,35.18,128.1
2025-08-01 16:00:00,고흥만수상,758.8666666666667,6,6,41.7800006706018,34.57,127.3
2025-08-01 16:00:00,광양항세방,709.4333333333334,6,6,42.185193542626344,34.93,127.71
2025-08-01 16:00:00,구미,624.1166666666667,6,6,42.947389483640485,36.13,128.34
2025-08-01 16:00:00,삼천포,796.8166666666666,6,6,42.47796470289901,34.95,128.07
2025-08-01 16:00:00,여수,776.85,6,6,42.16947113087537,34.74,127.74
2025-08-01 16:00:00,영동,756.8333333333334,6,6,43.285978913556896,37.18,128.46
2025-08-01 16:00:00,영흥,428.26666666666665,6,6,41.76705376437717,37.26,126.46
2025-08-01 16:00:00,예천,699.7333333333335,6,6,43.16032611984227,36.65,128.46
2025-08-01 16:00:00,창원,648.9666666666666,6,6,42.939974325217264,35.21,128.58
2025-08-01 16:00:00,탑선,660.1833333333334,6,6,41.535051775711494,35.24,126.81
2025-08-01 17:00:00,경상대,602.7333333333332,6,6,54.710839579269326,35.18,128.1
2025-08-01 17:00:00,고흥만수상,617.7833333333333,6,6,54.03176558572052,34.57,127.3
2025-08-01 17:00:00,광양항세방,560.4833333333332,6,6,54.38226531708235,34.93,127.71
2025-08-01 17:00:00,구미,592.8000000000001,6,6,54.94583870801921,36.13,128.34
2025-08-01 17:00:00,삼천포,626.9333333333334,6,6,54.67792029924626,34.95,128.07
2025-08-01 17:00:00,여수,617.8666666666667,6,6,54.39978346822193,34.74,127.74
2025-08-01 17:00:00,영동,585.5833333333334,6,6,55.09717532909102,37.18,128.46
2025-08-01 17:00:00,영흥,315.3666666666667,6,6,53.51403763134465,37.26,126.46
2025-08-01 17:00:00,예천,554.5166666666668,6,6,55.067982373552816,36.65,128.46
2025-08-01 17:00:00,창원,619.9666666666667,6,6,55.10391827164699,35.21,128.58
2025-08-01 17:00:00,탑선,407.08333333333326,6,6,53.660585636427086,35.24,126.81
2025-08-01 18:00:00,경상대,416.8333333333333,6,6,66.95786852664617,35.18,128.1
2025-08-01 18:00:00,고흥만수상,399.81666666666666,6,6,66.37097018637195,34.57,127.3
2025-08-01 18:00:00,광양항세방,362.06666666666666,6,6,66.66751534960972,34.93,127.71
2025-08-01 18:00:00,구미,408.26666666666665,6,6,67.05041725677147,36.13,128.34
2025-08-01 18:00:00,삼천포,411.74999999999994,6,6,66.95870071665028,34.95,128.07
2025-08-01 18:00:00,여수,421.1333333333334,6,6,66.71253350161474,34.74,127.74
2025-08-01 18:00:00,영동,398.73333333333335,6,6,67.04004710791646,37.18,128.46
2025-08-01 18:00:00,영흥,206.76666666666665,6,6,65.44652414888202,37.26,126.46
2025-08-01 18:00:00,예천,310.8833333333333,6,6,67.09292881410911,36.65,128.46
2025-08-01 18:00:00,창원,412.5333333333333,6,6,67.34436233834187,35.21,128.58
2025-08-01 18:00:00,탑선,228.54999999999998,6,6,65.90328523835214,35.24,126.81
2025-08-01 19:00:00,경상대,242.37499999999997,4,6,79.01865682354216,35.18,128.1
2025-08-01 19:00:00,고흥만수상,250.375,4,6,78.53071987963938,34.57,127.3
2025-08-01 19:00:00,광양항세방,202.625,4,6,78.77034212670166,34.93,127.71
2025-08-01 19:00:00,구미,243.675,4,6,78.97413531936354,36.13,128.34
2025-08-01 19:00:00,삼천포,230.325,4,6,79.05154998061283,34.95,128.07
2025-08-01 19:00:00,여수,244.10000000000002,4,6,78.84057670452829,34.74,127.74
2025-08-01 19:00:00,영동,245.45,4,6,78.81096303879184,37.18,128.46
2025-08-01 19:00:00,영흥,203.76,5,6,77.24367083278615,37.26,126.46
2025-08-01 19:00:00,예천,157.575,4,6,78.9403036882793,36.65,128.46
2025-08-01 19:00:00,창원,250.20000000000002,4,6,79.39116900544066,35.21,128.58
2025-08-01 19:00:00,탑선,233.42,5,6,77.98113104249187,35.24,126.81
2025-08-01 20:00:00,경상대,,0,6,90.65126127627143,35.18,128.1
2025-08-01 20:00:00,고흥만수상,,0,6,90.2760436780484,34.57,127.3
2025-08-01 20:00:00,광양항세방,,0,6,90.451718375703,34.93,127.71
2025-08-01 20:00:00,구미,,0,6,90.46544926721074,36.13,128.34
2025-08-01 20:00:00,삼천포,,0,6,90.71683092127957,34.95,128.07
2025-08-01 20:00:00,여수,,0,6,90.54674832208276,34.74,127.74
2025-08-01 20:00:00,영동,,0,6,90.14801588463881,37.18,128.46
2025-08-01 20:00:00,영흥,,0,6,88.64319026501802,37.26,126.46
2025-08-01 20:00:00,예천,,0,6,90.35337089249165,36.65,128.46
2025-08-01 20:00:00,창원,,0,6,91.00151818731992,35.21,128.58
2025-08-01 20:00:00,탑선,,0,6,89.65273503587895,35.24,126.81
2025-08-01 21:00:00,경상대,,0,6,101.56084670813789,35.18,128.1
2025-08-01 21:00:00,고흥만수상,,0,6,101.3203182024409,34.57,127.3
2025-08-01 21:00:00,광양항세방,,0,6,101.42051960696692,34.93,127.71
2025-08-01 21:00:00,구미,,0,6,101.2227729759147,36.13,128.34
2025-08-01 21:00:00,삼천포,,0,6,101.66121348999069,34.95,128.07
2025-08-01 21:00:00,여수,,0,6,101.54087278032453,34.74,127.74
2025-08-01 21:00:00,영동,,0,6,100.74323214617351,37.18,128.46
2025-08-01 21:00:00,영흥,,0,6,99.34676872818434,37.26,126.46
2025-08-01 21:00:00,예천,,0,6,101.02701640168375,36.65,128.46
2025-08-01 21:00:00,창원,,0,6,101.87758580508839,35.21,128.58
2025-08-01 21:00:00,탑선,,0,6,100.63013238530824,35.24,126.81
2025-08-01 22:00:00,경상대,,0,6,111.33118556076069,35.18,128.1
2025-08-01 22:00:00,고흥만수상,,0,6,111.25633313959972,34.57,127.3
2025-08-01 22:00:00,광양항세방,,0,6,111.26481754171922,34.93,127.71
2025-08-01 22:00:00,구미,,0,6,110.82683560675434,36.13,128.34
2025-08-01 22:00:00,삼천포,,0,6,111.4689887524557,34.95,128.07
2025-08-01 22:00:00,여수,,0,6,111.41092352863902,34.74,127.74
2025-08-01 22:00:00,영동,,0,6,110.17597037862349,37.18,128.46
2025-08-01 22:00:00,영흥,,0,6,108.95235221939188,37.26,126.46
2025-08-01 22:00:00,예천,,0,6,110.54063246293732,36.65,128.46
2025-08-01 22:00:00,창원,,0,6,111.59809612711183,35.21,128.58
2025-08-01 22:00:00,탑선,,0,6,110.5101792159686,35.24,126.81
2025-08-01 23:00:00,경상대,,0,6,119.35946138260353,35.18,128.1
2025-08-01 23:00:00,고흥만수상,,0,6,119.48747219430268,34.57,127.3
2025-08-01 23:00:00,광양항세방,,0,6,119.38510260689672,34.93,127.71
2025-08-01 23:00:00,구미,,0,6,118.6803242674065,36.13,128.34
2025-08-01 23:00:00,삼천포,,0,6,119.53572009405039,34.95,128.07
2025-08-01 23:00:00,여수,,0,6,119.55535510987735,34.74,127.74
2025-08-01 23:00:00,영동,,0,6,117.85759478585223,37.18,128.46
2025-08-01 23:00:00,영흥,,0,6,116.89630599582182,37.26,126.46
2025-08-01 23:00:00,예천,,0,6,118.30036450428305,36.65,128.46
2025-08-01 23:00:00,창원,,0,6,119.55379588479548,35.21,128.58
2025-08-01 23:00:00,탑선,,0,6,118.70845965919918,35.24,126.81
2025-08-02 00:00:00,경상대,,0,6,124.84616479308607,35.18,128.1
2025-08-02 00:00:00,고흥만수상,,0,6,125.2071671114575,34.57,127.3
2025-08-02 00:00:00,광양항세방,,0,6,124.97943939530819,34.93,127.71
2025-08-02 00:00:00,구미,,0,6,124.00624196236606,36.13,128.34
2025-08-02 00:00:00,삼천포,,0,6,125.05619359095354,34.95,128.07
2025-08-02 00:00:00,여수,,0,6,125.16701526535654,34.74,127.74
2025-08-02 00:00:00,영동,,0,6,123.03727749699013,37.18,128.46
2025-08-02 00:00:00,영흥,,0,6,122.44591977506059,37.26,126.46
2025-08-02 00:00:00,예천,,0,6,123.5417157456329,36.65,128.46
2025-08-02 00:00:00,창원,,0,6,124.94122949273398,35.21,128.58
2025-08-02 00:00:00,탑선,,0,6,124.44053490348969,35.24,126.81
2025-08-02 01:00:00,경상대,,0,5,126.97720436065893,35.18,128.1
2025-08-02 01:00:00,고흥만수상,,0,5,127.56791576547286,34.57,127.3
2025-08-02 01:00:00,광양항세방,,0,5,127.21926427437631,34.93,127.71
2025-08-02 01:00:00,구미,,0,5,126.03087571411706,36.13,128.34
2025-08-02 01:00:00,삼천포,,0,5,127.20663636401491,34.95,128.07
2025-08-02 01:00:00,여수,,0,5,127.40988283847632,34.74,127.74
2025-08-02 01:00:00,영동,,0,5,124.98235387594468,37.18,128.46
2025-08-02 01:00:00,영흥,,0,5,124.84994280256217,37.26,126.46
2025-08-02 01:00:00,예천,,0,5,125.51229802547824,36.65,128.46
2025-08-02 01:00:00,창원,,0,5,126.95329710299441,35.21,128.58
2025-08-02 01:00:00,탑선,,0,5,126.88151397556612,35.24,126.81
2025-08-02 02:00:00,경상대,,0,6,125.35227409880694,35.18,128.1
2025-08-02 02:00:00,고흥만수상,,0,6,126.1197164555997,34.57,127.3
2025-08-02 02:00:00,광양항세방,,0,6,125.68149900792399,34.93,127.71
2025-08-02 02:00:00,구미,,0,6,124.38597532131227,36.13,128.34
2025-08-02 02:00:00,삼천포,,0,6,125.57982595014215,34.95,128.07
2025-08-02 02:00:00,여수,,0,6,125.85726547243539,34.74,127.74
2025-08-02 02:00:00,영동,,0,6,123.35178000621141,37.18,128.46
2025-08-02 02:00:00,영흥,,0,6,123.69528325195105,37.26,126.46
2025-08-02 02:00:00,예천,,0,6,123.85998294430095,36.65,128.46
2025-08-02 02:00:00,창원,,0,6,125.21091000106597,35.21,128.58
2025-08-02 02:00:00,탑선,,0,6,125.57935517601348,35.24,126.81
2025-08-02 03:00:00,경상대,,0,6,120.2815824616705,35.18,128.1
2025-08-02 03:00:00,고흥만수상,,0,6,121.14677581707629,34.57,127.3
2025-08-02 03:00:00,광양항세방,,0,6,120.66318108554225,34.93,127.71
2025-08-02 03:00:00,구미,,0,6,119.37437840525624,36.13,128.34
2025-08-02 03:00:00,삼천포,,0,6,120.48902564425325,34.95,128.07
2025-08-02 03:00:00,여수,,0,6,120.81111898607995,34.74,127.74
2025-08-02 03:00:00,영동,,0,6,118.43436102709026,37.18,128.46
2025-08-02 03:00:00,영흥,,0,6,119.18818885169526,37.26,126.46
2025-08-02 03:00:00,예천,,0,6,118.88306233657786,36.65,128.46
2025-08-02 03:00:00,창원,,0,6,120.04522395857046,35.21,128.58
2025-08-02 03:00:00,탑선,,0,6,120.7840527689103,35.24,126.81
2025-08-02 04:00:00,경상대,,0,6,112.55121076877244,35.18,128.1
2025-08-02 04:00:00,고흥만수상,,0,6,113.44687321615422,34.57,127.3
2025-08-02 04:00:00,광양항세방,,0,6,112.95424252066213,34.93,127.71
2025-08-02 04:00:00,구미,,0,6,111.74826959105239,36.13,128.34
2025-08-02 04:00:00,삼천포,,0,6,112.7292239058932,34.95,128.07
2025-08-02 04:00:00,여수,,0,6,113.06971355117287,34.74,127.74
2025-08-02 04:00:00,영동,,0,6,110.94453067872305,37.18,128.46
2025-08-02 04:00:00,영흥,,0,6,112.0066401313098,37.26,126.46
2025-08-02 04:00:00,예천,,0,6,111.31568182728316,36.65,128.46
2025-08-02 04:00:00,창원,,0,6,112.24846158701075,35.21,128.58
2025-08-02 04:00:00,탑선,,0,6,113.2570188909693,35.24,126.81
2025-08-02 05:00:00,경상대,,0,6,102.97986402734006,35.18,128.1
2025-08-02 05:00:00,고흥만수상,,0,6,103.86334663750178,34.57,127.3
2025-08-02 05:00:00,광양항세방,,0,6,103.38389714709339,34.93,127.71
2025-08-02 05:00:00,구미,,0,6,102.29758700797697,36.13,128.34
2025-08-02 05:00:00,삼천포,,0,6,103.12600492792758,34.95,128.07
2025-08-02 05:00:00,여수,,0,6,103.467596488803,34.74,127.74
2025-08-02 05:00:00,영동,,0,6,101.64253823399928,37.18,128.46
2025-08-02 05:00:00,영흥,,0,6,102.91934365628391,37.26,126.46
2025-08-02 05:00:00,예천,,0,6,101.93254402268943,36.65,128.46
2025-08-02 05:00:00,창원,,0,6,102.63436718888605,35.21,128.58
2025-08-02 05:00:00,탑선,,0,6,103.82510498870214,35.24,126.81
2025-08-02 06:00:00,경상대,,0,6,92.1995712324782,35.18,128.1
2025-08-02 06:00:00,고흥만수상,,0,6,93.0465546965536,34.57,127.3
2025-08-02 06:00:00,광양항세방,,0,6,92.59247385716395,34.93,127.71
2025-08-02 06:00:00,구미,,0,6,91.6407619647319,36.13,128.34
2025-08-02 06:00:00,삼천포,,0,6,92.31430911786818,34.95,128.07
2025-08-02 06:00:00,여수,,0,6,92.6467680735427,34.74,127.74
2025-08-02 06:00:00,영동,,0,6,91.13374804500737,37.18,128.46
2025-08-02 06:00:00,영흥,,0,6,92.55496765437081,37.26,126.46
2025-08-02 06:00:00,예천,,0,6,91.34484883508452,36.65,128.46
2025-08-02 06:00:00,창원,,0,6,91.82788789311142,35.21,128.58
2025-08-02 06:00:00,탑선,,0,6,93.13783541436172,35.24,126.81
2025-08-02 07:00:00,경상대,83.75,2,6,80.64912866010864,35.18,128.1
2025-08-02 07:00:00,고흥만수상,107.75,2,6,81.44440394659229,34.57,127.3
2025-08-02 07:00:00,광양항세방,145.45,2,6,81.0231368003539,34.93,127.71
2025-08-02 07:00:00,구미,207.10000000000002,2,6,80.21383987119441,36.13,128.34
2025-08-02 07:00:00,삼천포,158.25,2,6,80.73326995371265,34.95,128.07
2025-08-02 07:00:00,여수,90.1,2,6,81.05007428864204,34.74,127.74
2025-08-02 07:00:00,영동,146.4,3,6,79.85249300539138,37.18,128.46
2025-08-02 07:00:00,영흥,168.7,2,6,81.368059127396,37.26,126.46
2025-08-02 07:00:00,예천,122.46666666666665,3,6,79.98721043760314,36.65,128.46
2025-08-02 07:00:00,창원,164.6,2,6,80.2625742399656,35.21,128.58
2025-08-02 07:00:00,탑선,84.45,2,6,81.64841571398983,35.24,126.81
2025-08-02 08:00:00,경상대,245.03333333333333,6,6,68.6369052519116,35.18,128.1
2025-08-02 08:00:00,고흥만수상,275.09999999999997,6,6,69.36734282278357,34.57,127.3
2025-08-02 08:00:00,광양항세방,269.29999999999995,6,6,68.98546730669379,34.93,127.71
2025-08-02 08:00:00,구미,337.6333333333333,6,6,68.32866939409831,36.13,128.34
2025-08-02 08:00:00,삼천포,262.31666666666666,6,6,68.69022999647143,34.95,128.07
2025-08-02 08:00:00,여수,275.68333333333334,6,6,68.98590257775726,34.74,127.74
2025-08-02 08:00:00,영동,320.15000000000003,6,6,68.11527220145899,37.18,128.46
2025-08-02 08:00:00,영흥,279.68333333333334,6,6,69.68747249187074,37.26,126.46
2025-08-02 08:00:00,예천,287.48333333333335,6,6,68.17344120689816,36.65,128.46
2025-08-02 08:00:00,창원,221.25,6,6,68.24392860728148,35.21,128.58
2025-08-02 08:00:00,탑선,281.3,6,6,69.67399753699809,35.24,126.81
2025-08-02 09:00:00,경상대,314.4833333333333,6,6,56.409782009234505,35.18,128.1
2025-08-02 09:00:00,고흥만수상,542.15,6,6,57.058228472022584,34.57,127.3
2025-08-02 09:00:00,광양항세방,417.93333333333334,6,6,56.72475617461619,34.93,127.71
2025-08-02 09:00:00,구미,529.6666666666666,6,6,56.240640571151886,36.13,128.34
2025-08-02 09:00:00,삼천포,500.8666666666666,6,6,56.42998376513069,34.95,128.07
2025-08-02 09:00:00,여수,431.16666666666674,6,6,56.697738126491636,34.74,127.74
2025-08-02 09:00:00,영동,483.93333333333334,6,6,56.18718943657568,37.18,128.46
2025-08-02 09:00:00,영흥,458.53333333333336,6,6,57.78170430552134,37.26,126.46
2025-08-02 09:00:00,예천,495.3,6,6,56.16366560434596,36.65,128.46
2025-08-02 09:00:00,창원,351.8999999999999,6,6,56.018314722300246,35.21,128.58
2025-08-02 09:00:00,탑선,263.68333333333334,6,6,57.46453003409697,35.24,126.81
2025-08-02 10:00:00,경상대,516.5833333333334,6,6,44.23312953327598,35.18,128.1
2025-08-02 10:00:00,고흥만수상,573.95,6,6,44.769372435061655,34.57,127.3
2025-08-02 10:00:00,광양항세방,595.1666666666666,6,6,44.50061946367672,34.93,127.71
2025-08-02 10:00:00,구미,679.0500000000001,6,6,44.231423872369625,36.13,128.34
2025-08-02 10:00:00,삼천포,596.6166666666667,6,6,44.214133470381014,34.95,128.07
2025-08-02 10:00:00,여수,600.0833333333334,6,6,44.44238133840394,34.74,127.74
2025-08-02 10:00:00,영동,654.2833333333334,6,6,44.36725232496614,37.18,128.46
2025-08-02 10:00:00,영흥,584.4833333333332,6,6,45.939598161587206,37.26,126.46
2025-08-02 10:00:00,예천,541.5833333333334,6,6,44.24850672201712,36.65,128.46
2025-08-02 10:00:00,창원,596.9999999999999,6,6,43.85402240003829,35.21,128.58
2025-08-02 10:00:00,탑선,553.9,6,6,45.280443685943226,35.24,126.81
2025-08-02 11:00:00,경상대,819.5333333333333,6,6,32.55106585956677,35.18,128.1
2025-08-02 11:00:00,고흥만수상,815.4333333333334,6,6,32.91041094687478,34.57,127.3
2025-08-02 11:00:00,광양항세방,737.4666666666667,6,6,32.741479125772706,34.93,127.71
2025-08-02 11:00:00,구미,743.9166666666666,6,6,32.77794036263848,36.13,128.34
2025-08-02 11:00:00,삼천포,791.8333333333331,6,6,32.47940468590032,34.95,128.07
2025-08-02 11:00:00,여수,832.85,6,6,32.64336235364673,34.74,127.74
2025-08-02 11:00:00,영동,686.2666666666668,6,6,33.16420313288219,37.18,128.46
2025-08-02 11:00:00,영흥,741.6333333333332,6,6,34.62598472093604,37.26,126.46
2025-08-02 11:00:00,예천,774.5333333333333,6,6,32.922300487729174,36.65,128.46
2025-08-02 11:00:00,창원,839.6,6,6,32.20692503781548,35.21,128.58
2025-08-02 11:00:00,탑선,802.2833333333333,6,6,33.54053306164015,35.24,126.81
2025-08-02 12:00:00,경상대,901.6,6,6,22.50658341908644,35.18,128.1
2025-08-02 12:00:00,고흥만수상,819.5833333333334,6,6,22.532285751626972,34.57,127.3
2025-08-02 12:00:00,광양항세방,808.85,6,6,22.54737967136009,34.93,127.71
2025-08-02 12:00:00,구미,757.7333333333332,6,6,23.078951222200487,36.13,128.34
2025-08-02 12:00:00,삼천포,902.8166666666666,6,6,22.356522263237736,34.95,128.07
2025-08-02 12:00:00,여수,908.3833333333333,6,6,22.394731860802736,34.74,127.74
2025-08-02 12:00:00,영동,780.7166666666666,6,6,23.817194232731723,37.18,128.46
2025-08-02 12:00:00,영흥,793.5333333333333,6,6,24.928664582191274,37.26,126.46
2025-08-02 12:00:00,예천,854.8833333333333,6,6,23.41007170646118,36.65,128.46
2025-08-02 12:00:00,창원,930.9833333333335,6,6,22.26246490428248,35.21,128.58
2025-08-02 12:00:00,탑선,880.75,6,6,23.28764805088892,35.24,126.81
2025-08-02 13:00:00,경상대,878.775,4,4,17.49403904699568,35.18,128.1
2025-08-02 13:00:00,고흥만수상,863.125,4,4,16.936810608223368,34.57,127.3
2025-08-02 13:00:00,광양항세방,860.1,4,4,17.26541724491814,34.93,127.71
2025-08-02 13:00:00,구미,857.7,4,4,18.43401611472163,36.13,128.34
2025-08-02 13:00:00,삼천포,947.95,4,4,17.265738196830142,34.95,128.07
2025-08-02 13:00:00,여수,926.65,4,4,17.074085863612098,34.74,127.74
2025-08-02 13:00:00,영동,822.475,4,4,19.48007830264409,37.18,128.46
2025-08-02 13:00:00,영흥,845.1,4,4,19.687510083213326,37.26,126.46
2025-08-02 13:00:00,예천,864.625,4,4,18.950315502998293,36.65,128.46
2025-08-02 13:00:00,창원,930.85,4,4,17.508013744543973,35.21,128.58
2025-08-02 13:00:00,탑선,859.45,4,4,17.64795040700737,35.24,126.81
2025-08-02 14:00:00,경상대,769.1166666666668,6,6,21.471790607580346,35.18,128.1
2025-08-02 14:00:00,고흥만수상,910.4,6,6,20.585334827664752,34.57,127.3
2025-08-02 14:00:00,광양항세방,798.0833333333334,6,6,21.076781976195647,34.93,127.71
2025-08-02 14:00:00,구미,811.9000000000001,6,6,22.335806955357015,36.13,128.34
2025-08-02 14:00:00,삼천포,961.5333333333334,6,6,21.278142250063,34.95,128.07
2025-08-02 14:00:00,여수,918.9833333333335,6,6,20.944201579098305,34.74,127.74
2025-08-02 14:00:00,영동,752.5666666666667,6,6,23.22744368658944,37.18,128.46
2025-08-02 14:00:00,영흥,849.35,6,6,22.387159645140144,37.26,126.46
2025-08-02 14:00:00,예천,747.1666666666666,6,6,22.805550469128235,36.65,128.46
2025-08-02 14:00:00,창원,847.4166666666666,6,6,21.744932628355613,35.21,128.58
2025-08-02 14:00:00,탑선,841.75,6,6,20.876053745251255,35.24,126.81
2025-08-02 15:00:00,경상대,787.6833333333334,6,6,31.13522366220267,35.18,128.1
2025-08-02 15:00:00,고흥만수상,824.4833333333335,6,6,30.275046972205914,34.57,127.3
2025-08-02 15:00:00,광양항세방,740.9499999999999,6,6,30.737717854369507,34.93,127.71
2025-08-02 15:00:00,구미,790.5999999999999,6,6,31.742543079885692,36.13,128.34
2025-08-02 15:00:00,삼천포,883.8000000000001,6,6,31.010736098715057,34.95,128.07
2025-08-02 15:00:00,여수,868.5999999999999,6,6,30.674823760999935,34.74,127.74
2025-08-02 15:00:00,영동,693.6666666666666,6,6,32.32642370654397,37.18,128.46
2025-08-02 15:00:00,영흥,663.2499999999999,6,6,30.99248409597851,37.26,126.46
2025-08-02 15:00:00,예천,563.9333333333334,6,6,32.07206758107385,36.65,128.46
2025-08-02 15:00:00,창원,766.2166666666667,6,6,31.50002800322774,35.21,128.58
2025-08-02 15:00:00,탑선,783.5166666666668,6,6,30.227446053406126,35.24,126.81
2025-08-02 16:00:00,경상대,749.0,6,6,42.70306425882567,35.18,128.1
2025-08-02 16:00:00,고흥만수상,735.0,6,6,41.930569368309385,34.57,127.3
2025-08-02 16:00:00,광양항세방,558.6833333333334,6,6,42.33726967444902,34.93,127.71
2025-08-02 16:00:00,구미,683.7833333333333,6,6,43.10502552216393,36.13,128.34
2025-08-02 16:00:00,삼천포,773.8000000000001,6,6,42.62981134647053,34.95,128.07
2025-08-02 16:00:00,여수,744.1333333333333,6,6,42.32052358541309,34.74,127.74
2025-08-02 16:00:00,영동,503.06666666666666,6,6,43.44870205445181,37.18,128.46
2025-08-02 16:00:00,영흥,682.0833333333334,6,6,41.93226182997901,37.26,126.46
2025-08-02 16:00:00,예천,452.48333333333335,6,6,43.320443739828775,36.65,128.46
2025-08-02 16:00:00,창원,757.15,6,6,43.09270591009986,35.21,128.58
2025-08-02 16:00:00,탑선,575.5166666666667,6,6,41.68962796259052,35.24,126.81
2025-08-02 17:00:00,경상대,586.9,6,6,54.856549531089726,35.18,128.1
2025-08-02 17:00:00,고흥만수상,575.7166666666666,6,6,54.1748249168666,34.57,127.3
2025-08-02 17:00:00,광양항세방,443.9333333333334,6,6,54.52690341673622,34.93,127.71
2025-08-02 17:00:00,구미,526.2333333333332,6,6,55.09575196210562,36.13,128.34
2025-08-02 17:00:00,삼천포,601.2833333333334,6,6,54.82259656054938,34.95,128.07
2025-08-02 17:00:00,여수,498.01666666666665,6,6,54.54355370933532,34.74,127.74
2025-08-02 17:00:00,영동,547.8666666666666,6,6,55.25166976041363,37.18,128.46
2025-08-02 17:00:00,영흥,544.5,6,6,53.66938678541882,37.26,126.46
2025-08-02 17:00:00,예천,389.23333333333335,6,6,55.2201641661118,36.65,128.46
2025-08-02 17:00:00,창원,606.2333333333332,6,6,55.24969661783499,35.21,128.58
2025-08-02 17:00:00,탑선,419.0333333333333,6,6,53.8067925402489,35.24,126.81
2025-08-02 18:00:00,경상대,364.70000000000005,6,6,67.10551769534362,35.18,128.1
2025-08-02 18:00:00,고흥만수상,395.8,6,6,66.51591206900407,34.57,127.3
2025-08-02 18:00:00,광양항세방,328.48333333333335,6,6,66.8140372445401,34.93,127.71
2025-08-02 18:00:00,구미,324.25,6,6,67.2018806834626,36.13,128.34
2025-08-02 18:00:00,삼천포,331.1666666666667,6,6,67.10542810279436,34.95,128.07
2025-08-02 18:00:00,여수,393.0333333333333,6,6,66.8583088565283,34.74,127.74
2025-08-02 18:00:00,영동,370.6166666666666,6,6,67.19561795591407,37.18,128.46
2025-08-02 18:00:00,영흥,384.40000000000003,6,6,65.60187470968225,37.26,126.46
2025-08-02 18:00:00,예천,357.78333333333336,6,6,67.24645287814712,36.65,128.46
2025-08-02 18:00:00,창원,375.3333333333333,6,6,67.49229999071615,35.21,128.58
2025-08-02 18:00:00,탑선,324.43333333333334,6,6,66.05074861653485,35.24,126.81
2025-08-02 19:00:00,경상대,184.25,4,6,79.17464617486426,35.18,128.1
2025-08-02 19:00:00,고흥만수상,212.5,4,6,78.68397097589437,34.57,127.3
2025-08-02 19:00:00,광양항세방,187.02499999999998,4,6,78.92516755669192,34.93,127.71
2025-08-02 19:00:00,구미,125.625,4,6,79.13361532395616,36.13,128.34
2025-08-02 19:00:00,삼천포,247.7,4,6,79.20670753090309,34.95,128.07
2025-08-02 19:00:00,여수,223.125,4,6,78.99475115806963,34.74,127.74
2025-08-02 19:00:00,영동,219.825,4,6,78.97414562349928,37.18,128.46
2025-08-02 19:00:00,영흥,210.64000000000001,5,6,77.40582116665726,37.26,126.46
2025-08-02 19:00:00,예천,187.95000000000002,4,6,79.1016659289774,36.65,128.46
2025-08-02 19:00:00,창원,225.97500000000002,4,6,79.54761392405423,35.21,128.58
2025-08-02 19:00:00,탑선,140.425,4,6,78.13641791950101,35.24,126.81
2025-08-02 20:00:00,경상대,,0,6,90.82082914907912,35.18,128.1
2025-08-02 20:00:00,고흥만수상,,0,6,90.44285336108653,34.57,127.3
2025-08-02 20:00:00,광양항세방,,0,6,90.62009401527558,34.93,127.71
2025-08-02 20:00:00,구미,,0,6,90.63820396586257,36.13,128.34
2025-08-02 20:00:00,삼천포,,0,6,90.88564921684446,34.95,128.07
2025-08-02 20:00:00,여수,,0,6,90.71455876379477,34.74,127.74
2025-08-02 20:00:00,영동,,0,6,90.32408570473615,37.18,128.46
2025-08-02 20:00:00,영흥,,0,6,88.81753664652274,37.26,126.46
2025-08-02 20:00:00,예천,,0,6,90.52783623340405,36.65,128.46
2025-08-02 20:00:00,창원,,0,6,91.17168716786522,35.21,128.58
2025-08-02 20:00:00,탑선,,0,6,89.82115041807805,35.24,126.81
2025-08-02 21:00:00,경상대,,0,6,101.74868461469671,35.18,128.1
2025-08-02 21:00:00,고흥만수상,,0,6,101.50543303001072,34.57,127.3
2025-08-02 21:00:00,광양항세방,,0,6,101.60716266780739,34.93,127.71
2025-08-02 21:00:00,구미,,0,6,101.41343307986534,36.13,128.34
2025-08-02 21:00:00,삼천포,,0,6,101.84839675807457,34.95,128.07
2025-08-02 21:00:00,여수,,0,6,101.72704443984402,34.74,127.74
2025-08-02 21:00:00,영동,,0,6,100.9367518442181,37.18,128.46
2025-08-02 21:00:00,영흥,,0,6,99.53796372797412,37.26,126.46
2025-08-02 21:00:00,예천,,0,6,101.21917988647435,36.65,128.46
2025-08-02 21:00:00,창원,,0,6,102.0661516890325,35.21,128.58
2025-08-02 21:00:00,탑선,,0,6,100.81640972505201,35.24,126.81
2025-08-02 22:00:00,경상대,,0,6,111.54113029223669,35.18,128.1
2025-08-02 22:00:00,고흥만수상,,0,6,111.46375498651663,34.57,127.3
2025-08-02 22:00:00,광양항세방,,0,6,111.47363931998912,34.93,127.71
2025-08-02 22:00:00,구미,,0,6,111.03906726995082,36.13,128.34
2025-08-02 22:00:00,삼천포,,0,6,111.67841237919204,34.95,128.07
2025-08-02 22:00:00,여수,,0,6,111.61939423634193,34.74,127.74
2025-08-02 22:00:00,영동,,0,6,110.39043306971409,37.18,128.46
2025-08-02 22:00:00,영흥,,0,6,109.16408191961662,37.26,126.46
2025-08-02 22:00:00,예천,,0,6,110.75406787906772,36.65,128.46
2025-08-02 22:00:00,창원,,0,6,111.80884484380113,35.21,128.58
2025-08-02 22:00:00,탑선,,0,6,110.71826230248654,35.24,126.81
2025-08-02 23:00:00,경상대,,0,6,119.59280650460867,35.18,128.1
2025-08-02 23:00:00,고흥만수상,,0,6,119.7188366875312,34.57,127.3
2025-08-02 23:00:00,광양항세방,,0,6,119.61755359046677,34.93,127.71
2025-08-02 23:00:00,구미,,0,6,118.9151598658049,36.13,128.34
2025-08-02 23:00:00,삼천포,,0,6,119.76873538558755,34.95,128.07
2025-08-02 23:00:00,여수,,0,6,119.7876093176595,34.74,127.74
2025-08-02 23:00:00,영동,,0,6,118.09379886845267,37.18,128.46
2025-08-02 23:00:00,영흥,,0,6,117.12986233505933,37.26,126.46
2025-08-02 23:00:00,예천,,0,6,118.53596999489051,36.65,128.46
2025-08-02 23:00:00,창원,,0,6,119.78788485493709,35.21,128.58
2025-08-02 23:00:00,탑선,,0,6,118.93996010183403,35.24,126.81
2025-08-03 00:00:00,경상대,,0,6,125.09828694279803,35.18,128.1
2025-08-03 00:00:00,고흥만수상,,0,6,125.45830376349238,34.57,127.3
2025-08-03 00:00:00,광양항세방,,0,6,125.23111160899512,34.93,127.71
2025-08-03 00:00:00,구미,,0,6,124.2589069677445,36.13,128.34
2025-08-03 00:00:00,삼천포,,0,6,125.30820328793581,34.95,128.07
2025-08-03 00:00:00,여수,,0,6,125.41864048813801,34.74,127.74
2025-08-03 00:00:00,영동,,0,6,123.29038228592137,37.18,128.46
2025-08-03 00:00:00,영흥,,0,6,122.69738922136241,37.26,126.46
2025-08-03 00:00:00,예천,,0,6,123.79465122497885,36.65,128.46
2025-08-03 00:00:00,창원,,0,6,125.19378313531107,35.21,128.58
2025-08-03 00:00:00,탑선,,0,6,124.69148368530475,35.24,126.81
2025-08-03 01:00:00,경상대,,0,5,127.23494643534673,35.18,128.1
2025-08-03 01:00:00,고흥만수상,,0,5,127.82581936693441,34.57,127.3
2025-08-03 01:00:00,광양항세방,,0,5,127.47709121972764,34.93,127.71
2025-08-03 01:00:00,구미,,0,5,126.28855608990611,36.13,128.34
2025-08-03 01:00:00,삼천포,,0,5,127.464386592182,34.95,128.07
2025-08-03 01:00:00,여수,,0,5,127.66770508504524,34.74,127.74
2025-08-03 01:00:00,영동,,0,5,125.24000033349226,37.18,128.46
2025-08-03 01:00:00,영흥,,0,5,125.10793692552437,37.26,126.46
2025-08-03 01:00:00,예천,,0,5,125.76994648634825,36.65,128.46
2025-08-03 01:00:00,창원,,0,5,127.21091945638476,35.21,128.58
2025-08-03 01:00:00,탑선,,0,5,127.13948286221489,35.24,126.81
2025-08-03 02:00:00,경상대,,0,6,125.59797499375033,35.18,128.1
2025-08-03 02:00:00,고흥만수상,,0,6,126.36619645750748,34.57,127.3
2025-08-03 02:00:00,광양항세방,,0,6,125.9276007315281,34.93,127.71
2025-08-03 02:00:00,구미,,0,6,124.63181663963394,36.13,128.34
2025-08-03 02:00:00,삼천포,,0,6,125.82545553702161,34.95,128.07
2025-08-03 02:00:00,여수,,0,6,126.10323794646914,34.74,127.74
2025-08-03 02:00:00,영동,,0,6,123.59796266780552,37.18,128.46
2025-08-03 02:00:00,영흥,,0,6,123.94388283164143,37.26,126.46
2025-08-03 02:00:00,예천,,0,6,124.10591719601099,36.65,128.46
2025-08-03 02:00:00,창원,,0,6,125.45597797914922,35.21,128.58
2025-08-03 02:00:00,탑선,,0,6,125.82675626354936,35.24,126.81
2025-08-03 03:00:00,경상대,,0,6,120.50252984922567,35.18,128.1
2025-08-03 03:00:00,고흥만수상,,0,6,121.36835239391053,34.57,127.3
2025-08-03 03:00:00,광양항세방,,0,6,120.88449899386418,34.93,127.71
2025-08-03 03:00:00,구미,,0,6,119.59624981795733,36.13,128.34
2025-08-03 03:00:00,삼천포,,0,6,120.7096937923196,34.95,128.07
2025-08-03 03:00:00,여수,,0,6,121.03210522750732,34.74,127.74
2025-08-03 03:00:00,영동,,0,6,118.6574895918453,37.18,128.46
2025-08-03 03:00:00,영흥,,0,6,119.41488261371008,37.26,126.46
2025-08-03 03:00:00,예천,,0,6,119.10545306003716,36.65,128.46
2025-08-03 03:00:00,창원,,0,6,120.26531538985846,35.21,128.58
2025-08-03 03:00:00,탑선,,0,6,121.0074851786699,35.24,126.81
2025-08-03 04:00:00,경상대,,0,5,112.74375487596197,35.18,128.1
2025-08-03 04:00:00,고흥만수상,,0,5,113.63949317329784,34.57,127.3
2025-08-03 04:00:00,광양항세방,,0,5,113.146930043287,34.93,127.71
2025-08-03 04:00:00,구미,,0,5,111.94257947429116,36.13,128.34
2025-08-03 04:00:00,삼천포,,0,5,112.92128347483478,34.95,128.07
2025-08-03 04:00:00,여수,,0,5,113.26189895329405,34.74,127.74
2025-08-03 04:00:00,영동,,0,5,111.14101394188472,37.18,128.46
2025-08-03 04:00:00,영흥,,0,5,112.2068248713818,37.26,126.46
2025-08-03 04:00:00,예천,,0,5,111.51096635963641,36.65,128.46
2025-08-03 04:00:00,창원,,0,5,112.44018544853549,35.21,128.58
2025-08-03 04:00:00,탑선,,0,5,113.45210911690238,35.24,126.81
2025-08-03 05:00:00,경상대,,0,2,103.14649383158056,35.18,128.1
2025-08-03 05:00:00,고흥만수상,,0,2,104.02943918528943,34.57,127.3
2025-08-03 05:00:00,광양항세방,,0,2,103.5504024323877,34.93,127.71
2025-08-03 05:00:00,구미,,0,2,102.46665171641409,36.13,128.34
2025-08-03 05:00:00,삼천포,,0,2,103.29199627572652,34.95,128.07
2025-08-03 05:00:00,여수,,0,2,103.63348720356832,34.74,127.74
2025-08-03 05:00:00,영동,,0,2,101.81447951241915,37.18,128.46
2025-08-03 05:00:00,영흥,,0,2,103.09455565674968,37.26,126.46
2025-08-03 05:00:00,예천,,0,2,102.10294689746006,36.65,128.46
2025-08-03 05:00:00,창원,,0,2,102.80033089942366,35.21,128.58
2025-08-03 05:00:00,탑선,,0,2,103.99396780541399,35.24,126.81
2025-08-03 06:00:00,경상대,,0,4,92.34519657447673,35.18,128.1
2025-08-03 06:00:00,고흥만수상,,0,4,93.19107747693828,34.57,127.3
2025-08-03 06:00:00,광양항세방,,0,4,92.73772088105558,34.93,127.71
2025-08-03 06:00:00,구미,,0,4,91.78934353240676,36.13,128.34
2025-08-03 06:00:00,삼천포,,0,4,92.4591809399485,34.95,128.07
2025-08-03 06:00:00,여수,,0,4,92.79132518348031,34.74,127.74
2025-08-03 06:00:00,영동,,0,4,91.28573959455323,37.18,128.46
2025-08-03 06:00:00,영흥,,0,4,92.70958726653227,37.26,126.46
2025-08-03 06:00:00,예천,,0,4,91.49505265699901,36.65,128.46
2025-08-03 06:00:00,창원,,0,4,91.97303311051675,35.21,128.58
2025-08-03 06:00:00,탑선,,0,4,93.28526074662417,35.24,126.81
2025-08-03 07:00:00,경상대,83.0,2,6,80.77927428776695,35.18,128.1
2025-08-03 07:00:00,고흥만수상,183.65,2,6,81.57290434453031,34.57,127.3
2025-08-03 07:00:00,광양항세방,173.3,2,6,81.15265790997263,34.93,127.71
2025-08-03 07:00:00,구미,162.5,2,6,80.34741298314151,36.13,128.34
2025-08-03 07:00:00,삼천포,83.15,2,6,80.86255948486429,34.95,128.07
2025-08-03 07:00:00,여수,149.9,2,6,81.17884170673548,34.74,127.74
2025-08-03 07:00:00,영동,93.0,3,6,79.9899485863374,37.18,128.46
2025-08-03 07:00:00,영흥,144.2,2,6,81.50742629688038,37.26,126.46
2025-08-03 07:00:00,예천,177.45,2,6,80.122661849285,36.65,128.46
2025-08-03 07:00:00,창원,131.15,2,6,80.39243282911545,35.21,128.58
2025-08-03 07:00:00,탑선,101.94999999999999,2,6,81.7798995949027,35.24,126.81
2025-08-03 08:00:00,경상대,226.16666666666663,6,6,68.75742858329613,35.18,128.1
2025-08-03 08:00:00,고흥만수상,213.76666666666665,6,6,69.48562481131952,34.57,127.3
2025-08-03 08:00:00,광양항세방,178.31666666666663,6,6,69.10509545811026,34.93,127.71
2025-08-03 08:00:00,구미,198.71666666666667,6,6,68.45314050355718,36.13,128.34
2025-08-03 08:00:00,삼천포,246.6833333333333,6,6,68.80978289440736,34.95,128.07
2025-08-03 08:00:00,여수,237.98333333333332,6,6,69.10470536158577,34.74,127.74
2025-08-03 08:00:00,영동,199.38333333333333,6,6,68.24413883626416,37.18,128.46
2025-08-03 08:00:00,영흥,201.1833333333333,6,6,69.81744636228254,37.26,126.46
2025-08-03 08:00:00,예천,209.25,6,6,68.30007058213432,36.65,128.46
2025-08-03 08:00:00,창원,169.8166666666667,6,6,68.36437649855529,35.21,128.58
2025-08-03 08:00:00,탑선,194.44999999999996,6,6,69.79535714961762,35.24,126.81
2025-08-03 09:00:00,경상대,316.59999999999997,6,6,56.52755785372201,35.18,128.1
2025-08-03 09:00:00,고흥만수상,270.0833333333333,6,6,57.17300099832517,34.57,127.3
2025-08-03 09:00:00,광양항세방,291.18333333333334,6,6,56.84129113426443,34.93,127.71
2025-08-03 09:00:00,구미,269.75,6,6,56.36302724793867,36.13,128.34
2025-08-03 09:00:00,삼천포,265.2833333333333,6,6,56.54664135647934,34.95,128.07
2025-08-03 09:00:00,여수,343.4166666666667,6,6,56.81335390566593,34.74,127.74
2025-08-03 09:00:00,영동,259.1666666666667,6,6,56.31460846244331,37.18,128.46
2025-08-03 09:00:00,영흥,267.73333333333335,6,6,57.909204079294454,37.26,126.46
2025-08-03 09:00:00,예천,294.4166666666667,6,6,56.288561439659546,36.65,128.46
2025-08-03 09:00:00,창원,254.66666666666666,6,6,56.13628475487146,35.21,128.58
2025-08-03 09:00:00,탑선,220.0,6,6,57.58251061633282,35.24,126.81
2025-08-03 10:00:00,경상대,319.3333333333333,6,6,44.35782840647845,35.18,128.1
2025-08-03 10:00:00,고흥만수상,426.73333333333335,6,6,44.88997069882196,34.57,127.3
2025-08-03 10:00:00,광양항세방,297.5,6,6,44.623577501249514,34.93,127.71
2025-08-03 10:00:00,구미,224.51666666666665,6,6,44.36161318274095,36.13,128.34
2025-08-03 10:00:00,삼천포,346.6666666666667,6,6,44.33751644258057,34.95,128.07
2025-08-03 10:00:00,여수,441.8833333333334,6,6,44.56429884425723,34.74,127.74
2025-08-03 10:00:00,영동,317.90000000000003,6,6,44.50326616751751,37.18,128.46
2025-08-03 10:00:00,영흥,338.96666666666664,6,6,46.07413750410946,37.26,126.46
2025-08-03 10:00:00,예천,293.31666666666666,6,6,44.3816559251433,36.65,128.46
2025-08-03 10:00:00,창원,315.59999999999997,6,6,43.979328211146026,35.21,128.58
2025-08-03 10:00:00,탑선,328.5333333333333,6,6,45.40437435122011,35.24,126.81
2025-08-03 11:00:00,경상대,484.09999999999997,6,6,32.69905779167474,35.18,128.1
2025-08-03 11:00:00,고흥만수상,410.5333333333333,6,6,33.05268576466706,34.57,127.3
2025-08-03 11:00:00,광양항세방,534.25,6,6,32.88698359696002,34.93,127.71
2025-08-03 11:00:00,구미,475.6499999999999,6,6,32.93236739706727,36.13,128.34
2025-08-03 11:00:00,삼천포,485.8833333333334,6,6,32.625869992692856,34.95,128.07
2025-08-03 11:00:00,여수,422.88333333333327,6,6,32.78772280878936,34.74,127.74
2025-08-03 11:00:00,영동,325.2833333333333,6,6,33.325117576407195,37.18,128.46
2025-08-03 11:00:00,영흥,370.3833333333334,6,6,34.782767908939995,37.26,126.46
2025-08-03 11:00:00,예천,348.24999999999994,6,6,33.080123441627464,36.65,128.46
2025-08-03 11:00:00,창원,439.6499999999999,6,6,32.35624882852681,35.21,128.58
2025-08-03 11:00:00,탑선,359.7166666666667,6,6,33.685975634076,35.24,126.81
2025-08-03 12:00:00,경상대,600.1666666666666,6,6,22.706377978671142,35.18,128.1
2025-08-03 12:00:00,고흥만수상,288.3333333333333,6,6,22.7251317876119,34.57,127.3
2025-08-03 12:00:00,광양항세방,725.5,6,6,22.74408494161733,34.93,127.71
2025-08-03 12:00:00,구미,311.95,6,6,23.28446929588671,36.13,128.34
2025-08-03 12:00:00,삼천포,526.35,6,6,22.554976613955546,34.95,128.07
2025-08-03 12:00:00,여수,631.3666666666667,6,6,22.590541102323428,34.74,127.74
2025-08-03 12:00:00,영동,294.8666666666666,6,6,24.027839109524294,37.18,128.46
2025-08-03 12:00:00,영흥,353.1166666666666,6,6,25.131671005285654,37.26,126.46
2025-08-03 12:00:00,예천,309.2666666666667,6,6,23.618450387402433,36.65,128.46
2025-08-03 12:00:00,창원,399.90000000000003,6,6,22.464596375966778,35.21,128.58
2025-08-03 12:00:00,탑선,260.1666666666667,6,6,23.482022880498633,35.24,126.81
2025-08-03 13:00:00,경상대,582.4499999999999,6,6,17.75279353531039,35.18,128.1
2025-08-03 13:00:00,고흥만수상,483.1499999999999,6,6,17.194098632319907,34.57,127.3
2025-08-03 13:00:00,광양항세방,536.0833333333334,6,6,17.523532395372868,34.93,127.71
2025-08-03 13:00:00,구미,383.68333333333334,6,6,18.693154465115,36.13,128.34
2025-08-03 13:00:00,삼천포,747.25,6,6,17.52442676758848,34.95,128.07
2025-08-03 13:00:00,여수,548.5,6,6,17.332222352451353,34.74,127.74
2025-08-03 13:00:00,영동,342.18333333333334,6,6,19.73940006484453,37.18,128.46
2025-08-03 13:00:00,영흥,310.4833333333333,6,6,19.94390980982834,37.26,126.46
2025-08-03 13:00:00,예천,391.6000000000001,6,6,19.209615769989213,36.65,128.46
2025-08-03 13:00:00,창원,618.5500000000001,6,6,17.76739088159205,35.21,128.58
2025-08-03 13:00:00,탑선,267.4166666666667,6,6,17.904416418753726,35.24,126.81
2025-08-03 14:00:00,경상대,543.2166666666666,6,6,21.700960880533373,35.18,128.1
2025-08-03 14:00:00,고흥만수상,493.54999999999995,6,6,20.815303496624765,34.57,127.3
2025-08-03 14:00:00,광양항세방,465.1166666666666,6,6,21.306502605935492,34.93,127.71
2025-08-03 14:00:00,구미,378.86666666666673,6,6,22.56746613179301,36.13,128.34
2025-08-03 14:00:00,삼천포,655.0333333333334,6,6,21.506562163040485,34.95,128.07
2025-08-03 14:00:00,여수,627.6999999999999,6,6,21.173093277141746,34.74,127.74
2025-08-03 14:00:00,영동,521.1999999999999,6,6,23.4620386810315,37.18,128.46
2025-08-03 14:00:00,영흥,241.16666666666666,6,6,22.628239229079497,37.26,126.46
2025-08-03 14:00:00,예천,506.3666666666666,6,6,23.038505322794606,36.65,128.46
2025-08-03 14:00:00,창원,653.6333333333333,6,6,21.972417082334033,35.21,128.58
2025-08-03 14:00:00,탑선,267.2666666666667,6,6,21.110242056544664,35.24,126.81
2025-08-03 15:00:00,경상대,570.5166666666667,6,6,31.317158763575925,35.18,128.1
2025-08-03 15:00:00,고흥만수상,447.51666666666665,6,6,30.45539249684569,34.57,127.3
2025-08-03 15:00:00,광양항세방,606.2666666666667,6,6,30.919152653752036,34.93,127.71
2025-08-03 15:00:00,구미,410.73333333333335,6,6,31.92912913265627,36.13,128.34
2025-08-03 15:00:00,삼천포,680.1833333333333,6,6,31.19143978440269,34.95,128.07
2025-08-03 15:00:00,여수,583.1333333333333,6,6,30.855099388686874,34.74,127.74
2025-08-03 15:00:00,영동,581.9666666666667,6,6,32.51817820244053,37.18,128.46
2025-08-03 15:00:00,영흥,154.33333333333334,6,6,31.18930890025448,37.26,126.46
2025-08-03 15:00:00,예천,519.9166666666666,6,6,32.26111603280951,36.65,128.46
2025-08-03 15:00:00,창원,707.8000000000001,6,6,31.681030968214813,35.21,128.58
2025-08-03 15:00:00,탑선,201.8166666666667,6,6,30.412807826305837,35.24,126.81
2025-08-03 16:00:00,경상대,546.7833333333333,6,6,42.861601504618726,35.18,128.1
2025-08-03 16:00:00,고흥만수상,403.56666666666666,6,6,42.08666805023858,34.57,127.3
2025-08-03 16:00:00,광양항세방,352.0166666666667,6,6,42.49487415163095,34.93,127.71
2025-08-03 16:00:00,구미,306.76666666666665,6,6,43.26820504342278,36.13,128.34
2025-08-03 16:00:00,삼천포,566.8166666666666,6,6,42.787176342949465,34.95,128.07
2025-08-03 16:00:00,여수,522.6333333333333,6,6,42.47709787010456,34.74,127.74
2025-08-03 16:00:00,영동,461.0833333333334,6,6,43.6169908567152,37.18,128.46
2025-08-03 16:00:00,영흥,124.43333333333334,6,6,42.10308884873506,37.26,126.46
2025-08-03 16:00:00,예천,333.8,6,6,43.48611465016137,36.65,128.46
2025-08-03 16:00:00,창원,537.5500000000001,6,6,43.25094882170898,35.21,128.58
2025-08-03 16:00:00,탑선,144.61666666666665,6,6,41.84976776877321,35.24,126.81
2025-08-03 17:00:00,경상대,368.1333333333334,6,6,55.007429809398985,35.18,128.1
2025-08-03 17:00:00,고흥만수상,261.43333333333334,6,6,54.323043536019846,34.57,127.3
2025-08-03 17:00:00,광양항세방,277.1666666666667,6,6,54.676708490943135,34.93,127.71
2025-08-03 17:00:00,구미,218.3166666666667,6,6,55.25086990325321,36.13,128.34
2025-08-03 17:00:00,삼천포,359.2666666666667,6,6,54.97243399619115,34.95,128.07
2025-08-03 17:00:00,여수,323.2333333333333,6,6,54.69248226530404,34.74,127.74
2025-08-03 17:00:00,영동,234.0833333333333,6,6,55.41140692496332,37.18,128.46
2025-08-03 17:00:00,영흥,111.58333333333333,6,6,53.83001689787205,37.26,126.46
2025-08-03 17:00:00,예천,198.5666666666667,6,6,55.37756876995385,36.65,128.46
2025-08-03 17:00:00,창원,431.56666666666666,6,6,55.40063787817477,35.21,128.58
2025-08-03 17:00:00,탑선,91.46666666666665,6,6,53.95819632572646,35.24,126.81
2025-08-03 18:00:00,경상대,204.96666666666667,6,6,67.25813223197828,35.18,128.1
2025-08-03 18:00:00,고흥만수상,188.61666666666667,6,6,66.66579946405098,34.57,127.3
2025-08-03 18:00:00,광양항세방,142.53333333333333,6,6,66.96551700325487,34.93,127.71
2025-08-03 18:00:00,구미,140.65,6,6,67.35834866264173,36.13,128.34
2025-08-03 18:00:00,삼천포,183.54999999999998,6,6,67.25711085621074,34.95,128.07
2025-08-03 18:00:00,여수,167.0666666666667,6,6,67.0090332152193,34.74,127.74
2025-08-03 18:00:00,영동,151.85,6,6,67.35623603517742,37.18,128.46
2025-08-03 18:00:00,영흥,95.0,6,6,65.76229477958393,37.26,126.46
2025-08-03 18:00:00,예천,135.96666666666667,6,6,67.40500234040952,36.65,128.46
2025-08-03 18:00:00,창원,335.93333333333334,6,6,67.6451999335889,35.21,128.58
2025-08-03 18:00:00,탑선,57.550000000000004,6,6,66.20319248078154,35.24,126.81
2025-08-03 19:00:00,경상대,117.15,4,6,79.33551397801548,35.18,128.1
2025-08-03 19:00:00,고흥만수상,126.6,4,6,78.84207561740399,34.57,127.3
2025-08-03 19:00:00,광양항세방,95.25,4,6,79.08486143570914,34.93,127.71
2025-08-03 19:00:00,구미,114.82499999999999,4,6,79.2980138191921,36.13,128.34
2025-08-03 19:00:00,삼천포,125.4,4,6,79.36673355414949,34.95,128.07
2025-08-03 19:00:00,여수,118.19999999999999,4,6,79.15378560909991,34.74,127.74
2025-08-03 19:00:00,영동,98.57499999999999,4,6,79.14228958432173,37.18,128.46
2025-08-03 19:00:00,영흥,40.38,5,6,77.57294172983386,37.26,126.46
2025-08-03 19:00:00,예천,92.275,4,6,79.26796797995488,36.65,128.46
2025-08-03 19:00:00,창원,165.50000000000003,4,6,79.70893753440195,35.21,128.58
2025-08-03 19:00:00,탑선,56.425,4,6,78.2965892049148,35.24,126.81
2025-08-03 20:00:00,경상대,,0,6,90.99528352259969,35.18,128.1
2025-08-03 20:00:00,고흥만수상,,0,6,90.61452168622505,34.57,127.3
2025-08-03 20:00:00,광양항세방,,0,6,90.79334459545932,34.93,127.71
2025-08-03 20:00:00,구미,,0,6,90.81588383958754,36.13,128.34
2025-08-03 20:00:00,삼천포,,0,6,91.0593445267599,34.95,128.07
2025-08-03 20:00:00,여수,,0,6,90.88723641603868,34.74,127.74
2025-08-03 20:00:00,영동,,0,6,90.50512126093467,37.18,128.46
2025-08-03 20:00:00,영흥,,0,6,88.9968462760958,37.26,126.46
2025-08-03 20:00:00,예천,,0,6,90.70724725236775,36.65,128.46
2025-08-03 20:00:00,창원,,0,6,91.34674558180532,35.21,128.58
2025-08-03 20:00:00,탑선,,0,6,89.99445054464404,35.24,126.81
2025-08-03 21:00:00,경상대,,0,6,101.9414964001273,35.18,128.1
2025-08-03 21:00:00,고흥만수상,,0,6,101.69549317205826,34.57,127.3
2025-08-03 21:00:00,광양항세방,,0,6,101.79876749319888,34.93,127.71
2025-08-03 21:00:00,구미,,0,6,101.60910172561921,36.13,128.34
2025-08-03 21:00:00,삼천포,,0,6,102.04054549673651,34.95,128.07
2025-08-03 21:00:00,여수,,0,6,101.91817127005427,34.74,127.74
2025-08-03 21:00:00,영동,,0,6,101.135315382249,37.18,128.46
2025-08-03 21:00:00,영흥,,0,6,99.73419089299729,37.26,126.46
2025-08-03 21:00:00,예천,,0,6,101.41637009354862,36.65,128.46
2025-08-03 21:00:00,창원,,0,6,102.25969649409602,35.21,128.58
2025-08-03 21:00:00,탑선,,0,6,101.00765267280035,35.24,126.81
2025-08-03 22:00:00,경상대,,0,6,111.75619219393852,35.18,128.1
2025-08-03 22:00:00,고흥만수상,,0,6,111.67626914301827,34.57,127.3
2025-08-03 22:00:00,광양항세방,,0,6,111.6875675828035,34.93,127.71
2025-08-03 22:00:00,구미,,0,6,111.25644214287175,36.13,128.34
2025-08-03 22:00:00,삼천포,,0,6,111.89294688876163,34.95,128.07
2025-08-03 22:00:00,여수,,0,6,111.83296669337902,34.74,127.74
2025-08-03 22:00:00,영동,,0,6,110.61006428511857,37.18,128.46
2025-08-03 22:00:00,영흥,,0,6,109.38096413345806,37.26,126.46
2025-08-03 22:00:00,예천,,0,6,110.97265985802542,36.65,128.46
2025-08-03 22:00:00,창원,,0,6,112.02471655741911,35.21,128.58
2025-08-03 22:00:00,탑선,,0,6,110.93145054760801,35.24,126.81
2025-08-03 23:00:00,경상대,,0,6,119.83140187913733,35.18,128.1
2025-08-03 23:00:00,고흥만수상,,0,6,119.95543922325896,34.57,127.3
2025-08-03 23:00:00,광양항세방,,0,6,119.85524967910416,34.93,127.71
2025-08-03 23:00:00,구미,,0,6,119.15525640238891,36.13,128.34
2025-08-03 23:00:00,삼천포,,0,6,120.00699825064382,34.95,128.07
2025-08-03 23:00:00,여수,,0,6,120.0251066207828,34.74,127.74
2025-08-03 23:00:00,영동,,0,6,118.33527325923824,37.18,128.46
2025-08-03 23:00:00,영흥,,0,6,117.36868160481528,37.26,126.46
2025-08-03 23:00:00,예천,,0,6,118.77684150832687,36.65,128.46
2025-08-03 23:00:00,창원,,0,6,120.02722708538414,35.21,128.58
2025-08-03 23:00:00,탑선,,0,6,119.1767034540601,35.24,126.81
2025-08-04 00:00:00,경상대,,0,6,125.3556205401062,35.18,128.1
2025-08-04 00:00:00,고흥만수상,,0,6,125.71466416482781,34.57,127.3
2025-08-04 00:00:00,광양항세방,,0,6,125.4880013363391,34.93,127.71
2025-08-04 00:00:00,구미,,0,6,124.51677587775097,36.13,128.34
2025-08-04 00:00:00,삼천포,,0,6,125.56542578069258,34.95,128.07
2025-08-04 00:00:00,여수,,0,6,125.67548357031512,34.74,127.74
2025-08-04 00:00:00,영동,,0,6,123.54868410902951,37.18,128.46
2025-08-04 00:00:00,영흥,,0,6,122.95408235981651,37.26,126.46
2025-08-04 00:00:00,예천,,0,6,124.05278636920323,36.65,128.46
2025-08-04 00:00:00,창원,,0,6,125.45154143131481,35.21,128.58
2025-08-04 00:00:00,탑선,,0,6,124.9476595241945,35.24,126.81
2025-08-04 01:00:00,경상대,,0,5,127.49746027820187,35.18,128.1
2025-08-04 01:00:00,고흥만수상,,0,5,128.08853164280552,34.57,127.3
2025-08-04 01:00:00,광양항세방,,0,5,127.73970789022022,34.93,127.71
2025-08-04 01:00:00,구미,,0,5,126.5509965534834,36.13,128.34
2025-08-04 01:00:00,삼천포,,0,5,127.7269101983353,34.95,128.07
2025-08-04 01:00:00,여수,,0,5,127.93031598380465,34.74,127.74
2025-08-04 01:00:00,영동,,0,5,125.50240087620006,37.18,128.46
2025-08-04 01:00:00,영흥,,0,5,125.37076891960672,37.26,126.46
2025-08-04 01:00:00,예천,,0,5,126.0323493335957,36.65,128.46
2025-08-04 01:00:00,창원,,0,5,127.47329147367795,35.21,128.58
2025-08-04 01:00:00,탑선,,0,5,127.40228028870212,35.24,126.81
2025-08-04 02:00:00,경상대,,0,6,125.84756245729757,35.18,128.1
2025-08-04 02:00:00,고흥만수상,,0,6,126.61660136985857,34.57,127.3
2025-08-04 02:00:00,광양항세방,,0,6,126.17760882819408,34.93,127.71
2025-08-04 02:00:00,구미,,0,6,124.88155475343865,36.13,128.34
2025-08-04 02:00:00,삼천포,,0,6,126.07496729171376,34.95,128.07
2025-08-04 02:00:00,여수,,0,6,126.3531095077133,34.74,127.74
2025-08-04 02:00:00,영동,,0,6,123.84806282153578,37.18,128.46
2025-08-04 02:00:00,영흥,,0,6,124.19652823478623,37.26,126.46
2025-08-04 02:00:00,예천,,0,6,124.35575461494625,36.65,128.46
2025-08-04 02:00:00,창원,,0,6,125.70490050876447,35.21,128.58
2025-08-04 02:00:00,탑선,,0,6,126.07813295613127,35.24,126.81
2025-08-04 03:00:00,경상대,,0,6,120.72631666530398,35.18,128.1
2025-08-04 03:00:00,고흥만수상,,0,6,121.5927854298823,34.57,127.3
2025-08-04 03:00:00,광양항세방,,0,6,121.10866733280045,34.93,127.71
2025-08-04 03:00:00,구미,,0,6,119.82100237144142,36.13,128.34
2025-08-04 03:00:00,삼천포,,0,6,120.93318924496049,34.95,128.07
2025-08-04 03:00:00,여수,,0,6,121.25592821920272,34.74,127.74
2025-08-04 03:00:00,영동,,0,6,118.88355363482323,37.18,128.46
2025-08-04 03:00:00,영흥,,0,6,119.64464378838036,37.26,126.46
2025-08-04 03:00:00,예천,,0,6,119.33074813935914,36.65,128.46
2025-08-04 03:00:00,창원,,0,6,120.48821601485503,35.21,128.58
2025-08-04 03:00:00,탑선,,0,6,121.23384763303973,35.24,126.81
2025-08-04 04:00:00,경상대,,0,6,112.93823684410687,35.18,128.1
2025-08-04 04:00:00,고흥만수상,,0,6,113.8340432939004,34.57,127.3
2025-08-04 04:00:00,광양항세방,,0,6,113.34155539861439,34.93,127.71
2025-08-04 04:00:00,구미,,0,6,112.13889129293023,36.13,128.34
2025-08-04 04:00:00,삼천포,,0,6,113.11526378009032,34.95,128.07
2025-08-04 04:00:00,여수,,0,6,113.45600517645636,34.74,127.74
2025-08-04 04:00:00,영동,,0,6,111.33957596241385,37.18,128.46
2025-08-04 04:00:00,영흥,,0,6,112.40919545159133,37.26,126.46
2025-08-04 04:00:00,예천,,0,6,111.70828803902577,36.65,128.46
2025-08-04 04:00:00,창원,,0,6,112.63382500281021,35.21,128.58
2025-08-04 04:00:00,탑선,,0,6,113.6492094790473,35.24,126.81
2025-08-04 05:00:00,경상대,,0,6,103.3144165353005,35.18,128.1
2025-08-04 05:00:00,고흥만수상,,0,6,104.19679825448695,34.57,127.3
2025-08-04 05:00:00,광양항세방,,0,6,103.71819189433862,34.93,127.71
2025-08-04 05:00:00,구미,,0,6,102.63708494200053,36.13,128.34
2025-08-04 05:00:00,삼천포,,0,6,103.45926114012599,34.95,128.07
2025-08-04 05:00:00,여수,,0,6,103.80064416332175,34.74,127.74
2025-08-04 05:00:00,영동,,0,6,101.98787687752946,37.18,128.46
2025-08-04 05:00:00,영흥,,0,6,103.27129925297768,37.26,126.46
2025-08-04 05:00:00,예천,,0,6,102.27475975624523,36.65,128.46
2025-08-04 05:00:00,창원,,0,6,102.9675738531749,35.21,128.58
2025-08-04 05:00:00,탑선,,0,6,104.16417390946168,35.24,126.81
2025-08-04 06:00:00,경상대,,0,6,92.49171314347294,35.18,128.1
2025-08-04 06:00:00,고흥만수상,,0,6,93.33645179844585,34.57,127.3
2025-08-04 06:00:00,광양항세방,,0,6,92.88384403676739,34.93,127.71
2025-08-04 06:00:00,구미,,0,6,91.9388978028778,36.13,128.34
2025-08-04 06:00:00,삼천포,,0,6,92.60492366025461,34.95,128.07
2025-08-04 06:00:00,여수,,0,6,92.93674054131877,34.74,127.74
2025-08-04 06:00:00,영동,,0,6,91.43879618652083,37.18,128.46
2025-08-04 06:00:00,영흥,,0,6,92.86531856609835,37.26,126.46
2025-08-04 06:00:00,예천,,0,6,91.64627383377128,36.65,128.46
2025-08-04 06:00:00,창원,,0,6,92.11906308256488,35.21,128.58
2025-08-04 06:00:00,탑선,,0,6,93.43360850799158,35.24,126.81
2025-08-04 07:00:00,경상대,175.25,2,4,80.91011633670736,35.18,128.1
2025-08-04 07:00:00,고흥만수상,102.35,2,4,81.70205046607789,34.57,127.3
2025-08-04 07:00:00,광양항세방,143.35,2,4,81.28285502560708,34.93,127.71
2025-08-04 07:00:00,구미,112.80000000000001,2,4,80.48176836016059,36.13,128.34
2025-08-04 07:00:00,삼천포,169.05,2,4,80.99252444350661,34.95,128.07
2025-08-04 07:00:00,여수,169.60000000000002,2,4,81.3082674143,34.74,127.74
2025-08-04 07:00:00,영동,133.5,2,4,80.12828196293778,37.18,128.46
2025-08-04 07:00:00,영흥,58.05,2,4,81.64769223510103,37.26,126.46
2025-08-04 07:00:00,예천,142.1,2,4,80.25894250712055,36.65,128.46
2025-08-04 07:00:00,창원,206.45,2,4,80.5229875655547,35.21,128.58
2025-08-04 07:00:00,탑선,119.45,2,4,81.91209452200567,35.24,126.81
2025-08-04 08:00:00,경상대,319.9166666666667,6,6,68.8786433764343,35.18,128.1
2025-08-04 08:00:00,고흥만수상,188.26666666666665,6,6,69.60453607578734,34.57,127.3
2025-08-04 08:00:00,광양항세방,245.61666666666667,6,6,69.22538914480586,34.93,127.71
2025-08-04 08:00:00,구미,303.3,6,6,68.57839406642732,36.13,128.34
2025-08-04 08:00:00,삼천포,302.8,6,6,68.93000536831289,34.95,128.07
2025-08-04 08:00:00,여수,266.5333333333333,6,6,69.22415592722412,34.74,127.74
2025-08-04 08:00:00,영동,178.76666666666665,6,6,68.3738872270079,37.18,128.46
2025-08-04 08:00:00,영흥,213.21666666666667,6,6,69.94829744183254,37.26,126.46
2025-08-04 08:00:00,예천,173.79999999999998,6,6,68.42753204950381,36.65,128.46
2025-08-04 08:00:00,창원,285.2,6,6,68.48552177202714,35.21,128.58
2025-08-04 08:00:00,탑선,159.66666666666666,6,6,69.91740658938369,35.24,126.81
2025-08-04 09:00:00,경상대,371.15000000000003,6,6,56.646227870599255,35.18,128.1
2025-08-04 09:00:00,고흥만수상,216.35000000000002,6,6,57.28859122826905,34.57,127.3
2025-08-04 09:00:00,광양항세방,372.6166666666666,6,6,56.958687530957526,34.93,127.71
2025-08-04 09:00:00,구미,369.40000000000003,6,6,56.486405674716856,36.13,128.34
2025-08-04 09:00:00,삼천포,452.63333333333327,6,6,56.66417001044699,34.95,128.07
2025-08-04 09:00:00,여수,326.3,6,6,56.92981317841417,34.74,127.74
2025-08-04 09:00:00,영동,239.26666666666665,6,6,56.4431230736294,37.18,128.46
2025-08-04 09:00:00,영흥,448.8,6,6,58.037764674049015,37.26,126.46
2025-08-04 09:00:00,예천,203.35,6,6,56.414501913283296,36.65,128.46
2025-08-04 09:00:00,창원,366.51666666666665,6,6,56.25516240143487,35.21,128.58
2025-08-04 09:00:00,탑선,206.08333333333334,6,6,57.70136430861618,35.24,126.81
2025-08-04 10:00:00,경상대,597.4833333333332,6,6,44.48389964174728,35.18,128.1
2025-08-04 10:00:00,고흥만수상,219.28333333333333,6,6,45.01184646868899,34.57,127.3
2025-08-04 10:00:00,광양항세방,344.8,6,6,44.74786632134149,34.93,127.71
2025-08-04 10:00:00,구미,407.09999999999997,6,6,44.49327800345704,36.13,128.34
2025-08-04 10:00:00,삼천포,436.9166666666667,6,6,44.46224776057962,34.95,128.07
2025-08-04 10:00:00,여수,370.0833333333333,6,6,44.68752956616992,34.74,127.74
2025-08-04 10:00:00,영동,240.93333333333337,6,6,44.64086105949889,37.18,128.46
2025-08-04 10:00:00,영흥,632.1,6,6,46.21018163655799,37.26,126.46
2025-08-04 10:00:00,예천,262.90000000000003,6,6,44.516335832546844,36.65,128.46
2025-08-04 10:00:00,창원,440.95,6,6,44.106030475501235,35.21,128.58
2025-08-04 10:00:00,탑선,244.46666666666667,6,6,45.52962850705619,35.24,126.81
2025-08-04 11:00:00,경상대,579.5666666666666,6,6,32.84930223358359,35.18,128.1
2025-08-04 11:00:00,고흥만수상,454.34999999999997,6,6,33.197102228949376,34.57,127.3
2025-08-04 11:00:00,광양항세방,490.3333333333333,6,6,33.03469076565316,34.93,127.71
2025-08-04 11:00:00,구미,655.0666666666667,6,6,33.0891408320709,36.13,128.34
2025-08-04 11:00:00,삼천포,525.3166666666666,6,6,32.77456660387362,34.95,128.07
2025-08-04 11:00:00,여수,326.71666666666664,6,6,32.93427223336081,34.74,127.74
2025-08-04 11:00:00,영동,572.9333333333333,6,6,33.48846760912654,37.18,128.46
2025-08-04 11:00:00,영흥,733.7666666666668,6,6,34.941855511876575,37.26,126.46
2025-08-04 11:00:00,예천,236.4333333333333,6,6,33.24034177842516,36.65,128.46
2025-08-04 11:00:00,창원,475.4666666666667,6,6,32.50786366338049,35.21,128.58
2025-08-04 11:00:00,탑선,164.01666666666668,6,6,33.83358122286632,35.24,126.81
2025-08-04 12:00:00,경상대,318.4833333333333,6,6,22.909703103693474,35.18,128.1
2025-08-04 12:00:00,고흥만수상,525.8333333333334,6,6,22.921427034359127,34.57,127.3
2025-08-04 12:00:00,광양항세방,583.2333333333332,6,6,22.944282678655696,34.93,127.71
2025-08-04 12:00:00,구미,458.6666666666666,6,6,23.493554974739396,36.13,128.34
2025-08-04 12:00:00,삼천포,426.9166666666667,6,6,22.756955031851575,34.95,128.07
2025-08-04 12:00:00,여수,594.4499999999999,6,6,22.78984195965046,34.74,127.74
2025-08-04 12:00:00,영동,573.5833333333334,6,6,24.242081995818666,37.18,128.46
2025-08-04 12:00:00,영흥,830.1999999999999,6,6,25.33812264621976,37.26,126.46
2025-08-04 12:00:00,예천,388.7,6,6,23.830416240408525,36.65,128.46
2025-08-04 12:00:00,창원,271.3,6,6,22.670299513169837,35.21,128.58
2025-08-04 12:00:00,탑선,273.3333333333333,6,6,23.679818384986334,35.24,126.81
2025-08-04 13:00:00,경상대,625.85,6,6,18.016173747896048,35.18,128.1
2025-08-04 13:00:00,고흥만수상,835.85,6,6,17.455943277203502,34.57,127.3
2025-08-04 13:00:00,광양항세방,773.5666666666666,6,6,17.786239446428667,34.93,127.71
2025-08-04 13:00:00,구미,287.8166666666667,6,6,18.95694077606892,36.13,128.34
2025-08-04 13:00:00,삼천포,455.7833333333333,6,6,17.787737959129018,34.95,128.07
2025-08-04 13:00:00,여수,664.4333333333334,6,6,17.594952683770217,34.74,127.74
2025-08-04 13:00:00,영동,370.3999999999999,6,6,20.003381136886546,37.18,128.46
2025-08-04 13:00:00,영흥,874.8666666666667,6,6,20.204813738670822,37.26,126.46
2025-08-04 13:00:00,예천,746.9500000000002,6,6,19.473574734108993,36.65,128.46
2025-08-04 13:00:00,창원,513.9166666666666,6,6,18.031435683842574,35.21,128.58
2025-08-04 13:00:00,탑선,309.66666666666663,6,6,18.165402605582045,35.24,126.81
2025-08-04 14:00:00,경상대,724.9399999999999,5,5,21.936113871925443,35.18,128.1
2025-08-04 14:00:00,고흥만수상,758.6,5,5,21.051271577290947,34.57,127.3
2025-08-04 14:00:00,광양항세방,864.9399999999999,5,5,21.542209856371855,34.93,127.71
2025-08-04 14:00:00,구미,268.24,5,5,22.805037993149554,36.13,128.34
2025-08-04 14:00:00,삼천포,628.24,5,5,21.740984343989126,34.95,128.07
2025-08-04 14:00:00,여수,699.94,5,5,21.407990931159986,34.74,127.74
2025-08-04 14:00:00,영동,195.71999999999997,5,5,23.702471193054066,37.18,128.46
2025-08-04 14:00:00,영흥,849.68,5,5,22.875046864395912,37.26,126.46
2025-08-04 14:00:00,예천,769.96,5,5,23.277337275463623,36.65,128.46
2025-08-04 14:00:00,창원,554.1,5,5,22.205903045270844,35.21,128.58
2025-08-04 14:00:00,탑선,326.84000000000003,5,5,21.350339500334997,35.24,126.81
2025-08-04 15:00:00,경상대,826.6999999999999,6,6,31.505054741639434,35.18,128.1
2025-08-04 15:00:00,고흥만수상,612.5333333333333,6,6,30.64173472306154,34.57,127.3
2025-08-04 15:00:00,광양항세방,592.7833333333334,6,6,31.106564480011706,34.93,127.71
2025-08-04 15:00:00,구미,295.45000000000005,6,6,32.121650686606856,36.13,128.34
2025-08-04 15:00:00,삼천포,721.3166666666667,6,6,31.378109607077178,34.95,128.07
2025-08-04 15:00:00,여수,831.8499999999999,6,6,31.041354991474137,34.74,127.74
2025-08-04 15:00:00,영동,283.18333333333334,6,6,32.71584287736826,37.18,128.46
2025-08-04 15:00:00,영흥,786.65,6,6,31.392078438150115,37.26,126.46
2025-08-04 15:00:00,예천,723.1833333333334,6,6,32.45608624708419,36.65,128.46
2025-08-04 15:00:00,창원,415.23333333333335,6,6,31.86798055622163,35.21,128.58
2025-08-04 15:00:00,탑선,511.16666666666674,6,6,30.60416424424246,35.24,126.81
2025-08-04 16:00:00,경상대,384.1333333333334,6,6,43.025637213978285,35.18,128.1
2025-08-04 16:00:00,고흥만수상,607.9333333333333,6,6,42.24827313588586,34.57,127.3
2025-08-04 16:00:00,광양항세방,643.3,6,6,42.65798208223625,34.93,127.71
2025-08-04 16:00:00,구미,363.4666666666667,6,6,43.43689880294953,36.13,128.34
2025-08-04 16:00:00,삼천포,662.0833333333334,6,6,42.950034807751415,34.95,128.07
2025-08-04 16:00:00,여수,703.8166666666667,6,6,42.6391698390333,34.74,127.74
2025-08-04 16:00:00,영동,285.1166666666667,6,6,43.79081234340409,37.18,128.46
2025-08-04 16:00:00,영흥,662.4499999999999,6,6,42.27950067218498,37.26,126.46
2025-08-04 16:00:00,예천,606.0666666666666,6,6,43.65730775777724,36.65,128.46
2025-08-04 16:00:00,창원,488.23333333333335,6,6,43.414677297795386,35.21,128.58
2025-08-04 16:00:00,탑선,356.8666666666666,6,6,42.01544483156506,35.24,126.81
2025-08-04 17:00:00,경상대,392.51666666666665,6,6,55.163452698698315,35.18,128.1
2025-08-04 17:00:00,고흥만수상,543.4,6,6,54.47639567783902,34.57,127.3
2025-08-04 17:00:00,광양항세방,534.2833333333334,6,6,54.83165363918659,34.93,127.71
2025-08-04 17:00:00,구미,314.6166666666667,6,6,55.411162226540064,36.13,128.34
2025-08-04 17:00:00,삼천포,502.58333333333326,6,6,55.12740551614678,34.95,128.07
2025-08-04 17:00:00,여수,569.5833333333334,6,6,54.84654273763304,34.74,127.74
2025-08-04 17:00:00,영동,213.89999999999998,6,6,55.576353766188525,37.18,128.46
2025-08-04 17:00:00,영흥,505.7,6,6,53.995895158091216,37.26,126.46
2025-08-04 17:00:00,예천,513.6666666666667,6,6,55.5401644924763,36.65,128.46
2025-08-04 17:00:00,창원,244.23333333333335,6,6,55.5567140795731,35.21,128.58
2025-08-04 17:00:00,탑선,322.51666666666665,6,6,54.114769566057795,35.24,126.81
2025-08-04 18:00:00,경상대,390.6,4,4,67.41567688881727,35.18,128.1
2025-08-04 18:00:00,고흥만수상,277.325,4,4,66.82059875534031,34.57,127.3
2025-08-04 18:00:00,광양항세방,368.15000000000003,4,4,67.12192007798642,34.93,127.71
2025-08-04 18:00:00,구미,313.45,4,4,67.51978403347283,36.13,128.34
2025-08-04 18:00:00,삼천포,388.34999999999997,4,4,67.41371418043116,34.95,128.07
2025-08-04 18:00:00,여수,364.225,4,4,67.1646723740992,34.74,127.74
2025-08-04 18:00:00,영동,225.95,4,4,67.5218621790367,37.18,128.46
2025-08-04 18:00:00,영흥,266.45,4,4,65.92774601132837,37.26,126.46
2025-08-04 18:00:00,예천,386.54999999999995,4,4,67.56853901194316,36.65,128.46
2025-08-04 18:00:00,창원,246.5,4,4,67.80302658549864,35.21,128.58
2025-08-04 18:00:00,탑선,252.97500000000002,4,4,66.36058220422194,35.24,126.81
2025-08-04 19:00:00,경상대,249.0,3,5,79.50121551665578,35.18,128.1
2025-08-04 19:00:00,고흥만수상,120.83333333333333,3,5,79.00499043415688,34.57,127.3
2025-08-04 19:00:00,광양항세방,210.23333333333335,3,5,79.24937963604397,34.93,127.71
2025-08-04 19:00:00,구미,169.5,3,5,79.4672846783323,36.13,128.34
2025-08-04 19:00:00,삼천포,223.33333333333334,3,5,79.53158365993424,34.95,128.07
2025-08-04 19:00:00,여수,244.3666666666667,3,5,79.31763616565887,34.74,127.74
2025-08-04 19:00:00,영동,192.0,3,5,79.31534734351268,37.18,128.46
2025-08-04 19:00:00,영흥,119.77499999999999,4,5,77.74498600014087,37.26,126.46
2025-08-04 19:00:00,예천,178.6,3,5,79.43916295754485,36.65,128.46
2025-08-04 19:00:00,창원,113.16666666666667,3,5,79.87509476933494,35.21,128.58
2025-08-04 19:00:00,탑선,225.29999999999998,3,5,78.46160093418034,35.24,126.81
2025-08-04 20:00:00,경상대,,0,6,91.17456972106851,35.18,128.1
2025-08-04 20:00:00,고흥만수상,,0,6,90.79099505433777,34.57,127.3
2025-08-04 20:00:00,광양항세방,,0,6,90.97141591905618,34.93,127.71
2025-08-04 20:00:00,구미,,0,6,90.9984332161753,36.13,128.34
2025-08-04 20:00:00,삼천포,,0,6,91.23786240012811,34.95,128.07
2025-08-04 20:00:00,여수,,0,6,91.06472723339266,34.74,127.74
2025-08-04 20:00:00,영동,,0,6,90.69106588155643,37.18,128.46
2025-08-04 20:00:00,영흥,,0,6,89.18106359904533,37.26,126.46
2025-08-04 20:00:00,예천,,0,6,90.89154774432427,36.65,128.46
2025-08-04 20:00:00,창원,,0,6,91.52663841623881,35.21,128.58
2025-08-04 20:00:00,탑선,,0,6,90.17258152166713,35.24,126.81
2025-08-04 21:00:00,경상대,,0,6,102.13921795709135,35.18,128.1
2025-08-04 21:00:00,고흥만수상,,0,6,101.89043531003837,34.57,127.3
2025-08-04 21:00:00,광양항세방,,0,6,101.99527033238124,34.93,127.71
2025-08-04 21:00:00,구미,,0,6,101.80971418084769,36.13,128.34
2025-08-04 21:00:00,삼천포,,0,6,102.23759573448717,34.95,128.07
2025-08-04 21:00:00,여수,,0,6,102.11418960176405,34.74,127.74
2025-08-04 21:00:00,영동,,0,6,101.33885742093355,37.18,128.46
2025-08-04 21:00:00,영흥,,0,6,99.93538591210458,37.26,126.46
2025-08-04 21:00:00,예천,,0,6,101.61852195715001,36.65,128.46
2025-08-04 21:00:00,창원,,0,6,102.4581558216015,35.21,128.58
2025-08-04 21:00:00,탑선,,0,6,101.2037978391281,35.24,126.81
2025-08-04 22:00:00,경상대,,0,6,111.97629943286877,35.18,128.1
2025-08-04 22:00:00,고흥만수상,,0,6,111.89380425801063,34.57,127.3
2025-08-04 22:00:00,광양항세방,,0,6,111.90653071936994,34.93,127.71
2025-08-04 22:00:00,구미,,0,6,111.47888807759945,36.13,128.34
2025-08-04 22:00:00,삼천포,,0,6,112.11252051146087,34.95,128.07
2025-08-04 22:00:00,여수,,0,6,112.0515693180869,34.74,127.74
2025-08-04 22:00:00,영동,,0,6,110.83479157832153,37.18,128.46
2025-08-04 22:00:00,영흥,,0,6,109.60292719598378,37.26,126.46
2025-08-04 22:00:00,예천,,0,6,111.19633608140228,36.65,128.46
2025-08-04 22:00:00,창원,,0,6,112.2456392269578,35.21,128.58
2025-08-04 22:00:00,탑선,,0,6,111.1496726597915,35.24,126.81
2025-08-04 23:00:00,경상대,,0,6,120.07517064284703,35.18,128.1
2025-08-04 23:00:00,고흥만수상,,0,6,120.19720320057473,34.57,127.3
2025-08-04 23:00:00,광양항세방,,0,6,120.09811413268324,34.93,127.71
2025-08-04 23:00:00,구미,,0,6,119.40053684123303,36.13,128.34
2025-08-04 23:00:00,삼천포,,0,6,120.25043185826105,34.95,128.07
2025-08-04 23:00:00,여수,,0,6,120.26777029146658,34.74,127.74
2025-08-04 23:00:00,영동,,0,6,118.58194074894773,37.18,128.46
2025-08-04 23:00:00,영흥,,0,6,117.61268708385818,37.26,126.46
2025-08-04 23:00:00,예천,,0,6,119.02290191032516,36.65,128.46
2025-08-04 23:00:00,창원,,0,6,120.27174559284244,35.21,128.58
2025-08-04 23:00:00,탑선,,0,6,119.41861316876637,35.24,126.81
2025-08-05 00:00:00,경상대,,0,6,125.61808520570983,35.18,128.1
2025-08-05 00:00:00,고흥만수상,,0,6,125.97616825411359,34.57,127.3
2025-08-05 00:00:00,광양항세방,,0,6,125.75002834639388,34.93,127.71
2025-08-05 00:00:00,구미,,0,6,124.77976808097264,36.13,128.34
2025-08-05 00:00:00,삼천포,,0,6,125.8277807381133,34.95,128.07
2025-08-05 00:00:00,여수,,0,6,125.937464305779,34.74,127.74
2025-08-05 00:00:00,영동,,0,6,123.81210213734246,37.18,128.46
2025-08-05 00:00:00,영흥,,0,6,123.21591887978437,37.26,126.46
2025-08-05 00:00:00,예천,,0,6,124.316040442361,36.65,128.46
2025-08-05 00:00:00,창원,,0,6,125.71442386401856,35.21,128.58
2025-08-05 00:00:00,탑선,,0,6,125.20898237057712,35.24,126.81
2025-08-05 01:00:00,경상대,,0,5,127.76465938157125,35.18,128.1
2025-08-05 01:00:00,고흥만수상,,0,5,128.35596650481625,34.57,127.3
2025-08-05 01:00:00,광양항세방,,0,5,128.00702798119767,34.93,127.71
2025-08-05 01:00:00,구미,,0,5,126.81811051503445,36.13,128.34
2025-08-05 01:00:00,삼천포,,0,5,127.99412068138506,34.95,128.07
2025-08-05 01:00:00,여수,,0,5,128.19762920782,34.74,127.74
2025-08-05 01:00:00,영동,,0,5,125.7694689092514,37.18,128.46
2025-08-05 01:00:00,영흥,,0,5,125.63835313455091,37.26,126.46
2025-08-05 01:00:00,예천,,0,5,126.29941994387326,36.65,128.46
2025-08-05 01:00:00,창원,,0,5,127.74032638709997,35.21,128.58
2025-08-05 01:00:00,탑선,,0,5,127.6698204355388,35.24,126.81
2025-08-05 02:00:00,경상대,,0,5,126.10094192121765,35.18,128.1
2025-08-05 02:00:00,고흥만수상,,0,5,126.8708365815339,34.57,127.3
2025-08-05 02:00:00,광양항세방,,0,5,126.43142873429461,34.93,127.71
2025-08-05 02:00:00,구미,,0,5,125.1350956009999,36.13,128.34
2025-08-05 02:00:00,삼천포,,0,5,126.32826650861276,34.95,128.07
2025-08-05 02:00:00,여수,,0,5,126.60678545612242,34.74,127.74
2025-08-05 02:00:00,영동,,0,5,124.10198699363559,37.18,128.46
2025-08-05 02:00:00,영흥,,0,5,124.45312676283454,37.26,126.46
2025-08-05 02:00:00,예천,,0,5,124.60940141298431,36.65,128.46
2025-08-05 02:00:00,창원,,0,5,125.9575828459263,35.21,128.58
2025-08-05 02:00:00,탑선,,0,5,126.3333912828707,35.24,126.81
2025-08-05 03:00:00,경상대,,0,6,120.9528468313075,35.18,128.1
2025-08-05 03:00:00,고흥만수상,,0,6,121.81997814322693,34.57,127.3
2025-08-05 03:00:00,광양항세방,,0,6,121.33558972058528,34.93,127.71
2025-08-05 03:00:00,구미,,0,6,120.04854081584857,36.13,128.34
2025-08-05 03:00:00,삼천포,,0,6,121.15941572377992,34.95,128.07
2025-08-05 03:00:00,여수,,0,6,121.48249142482513,34.74,127.74
2025-08-05 03:00:00,영동,,0,6,119.11245874081641,37.18,128.46
2025-08-05 03:00:00,영흥,,0,6,119.87737762011166,37.26,126.46
2025-08-05 03:00:00,예천,,0,6,119.55885275872897,36.65,128.46
2025-08-05 03:00:00,창원,,0,6,120.71382990401148,35.21,128.58
2025-08-05 03:00:00,탑선,,0,6,121.46304382425015,35.24,126.81
2025-08-05 04:00:00,경상대,,0,6,113.13456915408227,35.18,128.1
2025-08-05 04:00:00,고흥만수상,,0,6,114.03043512064043,34.57,127.3
2025-08-05 04:00:00,광양항세방,,0,6,113.53803063407344,34.93,127.71
2025-08-05 04:00:00,구미,,0,6,112.33711811915508,36.13,128.34
2025-08-05 04:00:00,삼천포,,0,6,113.31107717888614,34.95,128.07
2025-08-05 04:00:00,여수,,0,6,113.65194420861418,34.74,127.74
2025-08-05 04:00:00,영동,,0,6,111.54013032209605,37.18,128.46
2025-08-05 04:00:00,영흥,,0,6,112.61366399809052,37.26,126.46
2025-08-05 04:00:00,예천,,0,6,111.9075602408434,36.65,128.46
2025-08-05 04:00:00,창원,,0,6,112.82929314618218,35.21,128.58
2025-08-05 04:00:00,탑선,,0,6,113.84823143552259,35.24,126.81
2025-08-05 05:00:00,경상대,,0,5,103.4835596145966,35.18,128.1
2025-08-05 05:00:00,고흥만수상,,0,5,104.36535051056713,34.57,127.3
2025-08-05 05:00:00,광양항세방,,0,5,103.88719261121494,34.93,127.71
2025-08-05 05:00:00,구미,,0,5,102.80881428405144,36.13,128.34
2025-08-05 05:00:00,삼천포,,0,5,103.62772699684555,34.95,128.07
2025-08-05 05:00:00,여수,,0,5,103.9689945046071,34.74,127.74
2025-08-05 05:00:00,영동,,0,5,102.16265789966789,37.18,128.46
2025-08-05 05:00:00,영흥,,0,5,103.4494999569522,37.26,126.46
2025-08-05 05:00:00,예천,,0,5,102.44791024856274,36.65,128.46
2025-08-05 05:00:00,창원,,0,5,103.13602405280741,35.21,128.58
2025-08-05 05:00:00,탑선,,0,5,104.33564935423809,35.24,126.81
2025-08-05 06:00:00,경상대,,0,6,92.63906578973435,35.18,128.1
2025-08-05 06:00:00,고흥만수상,,0,6,93.48262195486798,34.57,127.3
2025-08-05 06:00:00,광양항세방,,0,6,93.03078787641019,34.93,127.71
2025-08-05 06:00:00,구미,,0,6,92.0893692883739,36.13,128.34
2025-08-05 06:00:00,삼천포,,0,6,92.75148224286055,34.95,128.07
2025-08-05 06:00:00,여수,,0,6,93.08295885603918,34.74,127.74
2025-08-05 06:00:00,영동,,0,6,91.59286178824136,37.18,128.46
2025-08-05 06:00:00,영흥,,0,6,93.02210325331781,37.26,126.46
2025-08-05 06:00:00,예천,,0,6,91.79845667626188,36.65,128.46
2025-08-05 06:00:00,창원,,0,6,92.26592320273915,35.21,128.58
2025-08-05 06:00:00,탑선,,0,6,93.58282200006023,35.24,126.81
2025-08-05 07:00:00,경상대,153.89999999999998,2,6,81.0416173823995,35.18,128.1
2025-08-05 07:00:00,고흥만수상,125.85,2,6,81.83180460233676,34.57,127.3
2025-08-05 07:00:00,광양항세방,97.0,2,6,81.41369053671258,34.93,127.71
2025-08-05 07:00:00,구미,186.64999999999998,2,6,80.61686781959997,36.13,128.34
2025-08-05 07:00:00,삼천포,177.55,2,6,81.12312761965015,34.95,128.07
2025-08-05 07:00:00,여수,127.25,2,6,81.4383140403367,34.74,127.74
2025-08-05 07:00:00,영동,64.15,2,6,80.26745393849932,37.18,128.46
2025-08-05 07:00:00,영흥,165.5,2,6,81.78881544582309,37.26,126.46
2025-08-05 07:00:00,예천,201.15,2,6,80.39601379516213,36.65,128.46
2025-08-05 07:00:00,창원,180.2,2,6,80.65420155109635,35.21,128.58
2025-08-05 07:00:00,탑선,181.4,1,6,82.0449615032343,35.24,126.81
2025-08-05 08:00:00,경상대,276.4833333333333,6,6,69.00052970986252,35.18,128.1
2025-08-05 08:00:00,고흥만수상,216.01666666666668,6,6,69.72405669985262,34.57,127.3
2025-08-05 08:00:00,광양항세방,256.25,6,6,69.34632837999006,34.93,127.71
2025-08-05 08:00:00,구미,278.2333333333333,6,6,68.70440895633729,36.13,128.34
2025-08-05 08:00:00,삼천포,194.29999999999998,6,6,69.05087781723881,34.95,128.07
2025-08-05 08:00:00,여수,252.85000000000002,6,6,69.34423461328126,34.74,127.74
2025-08-05 08:00:00,영동,92.39999999999999,6,6,68.50449473064278,37.18,128.46
2025-08-05 08:00:00,영흥,268.2333333333333,6,6,70.0800008060742,37.26,126.46
2025-08-05 08:00:00,예천,276.3666666666667,6,6,68.55580380028105,36.65,128.46
2025-08-05 08:00:00,창원,304.68333333333334,6,6,68.60734501066857,35.21,128.58
2025-08-05 08:00:00,탑선,284.03333333333336,6,6,70.04012436202504,35.24,126.81
2025-08-05 09:00:00,경상대,484.5,6,6,56.76578940825845,35.18,128.1
2025-08-05 09:00:00,고흥만수상,249.9333333333333,6,6,57.40499690903204,34.57,127.3
2025-08-05 09:00:00,광양항세방,291.9166666666667,6,6,57.07694281280163,34.93,127.71
2025-08-05 09:00:00,구미,465.7666666666666,6,6,56.61077137466969,36.13,128.34
2025-08-05 09:00:00,삼천포,361.5,6,6,56.78256754311731,34.95,128.07
2025-08-05 09:00:00,여수,262.59999999999997,6,6,57.047113837256475,34.74,127.74
2025-08-05 09:00:00,영동,356.23333333333335,6,6,56.5727265815444,37.18,128.46
2025-08-05 09:00:00,영흥,467.1333333333334,6,6,58.167377180688575,37.26,126.46
2025-08-05 09:00:00,예천,505.5,6,6,56.54148152029386,36.65,128.46
2025-08-05 09:00:00,창원,462.2166666666667,6,6,56.37494548578861,35.21,128.58
2025-08-05 09:00:00,탑선,324.1166666666666,6,6,57.8210868734689,35.24,126.81
2025-08-05 10:00:00,경상대,694.6800000000001,5,5,44.61135695872915,35.18,128.1
2025-08-05 10:00:00,고흥만수상,172.98,5,5,45.13501463213811,34.57,127.3
2025-08-05 10:00:00,광양항세방,454.96000000000004,5,5,44.87350007268559,34.93,127.71
2025-08-05 10:00:00,구미,528.8399999999999,5,5,44.62642912583257,36.13,128.34
2025-08-05 10:00:00,삼천포,366.28000000000003,5,5,44.58834187354945,34.95,128.07
2025-08-05 10:00:00,여수,208.8,5,5,44.81208830385327,34.74,127.74
2025-08-05 10:00:00,영동,452.02,5,5,44.78004438954376,37.18,128.46
2025-08-05 10:00:00,영흥,502.87999999999994,5,5,46.34773607557864,37.26,126.46
2025-08-05 10:00:00,예천,666.6200000000001,5,5,44.65255560320802,36.65,128.46
2025-08-05 10:00:00,창원,352.9,5,5,44.234143283859694,35.21,128.58
2025-08-05 10:00:00,탑선,371.52,5,5,45.65621839047846,35.24,126.81
2025-08-05 11:00:00,경상대,609.9833333333332,6,6,33.001822815829854,35.18,128.1
2025-08-05 11:00:00,고흥만수상,306.31666666666666,6,6,33.3436871034422,34.57,127.3
2025-08-05 11:00:00,광양항세방,277.7,6,6,33.18462556160414,34.93,127.71
2025-08-05 11:00:00,구미,679.9333333333333,6,6,33.24827922860249,36.13,128.34
2025-08-05 11:00:00,삼천포,234.56666666666663,6,6,32.92551938747312,34.95,128.07
2025-08-05 11:00:00,여수,250.6,6,6,33.08303658029423,34.74,127.74
2025-08-05 11:00:00,영동,621.6666666666667,6,6,33.654266307748834,37.18,128.46
2025-08-05 11:00:00,영흥,760.3833333333333,6,6,35.10326054106639,37.26,126.46
2025-08-05 11:00:00,예천,631.3833333333332,6,6,33.40297131262405,36.65,128.46
2025-08-05 11:00:00,창원,467.43333333333334,6,6,32.661793022837294,35.21,128.58
2025-08-05 11:00:00,탑선,671.3333333333334,6,6,33.98337297082761,35.24,126.81
2025-08-05 12:00:00,경상대,294.34999999999997,6,6,23.11656020768254,35.18,128.1
2025-08-05 12:00:00,고흥만수상,512.0666666666667,6,6,23.121179893054418,34.57,127.3
2025-08-05 12:00:00,광양항세방,380.5,6,6,23.147977363331265,34.93,127.71
2025-08-05 12:00:00,구미,557.5333333333334,6,6,23.706202753099703,36.13,128.34
2025-08-05 12:00:00,삼천포,101.95,6,6,22.962460586465568,34.95,128.07
2025-08-05 12:00:00,여수,406.6166666666666,6,6,22.992640121322864,34.74,127.74
2025-08-05 12:00:00,영동,721.8833333333332,6,6,24.459910833542196,37.18,128.46
2025-08-05 12:00:00,영흥,840.5499999999998,6,6,25.548013264421513,37.26,126.46
2025-08-05 12:00:00,예천,856.4833333333335,6,6,24.045960233652778,36.65,128.46
2025-08-05 12:00:00,창원,280.1666666666667,6,6,22.87957377802769,35.21,128.58
2025-08-05 12:00:00,탑선,623.1166666666667,6,6,23.881039921233082,35.24,126.81
2025-08-05 13:00:00,경상대,746.5166666666668,6,6,18.284106988276704,35.18,128.1
2025-08-05 13:00:00,고흥만수상,603.1666666666667,6,6,17.722276682571817,34.57,127.3
2025-08-05 13:00:00,광양항세방,753.0333333333334,6,6,18.053467921460552,34.93,127.71
2025-08-05 13:00:00,구미,722.8666666666668,6,6,19.22530048668078,36.13,128.34
2025-08-05 13:00:00,삼천포,519.9833333333332,6,6,18.055599432329814,34.95,128.07
2025-08-05 13:00:00,여수,698.4166666666666,6,6,17.862206436762094,34.74,127.74
2025-08-05 13:00:00,영동,652.5500000000001,6,6,20.2719458032241,37.18,128.46
2025-08-05 13:00:00,영흥,870.0333333333333,6,6,20.47015435852593,37.26,126.46
2025-08-05 13:00:00,예천,878.7833333333333,6,6,19.742116986297603,36.65,128.46
2025-08-05 13:00:00,창원,295.90000000000003,6,6,18.300073085825503,35.21,128.58
2025-08-05 13:00:00,탑선,478.0333333333333,6,6,18.430842720310167,35.24,126.81
2025-08-05 14:00:00,경상대,826.5333333333333,6,6,22.177159785498105,35.18,128.1
2025-08-05 14:00:00,고흥만수상,712.2666666666668,6,6,21.29314716283595,34.57,127.3
2025-08-05 14:00:00,광양항세방,588.7833333333333,6,6,21.783812912818775,34.93,127.71
2025-08-05 14:00:00,구미,585.8000000000001,6,6,23.048432902183507,36.13,128.34
2025-08-05 14:00:00,삼천포,812.1166666666667,6,6,21.981319043277054,34.95,128.07
2025-08-05 14:00:00,여수,690.7333333333332,6,6,21.648803902649263,34.74,127.74
2025-08-05 14:00:00,영동,836.4333333333334,6,6,23.94865144366581,37.18,128.46
2025-08-05 14:00:00,영흥,862.6666666666666,6,6,23.127489071973358,37.26,126.46
2025-08-05 14:00:00,예천,866.0333333333333,6,6,23.52195674900716,36.65,128.46
2025-08-05 14:00:00,창원,445.6666666666667,6,6,22.445302128428068,35.21,128.58
2025-08-05 14:00:00,탑선,624.8000000000001,6,6,21.596252774940794,35.24,126.81
2025-08-05 15:00:00,경상대,482.4200000000001,5,5,31.69886574487007,35.18,128.1
2025-08-05 15:00:00,고흥만수상,477.85999999999996,5,5,30.83402900829001,34.57,127.3
2025-08-05 15:00:00,광양항세방,642.0,5,5,31.29990784633764,34.93,127.71
2025-08-05 15:00:00,구미,728.8799999999999,5,5,32.320058220201915,36.13,128.34
2025-08-05 15:00:00,삼천포,718.9799999999999,5,5,31.570700711715013,34.95,128.07
2025-08-05 15:00:00,여수,708.54,5,5,31.233546033499366,34.74,127.74
2025-08-05 15:00:00,영동,812.0200000000001,5,5,32.91936426164233,37.18,128.46
2025-08-05 15:00:00,영흥,808.2,5,5,31.600734996735646,37.26,126.46
2025-08-05 15:00:00,예천,795.92,5,5,32.65692681139765,36.65,128.46
2025-08-05 15:00:00,창원,596.26,5,5,32.06083170849628,35.21,128.58
2025-08-05 15:00:00,탑선,628.4,5,5,30.801466502784336,35.24,126.81
2025-08-05 16:00:00,경상대,587.3833333333333,6,6,43.195140353652285,35.18,128.1
2025-08-05 16:00:00,고흥만수상,526.5,6,6,42.41535565999951,34.57,127.3
2025-08-05 16:00:00,광양항세방,567.8166666666666,6,6,42.826563252059756,34.93,127.71
2025-08-05 16:00:00,구미,474.86666666666673,6,6,43.61107240966137,36.13,128.34
2025-08-05 16:00:00,삼천포,537.0833333333334,6,6,43.11835655110403,34.95,128.07
2025-08-05 16:00:00,여수,625.6333333333333,6,6,42.80671000149348,34.74,127.74
2025-08-05 16:00:00,영동,732.4833333333332,6,6,43.970128531273545,37.18,128.46
2025-08-05 16:00:00,영흥,694.8000000000001,6,6,42.46145810439364,37.26,126.46
2025-08-05 16:00:00,예천,691.0333333333333,6,6,43.83398689389943,36.65,128.46
2025-08-05 16:00:00,창원,541.6833333333334,6,6,43.58386032302948,35.21,128.58
2025-08-05 16:00:00,탑선,630.8000000000001,6,6,42.18662747042673,35.24,126.81
2025-08-05 17:00:00,경상대,506.2833333333333,6,6,55.32458574348347,35.18,128.1
2025-08-05 17:00:00,고흥만수상,319.65000000000003,6,6,54.63485076841668,34.57,127.3
2025-08-05 17:00:00,광양항세방,427.38333333333327,6,6,54.99170719095461,34.93,127.71
2025-08-05 17:00:00,구미,532.45,6,6,55.5765939631275,36.13,128.34
2025-08-05 17:00:00,삼천포,434.06666666666666,6,6,55.28747927326004,34.95,128.07
2025-08-05 17:00:00,여수,433.01666666666665,6,6,55.005703945474636,34.74,127.74
2025-08-05 17:00:00,영동,574.9,6,6,55.7464726467293,37.18,128.46
2025-08-05 17:00:00,영흥,536.4,6,6,54.166984126682806,37.26,126.46
2025-08-05 17:00:00,예천,538.5,6,6,55.70791501957246,36.65,128.46
2025-08-05 17:00:00,창원,266.65,6,6,55.71789252596091,35.21,128.58
2025-08-05 17:00:00,탑선,472.2333333333333,6,6,54.27648005808037,35.24,126.81
2025-08-05 18:00:00,경상대,302.65000000000003,6,6,67.57811209727029,35.18,128.1
2025-08-05 18:00:00,고흥만수상,339.95000000000005,6,6,66.98027195334899,34.57,127.3
2025-08-05 18:00:00,광양항세방,336.66666666666663,6,6,67.28320757700101,34.93,127.71
2025-08-05 18:00:00,구미,285.23333333333335,6,6,67.68614537195413,36.13,128.34
2025-08-05 18:00:00,삼천포,269.81666666666666,6,6,67.57519894517804,34.95,128.07
2025-08-05 18:00:00,여수,346.93333333333334,6,6,67.32518777637024,34.74,127.74
2025-08-05 18:00:00,영동,344.43333333333334,6,6,67.69245302030114,37.18,128.46
2025-08-05 18:00:00,영흥,311.58333333333337,6,6,66.0981858144715,37.26,126.46
2025-08-05 18:00:00,예천,356.8333333333333,6,6,67.73702047277945,36.65,128.46
2025-08-05 18:00:00,창원,197.41666666666666,6,6,67.965740057721,35.21,128.58
2025-08-05 18:00:00,탑선,366.8,6,6,66.52287880982655,35.24,126.81
2025-08-05 19:00:00,경상대,34.900000000000006,4,6,79.67170211020827,35.18,128.1
2025-08-05 19:00:00,고흥만수상,98.15,4,6,79.17266804417856,34.57,127.3
2025-08-05 19:00:00,광양항세방,174.625,4,6,79.41867404468135,34.93,127.71
2025-08-05 19:00:00,구미,116.24999999999999,4,6,79.641377862503,36.13,128.34
2025-08-05 19:00:00,삼천포,91.1,4,6,79.70120948187011,34.95,128.07
2025-08-05 19:00:00,여수,192.225,4,6,79.48625494213141,34.74,127.74
2025-08-05 19:00:00,영동,237.52499999999998,4,6,79.49326746718035,37.18,128.46
2025-08-05 19:00:00,영흥,121.62000000000003,5,6,77.92190355777572,37.26,126.46
2025-08-05 19:00:00,예천,216.1,4,6,79.61520009483466,36.65,128.46
2025-08-05 19:00:00,창원,270.09999999999997,3,6,80.04603661006925,35.21,128.58
2025-08-05 19:00:00,탑선,196.175,4,6,78.6314051514268,35.24,126.81
2025-08-05 20:00:00,경상대,,0,6,91.35862946621924,35.18,128.1
2025-08-05 20:00:00,고흥만수상,,0,6,90.97221621461046,34.57,127.3
2025-08-05 20:00:00,광양항세방,,0,6,91.1542501645701,34.93,127.71
2025-08-05 20:00:00,구미,,0,6,91.18579287329086,36.13,128.34
2025-08-05 20:00:00,삼천포,,0,6,91.42114477173733,34.95,128.07
2025-08-05 20:00:00,여수,,0,6,91.24697353780961,34.74,127.74
2025-08-05 20:00:00,영동,,0,6,90.8818594002332,37.18,128.46
2025-08-05 20:00:00,영흥,,0,6,89.37012951985736,37.26,126.46
2025-08-05 20:00:00,예천,,0,6,91.08067798292208,36.65,128.46
2025-08-05 20:00:00,창원,,0,6,91.71130706930987,35.21,128.58
2025-08-05 20:00:00,탑선,,0,6,90.35548582338592,35.24,126.81
2025-08-05 21:00:00,경상대,,0,6,102.3417819941184,35.18,128.1
2025-08-05 21:00:00,고흥만수상,,0,6,102.09019288579731,34.57,127.3
2025-08-05 21:00:00,광양항세방,,0,6,102.19660422571887,34.93,127.71
2025-08-05 21:00:00,구미,,0,6,102.0152025850123,36.13,128.34
2025-08-05 21:00:00,삼천포,,0,6,102.43948030312262,34.95,128.07
2025-08-05 21:00:00,여수,,0,6,102.31503254824418,34.74,127.74
2025-08-05 21:00:00,영동,,0,6,101.54730955055494,37.18,128.46
2025-08-05 21:00:00,영흥,,0,6,100.14148134582035,37.26,126.46
2025-08-05 21:00:00,예천,,0,6,101.82556731378871,36.65,128.46
2025-08-05 21:00:00,창원,,0,6,102.66146210526988,35.21,128.58
2025-08-05 21:00:00,탑선,,0,6,101.40477861380339,35.24,126.81
2025-08-05 22:00:00,경상대,,0,6,112.2013775423039,35.18,128.1
2025-08-05 22:00:00,고흥만수상,,0,6,112.11628628126223,34.57,127.3
2025-08-05 22:00:00,광양항세방,,0,6,112.13045445570833,34.93,127.71
2025-08-05 22:00:00,구미,,0,6,111.70633035205066,36.13,128.34
2025-08-05 22:00:00,삼천포,,0,6,112.33705883058164,34.95,128.07
2025-08-05 22:00:00,여수,,0,6,112.27512785692949,34.74,127.74
2025-08-05 22:00:00,영동,,0,6,111.06453998795841,37.18,128.46
2025-08-05 22:00:00,영흥,,0,6,109.82989684874329,37.26,126.46
2025-08-05 22:00:00,예천,,0,6,111.42502168861225,36.65,128.46
2025-08-05 22:00:00,창원,,0,6,112.47153819961858,35.21,128.58
2025-08-05 22:00:00,탑선,,0,6,111.37285466318707,35.24,126.81
2025-08-05 23:00:00,경상대,,0,6,120.32403404688144,35.18,128.1
2025-08-05 23:00:00,고흥만수상,,0,6,120.4440500595604,34.57,127.3
2025-08-05 23:00:00,광양항세방,,0,6,120.34606829200428,34.93,127.71
2025-08-05 23:00:00,구미,,0,6,119.65092231702545,36.13,128.34
2025-08-05 23:00:00,삼천포,,0,6,120.49895747978688,34.95,128.07
2025-08-05 23:00:00,여수,,0,6,120.51552167579956,34.74,127.74
2025-08-05 23:00:00,영동,,0,6,118.83372235150966,37.18,128.46
2025-08-05 23:00:00,영흥,,0,6,117.86180016893513,37.26,126.46
2025-08-05 23:00:00,예천,,0,6,119.2740722667934,36.65,128.46
2025-08-05 23:00:00,창원,,0,6,120.52136153721825,35.21,128.58
2025-08-05 23:00:00,탑선,,0,6,119.6656107435825,35.24,126.81
2025-08-06 00:00:00,경상대,,0,6,125.88559960243818,35.18,128.1
2025-08-06 00:00:00,고흥만수상,,0,6,126.24273494540058,34.57,127.3
2025-08-06 00:00:00,광양항세방,,0,6,126.01711141928163,34.93,127.71
2025-08-06 00:00:00,구미,,0,6,125.04780204687827,36.13,128.34
2025-08-06 00:00:00,삼천포,,0,6,126.09518686344643,34.95,128.07
2025-08-06 00:00:00,여수,,0,6,126.2045014964101,34.74,127.74
2025-08-06 00:00:00,영동,,0,6,124.08055465570068,37.18,128.46
2025-08-06 00:00:00,영흥,,0,6,123.48281746636674,37.26,126.46
2025-08-06 00:00:00,예천,,0,6,124.58433180946831,36.65,128.46
2025-08-06 00:00:00,창원,,0,6,125.9823489897033,35.21,128.58
2025-08-06 00:00:00,탑선,,0,6,125.47537113739288,35.24,126.81
2025-08-06 01:00:00,경상대,,0,5,128.03645716744865,35.18,128.1
2025-08-06 01:00:00,고흥만수상,,0,5,128.62803774460147,34.57,127.3
2025-08-06 01:00:00,광양항세방,,0,5,128.27896509406597,34.93,127.71
2025-08-06 01:00:00,구미,,0,5,127.08981133797096,36.13,128.34
2025-08-06 01:00:00,삼천포,,0,5,128.2659314655989,34.95,128.07
2025-08-06 01:00:00,여수,,0,5,128.46955833554813,34.74,127.74
2025-08-06 01:00:00,영동,,0,5,126.04111780905214,37.18,128.46
2025-08-06 01:00:00,영흥,,0,5,125.91060378714462,37.26,126.46
2025-08-06 01:00:00,예천,,0,5,126.57107165918586,36.65,128.46
2025-08-06 01:00:00,창원,,0,5,128.0119373841058,35.21,128.58
2025-08-06 01:00:00,탑선,,0,5,127.94201734496527,35.24,126.81
2025-08-06 02:00:00,경상대,,0,6,126.35801951994137,35.18,128.1
2025-08-06 02:00:00,고흥만수상,,0,6,127.12880813579024,34.57,127.3
2025-08-06 02:00:00,광양항세방,,0,6,126.6889665659422,34.93,127.71
2025-08-06 02:00:00,구미,,0,6,125.39234584511001,36.13,128.34
2025-08-06 02:00:00,삼천포,,0,6,126.5852591807002,34.95,128.07
2025-08-06 02:00:00,여수,,0,6,126.86417177076098,34.74,127.74
2025-08-06 02:00:00,영동,,0,6,124.35964244983569,37.18,128.46
2025-08-06 02:00:00,영흥,,0,6,124.7135863561149,37.26,126.46
2025-08-06 02:00:00,예천,,0,6,124.86676453725224,36.65,128.46
2025-08-06 02:00:00,창원,,0,6,126.21393097452346,35.21,128.58
2025-08-06 02:00:00,탑선,,0,6,126.59243790987358,35.24,126.81
2025-08-06 03:00:00,경상대,,0,6,121.18202582359379,35.18,128.1
2025-08-06 03:00:00,고흥만수상,,0,6,122.04983526315118,34.57,127.3
2025-08-06 03:00:00,광양항세방,,0,6,121.5651713089467,34.93,127.71
2025-08-06 03:00:00,구미,,0,6,120.27877146380983,36.13,128.34
2025-08-06 03:00:00,삼천포,,0,6,121.38827850495323,34.95,128.07
2025-08-06 03:00:00,여수,,0,6,121.71169984428786,34.74,127.74
2025-08-06 03:00:00,영동,,0,6,119.34411205578344,37.18,128.46
2025-08-06 03:00:00,영흥,,0,6,120.11299080322722,37.26,126.46
2025-08-06 03:00:00,예천,,0,6,119.78967366772142,36.65,128.46
2025-08-06 03:00:00,창원,,0,6,120.94206271060659,35.21,128.58
2025-08-06 03:00:00,탑선,,0,6,121.69497892387753,35.24,126.81
2025-08-06 04:00:00,경상대,,0,6,113.33266670110277,35.18,128.1
2025-08-06 04:00:00,고흥만수상,,0,6,114.22858258600608,34.57,127.3
2025-08-06 04:00:00,광양항세방,,0,6,113.7362701983406,34.93,127.71
2025-08-06 04:00:00,구미,,0,6,112.53717542434401,36.13,128.34
2025-08-06 04:00:00,삼천포,,0,6,113.50863844785354,34.95,128.07
2025-08-06 04:00:00,여수,,0,6,113.84963044593147,34.74,127.74
2025-08-06 04:00:00,영동,,0,6,111.7425929775868,37.18,128.46
2025-08-06 04:00:00,영흥,,0,6,112.82014491040462,37.26,126.46
2025-08-06 04:00:00,예천,,0,6,112.10869873064647,36.65,128.46
2025-08-06 04:00:00,창원,,0,6,113.02650521310017,35.21,128.58
2025-08-06 04:00:00,탑선,,0,6,114.04908878993893,35.24,126.81
2025-08-06 05:00:00,경상대,,0,6,103.65385363833337,35.18,128.1
2025-08-06 05:00:00,고흥만수상,,0,6,104.53502570697499,34.57,127.3
2025-08-06 05:00:00,광양항세방,,0,6,104.05733474993288,34.93,127.71
2025-08-06 05:00:00,구미,,0,6,102.9817704048868,36.13,128.34
2025-08-06 05:00:00,삼천포,,0,6,103.7973244225819,34.95,128.07
2025-08-06 05:00:00,여수,,0,6,104.13846846137642,34.74,127.74
2025-08-06 05:00:00,영동,,0,6,102.3387531740415,37.18,128.46
2025-08-06 05:00:00,영흥,,0,6,103.62908623044467,37.26,126.46
2025-08-06 05:00:00,예천,,0,6,102.62232907018566,36.65,128.46
2025-08-06 05:00:00,창원,,0,6,103.30561260978116,35.21,128.58
2025-08-06 05:00:00,탑선,,0,6,104.50832323596855,35.24,126.81
2025-08-06 06:00:00,경상대,,0,6,92.78720290211463,35.18,128.1
2025-08-06 06:00:00,고흥만수상,,0,6,93.6295357869903,34.57,127.3
2025-08-06 06:00:00,광양항세방,,0,6,93.17850049284411,34.93,127.71
2025-08-06 06:00:00,구미,,0,6,92.24070600420356,36.13,128.34
2025-08-06 06:00:00,삼천포,,0,6,92.89880519957971,34.95,128.07
2025-08-06 06:00:00,여수,,0,6,93.22992838611415,34.74,127.74
2025-08-06 06:00:00,영동,,0,6,91.74788382738159,37.18,128.46
2025-08-06 06:00:00,영흥,,0,6,93.17988644108323,37.26,126.46
2025-08-06 06:00:00,예천,,0,6,91.95154897858332,36.65,128.46
2025-08-06 06:00:00,창원,,0,6,92.41356241210188,35.21,128.58
2025-08-06 06:00:00,탑선,,0,6,93.73284803186148,35.24,126.81
2025-08-06 07:00:00,경상대,201.7,2,6,81.17374378706427,35.18,128.1
2025-08-06 07:00:00,고흥만수상,136.15,2,6,81.96213284806525,34.57,127.3
2025-08-06 07:00:00,광양항세방,145.4,2,6,81.54513062585434,34.93,127.71
2025-08-06 07:00:00,구미,207.10000000000002,2,6,80.75267692820027,36.13,128.34
2025-08-06 07:00:00,삼천포,213.9,2,6,81.25433559928828,34.95,128.07
2025-08-06 07:00:00,여수,170.15,2,6,81.56894801511932,34.74,127.74
2025-08-06 07:00:00,영동,51.9,2,6,80.40742902220826,37.18,128.46
2025-08-06 07:00:00,영흥,55.45,2,6,81.93075811382595,37.26,126.46
2025-08-06 07:00:00,예천,224.8,2,6,80.53384082601069,36.65,128.46
2025-08-06 07:00:00,창원,134.7,2,6,80.78604167785696,35.21,128.58
2025-08-06 07:00:00,탑선,0.0,1,6,82.17846531710754,35.24,126.81
2025-08-06 08:00:00,경상대,218.45000000000002,6,6,69.12307154131128,35.18,128.1
2025-08-06 08:00:00,고흥만수상,186.04999999999998,6,6,69.84417067090762,34.57,127.3
2025-08-06 08:00:00,광양항세방,268.1166666666667,6,6,69.46789706618931,34.93,127.71
2025-08-06 08:00:00,구미,281.4833333333333,6,6,68.83116788656652,36.13,128.34
2025-08-06 08:00:00,삼천포,296.8,6,6,69.17238452887938,34.95,128.07
2025-08-06 08:00:00,여수,294.21666666666664,6,6,69.46492565546755,34.74,127.74
2025-08-06 08:00:00,영동,157.23333333333332,6,6,68.63594249908297,37.18,128.46
2025-08-06 08:00:00,영흥,203.83333333333334,6,6,70.21253532098086,37.26,126.46
2025-08-06 08:00:00,예천,291.93333333333334,6,6,68.68486784337814,36.65,128.46
2025-08-06 08:00:00,창원,285.2166666666667,6,6,68.72983067544827,35.21,128.58
2025-08-06 08:00:00,탑선,113.81666666666666,6,6,70.16349284911453,35.24,126.81
2025-08-06 09:00:00,경상대,305.12,5,5,56.88624362438722,35.18,128.1
2025-08-06 09:00:00,고흥만수상,220.98000000000002,5,5,57.522219633052956,34.57,127.3
2025-08-06 09:00:00,광양항세방,259.24,5,5,57.19605825281568,34.93,127.71
2025-08-06 09:00:00,구미,426.14,5,5,56.73612363522396,36.13,128.34
2025-08-06 09:00:00,삼천포,205.26,5,5,56.90183559032494,34.95,128.07
2025-08-06 09:00:00,여수,283.28,5,5,57.16525760756125,34.74,127.74
2025-08-06 09:00:00,영동,201.66,5,5,56.70341601315448,37.18,128.46
2025-08-06 09:00:00,영흥,315.46000000000004,5,5,58.298036426171876,37.26,126.46
2025-08-06 09:00:00,예천,222.44,5,5,56.66949849519984,36.65,128.46
2025-08-06 09:00:00,창원,433.08000000000004,5,5,56.49563563371961,35.21,128.58
2025-08-06 09:00:00,탑선,278.36,5,5,57.94167789496527,35.24,126.81
2025-08-06 10:00:00,경상대,262.5833333333333,6,6,44.74021755532397,35.18,128.1
2025-08-06 10:00:00,고흥만수상,178.26666666666665,6,6,45.25949361314815,34.57,127.3
2025-08-06 10:00:00,광양항세방,281.1333333333334,6,6,45.00049640853906,34.93,127.71
2025-08-06 10:00:00,구미,422.6333333333334,6,6,44.761080765399555,36.13,128.34
2025-08-06 10:00:00,삼천포,301.2333333333333,6,6,44.71581672108895,34.95,128.07
2025-08-06 10:00:00,여수,421.04999999999995,6,6,44.93799336964345,34.74,127.74
2025-08-06 10:00:00,영동,344.79999999999995,6,6,44.92082691730936,37.18,128.46
2025-08-06 10:00:00,영흥,369.09999999999997,6,6,46.48680977559651,37.26,126.46
2025-08-06 10:00:00,예천,426.5833333333334,6,6,44.790327791557495,36.65,128.46
2025-08-06 10:00:00,창원,439.1499999999999,6,6,44.36368418574117,35.21,128.58
2025-08-06 10:00:00,탑선,361.5,6,6,45.7841597596269,35.24,126.81
2025-08-06 11:00:00,경상대,514.7166666666666,6,6,33.156645722056076,35.18,128.1
2025-08-06 11:00:00,고흥만수상,289.45,6,6,33.49246979366113,34.57,127.3
2025-08-06 11:00:00,광양항세방,389.04999999999995,6,6,33.336815509348234,34.93,127.71
2025-08-06 11:00:00,구미,448.5333333333333,6,6,33.409803662978845,36.13,128.34
2025-08-06 11:00:00,삼천포,469.34999999999997,6,6,33.07875577206507,34.95,128.07
2025-08-06 11:00:00,여수,447.34999999999997,6,6,33.23404439890061,34.74,127.74
2025-08-06 11:00:00,영동,187.98333333333335,6,6,33.82252924142502,37.18,128.46
2025-08-06 11:00:00,영흥,345.54999999999995,6,6,35.266998659058245,37.26,126.46
2025-08-06 11:00:00,예천,465.98333333333335,6,6,33.56803035689844,36.65,128.46
2025-08-06 11:00:00,창원,462.55,6,6,32.81806289448042,35.21,128.58
2025-08-06 11:00:00,탑선,333.54999999999995,6,6,34.13537668906991,35.24,126.81
2025-08-06 12:00:00,경상대,342.5833333333333,6,6,23.326951572859258,35.18,128.1
2025-08-06 12:00:00,고흥만수상,319.3333333333333,6,6,23.324399604309704,34.57,127.3
2025-08-06 12:00:00,광양항세방,460.73333333333335,6,6,23.355174337310004,34.93,127.71
2025-08-06 12:00:00,구미,475.79999999999995,6,6,23.92240813594927,36.13,128.34
2025-08-06 12:00:00,삼천포,424.6499999999999,6,6,23.171497176890995,34.95,128.07
2025-08-06 12:00:00,여수,501.8,6,6,23.1989420992319,34.74,127.74
2025-08-06 12:00:00,영동,175.7166666666667,6,6,24.68131472339178,37.18,128.46
2025-08-06 12:00:00,영흥,427.4666666666667,6,6,25.761337929590937,37.26,126.46
2025-08-06 12:00:00,예천,430.4333333333334,6,6,24.265074418043085,36.65,128.46
2025-08-06 12:00:00,창원,442.7833333333333,6,6,23.092419465058143,35.21,128.58
2025-08-06 12:00:00,탑선,468.5833333333333,6,6,24.085693850058007,35.24,126.81
2025-08-06 13:00:00,경상대,369.76666666666665,6,6,18.556521516638497,35.18,128.1
2025-08-06 13:00:00,고흥만수상,336.4333333333334,6,6,17.993031918419902,34.57,127.3
2025-08-06 13:00:00,광양항세방,337.9833333333333,6,6,18.32514829543092,34.93,127.71
2025-08-06 13:00:00,구미,581.9833333333333,6,6,19.49815999659883,36.13,128.34
2025-08-06 13:00:00,삼천포,381.65000000000003,6,6,18.32793980085316,34.95,128.07
2025-08-06 13:00:00,여수,453.05,6,6,18.133914136809835,34.74,127.74
2025-08-06 13:00:00,영동,241.14999999999998,6,6,20.545019305049195,37.18,128.46
2025-08-06 13:00:00,영흥,333.25,6,6,20.739865188036347,37.26,126.46
2025-08-06 13:00:00,예천,455.1499999999999,6,6,20.015168074262704,36.65,128.46
2025-08-06 13:00:00,창원,352.20000000000005,6,6,18.573228970035842,35.21,128.58
2025-08-06 13:00:00,탑선,257.26666666666665,6,6,18.700671466008686,35.24,126.81
2025-08-06 14:00:00,경상대,352.08000000000004,5,5,22.424005639838555,35.18,128.1
2025-08-06 14:00:00,고흥만수상,343.08000000000004,5,5,21.540835222196193,34.57,127.3
2025-08-06 14:00:00,광양항세방,408.68,5,5,22.031217820587585,34.93,127.71
2025-08-06 14:00:00,구미,500.64000000000004,5,5,23.297558295667457,36.13,128.34
2025-08-06 14:00:00,삼천포,377.6,5,5,22.227473247597985,34.95,128.07
2025-08-06 14:00:00,여수,416.6,5,5,21.89543832751572,34.74,127.74
2025-08-06 14:00:00,영동,221.56,5,5,24.20048701969867,37.18,128.46
2025-08-06 14:00:00,영흥,181.39999999999998,5,5,23.38547037517489,37.26,126.46
2025-08-06 14:00:00,예천,379.18,5,5,23.77227137055742,36.65,128.46
2025-08-06 14:00:00,창원,355.04,5,5,22.690522603116932,35.21,128.58
2025-08-06 14:00:00,탑선,422.5200000000001,5,5,21.847885888483304,35.24,126.81
2025-08-06 15:00:00,경상대,432.6166666666666,6,6,31.898540391333682,35.18,128.1
2025-08-06 15:00:00,고흥만수상,190.83333333333334,6,6,31.032225002088055,34.57,127.3
2025-08-06 15:00:00,광양항세방,423.5833333333334,6,6,31.49913166526899,34.93,127.71
2025-08-06 15:00:00,구미,438.9833333333334,6,6,32.524296957614474,36.13,128.34
2025-08-06 15:00:00,삼천포,416.8833333333334,6,6,31.76916264368149,34.95,128.07
2025-08-06 15:00:00,여수,424.26666666666665,6,6,31.43162231886187,34.74,127.74
2025-08-06 15:00:00,영동,271.31666666666666,6,6,33.12868392674906,37.18,128.46
2025-08-06 15:00:00,영흥,123.41666666666667,6,6,31.815216028712847,37.26,126.46
2025-08-06 15:00:00,예천,237.08333333333334,6,6,32.8635812048649,36.65,128.46
2025-08-06 15:00:00,창원,345.54999999999995,6,6,32.25953383812411,35.21,128.58
2025-08-06 15:00:00,탑선,329.56666666666666,6,6,31.004660315686536,35.24,126.81
2025-08-06 16:00:00,경상대,417.73999999999995,5,5,43.37007466995447,35.18,128.1
2025-08-06 16:00:00,고흥만수상,303.24000000000007,5,5,42.58788132246513,34.57,127.3
2025-08-06 16:00:00,광양항세방,362.7,5,5,43.00058217784967,34.93,127.71
2025-08-06 16:00:00,구미,353.44,5,5,43.79068639287233,36.13,128.34
2025-08-06 16:00:00,삼천포,336.06000000000006,5,5,43.29210612993066,34.95,128.07
2025-08-06 16:00:00,여수,394.64000000000004,5,5,42.979683572336796,34.74,127.74
2025-08-06 16:00:00,영동,181.8,5,5,44.154896511001155,37.18,128.46
2025-08-06 16:00:00,영흥,163.72,5,5,42.648916993309435,37.26,126.46
2025-08-06 16:00:00,예천,224.34,5,5,44.01611088740225,36.65,128.46
2025-08-06 16:00:00,창원,432.14,5,5,43.75846168231892,35.21,128.58
2025-08-06 16:00:00,탑선,444.5,5,5,42.36327874895341,35.24,126.81
2025-08-06 17:00:00,경상대,377.06,5,5,55.49079176525949,35.18,128.1
2025-08-06 17:00:00,고흥만수상,340.6,5,5,54.798373436468516,34.57,127.3
2025-08-06 17:00:00,광양항세방,258.52000000000004,5,5,55.156832720455,34.93,127.71
2025-08-06 17:00:00,구미,215.85999999999999,5,5,55.747125507220936,36.13,128.34
2025-08-06 17:00:00,삼천포,357.18,5,5,55.4526186777862,34.95,128.07
2025-08-06 17:00:00,여수,342.94,5,5,55.16992993822254,34.74,127.74
2025-08-06 17:00:00,영동,183.71999999999997,5,5,55.921721386310345,37.18,128.46
2025-08-06 17:00:00,영흥,195.01999999999998,5,5,54.34324177730278,37.26,126.46
2025-08-06 17:00:00,예천,153.51999999999998,5,5,55.880779447956506,36.65,128.46
2025-08-06 17:00:00,창원,368.06000000000006,5,5,55.884135815116764,35.21,128.58
2025-08-06 17:00:00,탑선,298.76000000000005,5,5,54.443290841489556,35.24,126.81
2025-08-06 18:00:00,경상대,208.33333333333334,6,6,67.74539397643116,35.18,128.1
2025-08-06 18:00:00,고흥만수상,242.85,6,6,67.14477669817653,34.57,127.3
2025-08-06 18:00:00,광양항세방,253.79999999999998,6,6,67.44933627085167,34.93,127.71
2025-08-06 18:00:00,구미,146.63333333333333,6,6,67.8573870077683,36.13,128.34
2025-08-06 18:00:00,삼천포,220.73333333333332,6,6,67.74152169289049,34.95,128.07
2025-08-06 18:00:00,여수,293.0833333333333,6,6,67.49053651661981,34.74,127.74
2025-08-06 18:00:00,영동,209.51666666666668,6,6,67.86796101718906,37.18,128.46
2025-08-06 18:00:00,영흥,260.3333333333333,6,6,66.27356738202889,37.26,126.46
2025-08-06 18:00:00,예천,142.58333333333334,6,6,67.91040009329758,36.65,128.46
2025-08-06 18:00:00,창원,238.95000000000002,6,6,68.13329616320155,35.21,128.58
2025-08-06 18:00:00,탑선,236.9666666666667,6,6,66.6900389792004,35.24,126.81
2025-08-06 19:00:00,경상대,111.77499999999999,4,6,79.84692113578856,35.18,128.1
2025-08-06 19:00:00,고흥만수상,92.125,4,6,79.3450570701281,34.57,127.3
2025-08-06 19:00:00,광양항세방,69.6,4,6,79.59269258298642,34.93,127.71
2025-08-06 19:00:00,구미,51.224999999999994,4,6,79.82023944987506,36.13,128.34
2025-08-06 19:00:00,삼천포,126.85000000000002,4,6,79.87555869779875,34.95,128.07
2025-08-06 19:00:00,여수,95.30000000000001,4,6,79.6595900775546,34.74,127.74
2025-08-06 19:00:00,영동,83.0,4,6,79.67599470231522,37.18,128.46
2025-08-06 19:00:00,영흥,205.35,4,6,78.10364012124707,37.26,126.46
2025-08-06 19:00:00,예천,104.47500000000001,4,6,79.7960247747905,36.65,128.46
2025-08-06 19:00:00,창원,167.13333333333333,3,6,80.2217101088231,35.21,128.58
2025-08-06 19:00:00,탑선,122.4,4,6,78.80594993058236,35.24,126.81
2025-08-06 20:00:00,경상대,,0,5,91.54740091415533,35.18,128.1
2025-08-06 20:00:00,고흥만수상,,0,5,91.15812429600278,34.57,127.3
2025-08-06 20:00:00,광양항세방,,0,5,91.34178592076142,34.93,127.71
2025-08-06 20:00:00,구미,,0,5,91.37790008211415,36.13,128.34
2025-08-06 20:00:00,삼천포,,0,5,91.60912999733881,34.95,128.07
2025-08-06 20:00:00,여수,,0,5,91.43391405194149,34.74,127.74
2025-08-06 20:00:00,영동,,0,5,91.07743820677888,37.18,128.46
2025-08-06 20:00:00,영흥,,0,5,89.5639814505547,37.26,126.46
2025-08-06 20:00:00,예천,,0,5,91.27457476783611,36.65,128.46
2025-08-06 20:00:00,창원,,0,5,91.90068938806934,35.21,128.58
2025-08-06 20:00:00,탑선,,0,5,90.54310232739358,35.24,126.81
2025-08-06 21:00:00,경상대,,0,6,102.54911810388414,35.18,128.1
2025-08-06 21:00:00,고흥만수상,,0,6,102.29469616414656,34.57,127.3
2025-08-06 21:00:00,광양항세방,,0,6,102.40269907049654,34.93,127.71
2025-08-06 21:00:00,구미,,0,6,102.22549602417091,36.13,128.34
2025-08-06 21:00:00,삼천포,,0,6,102.64612890448312,34.95,128.07
2025-08-06 21:00:00,여수,,0,6,102.52063006989312,34.74,127.74
2025-08-06 21:00:00,영동,,0,6,101.76060037266208,37.18,128.46
2025-08-06 21:00:00,영흥,,0,6,100.35240670400131,37.26,126.46
2025-08-06 21:00:00,예천,,0,6,102.03743498058161,36.65,128.46
2025-08-06 21:00:00,창원,,0,6,102.86954468081255,35.21,128.58
2025-08-06 21:00:00,탑선,,0,6,101.61052523148237,35.24,126.81
2025-08-06 22:00:00,경상대,,0,6,112.43134952606512,35.18,128.1
2025-08-06 22:00:00,고흥만수상,,0,6,112.34363856123201,34.57,127.3
2025-08-06 22:00:00,광양항세방,,0,6,112.35926195607047,34.93,127.71
2025-08-06 22:00:00,구미,,0,6,111.93869178080027,36.13,128.34
2025-08-06 22:00:00,삼천포,,0,6,112.56648488517939,34.95,128.07
2025-08-06 22:00:00,여수,,0,6,112.50356548485816,34.74,127.74
2025-08-06 22:00:00,영동,,0,6,111.29923215529594,37.18,128.46
2025-08-06 22:00:00,영흥,,0,6,110.0617963511386,37.26,126.46
2025-08-06 22:00:00,예천,,0,6,111.65863939122882,36.65,128.46
2025-08-06 22:00:00,창원,,0,6,112.70233631691426,35.21,128.58
2025-08-06 22:00:00,탑선,,0,6,111.6009199979334,35.24,126.81
2025-08-06 23:00:00,경상대,,0,6,120.5779116244908,35.18,128.1
2025-08-06 23:00:00,고흥만수상,,0,6,120.69589944189805,34.57,127.3
2025-08-06 23:00:00,광양항세방,,0,6,120.59903174325429,34.93,127.71
2025-08-06 23:00:00,구미,,0,6,119.90633230865468,36.13,128.34
2025-08-06 23:00:00,삼천포,,0,6,120.75249465516129,34.95,128.07
2025-08-06 23:00:00,여수,,0,6,120.76828035734718,34.74,127.74
2025-08-06 23:00:00,영동,,0,6,119.09053748336375,37.18,128.46
2025-08-06 23:00:00,영흥,,0,6,118.11594054546262,37.26,126.46
2025-08-06 23:00:00,예천,,0,6,119.53027202054399,36.65,128.46
2025-08-06 23:00:00,창원,,0,6,120.77599439169512,35.21,128.58
2025-08-06 23:00:00,탑선,,0,6,119.91761588273208,35.24,126.81
2025-08-07 00:00:00,경상대,,0,6,126.15808168372212,35.18,128.1
2025-08-07 00:00:00,고흥만수상,,0,6,126.51428237018223,34.57,127.3
2025-08-07 00:00:00,광양항세방,,0,6,126.2891685917007,34.93,127.71
2025-08-07 00:00:00,구미,,0,6,125.32079557833205,36.13,128.34
2025-08-07 00:00:00,삼천포,,0,6,126.36756214192596,34.95,128.07
2025-08-07 00:00:00,여수,,0,6,126.47651319718366,34.74,127.74
2025-08-07 00:00:00,영동,,0,6,124.3539593187669,37.18,128.46
2025-08-07 00:00:00,영흥,,0,6,123.75469604604027,37.26,126.46
2025-08-07 00:00:00,예천,,0,6,124.85757819109398,36.65,128.46
2025-08-07 00:00:00,창원,,0,6,126.25523468893842,35.21,128.58
2025-08-07 00:00:00,탑선,,0,6,125.74674394144944,35.24,126.81
2025-08-07 01:00:00,경상대,,0,5,128.31276731828402,35.18,128.1
2025-08-07 01:00:00,고흥만수상,,0,5,128.90465936041915,34.57,127.3
2025-08-07 01:00:00,광양항세방,,0,5,128.55543306515295,34.93,127.71
2025-08-07 01:00:00,구미,,0,5,127.3660126711359,36.13,128.34
2025-08-07 01:00:00,삼천포,,0,5,128.54225623119385,34.95,128.07
2025-08-07 01:00:00,여수,,0,5,128.74601717976947,34.74,127.74
2025-08-07 01:00:00,영동,,0,5,126.3172612562323,37.18,128.46
2025-08-07 01:00:00,영흥,,0,5,126.18743528519131,37.26,126.46
2025-08-07 01:00:00,예천,,0,5,126.8472181197713,36.65,128.46
2025-08-07 01:00:00,창원,,0,5,128.2880379404583,35.21,128.58
2025-08-07 01:00:00,탑선,,0,5,128.2187852455899,35.24,126.81
2025-08-07 02:00:00,경상대,,0,6,126.61870248316241,35.18,128.1
2025-08-07 02:00:00,고흥만수상,,0,6,127.39042312097567,34.57,127.3
2025-08-07 02:00:00,광양항세방,,0,6,126.95012951063816,34.93,127.71
2025-08-07 02:00:00,구미,,0,6,125.65321326531765,36.13,128.34
2025-08-07 02:00:00,삼천포,,0,6,126.8458523923143,34.95,128.07
2025-08-07 02:00:00,여수,,0,6,127.12517550175866,34.74,127.74
2025-08-07 02:00:00,영동,,0,6,124.62093758670665,37.18,128.46
2025-08-07 02:00:00,영흥,,0,6,124.9778159789721,37.26,126.46
2025-08-07 02:00:00,예천,,0,6,125.12775206210665,36.65,128.46
2025-08-07 02:00:00,창원,,0,6,126.47385200037388,35.21,128.58
2025-08-07 02:00:00,탑선,,0,6,126.85518052864305,35.24,126.81
2025-08-07 03:00:00,경상대,,0,6,121.41376110090961,35.18,128.1
2025-08-07 03:00:00,고흥만수상,,0,6,122.28226345736527,34.57,127.3
2025-08-07 03:00:00,광양항세방,,0,6,121.79731921051433,34.93,127.71
2025-08-07 03:00:00,구미,,0,6,120.51160261644145,36.13,128.34
2025-08-07 03:00:00,삼천포,,0,6,121.61968484704269,34.95,128.07
2025-08-07 03:00:00,여수,,0,6,121.94346044154909,34.74,127.74
2025-08-07 03:00:00,영동,,0,6,119.5784227110827,37.18,128.46
2025-08-07 03:00:00,영흥,,0,6,120.3513919035214,37.26,126.46
2025-08-07 03:00:00,예천,,0,6,120.0231196064924,36.65,128.46
2025-08-07 03:00:00,창원,,0,6,121.17282209868833,35.21,128.58
2025-08-07 03:00:00,탑선,,0,6,121.9295600085037,35.24,126.81
2025-08-07 04:00:00,경상대,,0,6,113.53244723082025,35.18,128.1
2025-08-07 04:00:00,고흥만수상,,0,6,114.42840244969179,34.57,127.3
2025-08-07 04:00:00,광양항세방,,0,6,113.93619137800667,34.93,127.71
2025-08-07 04:00:00,구미,,0,6,112.73898151374064,36.13,128.34
2025-08-07 04:00:00,삼천포,,0,6,113.70786521945536,34.95,128.07
2025-08-07 04:00:00,여수,,0,6,114.04898112969157,34.74,127.74
2025-08-07 04:00:00,영동,,0,6,111.9468826935862,37.18,128.46
2025-08-07 04:00:00,영흥,,0,6,113.02855529529943,37.26,126.46
2025-08-07 04:00:00,예천,,0,6,112.31162209805734,36.65,128.46
2025-08-07 04:00:00,창원,,0,6,113.22537941187457,35.21,128.58
2025-08-07 04:00:00,탑선,,0,6,114.25169812809631,35.24,126.81
2025-08-07 05:00:00,경상대,,0,6,103.8252326857098,35.18,128.1
2025-08-07 05:00:00,고흥만수상,,0,6,104.70575710411481,34.57,127.3
2025-08-07 05:00:00,광양항세방,,0,6,104.22855198430702,34.93,127.71
2025-08-07 05:00:00,구미,,0,6,103.15588744689478,36.13,128.34
2025-08-07 05:00:00,삼천포,,0,6,103.96798751264411,34.95,128.07
2025-08-07 05:00:00,여수,,0,6,104.30899978320753,34.74,127.74
2025-08-07 05:00:00,영동,,0,6,102.51609673742435,37.18,128.46
2025-08-07 05:00:00,영흥,,0,6,103.80998990468244,37.26,126.46
2025-08-07 05:00:00,예천,,0,6,102.79795037993593,36.65,128.46
2025-08-07 05:00:00,창원,,0,6,103.4762741610962,35.21,128.58
2025-08-07 05:00:00,탑선,,0,6,104.68212811341168,35.24,126.81
2025-08-07 06:00:00,경상대,,0,6,92.93607679879185,35.18,128.1
2025-08-07 06:00:00,고흥만수상,,0,6,93.77714507432881,34.57,127.3
2025-08-07 06:00:00,광양항세방,,0,6,93.32693391095135,34.93,127.71
2025-08-07 06:00:00,구미,,0,6,92.39285985999555,36.13,128.34
2025-08-07 06:00:00,삼천포,,0,6,93.04684498051485,34.95,128.07
2025-08-07 06:00:00,여수,,0,6,93.37760133051239,34.74,127.74
2025-08-07 06:00:00,영동,,0,6,91.90381358395908,37.18,128.46
2025-08-07 06:00:00,영흥,,0,6,93.3386170508377,37.26,126.46
2025-08-07 06:00:00,예천,,0,6,92.10550240961618,36.65,128.46
2025-08-07 06:00:00,창원,,0,6,92.56193358907932,35.21,128.58
2025-08-07 06:00:00,탑선,,0,6,93.8836373133002,35.24,126.81
2025-08-07 07:00:00,경상대,204.2,2,6,81.30646606166157,35.18,128.1
2025-08-07 07:00:00,고흥만수상,100.9,1,6,82.09300546416105,34.57,127.3
2025-08-07 07:00:00,광양항세방,90.44999999999999,2,6,81.67714563102587,34.93,127.71
2025-08-07 07:00:00,구미,191.15,2,6,80.88916536538326,36.13,128.34
2025-08-07 07:00:00,삼천포,119.55000000000001,2,6,81.38611912600182,34.95,128.07
2025-08-07 07:00:00,여수,159.2,2,6,81.70013993208231,34.74,127.74
2025-08-07 07:00:00,영동,91.75,2,6,80.54817579407862,37.18,128.46
2025-08-07 07:00:00,영흥,146.5,1,6,82.07348647395806,37.26,126.46
2025-08-07 07:00:00,예천,194.05,2,6,80.67239280481533,36.65,128.46
2025-08-07 07:00:00,창원,238.5,2,6,80.9184789893044,35.21,128.58
2025-08-07 07:00:00,탑선,189.8,1,6,82.31257487751135,35.24,126.81
2025-08-07 08:00:00,경상대,339.8333333333333,6,6,69.24625704060054,35.18,128.1
2025-08-07 08:00:00,고흥만수상,144.13333333333335,6,6,69.9648662130673,34.57,127.3
2025-08-07 08:00:00,광양항세방,228.0666666666667,6,6,69.59008332831161,34.93,127.71
2025-08-07 08:00:00,구미,292.0833333333333,6,6,68.95865774483316,36.13,128.34
2025-08-07 08:00:00,삼천포,275.2166666666667,6,6,69.29451401194447,34.95,128.07
2025-08-07 08:00:00,여수,280.0833333333333,6,6,69.5862175191121,34.74,127.74
2025-08-07 08:00:00,영동,205.48333333333335,6,6,68.76821581631674,37.18,128.46
2025-08-07 08:00:00,영흥,188.1833333333333,6,6,70.34588398421356,37.26,126.46
2025-08-07 08:00:00,예천,319.2666666666667,6,6,68.81471034117092,36.65,128.46
2025-08-07 08:00:00,창원,347.04999999999995,6,6,68.85296743731695,35.21,128.58
2025-08-07 08:00:00,탑선,278.4166666666667,6,6,70.28749864376614,35.24,126.81
2025-08-07 09:00:00,경상대,498.34999999999997,6,6,57.007595787152525,35.18,128.1
2025-08-07 09:00:00,고흥만수상,305.70000000000005,6,6,57.640265139078814,34.57,127.3
2025-08-07 09:00:00,광양항세방,378.75,6,6,57.31603925019454,34.93,127.71
2025-08-07 09:00:00,구미,516.5666666666667,6,6,56.86246581166052,36.13,128.34
2025-08-07 09:00:00,삼천포,544.2166666666666,6,6,57.02197990818728,34.95,128.07
2025-08-07 09:00:00,여수,457.34999999999997,6,6,57.284250348150174,34.74,127.74
2025-08-07 09:00:00,영동,496.0666666666666,6,6,56.83519241756071,37.18,128.46
2025-08-07 09:00:00,영흥,377.59999999999997,6,6,58.42974128453251,37.26,126.46
2025-08-07 09:00:00,예천,479.9666666666667,6,6,56.798555116897006,36.65,128.46
2025-08-07 09:00:00,창원,535.1333333333333,6,6,56.61723857322318,35.21,128.58
2025-08-07 09:00:00,탑선,473.1499999999999,6,6,58.0631410829211,35.24,126.81
2025-08-07 10:00:00,경상대,526.0500000000001,6,6,44.870502374092496,35.18,128.1
2025-08-07 10:00:00,고흥만수상,603.3666666666667,6,6,45.38530563826934,34.57,127.3
2025-08-07 10:00:00,광양항세방,293.28333333333336,6,6,45.12887675311179,34.93,127.71
2025-08-07 10:00:00,구미,349.26666666666665,6,6,44.89725083166349,36.13,128.34
2025-08-07 10:00:00,삼천포,662.25,6,6,44.8446939987521,34.95,128.07
2025-08-07 10:00:00,여수,566.9333333333334,6,6,45.065266854060674,34.74,127.74
2025-08-07 10:00:00,영동,560.5833333333334,6,6,45.06322304735007,37.18,128.46
2025-08-07 10:00:00,영흥,593.1999999999999,6,6,46.627415407932546,37.26,126.46
2025-08-07 10:00:00,예천,528.9,6,6,44.929668619114665,36.65,128.46
2025-08-07 10:00:00,창원,598.6166666666667,6,6,44.49467445465677,35.21,128.58
2025-08-07 10:00:00,탑선,550.5833333333334,6,6,45.91347216386638,35.24,126.81
2025-08-07 11:00:00,경상대,564.7500000000001,6,6,33.31379991672752,35.18,128.1
2025-08-07 11:00:00,고흥만수상,574.4166666666666,6,6,33.643482572442096,34.57,127.3
2025-08-07 11:00:00,광양항세방,558.6333333333333,6,6,33.49129095516239,34.93,127.71
2025-08-07 11:00:00,구미,311.18333333333334,6,6,33.57373796105762,36.13,128.34
2025-08-07 11:00:00,삼천포,630.2333333333332,6,6,33.23430597283175,34.95,128.07
2025-08-07 11:00:00,여수,592.4833333333335,6,6,33.38732706031901,34.74,127.74
2025-08-07 11:00:00,영동,582.2333333333332,6,6,33.99327471327871,37.18,128.46
2025-08-07 11:00:00,영흥,703.0333333333333,6,6,35.43308842620468,37.26,126.46
2025-08-07 11:00:00,예천,506.8833333333334,6,6,33.735539959803184,36.65,128.46
2025-08-07 11:00:00,창원,553.35,6,6,32.97670199963724,35.21,128.58
2025-08-07 11:00:00,탑선,573.4,6,6,34.289621088825974,35.24,126.81
2025-08-07 12:00:00,경상대,760.6833333333334,6,6,23.540880576241506,35.18,128.1
2025-08-07 12:00:00,고흥만수상,546.1666666666666,6,6,23.53109646612411,34.57,127.3
2025-08-07 12:00:00,광양항세방,583.0666666666667,6,6,23.565880025715202,34.93,127.71
2025-08-07 12:00:00,구미,389.8833333333334,6,6,24.14216787311466,36.13,128.34
2025-08-07 12:00:00,삼천포,709.3333333333334,6,6,23.38406975587648,34.95,128.07
2025-08-07 12:00:00,여수,696.0333333333333,6,6,23.408755449714462,34.74,127.74
2025-08-07 12:00:00,영동,752.9833333333332,6,6,24.906284166787657,37.18,128.46
2025-08-07 12:00:00,영흥,826.5833333333334,6,6,25.978093260277973,37.26,126.46
2025-08-07 12:00:00,예천,452.31666666666666,6,6,24.487752165492694,36.65,128.46
2025-08-07 12:00:00,창원,633.6999999999999,6,6,23.308837929201374,35.21,128.58
2025-08-07 12:00:00,탑선,530.6166666666667,6,6,24.293787758771913,35.24,126.81
2025-08-07 13:00:00,경상대,794.2833333333333,6,6,18.833346815762397,35.18,128.1
2025-08-07 13:00:00,고흥만수상,642.1166666666667,6,6,18.26814324411879,34.57,127.3
2025-08-07 13:00:00,광양항세방,741.3166666666667,6,6,18.60121225751699,34.93,127.71
2025-08-07 13:00:00,구미,447.7833333333333,6,6,19.775446939029166,36.13,128.34
2025-08-07 13:00:00,삼천포,816.8333333333335,6,6,18.604688895492785,34.95,128.07
2025-08-07 13:00:00,여수,733.6,6,6,18.41000751707743,34.74,127.74
2025-08-07 13:00:00,영동,801.4833333333332,6,6,20.822528119961234,37.18,128.46
2025-08-07 13:00:00,영흥,877.0833333333334,6,6,21.013881047059257,37.26,126.46
2025-08-07 13:00:00,예천,652.4666666666667,6,6,20.29265477919165,36.65,128.46
2025-08-07 13:00:00,창원,824.9166666666666,6,6,18.85083043570762,35.21,128.58
2025-08-07 13:00:00,탑선,609.8000000000001,6,6,18.97482475742325,35.24,126.81
2025-08-07 14:00:00,경상대,638.3166666666667,6,6,22.67655569589577,35.18,128.1
2025-08-07 14:00:00,고흥만수상,466.5,6,6,21.79423804330743,34.57,127.3
2025-08-07 14:00:00,광양항세방,669.8499999999999,6,6,22.284327919102523,34.93,127.71
2025-08-07 14:00:00,구미,462.00000000000006,6,6,23.552319094525387,36.13,128.34
2025-08-07 14:00:00,삼천포,911.3000000000001,6,6,22.479351112057785,34.95,128.07
2025-08-07 14:00:00,여수,655.6833333333333,6,6,22.14779755399681,34.74,127.74
2025-08-07 14:00:00,영동,844.6166666666667,6,6,24.45788326855528,37.18,128.46
2025-08-07 14:00:00,영흥,872.5666666666667,6,6,23.64889369519645,37.26,126.46
2025-08-07 14:00:00,예천,738.3333333333334,6,6,24.028186374431527,36.65,128.46
2025-08-07 14:00:00,창원,860.1999999999999,6,6,22.941469825000624,35.21,128.58
2025-08-07 14:00:00,탑선,545.7666666666668,6,6,22.105140588533757,35.24,126.81
2025-08-07 15:00:00,경상대,621.0500000000001,6,6,32.10402197950289,35.18,128.1
2025-08-07 15:00:00,고흥만수상,475.8666666666666,6,6,31.236266860691195,34.57,127.3
2025-08-07 15:00:00,광양항세방,655.6333333333333,6,6,31.70417946187711,34.93,127.71
2025-08-07 15:00:00,구미,332.25000000000006,6,6,32.7343070877448,36.13,128.34
2025-08-07 15:00:00,삼천포,628.2166666666667,6,6,31.97343955697489,34.95,128.07
2025-08-07 15:00:00,여수,615.9333333333334,6,6,31.635528201858897,34.74,127.74
2025-08-07 15:00:00,영동,793.7333333333332,6,6,33.343738713941036,37.18,128.46
2025-08-07 15:00:00,영흥,819.0500000000001,6,6,32.03545440687923,37.26,126.46
2025-08-07 15:00:00,예천,771.1999999999999,6,6,33.07598802139549,36.65,128.46
2025-08-07 15:00:00,창원,786.5166666666665,6,6,32.46403103456401,35.21,128.58
2025-08-07 15:00:00,탑선,592.2666666666665,6,6,31.21368614517923,35.24,126.81
2025-08-07 16:00:00,경상대,607.0166666666667,6,6,43.550398766065896,35.18,128.1
2025-08-07 16:00:00,고흥만수상,505.43333333333334,6,6,42.76581056063601,34.57,127.3
2025-08-07 16:00:00,광양항세방,552.9166666666666,6,6,43.17999818292186,34.93,127.71
2025-08-07 16:00:00,구미,493.43333333333334,6,6,43.97569629204811,36.13,128.34
2025-08-07 16:00:00,삼천포,532.95,6,6,43.47124292189324,34.95,128.07
2025-08-07 16:00:00,여수,567.1166666666667,6,6,43.15805054456681,34.74,127.74
2025-08-07 16:00:00,영동,688.4166666666666,6,6,44.34506855072577,37.18,128.46
2025-08-07 16:00:00,영흥,713.1500000000001,6,6,42.841828346697085,37.26,126.46
2025-08-07 16:00:00,예천,643.8333333333334,6,6,44.20363366116823,36.65,128.46
2025-08-07 16:00:00,창원,722.4000000000001,6,6,43.93844003611659,35.21,128.58
2025-08-07 16:00:00,탑선,625.3833333333333,6,6,42.54535656006281,35.24,126.81
2025-08-07 17:00:00,경상대,558.1166666666666,6,6,55.66202889588428,35.18,128.1
2025-08-07 17:00:00,고흥만수상,386.1499999999999,6,6,54.96692354058757,34.57,127.3
2025-08-07 17:00:00,광양항세방,423.25,6,6,55.326989077574716,34.93,127.71
2025-08-07 17:00:00,구미,502.3333333333333,6,6,55.92271266014884,36.13,128.34
2025-08-07 17:00:00,삼천포,540.2166666666667,6,6,55.6227824280598,34.95,128.07
2025-08-07 17:00:00,여수,267.86666666666673,6,6,55.339180024159496,34.74,127.74
2025-08-07 17:00:00,영동,554.3,6,6,56.10205331765715,37.18,128.46
2025-08-07 17:00:00,영흥,563.0000000000001,6,6,54.52462155732922,37.26,126.46
2025-08-07 17:00:00,예천,490.96666666666664,6,6,56.05871233503534,36.65,128.46
2025-08-07 17:00:00,창원,543.1333333333333,6,6,56.05540187166775,35.21,128.58
2025-08-07 17:00:00,탑선,527.5833333333334,6,6,54.61516023494406,35.24,126.81
2025-08-07 18:00:00,경상대,342.1166666666666,6,6,67.91747436013961,35.18,128.1
2025-08-07 18:00:00,고흥만수상,212.23333333333335,6,6,67.3140662806032,34.57,127.3
2025-08-07 18:00:00,광양항세방,295.06666666666666,6,6,67.62025861698376,34.93,127.71
2025-08-07 18:00:00,구미,249.19999999999996,6,6,68.03345906049525,36.13,128.34
2025-08-07 18:00:00,삼천포,359.13333333333327,6,6,67.9126346635611,34.95,128.07
2025-08-07 18:00:00,여수,280.73333333333335,6,6,67.6606713635832,34.74,127.74
2025-08-07 18:00:00,영동,387.25,6,6,68.0483344995614,37.18,128.46
2025-08-07 18:00:00,영흥,383.2166666666667,6,6,66.4538397378428,37.26,126.46
2025-08-07 18:00:00,예천,348.6000000000001,6,6,68.08862707540818,36.65,128.46
2025-08-07 18:00:00,창원,356.76666666666665,6,6,68.30564644395815,35.21,128.58
2025-08-07 18:00:00,탑선,381.04999999999995,6,6,66.86201508017852,35.24,126.81
2025-08-07 19:00:00,경상대,250.79999999999998,3,6,80.02681606366947,35.18,128.1
2025-08-07 19:00:00,고흥만수상,198.475,4,6,79.52210216881419,34.57,127.3
2025-08-07 19:00:00,광양항세방,194.175,4,6,79.77137923967305,34.93,127.71
2025-08-07 19:00:00,구미,158.70000000000002,3,6,80.0038116793335,36.13,128.34
2025-08-07 19:00:00,삼천포,222.9333333333333,3,6,80.05457506329276,34.95,128.07
2025-08-07 19:00:00,여수,229.825,4,6,79.83758576701518,34.74,127.74
2025-08-07 19:00:00,영동,222.45000000000002,4,6,79.86347002935484,37.18,128.46
2025-08-07 19:00:00,영흥,201.625,4,6,78.2901375989375,37.26,126.46
2025-08-07 19:00:00,예천,201.35,4,6,79.98157857839239,36.65,128.46
2025-08-07 19:00:00,창원,215.63333333333333,3,6,80.40205842502326,35.21,128.58
2025-08-07 19:00:00,탑선,195.64999999999998,4,6,78.98517941008996,35.24,126.81
2025-08-07 20:00:00,경상대,,0,4,91.74081871810955,35.18,128.1
2025-08-07 20:00:00,고흥만수상,,0,4,91.34865486395852,34.57,127.3
2025-08-07 20:00:00,광양항세방,,0,4,91.53395824682006,34.93,127.71
2025-08-07 20:00:00,구미,,0,4,91.57468867774105,36.13,128.34
2025-08-07 20:00:00,삼천포,,0,4,91.80175291460218,34.95,128.07
2025-08-07 20:00:00,여수,,0,4,91.62548395791482,34.74,127.74
2025-08-07 20:00:00,영동,,0,4,91.27773532576094,37.18,128.46
2025-08-07 20:00:00,영흥,,0,4,89.76255338660432,37.26,126.46
2025-08-07 20:00:00,예천,,0,4,91.47317149932164,36.65,128.46
2025-08-07 20:00:00,창원,,0,4,92.09471973230855,35.21,128.58
2025-08-07 20:00:00,탑선,,0,4,90.73536637564,35.24,126.81
2025-08-07 21:00:00,경상대,,0,6,102.76115285883348,35.18,128.1
2025-08-07 21:00:00,고흥만수상,,0,6,102.50387232198554,34.57,127.3
2025-08-07 21:00:00,광양항세방,,0,6,102.61348171371617,34.93,127.71
2025-08-07 21:00:00,구미,,0,6,102.44052063407537,36.13,128.34
2025-08-07 21:00:00,삼천포,,0,6,102.85746820433455,34.95,128.07
2025-08-07 21:00:00,여수,,0,6,102.73090906573479,34.74,127.74
2025-08-07 21:00:00,영동,,0,6,101.97865561100188,37.18,128.46
2025-08-07 21:00:00,영흥,,0,6,100.56808855229976,37.26,126.46
2025-08-07 21:00:00,예천,,0,6,102.25405086239371,36.65,128.46
2025-08-07 21:00:00,창원,,0,6,103.08232988303526,35.21,128.58
2025-08-07 21:00:00,탑선,,0,6,101.82096486444438,35.24,126.81
2025-08-07 22:00:00,경상대,,0,6,112.66613600929425,35.18,128.1
2025-08-07 22:00:00,고흥만수상,,0,6,112.57578198872838,34.57,127.3
2025-08-07 22:00:00,광양항세방,,0,6,112.59287397057024,34.93,127.71
2025-08-07 22:00:00,구미,,0,6,112.17589287312126,36.13,128.34
2025-08-07 22:00:00,삼천포,,0,6,112.80071931918076,34.95,128.07
2025-08-07 22:00:00,여수,,0,6,112.73680295176104,34.74,127.74
2025-08-07 22:00:00,영동,,0,6,111.53878848964511,37.18,128.46
2025-08-07 22:00:00,영흥,,0,6,110.29854663917976,37.26,126.46
2025-08-07 22:00:00,예천,,0,6,111.89710963491548,36.65,128.46
2025-08-07 22:00:00,창원,,0,6,112.93795406745107,35.21,128.58
2025-08-07 22:00:00,탑선,,0,6,111.83378966659643,35.24,126.81
2025-08-07 23:00:00,경상대,,0,6,120.83672141069118,35.18,128.1
2025-08-07 23:00:00,고흥만수상,,0,6,120.95266940277673,34.57,127.3
2025-08-07 23:00:00,광양항세방,,0,6,120.85692253417534,34.93,127.71
2025-08-07 23:00:00,구미,,0,6,120.16668486546709,36.13,128.34
2025-08-07 23:00:00,삼천포,,0,6,121.0109614110967,34.95,128.07
2025-08-07 23:00:00,여수,,0,6,121.0259643723722,34.74,127.74
2025-08-07 23:00:00,영동,,0,6,119.35230419605294,37.18,128.46
2025-08-07 23:00:00,영흥,,0,6,118.37502641063674,37.26,126.46
2025-08-07 23:00:00,예천,,0,6,119.7914192210233,36.65,128.46
2025-08-07 23:00:00,창원,,0,6,121.03556216509853,35.21,128.58
2025-08-07 23:00:00,탑선,,0,6,120.17454671033953,35.24,126.81
2025-08-08 00:00:00,경상대,,0,6,126.43544900424112,35.18,128.1
2025-08-08 00:00:00,고흥만수상,,0,6,126.79072818112206,34.57,127.3
2025-08-08 00:00:00,광양항세방,,0,6,126.56611746438548,34.93,127.71
2025-08-08 00:00:00,구미,,0,6,125.59866612657248,36.13,128.34
2025-08-08 00:00:00,삼천포,,0,6,126.64482415051188,34.95,128.07
2025-08-08 00:00:00,여수,,0,6,126.75341702319758,34.74,127.74
2025-08-08 00:00:00,영동,,0,6,124.63223346973805,37.18,128.46
2025-08-08 00:00:00,영흥,,0,6,124.0314720942369,37.26,126.46
2025-08-08 00:00:00,예천,,0,6,125.1356969805592,36.65,128.46
2025-08-08 00:00:00,창원,,0,6,126.53299848024812,35.21,128.58
2025-08-08 00:00:00,탑선,,0,6,126.02301840639547,35.24,126.81
2025-08-08 01:00:00,경상대,,0,5,128.59350417588612,35.18,128.1
2025-08-08 01:00:00,고흥만수상,,0,5,129.1857459518542,34.57,127.3
2025-08-08 01:00:00,광양항세방,,0,5,128.8363463626092,34.93,127.71
2025-08-08 01:00:00,구미,,0,5,127.64662884907528,36.13,128.34
2025-08-08 01:00:00,삼천포,,0,5,128.8230093130321,34.95,128.07
2025-08-08 01:00:00,여수,,0,5,129.0269201845793,34.74,127.74
2025-08-08 01:00:00,영동,,0,5,126.59781363665871,37.18,128.46
2025-08-08 01:00:00,영흥,,0,5,126.46876261915382,37.26,126.46
2025-08-08 01:00:00,예천,,0,5,127.12777366502871,36.65,128.46
2025-08-08 01:00:00,창원,,0,5,128.56854222147587,35.21,128.58
2025-08-08 01:00:00,탑선,,0,5,128.500038944876,35.24,126.81
2025-08-08 02:00:00,경상대,,0,6,126.8828995941457,35.18,128.1
2025-08-08 02:00:00,고흥만수상,,0,6,127.65559012730182,34.57,127.3
2025-08-08 02:00:00,광양항세방,,0,6,127.21482628480156,34.93,127.71
2025-08-08 02:00:00,구미,,0,6,125.91760721580934,36.13,128.34
2025-08-08 02:00:00,삼천포,,0,6,127.10995477762759,34.95,128.07
2025-08-08 02:00:00,여수,,0,6,127.38970522812187,34.74,127.74
2025-08-08 02:00:00,영동,,0,6,124.88578238864437,37.18,128.46
2025-08-08 02:00:00,영흥,,0,6,125.24572607140256,37.26,126.46
2025-08-08 02:00:00,예천,,0,6,125.3922736467298,36.65,128.46
2025-08-08 02:00:00,창원,,0,6,126.73725461075719,35.21,128.58
2025-08-08 02:00:00,탑선,,0,6,127.1215283107872,35.24,126.81
2025-08-08 03:00:00,경상대,,0,6,121.64796258822008,35.18,128.1
2025-08-08 03:00:00,고흥만수상,,0,6,122.51717181633865,34.57,127.3
2025-08-08 03:00:00,광양항세방,,0,6,122.0319429828005,34.93,127.71
2025-08-08 03:00:00,구미,,0,6,120.74694504597369,36.13,128.34
2025-08-08 03:00:00,삼천포,,0,6,121.85354447512938,34.95,128.07
2025-08-08 03:00:00,여수,,0,6,122.17768262887107,34.74,127.74
2025-08-08 03:00:00,영동,,0,6,119.81530230469991,37.18,128.46
2025-08-08 03:00:00,영흥,,0,6,120.5924918382014,37.26,126.46
2025-08-08 03:00:00,예천,,0,6,120.25910178774227,36.65,128.46
2025-08-08 03:00:00,창원,,0,6,121.40601822707059,35.21,128.58
2025-08-08 03:00:00,탑선,,0,6,122.16669654274095,35.24,126.81
2025-08-08 04:00:00,경상대,,0,6,113.73383181420574,35.18,128.1
2025-08-08 04:00:00,고흥만수상,,0,6,114.62981477486795,34.57,127.3
2025-08-08 04:00:00,광양항세방,,0,6,114.13771477311298,34.93,127.71
2025-08-08 04:00:00,구미,,0,6,112.94245800059373,36.13,128.34
2025-08-08 04:00:00,삼천포,,0,6,113.90867845700603,34.95,128.07
2025-08-08 04:00:00,여수,,0,6,114.24991682187441,34.74,127.74
2025-08-08 04:00:00,영동,,0,6,112.15292151633442,37.18,128.46
2025-08-08 04:00:00,영흥,,0,6,113.23881544259402,37.26,126.46
2025-08-08 04:00:00,예천,,0,6,112.51625223050856,36.65,128.46
2025-08-08 04:00:00,창원,,0,6,113.42583729886175,35.21,128.58
2025-08-08 04:00:00,탑선,,0,6,114.4559792945738,35.24,126.81
2025-08-08 05:00:00,경상대,,0,6,103.99763479527502,35.18,128.1
2025-08-08 05:00:00,고흥만수상,,0,6,104.87748191959034,34.57,127.3
2025-08-08 05:00:00,광양항세방,,0,6,104.40078194470622,34.93,127.71
2025-08-08 05:00:00,구미,,0,6,103.33110348195324,36.13,128.34
2025-08-08 05:00:00,삼천포,,0,6,104.1396543298007,34.95,128.07
2025-08-08 05:00:00,여수,,0,6,104.48052618469568,34.74,127.74
2025-08-08 05:00:00,영동,,0,6,102.6946265182865,37.18,128.46
2025-08-08 05:00:00,영흥,,0,6,103.99214663470615,37.26,126.46
2025-08-08 05:00:00,예천,,0,6,102.97471224933447,36.65,128.46
2025-08-08 05:00:00,창원,,0,6,103.64794731723819,35.21,128.58
2025-08-08 05:00:00,탑선,,0,6,104.85700045985881,35.24,126.81
2025-08-08 06:00:00,경상대,,0,6,93.08564413996511,35.18,128.1
2025-08-08 06:00:00,고흥만수상,,0,6,93.92540594839102,34.57,127.3
2025-08-08 06:00:00,광양항세방,,0,6,93.47604450071492,34.93,127.71
2025-08-08 06:00:00,구미,,0,6,92.54578707399367,36.13,128.34
2025-08-08 06:00:00,삼천포,,0,6,93.19555838628919,34.95,128.07
2025-08-08 06:00:00,여수,,0,6,93.5259342412569,34.74,127.74
2025-08-08 06:00:00,영동,,0,6,92.06060660667049,37.18,128.46
2025-08-08 06:00:00,영흥,,0,6,93.49824823371706,37.26,126.46
2025-08-08 06:00:00,예천,,0,6,92.26027292817948,36.65,128.46
2025-08-08 06:00:00,창원,,0,6,92.7109939610455,35.21,128.58
2025-08-08 06:00:00,탑선,,0,6,94.0351448711715,35.24,126.81
2025-08-08 07:00:00,경상대,176.9,2,6,81.43975924292695,35.18,128.1
2025-08-08 07:00:00,고흥만수상,171.7,1,6,82.22439725455867,34.57,127.3
2025-08-08 07:00:00,광양항세방,182.1,2,6,81.80971042277153,34.93,127.71
2025-08-08 07:00:00,구미,161.2,2,6,81.02630730282264,36.13,128.34
2025-08-08 07:00:00,삼천포,222.6,2,6,81.51845347730858,34.95,128.07
2025-08-08 07:00:00,여수,195.35,2,6,81.83186492424547,34.74,127.74
2025-08-08 07:00:00,영동,138.5,2,6,80.68966728757539,37.18,128.46
2025-08-08 07:00:00,영흥,158.9,1,6,82.21697119844865,37.26,126.46
2025-08-08 07:00:00,예천,188.5,2,6,80.8116434102315,36.65,128.46
2025-08-08 07:00:00,창원,155.60000000000002,2,6,81.0514890562845,35.21,128.58
2025-08-08 07:00:00,탑선,210.8,1,6,82.44726361392891,35.24,126.81
2025-08-08 08:00:00,경상대,337.02000000000004,5,5,69.3700789284495,35.18,128.1
2025-08-08 08:00:00,고흥만수상,361.67999999999995,5,5,70.08613612521049,34.57,127.3
2025-08-08 08:00:00,광양항세방,282.82000000000005,5,5,69.71287985227139,34.93,127.71
2025-08-08 08:00:00,구미,275.18,5,5,69.08686993542608,36.13,128.34
2025-08-08 08:00:00,삼천포,373.91999999999996,5,5,69.41725933409722,34.95,128.07
2025-08-08 08:00:00,여수,342.34,5,5,69.70810323695106,34.74,127.74
2025-08-08 08:00:00,영동,218.88000000000002,5,5,68.90130444445298,37.18,128.46
2025-08-08 08:00:00,영흥,289.48,5,5,70.48003427557106,37.26,126.46
2025-08-08 08:00:00,예천,324.34000000000003,5,5,68.94532195345414,36.65,128.46
2025-08-08 08:00:00,창원,266.85999999999996,5,5,68.97674851512093,35.21,128.58
2025-08-08 08:00:00,탑선,234.9,5,5,70.41213289243261,35.24,126.81
2025-08-08 09:00:00,경상대,451.43999999999994,5,5,57.129855585226444,35.18,128.1
2025-08-08 09:00:00,고흥만수상,445.9200000000001,5,5,57.75914362095574,34.57,127.3
2025-08-08 09:00:00,광양항세방,439.21999999999997,5,5,57.43689563995385,34.93,127.71
2025-08-08 09:00:00,구미,520.28,5,5,56.98980564114145,36.13,128.34
2025-08-08 09:00:00,삼천포,473.34,5,5,57.1430106821008,34.95,128.07
2025-08-08 09:00:00,여수,521.44,5,5,57.404102359980705,34.74,127.74
2025-08-08 09:00:00,영동,378.62,5,5,56.968061184710535,37.18,128.46
2025-08-08 09:00:00,영흥,415.0400000000001,5,5,58.56249499985021,37.26,126.46
2025-08-08 09:00:00,예천,493.4200000000001,5,5,56.92865802490062,36.65,128.46
2025-08-08 09:00:00,창원,456.06000000000006,5,5,56.73976444368631,35.21,128.58
2025-08-08 09:00:00,탑선,440.41999999999996,5,5,58.18548458584527,35.24,126.81
2025-08-08 10:00:00,경상대,714.9799999999999,5,5,45.00223637551991,35.18,128.1
2025-08-08 10:00:00,고흥만수상,559.2,5,5,45.51247700799871,34.57,127.3
2025-08-08 10:00:00,광양항세방,546.72,5,5,45.258666574182186,34.93,127.71
2025-08-08 10:00:00,구미,677.62,5,5,45.034961206652895,36.13,128.34
2025-08-08 10:00:00,삼천포,616.46,5,5,44.974999429974275,34.95,128.07
2025-08-08 10:00:00,여수,504.84,5,5,45.193934897206546,34.74,127.74
2025-08-08 10:00:00,영동,673.28,5,5,45.20725111383434,37.18,128.46
2025-08-08 10:00:00,영흥,571.6400000000001,5,5,46.769569649924456,37.26,126.46
2025-08-08 10:00:00,예천,642.48,5,5,45.07059825596942,36.65,128.46
2025-08-08 10:00:00,창원,694.42,5,5,44.62713936048546,35.21,128.58
2025-08-08 10:00:00,탑선,584.6400000000001,5,5,46.04417922026621,35.24,126.81
2025-08-08 11:00:00,경상대,692.4666666666666,6,6,33.47331738668472,35.18,128.1
2025-08-08 11:00:00,고흥만수상,739.5666666666666,6,6,33.79676081696628,34.57,127.3
2025-08-08 11:00:00,광양항세방,559.15,6,6,33.64808530682508,34.93,127.71
2025-08-08 11:00:00,구미,754.9333333333333,6,6,33.74010894862124,36.13,128.34
2025-08-08 11:00:00,삼천포,605.9333333333333,6,6,33.39220323091368,34.95,128.07
2025-08-08 11:00:00,여수,539.2333333333333,6,6,33.54291899537647,34.74,127.74
2025-08-08 11:00:00,영동,772.1166666666667,6,6,34.16652402050044,37.18,128.46
2025-08-08 11:00:00,영흥,564.3333333333334,6,6,35.60155156360824,37.26,126.46
2025-08-08 11:00:00,예천,675.65,6,6,33.90552416094125,36.65,128.46
2025-08-08 11:00:00,창원,794.9333333333334,6,6,33.13774203450562,35.21,128.58
2025-08-08 11:00:00,탑선,724.8333333333334,6,6,34.44613802571425,35.24,126.81
2025-08-08 12:00:00,경상대,675.08,5,5,23.758351952257158,35.18,128.1
2025-08-08 12:00:00,고흥만수상,748.1,5,5,23.741282085486958,34.57,127.3
2025-08-08 12:00:00,광양항세방,574.3800000000001,5,5,23.780102194970752,34.93,127.71
2025-08-08 12:00:00,구미,794.9399999999999,5,5,24.36548023184926,36.13,128.34
2025-08-08 12:00:00,삼천포,797.0,5,5,23.60018459003885,34.95,128.07
2025-08-08 12:00:00,여수,611.7199999999999,5,5,23.622089029638715,34.74,127.74
2025-08-08 12:00:00,영동,839.5199999999999,5,5,25.13481134784557,37.18,128.46
2025-08-08 12:00:00,영흥,772.24,5,5,26.198277698222924,37.26,126.46
2025-08-08 12:00:00,예천,782.62,5,5,24.713988446528617,36.65,128.46
2025-08-08 12:00:00,창원,616.8,5,5,23.52883185158305,35.21,128.58
2025-08-08 12:00:00,탑선,711.06,5,5,24.505330717215983,35.24,126.81
2025-08-08 13:00:00,경상대,533.1,4,4,19.11451392940883,35.18,128.1
2025-08-08 13:00:00,고흥만수상,742.6249999999999,4,4,18.547546438604016,34.57,127.3
2025-08-08 13:00:00,광양항세방,683.8000000000001,4,4,18.88159304553922,34.93,127.71
2025-08-08 13:00:00,구미,574.25,4,4,20.05709052633678,36.13,128.34
2025-08-08 13:00:00,삼천포,687.65,4,4,18.885778100998763,34.95,128.07
2025-08-08 13:00:00,여수,683.725,4,4,18.69041985202911,34.74,127.74
2025-08-08 13:00:00,영동,867.1,4,4,21.10440031420258,37.18,128.46
2025-08-08 13:00:00,영흥,788.25,4,4,21.29213839689082,37.26,126.46
2025-08-08 13:00:00,예천,835.2,4,4,20.57450546513941,36.65,128.46
2025-08-08 13:00:00,창원,579.05,4,4,19.132806140893507,35.21,128.58
2025-08-08 13:00:00,탑선,852.1500000000001,4,4,19.253240052297414,35.24,126.81
2025-08-08 14:00:00,경상대,637.0333333333334,6,6,22.934711984122046,35.18,128.1
2025-08-08 14:00:00,고흥만수상,773.3166666666666,6,6,22.053255774372417,34.57,127.3
2025-08-08 14:00:00,광양항세방,760.5166666666665,6,6,22.543044374857573,34.93,127.71
2025-08-08 14:00:00,구미,736.2666666666668,6,6,23.812618213163816,36.13,128.34
2025-08-08 14:00:00,삼천포,670.85,6,6,22.73685449206627,34.95,128.07
2025-08-08 14:00:00,여수,845.0,6,6,22.405782679704586,34.74,127.74
2025-08-08 14:00:00,영동,800.0,6,6,24.720743791365436,37.18,128.46
2025-08-08 14:00:00,영흥,648.5,6,6,23.917660840572196,37.26,126.46
2025-08-08 14:00:00,예천,807.4166666666666,6,6,24.28960510298792,36.65,128.46
2025-08-08 14:00:00,창원,654.8000000000001,6,6,23.19804675924607,35.21,128.58
2025-08-08 14:00:00,탑선,828.9,6,6,22.36791688791294,35.24,126.81
2025-08-08 15:00:00,경상대,531.8666666666667,6,6,32.31524881737061,35.18,128.1
2025-08-08 15:00:00,고흥만수상,701.75,6,6,31.44609358092933,34.57,127.3
2025-08-08 15:00:00,광양항세방,591.35,6,6,31.914989705673136,34.93,127.71
2025-08-08 15:00:00,구미,686.1999999999999,6,6,32.95002410007171,36.13,128.34
2025-08-08 15:00:00,삼천포,431.76666666666665,6,6,32.18347054113158,34.95,128.07
2025-08-08 15:00:00,여수,752.1500000000001,6,6,31.84520291625595,34.74,127.74
2025-08-08 15:00:00,영동,777.9500000000002,6,6,33.564461078137,37.18,128.46
2025-08-08 15:00:00,영흥,709.85,6,6,32.26137879333194,37.26,126.46
2025-08-08 15:00:00,예천,782.8833333333332,6,6,33.29408130894313,36.65,128.46
2025-08-08 15:00:00,창원,617.75,6,6,32.67426238638705,35.21,128.58
2025-08-08 15:00:00,탑선,821.8833333333332,6,6,31.428479550453453,35.24,126.81
2025-08-08 16:00:00,경상대,545.2666666666667,6,6,43.73606629779422,35.18,128.1
2025-08-08 16:00:00,고흥만수상,585.8833333333333,6,6,42.949098740671616,34.57,127.3
2025-08-08 16:00:00,광양항세방,638.6999999999999,6,6,43.36476559148675,34.93,127.71
2025-08-08 16:00:00,구미,600.6833333333334,6,6,44.166052864673595,36.13,128.34
2025-08-08 16:00:00,삼천포,478.1166666666666,6,6,43.65572131795357,34.95,128.07
2025-08-08 16:00:00,여수,724.65,6,6,43.34176588066758,34.74,127.74
2025-08-08 16:00:00,영동,685.1999999999999,6,6,44.54059231732702,37.18,128.46
2025-08-08 16:00:00,영흥,603.15,6,6,43.04013856655544,37.26,126.46
2025-08-08 16:00:00,예천,641.3666666666667,6,6,44.39650444635606,36.65,128.46
2025-08-08 16:00:00,창원,388.5166666666667,6,6,44.12374911393547,35.21,128.58
2025-08-08 16:00:00,탑선,577.2833333333333,6,6,42.73281383028402,35.24,126.81
2025-08-08 17:00:00,경상대,274.4833333333333,6,6,55.838250727962546,35.18,128.1
2025-08-08 17:00:00,고흥만수상,484.95,6,6,55.1404563137148,34.57,127.3
2025-08-08 17:00:00,광양항세방,448.2,6,6,55.50213053598015,34.93,127.71
2025-08-08 17:00:00,구미,492.9666666666667,6,6,56.10330679157231,36.13,128.34
2025-08-08 17:00:00,삼천포,487.81666666666666,6,6,55.79792465817562,34.95,128.07
2025-08-08 17:00:00,여수,505.0666666666666,6,6,55.51340891619352,34.74,127.74
2025-08-08 17:00:00,영동,480.06666666666666,6,6,56.28741745962178,37.18,128.46
2025-08-08 17:00:00,영흥,438.21666666666664,6,6,54.711072566409214,37.26,126.46
2025-08-08 17:00:00,예천,528.3166666666667,6,6,56.24166386593811,36.65,128.46
2025-08-08 17:00:00,창원,348.2,6,6,56.23164409697394,35.21,128.58
2025-08-08 17:00:00,탑선,376.2833333333333,6,6,54.792041989708984,35.24,126.81
2025-08-08 18:00:00,경상대,227.35,6,6,68.09430094339567,35.18,128.1
2025-08-08 18:00:00,고흥만수상,275.40000000000003,6,6,67.48808978253876,34.57,127.3
2025-08-08 18:00:00,광양항세방,317.84999999999997,6,6,67.7959229037244,34.93,127.71
2025-08-08 18:00:00,구미,276.8,6,6,68.21430759532558,36.13,128.34
2025-08-08 18:00:00,삼천포,293.29999999999995,6,6,68.08848593887524,34.95,128.07
2025-08-08 18:00:00,여수,289.83333333333337,6,6,67.83554090223521,34.74,127.74
2025-08-08 18:00:00,영동,339.7666666666667,6,6,68.23351783480385,37.18,128.46
2025-08-08 18:00:00,영흥,283.16666666666663,6,6,66.63894790407029,37.26,126.46
2025-08-08 18:00:00,예천,358.7833333333333,6,6,68.2716466133037,36.65,128.46
2025-08-08 18:00:00,창원,229.0666666666667,6,6,68.48273831773056,35.21,128.58
2025-08-08 18:00:00,탑선,137.16666666666666,6,6,67.03875531409741,35.24,126.81
2025-08-08 19:00:00,경상대,173.7,2,5,80.21132661386994,35.18,128.1
2025-08-08 19:00:00,고흥만수상,122.5,3,5,79.70374418186532,34.57,127.3
2025-08-08 19:00:00,광양항세방,101.5,3,5,79.95467422492135,34.93,127.71
2025-08-08 19:00:00,구미,295.2,2,5,80.19203311537044,36.13,128.34
2025-08-08 19:00:00,삼천포,156.85000000000002,2,5,80.23819856624746,34.95,128.07
2025-08-08 19:00:00,여수,109.03333333333335,3,5,80.02018241415692,34.74,127.74
2025-08-08 19:00:00,영동,233.5,2,5,80.05563083606407,37.18,128.46
2025-08-08 19:00:00,영흥,114.23333333333335,3,5,78.48133426234845,37.26,126.46
2025-08-08 19:00:00,예천,285.35,2,5,80.17179945403295,36.65,128.46
2025-08-08 19:00:00,창원,177.60000000000002,2,5,80.58702098255691,35.21,128.58
2025-08-08 19:00:00,탑선,136.9333333333333,3,5,79.16903394898581,35.24,126.81
2025-08-08 20:00:00,경상대,,0,6,91.9388142088738,35.18,128.1
2025-08-08 20:00:00,고흥만수상,,0,6,91.54374009483983,34.57,127.3
2025-08-08 20:00:00,광양항세방,,0,6,91.7306988502424,34.93,127.71
2025-08-08 20:00:00,구미,,0,6,91.77608924729688,36.13,128.34
2025-08-08 20:00:00,삼천포,,0,6,91.99894502172184,34.95,128.07
2025-08-08 20:00:00,여수,,0,6,91.82161507378412,34.74,127.74
2025-08-08 20:00:00,영동,,0,6,91.4826806128163,37.18,128.46
2025-08-08 20:00:00,영흥,,0,6,89.96577610090091,37.26,126.46
2025-08-08 20:00:00,예천,,0,6,91.67639837049158,36.65,128.46
2025-08-08 20:00:00,창원,,0,6,92.29332915599207,35.21,128.58
2025-08-08 20:00:00,탑선,,0,6,90.93220995331058,35.24,126.81
2025-08-08 21:00:00,경상대,,0,6,102.97781002692705,35.18,128.1
2025-08-08 21:00:00,고흥만수상,,0,6,102.71764565777863,34.57,127.3
2025-08-08 21:00:00,광양항세방,,0,6,102.8288761651285,34.93,127.71
2025-08-08 21:00:00,구미,,0,6,102.6601998232312,36.13,128.34
2025-08-08 21:00:00,삼천포,,0,6,103.07342204640071,34.95,128.07
2025-08-08 21:00:00,여수,,0,6,102.94579358515948,34.74,127.74
2025-08-08 21:00:00,영동,,0,6,102.20139834223447,37.18,128.46
2025-08-08 21:00:00,영흥,,0,6,100.78845073888546,37.26,126.46
2025-08-08 21:00:00,예천,,0,6,102.4753381788427,36.65,128.46
2025-08-08 21:00:00,창원,,0,6,103.2997412629504,35.21,128.58
2025-08-08 21:00:00,탑선,,0,6,102.0360218357392,35.24,126.81
2025-08-08 22:00:00,경상대,,0,6,112.90565550234439,35.18,128.1
2025-08-08 22:00:00,고흥만수상,,0,6,112.81263525407597,34.57,127.3
2025-08-08 22:00:00,광양항세방,,0,6,112.83120909611378,34.93,127.71
2025-08-08 22:00:00,구미,,0,6,112.41785210384158,36.13,128.34
2025-08-08 22:00:00,삼천포,,0,6,113.03968064366383,34.95,128.07
2025-08-08 22:00:00,여수,,0,6,112.97475884223947,34.74,127.74
2025-08-08 22:00:00,영동,,0,6,111.78312744628438,37.18,128.46
2025-08-08 22:00:00,영흥,,0,6,110.54006659744277,37.26,126.46
2025-08-08 22:00:00,예천,,0,6,112.14035087400273,36.65,128.46
2025-08-08 22:00:00,창원,,0,6,113.17830985265121,35.21,128.58
2025-08-08 22:00:00,탑선,,0,6,112.07138249414773,35.24,126.81
2025-08-08 23:00:00,경상대,,0,6,121.10038027049974,35.18,128.1
2025-08-08 23:00:00,고흥만수상,,0,6,121.21427673217562,34.57,127.3
2025-08-08 23:00:00,광양항세방,,0,6,121.11965749918345,34.93,127.71
2025-08-08 23:00:00,구미,,0,6,120.43189694151597,36.13,128.34
2025-08-08 23:00:00,삼천포,,0,6,121.27427458795472,34.95,128.07
2025-08-08 23:00:00,여수,,0,6,121.28849053406518,34.74,127.74
2025-08-08 23:00:00,영동,,0,6,119.61893951624253,37.18,128.46
2025-08-08 23:00:00,영흥,,0,6,118.63897480530613,37.26,126.46
2025-08-08 23:00:00,예천,,0,6,120.05743086171235,36.65,128.46
2025-08-08 23:00:00,창원,,0,6,121.29998173249072,35.21,128.58
2025-08-08 23:00:00,탑선,,0,6,120.43632009315793,35.24,126.81
2025-08-09 00:00:00,경상대,,0,6,126.71761912553916,35.18,128.1
2025-08-09 00:00:00,고흥만수상,,0,6,127.07198995205758,34.57,127.3
2025-08-09 00:00:00,광양항세방,,0,6,126.84787560515063,34.93,127.71
2025-08-09 00:00:00,구미,,0,6,125.88133120037966,36.13,128.34
2025-08-09 00:00:00,삼천포,,0,6,126.92689046275315,34.95,128.07
2025-08-09 00:00:00,여수,,0,6,127.03513055234359,34.74,127.74
2025-08-09 00:00:00,영동,,0,6,124.91529455256904,37.18,128.46
2025-08-09 00:00:00,영흥,,0,6,124.31306303882789,37.26,126.46
2025-08-09 00:00:00,예천,,0,6,125.41860565491457,36.65,128.46
2025-08-09 00:00:00,창원,,0,6,126.81555792812232,35.21,128.58
2025-08-09 00:00:00,탑선,,0,6,126.30411206222657,35.24,126.81
2025-08-09 01:00:00,경상대,,0,5,128.87858320981843,35.18,128.1
2025-08-09 01:00:00,고흥만수상,,0,5,129.47121318569177,34.57,127.3
2025-08-09 01:00:00,광양항세방,,0,5,129.12162055360957,34.93,127.71
2025-08-09 01:00:00,구미,,0,5,127.93157536121973,36.13,128.34
2025-08-09 01:00:00,삼천포,,0,5,129.10810616889833,34.95,128.07
2025-08-09 01:00:00,여수,,0,5,129.3121828926465,34.74,127.74
2025-08-09 01:00:00,영동,,0,5,126.8826905110142,37.18,128.46
2025-08-09 01:00:00,영흥,,0,5,126.75450182610243,37.26,126.46
2025-08-09 01:00:00,예천,,0,5,127.41265380306866,36.65,128.46
2025-08-09 01:00:00,창원,,0,5,128.85336555181303,35.21,128.58
2025-08-09 01:00:00,탑선,,0,5,128.78569429364592,35.24,126.81
2025-08-09 02:00:00,경상대,,0,6,127.15052168283236,35.18,128.1
2025-08-09 02:00:00,고흥만수상,,0,6,127.92421973977912,34.57,127.3
2025-08-09 02:00:00,광양항세방,,0,6,127.48296762678723,34.93,127.71
2025-08-09 02:00:00,구미,,0,6,126.18543911823727,36.13,128.34
2025-08-09 02:00:00,삼천포,,0,6,127.37747701382384,34.95,128.07
2025-08-09 02:00:00,여수,,0,6,127.65767155083458,34.74,127.74
2025-08-09 02:00:00,영동,,0,6,125.15408892028108,37.18,128.46
2025-08-09 02:00:00,영흥,,0,6,125.51722904037828,37.26,126.46
2025-08-09 02:00:00,예천,,0,6,125.66024102778087,36.65,128.46
2025-08-09 02:00:00,창원,,0,6,127.00404956770052,35.21,128.58
2025-08-09 02:00:00,탑선,,0,6,127.39139240042782,35.24,126.81
2025-08-09 03:00:00,경상대,,0,6,121.88454316161463,35.18,128.1
2025-08-09 03:00:00,고흥만수상,,0,6,122.75447233932974,34.57,127.3
2025-08-09 03:00:00,광양항세방,,0,6,122.26895511366114,34.93,127.71
2025-08-09 03:00:00,구미,,0,6,120.98471248035435,36.13,128.34
2025-08-09 03:00:00,삼천포,,0,6,122.08977006574833,34.95,128.07
2025-08-09 03:00:00,여수,,0,6,122.41427875222683,34.74,127.74
2025-08-09 03:00:00,영동,,0,6,120.05466538570411,37.18,128.46
2025-08-09 03:00:00,영흥,,0,6,120.83620436291962,37.26,126.46
2025-08-09 03:00:00,예천,,0,6,120.49753438116366,36.65,128.46
2025-08-09 03:00:00,창원,,0,6,121.64156423352219,35.21,128.58
2025-08-09 03:00:00,탑선,,0,6,122.40630086594307,35.24,126.81
2025-08-09 04:00:00,경상대,,0,6,113.93674529564672,35.18,128.1
2025-08-09 04:00:00,고흥만수상,,0,6,114.83274337772511,34.57,127.3
2025-08-09 04:00:00,광양항세방,,0,6,114.34076474601447,34.93,127.71
2025-08-09 04:00:00,구미,,0,6,113.14753025489304,36.13,128.34
2025-08-09 04:00:00,삼천포,,0,6,114.1110029025312,34.95,128.07
2025-08-09 04:00:00,여수,,0,6,114.45236185367047,34.74,127.74
2025-08-09 04:00:00,영동,,0,6,112.36063522342167,37.18,128.46
2025-08-09 04:00:00,영흥,,0,6,113.45084928029011,37.26,126.46
2025-08-09 04:00:00,예천,,0,6,112.72251476235192,36.65,128.46
2025-08-09 04:00:00,창원,,0,6,113.62780422522943,35.21,128.58
2025-08-09 04:00:00,탑선,,0,6,114.66185584453429,35.24,126.81
2025-08-09 05:00:00,경상대,,0,6,104.17100236143139,35.18,128.1
2025-08-09 05:00:00,고흥만수상,,0,6,105.05014172552382,34.57,127.3
2025-08-09 05:00:00,광양항세방,,0,6,104.57396661509021,34.93,127.71
2025-08-09 05:00:00,구미,,0,6,103.50736090999386,36.13,128.34
2025-08-09 05:00:00,삼천포,,0,6,104.3122673001833,34.95,128.07
2025-08-09 05:00:00,여수,,0,6,104.65298974181663,34.74,127.74
2025-08-09 05:00:00,영동,,0,6,102.87428473803897,37.18,128.46
2025-08-09 05:00:00,영흥,,0,6,104.17549630702433,37.26,126.46
2025-08-09 05:00:00,예천,,0,6,103.15255706231203,36.65,128.46
2025-08-09 05:00:00,창원,,0,6,103.82057505719452,35.21,128.58
2025-08-09 05:00:00,탑선,,0,6,105.03288106405287,35.24,126.81
2025-08-09 06:00:00,경상대,,0,6,93.23586626685508,35.18,128.1
2025-08-09 06:00:00,고흥만수상,,0,6,94.0742792315111,34.57,127.3
2025-08-09 06:00:00,광양항세방,,0,6,93.6257933163388,34.93,127.71
2025-08-09 06:00:00,구미,,0,6,92.69944851544123,36.13,128.34
2025-08-09 06:00:00,삼천포,,0,6,93.34490690613278,34.95,128.07
2025-08-09 06:00:00,여수,,0,6,93.67488836161981,34.74,127.74
2025-08-09 06:00:00,영동,,0,6,92.21822305938878,37.18,128.46
2025-08-09 06:00:00,영흥,,0,6,93.65873772331766,37.26,126.46
2025-08-09 06:00:00,예천,,0,6,92.41582112728116,36.65,128.46
2025-08-09 06:00:00,창원,,0,6,92.86070544197317,35.21,128.58
2025-08-09 06:00:00,탑선,,0,6,94.18733039243219,35.24,126.81
2025-08-09 07:00:00,경상대,41.5,2,5,81.57360318392342,35.18,128.1
2025-08-09 07:00:00,고흥만수상,49.3,1,5,82.35628785568821,34.57,127.3
2025-08-09 07:00:00,광양항세방,113.2,2,5,81.94280469444993,34.93,127.71
2025-08-09 07:00:00,구미,143.15,2,5,81.16408169936271,36.13,128.34
2025-08-09 07:00:00,삼천포,101.2,2,5,81.65131875407658,34.95,128.07
2025-08-09 07:00:00,여수,154.3,1,5,81.9641029533934,34.74,127.74
2025-08-09 07:00:00,영동,119.3,2,5,80.83188128968166,37.18,128.46
2025-08-09 07:00:00,영흥,167.2,1,5,82.36118770249118,37.26,126.46
2025-08-09 07:00:00,예천,98.45,2,5,80.95157109174232,36.65,128.46
2025-08-09 07:00:00,창원,101.65,2,5,81.18505226647027,35.21,128.58
2025-08-09 07:00:00,탑선,158.4,1,5,82.58250976573181,35.24,126.81
2025-08-09 08:00:00,경상대,213.36666666666667,6,6,69.49453473005205,35.18,128.1
2025-08-09 08:00:00,고흥만수상,170.85,6,6,70.20797803268478,34.57,127.3
2025-08-09 08:00:00,광양항세방,128.88333333333333,6,6,69.83628413792957,34.93,127.71
2025-08-09 08:00:00,구미,197.13333333333335,6,6,69.2158006379025,36.13,128.34
2025-08-09 08:00:00,삼천포,187.1833333333333,6,6,69.54061837422603,34.95,128.07
2025-08-09 08:00:00,여수,151.4,6,6,69.83058066087162,34.74,127.74
2025-08-09 08:00:00,영동,197.0333333333333,6,6,69.03520288836069,37.18,128.46
2025-08-09 08:00:00,영흥,114.10000000000002,6,6,70.61497842628557,37.26,126.46
2025-08-09 08:00:00,예천,194.61666666666667,6,6,69.0766980989586,36.65,128.46
2025-08-09 08:00:00,창원,203.9,6,6,69.10117192831872,35.21,128.58
2025-08-09 08:00:00,탑선,184.48333333333335,6,6,70.53739155165688,35.24,126.81
2025-08-09 09:00:00,경상대,238.5666666666667,6,6,57.25303734168452,35.18,128.1
2025-08-09 09:00:00,고흥만수상,150.4,6,6,57.87886993887398,34.57,127.3
2025-08-09 09:00:00,광양항세방,270.65000000000003,6,6,57.55864190584754,34.93,127.71
2025-08-09 09:00:00,구미,288.26666666666665,6,6,57.11815546264864,36.13,128.34
2025-08-09 09:00:00,삼천포,297.43333333333334,6,6,57.26494273912912,34.95,128.07
2025-08-09 09:00:00,여수,339.9833333333333,6,6,57.52482859771839,34.74,127.74
2025-08-09 09:00:00,영동,309.1333333333333,6,6,57.102032272282905,37.18,128.46
2025-08-09 09:00:00,영흥,264.8,6,6,58.69630541709282,37.26,126.46
2025-08-09 09:00:00,예천,221.35,6,6,57.05981844261921,36.65,128.46
2025-08-09 09:00:00,창원,330.09999999999997,6,6,56.86322800911428,35.21,128.58
2025-08-09 09:00:00,탑선,227.3166666666667,6,6,58.308721207617786,35.24,126.81
2025-08-09 10:00:00,경상대,426.1333333333334,6,6,45.13544872298898,35.18,128.1
2025-08-09 10:00:00,고흥만수상,184.79999999999998,6,6,45.641038278038685,34.57,127.3
2025-08-09 10:00:00,광양항세방,377.96666666666664,6,6,45.38989556663119,34.93,127.71
2025-08-09 10:00:00,구미,322.53333333333336,6,6,45.17423793746659,36.13,128.34
2025-08-09 10:00:00,삼천포,386.34999999999997,6,6,45.10676294917948,34.95,128.07
2025-08-09 10:00:00,여수,256.15000000000003,6,6,45.324027870675536,34.74,127.74
2025-08-09 10:00:00,영동,275.8833333333333,6,6,45.35293358173048,37.18,128.46
2025-08-09 10:00:00,영흥,297.9666666666667,6,6,46.91329338939227,37.26,126.46
2025-08-09 10:00:00,예천,193.91666666666666,6,6,45.21314101752087,36.65,128.46
2025-08-09 10:00:00,창원,422.7,6,6,44.76110835393356,35.21,128.58
2025-08-09 10:00:00,탑선,258.55,6,6,46.17630880114674,35.24,126.81
2025-08-09 11:00:00,경상대,424.05,6,6,33.635233299680124,35.18,128.1
2025-08-09 11:00:00,고흥만수상,144.43333333333334,6,6,33.952343159871745,34.57,127.3
2025-08-09 11:00:00,광양항세방,185.76666666666668,6,6,33.80723518906676,34.93,127.71
2025-08-09 11:00:00,구미,209.15,6,6,33.908946621725335,36.13,128.34
2025-08-09 11:00:00,삼천포,330.23333333333335,6,6,33.55248396906744,34.95,128.07
2025-08-09 11:00:00,여수,227.45000000000002,6,6,33.70085784766719,34.74,127.74
2025-08-09 11:00:00,영동,327.25,6,6,34.34230163744974,37.18,128.46
2025-08-09 11:00:00,영흥,272.01666666666665,6,6,35.77241313615078,37.26,126.46
2025-08-09 11:00:00,예천,222.33333333333334,6,6,34.078010167705955,36.65,128.46
2025-08-09 11:00:00,창원,411.7166666666667,6,6,33.301217829118855,35.21,128.58
2025-08-09 11:00:00,탑선,218.0,6,6,34.604962659181304,35.24,126.81
2025-08-09 12:00:00,경상대,287.8666666666666,6,6,23.979372008861375,35.18,128.1
2025-08-09 12:00:00,고흥만수상,122.63333333333334,6,6,23.954969579555353,34.57,127.3
2025-08-09 12:00:00,광양항세방,164.46666666666667,6,6,23.997850162334387,34.93,127.71
2025-08-09 12:00:00,구미,222.85000000000002,6,6,24.592345225679836,36.13,128.34
2025-08-09 12:00:00,삼천포,111.46666666666665,6,6,23.819849472997902,34.95,128.07
2025-08-09 12:00:00,여수,121.10000000000001,6,6,23.838953203873757,34.74,127.74
2025-08-09 12:00:00,영동,227.6166666666667,6,6,25.366890374140667,37.18,128.46
2025-08-09 12:00:00,영흥,278.23333333333335,6,6,26.421891735496118,37.26,126.46
2025-08-09 12:00:00,예천,318.6333333333334,6,6,24.943780065617773,36.65,128.46
2025-08-09 12:00:00,창원,368.09999999999997,6,6,23.752405460445715,35.21,128.58
2025-08-09 12:00:00,탑선,209.86666666666665,6,6,24.72033348326454,35.24,126.81
2025-08-09 13:00:00,경상대,286.1666666666667,6,6,19.399955812429155,35.18,128.1
2025-08-09 13:00:00,고흥만수상,114.38333333333334,6,6,18.831179138035026,34.57,127.3
2025-08-09 13:00:00,광양항세방,130.18333333333334,6,6,19.1662257900702,34.93,127.71
2025-08-09 13:00:00,구미,266.75,6,6,20.34302190841497,36.13,128.34
2025-08-09 13:00:00,삼천포,194.86666666666667,6,6,19.171140704523026,34.95,128.07
2025-08-09 13:00:00,여수,152.95000000000002,6,6,18.975086300820863,34.74,127.74
2025-08-09 13:00:00,영동,338.95,6,6,21.390565908063564,37.18,128.46
2025-08-09 13:00:00,영흥,207.15,6,6,21.574575683938875,37.26,126.46
2025-08-09 13:00:00,예천,223.38333333333335,6,6,20.860650441683546,36.65,128.46
2025-08-09 13:00:00,창원,268.31666666666666,6,6,19.419086658809988,35.21,128.58
2025-08-09 13:00:00,탑선,202.2166666666667,6,6,19.535856687530412,35.24,126.81
2025-08-09 14:00:00,경상대,184.13333333333333,6,6,23.198374919876855,35.18,128.1
2025-08-09 14:00:00,고흥만수상,61.75,6,6,22.31778705089728,34.57,127.3
2025-08-09 14:00:00,광양항세방,127.31666666666666,6,6,22.80726680129557,34.93,127.71
2025-08-09 14:00:00,구미,241.81666666666663,6,6,24.078357154860967,36.13,128.34
2025-08-09 14:00:00,삼천포,173.91666666666666,6,6,22.99988356420276,34.95,128.07
2025-08-09 14:00:00,여수,136.54999999999998,6,6,22.66929317648649,34.74,127.74
2025-08-09 14:00:00,영동,248.63333333333335,6,6,24.988971019133672,37.18,128.46
2025-08-09 14:00:00,영흥,201.31666666666663,6,6,24.19167306924517,37.26,126.46
2025-08-09 14:00:00,예천,244.13333333333335,6,6,24.556429592310877,36.65,128.46
2025-08-09 14:00:00,창원,247.5666666666667,6,6,23.460154596568486,35.21,128.58
2025-08-09 14:00:00,탑선,139.56666666666666,6,6,22.636113671007564,35.24,126.81
2025-08-09 15:00:00,경상대,189.20000000000002,6,6,32.53215469769424,35.18,128.1
2025-08-09 15:00:00,고흥만수상,132.73333333333335,6,6,31.661639482118154,34.57,127.3
2025-08-09 15:00:00,광양항세방,76.43333333333334,6,6,32.13149628928894,34.93,127.71
2025-08-09 15:00:00,구미,249.81666666666663,6,6,33.17137926228301,36.13,128.34
2025-08-09 15:00:00,삼천포,151.6,6,6,32.399190095388,34.95,128.07
2025-08-09 15:00:00,여수,116.11666666666666,6,6,32.06058105236738,34.74,127.74
2025-08-09 15:00:00,영동,207.2166666666666,6,6,33.79077956873204,37.18,128.46
2025-08-09 15:00:00,영흥,222.95000000000002,6,6,32.492914141165265,37.26,126.46
2025-08-09 15:00:00,예천,257.3,6,6,33.51779104820672,36.65,128.46
2025-08-09 15:00:00,창원,223.9333333333333,6,6,32.890162450751255,35.21,128.58
2025-08-09 15:00:00,탑선,154.93333333333334,6,6,31.648971679690632,35.24,126.81
2025-08-09 16:00:00,경상대,128.5666666666667,6,6,43.92702631745212,35.18,128.1
2025-08-09 16:00:00,고흥만수상,123.2,6,6,43.137696498811835,34.57,127.3
2025-08-09 16:00:00,광양항세방,100.5,6,6,43.55483407182798,34.93,127.71
2025-08-09 16:00:00,구미,228.54999999999998,6,6,44.361702439324205,36.13,128.34
2025-08-09 16:00:00,삼천포,136.38333333333335,6,6,43.84549106376075,34.95,128.07
2025-08-09 16:00:00,여수,128.86666666666667,6,6,43.53077985337704,34.74,127.74
2025-08-09 16:00:00,영동,204.71666666666667,6,6,44.74141123963211,37.18,128.46
2025-08-09 16:00:00,영흥,220.01666666666665,6,6,43.24378982453565,37.26,126.46
2025-08-09 16:00:00,예천,236.81666666666663,6,6,44.59466814026787,36.65,128.46
2025-08-09 16:00:00,창원,174.08333333333334,6,6,44.314338055941654,35.21,128.58
2025-08-09 16:00:00,탑선,123.25,6,6,42.92559887179107,35.24,126.81
2025-08-09 17:00:00,경상대,148.1,6,6,56.019406609987556,35.18,128.1
2025-08-09 17:00:00,고흥만수상,137.5666666666667,6,6,55.31892265391814,34.57,127.3
2025-08-09 17:00:00,광양항세방,113.18333333333334,6,6,55.68220708661923,34.93,127.71
2025-08-09 17:00:00,구미,141.36666666666665,6,6,56.28885514321266,36.13,128.34
2025-08-09 17:00:00,삼천포,141.73333333333335,6,6,55.977995230943655,34.95,128.07
2025-08-09 17:00:00,여수,123.86666666666667,6,6,55.69256702341722,34.74,127.74
2025-08-09 17:00:00,영동,186.91666666666666,6,6,56.4777588303326,37.18,128.46
2025-08-09 17:00:00,영흥,224.3333333333333,6,6,54.902539875076556,37.26,126.46
2025-08-09 17:00:00,예천,161.41666666666669,6,6,56.42958016182653,36.65,128.46
2025-08-09 17:00:00,창원,145.05,6,6,56.412811663587114,35.21,128.58
2025-08-09 17:00:00,탑선,168.83333333333334,6,6,54.973885588176984,35.24,126.81
2025-08-09 18:00:00,경상대,107.82000000000001,5,5,68.2758175611834,35.18,128.1
2025-08-09 18:00:00,고흥만수상,112.34,5,5,67.66679235134283,34.57,127.3
2025-08-09 18:00:00,광양항세방,106.46,5,5,67.97627352730564,34.93,127.71
2025-08-09 18:00:00,구미,141.87999999999997,5,5,68.39987490925908,36.13,128.34
2025-08-09 18:00:00,삼천포,136.28,5,5,68.2690197192097,34.95,128.07
2025-08-09 18:00:00,여수,114.58,5,5,68.01508980926396,34.74,127.74
2025-08-09 18:00:00,영동,138.12,5,5,68.42345172206977,37.18,128.46
2025-08-09 18:00:00,영흥,167.54000000000002,5,5,66.82883319753252,37.26,126.46
2025-08-09 18:00:00,예천,114.0,5,5,68.45940018362715,36.65,128.46
2025-08-09 18:00:00,창원,122.52000000000001,5,5,68.6645153567997,35.21,128.58
2025-08-09 18:00:00,탑선,129.71999999999997,5,5,67.22020399584034,35.24,126.81
2025-08-09 19:00:00,경상대,84.63333333333334,3,6,80.40038904345114,35.18,128.1
2025-08-09 19:00:00,고흥만수상,90.625,4,6,79.88992041872375,34.57,127.3
2025-08-09 19:00:00,광양항세방,90.03333333333335,3,6,80.14251425590179,34.93,127.71
2025-08-09 19:00:00,구미,89.76666666666667,3,6,80.38483894169968,36.13,128.34
2025-08-09 19:00:00,삼천포,93.0,3,6,80.42636571263859,34.95,128.07
2025-08-09 19:00:00,여수,91.3,3,6,80.2073169154408,34.74,127.74
2025-08-09 19:00:00,영동,103.73333333333335,3,6,80.25241121797899,37.18,128.46
2025-08-09 19:00:00,영흥,126.975,4,6,78.67716504681727,37.26,126.46
2025-08-09 19:00:00,예천,96.8,3,6,80.36662201454152,36.65,128.46
2025-08-09 19:00:00,창원,92.23333333333333,3,6,80.77653375740171,35.21,128.58
2025-08-09 19:00:00,탑선,84.25,4,6,79.35745041428294,35.24,126.81
2025-08-09 20:00:00,경상대,,0,6,92.14131569262159,35.18,128.1
2025-08-09 20:00:00,고흥만수상,,0,6,91.7433090695852,34.57,127.3
2025-08-09 20:00:00,광양항세방,,0,6,91.93193638290353,34.93,127.71
2025-08-09 20:00:00,구미,,0,6,91.98202943336919,36.13,128.34
2025-08-09 20:00:00,삼천포,,0,6,92.20063477389077,34.95,128.07
2025-08-09 20:00:00,여수,,0,6,92.02223614852754,34.74,127.74
2025-08-09 20:00:00,영동,,0,6,91.69220106407813,37.18,128.46
2025-08-09 20:00:00,영흥,,0,6,90.17357745227186,37.26,126.46
2025-08-09 20:00:00,예천,,0,6,91.88418267377504,36.65,128.46
2025-08-09 20:00:00,창원,,0,6,92.49644570563575,35.21,128.58
2025-08-09 20:00:00,탑선,,0,6,91.13356198600361,35.24,126.81
2025-08-09 21:00:00,경상대,,0,5,103.19901089033134,35.18,128.1
2025-08-09 21:00:00,고흥만수상,,0,5,102.93593790618935,34.57,127.3
2025-08-09 21:00:00,광양항세방,,0,5,103.04880391419111,34.93,127.71
2025-08-09 21:00:00,구미,,0,5,102.88445459662215,36.13,128.34
2025-08-09 21:00:00,삼천포,,0,5,103.29391176985477,34.95,128.07
2025-08-09 21:00:00,여수,,0,5,103.16520514395216,34.74,127.74
2025-08-09 21:00:00,영동,,0,5,102.42874932494732,37.18,128.46
2025-08-09 21:00:00,영흥,,0,5,101.01341472161947,37.26,126.46
2025-08-09 21:00:00,예천,,0,5,102.70121779072704,36.65,128.46
2025-08-09 21:00:00,창원,,0,5,103.52169990719844,35.21,128.58
2025-08-09 21:00:00,탑선,,0,5,102.25561793666088,35.24,126.81
2025-08-09 22:00:00,경상대,,0,6,113.14982473843077,35.18,128.1
2025-08-09 22:00:00,고흥만수상,,0,6,113.05411518061226,34.57,127.3
2025-08-09 22:00:00,광양항세방,,0,6,113.07418411224666,34.93,127.71
2025-08-09 22:00:00,구미,,0,6,112.66448625562089,36.13,128.34
2025-08-09 22:00:00,삼천포,,0,6,113.2832855734188,34.95,128.07
2025-08-09 22:00:00,여수,,0,6,113.21734991064203,34.74,127.74
2025-08-09 22:00:00,영동,,0,6,112.03216587345854,37.18,128.46
2025-08-09 22:00:00,영흥,,0,6,110.78627340317,37.26,126.46
2025-08-09 22:00:00,예천,,0,6,112.38827991622384,36.65,128.46
2025-08-09 22:00:00,창원,,0,6,113.42332032537337,35.21,128.58
2025-08-09 22:00:00,탑선,,0,6,112.31361546369368,35.24,126.81
2025-08-09 23:00:00,경상대,,0,6,121.3688042682745,35.18,128.1
2025-08-09 23:00:00,고흥만수상,,0,6,121.48063732027734,34.57,127.3
2025-08-09 23:00:00,광양항세방,,0,6,121.38715262697526,34.93,127.71
2025-08-09 23:00:00,구미,,0,6,120.70188476858162,36.13,128.34
2025-08-09 23:00:00,삼천포,,0,6,121.54235020822941,34.95,128.07
2025-08-09 23:00:00,여수,,0,6,121.55577479955357,34.74,127.74
2025-08-09 23:00:00,영동,,0,6,119.8903598222958,37.18,128.46
2025-08-09 23:00:00,영흥,,0,6,118.90770198676347,37.26,126.46
2025-08-09 23:00:00,예천,,0,6,120.328223255059,36.65,128.46
2025-08-09 23:00:00,창원,,0,6,121.56916920568413,35.21,128.58
2025-08-09 23:00:00,탑선,,0,6,120.7028520072761,35.24,126.81
2025-08-10 00:00:00,경상대,,0,6,127.0045100143686,35.18,128.1
2025-08-10 00:00:00,고흥만수상,,0,6,127.35798557379732,34.57,127.3
2025-08-10 00:00:00,광양항세방,,0,6,127.13436094609312,34.93,127.71
2025-08-10 00:00:00,구미,,0,6,126.16870876615442,36.13,128.34
2025-08-10 00:00:00,삼천포,,0,6,127.2136790467438,34.95,128.07
2025-08-10 00:00:00,여수,,0,6,127.32157172228474,34.74,127.74
2025-08-10 00:00:00,영동,,0,6,125.20306051355489,37.18,128.46
2025-08-10 00:00:00,영흥,,0,6,124.59938665836064,37.26,126.46
2025-08-10 00:00:00,예천,,0,6,125.7062221758849,36.65,128.46
2025-08-10 00:00:00,창원,,0,6,127.1028310423338,35.21,128.58
2025-08-10 00:00:00,탑선,,0,6,126.58994274113454,35.24,126.81
2025-08-10 01:00:00,경상대,,0,5,129.16792142472013,35.18,128.1
2025-08-10 01:00:00,고흥만수상,,0,5,129.76097820342392,34.57,127.3
2025-08-10 01:00:00,광양항세방,,0,5,129.41117271178084,34.93,127.71
2025-08-10 01:00:00,구미,,0,5,128.22076925910085,36.13,128.34
2025-08-10 01:00:00,삼천포,,0,5,129.39746378683256,34.95,128.07
2025-08-10 01:00:00,여수,,0,5,129.60172235263497,34.74,127.74
2025-08-10 01:00:00,영동,,0,5,127.17180902191652,37.18,128.46
2025-08-10 01:00:00,영흥,,0,5,127.0445703973089,37.26,126.46
2025-08-10 01:00:00,예천,,0,5,127.70177561786222,36.65,128.46
2025-08-10 01:00:00,창원,,0,5,129.1424248226179,35.21,128.58
2025-08-10 01:00:00,탑선,,0,5,129.0756685936547,35.24,126.81
2025-08-10 02:00:00,경상대,,0,6,127.42148200425572,35.18,128.1
2025-08-10 02:00:00,고흥만수상,,0,6,128.196224918086,34.57,127.3
2025-08-10 02:00:00,광양항세방,,0,6,127.75446667604007,34.93,127.71
2025-08-10 02:00:00,구미,,0,6,126.45662284010372,36.13,128.34
2025-08-10 02:00:00,삼천포,,0,6,127.64833219945123,34.95,128.07
2025-08-10 02:00:00,여수,,0,6,127.92898747183763,34.74,127.74
2025-08-10 02:00:00,영동,,0,6,125.42577170510786,37.18,128.46
2025-08-10 02:00:00,영흥,,0,6,125.79223964267263,37.26,126.46
2025-08-10 02:00:00,예천,,0,6,125.93156839777194,36.65,128.46
2025-08-10 02:00:00,창원,,0,6,127.27415008531734,35.21,128.58
2025-08-10 02:00:00,탑선,,0,6,127.66468629548808,35.24,126.81
2025-08-10 03:00:00,경상대,,0,6,122.12341897036536,35.18,128.1
2025-08-10 03:00:00,고흥만수상,,0,6,122.99408025821788,34.57,127.3
2025-08-10 03:00:00,광양항세방,,0,6,122.50827134429119,34.93,127.71
2025-08-10 03:00:00,구미,,0,6,121.22482192597991,36.13,128.34
2025-08-10 03:00:00,삼천포,,0,6,122.32827756868491,34.95,128.07
2025-08-10 03:00:00,여수,,0,6,122.65316441389442,34.74,127.74
2025-08-10 03:00:00,영동,,0,6,120.29642977818123,37.18,128.46
2025-08-10 03:00:00,영흥,,0,6,121.08244640229769,37.26,126.46
2025-08-10 03:00:00,예천,,0,6,120.73833483657138,36.65,128.46
2025-08-10 03:00:00,창원,,0,6,121.87937655522967,35.21,128.58
2025-08-10 03:00:00,탑선,,0,6,122.64828851871293,35.24,126.81
2025-08-10 04:00:00,경상대,,0,6,114.1411165494444,35.18,128.1
2025-08-10 04:00:00,고흥만수상,,0,6,115.03711608541066,34.57,127.3
2025-08-10 04:00:00,광양항세방,,0,6,114.54526967870302,34.93,127.71
2025-08-10 04:00:00,구미,,0,6,113.35412766158751,36.13,128.34
2025-08-10 04:00:00,삼천포,,0,6,114.31476733273712,34.95,128.07
2025-08-10 04:00:00,여수,,0,6,114.65624458215717,34.74,127.74
2025-08-10 04:00:00,영동,,0,6,112.56995358444141,37.18,128.46
2025-08-10 04:00:00,영흥,,0,6,113.66458464285361,37.26,126.46
2025-08-10 04:00:00,예천,,0,6,112.9303393340584,36.65,128.46
2025-08-10 04:00:00,창원,,0,6,113.83120959166779,35.21,128.58
2025-08-10 04:00:00,탑선,,0,6,114.86925530539918,35.24,126.81
2025-08-10 05:00:00,경상대,,0,6,104.34528231712875,35.18,128.1
2025-08-10 05:00:00,고흥만수상,,0,6,105.22368263178981,34.57,127.3
2025-08-10 05:00:00,광양항세방,,0,6,104.74805251615203,34.93,127.71
2025-08-10 05:00:00,구미,,0,6,103.6846066446871,36.13,128.34
2025-08-10 05:00:00,삼천포,,0,6,104.48577339514864,34.95,128.07
2025-08-10 05:00:00,여수,,0,6,104.82633707417607,34.74,127.74
2025-08-10 05:00:00,영동,,0,6,103.05501810052928,37.18,128.46
2025-08-10 05:00:00,영흥,,0,6,104.35998323668528,37.26,126.46
2025-08-10 05:00:00,예천,,0,6,103.33143170256547,36.65,128.46
2025-08-10 05:00:00,창원,,0,6,103.99410490946966,35.21,128.58
2025-08-10 05:00:00,탑선,,0,6,105.20971521800226,35.24,126.81
2025-08-10 06:00:00,경상대,,0,5,93.38670932551872,35.18,128.1
2025-08-10 06:00:00,고흥만수상,,0,5,94.2237305602387,34.57,127.3
2025-08-10 06:00:00,광양항세방,,0,5,93.77614622007992,34.93,127.71
2025-08-10 06:00:00,구미,,0,5,92.85380983228072,36.13,128.34
2025-08-10 06:00:00,삼천포,,0,5,93.49485684066536,34.95,128.07
2025-08-10 06:00:00,여수,,0,5,93.82442974892912,34.74,127.74
2025-08-10 06:00:00,영동,,0,5,92.376627853587,37.18,128.46
2025-08-10 06:00:00,영흥,,0,5,93.82004797468251,37.26,126.46
2025-08-10 06:00:00,예천,,0,5,92.57211236397447,36.65,128.46
2025-08-10 06:00:00,창원,,0,5,93.0110347548817,35.21,128.58
2025-08-10 06:00:00,탑선,,0,5,94.34015835242137,35.24,126.81
2025-08-10 07:00:00,경상대,44.5,2,6,81.70798261837899,35.18,128.1
2025-08-10 07:00:00,고흥만수상,22.7,1,6,82.48866179954626,34.57,127.3
2025-08-10 07:00:00,광양항세방,11.0,1,6,82.0764130262058,34.93,127.71
2025-08-10 07:00:00,구미,194.45,2,6,81.30247236993486,36.13,128.34
2025-08-10 07:00:00,삼천포,53.900000000000006,2,6,81.78469994368417,34.95,128.07
2025-08-10 07:00:00,여수,47.8,1,6,82.09683887293508,34.74,127.74
2025-08-10 07:00:00,영동,171.85,2,6,80.97480041524972,37.18,128.46
2025-08-10 07:00:00,영흥,98.9,1,6,82.50611622402961,37.26,126.46
2025-08-10 07:00:00,예천,130.95,2,6,81.09215914111562,36.65,128.46
2025-08-10 07:00:00,창원,45.5,2,6,81.31915388764673,35.21,128.58
2025-08-10 07:00:00,탑선,58.8,1,6,82.71829645015777,35.24,126.81
2025-08-10 08:00:00,경상대,56.21666666666667,6,6,69.61962678779798,35.18,128.1
2025-08-10 08:00:00,고흥만수상,47.83333333333334,6,6,70.33039439808135,34.57,127.3
2025-08-10 08:00:00,광양항세방,39.5,6,6,69.96029851113575,34.93,127.71
2025-08-10 08:00:00,구미,277.65000000000003,6,6,69.34545082494269,36.13,128.34
2025-08-10 08:00:00,삼천포,43.93333333333334,6,6,69.66459383387375,34.95,128.07
2025-08-10 08:00:00,여수,55.13333333333333,6,6,69.953652472779,34.74,127.74
2025-08-10 08:00:00,영동,260.1666666666667,6,6,69.16991041953736,37.18,128.46
2025-08-10 08:00:00,영흥,224.80000000000004,6,6,70.7507134472972,37.26,126.46
2025-08-10 08:00:00,예천,269.3666666666667,6,6,69.20883897605977,36.65,128.46
2025-08-10 08:00:00,창원,86.11666666666667,6,6,69.22624050891511,35.21,128.58
2025-08-10 08:00:00,탑선,201.2833333333333,6,6,70.6632754037695,35.24,126.81
2025-08-10 09:00:00,경상대,103.43333333333334,6,6,57.37715998616728,35.18,128.1
2025-08-10 09:00:00,고흥만수상,208.86666666666667,6,6,57.999463588981364,34.57,127.3
2025-08-10 09:00:00,광양항세방,120.21666666666665,6,6,57.681297151577084,34.93,127.71
2025-08-10 09:00:00,구미,413.5,6,6,57.24753219491606,36.13,128.34
2025-08-10 09:00:00,삼천포,92.46666666666668,6,6,57.387795518736596,34.95,128.07
2025-08-10 09:00:00,여수,124.18333333333332,6,6,57.64644863968364,34.74,127.74
2025-08-10 09:00:00,영동,514.7333333333333,6,6,57.23712019035025,37.18,128.46
2025-08-10 09:00:00,영흥,439.8333333333333,6,6,58.831184970389565,37.26,126.46
2025-08-10 09:00:00,예천,353.7166666666667,6,6,57.1920521585109,36.65,128.46
2025-08-10 09:00:00,창원,97.86666666666666,6,6,56.98764862969195,35.21,128.58
2025-08-10 09:00:00,탑선,366.78333333333336,6,6,58.43286838218559,35.24,126.81
2025-08-10 10:00:00,경상대,314.68333333333334,6,6,45.2701727178638,35.18,128.1
2025-08-10 10:00:00,고흥만수상,257.31666666666666,6,6,45.771024190797704,34.57,127.3
2025-08-10 10:00:00,광양항세방,247.78333333333333,6,6,45.52259758611814,34.93,127.71
2025-08-10 10:00:00,구미,523.6666666666666,6,6,45.3151111786442,36.13,128.34
2025-08-10 10:00:00,삼천포,248.91666666666666,6,6,45.240018635089655,34.95,128.07
2025-08-10 10:00:00,여수,247.78333333333333,6,6,45.45558030970689,34.74,127.74
2025-08-10 10:00:00,영동,698.5333333333333,6,6,45.500296997618186,37.18,128.46
2025-08-10 10:00:00,영흥,622.1833333333333,6,6,47.05861167826768,37.26,126.46
2025-08-10 10:00:00,예천,581.5333333333334,6,6,45.35732531093767,36.65,128.46
2025-08-10 10:00:00,창원,231.75,6,6,44.89661500118531,35.21,128.58
2025-08-10 10:00:00,탑선,541.3833333333333,6,6,46.30989297146307,35.24,126.81
2025-08-10 11:00:00,경상대,185.88333333333333,6,6,33.799585914837735,35.18,128.1
2025-08-10 11:00:00,고흥만수상,68.5,6,6,34.11027139209809,34.57,127.3
2025-08-10 11:00:00,광양항세방,190.04999999999998,6,6,33.968780350819564,34.93,127.71
2025-08-10 11:00:00,구미,745.8666666666667,6,6,34.08028406896645,36.13,128.34
2025-08-10 11:00:00,삼천포,278.0,6,6,33.7151876992857,34.95,128.07
2025-08-10 11:00:00,여수,186.04999999999998,6,6,33.86118437849862,34.74,127.74
2025-08-10 11:00:00,영동,810.4,6,6,34.52063515078536,37.18,128.46
2025-08-10 11:00:00,영흥,740.7666666666668,6,6,35.94570148644626,37.26,126.46
2025-08-10 11:00:00,예천,687.2666666666668,6,6,34.25302828400783,36.65,128.46
2025-08-10 11:00:00,창원,191.64999999999998,6,6,33.467167258470994,35.21,128.58
2025-08-10 11:00:00,탑선,671.7500000000001,6,6,34.7661333632571,35.24,126.81
2025-08-10 12:00:00,경상대,329.7333333333333,6,6,24.20394860066108,35.18,128.1
2025-08-10 12:00:00,고흥만수상,167.91666666666666,6,6,24.1721735319949,34.57,127.3
2025-08-10 12:00:00,광양항세방,204.20000000000002,6,6,24.219134761525936,34.93,127.71
2025-08-10 12:00:00,구미,851.6999999999999,6,6,24.822764601375084,36.13,128.34
2025-08-10 12:00:00,삼천포,217.75,6,6,24.043073695341846,34.95,128.07
2025-08-10 12:00:00,여수,154.54999999999998,6,6,24.05935980883494,34.74,127.74
2025-08-10 12:00:00,영동,866.4333333333334,6,6,25.602517276731774,37.18,128.46
2025-08-10 12:00:00,영흥,816.0999999999999,6,6,26.64893789676063,37.26,126.46
2025-08-10 12:00:00,예천,827.6333333333333,6,6,25.177125655290183,36.65,128.46
2025-08-10 12:00:00,창원,209.51666666666665,6,6,23.979564510120582,35.21,128.58
2025-08-10 12:00:00,탑선,756.25,6,6,24.93880846283278,35.24,126.81
2025-08-10 13:00:00,경상대,436.1666666666667,6,6,19.689607492680864,35.18,128.1
2025-08-10 13:00:00,고흥만수상,263.6333333333334,6,6,19.11898097982457,34.57,127.3
2025-08-10 13:00:00,광양항세방,395.9166666666667,6,6,19.45504766770199,34.93,127.71
2025-08-10 13:00:00,구미,881.0,6,6,20.63317434423773,36.13,128.34
2025-08-10 13:00:00,삼천포,347.38333333333327,6,6,19.460712055722055,34.95,128.07
2025-08-10 13:00:00,여수,255.6,6,6,19.263944060091816,34.74,127.74
2025-08-10 13:00:00,영동,895.0666666666667,6,6,21.680957054993698,37.18,128.46
2025-08-10 13:00:00,영흥,846.75,6,6,21.8611334847498,37.26,126.46
2025-08-10 13:00:00,예천,874.9333333333334,6,6,21.151022140418945,36.65,128.46
2025-08-10 13:00:00,창원,428.98333333333335,6,6,19.709604649338317,35.21,128.58
2025-08-10 13:00:00,탑선,811.9666666666667,6,6,19.82261601845083,35.24,126.81
2025-08-10 14:00:00,경상대,766.5666666666667,6,6,23.46744385406859,35.18,128.1
2025-08-10 14:00:00,고흥만수상,384.2,6,6,22.58772955416144,34.57,127.3
2025-08-10 14:00:00,광양항세방,480.15000000000003,6,6,23.07689381179941,34.93,127.71
2025-08-10 14:00:00,구미,850.0333333333333,6,6,24.34943653798723,36.13,128.34
2025-08-10 14:00:00,삼천포,521.3666666666667,6,6,23.26833738370651,34.95,128.07
2025-08-10 14:00:00,여수,635.2333333333333,6,6,22.938227450080845,34.74,127.74
2025-08-10 14:00:00,영동,890.2666666666665,6,6,25.262466713826868,37.18,128.46
2025-08-10 14:00:00,영흥,840.6166666666668,6,6,24.470831557425967,37.26,126.46
2025-08-10 14:00:00,예천,849.7166666666666,6,6,24.828561086303722,36.65,128.46
2025-08-10 14:00:00,창원,436.2,6,6,23.72769330905078,35.21,128.58
2025-08-10 14:00:00,탑선,809.4833333333332,6,6,22.909629221968785,35.24,126.81
2025-08-10 15:00:00,경상대,784.7833333333333,6,6,32.75466940646256,35.18,128.1
2025-08-10 15:00:00,고흥만수상,347.0333333333333,6,6,31.88283472403227,34.57,127.3
2025-08-10 15:00:00,광양항세방,697.5666666666667,6,6,32.35362904127542,34.93,127.71
2025-08-10 15:00:00,구미,783.8499999999999,6,6,33.39830012264164,36.13,128.34
2025-08-10 15:00:00,삼천포,586.2166666666666,6,6,32.6205286382966,34.95,128.07
2025-08-10 15:00:00,여수,591.2166666666666,6,6,32.28159307035915,34.74,127.74
2025-08-10 15:00:00,영동,828.8333333333334,6,6,34.02261932556493,37.18,128.46
2025-08-10 15:00:00,영흥,780.7333333333332,6,6,32.72998220131064,37.26,126.46
2025-08-10 15:00:00,예천,781.4333333333334,6,6,33.74704365153068,36.65,128.46
2025-08-10 15:00:00,창원,678.2333333333333,6,6,33.111661757799226,35.21,128.58
2025-08-10 15:00:00,탑선,733.9500000000002,6,6,31.875089788929678,35.24,126.81
2025-08-10 16:00:00,경상대,703.9,6,6,44.12322368707876,35.18,128.1
2025-08-10 16:00:00,고흥만수상,376.18333333333334,6,6,43.331550155971364,34.57,127.3
2025-08-10 16:00:00,광양항세방,536.6666666666667,6,6,43.75014905036139,34.93,127.71
2025-08-10 16:00:00,구미,603.4333333333334,6,6,44.56258733064114,36.13,128.34
2025-08-10 16:00:00,삼천포,619.95,6,6,44.040497672233236,34.95,128.07
2025-08-10 16:00:00,여수,587.2,6,6,43.72503845895436,34.74,127.74
2025-08-10 16:00:00,영동,680.3166666666666,6,6,44.947464925195334,37.18,128.46
2025-08-10 16:00:00,영흥,691.9166666666666,6,6,43.452720486919276,37.26,126.46
2025-08-10 16:00:00,예천,567.0333333333334,6,6,44.79806572207308,36.65,128.46
2025-08-10 16:00:00,창원,702.0,6,6,44.51015182427535,35.21,128.58
2025-08-10 16:00:00,탑선,684.7166666666666,6,6,43.12365580144451,35.24,126.81
2025-08-10 17:00:00,경상대,407.23333333333335,6,6,56.205442018887744,35.18,128.1
2025-08-10 17:00:00,고흥만수상,359.5833333333333,6,6,55.502269496686246,34.57,127.3
2025-08-10 17:00:00,광양항세방,325.18333333333334,6,6,55.86716481029844,34.93,127.71
2025-08-10 17:00:00,구미,524.25,6,6,56.47930120346565,36.13,128.34
2025-08-10 17:00:00,삼천포,547.9000000000001,6,6,56.162940109832455,34.95,128.07
2025-08-10 17:00:00,여수,492.9166666666666,6,6,55.876600823063164,34.74,127.74
2025-08-10 17:00:00,영동,529.0166666666668,6,6,56.67301882400117,37.18,128.46
2025-08-10 17:00:00,영흥,461.65000000000003,6,6,55.098964905772185,37.26,126.46
2025-08-10 17:00:00,예천,528.9,6,6,56.62240365552624,36.65,128.46
2025-08-10 17:00:00,창원,429.09999999999997,6,6,56.59884988697154,35.21,128.58
2025-08-10 17:00:00,탑선,587.2666666666665,6,6,55.160636619134834,35.24,126.81
2025-08-10 18:00:00,경상대,346.86666666666673,6,6,68.46196454005121,35.18,128.1
2025-08-10 18:00:00,고흥만수상,330.7,6,6,67.85011555116475,34.57,127.3
2025-08-10 18:00:00,광양항세방,233.6833333333333,6,6,68.16125134342647,34.93,127.71
2025-08-10 18:00:00,구미,344.48333333333335,6,6,68.5900998840086,36.13,128.34
2025-08-10 18:00:00,삼천포,345.09999999999997,6,6,68.45417667483338,34.95,128.07
2025-08-10 18:00:00,여수,299.5833333333333,6,6,68.19925920424785,34.74,127.74
2025-08-10 18:00:00,영동,329.23333333333335,6,6,68.61807354660064,37.18,128.46
2025-08-10 18:00:00,영흥,310.7166666666667,6,6,67.0234335865556,37.26,126.46
2025-08-10 18:00:00,예천,284.93333333333334,6,6,68.65182589903488,36.65,128.46
2025-08-10 18:00:00,창원,176.01666666666668,6,6,68.85091763909148,35.21,128.58
2025-08-10 18:00:00,탑선,358.8666666666666,6,6,67.40630190698263,35.24,126.81
2025-08-10 19:00:00,경상대,246.0666666666667,3,6,80.5939364800872,35.18,128.1
2025-08-10 19:00:00,고흥만수상,218.13333333333333,3,6,80.08056499037254,34.57,127.3
2025-08-10 19:00:00,광양항세방,170.36666666666665,3,6,80.33483289047605,34.93,127.71
2025-08-10 19:00:00,구미,178.83333333333334,3,6,80.5821612953977,36.13,128.34
2025-08-10 19:00:00,삼천포,250.93333333333337,3,6,80.61900985991159,34.95,128.07
2025-08-10 19:00:00,여수,188.86666666666667,3,6,80.39892299363808,34.74,127.74
2025-08-10 19:00:00,영동,178.1,3,6,80.45374231318083,37.18,128.46
2025-08-10 19:00:00,영흥,214.75,4,6,78.87756188831739,37.26,126.46
2025-08-10 19:00:00,예천,203.9333333333333,3,6,80.56597787159733,36.65,128.46
2025-08-10 19:00:00,창원,205.33333333333334,3,6,80.97052961077966,35.21,128.58
2025-08-10 19:00:00,탑선,239.65,4,6,79.550362515794,35.24,126.81
2025-08-10 20:00:00,경상대,,0,6,92.34824876835071,35.18,128.1
2025-08-10 20:00:00,고흥만수상,,0,6,91.94728809186796,34.57,127.3
2025-08-10 20:00:00,광양항세방,,0,6,92.13759675886699,34.93,127.71
2025-08-10 20:00:00,구미,,0,6,92.19243425133631,36.13,128.34
2025-08-10 20:00:00,삼천포,,0,6,92.4067479007282,34.95,128.07
2025-08-10 20:00:00,여수,,0,6,92.22727317978027,34.74,127.74
2025-08-10 20:00:00,영동,,0,6,91.90622113344459,37.18,128.46
2025-08-10 20:00:00,영흥,,0,6,90.38588270496466,37.26,126.46
2025-08-10 20:00:00,예천,,0,6,92.09644911816093,36.65,128.46
2025-08-10 20:00:00,창원,,0,6,92.70399473723508,35.21,128.58
2025-08-10 20:00:00,탑선,,0,6,91.33934865856953,35.24,126.81
2025-08-10 21:00:00,경상대,,0,6,103.4246745382715,35.18,128.1
2025-08-10 21:00:00,고흥만수상,,0,6,103.15866853220462,34.57,127.3
2025-08-10 21:00:00,광양항세방,,0,6,103.27318422353615,34.93,127.71
2025-08-10 21:00:00,구미,,0,6,103.11320384797362,36.13,128.34
2025-08-10 21:00:00,삼천포,,0,6,103.51885650226615,34.95,128.07
2025-08-10 21:00:00,여수,,0,6,103.38906301775589,34.74,127.74
2025-08-10 21:00:00,영동,,0,6,102.66062729141025,37.18,128.46
2025-08-10 21:00:00,영흥,,0,6,101.24289986264252,37.26,126.46
2025-08-10 21:00:00,예천,,0,6,102.93160849195871,36.65,128.46
2025-08-10 21:00:00,창원,,0,6,103.74812473019978,35.21,128.58
2025-08-10 21:00:00,탑선,,0,6,102.47967272142903,35.24,126.81
2025-08-10 22:00:00,경상대,,0,6,113.3985589414709,35.18,128.1
2025-08-10 22:00:00,고흥만수상,,0,6,113.30013699439013,34.57,127.3
2025-08-10 22:00:00,광양항세방,,0,6,113.32171424988246,34.93,127.71
2025-08-10 22:00:00,구미,,0,6,112.91571068583146,36.13,128.34
2025-08-10 22:00:00,삼천포,,0,6,113.53144929495689,34.95,128.07
2025-08-10 22:00:00,여수,,0,6,113.46449134982238,34.74,127.74
2025-08-10 22:00:00,영동,,0,6,112.2858192784195,37.18,128.46
2025-08-10 22:00:00,영흥,,0,6,111.03708279612388,37.26,126.46
2025-08-10 22:00:00,예천,,0,6,112.64081218906985,36.65,128.46
2025-08-10 22:00:00,창원,,0,6,113.67290065678992,35.21,128.58
2025-08-10 22:00:00,탑선,,0,6,112.56040398681384,35.24,126.81
2025-08-10 23:00:00,경상대,,0,6,121.64190889222884,35.18,128.1
2025-08-10 23:00:00,고흥만수상,,0,6,121.75166638414868,34.57,127.3
2025-08-10 23:00:00,광양항세방,,0,6,121.6593232860814,34.93,127.71
2025-08-10 23:00:00,구미,,0,6,120.9765640796231,36.13,128.34
2025-08-10 23:00:00,삼천포,,0,6,121.81510370124138,34.95,128.07
2025-08-10 23:00:00,여수,,0,6,121.8277324954702,34.74,127.74
2025-08-10 23:00:00,영동,,0,6,120.16648106680898,37.18,128.46
2025-08-10 23:00:00,영흥,,0,6,119.18112365591651,37.26,126.46
2025-08-10 23:00:00,예천,,0,6,120.6037122553436,36.65,128.46
2025-08-10 23:00:00,창원,,0,6,121.84304015660594,35.21,128.58
2025-08-10 23:00:00,탑선,,0,6,120.97405776564071,35.24,126.81
2025-08-11 00:00:00,경상대,,0,6,127.29604021514632,35.18,128.1
2025-08-11 00:00:00,고흥만수상,,0,6,127.64863342954669,34.57,127.3
2025-08-11 00:00:00,광양항세방,,0,6,127.42549195746844,34.93,127.71
2025-08-11 00:00:00,구미,,0,6,126.46071741885544,36.13,128.34
2025-08-11 00:00:00,삼천포,,0,6,127.50510843785185,34.95,128.07
2025-08-11 00:00:00,여수,,0,6,127.6126590043823,34.74,127.74
2025-08-11 00:00:00,영동,,0,6,125.4954499710106,37.18,128.46
2025-08-11 00:00:00,영흥,,0,6,124.89036125791696,37.26,126.46
2025-08-11 00:00:00,예천,,0,6,125.99846515999553,36.65,128.46
2025-08-11 00:00:00,창원,,0,6,127.39473644884615,35.21,128.58
2025-08-11 00:00:00,탑선,,0,6,126.88042875393923,35.24,126.81
2025-08-11 01:00:00,경상대,,0,5,129.46143745744206,35.18,128.1
2025-08-11 01:00:00,고흥만수상,,0,5,130.05495972218736,34.57,127.3
2025-08-11 01:00:00,광양항세방,,0,5,129.70492151617586,34.93,127.71
2025-08-11 01:00:00,구미,,0,5,128.51412925223792,36.13,128.34
2025-08-11 01:00:00,삼천포,,0,5,129.69100078244253,34.95,128.07
2025-08-11 01:00:00,여수,,0,5,129.8954572180773,34.74,127.74
2025-08-11 01:00:00,영동,,0,5,127.46508798909608,37.18,128.46
2025-08-11 01:00:00,영흥,,0,5,127.3388873821193,37.26,126.46
2025-08-11 01:00:00,예천,,0,5,127.9950578645052,36.65,128.46
2025-08-11 01:00:00,창원,,0,5,129.43563858645052,35.21,128.58
2025-08-11 01:00:00,탑선,,0,5,129.369880700578,35.24,126.81
2025-08-11 02:00:00,경상대,,0,6,127.69569624141633,35.18,128.1
2025-08-11 02:00:00,고흥만수상,,0,6,128.47152100247996,34.57,127.3
2025-08-11 02:00:00,광양항세방,,0,6,128.02923897751248,34.93,127.71
2025-08-11 02:00:00,구미,,0,6,126.73107469790327,36.13,128.34
2025-08-11 02:00:00,삼천포,,0,6,127.92243585708877,34.95,128.07
2025-08-11 02:00:00,여수,,0,6,128.2035683980048,34.74,127.74
2025-08-11 02:00:00,영동,,0,6,125.70074772956323,37.18,128.46
2025-08-11 02:00:00,영흥,,0,6,126.0706749985901,37.26,126.46
2025-08-11 02:00:00,예천,,0,6,126.20617240839678,36.65,128.46
2025-08-11 02:00:00,창원,,0,6,127.54747183037384,35.21,128.58
2025-08-11 02:00:00,탑선,,0,6,127.94132585703782,35.24,126.81
2025-08-11 03:00:00,경상대,,0,6,122.3645093514647,35.18,128.1
2025-08-11 03:00:00,고흥만수상,,0,6,123.235913954041,34.57,127.3
2025-08-11 03:00:00,광양항세방,,0,6,122.74981058483587,34.93,127.71
2025-08-11 03:00:00,구미,,0,6,121.46719358331887,36.13,128.34
2025-08-11 03:00:00,삼천포,,0,6,122.56898612113284,34.95,128.07
2025-08-11 03:00:00,여수,,0,6,122.89425838752743,34.74,127.74
2025-08-11 03:00:00,영동,,0,6,120.54051649865056,37.18,128.46
2025-08-11 03:00:00,영흥,,0,6,121.33113797575604,37.26,126.46
2025-08-11 03:00:00,예천,,0,6,120.98142380016687,36.65,128.46
2025-08-11 03:00:00,창원,,0,6,122.1193748414158,35.21,128.58
2025-08-11 03:00:00,탑선,,0,6,122.89257816295347,35.24,126.81
2025-08-11 04:00:00,경상대,,0,6,114.34687831145479,35.18,128.1
2025-08-11 04:00:00,고흥만수상,,0,6,115.24286456905674,34.57,127.3
2025-08-11 04:00:00,광양항세방,,0,6,114.7511618052367,34.93,127.71
2025-08-11 04:00:00,구미,,0,6,113.56218345378012,36.13,128.34
2025-08-11 04:00:00,삼천포,,0,6,114.51990439017914,34.95,128.07
2025-08-11 04:00:00,여수,,0,6,114.8614972221411,34.74,127.74
2025-08-11 04:00:00,영동,,0,6,112.78081019646487,37.18,128.46
2025-08-11 04:00:00,영흥,,0,6,113.87995311409661,37.26,126.46
2025-08-11 04:00:00,예천,,0,6,113.13965942632079,36.65,128.46
2025-08-11 04:00:00,창원,,0,6,114.03598667836881,35.21,128.58
2025-08-11 04:00:00,탑선,,0,6,115.07810901335036,35.24,126.81
2025-08-11 05:00:00,경상대,,0,6,104.52042589619172,35.18,128.1
2025-08-11 05:00:00,고흥만수상,,0,6,105.39805504908979,34.57,127.3
2025-08-11 05:00:00,광양항세방,,0,6,104.92299046813132,34.93,127.71
2025-08-11 05:00:00,구미,,0,6,103.86279187767194,36.13,128.34
2025-08-11 05:00:00,삼천포,,0,6,104.6601238930683,34.95,128.07
2025-08-11 05:00:00,여수,,0,6,105.00051910721808,34.74,127.74
2025-08-11 05:00:00,영동,,0,6,103.23677755885763,37.18,128.46
2025-08-11 05:00:00,영흥,,0,6,104.54555594026105,37.26,126.46
2025-08-11 05:00:00,예천,,0,6,103.51128731888355,36.65,128.46
2025-08-11 05:00:00,창원,,0,6,104.16848871306864,35.21,128.58
2025-08-11 05:00:00,탑선,,0,6,105.3874524833486,35.24,126.81
2025-08-11 06:00:00,경상대,,0,6,93.53814396260582,35.18,128.1
2025-08-11 06:00:00,고흥만수상,,0,6,94.37373008131435,34.57,127.3
2025-08-11 06:00:00,광양항세방,,0,6,93.92707357823537,34.93,127.71
2025-08-11 06:00:00,구미,,0,6,93.00884114901291,36.13,128.34
2025-08-11 06:00:00,삼천포,,0,6,93.64537899708782,34.95,128.07
2025-08-11 06:00:00,여수,,0,6,93.97452896996249,34.74,127.74
2025-08-11 06:00:00,영동,,0,6,92.53579034894194,37.18,128.46
2025-08-11 06:00:00,영흥,,0,6,93.98214586989397,37.26,126.46
2025-08-11 06:00:00,예천,,0,6,92.72911645842352,36.65,128.46
2025-08-11 06:00:00,창원,,0,6,93.16195312654943,35.21,128.58
2025-08-11 06:00:00,탑선,,0,6,94.49359771385585,35.24,126.81
2025-08-11 07:00:00,경상대,119.89999999999999,2,5,81.84288680720263,35.18,128.1
2025-08-11 07:00:00,고흥만수상,163.3,1,5,82.62150816019559,34.57,127.3
2025-08-11 07:00:00,광양항세방,163.7,1,5,82.2105245315884,34.93,127.71
2025-08-11 07:00:00,구미,140.4,2,5,81.44146763404119,36.13,128.34
2025-08-11 07:00:00,삼천포,183.35000000000002,2,5,81.9185865660216,34.95,128.07
2025-08-11 07:00:00,여수,207.1,1,5,82.23006207400108,34.74,127.74
2025-08-11 07:00:00,영동,155.3,2,5,81.11841175804501,37.18,128.46
2025-08-11 07:00:00,영흥,124.2,1,5,82.6517414787637,37.26,126.46
2025-08-11 07:00:00,예천,166.3,2,5,81.233395342028,36.65,128.46
2025-08-11 07:00:00,창원,143.55,2,5,81.45378371341872,35.21,128.58
2025-08-11 07:00:00,탑선,156.6,1,5,82.85461131137582,35.24,126.81
2025-08-11 08:00:00,경상대,143.56666666666666,6,6,69.7453618636234,35.18,128.1
2025-08-11 08:00:00,고흥만수상,255.08333333333334,6,6,70.45339212359285,34.57,127.3
2025-08-11 08:00:00,광양항세방,164.13333333333335,6,6,70.08492972617373,34.93,127.71
2025-08-11 08:00:00,구미,253.0,6,6,69.4758258664248,36.13,128.34
2025-08-11 08:00:00,삼천포,301.99999999999994,6,6,69.78919283914846,34.95,128.07
2025-08-11 08:00:00,여수,331.93333333333334,6,6,70.07732578659912,34.74,127.74
2025-08-11 08:00:00,영동,240.63333333333335,6,6,69.30543068250569,37.18,128.46
2025-08-11 08:00:00,영흥,149.39999999999998,6,6,70.88724073906107,37.26,126.46
2025-08-11 08:00:00,예천,203.2166666666667,6,6,69.34174916788146,36.65,128.46
2025-08-11 08:00:00,창원,249.76666666666668,6,6,69.3519615031069,35.21,128.58
2025-08-11 08:00:00,탑선,249.4,6,6,70.78978966143856,35.24,126.81
2025-08-11 09:00:00,경상대,237.7833333333333,6,6,57.50224661345823,35.18,128.1
2025-08-11 09:00:00,고흥만수상,363.96666666666664,6,6,58.12094826215745,34.57,127.3
2025-08-11 09:00:00,광양항세방,397.7833333333333,6,6,57.80488465954256,34.93,127.71
2025-08-11 09:00:00,구미,467.6333333333334,6,6,57.377956896642864,36.13,128.34
2025-08-11 09:00:00,삼천포,427.75,6,6,57.511592630961346,34.95,128.07
2025-08-11 09:00:00,여수,479.78333333333336,6,6,57.76898624618727,34.74,127.74
2025-08-11 09:00:00,영동,300.45,6,6,57.373343563940146,37.18,128.46
2025-08-11 09:00:00,영흥,184.46666666666667,6,6,58.96715024905022,37.26,126.46
2025-08-11 09:00:00,예천,401.63333333333327,6,6,57.325379087320755,36.65,128.46
2025-08-11 09:00:00,창원,531.7666666666667,6,6,57.113049819599546,35.21,128.58
2025-08-11 09:00:00,탑선,269.3666666666666,6,6,58.5579477344517,35.24,126.81
2025-08-11 10:00:00,경상대,439.3,6,6,45.406445304655776,35.18,128.1
2025-08-11 10:00:00,고흥만수상,232.98333333333332,6,6,45.902473180525966,34.57,127.3
2025-08-11 10:00:00,광양항세방,432.48333333333335,6,6,45.656810154332995,34.93,127.71
2025-08-11 10:00:00,구미,566.7166666666666,6,6,45.45761469997776,36.13,128.34
2025-08-11 10:00:00,삼천포,631.65,6,6,45.37480421525922,34.95,128.07
2025-08-11 10:00:00,여수,461.1833333333332,6,6,45.58863041782431,34.74,127.74
2025-08-11 10:00:00,영동,428.81666666666666,6,6,45.64937150119628,37.18,128.46
2025-08-11 10:00:00,영흥,294.6333333333334,6,6,47.20555324793885,37.26,126.46
2025-08-11 10:00:00,예천,525.8333333333334,6,6,45.50318314462711,36.65,128.46
2025-08-11 10:00:00,창원,671.0500000000001,6,6,45.03369648814465,35.21,128.58
2025-08-11 10:00:00,탑선,274.34999999999997,6,6,46.44496749686419,35.24,126.81
2025-08-11 11:00:00,경상대,638.5166666666665,6,6,33.96641603704632,35.18,128.1
2025-08-11 11:00:00,고흥만수상,219.13333333333333,6,6,34.27058991357528,34.57,127.3
2025-08-11 11:00:00,광양항세방,390.0833333333333,6,6,34.13276311806153,34.93,127.71
2025-08-11 11:00:00,구미,473.2,6,6,34.25415693331769,36.13,128.34
2025-08-11 11:00:00,삼천포,588.3333333333334,6,6,33.88035647543128,34.95,128.07
2025-08-11 11:00:00,여수,471.2833333333333,6,6,34.02394191827494,34.74,127.74
2025-08-11 11:00:00,영동,348.26666666666665,6,6,34.701554729970155,37.18,128.46
2025-08-11 11:00:00,영흥,312.5,6,6,36.121447706188334,37.26,126.46
2025-08-11 11:00:00,예천,410.8666666666666,6,6,34.430611376362286,36.65,128.46
2025-08-11 11:00:00,창원,795.2666666666665,6,6,33.63563069679583,35.21,128.58
2025-08-11 11:00:00,탑선,322.96666666666664,6,6,34.92969118269028,35.24,126.81
2025-08-11 12:00:00,경상대,504.20000000000005,6,6,24.432090617670767,35.18,128.1
2025-08-11 12:00:00,고흥만수상,268.9833333333333,6,6,24.39290946676337,34.57,127.3
2025-08-11 12:00:00,광양항세방,341.8,6,6,24.443967824688087,34.93,127.71
2025-08-11 12:00:00,구미,444.8,6,6,25.056741339819993,36.13,128.34
2025-08-11 12:00:00,삼천포,541.7333333333333,6,6,24.26986753071698,34.95,128.07
2025-08-11 12:00:00,여수,374.0333333333333,6,6,24.28332163278384,34.74,127.74
2025-08-11 12:00:00,영동,301.15000000000003,6,6,25.84168952274692,37.18,128.46
2025-08-11 12:00:00,영흥,194.29999999999998,6,6,26.879420233899673,37.26,126.46
2025-08-11 12:00:00,예천,448.6666666666667,6,6,25.41402518344728,36.65,128.46
2025-08-11 12:00:00,창원,751.7833333333333,6,6,24.210315775436428,35.21,128.58
2025-08-11 12:00:00,탑선,197.6833333333333,6,6,25.160769185988755,35.24,126.81
2025-08-11 13:00:00,경상대,334.26666666666665,6,6,19.983405786520635,35.18,128.1
2025-08-11 13:00:00,고흥만수상,206.54999999999998,6,6,19.41089329419917,34.57,127.3
2025-08-11 13:00:00,광양항세방,256.2666666666667,6,6,19.74799760491335,34.93,127.71
2025-08-11 13:00:00,구미,456.6666666666666,6,6,20.927482928499714,36.13,128.34
2025-08-11 13:00:00,삼천포,326.2333333333333,6,6,19.75442928029001,34.95,128.07
2025-08-11 13:00:00,여수,257.5833333333333,6,6,19.556932067644482,34.74,127.74
2025-08-11 13:00:00,영동,277.1333333333333,6,6,21.975507776319546,37.18,128.46
2025-08-11 13:00:00,영흥,384.7666666666667,6,6,22.1517541927699,37.26,126.46
2025-08-11 13:00:00,예천,406.06666666666666,6,6,21.445554847260595,36.65,128.46
2025-08-11 13:00:00,창원,482.03333333333336,6,6,20.00429458797109,35.21,128.58
2025-08-11 13:00:00,탑선,196.53333333333333,6,6,20.113461101989742,35.24,126.81
2025-08-11 14:00:00,경상대,198.46,5,5,23.74181734711651,35.18,128.1
2025-08-11 14:00:00,고흥만수상,164.72,5,5,22.862980287743113,34.57,127.3
2025-08-11 14:00:00,광양항세방,90.7,5,5,23.35182329303224,34.93,127.71
2025-08-11 14:00:00,구미,377.34,5,5,24.62575633920021,36.13,128.34
2025-08-11 14:00:00,삼천포,207.77999999999997,5,5,23.542114167279067,34.95,128.07
2025-08-11 14:00:00,여수,153.84,5,5,23.212483122528184,34.74,127.74
2025-08-11 14:00:00,영동,299.14,5,5,25.541132177996488,37.18,128.46
2025-08-11 14:00:00,영흥,427.56000000000006,5,5,24.755037551352018,37.26,126.46
2025-08-11 14:00:00,예천,356.64000000000004,5,5,25.10590026427954,36.65,128.46
2025-08-11 14:00:00,창원,354.97999999999996,5,5,24.000561935717982,35.21,128.58
2025-08-11 14:00:00,탑선,206.32,5,5,23.188361457389504,35.24,126.81
2025-08-11 15:00:00,경상대,178.79999999999998,6,6,32.98271911093793,35.18,128.1
2025-08-11 15:00:00,고흥만수상,149.08333333333334,6,6,32.10960570818955,34.57,127.3
2025-08-11 15:00:00,광양항세방,149.61666666666667,6,6,32.581314119536415,34.93,127.71
2025-08-11 15:00:00,구미,295.15000000000003,6,6,33.630710879052884,36.13,128.34
2025-08-11 15:00:00,삼천포,92.55,6,6,32.84741290033067,34.95,128.07
2025-08-11 15:00:00,여수,112.94999999999999,6,6,32.50816569744934,34.74,127.74
2025-08-11 15:00:00,영동,180.38333333333333,6,6,34.25990242697052,37.18,128.46
2025-08-11 15:00:00,영흥,490.45,6,6,32.972501865016994,37.26,126.46
2025-08-11 15:00:00,예천,405.56666666666666,6,6,33.98176232162098,36.65,128.46
2025-08-11 15:00:00,창원,212.96666666666667,6,6,33.338687197633874,35.21,128.58
2025-08-11 15:00:00,탑선,247.39999999999998,6,6,32.10675762971478,35.24,126.81
2025-08-11 16:00:00,경상대,226.4666666666667,6,6,44.32459944176321,35.18,128.1
2025-08-11 16:00:00,고흥만수상,167.4333333333333,6,6,43.53060208856468,34.57,127.3
2025-08-11 16:00:00,광양항세방,196.76666666666665,6,6,43.95065207811593,34.93,127.71
2025-08-11 16:00:00,구미,229.25,6,6,44.76864619219019,36.13,128.34
2025-08-11 16:00:00,삼천포,142.25,6,6,44.24068278931392,34.95,128.07
2025-08-11 16:00:00,여수,143.53333333333333,6,6,43.92448378558208,34.74,127.74
2025-08-11 16:00:00,영동,118.23333333333333,6,6,45.15868950127493,37.18,128.46
2025-08-11 16:00:00,영흥,318.1833333333334,6,6,43.66686545616114,37.26,126.46
2025-08-11 16:00:00,예천,226.53333333333333,6,6,45.00663459978905,36.65,128.46
2025-08-11 16:00:00,창원,165.64999999999998,6,6,44.711131565409886,35.21,128.58
2025-08-11 16:00:00,탑선,201.29999999999998,6,6,43.32692490525603,35.24,126.81
2025-08-11 17:00:00,경상대,246.46666666666667,6,6,56.39629889778738,35.18,128.1
2025-08-11 17:00:00,고흥만수상,92.85000000000001,6,6,55.69044015907113,34.57,127.3
2025-08-11 17:00:00,광양항세방,135.48333333333332,6,6,56.0569462181451,34.93,127.71
2025-08-11 17:00:00,구미,239.1833333333333,6,6,56.674585036305196,36.13,128.34
2025-08-11 17:00:00,삼천포,188.33333333333334,6,6,56.352701698801695,34.95,128.07
2025-08-11 17:00:00,여수,141.20000000000002,6,6,56.06545320259936,34.74,127.74
2025-08-11 17:00:00,영동,208.5666666666667,6,6,56.873135529920106,37.18,128.46
2025-08-11 17:00:00,영흥,226.58333333333334,6,6,55.30028575319193,37.26,126.46
2025-08-11 17:00:00,예천,113.71666666666665,6,6,56.8200734154942,36.65,128.46
2025-08-11 17:00:00,창원,193.13333333333333,6,6,56.78970056239881,35.21,128.58
2025-08-11 17:00:00,탑선,179.01666666666668,6,6,55.35223711657567,35.24,126.81
2025-08-11 18:00:00,경상대,64.75,6,6,68.65267901459623,35.18,128.1
2025-08-11 18:00:00,고흥만수상,105.51666666666667,6,6,68.03799768616824,34.57,127.3
2025-08-11 18:00:00,광양항세방,27.266666666666666,6,6,68.35079398661848,34.93,127.71
2025-08-11 18:00:00,구미,175.63333333333335,6,6,68.78491829364516,36.13,128.34
2025-08-11 18:00:00,삼천포,66.39999999999999,6,6,68.64389426445828,34.95,128.07
2025-08-11 18:00:00,여수,26.233333333333334,6,6,68.3879869706248,34.74,127.74
2025-08-11 18:00:00,영동,162.11666666666665,6,6,68.81731767767661,37.18,128.46
2025-08-11 18:00:00,영흥,272.73333333333335,6,6,67.22268399153938,37.26,126.46
2025-08-11 18:00:00,예천,185.06666666666663,6,6,68.84885881095852,36.65,128.46
2025-08-11 18:00:00,창원,132.6,6,6,69.04188206353787,35.21,128.58
2025-08-11 18:00:00,탑선,167.16666666666666,6,6,67.5969866140051,35.24,126.81
2025-08-11 19:00:00,경상대,52.833333333333336,3,6,80.7918992008111,35.18,128.1
2025-08-11 19:00:00,고흥만수상,70.53333333333333,3,6,80.27560909563992,34.57,127.3
2025-08-11 19:00:00,광양항세방,138.29999999999998,3,6,80.53156080921514,34.93,127.71
2025-08-11 19:00:00,구미,135.23333333333332,3,6,80.78392953648867,36.13,128.34
2025-08-11 19:00:00,삼천포,0.0,3,6,80.81606149785459,34.95,128.07
2025-08-11 19:00:00,여수,124.3,3,6,80.59493148145495,34.74,127.74
2025-08-11 19:00:00,영동,99.83333333333333,3,6,80.65955256203466,37.18,128.46
2025-08-11 19:00:00,영흥,156.1,4,6,79.08245398768402,37.26,126.46
2025-08-11 19:00:00,예천,102.60000000000001,3,6,80.76979590029033,36.65,128.46
2025-08-11 19:00:00,창원,32.733333333333334,3,6,81.16893856633347,35.21,128.58
2025-08-11 19:00:00,탑선,132.17499999999998,4,6,79.7477010877651,35.24,126.81
2025-08-11 20:00:00,경상대,,0,6,92.55953655604569,35.18,128.1
2025-08-11 20:00:00,고흥만수상,,0,6,92.15560092497994,34.57,127.3
2025-08-11 20:00:00,광양항세방,,0,6,92.34760338637321,34.93,127.71
2025-08-11 20:00:00,구미,,0,6,92.40722630788036,36.13,128.34
2025-08-11 20:00:00,삼천포,,0,6,92.61720763666018,34.95,128.07
2025-08-11 20:00:00,여수,,0,6,92.4366496474379,34.74,127.74
2025-08-11 20:00:00,영동,,0,6,92.12466294095371,37.18,128.46
2025-08-11 20:00:00,영흥,,0,6,90.60261474401122,37.26,126.46
2025-08-11 20:00:00,예천,,0,6,92.31312004245676,36.65,128.46
2025-08-11 20:00:00,창원,,0,6,92.91589914223673,35.21,128.58
2025-08-11 20:00:00,탑선,,0,6,91.54949364777652,35.24,126.81
2025-08-11 21:00:00,경상대,,0,6,103.65471801767382,35.18,128.1
2025-08-11 21:00:00,고흥만수상,,0,6,103.38575489179044,34.57,127.3
2025-08-11 21:00:00,광양항세방,,0,6,103.50193428406644,34.93,127.71
2025-08-11 21:00:00,구미,,0,6,103.34636450045431,36.13,128.34
2025-08-11 21:00:00,삼천포,,0,6,103.74817331249461,34.95,128.07
2025-08-11 21:00:00,여수,,0,6,103.61728439872482,34.74,127.74
2025-08-11 21:00:00,영동,,0,6,102.89694907812732,37.18,128.46
2025-08-11 21:00:00,영흥,,0,6,101.47682356909185,37.26,126.46
2025-08-11 21:00:00,예천,,0,6,103.16642714489791,36.65,128.46
2025-08-11 21:00:00,창원,,0,6,103.97893262181498,35.21,128.58
2025-08-11 21:00:00,탑선,,0,6,102.70810366444672,35.24,126.81
2025-08-11 22:00:00,경상대,,0,5,113.65177186585503,35.18,128.1
2025-08-11 22:00:00,고흥만수상,,0,5,113.55061437498844,34.57,127.3
2025-08-11 22:00:00,광양항세방,,0,5,113.57371323605565,34.93,127.71
2025-08-11 22:00:00,구미,,0,5,113.17143935675855,36.13,128.34
2025-08-11 22:00:00,삼천포,,0,5,113.78408550840092,34.95,128.07
2025-08-11 22:00:00,여수,,0,5,113.71609683724299,34.74,127.74
2025-08-11 22:00:00,영동,,0,5,112.54400184821891,37.18,128.46
2025-08-11 22:00:00,영흥,,0,5,111.29240911312083,37.26,126.46
2025-08-11 22:00:00,예천,,0,5,112.89786176487478,36.65,128.46
2025-08-11 22:00:00,창원,,0,5,113.92696457230485,35.21,128.58
2025-08-11 22:00:00,탑선,,0,5,112.81166195239916,35.24,126.81
2025-08-11 23:00:00,경상대,,0,6,121.91960895542505,35.18,128.1
2025-08-11 23:00:00,고흥만수상,,0,6,122.02727838006086,34.57,127.3
2025-08-11 23:00:00,광양항세방,,0,6,121.9360841310552,34.93,127.71
2025-08-11 23:00:00,구미,,0,6,121.25585000152182,36.13,128.34
2025-08-11 23:00:00,삼천포,,0,6,122.09244980588923,34.95,128.07
2025-08-11 23:00:00,여수,,0,6,122.1042782251051,34.74,127.74
2025-08-11 23:00:00,영동,,0,6,120.44721866166883,37.18,128.46
2025-08-11 23:00:00,영흥,,0,6,119.45915485938517,37.26,126.46
2025-08-11 23:00:00,예천,,0,6,120.88381314706167,36.65,128.46
2025-08-11 23:00:00,창원,,0,6,122.12150951369475,35.21,128.58
2025-08-11 23:00:00,탑선,,0,6,121.24985193041064,35.24,126.81
2025-08-12 00:00:00,경상대,,0,4,127.59212858834684,35.18,128.1
2025-08-12 00:00:00,고흥만수상,,0,4,127.94385214396623,34.57,127.3
2025-08-12 00:00:00,광양항세방,,0,4,127.72118739106914,34.93,127.71
2025-08-12 00:00:00,구미,,0,4,126.75727611433462,36.13,128.34
2025-08-12 00:00:00,삼천포,,0,4,127.80109747831162,34.95,128.07
2025-08-12 00:00:00,여수,,0,4,127.90831114751737,34.74,127.74
2025-08-12 00:00:00,영동,,0,4,125.79238194250951,37.18,128.46
2025-08-12 00:00:00,영흥,,0,4,125.18590541566722,37.26,126.46
2025-08-12 00:00:00,예천,,0,4,126.29525360776648,36.65,128.46
2025-08-12 00:00:00,창원,,0,4,127.69119312316951,35.21,128.58
2025-08-12 00:00:00,탑선,,0,4,127.17548864144126,35.24,126.81
2025-08-12 01:00:00,경상대,,0,5,129.75905113739628,35.18,128.1
2025-08-12 01:00:00,고흥만수상,,0,5,130.35307760355425,34.57,127.3
2025-08-12 01:00:00,광양항세방,,0,5,130.00278681567937,34.93,127.71
2025-08-12 01:00:00,구미,,0,5,128.81157526581728,36.13,128.34
2025-08-12 01:00:00,삼천포,,0,5,129.98863695963016,34.95,128.07
2025-08-12 01:00:00,여수,,0,5,130.19330731155003,34.74,127.74
2025-08-12 01:00:00,영동,,0,5,127.7624474656356,37.18,128.46
2025-08-12 01:00:00,영흥,,0,5,127.63737296349697,37.26,126.46
2025-08-12 01:00:00,예천,,0,5,128.29242052559084,36.65,128.46
2025-08-12 01:00:00,창원,,0,5,129.73292661278435,35.21,128.58
2025-08-12 01:00:00,탑선,,0,5,129.66825059745722,35.24,126.81
2025-08-12 02:00:00,경상대,,0,6,127.9730819053371,35.18,128.1
2025-08-12 02:00:00,고흥만수상,,0,6,128.750025118302,34.57,127.3
2025-08-12 02:00:00,광양항세방,,0,6,128.30720188398084,34.93,127.71
2025-08-12 02:00:00,구미,,0,6,127.00871285777478,36.13,128.34
2025-08-12 02:00:00,삼천포,,0,6,128.19970533304485,34.95,128.07
2025-08-12 02:00:00,여수,,0,6,128.48133154275976,34.74,127.74
2025-08-12 02:00:00,영동,,0,6,125.97893584534668,37.18,128.46
2025-08-12 02:00:00,영흥,,0,6,126.35245400909338,37.26,126.46
2025-08-12 02:00:00,예천,,0,6,126.48397157158038,36.65,128.46
2025-08-12 02:00:00,창원,,0,6,127.82393231892601,35.21,128.58
2025-08-12 02:00:00,탑선,,0,6,128.22122871916685,35.24,126.81
2025-08-12 03:00:00,경상대,,0,6,122.60773611853354,35.18,128.1
2025-08-12 03:00:00,고흥만수상,,0,6,123.47989424785422,34.57,127.3
2025-08-12 03:00:00,광양항세방,,0,6,122.99349420434714,34.93,127.71
2025-08-12 03:00:00,구미,,0,6,121.71175013692637,36.13,128.34
2025-08-12 03:00:00,삼천포,,0,6,122.81181733622559,34.95,128.07
2025-08-12 03:00:00,여수,,0,6,123.13748190757383,34.74,127.74
2025-08-12 03:00:00,영동,,0,6,120.78684904794338,37.18,128.46
2025-08-12 03:00:00,영흥,,0,6,121.58220149820995,37.26,126.46
2025-08-12 03:00:00,예천,,0,6,121.22672440521947,36.65,128.46
2025-08-12 03:00:00,창원,,0,6,122.3614812403803,35.21,128.58
2025-08-12 03:00:00,탑선,,0,6,123.13909087629548,35.24,126.81
2025-08-12 04:00:00,경상대,,0,6,114.5539663938199,35.18,128.1
2025-08-12 04:00:00,고흥만수상,,0,6,115.4499235598633,34.57,127.3
2025-08-12 04:00:00,광양항세방,,0,6,114.95837642716334,34.93,127.71
2025-08-12 04:00:00,구미,,0,6,113.7716339277361,36.13,128.34
2025-08-12 04:00:00,삼천포,,0,6,114.72634979788015,34.95,128.07
2025-08-12 04:00:00,여수,,0,6,115.06805506136547,34.74,127.74
2025-08-12 04:00:00,영동,,0,6,112.9931416998421,37.18,128.46
2025-08-12 04:00:00,영흥,,0,6,114.09688924807271,37.26,126.46
2025-08-12 04:00:00,예천,,0,6,113.35041157529012,36.65,128.46
2025-08-12 04:00:00,창원,,0,6,114.24207185869315,35.21,128.58
2025-08-12 04:00:00,탑선,,0,6,115.28835133112912,35.24,126.81
2025-08-12 05:00:00,경상대,,0,6,104.69638779430299,35.18,128.1
2025-08-12 05:00:00,고흥만수상,,0,6,105.57321285130602,34.57,127.3
2025-08-12 05:00:00,광양항세방,,0,6,105.09873475243957,34.93,127.71
2025-08-12 05:00:00,구미,,0,6,104.0418712388792,36.13,128.34
2025-08-12 05:00:00,삼천포,,0,6,104.83527354045701,34.95,128.07
2025-08-12 05:00:00,여수,,0,6,105.1754902339001,34.74,127.74
2025-08-12 05:00:00,영동,,0,6,103.41951747536294,37.18,128.46
2025-08-12 05:00:00,영흥,,0,6,104.7321662988915,37.26,126.46
2025-08-12 05:00:00,예천,,0,6,103.69207848518965,36.65,128.46
2025-08-12 05:00:00,창원,,0,6,104.34368177781653,35.21,128.58
2025-08-12 05:00:00,탑선,,0,6,105.56604585412293,35.24,126.81
2025-08-12 06:00:00,경상대,,0,6,93.69014444378325,35.18,128.1
2025-08-12 06:00:00,고흥만수상,,0,6,94.52425157179323,34.57,127.3
2025-08-12 06:00:00,광양항세방,,0,6,94.07854938031466,34.93,127.71
2025-08-12 06:00:00,구미,,0,6,93.16451618348621,36.13,128.34
2025-08-12 06:00:00,삼천포,,0,6,93.7964478080044,34.95,128.07
2025-08-12 06:00:00,여수,,0,6,94.1251602204052,34.74,127.74
2025-08-12 06:00:00,영동,,0,6,92.69568346867142,37.18,128.46
2025-08-12 06:00:00,영흥,,0,6,94.14500183538554,37.26,126.46
2025-08-12 06:00:00,예천,,0,6,92.88680680988485,36.65,128.46
2025-08-12 06:00:00,창원,,0,6,93.31343540546237,35.21,128.58
2025-08-12 06:00:00,탑선,,0,6,94.64762104632932,35.24,126.81
2025-08-12 07:00:00,경상대,158.5,2,6,81.97830861934558,35.18,128.1
2025-08-12 07:00:00,고흥만수상,67.9,1,6,82.75481963696284,34.57,127.3
2025-08-12 07:00:00,광양항세방,0.0,1,6,82.34513193941551,34.93,127.71
2025-08-12 07:00:00,구미,190.65,2,6,81.58105939392769,36.13,128.34
2025-08-12 07:00:00,삼천포,0.0,1,6,82.05297175501475,34.95,128.07
2025-08-12 07:00:00,여수,0.0,1,6,82.36376556781829,34.74,127.74
2025-08-12 07:00:00,영동,172.35,2,6,81.26270596634268,37.18,128.46
2025-08-12 07:00:00,영흥,165.2,1,6,82.79805173741542,37.26,126.46
2025-08-12 07:00:00,예천,121.2,2,6,81.3752710468709,36.65,128.46
2025-08-12 07:00:00,창원,131.5,2,6,81.58893514359923,35.21,128.58
2025-08-12 07:00:00,탑선,95.1,1,6,82.99144560222435,35.24,126.81
2025-08-12 08:00:00,경상대,150.21666666666667,6,6,69.87175017880888,35.18,128.1
2025-08-12 08:00:00,고흥만수상,98.73333333333333,6,6,70.57698159408214,34.57,127.3
2025-08-12 08:00:00,광양항세방,73.8,6,6,70.21018800696375,34.93,127.71
2025-08-12 08:00:00,구미,245.6833333333333,6,6,69.6069345654779,36.13,128.34
2025-08-12 08:00:00,삼천포,48.6,6,6,69.91442598144125,34.95,128.07
2025-08-12 08:00:00,여수,78.11666666666666,6,6,70.20161119018974,34.74,127.74
2025-08-12 08:00:00,영동,293.31666666666666,6,6,69.44177072726428,37.18,128.46
2025-08-12 08:00:00,영흥,275.7333333333333,6,6,71.02456512618487,37.26,126.46
2025-08-12 08:00:00,예천,181.95000000000002,6,6,69.47543667644102,36.65,128.46
2025-08-12 08:00:00,창원,148.61666666666665,6,6,69.47834561040993,35.21,128.58
2025-08-12 08:00:00,탑선,162.73333333333332,6,6,70.91694300869466,35.24,126.81
2025-08-12 09:00:00,경상대,105.76666666666665,6,6,57.62832347619193,35.18,128.1
2025-08-12 09:00:00,고흥만수상,139.51666666666665,6,6,58.24335084120233,34.57,127.3
2025-08-12 09:00:00,광양항세방,75.60000000000001,6,6,57.929430885495805,34.93,127.71
2025-08-12 09:00:00,구미,334.6166666666667,6,6,57.50945375459572,36.13,128.34
2025-08-12 09:00:00,삼천포,111.31666666666666,6,6,57.636360850251094,34.95,128.07
2025-08-12 09:00:00,여수,105.7,6,6,57.89246835502729,34.74,127.74
2025-08-12 09:00:00,영동,470.5166666666667,6,6,57.51072411688935,37.18,128.46
2025-08-12 09:00:00,영흥,436.90000000000003,6,6,59.10422098507736,37.26,126.46
2025-08-12 09:00:00,예천,249.95000000000002,6,6,57.4598222558828,36.65,128.46
2025-08-12 09:00:00,창원,45.9,6,6,57.23945823860034,35.21,128.58
2025-08-12 09:00:00,탑선,243.6833333333333,6,6,58.683984075262046,35.24,126.81
2025-08-12 10:00:00,경상대,174.03333333333333,6,6,45.544306001610046,35.18,128.1
2025-08-12 10:00:00,고흥만수상,214.46666666666667,6,6,46.03542630927369,34.57,127.3
2025-08-12 10:00:00,광양항세방,204.25,6,6,45.79257339195377,34.93,127.71
2025-08-12 10:00:00,구미,403.4166666666667,6,6,45.60178481291528,36.13,128.34
2025-08-12 10:00:00,삼천포,145.78333333333333,6,6,45.5111599976914,34.95,128.07
2025-08-12 10:00:00,여수,176.8166666666667,6,6,45.72321900050011,34.74,127.74
2025-08-12 10:00:00,영동,492.5,6,6,45.80018974841498,37.18,128.46
2025-08-12 10:00:00,영흥,598.2333333333332,6,6,47.354149438281816,37.26,126.46
2025-08-12 10:00:00,예천,268.8833333333333,6,6,45.650749052714076,36.65,128.46
2025-08-12 10:00:00,창원,118.88333333333333,6,6,45.172392549227844,35.21,128.58
2025-08-12 10:00:00,탑선,146.23333333333335,6,6,46.58157077843353,35.24,126.81
2025-08-12 11:00:00,경상대,330.95,6,6,34.13576586588753,35.18,128.1
2025-08-12 11:00:00,고흥만수상,92.14999999999999,6,6,34.433344584203134,34.57,127.3
2025-08-12 11:00:00,광양항세방,219.71666666666667,6,6,34.299227243665584,34.93,127.71
2025-08-12 11:00:00,구미,367.38333333333327,6,6,34.43060226236511,36.13,128.34
2025-08-12 11:00:00,삼천포,291.23333333333335,6,6,34.04803374190503,34.95,128.07
2025-08-12 11:00:00,여수,298.81666666666666,6,6,34.189175216024985,34.74,127.74
2025-08-12 11:00:00,영동,681.0500000000001,6,6,34.88509198030298,37.18,128.46
2025-08-12 11:00:00,영흥,717.4833333333332,6,6,36.299684493659726,37.26,126.46
2025-08-12 11:00:00,예천,470.1499999999999,6,6,34.610793725268074,36.65,128.46
2025-08-12 11:00:00,창원,184.5666666666667,6,6,33.80664986508096,35.21,128.58
2025-08-12 11:00:00,탑선,70.26666666666665,6,6,35.09567868620534,35.24,126.81
2025-08-12 12:00:00,경상대,230.65,6,6,24.663806839506364,35.18,128.1
2025-08-12 12:00:00,고흥만수상,22.05,6,6,24.61719269024492,34.57,127.3
2025-08-12 12:00:00,광양항세방,141.46666666666667,6,6,24.672361030970976,34.93,127.71
2025-08-12 12:00:00,구미,271.34999999999997,6,6,25.294278519841967,36.13,128.34
2025-08-12 12:00:00,삼천포,271.81666666666666,6,6,24.500241088020942,34.95,128.07
2025-08-12 12:00:00,여수,84.01666666666667,6,6,24.51085126328411,34.74,127.74
2025-08-12 12:00:00,영동,787.6166666666667,6,6,26.084404888916644,37.18,128.46
2025-08-12 12:00:00,영흥,789.0833333333334,6,6,27.113343182694045,37.26,126.46
2025-08-12 12:00:00,예천,485.06666666666666,6,6,25.6544788225266,36.65,128.46
2025-08-12 12:00:00,창원,293.7666666666667,6,6,24.444665910978898,35.21,128.58
2025-08-12 12:00:00,탑선,217.33333333333334,6,6,25.386229150005434,35.24,126.81
2025-08-12 13:00:00,경상대,116.61666666666667,6,6,20.281288423804213,35.18,128.1
2025-08-12 13:00:00,고흥만수상,41.36666666666667,6,6,19.706858198407872,34.57,127.3
2025-08-12 13:00:00,광양항세방,33.11666666666667,6,6,20.045015388063007,34.93,127.71
2025-08-12 13:00:00,구미,203.25,6,6,21.22588372939748,36.13,128.34
2025-08-12 13:00:00,삼천포,96.83333333333333,6,6,20.05223040284929,34.95,128.07
2025-08-12 13:00:00,여수,74.10000000000001,6,6,19.8539901125973,34.74,127.74
2025-08-12 13:00:00,영동,668.5833333333334,6,6,22.274153107593705,37.18,128.46
2025-08-12 13:00:00,영흥,821.8333333333334,6,6,22.44638110088387,37.26,126.46
2025-08-12 13:00:00,예천,578.0666666666667,6,6,21.744183846658558,36.65,128.46
2025-08-12 13:00:00,창원,278.6333333333334,6,6,20.303091908680628,35.21,128.58
2025-08-12 13:00:00,탑선,182.75,6,6,20.408335778288148,35.24,126.81
2025-08-12 14:00:00,경상대,100.93333333333334,6,6,24.02139305136734,35.18,128.1
2025-08-12 14:00:00,고흥만수상,259.98333333333335,6,6,23.1434354562806,34.57,127.3
2025-08-12 14:00:00,광양항세방,163.73333333333335,6,6,23.631952283261413,34.93,127.71
2025-08-12 14:00:00,구미,230.1833333333333,6,6,24.90721573836329,36.13,128.34
2025-08-12 14:00:00,삼천포,114.86666666666667,6,6,23.821111186473345,34.95,128.07
2025-08-12 14:00:00,여수,131.41666666666666,6,6,23.491956922183505,34.74,127.74
2025-08-12 14:00:00,영동,686.1666666666666,6,6,25.82486805698072,37.18,128.46
2025-08-12 14:00:00,영흥,827.8333333333331,6,6,25.04419208266866,37.26,126.46
2025-08-12 14:00:00,예천,483.09999999999997,6,6,25.388347066554203,36.65,128.46
2025-08-12 14:00:00,창원,104.63333333333333,6,6,24.278658483856645,35.21,128.58
2025-08-12 14:00:00,탑선,274.7166666666667,6,6,23.472207746260196,35.24,126.81
2025-08-12 15:00:00,경상대,248.48333333333332,6,6,33.21622655649988,35.18,128.1
2025-08-12 15:00:00,고흥만수상,319.0833333333333,6,6,32.341875291580145,34.57,127.3
2025-08-12 15:00:00,광양항세방,220.01666666666668,6,6,32.81447421447524,34.93,127.71
2025-08-12 15:00:00,구미,328.8333333333333,6,6,33.868532542281564,36.13,128.34
2025-08-12 15:00:00,삼천포,250.01666666666668,6,6,33.07976612919796,34.95,128.07
2025-08-12 15:00:00,여수,361.5,6,6,32.74022213859568,34.74,127.74
2025-08-12 15:00:00,영동,634.3666666666667,6,6,34.50254801521867,37.18,128.46
2025-08-12 15:00:00,영흥,765.6166666666667,6,6,33.220389263512665,37.26,126.46
2025-08-12 15:00:00,예천,305.4833333333333,6,6,34.22186719655968,36.65,128.46
2025-08-12 15:00:00,창원,126.90000000000002,6,6,33.571162219931594,35.21,128.58
2025-08-12 15:00:00,탑선,373.6666666666667,6,6,32.34389563212133,35.24,126.81
2025-08-12 16:00:00,경상대,197.925,4,4,44.53109104663878,35.18,128.1
2025-08-12 16:00:00,고흥만수상,277.825,4,4,43.73479099975858,34.57,127.3
2025-08-12 16:00:00,광양항세방,181.85,4,4,44.15628109340094,34.93,127.71
2025-08-12 16:00:00,구미,168.5,4,4,44.97981424879593,36.13,128.34
2025-08-12 16:00:00,삼천포,292.375,4,4,44.44598445698272,34.95,128.07
2025-08-12 16:00:00,여수,229.875,4,4,44.129054281151205,34.74,127.74
2025-08-12 16:00:00,영동,659.05,4,4,45.37501781933291,37.18,128.46
2025-08-12 16:00:00,영흥,664.8,4,4,43.886156366105105,37.26,126.46
2025-08-12 16:00:00,예천,291.975,4,4,45.22030882903938,36.65,128.46
2025-08-12 16:00:00,창원,236.7,4,4,44.91721486752769,35.21,128.58
2025-08-12 16:00:00,탑선,282.27500000000003,4,4,43.53534289036004,35.24,126.81
2025-08-12 17:00:00,경상대,205.10000000000002,2,2,56.59191593093292,35.18,128.1
2025-08-12 17:00:00,고흥만수상,270.65,2,2,55.88337462865447,34.57,127.3
2025-08-12 17:00:00,광양항세방,105.55,2,2,56.25149053229234,34.93,127.71
2025-08-12 17:00:00,구미,209.65,2,2,56.87464353434353,36.13,128.34
2025-08-12 17:00:00,삼천포,249.64999999999998,2,2,56.54721912249835,34.95,128.07
2025-08-12 17:00:00,여수,70.35,2,2,56.25906374476516,34.74,127.74
2025-08-12 17:00:00,영동,390.6,2,2,57.0780439611711,37.18,128.46
2025-08-12 17:00:00,영흥,469.9,2,2,55.506437410232934,37.26,126.46
2025-08-12 17:00:00,예천,314.8,2,2,57.02252538685284,36.65,128.46
2025-08-12 17:00:00,창원,223.25,2,2,56.985302239135734,35.21,128.58
2025-08-12 17:00:00,탑선,188.7,2,2,55.54862583319637,35.24,126.81
2025-08-12 18:00:00,경상대,110.75,4,4,68.84789517934895,35.18,128.1
2025-08-12 18:00:00,고흥만수상,145.225,4,4,68.2303740671881,34.57,127.3
2025-08-12 18:00:00,광양항세방,100.475,4,4,68.54483612833137,34.93,127.71
2025-08-12 18:00:00,구미,113.125,4,4,68.98426303568522,36.13,128.34
2025-08-12 18:00:00,삼천포,136.7,4,4,68.83810699207793,34.95,128.07
2025-08-12 18:00:00,여수,175.05,4,4,68.58120801774453,34.74,127.74
2025-08-12 18:00:00,영동,331.4,4,4,69.021115676904,37.18,128.46
2025-08-12 18:00:00,영흥,354.65000000000003,4,4,67.42651649543521,37.26,126.46
2025-08-12 18:00:00,예천,171.625,4,4,69.05043112928801,36.65,128.46
2025-08-12 18:00:00,창원,224.1,4,4,69.23734260021021,35.21,128.58
2025-08-12 18:00:00,탑선,134.5,4,4,67.79219272172651,35.24,126.81
2025-08-12 19:00:00,경상대,68.0,3,5,80.99420483449099,35.18,128.1
2025-08-12 19:00:00,고흥만수상,162.0,3,5,80.47498123976517,34.57,127.3
2025-08-12 19:00:00,광양항세방,123.23333333333333,3,5,80.73262602475795,34.93,127.71
2025-08-12 19:00:00,구미,84.4,3,5,80.99007042983901,36.13,128.34
2025-08-12 19:00:00,삼천포,116.06666666666666,3,5,81.01744845591979,34.95,128.07
2025-08-12 19:00:00,여수,161.66666666666666,3,5,80.79527053464568,34.74,127.74
2025-08-12 19:00:00,영동,122.8,3,5,80.86976786690884,37.18,128.46
2025-08-12 19:00:00,영흥,165.45,4,5,79.29176797724475,37.26,126.46
2025-08-12 19:00:00,예천,120.36666666666666,3,5,80.97800240977347,36.65,128.46
2025-08-12 19:00:00,창원,128.70000000000002,3,5,81.37168800979396,35.21,128.58
2025-08-12 19:00:00,탑선,98.52499999999999,4,5,79.94939429584275,35.24,126.81
2025-08-12 20:00:00,경상대,,0,1,92.77509980661,35.18,128.1
2025-08-12 20:00:00,고흥만수상,,0,1,92.36816891956862,34.57,127.3
2025-08-12 20:00:00,광양항세방,,0,1,92.56187728551389,34.93,127.71
2025-08-12 20:00:00,구미,,0,1,92.62632589027676,36.13,128.34
2025-08-12 20:00:00,삼천포,,0,1,92.83193483565113,34.95,128.07
2025-08-12 20:00:00,여수,,0,1,92.6502866349115,34.74,127.74
2025-08-12 20:00:00,영동,,0,1,92.34744634029121,37.18,128.46
2025-08-12 20:00:00,영흥,,0,1,90.8236941547993,37.26,126.46
2025-08-12 20:00:00,예천,,0,1,92.53411549336357,36.65,128.46
2025-08-12 20:00:00,창원,,0,1,93.13207945345034,35.21,128.58
2025-08-12 20:00:00,탑선,,0,1,91.76391824003666,35.24,126.81
2025-08-12 22:00:00,경상대,,0,3,113.90937558921634,35.18,128.1
2025-08-12 22:00:00,고흥만수상,,0,3,113.80545926988489,34.57,127.3
2025-08-12 22:00:00,광양항세방,,0,3,113.83009309637967,34.93,127.71
2025-08-12 22:00:00,구미,,0,3,113.43158460875999,36.13,128.34
2025-08-12 22:00:00,삼천포,,0,3,114.04110622465683,34.95,128.07
2025-08-12 22:00:00,여수,,0,3,113.97207834034086,34.74,127.74
2025-08-12 22:00:00,영동,,0,3,112.80662620344455,37.18,128.46
2025-08-12 22:00:00,영흥,,0,3,111.55216506669058,37.26,126.46
2025-08-12 22:00:00,예천,,0,3,113.15934112350665,36.65,128.46
2025-08-12 22:00:00,창원,,0,3,114.18542413719933,35.21,128.58
2025-08-12 22:00:00,탑선,,0,3,113.0673015358743,35.24,126.81
2025-08-12 23:00:00,경상대,,0,6,122.20181814963914,35.18,128.1
2025-08-12 23:00:00,고흥만수상,,0,6,122.30738657926639,34.57,127.3
2025-08-12 23:00:00,광양항세방,,0,6,122.21734866633119,34.93,127.71
2025-08-12 23:00:00,구미,,0,6,121.53965659229915,36.13,128.34
2025-08-12 23:00:00,삼천포,,0,6,122.37430212812225,34.95,128.07
2025-08-12 23:00:00,여수,,0,6,122.38532543434897,34.74,127.74
2025-08-12 23:00:00,영동,,0,6,120.7324869996572,37.18,128.46
2025-08-12 23:00:00,영흥,,0,6,119.74170954228569,37.26,126.46
2025-08-12 23:00:00,예천,,0,6,121.1684401733708,36.65,128.46
2025-08-12 23:00:00,창원,,0,6,122.40449110722471,35.21,128.58
2025-08-12 23:00:00,탑선,,0,6,121.53014788770183,35.24,126.81
2025-08-13 00:00:00,경상대,,0,6,127.8926935800966,35.18,128.1
2025-08-13 00:00:00,고흥만수상,,0,6,128.2435598720584,34.57,127.3
2025-08-13 00:00:00,광양항세방,,0,6,128.0213655587984,34.93,127.71
2025-08-13 00:00:00,구미,,0,6,127.05830342775778,36.13,128.34
2025-08-13 00:00:00,삼천포,,0,6,128.1015645890647,34.95,128.07
2025-08-13 00:00:00,여수,,0,6,128.20844645755835,34.74,127.74
2025-08-13 00:00:00,영동,,0,6,126.09377509387721,37.18,128.46
2025-08-13 00:00:00,영흥,,0,6,125.48593726580283,37.26,126.46
2025-08-13 00:00:00,예천,,0,6,126.59650615636872,36.65,128.46
2025-08-13 00:00:00,창원,,0,6,127.99211965102234,35.21,128.58
2025-08-13 00:00:00,탑선,,0,6,127.47504046699297,35.24,126.81
2025-08-13 01:00:00,경상대,,0,5,130.06068247453254,35.18,128.1
2025-08-13 01:00:00,고흥만수상,,0,5,130.65525185503947,34.57,127.3
2025-08-13 01:00:00,광양항세방,,0,5,130.30468862347473,34.93,127.71
2025-08-13 01:00:00,구미,,0,5,129.11302742447995,36.13,128.34
2025-08-13 01:00:00,삼천포,,0,5,130.29029229915315,34.95,128.07
2025-08-13 01:00:00,여수,,0,5,130.49519261875662,34.74,127.74
2025-08-13 01:00:00,영동,,0,5,128.06380771956682,37.18,128.46
2025-08-13 01:00:00,영흥,,0,5,127.93994747061838,37.26,126.46
2025-08-13 01:00:00,예천,,0,5,128.59378379296265,36.65,128.46
2025-08-13 01:00:00,창원,,0,5,130.0342088682326,35.21,128.58
2025-08-13 01:00:00,탑선,,0,5,129.97069840377145,35.24,126.81
2025-08-13 02:00:00,경상대,,0,6,128.25355710151382,35.18,128.1
2025-08-13 02:00:00,고흥만수상,,0,6,129.03165494835844,34.57,127.3
2025-08-13 02:00:00,광양항세방,,0,6,128.58827332551516,34.93,127.71
2025-08-13 02:00:00,구미,,0,6,127.28945610297399,36.13,128.34
2025-08-13 02:00:00,삼천포,,0,6,128.48005856327643,34.95,128.07
2025-08-13 02:00:00,여수,,0,6,128.762194694556,34.74,127.74
2025-08-13 02:00:00,영동,,0,6,126.26025553939691,37.18,128.46
2025-08-13 02:00:00,영흥,,0,6,126.63749614620008,37.26,126.46
2025-08-13 02:00:00,예천,,0,6,126.76488502761248,36.65,128.46
2025-08-13 02:00:00,창원,,0,6,128.1034496781594,35.21,128.58
2025-08-13 02:00:00,탑선,,0,6,128.50431306887583,35.24,126.81
2025-08-13 03:00:00,경상대,,0,6,122.85302219902127,35.18,128.1
2025-08-13 03:00:00,고흥만수상,,0,6,123.72594303986502,34.57,127.3
2025-08-13 03:00:00,광양항세방,,0,6,123.23924466902906,34.93,127.71
2025-08-13 03:00:00,구미,,0,6,121.95841539386345,36.13,128.34
2025-08-13 03:00:00,삼천포,,0,6,123.0566939398375,34.95,128.07
2025-08-13 03:00:00,여수,,0,6,123.38275730695865,34.74,127.74
2025-08-13 03:00:00,영동,,0,6,121.03535205168988,37.18,128.46
2025-08-13 03:00:00,영흥,,0,6,121.83556043011332,37.26,126.46
2025-08-13 03:00:00,예천,,0,6,121.47416091123351,36.65,128.46
2025-08-13 03:00:00,창원,,0,6,122.60561903482044,35.21,128.58
2025-08-13 03:00:00,탑선,,0,6,123.38774879502037,35.24,126.81
2025-08-13 04:00:00,경상대,,0,6,114.7623182648044,35.18,128.1
2025-08-13 04:00:00,고흥만수상,,0,6,115.65822943030305,34.57,127.3
2025-08-13 04:00:00,광양항세방,,0,6,115.16685049398387,34.93,127.71
2025-08-13 04:00:00,구미,,0,6,113.98241702179124,36.13,128.34
2025-08-13 04:00:00,삼천포,,0,6,114.93404093939444,34.95,128.07
2025-08-13 04:00:00,여수,,0,6,115.27585504110381,34.74,127.74
2025-08-13 04:00:00,영동,,0,6,113.20688635653035,37.18,128.46
2025-08-13 04:00:00,영흥,,0,6,114.31532915049317,37.26,126.46
2025-08-13 04:00:00,예천,,0,6,113.56253395107967,36.65,128.46
2025-08-13 04:00:00,창원,,0,6,114.44940317847389,35.21,128.58
2025-08-13 04:00:00,탑선,,0,6,115.49991822933917,35.24,126.81
2025-08-13 05:00:00,경상대,,0,6,104.87312471651458,35.18,128.1
2025-08-13 05:00:00,고흥만수상,,0,6,105.7491119250427,34.57,127.3
2025-08-13 05:00:00,광양항세방,,0,6,105.27524165999729,34.93,127.71
2025-08-13 05:00:00,구미,,0,6,104.22180134098055,36.13,128.34
2025-08-13 05:00:00,삼천포,,0,6,105.01117910026744,34.95,128.07
2025-08-13 05:00:00,여수,,0,6,105.35120686368691,34.74,127.74
2025-08-13 05:00:00,영동,,0,6,103.60319416303057,37.18,128.46
2025-08-13 05:00:00,영흥,,0,6,104.91976810005892,37.26,126.46
2025-08-13 05:00:00,예천,,0,6,103.87376174342934,36.65,128.46
2025-08-13 05:00:00,창원,,0,6,104.51964143179282,35.21,128.58
2025-08-13 05:00:00,탑선,,0,6,105.7454503040415,35.24,126.81
2025-08-13 06:00:00,경상대,,0,6,93.84268718734637,35.18,128.1
2025-08-13 06:00:00,고흥만수상,,0,6,94.67527097579635,34.57,127.3
2025-08-13 06:00:00,광양항세방,,0,6,94.23054977391304,34.93,127.71
2025-08-13 06:00:00,구미,,0,6,93.32081077546398,36.13,128.34
2025-08-13 06:00:00,삼천포,,0,6,93.94803986630913,34.95,128.07
2025-08-13 06:00:00,여수,,0,6,94.27629986080525,34.74,127.74
2025-08-13 06:00:00,영동,,0,6,92.85628222286542,37.18,128.46
2025-08-13 06:00:00,영흥,,0,6,94.30858836474711,37.26,126.46
2025-08-13 06:00:00,예천,,0,6,93.04515892263899,36.65,128.46
2025-08-13 06:00:00,창원,,0,6,93.46545859540882,35.21,128.58
2025-08-13 06:00:00,탑선,,0,6,94.802203059186,35.24,126.81
2025-08-13 07:00:00,경상대,168.1,1,6,82.11424304343727,35.18,128.1
2025-08-13 07:00:00,고흥만수상,140.5,1,6,82.88859107057813,34.57,127.3
2025-08-13 07:00:00,광양항세방,107.8,1,6,82.48023010725089,34.93,127.71
2025-08-13 07:00:00,구미,69.6,2,6,81.7212416394441,36.13,128.34
2025-08-13 07:00:00,삼천포,160.8,1,6,82.18785077195271,34.95,128.07
2025-08-13 07:00:00,여수,138.3,1,6,82.49794450059728,34.74,127.74
2025-08-13 07:00:00,영동,73.0,2,6,81.40767574074621,37.18,128.46
2025-08-13 07:00:00,영흥,41.4,1,6,82.94503732347093,37.26,126.46
2025-08-13 07:00:00,예천,67.35,2,6,81.517779678053,36.65,128.46
2025-08-13 07:00:00,창원,105.4,2,6,81.72460369560227,35.21,128.58
2025-08-13 07:00:00,탑선,102.7,1,6,83.1287926954319,35.24,126.81
2025-08-13 08:00:00,경상대,259.56666666666666,6,6,69.99880390173891,35.18,128.1
2025-08-13 08:00:00,고흥만수상,177.38333333333333,6,6,70.70117517103702,34.57,127.3
2025-08-13 08:00:00,광양항세방,214.51666666666665,6,6,70.33608553740675,34.93,127.71
2025-08-13 08:00:00,구미,153.48333333333332,6,6,69.73878763779985,36.13,128.34
2025-08-13 08:00:00,삼천포,256.68333333333334,6,6,70.04030580727195,34.95,128.07
2025-08-13 08:00:00,여수,240.51666666666665,6,6,70.32652123737796,34.74,127.74
2025-08-13 08:00:00,영동,117.68333333333334,6,6,69.57893947996808,37.18,128.46
2025-08-13 08:00:00,영흥,36.35,6,6,71.16269332953766,37.26,126.46
2025-08-13 08:00:00,예천,123.56666666666668,6,6,69.60991139755211,36.65,128.46
2025-08-13 08:00:00,창원,233.65,6,6,69.60540547069871,35.21,128.58
2025-08-13 08:00:00,탑선,167.58333333333334,6,6,71.04474608928895,35.24,126.81
2025-08-13 09:00:00,경상대,469.71666666666664,6,6,57.75541842406282,35.18,128.1
2025-08-13 09:00:00,고흥만수상,270.06666666666666,6,6,58.36669984810986,34.57,127.3
2025-08-13 09:00:00,광양항세방,244.0,6,6,58.05496390118417,34.93,127.71
2025-08-13 09:00:00,구미,246.1,6,6,57.64204851321692,36.13,128.34
2025-08-13 09:00:00,삼천포,427.3333333333333,6,6,57.762128557026976,34.95,128.07
2025-08-13 09:00:00,여수,326.3833333333333,6,6,58.016923525975955,34.74,127.74
2025-08-13 09:00:00,영동,193.70000000000002,6,6,57.6492850919967,37.18,128.46
2025-08-13 09:00:00,영흥,10.183333333333334,6,6,59.24241847746196,37.26,126.46
2025-08-13 09:00:00,예천,286.0333333333333,6,6,57.595406227788914,36.65,128.46
2025-08-13 09:00:00,창원,398.90000000000003,6,6,57.36690212975249,35.21,128.58
2025-08-13 09:00:00,탑선,278.68333333333334,6,6,58.81100384311466,35.24,126.81
2025-08-13 10:00:00,경상대,412.95,6,6,45.68379526601913,35.18,128.1
2025-08-13 10:00:00,고흥만수상,414.1333333333334,6,6,46.169925641555615,34.57,127.3
2025-08-13 10:00:00,광양항세방,430.93333333333334,6,6,45.92992838801938,34.93,127.71
2025-08-13 10:00:00,구미,449.6666666666667,6,6,45.74765872693304,36.13,128.34
2025-08-13 10:00:00,삼천포,570.6999999999999,6,6,45.64912723834905,34.95,128.07
2025-08-13 10:00:00,여수,481.26666666666665,6,6,45.85938783614936,34.74,127.74
2025-08-13 10:00:00,영동,227.33333333333334,6,6,45.952785259836844,37.18,128.46
2025-08-13 10:00:00,영흥,186.25,6,6,47.50443255367568,37.26,126.46
2025-08-13 10:00:00,예천,227.08333333333334,6,6,45.80005844702772,36.65,128.46
2025-08-13 10:00:00,창원,512.0833333333334,6,6,45.3127438301717,35.21,128.58
2025-08-13 10:00:00,탑선,411.6666666666667,6,6,46.71974222333569,35.24,126.81
2025-08-13 11:00:00,경상대,642.1333333333333,6,6,34.307677262336696,35.18,128.1
2025-08-13 11:00:00,고흥만수상,546.8666666666667,6,6,34.598580995753835,34.57,127.3
2025-08-13 11:00:00,광양항세방,174.5666666666667,6,6,34.468216176356606,34.93,127.71
2025-08-13 11:00:00,구미,541.8666666666667,6,6,34.6096567732041,36.13,128.34
2025-08-13 11:00:00,삼천포,636.3833333333333,6,6,34.21826260086614,34.95,128.07
2025-08-13 11:00:00,여수,610.15,6,6,34.35692870863783,34.74,127.74
2025-08-13 11:00:00,영동,265.7666666666667,6,6,35.07127820779043,37.18,128.46
2025-08-13 11:00:00,영흥,239.2833333333333,6,6,36.48044442491358,37.26,126.46
2025-08-13 11:00:00,예천,331.23333333333335,6,6,34.79360928972942,36.65,128.46
2025-08-13 11:00:00,창원,536.7166666666667,6,6,33.98026609563695,35.21,128.58
2025-08-13 11:00:00,탑선,658.2666666666668,6,6,35.26413823906044,35.24,126.81
2025-08-13 12:00:00,경상대,615.6833333333334,6,6,24.899104207213085,35.18,128.1
2025-08-13 12:00:00,고흥만수상,641.8666666666667,6,6,24.845036549849127,34.57,127.3
2025-08-13 12:00:00,광양항세방,412.5,6,6,24.904324172115693,34.93,127.71
2025-08-13 12:00:00,구미,741.4833333333332,6,6,25.535377600432426,36.13,128.34
2025-08-13 12:00:00,삼천포,722.35,6,6,24.734202581138845,34.95,128.07
2025-08-13 12:00:00,여수,683.3333333333334,6,6,24.74195935168828,34.74,127.74
2025-08-13 12:00:00,영동,302.3333333333333,6,6,26.330659754355068,37.18,128.46
2025-08-13 12:00:00,영흥,346.09999999999997,6,6,27.35070983518471,37.26,126.46
2025-08-13 12:00:00,예천,459.3499999999999,6,6,25.898485237577347,36.65,128.46
2025-08-13 12:00:00,창원,617.4499999999999,6,6,24.682619728820555,35.21,128.58
2025-08-13 12:00:00,탑선,605.45,6,6,25.61520007823661,35.24,126.81
2025-08-13 13:00:00,경상대,419.9666666666667,6,6,20.58319268234864,35.18,128.1
2025-08-13 13:00:00,고흥만수상,749.1333333333333,6,6,20.006817193329013,34.57,127.3
2025-08-13 13:00:00,광양항세방,574.1,6,6,20.34604027938842,34.93,127.71
2025-08-13 13:00:00,구미,769.7833333333333,6,6,21.528312437359304,36.13,128.34
2025-08-13 13:00:00,삼천포,804.0333333333334,6,6,20.354052979196766,34.95,128.07
2025-08-13 13:00:00,여수,771.3333333333334,6,6,20.15505745194116,34.74,127.74
2025-08-13 13:00:00,영동,610.9,6,6,22.57682775618609,37.18,128.46
2025-08-13 13:00:00,영흥,314.9,6,6,22.7449569785186,37.26,126.46
2025-08-13 13:00:00,예천,622.3666666666667,6,6,22.04684407744395,36.65,128.46
2025-08-13 13:00:00,창원,680.6333333333333,6,6,20.605931660739245,35.21,128.58
2025-08-13 13:00:00,탑선,663.6,6,6,20.707183250058037,35.24,126.81
2025-08-13 14:00:00,경상대,784.0999999999999,6,6,24.306067283617423,35.18,128.1
2025-08-13 14:00:00,고흥만수상,830.0500000000001,6,6,23.42899002838479,34.57,127.3
2025-08-13 14:00:00,광양항세방,739.5833333333334,6,6,23.917176537577205,34.93,127.71
2025-08-13 14:00:00,구미,749.4999999999999,6,6,25.193712648998186,36.13,128.34
2025-08-13 14:00:00,삼천포,802.0666666666667,6,6,24.105224352687202,34.95,128.07
2025-08-13 14:00:00,여수,820.8333333333331,6,6,23.776544262567768,34.74,127.74
2025-08-13 14:00:00,영동,425.03333333333336,6,6,26.11357381994955,37.18,128.46
2025-08-13 14:00:00,영흥,159.4,6,6,25.338195338331886,37.26,126.46
2025-08-13 14:00:00,예천,722.0333333333333,6,6,25.675800202966812,36.65,128.46
2025-08-13 14:00:00,창원,613.9833333333333,6,6,24.561879526593614,35.21,128.58
2025-08-13 14:00:00,탑선,671.0,6,6,23.76106440242961,35.24,126.81
2025-08-13 15:00:00,경상대,767.525,4,4,33.455111126393255,35.18,128.1
2025-08-13 15:00:00,고흥만수상,710.125,4,4,32.57956286533483,34.57,127.3
2025-08-13 15:00:00,광양항세방,764.0749999999999,4,4,33.05302861536669,34.93,127.71
2025-08-13 15:00:00,구미,693.4749999999999,4,4,34.11168295079894,36.13,128.34
2025-08-13 15:00:00,삼천포,671.0,4,4,33.31750816109488,34.95,128.07
2025-08-13 15:00:00,여수,756.225,4,4,32.977682153398334,34.74,127.74
2025-08-13 15:00:00,영동,417.27500000000003,4,4,34.75047226051148,37.18,128.46
2025-08-13 15:00:00,영흥,126.20000000000002,4,4,33.47355768861849,37.26,126.46
2025-08-13 15:00:00,예천,648.9,4,4,34.467275340386585,36.65,128.46
2025-08-13 15:00:00,창원,538.6,4,4,33.80900689994197,35.21,128.58
2025-08-13 15:00:00,탑선,546.5250000000001,4,4,32.586420938873815,35.24,126.81
2025-08-13 16:00:00,경상대,710.6166666666668,6,6,44.74263261611355,35.18,128.1
2025-08-13 16:00:00,고흥만수상,707.0500000000001,6,6,43.944052158001675,34.57,127.3
2025-08-13 16:00:00,광양항세방,660.4999999999999,6,6,44.36697064853415,34.93,127.71
2025-08-13 16:00:00,구미,519.3,6,6,45.196023479636246,36.13,128.34
2025-08-13 16:00:00,삼천포,693.8000000000001,6,6,44.656337341419544,34.95,128.07
2025-08-13 16:00:00,여수,697.1,6,6,44.33868498773624,34.74,127.74
2025-08-13 16:00:00,영동,413.95,6,6,45.59637959729367,37.18,128.46
2025-08-13 16:00:00,영흥,157.78333333333333,6,6,44.11052170580051,37.26,126.46
2025-08-13 16:00:00,예천,367.34999999999997,6,6,45.43901927633513,36.65,128.46
2025-08-13 16:00:00,창원,619.0666666666667,6,6,45.128335981512166,35.21,128.58
2025-08-13 16:00:00,탑선,604.65,6,6,43.74884309342081,35.24,126.81
2025-08-13 17:00:00,경상대,476.2333333333333,6,6,56.79222881829133,35.18,128.1
2025-08-13 17:00:00,고흥만수상,619.1333333333333,6,6,56.081009858022604,34.57,127.3
2025-08-13 17:00:00,광양항세방,508.45,6,6,56.45073396853919,34.93,127.71
2025-08-13 17:00:00,구미,340.9833333333333,6,6,57.07941066115164,36.13,128.34
2025-08-13 17:00:00,삼천포,554.6166666666667,6,6,56.74642850869349,34.95,128.07
2025-08-13 17:00:00,여수,591.4666666666667,6,6,56.45736901678692,34.74,127.74
2025-08-13 17:00:00,영동,284.2,6,6,57.28767626095474,37.18,128.46
2025-08-13 17:00:00,영흥,177.21666666666667,6,6,55.71735196744022,37.26,126.46
2025-08-13 17:00:00,예천,349.59999999999997,6,6,57.22969261599919,36.65,128.46
2025-08-13 17:00:00,창원,482.5,6,6,57.18559049460814,35.21,128.58
2025-08-13 17:00:00,탑선,462.6666666666667,6,6,55.74973851101742,35.24,126.81
2025-08-13 18:00:00,경상대,286.7833333333333,6,6,69.04754455703778,35.18,128.1
2025-08-13 18:00:00,고흥만수상,396.7,6,6,68.42717730100867,34.57,127.3
2025-08-13 18:00:00,광양항세방,329.56666666666666,6,6,68.7433097539602,34.93,127.71
2025-08-13 18:00:00,구미,270.98333333333335,6,6,69.18806436891686,36.13,128.34
2025-08-13 18:00:00,삼천포,343.34999999999997,6,6,69.03674668251934,34.95,128.07
2025-08-13 18:00:00,여수,420.78333333333336,6,6,68.77885456379059,34.74,127.74
2025-08-13 18:00:00,영동,254.9,6,6,69.22939650260905,37.18,128.46
2025-08-13 18:00:00,영흥,182.6,6,6,67.63486054933946,37.26,126.46
2025-08-13 18:00:00,예천,227.08333333333337,6,6,69.25647244352469,36.65,128.46
2025-08-13 18:00:00,창원,265.0166666666667,6,6,69.43723055648378,35.21,128.58
2025-08-13 18:00:00,탑선,346.9333333333334,6,6,67.9918521425302,35.24,126.81
2025-08-13 19:00:00,경상대,190.9666666666667,3,6,81.20077857069468,35.18,128.1
2025-08-13 19:00:00,고흥만수상,204.46666666666667,3,6,80.67860746593352,34.57,127.3
2025-08-13 19:00:00,광양항세방,197.9333333333333,3,6,80.9379541003285,34.93,127.71
2025-08-13 19:00:00,구미,173.53333333333333,3,6,81.2005083243549,36.13,128.34
2025-08-13 19:00:00,삼천포,236.23333333333335,3,6,81.22309611910003,34.95,128.07
2025-08-13 19:00:00,여수,244.23333333333332,3,6,80.99986585601329,34.74,127.74
2025-08-13 19:00:00,영동,140.03333333333333,3,6,81.08431173932908,37.18,128.46
2025-08-13 19:00:00,영흥,106.675,4,6,79.50542807625531,37.26,126.46
2025-08-13 19:00:00,예천,147.46666666666667,3,6,81.19052130626066,36.65,128.46
2025-08-13 19:00:00,창원,167.79999999999998,3,6,81.57870289418908,35.21,128.58
2025-08-13 19:00:00,탑선,227.5666666666667,3,6,80.15536785131823,35.24,126.81
2025-08-13 20:00:00,경상대,,0,6,92.99485700136879,35.18,128.1
2025-08-13 20:00:00,고흥만수상,,0,6,92.58491113807588,34.57,127.3
2025-08-13 20:00:00,광양항세방,,0,6,92.78033719853978,34.93,127.71
2025-08-13 20:00:00,구미,,0,6,92.84965103638645,36.13,128.34
2025-08-13 20:00:00,삼천포,,0,6,93.05084807759245,34.95,128.07
2025-08-13 20:00:00,여수,,0,6,92.86810294462046,34.74,127.74
2025-08-13 20:00:00,영동,,0,6,92.57448895754526,37.18,128.46
2025-08-13 20:00:00,영흥,,0,6,91.04903927747685,37.26,126.46
2025-08-13 20:00:00,예천,,0,6,92.75935327943273,36.65,128.46
2025-08-13 20:00:00,창원,,0,6,93.35245393918552,35.21,128.58
2025-08-13 20:00:00,탑선,,0,6,91.98254144099549,35.24,126.81
2025-08-13 21:00:00,경상대,,0,6,104.12760226905769,35.18,128.1
2025-08-13 21:00:00,고흥만수상,,0,6,103.85265363935783,34.57,127.3
2025-08-13 21:00:00,광양항세방,,0,6,103.97220194164967,34.93,127.71
2025-08-13 21:00:00,구미,,0,6,103.8255775382687,36.13,128.34
2025-08-13 21:00:00,삼천포,,0,6,104.21958100063793,34.95,128.07
2025-08-13 21:00:00,여수,,0,6,104.08647593295544,34.74,127.74
2025-08-13 21:00:00,영동,,0,6,103.38258153294004,37.18,128.46
2025-08-13 21:00:00,영흥,,0,6,101.95764619995904,37.26,126.46
2025-08-13 21:00:00,예천,,0,6,103.64900571574867,36.65,128.46
2025-08-13 21:00:00,창원,,0,6,104.45335483468335,35.21,128.58
2025-08-13 21:00:00,탑선,,0,6,103.17775342039926,35.24,126.81
2025-08-13 22:00:00,경상대,,0,6,114.17128020312784,35.18,128.1
2025-08-13 22:00:00,고흥만수상,,0,6,114.06458161527428,34.57,127.3
2025-08-13 22:00:00,광양항세방,,0,6,114.09076385922043,34.93,127.71
2025-08-13 22:00:00,구미,,0,6,113.69605682306562,36.13,128.34
2025-08-13 22:00:00,삼천포,,0,6,114.30242146239928,34.95,128.07
2025-08-13 22:00:00,여수,,0,6,114.23234582491031,34.74,127.74
2025-08-13 22:00:00,영동,,0,6,113.07360303327488,37.18,128.46
2025-08-13 22:00:00,영흥,,0,6,111.81626141380377,37.26,126.46
2025-08-13 22:00:00,예천,,0,6,113.42516080026937,36.65,128.46
2025-08-13 22:00:00,창원,,0,6,114.44818943762928,35.21,128.58
2025-08-13 22:00:00,탑선,,0,6,113.32723291207816,35.24,126.81
2025-08-13 23:00:00,경상대,,0,6,122.48844841815514,35.18,128.1
2025-08-13 23:00:00,고흥만수상,,0,6,122.59190247136561,34.57,127.3
2025-08-13 23:00:00,광양항세방,,0,6,122.5030286329347,34.93,127.71
2025-08-13 23:00:00,구미,,0,6,121.82789619025262,36.13,128.34
2025-08-13 23:00:00,삼천포,,0,6,122.66057251889204,34.95,128.07
2025-08-13 23:00:00,여수,,0,6,122.67078580144091,34.74,127.74
2025-08-13 23:00:00,영동,,0,6,121.02219878131616,37.18,128.46
2025-08-13 23:00:00,영흥,,0,6,120.02869991764098,37.26,126.46
2025-08-13 23:00:00,예천,,0,6,121.4575058727674,36.65,128.46
2025-08-13 23:00:00,창원,,0,6,122.69189703037534,35.21,128.58
2025-08-13 23:00:00,탑선,,0,6,121.81485724887625,35.24,126.81
2025-08-14 00:00:00,경상대,,0,6,128.19765222553198,35.18,128.1
2025-08-14 00:00:00,고흥만수상,,0,6,128.54767332966082,34.57,127.3
2025-08-14 00:00:00,광양항세방,,0,6,128.32594334864007,34.93,127.71
2025-08-14 00:00:00,구미,,0,6,127.36371654108095,36.13,128.34
2025-08-14 00:00:00,삼천포,,0,6,128.40642677633116,34.95,128.07
2025-08-14 00:00:00,여수,,0,6,128.5129818146471,34.74,127.74
2025-08-14 00:00:00,영동,,0,6,126.39954671323775,37.18,128.46
2025-08-14 00:00:00,영흥,,0,6,125.79037351974071,37.26,126.46
2025-08-14 00:00:00,예천,,0,6,126.90214005891792,36.65,128.46
2025-08-14 00:00:00,창원,,0,6,128.29743321922064,35.21,128.58
2025-08-14 00:00:00,탑선,,0,6,127.7790008518659,35.24,126.81
2025-08-14 01:00:00,경상대,,0,5,130.366250291914,35.18,128.1
2025-08-14 01:00:00,고흥만수상,,0,5,130.96140128108973,34.57,127.3
2025-08-14 01:00:00,광양항세방,,0,5,130.61054575845225,34.93,127.71
2025-08-14 01:00:00,구미,,0,5,129.41840467929566,36.13,128.34
2025-08-14 01:00:00,삼천포,,0,5,130.59588559197454,34.95,128.07
2025-08-14 01:00:00,여수,,0,5,130.80103192939166,34.74,127.74
2025-08-14 01:00:00,영동,,0,5,128.3690878579891,37.18,128.46
2025-08-14 01:00:00,영흥,,0,5,128.24653004525288,37.26,126.46
2025-08-14 01:00:00,예천,,0,5,128.8990666919798,36.65,128.46
2025-08-14 01:00:00,창원,,0,5,130.33940413855817,35.21,128.58
2025-08-14 01:00:00,탑선,,0,5,130.2771430368234,35.24,126.81
2025-08-14 02:00:00,경상대,,0,6,128.53703888305895,35.18,128.1
2025-08-14 02:00:00,고흥만수상,,0,6,129.31632709388526,34.57,127.3
2025-08-14 02:00:00,광양항세방,,0,6,128.87237016661766,34.93,127.71
2025-08-14 02:00:00,구미,,0,6,127.57322218865642,36.13,128.34
2025-08-14 02:00:00,삼천포,,0,6,128.76341242575543,34.95,128.07
2025-08-14 02:00:00,여수,,0,6,129.04607457263197,34.74,127.74
2025-08-14 02:00:00,영동,,0,6,126.54462529235015,37.18,128.46
2025-08-14 02:00:00,영흥,,0,6,126.92571983893353,37.26,126.46
2025-08-14 02:00:00,예천,,0,6,127.04883090096975,36.65,128.46
2025-08-14 02:00:00,창원,,0,6,128.38594099334023,35.21,128.58
2025-08-14 02:00:00,탑선,,0,6,128.7904960173273,35.24,126.81
2025-08-14 03:00:00,경상대,,0,6,123.10028984642938,35.18,128.1
2025-08-14 03:00:00,고흥만수상,,0,6,123.97398152384994,34.57,127.3
2025-08-14 03:00:00,광양항세방,,0,6,123.48698375567449,34.93,127.71
2025-08-14 03:00:00,구미,,0,6,122.20711249781073,36.13,128.34
2025-08-14 03:00:00,삼천포,,0,6,123.30353798222211,34.95,128.07
2025-08-14 03:00:00,여수,,0,6,123.63000622974539,34.74,127.74
2025-08-14 03:00:00,영동,,0,6,121.28594947743625,37.18,128.46
2025-08-14 03:00:00,영흥,,0,6,122.09113750665117,37.26,126.46
2025-08-14 03:00:00,예천,,0,6,121.72365691920196,36.65,128.46
2025-08-14 03:00:00,창원,,0,6,122.8517108517205,35.21,128.58
2025-08-14 03:00:00,탑선,,0,6,123.63847333348687,35.24,126.81
2025-08-14 04:00:00,경상대,,0,6,114.97187120503926,35.18,128.1
2025-08-14 04:00:00,고흥만수상,,0,6,115.86771835176502,34.57,127.3
2025-08-14 04:00:00,광양항세방,,0,6,115.37652076004193,34.93,127.71
2025-08-14 04:00:00,구미,,0,6,114.19447047177059,36.13,128.34
2025-08-14 04:00:00,삼천포,,0,6,115.14291501526104,34.95,128.07
2025-08-14 04:00:00,여수,,0,6,115.48483391315999,34.74,127.74
2025-08-14 04:00:00,영동,,0,6,113.4219822051547,37.18,128.46
2025-08-14 04:00:00,영흥,,0,6,114.53520863744097,37.26,126.46
2025-08-14 04:00:00,예천,,0,6,113.77596451286558,36.65,128.46
2025-08-14 04:00:00,창원,,0,6,114.65791851167965,35.21,128.58
2025-08-14 04:00:00,탑선,,0,6,115.71274544435241,35.24,126.81
2025-08-14 05:00:00,경상대,,0,6,105.05059352118104,35.18,128.1
2025-08-14 05:00:00,고흥만수상,,0,6,105.9257083158275,34.57,127.3
2025-08-14 05:00:00,광양항세방,,0,6,105.45246763607517,34.93,127.71
2025-08-14 05:00:00,구미,,0,6,104.40253891970657,36.13,128.34
2025-08-14 05:00:00,삼천포,,0,6,105.18779749676051,34.95,128.07
2025-08-14 05:00:00,여수,,0,6,105.52762556819107,34.74,127.74
2025-08-14 05:00:00,영동,,0,6,103.78776402223207,37.18,128.46
2025-08-14 05:00:00,영흥,,0,6,105.10831517439357,37.26,126.46
2025-08-14 05:00:00,예천,,0,6,104.05629374205733,36.65,128.46
2025-08-14 05:00:00,창원,,0,6,104.69632516527744,35.21,128.58
2025-08-14 05:00:00,탑선,,0,6,105.92562092989859,35.24,126.81
2025-08-14 06:00:00,경상대,,0,6,93.9957488980746,35.18,128.1
2025-08-14 06:00:00,고흥만수상,,0,6,94.82676454195254,34.57,127.3
2025-08-14 06:00:00,광양항세방,,0,6,94.38305120000194,34.93,127.71
2025-08-14 06:00:00,구미,,0,6,93.47770101465652,36.13,128.34
2025-08-14 06:00:00,삼천포,,0,6,94.10013206052491,34.95,128.07
2025-08-14 06:00:00,여수,,0,6,94.42792455312771,34.74,127.74
2025-08-14 06:00:00,영동,,0,6,93.01756183051317,37.18,128.46
2025-08-14 06:00:00,영흥,,0,6,94.47287813999164,37.26,126.46
2025-08-14 06:00:00,예천,,0,6,93.20414853099807,36.65,128.46
2025-08-14 06:00:00,창원,,0,6,93.61799998936013,35.21,128.58
2025-08-14 06:00:00,탑선,,0,6,94.95731873439964,35.24,126.81
2025-08-14 07:00:00,경상대,208.5,1,6,82.25068531926756,35.18,128.1
2025-08-14 07:00:00,고흥만수상,175.2,1,6,83.02281757982517,34.57,127.3
2025-08-14 07:00:00,광양항세방,176.6,1,6,82.61581415499519,34.93,127.71
2025-08-14 07:00:00,구미,185.75,2,6,81.86200857176345,36.13,128.34
2025-08-14 07:00:00,삼천포,221.4,1,6,82.32321913891754,34.95,128.07
2025-08-14 07:00:00,여수,187.3,1,6,82.63259428874925,34.74,127.74
2025-08-14 07:00:00,영동,87.55,2,6,81.55331394989182,37.18,128.46
2025-08-14 07:00:00,영흥,83.1,1,6,83.09268872872806,37.26,126.46
2025-08-14 07:00:00,예천,137.3,2,6,81.66091484766437,36.65,128.46
2025-08-14 07:00:00,창원,177.60000000000002,2,6,81.86078513565863,35.21,128.58
2025-08-14 07:00:00,탑선,152.1,1,6,83.26664621458214,35.24,126.81
2025-08-14 08:00:00,경상대,309.97499999999997,4,4,70.12653526087091,35.18,128.1
2025-08-14 08:00:00,고흥만수상,292.225,4,4,70.825985312435,34.57,127.3
2025-08-14 08:00:00,광양항세방,264.5,4,4,70.46263457723093,34.93,127.71
2025-08-14 08:00:00,구미,298.15,4,4,69.87139581534971,36.13,128.34
2025-08-14 08:00:00,삼천포,325.475,4,4,70.16684493355962,34.95,128.07
2025-08-14 08:00:00,여수,298.175,4,4,70.45206856567364,34.74,127.74
2025-08-14 08:00:00,영동,221.475,4,4,69.71694583722137,37.18,128.46
2025-08-14 08:00:00,영흥,173.39999999999998,4,4,71.3016320622092,37.26,126.46
2025-08-14 08:00:00,예천,273.0,4,4,69.74518321969651,36.65,128.46
2025-08-14 08:00:00,창원,288.575,4,4,69.73315377634964,35.21,128.58
2025-08-14 08:00:00,탑선,244.875,4,4,71.17320962040867,35.24,126.81
2025-08-14 09:00:00,경상대,508.3333333333334,6,6,57.88355898310643,35.18,128.1
2025-08-14 09:00:00,고흥만수상,500.8999999999999,6,6,58.49102353200101,34.57,127.3
2025-08-14 09:00:00,광양항세방,477.70000000000005,6,6,58.1815114773174,34.93,127.71
2025-08-14 09:00:00,구미,516.0166666666668,6,6,57.77576654382803,36.13,128.34
2025-08-14 09:00:00,삼천포,530.7166666666666,6,6,57.888923819449715,34.95,128.07
2025-08-14 09:00:00,여수,481.6833333333332,6,6,58.14238002568692,34.74,127.74
2025-08-14 09:00:00,영동,317.8333333333333,6,6,57.78904931044364,37.18,128.46
2025-08-14 09:00:00,영흥,164.6333333333333,6,6,59.38176365618905,37.26,126.46
2025-08-14 09:00:00,예천,413.7833333333333,6,6,57.73215516745374,36.65,128.46
2025-08-14 09:00:00,창원,520.9166666666667,6,6,57.49540939703312,35.21,128.58
2025-08-14 09:00:00,탑선,362.56666666666666,6,6,58.93903318629263,35.24,126.81
2025-08-14 10:00:00,경상대,614.6333333333333,6,6,45.8249525063078,35.18,128.1
2025-08-14 10:00:00,고흥만수상,636.0333333333334,6,6,46.306012265622904,34.57,127.3
2025-08-14 10:00:00,광양항세방,641.3666666666667,6,6,46.06891521599984,34.93,127.71
2025-08-14 10:00:00,구미,672.0833333333333,6,6,45.89527255330327,36.13,128.34
2025-08-14 10:00:00,삼천포,718.9000000000001,6,6,45.78874615530611,34.95,128.07
2025-08-14 10:00:00,여수,647.3666666666667,6,6,45.99717769371613,34.74,127.74
2025-08-14 10:00:00,영동,307.73333333333335,6,6,46.1071904172726,37.18,128.46
2025-08-14 10:00:00,영흥,105.45,6,6,47.656433867386404,37.26,126.46
2025-08-14 10:00:00,예천,599.1,6,6,45.95114561689695,36.65,128.46
2025-08-14 10:00:00,창원,578.7,6,6,45.454789897556665,35.21,128.58
2025-08-14 10:00:00,탑선,573.3166666666667,6,6,46.859520262495785,35.24,126.81
2025-08-14 11:00:00,경상대,786.1833333333334,6,6,34.482189682690596,35.18,128.1
2025-08-14 11:00:00,고흥만수상,717.0500000000001,6,6,34.766342408672536,34.57,127.3
2025-08-14 11:00:00,광양항세방,763.4,6,6,34.63977099584798,34.93,127.71
2025-08-14 11:00:00,구미,565.3833333333333,6,6,34.79135478728074,36.13,128.34
2025-08-14 11:00:00,삼천포,846.5,6,6,34.39108374606349,34.95,128.07
2025-08-14 11:00:00,여수,702.3499999999999,6,6,34.52724445583678,34.74,127.74
2025-08-14 11:00:00,영동,243.5,6,6,35.26014235683914,37.18,128.46
2025-08-14 11:00:00,영흥,179.31666666666663,6,6,36.66375789545687,37.26,126.46
2025-08-14 11:00:00,예천,626.5666666666667,6,6,34.97908964322549,36.65,128.46
2025-08-14 11:00:00,창원,708.1166666666667,6,6,34.15651826452905,35.21,128.58
2025-08-14 11:00:00,탑선,539.75,6,6,35.43510994164938,35.24,126.81
2025-08-14 12:00:00,경상대,876.0666666666666,6,6,25.13798581946176,35.18,128.1
2025-08-14 12:00:00,고흥만수상,883.6166666666668,6,6,25.07645041102407,34.57,127.3
2025-08-14 12:00:00,광양항세방,838.7000000000002,6,6,25.139863139664556,34.93,127.71
2025-08-14 12:00:00,구미,667.6333333333333,6,6,25.780036431510553,36.13,128.34
2025-08-14 12:00:00,삼천포,910.9499999999999,6,6,24.97175632214018,34.95,128.07
2025-08-14 12:00:00,여수,775.5666666666666,6,6,24.97665259875322,34.74,127.74
2025-08-14 12:00:00,영동,241.7833333333333,6,6,26.58044712553278,37.18,128.46
2025-08-14 12:00:00,영흥,227.85000000000002,6,6,27.59151993540185,37.26,126.46
2025-08-14 12:00:00,예천,683.3333333333334,6,6,26.14603960500972,36.65,128.46
2025-08-14 12:00:00,창원,718.4333333333334,6,6,24.924178203120178,35.21,128.58
2025-08-14 12:00:00,탑선,669.4000000000001,6,6,25.847689897421603,35.24,126.81
2025-08-14 13:00:00,경상대,797.5,6,6,20.889053857419313,35.18,128.1
2025-08-14 13:00:00,고흥만수상,927.6333333333333,6,6,20.310709590833383,34.57,127.3
2025-08-14 13:00:00,광양항세방,865.6999999999999,6,6,20.6510094659496,34.93,127.71
2025-08-14 13:00:00,구미,806.7333333333335,6,6,21.834702849177773,36.13,128.34
2025-08-14 13:00:00,삼천포,958.9166666666666,6,6,20.65983256365017,34.95,128.07
2025-08-14 13:00:00,여수,895.5833333333334,6,6,20.460071260423177,34.74,127.74
2025-08-14 13:00:00,영동,377.3,6,6,22.883464593902076,37.18,128.46
2025-08-14 13:00:00,영흥,252.6,6,6,23.047422472439422,37.26,126.46
2025-08-14 13:00:00,예천,823.3833333333333,6,6,22.35346862422068,36.65,128.46
2025-08-14 13:00:00,창원,823.2666666666668,6,6,20.91274700334222,35.21,128.58
2025-08-14 13:00:00,탑선,646.0833333333334,6,6,21.009944489044273,35.24,126.81
2025-08-14 14:00:00,경상대,906.2599999999999,5,5,24.595734526607515,35.18,128.1
2025-08-14 14:00:00,고흥만수상,917.2800000000001,5,5,23.719537224329585,34.57,127.3
2025-08-14 14:00:00,광양항세방,856.6200000000001,5,5,24.20739002001892,34.93,127.71
2025-08-14 14:00:00,구미,669.5,5,5,25.485143177662735,36.13,128.34
2025-08-14 14:00:00,삼천포,928.2,5,5,24.394347731268496,34.95,128.07
2025-08-14 14:00:00,여수,842.74,5,5,24.066138748546578,34.74,127.74
2025-08-14 14:00:00,영동,257.84000000000003,5,5,26.407147168698074,37.18,128.46
2025-08-14 14:00:00,영흥,289.1,5,5,25.636945947180223,37.26,126.46
2025-08-14 14:00:00,예천,744.8,5,5,25.968156590116422,36.65,128.46
2025-08-14 14:00:00,창원,869.0600000000001,5,5,24.85011973237249,35.21,128.58
2025-08-14 14:00:00,탑선,463.36,5,5,24.054826098210043,35.24,126.81
2025-08-14 15:00:00,경상대,853.6750000000001,4,4,33.69928892342668,35.18,128.1
2025-08-14 15:00:00,고흥만수상,864.25,4,4,32.822584454827975,34.57,127.3
2025-08-14 15:00:00,광양항세방,753.3249999999999,4,4,33.296893298196956,34.93,127.71
2025-08-14 15:00:00,구미,782.4,4,4,34.3600768038087,36.13,128.34
2025-08-14 15:00:00,삼천포,881.175,4,4,33.56055551497522,34.95,128.07
2025-08-14 15:00:00,여수,545.925,4,4,33.22046215560427,34.74,127.74
2025-08-14 15:00:00,영동,406.09999999999997,4,4,35.0035883385279,37.18,128.46
2025-08-14 15:00:00,영흥,509.975,4,4,33.73191751770416,37.26,126.46
2025-08-14 15:00:00,예천,762.05,4,4,34.71790074980469,36.65,128.46
2025-08-14 15:00:00,창원,602.5,4,4,34.05213802843236,35.21,128.58
2025-08-14 15:00:00,탑선,811.6500000000001,4,4,32.83424745511782,35.24,126.81
2025-08-14 16:00:00,경상대,610.65,6,6,44.95915520572064,35.18,128.1
2025-08-14 16:00:00,고흥만수상,754.7833333333332,6,6,44.158317709336835,34.57,127.3
2025-08-14 16:00:00,광양항세방,690.4499999999999,6,6,44.58265220952734,34.93,127.71
2025-08-14 16:00:00,구미,507.0999999999999,6,6,45.41720286989811,36.13,128.34
2025-08-14 16:00:00,삼천포,759.7166666666666,6,6,44.8716730348404,34.95,128.07
2025-08-14 16:00:00,여수,746.4166666666666,6,6,44.55330785002614,34.74,127.74
2025-08-14 16:00:00,영동,335.70000000000005,6,6,45.82270162561268,37.18,128.46
2025-08-14 16:00:00,영흥,240.04999999999998,6,6,44.33988700207878,37.26,126.46
2025-08-14 16:00:00,예천,627.0,6,6,45.662693848692385,36.65,128.46
2025-08-14 16:00:00,창원,717.2833333333333,6,6,45.3444261154789,35.21,128.58
2025-08-14 16:00:00,탑선,677.9666666666667,6,6,43.9673557583888,35.24,126.81
2025-08-14 17:00:00,경상대,489.21666666666664,6,6,56.99717064782587,35.18,128.1
2025-08-14 17:00:00,고흥만수상,602.6666666666666,6,6,56.28328015852165,34.57,127.3
2025-08-14 17:00:00,광양항세방,533.4499999999999,6,6,56.65461011727723,34.93,127.71
2025-08-14 17:00:00,구미,524.9666666666667,6,6,57.2888177876268,36.13,128.34
2025-08-14 17:00:00,삼천포,459.88333333333327,6,6,56.95026336930742,34.95,128.07
2025-08-14 17:00:00,여수,464.01666666666665,6,6,56.66030295867431,34.74,127.74
2025-08-14 17:00:00,영동,397.93333333333334,6,6,57.50196199878767,37.18,128.46
2025-08-14 17:00:00,영흥,276.78333333333336,6,6,55.932958899630066,37.26,126.46
2025-08-14 17:00:00,예천,438.1333333333334,6,6,57.44150556725962,36.65,128.46
2025-08-14 17:00:00,창원,412.90000000000003,6,6,57.3904983066472,35.21,128.58
2025-08-14 17:00:00,탑선,532.9999999999999,6,6,55.955508247953844,35.24,126.81
2025-08-14 18:00:00,경상대,389.06666666666666,6,6,69.25155638353584,35.18,128.1
2025-08-14 18:00:00,고흥만수상,339.75,6,6,68.62833769813635,34.57,127.3
2025-08-14 18:00:00,광양항세방,279.6166666666666,6,6,68.94614455727044,34.93,127.71
2025-08-14 18:00:00,구미,331.05,6,6,69.39625026456658,36.13,128.34
2025-08-14 18:00:00,삼천포,320.18333333333334,6,6,69.23974287449674,34.95,128.07
2025-08-14 18:00:00,여수,312.93333333333334,6,6,68.98085653680215,34.74,127.74
2025-08-14 18:00:00,영동,313.48333333333335,6,6,69.44208682377722,37.18,128.46
2025-08-14 18:00:00,영흥,266.38333333333327,6,6,67.84764328630035,37.26,126.46
2025-08-14 18:00:00,예천,330.56666666666666,6,6,69.46691005542829,36.65,128.46
2025-08-14 18:00:00,창원,384.43333333333334,6,6,69.64147496000493,35.21,128.58
2025-08-14 18:00:00,탑선,314.06666666666666,6,6,68.19589448140164,35.24,126.81
2025-08-14 19:00:00,경상대,237.0,3,5,81.41154349529111,35.18,128.1
2025-08-14 19:00:00,고흥만수상,240.4,3,5,80.88641171553705,34.57,127.3
2025-08-14 19:00:00,광양항세방,203.63333333333333,3,5,81.14746849580659,34.93,127.71
2025-08-14 19:00:00,구미,219.0666666666667,3,5,81.41516545573116,36.13,128.34
2025-08-14 19:00:00,삼천포,223.4,3,5,81.43292777131003,34.95,128.07
2025-08-14 19:00:00,여수,236.16666666666666,3,5,81.20864104759833,34.74,127.74
2025-08-14 19:00:00,영동,212.79999999999998,3,5,81.3031055671209,37.18,128.46
2025-08-14 19:00:00,영흥,172.425,4,5,79.72335636595209,37.26,126.46
2025-08-14 19:00:00,예천,68.89999999999999,3,5,81.4072743778178,36.65,128.46
2025-08-14 19:00:00,창원,234.5,3,5,81.78990607170496,35.21,128.58
2025-08-14 19:00:00,탑선,247.0,3,5,80.36554535183079,35.24,126.81
2025-08-14 20:00:00,경상대,,0,6,93.21872458393726,35.18,128.1
2025-08-14 20:00:00,고흥만수상,,0,6,92.80574461381362,34.57,127.3
2025-08-14 20:00:00,광양항세방,,0,6,93.00289983349346,34.93,127.71
2025-08-14 20:00:00,구미,,0,6,93.07711773380504,36.13,128.34
2025-08-14 20:00:00,삼천포,,0,6,93.27386390781805,34.95,128.07
2025-08-14 20:00:00,여수,,0,6,93.09001534741634,34.74,127.74
2025-08-14 20:00:00,영동,,0,6,92.80570635559636,37.18,128.46
2025-08-14 20:00:00,영흥,,0,6,91.27856638750053,37.26,126.46
2025-08-14 20:00:00,예천,,0,6,92.98874915241458,36.65,128.46
2025-08-14 20:00:00,창원,,0,6,93.57693882946943,35.21,128.58
2025-08-14 20:00:00,탑선,,0,6,92.20528021775337,35.24,126.81
2025-08-14 21:00:00,경상대,,0,6,104.37026666382526,35.18,128.1
2025-08-14 21:00:00,고흥만수상,,0,6,104.09229014715893,34.57,127.3
2025-08-14 21:00:00,광양항세방,,0,6,104.21354339599105,34.93,127.71
2025-08-14 21:00:00,구미,,0,6,104.07145343397565,36.13,128.34
2025-08-14 21:00:00,삼천포,,0,6,104.46149551449733,34.95,128.07
2025-08-14 21:00:00,여수,,0,6,104.32726992393142,34.74,127.74
2025-08-14 21:00:00,영동,,0,6,103.63171568171705,37.18,128.46
2025-08-14 21:00:00,영흥,,0,6,102.20436963868417,37.26,126.46
2025-08-14 21:00:00,예천,,0,6,103.89658909681216,36.65,128.46
2025-08-14 21:00:00,창원,,0,6,104.69679249575074,35.21,128.58
2025-08-14 21:00:00,탑선,,0,6,103.41879664599821,35.24,126.81
2025-08-14 22:00:00,경상대,,0,5,114.43739362030846,35.18,128.1
2025-08-14 22:00:00,고흥만수상,,0,5,114.32788917665215,34.57,127.3
2025-08-14 22:00:00,광양항세방,,0,5,114.35563337781825,34.93,127.71
2025-08-14 22:00:00,구미,,0,5,113.9647641976188,36.13,128.34
2025-08-14 22:00:00,삼천포,,0,5,114.56793906236342,34.95,128.07
2025-08-14 22:00:00,여수,,0,5,114.49680708200515,34.74,127.74
2025-08-14 22:00:00,영동,,0,5,113.3448408400057,37.18,128.46
2025-08-14 22:00:00,영흥,,0,5,112.08460673699798,37.26,126.46
2025-08-14 22:00:00,예천,,0,5,113.69522914497492,36.65,128.46
2025-08-14 22:00:00,창원,,0,5,114.71516837724846,35.21,128.58
2025-08-14 22:00:00,탑선,,0,5,113.59136408649275,35.24,126.81
2025-08-14 23:00:00,경상대,,0,6,122.77940942555833,35.18,128.1
2025-08-14 23:00:00,고흥만수상,,0,6,122.88073526864392,34.57,127.3
2025-08-14 23:00:00,광양항세방,,0,6,122.793033493985,34.93,127.71
2025-08-14 23:00:00,구미,,0,6,122.12047885665973,36.13,128.34
2025-08-14 23:00:00,삼천포,,0,6,122.95117054986903,34.95,128.07
2025-08-14 23:00:00,여수,,0,6,122.96056872599945,34.74,127.74
2025-08-14 23:00:00,영동,,0,6,121.31626443205572,37.18,128.46
2025-08-14 23:00:00,영흥,,0,6,120.32003593095932,37.26,126.46
2025-08-14 23:00:00,예천,,0,6,121.750920507513,36.65,128.46
2025-08-14 23:00:00,창원,,0,6,122.9836370959053,35.21,128.58
2025-08-14 23:00:00,탑선,,0,6,122.10388935206353,35.24,126.81
2025-08-15 00:00:00,경상대,,0,4,128.5069192112914,35.18,128.1
2025-08-15 00:00:00,고흥만수상,,0,4,128.85610688708073,34.57,127.3
2025-08-15 00:00:00,광양항세방,,0,4,128.63483530161943,34.93,127.71
2025-08-15 00:00:00,구미,,0,4,127.67343028716388,36.13,128.34
2025-08-15 00:00:00,삼천포,,0,4,128.71559869783232,34.95,128.07
2025-08-15 00:00:00,여수,,0,4,128.82183175171525,34.74,127.74
2025-08-15 00:00:00,영동,,0,4,126.70961173954737,37.18,128.46
2025-08-15 00:00:00,영흥,,0,4,126.0991285484227,37.26,126.46
2025-08-15 00:00:00,예천,,0,4,127.21207021911897,36.65,128.46
2025-08-15 00:00:00,창원,,0,4,128.60704866391123,35.21,128.58
2025-08-15 00:00:00,탑선,,0,4,128.08728407424206,35.24,126.81
2025-08-15 01:00:00,경상대,,0,5,130.6756708758646,35.18,128.1
2025-08-15 01:00:00,고흥만수상,,0,5,131.27144215476028,34.57,127.3
2025-08-15 01:00:00,광양항세방,,0,5,130.92027450569128,34.93,127.71
2025-08-15 01:00:00,구미,,0,5,129.72762345146873,36.13,128.34
2025-08-15 01:00:00,삼천포,,0,5,130.90533309028538,34.95,128.07
2025-08-15 01:00:00,여수,,0,5,131.110741496959,34.74,127.74
2025-08-15 01:00:00,영동,,0,5,128.67820446757798,37.18,128.46
2025-08-15 01:00:00,영흥,,0,5,128.55703733178436,37.26,126.46
2025-08-15 01:00:00,예천,,0,5,129.2081857221189,36.65,128.46
2025-08-15 01:00:00,창원,,0,5,130.64842866640728,35.21,128.58
2025-08-15 01:00:00,탑선,,0,5,130.58750089568568,35.24,126.81
2025-08-15 02:00:00,경상대,,0,6,128.82344158725317,35.18,128.1
2025-08-15 02:00:00,고흥만수상,,0,6,129.60395542043312,34.57,127.3
2025-08-15 02:00:00,광양항세방,,0,6,129.15940654756267,34.93,127.71
2025-08-15 02:00:00,구미,,0,6,127.85992618072564,36.13,128.34
2025-08-15 02:00:00,삼천포,,0,6,129.0496810760008,34.95,128.07
2025-08-15 02:00:00,여수,,0,6,129.33288516660886,34.74,127.74
2025-08-15 02:00:00,영동,,0,6,126.83196092219431,37.18,128.46
2025-08-15 02:00:00,영흥,,0,6,127.21704085027622,37.26,126.46
2025-08-15 02:00:00,예천,,0,6,127.33572464059466,36.65,128.46
2025-08-15 02:00:00,창원,,0,6,128.67132063682033,35.21,128.58
2025-08-15 02:00:00,탑선,,0,6,129.07969195842009,35.24,126.81
2025-08-15 03:00:00,경상대,,0,3,123.34945881190896,35.18,128.1
2025-08-15 03:00:00,고흥만수상,,0,3,124.22392836148892,34.57,127.3
2025-08-15 03:00:00,광양항세방,,0,3,123.73663072482935,34.93,127.71
2025-08-15 03:00:00,구미,,0,3,122.45776210392506,36.13,128.34
2025-08-15 03:00:00,삼천포,,0,3,123.55226900863174,34.95,128.07
2025-08-15 03:00:00,여수,,0,3,123.8791478030819,34.74,127.74
2025-08-15 03:00:00,영동,,0,3,121.5385628143283,37.18,128.46
2025-08-15 03:00:00,영흥,,0,3,122.3488529339833,37.26,126.46
2025-08-15 03:00:00,예천,,0,3,121.97513354837734,36.65,128.46
2025-08-15 03:00:00,창원,,0,3,123.09967683064035,35.21,128.58
2025-08-15 03:00:00,탑선,,0,3,123.89118336588717,35.24,126.81
2025-08-15 04:00:00,경상대,,0,6,115.18256041537312,35.18,128.1
2025-08-15 04:00:00,고흥만수상,,0,6,116.07832440377484,34.57,127.3
2025-08-15 04:00:00,광양항세방,,0,6,115.58732189310282,34.93,127.71
2025-08-15 04:00:00,구미,,0,6,114.40772991967076,36.13,128.34
2025-08-15 04:00:00,삼천포,,0,6,115.35290715062185,34.95,128.07
2025-08-15 04:00:00,여수,,0,6,115.69492634810652,34.74,127.74
2025-08-15 04:00:00,영동,,0,6,113.63836517140477,37.18,128.46
2025-08-15 04:00:00,영흥,,0,6,114.75646135272856,37.26,126.46
2025-08-15 04:00:00,예천,,0,6,113.99063911818185,36.65,128.46
2025-08-15 04:00:00,창원,,0,6,114.86755366700069,35.21,128.58
2025-08-15 04:00:00,탑선,,0,6,115.92676658999572,35.24,126.81
2025-08-15 05:00:00,경상대,,0,6,105.22874930855548,35.18,128.1
2025-08-15 05:00:00,고흥만수상,,0,6,106.10295631853269,34.57,127.3
2025-08-15 05:00:00,광양항세방,,0,6,105.63036736969103,34.93,127.71
2025-08-15 05:00:00,구미,,0,6,104.58403892081236,36.13,128.34
2025-08-15 05:00:00,삼천포,,0,6,105.36508390452586,34.95,128.07
2025-08-15 05:00:00,여수,,0,6,105.70470117087818,34.74,127.74
2025-08-15 05:00:00,영동,,0,6,103.97318162651219,37.18,128.46
2025-08-15 05:00:00,영흥,,0,6,105.29775948420871,37.26,126.46
2025-08-15 05:00:00,예천,,0,6,104.23962932228238,36.65,128.46
2025-08-15 05:00:00,창원,,0,6,104.87368871883312,35.21,128.58
2025-08-15 05:00:00,탑선,,0,6,106.10651104139984,35.24,126.81
2025-08-15 06:00:00,경상대,,0,6,94.14930465565988,35.18,128.1
2025-08-15 06:00:00,고흥만수상,,0,6,94.97870691461917,34.57,127.3
2025-08-15 06:00:00,광양항세방,,0,6,94.53602848252096,34.93,127.71
2025-08-15 06:00:00,구미,,0,6,93.6351613255595,36.13,128.34
2025-08-15 06:00:00,삼천포,,0,6,94.25269966415047,34.95,128.07
2025-08-15 06:00:00,여수,,0,6,94.58000935109517,34.74,127.74
2025-08-15 06:00:00,영동,,0,6,93.17949580097061,37.18,128.46
2025-08-15 06:00:00,영흥,,0,6,94.6378421143249,37.26,126.46
2025-08-15 06:00:00,예천,,0,6,93.3637496823646,36.65,128.46
2025-08-15 06:00:00,창원,,0,6,93.77103525754664,35.21,128.58
2025-08-15 06:00:00,탑선,,0,6,95.11294141541944,35.24,126.81
2025-08-15 07:00:00,경상대,205.5,1,5,82.38762902369328,35.18,128.1
2025-08-15 07:00:00,고흥만수상,193.1,1,5,83.15749265134784,34.57,127.3
2025-08-15 07:00:00,광양항세방,178.2,1,5,82.75187755242287,34.93,127.71
2025-08-15 07:00:00,구미,201.9,1,5,82.00335268429146,36.13,128.34
2025-08-15 07:00:00,삼천포,212.2,1,5,82.45907072595291,34.95,128.07
2025-08-15 07:00:00,여수,208.5,1,5,82.76770870744465,34.74,127.74
2025-08-15 07:00:00,영동,130.3,2,5,81.69961170653501,37.18,128.46
2025-08-15 07:00:00,영흥,99.5,1,5,83.24099469085746,37.26,126.46
2025-08-15 07:00:00,예천,181.89999999999998,2,5,81.80466843586592,36.65,128.46
2025-08-15 07:00:00,창원,199.0,2,5,81.99747356419867,35.21,128.58
2025-08-15 07:00:00,탑선,146.1,1,5,83.40499812064813,35.24,126.81
2025-08-15 08:00:00,경상대,165.64000000000001,5,5,70.25495461648259,35.18,128.1
2025-08-15 08:00:00,고흥만수상,304.32,5,5,70.95142264946625,34.57,127.3
2025-08-15 08:00:00,광양항세방,277.7,5,5,70.58984553584943,34.93,127.71
2025-08-15 08:00:00,구미,308.97999999999996,5,5,70.00476791232201,36.13,128.34
2025-08-15 08:00:00,삼천포,324.24000000000007,5,5,70.29405412081516,34.95,128.07
2025-08-15 08:00:00,여수,316.88,5,5,70.5782639712671,34.74,127.74
2025-08-15 08:00:00,영동,184.2,5,5,69.8557967266148,37.18,128.46
2025-08-15 08:00:00,영흥,167.84,5,5,71.44138609275667,37.26,126.46
2025-08-15 08:00:00,예천,293.6,5,5,69.88126008711474,36.65,128.46
2025-08-15 08:00:00,창원,326.43999999999994,5,5,69.86160134306759,35.21,128.58
2025-08-15 08:00:00,탑선,166.57999999999998,5,5,71.30234246598285,35.24,126.81
2025-08-15 09:00:00,경상대,533.5666666666667,6,6,58.012770402451665,35.18,128.1
2025-08-15 09:00:00,고흥만수상,454.4833333333334,6,6,58.61634792157142,34.57,127.3
2025-08-15 09:00:00,광양항세방,403.3,6,6,58.30909913277948,34.93,127.71
2025-08-15 09:00:00,구미,377.76666666666665,6,6,57.91063088592742,36.13,128.34
2025-08-15 09:00:00,삼천포,468.81666666666666,6,6,58.01677244154054,34.95,128.07
2025-08-15 09:00:00,여수,537.9333333333333,6,6,58.268863877935175,34.74,127.74
2025-08-15 09:00:00,영동,340.0,6,6,57.930037208411406,37.18,128.46
2025-08-15 09:00:00,영흥,290.05,6,6,59.522275123476575,37.26,126.46
2025-08-15 09:00:00,예천,491.45,6,6,57.87009087881281,36.65,128.46
2025-08-15 09:00:00,창원,550.5833333333334,6,6,57.62500565061625,35.21,128.58
2025-08-15 09:00:00,탑선,320.68333333333334,6,6,59.06809601270495,35.24,126.81
2025-08-15 10:00:00,경상대,700.8399999999999,5,5,45.967814086448946,35.18,128.1
2025-08-15 10:00:00,고흥만수상,573.68,5,5,46.443724302362135,34.57,127.3
2025-08-15 10:00:00,광양항세방,506.55999999999995,5,5,46.20957094018683,34.93,127.71
2025-08-15 10:00:00,구미,506.66,5,5,46.04465930743939,36.13,128.34
2025-08-15 10:00:00,삼천포,581.6200000000001,5,5,45.93005393374115,34.95,128.07
2025-08-15 10:00:00,여수,423.02,5,5,46.13662633941341,34.74,127.74
2025-08-15 10:00:00,영동,633.54,5,5,46.26343446562838,37.18,128.46
2025-08-15 10:00:00,영흥,421.35999999999996,5,5,47.810181629113174,37.26,126.46
2025-08-15 10:00:00,예천,390.18,5,5,46.10404173090227,36.65,128.46
2025-08-15 10:00:00,창원,723.52,5,5,45.59856724141508,35.21,128.58
2025-08-15 10:00:00,탑선,571.74,5,5,47.00094035958722,35.24,126.81
2025-08-15 11:00:00,경상대,810.5666666666667,6,6,34.65933815596342,35.18,128.1
2025-08-15 11:00:00,고흥만수상,831.5333333333333,6,6,34.93666772469589,34.57,127.3
2025-08-15 11:00:00,광양항세방,642.6166666666667,6,6,34.81392838808268,34.93,127.71
2025-08-15 11:00:00,구미,551.4,6,6,34.97572621674542,36.13,128.34
2025-08-15 11:00:00,삼천포,854.3333333333335,6,6,34.56653343824026,34.95,128.07
2025-08-15 11:00:00,여수,833.4833333333335,6,6,34.70016011387627,34.74,127.74
2025-08-15 11:00:00,영동,766.0999999999999,6,6,35.45170900739176,37.18,128.46
2025-08-15 11:00:00,영흥,550.3000000000001,6,6,36.84965111479819,37.26,126.46
2025-08-15 11:00:00,예천,707.4499999999999,6,6,35.167261965403085,36.65,128.46
2025-08-15 11:00:00,창원,817.2166666666667,6,6,34.33544076951394,35.21,128.58
2025-08-15 11:00:00,탑선,783.9666666666667,6,6,35.608629607452535,35.24,126.81
2025-08-15 12:00:00,경상대,884.4000000000001,6,6,25.380449073998776,35.18,128.1
2025-08-15 12:00:00,고흥만수상,902.8000000000001,6,6,25.311437770801007,34.57,127.3
2025-08-15 12:00:00,광양항세방,850.2166666666667,6,6,25.378978053491267,34.93,127.71
2025-08-15 12:00:00,구미,837.5666666666666,6,6,26.028247415685726,36.13,128.34
2025-08-15 12:00:00,삼천포,930.7833333333333,6,6,25.21290085843006,34.95,128.07
2025-08-15 12:00:00,여수,751.3833333333333,6,6,25.21493188082853,34.74,127.74
2025-08-15 12:00:00,영동,685.35,6,6,26.833754816956358,37.18,128.46
2025-08-15 12:00:00,영흥,702.6333333333333,6,6,27.835768019100037,37.26,126.46
2025-08-15 12:00:00,예천,722.4666666666667,6,6,26.397131785130767,36.65,128.46
2025-08-15 12:00:00,창원,849.0333333333333,6,6,25.169336623439122,35.21,128.58
2025-08-15 12:00:00,탑선,852.6500000000001,6,6,26.083700851656786,35.24,126.81
2025-08-15 13:00:00,경상대,914.15,6,6,21.198803962532637,35.18,128.1
2025-08-15 13:00:00,고흥만수상,914.4333333333333,6,6,20.618471173460293,34.57,127.3
2025-08-15 13:00:00,광양항세방,875.9499999999999,6,6,20.959856740363833,34.93,127.71
2025-08-15 13:00:00,구미,831.1666666666666,6,6,22.144985582047227,36.13,128.34
2025-08-15 13:00:00,삼천포,959.1333333333333,6,6,20.96950140805893,34.95,128.07
2025-08-15 13:00:00,여수,758.2333333333335,6,6,20.768965312508612,34.74,127.74
2025-08-15 13:00:00,영동,637.5666666666666,6,6,23.193993378168756,37.18,128.46
2025-08-15 13:00:00,영흥,737.6999999999999,6,6,23.353714735442622,37.26,126.46
2025-08-15 13:00:00,예천,641.25,6,6,22.663987437952585,36.65,128.46
2025-08-15 13:00:00,창원,899.8833333333333,6,6,21.223467931189802,35.21,128.58
2025-08-15 13:00:00,탑선,878.5333333333334,6,6,21.316556873497817,35.24,126.81
2025-08-15 14:00:00,경상대,891.3833333333333,6,6,24.890287105275263,35.18,128.1
2025-08-15 14:00:00,고흥만수상,850.65,6,6,24.01496817729769,34.57,127.3
2025-08-15 14:00:00,광양항세방,861.5333333333333,6,6,24.50248457022154,34.93,127.71
2025-08-15 14:00:00,구미,836.3333333333334,6,6,25.781401263784943,36.13,128.34
2025-08-15 14:00:00,삼천포,941.8333333333334,6,6,24.688373228775987,34.95,128.07
2025-08-15 14:00:00,여수,813.5333333333333,6,6,24.36063185544269,34.74,127.74
2025-08-15 14:00:00,영동,552.25,6,6,26.70548363298768,37.18,128.46
2025-08-15 14:00:00,영흥,420.7,6,6,25.94034046129491,37.26,126.46
2025-08-15 14:00:00,예천,813.5166666666665,6,6,26.265310971943926,36.65,128.46
2025-08-15 14:00:00,창원,846.8000000000001,6,6,25.14327156749775,35.21,128.58
2025-08-15 14:00:00,탑선,701.7666666666668,6,6,24.353385458810322,35.24,126.81
2025-08-15 15:00:00,경상대,698.4,6,6,33.94867300841568,35.18,128.1
2025-08-15 15:00:00,고흥만수상,837.9000000000001,6,6,33.07085297340878,34.57,127.3
2025-08-15 15:00:00,광양항세방,802.5333333333333,6,6,33.54598116903318,34.93,127.71
2025-08-15 15:00:00,구미,782.7666666666668,6,6,34.61362585640881,36.13,128.34
2025-08-15 15:00:00,삼천포,878.9333333333334,6,6,33.80882164220594,34.95,128.07
2025-08-15 15:00:00,여수,428.09999999999997,6,6,33.468475466963945,34.74,127.74
2025-08-15 15:00:00,영동,394.6666666666667,6,6,35.261806575946586,37.18,128.46
2025-08-15 15:00:00,영흥,545.3333333333334,6,6,33.9953763091239,37.26,126.46
2025-08-15 15:00:00,예천,758.4499999999999,6,6,34.97365452589197,36.65,128.46
2025-08-15 15:00:00,창원,821.2166666666667,6,6,34.300469358208446,35.21,128.58
2025-08-15 15:00:00,탑선,716.7166666666667,6,6,33.08728605633926,35.24,126.81
2025-08-15 16:00:00,경상대,727.4833333333335,6,6,45.180587257043896,35.18,128.1
2025-08-15 16:00:00,고흥만수상,756.7833333333333,6,6,44.377517139642066,34.57,127.3
2025-08-15 16:00:00,광양항세방,690.4833333333335,6,6,44.80325460756555,34.93,127.71
2025-08-15 16:00:00,구미,681.8499999999999,6,6,45.64327882028155,36.13,128.34
2025-08-15 16:00:00,삼천포,758.85,6,6,45.09192050923811,34.95,128.07
2025-08-15 16:00:00,여수,749.3666666666667,6,6,44.77285217457441,34.74,127.74
2025-08-15 16:00:00,영동,631.9333333333333,6,6,46.053908136355915,37.18,128.46
2025-08-15 16:00:00,영흥,616.8833333333333,6,6,44.57417516583501,37.26,126.46
2025-08-15 16:00:00,예천,667.5166666666667,6,6,45.891257883664856,36.65,128.46
2025-08-15 16:00:00,창원,682.9166666666666,6,6,45.56541388254806,35.21,128.58
2025-08-15 16:00:00,탑선,672.0333333333333,6,6,44.19080846765648,35.24,126.81
2025-08-15 17:00:00,경상대,574.8666666666667,6,6,57.20667243246518,35.18,128.1
2025-08-15 17:00:00,고흥만수상,502.66666666666674,6,6,56.490117755557065,34.57,127.3
2025-08-15 17:00:00,광양항세방,535.3333333333334,6,6,56.863050487793856,34.93,127.71
2025-08-15 17:00:00,구미,526.8666666666666,6,6,57.502794197356586,36.13,128.34
2025-08-15 17:00:00,삼천포,497.68333333333334,6,6,57.158655145088694,34.95,128.07
2025-08-15 17:00:00,여수,592.3166666666667,6,6,56.867797434058375,34.74,127.74
2025-08-15 17:00:00,영동,150.38333333333333,6,6,57.72082864030561,37.18,128.46
2025-08-15 17:00:00,영흥,529.0333333333333,6,6,56.15318552567686,37.26,126.46
2025-08-15 17:00:00,예천,272.15000000000003,6,6,57.65789261086116,36.65,128.46
2025-08-15 17:00:00,창원,536.1999999999999,6,6,57.599956590814,35.21,128.58
2025-08-15 17:00:00,탑선,571.4,6,6,56.16586602870461,35.24,126.81
2025-08-15 18:00:00,경상대,385.4333333333334,6,6,69.45985816111582,35.18,128.1
2025-08-15 18:00:00,고흥만수상,401.38333333333327,6,6,68.83378384559828,34.57,127.3
2025-08-15 18:00:00,광양항세방,350.88333333333327,6,6,69.15326850173369,34.93,127.71
2025-08-15 18:00:00,구미,323.78333333333336,6,6,69.60874692990764,36.13,128.34
2025-08-15 18:00:00,삼천포,315.25,6,6,69.44702338098932,34.95,128.07
2025-08-15 18:00:00,여수,395.71666666666664,6,6,69.18714214184001,34.74,127.74
2025-08-15 18:00:00,영동,298.3666666666667,6,6,69.65911151081654,37.18,128.46
2025-08-15 18:00:00,영흥,345.1166666666666,6,6,68.06479001066081,37.26,126.46
2025-08-15 18:00:00,예천,351.76666666666665,6,6,69.68166948633564,36.65,128.46
2025-08-15 18:00:00,창원,395.23333333333335,6,6,69.85000311052909,35.21,128.58
2025-08-15 18:00:00,탑선,320.73333333333335,6,6,68.4042475883716,35.24,126.81
2025-08-15 19:00:00,경상대,226.16666666666666,3,6,81.62642110998321,35.18,128.1
2025-08-15 19:00:00,고흥만수상,236.30000000000004,3,6,81.09831636895974,34.57,127.3
2025-08-15 19:00:00,광양항세방,201.83333333333334,3,6,81.36109109625792,34.93,127.71
2025-08-15 19:00:00,구미,158.46666666666667,3,6,81.63396243707625,36.13,128.34
2025-08-15 19:00:00,삼천포,218.13333333333333,3,6,81.6468651217717,34.95,128.07
2025-08-15 19:00:00,여수,234.16666666666666,3,6,81.42151814462768,34.74,127.74
2025-08-15 19:00:00,영동,216.5333333333333,3,6,81.52606907354479,37.18,128.46
2025-08-15 19:00:00,영흥,198.325,4,6,79.94547325449977,37.26,126.46
2025-08-15 19:00:00,예천,191.63333333333333,3,6,81.62818176915111,36.65,128.46
2025-08-15 19:00:00,창원,232.0666666666667,3,6,82.00521881021828,35.21,128.58
2025-08-15 19:00:00,탑선,168.53333333333333,3,6,80.57984880458407,35.24,126.81
2025-08-15 20:00:00,경상대,,0,6,93.44661739229245,35.18,128.1
2025-08-15 20:00:00,고흥만수상,,0,6,93.03058480664222,34.57,127.3
2025-08-15 20:00:00,광양항세방,,0,6,93.22948030646847,34.93,127.71
2025-08-15 20:00:00,구미,,0,6,93.3086403230241,36.13,128.34
2025-08-15 20:00:00,삼천포,,0,6,93.50089727594039,34.95,128.07
2025-08-15 20:00:00,여수,,0,6,93.31593902999309,34.74,127.74
2025-08-15 20:00:00,영동,,0,6,93.0410124064156,37.18,128.46
2025-08-15 20:00:00,영흥,,0,6,91.51219008113875,37.26,126.46
2025-08-15 20:00:00,예천,,0,6,93.22221719465774,36.65,128.46
2025-08-15 20:00:00,창원,,0,6,93.8054487434045,35.21,128.58
2025-08-15 20:00:00,탑선,,0,6,92.43204993930901,35.24,126.81
2025-08-15 21:00:00,경상대,,0,6,104.61695848512551,35.18,128.1
2025-08-15 21:00:00,고흥만수상,,0,6,104.33593103469794,34.57,127.3
2025-08-15 21:00:00,광양항세방,,0,6,104.45890269064981,34.93,127.71
2025-08-15 21:00:00,구미,,0,6,104.32138803924627,36.13,128.34
2025-08-15 21:00:00,삼천포,,0,6,104.70742974180676,34.95,128.07
2025-08-15 21:00:00,여수,,0,6,104.57207548237719,34.74,127.74
2025-08-15 21:00:00,영동,,0,6,103.88494083567409,37.18,128.46
2025-08-15 21:00:00,영흥,,0,6,102.45518094252827,37.26,126.46
2025-08-15 21:00:00,예천,,0,6,104.14824761015439,36.65,128.46
2025-08-15 21:00:00,창원,,0,6,104.94426023982226,35.21,128.58
2025-08-15 21:00:00,탑선,,0,6,103.66386523527399,35.24,126.81
2025-08-15 22:00:00,경상대,,0,5,114.70762165367711,35.18,128.1
2025-08-15 22:00:00,고흥만수상,,0,5,114.5952876578928,34.57,127.3
2025-08-15 22:00:00,광양항세방,,0,5,114.62460742274726,34.93,127.71
2025-08-15 22:00:00,구미,,0,5,114.23761279749601,36.13,128.34
2025-08-15 22:00:00,삼천포,,0,5,114.83756477287578,34.95,128.07
2025-08-15 22:00:00,여수,,0,5,114.76536782479789,34.74,127.74
2025-08-15 22:00:00,영동,,0,5,113.6202459607491,37.18,128.46
2025-08-15 22:00:00,영흥,,0,5,112.35710749844341,37.26,126.46
2025-08-15 22:00:00,예천,,0,5,113.9694523570247,36.65,128.46
2025-08-15 22:00:00,창원,,0,5,114.98626674687844,35.21,128.58
2025-08-15 22:00:00,탑선,,0,5,113.85960099542383,35.24,126.81
2025-08-15 23:00:00,경상대,,0,6,123.0746083398535,35.18,128.1
2025-08-15 23:00:00,고흥만수상,,0,6,123.17379172012437,34.57,127.3
2025-08-15 23:00:00,광양항세방,,0,6,123.08727023133069,34.93,127.71
2025-08-15 23:00:00,구미,,0,6,122.41731213252308,36.13,128.34
2025-08-15 23:00:00,삼천포,,0,6,123.24600330111826,34.95,128.07
2025-08-15 23:00:00,여수,,0,6,123.25458112899861,34.74,127.74
2025-08-15 23:00:00,영동,,0,6,121.6145918348204,37.18,128.46
2025-08-15 23:00:00,영흥,,0,6,120.6156250363616,37.26,126.46
2025-08-15 23:00:00,예천,,0,6,122.0485918069856,36.65,128.46
2025-08-15 23:00:00,창원,,0,6,123.27961860623708,35.21,128.58
2025-08-15 23:00:00,탑선,,0,6,122.39715107322174,35.24,126.81
2025-08-16 00:00:00,경상대,,0,6,128.82040628446896,35.18,128.1
2025-08-16 00:00:00,고흥만수상,,0,6,129.16877200776972,34.57,127.3
2025-08-16 00:00:00,광양항세방,,0,6,128.94795303456635,34.93,127.71
2025-08-16 00:00:00,구미,,0,6,127.98735654103152,36.13,128.34
2025-08-16 00:00:00,삼천포,,0,6,129.02899207534415,34.95,128.07
2025-08-16 00:00:00,여수,,0,6,129.13490787876958,34.74,127.74
2025-08-16 00:00:00,영동,,0,6,127.02388213881278,37.18,128.46
2025-08-16 00:00:00,영흥,,0,6,126.4121138096002,37.26,126.46
2025-08-16 00:00:00,예천,,0,6,127.52620857340594,36.65,128.46
2025-08-16 00:00:00,창원,,0,6,128.92087786594425,35.21,128.58
2025-08-16 00:00:00,탑선,,0,6,128.3998015127939,35.24,126.81
2025-08-16 01:00:00,경상대,,0,5,130.9888569946143,35.18,128.1
2025-08-16 01:00:00,고흥만수상,,0,5,131.58528725769202,34.57,127.3
2025-08-16 01:00:00,광양항세방,,0,5,131.2337876453593,34.93,127.71
2025-08-16 01:00:00,구미,,0,5,130.04059664473613,36.13,128.34
2025-08-16 01:00:00,삼천포,,0,5,131.2185475269807,34.95,128.07
2025-08-16 01:00:00,여수,,0,5,131.42423406697512,34.74,127.74
2025-08-16 01:00:00,영동,,0,5,128.9910706239869,37.18,128.46
2025-08-16 01:00:00,영흥,,0,5,128.87138253580062,37.26,126.46
2025-08-16 01:00:00,예천,,0,5,129.5210538663723,36.65,128.46
2025-08-16 01:00:00,창원,,0,5,130.96119515757323,35.21,128.58
2025-08-16 01:00:00,탑선,,0,5,130.90168491347507,35.24,126.81
2025-08-16 02:00:00,경상대,,0,6,129.11267554654117,35.18,128.1
2025-08-16 02:00:00,고흥만수상,,0,6,129.89444977851707,34.57,127.3
2025-08-16 02:00:00,광양항세방,,0,6,129.44929260037406,34.93,127.71
2025-08-16 02:00:00,구미,,0,6,128.1494791696107,36.13,128.34
2025-08-16 02:00:00,삼천포,,0,6,129.33877465690756,34.95,128.07
2025-08-16 02:00:00,여수,,0,6,129.6225364505515,34.74,127.74
2025-08-16 02:00:00,영동,,0,6,127.12217430350853,37.18,128.46
2025-08-16 02:00:00,영흥,,0,6,127.51137103143324,37.26,126.46
2025-08-16 02:00:00,예천,,0,6,127.62547773537537,36.65,128.46
2025-08-16 02:00:00,창원,,0,6,128.95949897102807,35.21,128.58
2025-08-16 02:00:00,탑선,,0,6,129.3718113030664,35.24,126.81
2025-08-16 03:00:00,경상대,,0,6,123.60044488319474,35.18,128.1
2025-08-16 03:00:00,고흥만수상,,0,6,124.47569822436185,34.57,127.3
2025-08-16 03:00:00,광양항세방,,0,6,123.98810086152979,34.93,127.71
2025-08-16 03:00:00,구미,,0,6,122.7102809222516,36.13,128.34
2025-08-16 03:00:00,삼천포,,0,6,123.80280259692765,34.95,128.07
2025-08-16 03:00:00,여수,,0,6,124.1300971763416,34.74,127.74
2025-08-16 03:00:00,영동,,0,6,121.79310962290214,37.18,128.46
2025-08-16 03:00:00,영흥,,0,6,122.60862295879575,37.26,126.46
2025-08-16 03:00:00,예천,,0,6,122.22850798227503,36.65,128.46
2025-08-16 03:00:00,창원,,0,6,123.34943315857052,35.21,128.58
2025-08-16 03:00:00,탑선,,0,6,124.14579377760973,35.24,126.81
2025-08-16 04:00:00,경상대,,0,6,115.39431748161577,35.18,128.1
2025-08-16 04:00:00,고흥만수상,,0,6,116.28997803997405,34.57,127.3
2025-08-16 04:00:00,광양항세방,,0,6,115.79918493988558,34.93,127.71
2025-08-16 04:00:00,구미,,0,6,114.62212738138449,36.13,128.34
2025-08-16 04:00:00,삼천포,,0,6,115.56394885915151,34.95,128.07
2025-08-16 04:00:00,여수,,0,6,115.90606339989206,34.74,127.74
2025-08-16 04:00:00,영동,,0,6,113.85596754006491,37.18,128.46
2025-08-16 04:00:00,영흥,,0,6,114.97901725063504,37.26,126.46
2025-08-16 04:00:00,예천,,0,6,114.20648999243954,36.65,128.46
2025-08-16 04:00:00,창원,,0,6,115.07824085048983,35.21,128.58
2025-08-16 04:00:00,탑선,,0,6,116.14191162876243,35.24,126.81
2025-08-16 05:00:00,경상대,,0,6,105.40754384991206,35.18,128.1
2025-08-16 05:00:00,고흥만수상,,0,6,106.28080690748206,34.57,127.3
2025-08-16 05:00:00,광양항세방,,0,6,105.80889222329932,34.93,127.71
2025-08-16 05:00:00,구미,,0,6,104.76625293072625,36.13,128.34
2025-08-16 05:00:00,삼천포,,0,6,105.5429901772058,34.95,128.07
2025-08-16 05:00:00,여수,,0,6,105.88238517628375,34.74,127.74
2025-08-16 05:00:00,영동,,0,6,104.1593981557402,37.18,128.46
2025-08-16 05:00:00,영흥,,0,6,105.48804956312111,37.26,126.46
2025-08-16 05:00:00,예천,,0,6,104.42371994972308,36.65,128.46
2025-08-16 05:00:00,창원,,0,6,105.05168451115257,35.21,128.58
2025-08-16 05:00:00,탑선,,0,6,106.28807059411892,35.24,126.81
2025-08-16 06:00:00,경상대,,0,5,94.30332633090185,35.18,128.1
2025-08-16 06:00:00,고흥만수상,,0,5,95.13106955123129,34.57,127.3
2025-08-16 06:00:00,광양항세방,,0,5,94.68945324515701,34.93,127.71
2025-08-16 06:00:00,구미,,0,5,93.79316288413884,36.13,128.34
2025-08-16 06:00:00,삼천포,,0,5,94.4057147517369,34.95,128.07
2025-08-16 06:00:00,여수,,0,5,94.73252611677349,34.74,127.74
2025-08-16 06:00:00,영동,,0,5,93.34205435193063,37.18,128.46
2025-08-16 06:00:00,영흥,,0,5,94.8034479346235,37.26,126.46
2025-08-16 06:00:00,예천,,0,5,93.5239331543662,36.65,128.46
2025-08-16 06:00:00,창원,,0,5,93.92453686271848,35.21,128.58
2025-08-16 06:00:00,탑선,,0,5,95.26904122603611,35.24,126.81
2025-08-16 07:00:00,경상대,0.0,1,6,82.5250644757851,35.18,128.1
2025-08-16 07:00:00,고흥만수상,191.5,1,6,83.29260654617163,34.57,127.3
2025-08-16 07:00:00,광양항세방,172.2,1,6,82.88841052498634,34.93,127.71
2025-08-16 07:00:00,구미,198.3,1,6,82.1452631678308,36.13,128.34
2025-08-16 07:00:00,삼천포,212.3,1,6,82.59539615621952,34.95,128.07
2025-08-16 07:00:00,여수,202.6,1,6,82.90327829634589,34.74,127.74
2025-08-16 07:00:00,영동,129.1,2,6,81.84655677351223,37.18,128.46
2025-08-16 07:00:00,영흥,126.4,1,6,83.38994060323088,37.26,126.46
2025-08-16 07:00:00,예천,174.75,2,6,81.94902899626835,36.65,128.46
2025-08-16 07:00:00,창원,209.3,1,6,82.13465982013446,35.21,128.58
2025-08-16 07:00:00,탑선,148.7,1,6,83.54383711950348,35.24,126.81
2025-08-16 08:00:00,경상대,253.13333333333335,6,6,70.38406886515703,35.18,128.1
2025-08-16 08:00:00,고흥만수상,264.26666666666665,6,6,71.07749439249972,34.57,127.3
2025-08-16 08:00:00,광양항세방,289.36666666666673,6,6,70.7177253775488,34.93,127.71
2025-08-16 08:00:00,구미,310.4833333333333,6,6,70.13890922976275,36.13,128.34
2025-08-16 08:00:00,삼천포,280.5833333333333,6,6,70.42194067761989,34.95,128.07
2025-08-16 08:00:00,여수,279.1666666666667,6,6,70.70511481412889,34.74,127.74
2025-08-16 08:00:00,영동,264.3666666666667,6,6,69.99549551238815,37.18,128.46
2025-08-16 08:00:00,영흥,232.23333333333335,6,6,71.5819566547906,37.26,126.46
2025-08-16 08:00:00,예천,293.2833333333333,6,6,70.01814640474274,36.65,128.46
2025-08-16 08:00:00,창원,288.53333333333336,6,6,69.99075551342847,35.21,128.58
2025-08-16 08:00:00,탑선,231.79999999999998,6,6,71.4321500437303,35.24,126.81
2025-08-16 09:00:00,경상대,447.3,5,5,58.143074043796716,35.18,128.1
2025-08-16 09:00:00,고흥만수상,544.28,5,5,58.74269521537434,34.57,127.3
2025-08-16 09:00:00,광양항세방,498.05999999999995,5,5,58.437748524531,34.93,127.71
2025-08-16 09:00:00,구미,517.0600000000001,5,5,58.046660638380914,36.13,128.34
2025-08-16 09:00:00,삼천포,565.8199999999999,5,5,58.14569635228511,34.95,128.07
2025-08-16 09:00:00,여수,439.98,5,5,58.39639725312595,34.74,127.74
2025-08-16 09:00:00,영동,486.26000000000005,5,5,58.07226523127575,37.18,128.46
2025-08-16 09:00:00,영흥,376.76,5,5,59.66396755211695,37.26,126.46
2025-08-16 09:00:00,예천,468.73999999999995,5,5,58.009231197776735,36.65,128.46
2025-08-16 09:00:00,창원,552.74,5,5,57.755712595314165,35.21,128.58
2025-08-16 09:00:00,탑선,421.34,5,5,59.198212382406496,35.24,126.81
2025-08-16 10:00:00,경상대,695.5200000000001,5,5,46.11241170755745,35.18,128.1
2025-08-16 10:00:00,고흥만수상,700.9,5,5,46.58309528458533,34.57,127.3
2025-08-16 10:00:00,광양항세방,645.48,5,5,46.35192799636096,34.93,127.71
2025-08-16 10:00:00,구미,608.1600000000001,5,5,46.195847296917854,36.13,128.34
2025-08-16 10:00:00,삼천포,720.72,5,5,46.07308310606253,34.95,128.07
2025-08-16 10:00:00,여수,702.5,5,5,46.27776691614244,34.74,127.74
2025-08-16 10:00:00,영동,571.4399999999999,5,5,46.421541909180455,37.18,128.46
2025-08-16 10:00:00,영흥,533.4799999999999,5,5,47.96569946368463,37.26,126.46
2025-08-16 10:00:00,예천,633.3799999999999,5,5,46.258773228810334,36.65,128.46
2025-08-16 10:00:00,창원,695.66,5,5,45.7441076562197,35.21,128.58
2025-08-16 10:00:00,탑선,623.9399999999999,5,5,47.144033395319575,35.24,126.81
2025-08-16 11:00:00,경상대,785.0999999999999,6,6,34.839151691568766,35.18,128.1
2025-08-16 11:00:00,고흥만수상,829.1,6,6,35.10958988059994,34.57,127.3
2025-08-16 11:00:00,광양항세방,774.5666666666666,6,6,34.990719046749916,34.93,127.71
2025-08-16 11:00:00,구미,712.1166666666667,6,6,35.16279499014472,36.13,128.34
2025-08-16 11:00:00,삼천포,848.7666666666665,6,6,34.744641908660476,34.95,128.07
2025-08-16 11:00:00,여수,828.1500000000001,6,6,34.87570733394089,34.74,127.74
2025-08-16 11:00:00,영동,653.8833333333333,6,6,35.6459968199807,37.18,128.46
2025-08-16 11:00:00,영흥,709.3166666666666,6,6,37.03814454104719,37.26,126.46
2025-08-16 11:00:00,예천,732.1333333333333,6,6,35.358147477724714,36.65,128.46
2025-08-16 11:00:00,창원,808.4333333333334,6,6,34.517061940775555,35.21,128.58
2025-08-16 11:00:00,탑선,785.4666666666667,6,6,35.784727165978346,35.24,126.81
2025-08-16 12:00:00,경상대,844.0333333333333,6,6,25.626484339104337,35.18,128.1
2025-08-16 12:00:00,고흥만수상,899.7000000000002,6,6,25.549994895404737,34.57,127.3
2025-08-16 12:00:00,광양항세방,852.8000000000002,6,6,25.62166191770926,34.93,127.71
2025-08-16 12:00:00,구미,789.8000000000001,6,6,26.27999620296127,36.13,128.34
2025-08-16 12:00:00,삼천포,922.3166666666666,6,6,25.457627639217733,34.95,128.07
2025-08-16 12:00:00,여수,747.3333333333334,6,6,25.456790903067386,34.74,127.74
2025-08-16 12:00:00,영동,639.3833333333333,6,6,27.090564166632618,37.18,128.46
2025-08-16 12:00:00,영흥,791.6999999999999,6,6,28.083442080447554,37.26,126.46
2025-08-16 12:00:00,예천,762.7833333333333,6,6,26.651745028857185,36.65,128.46
2025-08-16 12:00:00,창원,833.4666666666667,6,6,25.418083280486258,35.21,128.58
2025-08-16 12:00:00,탑선,722.7166666666666,6,6,26.32322813981994,35.24,126.81
2025-08-16 13:00:00,경상대,893.26,5,5,21.512370954976987,35.18,128.1
2025-08-16 13:00:00,고흥만수상,929.4399999999999,5,5,20.930033387471653,34.57,127.3
2025-08-16 13:00:00,광양항세방,885.5200000000001,5,5,21.272511710412715,34.93,127.71
2025-08-16 13:00:00,구미,812.2,5,5,22.459087308565415,36.13,128.34
2025-08-16 13:00:00,삼천포,949.86,5,5,21.282987686220736,34.95,128.07
2025-08-16 13:00:00,여수,919.6,5,5,21.081669193311797,34.74,127.74
2025-08-16 13:00:00,영동,532.9399999999999,5,5,23.508339991708596,37.18,128.46
2025-08-16 13:00:00,영흥,831.5,5,5,23.66376658894005,37.26,126.46
2025-08-16 13:00:00,예천,808.54,5,5,22.978326575706276,36.65,128.46
2025-08-16 13:00:00,창원,801.32,5,5,21.538020519973045,35.21,128.58
2025-08-16 13:00:00,탑선,898.24,5,5,21.6269533615947,35.24,126.81
2025-08-16 14:00:00,경상대,891.9200000000001,5,5,25.189615180372172,35.18,128.1
2025-08-16 14:00:00,고흥만수상,924.74,5,5,24.315171913838398,34.57,127.3
2025-08-16 14:00:00,광양항세방,868.64,5,5,24.802349888969204,34.93,127.71
2025-08-16 14:00:00,구미,797.7800000000001,5,5,26.082378647023887,36.13,128.34
2025-08-16 14:00:00,삼천포,938.6199999999999,5,5,24.987190594630633,34.95,128.07
2025-08-16 14:00:00,여수,731.88,5,5,24.65991292383883,34.74,127.74
2025-08-16 14:00:00,영동,665.1600000000001,5,5,27.008476505383058,37.18,128.46
2025-08-16 14:00:00,영흥,824.04,5,5,26.24827320236816,37.26,126.46
2025-08-16 14:00:00,예천,792.14,5,5,26.5671558731733,36.65,128.46
2025-08-16 14:00:00,창원,861.2599999999999,5,5,25.441225310275,35.21,128.58
2025-08-16 14:00:00,탑선,787.5000000000001,5,5,24.65663299240309,35.24,126.81
2025-08-16 15:00:00,경상대,841.7999999999998,6,6,34.20317381984013,35.18,128.1
2025-08-16 15:00:00,고흥만수상,867.9166666666666,6,6,33.32427865253801,34.57,127.3
2025-08-16 15:00:00,광양항세방,803.7666666666668,6,6,33.800202487004,34.93,127.71
2025-08-16 15:00:00,구미,674.3333333333334,6,6,34.87223930884,36.13,128.34
2025-08-16 15:00:00,삼천포,870.1166666666667,6,6,34.0622173540963,34.95,128.07
2025-08-16 15:00:00,여수,857.3166666666667,6,6,33.72163274759804,34.74,127.74
2025-08-16 15:00:00,영동,679.9833333333333,6,6,35.52503480460415,37.18,128.46
2025-08-16 15:00:00,영흥,779.5333333333334,6,6,34.263839119606196,37.26,126.46
2025-08-16 15:00:00,예천,750.0166666666668,6,6,35.23444524682399,36.65,128.46
2025-08-16 15:00:00,창원,579.6166666666667,6,6,34.55391202963168,35.21,128.58
2025-08-16 15:00:00,탑선,644.2166666666667,6,6,33.345444985989566,35.24,126.81
2025-08-16 16:00:00,경상대,731.3666666666667,6,6,45.4068551675541,35.18,128.1
2025-08-16 16:00:00,고흥만수상,758.7333333333335,6,6,44.60157785541119,34.57,127.3
2025-08-16 16:00:00,광양항세방,693.3000000000001,6,6,45.028704612931335,34.93,127.71
2025-08-16 16:00:00,구미,611.6833333333334,6,6,45.87417569333076,36.13,128.34
2025-08-16 16:00:00,삼천포,752.8333333333334,6,6,45.31700669206092,34.95,128.07
2025-08-16 16:00:00,여수,624.6166666666667,6,6,44.99724520890392,34.74,127.74
2025-08-16 16:00:00,영동,630.1833333333334,6,6,46.28992132239097,37.18,128.46
2025-08-16 16:00:00,영흥,636.8333333333331,6,6,44.813306994510896,37.26,126.46
2025-08-16 16:00:00,예천,635.7333333333332,6,6,46.12463468267093,36.65,128.46
2025-08-16 16:00:00,창원,742.5166666666665,6,6,45.79122587290993,35.21,128.58
2025-08-16 16:00:00,탑선,602.5166666666667,6,6,44.41912670184026,35.24,126.81
2025-08-16 17:00:00,경상대,573.1999999999999,6,6,57.42066374751049,35.18,128.1
2025-08-16 17:00:00,고흥만수상,597.9499999999999,6,6,56.70145343740598,34.57,127.3
2025-08-16 17:00:00,광양항세방,539.1833333333333,6,6,57.07598515019736,34.93,127.71
2025-08-16 17:00:00,구미,543.3333333333334,6,6,57.721267703354435,36.13,128.34
2025-08-16 17:00:00,삼천포,586.3333333333334,6,6,57.37153384806692,34.95,128.07
2025-08-16 17:00:00,여수,590.0,6,6,57.07978287642774,34.74,127.74
2025-08-16 17:00:00,영동,525.1833333333333,6,6,57.94420214047571,37.18,128.46
2025-08-16 17:00:00,영흥,499.3999999999999,6,6,56.3779575936544,37.26,126.46
2025-08-16 17:00:00,예천,486.93333333333334,6,6,57.87878062822509,36.65,128.46
2025-08-16 17:00:00,창원,408.51666666666665,6,6,57.81389483840997,35.21,128.58
2025-08-16 17:00:00,탑선,570.4,6,6,56.380741357169796,35.24,126.81
2025-08-16 18:00:00,경상대,380.59999999999997,6,6,69.67237631767765,35.18,128.1
2025-08-16 18:00:00,고흥만수상,398.56666666666666,6,6,69.04344327848847,34.57,127.3
2025-08-16 18:00:00,광양항세방,349.90000000000003,6,6,69.36460848481433,34.93,127.71
2025-08-16 18:00:00,구미,364.31666666666666,6,6,69.82547944798684,36.13,128.34
2025-08-16 18:00:00,삼천포,381.55,6,6,69.65851495315886,34.95,128.07
2025-08-16 18:00:00,여수,316.68333333333334,6,6,69.39763852914521,34.74,127.74
2025-08-16 18:00:00,영동,350.45,6,6,69.88039425345853,37.18,128.46
2025-08-16 18:00:00,영흥,328.0833333333333,6,6,68.28622481366801,37.26,126.46
2025-08-16 18:00:00,예천,324.28333333333336,6,6,69.90067510611843,36.65,128.46
2025-08-16 18:00:00,창원,380.6666666666667,6,6,70.06274123855947,35.21,128.58
2025-08-16 18:00:00,탑선,335.68333333333334,6,6,68.61683821626744,35.24,126.81
2025-08-16 19:00:00,경상대,219.76666666666668,3,5,81.84533197923668,35.18,128.1
2025-08-16 19:00:00,고흥만수상,170.46666666666667,3,5,81.31424290616573,34.57,127.3
2025-08-16 19:00:00,광양항세방,143.5,3,5,81.5787428646185,34.93,127.71
2025-08-16 19:00:00,구미,215.66666666666666,3,5,81.8568188865826,36.13,128.34
2025-08-16 19:00:00,삼천포,144.79999999999998,3,5,81.86482895651338,34.95,128.07
2025-08-16 19:00:00,여수,165.76666666666668,3,5,81.63841827184469,34.74,127.74
2025-08-16 19:00:00,영동,195.16666666666666,3,5,81.7531209237932,37.18,128.46
2025-08-16 19:00:00,영흥,141.73333333333335,3,5,80.17169808613907,37.26,126.46
2025-08-16 19:00:00,예천,202.76666666666665,3,5,81.85316259868077,36.65,128.46
2025-08-16 19:00:00,창원,240.35000000000002,2,5,82.22456143854201,35.21,128.58
2025-08-16 19:00:00,탑선,231.9666666666667,3,5,80.7981992748543,35.24,126.81
2025-08-16 20:00:00,경상대,,0,6,93.67844925675632,35.18,128.1
2025-08-16 20:00:00,고흥만수상,,0,6,93.25934621650516,34.57,127.3
2025-08-16 20:00:00,광양항세방,,0,6,93.45999274628281,34.93,127.71
2025-08-16 20:00:00,구미,,0,6,93.54413207578146,36.13,128.34
2025-08-16 20:00:00,삼천포,,0,6,93.73186213843223,34.95,128.07
2025-08-16 20:00:00,여수,,0,6,93.54578820309248,34.74,127.74
2025-08-16 20:00:00,영동,,0,6,93.28031984827727,37.18,128.46
2025-08-16 20:00:00,영흥,,0,6,91.74982384052,37.26,126.46
2025-08-16 20:00:00,예천,,0,6,93.45967038671274,36.65,128.46
2025-08-16 20:00:00,창원,,0,6,94.03789728425016,35.21,128.58
2025-08-16 20:00:00,탑선,,0,6,92.66276497939005,35.24,126.81
2025-08-16 21:00:00,경상대,,0,5,104.86758544723493,35.18,128.1
2025-08-16 21:00:00,고흥만수상,,0,5,104.58348436407447,34.57,127.3
2025-08-16 21:00:00,광양항세방,,0,5,104.70818770065739,34.93,127.71
2025-08-16 21:00:00,구미,,0,5,104.57528890646122,36.13,128.34
2025-08-16 21:00:00,삼천포,,0,5,104.95729142798632,34.95,128.07
2025-08-16 21:00:00,여수,,0,5,104.82080049141516,34.74,127.74
2025-08-16 21:00:00,영동,,0,5,104.14216442440362,37.18,128.46
2025-08-16 21:00:00,영흥,,0,5,102.70998813737023,37.26,126.46
2025-08-16 21:00:00,예천,,0,5,104.40388872805757,36.65,128.46
2025-08-16 21:00:00,창원,,0,5,105.19566561394893,35.21,128.58
2025-08-16 21:00:00,탑선,,0,5,103.91286735070517,35.24,126.81
2025-08-16 22:00:00,경상대,,0,6,114.98186837990912,35.18,128.1
2025-08-16 22:00:00,고흥만수상,,0,6,114.86668108583291,34.57,127.3
2025-08-16 22:00:00,광양항세방,,0,6,114.89759005485101,34.93,127.71
2025-08-16 22:00:00,구미,,0,6,114.51450689797619,36.13,128.34
2025-08-16 22:00:00,삼천포,,0,6,115.11120261805272,34.95,128.07
2025-08-16 22:00:00,여수,,0,6,115.03793206469675,34.74,127.74
2025-08-16 22:00:00,영동,,0,6,113.89972288981023,37.18,128.46
2025-08-16 22:00:00,영흥,,0,6,112.63366838445825,37.26,126.46
2025-08-16 22:00:00,예천,,0,6,114.24773481747113,36.65,128.46
2025-08-16 22:00:00,창원,,0,6,115.26138858162614,35.21,128.58
2025-08-16 22:00:00,탑선,,0,6,114.1318478838726,35.24,126.81
2025-08-16 23:00:00,경상대,,0,5,123.37394998946064,35.18,128.1
2025-08-16 23:00:00,고흥만수상,,0,5,123.47097629190264,34.57,127.3
2025-08-16 23:00:00,광양항세방,,0,5,123.3856435131512,34.93,127.71
2025-08-16 23:00:00,구미,,0,5,122.71830117669273,36.13,128.34
2025-08-16 23:00:00,삼천포,,0,5,123.54497552223704,34.95,128.07
2025-08-16 23:00:00,여수,,0,5,123.55272762288672,34.74,127.74
2025-08-16 23:00:00,영동,,0,5,121.91708645018971,37.18,128.46
2025-08-16 23:00:00,영흥,,0,5,120.91537234807217,37.26,126.46
2025-08-16 23:00:00,예천,,0,5,122.3504250958147,36.65,128.46
2025-08-16 23:00:00,창원,,0,5,123.57974650174502,35.21,128.58
2025-08-16 23:00:00,탑선,,0,5,122.69454700391543,35.24,126.81
2025-08-17 00:00:00,경상대,,0,6,129.1380221385266,35.18,128.1
2025-08-17 00:00:00,고흥만수상,,0,6,129.4855771572646,34.57,127.3
2025-08-17 00:00:00,광양항세방,,0,6,129.26520513673086,34.93,127.71
2025-08-17 00:00:00,구미,,0,6,128.30540409191866,36.13,128.34
2025-08-17 00:00:00,삼천포,,0,6,129.3465155834381,34.95,128.07
2025-08-17 00:00:00,여수,,0,6,129.45211878072445,34.74,127.74
2025-08-17 00:00:00,영동,,0,6,127.34226676429611,37.18,128.46
2025-08-17 00:00:00,영흥,,0,6,126.72923774739206,37.26,126.46
2025-08-17 00:00:00,예천,,0,6,127.84446395582884,36.65,128.46
2025-08-17 00:00:00,창원,,0,6,129.23882962628323,35.21,128.58
2025-08-17 00:00:00,탑선,,0,6,128.71646155922102,35.24,126.81
2025-08-17 01:00:00,경상대,,0,5,131.3057174792224,35.18,128.1
2025-08-17 01:00:00,고흥만수상,,0,5,131.90284547847125,34.57,127.3
2025-08-17 01:00:00,광양항세방,,0,5,131.5509940420322,34.93,127.71
2025-08-17 01:00:00,구미,,0,5,130.35723322136235,36.13,128.34
2025-08-17 01:00:00,삼천포,,0,5,131.53543769721173,34.95,128.07
2025-08-17 01:00:00,여수,,0,5,131.74141846567082,34.74,127.74
2025-08-17 01:00:00,영동,,0,5,129.30759546561353,37.18,128.46
2025-08-17 01:00:00,영흥,,0,5,129.18947503825223,37.26,126.46
2025-08-17 01:00:00,예천,,0,5,129.8375801648896,36.65,128.46
2025-08-17 01:00:00,창원,,0,5,131.27761235169348,35.21,128.58
2025-08-17 01:00:00,탑선,,0,5,131.2196041659587,35.24,126.81
2025-08-17 02:00:00,경상대,,0,6,129.4046464155208,35.18,128.1
2025-08-17 02:00:00,고흥만수상,,0,6,130.1877153388519,34.57,127.3
2025-08-17 02:00:00,광양항세방,,0,6,129.74193378010455,34.93,127.71
2025-08-17 02:00:00,구미,,0,6,128.4417876001528,36.13,128.34
2025-08-17 02:00:00,삼천포,,0,6,129.6305986245937,34.95,128.07
2025-08-17 02:00:00,여수,,0,6,129.9149337124623,34.74,127.74
2025-08-17 02:00:00,영동,,0,6,127.41517270263412,37.18,128.46
2025-08-17 02:00:00,영흥,,0,6,127.80861768778625,37.26,126.46
2025-08-17 02:00:00,예천,,0,6,127.91799704576682,36.65,128.46
2025-08-17 02:00:00,창원,,0,6,129.2503816683691,35.21,128.58
2025-08-17 02:00:00,탑선,,0,6,129.66675982674934,35.24,126.81
2025-08-17 03:00:00,경상대,,0,5,123.85315906442608,35.18,128.1
2025-08-17 03:00:00,고흥만수상,,0,5,124.72920097659267,34.57,127.3
2025-08-17 03:00:00,광양항세방,,0,5,124.2413046568283,34.93,127.71
2025-08-17 03:00:00,구미,,0,5,122.96458090235237,36.13,128.34
2025-08-17 03:00:00,삼천포,,0,5,124.05504953599115,34.95,128.07
2025-08-17 03:00:00,여수,,0,5,124.3827647009864,34.74,127.74
2025-08-17 03:00:00,영동,,0,5,122.04950272639392,37.18,128.46
2025-08-17 03:00:00,영흥,,0,5,122.87035907885429,37.26,126.46
2025-08-17 03:00:00,예천,,0,5,122.4836926560569,36.65,128.46
2025-08-17 03:00:00,창원,,0,5,123.60089124567982,35.21,128.58
2025-08-17 03:00:00,탑선,,0,5,124.4022146573852,35.24,126.81
2025-08-17 04:00:00,경상대,,0,5,115.60706947335527,35.18,128.1
2025-08-17 04:00:00,고흥만수상,,0,5,116.50260518795949,34.57,127.3
2025-08-17 04:00:00,광양항세방,,0,5,116.01203642565304,34.93,127.71
2025-08-17 04:00:00,구미,,0,5,114.83759035000568,36.13,128.34
2025-08-17 04:00:00,삼천포,,0,5,115.7759671406506,34.95,128.07
2025-08-17 04:00:00,여수,,0,5,116.11817160410286,34.74,127.74
2025-08-17 04:00:00,영동,,0,5,114.0747170643507,37.18,128.46
2025-08-17 04:00:00,영흥,,0,5,115.20280171797306,37.26,126.46
2025-08-17 04:00:00,예천,,0,5,114.4234448348319,36.65,128.46
2025-08-17 04:00:00,창원,,0,5,115.28990776176077,35.21,128.58
2025-08-17 04:00:00,탑선,,0,5,116.35810597869794,35.24,126.81
2025-08-17 05:00:00,경상대,,0,5,105.58692464455332,35.18,128.1
2025-08-17 05:00:00,고흥만수상,,0,5,106.45920679362541,34.57,127.3
2025-08-17 05:00:00,광양항세방,,0,5,105.98798929011659,34.93,127.71
2025-08-17 05:00:00,구미,,0,5,104.94912823775736,36.13,128.34
2025-08-17 05:00:00,삼천포,,0,5,105.7214639034015,34.95,128.07
2025-08-17 05:00:00,여수,,0,5,106.06062482620595,34.74,127.74
2025-08-17 05:00:00,영동,,0,5,104.346360462842,37.18,128.46
2025-08-17 05:00:00,영흥,,0,5,105.67912959195783,37.26,126.46
2025-08-17 05:00:00,예천,,0,5,104.60851277805928,36.65,128.46
2025-08-17 05:00:00,창원,,0,5,105.2302606942066,35.21,128.58
2025-08-17 05:00:00,탑선,,0,5,106.47024525235645,35.24,126.81
2025-08-17 06:00:00,경상대,,0,6,94.45778161336881,35.18,128.1
2025-08-17 06:00:00,고흥만수상,,0,6,95.28381974946379,34.57,127.3
2025-08-17 06:00:00,광양항세방,,0,6,94.84329293898983,34.93,127.71
2025-08-17 06:00:00,구미,,0,6,93.95167264980427,36.13,128.34
2025-08-17 06:00:00,삼천포,,0,6,94.55914522545118,34.95,128.07
2025-08-17 06:00:00,여수,,0,6,94.88544254714228,34.74,127.74
2025-08-17 06:00:00,영동,,0,6,93.50520344693781,37.18,128.46
2025-08-17 06:00:00,영흥,,0,6,94.9696589860715,37.26,126.46
2025-08-17 06:00:00,예천,,0,6,93.68466548933579,36.65,128.46
2025-08-17 06:00:00,창원,,0,6,94.07847308639428,35.21,128.58
2025-08-17 06:00:00,탑선,,0,6,95.42558410263692,35.24,126.81
2025-08-17 07:00:00,경상대,200.1,1,6,82.66297775278224,35.18,128.1
2025-08-17 07:00:00,고흥만수상,184.3,1,6,83.42814531451991,34.57,127.3
2025-08-17 07:00:00,광양항세방,0.0,1,6,83.0253990694516,34.93,127.71
2025-08-17 07:00:00,구미,195.1,1,6,82.28772493127354,36.13,128.34
2025-08-17 07:00:00,삼천포,209.6,1,6,82.73218182077441,34.95,128.07
2025-08-17 07:00:00,여수,200.5,1,6,83.03928937413886,34.74,127.74
2025-08-17 07:00:00,영동,192.9,1,6,81.9941325903994,37.18,128.46
2025-08-17 07:00:00,영흥,150.4,1,6,83.53950754732688,37.26,126.46
2025-08-17 07:00:00,예천,197.5,1,6,82.09398077937635,36.65,128.46
2025-08-17 07:00:00,창원,0.0,1,6,82.2723304957037,35.21,128.58
2025-08-17 07:00:00,탑선,161.5,1,6,83.68314768167514,35.24,126.81
2025-08-17 08:00:00,경상대,323.1666666666667,6,6,70.51388044269646,35.18,128.1
2025-08-17 08:00:00,고흥만수상,302.95000000000005,6,6,71.20420333188369,34.57,127.3
2025-08-17 08:00:00,광양항세방,248.9,6,6,70.84627662364855,34.93,127.71
2025-08-17 08:00:00,구미,304.3666666666667,6,6,70.27382056440293,36.13,128.34
2025-08-17 08:00:00,삼천포,339.45,6,6,70.55050746209795,34.95,128.07
2025-08-17 08:00:00,여수,281.3,6,6,70.83262401887808,34.74,127.74
2025-08-17 08:00:00,영동,244.51666666666665,6,6,70.13604101154014,37.18,128.46
2025-08-17 08:00:00,영흥,252.4666666666667,6,6,71.7233404678167,37.26,126.46
2025-08-17 08:00:00,예천,305.7,6,6,70.1558420504686,36.65,128.46
2025-08-17 08:00:00,창원,338.45,6,6,70.12061915892048,35.21,128.58
2025-08-17 08:00:00,탑선,225.05000000000004,6,6,71.56263333137734,35.24,126.81
2025-08-17 09:00:00,경상대,508.95000000000005,4,4,58.274486387192084,35.18,128.1
2025-08-17 09:00:00,고흥만수상,556.8,4,4,58.870082783666334,34.57,127.3
2025-08-17 09:00:00,광양항세방,498.15,4,4,58.56747645183778,34.93,127.71
2025-08-17 09:00:00,구미,533.2,4,4,58.183869973540666,36.13,128.34
2025-08-17 09:00:00,삼천포,531.525,4,4,58.27571260942169,34.95,128.07
2025-08-17 09:00:00,여수,520.875,4,4,58.5249974708137,34.74,127.74
2025-08-17 09:00:00,영동,319.84999999999997,4,4,58.21574485765275,37.18,128.46
2025-08-17 09:00:00,영흥,464.325,4,4,59.80685071281367,37.26,126.46
2025-08-17 09:00:00,예천,514.9,4,4,58.14958901112536,36.65,128.46
2025-08-17 09:00:00,창원,569.25,4,4,57.88754703584729,35.21,128.58
2025-08-17 09:00:00,탑선,445.99999999999994,4,4,59.32939751607725,35.24,126.81
2025-08-17 10:00:00,경상대,696.0166666666668,6,6,46.25877142670263,35.18,128.1
2025-08-17 10:00:00,고흥만수상,697.25,6,6,46.72415316734884,34.57,127.3
2025-08-17 10:00:00,광양항세방,639.65,6,6,46.496013207030764,34.93,127.71
2025-08-17 10:00:00,구미,654.4000000000001,6,6,46.34885915404284,36.13,128.34
2025-08-17 10:00:00,삼천포,701.7333333333335,6,6,46.217860567472954,34.95,128.07
2025-08-17 10:00:00,여수,701.3499999999999,6,6,46.42062695610059,34.74,127.74
2025-08-17 10:00:00,영동,528.3,6,6,46.58153155968834,37.18,128.46
2025-08-17 10:00:00,영흥,541.8166666666666,6,6,48.1230054182752,37.26,126.46
2025-08-17 10:00:00,예천,640.75,6,6,46.41536086185403,36.65,128.46
2025-08-17 10:00:00,창원,699.6333333333333,6,6,45.89143726029493,35.21,128.58
2025-08-17 10:00:00,탑선,602.35,6,6,47.28882468688421,35.24,126.81
2025-08-17 11:00:00,경상대,820.86,5,5,35.02165238827571,35.18,128.1
2025-08-17 11:00:00,고흥만수상,809.9,5,5,35.28513493681153,34.57,127.3
2025-08-17 11:00:00,광양항세방,773.4399999999999,5,5,35.17016677328165,34.93,127.71
2025-08-17 11:00:00,구미,756.26,5,5,35.352578184967946,36.13,128.34
2025-08-17 11:00:00,삼천포,848.4200000000001,5,5,34.92543246253921,34.95,128.07
2025-08-17 11:00:00,여수,830.9399999999999,5,5,35.053910858040545,34.74,127.74
2025-08-17 11:00:00,영동,728.9200000000001,5,5,35.84301769245008,37.18,128.46
2025-08-17 11:00:00,영흥,578.1200000000001,5,5,37.22925202152442,37.26,126.46
2025-08-17 11:00:00,예천,736.32,5,5,35.551760588653586,36.65,128.46
2025-08-17 11:00:00,창원,837.5600000000001,5,5,34.70140315482489,35.21,128.58
2025-08-17 11:00:00,탑선,731.8199999999999,5,5,35.963425762754156,35.24,126.81
2025-08-17 12:00:00,경상대,876.7,4,4,25.87607437149387,35.18,128.1
2025-08-17 12:00:00,고흥만수상,876.2,4,4,25.79211020495279,34.57,127.3
2025-08-17 12:00:00,광양항세방,837.45,4,4,25.867900023393318,34.93,127.71
2025-08-17 12:00:00,구미,821.2249999999999,4,4,26.535261129356677,36.13,128.34
2025-08-17 12:00:00,삼천포,909.05,4,4,25.70592042896486,34.95,128.07
2025-08-17 12:00:00,여수,888.3499999999999,4,4,25.7022155998646,34.74,127.74
2025-08-17 12:00:00,영동,643.4,4,4,27.350849492230623,37.18,128.46
2025-08-17 12:00:00,영흥,779.625,4,4,28.334522980087087,37.26,126.46
2025-08-17 12:00:00,예천,798.125,4,4,26.9098554267499,36.65,128.46
2025-08-17 12:00:00,창원,895.5,4,4,25.670398898273348,35.21,128.58
2025-08-17 12:00:00,탑선,771.8249999999999,4,4,26.56625929840981,35.24,126.81
2025-08-17 13:00:00,경상대,905.5166666666668,6,6,21.829678588638842,35.18,128.1
2025-08-17 13:00:00,고흥만수상,887.7333333333332,6,6,21.245323179057735,34.57,127.3
2025-08-17 13:00:00,광양항세방,846.5500000000001,6,6,21.58889964354492,34.93,127.71
2025-08-17 13:00:00,구미,856.8666666666667,6,6,22.776930613308224,36.13,128.34
2025-08-17 13:00:00,삼천포,940.75,6,6,21.60021534655027,34.95,128.07
2025-08-17 13:00:00,여수,913.6333333333336,6,6,21.398108144280542,34.74,127.74
2025-08-17 13:00:00,영동,592.2,6,6,23.826426300462558,37.18,128.46
2025-08-17 13:00:00,영흥,607.5333333333334,6,6,23.977506334876026,37.26,126.46
2025-08-17 13:00:00,예천,847.3499999999999,6,6,23.296408059240605,36.65,128.46
2025-08-17 13:00:00,창원,929.1500000000001,6,6,21.85632679018714,35.21,128.58
2025-08-17 13:00:00,탑선,805.9333333333334,6,6,21.941062314601368,35.24,126.81
2025-08-17 14:00:00,경상대,886.6750000000001,4,4,25.49360704433387,35.18,128.1
2025-08-17 14:00:00,고흥만수상,860.85,4,4,24.62003564089477,34.57,127.3
2025-08-17 14:00:00,광양항세방,839.8750000000001,4,4,25.10687382890758,34.93,127.71
2025-08-17 14:00:00,구미,852.75,4,4,26.38796514942422,36.13,128.34
2025-08-17 14:00:00,삼천포,926.9750000000001,4,4,25.290687721294432,34.95,128.07
2025-08-17 14:00:00,여수,897.5500000000001,4,4,24.963869455373796,34.74,127.74
2025-08-17 14:00:00,영동,631.5999999999999,4,4,27.31601710625641,37.18,128.46
2025-08-17 14:00:00,영흥,726.7,4,4,26.560636475643136,37.26,126.46
2025-08-17 14:00:00,예천,823.25,4,4,26.873581874233516,36.65,128.46
2025-08-17 14:00:00,창원,909.7,4,4,25.743869358891388,35.21,128.58
2025-08-17 14:00:00,탑선,846.775,4,4,24.964457348867455,35.24,126.81
2025-08-17 15:00:00,경상대,814.3499999999999,6,6,34.46269969009796,35.18,128.1
2025-08-17 15:00:00,고흥만수상,834.2833333333333,6,6,33.58276956335481,34.57,127.3
2025-08-17 15:00:00,광양항세방,752.3166666666666,6,6,34.059465382315366,34.93,127.71
2025-08-17 15:00:00,구미,791.6166666666667,6,6,35.13582430889172,36.13,128.34
2025-08-17 15:00:00,삼천포,865.4166666666666,6,6,34.3206513416939,34.95,128.07
2025-08-17 15:00:00,여수,843.6,6,6,33.97984251730706,34.74,127.74
2025-08-17 15:00:00,영동,688.0333333333333,6,6,35.79317884782017,37.18,128.46
2025-08-17 15:00:00,영흥,554.4333333333333,6,6,34.537208973878265,37.26,126.46
2025-08-17 15:00:00,예천,755.75,6,6,35.5001794627104,36.65,128.46
2025-08-17 15:00:00,창원,852.6,6,6,34.81237508918716,35.21,128.58
2025-08-17 15:00:00,탑선,793.7833333333333,6,6,33.6086303625963,35.24,126.81
2025-08-17 16:00:00,경상대,730.8666666666668,6,6,45.63788386243197,35.18,128.1
2025-08-17 16:00:00,고흥만수상,747.4499999999999,6,6,44.83042575883804,34.57,127.3
2025-08-17 16:00:00,광양항세방,657.1166666666667,6,6,45.25892750800281,34.93,127.71
2025-08-17 16:00:00,구미,691.4166666666666,6,6,46.10981637721666,36.13,128.34
2025-08-17 16:00:00,삼천포,742.75,6,6,45.546857040003786,34.95,128.07
2025-08-17 16:00:00,여수,733.2333333333332,6,6,45.22641271626916,34.74,127.74
2025-08-17 16:00:00,영동,574.7666666666667,6,6,46.530661891461406,37.18,128.46
2025-08-17 16:00:00,영흥,502.05,6,6,45.05720171906086,37.26,126.46
2025-08-17 16:00:00,예천,658.2666666666667,6,6,46.36274607020042,36.65,128.46
2025-08-17 16:00:00,창원,742.9333333333333,6,6,46.02178722668173,35.21,128.58
2025-08-17 16:00:00,탑선,688.1666666666666,6,6,44.65223440748078,35.24,126.81
2025-08-17 17:00:00,경상대,528.1666666666666,6,6,57.639073330839786,35.18,128.1
2025-08-17 17:00:00,고흥만수상,573.4333333333333,6,6,56.91721715830903,34.57,127.3
2025-08-17 17:00:00,광양항세방,498.9166666666667,6,6,57.29334333670781,34.93,127.71
2025-08-17 17:00:00,구미,532.8166666666667,6,6,57.94416524168017,36.13,128.34
2025-08-17 17:00:00,삼천포,580.9,6,6,57.5888286633593,34.95,128.07
2025-08-17 17:00:00,여수,568.1333333333333,6,6,57.29618889183027,34.74,127.74
2025-08-17 17:00:00,영동,477.70000000000005,6,6,58.17200752935281,37.18,128.46
2025-08-17 17:00:00,영흥,456.51666666666665,6,6,56.607199862173324,37.26,126.46
2025-08-17 17:00:00,예천,518.4166666666666,6,6,58.10409560184529,36.65,128.46
2025-08-17 17:00:00,창원,576.45,6,6,58.03224171733186,35.21,128.58
2025-08-17 17:00:00,탑선,552.4333333333334,6,6,56.60006285382612,35.24,126.81
2025-08-17 18:00:00,경상대,364.8166666666666,6,6,69.88903682654585,35.18,128.1
2025-08-17 18:00:00,고흥만수상,390.73333333333335,6,6,69.25724310310167,34.57,127.3
2025-08-17 18:00:00,광양항세방,329.75,6,6,69.58009095908986,34.93,127.71
2025-08-17 18:00:00,구미,363.0833333333333,6,6,70.04637239099301,36.13,128.34
2025-08-17 18:00:00,삼천포,373.09999999999997,6,6,69.87414390169748,34.95,128.07
2025-08-17 18:00:00,여수,374.53333333333336,6,6,69.61227241658267,34.74,127.74
2025-08-17 18:00:00,영동,290.2333333333333,6,6,70.10585816662592,37.18,128.46
2025-08-17 18:00:00,영흥,340.8333333333333,6,6,68.51187117680746,37.26,126.46
2025-08-17 18:00:00,예천,352.40000000000003,6,6,70.12385074292652,36.65,128.46
2025-08-17 18:00:00,창원,378.8,6,6,70.27961512540554,35.21,128.58
2025-08-17 18:00:00,탑선,299.7,6,6,68.83359263877277,35.24,126.81
2025-08-17 19:00:00,경상대,,0,4,82.06819635041974,35.18,128.1
2025-08-17 19:00:00,고흥만수상,211.2,1,4,81.53411253089907,34.57,127.3
2025-08-17 19:00:00,광양항세방,168.7,1,4,81.80034446350857,34.93,127.71
2025-08-17 19:00:00,구미,,0,4,82.08365404099129,36.13,128.34
2025-08-17 19:00:00,삼천포,,0,4,82.08673976010013,34.95,128.07
2025-08-17 19:00:00,여수,190.1,1,4,81.85926226663328,34.74,127.74
2025-08-17 19:00:00,영동,,0,4,81.98417933085376,37.18,128.46
2025-08-17 19:00:00,영흥,154.9,1,4,80.40194974633899,37.26,126.46
2025-08-17 19:00:00,예천,,0,4,82.08213556826917,36.65,128.46
2025-08-17 19:00:00,창원,,0,4,82.44785396640746,35.21,128.58
2025-08-17 19:00:00,탑선,205.9,1,4,81.02051750549947,35.24,126.81
2025-08-17 20:00:00,경상대,,0,6,93.91413361404479,35.18,128.1
2025-08-17 20:00:00,고흥만수상,,0,6,93.49194300267817,34.57,127.3
2025-08-17 20:00:00,광양항세방,,0,6,93.69435091073724,34.93,127.71
2025-08-17 20:00:00,구미,,0,6,93.78350580174575,36.13,128.34
2025-08-17 20:00:00,삼천포,,0,6,93.96667207440787,34.95,128.07
2025-08-17 20:00:00,여수,,0,6,93.7794767191322,34.74,127.74
2025-08-17 20:00:00,영동,,0,6,93.52354088428177,37.18,128.46
2025-08-17 20:00:00,영흥,,0,6,91.99138063360455,37.26,126.46
2025-08-17 20:00:00,예천,,0,6,93.7010212099297,36.65,128.46
2025-08-17 20:00:00,창원,,0,6,94.27419765278034,35.21,128.58
2025-08-17 20:00:00,탑선,,0,6,92.8973393312123,35.24,126.81
2025-08-17 21:00:00,경상대,,0,5,105.12205457385345,35.18,128.1
2025-08-17 21:00:00,고흥만수상,,0,5,104.83485756949872,34.57,127.3
2025-08-17 21:00:00,광양항세방,,0,5,104.96130563791789,34.93,127.71
2025-08-17 21:00:00,구미,,0,5,104.83306282887226,36.13,128.34
2025-08-17 21:00:00,삼천포,,0,5,105.2109876437786,34.95,128.07
2025-08-17 21:00:00,여수,,0,5,105.0733521826724,34.74,127.74
2025-08-17 21:00:00,영동,,0,5,104.40329304749511,37.18,128.46
2025-08-17 21:00:00,영흥,,0,5,102.96869846812487,37.26,126.46
2025-08-17 21:00:00,예천,,0,5,104.66341912676958,36.65,128.46
2025-08-17 21:00:00,창원,,0,5,105.45091545883774,35.21,128.58
2025-08-17 21:00:00,탑선,,0,5,104.16571049625955,35.24,126.81
2025-08-17 22:00:00,경상대,,0,6,115.26003667711021,35.18,128.1
2025-08-17 22:00:00,고흥만수상,,0,6,115.14197235685032,34.57,127.3
2025-08-17 22:00:00,광양항세방,,0,6,115.17448416687594,34.93,127.71
2025-08-17 22:00:00,구미,,0,6,114.79534951300869,36.13,128.34
2025-08-17 22:00:00,삼천포,,0,6,115.38875543756754,34.95,128.07
2025-08-17 22:00:00,여수,,0,6,115.31440265444903,34.74,127.74
2025-08-17 22:00:00,영동,,0,6,114.18317479768623,37.18,128.46
2025-08-17 22:00:00,영흥,,0,6,112.91419283323228,37.26,126.46
2025-08-17 22:00:00,예천,,0,6,114.52997961249926,36.65,128.46
2025-08-17 22:00:00,창원,,0,6,115.54043669599275,35.21,128.58
2025-08-17 22:00:00,탑선,,0,6,114.40800784868193,35.24,126.81
2025-08-17 23:00:00,경상대,,0,5,123.6773373115368,35.18,128.1
2025-08-17 23:00:00,고흥만수상,,0,5,123.77219162646054,34.57,127.3
2025-08-17 23:00:00,광양항세방,,0,5,123.68805614727017,34.93,127.71
2025-08-17 23:00:00,구미,,0,5,123.02334920491546,36.13,128.34
2025-08-17 23:00:00,삼천포,,0,5,123.84799008272057,34.95,128.07
2025-08-17 23:00:00,여수,,0,5,123.85491096617253,34.74,127.74
2025-08-17 23:00:00,영동,,0,5,122.22365174644108,37.18,128.46
2025-08-17 23:00:00,영흥,,0,5,121.21918108483908,37.26,126.46
2025-08-17 23:00:00,예천,,0,5,122.65632372799328,36.65,128.46
2025-08-17 23:00:00,창원,,0,5,123.8839238050762,35.21,128.58
2025-08-17 23:00:00,탑선,,0,5,122.9959799089981,35.24,126.81
2025-08-18 00:00:00,경상대,,0,6,129.45967273130051,35.18,128.1
2025-08-18 00:00:00,고흥만수상,,0,6,129.80642813339915,34.57,127.3
2025-08-18 00:00:00,광양항세방,,0,6,129.5864974934662,34.93,127.71
2025-08-18 00:00:00,구미,,0,6,128.6274789537394,36.13,128.34
2025-08-18 00:00:00,삼천포,,0,6,129.66807516903341,34.95,128.07
2025-08-18 00:00:00,여수,,0,6,129.77337034177435,34.74,127.74
2025-08-18 00:00:00,영동,,0,6,127.66467166049156,37.18,128.46
2025-08-18 00:00:00,영흥,,0,6,127.05040611686644,37.26,126.46
2025-08-18 00:00:00,예천,,0,6,128.1667424046222,36.65,128.46
2025-08-18 00:00:00,창원,,0,6,129.56080997847005,35.21,128.58
2025-08-18 00:00:00,탑선,,0,6,129.0371699501269,35.24,126.81
2025-08-18 01:00:00,경상대,,0,5,131.62615737568208,35.18,128.1
2025-08-18 01:00:00,고흥만수상,,0,5,132.2240219748881,34.57,127.3
2025-08-18 01:00:00,광양항세방,,0,5,131.87179880170783,34.93,127.71
2025-08-18 01:00:00,구미,,0,5,130.67743835163714,36.13,128.34
2025-08-18 01:00:00,삼천포,,0,5,131.85590861078452,34.95,128.07
2025-08-18 01:00:00,여수,,0,5,132.06219975657248,34.74,127.74
2025-08-18 01:00:00,영동,,0,5,129.6276843421175,37.18,128.46
2025-08-18 01:00:00,영흥,,0,5,129.51122056777476,37.26,126.46
2025-08-18 01:00:00,예천,,0,5,130.15766986324925,36.65,128.46
2025-08-18 01:00:00,창원,,0,5,131.59758516826346,35.21,128.58
2025-08-18 01:00:00,탑선,,0,5,131.54116404007644,35.24,126.81
2025-08-18 02:00:00,경상대,,0,6,129.699255172595,35.18,128.1
2025-08-18 02:00:00,고흥만수상,,0,6,130.48365259893603,34.57,127.3
2025-08-18 02:00:00,광양항세방,,0,6,130.03723086910585,34.93,127.71
2025-08-18 02:00:00,구미,,0,6,128.73675327574642,36.13,128.34
2025-08-18 02:00:00,삼천포,,0,6,129.92505374915578,34.95,128.07
2025-08-18 02:00:00,여수,,0,6,130.20997755726262,34.74,127.74
2025-08-18 02:00:00,영동,,0,6,127.71085878586675,37.18,128.46
2025-08-18 02:00:00,영흥,,0,6,128.10868360695451,37.26,126.46
2025-08-18 02:00:00,예천,,0,6,128.2131848093722,36.65,128.46
2025-08-18 02:00:00,창원,,0,6,129.5438697082845,35.21,128.58
2025-08-18 02:00:00,탑선,,0,6,129.96443868452303,35.24,126.81
2025-08-18 03:00:00,경상대,,0,5,124.10750748077022,35.18,128.1
2025-08-18 03:00:00,고흥만수상,,0,5,124.98434158143837,34.57,127.3
2025-08-18 03:00:00,광양항세방,,0,5,124.49614771364227,34.93,127.71
2025-08-18 03:00:00,구미,,0,5,123.22056914185336,36.13,128.34
2025-08-18 03:00:00,삼천포,,0,5,124.30891572920642,34.95,128.07
2025-08-18 03:00:00,여수,,0,5,124.63705583509564,34.74,127.74
2025-08-18 03:00:00,영동,,0,5,122.30765012463067,37.18,128.46
2025-08-18 03:00:00,영흥,,0,5,123.13396797123605,37.26,126.46
2025-08-18 03:00:00,예천,,0,5,122.74059516731057,36.65,128.46
2025-08-18 03:00:00,창원,,0,5,123.85395762683018,35.21,128.58
2025-08-18 03:00:00,탑선,,0,5,124.66035121123622,35.24,126.81
2025-08-18 04:00:00,경상대,,0,4,115.82073878785756,35.18,128.1
2025-08-18 04:00:00,고흥만수상,,0,4,116.71612709400175,34.57,127.3
2025-08-18 04:00:00,광양항세방,,0,4,116.22579819877893,34.93,127.71
2025-08-18 04:00:00,구미,,0,4,115.05404164413449,36.13,128.34
2025-08-18 04:00:00,삼천포,,0,4,115.9888843237382,34.95,128.07
2025-08-18 04:00:00,여수,,0,4,116.33117282123573,34.74,127.74
2025-08-18 04:00:00,영동,,0,4,114.2945368199779,37.18,128.46
2025-08-18 04:00:00,영흥,,0,4,115.42773543961403,37.26,126.46
2025-08-18 04:00:00,예천,,0,4,114.64142666915211,36.65,128.46
2025-08-18 04:00:00,창원,,0,4,115.50247743542624,35.21,128.58
2025-08-18 04:00:00,탑선,,0,4,116.57527036482331,35.24,126.81
2025-08-18 05:00:00,경상대,,0,1,105.7668347184019,35.18,128.1
2025-08-18 05:00:00,고흥만수상,,0,1,106.63809822283156,34.57,127.3
2025-08-18 05:00:00,광양항세방,,0,1,106.16760119286754,34.93,127.71
2025-08-18 05:00:00,구미,,0,1,105.13260763597775,36.13,128.34
2025-08-18 05:00:00,삼천포,,0,1,105.90044820386777,34.95,128.07
2025-08-18 05:00:00,여수,,0,1,106.23936289704903,34.74,127.74
2025-08-18 05:00:00,영동,,0,1,104.53401088430357,37.18,128.46
2025-08-18 05:00:00,영흥,,0,1,105.87093921895502,37.26,126.46
2025-08-18 05:00:00,예천,,0,1,104.79395045590415,36.65,128.46
2025-08-18 05:00:00,창원,,0,1,105.40936094980967,35.21,128.58
2025-08-18 05:00:00,탑선,,0,1,106.652976194178,35.24,126.81
2025-08-18 06:00:00,경상대,,0,6,94.61263377998428,35.18,128.1
2025-08-18 06:00:00,고흥만수상,,0,6,95.43692041431478,34.57,127.3
2025-08-18 06:00:00,광양항세방,,0,6,94.9975106106862,34.93,127.71
2025-08-18 06:00:00,구미,,0,6,94.11065314032588,36.13,128.34
2025-08-18 06:00:00,삼천포,,0,6,94.7129545820392,34.95,128.07
2025-08-18 06:00:00,여수,,0,6,95.03872194074576,34.74,127.74
2025-08-18 06:00:00,영동,,0,6,93.66890457796364,37.18,128.46
2025-08-18 06:00:00,영흥,,0,6,95.13643418278943,37.26,126.46
2025-08-18 06:00:00,예천,,0,6,93.8459087727827,36.65,128.46
2025-08-18 06:00:00,창원,,0,6,94.23280779585161,35.21,128.58
2025-08-18 06:00:00,탑선,,0,6,95.58253156820632,35.24,126.81
2025-08-18 07:00:00,경상대,181.3,1,5,82.8013504382541,35.18,128.1
2025-08-18 07:00:00,고흥만수상,147.6,1,5,83.56409054117528,34.57,127.3
2025-08-18 07:00:00,광양항세방,152.1,1,5,83.16282470108413,34.93,127.71
2025-08-18 07:00:00,구미,191.5,1,5,82.43071835734978,36.13,128.34
2025-08-18 07:00:00,삼천포,175.9,1,5,82.86940962482954,34.95,128.07
2025-08-18 07:00:00,여수,144.8,1,5,83.17572378399095,34.74,127.74
2025-08-18 07:00:00,영동,153.3,1,5,82.14231803821087,37.18,128.46
2025-08-18 07:00:00,영흥,154.4,1,5,83.68967206392112,37.26,126.46
2025-08-18 07:00:00,예천,144.9,1,5,82.23950349257812,36.65,128.46
2025-08-18 07:00:00,창원,221.6,1,5,82.41046768344738,35.21,128.58
2025-08-18 07:00:00,탑선,156.8,1,5,83.82290979496584,35.24,126.81
2025-08-18 08:00:00,경상대,297.59999999999997,6,6,70.64438706447743,35.18,128.1
2025-08-18 08:00:00,고흥만수상,235.26666666666665,6,6,71.3315475738985,34.57,127.3
2025-08-18 08:00:00,광양항세방,223.66666666666666,6,6,70.97549709116814,34.93,127.71
2025-08-18 08:00:00,구미,224.75,6,6,70.40949795832529,36.13,128.34
2025-08-18 08:00:00,삼천포,241.01666666666665,6,6,70.67975261997987,34.95,128.07
2025-08-18 08:00:00,여수,195.23333333333335,6,6,70.96078981144562,34.74,127.74
2025-08-18 08:00:00,영동,204.21666666666667,6,6,70.27742725424869,37.18,128.46
2025-08-18 08:00:00,영흥,241.6,6,6,71.86552950245951,37.26,126.46
2025-08-18 08:00:00,예천,216.73333333333332,6,6,70.29434212998606,36.65,128.46
2025-08-18 08:00:00,창원,332.3,6,6,70.25119041955935,35.21,128.58
2025-08-18 08:00:00,탑선,224.5666666666667,6,6,71.69378861051092,35.24,126.81
2025-08-18 09:00:00,경상대,443.70000000000005,6,6,58.407018777607405,35.18,128.1
2025-08-18 09:00:00,고흥만수상,313.45,6,6,58.99852290808171,34.57,127.3
2025-08-18 09:00:00,광양항세방,262.51666666666665,6,6,58.69829460004456,34.93,127.71
2025-08-18 09:00:00,구미,458.75,6,6,58.322267895914294,36.13,128.34
2025-08-18 09:00:00,삼천포,446.8166666666666,6,6,58.40683314307303,34.95,128.07
2025-08-18 09:00:00,여수,283.2333333333333,6,6,58.654676741011684,34.74,127.74
2025-08-18 09:00:00,영동,294.04999999999995,6,6,58.36048237171055,37.18,128.46
2025-08-18 09:00:00,영흥,395.48333333333335,6,6,59.95092924885237,37.26,126.46
2025-08-18 09:00:00,예천,274.18333333333334,6,6,58.291172021878694,36.65,128.46
2025-08-18 09:00:00,창원,496.3666666666666,6,6,58.020520623317815,35.21,128.58
2025-08-18 09:00:00,탑선,399.6333333333334,6,6,59.46166154376315,35.24,126.81
2025-08-18 10:00:00,경상대,620.375,4,4,46.40691343605064,35.18,128.1
2025-08-18 10:00:00,고흥만수상,639.95,4,4,46.866920095337214,34.57,127.3
2025-08-18 10:00:00,광양항세방,429.875,4,4,46.641847555604016,34.93,127.71
2025-08-18 10:00:00,구미,632.1,4,4,46.50371163204893,36.13,128.34
2025-08-18 10:00:00,삼천포,451.125,4,4,46.36440735102681,34.95,128.07
2025-08-18 10:00:00,여수,480.6,4,4,46.56522815168204,34.74,127.74
2025-08-18 10:00:00,영동,394.47499999999997,4,4,46.74341635107519,37.18,128.46
2025-08-18 10:00:00,영흥,554.325,4,4,48.2821117740741,37.26,126.46
2025-08-18 10:00:00,예천,328.375,4,4,46.57381949824508,36.65,128.46
2025-08-18 10:00:00,창원,667.9499999999999,4,4,46.0405762763133,35.21,128.58
2025-08-18 10:00:00,탑선,505.125,4,4,47.4353337662305,35.24,126.81
2025-08-18 11:00:00,경상대,780.825,4,4,35.20685531997937,35.18,128.1
2025-08-18 11:00:00,고흥만수상,625.45,4,4,35.4633219409573,34.57,127.3
2025-08-18 11:00:00,광양항세방,420.925,4,4,35.352288352865656,34.93,127.71
2025-08-18 11:00:00,구미,777.775,4,4,35.54508593752242,36.13,128.34
2025-08-18 11:00:00,삼천포,518.875,4,4,35.108921359100194,34.95,128.07
2025-08-18 11:00:00,여수,645.5,4,4,35.23478839080462,34.74,127.74
2025-08-18 11:00:00,영동,598.425,4,4,36.04277669365361,37.18,128.46
2025-08-18 11:00:00,영흥,640.95,4,4,37.42298070844799,37.26,126.46
2025-08-18 11:00:00,예천,538.925,4,4,35.74810881614179,36.65,128.46
2025-08-18 11:00:00,창원,760.0999999999999,4,4,34.88847872596443,35.21,128.58
2025-08-18 11:00:00,탑선,563.475,4,4,36.14474163412041,35.24,126.81
2025-08-18 12:00:00,경상대,802.9250000000001,4,4,26.12919450300702,35.18,128.1
2025-08-18 12:00:00,고흥만수상,701.1,4,4,26.037764434811592,34.57,127.3
2025-08-18 12:00:00,광양항세방,824.975,4,4,26.117670123726278,34.93,127.71
2025-08-18 12:00:00,구미,822.0999999999999,4,4,26.7940134163198,36.13,128.34
2025-08-18 12:00:00,삼천포,790.3,4,4,25.95775549139377,34.95,128.07
2025-08-18 12:00:00,여수,751.1,4,4,25.951184308894454,34.74,127.74
2025-08-18 12:00:00,영동,399.625,4,4,27.614578299962922,37.18,128.46
2025-08-18 12:00:00,영흥,792.675,4,4,28.58898461589768,37.26,126.46
2025-08-18 12:00:00,예천,844.775,4,4,27.171432114479884,36.65,128.46
2025-08-18 12:00:00,창원,822.5,4,4,25.92625683228698,35.21,128.58
2025-08-18 12:00:00,탑선,533.825,4,4,26.812774358593188,35.24,126.81
2025-08-18 13:00:00,경상대,866.2833333333334,6,6,22.15064682423693,35.18,128.1
2025-08-18 13:00:00,고흥만수상,685.2333333333335,6,6,21.5642634068806,34.57,127.3
2025-08-18 13:00:00,광양항세방,844.1833333333333,6,6,21.908941877848804,34.93,127.71
2025-08-18 13:00:00,구미,849.9,6,6,23.09843440051145,36.13,128.34
2025-08-18 13:00:00,삼천포,914.9833333333332,6,6,21.92110452313473,34.95,128.07
2025-08-18 13:00:00,여수,833.75,6,6,21.71820347502448,34.74,127.74
2025-08-18 13:00:00,영동,711.6999999999999,6,6,24.148170559227538,37.18,128.46
2025-08-18 13:00:00,영흥,822.4833333333335,6,6,24.29485815400659,37.26,126.46
2025-08-18 13:00:00,예천,818.2000000000002,6,6,23.618150281724866,36.65,128.46
2025-08-18 13:00:00,창원,820.4166666666666,6,6,22.17830511754819,35.21,128.58
2025-08-18 13:00:00,탑선,790.4,6,6,22.258807905214496,35.24,126.81
2025-08-18 14:00:00,경상대,686.9749999999999,4,4,25.80214960606787,35.18,128.1
2025-08-18 14:00:00,고흥만수상,767.3,4,4,24.92944522731419,34.57,127.3
2025-08-18 14:00:00,광양항세방,679.65,4,4,25.415942877677182,34.93,127.71
2025-08-18 14:00:00,구미,824.85,4,4,26.698049158742023,36.13,128.34
2025-08-18 14:00:00,삼천포,709.35,4,4,25.59875112969081,34.95,128.07
2025-08-18 14:00:00,여수,700.375,4,4,25.272387596757355,34.74,127.74
2025-08-18 14:00:00,영동,710.1750000000001,4,4,27.62799526539071,37.18,128.46
2025-08-18 14:00:00,영흥,719.925,4,4,26.87732104111882,37.26,126.46
2025-08-18 14:00:00,예천,803.8499999999999,4,4,27.18447809395161,36.65,128.46
2025-08-18 14:00:00,창원,775.25,4,4,26.051090718978195,35.21,128.58
2025-08-18 14:00:00,탑선,772.05,4,4,25.276745795877446,35.24,126.81
2025-08-18 15:00:00,경상대,558.575,4,4,34.727157328104404,35.18,128.1
2025-08-18 15:00:00,고흥만수상,775.825,4,4,33.846232100232136,34.57,127.3
2025-08-18 15:00:00,광양항세방,738.5,4,4,34.32367633942776,34.93,127.71
2025-08-18 15:00:00,구미,772.475,4,4,35.404286436892924,36.13,128.34
2025-08-18 15:00:00,삼천포,419.02500000000003,4,4,34.58403065766434,34.95,128.07
2025-08-18 15:00:00,여수,715.4,4,4,34.24301163796427,34.74,127.74
2025-08-18 15:00:00,영동,788.375,4,4,36.06614300817835,37.18,128.46
2025-08-18 15:00:00,영흥,773.4,4,4,34.81538735750503,37.26,126.46
2025-08-18 15:00:00,예천,764.4250000000001,4,4,35.77076218184175,36.65,128.46
2025-08-18 15:00:00,창원,721.275,4,4,35.075765970443946,35.21,128.58
2025-08-18 15:00:00,탑선,807.8000000000001,4,4,33.87674666720424,35.24,126.81
2025-08-18 16:00:00,경상대,512.7166666666667,6,6,45.87359723318531,35.18,128.1
2025-08-18 16:00:00,고흥만수상,642.65,6,6,45.06398568262755,34.57,127.3
2025-08-18 16:00:00,광양항세방,656.2333333333333,6,6,45.49384752441351,34.93,127.71
2025-08-18 16:00:00,구미,672.3666666666667,6,6,46.35012273140084,36.13,128.34
2025-08-18 16:00:00,삼천포,571.2166666666667,6,6,45.781395975808266,34.95,128.07
2025-08-18 16:00:00,여수,706.1833333333334,6,6,45.4602794112102,34.74,127.74
2025-08-18 16:00:00,영동,637.8000000000001,6,6,46.776049519297416,37.18,128.46
2025-08-18 16:00:00,영흥,568.4166666666666,6,6,45.30577746054719,37.26,126.46
2025-08-18 16:00:00,예천,620.3,6,6,46.60551284315516,36.65,128.46
2025-08-18 16:00:00,창원,673.1,6,6,46.25702207210869,35.21,128.58
2025-08-18 16:00:00,탑선,633.35,6,6,44.890054438123144,35.24,126.81
2025-08-18 17:00:00,경상대,554.3333333333334,6,6,57.86182950710798,35.18,128.1
2025-08-18 17:00:00,고흥만수상,536.0333333333333,6,6,57.13733845757234,34.57,127.3
2025-08-18 17:00:00,광양항세방,505.3,6,6,57.515053863751994,34.93,127.71
2025-08-18 17:00:00,구미,554.8333333333334,6,6,58.17141330276063,36.13,128.34
2025-08-18 17:00:00,삼천포,568.4333333333334,6,6,57.810468371619706,34.95,128.07
2025-08-18 17:00:00,여수,546.1999999999999,6,6,57.51694467953252,34.74,127.74
2025-08-18 17:00:00,영동,543.3333333333334,6,6,58.40416935088018,37.18,128.46
2025-08-18 17:00:00,영흥,475.4166666666667,6,6,56.840836539146316,37.26,126.46
2025-08-18 17:00:00,예천,378.0,6,6,58.3337630503803,36.65,128.46
2025-08-18 17:00:00,창원,536.4833333333332,6,6,58.25492549677294,35.21,128.58
2025-08-18 17:00:00,탑선,485.41666666666674,6,6,56.82375867974821,35.24,126.81
2025-08-18 18:00:00,경상대,325.45000000000005,4,4,70.10976563328592,35.18,128.1
2025-08-18 18:00:00,고흥만수상,373.0,4,4,69.47511041850012,34.57,127.3
2025-08-18 18:00:00,광양항세방,232.14999999999998,4,4,69.79964235683451,34.93,127.71
2025-08-18 18:00:00,구미,230.575,4,4,70.27135025349745,36.13,128.34
2025-08-18 18:00:00,삼천포,335.975,4,4,70.09383652210435,34.95,128.07
2025-08-18 18:00:00,여수,353.525,4,4,69.83097051302514,34.74,127.74
2025-08-18 18:00:00,영동,265.525,4,4,70.33542623035497,37.18,128.46
2025-08-18 18:00:00,영흥,326.1,4,4,68.7416524095936,37.26,126.46
2025-08-18 18:00:00,예천,285.375,4,4,70.35112011984873,36.65,128.46
2025-08-18 18:00:00,창원,345.7,4,4,70.50055053094079,35.21,128.58
2025-08-18 18:00:00,탑선,338.32500000000005,4,4,69.05443707568287,35.24,126.81
2025-08-18 19:00:00,경상대,227.1,2,6,82.29493459974448,35.18,128.1
2025-08-18 19:00:00,고흥만수상,213.76666666666665,3,6,81.75784661149684,34.57,127.3
2025-08-18 19:00:00,광양항세방,206.1,2,6,82.02581669895174,34.93,127.71
2025-08-18 19:00:00,구미,218.64999999999998,2,6,82.31438720718606,36.13,128.34
2025-08-18 19:00:00,삼천포,228.35000000000002,2,6,82.31251816024516,34.95,128.07
2025-08-18 19:00:00,여수,226.5,3,6,82.08397112174566,34.74,127.74
2025-08-18 19:00:00,영동,238.75,2,6,82.21916251288638,37.18,128.46
2025-08-18 19:00:00,영흥,126.63333333333333,3,6,80.63614711570533,37.26,126.46
2025-08-18 19:00:00,예천,186.60000000000002,2,6,82.31501941782201,36.65,128.46
2025-08-18 19:00:00,창원,233.9,2,6,82.67501653160603,35.21,128.58
2025-08-18 19:00:00,탑선,194.23333333333335,3,6,81.24672436048321,35.24,126.81
2025-08-18 20:00:00,경상대,,0,4,94.15358397622455,35.18,128.1
2025-08-18 20:00:00,고흥만수상,,0,4,93.72828944777358,34.57,127.3
2025-08-18 20:00:00,광양항세방,,0,4,93.93246865339431,34.93,127.71
2025-08-18 20:00:00,구미,,0,4,94.02667432239747,36.13,128.34
2025-08-18 20:00:00,삼천포,,0,4,94.20524075344035,34.95,128.07
2025-08-18 20:00:00,여수,,0,4,94.01691853817586,34.74,127.74
2025-08-18 20:00:00,영동,,0,4,93.77058766116109,37.18,128.46
2025-08-18 20:00:00,영흥,,0,4,92.23677338853932,37.26,126.46
2025-08-18 20:00:00,예천,,0,4,93.94618212294642,36.65,128.46
2025-08-18 20:00:00,창원,,0,4,94.51426311762977,35.21,128.58
2025-08-18 20:00:00,탑선,,0,4,93.13568707337183,35.24,126.81
2025-08-18 21:00:00,경상대,,0,6,105.3802727040872,35.18,128.1
2025-08-18 21:00:00,고흥만수상,,0,6,105.0899579587692,34.57,127.3
2025-08-18 21:00:00,광양항세방,,0,6,105.21816355518254,34.93,127.71
2025-08-18 21:00:00,구미,,0,6,105.09461635053918,36.13,128.34
2025-08-18 21:00:00,삼천포,,0,6,105.46842529033339,34.95,128.07
2025-08-18 21:00:00,여수,,0,6,105.32963763965942,34.74,127.74
2025-08-18 21:00:00,영동,,0,6,104.66823298828953,37.18,128.46
2025-08-18 21:00:00,영흥,,0,6,103.23121890747268,37.26,126.46
2025-08-18 21:00:00,예천,,0,6,104.92674519851317,36.65,128.46
2025-08-18 21:00:00,창원,,0,6,105.70991641631001,35.21,128.58
2025-08-18 21:00:00,탑선,,0,6,104.42230201990506,35.24,126.81
2025-08-18 22:00:00,경상대,,0,6,115.54202876596382,35.18,128.1
2025-08-18 22:00:00,고흥만수상,,0,6,115.42106377423028,34.57,127.3
2025-08-18 22:00:00,광양항세방,,0,6,115.45519202291185,34.93,127.71
2025-08-18 22:00:00,구미,,0,6,115.0800429391885,36.13,128.34
2025-08-18 22:00:00,삼천포,,0,6,115.67012542717252,34.95,128.07
2025-08-18 22:00:00,여수,,0,6,115.59468182720939,34.74,127.74
2025-08-18 22:00:00,영동,,0,6,114.47050407762734,37.18,128.46
2025-08-18 22:00:00,영흥,,0,6,113.19858357632032,37.26,126.46
2025-08-18 22:00:00,예천,,0,6,114.81608907885982,36.65,128.46
2025-08-18 22:00:00,창원,,0,6,115.823313226446,35.21,128.58
2025-08-18 22:00:00,탑선,,0,6,114.68798337614473,35.24,126.81
2025-08-18 23:00:00,경상대,,0,6,123.9846719331434,35.18,128.1
2025-08-18 23:00:00,고흥만수상,,0,6,124.07733912147712,34.57,127.3
2025-08-18 23:00:00,광양항세방,,0,6,123.99440966124547,34.93,127.71
2025-08-18 23:00:00,구미,,0,6,123.33235807228911,36.13,128.34
2025-08-18 23:00:00,삼천포,,0,6,124.15494855285971,34.95,128.07
2025-08-18 23:00:00,여수,,0,6,124.16103264340117,34.74,127.74
2025-08-18 23:00:00,영동,,0,6,122.53418978301865,37.18,128.46
2025-08-18 23:00:00,영흥,,0,6,121.52695314954127,37.26,126.46
2025-08-18 23:00:00,예천,,0,6,122.9661896699642,36.65,128.46
2025-08-18 23:00:00,창원,,0,6,124.192052203359,35.21,128.58
2025-08-18 23:00:00,탑선,,0,6,123.30135130499477,35.24,126.81
2025-08-19 00:00:00,경상대,,0,5,129.78526189074447,35.18,128.1
2025-08-19 00:00:00,고흥만수상,,0,5,130.13122867189958,34.57,127.3
2025-08-19 00:00:00,광양항세방,,0,5,129.9117338919096,34.93,127.71
2025-08-19 00:00:00,구미,,0,5,128.95348497060556,36.13,128.34
2025-08-19 00:00:00,삼천포,,0,5,129.99357465720112,34.95,128.07
2025-08-19 00:00:00,여수,,0,5,130.098566351141,34.74,127.74
2025-08-19 00:00:00,영동,,0,5,127.99100066835703,37.18,128.46
2025-08-19 00:00:00,영흥,,0,5,127.37552258858902,37.26,126.46
2025-08-19 00:00:00,예천,,0,5,128.49294776759166,36.65,128.46
2025-08-19 00:00:00,창원,,0,5,129.88672279448002,35.21,128.58
2025-08-19 00:00:00,탑선,,0,5,129.36183037218734,35.24,126.81
2025-08-19 01:00:00,경상대,,0,5,131.95007854668447,35.18,128.1
2025-08-19 01:00:00,고흥만수상,,0,5,132.54871877715465,34.57,127.3
2025-08-19 01:00:00,광양항세방,,0,5,132.19610387430427,34.93,127.71
2025-08-19 01:00:00,구미,,0,5,131.00111401573162,36.13,128.34
2025-08-19 01:00:00,삼천포,,0,5,132.17986209383776,34.95,128.07
2025-08-19 01:00:00,여수,,0,5,132.3864798428103,34.74,127.74
2025-08-19 01:00:00,영동,,0,5,129.9512394166917,37.18,128.46
2025-08-19 01:00:00,영흥,,0,5,129.83652180688028,37.26,126.46
2025-08-19 01:00:00,예천,,0,5,130.48122501439366,36.65,128.46
2025-08-19 01:00:00,창원,,0,5,131.9210153073003,35.21,128.58
2025-08-19 01:00:00,탑선,,0,5,131.8662668385897,35.24,126.81
2025-08-19 02:00:00,경상대,,0,6,129.99639870176742,35.18,128.1
2025-08-19 02:00:00,고흥만수상,,0,6,130.78215796536347,34.57,127.3
2025-08-19 02:00:00,광양항세방,,0,6,130.33508055919197,34.93,127.71
2025-08-19 02:00:00,구미,,0,6,129.0342739417796,36.13,128.34
2025-08-19 02:00:00,삼천포,,0,6,130.22203669597909,34.95,128.07
2025-08-19 02:00:00,여수,,0,6,130.50756448841452,34.74,127.74
2025-08-19 02:00:00,영동,,0,6,128.0091312049425,37.18,128.46
2025-08-19 02:00:00,영흥,,0,6,128.41146764919316,37.26,126.46
2025-08-19 02:00:00,예천,,0,6,128.51093922526647,36.65,128.46
2025-08-19 02:00:00,창원,,0,6,129.83985995792287,35.21,128.58
2025-08-19 02:00:00,탑선,,0,6,130.26474499616796,35.24,126.81
2025-08-19 03:00:00,경상대,,0,5,124.36339194694949,35.18,128.1
2025-08-19 03:00:00,고흥만수상,,0,5,125.24102067041619,34.57,127.3
2025-08-19 03:00:00,광양항세방,,0,5,124.75253131569666,34.93,127.71
2025-08-19 03:00:00,구미,,0,5,123.4781484567333,36.13,128.34
2025-08-19 03:00:00,삼천포,,0,5,124.56430276248412,34.95,128.07
2025-08-19 03:00:00,여수,,0,5,124.89287171174638,34.74,127.74
2025-08-19 03:00:00,영동,,0,5,122.56745556664299,37.18,128.46
2025-08-19 03:00:00,영흥,,0,5,123.3993520702993,37.26,126.46
2025-08-19 03:00:00,예천,,0,5,122.99911884733038,36.65,128.46
2025-08-19 03:00:00,창원,,0,5,124.10853452887613,35.21,128.58
2025-08-19 03:00:00,탑선,,0,5,124.92010433457781,35.24,126.81
2025-08-19 04:00:00,경상대,,0,5,116.03524369745165,35.18,128.1
2025-08-19 04:00:00,고흥만수상,,0,5,116.93046087114648,34.57,127.3
2025-08-19 04:00:00,광양항세방,,0,5,116.44038797864322,34.93,127.71
2025-08-19 04:00:00,구미,,0,5,115.27139995784454,36.13,128.34
2025-08-19 04:00:00,삼천포,,0,5,116.20261861251156,34.95,128.07
2025-08-19 04:00:00,여수,,0,5,116.54498478380202,34.74,127.74
2025-08-19 04:00:00,영동,,0,5,114.51534575849568,37.18,128.46
2025-08-19 04:00:00,영흥,,0,5,115.6537349587837,37.26,126.46
2025-08-19 04:00:00,예천,,0,5,114.86035439522027,36.65,128.46
2025-08-19 04:00:00,창원,,0,5,115.71586878685252,35.21,128.58
2025-08-19 04:00:00,탑선,,0,5,116.79332137134483,35.24,126.81
2025-08-19 05:00:00,경상대,,0,6,105.94721313971982,35.18,128.1
2025-08-19 05:00:00,고흥만수상,,0,6,106.81741949140829,34.57,127.3
2025-08-19 05:00:00,광양항세방,,0,6,106.34766659965484,34.93,127.71
2025-08-19 05:00:00,구미,,0,6,105.31662994523123,36.13,128.34
2025-08-19 05:00:00,삼천포,,0,6,106.07988224608042,34.95,128.07
2025-08-19 05:00:00,여수,,0,6,106.41853821453122,34.74,127.74
2025-08-19 05:00:00,영동,,0,6,104.7222877654227,37.18,128.46
2025-08-19 05:00:00,영흥,,0,6,106.06341409268063,37.26,126.46
2025-08-19 05:00:00,예천,,0,6,104.97997164919441,36.65,128.46
2025-08-19 05:00:00,창원,,0,6,105.5889250036398,35.21,128.58
2025-08-19 05:00:00,탑선,,0,6,106.83620063247594,35.24,126.81
2025-08-19 06:00:00,경상대,,0,6,94.76784217984202,35.18,128.1
2025-08-19 06:00:00,고흥만수상,,0,6,95.59033054131615,34.57,127.3
2025-08-19 06:00:00,광양항세방,,0,6,95.15206538686691,34.93,127.71
2025-08-19 06:00:00,구미,,0,6,94.27006292274335,36.13,128.34
2025-08-19 06:00:00,삼천포,,0,6,94.86710239605877,34.95,128.07
2025-08-19 06:00:00,여수,,0,6,95.19232368056137,34.74,127.74
2025-08-19 06:00:00,영동,,0,6,93.83311526347505,37.18,128.46
2025-08-19 06:00:00,영흥,,0,6,95.3037284730756,37.26,126.46
2025-08-19 06:00:00,예천,,0,6,94.00762112765668,36.65,128.46
2025-08-19 06:00:00,창원,,0,6,94.38750092747729,35.21,128.58
2025-08-19 06:00:00,탑선,,0,6,95.7398412221429,35.24,126.81
2025-08-19 07:00:00,경상대,178.3,1,6,82.94016008503863,35.18,128.1
2025-08-19 07:00:00,고흥만수상,147.8,1,6,83.70041980524778,34.57,127.3
2025-08-19 07:00:00,광양항세방,133.7,1,6,83.30066491545479,34.93,127.71
2025-08-19 07:00:00,구미,222.4,1,6,82.57421977340866,36.13,128.34
2025-08-19 07:00:00,삼천포,197.3,1,6,83.00705744870334,34.95,128.07
2025-08-19 07:00:00,여수,186.5,1,6,83.3125593535604,34.74,127.74
2025-08-19 07:00:00,영동,149.5,1,6,82.29108791916654,37.18,128.46
2025-08-19 07:00:00,영흥,133.9,1,6,83.84040663881993,37.26,126.46
2025-08-19 07:00:00,예천,150.8,1,6,82.38557277522914,36.65,128.46
2025-08-19 07:00:00,창원,204.8,1,6,82.54904943806423,35.21,128.58
2025-08-19 07:00:00,탑선,120.2,1,6,83.96309943162225,35.24,126.81
2025-08-19 08:00:00,경상대,286.26666666666665,6,6,70.7755821832988,35.18,128.1
2025-08-19 08:00:00,고흥만수상,220.03333333333333,6,6,71.45952099364641,34.57,127.3
2025-08-19 08:00:00,광양항세방,257.83333333333337,6,6,71.10538034875104,34.93,127.71
2025-08-19 08:00:00,구미,347.56666666666666,6,6,70.54593316654274,36.13,128.34
2025-08-19 08:00:00,삼천포,325.90000000000003,6,6,70.80967004002913,34.95,128.07
2025-08-19 08:00:00,여수,309.55,6,6,71.08960617289392,34.74,127.74
2025-08-19 08:00:00,영동,261.84999999999997,6,6,70.41964396236327,37.18,128.46
2025-08-19 08:00:00,영흥,231.8166666666667,6,6,72.00851146319553,37.26,126.46
2025-08-19 08:00:00,예천,284.23333333333335,6,6,70.43363744969096,36.65,128.46
2025-08-19 08:00:00,창원,324.84999999999997,6,6,70.3824631611413,35.21,128.58
2025-08-19 08:00:00,탑선,197.1833333333333,6,6,71.82560792761032,35.24,126.81
2025-08-19 09:00:00,경상대,494.82000000000005,5,5,58.54067788684216,35.18,128.1
2025-08-19 09:00:00,고흥만수상,299.2,5,5,59.12802323607542,34.57,127.3
2025-08-19 09:00:00,광양항세방,376.18,5,5,58.83020999944813,34.93,127.71
2025-08-19 09:00:00,구미,499.66,5,5,58.461858716395554,36.13,128.34
2025-08-19 09:00:00,삼천포,538.9,5,5,58.53906521463867,34.95,128.07
2025-08-19 09:00:00,여수,520.0200000000001,5,5,58.78544262053526,34.74,127.74
2025-08-19 09:00:00,영동,369.78,5,5,58.506479350886266,37.18,128.46
2025-08-19 09:00:00,영흥,427.0,5,5,60.09620316545322,37.26,126.46
2025-08-19 09:00:00,예천,454.34,5,5,58.43398323021865,36.65,128.46
2025-08-19 09:00:00,창원,524.58,5,5,58.154640317239945,35.21,128.58
2025-08-19 09:00:00,탑선,304.74,5,5,59.59500996844383,35.24,126.81
2025-08-19 10:00:00,경상대,671.0666666666667,6,6,46.556852563662844,35.18,128.1
2025-08-19 10:00:00,고흥만수상,603.4333333333333,6,6,47.01141289204231,34.57,127.3
2025-08-19 10:00:00,광양항세방,631.9333333333333,6,6,46.78944668227955,34.93,127.71
2025-08-19 10:00:00,구미,629.9,6,6,46.66041612190042,36.13,128.34
2025-08-19 10:00:00,삼천포,714.1833333333333,6,6,46.51273912455189,34.95,128.07
2025-08-19 10:00:00,여수,634.9666666666668,6,6,46.71158684826497,34.74,127.74
2025-08-19 10:00:00,영동,581.0,6,6,46.90720387302427,37.18,128.46
2025-08-19 10:00:00,영흥,478.2833333333333,6,6,48.44302557640162,37.26,126.46
2025-08-19 10:00:00,예천,617.8666666666667,6,6,46.734158648522225,36.65,128.46
2025-08-19 10:00:00,창원,691.25,6,6,46.19153953361514,35.21,128.58
2025-08-19 10:00:00,탑선,580.8666666666667,6,6,47.583574879400715,35.24,126.81
2025-08-19 11:00:00,경상대,802.9,6,6,35.39476913641169,35.18,128.1
2025-08-19 11:00:00,고흥만수상,660.9333333333333,6,6,35.64416350957278,34.57,127.3
2025-08-19 11:00:00,광양항세방,750.0833333333334,6,6,35.53709414683996,34.93,127.71
2025-08-19 11:00:00,구미,654.8166666666667,6,6,35.740322062928115,36.13,128.34
2025-08-19 11:00:00,삼천포,844.6666666666666,6,6,35.29511840763999,34.95,128.07
2025-08-19 11:00:00,여수,749.5500000000001,6,6,35.41835118845431,34.74,127.74
2025-08-19 11:00:00,영동,719.9499999999999,6,6,36.24527270164195,37.18,128.46
2025-08-19 11:00:00,영흥,613.5500000000001,6,6,37.619331681630115,37.26,126.46
2025-08-19 11:00:00,예천,659.6666666666666,6,6,35.947193417411825,36.65,128.46
2025-08-19 11:00:00,창원,788.5500000000001,6,6,35.07829651208003,35.21,128.58
2025-08-19 11:00:00,탑선,708.6666666666666,6,6,36.3286846977443,35.24,126.81
2025-08-19 12:00:00,경상대,869.5833333333334,6,6,26.385813475016782,35.18,128.1
2025-08-19 12:00:00,고흥만수상,784.6500000000001,6,6,26.286931458207953,34.57,127.3
2025-08-19 12:00:00,광양항세방,826.2666666666668,6,6,26.370943263055757,34.93,127.71
2025-08-19 12:00:00,구미,639.35,6,6,27.056218006021467,36.13,128.34
2025-08-19 12:00:00,삼천포,916.0500000000001,6,6,26.213102423858807,34.95,128.07
2025-08-19 12:00:00,여수,822.1999999999999,6,6,26.203668600743143,34.74,127.74
2025-08-19 12:00:00,영동,733.15,6,6,27.881712118064073,37.18,128.46
2025-08-19 12:00:00,영흥,789.7666666666665,6,6,28.846794735805503,37.26,126.46
2025-08-19 12:00:00,예천,751.9166666666666,6,6,27.436438107935302,36.65,128.46
2025-08-19 12:00:00,창원,798.9,6,6,26.18562391039417,35.21,128.58
2025-08-19 12:00:00,탑선,799.5666666666667,6,6,27.062746661853893,35.24,126.81
2025-08-19 13:00:00,경상대,890.9799999999999,5,5,22.475192625406834,35.18,128.1
2025-08-19 13:00:00,고흥만수상,871.3800000000001,5,5,21.88677365950832,34.57,127.3
2025-08-19 13:00:00,광양항세방,865.5,5,5,22.232556627992153,34.93,127.71
2025-08-19 13:00:00,구미,669.1,5,5,23.423514681702045,36.13,128.34
2025-08-19 13:00:00,삼천포,940.18,5,5,22.245572333503134,34.95,128.07
2025-08-19 13:00:00,여수,837.0600000000001,5,5,22.04187336965353,34.74,127.74
2025-08-19 13:00:00,영동,776.56,5,5,24.473488194289175,37.18,128.46
2025-08-19 13:00:00,영흥,847.1200000000001,5,5,24.615742921344435,37.26,126.46
2025-08-19 13:00:00,예천,774.72,5,5,23.943468791628547,36.65,128.46
2025-08-19 13:00:00,창원,822.5799999999999,5,5,22.50387101831852,35.21,128.58
2025-08-19 13:00:00,탑선,813.0199999999999,5,5,22.580110940465943,35.24,126.81
2025-08-19 14:00:00,경상대,886.5833333333334,6,6,26.11512892145015,35.18,128.1
2025-08-19 14:00:00,고흥만수상,867.3333333333334,6,6,25.243285736630142,34.57,127.3
2025-08-19 14:00:00,광양항세방,702.0166666666668,6,6,25.729442690112663,34.93,127.71
2025-08-19 14:00:00,구미,625.2833333333333,6,6,27.01251816738114,36.13,128.34
2025-08-19 14:00:00,삼천포,922.0666666666666,6,6,25.9112664973309,34.95,128.07
2025-08-19 14:00:00,여수,894.6333333333332,6,6,25.585352669346932,34.74,127.74
2025-08-19 14:00:00,영동,746.2333333333332,6,6,27.94429987198155,37.18,128.46
2025-08-19 14:00:00,영흥,835.5666666666667,6,6,27.198216689362397,37.26,126.46
2025-08-19 14:00:00,예천,604.5666666666666,6,6,27.499732733243874,36.65,128.46
2025-08-19 14:00:00,창원,884.1833333333334,6,6,26.362775528691294,35.21,128.58
2025-08-19 14:00:00,탑선,763.0500000000001,6,6,25.593384765766174,35.24,126.81
2025-08-19 15:00:00,경상대,829.0833333333334,6,6,34.99645215321485,35.18,128.1
2025-08-19 15:00:00,고흥만수상,769.2666666666668,6,6,34.114571312796016,34.57,127.3
2025-08-19 15:00:00,광양항세방,768.9499999999999,6,6,34.592740530913666,34.93,127.71
2025-08-19 15:00:00,구미,600.3000000000001,6,6,35.677530054968756,36.13,128.34
2025-08-19 15:00:00,삼천포,827.8666666666667,6,6,34.85226104608506,34.95,128.07
2025-08-19 15:00:00,여수,844.1166666666667,6,6,34.51104564328371,34.74,127.74
2025-08-19 15:00:00,영동,711.1,6,6,36.343830434827844,37.18,128.46
2025-08-19 15:00:00,영흥,761.4833333333335,6,6,35.098274608412574,37.26,126.46
2025-08-19 15:00:00,예천,749.2166666666667,6,6,36.04609722827852,36.65,128.46
2025-08-19 15:00:00,창원,687.8333333333334,6,6,35.34399082277875,35.21,128.58
2025-08-19 15:00:00,탑선,711.7166666666666,6,6,34.1496970944431,35.24,126.81
2025-08-19 16:00:00,경상대,711.0600000000001,5,5,46.113918324084466,35.18,128.1
2025-08-19 16:00:00,고흥만수상,734.22,5,5,45.302181567286254,34.57,127.3
2025-08-19 16:00:00,광양항세방,658.4,5,5,45.733388026086175,34.93,127.71
2025-08-19 16:00:00,구미,522.74,5,5,46.59501579235965,36.13,128.34
2025-08-19 16:00:00,삼천포,732.5600000000001,5,5,46.02054706980037,34.95,128.07
2025-08-19 16:00:00,여수,726.78,5,5,45.69876913821288,34.74,127.74
2025-08-19 16:00:00,영동,643.5600000000001,5,5,47.026003076858316,37.18,128.46
2025-08-19 16:00:00,영흥,635.8399999999999,5,5,45.558951470602516,37.26,126.46
2025-08-19 16:00:00,예천,633.6800000000001,5,5,46.852854986979075,36.65,128.46
2025-08-19 16:00:00,창원,720.02,5,5,46.49685371014437,35.21,128.58
2025-08-19 16:00:00,탑선,642.1999999999999,5,5,45.13250874929339,35.24,126.81
2025-08-19 17:00:00,경상대,557.45,6,6,58.0888603219597,35.18,128.1
2025-08-19 17:00:00,고흥만수상,582.1,6,6,57.361746582503095,34.57,127.3
2025-08-19 17:00:00,광양항세방,512.1333333333333,6,6,57.74104526162415,34.93,127.71
2025-08-19 17:00:00,구미,463.4166666666667,6,6,58.402938083809595,36.13,128.34
2025-08-19 17:00:00,삼천포,567.75,6,6,58.03638147878435,34.95,128.07
2025-08-19 17:00:00,여수,572.5166666666665,6,6,57.74197915792193,34.74,127.74
2025-08-19 17:00:00,영동,368.6333333333334,6,6,58.640611835315525,37.18,128.46
2025-08-19 17:00:00,영흥,519.3166666666667,6,6,57.078791458499,37.26,126.46
2025-08-19 17:00:00,예천,459.7166666666667,6,6,58.56770819094886,36.65,128.46
2025-08-19 17:00:00,창원,478.54999999999995,6,6,58.481874181633145,35.21,128.58
2025-08-19 17:00:00,탑선,539.1833333333333,6,6,57.05175667329508,35.24,126.81
2025-08-19 18:00:00,경상대,335.7333333333333,6,6,70.3344887844827,35.18,128.1
2025-08-19 18:00:00,고흥만수상,377.84999999999997,6,6,69.69697243337166,34.57,127.3
2025-08-19 18:00:00,광양항세방,325.3666666666666,6,6,70.0231892138178,34.93,127.71
2025-08-19 18:00:00,구미,344.25,6,6,70.50033759797515,36.13,128.34
2025-08-19 18:00:00,삼천포,363.84999999999997,6,6,70.31751921944287,34.95,128.07
2025-08-19 18:00:00,여수,296.0333333333333,6,6,70.0536596389098,34.74,127.74
2025-08-19 18:00:00,영동,284.68333333333334,6,6,70.56902145347755,37.18,128.46
2025-08-19 18:00:00,영흥,343.3833333333334,6,6,68.97549181202959,37.26,126.46
2025-08-19 18:00:00,예천,275.71666666666664,6,6,70.58240700953348,36.65,128.46
2025-08-19 18:00:00,창원,365.78333333333336,6,6,70.72547332372544,35.21,128.58
2025-08-19 18:00:00,탑선,286.1333333333333,6,6,69.27929782066123,35.24,126.81
2025-08-19 19:00:00,경상대,200.60000000000002,2,5,82.52546739034024,35.18,128.1
2025-08-19 19:00:00,고흥만수상,214.79999999999998,3,5,81.98536682657567,34.57,127.3
2025-08-19 19:00:00,광양항세방,198.15,2,5,82.2550806731587,34.93,127.71
2025-08-19 19:00:00,구미,187.8,2,5,82.54893793592348,36.13,128.34
2025-08-19 19:00:00,삼천포,214.8,2,5,82.54208508218149,34.95,128.07
2025-08-19 19:00:00,여수,232.60000000000002,2,5,82.3124661352131,34.74,127.74
2025-08-19 19:00:00,영동,210.45,2,5,82.45798888368076,37.18,128.46
2025-08-19 19:00:00,영흥,210.16666666666666,3,5,80.87420925521974,37.26,126.46
2025-08-19 19:00:00,예천,201.75,2,5,82.55173310751756,36.65,128.46
2025-08-19 19:00:00,창원,226.45,2,5,82.90596956024109,35.21,128.58
2025-08-19 19:00:00,탑선,215.16666666666666,3,5,81.47674097942304,35.24,126.81
2025-08-19 20:00:00,경상대,,0,6,94.39671414182313,35.18,128.1
2025-08-19 20:00:00,고흥만수상,,0,6,93.9683001558188,34.57,127.3
2025-08-19 20:00:00,광양항세방,,0,6,94.174260129027,34.93,127.71
2025-08-19 20:00:00,구미,,0,6,94.27355069707208,36.13,128.34
2025-08-19 20:00:00,삼천포,,0,6,94.4474821431912,34.95,128.07
2025-08-19 20:00:00,여수,,0,6,94.25802793078566,34.74,127.74
2025-08-19 20:00:00,영동,,0,6,94.02137251098092,37.18,128.46
2025-08-19 20:00:00,영흥,,0,6,92.48591522654954,37.26,126.46
2025-08-19 20:00:00,예천,,0,6,94.19506579580896,36.65,128.46
2025-08-19 20:00:00,창원,,0,6,94.75800722937043,35.21,128.58
2025-08-19 20:00:00,탑선,,0,6,93.37772257514239,35.24,126.81
2025-08-19 21:00:00,경상대,,0,6,105.64214678190463,35.18,128.1
2025-08-19 21:00:00,고흥만수상,,0,6,105.34869298888749,34.57,127.3
2025-08-19 21:00:00,광양항세방,,0,6,105.4786686294005,34.93,127.71
2025-08-19 21:00:00,구미,,0,6,105.35985607007268,36.13,128.34
2025-08-19 21:00:00,삼천포,,0,6,105.72951138538451,34.95,128.07
2025-08-19 21:00:00,여수,,0,6,105.58956407878952,34.74,127.74
2025-08-19 21:00:00,영동,,0,6,104.93689053224315,37.18,128.46
2025-08-19 21:00:00,영흥,,0,6,103.49745646167126,37.26,126.46
2025-08-19 21:00:00,예천,,0,6,105.1937733629106,36.65,128.46
2025-08-19 21:00:00,창원,,0,6,105.9725752225808,35.21,128.58
2025-08-19 21:00:00,탑선,,0,6,104.68254939480376,35.24,126.81
2025-08-19 22:00:00,경상대,,0,6,115.82774661113467,35.18,128.1
2025-08-19 22:00:00,고흥만수상,,0,6,115.7038574350648,34.57,127.3
2025-08-19 22:00:00,광양항세방,,0,6,115.73961565330123,34.93,127.71
2025-08-19 22:00:00,구미,,0,6,115.36848917035742,36.13,128.34
2025-08-19 22:00:00,삼천포,,0,6,115.95521453713073,34.95,128.07
2025-08-19 22:00:00,여수,,0,6,115.87867158947651,34.74,127.74
2025-08-19 22:00:00,영동,,0,6,114.7616127732801,37.18,128.46
2025-08-19 22:00:00,영흥,,0,6,113.48674304977982,37.26,126.46
2025-08-19 22:00:00,예천,,0,6,115.10596522549795,36.65,128.46
2025-08-19 22:00:00,창원,,0,6,116.10992003756292,35.21,128.58
2025-08-19 22:00:00,탑선,,0,6,114.97167673246089,35.24,126.81
2025-08-19 23:00:00,경상대,,0,6,124.29585471703632,35.18,128.1
2025-08-19 23:00:00,고흥만수상,,0,6,124.38631946126661,34.57,127.3
2025-08-19 23:00:00,광양항세방,,0,6,124.30460484162896,34.93,127.71
2025-08-19 23:00:00,구미,,0,6,123.64522882999137,36.13,128.34
2025-08-19 23:00:00,삼천포,,0,6,124.46575174714495,34.95,128.07
2025-08-19 23:00:00,여수,,0,6,124.47099340301804,34.74,127.74
2025-08-19 23:00:00,영동,,0,6,122.84860177747214,37.18,128.46
2025-08-19 23:00:00,영흥,,0,6,121.83858967605732,37.26,126.46
2025-08-19 23:00:00,예천,,0,6,123.27992406308368,36.65,128.46
2025-08-19 23:00:00,창원,,0,6,124.50403259952566,35.21,128.58
2025-08-19 23:00:00,탑선,,0,6,123.61056199236899,35.24,126.81
2025-08-20 00:00:00,경상대,,0,6,130.11469202781507,35.18,128.1
2025-08-20 00:00:00,고흥만수상,,0,6,130.4598811474297,34.57,127.3
2025-08-20 00:00:00,광양항세방,,0,6,130.24081672837033,34.93,127.71
2025-08-20 00:00:00,구미,,0,6,129.28332453647886,36.13,128.34
2025-08-20 00:00:00,삼천포,,0,6,130.32291646268598,34.95,128.07
2025-08-20 00:00:00,여수,,0,6,130.4276092099223,34.74,127.74
2025-08-20 00:00:00,영동,,0,6,128.32115615063418,37.18,128.46
2025-08-20 00:00:00,영흥,,0,6,127.7044894532057,37.26,126.46
2025-08-20 00:00:00,예천,,0,6,128.8229824252409,36.65,128.46
2025-08-20 00:00:00,창원,,0,6,130.21647050306152,35.21,128.58
2025-08-20 00:00:00,탑선,,0,6,129.69034516088004,35.24,126.81
2025-08-20 01:00:00,경상대,,0,5,132.27738053729166,35.18,128.1
2025-08-20 01:00:00,고흥만수상,,0,5,132.87683564611706,34.57,127.3
2025-08-20 01:00:00,광양항세방,,0,5,132.5238089157801,34.93,127.71
2025-08-20 01:00:00,구미,,0,5,131.3281598721582,36.13,128.34
2025-08-20 01:00:00,삼천포,,0,5,132.50719765405967,34.95,128.07
2025-08-20 01:00:00,여수,,0,5,132.71415832931785,34.74,127.74
2025-08-20 01:00:00,영동,,0,5,130.27816053627492,37.18,128.46
2025-08-20 01:00:00,영흥,,0,5,130.1652792456432,37.26,126.46
2025-08-20 01:00:00,예천,,0,5,130.8081453484653,36.65,128.46
2025-08-20 01:00:00,창원,,0,5,132.2478021190758,35.21,128.58
2025-08-20 01:00:00,탑선,,0,5,132.1948126347001,35.24,126.81
2025-08-20 02:00:00,경상대,,0,5,130.29597077346438,35.18,128.1
2025-08-20 02:00:00,고흥만수상,,0,5,131.08312473047866,34.57,127.3
2025-08-20 02:00:00,광양항세방,,0,5,130.63537643042673,34.93,127.71
2025-08-20 02:00:00,구미,,0,5,129.33424426695422,36.13,128.34
2025-08-20 02:00:00,삼천포,,0,5,130.5214410065795,34.95,128.07
2025-08-20 02:00:00,여수,,0,5,130.80758788702846,34.74,127.74
2025-08-20 02:00:00,영동,,0,5,128.30988557797772,37.18,128.46
2025-08-20 02:00:00,영흥,,0,5,128.71686571701784,37.26,126.46
2025-08-20 02:00:00,예천,,0,5,128.81115543547358,36.65,128.46
2025-08-20 02:00:00,창원,,0,5,130.138246155639,35.21,128.58
2025-08-20 02:00:00,탑선,,0,5,130.56757281946648,35.24,126.81
2025-08-20 03:00:00,경상대,,0,6,124.62071102204517,35.18,128.1
2025-08-20 03:00:00,고흥만수상,,0,6,125.49913559725758,34.57,127.3
2025-08-20 03:00:00,광양항세방,,0,6,125.01035348185047,34.93,127.71
2025-08-20 03:00:00,구미,,0,6,123.73721843505962,36.13,128.34
2025-08-20 03:00:00,삼천포,,0,6,124.82110895938615,34.95,128.07
2025-08-20 03:00:00,여수,,0,6,125.15011019373401,34.74,127.74
2025-08-20 03:00:00,영동,,0,6,122.8288196028796,37.18,128.46
2025-08-20 03:00:00,영흥,,0,6,123.66641061477978,37.26,126.46
2025-08-20 03:00:00,예천,,0,6,123.25916381423733,36.65,128.46
2025-08-20 03:00:00,창원,,0,6,124.36452092647576,35.21,128.58
2025-08-20 03:00:00,탑선,,0,6,125.18137166377855,35.24,126.81
2025-08-20 04:00:00,경상대,,0,6,116.2504994304104,35.18,128.1
2025-08-20 04:00:00,고흥만수상,,0,6,117.14552058086947,34.57,127.3
2025-08-20 04:00:00,광양항세방,,0,6,116.65572043688178,34.93,127.71
2025-08-20 04:00:00,구미,,0,6,115.48958094124274,36.13,128.34
2025-08-20 04:00:00,삼천포,,0,6,116.41708516747377,34.95,128.07
2025-08-20 04:00:00,여수,,0,6,116.75952217757387,34.74,127.74
2025-08-20 04:00:00,영동,,0,6,114.73705978753316,37.18,128.46
2025-08-20 04:00:00,영흥,,0,6,115.88071375814496,37.26,126.46
2025-08-20 04:00:00,예천,,0,6,115.08014386925821,36.65,128.46
2025-08-20 04:00:00,창원,,0,6,115.92999769259833,35.21,128.58
2025-08-20 04:00:00,탑선,,0,6,117.01217252351196,35.24,126.81
2025-08-20 05:00:00,경상대,,0,6,106.12799609187465,35.18,128.1
2025-08-20 05:00:00,고흥만수상,,0,6,106.99710601923842,34.57,127.3
2025-08-20 05:00:00,광양항세방,,0,6,106.52812129701785,34.93,127.71
2025-08-20 05:00:00,구미,,0,6,105.50113108569188,36.13,128.34
2025-08-20 05:00:00,삼천포,,0,6,106.25970231648203,34.95,128.07
2025-08-20 05:00:00,여수,,0,6,106.5980867261852,34.74,127.74
2025-08-20 05:00:00,영동,,0,6,104.91112653700148,37.18,128.46
2025-08-20 05:00:00,영흥,,0,6,106.25648694281621,37.26,126.46
2025-08-20 05:00:00,예천,,0,6,105.16651211670158,36.65,128.46
2025-08-20 05:00:00,창원,,0,6,105.76888969694048,35.21,128.58
2025-08-20 05:00:00,탑선,,0,6,107.0198528908815,35.24,126.81
2025-08-20 06:00:00,경상대,,0,6,94.92336329199345,35.18,128.1
2025-08-20 06:00:00,고흥만수상,,0,6,95.74400627346893,34.57,127.3
2025-08-20 06:00:00,광양항세방,,0,6,95.30691353170305,34.93,127.71
2025-08-20 06:00:00,구미,,0,6,94.4298576750452,36.13,128.34
2025-08-20 06:00:00,삼천포,,0,6,95.02154537662501,34.95,128.07
2025-08-20 06:00:00,여수,,0,6,95.34620429058913,34.74,127.74
2025-08-20 06:00:00,영동,,0,6,93.99779011454717,37.18,128.46
2025-08-20 06:00:00,영흥,,0,6,95.47149391044528,37.26,126.46
2025-08-20 06:00:00,예천,,0,6,94.16975777811076,36.65,128.46
2025-08-20 06:00:00,창원,,0,6,94.54250954345662,35.21,128.58
2025-08-20 06:00:00,탑선,,0,6,95.89746780167933,35.24,126.81
2025-08-20 07:00:00,경상대,187.8,1,5,83.07938125572568,35.18,128.1
2025-08-20 07:00:00,고흥만수상,160.1,1,5,83.83710771835378,34.57,127.3
2025-08-20 07:00:00,광양항세방,121.3,1,5,83.43889422811651,34.93,127.71
2025-08-20 07:00:00,구미,190.9,1,5,82.71820249767303,36.13,128.34
2025-08-20 07:00:00,삼천포,194.5,1,5,83.14510018681267,34.95,128.07
2025-08-20 07:00:00,여수,163.8,1,5,83.44977093331181,34.74,127.74
2025-08-20 07:00:00,영동,185.9,1,5,82.44041400936942,37.18,128.46
2025-08-20 07:00:00,영흥,,0,5,83.9916807600406,37.26,126.46
2025-08-20 07:00:00,예천,186.8,1,5,82.5321612480005,36.65,128.46
2025-08-20 07:00:00,창원,201.4,1,5,82.6880508160265,35.21,128.58
2025-08-20 07:00:00,탑선,,0,5,84.10368959213356,35.24,126.81
2025-08-20 08:00:00,경상대,288.78333333333336,6,6,70.90745601752042,35.18,128.1
2025-08-20 08:00:00,고흥만수상,254.06666666666663,6,6,71.58811425927783,34.57,127.3
2025-08-20 08:00:00,광양항세방,207.78333333333333,6,6,71.23591674329663,34.93,127.71
2025-08-20 08:00:00,구미,266.25,6,6,70.6831146926938,36.13,128.34
2025-08-20 08:00:00,삼천포,318.4833333333333,6,6,70.94025038026984,34.95,128.07
2025-08-20 08:00:00,여수,273.21666666666664,6,6,71.2190638643754,34.74,127.74
2025-08-20 08:00:00,영동,287.90000000000003,6,6,70.56267759334028,37.18,128.46
2025-08-20 08:00:00,영흥,223.86666666666667,6,6,72.15227083560927,37.26,126.46
2025-08-20 08:00:00,예천,293.76666666666665,6,6,70.57371555641905,36.65,128.46
2025-08-20 08:00:00,창원,328.21666666666664,6,6,70.5144280028971,35.21,128.58
2025-08-20 08:00:00,탑선,283.23333333333335,6,6,71.9580801247375,35.24,126.81
2025-08-20 09:00:00,경상대,469.6166666666666,6,6,58.67546674902485,35.18,128.1
2025-08-20 09:00:00,고흥만수상,487.6333333333334,6,6,59.25858781061033,34.57,127.3
2025-08-20 09:00:00,광양항세방,458.7833333333333,6,6,58.96322605844591,34.93,127.71
2025-08-20 09:00:00,구미,492.40000000000003,6,6,58.602643097135015,36.13,128.34
2025-08-20 09:00:00,삼천포,523.7333333333332,6,6,58.672412449954834,34.95,128.07
2025-08-20 09:00:00,여수,421.1000000000001,6,6,58.91729904417852,34.74,127.74
2025-08-20 09:00:00,영동,460.9166666666667,6,6,58.65373372070336,37.18,128.46
2025-08-20 09:00:00,영흥,414.5833333333333,6,6,60.2426688859157,37.26,126.46
2025-08-20 09:00:00,예천,484.95,6,6,58.57802198333273,36.65,128.46
2025-08-20 09:00:00,창원,536.65,6,6,58.28990942112247,35.21,128.58
2025-08-20 09:00:00,탑선,479.7166666666667,6,6,59.72944470283426,35.24,126.81
2025-08-20 10:00:00,경상대,657.9,6,6,46.70859933096356,35.18,128.1
2025-08-20 10:00:00,고흥만수상,531.0833333333334,6,6,47.15764410860678,34.57,127.3
2025-08-20 10:00:00,광양항세방,594.8666666666667,6,6,46.93882193789562,34.93,127.71
2025-08-20 10:00:00,구미,619.7666666666667,6,6,46.818979721226476,36.13,128.34
2025-08-20 10:00:00,삼천포,689.3666666666667,6,6,46.66286724527571,34.95,128.07
2025-08-20 10:00:00,여수,687.9500000000002,6,6,46.85971509576734,34.74,127.74
2025-08-20 10:00:00,영동,549.4166666666666,6,6,47.07289745148402,37.18,128.46
2025-08-20 10:00:00,영흥,555.65,6,6,48.605749712833834,37.26,126.46
2025-08-20 10:00:00,예천,617.1833333333333,6,6,46.896383540438144,36.65,128.46
2025-08-20 10:00:00,창원,705.5166666666668,6,6,46.34433752680783,35.21,128.58
2025-08-20 10:00:00,탑선,636.2666666666667,6,6,47.73355804286864,35.24,126.81
2025-08-20 11:00:00,경상대,760.64,5,5,35.58539719807194,35.18,128.1
2025-08-20 11:00:00,고흥만수상,369.7,5,5,35.827666951042715,34.57,127.3
2025-08-20 11:00:00,광양항세방,714.3399999999999,5,5,35.72458922241656,34.93,127.71
2025-08-20 11:00:00,구미,660.4200000000001,5,5,35.938285200864335,36.13,128.34
2025-08-20 11:00:00,삼천포,820.04,5,5,35.48402809974567,34.95,128.07
2025-08-20 11:00:00,여수,809.86,5,5,35.60460518652108,34.74,127.74
2025-08-20 11:00:00,영동,653.12,5,5,36.45049955854068,37.18,128.46
2025-08-20 11:00:00,영흥,703.4800000000001,5,5,37.81830109383869,37.26,126.46
2025-08-20 11:00:00,예천,739.64,5,5,36.14901053980913,36.65,128.46
2025-08-20 11:00:00,창원,596.8,5,5,35.27085905295361,35.21,128.58
2025-08-20 11:00:00,탑선,730.22,5,5,36.51525968046792,35.24,126.81
2025-08-20 12:00:00,경상대,852.3833333333333,6,6,26.64589469500133,35.18,128.1
2025-08-20 12:00:00,고흥만수상,620.2833333333333,6,6,26.53957954653488,34.57,127.3
2025-08-20 12:00:00,광양항세방,642.2333333333332,6,6,26.627685035188456,34.93,127.71
2025-08-20 12:00:00,구미,634.7166666666667,6,6,27.32183480625175,36.13,128.34
2025-08-20 12:00:00,삼천포,887.35,6,6,26.471925416692216,34.95,128.07
2025-08-20 12:00:00,여수,862.65,6,6,26.459634539524146,34.74,127.74
2025-08-20 12:00:00,영동,601.4,6,6,28.15220772829312,37.18,128.46
2025-08-20 12:00:00,영흥,785.3666666666667,6,6,29.107916168903216,37.26,126.46
2025-08-20 12:00:00,예천,732.3166666666666,6,6,27.70483154143094,36.65,128.46
2025-08-20 12:00:00,창원,913.0999999999999,6,6,26.448461690044418,35.21,128.58
2025-08-20 12:00:00,탑선,565.4833333333332,6,6,27.316144111154344,35.24,126.81
2025-08-20 13:00:00,경상대,874.0833333333334,6,6,22.803230925430285,35.18,128.1
2025-08-20 13:00:00,고흥만수상,843.0500000000001,6,6,22.21277125907153,34.57,127.3
2025-08-20 13:00:00,광양항세방,305.01666666666665,6,6,22.559659969272488,34.93,127.71
2025-08-20 13:00:00,구미,662.4999999999999,6,6,23.752085529518936,36.13,128.34
2025-08-20 13:00:00,삼천포,902.3000000000001,6,6,22.57353384763678,34.95,128.07
2025-08-20 13:00:00,여수,817.6,6,6,22.369033870735905,34.74,127.74
2025-08-20 13:00:00,영동,831.5666666666667,6,6,24.802292750221696,37.18,128.46
2025-08-20 13:00:00,영흥,841.35,6,6,24.940079219881014,37.26,126.46
2025-08-20 13:00:00,예천,619.8166666666667,6,6,24.272277240712256,36.65,128.46
2025-08-20 13:00:00,창원,946.0666666666666,6,6,22.832938096231018,35.21,128.58
2025-08-20 13:00:00,탑선,793.1999999999999,6,6,22.904889879479754,35.24,126.81
2025-08-20 14:00:00,경상대,870.2199999999999,5,5,26.432430634207925,35.18,128.1
2025-08-20 14:00:00,고흥만수상,824.0600000000001,5,5,25.56144187479549,34.57,127.3
2025-08-20 14:00:00,광양항세방,585.96,5,5,26.04725853347864,34.93,127.71
2025-08-20 14:00:00,구미,562.6,5,5,27.331259228131948,36.13,128.34
2025-08-20 14:00:00,삼천포,871.24,5,5,26.228119094853135,34.95,128.07
2025-08-20 14:00:00,여수,779.74,5,5,25.902649609391247,34.74,127.74
2025-08-20 14:00:00,영동,715.3,5,5,28.264819350009226,37.18,128.46
2025-08-20 14:00:00,영흥,820.2199999999999,5,5,27.523212769244296,37.26,126.46
2025-08-20 14:00:00,예천,744.6400000000001,5,5,27.819233539143504,36.65,128.46
2025-08-20 14:00:00,창원,909.2199999999999,5,5,26.67880948821717,35.21,128.58
2025-08-20 14:00:00,탑선,846.6200000000001,5,5,25.91426033093252,35.24,126.81
2025-08-20 15:00:00,경상대,814.7333333333335,6,6,35.27048839136585,35.18,128.1
2025-08-20 15:00:00,고흥만수상,637.9166666666666,6,6,34.3876909989583,34.57,127.3
2025-08-20 15:00:00,광양항세방,389.59999999999997,6,6,34.866561913423666,34.93,127.71
2025-08-20 15:00:00,구미,605.4333333333334,6,6,35.955458426740904,36.13,128.34
2025-08-20 15:00:00,삼천포,783.2833333333334,6,6,35.12524703227975,34.95,128.07
2025-08-20 15:00:00,여수,803.9666666666667,6,6,34.78384882854409,34.74,127.74
2025-08-20 15:00:00,영동,762.75,6,6,36.626143271150745,37.18,128.46
2025-08-20 15:00:00,영흥,767.2666666666668,6,6,35.38577010281331,37.26,126.46
2025-08-20 15:00:00,예천,687.7833333333334,6,6,36.32608737442801,36.65,128.46
2025-08-20 15:00:00,창원,841.1833333333333,6,6,35.6169545996455,35.21,128.58
2025-08-20 15:00:00,탑선,779.5333333333333,6,6,34.42738367478534,35.24,126.81
2025-08-20 16:00:00,경상대,709.9666666666668,6,6,46.35876922393044,35.18,128.1
2025-08-20 16:00:00,고흥만수상,597.7833333333333,6,6,45.54493634092879,34.57,127.3
2025-08-20 16:00:00,광양항세방,496.23333333333335,6,6,45.97747139662653,34.93,127.71
2025-08-20 16:00:00,구미,371.06666666666666,6,6,46.84441569207327,36.13,128.34
2025-08-20 16:00:00,삼천포,710.6500000000001,6,6,46.26423292488505,34.95,128.07
2025-08-20 16:00:00,여수,727.7000000000002,6,6,45.94180475301298,34.74,127.74
2025-08-20 16:00:00,영동,669.2333333333335,6,6,47.28044057903586,37.18,128.46
2025-08-20 16:00:00,영흥,650.9333333333334,6,6,45.816640100471254,37.26,126.46
2025-08-20 16:00:00,예천,637.2833333333334,6,6,47.10469160866973,36.65,128.46
2025-08-20 16:00:00,창원,714.0333333333333,6,6,46.74120450320996,35.21,128.58
2025-08-20 16:00:00,탑선,582.75,6,6,45.379518303284954,35.24,126.81
2025-08-20 17:00:00,경상대,460.5333333333333,6,6,58.320093343150226,35.18,128.1
2025-08-20 17:00:00,고흥만수상,545.8833333333333,6,6,57.59037027472666,34.57,127.3
2025-08-20 17:00:00,광양항세방,495.68333333333334,6,6,57.97124556968478,34.93,127.71
2025-08-20 17:00:00,구미,529.15,6,6,58.6386653150165,36.13,128.34
2025-08-20 17:00:00,삼천포,480.78333333333336,6,6,58.26649601104067,34.95,128.07
2025-08-20 17:00:00,여수,577.7833333333334,6,6,57.971220754485806,34.74,127.74
2025-08-20 17:00:00,영동,545.9000000000001,6,6,58.881258753294894,37.18,128.46
2025-08-20 17:00:00,영흥,489.76666666666665,6,6,57.32098794201706,37.26,126.46
2025-08-20 17:00:00,예천,505.68333333333334,6,6,58.80585577899799,36.65,128.46
2025-08-20 17:00:00,창원,571.6166666666667,6,6,58.713015313454704,35.21,128.58
2025-08-20 17:00:00,탑선,344.31666666666666,6,6,57.283984155888106,35.24,126.81
2025-08-20 18:00:00,경상대,359.34999999999997,6,6,70.56313221280757,35.18,128.1
2025-08-20 18:00:00,고흥만수상,358.75,6,6,69.92275623525236,34.57,127.3
2025-08-20 18:00:00,광양항세방,330.06666666666666,6,6,70.25065794779101,34.93,127.71
2025-08-20 18:00:00,구미,342.78333333333336,6,6,70.73325886304997,36.13,128.34
2025-08-20 18:00:00,삼천포,296.1166666666666,6,6,70.54511828783592,34.95,128.07
2025-08-20 18:00:00,여수,381.01666666666665,6,6,70.28026650019335,34.74,127.74
2025-08-20 18:00:00,영동,362.61666666666673,6,6,70.80656670728477,37.18,128.46
2025-08-20 18:00:00,영흥,314.0833333333333,6,6,69.21331250823542,37.26,126.46
2025-08-20 18:00:00,예천,321.2833333333333,6,6,70.81763505509852,36.65,128.46
2025-08-20 18:00:00,창원,377.93333333333334,6,6,70.95430926751831,35.21,128.58
2025-08-20 18:00:00,탑선,225.66666666666666,6,6,69.50810102603808,35.24,126.81
2025-08-20 19:00:00,경상대,219.75,2,6,82.75971548007628,35.18,128.1
2025-08-20 19:00:00,고흥만수상,207.3,2,6,82.21659495600804,34.57,127.3
2025-08-20 19:00:00,광양항세방,200.7,2,6,82.48805758518593,34.93,127.71
2025-08-20 19:00:00,구미,208.60000000000002,2,6,82.78722585174663,36.13,128.34
2025-08-20 19:00:00,삼천포,225.2,2,6,82.7753615512574,34.95,128.07
2025-08-20 19:00:00,여수,236.25,2,6,82.54466870690989,34.74,127.74
2025-08-20 19:00:00,영동,244.75,2,6,82.70057690642811,37.18,128.46
2025-08-20 19:00:00,영흥,171.26666666666665,3,6,81.1160552541769,37.26,126.46
2025-08-20 19:00:00,예천,201.2,2,6,82.79219565977516,36.65,128.46
2025-08-20 19:00:00,창원,106.75,2,6,83.14063357722854,35.21,128.58
2025-08-20 19:00:00,탑선,206.0666666666667,3,6,81.71048858153455,35.24,126.81
2025-08-20 20:00:00,경상대,,0,6,94.64343807217884,35.18,128.1
2025-08-20 20:00:00,고흥만수상,,0,6,94.21188991043748,34.57,127.3
2025-08-20 20:00:00,광양항세방,,0,6,94.41963966210005,34.93,127.71
2025-08-20 20:00:00,구미,,0,6,94.52404812085732,36.13,128.34
2025-08-20 20:00:00,삼천포,,0,6,94.69331038073338,34.95,128.07
2025-08-20 20:00:00,여수,,0,6,94.50271934271566,34.74,127.74
2025-08-20 20:00:00,영동,,0,6,94.27580787187813,37.18,128.46
2025-08-20 20:00:00,영흥,,0,6,92.73871937143957,37.26,126.46
2025-08-20 20:00:00,예천,,0,6,94.44758501958484,36.65,128.46
2025-08-20 20:00:00,창원,,0,6,95.00534370074928,35.21,128.58
2025-08-20 20:00:00,탑선,,0,6,93.62336036553566,35.24,126.81
2025-08-20 21:00:00,경상대,,0,5,105.90758384341828,35.18,128.1
2025-08-20 21:00:00,고흥만수상,,0,5,105.6109702334041,34.57,127.3
2025-08-20 21:00:00,광양항세방,,0,5,105.74272814022598,34.93,127.71
2025-08-20 21:00:00,구미,,0,5,105.62868864917482,36.13,128.34
2025-08-20 21:00:00,삼천포,,0,5,105.99415304564488,34.95,128.07
2025-08-20 21:00:00,여수,,0,5,105.85303882437154,34.74,127.74
2025-08-20 21:00:00,영동,,0,5,105.20917199745986,37.18,128.46
2025-08-20 21:00:00,영흥,,0,5,103.76731818389933,37.26,126.46
2025-08-20 21:00:00,예천,,0,5,105.46441008701194,36.65,128.46
2025-08-20 21:00:00,창원,,0,5,106.23879870082531,35.21,128.58
2025-08-20 21:00:00,탑선,,0,5,104.94636019544524,35.24,126.81
2025-08-20 22:00:00,경상대,,0,6,116.11709206879254,35.18,128.1
2025-08-20 22:00:00,고흥만수상,,0,6,115.99025535583203,34.57,127.3
2025-08-20 22:00:00,광양항세방,,0,6,116.02765699235158,34.93,127.71
2025-08-20 22:00:00,구미,,0,6,115.6605900657244,36.13,128.34
2025-08-20 22:00:00,삼천포,,0,6,116.24392461509278,34.95,128.07
2025-08-20 22:00:00,여수,,0,6,116.16627385567624,34.74,127.74
2025-08-20 22:00:00,영동,,0,6,115.05640276738568,37.18,128.46
2025-08-20 22:00:00,영흥,,0,6,113.77857355864597,37.26,126.46
2025-08-20 22:00:00,예천,,0,6,115.39950991269492,36.65,128.46
2025-08-20 22:00:00,창원,,0,6,116.40015887653395,35.21,128.58
2025-08-20 22:00:00,탑선,,0,6,115.2589900953917,35.24,126.81
2025-08-20 23:00:00,경상대,,0,6,124.61078612753718,35.18,128.1
2025-08-20 23:00:00,고흥만수상,,0,6,124.69903295939986,34.57,127.3
2025-08-20 23:00:00,광양항세방,,0,6,124.61854208926441,34.93,127.71
2025-08-20 23:00:00,구미,,0,6,123.96186210940986,36.13,128.34
2025-08-20 23:00:00,삼천포,,0,6,124.78030008614184,34.95,128.07
2025-08-20 23:00:00,여수,,0,6,124.78469361028247,34.74,127.74
2025-08-20 23:00:00,영동,,0,6,123.16678850682644,37.18,128.46
2025-08-20 23:00:00,영흥,,0,6,122.15399139870917,37.26,126.46
2025-08-20 23:00:00,예천,,0,6,123.59742761736925,36.65,128.46
2025-08-20 23:00:00,창원,,0,6,124.81976548700771,35.21,128.58
2025-08-20 23:00:00,탑선,,0,6,123.92351240008378,35.24,126.81
2025-08-21 00:00:00,경상대,,0,5,130.44786477770305,35.18,128.1
2025-08-21 00:00:00,고흥만수상,,0,5,130.7922871936521,34.57,127.3
2025-08-21 00:00:00,광양항세방,,0,5,130.57364763972544,34.93,127.71
2025-08-21 00:00:00,구미,,0,5,129.616899248817,36.13,128.34
2025-08-21 00:00:00,삼천포,,0,5,130.65600222862173,34.95,128.07
2025-08-21 00:00:00,여수,,0,5,130.7604005614498,34.74,127.74
2025-08-21 00:00:00,영동,,0,5,128.65503965599294,37.18,128.46
2025-08-21 00:00:00,영흥,,0,5,128.03720824893284,37.26,126.46
2025-08-21 00:00:00,예천,,0,5,129.15674795081037,36.65,128.46
2025-08-21 00:00:00,창원,,0,5,130.54995474067906,35.21,128.58
2025-08-21 00:00:00,탑선,,0,5,130.02261591681017,35.24,126.81
2025-08-21 01:00:00,경상대,,0,5,132.60796149759335,35.18,128.1
2025-08-21 01:00:00,고흥만수상,,0,5,133.2082709808324,34.57,127.3
2025-08-21 01:00:00,광양항세방,,0,5,132.85481220356817,34.93,127.71
2025-08-21 01:00:00,구미,,0,5,131.65847418544337,36.13,128.34
2025-08-21 01:00:00,삼천포,,0,5,132.8378134025933,34.95,128.07
2025-08-21 01:00:00,여수,,0,5,133.04513343859506,34.74,127.74
2025-08-21 01:00:00,영동,,0,5,130.60834616202584,37.18,128.46
2025-08-21 01:00:00,영흥,,0,5,130.4973920780939,37.26,126.46
2025-08-21 01:00:00,예천,,0,5,131.1383292029221,36.65,128.46
2025-08-21 01:00:00,창원,,0,5,132.57784353529067,35.21,128.58
2025-08-21 01:00:00,탑선,,0,5,132.5267001716593,35.24,126.81
2025-08-21 02:00:00,경상대,,0,6,130.59786320177017,35.18,128.1
2025-08-21 02:00:00,고흥만수상,,0,6,131.38644422122775,34.57,127.3
2025-08-21 02:00:00,광양항세방,,0,6,130.93801010414444,34.93,127.71
2025-08-21 02:00:00,구미,,0,6,129.63655699972955,36.13,128.34
2025-08-21 02:00:00,삼천포,,0,6,130.82315825638435,34.95,128.07
2025-08-21 02:00:00,여수,,0,6,131.1099391660532,34.74,127.74
2025-08-21 02:00:00,영동,,0,6,128.61301564303744,37.18,128.46
2025-08-21 02:00:00,영흥,,0,6,129.0247718824522,37.26,126.46
2025-08-21 02:00:00,예천,,0,6,129.11372668077087,36.65,128.46
2025-08-21 02:00:00,창원,,0,6,130.43892007444794,35.21,128.58
2025-08-21 02:00:00,탑선,,0,6,130.87281428974399,35.24,126.81
2025-08-21 03:00:00,경상대,,0,6,124.87936132974778,35.18,128.1
2025-08-21 03:00:00,고흥만수상,,0,6,125.7585817559611,34.57,127.3
2025-08-21 03:00:00,광양항세방,,0,6,125.26951028500321,34.93,127.71
2025-08-21 03:00:00,구미,,0,6,123.99767675292323,36.13,128.34
2025-08-21 03:00:00,삼천포,,0,6,125.07923070263223,34.95,128.07
2025-08-21 03:00:00,여수,,0,6,125.40866719393298,34.74,127.74
2025-08-21 03:00:00,영동,,0,6,123.09164089530769,37.18,128.46
2025-08-21 03:00:00,영흥,,0,6,123.93504094191701,37.26,126.46
2025-08-21 03:00:00,예천,,0,6,123.5206282864687,36.65,128.46
2025-08-21 03:00:00,창원,,0,6,124.62181386569677,35.21,128.58
2025-08-21 03:00:00,탑선,,0,6,125.4440488860094,35.24,126.81
2025-08-21 04:00:00,경상대,,0,6,116.46641956669062,35.18,128.1
2025-08-21 04:00:00,고흥만수상,,0,6,117.36121862984804,34.57,127.3
2025-08-21 04:00:00,광양항세방,,0,6,116.87170859340453,34.93,127.71
2025-08-21 04:00:00,구미,,0,6,115.70849859218481,36.13,128.34
2025-08-21 04:00:00,삼천포,,0,6,116.6321975023035,34.95,128.07
2025-08-21 04:00:00,여수,,0,6,116.97469803858931,34.74,127.74
2025-08-21 04:00:00,영동,,0,6,114.95959315761174,37.18,128.46
2025-08-21 04:00:00,영흥,,0,6,116.10858364041663,37.26,126.46
2025-08-21 04:00:00,예천,,0,6,115.30070929334582,36.65,128.46
2025-08-21 04:00:00,창원,,0,6,116.1447783871089,35.21,128.58
2025-08-21 04:00:00,탑선,,0,6,117.23173567980238,35.24,126.81
2025-08-21 05:00:00,경상대,,0,6,106.30911829298745,35.18,128.1
2025-08-21 05:00:00,고흥만수상,,0,6,107.17709177082273,34.57,127.3
2025-08-21 05:00:00,광양항세방,,0,6,106.70889961017048,34.93,127.71
2025-08-21 05:00:00,구미,,0,6,105.68604549556916,36.13,128.34
2025-08-21 05:00:00,삼천포,,0,6,106.43984324056271,34.95,128.07
2025-08-21 05:00:00,여수,,0,6,106.77794292193599,34.74,127.74
2025-08-21 05:00:00,영동,,0,6,105.10046113068078,37.18,128.46
2025-08-21 05:00:00,영흥,,0,6,106.45008899492933,37.26,126.46
2025-08-21 05:00:00,예천,,0,6,105.35350612659542,36.65,128.46
2025-08-21 05:00:00,창원,,0,6,105.94919040595396,35.21,128.58
2025-08-21 05:00:00,탑선,,0,6,107.20386582358417,35.24,126.81
2025-08-21 06:00:00,경상대,,0,6,95.07915213603805,35.18,128.1
2025-08-21 06:00:00,고흥만수상,,0,6,95.89790231241473,34.57,127.3
2025-08-21 06:00:00,광양항세방,,0,6,95.46200985782716,34.93,127.71
2025-08-21 06:00:00,구미,,0,6,94.58999159702955,36.13,128.34
2025-08-21 06:00:00,삼천포,,0,6,95.17623877785822,34.95,128.07
2025-08-21 06:00:00,여수,,0,6,95.50031884656688,34.74,127.74
2025-08-21 06:00:00,영동,,0,6,94.16288224586135,37.18,128.46
2025-08-21 06:00:00,영흥,,0,6,95.63968106653488,37.26,126.46
2025-08-21 06:00:00,예천,,0,6,94.33227246041064,36.65,128.46
2025-08-21 06:00:00,창원,,0,6,94.69778924175961,35.21,128.58
2025-08-21 06:00:00,탑선,,0,6,96.05536459415484,35.24,126.81
2025-08-21 07:00:00,경상대,177.5,1,4,83.21898692529287,35.18,128.1
2025-08-21 07:00:00,고흥만수상,183.0,1,4,83.97412732681303,34.57,127.3
2025-08-21 07:00:00,광양항세방,163.6,1,4,83.57748557715465,34.93,127.71
2025-08-21 07:00:00,구미,179.2,1,4,82.86263824380836,36.13,128.34
2025-08-21 07:00:00,삼천포,191.0,1,4,83.28351114975153,34.95,128.07
2025-08-21 07:00:00,여수,183.3,1,4,83.5873317985175,34.74,127.74
2025-08-21 07:00:00,영동,126.1,1,4,82.5902664653131,37.18,128.46
2025-08-21 07:00:00,영흥,,0,4,84.14346232684008,37.26,126.46
2025-08-21 07:00:00,예천,159.8,1,4,82.67923991838504,36.65,128.46
2025-08-21 07:00:00,창원,0.0,1,4,82.8274452776088,35.21,128.58
2025-08-21 07:00:00,탑선,,0,4,84.24465170985613,35.24,126.81
2025-08-21 08:00:00,경상대,313.12,5,5,71.03999694408171,35.18,128.1
2025-08-21 08:00:00,고흥만수상,317.71999999999997,5,5,71.71731622356401,34.57,127.3
2025-08-21 08:00:00,광양항세방,286.2,5,5,71.36709479247011,34.93,127.71
2025-08-21 08:00:00,구미,293.82,5,5,70.82102918525688,36.13,128.34
2025-08-21 08:00:00,삼천포,300.08000000000004,5,5,71.07148246013938,34.95,128.07
2025-08-21 08:00:00,여수,312.92,5,5,71.34915181884678,34.74,127.74
2025-08-21 08:00:00,영동,291.6,5,5,70.7065127396822,37.18,128.46
2025-08-21 08:00:00,영흥,237.64000000000001,5,5,72.29679028812433,37.26,126.46
2025-08-21 08:00:00,예천,310.41999999999996,5,5,70.7145621352574,36.65,128.46
2025-08-21 08:00:00,창원,318.52,5,5,70.6470737100609,35.21,128.58
2025-08-21 08:00:00,탑선,289.38,5,5,72.09119223433086,35.24,126.81
2025-08-21 09:00:00,경상대,505.34000000000003,5,5,58.81138614835414,35.18,128.1
2025-08-21 09:00:00,고흥만수상,521.8799999999999,5,5,59.39021845549884,34.57,127.3
2025-08-21 09:00:00,광양항세방,472.93999999999994,5,5,59.097343950355935,34.93,127.71
2025-08-21 09:00:00,구미,507.62,5,5,58.74461944336994,36.13,128.34
2025-08-21 09:00:00,삼천포,555.38,5,5,58.80687622594739,34.95,128.07
2025-08-21 09:00:00,여수,502.5200000000001,5,5,59.05024771057363,34.74,127.74
2025-08-21 09:00:00,영동,486.68,5,5,58.802241150594156,37.18,128.46
2025-08-21 09:00:00,영흥,413.32,5,5,60.390320648993644,37.26,126.46
2025-08-21 09:00:00,예천,478.32000000000005,5,5,58.723285369267145,36.65,128.46
2025-08-21 09:00:00,창원,513.4,5,5,58.4263289700169,35.21,128.58
2025-08-21 09:00:00,탑선,479.21999999999997,5,5,59.8649654583579,35.24,126.81
2025-08-21 10:00:00,경상대,660.32,5,5,46.86216134486922,35.18,128.1
2025-08-21 10:00:00,고흥만수상,673.8,5,5,47.30562341264699,34.57,127.3
2025-08-21 10:00:00,광양항세방,632.5000000000001,5,5,47.08998177473032,34.93,127.71
2025-08-21 10:00:00,구미,660.5400000000001,5,5,46.97940663077153,36.13,128.34
2025-08-21 10:00:00,삼천포,729.52,5,5,46.814800150786695,34.95,128.07
2025-08-21 10:00:00,여수,661.98,5,5,47.009622038449315,34.74,127.74
2025-08-21 10:00:00,영동,628.36,5,5,47.240497548872256,37.18,128.46
2025-08-21 10:00:00,영흥,565.1600000000001,5,5,48.770284313599404,37.26,126.46
2025-08-21 10:00:00,예천,509.52,5,5,47.060496517407756,36.65,128.46
2025-08-21 10:00:00,창원,664.4199999999998,5,5,46.49897780813789,35.21,128.58
2025-08-21 10:00:00,탑선,631.46,5,5,47.885290435816614,35.24,126.81
2025-08-21 11:00:00,경상대,770.7499999999999,6,6,35.77873898776853,35.18,128.1
2025-08-21 11:00:00,고흥만수상,802.8833333333333,6,6,36.01383567417719,34.57,127.3
2025-08-21 11:00:00,광양항세방,769.15,6,6,35.914774763006925,34.93,127.71
2025-08-21 11:00:00,구미,779.4666666666666,6,6,36.138970227892734,36.13,128.34
2025-08-21 11:00:00,삼천포,867.5666666666667,6,6,35.67565102044421,34.95,128.07
2025-08-21 11:00:00,여수,807.1333333333333,6,6,35.79355240985133,34.74,127.74
2025-08-21 11:00:00,영동,758.4833333333335,6,6,36.65844748167511,37.18,128.46
2025-08-21 11:00:00,영흥,707.5500000000001,6,6,38.019881580369606,37.26,126.46
2025-08-21 11:00:00,예천,733.6666666666666,6,6,36.353552632817745,36.65,128.46
2025-08-21 11:00:00,창원,740.3000000000001,6,6,35.46616498283863,35.21,128.58
2025-08-21 11:00:00,탑선,747.0833333333334,6,6,36.70446752740601,35.24,126.81
2025-08-21 12:00:00,경상대,806.6999999999999,6,6,26.909397649133183,35.18,128.1
2025-08-21 12:00:00,고흥만수상,802.5999999999999,6,6,26.795672800700444,34.57,127.3
2025-08-21 12:00:00,광양항세방,842.4666666666667,6,6,26.887857004527007,34.93,127.71
2025-08-21 12:00:00,구미,796.65,6,6,27.590820080023136,36.13,128.34
2025-08-21 12:00:00,삼천포,912.2666666666665,6,6,26.734184671099705,34.95,128.07
2025-08-21 12:00:00,여수,869.8666666666668,6,6,26.71904410786471,34.74,127.74
2025-08-21 12:00:00,영동,820.7333333333332,6,6,28.42601853204912,37.18,128.46
2025-08-21 12:00:00,영흥,768.3333333333334,6,6,29.3723082111229,37.26,126.46
2025-08-21 12:00:00,예천,809.1166666666667,6,6,27.976567044870762,36.65,128.46
2025-08-21 12:00:00,창원,769.2333333333332,6,6,26.714727865679386,35.21,128.58
2025-08-21 12:00:00,탑선,815.5,6,6,27.572930591781308,35.24,126.81
2025-08-21 13:00:00,경상대,842.1166666666667,6,6,23.134675543388298,35.18,128.1
2025-08-21 13:00:00,고흥만수상,702.3333333333334,6,6,22.54217222411104,34.57,127.3
2025-08-21 13:00:00,광양항세방,868.6,6,6,22.890166775786952,34.93,127.71
2025-08-21 13:00:00,구미,748.5,6,6,24.084059978552276,36.13,128.34
2025-08-21 13:00:00,삼천포,930.5,6,6,22.904903006663773,34.95,128.07
2025-08-21 13:00:00,여수,873.4500000000002,6,6,22.69959981694197,34.74,127.74
2025-08-21 13:00:00,영동,836.6166666666667,6,6,25.134496782843655,37.18,128.46
2025-08-21 13:00:00,영흥,819.8166666666666,6,6,25.26778432323158,37.26,126.46
2025-08-21 13:00:00,예천,815.2000000000002,6,6,24.60448827791329,36.65,128.46
2025-08-21 13:00:00,창원,863.15,6,6,23.165418933056642,35.21,128.58
2025-08-21 13:00:00,탑선,775.3333333333334,6,6,23.233061816593903,35.24,126.81
2025-08-21 14:00:00,경상대,822.3400000000001,5,5,26.753940214165958,35.18,128.1
2025-08-21 14:00:00,고흥만수상,692.3199999999999,5,5,25.88379823817128,34.57,127.3
2025-08-21 14:00:00,광양항세방,845.0,5,5,26.36927553165723,34.93,127.71
2025-08-21 14:00:00,구미,721.8399999999999,5,5,27.65415920984644,36.13,128.34
2025-08-21 14:00:00,삼천포,914.46,5,5,26.549194019101158,34.95,128.07
2025-08-21 14:00:00,여수,885.5,5,5,26.22416320616137,34.74,127.74
2025-08-21 14:00:00,영동,794.9599999999999,5,5,28.58944193729274,37.18,128.46
2025-08-21 14:00:00,영흥,814.6200000000001,5,5,27.852198533518596,37.26,126.46
2025-08-21 14:00:00,예천,809.58,5,5,28.142868070227813,36.65,128.46
2025-08-21 14:00:00,창원,841.6400000000001,5,5,26.99907808353018,35.21,128.58
2025-08-21 14:00:00,탑선,706.4799999999999,5,5,26.239258486039063,35.24,126.81
2025-08-21 15:00:00,경상대,785.8166666666667,6,6,35.54916890022885,35.18,128.1
2025-08-21 15:00:00,고흥만수상,730.4333333333333,6,6,34.665493527386836,34.57,127.3
2025-08-21 15:00:00,광양항세방,786.8333333333334,6,6,35.14504305302131,34.93,127.71
2025-08-21 15:00:00,구미,710.4833333333335,6,6,36.237973568568755,36.13,128.34
2025-08-21 15:00:00,삼천포,709.9833333333332,6,6,35.40289174098453,34.95,128.07
2025-08-21 15:00:00,여수,835.8000000000001,6,6,35.061324068953155,34.74,127.74
2025-08-21 15:00:00,영동,731.4833333333335,6,6,36.91298253732852,37.18,128.46
2025-08-21 15:00:00,영흥,759.6666666666666,6,6,35.67777218278046,37.26,126.46
2025-08-21 15:00:00,예천,760.3499999999999,6,6,36.61063420662337,36.65,128.46
2025-08-21 15:00:00,창원,682.1666666666666,6,6,35.89456087450665,35.21,128.58
2025-08-21 15:00:00,탑선,592.5666666666666,6,6,34.709707130064004,35.24,126.81
2025-08-21 16:00:00,경상대,702.2,5,5,46.60807064750874,35.18,128.1
2025-08-21 16:00:00,고흥만수상,657.2,5,5,45.79217148846348,34.57,127.3
2025-08-21 16:00:00,광양항세방,669.7,5,5,46.22601861637498,34.93,127.71
2025-08-21 16:00:00,구미,667.1800000000001,5,5,47.098241268500225,36.13,128.34
2025-08-21 16:00:00,삼천포,752.44,5,5,46.51237475063718,34.95,128.07
2025-08-21 16:00:00,여수,741.3,5,5,46.189307692982524,34.74,127.74
2025-08-21 16:00:00,영동,597.3,5,5,47.539278828254375,37.18,128.46
2025-08-21 16:00:00,영흥,658.0600000000001,5,5,46.07875846876279,37.26,126.46
2025-08-21 16:00:00,예천,659.4,5,5,47.36094056309804,36.65,128.46
2025-08-21 16:00:00,창원,727.3,5,5,46.98999545291158,35.21,128.58
2025-08-21 16:00:00,탑선,528.0,5,5,45.63100266605204,35.24,126.81
2025-08-21 17:00:00,경상대,517.8333333333334,6,6,58.55545513657455,35.18,128.1
2025-08-21 17:00:00,고흥만수상,531.1833333333334,6,6,57.82313723077051,34.57,127.3
2025-08-21 17:00:00,광양항세방,501.40000000000003,6,6,58.20558180625717,34.93,127.71
2025-08-21 17:00:00,구미,508.71666666666664,6,6,58.87851976268269,36.13,128.34
2025-08-21 17:00:00,삼천포,564.15,6,6,58.50073898419899,34.95,128.07
2025-08-21 17:00:00,여수,465.6000000000001,6,6,58.204596870023124,34.74,127.74
2025-08-21 17:00:00,영동,409.8333333333333,6,6,59.126032949348854,37.18,128.46
2025-08-21 17:00:00,영흥,503.51666666666665,6,6,57.56734834280801,37.26,126.46
2025-08-21 17:00:00,예천,495.98333333333335,6,6,59.04812962628749,36.65,128.46
2025-08-21 17:00:00,창원,556.0333333333334,6,6,58.94827544588898,35.21,128.58
2025-08-21 17:00:00,탑선,388.28333333333336,6,6,57.5203674140809,35.24,126.81
2025-08-21 18:00:00,경상대,384.20000000000005,6,6,70.7956211869685,35.18,128.1
2025-08-21 18:00:00,고흥만수상,369.8166666666666,6,6,70.15238822376148,34.57,127.3
2025-08-21 18:00:00,광양항세방,317.7333333333333,6,6,70.48197430152474,34.93,127.71
2025-08-21 18:00:00,구미,324.8,6,6,70.97003783857718,36.13,128.34
2025-08-21 18:00:00,삼천포,354.9166666666667,6,6,70.77655935437187,34.95,128.07
2025-08-21 18:00:00,여수,367.7333333333333,6,6,70.51071712644455,34.74,127.74
2025-08-21 18:00:00,영동,315.15000000000003,6,6,71.04798422837044,37.18,128.46
2025-08-21 18:00:00,영흥,321.18333333333334,6,6,69.45503695045329,37.26,126.46
2025-08-21 18:00:00,예천,320.34999999999997,6,6,71.05672725899439,36.65,128.46
2025-08-21 18:00:00,창원,354.03333333333336,6,6,71.18698347249887,35.21,128.58
2025-08-21 18:00:00,탑선,289.53333333333336,6,6,69.74077215328478,35.24,126.81
2025-08-21 19:00:00,경상대,245.60000000000002,2,5,82.99759919746549,35.18,128.1
2025-08-21 19:00:00,고흥만수상,224.2,2,5,82.45145233891415,34.57,127.3
2025-08-21 19:00:00,광양항세방,186.0,2,5,82.72466819924362,34.93,127.71
2025-08-21 19:00:00,구미,202.9,2,5,83.02917015292601,36.13,128.34
2025-08-21 19:00:00,삼천포,210.45,2,5,83.01226816315058,34.95,128.07
2025-08-21 19:00:00,여수,225.1,2,5,82.78049980237805,34.74,127.74
2025-08-21 19:00:00,영동,172.4,2,5,82.94684461980145,37.18,128.46
2025-08-21 19:00:00,영흥,171.96666666666667,3,5,81.36160375093831,37.26,126.46
2025-08-21 19:00:00,예천,190.75,2,5,83.03632567235826,36.65,128.46
2025-08-21 19:00:00,창원,206.45,2,5,83.37892868485336,35.21,128.58
2025-08-21 19:00:00,탑선,15.066666666666668,3,5,81.94788793803694,35.24,126.81
2025-08-21 20:00:00,경상대,,0,5,94.89366943565909,35.18,128.1
2025-08-21 20:00:00,고흥만수상,,0,5,94.4589731994396,34.57,127.3
2025-08-21 20:00:00,광양항세방,,0,5,94.66852128250282,34.93,127.71
2025-08-21 20:00:00,구미,,0,5,94.77807949258025,36.13,128.34
2025-08-21 20:00:00,삼천포,,0,5,94.94263931122275,34.95,128.07
2025-08-21 20:00:00,여수,,0,5,94.75090692644065,34.74,127.74
2025-08-21 20:00:00,영동,,0,5,94.53380588141539,37.18,128.46
2025-08-21 20:00:00,영흥,,0,5,92.99509873150318,37.26,126.46
2025-08-21 20:00:00,예천,,0,5,94.70365228731818,36.65,128.46
2025-08-21 20:00:00,창원,,0,5,95.25618595494129,35.21,128.58
2025-08-21 20:00:00,탑선,,0,5,93.87251467018267,35.24,126.81
2025-08-21 21:00:00,경상대,,0,6,106.17649067266386,35.18,128.1
2025-08-21 21:00:00,고흥만수상,,0,6,105.87669701608144,34.57,127.3
2025-08-21 21:00:00,광양항세방,,0,6,106.0102491160748,34.93,127.71
2025-08-21 21:00:00,구미,,0,6,105.90102049247191,36.13,128.34
2025-08-21 21:00:00,삼천포,,0,6,106.26225713705455,34.95,128.07
2025-08-21 21:00:00,여수,,0,6,106.11996895066324,34.74,127.74
2025-08-21 21:00:00,영동,,0,6,105.48498343957874,37.18,128.46
2025-08-21 21:00:00,영흥,,0,6,104.04071086065214,37.26,126.46
2025-08-21 21:00:00,예천,,0,6,105.73856157817104,36.65,128.46
2025-08-21 21:00:00,창원,,0,6,106.50849342267446,35.21,128.58
2025-08-21 21:00:00,탑선,,0,6,105.21364174155677,35.24,126.81
2025-08-21 22:00:00,경상대,,0,6,116.40996671828627,35.18,128.1
2025-08-21 22:00:00,고흥만수상,,0,6,116.28015927888777,34.57,127.3
2025-08-21 22:00:00,광양항세방,,0,6,116.3192176987568,34.93,127.71
2025-08-21 22:00:00,구미,,0,6,115.95624720561831,36.13,128.34
2025-08-21 22:00:00,삼천포,,0,6,116.5361572323331,34.95,128.07
2025-08-21 22:00:00,여수,,0,6,116.45739026489518,34.74,127.74
2025-08-21 22:00:00,영동,,0,6,115.35477566174983,37.18,128.46
2025-08-21 22:00:00,영흥,,0,6,114.07397712958034,37.26,126.46
2025-08-21 22:00:00,예천,,0,6,115.69662472074586,36.65,128.46
2025-08-21 22:00:00,창원,,0,6,116.69393121272032,35.21,128.58
2025-08-21 22:00:00,탑선,,0,6,115.54982536818834,35.24,126.81
2025-08-21 23:00:00,경상대,,0,6,124.92936631495797,35.18,128.1
2025-08-21 23:00:00,고흥만수상,,0,6,125.01537961525852,34.57,127.3
2025-08-21 23:00:00,광양항세방,,0,6,124.93612149103919,34.93,127.71
2025-08-21 23:00:00,구미,,0,6,124.28215822882294,36.13,128.34
2025-08-21 23:00:00,삼천포,,0,6,125.09849367603798,34.95,128.07
2025-08-21 23:00:00,여수,,0,6,125.10203331607946,34.74,127.74
2025-08-21 23:00:00,영동,,0,6,123.48865043540596,37.18,128.46
2025-08-21 23:00:00,영흥,,0,6,122.4730587421906,37.26,126.46
2025-08-21 23:00:00,예천,,0,6,123.91860072993444,36.65,128.46
2025-08-21 23:00:00,창원,,0,6,125.13915104464706,35.21,128.58
2025-08-21 23:00:00,탑선,,0,6,124.24010264488274,35.24,126.81
2025-08-22 00:00:00,경상대,,0,6,130.78468141847483,35.18,128.1
2025-08-22 00:00:00,고흥만수상,,0,6,131.128348094973,34.57,127.3
2025-08-22 00:00:00,광양항세방,,0,6,130.9101279095597,34.93,127.71
2025-08-22 00:00:00,구미,,0,6,129.95411034317092,36.13,128.34
2025-08-22 00:00:00,삼천포,,0,6,130.99273324193047,34.95,128.07
2025-08-22 00:00:00,여수,,0,6,131.09684169606655,34.74,127.74
2025-08-22 00:00:00,영동,,0,6,128.99255236717914,37.18,128.46
2025-08-22 00:00:00,영흥,,0,6,128.3735801633741,37.26,126.46
2025-08-22 00:00:00,예천,,0,6,129.4941455531013,36.65,128.46
2025-08-22 00:00:00,창원,,0,6,130.88707678247354,35.21,128.58
2025-08-22 00:00:00,탑선,,0,6,130.3585438929455,35.24,126.81
2025-08-22 01:00:00,경상대,,0,5,132.94171896632847,35.18,128.1
2025-08-22 01:00:00,고흥만수상,,0,5,133.54292258202062,34.57,127.3
2025-08-22 01:00:00,광양항세방,,0,5,133.1890114105138,34.93,127.71
2025-08-22 01:00:00,구미,,0,5,131.99195461616836,36.13,128.34
2025-08-22 01:00:00,삼천포,,0,5,133.17160683673222,34.95,128.07
2025-08-22 01:00:00,여수,,0,5,133.37930278516694,34.74,127.74
2025-08-22 01:00:00,영동,,0,5,130.94169416275338,37.18,128.46
2025-08-22 01:00:00,영흥,,0,5,130.83275894975054,37.26,126.46
2025-08-22 01:00:00,예천,,0,5,131.47167431568516,36.65,128.46
2025-08-22 01:00:00,창원,,0,5,132.91103686424276,35.21,128.58
2025-08-22 01:00:00,탑선,,0,5,132.86182761524105,35.24,126.81
2025-08-22 02:00:00,경상대,,0,6,130.9019669496532,35.18,128.1
2025-08-22 02:00:00,고흥만수상,,0,6,131.6920068928647,34.57,127.3
2025-08-22 02:00:00,광양항세방,,0,6,131.24287234232196,34.93,127.71
2025-08-22 02:00:00,구미,,0,6,129.9411040714982,36.13,128.34
2025-08-22 02:00:00,삼천포,,0,6,131.127079160978,34.95,128.07
2025-08-22 02:00:00,여수,,0,6,131.41450887153047,34.74,127.74
2025-08-22 02:00:00,영동,,0,6,128.91841435622422,37.18,128.46
2025-08-22 02:00:00,영흥,,0,6,129.33507944718113,37.26,126.46
2025-08-22 02:00:00,예천,,0,6,129.418545402472,36.65,128.46
2025-08-22 02:00:00,창원,,0,6,130.74177263624085,35.21,128.58
2025-08-22 02:00:00,탑선,,0,6,131.18036069947703,35.24,126.81
2025-08-22 03:00:00,경상대,,0,6,125.1392388928037,35.18,128.1
2025-08-22 03:00:00,고흥만수상,,0,6,126.0192539121206,34.57,127.3
2025-08-22 03:00:00,광양항세방,,0,6,125.5298971845564,34.93,127.71
2025-08-22 03:00:00,구미,,0,6,124.25942050155112,36.13,128.34
2025-08-22 03:00:00,삼천포,,0,6,125.33856377066246,34.95,128.07
2025-08-22 03:00:00,여수,,0,6,125.66843801016441,34.74,127.74
2025-08-22 03:00:00,영동,,0,6,123.35581753477837,37.18,128.46
2025-08-22 03:00:00,영흥,,0,6,124.20513977990035,37.26,126.46
2025-08-22 03:00:00,예천,,0,6,123.78340990575757,36.65,128.46
2025-08-22 03:00:00,창원,,0,6,124.88030980377627,35.21,128.58
2025-08-22 03:00:00,탑선,,0,6,125.70803105731201,35.24,126.81
2025-08-22 04:00:00,경상대,,0,6,116.68291749766864,35.18,128.1
2025-08-22 04:00:00,고흥만수상,,0,6,117.5774672311804,34.57,127.3
2025-08-22 04:00:00,광양항세방,,0,6,117.08826527640849,34.93,127.71
2025-08-22 04:00:00,구미,,0,6,115.9280667081535,36.13,128.34
2025-08-22 04:00:00,삼천포,,0,6,116.84786894563578,34.95,128.07
2025-08-22 04:00:00,여수,,0,6,117.19042521516042,34.74,127.74
2025-08-22 04:00:00,영동,,0,6,115.18285990445503,37.18,128.46
2025-08-22 04:00:00,영흥,,0,6,116.33725615793021,37.26,126.46
2025-08-22 04:00:00,예천,,0,6,115.52196466291069,36.65,128.46
2025-08-22 04:00:00,창원,,0,6,116.36012492472662,35.21,128.58
2025-08-22 04:00:00,탑선,,0,6,117.45192248378682,35.24,126.81
2025-08-22 05:00:00,경상대,,0,6,106.49051450092173,35.18,128.1
2025-08-22 05:00:00,고흥만수상,,0,6,107.35731076292412,34.57,127.3
2025-08-22 05:00:00,광양항세방,,0,6,106.8899359089723,34.93,127.71
2025-08-22 05:00:00,구미,,0,6,105.87130763007208,36.13,128.34
2025-08-22 05:00:00,삼천포,,0,6,106.62023988932424,34.95,128.07
2025-08-22 05:00:00,여수,,0,6,106.95804134138572,34.74,127.74
2025-08-22 05:00:00,영동,,0,6,105.29022547070632,37.18,128.46
2025-08-22 05:00:00,영흥,,0,6,106.64415145712763,37.26,126.46
2025-08-22 05:00:00,예천,,0,6,105.54088795200036,36.65,128.46
2025-08-22 05:00:00,창원,,0,6,106.12976254753465,35.21,128.58
2025-08-22 05:00:00,탑선,,0,6,107.38817231749991,35.24,126.81
2025-08-22 06:00:00,경상대,,0,5,95.23516379175405,35.18,128.1
2025-08-22 06:00:00,고흥만수상,,0,5,96.05197344056043,34.57,127.3
2025-08-22 06:00:00,광양항세방,,0,5,95.61730924698568,34.93,127.71
2025-08-22 06:00:00,구미,,0,5,94.75041892573807,36.13,128.34
2025-08-22 06:00:00,삼천포,,0,5,95.33113791948676,34.95,128.07
2025-08-22 06:00:00,여수,,0,5,95.65462249742393,34.74,127.74
2025-08-22 06:00:00,영동,,0,5,94.32834478609372,37.18,128.46
2025-08-22 06:00:00,영흥,,0,5,95.80824054014376,37.26,126.46
2025-08-22 06:00:00,예천,,0,5,94.49511893593939,36.65,128.46
2025-08-22 06:00:00,창원,,0,5,94.85329567569357,35.21,128.58
2025-08-22 06:00:00,탑선,,0,5,96.21348495616039,35.24,126.81
2025-08-22 07:00:00,경상대,169.9,1,6,83.35894999225748,35.18,128.1
2025-08-22 07:00:00,고흥만수상,,0,6,84.11145162486122,34.57,127.3
2025-08-22 07:00:00,광양항세방,142.8,1,6,83.7164118352334,34.93,127.71
2025-08-22 07:00:00,구미,188.0,1,6,83.00749862920792,36.13,128.34
2025-08-22 07:00:00,삼천포,185.2,1,6,83.42226357606495,34.95,128.07
2025-08-22 07:00:00,여수,178.2,1,6,83.72521516176933,34.74,127.74
2025-08-22 07:00:00,영동,156.0,1,6,82.74061532863148,37.18,128.46
2025-08-22 07:00:00,영흥,,0,6,84.29571915494978,37.26,126.46
2025-08-22 07:00:00,예천,175.8,1,6,82.82677968726243,36.65,128.46
2025-08-22 07:00:00,창원,181.3,1,6,82.96720619767098,35.21,128.58
2025-08-22 07:00:00,탑선,,0,6,84.3859571627393,35.24,126.81
2025-08-22 08:00:00,경상대,287.64,5,5,71.17319299868167,35.18,128.1
2025-08-22 08:00:00,고흥만수상,304.78000000000003,5,5,71.84711542591455,34.57,127.3
2025-08-22 08:00:00,광양항세방,255.82,5,5,71.49890268571335,34.93,127.71
2025-08-22 08:00:00,구미,298.58,5,5,70.95966293547326,36.13,128.34
2025-08-22 08:00:00,삼천포,311.7,5,5,71.20335476112169,34.95,128.07
2025-08-22 08:00:00,여수,304.48,5,5,71.47985864238288,34.74,127.74
2025-08-22 08:00:00,영동,263.44,5,5,70.85113362397472,37.18,128.46
2025-08-22 08:00:00,영흥,247.92,5,5,72.44205216849184,37.26,126.46
2025-08-22 08:00:00,예천,289.34,5,5,70.85616250605334,36.65,128.46
2025-08-22 08:00:00,창원,307.52000000000004,5,5,70.78038869353905,35.21,128.58
2025-08-22 08:00:00,탑선,284.48,5,5,72.22493098046338,35.24,126.81
2025-08-22 09:00:00,경상대,500.5333333333333,6,6,58.9484361002703,35.18,128.1
2025-08-22 09:00:00,고흥만수상,509.0333333333333,6,6,59.52291625859561,34.57,127.3
2025-08-22 09:00:00,광양항세방,440.4333333333334,6,6,59.232564095524225,34.93,127.71
2025-08-22 09:00:00,구미,482.73333333333335,6,6,58.88778538223957,36.13,128.34
2025-08-22 09:00:00,삼천포,521.5333333333333,6,6,58.94245715225402,34.95,128.07
2025-08-22 09:00:00,여수,502.5833333333333,6,6,59.184289564574,34.74,127.74
2025-08-22 09:00:00,영동,408.9833333333333,6,6,58.951996529639224,37.18,128.46
2025-08-22 09:00:00,영흥,430.98333333333335,6,6,60.539151986939984,37.26,126.46
2025-08-22 09:00:00,예천,464.1499999999999,6,6,58.86976969422615,36.65,128.46
2025-08-22 09:00:00,창원,506.95,6,6,58.5638992110253,35.21,128.58
2025-08-22 09:00:00,탑선,477.4833333333333,6,6,60.00157122781006,35.24,126.81
2025-08-22 10:00:00,경상대,686.22,5,5,47.01754475627525,35.18,128.1
2025-08-22 10:00:00,고흥만수상,688.24,5,5,47.45535904973237,34.57,127.3
2025-08-22 10:00:00,광양항세방,626.82,5,5,47.242933206374495,34.93,127.71
2025-08-22 10:00:00,구미,662.0,5,5,47.141699609207585,36.13,128.34
2025-08-22 10:00:00,삼천포,717.9999999999999,5,5,46.96854481823538,34.95,128.07
2025-08-22 10:00:00,여수,687.5799999999999,5,5,47.1613153752374,34.74,127.74
2025-08-22 10:00:00,영동,676.0999999999999,5,5,47.410003214155466,37.18,128.46
2025-08-22 10:00:00,영흥,589.16,5,5,48.93662820528177,37.26,126.46
2025-08-22 10:00:00,예천,640.36,5,5,47.22649849097818,36.65,128.46
2025-08-22 10:00:00,창원,684.4200000000001,5,5,46.65546644504442,35.21,128.58
2025-08-22 10:00:00,탑선,656.28,5,5,48.0387778606727,35.24,126.81
2025-08-22 11:00:00,경상대,808.8666666666667,6,6,35.97479153562946,35.18,128.1
2025-08-22 11:00:00,고흥만수상,785.0500000000001,6,6,36.202670619821255,34.57,127.3
2025-08-22 11:00:00,광양항세방,736.4333333333334,6,6,36.10764949624191,34.93,127.71
2025-08-22 11:00:00,구미,738.0666666666666,6,6,36.342369673240285,36.13,128.34
2025-08-22 11:00:00,삼천포,832.5666666666666,6,6,35.86998527515164,34.95,128.07
2025-08-22 11:00:00,여수,794.9833333333332,6,6,35.985192401983554,34.74,127.74
2025-08-22 11:00:00,영동,781.1166666666667,6,6,36.869104468163286,37.18,128.46
2025-08-22 11:00:00,영흥,700.4666666666667,6,6,38.22406367081495,37.26,126.46
2025-08-22 11:00:00,예천,751.5333333333333,6,6,36.560809858239665,36.65,128.46
2025-08-22 11:00:00,창원,791.4166666666666,6,6,35.66421045388022,35.21,128.58
2025-08-22 11:00:00,탑선,759.5833333333335,6,6,36.896306829925955,35.24,126.81
2025-08-22 12:00:00,경상대,833.8,5,5,27.176279209938777,35.18,128.1
2025-08-22 12:00:00,고흥만수상,842.24,5,5,27.055172489639084,34.57,127.3
2025-08-22 12:00:00,광양항세방,799.0600000000001,5,5,27.15141802775647,34.93,127.71
2025-08-22 12:00:00,구미,745.5199999999999,5,5,27.863127721943414,36.13,128.34
2025-08-22 12:00:00,삼천포,892.3800000000001,5,5,26.99983771398344,34.95,128.07
2025-08-22 12:00:00,여수,860.78,5,5,26.981856533512016,34.74,127.74
2025-08-22 12:00:00,영동,801.5000000000001,5,5,28.703095796179035,37.18,128.46
2025-08-22 12:00:00,영흥,768.72,5,5,29.63992790700999,37.26,126.46
2025-08-22 12:00:00,예천,813.84,5,5,28.25159700355266,36.65,128.46
2025-08-22 12:00:00,창원,830.9,5,5,26.984377566395878,35.21,128.58
2025-08-22 12:00:00,탑선,658.76,5,5,27.8330672989933,35.24,126.81
2025-08-22 13:00:00,경상대,834.4333333333334,6,6,23.469439862286904,35.18,128.1
2025-08-22 13:00:00,고흥만수상,902.0500000000001,6,6,22.87489199758859,34.57,127.3
2025-08-22 13:00:00,광양항세방,808.6,6,6,23.2239914221299,34.93,127.71
2025-08-22 13:00:00,구미,752.2166666666666,6,6,24.419350687875834,36.13,128.34
2025-08-22 13:00:00,삼천포,920.9666666666667,6,6,23.23959330345771,34.95,128.07
2025-08-22 13:00:00,여수,886.5500000000001,6,6,23.033485543904604,34.74,127.74
2025-08-22 13:00:00,영동,815.1999999999999,6,6,25.47001251411679,37.18,128.46
2025-08-22 13:00:00,영흥,814.7166666666667,6,6,25.598774949565325,37.26,126.46
2025-08-22 13:00:00,예천,820.4666666666667,6,6,24.940014204799752,36.65,128.46
2025-08-22 13:00:00,창원,742.5666666666666,6,6,23.501225739099908,35.21,128.58
2025-08-22 13:00:00,탑선,835.6333333333333,6,6,23.564543232694106,35.24,126.81
2025-08-22 14:00:00,경상대,842.4333333333334,6,6,27.079542926759686,35.18,128.1
2025-08-22 14:00:00,고흥만수상,898.4333333333333,6,6,26.210239293622244,34.57,127.3
2025-08-22 14:00:00,광양항세방,809.3833333333333,6,6,26.695378640951496,34.93,127.71
2025-08-22 14:00:00,구미,693.8833333333332,6,6,27.981104783289325,36.13,128.34
2025-08-22 14:00:00,삼천포,909.9166666666666,6,6,26.87437615775127,34.95,128.07
2025-08-22 14:00:00,여수,878.5166666666665,6,6,26.549778071925438,34.74,127.74
2025-08-22 14:00:00,영동,734.3666666666668,6,6,28.918055693727908,37.18,128.46
2025-08-22 14:00:00,영흥,820.35,6,6,28.18506321450902,37.26,126.46
2025-08-22 14:00:00,예천,760.2333333333332,6,6,28.470523691687966,36.65,128.46
2025-08-22 14:00:00,창원,391.3999999999999,6,6,27.323466541333367,35.21,128.58
2025-08-22 14:00:00,탑선,752.1833333333333,6,6,26.56826516168978,35.24,126.81
2025-08-22 15:00:00,경상대,806.5999999999999,6,6,35.832394733675,35.18,128.1
2025-08-22 15:00:00,고흥만수상,847.3833333333333,6,6,34.947879400949596,34.57,127.3
2025-08-22 15:00:00,광양항세방,699.35,6,6,35.42808469048331,34.93,127.71
2025-08-22 15:00:00,구미,629.5833333333334,6,6,36.52497583737796,36.13,128.34
2025-08-22 15:00:00,삼천포,829.3666666666667,6,6,35.685096454529024,34.95,128.07
2025-08-22 15:00:00,여수,819.4833333333335,6,6,35.34337237858862,34.74,127.74
2025-08-22 15:00:00,영동,730.3333333333334,6,6,37.204247746718615,37.18,128.46
2025-08-22 15:00:00,영흥,765.2333333333332,6,6,35.97417781689979,37.26,126.46
2025-08-22 15:00:00,예천,729.9000000000001,6,6,36.899637725894756,36.65,128.46
2025-08-22 15:00:00,창원,698.7833333333333,6,6,36.17671139612049,35.21,128.58
2025-08-22 15:00:00,탑선,701.0166666666668,6,6,34.99656646769208,35.24,126.81
2025-08-22 16:00:00,경상대,550.1600000000001,5,5,46.8617412541724,35.18,128.1
2025-08-22 16:00:00,고흥만수상,723.6800000000001,5,5,46.043806359881046,34.57,127.3
2025-08-22 16:00:00,광양항세방,497.4599999999999,5,5,46.478948577402456,34.93,127.71
2025-08-22 16:00:00,구미,606.2,5,5,47.35640941047578,36.13,128.34
2025-08-22 16:00:00,삼천포,696.0,5,5,46.76489167519193,34.95,128.07
2025-08-22 16:00:00,여수,712.3,5,5,46.441197286009306,34.74,127.74
2025-08-22 16:00:00,영동,635.3399999999999,5,5,47.80243278970125,37.18,128.46
2025-08-22 16:00:00,영흥,649.82,5,5,46.34521986094559,37.26,126.46
2025-08-22 16:00:00,예천,647.9799999999999,5,5,47.62151781233505,36.65,128.46
2025-08-22 16:00:00,창원,669.54,5,5,47.243145514685715,35.21,128.58
2025-08-22 16:00:00,탑선,639.48,5,5,45.88687934134162,35.24,126.81
2025-08-22 17:00:00,경상대,296.09999999999997,6,6,58.79487048129221,35.18,128.1
2025-08-22 17:00:00,고흥만수상,570.8000000000001,6,6,58.05997330362317,34.57,127.3
2025-08-22 17:00:00,광양항세방,372.1333333333334,6,6,58.443979178351725,34.93,127.71
2025-08-22 17:00:00,구미,468.81666666666666,6,6,59.12242446881975,36.13,128.34
2025-08-22 17:00:00,삼천포,556.0166666666667,6,6,58.73903561267515,34.95,128.07
2025-08-22 17:00:00,여수,554.5500000000001,6,6,58.44203308317364,34.74,127.74
2025-08-22 17:00:00,영동,522.3333333333334,6,6,59.37485560925293,37.18,128.46
2025-08-22 17:00:00,영흥,514.65,6,6,57.8177933231683,37.26,126.46
2025-08-22 17:00:00,예천,492.15000000000003,6,6,59.2944518539958,36.65,128.46
2025-08-22 17:00:00,창원,522.95,6,6,59.187579358862415,35.21,128.58
2025-08-22 17:00:00,탑선,511.45,6,6,57.76083092103844,35.24,126.81
2025-08-22 18:00:00,경상대,243.73999999999995,5,5,71.03187949289207,35.18,128.1
2025-08-22 18:00:00,고흥만수상,376.82,5,5,70.38579327699826,34.57,127.3
2025-08-22 18:00:00,광양항세방,294.15999999999997,5,5,70.71706251790224,34.93,127.71
2025-08-22 18:00:00,구미,333.38,5,5,71.21059686966478,36.13,128.34
2025-08-22 18:00:00,삼천포,345.12,5,5,71.01176655479183,34.95,128.07
2025-08-22 18:00:00,여수,365.0400000000001,5,5,70.74493604141765,34.74,127.74
2025-08-22 18:00:00,영동,350.73999999999995,5,5,71.29319484806038,37.18,128.46
2025-08-22 18:00:00,영흥,342.62,5,5,69.70058615060256,37.26,126.46
2025-08-22 18:00:00,예천,324.72,5,5,71.29960519959366,36.65,128.46
2025-08-22 18:00:00,창원,316.47999999999996,5,5,71.42341957734892,35.21,128.58
2025-08-22 18:00:00,탑선,364.98,5,5,69.977235155383,35.24,126.81
2025-08-22 19:00:00,경상대,182.2,2,5,83.2390376444174,35.18,128.1
2025-08-22 19:00:00,고흥만수상,221.15,2,5,82.68985906043464,34.57,127.3
2025-08-22 19:00:00,광양항세방,163.05,2,5,82.96483204068825,34.93,127.71
2025-08-22 19:00:00,구미,236.05,2,5,83.27468883613174,36.13,128.34
2025-08-22 19:00:00,삼천포,191.3,2,5,83.2527242814337,34.95,128.07
2025-08-22 19:00:00,여수,208.15,2,5,83.01987914471327,34.74,127.74
2025-08-22 19:00:00,영동,199.85,2,5,83.1967088866285,37.18,128.46
2025-08-22 19:00:00,영흥,204.39999999999998,2,5,81.61077217760332,37.26,126.46
2025-08-22 19:00:00,예천,189.25,2,5,83.28404055509166,36.65,128.46
2025-08-22 19:00:00,창원,178.95,2,5,83.62077376772584,35.21,128.58
2025-08-22 19:00:00,탑선,224.25,2,5,82.18885857231315,35.24,126.81
2025-08-22 20:00:00,경상대,,0,6,95.14732086577288,35.18,128.1
2025-08-22 20:00:00,고흥만수상,,0,6,94.70946345513256,34.57,127.3
2025-08-22 20:00:00,광양항세방,,0,6,94.92081797597791,34.93,127.71
2025-08-22 20:00:00,구미,,0,6,95.03555669489894,36.13,128.34
2025-08-22 20:00:00,삼천포,,0,6,95.19538174088302,34.95,128.07
2025-08-22 20:00:00,여수,,0,6,95.00250378768038,34.74,127.74
2025-08-22 20:00:00,영동,,0,6,94.79527768029178,37.18,128.46
2025-08-22 20:00:00,영흥,,0,6,93.25496519342221,37.26,126.46
2025-08-22 20:00:00,예천,,0,6,94.96317908615674,36.65,128.46
2025-08-22 20:00:00,창원,,0,6,95.51044638718665,35.21,128.58
2025-08-22 20:00:00,탑선,,0,6,94.12509866323575,35.24,126.81
2025-08-22 21:00:00,경상대,,0,5,106.44877316825095,35.18,128.1
2025-08-22 21:00:00,고흥만수상,,0,5,106.1457797571473,34.57,127.3
2025-08-22 21:00:00,광양항세방,,0,5,106.2811376918159,34.93,127.71
2025-08-22 21:00:00,구미,,0,5,106.17675713675234,36.13,128.34
2025-08-22 21:00:00,삼천포,,0,5,106.53372963623814,34.95,128.07
2025-08-22 21:00:00,여수,,0,5,106.39026063578532,34.74,127.74
2025-08-22 21:00:00,영동,,0,5,105.76423006469739,37.18,128.46
2025-08-22 21:00:00,영흥,,0,5,104.31754040806797,37.26,126.46
2025-08-22 21:00:00,예천,,0,5,106.01613318557399,36.65,128.46
2025-08-22 21:00:00,창원,,0,5,106.78156508001712,35.21,128.58
2025-08-22 21:00:00,탑선,,0,5,105.48430045421787,35.24,126.81
2025-08-22 22:00:00,경상대,,0,6,116.7062713885745,35.18,128.1
2025-08-22 22:00:00,고흥만수상,,0,6,116.57347017483579,34.57,127.3
2025-08-22 22:00:00,광양항세방,,0,6,116.61419867128203,34.93,127.71
2025-08-22 22:00:00,구미,,0,6,116.25536144132076,36.13,128.34
2025-08-22 22:00:00,삼천포,,0,6,116.83181320489537,34.95,128.07
2025-08-22 22:00:00,여수,,0,6,116.7519216929574,34.74,127.74
2025-08-22 22:00:00,영동,,0,6,115.65663235076353,37.18,128.46
2025-08-22 22:00:00,영흥,,0,6,114.37285505867118,37.26,126.46
2025-08-22 22:00:00,예천,,0,6,115.9972105123951,36.65,128.46
2025-08-22 22:00:00,창원,,0,6,116.9911377715103,35.21,128.58
2025-08-22 22:00:00,탑선,,0,6,115.84408368946865,35.24,126.81
2025-08-22 23:00:00,경상대,,0,5,125.25149488888187,35.18,128.1
2025-08-22 23:00:00,고흥만수상,,0,5,125.33525885954082,34.57,127.3
2025-08-22 23:00:00,광양항세방,,0,5,125.25724258053644,34.93,127.71
2025-08-22 23:00:00,구미,,0,5,124.60601698919004,36.13,128.34
2025-08-22 23:00:00,삼천포,,0,5,125.42023207698327,34.95,128.07
2025-08-22 23:00:00,여수,,0,5,125.42291201456896,34.74,127.74
2025-08-22 23:00:00,영동,,0,5,123.81408753212597,37.18,128.46
2025-08-22 23:00:00,영흥,,0,5,122.79569160140703,37.26,126.46
2025-08-22 23:00:00,예천,,0,5,124.24334329269558,36.65,128.46
2025-08-22 23:00:00,창원,,0,5,125.46208892034868,35.21,128.58
2025-08-22 23:00:00,탑선,,0,5,124.56023227986717,35.24,126.81
2025-08-23 00:00:00,경상대,,0,6,131.12504298264815,35.18,128.1
2025-08-23 00:00:00,고흥만수상,,0,6,131.46796486982572,34.57,127.3
2025-08-23 00:00:00,광양항세방,,0,6,131.25015856658646,34.93,127.71
2025-08-23 00:00:00,구미,,0,6,130.2948588216903,36.13,128.34
2025-08-23 00:00:00,삼천포,,0,6,131.33301054145227,34.95,128.07
2025-08-23 00:00:00,여수,,0,6,131.43683364808237,34.74,127.74
2025-08-23 00:00:00,영동,,0,6,129.33359524393995,37.18,128.46
2025-08-23 00:00:00,영흥,,0,6,128.71350612789232,37.26,126.46
2025-08-23 00:00:00,예천,,0,6,129.83507621371723,36.65,128.46
2025-08-23 00:00:00,창원,,0,6,131.22773766678404,35.21,128.58
2025-08-23 00:00:00,탑선,,0,6,130.69803007334207,35.24,126.81
2025-08-23 01:00:00,경상대,,0,5,133.2785503751115,35.18,128.1
2025-08-23 01:00:00,고흥만수상,,0,5,133.88068813395722,34.57,127.3
2025-08-23 01:00:00,광양항세방,,0,5,133.52630409836084,34.93,127.71
2025-08-23 01:00:00,구미,,0,5,132.3284987320926,36.13,128.34
2025-08-23 01:00:00,삼천포,,0,5,133.50847534317995,34.95,128.07
2025-08-23 01:00:00,여수,,0,5,133.7165638697033,34.74,127.74
2025-08-23 01:00:00,영동,,0,5,131.27810232952908,37.18,128.46
2025-08-23 01:00:00,영흥,,0,5,131.1712784211789,37.26,126.46
2025-08-23 01:00:00,예천,,0,5,131.80807833958335,36.65,128.46
2025-08-23 01:00:00,창원,,0,5,133.2472793079583,35.21,128.58
2025-08-23 01:00:00,탑선,,0,5,133.20009302324632,35.24,126.81
2025-08-23 02:00:00,경상대,,0,5,131.20817299647103,35.18,128.1
2025-08-23 02:00:00,고흥만수상,,0,5,131.9997031834339,34.57,127.3
2025-08-23 02:00:00,광양항세방,,0,5,131.54985390841844,34.93,127.71
2025-08-23 02:00:00,구미,,0,5,130.24777746102862,36.13,128.34
2025-08-23 02:00:00,삼천포,,0,5,131.43309444496555,34.95,128.07
2025-08-23 02:00:00,여수,,0,5,131.72118754577457,34.74,127.74
2025-08-23 02:00:00,영동,,0,5,129.22597474948418,37.18,128.46
2025-08-23 02:00:00,영흥,,0,5,129.64768175620068,37.26,126.46
2025-08-23 02:00:00,예천,,0,5,129.7255041048917,36.65,128.46
2025-08-23 02:00:00,창원,,0,5,131.0466947897935,35.21,128.58
2025-08-23 02:00:00,탑선,,0,5,131.49010333585525,35.24,126.81
2025-08-23 03:00:00,경상대,,0,6,125.40024026828567,35.18,128.1
2025-08-23 03:00:00,고흥만수상,,0,6,126.281047334742,34.57,127.3
2025-08-23 03:00:00,광양항세방,,0,6,125.79141015939238,34.93,127.71
2025-08-23 03:00:00,구미,,0,6,124.52234731291895,36.13,128.34
2025-08-23 03:00:00,삼천포,,0,6,125.59900447567213,34.95,128.07
2025-08-23 03:00:00,여수,,0,6,125.92931846127057,34.74,127.74
2025-08-23 03:00:00,영동,,0,6,123.62124815398674,37.18,128.46
2025-08-23 03:00:00,영흥,,0,6,124.47660433028777,37.26,126.46
2025-08-23 03:00:00,예천,,0,6,124.04740685732808,36.65,128.46
2025-08-23 03:00:00,창원,,0,6,125.13990575095187,35.21,128.58
2025-08-23 03:00:00,탑선,,0,6,125.97321371765233,35.24,126.81
2025-08-23 04:00:00,경상대,,0,4,116.8999077132324,35.18,128.1
2025-08-23 04:00:00,고흥만수상,,0,4,117.79417969353759,34.57,127.3
2025-08-23 04:00:00,광양항세방,,0,4,117.3053044098535,34.93,127.71
2025-08-23 04:00:00,구미,,0,4,116.14820016244147,36.13,128.34
2025-08-23 04:00:00,삼천포,,0,4,117.06401393100455,34.95,128.07
2025-08-23 04:00:00,여수,,0,4,117.4066176581272,34.74,127.74
2025-08-23 04:00:00,영동,,0,4,115.40677511197445,37.18,128.46
2025-08-23 04:00:00,영흥,,0,4,116.56664385840895,37.26,126.46
2025-08-23 04:00:00,예천,,0,4,115.74382503684376,36.65,128.46
2025-08-23 04:00:00,창원,,0,4,116.57595246996578,35.21,128.58
2025-08-23 04:00:00,탑선,,0,4,117.67264564034363,35.24,126.81
2025-08-23 05:00:00,경상대,,0,6,106.6721208703414,35.18,128.1
2025-08-23 05:00:00,고흥만수상,,0,6,107.5376984255478,34.57,127.3
2025-08-23 05:00:00,광양항세방,,0,6,107.07116596638906,34.93,127.71
2025-08-23 05:00:00,구미,,0,6,106.05685330882113,36.13,128.34
2025-08-23 05:00:00,삼천포,,0,6,106.80082853874023,34.95,128.07
2025-08-23 05:00:00,여수,,0,6,107.1383179344441,34.74,127.74
2025-08-23 05:00:00,영동,,0,6,105.48035480993904,37.18,128.46
2025-08-23 05:00:00,영흥,,0,6,106.83860684744228,37.26,126.46
2025-08-23 05:00:00,예천,,0,6,105.72859321300963,36.65,128.46
2025-08-23 05:00:00,창원,,0,6,106.31054293748218,35.21,128.58
2025-08-23 05:00:00,탑선,,0,6,107.57270664412985,35.24,126.81
2025-08-23 06:00:00,경상대,,0,6,95.39135477876603,35.18,128.1
2025-08-23 06:00:00,고흥만수상,,0,6,96.20617590509488,34.57,127.3
2025-08-23 06:00:00,광양항세방,,0,6,95.77276803142247,34.93,127.71
2025-08-23 06:00:00,구미,,0,6,94.91109530690318,36.13,128.34
2025-08-23 06:00:00,삼천포,,0,6,95.48619956849615,34.95,128.07
2025-08-23 06:00:00,여수,,0,6,95.8090718483602,34.74,127.74
2025-08-23 06:00:00,영동,,0,6,94.4941322397363,37.18,128.46
2025-08-23 06:00:00,영흥,,0,6,95.97712431520203,37.26,126.46
2025-08-23 06:00:00,예천,,0,6,94.65825235800774,36.65,128.46
2025-08-23 06:00:00,창원,,0,6,95.00898593388625,35.21,128.58
2025-08-23 06:00:00,탑선,,0,6,96.37178369099249,35.24,126.81
2025-08-23 07:00:00,경상대,179.9,1,6,83.49924465720217,35.18,128.1
2025-08-23 07:00:00,고흥만수상,,0,6,84.24905493773355,34.57,127.3
2025-08-23 07:00:00,광양항세방,156.5,1,6,83.85564719000308,34.93,127.71
2025-08-23 07:00:00,구미,179.4,1,6,83.15275654610521,36.13,128.34
2025-08-23 07:00:00,삼천포,194.3,1,6,83.56133201251583,34.95,128.07
2025-08-23 07:00:00,여수,183.8,1,6,83.86339555481379,34.74,127.74
2025-08-23 07:00:00,영동,0.0,1,6,82.89143188858709,37.18,128.46
2025-08-23 07:00:00,영흥,,0,6,84.44842033799405,37.26,126.46
2025-08-23 07:00:00,예천,173.0,1,6,82.9747527158022,36.65,128.46
2025-08-23 07:00:00,창원,182.0,1,6,83.10730824396178,35.21,128.58
2025-08-23 07:00:00,탑선,,0,6,84.52757865129487,35.24,126.81
2025-08-23 08:00:00,경상대,228.7,5,5,71.30703323785193,35.18,128.1
2025-08-23 08:00:00,고흥만수상,290.36,5,5,71.97750145953184,34.57,127.3
2025-08-23 08:00:00,광양항세방,264.9,5,5,71.63132964847902,34.93,127.71
2025-08-23 08:00:00,구미,291.91999999999996,5,5,71.09900323203124,36.13,128.34
2025-08-23 08:00:00,삼천포,254.3,5,5,71.33585679052129,34.95,128.07
2025-08-23 08:00:00,여수,243.01999999999998,5,5,71.61117397974895,34.74,127.74
2025-08-23 08:00:00,영동,234.76000000000005,5,5,70.99652544505035,37.18,128.46
2025-08-23 08:00:00,영흥,154.51999999999998,5,5,72.58803985098453,37.26,126.46
2025-08-23 08:00:00,예천,282.64,5,5,70.99850297388731,36.65,128.46
2025-08-23 08:00:00,창원,292.3,5,5,70.91436237132893,35.21,128.58
2025-08-23 08:00:00,탑선,213.58,5,5,72.35928414157074,35.24,126.81
2025-08-23 09:00:00,경상대,396.3333333333333,6,6,59.08661718180957,35.18,128.1
2025-08-23 09:00:00,고흥만수상,510.8666666666666,6,6,59.6566829084312,34.57,127.3
2025-08-23 09:00:00,광양항세방,468.40000000000003,6,6,59.36888749440986,34.93,127.71
2025-08-23 09:00:00,구미,499.68333333333334,6,6,59.03213908486589,36.13,128.34
2025-08-23 09:00:00,삼천포,536.4499999999999,6,6,59.07915640345021,34.95,128.07
2025-08-23 09:00:00,여수,423.25,6,6,59.31942613175171,34.74,127.74
2025-08-23 09:00:00,영동,474.6666666666667,6,6,59.102995279230285,37.18,128.46
2025-08-23 09:00:00,영흥,394.8166666666666,6,6,60.689157041570155,37.26,126.46
2025-08-23 09:00:00,예천,473.3666666666666,6,6,59.01747179993474,36.65,128.46
2025-08-23 09:00:00,창원,512.9833333333333,6,6,58.702620932452405,35.21,128.58
2025-08-23 09:00:00,탑선,480.6833333333332,6,6,60.13926161772875,35.24,126.81
2025-08-23 10:00:00,경상대,663.95,6,6,47.174755538078045,35.18,128.1
2025-08-23 10:00:00,고흥만수상,673.2333333333335,6,6,47.60685913004341,34.57,127.3
2025-08-23 10:00:00,광양항세방,635.2166666666666,6,6,47.397683089574784,34.93,127.71
2025-08-23 10:00:00,구미,660.8166666666666,6,6,47.305861240704715,36.13,128.34
2025-08-23 10:00:00,삼천포,714.15,6,6,47.12410804468315,34.95,128.07
2025-08-23 10:00:00,여수,689.0666666666667,6,6,47.31480264325147,34.74,127.74
2025-08-23 10:00:00,영동,535.6999999999999,6,6,47.58141333868474,37.18,128.46
2025-08-23 10:00:00,영흥,510.4833333333333,6,6,49.1047801736748,37.26,126.46
2025-08-23 10:00:00,예천,521.5833333333334,6,6,47.39439020243876,36.65,128.46
2025-08-23 10:00:00,창원,687.25,6,6,46.81380929610047,35.21,128.58
2025-08-23 10:00:00,탑선,539.4,6,6,48.1940260252081,35.24,126.81
2025-08-23 11:00:00,경상대,786.3333333333335,6,6,36.17355060806573,35.18,128.1
2025-08-23 11:00:00,고흥만수상,734.4499999999999,6,6,36.39417146361686,34.57,127.3
2025-08-23 11:00:00,광양항세방,761.2333333333332,6,6,36.30321088912086,34.93,127.71
2025-08-23 11:00:00,구미,777.1,6,6,36.54847489154224,36.13,128.34
2025-08-23 11:00:00,삼천포,838.1333333333332,6,6,36.067027682222566,34.95,128.07
2025-08-23 11:00:00,여수,675.75,6,6,36.17952342282537,34.74,127.74
2025-08-23 11:00:00,영동,766.5333333333333,6,6,37.08245744977542,37.18,128.46
2025-08-23 11:00:00,영흥,708.0833333333334,6,6,38.430836957904106,37.26,126.46
2025-08-23 11:00:00,예천,621.4000000000001,6,6,36.7707712537272,36.65,128.46
2025-08-23 11:00:00,창원,809.0833333333334,6,6,35.864990321404434,35.21,128.58
2025-08-23 11:00:00,탑선,754.8333333333334,6,6,37.090775022070204,35.24,126.81
2025-08-23 12:00:00,경상대,849.2166666666667,6,6,27.446494626606103,35.18,128.1
2025-08-23 12:00:00,고흥만수상,800.35,6,6,27.318038077240935,34.57,127.3
2025-08-23 12:00:00,광양항세방,839.9166666666666,6,6,27.418325260773948,34.93,127.71
2025-08-23 12:00:00,구미,842.0000000000001,6,6,28.138710214289958,36.13,128.34
2025-08-23 12:00:00,삼천포,915.1166666666667,6,6,27.268840396072427,34.95,128.07
2025-08-23 12:00:00,여수,873.9333333333334,6,6,27.24802930149918,34.74,127.74
2025-08-23 12:00:00,영동,843.0666666666667,6,6,28.98338957643874,37.18,128.46
2025-08-23 12:00:00,영흥,770.5833333333334,6,6,29.910731017390432,37.26,126.46
2025-08-23 12:00:00,예천,815.85,6,6,28.52987249634483,36.65,128.46
2025-08-23 12:00:00,창원,859.4666666666667,6,6,27.257364333781474,35.21,128.58
2025-08-23 12:00:00,탑선,820.4166666666666,6,6,28.096513754819348,35.24,126.81
2025-08-23 13:00:00,경상대,885.22,5,5,23.80743716833301,35.18,128.1
2025-08-23 13:00:00,고흥만수상,892.1600000000001,5,5,23.210845832368562,34.57,127.3
2025-08-23 13:00:00,광양항세방,866.4,5,5,23.561048144515652,34.93,127.71
2025-08-23 13:00:00,구미,859.0600000000001,5,5,24.757870266492915,36.13,128.34
2025-08-23 13:00:00,삼천포,936.68,5,5,23.577518124027435,34.95,128.07
2025-08-23 13:00:00,여수,892.24,5,5,23.37060524437507,34.74,127.74
2025-08-23 13:00:00,영동,819.1800000000001,5,5,25.80875215117736,37.18,128.46
2025-08-23 13:00:00,영흥,827.6200000000001,5,5,25.932967674425385,37.26,126.46
2025-08-23 13:00:00,예천,831.8799999999999,5,5,25.27876729476499,36.65,128.46
2025-08-23 13:00:00,창원,874.5,5,5,23.84027066673697,35.21,128.58
2025-08-23 13:00:00,탑선,847.1,5,5,23.899250403470816,35.24,126.81
2025-08-23 14:00:00,경상대,868.86,5,5,27.4091235500526,35.18,128.1
2025-08-23 14:00:00,고흥만수상,891.78,5,5,26.54064910491897,34.57,127.3
2025-08-23 14:00:00,광양항세방,844.76,5,5,27.02545237255608,34.93,127.71
2025-08-23 14:00:00,구미,846.3,5,5,28.311982150473206,36.13,128.34
2025-08-23 14:00:00,삼천포,915.9399999999999,5,5,27.203549902623955,34.95,128.07
2025-08-23 14:00:00,여수,877.14,5,5,26.879378359889195,34.74,127.74
2025-08-23 14:00:00,영동,728.3800000000001,5,5,29.25054824809837,37.18,128.46
2025-08-23 14:00:00,영흥,784.3799999999999,5,5,28.521695827357973,37.26,126.46
2025-08-23 14:00:00,예천,647.16,5,5,28.80208731172835,36.65,128.46
2025-08-23 14:00:00,창원,872.1,5,5,27.651859534111523,35.21,128.58
2025-08-23 14:00:00,탑선,833.0200000000001,5,5,26.901165977660952,35.24,126.81
2025-08-23 15:00:00,경상대,823.7833333333333,6,6,36.12006452103577,35.18,128.1
2025-08-23 15:00:00,고흥만수상,842.8166666666666,6,6,35.23474663728045,34.57,127.3
2025-08-23 15:00:00,광양항세방,778.1666666666666,6,6,35.71558512215196,34.93,127.71
2025-08-23 15:00:00,구미,792.3666666666668,6,6,36.81636332673699,36.13,128.34
2025-08-23 15:00:00,삼천포,853.9333333333333,6,6,35.971759987530476,34.95,128.07
2025-08-23 15:00:00,여수,828.2333333333332,6,6,35.62989228649552,34.74,127.74
2025-08-23 15:00:00,영동,758.6,6,6,37.499836323144095,37.18,128.46
2025-08-23 15:00:00,영흥,656.6333333333333,6,6,36.274882054930984,37.26,126.46
2025-08-23 15:00:00,예천,745.3833333333333,6,6,37.19299575349426,36.65,128.46
2025-08-23 15:00:00,창원,822.6666666666666,6,6,36.46330545984117,35.21,128.58
2025-08-23 15:00:00,탑선,763.7166666666667,6,6,35.28785838508747,35.24,126.81
2025-08-23 16:00:00,경상대,701.0799999999999,5,5,47.11969682787322,35.18,128.1
2025-08-23 16:00:00,고흥만수상,731.0600000000001,5,5,46.29975734356177,34.57,127.3
2025-08-23 16:00:00,광양항세방,646.48,5,5,46.736177261340366,34.93,127.71
2025-08-23 16:00:00,구미,536.04,5,5,47.61883425751503,36.13,128.34
2025-08-23 16:00:00,삼천포,714.78,5,5,47.02169992021987,34.95,128.07
2025-08-23 16:00:00,여수,708.06,5,5,46.6973899236341,34.74,127.74
2025-08-23 16:00:00,영동,643.28,5,5,48.06981481422101,37.18,128.46
2025-08-23 16:00:00,영흥,603.2,5,5,46.615934973322645,37.26,126.46
2025-08-23 16:00:00,예천,555.18,5,5,47.88633663634865,36.65,128.46
2025-08-23 16:00:00,창원,701.3799999999999,5,5,47.500570774193015,35.21,128.58
2025-08-23 16:00:00,탑선,644.78,5,5,46.14706296433215,35.24,126.81
2025-08-23 17:00:00,경상대,549.5666666666667,6,6,59.03826145353628,35.18,128.1
2025-08-23 17:00:00,고흥만수상,549.75,6,6,58.30080157704812,34.57,127.3
2025-08-23 17:00:00,광양항세방,493.18333333333334,6,6,58.686360161912404,34.93,127.71
2025-08-23 17:00:00,구미,523.2333333333333,6,6,59.37029985388271,36.13,128.34
2025-08-23 17:00:00,삼천포,553.7666666666667,6,6,58.981308388885004,34.95,128.07
2025-08-23 17:00:00,여수,548.5333333333334,6,6,58.68345222665656,34.74,127.74
2025-08-23 17:00:00,영동,499.71666666666664,6,6,59.62764538411051,37.18,128.46
2025-08-23 17:00:00,영흥,468.65000000000003,6,6,58.07224098830922,37.26,126.46
2025-08-23 17:00:00,예천,482.90000000000003,6,6,59.54474200578741,36.65,128.46
2025-08-23 17:00:00,창원,550.5833333333334,6,6,59.430849141555996,35.21,128.58
2025-08-23 17:00:00,탑선,506.8666666666666,6,6,58.00529642652384,35.24,126.81
2025-08-23 18:00:00,경상대,360.7166666666667,6,6,71.27182849318126,35.18,128.1
2025-08-23 18:00:00,고흥만수상,343.5666666666666,6,6,70.62289380017762,34.57,127.3
2025-08-23 18:00:00,광양항세방,299.1166666666666,6,6,70.95584439494802,34.93,127.71
2025-08-23 18:00:00,구미,340.55,6,6,71.45485593345812,36.13,128.34
2025-08-23 18:00:00,삼천포,349.75,6,6,71.25066158877668,34.95,128.07
2025-08-23 18:00:00,여수,353.46666666666664,6,6,70.98284531462441,34.74,127.74
2025-08-23 18:00:00,영동,331.9833333333333,6,6,71.54211708864263,37.18,128.46
2025-08-23 18:00:00,영흥,308.06666666666666,6,6,69.94987877919934,37.26,126.46
2025-08-23 18:00:00,예천,308.1166666666667,6,6,71.54618811755051,36.65,128.46
2025-08-23 18:00:00,창원,353.48333333333335,6,6,71.6635388091405,35.21,128.58
2025-08-23 18:00:00,탑선,319.68333333333334,6,6,70.21741153788827,35.24,126.81
2025-08-23 19:00:00,경상대,225.8,2,6,83.48394776195643,35.18,128.1
2025-08-23 19:00:00,고흥만수상,244.45000000000002,2,6,82.93173300554352,34.57,127.3
2025-08-23 19:00:00,광양항세방,181.4,2,6,83.20846645672056,34.93,127.71
2025-08-23 19:00:00,구미,210.35000000000002,2,6,83.52369777893432,36.13,128.34
2025-08-23 19:00:00,삼천포,204.89999999999998,2,6,83.49664709932162,34.95,128.07
2025-08-23 19:00:00,여수,214.10000000000002,2,6,83.26272427210081,34.74,127.74
2025-08-23 19:00:00,영동,202.3,2,6,83.45008449492897,37.18,128.46
2025-08-23 19:00:00,영흥,171.0,3,6,81.86347585879861,37.26,126.46
2025-08-23 19:00:00,예천,183.4,2,6,83.53525562162719,36.65,128.46
2025-08-23 19:00:00,창원,99.15,2,6,83.86608555998443,35.21,128.58
2025-08-23 19:00:00,탑선,212.89999999999998,2,6,82.43331782420141,35.24,126.81
2025-08-23 20:00:00,경상대,,0,6,95.40430307422403,35.18,128.1
2025-08-23 20:00:00,고흥만수상,,0,6,94.96327215395416,34.57,127.3
2025-08-23 20:00:00,광양항세방,,0,6,95.17644079139185,34.93,127.71
2025-08-23 20:00:00,구미,,0,6,95.29638972432168,36.13,128.34
2025-08-23 20:00:00,삼천포,,0,6,95.45144854610325,34.95,128.07
2025-08-23 20:00:00,여수,,0,6,95.25742108964201,34.74,127.74
2025-08-23 20:00:00,영동,,0,6,95.06013256075123,37.18,128.46
2025-08-23 20:00:00,영흥,,0,6,93.5182287638151,37.26,126.46
2025-08-23 20:00:00,예천,,0,6,95.22607503670494,36.65,128.46
2025-08-23 20:00:00,창원,,0,6,95.76803548037454,35.21,128.58
2025-08-23 20:00:00,탑선,,0,6,94.38102357615271,35.24,126.81
2025-08-23 21:00:00,경상대,,0,6,106.72433553293907,35.18,128.1
2025-08-23 21:00:00,고흥만수상,,0,6,106.41812314698218,34.57,127.3
2025-08-23 21:00:00,광양항세방,,0,6,106.55529829137575,34.93,127.71
2025-08-23 21:00:00,구미,,0,6,106.45580245852891,36.13,128.34
2025-08-23 21:00:00,삼천포,,0,6,106.80847481594776,34.95,128.07
2025-08-23 21:00:00,여수,,0,6,106.66381834130198,34.74,127.74
2025-08-23 21:00:00,영동,,0,6,106.04681545595511,37.18,128.46
2025-08-23 21:00:00,영흥,,0,6,104.59771108601211,37.26,126.46
2025-08-23 21:00:00,예천,,0,6,106.29702861763386,36.65,128.46
2025-08-23 21:00:00,창원,,0,6,107.05791767847562,35.21,128.58
2025-08-23 21:00:00,탑선,,0,6,105.75824103761677,35.24,126.81
2025-08-23 22:00:00,경상대,,0,6,117.00590547979101,35.18,128.1
2025-08-23 22:00:00,고흥만수상,,0,6,116.87008754465373,34.57,127.3
2025-08-23 22:00:00,광양항세방,,0,6,116.91249936165067,34.93,127.71
2025-08-23 22:00:00,구미,,0,6,116.55783223593053,36.13,128.34
2025-08-23 22:00:00,삼천포,,0,6,117.13079191079648,34.95,128.07
2025-08-23 22:00:00,여수,,0,6,117.04976756231412,34.74,127.74
2025-08-23 22:00:00,영동,,0,6,115.96187238195358,37.18,128.46
2025-08-23 22:00:00,영흥,,0,6,114.67510725157452,37.26,126.46
2025-08-23 22:00:00,예천,,0,6,116.30116678413442,36.65,128.46
2025-08-23 22:00:00,창원,,0,6,117.29167786177675,35.21,128.58
2025-08-23 22:00:00,탑선,,0,6,116.14166474179973,35.24,126.81
2025-08-23 23:00:00,경상대,,0,5,125.57707044094528,35.18,128.1
2025-08-23 23:00:00,고흥만수상,,0,5,125.6585690532238,34.57,127.3
2025-08-23 23:00:00,광양항세방,,0,5,125.58180384998843,34.93,127.71
2025-08-23 23:00:00,구미,,0,5,124.93333721656916,36.13,128.34
2025-08-23 23:00:00,삼천포,,0,5,125.74541382155704,34.95,128.07
2025-08-23 23:00:00,여수,,0,5,125.74722815249046,34.74,127.74
2025-08-23 23:00:00,영동,,0,5,124.14299883177519,37.18,128.46
2025-08-23 23:00:00,영흥,,0,5,123.1217888709572,37.26,126.46
2025-08-23 23:00:00,예천,,0,5,124.57155424520936,36.65,128.46
2025-08-23 23:00:00,창원,,0,5,125.78847776267811,35.21,128.58
2025-08-23 23:00:00,탑선,,0,5,124.88379979644932,35.24,126.81
2025-08-24 00:00:00,경상대,,0,5,131.4688500814661,35.18,128.1
2025-08-24 00:00:00,고흥만수상,,0,5,131.81103806943344,34.57,127.3
2025-08-24 00:00:00,광양항세방,,0,5,131.59364019705578,34.93,127.71
2025-08-24 00:00:00,구미,,0,5,130.63904529278838,36.13,128.34
2025-08-24 00:00:00,삼천포,,0,5,131.67673473908008,34.95,128.07
2025-08-24 00:00:00,여수,,0,5,131.7802770068302,34.74,127.74
2025-08-24 00:00:00,영동,,0,5,129.6780688758331,37.18,128.46
2025-08-24 00:00:00,영흥,,0,5,129.0568866268141,37.26,126.46
2025-08-24 00:00:00,예천,,0,5,130.1794405346778,36.65,128.46
2025-08-24 00:00:00,창원,,0,5,131.57183803108393,35.21,128.58
2025-08-24 00:00:00,탑선,,0,5,131.04097496796518,35.24,126.81
2025-08-24 01:00:00,경상대,,0,6,133.61835323716184,35.18,128.1
2025-08-24 01:00:00,고흥만수상,,0,6,134.22146537212876,34.57,127.3
2025-08-24 01:00:00,광양항세방,,0,6,133.86658789633145,34.93,127.71
2025-08-24 01:00:00,구미,,0,6,132.66800420321653,36.13,128.34
2025-08-24 01:00:00,삼천포,,0,6,133.84831638591325,34.95,128.07
2025-08-24 01:00:00,여수,,0,6,134.05681425824406,34.74,127.74
2025-08-24 01:00:00,영동,,0,6,131.6174685738149,37.18,128.46
2025-08-24 01:00:00,영흥,,0,6,131.51284911775574,37.26,126.46
2025-08-24 01:00:00,예천,,0,6,132.14743904045008,36.65,128.46
2025-08-24 01:00:00,창원,,0,6,133.5864681631972,35.21,128.58
2025-08-24 01:00:00,탑선,,0,6,133.54139450128253,35.24,126.81
2025-08-24 02:00:00,경상대,,0,5,131.51637287944138,35.18,128.1
2025-08-24 02:00:00,고흥만수상,,0,5,132.30942404268274,34.57,127.3
2025-08-24 02:00:00,광양항세방,,0,5,131.85884610237918,34.93,127.71
2025-08-24 02:00:00,구미,,0,5,130.5564697323111,36.13,128.34
2025-08-24 02:00:00,삼천포,,0,5,131.7410953849389,34.95,128.07
2025-08-24 02:00:00,여수,,0,5,132.02986626481942,34.74,127.74
2025-08-24 02:00:00,영동,,0,5,129.5355904612478,37.18,128.46
2025-08-24 02:00:00,영흥,,0,5,129.96247268480215,37.26,126.46
2025-08-24 02:00:00,예천,,0,5,130.03449589091713,36.65,128.46
2025-08-24 02:00:00,창원,,0,5,131.35357806266552,35.21,128.58
2025-08-24 02:00:00,탑선,,0,5,131.80193399251473,35.24,126.81
2025-08-24 03:00:00,경상대,,0,6,125.6622633629708,35.18,128.1
2025-08-24 03:00:00,고흥만수상,,0,6,126.54385860853769,34.57,127.3
2025-08-24 03:00:00,광양항세방,,0,6,126.0539465210772,34.93,127.71
2025-08-24 03:00:00,구미,,0,6,124.78635616435209,36.13,128.34
2025-08-24 03:00:00,삼천포,,0,6,125.86045048204807,34.95,128.07
2025-08-24 03:00:00,여수,,0,6,126.19120570368756,34.74,127.74
2025-08-24 03:00:00,영동,,0,6,123.88783271816759,37.18,128.46
2025-08-24 03:00:00,영흥,,0,6,124.74933302717395,37.26,126.46
2025-08-24 03:00:00,예천,,0,6,124.3125186684808,36.65,128.46
2025-08-24 03:00:00,창원,,0,6,125.40050009263057,35.21,128.58
2025-08-24 03:00:00,탑선,,0,6,126.23949368530431,35.24,126.81
2025-08-24 04:00:00,경상대,,0,5,117.11730677423364,35.18,128.1
2025-08-24 04:00:00,고흥만수상,,0,5,118.0112713962663,34.57,127.3
2025-08-24 04:00:00,광양항세방,,0,5,117.52274198649782,34.93,127.71
2025-08-24 04:00:00,구미,,0,5,116.3688158641022,36.13,128.34
2025-08-24 04:00:00,삼천포,,0,5,117.28054897255737,34.95,128.07
2025-08-24 04:00:00,여수,,0,5,117.6231913970508,34.74,127.74
2025-08-24 04:00:00,영동,,0,5,115.63125585723192,37.18,128.46
2025-08-24 04:00:00,영흥,,0,5,116.79666121138779,37.26,126.46
2025-08-24 04:00:00,예천,,0,5,115.96620749052545,36.65,128.46
2025-08-24 04:00:00,창원,,0,5,116.7921782734211,35.21,128.58
2025-08-24 04:00:00,탑선,,0,5,117.89381987624411,35.24,126.81
2025-08-24 05:00:00,경상대,,0,6,106.85387599689741,35.18,128.1
2025-08-24 05:00:00,고흥만수상,,0,6,107.71819265093322,34.57,127.3
2025-08-24 05:00:00,광양항세방,,0,6,107.25252800440606,34.93,127.71
2025-08-24 05:00:00,구미,,0,6,106.24262074840485,36.13,128.34
2025-08-24 05:00:00,삼천포,,0,6,106.98154791685057,34.95,128.07
2025-08-24 05:00:00,여수,,0,6,107.31871110986401,34.74,127.74
2025-08-24 05:00:00,영동,,0,6,105.67078674879819,37.18,128.46
2025-08-24 05:00:00,영흥,,0,6,107.0333900028717,37.26,126.46
2025-08-24 05:00:00,예천,,0,6,105.91655990277297,36.65,128.46
2025-08-24 05:00:00,창원,,0,6,106.49147083623276,35.21,128.58
2025-08-24 05:00:00,탑선,,0,6,107.75740549760786,35.24,126.81
2025-08-24 06:00:00,경상대,,0,6,95.54768412359367,35.18,128.1
2025-08-24 06:00:00,고흥만수상,,0,6,96.36046849062083,34.57,127.3
2025-08-24 06:00:00,광양항세방,,0,6,95.92834506312141,34.93,127.71
2025-08-24 06:00:00,구미,,0,6,95.07197885141731,36.13,128.34
2025-08-24 06:00:00,삼천포,,0,6,95.64138300875115,34.95,128.07
2025-08-24 06:00:00,여수,,0,6,95.96362603230055,34.74,127.74
2025-08-24 06:00:00,영동,,0,6,94.66020153134356,37.18,128.46
2025-08-24 06:00:00,영흥,,0,6,96.14628680017432,37.26,126.46
2025-08-24 06:00:00,예천,,0,6,94.82163032241465,36.65,128.46
2025-08-24 06:00:00,창원,,0,6,95.16481960778756,35.21,128.58
2025-08-24 06:00:00,탑선,,0,6,96.53021811273713,35.24,126.81
2025-08-24 07:00:00,경상대,158.8,1,5,83.63984749178141,35.18,128.1
2025-08-24 07:00:00,고흥만수상,,0,5,84.38691399690072,34.57,127.3
2025-08-24 07:00:00,광양항세방,144.7,1,5,83.9951682156616,34.93,127.71
2025-08-24 07:00:00,구미,163.8,1,5,83.29838722038666,36.13,128.34
2025-08-24 07:00:00,삼천포,172.4,1,5,83.70069338552321,34.95,128.07
2025-08-24 07:00:00,여수,174.4,1,5,84.00184990212168,34.74,127.74
2025-08-24 07:00:00,영동,132.6,1,5,83.04268972924515,37.18,128.46
2025-08-24 07:00:00,영흥,,0,5,84.60153729304932,37.26,126.46
2025-08-24 07:00:00,예천,170.8,1,5,83.12313347857189,36.65,128.46
2025-08-24 07:00:00,창원,184.3,1,5,83.24772844590953,35.21,128.58
2025-08-24 07:00:00,탑선,,0,5,84.66949126658866,35.24,126.81
2025-08-24 08:00:00,경상대,277.44,5,5,71.44150878507587,35.18,128.1
2025-08-24 08:00:00,고흥만수상,293.58000000000004,5,5,72.10846602474628,34.57,127.3
2025-08-24 08:00:00,광양항세방,239.06000000000003,5,5,71.76436699139488,34.93,127.71
2025-08-24 08:00:00,구미,261.58000000000004,5,5,71.23903939667224,36.13,128.34
2025-08-24 08:00:00,삼천포,264.93999999999994,5,5,71.4689801300493,34.95,128.07
2025-08-24 08:00:00,여수,294.78,5,5,71.74308956552898,34.74,127.74
2025-08-24 08:00:00,영동,159.16,5,5,71.14267540175646,37.18,128.46
2025-08-24 08:00:00,영흥,163.52,5,5,72.73473876132584,37.26,126.46
2025-08-24 08:00:00,예천,269.21999999999997,5,5,71.14157185879743,36.65,128.46
2025-08-24 08:00:00,창원,302.24,5,5,71.04898621380717,35.21,128.58
2025-08-24 08:00:00,탑선,202.57999999999998,5,5,72.49424159720733,35.24,126.81
2025-08-24 09:00:00,경상대,477.54999999999995,6,6,59.225931538480864,35.18,128.1
2025-08-24 09:00:00,고흥만수상,482.0333333333333,6,6,59.7915217100724,34.57,127.3
2025-08-24 09:00:00,광양항세방,444.55,6,6,59.50631673833851,34.93,127.71
2025-08-24 09:00:00,구미,484.7333333333334,6,6,59.1776802614876,36.13,128.34
2025-08-24 09:00:00,삼천포,511.81666666666666,6,6,59.21697672863965,34.95,128.07
2025-08-24 09:00:00,여수,505.2,6,6,59.45566053122957,34.74,127.74
2025-08-24 09:00:00,영동,360.2,6,6,59.25523433521251,37.18,128.46
2025-08-24 09:00:00,영흥,405.6666666666667,6,6,60.84033155086574,37.26,126.46
2025-08-24 09:00:00,예천,464.68333333333334,6,6,59.166390052220734,36.65,128.46
2025-08-24 09:00:00,창원,502.8,6,6,58.84249646905327,35.21,128.58
2025-08-24 09:00:00,탑선,322.34999999999997,6,6,60.27803785789108,35.24,126.81
2025-08-24 10:00:00,경상대,646.8599999999999,5,5,47.33380041641829,35.18,128.1
2025-08-24 10:00:00,고흥만수상,597.4399999999999,5,5,47.76013257140314,34.57,127.3
2025-08-24 10:00:00,광양항세방,620.62,5,5,47.554239060661814,34.93,127.71
2025-08-24 10:00:00,구미,637.28,5,5,47.4718948523094,36.13,128.34
2025-08-24 10:00:00,삼천포,665.52,5,5,47.28149738149616,34.95,128.07
2025-08-24 10:00:00,여수,675.98,5,5,47.470092156537646,34.74,127.74
2025-08-24 10:00:00,영동,524.28,5,5,47.75472755852867,37.18,128.46
2025-08-24 10:00:00,영흥,554.22,5,5,49.27473987536502,37.26,126.46
2025-08-24 10:00:00,예천,617.2199999999999,5,5,47.56417313248637,36.65,128.46
2025-08-24 10:00:00,창원,651.84,5,5,46.97401293943756,35.21,128.58
2025-08-24 10:00:00,탑선,614.54,5,5,48.35104147930431,35.24,126.81
2025-08-24 11:00:00,경상대,730.34,5,5,36.3750115258552,35.18,128.1
2025-08-24 11:00:00,고흥만수상,660.6800000000001,5,5,36.588337450951336,34.57,127.3
2025-08-24 11:00:00,광양항세방,725.86,5,5,36.501455973629255,34.93,127.71
2025-08-24 11:00:00,구미,633.9799999999999,5,5,36.75727686231369,36.13,128.34
2025-08-24 11:00:00,삼천포,787.9,5,5,36.2667745952034,34.95,128.07
2025-08-24 11:00:00,여수,803.8599999999999,5,5,36.37654327720096,34.74,127.74
2025-08-24 11:00:00,영동,673.12,5,5,37.298493072587675,37.18,128.46
2025-08-24 11:00:00,영흥,684.5,5,5,38.640190894307885,37.26,126.46
2025-08-24 11:00:00,예천,739.5400000000002,5,5,36.98342552192691,36.65,128.46
2025-08-24 11:00:00,창원,741.2,5,5,36.0684989573186,35.21,128.58
2025-08-24 11:00:00,탑선,652.6,5,5,37.28786920846259,35.24,126.81
2025-08-24 12:00:00,경상대,815.25,6,6,27.71999811753961,35.18,128.1
2025-08-24 12:00:00,고흥만수상,817.8666666666668,6,6,27.58422785027011,34.57,127.3
2025-08-24 12:00:00,광양항세방,805.9666666666667,6,6,27.68853476726739,34.93,127.71
2025-08-24 12:00:00,구미,742.3333333333334,6,6,28.417519187860833,36.13,128.34
2025-08-24 12:00:00,삼천포,885.4333333333334,6,6,27.541147491733867,34.95,128.07
2025-08-24 12:00:00,여수,859.7666666666665,6,6,27.517518767524855,34.74,127.74
2025-08-24 12:00:00,영동,720.9833333333335,6,6,29.266849248658417,37.18,128.46
2025-08-24 12:00:00,영흥,778.6166666666667,6,6,30.184672593707354,37.26,126.46
2025-08-24 12:00:00,예천,799.7999999999998,6,6,28.811343840122397,36.65,128.46
2025-08-24 12:00:00,창원,777.0833333333334,6,6,27.533640702197758,35.21,128.58
2025-08-24 12:00:00,탑선,721.65,6,6,28.363228427363048,35.24,126.81
2025-08-24 13:00:00,경상대,794.64,5,5,24.14858067380389,35.18,128.1
2025-08-24 13:00:00,고흥만수상,879.0599999999998,5,5,23.549948850721748,34.57,127.3
2025-08-24 13:00:00,광양항세방,840.5200000000001,5,5,23.901251080954935,34.93,127.71
2025-08-24 13:00:00,구미,709.86,5,5,25.099531285728574,36.13,128.34
2025-08-24 13:00:00,삼천포,907.14,5,5,23.918590771937446,34.95,128.07
2025-08-24 13:00:00,여수,871.28,5,5,23.71087300750827,34.74,127.74
2025-08-24 13:00:00,영동,786.94,5,5,26.150627894190407,37.18,128.46
2025-08-24 13:00:00,영흥,809.9200000000001,5,5,26.270279014098016,37.26,126.46
2025-08-24 13:00:00,예천,807.6600000000001,5,5,25.62065980072957,36.65,128.46
2025-08-24 13:00:00,창원,831.22,5,5,24.1824658128441,35.21,128.58
2025-08-24 13:00:00,탑선,665.76,5,5,24.237099477761717,35.24,126.81
2025-08-24 14:00:00,경상대,713.3666666666667,6,6,27.742565951459426,35.18,128.1
2025-08-24 14:00:00,고흥만수상,882.5166666666665,6,6,26.87491091608937,34.57,127.3
2025-08-24 14:00:00,광양항세방,816.7666666666665,6,6,27.359380373024045,34.93,127.71
2025-08-24 14:00:00,구미,753.2166666666667,6,6,28.646676628018916,36.13,128.34
2025-08-24 14:00:00,삼천포,890.8166666666667,6,6,27.536598724397102,34.95,128.07
2025-08-24 14:00:00,여수,858.0666666666667,6,6,27.21284734207967,34.74,127.74
2025-08-24 14:00:00,영동,798.7166666666667,6,6,29.586806391643094,37.18,128.46
2025-08-24 14:00:00,영흥,800.4333333333333,6,6,28.861984800834513,37.26,126.46
2025-08-24 14:00:00,예천,784.8000000000001,6,6,29.137444968896254,36.65,128.46
2025-08-24 14:00:00,창원,701.0500000000001,6,6,27.984140749291193,35.21,128.58
2025-08-24 14:00:00,탑선,695.4666666666667,6,6,27.23784584244202,35.24,126.81
2025-08-24 15:00:00,경상대,821.0600000000001,5,5,36.412073825387694,35.18,128.1
2025-08-24 15:00:00,고흥만수상,836.8399999999999,5,5,35.525990130803166,34.57,127.3
2025-08-24 15:00:00,광양항세방,756.6,5,5,36.00743956050113,34.93,127.71
2025-08-24 15:00:00,구미,750.5999999999999,5,5,37.11203123334166,36.13,128.34
2025-08-24 15:00:00,삼천포,833.0199999999999,5,5,36.26277804287748,34.95,128.07
2025-08-24 15:00:00,여수,787.5600000000001,5,5,35.920779194657996,34.74,127.74
2025-08-24 15:00:00,영동,721.14,5,5,37.79964297866805,37.18,128.46
2025-08-24 15:00:00,영흥,753.6,5,5,36.579777431870646,37.26,126.46
2025-08-24 15:00:00,예천,764.6600000000001,5,5,37.49060330216904,36.65,128.46
2025-08-24 15:00:00,창원,806.74,5,5,36.754239259956684,35.21,128.58
2025-08-24 15:00:00,탑선,633.3199999999999,5,5,35.583476645906174,35.24,126.81
2025-08-24 16:00:00,경상대,551.8,5,5,47.381849480834966,35.18,128.1
2025-08-24 16:00:00,고흥만수상,717.3799999999999,5,5,46.55993706718166,34.57,127.3
2025-08-24 16:00:00,광양항세방,627.7,5,5,46.99761694235589,34.93,127.71
2025-08-24 16:00:00,구미,668.5199999999999,5,5,47.88542641535336,36.13,128.34
2025-08-24 16:00:00,삼천포,567.6600000000001,5,5,47.28271200152184,34.95,128.07
2025-08-24 16:00:00,여수,697.7,5,5,46.95779826107572,34.74,127.74
2025-08-24 16:00:00,영동,486.0,5,5,48.341333868040216,37.18,128.46
2025-08-24 16:00:00,영흥,645.32,5,5,46.89081115895944,37.26,126.46
2025-08-24 16:00:00,예천,646.84,5,5,48.155306855129965,36.65,128.46
2025-08-24 16:00:00,창원,702.04,5,5,47.76218364794391,35.21,128.58
2025-08-24 16:00:00,탑선,521.36,5,5,46.41146451593036,35.24,126.81
2025-08-24 17:00:00,경상대,544.8,6,6,59.28554656125557,35.18,128.1
2025-08-24 17:00:00,고흥만수상,558.6,6,6,58.54554149475625,34.57,127.3
2025-08-24 17:00:00,광양항세방,395.3333333333333,6,6,58.93264363434187,34.93,127.71
2025-08-24 17:00:00,구미,527.1666666666666,6,6,59.62206286292833,36.13,128.34
2025-08-24 17:00:00,삼천포,546.0833333333334,6,6,59.22747621490494,34.95,128.07
2025-08-24 17:00:00,여수,546.4,6,6,58.928773517245006,34.74,127.74
2025-08-24 17:00:00,영동,417.63333333333327,6,6,59.88431754995045,37.18,128.46
2025-08-24 17:00:00,영흥,509.13333333333327,6,6,58.330606053835744,37.26,126.46
2025-08-24 17:00:00,예천,506.7833333333333,6,6,59.79891620041522,36.65,128.46
2025-08-24 17:00:00,창원,545.3000000000001,6,6,59.67800332587014,35.21,128.58
2025-08-24 17:00:00,탑선,522.5,6,6,58.25368209639592,35.24,126.81
2025-08-24 18:00:00,경상대,343.67999999999995,5,5,71.51538624011621,35.18,128.1
2025-08-24 18:00:00,고흥만수상,358.52,5,5,70.86360883230003,34.57,127.3
2025-08-24 18:00:00,광양항세방,258.58000000000004,5,5,71.19823839627026,34.93,127.71
2025-08-24 18:00:00,구미,331.46000000000004,5,5,71.7027317629456,36.13,128.34
2025-08-24 18:00:00,삼천포,340.0,5,5,71.49316283033984,34.95,128.07
2025-08-24 18:00:00,여수,345.2,5,5,71.22436366958603,34.74,127.74
2025-08-24 18:00:00,영동,233.45999999999998,5,5,71.79466629946032,37.18,128.46
2025-08-24 18:00:00,영흥,328.35999999999996,5,5,70.20283030432088,37.26,126.46
2025-08-24 18:00:00,예천,308.48,5,5,71.79639204561225,36.65,128.46
2025-08-24 18:00:00,창원,342.8,5,5,71.90725909632926,35.21,128.58
2025-08-24 18:00:00,탑선,326.48,5,5,70.46121947370465,35.24,126.81
2025-08-24 19:00:00,경상대,221.3,1,5,83.73224345444822,35.18,128.1
2025-08-24 19:00:00,고흥만수상,238.4,1,5,83.1769889762281,34.57,127.3
2025-08-24 19:00:00,광양항세방,186.7,1,5,83.45548573765984,34.93,127.71
2025-08-24 19:00:00,구미,203.8,1,5,83.7761098744402,36.13,128.34
2025-08-24 19:00:00,삼천포,0.0,1,5,83.7439507614339,34.95,128.07
2025-08-24 19:00:00,여수,225.1,1,5,83.50894965710629,34.74,127.74
2025-08-24 19:00:00,영동,0.0,1,5,83.70688330419867,37.18,128.46
2025-08-24 19:00:00,영흥,218.6,1,5,82.11962715745061,37.26,126.46
2025-08-24 19:00:00,예천,229.6,1,5,83.78988322986302,36.65,128.46
2025-08-24 19:00:00,창원,222.2,1,5,84.11477777023,35.21,128.58
2025-08-24 19:00:00,탑선,227.9,1,5,82.68117997392693,35.24,126.81
2025-08-24 20:00:00,경상대,,0,6,95.66452400309134,35.18,128.1
2025-08-24 20:00:00,고흥만수상,,0,6,95.22030796049062,34.57,127.3
2025-08-24 20:00:00,광양항세방,,0,6,95.4352979894114,34.93,127.71
2025-08-24 20:00:00,구미,,0,6,95.5604858541162,36.13,128.34
2025-08-24 20:00:00,삼천포,,0,6,95.710747823118,34.95,128.07
2025-08-24 20:00:00,여수,,0,6,95.51556719976402,34.74,127.74
2025-08-24 20:00:00,영동,,0,6,95.32827714127323,37.18,128.46
2025-08-24 20:00:00,영흥,,0,6,93.7847967403453,37.26,126.46
2025-08-24 20:00:00,예천,,0,6,95.49224706187614,36.65,128.46
2025-08-24 20:00:00,창원,,0,6,96.02886095862837,35.21,128.58
2025-08-24 20:00:00,탑선,,0,6,94.64019784771799,35.24,126.81
2025-08-24 21:00:00,경상대,,0,5,107.00307947599674,35.18,128.1
2025-08-24 21:00:00,고흥만수상,,0,5,106.69362933843314,34.57,127.3
2025-08-24 21:00:00,광양항세방,,0,5,106.832632825699,34.93,127.71
2025-08-24 21:00:00,구미,,0,5,106.73805788817536,36.13,128.34
2025-08-24 21:00:00,삼천포,,0,5,107.08639444471653,34.95,128.07
2025-08-24 21:00:00,여수,,0,5,106.94054400818317,34.74,127.74
2025-08-24 21:00:00,영동,,0,5,106.33264080028172,37.18,128.46
2025-08-24 21:00:00,영흥,,0,5,104.88112471740479,37.26,126.46
2025-08-24 21:00:00,예천,,0,5,106.58114916260804,36.65,128.46
2025-08-24 21:00:00,창원,,0,5,107.33745274210672,35.21,128.58
2025-08-24 21:00:00,탑선,,0,5,106.03536567687918,35.24,126.81
2025-08-24 22:00:00,경상대,,0,6,117.30876625209322,35.18,128.1
2025-08-24 22:00:00,고흥만수상,,0,6,117.16990869545795,34.57,127.3
2025-08-24 22:00:00,광양항세방,,0,6,117.2140170575595,34.93,127.71
2025-08-24 22:00:00,구미,,0,6,116.8635569666193,36.13,128.34
2025-08-24 22:00:00,삼천포,,0,6,117.43299057584359,34.95,128.07
2025-08-24 22:00:00,여수,,0,6,117.35082512295052,34.74,127.74
2025-08-24 22:00:00,영동,,0,6,116.27039327206381,37.18,128.46
2025-08-24 22:00:00,영흥,,0,6,114.98063152628842,37.26,126.46
2025-08-24 22:00:00,예천,,0,6,116.60839097574595,36.65,128.46
2025-08-24 22:00:00,창원,,0,6,117.59544866857328,35.21,128.58
2025-08-24 22:00:00,탑선,,0,6,116.4424660322367,35.24,126.81
2025-08-24 23:00:00,경상대,,0,6,125.90598997798125,35.18,128.1
2025-08-24 23:00:00,고흥만수상,,0,6,125.98520690346594,34.57,127.3
2025-08-24 23:00:00,광양항세방,,0,6,125.90970217558639,34.93,127.71
2025-08-24 23:00:00,구미,,0,6,125.26401620981702,36.13,128.34
2025-08-24 23:00:00,삼천포,,0,6,126.07393584470196,34.95,128.07
2025-08-24 23:00:00,여수,,0,6,126.07487855247422,34.74,127.74
2025-08-24 23:00:00,영동,,0,6,124.47528189680723,37.18,128.46
2025-08-24 23:00:00,영흥,,0,6,123.45124788430377,37.26,126.46
2025-08-24 23:00:00,예천,,0,6,124.90313103012058,36.65,128.46
2025-08-24 23:00:00,창원,,0,6,126.1182146602907,35.21,128.58
2025-08-24 23:00:00,탑선,,0,6,125.21070204281449,35.24,126.81
2025-08-25 00:00:00,경상대,,0,6,131.81600256619453,35.18,128.1
2025-08-25 00:00:00,고흥만수상,,0,6,132.15746741936033,34.57,127.3
2025-08-25 00:00:00,광양항세방,,0,6,131.9404725968669,34.93,127.71
2025-08-25 00:00:00,구미,,0,6,130.98656964446258,36.13,128.34
2025-08-25 00:00:00,삼천포,,0,6,132.02380567859802,34.95,128.07
2025-08-25 00:00:00,여수,,0,6,132.12707156770296,34.74,127.74
2025-08-25 00:00:00,영동,,0,6,130.02587316583913,37.18,128.46
2025-08-25 00:00:00,영흥,,0,6,129.40362134750424,37.26,126.46
2025-08-25 00:00:00,예천,,0,6,130.52713841794935,36.65,128.46
2025-08-25 00:00:00,창원,,0,6,131.91927778228538,35.21,128.58
2025-08-25 00:00:00,탑선,,0,6,131.38727825135595,35.24,126.81
2025-08-25 01:00:00,경상대,,0,6,133.96102510124211,35.18,128.1
2025-08-25 01:00:00,고흥만수상,,0,6,134.56515202022914,34.57,127.3
2025-08-25 01:00:00,광양항세방,,0,6,134.20976044689246,34.93,127.71
2025-08-25 01:00:00,구미,,0,6,133.01036876064595,36.13,128.34
2025-08-25 01:00:00,삼천포,,0,6,134.1910274594682,34.95,128.07
2025-08-25 01:00:00,여수,,0,6,134.3999515285272,34.74,127.74
2025-08-25 01:00:00,영동,,0,6,131.95969088857362,37.18,128.46
2025-08-25 01:00:00,영흥,,0,6,131.85736965170634,37.26,126.46
2025-08-25 01:00:00,예천,,0,6,132.4896542583295,36.65,128.46
2025-08-25 01:00:00,창원,,0,6,133.92850078534627,35.21,128.58
2025-08-25 01:00:00,탑선,,0,6,133.885630130034,35.24,126.81
2025-08-25 02:00:00,경상대,,0,6,131.8264589422581,35.18,128.1
2025-08-25 02:00:00,고흥만수상,,0,6,132.62106117043407,34.57,127.3
2025-08-25 02:00:00,광양항세방,,0,6,132.16974100393892,34.93,127.71
2025-08-25 02:00:00,구미,,0,6,130.86707427954065,36.13,128.34
2025-08-25 02:00:00,삼천포,,0,6,132.0509740594955,34.95,128.07
2025-08-25 02:00:00,여수,,0,6,132.34043688389934,34.74,127.74
2025-08-25 02:00:00,영동,,0,6,129.8471559747199,37.18,128.46
2025-08-25 02:00:00,영흥,,0,6,130.27934684018805,37.26,126.46
2025-08-25 02:00:00,예천,,0,6,130.3454147047621,36.65,128.46
2025-08-25 02:00:00,창원,,0,6,131.66231481861197,35.21,128.58
2025-08-25 02:00:00,탑선,,0,6,132.11574519303798,35.24,126.81
2025-08-25 03:00:00,경상대,,0,6,125.92520791221254,35.18,128.1
2025-08-25 03:00:00,고흥만수상,,0,6,126.80758611085014,34.57,127.3
2025-08-25 03:00:00,광양항세방,,0,6,126.31740539116154,34.93,127.71
2025-08-25 03:00:00,구미,,0,6,125.05134784724692,36.13,128.34
2025-08-25 03:00:00,삼천포,,0,6,126.12280128808735,34.95,128.07
2025-08-25 03:00:00,여수,,0,6,126.45399871181411,34.74,127.74
2025-08-25 03:00:00,영동,,0,6,124.15547298097087,37.18,128.46
2025-08-25 03:00:00,영흥,,0,6,125.02322596638652,37.26,126.46
2025-08-25 03:00:00,예천,,0,6,124.57864667167935,36.65,128.46
2025-08-25 03:00:00,창원,,0,6,125.66199307398705,35.21,128.58
2025-08-25 03:00:00,탑선,,0,6,126.50676951785974,35.24,126.81
2025-08-25 04:00:00,경상대,,0,6,117.33503392381569,35.18,128.1
2025-08-25 04:00:00,고흥만수상,,0,6,118.22866040380046,34.57,127.3
2025-08-25 04:00:00,광양항세방,,0,6,117.74049668006607,34.93,127.71
2025-08-25 04:00:00,구미,,0,6,116.58983335748559,36.13,128.34
2025-08-25 04:00:00,삼천포,,0,6,117.49739327944317,34.95,128.07
2025-08-25 04:00:00,여수,,0,6,117.84006515529913,34.74,127.74
2025-08-25 04:00:00,영동,,0,6,115.85622179601727,37.18,128.46
2025-08-25 04:00:00,영흥,,0,6,117.02722517817874,37.26,126.46
2025-08-25 04:00:00,예천,,0,6,116.18903170885757,36.65,128.46
2025-08-25 04:00:00,창원,,0,6,117.00872228595155,35.21,128.58
2025-08-25 04:00:00,탑선,,0,6,118.1153625414427,35.24,126.81
2025-08-25 05:00:00,경상대,,0,6,107.03572159138956,35.18,128.1
2025-08-25 05:00:00,고흥만수상,,0,6,107.89873447269873,34.57,127.3
2025-08-25 05:00:00,광양항세방,,0,6,107.43396337002972,34.93,127.71
2025-08-25 05:00:00,구미,,0,6,106.42855122537276,36.13,128.34
2025-08-25 05:00:00,삼천포,,0,6,107.16233988070834,34.95,128.07
2025-08-25 05:00:00,여수,,0,6,107.49916241372858,34.74,127.74
2025-08-25 05:00:00,영동,,0,6,105.86146188532736,37.18,128.46
2025-08-25 05:00:00,영흥,,0,6,107.22843872116135,37.26,126.46
2025-08-25 05:00:00,예천,,0,6,106.10472904430769,36.65,128.46
2025-08-25 05:00:00,창원,,0,6,106.67248862421594,35.21,128.58
2025-08-25 05:00:00,탑선,,0,6,107.94220866368097,35.24,126.81
2025-08-25 06:00:00,경상대,,0,5,95.70411405482614,35.18,128.1
2025-08-25 06:00:00,고흥만수상,,0,5,96.51481322008854,34.57,127.3
2025-08-25 06:00:00,광양항세방,,0,5,96.08400241126776,34.93,127.71
2025-08-25 06:00:00,구미,,0,5,95.23303082008627,36.13,128.34
2025-08-25 06:00:00,삼천포,,0,5,95.7966507387057,34.95,128.07
2025-08-25 06:00:00,여수,,0,5,96.11824740951825,34.74,127.74
2025-08-25 06:00:00,영동,,0,5,94.82651267838844,37.18,128.46
2025-08-25 06:00:00,영흥,,0,5,96.31568549698821,37.26,126.46
2025-08-25 06:00:00,예천,,0,5,94.98521354641603,36.65,128.46
2025-08-25 06:00:00,창원,,0,5,95.32075948712344,35.21,128.58
2025-08-25 06:00:00,탑선,,0,5,96.68874873899507,35.24,126.81
2025-08-25 07:00:00,경상대,172.4,1,5,83.78073812364491,35.18,128.1
2025-08-25 07:00:00,고흥만수상,,0,5,84.5250086314093,34.57,127.3
2025-08-25 07:00:00,광양항세방,,0,5,84.13495456052414,34.93,127.71
2025-08-25 07:00:00,구미,174.9,1,5,83.44436888639198,36.13,128.34
2025-08-25 07:00:00,삼천포,179.8,1,5,83.8403276885051,34.95,128.07
2025-08-25 07:00:00,여수,,0,5,84.14055821044644,34.74,127.74
2025-08-25 07:00:00,영동,145.4,1,5,83.19436539287214,37.18,128.46
2025-08-25 07:00:00,영흥,,0,5,84.75504442312055,37.26,126.46
2025-08-25 07:00:00,예천,172.8,1,5,83.2718994327156,36.65,128.46
2025-08-25 07:00:00,창원,189.2,1,5,83.38844687919068,35.21,128.58
2025-08-25 07:00:00,탑선,,0,5,84.81167317453995,35.24,126.81
2025-08-25 08:00:00,경상대,262.65000000000003,6,6,71.57661348895361,35.18,128.1
2025-08-25 08:00:00,고흥만수상,277.1333333333333,6,6,72.24000359462241,34.57,127.3
2025-08-25 08:00:00,광양항세방,262.0833333333333,6,6,71.8980087715785,34.93,127.71
2025-08-25 08:00:00,구미,237.28333333333333,6,6,71.37976343187955,36.13,128.34
2025-08-25 08:00:00,삼천포,309.01666666666665,6,6,71.60271909645616,34.95,128.07
2025-08-25 08:00:00,여수,303.75000000000006,6,6,71.87559988739717,34.74,127.74
2025-08-25 08:00:00,영동,209.58333333333337,6,6,71.28957332903569,37.18,128.46
2025-08-25 08:00:00,영흥,65.0,6,6,72.88213701455331,37.26,126.46
2025-08-25 08:00:00,예천,289.05,6,6,71.28536013766347,36.65,128.46
2025-08-25 08:00:00,창원,323.81666666666666,6,6,71.18425440092446,35.21,128.58
2025-08-25 08:00:00,탑선,227.1833333333333,6,6,72.62979598722616,35.24,126.81
2025-08-25 09:00:00,경상대,499.75,6,6,59.36638349135539,35.18,128.1
2025-08-25 09:00:00,고흥만수상,462.11666666666673,6,6,59.92743820124457,34.57,127.3
2025-08-25 09:00:00,광양항세방,444.65000000000003,6,6,59.64485662049832,34.93,127.71
2025-08-25 09:00:00,구미,471.3500000000001,6,6,59.324410757185916,36.13,128.34
2025-08-25 09:00:00,삼천포,514.0166666666667,6,6,59.35592306118221,34.95,128.07
2025-08-25 09:00:00,여수,459.93333333333334,6,6,59.59299808868522,34.74,127.74
2025-08-25 09:00:00,영동,241.43333333333337,6,6,59.40871273127274,37.18,128.46
2025-08-25 09:00:00,영흥,151.26666666666665,6,6,60.992673437404775,37.26,126.46
2025-08-25 09:00:00,예천,473.48333333333335,6,6,59.316524930471175,36.65,128.46
2025-08-25 09:00:00,창원,533.7833333333333,6,6,58.98353030735893,35.21,128.58
2025-08-25 09:00:00,탑선,418.3333333333333,6,6,60.417903411438814,35.24,126.81
2025-08-25 10:00:00,경상대,654.96,5,5,47.494687404721944,35.18,128.1
2025-08-25 10:00:00,고흥만수상,453.73999999999995,5,5,47.915189644658994,34.57,127.3
2025-08-25 10:00:00,광양항세방,595.9200000000001,5,5,47.71261007458604,34.93,127.71
2025-08-25 10:00:00,구미,469.2,5,5,47.63980503524148,36.13,128.34
2025-08-25 10:00:00,삼천포,674.14,5,5,47.44072167129445,34.95,128.07
2025-08-25 10:00:00,여수,617.04,5,5,47.627193547212876,34.74,127.74
2025-08-25 10:00:00,영동,598.12,5,5,47.929946762232916,37.18,128.46
2025-08-25 10:00:00,영흥,119.88,5,5,49.44650835495468,37.26,126.46
2025-08-25 10:00:00,예천,624.1,5,5,47.73585001551992,36.65,128.46
2025-08-25 10:00:00,창원,689.32,5,5,47.13608520391861,35.21,128.58
2025-08-25 10:00:00,탑선,531.4800000000001,5,5,48.50983215482784,35.24,126.81
2025-08-25 11:00:00,경상대,749.9499999999999,6,6,36.57916958465696,35.18,128.1
2025-08-25 11:00:00,고흥만수상,604.3333333333334,6,6,36.78516783188352,34.57,127.3
2025-08-25 11:00:00,광양항세방,718.0833333333334,6,6,36.70238177369316,34.93,127.71
2025-08-25 11:00:00,구미,620.2,6,6,36.96876659519747,36.13,128.34
2025-08-25 11:00:00,삼천포,809.0666666666667,6,6,36.46922232677519,34.95,128.07
2025-08-25 11:00:00,여수,663.4999999999999,6,6,36.576249744186924,34.74,127.74
2025-08-25 11:00:00,영동,559.25,6,6,37.517198086237315,37.18,128.46
2025-08-25 11:00:00,영흥,592.5833333333334,6,6,38.852115197066084,37.26,126.46
2025-08-25 11:00:00,예천,696.1666666666666,6,6,37.198761427333004,36.65,128.46
2025-08-25 11:00:00,창원,703.5,6,6,36.2747306664743,35.21,128.58
2025-08-25 11:00:00,탑선,603.1833333333333,6,6,37.4875865937975,35.24,126.81
2025-08-25 12:00:00,경상대,814.8166666666667,6,6,27.996743111952455,35.18,128.1
2025-08-25 12:00:00,고흥만수상,796.7999999999998,6,6,27.853699187334335,34.57,127.3
2025-08-25 12:00:00,광양항세방,809.9333333333334,6,6,27.962001772679223,34.93,127.71
2025-08-25 12:00:00,구미,693.7833333333333,6,6,28.699505639253957,36.13,128.34
2025-08-25 12:00:00,삼천포,902.0333333333334,6,6,27.81671294617273,34.95,128.07
2025-08-25 12:00:00,여수,723.4000000000001,6,6,27.790280415647494,34.74,127.74
2025-08-25 12:00:00,영동,674.4333333333334,6,6,29.553423703535103,37.18,128.46
2025-08-25 12:00:00,영흥,754.9833333333332,6,6,30.461707205813944,37.26,126.46
2025-08-25 12:00:00,예천,769.1833333333334,6,6,29.09596079457115,36.65,128.46
2025-08-25 12:00:00,창원,661.6166666666667,6,6,27.81315843094181,35.21,128.58
2025-08-25 12:00:00,탑선,691.0666666666666,6,6,28.63316899304055,35.24,126.81
2025-08-25 13:00:00,경상대,862.54,5,5,24.492783352704365,35.18,128.1
2025-08-25 13:00:00,고흥만수상,852.5199999999999,5,5,23.892115903679453,34.57,127.3
2025-08-25 13:00:00,광양항세방,826.6200000000001,5,5,24.24451411807067,34.93,127.71
2025-08-25 13:00:00,구미,674.96,5,5,25.444246108498447,36.13,128.34
2025-08-25 13:00:00,삼천포,908.5,5,5,24.262724304883292,34.95,128.07
2025-08-25 13:00:00,여수,846.7,5,5,24.054202665030076,34.74,127.74
2025-08-25 13:00:00,영동,664.5,5,5,26.495551763154147,37.18,128.46
2025-08-25 13:00:00,영흥,759.1800000000001,5,5,26.610625301655602,37.26,126.46
2025-08-25 13:00:00,예천,802.4399999999999,5,5,25.965603781615627,36.65,128.46
2025-08-25 13:00:00,창원,768.24,5,5,24.527723041285824,35.21,128.58
2025-08-25 13:00:00,탑선,753.2,5,5,24.578006349552922,35.24,126.81
2025-08-25 14:00:00,경상대,851.76,5,5,28.07975268601625,35.18,128.1
2025-08-25 14:00:00,고흥만수상,881.4,5,5,27.212906752977432,34.57,127.3
2025-08-25 14:00:00,광양항세방,708.1199999999999,5,5,27.697045024287533,34.93,127.71
2025-08-25 14:00:00,구미,627.96,5,5,28.985072246451573,36.13,128.34
2025-08-25 14:00:00,삼천포,736.3399999999999,5,5,27.873404770557393,34.95,128.07
2025-08-25 14:00:00,여수,871.5600000000001,5,5,27.55006700876691,34.74,127.74
2025-08-25 14:00:00,영동,675.46,5,5,29.926715680167746,37.18,128.46
2025-08-25 14:00:00,영흥,744.66,5,5,29.205817595524096,37.26,126.46
2025-08-25 14:00:00,예천,804.1,5,5,29.476481432251596,36.65,128.46
2025-08-25 14:00:00,창원,828.0199999999999,5,5,28.320192484708066,35.21,128.58
2025-08-25 14:00:00,탑선,738.9599999999999,5,5,27.57818855983252,35.24,126.81
2025-08-25 15:00:00,경상대,808.35,6,6,36.70831464546349,35.18,128.1
2025-08-25 15:00:00,고흥만수상,820.7999999999998,6,6,35.82150116026975,34.57,127.3
2025-08-25 15:00:00,광양항세방,761.1333333333333,6,6,36.30353963879439,34.93,127.71
2025-08-25 15:00:00,구미,545.4833333333333,6,6,37.41187135922732,36.13,128.34
2025-08-25 15:00:00,삼천포,797.5833333333331,6,6,36.5580427134183,34.95,128.07
2025-08-25 15:00:00,여수,824.8000000000001,6,6,36.21592488206792,34.74,127.74
2025-08-25 15:00:00,영동,734.4000000000001,6,6,38.103559217845294,37.18,128.46
2025-08-25 15:00:00,영흥,722.8666666666667,6,6,36.888753487218395,37.26,126.46
2025-08-25 15:00:00,예천,731.7166666666666,6,6,37.792352078856815,36.65,128.46
2025-08-25 15:00:00,창원,769.5,6,6,37.049405387717506,35.21,128.58
2025-08-25 15:00:00,탑선,751.1833333333334,6,6,35.88331159264901,35.24,126.81
2025-08-25 16:00:00,경상대,679.5,5,5,47.648107059860656,35.18,128.1
2025-08-25 16:00:00,고흥만수상,707.94,5,5,46.82425380465304,34.57,127.3
2025-08-25 16:00:00,광양항세방,630.98,5,5,47.26317559403408,34.93,127.71
2025-08-25 16:00:00,구미,556.86,5,5,48.15609236694188,36.13,128.34
2025-08-25 16:00:00,삼천포,705.8799999999999,5,5,47.54783613405153,34.95,128.07
2025-08-25 16:00:00,여수,706.18,5,5,47.22233062275549,34.74,127.74
2025-08-25 16:00:00,영동,630.8,5,5,48.616894949740306,37.18,128.46
2025-08-25 16:00:00,영흥,565.8399999999999,5,5,47.16975185582861,37.26,126.46
2025-08-25 16:00:00,예천,579.24,5,5,48.42833424233087,36.65,128.46
2025-08-25 16:00:00,창원,691.22,5,5,48.027892287211394,35.21,128.58
2025-08-25 16:00:00,탑선,592.82,5,5,46.67999073665777,35.24,126.81
2025-08-25 17:00:00,경상대,543.35,6,6,59.53664010530942,35.18,128.1
2025-08-25 17:00:00,고흥만수상,558.9833333333332,6,6,58.79410821989967,34.57,127.3
2025-08-25 17:00:00,광양항세방,487.73333333333335,6,6,59.182744235153045,34.93,127.71
2025-08-25 17:00:00,구미,496.3666666666666,6,6,59.877626332182786,36.13,128.34
2025-08-25 17:00:00,삼천포,547.0333333333333,6,6,59.477453762302744,34.95,128.07
2025-08-25 17:00:00,여수,556.7833333333334,6,6,59.17791191514818,34.74,127.74
2025-08-25 17:00:00,영동,424.5,6,6,60.144783380693006,37.18,128.46
2025-08-25 17:00:00,영흥,459.46666666666664,6,6,58.592799224703626,37.26,126.46
2025-08-25 17:00:00,예천,465.1666666666667,6,6,60.05688650128864,36.65,128.46
2025-08-25 17:00:00,창원,545.2666666666667,6,6,59.92895624657203,35.21,128.58
2025-08-25 17:00:00,탑선,438.6000000000001,6,6,58.50590187766147,35.24,126.81
2025-08-25 18:00:00,경상대,346.45,6,6,71.76246682139335,35.18,128.1
2025-08-25 18:00:00,고흥만수상,314.96666666666664,6,6,71.10785338937164,34.57,127.3
2025-08-25 18:00:00,광양항세방,310.0,6,6,71.44415899582494,34.93,127.71
2025-08-25 18:00:00,구미,307.0166666666667,6,6,71.95413719781396,36.13,128.34
2025-08-25 18:00:00,삼천포,342.04999999999995,6,6,71.73918467231778,34.95,128.07
2025-08-25 18:00:00,여수,357.09999999999997,6,6,71.46940582751236,34.74,127.74
2025-08-25 18:00:00,영동,291.5833333333333,6,6,72.05075401372925,37.18,128.46
2025-08-25 18:00:00,영흥,305.8666666666666,6,6,70.45935235121871,37.26,126.46
2025-08-25 18:00:00,예천,249.41666666666666,6,6,72.0501291623422,36.65,128.46
2025-08-25 18:00:00,창원,351.28333333333336,6,6,72.15449441416024,35.21,128.58
2025-08-25 18:00:00,탑선,327.56666666666666,6,6,70.70857315059472,35.24,126.81
2025-08-25 19:00:00,경상대,202.25,2,6,83.98383493695557,35.18,128.1
2025-08-25 19:00:00,고흥만수상,96.7,2,6,83.42553803583402,34.57,127.3
2025-08-25 19:00:00,광양항세방,176.39999999999998,2,6,83.70580046306371,34.93,127.71
2025-08-25 19:00:00,구미,232.4,1,6,84.03183438364,36.13,128.34
2025-08-25 19:00:00,삼천포,107.65,2,6,83.99454570996289,34.95,128.07
2025-08-25 19:00:00,여수,210.85,2,6,83.75846605181371,34.74,127.74
2025-08-25 19:00:00,영동,182.9,1,6,83.96701360348253,37.18,128.46
2025-08-25 19:00:00,영흥,78.25,2,6,82.37913483365227,37.26,126.46
2025-08-25 19:00:00,예천,182.3,1,6,84.04783213709544,36.65,128.46
2025-08-25 19:00:00,창원,228.1,1,6,84.36676042897659,35.21,128.58
2025-08-25 19:00:00,탑선,210.3,2,6,82.9323555899979,35.24,126.81
2025-08-25 20:00:00,경상대,,0,6,95.92788818649942,35.18,128.1
2025-08-25 20:00:00,고흥만수상,,0,6,95.48047608548124,34.57,127.3
2025-08-25 20:00:00,광양항세방,,0,6,95.6972944026174,34.93,127.71
2025-08-25 20:00:00,구미,,0,6,95.82774900125594,36.13,128.34
2025-08-25 20:00:00,삼천포,,0,6,95.97318424844565,34.95,128.07
2025-08-25 20:00:00,여수,,0,6,95.77684704885637,34.74,127.74
2025-08-25 20:00:00,영동,,0,6,95.59961473945634,37.18,128.46
2025-08-25 20:00:00,영흥,,0,6,94.05457308373262,37.26,126.46
2025-08-25 20:00:00,예천,,0,6,95.76159875679616,36.65,128.46
2025-08-25 20:00:00,창원,,0,6,96.29282714944463,35.21,128.58
2025-08-25 20:00:00,탑선,,0,6,94.90252648526463,35.24,126.81
2025-08-25 21:00:00,경상대,,0,6,107.28490360916778,35.18,128.1
2025-08-25 21:00:00,고흥만수상,,0,6,106.97219733803605,34.57,127.3
2025-08-25 21:00:00,광양항세방,,0,6,107.11304008665115,34.93,127.71
2025-08-25 21:00:00,구미,,0,6,107.02342181190959,36.13,128.34
2025-08-25 21:00:00,삼천포,,0,6,107.3673871814399,34.95,128.07
2025-08-25 21:00:00,여수,,0,6,107.2203364496609,34.74,127.74
2025-08-25 21:00:00,영동,,0,6,106.62160429697744,37.18,128.46
2025-08-25 21:00:00,영흥,,0,6,105.16768009391852,37.26,126.46
2025-08-25 21:00:00,예천,,0,6,106.86839309393054,36.65,128.46
2025-08-25 21:00:00,창원,,0,6,107.62006871032233,35.21,128.58
2025-08-25 21:00:00,탑선,,0,6,106.31557343239007,35.24,126.81
2025-08-25 22:00:00,경상대,,0,6,117.61474826537207,35.18,128.1
2025-08-25 22:00:00,고흥만수상,,0,6,117.47282817327498,34.57,127.3
2025-08-25 22:00:00,광양항세방,,0,6,117.51864631930614,34.93,127.71
2025-08-25 22:00:00,구미,,0,6,117.17243037191639,36.13,128.34
2025-08-25 22:00:00,삼천포,,0,6,117.73830371162396,34.95,128.07
2025-08-25 22:00:00,여수,,0,6,117.65498888778902,34.74,127.74
2025-08-25 22:00:00,영동,,0,6,116.58208996229727,37.18,128.46
2025-08-25 22:00:00,영흥,,0,6,115.28932306191027,37.26,126.46
2025-08-25 22:00:00,예천,,0,6,116.91877792173797,36.65,128.46
2025-08-25 22:00:00,창원,,0,6,117.90234469473637,35.21,128.58
2025-08-25 22:00:00,탑선,,0,6,116.74638232813578,35.24,126.81
2025-08-25 23:00:00,경상대,,0,6,126.23814844823971,35.18,128.1
2025-08-25 23:00:00,고흥만수상,,0,6,126.31506697956107,34.57,127.3
2025-08-25 23:00:00,광양항세방,,0,6,126.24083233904625,34.93,127.71
2025-08-25 23:00:00,구미,,0,6,125.59794927585469,36.13,128.34
2025-08-25 23:00:00,삼천포,,0,6,126.4056930079357,34.95,128.07
2025-08-25 23:00:00,여수,,0,6,126.40575793332175,34.74,127.74
2025-08-25 23:00:00,영동,,0,6,124.81083236145545,37.18,128.46
2025-08-25 23:00:00,영흥,,0,6,123.7839639449552,37.26,126.46
2025-08-25 23:00:00,예천,,0,6,125.2379691332552,36.65,128.46
2025-08-25 23:00:00,창원,,0,6,126.45119467177331,35.21,128.58
2025-08-25 23:00:00,탑선,,0,6,125.54083374186432,35.24,126.81
2025-08-26 00:00:00,경상대,,0,6,132.1663991985222,35.18,128.1
2025-08-26 00:00:00,고흥만수상,,0,6,132.50715147704284,34.57,127.3
2025-08-26 00:00:00,광양항세방,,0,6,132.29055443598668,34.93,127.71
2025-08-26 00:00:00,구미,,0,6,131.33733072262635,36.13,128.34
2025-08-26 00:00:00,삼천포,,0,6,132.37412210444904,34.95,128.07
2025-08-26 00:00:00,여수,,0,6,132.47711599583909,34.74,127.74
2025-08-26 00:00:00,영동,,0,6,130.37690701549442,37.18,128.46
2025-08-26 00:00:00,영흥,,0,6,129.7536088439282,37.26,126.46
2025-08-26 00:00:00,예천,,0,6,130.87806874786867,36.65,128.46
2025-08-26 00:00:00,창원,,0,6,132.26995577297723,35.21,128.58
2025-08-26 00:00:00,탑선,,0,6,131.7368384184581,35.24,126.81
2025-08-26 01:00:00,경상대,,0,6,134.3064634213059,35.18,128.1
2025-08-26 01:00:00,고흥만수상,,0,6,134.9116456485753,34.57,127.3
2025-08-26 01:00:00,광양항세방,,0,6,134.55571926997501,34.93,127.71
2025-08-26 01:00:00,구미,,0,6,133.35549006932587,36.13,128.34
2025-08-26 01:00:00,삼천포,,0,6,134.53650595820037,34.95,128.07
2025-08-26 01:00:00,여수,,0,6,134.7458731346257,34.74,127.74
2025-08-26 01:00:00,영동,,0,6,132.3046672222518,37.18,128.46
2025-08-26 01:00:00,영흥,,0,6,132.204738469963,37.26,126.46
2025-08-26 01:00:00,예천,,0,6,132.83462178165536,36.65,128.46
2025-08-26 01:00:00,창원,,0,6,134.27327446474686,35.21,128.58
2025-08-26 01:00:00,탑선,,0,6,134.23269781703254,35.24,126.81
2025-08-26 02:00:00,경상대,,0,6,132.1383244105199,35.18,128.1
2025-08-26 02:00:00,고흥만수상,,0,6,132.9345070852707,34.57,127.3
2025-08-26 02:00:00,광양항세방,,0,6,132.48243154451433,34.93,127.71
2025-08-26 02:00:00,구미,,0,6,131.17948539938956,36.13,128.34
2025-08-26 02:00:00,삼천포,,0,6,132.36262342579565,34.95,128.07
2025-08-26 02:00:00,여수,,0,6,132.6527921109808,34.74,127.74
2025-08-26 02:00:00,영동,,0,6,130.16056668481488,37.18,128.46
2025-08-26 02:00:00,영흥,,0,6,130.59819960305185,37.26,126.46
2025-08-26 02:00:00,예천,,0,6,130.65815540234678,36.65,128.46
2025-08-26 02:00:00,창원,,0,6,131.97279833911554,35.21,128.58
2025-08-26 02:00:00,탑선,,0,6,132.43143024888056,35.24,126.81
2025-08-26 03:00:00,경상대,,0,6,126.18897571455699,35.18,128.1
2025-08-26 03:00:00,고흥만수상,,0,6,127.07213024586648,34.57,127.3
2025-08-26 03:00:00,광양항세방,,0,6,126.58168793511433,34.93,127.71
2025-08-26 03:00:00,구미,,0,6,125.31722519349762,36.13,128.34
2025-08-26 03:00:00,삼천포,,0,6,126.38595846286597,34.95,128.07
2025-08-26 03:00:00,여수,,0,6,126.71759851428962,34.74,127.74
2025-08-26 03:00:00,영동,,0,6,124.42407270082202,37.18,128.46
2025-08-26 03:00:00,영흥,,0,6,125.29818510388255,37.26,126.46
2025-08-26 03:00:00,예천,,0,6,124.84569422646835,36.65,128.46
2025-08-26 03:00:00,창원,,0,6,125.92428703836794,35.21,128.58
2025-08-26 03:00:00,탑선,,0,6,126.77494173475209,35.24,126.81
2025-08-26 04:00:00,경상대,,0,6,117.55301140898665,35.18,128.1
2025-08-26 04:00:00,고흥만수상,,0,6,118.44626779051096,34.57,127.3
2025-08-26 04:00:00,광양항세방,,0,6,117.95849016791074,34.93,127.71
2025-08-26 04:00:00,구미,,0,6,116.811175134585,36.13,128.34
2025-08-26 04:00:00,삼천포,,0,6,117.71446907974902,34.95,128.07
2025-08-26 04:00:00,여수,,0,6,118.05716067489675,34.74,127.74
2025-08-26 04:00:00,영동,,0,6,116.08159546449951,37.18,128.46
2025-08-26 04:00:00,영흥,,0,6,117.25825550388504,37.26,126.46
2025-08-26 04:00:00,예천,,0,6,116.41222029355191,36.65,128.46
2025-08-26 04:00:00,창원,,0,6,117.22550748188054,35.21,128.58
2025-08-26 04:00:00,탑선,,0,6,118.33719392449348,35.24,126.81
2025-08-26 05:00:00,경상대,,0,5,107.21760282573614,35.18,128.1
2025-08-26 05:00:00,고흥만수상,,0,5,108.07926841620032,34.57,127.3
2025-08-26 05:00:00,광양항세방,,0,5,107.61541688296344,34.93,127.71
2025-08-26 05:00:00,구미,,0,5,106.6145894138458,36.13,128.34
2025-08-26 05:00:00,삼천포,,0,5,107.34314976441203,34.95,128.07
2025-08-26 05:00:00,여수,,0,5,107.67961687891567,34.74,127.74
2025-08-26 05:00:00,영동,,0,5,106.05232414330357,37.18,128.46
2025-08-26 05:00:00,영흥,,0,5,107.42369408469307,37.26,126.46
2025-08-26 05:00:00,예천,,0,5,106.29304502350435,36.65,128.46
2025-08-26 05:00:00,창원,,0,5,106.85354214825642,35.21,128.58
2025-08-26 05:00:00,탑선,,0,5,108.12705936309726,35.24,126.81
2025-08-26 06:00:00,경상대,,0,6,95.86061034823577,35.18,128.1
2025-08-26 06:00:00,고흥만수상,,0,6,96.66917570463028,34.57,127.3
2025-08-26 06:00:00,광양항세방,,0,6,96.2397057092902,34.93,127.71
2025-08-26 06:00:00,구미,,0,6,95.39421596115487,36.13,128.34
2025-08-26 06:00:00,삼천포,,0,6,95.95196881834656,34.95,128.07
2025-08-26 06:00:00,여수,,0,6,96.2729019161962,34.74,127.74
2025-08-26 06:00:00,영동,,0,6,94.9930291202749,37.18,128.46
2025-08-26 06:00:00,영흥,,0,6,96.48528132878657,37.26,126.46
2025-08-26 06:00:00,예천,,0,6,95.14896620205994,36.65,128.46
2025-08-26 06:00:00,창원,,0,6,95.47677190484312,35.21,128.58
2025-08-26 06:00:00,탑선,,0,6,96.84733963524393,35.24,126.81
2025-08-26 07:00:00,경상대,170.8,1,6,83.92189956469602,35.18,128.1
2025-08-26 07:00:00,고흥만수상,,0,6,84.66332210122219,34.57,127.3
2025-08-26 07:00:00,광양항세방,,0,6,84.2749892774163,34.93,127.71
2025-08-26 07:00:00,구미,163.2,1,6,83.59068310789385,36.13,128.34
2025-08-26 07:00:00,삼천포,137.4,1,6,83.98021831186489,34.95,128.07
2025-08-26 07:00:00,여수,,0,6,84.27950390060082,34.74,127.74
2025-08-26 07:00:00,영동,39.3,1,6,83.34643869286857,37.18,128.46
2025-08-26 07:00:00,영흥,,0,6,84.90891943080524,37.26,126.46
2025-08-26 07:00:00,예천,88.8,1,6,83.42103133491808,36.65,128.46
2025-08-26 07:00:00,창원,172.4,1,6,83.52944699340998,35.21,128.58
2025-08-26 07:00:00,탑선,,0,6,84.95410594462894,35.24,126.81
2025-08-26 08:00:00,경상대,298.8333333333333,6,6,71.71234422422931,35.18,128.1
2025-08-26 08:00:00,고흥만수상,168.18333333333334,6,6,72.37211172173001,34.57,127.3
2025-08-26 08:00:00,광양항세방,131.85,6,6,72.03225209612943,34.93,127.71
2025-08-26 08:00:00,구미,154.65,6,6,71.52117031449494,36.13,128.34
2025-08-26 08:00:00,삼천포,216.8833333333333,6,6,71.73707104429435,34.95,128.07
2025-08-26 08:00:00,여수,203.88333333333333,6,6,72.00870249094946,34.74,127.74
2025-08-26 08:00:00,영동,50.0,6,6,71.43721198349917,37.18,128.46
2025-08-26 08:00:00,영흥,139.8166666666667,6,6,73.030225703221,37.26,126.46
2025-08-26 08:00:00,예천,156.65,6,6,71.42986173374987,36.65,128.46
2025-08-26 08:00:00,창원,270.65,6,6,71.32016412221988,35.21,128.58
2025-08-26 08:00:00,탑선,167.8,6,6,72.76594301442071,35.24,126.81
2025-08-26 09:00:00,경상대,477.2833333333333,6,6,59.50797979243926,35.18,128.1
2025-08-26 09:00:00,고흥만수상,378.01666666666665,6,6,60.06444041441381,34.57,127.3
2025-08-26 09:00:00,광양항세방,339.25,6,6,59.78451439424586,34.93,127.71
2025-08-26 09:00:00,구미,194.96666666666667,6,6,59.472334799545195,36.13,128.34
2025-08-26 09:00:00,삼천포,258.65000000000003,6,6,59.49600277584747,34.95,128.07
2025-08-26 09:00:00,여수,396.1833333333334,6,6,59.73144659597179,34.74,127.74
2025-08-26 09:00:00,영동,73.31666666666668,6,6,59.563431838435164,37.18,128.46
2025-08-26 09:00:00,영흥,271.81666666666666,6,6,61.14618305281313,37.26,126.46
2025-08-26 09:00:00,예천,100.55,6,6,59.46787927108274,36.65,128.46
2025-08-26 09:00:00,창원,486.7166666666667,6,6,59.125729339466176,35.21,128.58
2025-08-26 09:00:00,탑선,109.08333333333336,6,6,60.558864233364474,35.24,126.81
2025-08-26 10:00:00,경상대,644.5166666666667,6,6,47.657425993330826,35.18,128.1
2025-08-26 10:00:00,고흥만수상,602.1833333333334,6,6,48.07204217094876,34.57,127.3
2025-08-26 10:00:00,광양항세방,576.0,6,6,47.87280659794192,34.93,127.71
2025-08-26 10:00:00,구미,578.3166666666667,6,6,47.809597826788696,36.13,128.34
2025-08-26 10:00:00,삼천포,505.1166666666666,6,6,47.601791239332144,34.95,128.07
2025-08-26 10:00:00,여수,579.9333333333334,6,6,47.78611795970449,34.74,127.74
2025-08-26 10:00:00,영동,171.13333333333333,6,6,48.10707326472388,37.18,128.46
2025-08-26 10:00:00,영흥,361.36666666666673,6,6,49.62008822658551,37.26,126.46
2025-08-26 10:00:00,예천,525.1166666666667,6,6,47.90942501733078,36.65,128.46
2025-08-26 10:00:00,창원,509.6000000000001,6,6,47.3000353565369,35.21,128.58
2025-08-26 10:00:00,탑선,216.6,6,6,48.67040756016776,35.24,126.81
2025-08-26 11:00:00,경상대,709.0333333333333,6,6,36.786020162385064,35.18,128.1
2025-08-26 11:00:00,고흥만수상,696.5500000000001,6,6,36.984661976327935,34.57,127.3
2025-08-26 11:00:00,광양항세방,674.4666666666667,6,6,36.905985416060325,34.93,127.71
2025-08-26 11:00:00,구미,655.3333333333334,6,6,37.18293522942381,36.13,128.34
2025-08-26 11:00:00,삼천포,630.2166666666666,6,6,36.67436725787884,34.95,128.07
2025-08-26 11:00:00,여수,628.4000000000001,6,6,36.77864068917366,34.74,127.74
2025-08-26 11:00:00,영동,203.35,6,6,37.73855943510513,37.18,128.46
2025-08-26 11:00:00,영흥,388.25,6,6,39.06659994787322,37.26,126.46
2025-08-26 11:00:00,예천,545.8000000000001,6,6,37.41676789137731,36.65,128.46
2025-08-26 11:00:00,창원,627.8166666666666,6,6,36.483679791654886,35.21,128.58
2025-08-26 11:00:00,탑선,94.35000000000001,6,6,37.68992459565408,35.24,126.81
2025-08-26 12:00:00,경상대,814.0,6,6,28.276682264862494,35.18,128.1
2025-08-26 12:00:00,고흥만수상,799.2666666666668,6,6,28.12640858906927,34.57,127.3
2025-08-26 12:00:00,광양항세방,780.1833333333333,6,6,28.23868068601339,34.93,127.71
2025-08-26 12:00:00,구미,470.06666666666666,6,6,28.98461993160818,36.13,128.34
2025-08-26 12:00:00,삼천포,847.1333333333333,6,6,28.09548989379755,34.95,128.07
2025-08-26 12:00:00,여수,728.4166666666665,6,6,28.06626888243717,34.74,127.74
2025-08-26 12:00:00,영동,213.0666666666667,6,6,29.84306133429756,37.18,128.46
2025-08-26 12:00:00,영흥,703.6666666666666,6,6,30.741788946455387,37.26,126.46
2025-08-26 12:00:00,예천,359.23333333333335,6,6,29.383672555708557,36.65,128.46
2025-08-26 12:00:00,창원,760.6500000000001,6,6,28.095868514384144,35.21,128.58
2025-08-26 12:00:00,탑선,63.56666666666666,6,6,28.906292361758098,35.24,126.81
2025-08-26 13:00:00,경상대,219.47999999999996,5,5,24.839957751233158,35.18,128.1
2025-08-26 13:00:00,고흥만수상,732.76,5,5,24.237261392205582,34.57,127.3
2025-08-26 13:00:00,광양항세방,269.18,5,5,24.590750706543105,34.93,127.71
2025-08-26 13:00:00,구미,213.51999999999998,5,5,25.79192669722704,36.13,128.34
2025-08-26 13:00:00,삼천포,571.78,5,5,24.609831345518955,34.95,128.07
2025-08-26 13:00:00,여수,587.06,5,5,24.400507606361472,34.74,127.74
2025-08-26 13:00:00,영동,174.70000000000002,5,5,26.843435405149464,37.18,128.46
2025-08-26 13:00:00,영흥,808.08,5,5,26.953922516154854,37.26,126.46
2025-08-26 13:00:00,예천,172.56,5,5,26.31351090924103,36.65,128.46
2025-08-26 13:00:00,창원,624.86,5,5,24.87595378757804,35.21,128.58
2025-08-26 13:00:00,탑선,139.4,5,5,24.921886485070956,35.24,126.81
2025-08-26 14:00:00,경상대,249.10000000000002,6,6,28.42056476807236,35.18,128.1
2025-08-26 14:00:00,고흥만수상,804.85,6,6,27.554517194982395,34.57,127.3
2025-08-26 14:00:00,광양항세방,715.8666666666667,6,6,28.038327215217564,34.93,127.71
2025-08-26 14:00:00,구미,502.7666666666667,6,6,29.3270515183303,36.13,128.34
2025-08-26 14:00:00,삼천포,547.1833333333333,6,6,28.21384863816678,34.95,128.07
2025-08-26 14:00:00,여수,749.7000000000002,6,6,27.890917841097874,34.74,127.74
2025-08-26 14:00:00,영동,245.8166666666667,6,6,30.270160198765986,37.18,128.46
2025-08-26 14:00:00,영흥,794.7166666666667,6,6,29.553080465482893,37.26,126.46
2025-08-26 14:00:00,예천,268.4,6,6,29.819079967808335,36.65,128.46
2025-08-26 14:00:00,창원,548.8333333333334,6,6,28.659895421729736,35.21,128.58
2025-08-26 14:00:00,탑선,571.2166666666666,6,6,27.922076596072316,35.24,126.81
2025-08-26 15:00:00,경상대,764.6666666666666,6,6,37.008675192146285,35.18,128.1
2025-08-26 15:00:00,고흥만수상,814.6,6,6,36.121167172034895,34.57,127.3
2025-08-26 15:00:00,광양항세방,769.1833333333333,6,6,36.60377319054639,34.93,127.71
2025-08-26 15:00:00,구미,229.56666666666663,6,6,37.715771882608905,36.13,128.34
2025-08-26 15:00:00,삼천포,829.2666666666665,6,6,36.85744225980052,34.95,128.07
2025-08-26 15:00:00,여수,816.4666666666667,6,6,36.51521728512823,34.74,127.74
2025-08-26 15:00:00,영동,322.3833333333333,6,6,38.41147310349516,37.18,128.46
2025-08-26 15:00:00,영흥,716.5999999999999,6,6,37.20169653634591,37.26,126.46
2025-08-26 15:00:00,예천,279.40000000000003,6,6,38.098130252730435,36.65,128.46
2025-08-26 15:00:00,창원,753.9,6,6,37.34869260567692,35.21,128.58
2025-08-26 15:00:00,탑선,602.9666666666667,6,6,36.187249927871974,35.24,126.81
2025-08-26 16:00:00,경상대,655.3,5,5,47.91837286858363,35.18,128.1
2025-08-26 16:00:00,고흥만수상,657.98,5,5,47.092611201285706,34.57,127.3
2025-08-26 16:00:00,광양항세방,506.8,5,5,47.53275661304627,34.93,127.71
2025-08-26 16:00:00,구미,336.18,5,5,48.430734194330064,36.13,128.34
2025-08-26 16:00:00,삼천포,691.6,5,5,47.816975954139835,34.95,128.07
2025-08-26 16:00:00,여수,435.12,5,5,47.49089072572884,34.74,127.74
2025-08-26 16:00:00,영동,361.08,5,5,48.89639881224389,37.18,128.46
2025-08-26 16:00:00,영흥,616.74,5,5,47.45265631603019,37.26,126.46
2025-08-26 16:00:00,예천,364.4,5,5,48.705320246983895,36.65,128.46
2025-08-26 16:00:00,창원,697.4199999999998,5,5,48.29760029841342,35.21,128.58
2025-08-26 16:00:00,탑선,560.9799999999999,5,5,46.95254385414322,35.24,126.81
2025-08-26 17:00:00,경상대,486.73333333333335,6,6,59.791451870889276,35.18,128.1
2025-08-26 17:00:00,고흥만수상,489.8333333333333,6,6,59.046412327168994,34.57,127.3
2025-08-26 17:00:00,광양항세방,422.1166666666666,6,6,59.43657205779986,34.93,127.71
2025-08-26 17:00:00,구미,321.43333333333334,6,6,60.136898681669315,36.13,128.34
2025-08-26 17:00:00,삼천포,461.59999999999997,6,6,59.73115116320142,34.95,128.07
2025-08-26 17:00:00,여수,356.9333333333332,6,6,59.43077781542314,34.74,127.74
2025-08-26 17:00:00,영동,359.56666666666666,6,6,60.40894984239718,37.18,128.46
2025-08-26 17:00:00,영흥,441.3500000000001,6,6,58.858726894006,37.26,126.46
2025-08-26 17:00:00,예천,287.96666666666664,6,6,60.318560609777336,36.65,128.46
2025-08-26 17:00:00,창원,537.1666666666666,6,6,60.18361773172332,35.21,128.58
2025-08-26 17:00:00,탑선,434.59999999999997,6,6,58.76186519293091,35.24,126.81
2025-08-26 18:00:00,경상대,315.6000000000001,6,6,72.01298004099425,35.18,128.1
2025-08-26 18:00:00,고흥만수상,329.5,6,6,71.35553814519426,34.57,127.3
2025-08-26 18:00:00,광양항세방,241.13333333333333,6,6,71.69351635882452,34.93,127.71
2025-08-26 18:00:00,구미,185.75,6,6,72.20898086669622,36.13,128.34
2025-08-26 18:00:00,삼천포,252.56666666666663,6,6,71.9886372068756,34.95,128.07
2025-08-26 18:00:00,여수,274.18333333333334,6,6,71.71788218784438,34.74,127.74
2025-08-26 18:00:00,영동,229.21666666666667,6,6,72.31028763252209,37.18,128.46
2025-08-26 18:00:00,영흥,319.05,6,6,70.71935238893744,37.26,126.46
2025-08-26 18:00:00,예천,249.10000000000002,6,6,72.30730747514986,36.65,128.46
2025-08-26 18:00:00,창원,320.31666666666666,6,6,72.40515446501466,35.21,128.58
2025-08-26 18:00:00,탑선,130.70000000000002,6,6,70.9593824537497,35.24,126.81
2025-08-26 19:00:00,경상대,236.5,1,6,84.23862841876898,35.18,128.1
2025-08-26 19:00:00,고흥만수상,208.10000000000002,2,6,83.67728719226437,34.57,127.3
2025-08-26 19:00:00,광양항세방,168.35000000000002,2,6,83.95931718516259,34.93,127.71
2025-08-26 19:00:00,구미,113.5,1,6,84.29077662024618,36.13,128.34
2025-08-26 19:00:00,삼천포,180.7,1,6,84.24833836787779,34.95,128.07
2025-08-26 19:00:00,여수,200.10000000000002,2,6,84.0111801709544,34.74,127.74
2025-08-26 19:00:00,영동,173.9,1,6,84.23037979784024,37.18,128.46
2025-08-26 19:00:00,영흥,192.35000000000002,2,6,82.64190373272535,37.26,126.46
2025-08-26 19:00:00,예천,173.8,1,6,84.3090071856094,36.65,128.46
2025-08-26 19:00:00,창원,152.1,1,6,84.62193957188497,35.21,128.58
2025-08-26 19:00:00,탑선,163.05,2,6,83.18675121377524,35.24,126.81
2025-08-26 20:00:00,경상대,,0,6,96.19429643936404,35.18,128.1
2025-08-26 20:00:00,고흥만수상,,0,6,95.74367797400814,34.57,127.3
2025-08-26 20:00:00,광양항세방,,0,6,95.96233112404306,34.93,127.71
2025-08-26 20:00:00,구미,,0,6,96.09807941658207,36.13,128.34
2025-08-26 20:00:00,삼천포,,0,6,96.23865876729343,34.95,128.07
2025-08-26 20:00:00,여수,,0,6,96.04116181933769,34.74,127.74
2025-08-26 20:00:00,영동,,0,6,95.87404506391681,37.18,128.46
2025-08-26 20:00:00,영흥,,0,6,94.32745811062256,37.26,126.46
2025-08-26 20:00:00,예천,,0,6,96.03403007978662,36.65,128.46
2025-08-26 20:00:00,창원,,0,6,96.55983467227361,35.21,128.58
2025-08-26 20:00:00,탑선,,0,6,95.1679107541022,35.24,126.81
2025-08-26 21:00:00,경상대,,0,6,107.56970313809921,35.18,128.1
2025-08-26 21:00:00,고흥만수상,,0,6,107.25372269633093,34.57,127.3
2025-08-26 21:00:00,광양항세방,,0,6,107.39641543798517,34.93,127.71
2025-08-26 21:00:00,구미,,0,6,107.31178926521349,36.13,128.34
2025-08-26 21:00:00,삼천포,,0,6,107.65134826633627,34.95,128.07
2025-08-26 21:00:00,여수,,0,6,107.50309104181147,34.74,127.74
2025-08-26 21:00:00,영동,,0,6,106.91360085347017,37.18,128.46
2025-08-26 21:00:00,영흥,,0,6,105.45727267196153,37.26,126.46
2025-08-26 21:00:00,예천,,0,6,107.15865536477295,36.65,128.46
2025-08-26 21:00:00,창원,,0,6,107.90566062933202,35.21,128.58
2025-08-26 21:00:00,탑선,,0,6,106.5987599315083,35.24,126.81
2025-08-26 22:00:00,경상대,,0,6,117.92374308943388,35.18,128.1
2025-08-26 22:00:00,고흥만수상,,0,6,117.77873747096885,34.57,127.3
2025-08-26 22:00:00,광양항세방,,0,6,117.82627868898967,34.93,127.71
2025-08-26 22:00:00,구미,,0,6,117.48434426493479,36.13,128.34
2025-08-26 22:00:00,삼천포,,0,6,118.04662282498185,34.95,128.07
2025-08-26 22:00:00,여수,,0,6,117.96215034134951,34.74,127.74
2025-08-26 22:00:00,영동,,0,6,116.89685453488812,37.18,128.46
2025-08-26 22:00:00,영흥,,0,6,115.60107411393264,37.26,126.46
2025-08-26 22:00:00,예천,,0,6,117.2322195662672,36.65,128.46
2025-08-26 22:00:00,창원,,0,6,118.21225747147851,35.21,128.58
2025-08-26 22:00:00,탑선,,0,6,117.05330536675004,35.24,126.81
2025-08-26 23:00:00,경상대,,0,6,126.57343848401736,35.18,128.1
2025-08-26 23:00:00,고흥만수상,,0,6,126.64804145094132,34.57,127.3
2025-08-26 23:00:00,광양항세방,,0,6,126.57508676815901,34.93,127.71
2025-08-26 23:00:00,구미,,0,6,125.93502947681093,36.13,128.34
2025-08-26 23:00:00,삼천포,,0,6,126.74057784095703,34.95,128.07
2025-08-26 23:00:00,여수,,0,6,126.73975864985736,34.74,127.74
2025-08-26 23:00:00,영동,,0,6,125.1495436833773,37.18,128.46
2025-08-26 23:00:00,영흥,,0,6,124.11983007302706,37.26,126.46
2025-08-26 23:00:00,예천,,0,6,125.57596183317754,36.65,128.46
2025-08-26 23:00:00,창원,,0,6,126.78731056974507,35.21,128.58
2025-08-26 23:00:00,탑선,,0,6,125.87408723069709,35.24,126.81
2025-08-27 00:00:00,경상대,,0,6,132.51993746953582,35.18,128.1
2025-08-27 00:00:00,고흥만수상,,0,6,132.85998744444382,34.57,127.3
2025-08-27 00:00:00,광양항세방,,0,6,132.64378307449692,34.93,127.71
2025-08-27 00:00:00,구미,,0,6,131.69122615407161,36.13,128.34
2025-08-27 00:00:00,삼천포,,0,6,132.727581479876,34.95,128.07
2025-08-27 00:00:00,여수,,0,6,132.83030764177266,34.74,127.74
2025-08-27 00:00:00,영동,,0,6,130.73106815126872,37.18,128.46
2025-08-27 00:00:00,영흥,,0,6,130.10674635284317,37.26,126.46
2025-08-27 00:00:00,예천,,0,6,131.2321292161481,36.65,128.46
2025-08-27 00:00:00,창원,,0,6,132.62376962321375,35.21,128.58
2025-08-27 00:00:00,탑선,,0,6,132.08955259664296,35.24,126.81
2025-08-27 01:00:00,경상대,,0,6,134.6545654778082,35.18,128.1
2025-08-27 01:00:00,고흥만수상,,0,6,135.2608435899716,34.57,127.3
2025-08-27 01:00:00,광양항세방,,0,6,134.9043616816441,34.93,127.71
2025-08-27 01:00:00,구미,,0,6,133.70326565062334,36.13,128.34
2025-08-27 01:00:00,삼천포,,0,6,134.88464909746358,34.95,128.07
2025-08-27 01:00:00,여수,,0,6,135.09447632587342,34.74,127.74
2025-08-27 01:00:00,영동,,0,6,132.65229540166723,37.18,128.46
2025-08-27 01:00:00,영흥,,0,6,132.5548537640939,37.26,126.46
2025-08-27 01:00:00,예천,,0,6,133.18223927039776,36.65,128.46
2025-08-27 01:00:00,창원,,0,6,134.62068635132874,35.21,128.58
2025-08-27 01:00:00,탑선,,0,6,134.5824952090478,35.24,126.81
2025-08-27 02:00:00,경상대,,0,6,132.45186341820832,35.18,128.1
2025-08-27 02:00:00,고흥만수상,,0,6,133.24965514813542,34.57,127.3
2025-08-27 02:00:00,광양항세방,,0,6,132.79681153212496,34.93,127.71
2025-08-27 02:00:00,구미,,0,6,131.49359831512447,36.13,128.34
2025-08-27 02:00:00,삼천포,,0,6,132.67593734679235,34.95,128.07
2025-08-27 02:00:00,여수,,0,6,132.96682553265316,34.74,127.74
2025-08-27 02:00:00,영동,,0,6,130.4757189187555,37.18,128.46
2025-08-27 02:00:00,영흥,,0,6,130.91892713573313,37.26,126.46
2025-08-27 02:00:00,예천,,0,6,130.97261377403782,36.65,128.46
2025-08-27 02:00:00,창원,,0,6,132.28492285287328,35.21,128.58
2025-08-27 02:00:00,탑선,,0,6,132.74888327709837,35.24,126.81
2025-08-27 03:00:00,경상대,,0,6,126.45347073833884,35.18,128.1
2025-08-27 03:00:00,고흥만수상,,0,6,127.3373935523947,34.57,127.3
2025-08-27 03:00:00,광양항세방,,0,6,126.84669746918493,34.93,127.71
2025-08-27 03:00:00,구미,,0,6,125.58389317656318,36.13,128.34
2025-08-27 03:00:00,삼천포,,0,6,126.64982575430074,34.95,128.07
2025-08-27 03:00:00,여수,,0,6,126.98190830227628,34.74,127.74
2025-08-27 03:00:00,영동,,0,6,124.69353773555123,37.18,128.46
2025-08-27 03:00:00,영흥,,0,6,125.57411434256639,37.26,126.46
2025-08-27 03:00:00,예천,,0,6,125.11356681753796,36.65,128.46
2025-08-27 03:00:00,창원,,0,6,126.18728653540842,35.21,128.58
2025-08-27 03:00:00,탑선,,0,6,127.04391291854705,35.24,126.81
2025-08-27 04:00:00,경상대,,0,6,117.77116460990894,35.18,128.1
2025-08-27 04:00:00,고흥만수상,,0,6,118.66401777319851,34.57,127.3
2025-08-27 04:00:00,광양항세방,,0,6,118.17664726157118,34.93,127.71
2025-08-27 04:00:00,구미,,0,6,117.0327667587975,36.13,128.34
2025-08-27 04:00:00,삼천포,,0,6,117.9317017511585,34.95,128.07
2025-08-27 04:00:00,여수,,0,6,118.274402848258,34.74,127.74
2025-08-27 04:00:00,영동,,0,6,116.30730239687536,37.18,128.46
2025-08-27 04:00:00,영흥,,0,6,117.48967483286103,37.26,126.46
2025-08-27 04:00:00,예천,,0,6,116.6356988838943,36.65,128.46
2025-08-27 04:00:00,창원,,0,6,117.44245998838217,35.21,128.58
2025-08-27 04:00:00,탑선,,0,6,118.55923738057689,35.24,126.81
2025-08-27 05:00:00,경상대,,0,5,107.3994684560335,35.18,128.1
2025-08-27 05:00:00,고흥만수상,,0,5,108.25974262491955,34.57,127.3
2025-08-27 05:00:00,광양항세방,,0,5,107.79683696007153,34.93,127.71
2025-08-27 05:00:00,구미,,0,5,106.80068350413913,36.13,128.34
2025-08-27 05:00:00,삼천포,,0,5,107.52392650321822,34.95,128.07
2025-08-27 05:00:00,여수,,0,5,107.860023150396,34.74,127.74
2025-08-27 05:00:00,영동,,0,5,106.24332088604521,37.18,128.46
2025-08-27 05:00:00,영흥,,0,5,107.61910057498562,37.26,126.46
2025-08-27 05:00:00,예천,,0,5,106.4814557053297,36.65,128.46
2025-08-27 05:00:00,창원,,0,5,107.0345808441511,35.21,128.58
2025-08-27 05:00:00,탑선,,0,5,108.31190437527441,35.24,126.81
2025-08-27 06:00:00,경상대,,0,6,96.01714242546583,35.18,128.1
2025-08-27 06:00:00,고흥만수상,,0,6,96.82352524529361,34.57,127.3
2025-08-27 06:00:00,광양항세방,,0,6,96.3954242548703,34.93,127.71
2025-08-27 06:00:00,구미,,0,6,95.55550260545022,36.13,128.34
2025-08-27 06:00:00,삼천포,,0,6,96.10730696870063,34.95,128.07
2025-08-27 06:00:00,여수,,0,6,96.42755916504787,34.74,127.74
2025-08-27 06:00:00,영동,,0,6,95.15971780969994,37.18,128.46
2025-08-27 06:00:00,영흥,,0,6,96.65503873322362,37.26,126.46
2025-08-27 06:00:00,예천,,0,6,95.31285600939258,36.65,128.46
2025-08-27 06:00:00,창원,,0,6,95.63282683512718,35.21,128.58
2025-08-27 06:00:00,탑선,,0,6,97.00595851485164,35.24,126.81
2025-08-27 07:00:00,경상대,,0,6,84.06331828264626,35.18,128.1
2025-08-27 07:00:00,고흥만수상,,0,6,84.80184117169696,34.57,127.3
2025-08-27 07:00:00,광양항세방,,0,6,84.41525889651922,34.93,127.71
2025-08-27 07:00:00,구미,163.2,1,6,83.7373148465604,36.13,128.34
2025-08-27 07:00:00,삼천포,,0,6,84.12035211524933,34.95,128.07
2025-08-27 07:00:00,여수,,0,6,84.41867388080283,34.74,127.74
2025-08-27 07:00:00,영동,137.4,1,6,83.49889277900338,37.18,128.46
2025-08-27 07:00:00,영흥,,0,6,85.0631433861458,37.26,126.46
2025-08-27 07:00:00,예천,144.8,1,6,83.57051330818365,36.65,128.46
2025-08-27 07:00:00,창원,173.3,1,6,83.67071568286052,35.21,128.58
2025-08-27 07:00:00,탑선,,0,6,85.09677462315909,35.24,126.81
2025-08-27 08:00:00,경상대,258.61666666666673,6,6,71.848700926517,35.18,128.1
2025-08-27 08:00:00,고흥만수상,265.84999999999997,6,6,72.50479107583755,34.57,127.3
2025-08-27 08:00:00,광양항세방,151.0666666666667,6,6,72.16709715818443,34.93,127.71
2025-08-27 08:00:00,구미,263.3,6,6,71.66325802766092,36.13,128.34
2025-08-27 08:00:00,삼천포,261.01666666666665,6,6,71.87203640126889,34.95,128.07
2025-08-27 08:00:00,여수,290.26666666666665,6,6,72.14239801617649,34.74,127.74
2025-08-27 08:00:00,영동,228.4333333333333,6,6,71.5855870725708,37.18,128.46
2025-08-27 08:00:00,영흥,241.86666666666665,6,6,73.17899892990712,37.26,126.46
2025-08-27 08:00:00,예천,230.08333333333334,6,6,71.57507354715105,36.65,128.46
2025-08-27 08:00:00,창원,299.6666666666667,6,6,71.45671561059339,35.21,128.58
2025-08-27 08:00:00,탑선,219.30000000000004,6,6,72.90268148143291,35.24,126.81
2025-08-27 09:00:00,경상대,460.78333333333336,6,6,59.65072962116328,35.18,128.1
2025-08-27 09:00:00,고흥만수상,394.0833333333333,6,6,60.20253887632398,34.57,127.3
2025-08-27 09:00:00,광양항세방,426.75,6,6,59.92529977098398,34.93,127.71
2025-08-27 09:00:00,구미,450.4666666666667,6,6,59.621458992775715,36.13,128.34
2025-08-27 09:00:00,삼천포,462.0833333333334,6,6,59.63722568582,34.95,128.07
2025-08-27 09:00:00,여수,404.51666666666665,6,6,59.87101630930036,34.74,127.74
2025-08-27 09:00:00,영동,444.7,6,6,59.71939535695627,37.18,128.46
2025-08-27 09:00:00,영흥,399.25,6,6,61.300863173923844,37.26,126.46
2025-08-27 09:00:00,예천,434.6499999999999,6,6,59.62045826033781,36.65,128.46
2025-08-27 09:00:00,창원,407.05,6,6,59.26910285835576,35.21,128.58
2025-08-27 09:00:00,탑선,355.21666666666664,6,6,60.70092876983544,35.24,126.81
2025-08-27 10:00:00,경상대,555.25,6,6,47.82202709921667,35.18,128.1
2025-08-27 10:00:00,고흥만수상,647.6333333333333,6,6,48.23070347379513,34.57,127.3
2025-08-27 10:00:00,광양항세방,579.3166666666666,6,6,48.03484055979979,34.93,127.71
2025-08-27 10:00:00,구미,636.1666666666666,6,6,47.981280658934956,36.13,128.34
2025-08-27 10:00:00,삼천포,680.9666666666667,6,6,47.764717843410764,34.95,128.07
2025-08-27 10:00:00,여수,633.0500000000001,6,6,47.94687800161623,34.74,127.74
2025-08-27 10:00:00,영동,613.1666666666666,6,6,48.28611075511363,37.18,128.46
2025-08-27 10:00:00,영흥,560.45,6,6,49.79548362629448,37.26,126.46
2025-08-27 10:00:00,예천,623.6333333333333,6,6,48.08490368318037,36.65,128.46
2025-08-27 10:00:00,창원,639.5166666666668,6,6,47.46587405092546,35.21,128.58
2025-08-27 10:00:00,탑선,594.4666666666666,6,6,48.83277873313556,35.24,126.81
2025-08-27 11:00:00,경상대,683.2000000000002,6,6,36.99555864068934,35.18,128.1
2025-08-27 11:00:00,고흥만수상,735.3166666666667,6,6,37.186819295481975,34.57,127.3
2025-08-27 11:00:00,광양항세방,716.0833333333334,6,6,37.112264051793375,34.93,127.71
2025-08-27 11:00:00,구미,748.1166666666667,6,6,37.39977395562571,36.13,128.34
2025-08-27 11:00:00,삼천포,817.9666666666667,6,6,36.882205759059815,34.95,128.07
2025-08-27 11:00:00,여수,656.6,6,6,36.9837139852011,34.74,127.74
2025-08-27 11:00:00,영동,763.5333333333334,6,6,37.962564180288986,37.18,128.46
2025-08-27 11:00:00,영흥,658.05,6,6,39.28363551657647,37.26,126.46
2025-08-27 11:00:00,예천,734.5666666666667,6,6,37.637433914322514,36.65,128.46
2025-08-27 11:00:00,창원,736.6999999999999,6,6,36.695340634897015,35.21,128.58
2025-08-27 11:00:00,탑선,735.4166666666666,6,6,37.89488076676407,35.24,126.81
2025-08-27 12:00:00,경상대,843.975,4,4,28.55976738372153,35.18,128.1
2025-08-27 12:00:00,고흥만수상,708.4250000000001,4,4,28.402311608245952,34.57,127.3
2025-08-27 12:00:00,광양항세방,805.75,4,4,28.518525027935475,34.93,127.71
2025-08-27 12:00:00,구미,770.1750000000001,4,4,29.27281171611108,36.13,128.34
2025-08-27 12:00:00,삼천포,904.7750000000001,4,4,28.377430586196297,34.95,128.07
2025-08-27 12:00:00,여수,850.85,4,4,28.345437886202838,34.74,127.74
2025-08-27 12:00:00,영동,818.5999999999999,4,4,30.135709953506236,37.18,128.46
2025-08-27 12:00:00,영흥,747.175,4,4,31.024871348904398,37.26,126.46
2025-08-27 12:00:00,예천,793.075,4,4,29.674427674900777,36.65,128.46
2025-08-27 12:00:00,창원,647.8,4,4,28.381721108255462,35.21,128.58
2025-08-27 12:00:00,탑선,816.7249999999999,4,4,29.182554603121666,35.24,126.81
2025-08-27 13:00:00,경상대,839.5166666666668,6,6,25.19001588381603,35.18,128.1
2025-08-27 13:00:00,고흥만수상,852.65,6,6,24.585299163552875,34.57,127.3
2025-08-27 13:00:00,광양항세방,831.3333333333334,6,6,24.939873757177836,34.93,127.71
2025-08-27 13:00:00,구미,735.0166666666665,6,6,26.142484510206543,36.13,128.34
2025-08-27 13:00:00,삼천포,926.4666666666667,6,6,24.959823977460346,34.95,128.07
2025-08-27 13:00:00,여수,869.5166666666668,6,6,24.749700674685826,34.74,127.74
2025-08-27 13:00:00,영동,816.5333333333334,6,6,27.194189991252067,37.18,128.46
2025-08-27 13:00:00,영흥,687.9,6,6,27.300086179073695,37.26,126.46
2025-08-27 13:00:00,예천,800.6999999999999,6,6,26.664292364971047,36.65,128.46
2025-08-27 13:00:00,창원,684.5166666666665,6,6,25.227068955055557,35.21,128.58
2025-08-27 13:00:00,탑선,760.0833333333331,6,6,25.26865481933237,35.24,126.81
2025-08-27 14:00:00,경상대,800.6333333333333,6,6,28.764881675963778,35.18,128.1
2025-08-27 14:00:00,고흥만수상,816.6666666666666,6,6,27.899621377231277,34.57,127.3
2025-08-27 14:00:00,광양항세방,816.3166666666667,6,6,28.383106344728013,34.93,127.71
2025-08-27 14:00:00,구미,720.9666666666667,6,6,29.67249543644523,36.13,128.34
2025-08-27 14:00:00,삼천포,903.0333333333333,6,6,28.557809380507152,34.95,128.07
2025-08-27 14:00:00,여수,866.1166666666667,6,6,28.23527881638323,34.74,127.74
2025-08-27 14:00:00,영동,820.9166666666666,6,6,30.617022552483576,37.18,128.46
2025-08-27 14:00:00,영흥,801.4833333333332,6,6,29.9036584319984,37.26,126.46
2025-08-27 14:00:00,예천,798.4333333333334,6,6,30.165122333383522,36.65,128.46
2025-08-27 14:00:00,창원,792.3166666666667,6,6,29.00312863437955,35.21,128.58
2025-08-27 14:00:00,탑선,802.5833333333334,6,6,28.26939107079236,35.24,126.81
2025-08-27 15:00:00,경상대,760.8199999999999,5,5,37.313039963492265,35.18,128.1
2025-08-27 15:00:00,고흥만수상,808.28,5,5,36.42487186230147,34.57,127.3
2025-08-27 15:00:00,광양항세방,744.5800000000002,5,5,36.9080243275242,34.93,127.71
2025-08-27 15:00:00,구미,691.92,5,5,38.023617423671894,36.13,128.34
2025-08-27 15:00:00,삼천포,842.0200000000001,5,5,37.16086118778417,34.95,128.07
2025-08-27 15:00:00,여수,820.1199999999999,5,5,36.818540577535835,34.74,127.74
2025-08-27 15:00:00,영동,745.8399999999999,5,5,38.72326931305779,37.18,128.46
2025-08-27 15:00:00,영흥,697.2800000000001,5,5,37.5184897259983,37.26,126.46
2025-08-27 15:00:00,예천,750.6,5,5,38.40782251620385,36.65,128.46
2025-08-27 15:00:00,창원,811.74,5,5,37.65198592175817,35.21,128.58
2025-08-27 15:00:00,탑선,732.14,5,5,36.49517478985839,35.24,126.81
2025-08-27 16:00:00,경상대,577.36,5,5,48.19254571450257,35.18,128.1
2025-08-27 16:00:00,고흥만수상,713.1,5,5,47.36490832495014,34.57,127.3
2025-08-27 16:00:00,광양항세방,599.1400000000001,5,5,47.8062588680433,34.93,127.71
2025-08-27 16:00:00,구미,514.5200000000001,5,5,48.709249622443004,36.13,128.34
2025-08-27 16:00:00,삼천포,631.8199999999999,5,5,48.090030567218264,34.95,128.07
2025-08-27 16:00:00,여수,651.9999999999999,5,5,47.76337772898617,34.74,127.74
2025-08-27 16:00:00,영동,471.34000000000003,5,5,49.1797420032732,37.18,128.46
2025-08-27 16:00:00,영흥,577.56,5,5,47.73941965093,37.26,126.46
2025-08-27 16:00:00,예천,477.86,5,5,48.98616203549588,36.65,128.46
2025-08-27 16:00:00,창원,682.2,5,5,48.571206788626675,35.21,128.58
2025-08-27 16:00:00,탑선,601.44,5,5,47.229021633921775,35.24,126.81
2025-08-27 17:00:00,경상대,459.03333333333336,6,6,60.049887146096864,35.18,128.1
2025-08-27 17:00:00,고흥만수상,466.9166666666667,6,6,59.302359823235406,34.57,127.3
2025-08-27 17:00:00,광양항세방,444.23333333333335,6,6,59.69403266913933,34.93,127.71
2025-08-27 17:00:00,구미,362.3666666666666,6,6,60.39978393283203,36.13,128.34
2025-08-27 17:00:00,삼천포,505.9166666666667,6,6,59.98847402901451,34.95,128.07
2025-08-27 17:00:00,여수,488.98333333333335,6,6,59.687277067454446,34.74,127.74
2025-08-27 17:00:00,영동,402.81666666666666,6,6,60.67671960996504,37.18,128.46
2025-08-27 17:00:00,영흥,468.2666666666667,6,6,59.1282911633423,37.26,126.46
2025-08-27 17:00:00,예천,333.15000000000003,6,6,60.58384188228639,36.65,128.46
2025-08-27 17:00:00,창원,422.56666666666666,6,6,60.44189312030857,35.21,128.58
2025-08-27 17:00:00,탑선,531.6666666666666,6,6,59.02147696155713,35.24,126.81
2025-08-27 18:00:00,경상대,316.15000000000003,6,6,72.26683143040123,35.18,128.1
2025-08-27 18:00:00,고흥만수상,322.6666666666667,6,6,71.60656944370041,34.57,127.3
2025-08-27 18:00:00,광양항세방,262.90000000000003,6,6,71.9462163534921,34.93,127.71
2025-08-27 18:00:00,구미,235.08333333333334,6,6,72.46716719787048,36.13,128.34
2025-08-27 18:00:00,삼천포,332.5166666666667,6,6,72.24142623680237,34.95,128.07
2025-08-27 18:00:00,여수,269.6166666666667,6,6,71.96969884000181,34.74,127.74
2025-08-27 18:00:00,영동,245.25,6,6,72.57317043500146,37.18,128.46
2025-08-27 18:00:00,영흥,266.90000000000003,6,6,70.98273374303936,37.26,126.46
2025-08-27 18:00:00,예천,198.4333333333333,6,6,72.56783083069399,36.65,128.46
2025-08-27 18:00:00,창원,259.46666666666664,6,6,72.65914468901946,35.21,128.58
2025-08-27 18:00:00,탑선,311.8833333333333,6,6,71.21355297864199,35.24,126.81
2025-08-27 19:00:00,경상대,189.1,1,6,84.49652610681272,35.18,128.1
2025-08-27 19:00:00,고흥만수상,225.89999999999998,2,6,83.93213940231804,34.57,127.3
2025-08-27 19:00:00,광양항세방,164.7,1,6,84.21593843271033,34.93,127.71
2025-08-27 19:00:00,구미,189.1,1,6,84.55283795361153,36.13,128.34
2025-08-27 19:00:00,삼천포,192.6,1,6,84.50523114241818,34.95,128.07
2025-08-27 19:00:00,여수,165.5,1,6,84.26699469577409,34.74,127.74
2025-08-27 19:00:00,영동,205.7,1,6,84.49688241084439,37.18,128.46
2025-08-27 19:00:00,영흥,183.15,2,6,82.90783478967394,37.26,126.46
2025-08-27 19:00:00,예천,137.8,1,6,84.57330930533254,36.65,128.46
2025-08-27 19:00:00,창원,88.9,1,6,84.88021724269299,35.21,128.58
2025-08-27 19:00:00,탑선,107.55,2,6,83.44426936413184,35.24,126.81
2025-08-27 20:00:00,경상대,,0,6,96.46364586174337,35.18,128.1
2025-08-27 20:00:00,고흥만수상,,0,6,96.00981131087752,34.57,127.3
2025-08-27 20:00:00,광양항세방,,0,6,96.2303055120077,34.93,127.71
2025-08-27 20:00:00,구미,,0,6,96.37137368854361,36.13,128.34
2025-08-27 20:00:00,삼천포,,0,6,96.50706859803066,34.95,128.07
2025-08-27 20:00:00,여수,,0,6,96.30840895011747,34.74,127.74
2025-08-27 20:00:00,영동,,0,6,96.1514642175111,37.18,128.46
2025-08-27 20:00:00,영흥,,0,6,94.60334849871704,37.26,126.46
2025-08-27 20:00:00,예천,,0,6,96.30943735578776,36.65,128.46
2025-08-27 20:00:00,창원,,0,6,96.82978044238742,35.21,128.58
2025-08-27 20:00:00,탑선,,0,6,95.43624818310275,35.24,126.81
2025-08-27 21:00:00,경상대,,0,6,107.85736986453452,35.18,128.1
2025-08-27 21:00:00,고흥만수상,,0,6,107.53809751116773,34.57,127.3
2025-08-27 21:00:00,광양항세방,,0,6,107.68265081805762,34.93,127.71
2025-08-27 21:00:00,구미,,0,6,107.60305193448688,36.13,128.34
2025-08-27 21:00:00,삼천포,,0,6,107.93816952324606,34.95,128.07
2025-08-27 21:00:00,여수,,0,6,107.78869972629963,34.74,127.74
2025-08-27 21:00:00,영동,,0,6,107.20852208658428,37.18,128.46
2025-08-27 21:00:00,영흥,,0,6,105.74979457608177,37.26,126.46
2025-08-27 21:00:00,예천,,0,6,107.4518276094353,36.65,128.46
2025-08-27 21:00:00,창원,,0,6,108.19412015378064,35.21,128.58
2025-08-27 21:00:00,탑선,,0,6,106.88481737219908,35.24,126.81
2025-08-27 22:00:00,경상대,,0,6,118.23563929921143,35.18,128.1
2025-08-27 22:00:00,고흥만수상,,0,6,118.08752502421937,34.57,127.3
2025-08-27 22:00:00,광양항세방,,0,6,118.13680268609846,34.93,127.71
2025-08-27 22:00:00,구미,,0,6,117.79918752864269,36.13,128.34
2025-08-27 22:00:00,삼천포,,0,6,118.35783641319073,34.95,128.07
2025-08-27 22:00:00,여수,,0,6,118.27219793524694,34.74,127.74
2025-08-27 22:00:00,영동,,0,6,117.21457620864592,37.18,128.46
2025-08-27 22:00:00,영흥,,0,6,115.91577401188619,37.26,126.46
2025-08-27 22:00:00,예천,,0,6,117.54860495847736,36.65,128.46
2025-08-27 22:00:00,창원,,0,6,118.52507555305962,35.21,128.58
2025-08-27 22:00:00,탑선,,0,6,117.36312385195623,35.24,126.81
2025-08-27 23:00:00,경상대,,0,6,126.91175039441511,35.18,128.1
2025-08-27 23:00:00,고흥만수상,,0,6,126.98402007947432,34.57,127.3
2025-08-27 23:00:00,광양항세방,,0,6,126.91235552937312,34.93,127.71
2025-08-27 23:00:00,구미,,0,6,126.27514762389018,36.13,128.34
2025-08-27 23:00:00,삼천포,,0,6,127.07848053411848,34.95,128.07
2025-08-27 23:00:00,여수,,0,6,127.07677068525479,34.74,127.74
2025-08-27 23:00:00,영동,,0,6,125.49130713873026,37.18,128.46
2025-08-27 23:00:00,영흥,,0,6,124.45873700103806,37.26,126.46
2025-08-27 23:00:00,예천,,0,6,125.91700019565022,36.65,128.46
2025-08-27 23:00:00,창원,,0,6,127.12645283350054,35.21,128.58
2025-08-27 23:00:00,탑선,,0,6,126.21035245396374,35.24,126.81
2025-08-28 00:00:00,경상대,,0,6,132.87651360571027,35.18,128.1
2025-08-28 00:00:00,고흥만수상,,0,6,133.2158711725206,34.57,127.3
2025-08-28 00:00:00,광양항세방,,0,6,133.00005456789833,34.93,127.71
2025-08-28 00:00:00,구미,,0,6,132.04815235352342,36.13,128.34
2025-08-28 00:00:00,삼천포,,0,6,133.0840799926691,34.95,128.07
2025-08-28 00:00:00,여수,,0,6,133.1865425465901,34.74,127.74
2025-08-28 00:00:00,영동,,0,6,131.08825313251435,37.18,128.46
2025-08-28 00:00:00,영흥,,0,6,130.46292979989892,37.26,126.46
2025-08-28 00:00:00,예천,,0,6,131.58921632945177,36.65,128.46
2025-08-28 00:00:00,창원,,0,6,132.9806157271014,35.21,128.58
2025-08-28 00:00:00,탑선,,0,6,132.4453165503073,35.24,126.81
2025-08-28 01:00:00,경상대,,0,6,135.00522840897867,35.18,128.1
2025-08-28 01:00:00,고흥만수상,,0,6,135.6126429702676,34.57,127.3
2025-08-28 01:00:00,광양항세방,,0,6,135.2555848250119,34.93,127.71
2025-08-28 01:00:00,구미,,0,6,134.05359291341722,36.13,128.34
2025-08-28 01:00:00,삼천포,,0,6,135.23535394495136,34.95,128.07
2025-08-28 01:00:00,여수,,0,6,135.44565817789564,34.74,127.74
2025-08-28 01:00:00,영동,,0,6,133.0024731626686,37.18,128.46
2025-08-28 01:00:00,영흥,,0,6,132.90761349878693,37.26,126.46
2025-08-28 01:00:00,예천,,0,6,133.53240428701406,36.65,128.46
2025-08-28 01:00:00,창원,,0,6,134.9706334864443,35.21,128.58
2025-08-28 01:00:00,탑선,,0,6,134.9349197217901,35.24,126.81
2025-08-28 02:00:00,경상대,,0,6,132.76697105957066,35.18,128.1
2025-08-28 02:00:00,고흥만수상,,0,6,133.56639961447164,34.57,127.3
2025-08-28 02:00:00,광양항세방,,0,6,133.11277570333226,34.93,127.71
2025-08-28 02:00:00,구미,,0,6,131.80930922690393,36.13,128.34
2025-08-28 02:00:00,삼천포,,0,6,132.99081064352447,34.95,128.07
2025-08-28 02:00:00,여수,,0,6,133.2824316664578,34.74,127.74
2025-08-28 02:00:00,영동,,0,6,130.7925099844813,37.18,128.46
2025-08-28 02:00:00,영흥,,0,6,131.24142642885826,37.26,126.46
2025-08-28 02:00:00,예천,,0,6,131.28868659405956,36.65,128.46
2025-08-28 02:00:00,창원,,0,6,132.59858358811732,35.21,128.58
2025-08-28 02:00:00,탑선,,0,6,133.06799925074597,35.24,126.81
2025-08-28 03:00:00,경상대,,0,6,126.71859917491986,35.18,128.1
2025-08-28 03:00:00,고흥만수상,,0,6,127.6032807595652,34.57,127.3
2025-08-28 03:00:00,광양항세방,,0,6,127.11233951470331,34.93,127.71
2025-08-28 03:00:00,구미,,0,6,125.85125896178165,36.13,128.34
2025-08-28 03:00:00,삼천포,,0,6,126.91430914309217,34.95,128.07
2025-08-28 03:00:00,여수,,0,6,127.24683348430446,34.74,127.74
2025-08-28 03:00:00,영동,,0,6,124.96377608975415,37.18,128.46
2025-08-28 03:00:00,영흥,,0,6,125.85091958094216,37.26,126.46
2025-08-28 03:00:00,예천,,0,6,125.38217210350356,36.65,128.46
2025-08-28 03:00:00,창원,,0,6,126.45089837375751,35.21,128.58
2025-08-28 03:00:00,탑선,,0,6,127.31358776898816,35.24,126.81
2025-08-28 04:00:00,경상대,,0,4,117.989422064607,35.18,128.1
2025-08-28 04:00:00,고흥만수상,,0,4,118.881837738771,34.57,127.3
2025-08-28 04:00:00,광양항세방,,0,4,118.39489593284057,34.93,127.71
2025-08-28 04:00:00,구미,,0,4,117.25453688758576,36.13,128.34
2025-08-28 04:00:00,삼천포,,0,4,118.14901984609678,34.95,128.07
2025-08-28 04:00:00,여수,,0,4,118.49171974448916,34.74,127.74
2025-08-28 04:00:00,영동,,0,4,116.53327114618716,37.18,128.46
2025-08-28 04:00:00,영흥,,0,4,117.7214087338283,37.26,126.46
2025-08-28 04:00:00,예천,,0,4,116.85939617834504,36.65,128.46
2025-08-28 04:00:00,창원,,0,4,117.65950910895981,35.21,128.58
2025-08-28 04:00:00,탑선,,0,4,118.78141935922952,35.24,126.81
2025-08-28 05:00:00,경상대,,0,6,107.58127080503077,35.18,128.1
2025-08-28 05:00:00,고흥만수상,,0,6,108.44010884510791,34.57,127.3
2025-08-28 05:00:00,광양항세방,,0,6,107.97817559890174,34.93,127.71
2025-08-28 05:00:00,구미,,0,6,106.98678518461361,36.13,128.34
2025-08-28 05:00:00,삼천포,,0,6,107.70462261609323,34.95,128.07
2025-08-28 05:00:00,여수,,0,6,108.04033346867587,34.74,127.74
2025-08-28 05:00:00,영동,,0,6,106.43440289795879,37.18,128.46
2025-08-28 05:00:00,영흥,,0,6,107.81460605929917,37.26,126.46
2025-08-28 05:00:00,예천,,0,6,106.66991241537238,36.65,128.46
2025-08-28 05:00:00,창원,,0,6,107.21555771786238,35.21,128.58
2025-08-28 05:00:00,탑선,,0,6,108.4966940242343,35.24,126.81
2025-08-28 06:00:00,경상대,,0,6,96.17368329401823,35.18,128.1
2025-08-28 06:00:00,고흥만수상,,0,6,96.97783477435587,34.57,127.3
2025-08-28 06:00:00,광양항세방,,0,6,96.55113095061617,34.93,127.71
2025-08-28 06:00:00,구미,,0,6,95.71686260671751,36.13,128.34
2025-08-28 06:00:00,삼천포,,0,6,96.26263851167306,34.95,128.07
2025-08-28 06:00:00,여수,,0,6,96.58219238573926,34.74,127.74
2025-08-28 06:00:00,영동,,0,6,95.32654915371506,37.18,128.46
2025-08-28 06:00:00,영흥,,0,6,96.82492560820113,37.26,126.46
2025-08-28 06:00:00,예천,,0,6,95.47685417701416,36.65,128.46
2025-08-28 06:00:00,창원,,0,6,95.7888978322748,35.21,128.58
2025-08-28 06:00:00,탑선,,0,6,97.1645766821855,35.24,126.81
2025-08-28 07:00:00,경상대,,0,6,84.20498410339653,35.18,128.1
2025-08-28 07:00:00,고흥만수상,,0,6,84.9405560167135,34.57,127.3
2025-08-28 07:00:00,광양항세방,,0,6,84.55575332817953,34.93,127.71
2025-08-28 07:00:00,구미,129.2,1,6,83.88425236527472,36.13,128.34
2025-08-28 07:00:00,삼천포,,0,6,84.26071932965088,34.95,128.07
2025-08-28 07:00:00,여수,,0,6,84.55805844914451,34.74,127.74
2025-08-28 07:00:00,영동,121.5,1,6,83.65171404209957,37.18,128.46
2025-08-28 07:00:00,영흥,,0,6,85.21770063544827,37.26,126.46
2025-08-28 07:00:00,예천,109.0,1,6,83.72033274570647,36.65,128.46
2025-08-28 07:00:00,창원,166.9,1,6,83.812243187973,35.21,128.58
2025-08-28 07:00:00,탑선,,0,6,85.23966763837467,35.24,126.81
2025-08-28 08:00:00,경상대,290.31666666666666,6,6,71.9856864600855,35.18,128.1
2025-08-28 08:00:00,고흥만수상,255.04999999999995,6,6,72.63804531198309,34.57,127.3
2025-08-28 08:00:00,광양항세방,224.63333333333333,6,6,72.30254710492834,34.93,127.71
2025-08-28 08:00:00,구미,182.64999999999998,6,6,71.80602743010809,36.13,128.34
2025-08-28 08:00:00,삼천포,303.34999999999997,6,6,72.00761853561674,34.95,128.07
2025-08-28 08:00:00,여수,284.00000000000006,6,6,72.27669006504263,34.74,127.74
2025-08-28 08:00:00,영동,172.76666666666665,6,6,71.73469712577837,37.18,128.46
2025-08-28 08:00:00,영흥,218.81666666666663,6,6,73.32845368225229,37.26,126.46
2025-08-28 08:00:00,예천,183.13333333333333,6,6,71.72099532495234,36.65,128.46
2025-08-28 08:00:00,창원,305.7166666666667,6,6,71.59391200926277,35.21,128.58
2025-08-28 08:00:00,탑선,266.8333333333333,6,6,73.04001316105476,35.24,126.81
2025-08-28 09:00:00,경상대,410.6000000000001,6,6,59.79464442086878,35.18,128.1
2025-08-28 09:00:00,고흥만수상,440.8666666666666,6,6,60.34174644406983,34.57,127.3
2025-08-28 09:00:00,광양항세방,403.7,6,6,60.067224756570255,34.93,127.71
2025-08-28 09:00:00,구미,355.8666666666666,6,6,59.7717921566908,36.13,128.34
2025-08-28 09:00:00,삼천포,497.6000000000001,6,6,59.77960387855279,34.95,128.07
2025-08-28 09:00:00,여수,480.06666666666666,6,6,60.01171978504115,34.74,127.74
2025-08-28 09:00:00,영동,409.55,6,6,59.876609158406765,37.18,128.46
2025-08-28 09:00:00,영흥,416.28333333333336,6,6,61.45671884816619,37.26,126.46
2025-08-28 09:00:00,예천,378.3666666666666,6,6,59.77426927481156,36.65,128.46
2025-08-28 09:00:00,창원,463.96666666666664,6,6,59.41366239366467,35.21,128.58
2025-08-28 09:00:00,탑선,403.5833333333333,6,6,60.844107797037736,35.24,126.81
2025-08-28 10:00:00,경상대,664.6833333333333,6,6,47.98850287720386,35.18,128.1
2025-08-28 10:00:00,고흥만수상,488.73333333333335,6,6,48.39118818796978,34.57,127.3
2025-08-28 10:00:00,광양항세방,568.4666666666667,6,6,48.1987251619843,34.93,127.71
2025-08-28 10:00:00,구미,549.5833333333334,6,6,48.154862174250134,36.13,128.34
2025-08-28 10:00:00,삼천포,596.4166666666666,6,6,47.929514483959764,34.95,128.07
2025-08-28 10:00:00,여수,576.7,6,6,48.10948755303085,34.74,127.74
2025-08-28 10:00:00,영동,624.4666666666667,6,6,48.467064117876596,37.18,128.46
2025-08-28 10:00:00,영흥,566.1166666666667,6,6,49.97270003465348,37.26,126.46
2025-08-28 10:00:00,예천,600.4166666666666,6,6,48.2622927562773,36.65,128.46
2025-08-28 10:00:00,창원,580.3833333333333,6,6,47.63361313838222,35.21,128.58
2025-08-28 10:00:00,탑선,607.25,6,6,48.9969580535642,35.24,126.81
2025-08-28 11:00:00,경상대,691.0333333333333,6,6,37.20778022522915,35.18,128.1
2025-08-28 11:00:00,고흥만수상,523.3833333333333,6,6,37.39163905516113,34.57,127.3
2025-08-28 11:00:00,광양항세방,701.8166666666666,6,6,37.32121467348899,34.93,127.71
2025-08-28 11:00:00,구미,692.2166666666666,6,6,37.61927384333208,36.13,128.34
2025-08-28 11:00:00,삼천포,792.1833333333333,6,6,37.09273400903433,34.95,128.07
2025-08-28 11:00:00,여수,608.2333333333332,6,6,37.19146732892762,34.74,127.74
2025-08-28 11:00:00,영동,673.3666666666667,6,6,38.18919933418197,37.18,128.46
2025-08-28 11:00:00,영흥,676.5500000000001,6,6,39.50321239025928,37.26,126.46
2025-08-28 11:00:00,예천,660.9499999999999,6,6,37.86074840651778,36.65,128.46
2025-08-28 11:00:00,창원,626.1166666666667,6,6,36.9097072796617,35.21,128.58
2025-08-28 11:00:00,탑선,688.3166666666666,6,6,38.10245261164155,35.24,126.81
2025-08-28 12:00:00,경상대,708.3666666666667,6,6,28.845949337854435,35.18,128.1
2025-08-28 12:00:00,고흥만수상,392.1333333333334,6,6,28.68136275373734,34.57,127.3
2025-08-28 12:00:00,광양항세방,547.4,6,6,28.801487337590594,34.93,127.71
2025-08-28 12:00:00,구미,721.1999999999999,6,6,29.564029842953012,36.13,128.34
2025-08-28 12:00:00,삼천포,811.9499999999999,6,6,28.66248630146565,34.95,128.07
2025-08-28 12:00:00,여수,706.3666666666668,6,6,28.627740134095284,34.74,127.74
2025-08-28 12:00:00,영동,721.0666666666666,6,6,30.431316705274853,37.18,128.46
2025-08-28 12:00:00,영흥,744.4666666666667,6,6,31.31090728732567,37.26,126.46
2025-08-28 12:00:00,예천,700.7833333333333,6,6,29.96817397074208,36.65,128.46
2025-08-28 12:00:00,창원,748.0333333333333,6,6,28.670665442304937,35.21,128.58
2025-08-28 12:00:00,탑선,703.6666666666666,6,6,29.461910846931126,35.24,126.81
2025-08-28 13:00:00,경상대,726.0666666666666,6,6,25.542869236751656,35.18,128.1
2025-08-28 13:00:00,고흥만수상,378.6666666666667,6,6,24.936142508636706,34.57,127.3
2025-08-28 13:00:00,광양항세방,777.3833333333333,6,6,25.291795641438654,34.93,127.71
2025-08-28 13:00:00,구미,776.8333333333334,6,6,26.495830507228874,36.13,128.34
2025-08-28 13:00:00,삼천포,826.0999999999999,6,6,25.31261374869996,34.95,128.07
2025-08-28 13:00:00,여수,821.3499999999999,6,6,25.101694167733854,34.74,127.74
2025-08-28 13:00:00,영동,756.5166666666665,6,6,27.547726223306675,37.18,128.46
2025-08-28 13:00:00,영흥,725.0,6,6,27.649031345888204,37.26,126.46
2025-08-28 13:00:00,예천,691.7166666666667,6,6,27.017858846394077,36.65,128.46
2025-08-28 13:00:00,창원,723.25,6,6,25.580978922480966,35.21,128.58
2025-08-28 13:00:00,탑선,749.3499999999999,6,6,25.618225749796224,35.24,126.81
2025-08-28 14:00:00,경상대,750.4166666666666,6,6,29.112581546748515,35.18,128.1
2025-08-28 14:00:00,고흥만수상,620.4833333333333,6,6,28.248097181146413,34.57,127.3
2025-08-28 14:00:00,광양항세방,754.6333333333333,6,6,28.731260514036947,34.93,127.71
2025-08-28 14:00:00,구미,725.4666666666667,6,6,30.021283660797934,36.13,128.34
2025-08-28 14:00:00,삼천포,866.2833333333333,6,6,28.90516470419312,34.95,128.07
2025-08-28 14:00:00,여수,867.0500000000001,6,6,28.583027603082442,34.74,127.74
2025-08-28 14:00:00,영동,545.7333333333333,6,6,30.967184043775873,37.18,128.46
2025-08-28 14:00:00,영흥,723.5833333333334,6,6,30.257435436318048,37.26,126.46
2025-08-28 14:00:00,예천,662.5666666666667,6,6,30.514488961470306,36.65,128.46
2025-08-28 14:00:00,창원,805.7333333333332,6,6,29.349769790227576,35.21,128.58
2025-08-28 14:00:00,탑선,756.8499999999999,6,6,28.620011932939263,35.24,126.81
2025-08-28 15:00:00,경상대,704.6500000000001,4,4,37.62129005235159,35.18,128.1
2025-08-28 15:00:00,고흥만수상,700.95,4,4,36.732495491945706,34.57,127.3
2025-08-28 15:00:00,광양항세방,686.175,4,4,37.216173750229515,34.93,127.71
2025-08-28 15:00:00,구미,634.875,4,4,38.33528934107196,36.13,128.34
2025-08-28 15:00:00,삼천포,763.2,4,4,37.468180558660656,34.95,128.07
2025-08-28 15:00:00,여수,807.1,4,4,37.12577548316808,34.74,127.74
2025-08-28 15:00:00,영동,365.47499999999997,4,4,39.03882942328581,37.18,128.46
2025-08-28 15:00:00,영흥,524.6,4,4,37.83901331400934,37.26,126.46
2025-08-28 15:00:00,예천,616.65,4,4,38.72131037558528,36.65,128.46
2025-08-28 15:00:00,창원,694.1249999999999,4,4,37.95916689672156,35.21,128.58
2025-08-28 15:00:00,탑선,619.225,4,4,36.80696605825337,35.24,126.81
2025-08-28 16:00:00,경상대,649.6,5,5,48.470520200203715,35.18,128.1
2025-08-28 16:00:00,고흥만수상,616.36,5,5,47.64103996199974,34.57,127.3
2025-08-28 16:00:00,광양항세방,601.0,5,5,48.08357699293547,34.93,127.71
2025-08-28 16:00:00,구미,496.12,5,5,48.99153230552512,36.13,128.34
2025-08-28 16:00:00,삼천포,699.6600000000001,5,5,48.36689484010757,34.95,128.07
2025-08-28 16:00:00,여수,665.26,5,5,48.03968652748349,34.74,127.74
2025-08-28 16:00:00,영동,400.93999999999994,5,5,49.46681714664538,37.18,128.46
2025-08-28 16:00:00,영흥,397.12,5,5,48.02993311554518,37.26,126.46
2025-08-28 16:00:00,예천,569.44,5,5,49.27075277544885,36.65,128.46
2025-08-28 16:00:00,창원,672.18,5,5,48.848606655516434,35.21,128.58
2025-08-28 16:00:00,탑선,519.74,5,5,47.509317673504334,35.24,126.81
2025-08-28 17:00:00,경상대,492.0666666666666,6,6,60.3118469919108,35.18,128.1
2025-08-28 17:00:00,고흥만수상,462.9833333333333,6,6,59.56185241919447,34.57,127.3
2025-08-28 17:00:00,광양항세방,433.7833333333333,6,6,59.9550273805259,34.93,127.71
2025-08-28 17:00:00,구미,483.0833333333333,6,6,60.66618197638001,36.13,128.34
2025-08-28 17:00:00,삼천포,532.9666666666667,6,6,60.2493237208474,34.95,128.07
2025-08-28 17:00:00,여수,537.8833333333334,6,6,59.9473112463009,34.74,127.74
2025-08-28 17:00:00,영동,439.2166666666667,6,6,60.94799133266709,37.18,128.46
2025-08-28 17:00:00,영흥,385.5,6,6,59.401390111433116,37.26,126.46
2025-08-28 17:00:00,예천,431.26666666666665,6,6,60.85262959688133,36.65,128.46
2025-08-28 17:00:00,창원,524.8000000000001,6,6,60.70368353129209,35.21,128.58
2025-08-28 17:00:00,탑선,486.2833333333333,6,6,59.28463787186075,35.24,126.81
2025-08-28 18:00:00,경상대,210.57500000000002,4,4,72.52392249845398,35.18,128.1
2025-08-28 18:00:00,고흥만수상,308.20000000000005,4,4,71.86084955044186,34.57,127.3
2025-08-28 18:00:00,광양항세방,254.775,4,4,72.20216080166996,34.93,127.71
2025-08-28 18:00:00,구미,212.04999999999998,4,4,72.72859666775362,36.13,128.34
2025-08-28 18:00:00,삼천포,280.85,4,4,72.49745352564231,34.95,128.07
2025-08-28 18:00:00,여수,307.675,4,4,72.22475781414256,34.74,127.74
2025-08-28 18:00:00,영동,227.275,4,4,72.83930182543381,37.18,128.46
2025-08-28 18:00:00,영흥,209.1,4,4,71.24939584499607,37.26,126.46
2025-08-28 18:00:00,예천,203.3,4,4,72.83159916258882,36.65,128.46
2025-08-28 18:00:00,창원,297.325,4,4,72.91636651326905,35.21,128.58
2025-08-28 18:00:00,탑선,269.45000000000005,4,4,71.47098628246755,35.24,126.81
2025-08-28 19:00:00,경상대,126.2,1,6,84.75742644915968,35.18,128.1
2025-08-28 19:00:00,고흥만수상,232.2,1,6,84.18999381675508,34.57,127.3
2025-08-28 19:00:00,광양항세방,187.4,1,6,84.47556295520718,34.93,127.71
2025-08-28 19:00:00,구미,84.0,1,6,84.81791605084396,36.13,128.34
2025-08-28 19:00:00,삼천포,196.0,1,6,84.76512266890394,34.95,128.07
2025-08-28 19:00:00,여수,230.5,1,6,84.52580851843575,34.74,127.74
2025-08-28 19:00:00,영동,159.3,1,6,84.76641832520586,37.18,128.46
2025-08-28 19:00:00,영흥,117.0,2,6,83.17682527190875,37.26,126.46
2025-08-28 19:00:00,예천,139.7,1,6,84.84063575515876,36.65,128.46
2025-08-28 19:00:00,창원,207.4,1,6,85.14149173617366,35.21,128.58
2025-08-28 19:00:00,탑선,132.10000000000002,2,6,83.70480878230379,35.24,126.81
2025-08-28 20:00:00,경상대,,0,6,96.73583006936788,35.18,128.1
2025-08-28 20:00:00,고흥만수상,,0,6,96.27877025290897,34.57,127.3
2025-08-28 20:00:00,광양항세방,,0,6,96.50111142144732,34.93,127.71
2025-08-28 20:00:00,구미,,0,6,96.64752497214806,36.13,128.34
2025-08-28 20:00:00,삼천포,,0,6,96.77830746305992,34.95,128.07
2025-08-28 20:00:00,여수,,0,6,96.57848236813943,34.74,127.74
2025-08-28 20:00:00,영동,,0,6,96.43176492466367,37.18,128.46
2025-08-28 20:00:00,영흥,,0,6,94.88213751642506,37.26,126.46
2025-08-28 20:00:00,예천,,0,6,96.5877135044377,36.65,128.46
2025-08-28 20:00:00,창원,,0,6,97.10255790078726,35.21,128.58
2025-08-28 20:00:00,탑선,,0,6,95.7074327966983,35.24,126.81
2025-08-28 21:00:00,경상대,,0,6,108.1477924044052,35.18,128.1
2025-08-28 21:00:00,고흥만수상,,0,6,107.82521064796825,34.57,127.3
2025-08-28 21:00:00,광양항세방,,0,6,107.97163495891122,34.93,127.71
2025-08-28 21:00:00,구미,,0,6,107.89709837335907,36.13,128.34
2025-08-28 21:00:00,삼천포,,0,6,108.2277395781074,34.95,128.07
2025-08-28 21:00:00,여수,,0,6,108.07705122969097,34.74,127.74
2025-08-28 21:00:00,영동,,0,6,107.5062565371087,37.18,128.46
2025-08-28 21:00:00,영흥,,0,6,106.04513481656642,37.26,126.46
2025-08-28 21:00:00,예천,,0,6,107.74779835869825,36.65,128.46
2025-08-28 21:00:00,창원,,0,6,108.48533576401975,35.21,128.58
2025-08-28 21:00:00,탑선,,0,6,107.17363474308652,35.24,126.81
2025-08-28 22:00:00,경상대,,0,4,118.55032267022557,35.18,128.1
2025-08-28 22:00:00,고흥만수상,,0,4,118.39907640933579,34.57,127.3
2025-08-28 22:00:00,광양항세방,,0,4,118.45010400406127,34.93,127.71
2025-08-28 22:00:00,구미,,0,4,118.11684630978701,36.13,128.34
2025-08-28 22:00:00,삼천포,,0,4,118.6718301597313,34.95,128.07
2025-08-28 22:00:00,여수,,0,4,118.58501728489284,34.74,127.74
2025-08-28 22:00:00,영동,,0,4,117.53514153148568,37.18,128.46
2025-08-28 22:00:00,영흥,,0,4,116.23330935572753,37.26,126.46
2025-08-28 22:00:00,예천,,0,4,117.86782044561015,36.65,128.46
2025-08-28 22:00:00,창원,,0,4,118.84068471121614,35.21,128.58
2025-08-28 22:00:00,탑선,,0,4,117.67572365230919,35.24,126.81
2025-08-28 23:00:00,경상대,,0,6,127.25297233556134,35.18,128.1
2025-08-28 23:00:00,고흥만수상,,0,6,127.3228903915581,34.57,127.3
2025-08-28 23:00:00,광양항세방,,0,6,127.2525264989094,34.93,127.71
2025-08-28 23:00:00,구미,,0,6,126.61819244677332,36.13,128.34
2025-08-28 23:00:00,삼천포,,0,6,127.41928910878279,34.95,128.07
2025-08-28 23:00:00,여수,,0,6,127.4166818221482,34.74,127.74
2025-08-28 23:00:00,영동,,0,6,125.83601199089624,37.18,128.46
2025-08-28 23:00:00,영흥,,0,6,124.80057334659514,37.26,126.46
2025-08-28 23:00:00,예천,,0,6,126.26097324258784,36.65,128.46
2025-08-28 23:00:00,창원,,0,6,127.46850981823405,35.21,128.58
2025-08-28 23:00:00,탑선,,0,6,126.5495171367651,35.24,126.81
2025-08-29 00:00:00,경상대,,0,6,133.23602271678425,35.18,128.1
2025-08-29 00:00:00,고흥만수상,,0,6,133.57469731067613,34.57,127.3
2025-08-29 00:00:00,광양항세방,,0,6,133.35926381574635,34.93,127.71
2025-08-29 00:00:00,구미,,0,6,132.4080046706736,36.13,128.34
2025-08-29 00:00:00,삼천포,,0,6,133.4435127031851,34.95,128.07
2025-08-29 00:00:00,여수,,0,6,133.54571559058581,34.74,127.74
2025-08-29 00:00:00,영동,,0,6,131.44835749774253,37.18,128.46
2025-08-29 00:00:00,영흥,,0,6,130.82205394942747,37.26,126.46
2025-08-29 00:00:00,예천,,0,6,131.9492255559557,36.65,128.46
2025-08-29 00:00:00,창원,,0,6,133.34038939984094,35.21,128.58
2025-08-29 00:00:00,탑선,,0,6,132.80402483092092,35.24,126.81
2025-08-29 01:00:00,경상대,,0,6,135.35834933076077,35.18,128.1
2025-08-29 01:00:00,고흥만수상,,0,6,135.96694083070017,34.57,127.3
2025-08-29 01:00:00,광양항세방,,0,6,135.6092857913231,34.93,127.71
2025-08-29 01:00:00,구미,,0,6,134.40636927291087,36.13,128.34
2025-08-29 01:00:00,삼천포,,0,6,135.58851754083315,34.95,128.07
2025-08-29 01:00:00,여수,,0,6,135.79931571371543,34.74,127.74
2025-08-29 01:00:00,영동,,0,6,133.35509826805207,37.18,128.46
2025-08-29 01:00:00,영흥,,0,6,133.26291553470543,37.26,126.46
2025-08-29 01:00:00,예천,,0,6,133.88501441466644,36.65,128.46
2025-08-29 01:00:00,창원,,0,6,135.32301292153937,35.21,128.58
2025-08-29 01:00:00,탑선,,0,6,135.28986866313903,35.24,126.81
2025-08-29 02:00:00,경상대,,0,6,133.08354347105626,35.18,128.1
2025-08-29 02:00:00,고흥만수상,,0,6,133.88463571847467,34.57,127.3
2025-08-29 02:00:00,광양항세방,,0,6,133.43021980629425,34.93,127.71
2025-08-29 02:00:00,구미,,0,6,132.12651539272164,36.13,128.34
2025-08-29 02:00:00,삼천포,,0,6,133.30713917721562,34.95,128.07
2025-08-29 02:00:00,여수,,0,6,133.5995060439298,34.74,127.74
2025-08-29 02:00:00,영동,,0,6,131.11083825087397,37.18,128.46
2025-08-29 02:00:00,영흥,,0,6,131.56559538694611,37.26,126.46
2025-08-29 02:00:00,예천,,0,6,131.60627170091774,36.65,128.46
2025-08-29 02:00:00,창원,,0,6,132.9136768532664,35.21,128.58
2025-08-29 02:00:00,탑선,,0,6,133.38867408420484,35.24,126.81
2025-08-29 03:00:00,경상대,,0,4,126.9842694760408,35.18,128.1
2025-08-29 03:00:00,고흥만수상,,0,4,127.86969882737505,34.57,127.3
2025-08-29 03:00:00,광양항세방,,0,4,127.37852183696057,34.93,127.71
2025-08-29 03:00:00,구미,,0,4,126.1192319425229,36.13,128.34
2025-08-29 03:00:00,삼천포,,0,4,127.17931688028204,34.95,128.07
2025-08-29 03:00:00,여수,,0,4,127.51228172513201,34.74,127.74
2025-08-29 03:00:00,영동,,0,4,125.2346979502677,37.18,128.46
2025-08-29 03:00:00,영흥,,0,4,126.12850875552856,37.26,126.46
2025-08-29 03:00:00,예천,,0,4,125.65141995249148,36.65,128.46
2025-08-29 03:00:00,창원,,0,4,126.7150316566569,35.21,128.58
2025-08-29 03:00:00,탑선,,0,4,127.58387314496184,35.24,126.81
2025-08-29 04:00:00,경상대,,0,6,118.20771544465656,35.18,128.1
2025-08-29 04:00:00,고흥만수상,,0,6,119.09965822264604,34.57,127.3
2025-08-29 04:00:00,광양항세방,,0,6,118.61316729082242,34.93,127.71
2025-08-29 04:00:00,구미,,0,6,117.47641724841645,36.13,128.34
2025-08-29 04:00:00,삼천포,,0,6,118.36635506724673,34.95,128.07
2025-08-29 04:00:00,여수,,0,6,118.70904258607159,34.74,127.74
2025-08-29 04:00:00,영동,,0,6,116.75943326120128,37.18,128.46
2025-08-29 04:00:00,영흥,,0,6,117.95338568501478,37.26,126.46
2025-08-29 04:00:00,예천,,0,6,117.08324391068689,36.65,128.46
2025-08-29 04:00:00,창원,,0,6,117.87658729710408,35.21,128.58
2025-08-29 04:00:00,탑선,,0,6,119.00366938567811,35.24,126.81
2025-08-29 05:00:00,경상대,,0,6,107.7629656692744,35.18,128.1
2025-08-29 05:00:00,고흥만수상,,0,6,108.62032233424101,34.57,127.3
2025-08-29 05:00:00,광양항세방,,0,6,108.15938828559598,34.93,127.71
2025-08-29 05:00:00,구미,,0,6,107.17284955072903,36.13,128.34
2025-08-29 05:00:00,삼천포,,0,6,107.88519411229,34.95,128.07
2025-08-29 05:00:00,여수,,0,6,108.22050357702985,34.74,127.74
2025-08-29 05:00:00,영동,,0,6,106.62552429625444,37.18,128.46
2025-08-29 05:00:00,영흥,,0,6,108.0101617100311,37.26,126.46
2025-08-29 05:00:00,예천,,0,6,106.85836984998926,36.65,128.46
2025-08-29 05:00:00,창원,,0,6,107.39642925091623,35.21,128.58
2025-08-29 05:00:00,탑선,,0,6,108.6813820909216,35.24,126.81
2025-08-29 06:00:00,경상대,,0,6,96.33020940216743,35.18,128.1
2025-08-29 06:00:00,고흥만수상,,0,6,97.13208071037039,34.57,127.3
2025-08-29 06:00:00,광양항세방,,0,6,96.70680215921001,34.93,127.71
2025-08-29 06:00:00,구미,,0,6,95.87827119940647,36.13,128.34
2025-08-29 06:00:00,삼천포,,0,6,96.41794022418522,34.95,128.07
2025-08-29 06:00:00,여수,,0,6,96.73677827923281,34.74,127.74
2025-08-29 06:00:00,영동,,0,6,95.4934968751415,37.18,128.46
2025-08-29 06:00:00,영흥,,0,6,96.99491317949797,37.26,126.46
2025-08-29 06:00:00,예천,,0,6,95.6409352614825,36.65,128.46
2025-08-29 06:00:00,창원,,0,6,95.94496188430027,35.21,128.58
2025-08-29 06:00:00,탑선,,0,6,97.32316889165813,35.24,126.81
2025-08-29 07:00:00,경상대,,0,6,84.34689002079158,35.18,128.1
2025-08-29 07:00:00,고흥만수상,,0,6,85.07946002769413,34.57,127.3
2025-08-29 07:00:00,광양항세방,,0,6,84.6964656724984,34.93,127.71
2025-08-29 07:00:00,구미,,0,6,84.03148704142575,36.13,128.34
2025-08-29 07:00:00,삼천포,,0,6,84.40131336625024,34.95,128.07
2025-08-29 07:00:00,여수,,0,6,84.69765110230546,34.74,127.74
2025-08-29 07:00:00,영동,116.1,1,6,83.80489193162798,37.18,128.46
2025-08-29 07:00:00,영흥,,0,6,85.37257862375664,37.26,126.46
2025-08-29 07:00:00,예천,174.6,1,6,83.87048012614848,36.65,128.46
2025-08-29 07:00:00,창원,171.2,1,6,83.95402290410195,35.21,128.58
2025-08-29 07:00:00,탑선,,0,6,85.38277661346348,35.24,126.81
2025-08-29 08:00:00,경상대,290.26666666666665,6,6,72.12330640025043,35.18,128.1
2025-08-29 08:00:00,고흥만수상,279.01666666666665,6,6,72.77188085140655,34.57,127.3
2025-08-29 08:00:00,광양항세방,257.65000000000003,6,6,72.43860781948632,34.93,127.71
2025-08-29 08:00:00,구미,284.73333333333335,6,6,71.94948204271257,36.13,128.34
2025-08-29 08:00:00,삼천포,306.90000000000003,6,6,72.14382353745656,34.95,128.07
2025-08-29 08:00:00,여수,288.7833333333333,6,6,72.41158498242717,34.74,127.74
2025-08-29 08:00:00,영동,259.75,6,6,71.88454328627331,37.18,128.46
2025-08-29 08:00:00,영흥,187.56666666666663,6,6,73.47858962822917,37.26,126.46
2025-08-29 08:00:00,예천,278.28333333333336,6,6,71.86762945013022,36.65,128.46
2025-08-29 08:00:00,창원,298.2,6,6,71.7317591534622,35.21,128.58
2025-08-29 08:00:00,탑선,233.48333333333332,6,6,73.17794258119127,35.24,126.81
2025-08-29 09:00:00,경상대,491.2833333333333,6,6,59.93973765339204,35.18,128.1
2025-08-29 09:00:00,고흥만수상,440.98333333333335,6,6,60.48207805703103,34.57,127.3
2025-08-29 09:00:00,광양항세방,450.98333333333335,6,6,60.21030340486699,34.93,127.71
2025-08-29 09:00:00,구미,470.3,6,6,59.92334508677497,36.13,128.34
2025-08-29 09:00:00,삼천포,506.8333333333333,6,6,59.923151469012126,34.95,128.07
2025-08-29 09:00:00,여수,487.11666666666673,6,6,60.15357163211515,34.74,127.74
2025-08-29 09:00:00,영동,358.8,6,6,60.03508105209144,37.18,128.46
2025-08-29 09:00:00,영흥,378.6166666666666,6,6,61.61375716241082,37.26,126.46
2025-08-29 09:00:00,예천,441.1166666666666,6,6,59.929321644511504,36.65,128.46
2025-08-29 09:00:00,창원,482.2333333333333,6,6,59.559421465909544,35.21,128.58
2025-08-29 09:00:00,탑선,431.3666666666666,6,6,60.98841417762882,35.24,126.81
2025-08-29 10:00:00,경상대,648.9499999999999,6,6,48.156866468611824,35.18,128.1
2025-08-29 10:00:00,고흥만수상,575.8333333333334,6,6,48.553512002859826,34.57,127.3
2025-08-29 10:00:00,광양항세방,615.0500000000001,6,6,48.36447462549725,34.93,127.71
2025-08-29 10:00:00,구미,584.4666666666666,6,6,48.33035198254471,36.13,128.34
2025-08-29 10:00:00,삼천포,565.7333333333333,6,6,48.096195150762,34.95,128.07
2025-08-29 10:00:00,여수,662.7333333333333,6,6,48.27396151138033,34.74,127.74
2025-08-29 10:00:00,영동,378.8833333333334,6,6,48.64993919828733,37.18,128.46
2025-08-29 10:00:00,영흥,513.3833333333333,6,6,50.15174404146112,37.26,126.46
2025-08-29 10:00:00,예천,536.6,6,6,48.44159993883093,36.65,128.46
2025-08-29 10:00:00,창원,656.2,6,6,47.80326541701051,35.21,128.58
2025-08-29 10:00:00,탑선,523.25,6,6,49.16295899198247,35.24,126.81
2025-08-29 11:00:00,경상대,778.4166666666666,6,6,37.422679730892504,35.18,128.1
2025-08-29 11:00:00,고흥만수상,749.4166666666666,6,6,37.599120150212265,34.57,127.3
2025-08-29 11:00:00,광양항세방,740.4833333333335,6,6,37.53283389570711,34.93,127.71
2025-08-29 11:00:00,구미,627.7333333333333,6,6,37.841425636970314,36.13,128.34
2025-08-29 11:00:00,삼천포,832.7666666666668,6,6,37.3059477773933,34.95,128.07
2025-08-29 11:00:00,여수,787.9666666666666,6,6,37.40189801926771,34.74,127.74
2025-08-29 11:00:00,영동,543.6333333333333,6,6,38.41845166706243,37.18,128.46
2025-08-29 11:00:00,영흥,674.7333333333333,6,6,39.725320969978426,37.26,126.46
2025-08-29 11:00:00,예천,576.1833333333333,6,6,38.08669999005427,36.65,128.46
2025-08-29 11:00:00,창원,792.3000000000001,6,6,37.12677337921373,35.21,128.58
2025-08-29 11:00:00,탑선,689.0499999999998,6,6,38.31263736531543,35.24,126.81
2025-08-29 12:00:00,경상대,833.0833333333334,6,6,29.13517798126952,35.18,128.1
2025-08-29 12:00:00,고흥만수상,840.2333333333332,6,6,28.963515403725197,34.57,127.3
2025-08-29 12:00:00,광양항세방,829.0,6,6,29.087519090892542,34.93,127.71
2025-08-29 12:00:00,구미,661.5666666666666,6,6,29.858222288453504,36.13,128.34
2025-08-29 12:00:00,삼천포,919.7333333333335,6,6,28.95060726630895,34.95,128.07
2025-08-29 12:00:00,여수,852.2833333333333,6,6,28.91312724036461,34.74,127.74
2025-08-29 12:00:00,영동,494.2,6,6,30.729827996111,37.18,128.46
2025-08-29 12:00:00,영흥,749.25,6,6,31.599848889396718,37.26,126.46
2025-08-29 12:00:00,예천,579.35,6,6,30.264858458541532,36.65,128.46
2025-08-29 12:00:00,창원,829.5833333333334,6,6,28.962649748074767,35.21,128.58
2025-08-29 12:00:00,탑선,691.5499999999998,6,6,29.74431519274932,35.24,126.81
2025-08-29 13:00:00,경상대,859.5166666666665,6,6,25.89842884031428,35.18,128.1
2025-08-29 13:00:00,고흥만수상,881.3666666666668,6,6,25.289704224945197,34.57,127.3
2025-08-29 13:00:00,광양항세방,851.65,6,6,25.64642825903448,34.93,127.71
2025-08-29 13:00:00,구미,684.4666666666667,6,6,26.851875224242505,36.13,128.34
2025-08-29 13:00:00,삼천포,940.7333333333332,6,6,25.668111743436228,34.95,128.07
2025-08-29 13:00:00,여수,854.7166666666668,6,6,25.456399905784423,34.74,127.74
2025-08-29 13:00:00,영동,643.65,6,6,27.903954409789947,37.18,128.46
2025-08-29 13:00:00,영흥,833.1166666666667,6,6,28.000672659778523,37.26,126.46
2025-08-29 13:00:00,예천,630.1333333333333,6,6,27.3741206432655,36.65,128.46
2025-08-29 13:00:00,창원,814.6833333333334,6,6,25.937593621871457,35.21,128.58
2025-08-29 13:00:00,탑선,746.0999999999999,6,6,25.970513193557494,35.24,126.81
2025-08-29 14:00:00,경상대,856.3499999999999,6,6,29.46354147674183,35.18,128.1
2025-08-29 14:00:00,고흥만수상,876.4499999999999,6,6,28.599821529738932,34.57,127.3
2025-08-29 14:00:00,광양항세방,839.7166666666666,6,6,29.082666824175078,34.93,127.71
2025-08-29 14:00:00,구미,731.5166666666668,6,6,30.373294811067225,36.13,128.34
2025-08-29 14:00:00,삼천포,925.15,6,6,29.255791272202565,34.95,128.07
2025-08-29 14:00:00,여수,830.3666666666667,6,6,28.934040861232738,34.74,127.74
2025-08-29 14:00:00,영동,589.7833333333334,6,6,31.32052495474946,37.18,128.46
2025-08-29 14:00:00,영흥,817.75,6,6,30.61429459322094,37.26,126.46
2025-08-29 14:00:00,예천,668.0333333333334,6,6,30.86705924737263,36.65,128.46
2025-08-29 14:00:00,창원,841.9166666666666,6,6,29.699695457968183,35.21,128.58
2025-08-29 14:00:00,탑선,648.9333333333334,6,6,28.973818239974037,35.24,126.81
2025-08-29 15:00:00,경상대,799.5166666666665,6,6,37.93330357695035,35.18,128.1
2025-08-29 15:00:00,고흥만수상,692.7666666666668,6,6,37.04391532402179,34.57,127.3
2025-08-29 15:00:00,광양항세방,770.1666666666666,6,6,37.528099181154936,34.93,127.71
2025-08-29 15:00:00,구미,651.9,6,6,38.65066615054432,36.13,128.34
2025-08-29 15:00:00,삼천포,857.2666666666668,6,6,37.77927842287412,34.95,128.07
2025-08-29 15:00:00,여수,815.2833333333333,6,6,37.43679971201069,34.74,127.74
2025-08-29 15:00:00,영동,491.40000000000003,6,6,39.358032315933436,37.18,128.46
2025-08-29 15:00:00,영흥,717.25,6,6,38.163145067470985,37.26,126.46
2025-08-29 15:00:00,예천,652.8000000000001,6,6,39.03847256336038,36.65,128.46
2025-08-29 15:00:00,창원,781.2666666666665,6,6,38.27011407514397,35.21,128.58
2025-08-29 15:00:00,탑선,717.2666666666668,6,6,37.12250078094061,35.24,126.81
2025-08-29 16:00:00,경상대,680.3199999999999,5,5,48.75218714109452,35.18,128.1
2025-08-29 16:00:00,고흥만수상,701.26,5,5,47.92089703996458,34.57,127.3
2025-08-29 16:00:00,광양항세방,639.9399999999999,5,5,48.364601806763005,34.93,127.71
2025-08-29 16:00:00,구미,588.02,5,5,49.277472239249924,36.13,128.34
2025-08-29 16:00:00,삼천포,714.8599999999999,5,5,48.64745982003355,34.95,128.07
2025-08-29 16:00:00,여수,556.18,5,5,48.31970817296799,34.74,127.74
2025-08-29 16:00:00,영동,472.9,5,5,49.75751334822705,37.18,128.46
2025-08-29 16:00:00,영흥,564.72,5,5,48.324084516519,37.26,126.46
2025-08-29 16:00:00,예천,532.8,5,5,49.55898204459719,36.65,128.46
2025-08-29 16:00:00,창원,686.9399999999998,5,5,49.129691003951486,35.21,128.58
2025-08-29 16:00:00,탑선,626.36,5,5,47.793321822312,35.24,126.81
2025-08-29 17:00:00,경상대,521.7666666666668,6,6,60.5772286335024,35.18,128.1
2025-08-29 17:00:00,고흥만수상,451.8333333333333,6,6,59.82478792463836,34.57,127.3
2025-08-29 17:00:00,광양항세방,490.09999999999997,6,6,60.21945364036239,34.93,127.71
2025-08-29 17:00:00,구미,463.15000000000003,6,6,60.93598896091615,36.13,128.34
2025-08-29 17:00:00,삼천포,457.26666666666665,6,6,60.51359774138358,34.95,128.07
2025-08-29 17:00:00,여수,516.3333333333334,6,6,60.210778045617836,34.74,127.74
2025-08-29 17:00:00,영동,269.25,6,6,61.22266001978069,37.18,128.46
2025-08-29 17:00:00,영흥,426.1666666666667,6,6,59.677918182487915,37.26,126.46
2025-08-29 17:00:00,예천,424.3833333333334,6,6,61.12481934037743,36.65,128.46
2025-08-29 17:00:00,창원,543.4666666666666,6,6,60.96888625405954,35.21,128.58
2025-08-29 17:00:00,탑선,441.65000000000003,6,6,59.551244774509684,35.24,126.81
2025-08-29 18:00:00,경상대,318.48333333333335,6,6,72.78415110780713,35.18,128.1
2025-08-29 18:00:00,고흥만수상,340.1333333333334,6,6,72.11827703099617,34.57,127.3
2025-08-29 18:00:00,광양항세방,297.2333333333333,6,6,72.46124785615942,34.93,127.71
2025-08-29 18:00:00,구미,318.00000000000006,6,6,72.99316617546063,36.13,128.34
2025-08-29 18:00:00,삼천포,287.3833333333333,6,6,72.75661717455165,34.95,128.07
2025-08-29 18:00:00,여수,340.40000000000003,6,6,72.48295745875636,34.74,127.74
2025-08-29 18:00:00,영동,225.25,6,6,73.10857770563645,37.18,128.46
2025-08-29 18:00:00,영흥,194.3166666666667,6,6,71.51923460689623,37.26,126.46
2025-08-29 18:00:00,예천,286.4,6,6,73.0985088648693,36.65,128.46
2025-08-29 18:00:00,창원,267.56666666666666,6,6,73.17671772763862,35.21,128.58
2025-08-29 18:00:00,탑선,272.75,6,6,71.73158026213106,35.24,126.81
2025-08-29 19:00:00,경상대,191.9,1,6,85.0212244962021,35.18,128.1
2025-08-29 19:00:00,고흥만수상,209.6,1,6,84.45074614331357,34.57,127.3
2025-08-29 19:00:00,광양항세방,176.4,1,6,84.73808608490424,34.93,127.71
2025-08-29 19:00:00,구미,197.8,1,6,85.08590523612526,36.13,128.34
2025-08-29 19:00:00,삼천포,197.2,1,6,85.02790817230463,34.95,128.07
2025-08-29 19:00:00,여수,212.1,1,6,84.78751710428533,34.74,127.74
2025-08-29 19:00:00,영동,130.4,1,6,85.0388811400732,37.18,128.46
2025-08-29 19:00:00,영흥,158.75,2,6,83.44876913867378,37.26,126.46
2025-08-29 19:00:00,예천,178.2,1,6,85.11088048121567,36.65,128.46
2025-08-29 19:00:00,창원,207.9,1,6,85.40565795871738,35.21,128.58
2025-08-29 19:00:00,탑선,191.65,2,6,83.96826479441476,35.24,126.81
2025-08-29 20:00:00,경상대,,0,4,97.01073953951203,35.18,128.1
2025-08-29 20:00:00,고흥만수상,,0,4,96.55044577696586,34.57,127.3
2025-08-29 20:00:00,광양항세방,,0,4,96.77463955075986,34.93,127.71
2025-08-29 20:00:00,구미,,0,4,96.92642333270749,36.13,128.34
2025-08-29 20:00:00,삼천포,,0,4,97.05226593515442,34.95,128.07
2025-08-29 20:00:00,여수,,0,4,96.85127283553493,34.74,127.74
2025-08-29 20:00:00,영동,,0,4,96.71483687286891,37.18,128.46
2025-08-29 20:00:00,영흥,,0,4,95.16371536687427,37.26,126.46
2025-08-29 20:00:00,예천,,0,4,96.86874838263691,36.65,128.46
2025-08-29 20:00:00,창원,,0,4,97.37805735938329,35.21,128.58
2025-08-29 20:00:00,탑선,,0,4,95.98135546232446,35.24,126.81
2025-08-29 21:00:00,경상대,,0,6,108.44085651079337,35.18,128.1
2025-08-29 21:00:00,고흥만수상,,0,6,108.11494806537232,34.57,127.3
2025-08-29 21:00:00,광양항세방,,0,6,108.2632537104553,34.93,127.71
2025-08-29 21:00:00,구미,,0,6,108.19381432324906,36.13,128.34
2025-08-29 21:00:00,삼천포,,0,6,108.5199441824443,34.95,128.07
2025-08-29 21:00:00,여수,,0,6,108.36803138796523,34.74,127.74
2025-08-29 21:00:00,영동,,0,6,107.80668998792837,37.18,128.46
2025-08-29 21:00:00,영흥,,0,6,106.343179611001,37.26,126.46
2025-08-29 21:00:00,예천,,0,6,108.04645335907438,36.65,128.46
2025-08-29 21:00:00,창원,,0,6,108.77919308813028,35.21,128.58
2025-08-29 21:00:00,탑선,,0,6,107.46509814860579,35.24,126.81
2025-08-29 22:00:00,경상대,,0,6,118.86767647052615,35.18,128.1
2025-08-29 22:00:00,고흥만수상,,0,6,118.71327463834042,34.57,127.3
2025-08-29 22:00:00,광양항세방,,0,6,118.7660658036324,34.93,127.71
2025-08-29 22:00:00,구미,,0,6,118.43720430848006,36.13,128.34
2025-08-29 22:00:00,삼천포,,0,6,118.98848722673159,34.95,128.07
2025-08-29 22:00:00,여수,,0,6,118.90049146315631,34.74,127.74
2025-08-29 22:00:00,영동,,0,6,117.85843466776771,37.18,128.46
2025-08-29 22:00:00,영흥,,0,6,116.55356430787816,37.26,126.46
2025-08-29 22:00:00,예천,,0,6,118.18974996133066,36.65,128.46
2025-08-29 22:00:00,창원,,0,6,119.15896822583099,35.21,128.58
2025-08-29 22:00:00,탑선,,0,6,117.99098809608827,35.24,126.81
2025-08-29 23:00:00,경상대,,0,6,127.59699056302983,35.18,128.1
2025-08-29 23:00:00,고흥만수상,,0,6,127.66453793351613,34.57,127.3
2025-08-29 23:00:00,광양항세방,,0,6,127.59548561657581,34.93,127.71
2025-08-29 23:00:00,구미,,0,6,126.96405084428459,36.13,128.34
2025-08-29 23:00:00,삼천포,,0,6,127.762889670077,34.95,128.07
2025-08-29 23:00:00,여수,,0,6,127.75937789656646,34.74,127.74
2025-08-29 23:00:00,영동,,0,6,126.18354573956265,37.18,128.46
2025-08-29 23:00:00,영흥,,0,6,125.14522586694164,37.26,126.46
2025-08-29 23:00:00,예천,,0,6,126.60776820177708,36.65,128.46
2025-08-29 23:00:00,창원,,0,6,127.81336800604664,35.21,128.58
2025-08-29 23:00:00,탑선,,0,6,126.89146704070947,35.24,126.81
2025-08-30 00:00:00,경상대,,0,6,133.598359006417,35.18,128.1
2025-08-30 00:00:00,고흥만수상,,0,6,133.93635952036544,34.57,127.3
2025-08-30 00:00:00,광양항세방,,0,6,133.72130477370982,34.93,127.71
2025-08-30 00:00:00,구미,,0,6,132.770677599134,36.13,128.34
2025-08-30 00:00:00,삼천포,,0,6,133.80577375532312,34.95,128.07
2025-08-30 00:00:00,여수,,0,6,133.90772070541777,34.74,127.74
2025-08-30 00:00:00,영동,,0,6,131.8112759720666,37.18,128.46
2025-08-30 00:00:00,영흥,,0,6,131.18401261775483,37.26,126.46
2025-08-30 00:00:00,예천,,0,6,132.312051533378,36.65,128.46
2025-08-30 00:00:00,창원,,0,6,133.7029850869224,35.21,128.58
2025-08-30 00:00:00,탑선,,0,6,133.16557099141804,35.24,126.81
2025-08-30 01:00:00,경상대,,0,6,135.71382549448532,35.18,128.1
2025-08-30 01:00:00,고흥만수상,,0,6,136.32363428932337,34.57,127.3
2025-08-30 01:00:00,광양항세방,,0,6,135.9653617794264,34.93,127.71
2025-08-30 01:00:00,구미,,0,6,134.76149230677032,36.13,128.34
2025-08-30 01:00:00,삼천포,,0,6,135.94403705567976,34.95,128.07
2025-08-30 01:00:00,여수,,0,6,136.15534606320534,34.74,127.74
2025-08-30 01:00:00,영동,,0,6,133.71006866260444,37.18,128.46
2025-08-30 01:00:00,영흥,,0,6,133.6206577915414,37.26,126.46
2025-08-30 01:00:00,예천,,0,6,134.23996741256957,36.65,128.46
2025-08-30 01:00:00,창원,,0,6,135.67772187376406,35.21,128.58
2025-08-30 01:00:00,탑선,,0,6,135.64723939621163,35.24,126.81
2025-08-30 02:00:00,경상대,,0,4,133.40147792473599,35.18,128.1
2025-08-30 02:00:00,고흥만수상,,0,4,134.20425976968752,34.57,127.3
2025-08-30 02:00:00,광양항세방,,0,4,133.74904069575211,34.93,127.71
2025-08-30 02:00:00,구미,,0,4,132.4451152211228,36.13,128.34
2025-08-30 02:00:00,삼천포,,0,4,133.62481994274248,34.95,128.07
2025-08-30 02:00:00,여수,,0,4,133.91794530539056,34.74,127.74
2025-08-30 02:00:00,영동,,0,4,131.43060324029435,37.18,128.46
2025-08-30 02:00:00,영흥,,0,4,131.89133292939474,37.26,126.46
2025-08-30 02:00:00,예천,,0,4,131.92526808977334,36.65,128.46
2025-08-30 02:00:00,창원,,0,4,133.2301001283228,35.21,128.58
2025-08-30 02:00:00,탑선,,0,4,133.71080473209327,35.24,126.81
2025-08-30 03:00:00,경상대,,0,6,127.25039237880507,35.18,128.1
2025-08-30 03:00:00,고흥만수상,,0,6,128.13655697514372,34.57,127.3
2025-08-30 03:00:00,광양항세방,,0,6,127.64515447191097,34.93,127.71
2025-08-30 03:00:00,구미,,0,6,126.38772376482592,36.13,128.34
2025-08-30 03:00:00,삼천포,,0,6,127.44475951219948,34.95,128.07
2025-08-30 03:00:00,여수,,0,6,127.77816297215537,34.74,127.74
2025-08-30 03:00:00,영동,,0,6,125.50621571123676,37.18,128.46
2025-08-30 03:00:00,영흥,,0,6,126.40679187540887,37.26,126.46
2025-08-30 03:00:00,예천,,0,6,125.92122246668642,36.65,128.46
2025-08-30 03:00:00,창원,,0,6,126.97959780458716,35.21,128.58
2025-08-30 03:00:00,탑선,,0,6,127.85467809581317,35.24,126.81
2025-08-30 04:00:00,경상대,,0,6,118.42597950367994,35.18,128.1
2025-08-30 04:00:00,고흥만수상,,0,6,119.3174128597511,34.57,127.3
2025-08-30 04:00:00,광양항세방,,0,6,118.83139553175388,34.93,127.71
2025-08-30 04:00:00,구미,,0,6,117.69834258861596,36.13,128.34
2025-08-30 04:00:00,삼천포,,0,6,118.58364221557858,34.95,128.07
2025-08-30 04:00:00,여수,,0,6,118.92630569802857,34.74,127.74
2025-08-30 04:00:00,영동,,0,6,116.98572323853112,37.18,128.46
2025-08-30 04:00:00,영흥,,0,6,118.18553703620641,37.26,126.46
2025-08-30 04:00:00,예천,,0,6,117.30717680070372,36.65,128.46
2025-08-30 04:00:00,창원,,0,6,118.09363010243001,35.21,128.58
2025-08-30 04:00:00,탑선,,0,6,119.22592001608257,35.24,126.81
2025-08-30 05:00:00,경상대,,0,6,107.94451220014071,35.18,128.1
2025-08-30 05:00:00,고흥만수상,,0,6,108.80034174292636,34.57,127.3
2025-08-30 05:00:00,광양항세방,,0,6,108.3404338765316,34.93,127.71
2025-08-30 05:00:00,구미,,0,6,107.35883498900958,36.13,128.34
2025-08-30 05:00:00,삼천포,,0,6,108.06560037155359,34.95,128.07
2025-08-30 05:00:00,여수,,0,6,108.40049260223213,34.74,127.74
2025-08-30 05:00:00,영동,,0,6,106.81664241875518,37.18,128.46
2025-08-30 05:00:00,영흥,,0,6,108.20572190102064,37.26,126.46
2025-08-30 05:00:00,예천,,0,6,107.04678596192943,36.65,128.46
2025-08-30 05:00:00,창원,,0,6,107.57715527955888,35.21,128.58
2025-08-30 05:00:00,탑선,,0,6,108.86592569993829,35.24,126.81
2025-08-30 06:00:00,경상대,,0,4,96.4867004658317,35.18,128.1
2025-08-30 06:00:00,고흥만수상,,0,4,97.28624278462563,34.57,127.3
2025-08-30 06:00:00,광양항세방,,0,4,96.86241753029748,34.93,127.71
2025-08-30 06:00:00,구미,,0,4,96.03970682939541,36.13,128.34
2025-08-30 06:00:00,삼천포,,0,4,96.57319216402975,34.95,128.07
2025-08-30 06:00:00,여수,,0,4,96.89129684366719,34.74,127.74
2025-08-30 06:00:00,영동,,0,4,95.66053784802868,37.18,128.46
2025-08-30 06:00:00,영흥,,0,4,97.16497584280386,37.26,126.46
2025-08-30 06:00:00,예천,,0,4,95.80507700019355,36.65,128.46
2025-08-30 06:00:00,창원,,0,4,96.10099923845947,35.21,128.58
2025-08-30 06:00:00,탑선,,0,4,97.48171317896501,35.24,126.81
2025-08-30 07:00:00,경상대,,0,6,84.4890319869822,35.18,128.1
2025-08-30 07:00:00,고흥만수상,,0,6,85.21854960265978,34.57,127.3
2025-08-30 07:00:00,광양항세방,,0,6,84.83739200929062,34.93,127.71
2025-08-30 07:00:00,구미,,0,6,84.17901316166655,36.13,128.34
2025-08-30 07:00:00,삼천포,,0,6,84.54213060565986,34.95,128.07
2025-08-30 07:00:00,여수,,0,6,84.83744832446835,34.74,127.74
2025-08-30 07:00:00,영동,120.6,1,6,83.9584187557206,37.18,128.46
2025-08-30 07:00:00,영흥,,0,6,85.52776769975318,37.26,126.46
2025-08-30 07:00:00,예천,,0,6,84.02094881085821,36.65,128.46
2025-08-30 07:00:00,창원,,0,6,84.09605117096488,35.21,128.58
2025-08-30 07:00:00,탑선,,0,6,85.5260961601796,35.24,126.81
2025-08-30 08:00:00,경상대,279.44,5,5,72.26156878828493,35.18,128.1
2025-08-30 08:00:00,고흥만수상,302.46,5,5,72.906306634258,34.57,127.3
2025-08-30 08:00:00,광양항세방,273.91999999999996,5,5,72.57528767501901,34.93,127.71
2025-08-30 08:00:00,구미,308.86,5,5,72.09362780857492,36.13,128.34
2025-08-30 08:00:00,삼천포,251.4,5,5,72.28065997242038,34.95,128.07
2025-08-30 08:00:00,여수,301.62,5,5,72.54709160908197,34.74,127.74
2025-08-30 08:00:00,영동,272.72,5,5,72.03512907696239,37.18,128.46
2025-08-30 08:00:00,영흥,198.21999999999997,5,5,73.62940888577256,37.26,126.46
2025-08-30 08:00:00,예천,245.34,5,5,72.0149807045241,36.65,128.46
2025-08-30 08:00:00,창원,306.12,5,5,71.87026532477063,35.21,128.58
2025-08-30 08:00:00,탑선,208.28000000000003,5,5,73.3164767821981,35.24,126.81
2025-08-30 09:00:00,경상대,495.9166666666667,6,6,60.08602453977913,35.18,128.1
2025-08-30 09:00:00,고흥만수상,503.4166666666667,6,6,60.62355047410823,34.57,127.3
2025-08-30 09:00:00,광양항세방,457.59999999999997,6,6,60.354551557061114,34.93,127.71
2025-08-30 09:00:00,구미,491.8500000000001,6,6,60.0761303013379,36.13,128.34
2025-08-30 09:00:00,삼천포,460.86666666666673,6,6,60.06788433883115,34.95,128.07
2025-08-30 09:00:00,여수,497.7166666666667,6,6,60.2965882499898,34.74,127.74
2025-08-30 09:00:00,영동,310.56666666666666,6,6,60.19482053955368,37.18,128.46
2025-08-30 09:00:00,영흥,321.2,6,6,61.77198699929279,37.26,126.46
2025-08-30 09:00:00,예천,448.0333333333333,6,6,60.08562640361956,36.65,128.46
2025-08-30 09:00:00,창원,493.0333333333333,6,6,59.70639532703506,35.21,128.58
2025-08-30 09:00:00,탑선,452.98333333333335,6,6,61.1338626029475,35.24,126.81
2025-08-30 10:00:00,경상대,669.6999999999999,6,6,48.32713173932756,35.18,128.1
2025-08-30 10:00:00,고흥만수상,678.8166666666667,6,6,48.7176913941389,34.57,127.3
2025-08-30 10:00:00,광양항세방,629.9666666666667,6,6,48.5321039258665,34.93,127.71
2025-08-30 10:00:00,구미,651.4666666666666,6,6,48.50776040802538,36.13,128.34
2025-08-30 10:00:00,삼천포,721.2333333333335,6,6,48.26477455886223,34.95,128.07
2025-08-30 10:00:00,여수,669.0,6,6,48.44031552507716,34.74,127.74
2025-08-30 10:00:00,영동,421.06666666666666,6,6,48.83474255941489,37.18,128.46
2025-08-30 10:00:00,영흥,538.7666666666667,6,6,50.332623100791125,37.26,126.46
2025-08-30 10:00:00,예천,397.1166666666666,6,6,48.62283364417296,36.65,128.46
2025-08-30 10:00:00,창원,661.7166666666666,6,6,47.97484437064025,35.21,128.58
2025-08-30 10:00:00,탑선,493.8166666666666,6,6,49.33079584694169,35.24,126.81
2025-08-30 11:00:00,경상대,791.0,4,4,37.640251378802546,35.18,128.1
2025-08-30 11:00:00,고흥만수상,788.9,4,4,37.80926088975768,34.57,127.3
2025-08-30 11:00:00,광양항세방,756.7749999999999,4,4,37.74711774674594,34.93,127.71
2025-08-30 11:00:00,구미,762.85,4,4,38.06621956416505,36.13,128.34
2025-08-30 11:00:00,삼천포,852.55,4,4,37.521842218990216,34.95,128.07
2025-08-30 11:00:00,여수,788.85,4,4,37.61500274733621,34.74,127.74
2025-08-30 11:00:00,영동,404.09999999999997,4,4,38.65030752637559,37.18,128.46
2025-08-30 11:00:00,영흥,659.575,4,4,39.94995137859148,37.26,126.46
2025-08-30 11:00:00,예천,504.1,4,4,38.31527681296832,36.65,128.46
2025-08-30 11:00:00,창원,755.5250000000001,4,4,37.34653195723638,35.21,128.58
2025-08-30 11:00:00,탑선,741.45,4,4,38.52543178270508,35.24,126.81
2025-08-30 12:00:00,경상대,852.1333333333333,6,6,29.427402096541506,35.18,128.1
2025-08-30 12:00:00,고흥만수상,707.9499999999999,6,6,29.248721739591154,34.57,127.3
2025-08-30 12:00:00,광양항세방,829.1833333333334,6,6,29.37657063968856,34.93,127.71
2025-08-30 12:00:00,구미,818.8333333333334,6,6,30.155336103220435,36.13,128.34
2025-08-30 12:00:00,삼천포,907.9499999999999,6,6,29.24174259923521,34.95,128.07
2025-08-30 12:00:00,여수,858.6333333333333,6,6,29.201549665550885,34.74,127.74
2025-08-30 12:00:00,영동,520.5166666666667,6,6,31.03118944665814,37.18,128.46
2025-08-30 12:00:00,영흥,636.2333333333332,6,6,31.8916474685741,37.26,126.46
2025-08-30 12:00:00,예천,694.6500000000001,6,6,30.564427300813932,36.65,128.46
2025-08-30 12:00:00,창원,680.2333333333332,6,6,29.257621208036994,35.21,128.58
2025-08-30 12:00:00,탑선,807.0500000000001,6,6,30.02972063969971,35.24,126.81
2025-08-30 13:00:00,경상대,865.625,4,4,26.25660536623579,35.18,128.1
2025-08-30 13:00:00,고흥만수상,875.5999999999999,4,4,25.645896705438375,34.57,127.3
2025-08-30 13:00:00,광양항세방,854.35,4,4,26.003683131167584,34.93,127.71
2025-08-30 13:00:00,구미,817.675,4,4,27.21052887298262,36.13,128.34
2025-08-30 13:00:00,삼천포,920.5250000000001,4,4,26.026228679369538,34.95,128.07
2025-08-30 13:00:00,여수,872.75,4,4,25.813729325373146,34.74,127.74
2025-08-30 13:00:00,영동,657.1999999999999,4,4,28.26278456629644,37.18,128.46
2025-08-30 13:00:00,영흥,794.5749999999999,4,4,28.354924430724786,37.26,126.46
2025-08-30 13:00:00,예천,752.0500000000001,4,4,27.7329877382204,36.65,128.46
2025-08-30 13:00:00,창원,838.25,4,4,26.296822641434886,35.21,128.58
2025-08-30 13:00:00,탑선,815.8499999999999,4,4,26.325430670517207,35.24,126.81
2025-08-30 14:00:00,경상대,848.9499999999999,6,6,29.817637833975247,35.18,128.1
2025-08-30 14:00:00,고흥만수상,583.5666666666667,6,6,28.954670694593425,34.57,127.3
2025-08-30 14:00:00,광양항세방,836.3833333333333,6,6,29.43720168534918,34.93,127.71
2025-08-30 14:00:00,구미,763.4000000000001,6,6,30.72840677182375,36.13,128.34
2025-08-30 14:00:00,삼천포,904.3666666666667,6,6,29.609565018600698,34.95,128.07
2025-08-30 14:00:00,여수,867.9166666666666,6,6,29.288194554510454,34.74,127.74
2025-08-30 14:00:00,영동,734.5,6,6,31.67692484300631,37.18,128.46
2025-08-30 14:00:00,영흥,639.1833333333333,6,6,30.97411845918549,37.26,126.46
2025-08-30 14:00:00,예천,765.8333333333334,6,6,31.222711850501824,36.65,128.46
2025-08-30 14:00:00,창원,821.8333333333334,6,6,30.052781426736516,35.21,128.58
2025-08-30 14:00:00,탑선,811.3166666666666,6,6,29.330688449762093,35.24,126.81
2025-08-30 15:00:00,경상대,538.1833333333334,6,6,38.24895612127394,35.18,128.1
2025-08-30 15:00:00,고흥만수상,819.4166666666666,6,6,37.35900607054996,34.57,127.3
2025-08-30 15:00:00,광양항세방,763.8000000000001,6,6,37.84367580760803,34.93,127.71
2025-08-30 15:00:00,구미,717.5333333333333,6,6,38.96962395366074,36.13,128.34
2025-08-30 15:00:00,삼천포,838.5333333333333,6,6,38.09403026337397,34.95,128.07
2025-08-30 15:00:00,여수,813.4666666666667,6,6,37.7514884056168,34.74,127.74
2025-08-30 15:00:00,영동,635.6,6,6,39.680754593934395,37.18,128.46
2025-08-30 15:00:00,영흥,673.8166666666667,6,6,38.490760670824805,37.26,126.46
2025-08-30 15:00:00,예천,699.6,6,6,39.359185460810515,36.65,128.46
2025-08-30 15:00:00,창원,799.7666666666665,6,6,38.58470342640941,35.21,128.58
2025-08-30 15:00:00,탑선,751.1666666666666,6,6,37.44165361019712,35.24,126.81
2025-08-30 16:00:00,경상대,673.12,5,5,49.037434000154626,35.18,128.1
2025-08-30 16:00:00,고흥만수상,696.3,5,5,48.20436706721443,34.57,127.3
2025-08-30 16:00:00,광양항세방,621.0600000000001,5,5,48.64922075055026,34.93,127.71
2025-08-30 16:00:00,구미,635.24,5,5,49.56695618971433,36.13,128.34
2025-08-30 16:00:00,삼천포,698.66,5,5,48.93161317070269,34.95,128.07
2025-08-30 16:00:00,여수,676.5799999999999,5,5,48.60333031183529,34.74,127.74
2025-08-30 16:00:00,영동,566.5400000000001,5,5,50.05171661862515,37.18,128.46
2025-08-30 16:00:00,영흥,620.22,5,5,48.62175863637396,37.26,126.46
2025-08-30 16:00:00,예천,566.5600000000001,5,5,49.85073625668503,36.65,128.46
2025-08-30 16:00:00,창원,675.04,5,5,49.414347579734475,35.21,128.58
2025-08-30 16:00:00,탑선,556.0,5,5,48.08092061831565,35.24,126.81
2025-08-30 17:00:00,경상대,496.50000000000006,6,6,60.84592586531424,35.18,128.1
2025-08-30 17:00:00,고흥만수상,521.6999999999999,6,6,60.09106065550087,34.57,127.3
2025-08-30 17:00:00,광양항세방,483.8500000000001,6,6,60.48720544041377,34.93,127.71
2025-08-30 17:00:00,구미,471.51666666666665,6,6,61.20909769526543,36.13,128.34
2025-08-30 17:00:00,삼천포,473.7166666666667,6,6,60.78119014055237,34.95,128.07
2025-08-30 17:00:00,여수,534.4333333333333,6,6,60.477571684360996,34.74,127.74
2025-08-30 17:00:00,영동,468.54999999999995,6,6,61.50061743986058,37.18,128.46
2025-08-30 17:00:00,영흥,463.05,6,6,59.95776658805561,37.26,126.46
2025-08-30 17:00:00,예천,482.83333333333326,6,6,61.40030340909763,36.65,128.46
2025-08-30 17:00:00,창원,521.85,6,6,61.23739515264684,35.21,128.58
2025-08-30 17:00:00,탑선,396.51666666666665,6,6,59.82119108957809,35.24,126.81
2025-08-30 18:00:00,경상대,320.2,6,6,73.04741185507761,35.18,128.1
2025-08-30 18:00:00,고흥만수상,334.78333333333336,6,6,72.37874713298244,34.57,127.3
2025-08-30 18:00:00,광양항세방,293.25,6,6,72.72337238171573,34.93,127.71
2025-08-30 18:00:00,구미,243.06666666666663,6,6,73.2607694211635,36.13,128.34
2025-08-30 18:00:00,삼천포,316.98333333333335,6,6,73.01881200282025,34.95,128.07
2025-08-30 18:00:00,여수,333.3833333333334,6,6,72.74419282189398,34.74,127.74
2025-08-30 18:00:00,영동,273.2333333333333,6,6,73.3808908513465,37.18,128.46
2025-08-30 18:00:00,영흥,297.2166666666667,6,6,71.79214280002432,37.26,126.46
2025-08-30 18:00:00,예천,292.4,6,6,73.36845316931745,36.65,128.46
2025-08-30 18:00:00,창원,282.25000000000006,6,6,73.44009286430145,35.21,128.58
2025-08-30 18:00:00,탑선,308.8833333333333,6,6,71.9952295358978,35.24,126.81
2025-08-30 19:00:00,경상대,195.5,1,6,85.28781226079843,35.18,128.1
2025-08-30 19:00:00,고흥만수상,216.1,1,6,84.71428900854876,34.57,127.3
2025-08-30 19:00:00,광양항세방,176.9,1,6,85.0034000977178,34.93,127.71
2025-08-30 19:00:00,구미,151.4,1,6,85.35669684920406,36.13,128.34
2025-08-30 19:00:00,삼천포,190.2,1,6,85.29347982773861,34.95,128.07
2025-08-30 19:00:00,여수,204.7,1,6,85.05201285299174,34.74,127.74
2025-08-30 19:00:00,영동,211.9,1,6,85.31416152772005,37.18,128.46
2025-08-30 19:00:00,영흥,176.75,2,6,83.72355739977998,37.26,126.46
2025-08-30 19:00:00,예천,0.0,1,6,85.38393447441499,36.65,128.46
2025-08-30 19:00:00,창원,203.0,1,6,85.67260778791864,35.21,128.58
2025-08-30 19:00:00,탑선,169.9,1,6,84.23452967293086,35.24,126.81
2025-08-30 20:00:00,경상대,,0,6,97.28826195399768,35.18,128.1
2025-08-30 20:00:00,고흥만수상,,0,6,96.82472602490391,34.57,127.3
2025-08-30 20:00:00,광양항세방,,0,6,97.05077778568896,34.93,127.71
2025-08-30 20:00:00,구미,,0,6,97.2079560869633,36.13,128.34
2025-08-30 20:00:00,삼천포,,0,6,97.32883178086931,34.95,128.07
2025-08-30 20:00:00,여수,,0,6,97.12666829377204,34.74,127.74
2025-08-30 20:00:00,영동,,0,6,97.00056705183131,37.18,128.46
2025-08-30 20:00:00,영흥,,0,6,95.44796952940345,37.26,126.46
2025-08-30 20:00:00,예천,,0,6,97.152429124625,36.65,128.46
2025-08-30 20:00:00,창원,,0,6,97.6561663433558,35.21,128.58
2025-08-30 20:00:00,탑선,,0,6,96.2579042348979,35.24,126.81
2025-08-30 21:00:00,경상대,,0,5,108.73644539586319,35.18,128.1
2025-08-30 21:00:00,고흥만수상,,0,5,108.40719313961701,34.57,127.3
2025-08-30 21:00:00,광양항세방,,0,5,108.55739036350977,34.93,127.71
2025-08-30 21:00:00,구미,,0,5,108.49308303313444,36.13,128.34
2025-08-30 21:00:00,삼천포,,0,5,108.81466653576865,34.95,128.07
2025-08-30 21:00:00,여수,,0,5,108.66152346985515,34.74,127.74
2025-08-30 21:00:00,영동,,0,5,108.10970578160934,37.18,128.46
2025-08-30 21:00:00,영흥,,0,5,106.64381270504997,37.26,126.46
2025-08-30 21:00:00,예천,,0,5,108.34767589139716,36.65,128.46
2025-08-30 21:00:00,창원,,0,5,109.07557522298157,35.21,128.58
2025-08-30 21:00:00,탑선,,0,5,107.75909113297536,35.24,126.81
2025-08-30 22:00:00,경상대,,0,6,119.18758175353895,35.18,128.1
2025-08-30 22:00:00,고흥만수상,,0,6,119.03000045470579,34.57,127.3
2025-08-30 22:00:00,광양항세방,,0,6,119.08456900706898,34.93,127.71
2025-08-30 22:00:00,구미,,0,6,118.76014306891871,36.13,128.34
2025-08-30 22:00:00,삼천포,,0,6,119.30768854826181,34.95,128.07
2025-08-30 22:00:00,여수,,0,6,119.21850129478436,34.74,127.74
2025-08-30 22:00:00,영동,,0,6,118.18433768699452,37.18,128.46
2025-08-30 22:00:00,영흥,,0,6,116.87642088631424,37.26,126.46
2025-08-30 22:00:00,예천,,0,6,118.51427531530675,36.65,128.46
2025-08-30 22:00:00,창원,,0,6,119.47980717659469,35.21,128.58
2025-08-30 22:00:00,탑선,,0,6,118.30879826705156,35.24,126.81
2025-08-30 23:00:00,경상대,,0,6,127.94368968296226,35.18,128.1
2025-08-30 23:00:00,고흥만수상,,0,6,128.00884652527506,34.57,127.3
2025-08-30 23:00:00,광양항세방,,0,6,127.94111713809463,34.93,127.71
2025-08-30 23:00:00,구미,,0,6,127.31260813409622,36.13,128.34
2025-08-30 23:00:00,삼천포,,0,6,128.10916665827745,34.95,128.07
2025-08-30 23:00:00,여수,,0,6,128.10474305033557,34.74,127.74
2025-08-30 23:00:00,영동,,0,6,126.53379436915503,37.18,128.46
2025-08-30 23:00:00,영흥,,0,6,125.4925797122707,37.26,126.46
2025-08-30 23:00:00,예천,,0,6,126.95727075580993,36.65,128.46
2025-08-30 23:00:00,창원,,0,6,128.1609122558172,35.21,128.58
2025-08-30 23:00:00,탑선,,0,6,127.23608621829032,35.24,126.81
2025-08-31 00:00:00,경상대,,0,6,133.96341598598121,35.18,128.1
2025-08-31 00:00:00,고흥만수상,,0,6,134.30075069138826,34.57,127.3
2025-08-31 00:00:00,광양항세방,,0,6,134.0860706685564,34.93,127.71
2025-08-31 00:00:00,구미,,0,6,133.13606498877394,36.13,128.34
2025-08-31 00:00:00,삼천포,,0,6,134.170756590587,34.95,128.07
2025-08-31 00:00:00,여수,,0,6,134.27245108917134,34.74,127.74
2025-08-31 00:00:00,영동,,0,6,132.17690267823053,37.18,128.46
2025-08-31 00:00:00,영흥,,0,6,131.5486988893038,37.26,126.46
2025-08-31 00:00:00,예천,,0,6,132.6775882805186,36.65,128.46
2025-08-31 00:00:00,창원,,0,6,134.06829657666805,35.21,128.58
2025-08-31 00:00:00,탑선,,0,6,133.5298478031803,35.24,126.81
2025-08-31 01:00:00,경상대,,0,6,136.07155445342937,35.18,128.1
2025-08-31 01:00:00,고흥만수상,,0,6,136.68262071090032,34.57,127.3
2025-08-31 01:00:00,광양항세방,,0,6,136.32371026392755,34.93,127.71
2025-08-31 01:00:00,구미,,0,6,135.1188599202522,36.13,128.34
2025-08-31 01:00:00,삼천포,,0,6,136.30180995726406,34.95,128.07
2025-08-31 01:00:00,여수,,0,6,136.51364663123968,34.74,127.74
2025-08-31 01:00:00,영동,,0,6,134.067282637168,37.18,128.46
2025-08-31 01:00:00,영흥,,0,6,133.98073841906012,37.26,126.46
2025-08-31 01:00:00,예천,,0,6,134.59716138037544,36.65,128.46
2025-08-31 01:00:00,창원,,0,6,136.03465789072487,35.21,128.58
2025-08-31 01:00:00,탑선,,0,6,136.00692951061887,35.24,126.81
2025-08-31 02:00:00,경상대,,0,6,133.72067293689025,35.18,128.1
2025-08-31 02:00:00,고흥만수상,,0,6,134.5251692645579,34.57,127.3
2025-08-31 02:00:00,광양항세방,,0,6,134.06913644307707,34.93,127.71
2025-08-31 02:00:00,구미,,0,6,132.76500837902543,36.13,128.34
2025-08-31 02:00:00,삼천포,,0,6,133.9437511772965,34.95,128.07
2025-08-31 02:00:00,여수,,0,6,134.23764730984294,34.74,127.74
2025-08-31 02:00:00,영동,,0,6,131.75170573610467,37.18,128.46
2025-08-31 02:00:00,영흥,,0,6,132.21853910570047,37.26,126.46
2025-08-31 02:00:00,예천,,0,6,132.24557601988278,36.65,128.46
2025-08-31 02:00:00,창원,,0,6,133.54775217161065,35.21,128.58
2025-08-31 02:00:00,탑선,,0,6,134.03428930284161,35.24,126.81
2025-08-31 03:00:00,경상대,,0,6,127.51688095575078,35.18,128.1
2025-08-31 03:00:00,고흥만수상,,0,6,128.40376673494367,34.57,127.3
2025-08-31 03:00:00,광양항세방,,0,6,127.91214977789346,34.93,127.71
2025-08-31 03:00:00,구미,,0,6,126.65664837694453,36.13,128.34
2025-08-31 03:00:00,삼천포,,0,6,127.71054993054788,34.95,128.07
2025-08-31 03:00:00,여수,,0,6,128.0443895069044,34.74,127.74
2025-08-31 03:00:00,영동,,0,6,125.77824402384067,37.18,128.46
2025-08-31 03:00:00,영흥,,0,6,126.68568108068351,37.26,126.46
2025-08-31 03:00:00,예천,,0,6,126.19149403168524,36.65,128.46
2025-08-31 03:00:00,창원,,0,6,127.24451060316156,35.21,128.58
2025-08-31 03:00:00,탑선,,0,6,128.12591391726895,35.24,126.81
2025-08-31 04:00:00,경상대,,0,6,118.64415205491858,35.18,128.1
2025-08-31 04:00:00,고흥만수상,,0,6,119.53503836451522,34.57,127.3
2025-08-31 04:00:00,광양항세방,,0,6,119.04951791785577,34.93,127.71
2025-08-31 04:00:00,구미,,0,6,117.9202506541676,36.13,128.34
2025-08-31 04:00:00,삼천포,,0,6,118.80081916749614,34.95,128.07
2025-08-31 04:00:00,여수,,0,6,119.14344648616391,34.74,127.74
2025-08-31 04:00:00,영동,,0,6,117.2120785035029,37.18,128.46
2025-08-31 04:00:00,영흥,,0,6,118.41779699898618,37.26,126.46
2025-08-31 04:00:00,예천,,0,6,117.53113253371879,36.65,128.46
2025-08-31 04:00:00,창원,,0,6,118.3105761460104,35.21,128.58
2025-08-31 04:00:00,탑선,,0,6,119.44810682150435,35.24,126.81
2025-08-31 05:00:00,경상대,,0,6,108.12587281885621,35.18,128.1
2025-08-31 05:00:00,고흥만수상,,0,6,108.98012903073585,34.57,127.3
2025-08-31 05:00:00,광양항세방,,0,6,108.52127451391036,34.93,127.71
2025-08-31 05:00:00,구미,,0,6,107.54470309484557,36.13,128.34
2025-08-31 05:00:00,삼천포,,0,6,108.2458040583571,34.95,128.07
2025-08-31 05:00:00,여수,,0,6,108.58026296928232,34.74,127.74
2025-08-31 05:00:00,영동,,0,6,107.00771774532788,37.18,128.46
2025-08-31 05:00:00,영흥,,0,6,108.4012441369729,37.26,126.46
2025-08-31 05:00:00,예천,,0,6,107.23512187970339,36.65,128.46
2025-08-31 05:00:00,창원,,0,6,107.75769890801017,35.21,128.58
2025-08-31 05:00:00,탑선,,0,6,109.05028523994147,35.24,126.81
2025-08-31 06:00:00,경상대,,0,6,96.64313933225671,35.18,128.1
2025-08-31 06:00:00,고흥만수상,,0,6,97.4403039043819,34.57,127.3
2025-08-31 06:00:00,광양항세방,,0,6,97.01795986416215,34.93,127.71
2025-08-31 06:00:00,구미,,0,6,96.20115102136097,36.13,128.34
2025-08-31 06:00:00,삼천포,,0,6,96.72837753258206,34.95,128.07
2025-08-31 06:00:00,여수,,0,6,97.04573123707102,34.74,127.74
2025-08-31 06:00:00,영동,,0,6,95.82765196953281,37.18,128.46
2025-08-31 06:00:00,영흥,,0,6,97.33509104173702,37.26,126.46
2025-08-31 06:00:00,예천,,0,6,95.96926018081011,36.65,128.46
2025-08-31 06:00:00,창원,,0,6,96.25699326368192,35.21,128.58
2025-08-31 06:00:00,탑선,,0,6,97.64019072884935,35.24,126.81
2025-08-31 07:00:00,경상대,,0,4,84.6314087421627,35.18,128.1
2025-08-31 07:00:00,고흥만수상,,0,4,85.35782397465465,34.57,127.3
2025-08-31 07:00:00,광양항세방,,0,4,84.97853122740675,34.93,127.71
2025-08-31 07:00:00,구미,,0,4,84.32682775586545,36.13,128.34
2025-08-31 07:00:00,삼천포,,0,4,84.68317022659214,34.95,128.07
2025-08-31 07:00:00,여수,,0,4,84.97744941564478,34.74,127.74
2025-08-31 07:00:00,영동,,0,4,84.11228952013153,37.18,128.46
2025-08-31 07:00:00,영흥,,0,4,85.68326095922633,37.26,126.46
2025-08-31 07:00:00,예천,,0,4,84.17173488017323,36.65,128.46
2025-08-31 07:00:00,창원,,0,4,84.23832710153809,35.21,128.58
2025-08-31 07:00:00,탑선,,0,4,85.66962371159218,35.24,126.81
2025-08-31 08:00:00,경상대,286.0833333333333,6,6,72.40048394299636,35.18,128.1
2025-08-31 08:00:00,고흥만수상,191.61666666666667,6,6,73.04133392909674,34.57,127.3
2025-08-31 08:00:00,광양항세방,218.86666666666665,6,6,72.71259734552514,34.93,127.71
2025-08-31 08:00:00,구미,262.51666666666665,6,6,72.23847290937799,36.13,128.34
2025-08-31 08:00:00,삼천포,247.23333333333335,6,6,72.41813869204518,34.95,128.07
2025-08-31 08:00:00,여수,278.3,6,6,72.68322109138334,34.74,127.74
2025-08-31 08:00:00,영동,204.44999999999996,6,6,72.18646022244039,37.18,128.46
2025-08-31 08:00:00,영흥,214.83333333333334,6,6,73.78091584784282,37.26,126.46
2025-08-31 08:00:00,예천,281.0833333333333,6,6,72.16305608786332,36.65,128.46
2025-08-31 08:00:00,창원,246.35000000000002,6,6,72.00944106217406,35.21,128.58
2025-08-31 08:00:00,탑선,251.9,6,6,73.4556251306365,35.24,126.81
2025-08-31 09:00:00,경상대,423.18333333333334,6,6,60.23352185938745,35.18,128.1
2025-08-31 09:00:00,고흥만수상,382.3666666666666,6,6,60.76618206952587,34.57,127.3
2025-08-31 09:00:00,광양항세방,352.8666666666666,6,6,60.49998663943646,34.93,127.71
2025-08-31 09:00:00,구미,425.6666666666667,6,6,60.23016184658606,36.13,128.34
2025-08-31 09:00:00,삼천포,239.19999999999996,6,6,60.21381993396365,34.95,128.07
2025-08-31 09:00:00,여수,290.2833333333333,6,6,60.44078762522744,34.74,127.74
2025-08-31 09:00:00,영동,380.3833333333334,6,6,60.355838626421644,37.18,128.46
2025-08-31 09:00:00,영흥,381.1666666666667,6,6,61.93141885055775,37.26,126.46
2025-08-31 09:00:00,예천,452.0166666666667,6,6,60.24319609888012,36.65,128.46
2025-08-31 09:00:00,창원,396.2166666666667,6,6,59.85460075940692,35.21,128.58
2025-08-31 09:00:00,탑선,450.0833333333333,6,6,61.2804693933808,35.24,126.81
2025-08-31 10:00:00,경상대,232.81666666666663,6,6,48.49931308540378,35.18,128.1
2025-08-31 10:00:00,고흥만수상,409.04999999999995,6,6,48.883743423401725,34.57,127.3
2025-08-31 10:00:00,광양항세방,263.7666666666667,6,6,48.7016285962002,34.93,127.71
2025-08-31 10:00:00,구미,605.0166666666667,6,6,48.68709830313078,36.13,128.34
2025-08-31 10:00:00,삼천포,100.09999999999998,6,6,48.43526795220334,34.95,128.07
2025-08-31 10:00:00,여수,225.4,6,6,48.608565795016005,34.74,127.74
2025-08-31 10:00:00,영동,639.5166666666665,6,6,49.02148130480044,37.18,128.46
2025-08-31 10:00:00,영흥,503.3833333333334,6,6,50.51534535155614,37.26,126.46
2025-08-31 10:00:00,예천,603.8333333333334,6,6,48.80600281507473,36.65,128.46
2025-08-31 10:00:00,창원,309.95000000000005,6,6,48.14836397529596,35.21,128.58
2025-08-31 10:00:00,탑선,524.8166666666667,6,6,49.500483549682365,35.24,126.81
2025-08-31 11:00:00,경상대,205.08333333333334,6,6,37.86048865547511,35.18,128.1
2025-08-31 11:00:00,고흥만수상,521.0666666666666,6,6,38.02205884559894,34.57,127.3
2025-08-31 11:00:00,광양항세방,231.78333333333333,6,6,37.96406152300132,34.93,127.71
2025-08-31 11:00:00,구미,710.6999999999999,6,6,38.293645204708795,36.13,128.34
2025-08-31 11:00:00,삼천포,340.8833333333334,6,6,37.740411730829805,34.95,128.07
2025-08-31 11:00:00,여수,396.05,6,6,37.8307774492524,34.74,127.74
2025-08-31 11:00:00,영동,722.2666666666668,6,6,38.884752715073674,37.18,128.46
2025-08-31 11:00:00,영흥,462.8666666666666,6,6,40.177093328053544,37.26,126.46
2025-08-31 11:00:00,예천,669.7666666666668,6,6,38.54646642330069,36.65,128.46
2025-08-31 11:00:00,창원,229.9333333333333,6,6,37.56897527045842,35.21,128.58
2025-08-31 11:00:00,탑선,538.7833333333333,6,6,38.74083199025243,35.24,126.81
2025-08-31 12:00:00,경상대,345.73333333333335,6,6,29.722569391944184,35.18,128.1
2025-08-31 12:00:00,고흥만수상,570.2666666666667,6,6,29.5369327357755,34.57,127.3
2025-08-31 12:00:00,광양항세방,478.6166666666666,6,6,29.668591205402258,34.93,127.71
2025-08-31 12:00:00,구미,755.8666666666667,6,6,30.45531741127681,36.13,128.34
2025-08-31 12:00:00,삼천포,508.1166666666666,6,6,29.535840307522292,34.95,128.07
2025-08-31 12:00:00,여수,617.9666666666667,6,6,29.49295671048393,34.74,127.74
2025-08-31 12:00:00,영동,494.2,6,6,31.33534589225725,37.18,128.46
2025-08-31 12:00:00,영흥,494.9666666666667,6,6,32.186253508430305,37.26,126.46
2025-08-31 12:00:00,예천,691.9333333333334,6,6,30.866825807550356,36.65,128.46
2025-08-31 12:00:00,창원,53.699999999999996,6,6,29.555525957005734,35.21,128.58
2025-08-31 12:00:00,탑선,495.3,6,6,30.31807907171047,35.24,126.81
2025-08-31 13:00:00,경상대,485.93333333333334,6,6,26.61730923856171,35.18,128.1
2025-08-31 13:00:00,고흥만수상,513.3666666666667,6,6,26.00463204369261,34.57,127.3
2025-08-31 13:00:00,광양항세방,539.6166666666667,6,6,26.36347150852363,34.93,127.71
2025-08-31 13:00:00,구미,666.9499999999999,6,6,27.57170145300185,36.13,128.34
2025-08-31 13:00:00,삼천포,451.25,6,6,26.386875018524385,34.95,128.07
2025-08-31 13:00:00,여수,590.5500000000001,6,6,26.173593587697788,34.74,127.74
2025-08-31 13:00:00,영동,570.4166666666666,6,6,28.624126527873628,37.18,128.46
2025-08-31 13:00:00,영흥,265.3666666666667,6,6,28.71170073235264,37.26,126.46
2025-08-31 13:00:00,예천,642.4166666666666,6,6,28.094369919420963,36.65,128.46
2025-08-31 13:00:00,창원,399.1333333333334,6,6,26.65857534027188,35.21,128.58
2025-08-31 13:00:00,탑선,93.43333333333334,6,6,26.682891404150972,35.24,126.81
2025-08-31 14:00:00,경상대,396.9166666666667,6,6,30.174746535038615,35.18,128.1
2025-08-31 14:00:00,고흥만수상,498.93333333333334,6,6,29.31252056773802,34.57,127.3
2025-08-31 14:00:00,광양항세방,481.1333333333334,6,6,29.794741091032932,34.93,127.71
2025-08-31 14:00:00,구미,291.65000000000003,6,6,31.08649696377303,36.13,128.34
2025-08-31 14:00:00,삼천포,457.8999999999999,6,6,29.96636142716092,34.95,128.07
2025-08-31 14:00:00,여수,528.3333333333334,6,6,29.645364226480815,34.74,127.74
2025-08-31 14:00:00,영동,558.5666666666667,6,6,32.03626280551655,37.18,128.46
2025-08-31 14:00:00,영흥,436.8166666666666,6,6,31.336789273420926,37.26,126.46
2025-08-31 14:00:00,예천,61.93333333333334,6,6,31.581324962577092,36.65,128.46
2025-08-31 14:00:00,창원,377.7833333333333,6,6,30.408902988757774,35.21,128.58
2025-08-31 14:00:00,탑선,105.11666666666667,6,6,29.690500680217156,35.24,126.81
2025-08-31 15:00:00,경상대,487.73333333333335,6,6,38.56812112062058,35.18,128.1
2025-08-31 15:00:00,고흥만수상,407.49999999999994,6,6,37.677640283791284,34.57,127.3
2025-08-31 15:00:00,광양항세방,532.4166666666666,6,6,38.16277666945657,34.93,127.71
2025-08-31 15:00:00,구미,243.41666666666666,6,6,39.292036813224996,36.13,128.34
2025-08-31 15:00:00,삼천포,576.3000000000001,6,6,38.412309383768985,34.95,128.07
2025-08-31 15:00:00,여수,456.75,6,6,38.069714527155504,34.74,127.74
2025-08-31 15:00:00,영동,719.1166666666667,6,6,40.00687094590975,37.18,128.46
2025-08-31 15:00:00,영흥,308.8666666666667,6,6,38.82173408366159,37.26,126.46
2025-08-31 15:00:00,예천,227.2833333333333,6,6,39.68332346807507,36.65,128.46
2025-08-31 15:00:00,창원,615.9,6,6,38.90280873071638,35.21,128.58
2025-08-31 15:00:00,탑선,450.41666666666674,6,6,37.76429718472887,35.24,126.81
2025-08-31 16:00:00,경상대,523.0,5,5,49.32614525885654,35.18,128.1
2025-08-31 16:00:00,고흥만수상,373.21999999999997,5,5,48.491334508286776,34.57,127.3
2025-08-31 16:00:00,광양항세방,413.64000000000004,5,5,48.93731826013342,34.93,127.71
2025-08-31 16:00:00,구미,309.58,5,5,49.85986805959025,36.13,128.34
2025-08-31 16:00:00,삼천포,472.65999999999997,5,5,49.21923954430985,34.95,128.07
2025-08-31 16:00:00,여수,419.46000000000004,5,5,48.890437558755394,34.74,127.74
2025-08-31 16:00:00,영동,509.5,5,5,50.34931023420167,37.18,128.46
2025-08-31 16:00:00,영흥,552.74,5,5,48.92283759664966,37.26,126.46
2025-08-31 16:00:00,예천,192.71999999999997,5,5,50.14589902497973,36.65,128.46
2025-08-31 16:00:00,창원,539.26,5,5,49.702461139448744,35.21,128.58
2025-08-31 16:00:00,탑선,436.23999999999995,5,5,48.371997661147965,35.24,126.81
2025-08-31 17:00:00,경상대,351.48333333333335,6,6,61.11782938860162,35.18,128.1
2025-08-31 17:00:00,고흥만수상,194.4333333333333,6,6,60.36056177387427,34.57,127.3
2025-08-31 17:00:00,광양항세방,382.4666666666667,6,6,60.75817365438655,34.93,127.71
2025-08-31 17:00:00,구미,213.61666666666665,6,6,61.485397984149934,36.13,128.34
2025-08-31 17:00:00,삼천포,466.06666666666666,6,6,61.0519918534476,34.95,128.07
2025-08-31 17:00:00,여수,514.5166666666667,6,6,60.74758324557744,34.74,127.74
2025-08-31 17:00:00,영동,286.96666666666664,6,6,61.781752454382634,37.18,128.46
2025-08-31 17:00:00,영흥,376.90000000000003,6,6,60.24082364354699,37.26,126.46
2025-08-31 17:00:00,예천,245.38333333333333,6,6,61.678971143474854,36.65,128.46
2025-08-31 17:00:00,창원,388.55,6,6,61.50910100241636,35.21,128.58
2025-08-31 17:00:00,탑선,367.71666666666664,6,6,60.09436714624872,35.24,126.81
2025-08-31 18:00:00,경상대,324.56,5,5,73.31359638464912,35.18,128.1
2025-08-31 18:00:00,고흥만수상,233.32,5,5,72.6421521011904,34.57,127.3
2025-08-31 18:00:00,광양항세방,304.28,5,5,72.98842626947474,34.93,127.71
2025-08-31 18:00:00,구미,219.34,5,5,73.53129721897066,36.13,128.34
2025-08-31 18:00:00,삼천포,305.52,5,5,73.28392986184534,34.95,128.07
2025-08-31 18:00:00,여수,364.1,5,5,73.00835596566068,34.74,127.74
2025-08-31 18:00:00,영동,166.23999999999998,5,5,73.6561312240918,37.18,128.46
2025-08-31 18:00:00,영흥,280.66,5,5,72.06801036901439,37.26,126.46
2025-08-31 18:00:00,예천,231.35999999999999,5,5,73.64132245779234,36.65,128.46
2025-08-31 18:00:00,창원,327.96,5,5,73.70638351093439,35.21,128.58
2025-08-31 18:00:00,탑선,140.12000000000003,5,5,72.26182575875356,35.24,126.81
2025-08-31 19:00:00,경상대,125.8,1,6,85.55707901134022,35.18,128.1
2025-08-31 19:00:00,고흥만수상,185.7,1,6,84.98051225192688,34.57,127.3
2025-08-31 19:00:00,광양항세방,169.1,1,6,85.2713945067816,34.93,127.71
2025-08-31 19:00:00,구미,134.0,1,6,85.63017953774767,36.13,128.34
2025-08-31 19:00:00,삼천포,182.0,1,6,85.5617270536717,34.95,128.07
2025-08-31 19:00:00,여수,169.8,1,6,85.31918539215046,34.74,127.74
2025-08-31 19:00:00,영동,98.5,1,6,85.59214752513522,37.18,128.46
2025-08-31 19:00:00,영흥,174.5,1,6,84.00107840908287,37.26,126.46
2025-08-31 19:00:00,예천,124.5,1,6,85.65968606238297,36.65,128.46
2025-08-31 19:00:00,창원,171.5,1,6,85.94223036516946,35.21,128.58
2025-08-31 19:00:00,탑선,0.0,1,6,84.50349293094474,35.24,126.81
2025-08-31 20:00:00,경상대,,0,6,97.5682824743371,35.18,128.1
2025-08-31 20:00:00,고흥만수상,,0,6,97.10149657980502,34.57,127.3
2025-08-31 20:00:00,광양항세방,,0,6,97.32941147497792,34.93,127.71
2025-08-31 20:00:00,구미,,0,6,97.49200807742808,36.13,128.34
2025-08-31 20:00:00,삼천포,,0,6,97.60789023584292,34.95,128.07
2025-08-31 20:00:00,여수,,0,6,97.40455413938449,34.74,127.74
2025-08-31 20:00:00,영동,,0,6,97.28884002699321,37.18,128.46
2025-08-31 20:00:00,영흥,,0,6,95.73478503497826,37.26,126.46
2025-08-31 20:00:00,예천,,0,6,97.4386404158694,36.65,128.46
2025-08-31 20:00:00,창원,,0,6,97.93676986582147,35.21,128.58
2025-08-31 20:00:00,탑선,,0,6,96.53696463315207,35.24,126.81
2025-08-31 21:00:00,경상대,,0,6,109.03443998229747,35.18,128.1
2025-08-31 21:00:00,고흥만수상,,0,6,108.70182691723555,34.57,127.3
2025-08-31 21:00:00,광양항세방,,0,6,108.8539259018337,34.93,127.71
2025-08-31 21:00:00,구미,,0,6,108.79478551016088,36.13,128.34
2025-08-31 21:00:00,삼천포,,0,6,109.11178753718134,34.95,128.07
2025-08-31 21:00:00,여수,,0,6,108.95740842894637,34.74,127.74
2025-08-31 21:00:00,영동,,0,6,108.41518507023736,37.18,128.46
2025-08-31 21:00:00,영흥,,0,6,106.9469156245323,37.26,126.46
2025-08-31 21:00:00,예천,,0,6,108.65134702098186,36.65,128.46
2025-08-31 21:00:00,창원,,0,6,109.37436298509152,35.21,128.58
2025-08-31 21:00:00,탑선,,0,6,108.05549493307849,35.24,126.81
2025-08-31 22:00:00,경상대,,0,6,119.50991758341685,35.18,128.1
2025-08-31 22:00:00,고흥만수상,,0,6,119.34913255993672,34.57,127.3
2025-08-31 22:00:00,광양항세방,,0,6,119.4054925240712,34.93,127.71
2025-08-31 22:00:00,구미,,0,6,119.0855422042497,36.13,128.34
2025-08-31 22:00:00,삼천포,,0,6,119.62931305576436,34.95,128.07
2025-08-31 22:00:00,여수,,0,6,119.53892558233171,34.74,127.74
2025-08-31 22:00:00,영동,,0,6,118.51273078832821,37.18,128.46
2025-08-31 22:00:00,영흥,,0,6,117.20175919170939,37.26,126.46
2025-08-31 22:00:00,예천,,0,6,118.84127641782258,36.65,128.46
2025-08-31 22:00:00,창원,,0,6,119.80308066767839,35.21,128.58
2025-08-31 22:00:00,탑선,,0,6,118.62903323157389,35.24,126.81
2025-08-31 23:00:00,경상대,,0,6,128.29295285684043,35.18,128.1
2025-08-31 23:00:00,고흥만수상,,0,6,128.3556984656803,34.57,127.3
2025-08-31 23:00:00,광양항세방,,0,6,128.28930384016357,34.93,127.71
2025-08-31 23:00:00,구미,,0,6,127.6637482577433,36.13,128.34
2025-08-31 23:00:00,삼천포,,0,6,128.45800305347979,34.95,128.07
2025-08-31 23:00:00,여수,,0,6,128.45265993599196,34.74,127.74
2025-08-31 23:00:00,영동,,0,6,126.88664255417467,37.18,128.46
2025-08-31 23:00:00,영흥,,0,6,125.84251863324428,37.26,126.46
2025-08-31 23:00:00,예천,,0,6,127.30936524720852,36.65,128.46
2025-08-31 23:00:00,창원,,0,6,128.51102600746998,35.21,128.58
2025-08-31 23:00:00,탑선,,0,6,127.58325721915216,35.24,126.81
