발전구분, 호기, 일자, 1시 발전량(KWh), 2시 발전량(KWh),3시 발전량(KWh),4시 발전량(KWh),5시 발전량(KWh),6시 발전량(KWh),7시 발전량(KWh),8시 발전량(KWh),9시 발전량(KWh),10시 발전량(KWh),11시 발전량(KWh),12시 발전량(KWh),13시 발전량(KWh),14시 발전량(KWh),15시 발전량(KWh),16시 발전량(KWh),17시 발전량(KWh),18시 발전량(KWh),19시 발전량(KWh),20시 발전량(KWh),21시 발전량(KWh),22시 발전량(KWh),23시 발전량(KWh),24시 발전량(KWh),총량(KW),평균(KW),최대(시간별),최소(시간별),최대,최소
영동태양광, 1, 2025-08-31 00:00:00, 0, 0, 0, 0, 0, 0, 8.736, 15.168, 16.128, 17.088, 17.088, 18.144, 114.336, 707.232, 600.576, 433.92, 578.304, 679.872, 675.648, 471.168, 0, 0, 0, 0, 4353.408, 181, 707.23, 8.736, 707.232, 0, 
삼천포태양광#5, 1, 2025-08-31 00:00:00, 0, 0, 0, 0, 0, 0, 47.009, 165.637, 191.781, 142.878, 184.025, 362.144, 238.208, 198.215, 347.402, 1281.54, 2427.949, 2455.345, 2382.464, 0, 0, 0, 0, 0, 10424.597, 434, 2455.34, 47, 2455.345, 0, 
삼천포태양광#5, 2, 2025-08-31 00:00:00, 0, 0, 0, 0, 0, 0, 96.057, 257.439, 285.738, 278.984, 284.68, 645.551, 320.163, 297.043, 568.425, 2360.369, 4301.848, 4121.703, 3762.467, 1532.664, 0, 0, 0, 0, 19113.131, 796, 4301.84, 96.05, 4301.848, 0, 
광양항세방태양광, 1, 2025-08-31 00:00:00, 0, 0, 0, 0, 0, 0, 7.2, 84, 115.2, 81.6, 81.6, 336, 352.8, 304.8, 189.6, 285.6, 24, 2.4, 0, 0, 0, 0, 0, 0, 1864.8, 78, 352.8, 2.4, 352.8, 0, 
두산엔진MG태양광, 1, 2025-08-31 00:00:00, 0, 0, 0, 0, 0, 0, 2.16, 5.82, 14.58, 15.84, 14.76, 3.54, 15.48, 20.46, 29.7, 35.58, 18.84, 14.82, 0.9, 0, 0, 0, 0, 0, 192.48, 8, 35.58, 0.9, 35.58, 0, 
삼천포태양광, 1, 2025-08-31 00:00:00, 0, 0, 0, 0, 0, 0, 0, 0.708, 2.832, 0.084, 2.124, 12.756, 6.816, 8.568, 12.816, 9.036, 7.044, 0.312, 0, 0, 0, 0, 0, 0, 63.096, 3, 12.81, 0.08, 12.816, 0, 
삼천포태양광, 2, 2025-08-31 00:00:00, 0, 0, 0, 0, 0, 0, 10.944, 87.936, 145.248, 39.456, 80.544, 348.768, 252.48, 250.656, 376.704, 236.544, 220.416, 41.28, 0.384, 0, 0, 0, 0, 0, 2091.36, 87, 376.7, 0.384, 376.704, 0, 
삼천포태양광, 3, 2025-08-31 00:00:00, 0, 0, 0, 0, 0, 0, 1.908, 43.056, 61.344, 11.196, 31.32, 152.172, 100.404, 105.624, 160.416, 100.332, 92.88, 12.6, 0, 0, 0, 0, 0, 0, 873.252, 36, 160.41, 1.9, 160.416, 0, 
삼천포태양광, 4, 2025-08-31 00:00:00, 0, 0, 0, 0, 0, 0, 11.632, 73.024, 94.962, 48.036, 77.776, 110.28, 106.382, 94.152, 89.757, 543.008, 1193.674, 1187.792, 553.636, 0, 0, 0, 0, 0, 4184.111, 174, 1193.67, 11.632, 1193.674, 0, 
구미태양광, 1, 2025-08-31 00:00:00, 0, 0, 0, 0, 0, 0, 2.82, 71.737, 234.52, 379.73, 505.921, 523.277, 571.584, 306.257, 121.852, 113.03, 102.255, 51.489, 11.787, 0, 0, 0, 0, 0, 2996.259, 125, 571.58, 2.82, 571.584, 0, 
삼천포태양광#6, 1, 2025-08-31 00:00:00, 0, 0, 0, 0, 0, 0, 3.894, 49.005, 69.614, 36.566, 54.903, 67.208, 75.062, 65.286, 58.977, 249.611, 591.833, 617.968, 486.848, 0, 0, 0, 0, 0, 2426.775, 101, 617.96, 3.894, 617.968, 0, 
영흥태양광#5, 1, 2025-08-31 00:00:00, 0, 0, 0, 0, 0, 0, 43.389, 388.095, 1007.6, 1704.242, 1277.579, 1055.811, 592.989, 1272.758, 1361.947, 1506.579, 1328.2, 672.537, 96.421, 0, 0, 0, 0, 0, 12308.147, 513, 1704.24, 43.389, 1704.242, 0, 
영흥태양광 #3, 1, 2025-08-31 00:00:00, 0, 0, 0, 0, 0, 0, 24, 240.48, 657.84, 1092.72, 785.28, 701.52, 413.28, 915.36, 1033.92, 1024.56, 839.76, 362.16, 47.28, 0, 0, 0, 0, 0, 8138.16, 339, 1092.72, 24, 1092.72, 0, 
영흥태양광 #3, 2, 2025-08-31 00:00:00, 0, 0, 0, 0, 0, 0, 6.048, 104.352, 280.512, 456.48, 345.888, 299.328, 165.504, 355.488, 402.528, 422.688, 367.488, 197.76, 22.752, 0, 0, 0, 0, 0, 3426.816, 143, 456.48, 6.048, 456.48, 0, 
영흥태양광 #3, 3, 2025-08-31 00:00:00, 0, 0, 0, 0, 0, 0, 9.36, 115.32, 336.72, 585.6, 377.88, 344.04, 213.6, 480.72, 577.56, 532.32, 451.32, 232.68, 32.16, 0, 0, 0, 0, 0, 4289.28, 179, 585.6, 9.36, 585.6, 0, 
영흥태양광, 1, 2025-08-31 00:00:00, 0, 0, 0, 0, 0, 0, 0.883, 62.093, 227.558, 412.531, 235.123, 200.41, 165.197, 414.49, 381.197, 386.611, 338.918, 171.341, 20.198, 0, 0, 0, 0, 0, 3016.55, 126, 414.49, 0.883, 414.49, 0, 
예천태양광, 1, 2025-08-31 00:00:00, 0, 0, 0, 0, 0, 0, 43.92, 258.84, 640.08, 848.7, 475.74, 825.84, 568.08, 190.08, 527.04, 345.6, 164.52, 181.8, 22.5, 0, 0, 0, 0, 0, 5092.74, 212, 848.7, 22.5, 848.7, 0, 
여수태양광, 1, 2025-08-31 00:00:00, 0, 0, 0, 0, 0, 0, 0, 0, 0, 0, 0, 0, 0, 0, 0, 0, 0, 0, 0, 0, 0, 0, 0, 237.61, 237.61, 10, 237.61, 237.61, 237.61, 0, 
영흥태양광, 2, 2025-08-31 00:00:00, 0, 0, 0, 0, 0, 0, 0, 54.96, 224.661, 401.112, 290.227, 256.48, 145.596, 331.688, 366.4, 362.543, 294.084, 145.596, 16.392, 0, 0, 0, 0, 0, 2889.739, 120, 401.11, 16.392, 401.112, 0, 
탑선태양광, 1, 2025-08-31 00:00:00, 0, 0, 0, 0, 0, 0, 0, 0, 0, 0, 0, 0, 0, 0, 0, 0, 0, 0, 0, 0, 0, 0, 0, 968.4, 968.4, 40, 968.4, 968.4, 968.4, 0, 
탑선태양광, 3, 2025-08-31 00:00:00, 0, 0, 0, 0, 0, 0, 0, 0, 0, 0, 0, 0, 0, 0, 0, 0, 0, 0, 0, 0, 0, 0, 0, 463.2, 463.2, 19, 463.2, 463.2, 463.2, 0, 
경상대태양광, 1, 2025-08-31 00:00:00, 0, 0, 0, 0, 0, 0, 2.016, 43.92, 160.776, 141.48, 84.6, 165.168, 306.072, 191.016, 261.36, 256.032, 167.472, 46.8, 0.36, 0, 0, 0, 0, 0, 1827.072, 76, 306.07, 0.36, 306.072, 0, 
고흥만 수상태양광, 1, 2025-08-31 00:00:00, 0, 0, 0, 0, 0, 0, 1344.42, 10244.808, 10030.02, 12131.364, 30650.76, 26987.436, 40303.032, 34147.176, 27057.66, 18971.148, 8925, 12644.436, 777.42, 0, 0, 0, 0, 0, 234214.68, 9759, 40303.03, 777.42, 40303.032, 0, 
영동태양광, 1, 2025-08-30 00:00:00, 0, 0, 0, 0, 0, 0, 0.192, 13.92, 14.496, 15.744, 15.552, 16.608, 15.84, 17.28, 63.552, 369.12, 628.224, 678.912, 675.072, 505.344, 0, 0, 0, 0, 3029.856, 126, 678.91, 0.19, 678.912, 0, 
삼천포태양광#5, 1, 2025-08-30 00:00:00, 0, 0, 0, 0, 0, 0, 29.119, 197.327, 202.781, 288.494, 364.449, 211.71, 2090.956, 2765.902, 2490.097, 2031.241, 2514.586, 2531.636, 2479.917, 2189.259, 0, 0, 0, 0, 20387.474, 849, 2765.9, 29.11, 2765.902, 0, 
삼천포태양광#5, 2, 2025-08-30 00:00:00, 0, 0, 0, 0, 0, 0, 47.7, 288.01, 289.46, 279.431, 490.453, 1584.147, 4890.613, 4824.64, 4305.282, 3531.169, 4289.428, 4276.45, 3836.622, 2822.782, 0, 0, 0, 0, 35756.187, 1490, 4890.61, 47.7, 4890.613, 0, 
광양항세방태양광, 1, 2025-08-30 00:00:00, 0, 0, 0, 0, 0, 0, 16.8, 120, 297.6, 417.6, 487.2, 549.6, 576, 547.2, 523.2, 398.4, 261.6, 93.6, 4.8, 0, 0, 0, 0, 0, 4293.6, 179, 576, 4.8, 576, 0, 
두산엔진MG태양광, 1, 2025-08-30 00:00:00, 0, 0, 0, 0, 0, 0, 1.14, 2.82, 8.16, 21.78, 34.98, 43.56, 42.66, 56.1, 55.92, 51.12, 42.12, 27.48, 4.62, 0, 0, 0, 0, 0, 392.46, 16, 56.1, 1.14, 56.1, 0, 
삼천포태양광, 1, 2025-08-30 00:00:00, 0, 0, 0, 0, 0, 0, 0, 0.06, 3.852, 8.472, 12.696, 15.72, 16.752, 16.872, 16.056, 13.188, 8.46, 2.616, 0, 0, 0, 0, 0, 0, 114.744, 5, 16.87, 0.06, 16.872, 0, 
삼천포태양광, 2, 2025-08-30 00:00:00, 0, 0, 0, 0, 0, 0, 5.952, 81.024, 224.544, 349.152, 434.88, 499.968, 512.064, 491.328, 438.528, 346.848, 233.76, 96.96, 11.712, 0, 0, 0, 0, 0, 3726.72, 155, 512.06, 5.952, 512.064, 0, 
삼천포태양광, 3, 2025-08-30 00:00:00, 0, 0, 0, 0, 0, 0, 1.62, 43.92, 108.72, 164.124, 197.172, 216.9, 226.836, 210.096, 192.24, 155.844, 102.78, 35.676, 0.612, 0, 0, 0, 0, 0, 1656.54, 69, 226.83, 0.612, 226.836, 0, 
삼천포태양광, 4, 2025-08-30 00:00:00, 0, 0, 0, 0, 0, 0, 0.725, 78.282, 95.179, 92.608, 94.849, 82.526, 701.044, 1153.434, 1018.741, 820.613, 1189.222, 1195.624, 1159.142, 599.398, 0, 0, 0, 0, 8281.387, 345, 1195.62, 0.725, 1195.624, 0, 
구미태양광, 1, 2025-08-30 00:00:00, 0, 0, 0, 0, 0, 0, 2.603, 65.59, 259.975, 423.264, 534.992, 610.924, 629.292, 587.783, 554.662, 454.722, 360.422, 157.359, 12.294, 0, 0, 0, 0, 0, 4653.882, 194, 629.29, 2.603, 629.292, 0, 
삼천포태양광#6, 1, 2025-08-30 00:00:00, 0, 0, 0, 0, 0, 0, 4.16, 69.964, 68.843, 64.331, 63.736, 53.001, 62.635, 539.424, 621.441, 527.04, 577.844, 617.21, 611.614, 647.233, 0, 0, 0, 0, 4528.476, 189, 647.23, 4.16, 647.233, 0, 
영흥태양광#5, 1, 2025-08-30 00:00:00, 0, 0, 0, 0, 0, 0, 21.695, 279.621, 650.842, 1725.937, 2203.221, 2490.074, 2675.684, 2099.568, 2478.021, 1952.526, 1335.432, 597.811, 45.8, 0, 0, 0, 0, 0, 18556.232, 773, 2675.68, 21.695, 2675.684, 0, 
영흥태양광 #3, 1, 2025-08-30 00:00:00, 0, 0, 0, 0, 0, 0, 11.76, 191.28, 454.32, 1002.48, 1330.56, 1478.64, 1520.16, 1314.96, 1445.04, 1200.24, 857.52, 295.68, 18.96, 0, 0, 0, 0, 0, 11121.6, 463, 1520.16, 11.76, 1520.16, 0, 
영흥태양광 #3, 2, 2025-08-30 00:00:00, 0, 0, 0, 0, 0, 0, 2.208, 73.824, 189.024, 480.576, 580.416, 642.432, 687.648, 574.752, 641.184, 515.904, 372.576, 180.384, 13.44, 0, 0, 0, 0, 0, 4954.368, 206, 687.64, 2.208, 687.648, 0, 
영흥태양광 #3, 3, 2025-08-30 00:00:00, 0, 0, 0, 0, 0, 0, 4.68, 95.16, 282.12, 523.32, 751.2, 829.8, 869.76, 798.6, 804.48, 651.6, 458.64, 210.6, 16.8, 0, 0, 0, 0, 0, 6296.76, 262, 869.76, 4.68, 869.76, 0, 
영흥태양광, 1, 2025-08-30 00:00:00, 0, 0, 0, 0, 0, 0, 0.077, 70.08, 151.411, 252.634, 542.054, 612.634, 652.339, 626.611, 614.438, 480.346, 335.04, 145.498, 9.638, 0, 0, 0, 0, 0, 4492.8, 187, 652.33, 0.07, 652.339, 0, 
예천태양광, 1, 2025-08-30 00:00:00, 0, 0, 0, 0, 0, 0, 48.42, 306, 432.9, 919.44, 857.34, 766.98, 581.94, 763.38, 889.38, 696.24, 589.68, 243.54, 15.3, 0, 0, 0, 0, 0, 7110.54, 296, 919.44, 15.3, 919.44, 0, 
여수태양광, 1, 2025-08-30 00:00:00, 0, 0, 0, 0, 0, 0, 0, 0, 0, 0, 0, 0, 0, 0, 0, 0, 0, 0, 0, 0, 0, 0, 0, 212.31, 212.31, 9, 212.31, 212.31, 212.31, 0, 
영흥태양광, 2, 2025-08-30 00:00:00, 0, 0, 0, 0, 0, 0, 0, 23.141, 148.488, 362.543, 506.211, 575.634, 617.095, 517.781, 582.383, 444.501, 293.12, 126.312, 8.678, 0, 0, 0, 0, 0, 4205.887, 175, 617.09, 8.678, 617.095, 0, 
탑선태양광, 1, 2025-08-30 00:00:00, 0, 0, 0, 0, 0, 0, 0, 0, 0, 0, 0, 0, 0, 0, 0, 0, 0, 0, 0, 0, 0, 0, 0, 945, 945, 39, 945, 945, 945, 0, 
탑선태양광, 3, 2025-08-30 00:00:00, 0, 0, 0, 0, 0, 0, 0, 0, 0, 0, 0, 0, 0, 0, 0, 0, 0, 0, 0, 0, 0, 0, 0, 436, 436, 18, 436, 436, 436, 0, 
경상대태양광, 1, 2025-08-30 00:00:00, 0, 0, 0, 0, 0, 0, 8.568, 74.448, 213.336, 368.784, 459.36, 513.792, 535.464, 509.832, 474.264, 414.576, 302.688, 149.4, 18.648, 0, 0, 0, 0, 0, 4043.16, 168, 535.46, 8.568, 535.464, 0, 
고흥만 수상태양광, 1, 2025-08-30 00:00:00, 0, 0, 0, 0, 0, 0, 1119.216, 9880.416, 22909.236, 34240.164, 42485.268, 46799.76, 48112.596, 46031.328, 41823.348, 34777.68, 24305.232, 10997.532, 1249.332, 0, 0, 0, 0, 0, 364731.108, 15197, 48112.59, 1119.21, 48112.596, 0, 
영동태양광, 1, 2025-08-29 00:00:00, 0, 0, 0, 0, 0, 0, 3.84, 9.12, 10.272, 14.016, 12.096, 12.768, 15.648, 242.688, 557.568, 218.4, 515.808, 680.256, 675.552, 535.584, 0, 0, 0, 0, 3503.616, 146, 680.25, 3.84, 680.256, 0, 
삼천포태양광#5, 1, 2025-08-29 00:00:00, 0, 0, 0, 0, 0, 0, 32.805, 191.458, 191.696, 195.368, 187.725, 174.472, 1994.519, 2714.369, 2507.907, 2056.078, 2468.131, 2520.419, 2485.998, 2194.201, 0, 0, 0, 0, 19915.146, 830, 2714.36, 32.8, 2714.369, 0, 
삼천포태양광#5, 2, 2025-08-29 00:00:00, 0, 0, 0, 0, 0, 0, 63.859, 287.129, 286.864, 282.422, 441.367, 1338.466, 4340.006, 4721.163, 4315.658, 3561.727, 4288.138, 4276.074, 3846.641, 2763.929, 0, 0, 0, 0, 34813.443, 1451, 4721.16, 63.85, 4721.163, 0, 
광양항세방태양광, 1, 2025-08-29 00:00:00, 0, 0, 0, 0, 0, 0, 14.4, 127.2, 220.8, 400.8, 518.4, 580.8, 549.6, 578.4, 463.2, 412.8, 259.2, 81.6, 7.2, 0, 0, 0, 0, 0, 4214.4, 176, 580.8, 7.2, 580.8, 0, 
두산엔진MG태양광, 1, 2025-08-29 00:00:00, 0, 0, 0, 0, 0, 0, 1.44, 3.42, 8.04, 21.9, 33.78, 40.26, 49.86, 56.22, 48.42, 45, 39.84, 20.76, 3.06, 0, 0, 0, 0, 0, 372, 16, 56.22, 1.44, 56.22, 0, 
삼천포태양광, 1, 2025-08-29 00:00:00, 0, 0, 0, 0, 0, 0, 0, 0.192, 3.576, 8.616, 12.636, 15.888, 16.932, 17.316, 16.26, 13.212, 8.424, 2.532, 0, 0, 0, 0, 0, 0, 115.584, 5, 17.31, 0.19, 17.316, 0, 
삼천포태양광, 2, 2025-08-29 00:00:00, 0, 0, 0, 0, 0, 0, 8.064, 82.176, 207.072, 346.944, 436.704, 482.016, 494.784, 502.08, 435.456, 349.92, 226.464, 95.424, 12.672, 0, 0, 0, 0, 0, 3679.776, 153, 502.08, 8.064, 502.08, 0, 
삼천포태양광, 3, 2025-08-29 00:00:00, 0, 0, 0, 0, 0, 0, 2.232, 42.516, 99.72, 163.944, 196.128, 217.62, 224.856, 211.392, 197.1, 155.736, 99.684, 34.956, 0.72, 0, 0, 0, 0, 0, 1646.604, 69, 224.85, 0.72, 224.856, 0, 
삼천포태양광, 4, 2025-08-29 00:00:00, 0, 0, 0, 0, 0, 0, 5.008, 81.719, 94.922, 93.581, 93.453, 79.253, 508.175, 1114.023, 1012.892, 830.558, 1188.686, 1196.099, 1158.589, 582.025, 0, 0, 0, 0, 8038.983, 335, 1196.09, 5.008, 1196.099, 0, 
구미태양광, 1, 2025-08-29 00:00:00, 0, 0, 0, 0, 0, 0, 2.748, 53.731, 203.135, 363.387, 446.333, 392.675, 450.744, 574.549, 528.556, 430.062, 231.049, 171.171, 29.939, 0, 0, 0, 0, 0, 3878.079, 162, 574.54, 2.748, 574.549, 0, 
삼천포태양광#6, 1, 2025-08-29 00:00:00, 0, 0, 0, 0, 0, 0, 1.312, 63.478, 70.016, 64.451, 62.798, 51.465, 62.1, 522.949, 636.286, 530.692, 576.957, 618.081, 613.765, 646.949, 0, 0, 0, 0, 4521.299, 188, 646.94, 1.312, 646.949, 0, 
영흥태양광#5, 1, 2025-08-29 00:00:00, 0, 0, 0, 0, 0, 0, 14.463, 163.916, 735.211, 1255.884, 1969.4, 2509.358, 2463.558, 2540.695, 1928.421, 1680.137, 778.6, 265.158, 21.695, 0, 0, 0, 0, 0, 16326.496, 680, 2540.69, 14.463, 2540.695, 0, 
영흥태양광 #3, 1, 2025-08-29 00:00:00, 0, 0, 0, 0, 0, 0, 8.64, 112.8, 448.56, 806.64, 1146, 1477.68, 1314.24, 1462.56, 1206.72, 1011.12, 504, 174.24, 24.24, 0, 0, 0, 0, 0, 9697.44, 404, 1477.68, 8.64, 1477.68, 0, 
영흥태양광 #3, 2, 2025-08-29 00:00:00, 0, 0, 0, 0, 0, 0, 0.48, 38.496, 226.848, 399.744, 571.008, 654.528, 648.48, 660.384, 525.696, 457.824, 234.336, 72.48, 1.824, 0, 0, 0, 0, 0, 4492.128, 187, 660.38, 0.48, 660.384, 0, 
영흥태양광 #3, 3, 2025-08-29 00:00:00, 0, 0, 0, 0, 0, 0, 1.44, 59.4, 200.28, 328.92, 550.2, 826.08, 717.84, 818.4, 707.76, 538.8, 273.48, 84.36, 12.48, 0, 0, 0, 0, 0, 5119.44, 213, 826.08, 1.44, 826.08, 0, 
영흥태양광, 1, 2025-08-29 00:00:00, 0, 0, 0, 0, 0, 0, 0, 43.277, 132.749, 254.822, 421.286, 606.566, 568.666, 582.067, 457.69, 335.386, 155.75, 66.893, 0.384, 0, 0, 0, 0, 0, 3625.536, 151, 606.56, 0.384, 606.566, 0, 
예천태양광, 1, 2025-08-29 00:00:00, 0, 0, 0, 0, 0, 0, 25.02, 223.2, 566.1, 646.2, 685.8, 776.52, 1060.92, 885.78, 1049.76, 777.6, 472.32, 262.26, 19.98, 0, 0, 0, 0, 0, 7451.46, 310, 1060.92, 19.98, 1060.92, 0, 
여수태양광, 1, 2025-08-29 00:00:00, 0, 0, 0, 0, 0, 0, 0, 0, 0, 0, 0, 0, 0, 0, 0, 0, 0, 0, 0, 0, 0, 0, 0, 432.27, 432.27, 18, 432.27, 432.27, 432.27, 0, 
영흥태양광, 2, 2025-08-29 00:00:00, 0, 0, 0, 0, 0, 0, 0, 4.821, 112.813, 291.192, 430.038, 572.741, 514.888, 579.491, 431.966, 375.078, 175.486, 60.745, 0, 0, 0, 0, 0, 0, 3549.259, 148, 579.49, 4.821, 579.491, 0, 
탑선태양광, 1, 2025-08-29 00:00:00, 0, 0, 0, 0, 0, 0, 0, 0, 0, 0, 0, 0, 0, 0, 0, 0, 0, 0, 0, 0, 0, 0, 0, 945, 945, 39, 945, 945, 945, 0, 
탑선태양광, 3, 2025-08-29 00:00:00, 0, 0, 0, 0, 0, 0, 0, 0, 0, 0, 0, 0, 0, 0, 0, 0, 0, 0, 0, 0, 0, 0, 0, 436, 436, 18, 436, 436, 436, 0, 
경상대태양광, 1, 2025-08-29 00:00:00, 0, 0, 0, 0, 0, 0, 8.208, 80.712, 230.4, 332.712, 443.088, 489.816, 521.208, 537.192, 502.2, 422.64, 310.464, 153.36, 20.736, 0, 0, 0, 0, 0, 4052.736, 169, 537.19, 8.208, 537.192, 0, 
고흥만 수상태양광, 1, 2025-08-29 00:00:00, 0, 0, 0, 0, 0, 0, 1305.024, 10109.064, 20414.268, 34029.66, 42126.336, 46432.092, 48010.284, 44823.828, 41891.724, 35029.008, 24428.376, 10418.352, 2106.048, 0, 0, 0, 0, 0, 361124.064, 15047, 48010.28, 1305.02, 48010.284, 0, 
영동태양광, 1, 2025-08-28 00:00:00, 0, 0, 0, 0, 0, 0, 2.496, 11.712, 12, 11.424, 12.768, 13.248, 11.904, 318.048, 634.56, 297.408, 517.344, 677.184, 673.536, 345.024, 0, 0, 0, 0, 3538.656, 147, 677.18, 2.496, 677.184, 0, 
삼천포태양광#5, 1, 2025-08-28 00:00:00, 0, 0, 0, 0, 0, 0, 19.147, 190.37, 218.546, 254.634, 365.033, 228.092, 871.751, 2588.392, 2163.079, 1910.267, 2516.141, 2527.237, 2477.083, 1713.474, 0, 0, 0, 0, 18043.246, 752, 2588.39, 19.147, 2588.392, 0, 
삼천포태양광#5, 2, 2025-08-28 00:00:00, 0, 0, 0, 0, 0, 0, 42.456, 279.519, 287.763, 286.264, 489.005, 600.578, 4203.286, 4568.05, 3727.789, 3347.299, 4288.346, 4277.303, 3843.799, 1927.443, 0, 0, 0, 0, 32168.9, 1340, 4568.05, 42.456, 4568.05, 0, 
광양항세방태양광, 1, 2025-08-28 00:00:00, 0, 0, 0, 0, 0, 0, 14.4, 76.8, 120, 225.6, 470.4, 276, 552, 482.4, 374.4, 283.2, 184.8, 86.4, 0, 0, 0, 0, 0, 0, 3146.4, 131, 552, 14.4, 552, 0, 
두산엔진MG태양광, 1, 2025-08-28 00:00:00, 0, 0, 0, 0, 0, 0, 1.38, 6.3, 12.3, 18.78, 19.74, 33.66, 42.72, 46.38, 47.76, 45.78, 40.14, 22.26, 2.7, 0, 0, 0, 0, 0, 339.9, 14, 47.76, 1.38, 47.76, 0, 
삼천포태양광, 1, 2025-08-28 00:00:00, 0, 0, 0, 0, 0, 0, 0, 0.372, 3.696, 8.472, 8.088, 14.784, 16.716, 16.584, 14.004, 12.348, 5.76, 2.124, 0, 0, 0, 0, 0, 0, 102.948, 4, 16.71, 0.372, 16.716, 0, 
삼천포태양광, 2, 2025-08-28 00:00:00, 0, 0, 0, 0, 0, 0, 6.72, 85.152, 198.816, 338.496, 430.272, 447.36, 515.616, 493.44, 395.52, 332.928, 168.768, 89.664, 10.944, 0, 0, 0, 0, 0, 3513.696, 146, 515.61, 6.72, 515.616, 0, 
삼천포태양광, 3, 2025-08-28 00:00:00, 0, 0, 0, 0, 0, 0, 0.972, 43.056, 94.32, 153.18, 199.332, 193.752, 212.292, 208.872, 171.864, 148.104, 71.172, 30.996, 1.368, 0, 0, 0, 0, 0, 1529.28, 64, 212.29, 0.972, 212.292, 0, 
삼천포태양광, 4, 2025-08-28 00:00:00, 0, 0, 0, 0, 0, 0, 3.108, 83.523, 95.239, 95.326, 96.003, 92.079, 391.125, 1128.86, 891.66, 782.11, 1188.916, 1193.5, 1157.496, 417.495, 0, 0, 0, 0, 7616.44, 317, 1193.5, 3.108, 1193.5, 0, 
구미태양광, 1, 2025-08-28 00:00:00, 0, 0, 0, 0, 0, 0, 2.097, 32.976, 81.428, 383.129, 444.887, 554.951, 606.151, 392.024, 491.097, 314.501, 274.8, 110.571, 43.245, 0, 0, 0, 0, 0, 3731.857, 155, 606.15, 2.097, 606.151, 0, 
삼천포태양광#6, 1, 2025-08-28 00:00:00, 0, 0, 0, 0, 0, 0, 0.416, 61.132, 69.444, 67.584, 66.807, 59.419, 58.463, 326.602, 569.991, 478.893, 557.237, 618.008, 613.511, 571.556, 0, 0, 0, 0, 4119.063, 172, 618, 0.416, 618.008, 0, 
영흥태양광#5, 1, 2025-08-28 00:00:00, 0, 0, 0, 0, 0, 0, 72.316, 363.989, 1005.189, 1757.274, 2171.884, 2456.326, 1822.358, 2200.811, 817.168, 969.032, 1091.968, 315.779, 84.368, 0, 0, 0, 0, 0, 15128.462, 630, 2456.32, 72.316, 2456.326, 0, 
영흥태양광 #3, 1, 2025-08-28 00:00:00, 0, 0, 0, 0, 0, 0, 43.68, 235.44, 638.88, 1117.68, 1307.76, 1470.96, 1162.8, 1350.72, 543.84, 654, 719.28, 204.72, 53.04, 0, 0, 0, 0, 0, 9502.8, 396, 1470.96, 43.68, 1470.96, 0, 
영흥태양광 #3, 2, 2025-08-28 00:00:00, 0, 0, 0, 0, 0, 0, 12.096, 96, 280.992, 474.816, 575.232, 640.224, 507.072, 575.04, 236.448, 273.792, 297.312, 88.608, 18.432, 0, 0, 0, 0, 0, 4076.064, 170, 640.22, 12.096, 640.224, 0, 
영흥태양광 #3, 3, 2025-08-28 00:00:00, 0, 0, 0, 0, 0, 0, 19.2, 111.6, 312.12, 590.04, 724.8, 842.04, 657.24, 737.52, 286.8, 325.68, 363.12, 109.56, 25.8, 0, 0, 0, 0, 0, 5105.52, 213, 842.04, 19.2, 842.04, 0, 
영흥태양광, 1, 2025-08-28 00:00:00, 0, 0, 0, 0, 0, 0, 3.11, 64.013, 210.01, 395.405, 507.84, 588.518, 435.418, 498.048, 189.235, 213.811, 236.16, 78.874, 18.47, 0, 0, 0, 0, 0, 3438.912, 143, 588.51, 3.11, 588.518, 0, 
예천태양광, 1, 2025-08-28 00:00:00, 0, 0, 0, 0, 0, 0, 15.84, 81.36, 330.48, 854.64, 503.64, 819.18, 848.52, 818.28, 1135.44, 883.08, 474.48, 251.82, 30.78, 0, 0, 0, 0, 0, 7047.54, 294, 1135.44, 15.84, 1135.44, 0, 
여수태양광, 1, 2025-08-28 00:00:00, 0, 0, 0, 0, 0, 0, 0, 0, 0, 0, 0, 0, 0, 0, 0, 0, 0, 0, 0, 0, 0, 0, 0, 438.01, 438.01, 18, 438.01, 438.01, 438.01, 0, 
영흥태양광, 2, 2025-08-28 00:00:00, 0, 0, 0, 0, 0, 0, 0.964, 53.032, 215.983, 406.897, 500.425, 576.598, 441.608, 525.495, 197.663, 225.625, 258.408, 71.352, 15.427, 0, 0, 0, 0, 0, 3489.477, 145, 576.59, 0.96, 576.598, 0, 
탑선태양광, 1, 2025-08-28 00:00:00, 0, 0, 0, 0, 0, 0, 0, 0, 0, 0, 0, 0, 0, 0, 0, 0, 0, 0, 0, 0, 0, 0, 0, 945, 945, 39, 945, 945, 945, 0, 
탑선태양광, 3, 2025-08-28 00:00:00, 0, 0, 0, 0, 0, 0, 0, 0, 0, 0, 0, 0, 0, 0, 0, 0, 0, 0, 0, 0, 0, 0, 0, 436, 436, 18, 436, 436, 436, 0, 
경상대태양광, 1, 2025-08-28 00:00:00, 0, 0, 0, 0, 0, 0, 7.128, 83.88, 219.168, 296.136, 443.664, 515.232, 412.272, 420.984, 409.896, 363.456, 222.192, 69.264, 15.48, 0, 0, 0, 0, 0, 3478.752, 145, 515.23, 7.128, 515.232, 0, 
고흥만 수상태양광, 1, 2025-08-28 00:00:00, 0, 0, 0, 0, 0, 0, 1531.32, 9088.8, 20875.68, 21995.148, 29193.276, 37076.508, 38660.412, 39577.524, 36149.652, 27974.352, 25073.328, 10489.836, 917.868, 0, 0, 0, 0, 0, 298603.704, 12442, 39577.52, 917.86, 39577.524, 0, 
영동태양광, 1, 2025-08-27 00:00:00, 0, 0, 0, 0, 0, 0, 2.496, 15.168, 15.84, 15.072, 15.648, 13.056, 275.904, 780.192, 756.576, 387.456, 547.968, 676.896, 673.344, 478.848, 0, 0, 0, 0, 4654.464, 194, 780.19, 2.496, 780.192, 0, 
삼천포태양광#5, 1, 2025-08-27 00:00:00, 0, 0, 0, 0, 0, 0, 50.152, 191.209, 193.229, 195.827, 200.012, 201.356, 1550.289, 2786.681, 2475.112, 1607.593, 2510.464, 2516.846, 2479.612, 1869.826, 0, 0, 0, 0, 18828.208, 785, 2786.68, 50.152, 2786.681, 0, 
삼천포태양광#5, 2, 2025-08-27 00:00:00, 0, 0, 0, 0, 0, 0, 92.458, 287.211, 286.214, 293.853, 472.834, 831.491, 3830.063, 4831.21, 4285.933, 2806.024, 4289.156, 4280.824, 3857.254, 2218.834, 0, 0, 0, 0, 32663.359, 1361, 4831.21, 92.458, 4831.21, 0, 
광양항세방태양광, 1, 2025-08-27 00:00:00, 0, 0, 0, 0, 0, 0, 14.4, 105.6, 220.8, 324, 513.6, 624, 607.2, 571.2, 511.2, 319.2, 240, 117.6, 4.8, 0, 0, 0, 0, 0, 4173.6, 174, 624, 4.8, 624, 0, 
두산엔진MG태양광, 1, 2025-08-27 00:00:00, 0, 0, 0, 0, 0, 0, 1.62, 3.72, 9.24, 22.62, 33.24, 35.64, 31.38, 29.52, 55.98, 35.64, 27.42, 22.92, 5.22, 0, 0, 0, 0, 0, 314.16, 13, 55.98, 1.62, 55.98, 0, 
삼천포태양광, 1, 2025-08-27 00:00:00, 0, 0, 0, 0, 0, 0, 0, 0.312, 3.384, 1.896, 13.524, 15.936, 16.908, 17.244, 16.032, 10.296, 7.224, 1.368, 0.024, 0, 0, 0, 0, 0, 104.148, 4, 17.24, 0.024, 17.244, 0, 
삼천포태양광, 2, 2025-08-27 00:00:00, 0, 0, 0, 0, 0, 0, 12.768, 89.28, 222.816, 263.808, 454.08, 507.648, 520.608, 494.208, 443.52, 282.144, 208.512, 75.456, 13.248, 0, 0, 0, 0, 0, 3588.096, 150, 520.6, 12.768, 520.608, 0, 
삼천포태양광, 3, 2025-08-27 00:00:00, 0, 0, 0, 0, 0, 0, 2.592, 43.02, 105.912, 148.896, 190.872, 218.664, 222.408, 217.476, 195.48, 123.804, 86.4, 24.156, 2.052, 0, 0, 0, 0, 0, 1581.732, 66, 222.4, 2.052, 222.408, 0, 
삼천포태양광, 4, 2025-08-27 00:00:00, 0, 0, 0, 0, 0, 0, 8.28, 85.176, 95.007, 93.801, 92.036, 95.969, 132.196, 1164.503, 1042.34, 650.946, 1189.095, 1192.305, 1162.456, 488.465, 0, 0, 0, 0, 7492.575, 312, 1192.3, 8.28, 1192.305, 0, 
구미태양광, 1, 2025-08-27 00:00:00, 0, 0, 0, 0, 0, 0, 5.858, 81.645, 265.761, 431.291, 496.448, 476.561, 537.017, 497.316, 518.866, 308.716, 303.654, 255.202, 24.515, 0, 0, 0, 0, 0, 4202.85, 175, 537.01, 5.858, 537.017, 0, 
삼천포태양광#6, 1, 2025-08-27 00:00:00, 0, 0, 0, 0, 0, 0, 5.63, 70.212, 68.038, 66.622, 61.846, 61.744, 58.221, 422.158, 636.208, 424.221, 573.126, 616.049, 611.885, 573.755, 0, 0, 0, 0, 4249.715, 177, 636.2, 5.63, 636.208, 0, 
영흥태양광#5, 1, 2025-08-27 00:00:00, 0, 0, 0, 0, 0, 0, 40.979, 465.232, 1142.589, 1499.347, 2159.832, 2135.726, 1774.147, 2157.421, 2094.747, 1745.221, 821.989, 308.547, 72.316, 0, 0, 0, 0, 0, 16418.093, 684, 2159.83, 40.979, 2159.832, 0, 
영흥태양광 #3, 1, 2025-08-27 00:00:00, 0, 0, 0, 0, 0, 0, 26.64, 339.12, 774.96, 411.84, 1083.84, 1374.96, 1224.72, 1457.52, 1371.36, 1168.8, 595.44, 204.96, 44.64, 0, 0, 0, 0, 0, 10078.8, 420, 1457.52, 26.64, 1457.52, 0, 
영흥태양광 #3, 2, 2025-08-27 00:00:00, 0, 0, 0, 0, 0, 0, 6.336, 138.624, 344.64, 489.408, 662.88, 648.96, 559.872, 664.512, 658.176, 540.192, 259.776, 84.384, 14.112, 0, 0, 0, 0, 0, 5071.872, 211, 664.51, 6.336, 664.512, 0, 
영흥태양광 #3, 3, 2025-08-27 00:00:00, 0, 0, 0, 0, 0, 0, 10.92, 147.24, 255.12, 426.6, 558.96, 774.48, 658.92, 820.32, 774.96, 640.8, 309.6, 105.84, 21.24, 0, 0, 0, 0, 0, 5505, 229, 820.32, 10.92, 820.32, 0, 
영흥태양광, 1, 2025-08-27 00:00:00, 0, 0, 0, 0, 0, 0, 0, 73.459, 237.043, 384.73, 489.024, 525.082, 522.816, 610.752, 549.734, 457.843, 236.621, 77.069, 14.362, 0, 0, 0, 0, 0, 4178.535, 174, 610.75, 14.362, 610.752, 0, 
예천태양광, 1, 2025-08-27 00:00:00, 0, 0, 0, 0, 0, 0, 44.82, 390.24, 641.88, 958.32, 1229.94, 1308.24, 1116.36, 1245.6, 981, 501.3, 594.9, 293.94, 65.52, 0, 0, 0, 0, 0, 9372.06, 391, 1308.24, 44.82, 1308.24, 0, 
여수태양광, 1, 2025-08-27 00:00:00, 0, 0, 0, 0, 0, 0, 0, 0, 0, 0, 0, 0, 0, 0, 0, 0, 0, 0, 0, 0, 0, 0, 0, 452.59, 452.59, 19, 452.59, 452.59, 452.59, 0, 
영흥태양광, 2, 2025-08-27 00:00:00, 0, 0, 0, 0, 0, 0, 0.964, 95.457, 268.051, 180.307, 454.143, 517.781, 466.678, 588.168, 525.495, 428.109, 211.162, 71.352, 12.535, 0, 0, 0, 0, 0, 3820.202, 159, 588.16, 0.964, 588.168, 0, 
탑선태양광, 1, 2025-08-27 00:00:00, 0, 0, 0, 0, 0, 0, 0, 0, 0, 0, 0, 0, 0, 0, 0, 0, 0, 0, 0, 0, 0, 0, 0, 945, 945, 39, 945, 945, 945, 0, 
탑선태양광, 3, 2025-08-27 00:00:00, 0, 0, 0, 0, 0, 0, 0, 0, 0, 0, 0, 0, 0, 0, 0, 0, 0, 0, 0, 0, 0, 0, 0, 436, 436, 18, 436, 436, 436, 0, 
경상대태양광, 1, 2025-08-27 00:00:00, 0, 0, 0, 0, 0, 0, 10.512, 71.568, 233.28, 296.64, 365.976, 527.184, 509.112, 512.928, 380.952, 325.368, 288.648, 119.52, 17.424, 0, 0, 0, 0, 0, 3659.112, 152, 527.18, 10.512, 527.184, 0, 
고흥만 수상태양광, 1, 2025-08-27 00:00:00, 0, 0, 0, 0, 0, 0, 1210.188, 9055.452, 19699.932, 31688.16, 42189.168, 46368.924, 48146.952, 45952.704, 41521.368, 32016.18, 24435.348, 10630.62, 942.06, 0, 0, 0, 0, 0, 353857.056, 14744, 48146.95, 942.06, 48146.952, 0, 
영동태양광, 1, 2025-08-26 00:00:00, 0, 0, 0, 0, 0, 0, 10.176, 0, 9.696, 14.112, 14.208, 15.744, 13.152, 13.056, 14.976, 344.448, 585.504, 682.656, 676.704, 38.592, 0, 0, 0, 0, 2433.024, 101, 682.65, 9.696, 682.656, 0, 
삼천포태양광#5, 1, 2025-08-26 00:00:00, 0, 0, 0, 0, 0, 0, 63.717, 190.223, 194.815, 238.071, 308.959, 340.742, 420.305, 278.99, 1640.248, 1913.808, 2508.38, 2538.88, 2440.086, 1642.496, 0, 0, 0, 0, 14719.72, 613, 2538.88, 63.717, 2538.88, 0, 
삼천포태양광#5, 2, 2025-08-26 00:00:00, 0, 0, 0, 0, 0, 0, 116.082, 286.298, 289.374, 290.309, 414.947, 566.969, 538.967, 1573.794, 3980.28, 3258.712, 4261.891, 4226.916, 3771.315, 1805.374, 0, 0, 0, 0, 25381.228, 1058, 4261.89, 116.08, 4261.891, 0, 
광양항세방태양광, 1, 2025-08-26 00:00:00, 0, 0, 0, 0, 0, 0, 9.6, 57.6, 122.4, 388.8, 448.8, 537.6, 187.2, 612, 489.6, 374.4, 242.4, 57.6, 0, 0, 0, 0, 0, 0, 3528, 147, 612, 9.6, 612, 0, 
두산엔진MG태양광, 1, 2025-08-26 00:00:00, 0, 0, 0, 0, 0, 0, 1.5, 4.2, 9.48, 25.32, 34.56, 46.56, 23.88, 32.04, 29.34, 46.92, 41.28, 10.62, 0.66, 0, 0, 0, 0, 0, 306.36, 13, 46.92, 0.66, 46.92, 0, 
삼천포태양광, 1, 2025-08-26 00:00:00, 0, 0, 0, 0, 0, 0, 0, 0.36, 3.192, 6.516, 9.264, 13.236, 10.44, 11.388, 15.372, 12.216, 6.372, 0.78, 0, 0, 0, 0, 0, 0, 89.136, 4, 15.37, 0.36, 15.372, 0, 
삼천포태양광, 2, 2025-08-26 00:00:00, 0, 0, 0, 0, 0, 0, 16.224, 74.688, 134.112, 236.928, 318.624, 428.544, 383.136, 299.904, 423.168, 343.2, 189.984, 60.384, 3.648, 0, 0, 0, 0, 0, 2912.544, 121, 428.54, 3.648, 428.544, 0, 
삼천포태양광, 3, 2025-08-26 00:00:00, 0, 0, 0, 0, 0, 0, 3.6, 29.448, 58.104, 101.34, 134.316, 182.916, 163.872, 135.864, 189.54, 146.016, 78.876, 17.316, 0.036, 0, 0, 0, 0, 0, 1241.244, 52, 189.54, 0.036, 189.54, 0, 
삼천포태양광, 4, 2025-08-26 00:00:00, 0, 0, 0, 0, 0, 0, 16.407, 85.718, 96.472, 97.933, 107.232, 112.561, 110.76, 89.859, 587.996, 767.335, 1181.234, 1195.747, 1143.641, 349.659, 0, 0, 0, 0, 5942.554, 248, 1195.74, 16.407, 1195.747, 0, 
구미태양광, 1, 2025-08-26 00:00:00, 0, 0, 0, 0, 0, 0, 6.942, 54.02, 107.172, 198.145, 384.648, 386.166, 167.339, 185.635, 130.168, 85.911, 186.213, 94.806, 61.758, 0.94, 0, 0, 0, 0, 2049.863, 85, 386.16, 0.94, 386.166, 0, 
삼천포태양광#6, 1, 2025-08-26 00:00:00, 0, 0, 0, 0, 0, 0, 7.69, 66.697, 69.723, 66.687, 63.013, 65.905, 68.056, 59.973, 162.035, 526.297, 510.264, 619.449, 608.494, 540.174, 0, 0, 0, 0, 3434.457, 143, 619.44, 7.69, 619.449, 0, 
영흥태양광#5, 1, 2025-08-26 00:00:00, 0, 0, 0, 0, 0, 0, 2.411, 98.832, 265.158, 501.389, 944.926, 1950.116, 2485.253, 2217.684, 2056.179, 1791.021, 1072.684, 576.116, 55.442, 0, 0, 0, 0, 0, 14017.211, 584, 2485.25, 2.411, 2485.253, 0, 
영흥태양광 #3, 1, 2025-08-26 00:00:00, 0, 0, 0, 0, 0, 0, 0.72, 62.4, 188.88, 381.12, 747.36, 1339.68, 1497.6, 1433.04, 1352.64, 1203.84, 762.72, 329.04, 30.24, 0, 0, 0, 0, 0, 9329.28, 389, 1497.6, 0.72, 1497.6, 0, 
영흥태양광 #3, 2, 2025-08-26 00:00:00, 0, 0, 0, 0, 0, 0, 0.096, 19.872, 75.36, 162.72, 313.44, 613.632, 755.136, 691.296, 645.216, 552.48, 344.736, 188.352, 16.608, 0, 0, 0, 0, 0, 4378.944, 182, 755.13, 0.096, 755.136, 0, 
영흥태양광 #3, 3, 2025-08-26 00:00:00, 0, 0, 0, 0, 0, 0, 0.48, 29.28, 88.08, 42.6, 0, 0, 0, 0, 0, 0, 327.6, 221.04, 21.96, 0, 0, 0, 0, 0, 731.04, 30, 327.6, 0.48, 327.6, 0, 
영흥태양광, 1, 2025-08-26 00:00:00, 0, 0, 0, 0, 0, 0, 0, 7.411, 65.549, 185.011, 333.619, 521.894, 647.04, 599.424, 562.33, 483.686, 311.501, 156.326, 13.709, 0, 0, 0, 0, 0, 3887.5, 162, 647.04, 7.411, 647.04, 0, 
예천태양광, 1, 2025-08-26 00:00:00, 0, 0, 0, 0, 0, 0, 17.46, 52.92, 87.48, 255.42, 723.6, 266.94, 112.32, 426.78, 404.64, 267.66, 208.08, 217.26, 42.66, 0, 0, 0, 0, 0, 3083.22, 128, 723.6, 17.46, 723.6, 0, 
여수태양광, 1, 2025-08-26 00:00:00, 0, 0, 0, 0, 0, 0, 0, 0, 0, 0, 0, 0, 0, 0, 0, 0, 0, 0, 0, 0, 0, 0, 0, 344.63, 344.63, 14, 344.63, 344.63, 344.63, 0, 
영흥태양광, 2, 2025-08-26 00:00:00, 0, 0, 0, 0, 0, 0, 0, 0.964, 31.819, 123.419, 266.122, 510.067, 604.56, 565.992, 524.531, 446.429, 264.194, 131.133, 11.571, 0, 0, 0, 0, 0, 3480.801, 145, 604.56, 0.964, 604.56, 0, 
탑선태양광, 1, 2025-08-26 00:00:00, 0, 0, 0, 0, 0, 0, 0, 0, 0, 0, 0, 0, 0, 0, 0, 0, 0, 0, 0, 0, 0, 0, 0, 945, 945, 39, 945, 945, 945, 0, 
탑선태양광, 3, 2025-08-26 00:00:00, 0, 0, 0, 0, 0, 0, 0, 0, 0, 0, 0, 0, 0, 0, 0, 0, 0, 0, 0, 0, 0, 0, 0, 436, 436, 18, 436, 436, 436, 0, 
경상대태양광, 1, 2025-08-26 00:00:00, 0, 0, 0, 0, 0, 0, 7.128, 74.664, 204.768, 355.824, 432, 479.592, 104.4, 58.968, 396.072, 439.704, 268.776, 73.44, 6.552, 0, 0, 0, 0, 0, 2901.888, 121, 479.59, 6.552, 479.592, 0, 
고흥만 수상태양광, 1, 2025-08-26 00:00:00, 0, 0, 0, 0, 0, 0, 1005.564, 6511.176, 15617.028, 25992.792, 28296.912, 39371.052, 44833.152, 36208.872, 30377.256, 15756.216, 21374.304, 8051.232, 1999.452, 0.588, 0, 0, 0, 0, 275395.596, 11475, 44833.15, 0.58, 44833.152, 0, 
영동태양광, 1, 2025-08-25 00:00:00, 0, 0, 0, 0, 0, 0, 7.872, 14.496, 13.92, 12.576, 12.096, 15.936, 362.016, 725.856, 669.216, 580.512, 634.08, 683.136, 677.184, 672.192, 124.128, 0, 0, 0, 5205.216, 217, 725.85, 7.87, 725.856, 0, 
삼천포태양광#5, 1, 2025-08-25 00:00:00, 0, 0, 0, 0, 0, 0, 47.241, 191.594, 192.161, 205.043, 237.015, 179.707, 1089.942, 2654.195, 2528.64, 2015.824, 2516.761, 2516.62, 2479.873, 2251.985, 0, 0, 0, 0, 19106.601, 796, 2654.19, 47.24, 2654.195, 0, 
삼천포태양광#5, 2, 2025-08-25 00:00:00, 0, 0, 0, 0, 0, 0, 87.11, 287.222, 287.051, 289.945, 339.211, 555.141, 3259.878, 4474.338, 4252.191, 3402.722, 4289.349, 4280.932, 3853.661, 2727.226, 0, 0, 0, 0, 32385.977, 1349, 4474.33, 87.11, 4474.338, 0, 
광양항세방태양광, 1, 2025-08-25 00:00:00, 0, 0, 0, 0, 0, 0, 16.8, 127.2, 242.4, 398.4, 468, 580.8, 568.8, 384, 530.4, 348, 276, 105.6, 9.6, 0, 0, 0, 0, 0, 4056, 169, 580.8, 9.6, 580.8, 0, 
두산엔진MG태양광, 1, 2025-08-25 00:00:00, 0, 0, 0, 0, 0, 0, 1.98, 3.3, 8.7, 22.2, 36.96, 41.28, 45, 54.72, 55.38, 49.44, 43.44, 29.22, 6.48, 0.06, 0, 0, 0, 0, 398.16, 17, 55.38, 0.06, 55.38, 0, 
삼천포태양광, 1, 2025-08-25 00:00:00, 0, 0, 0, 0, 0, 0, 0, 0.108, 3.78, 7.956, 12.252, 15.684, 16.92, 16.452, 15.684, 12.972, 8.544, 2.568, 0, 0, 0, 0, 0, 0, 112.92, 5, 16.92, 0.108, 16.92, 0, 
삼천포태양광, 2, 2025-08-25 00:00:00, 0, 0, 0, 0, 0, 0, 10.752, 82.944, 171.36, 289.152, 409.536, 437.376, 535.584, 482.592, 442.848, 351.84, 232.032, 100.704, 15.36, 0, 0, 0, 0, 0, 3562.08, 148, 535.58, 10.752, 535.584, 0, 
삼천포태양광, 3, 2025-08-25 00:00:00, 0, 0, 0, 0, 0, 0, 2.196, 39.168, 70.884, 146.844, 181.944, 212.76, 228.06, 197.352, 191.7, 155.736, 100.728, 36.972, 0.9, 0, 0, 0, 0, 0, 1565.244, 65, 228.06, 0.9, 228.06, 0, 
삼천포태양광, 4, 2025-08-25 00:00:00, 0, 0, 0, 0, 0, 0, 6.505, 83.859, 94.984, 95.725, 99.655, 88.242, 342.933, 1111.357, 1065.445, 827.069, 1188.712, 1194.603, 1161.945, 599.172, 0, 0, 0, 0, 7960.206, 332, 1194.6, 6.505, 1194.603, 0, 
구미태양광, 1, 2025-08-25 00:00:00, 0, 0, 0, 0, 0, 0, 3.76, 47.584, 192.288, 214.561, 417.479, 479.743, 450.238, 455.445, 377.995, 252.382, 255.781, 147.813, 22.563, 0, 0, 0, 0, 0, 3317.632, 138, 479.74, 3.76, 479.743, 0, 
삼천포태양광#6, 1, 2025-08-25 00:00:00, 0, 0, 0, 0, 0, 0, 5.528, 67.382, 67.342, 65.103, 63.432, 55.718, 57.112, 445.262, 627.588, 507.033, 577.77, 617.677, 615.559, 655.872, 1.456, 0, 0, 0, 4429.834, 185, 655.87, 1.45, 655.872, 0, 
영흥태양광#5, 1, 2025-08-25 00:00:00, 0, 0, 0, 0, 0, 2.411, 53.032, 89.189, 238.642, 520.674, 2000.737, 2236.968, 2391.242, 2506.947, 2169.474, 1887.442, 1157.053, 544.779, 125.347, 0, 0, 0, 0, 0, 15923.937, 663, 2506.94, 2.41, 2506.947, 0, 
영흥태양광 #3, 1, 2025-08-25 00:00:00, 0, 0, 0, 0, 0, 1.2, 39.6, 61.2, 174.72, 385.44, 1240.32, 1355.04, 1440.72, 1454.64, 1323.6, 1168.56, 767.04, 313.92, 81.84, 0, 0, 0, 0, 0, 9807.84, 409, 1454.64, 1.2, 1454.64, 0, 
영흥태양광 #3, 2, 2025-08-25 00:00:00, 0, 0, 0, 0, 0, 0.096, 6.72, 15.744, 71.904, 153.408, 571.776, 641.184, 669.6, 703.488, 636.768, 541.248, 340.416, 161.952, 32.256, 0, 0, 0, 0, 0, 4546.56, 189, 703.48, 0.096, 703.488, 0, 
영흥태양광 #3, 3, 2025-08-25 00:00:00, 0, 0, 0, 0, 0, 0.72, 20.16, 29.16, 96.24, 203.4, 651.72, 779.64, 815.16, 837.96, 749.52, 629.88, 380.88, 190.56, 39.84, 0, 0, 0, 0, 0, 5424.84, 226, 837.96, 0.72, 837.96, 0, 
영흥태양광, 1, 2025-08-25 00:00:00, 0, 0, 0, 0, 0, 0, 2.534, 15.821, 73.267, 183.283, 418.33, 426.931, 575.616, 628.992, 519.168, 454.963, 320.563, 143.424, 29.491, 0, 0, 0, 0, 0, 3792.383, 158, 628.99, 2.53, 628.992, 0, 
예천태양광, 1, 2025-08-25 00:00:00, 0, 0, 0, 0, 0, 0, 47.34, 289.62, 649.26, 944.64, 1016.46, 1202.22, 1199.34, 1143.9, 955.98, 892.8, 624.06, 226.8, 22.5, 0, 0, 0, 0, 0, 9214.92, 384, 1202.22, 22.5, 1202.22, 0, 
여수태양광, 1, 2025-08-25 00:00:00, 0, 0, 0, 0, 0, 0, 0, 0, 0, 0, 0, 0, 0, 0, 0, 0, 0, 0, 0, 0, 0, 0, 0, 240.25, 240.25, 10, 240.25, 240.25, 240.25, 0, 
영흥태양광, 2, 2025-08-25 00:00:00, 0, 0, 0, 0, 0, 0, 0, 0, 46.282, 134.989, 460.893, 511.996, 581.419, 590.097, 506.211, 431.002, 249.731, 122.455, 28.926, 0, 0, 0, 0, 0, 3664.001, 153, 590.09, 28.92, 590.097, 0, 
탑선태양광, 1, 2025-08-25 00:00:00, 0, 0, 0, 0, 0, 0, 0, 0, 0, 0, 0, 0, 0, 0, 0, 0, 0, 0, 0, 0, 0, 0, 0, 945, 945, 39, 945, 945, 945, 0, 
탑선태양광, 3, 2025-08-25 00:00:00, 0, 0, 0, 0, 0, 0, 0, 0, 0, 0, 0, 0, 0, 0, 0, 0, 0, 0, 0, 0, 0, 0, 0, 436, 436, 18, 436, 436, 436, 0, 
경상대태양광, 1, 2025-08-25 00:00:00, 0, 0, 0, 0, 0, 0, 6.192, 78.696, 216.576, 349.704, 447.48, 445.752, 543.672, 546.12, 504.144, 424.368, 313.704, 162.648, 24.408, 0, 0, 0, 0, 0, 4063.464, 169, 546.12, 6.192, 546.12, 0, 
고흥만 수상태양광, 1, 2025-08-25 00:00:00, 0, 0, 0, 0, 0, 0, 1051.176, 9524.928, 19571.916, 16098.852, 32743.2, 38457.468, 24319.932, 44671.2, 41105.4, 35845.74, 25133.64, 11865.924, 1994.412, 0, 0, 0, 0, 0, 302383.788, 12599, 44671.2, 1051.176, 44671.2, 0, 
영동태양광, 1, 2025-08-24 00:00:00, 0, 0, 0, 0, 0, 0, 6.24, 14.208, 14.112, 14.208, 15.456, 16.416, 338.496, 729.696, 685.056, 575.328, 620.64, 681.6, 677.664, 654.528, 0.48, 0, 0, 0, 5044.128, 210, 729.69, 0.48, 729.696, 0, 
삼천포태양광#5, 1, 2025-08-24 00:00:00, 0, 0, 0, 0, 0, 0, 55.044, 190.765, 196.463, 194.024, 200.199, 225.727, 1707.037, 2781.629, 2480.086, 2028.504, 2433.181, 2234.682, 2350.528, 2460.538, 59.211, 0, 0, 0, 19597.618, 817, 2781.62, 55.04, 2781.629, 0, 
삼천포태양광#5, 2, 2025-08-24 00:00:00, 0, 0, 0, 0, 0, 0, 103.241, 286.659, 287.374, 285.523, 352.104, 713.459, 4166.416, 4696.511, 4114.536, 3391.619, 4303.205, 4270.153, 3867.249, 2558.806, 0, 0, 0, 0, 33396.855, 1392, 4696.51, 103.24, 4696.511, 0, 
광양항세방태양광, 1, 2025-08-24 00:00:00, 0, 0, 0, 0, 0, 0, 16.8, 139.2, 256.8, 408, 444, 573.6, 588, 571.2, 532.8, 429.6, 242.4, 67.2, 7.2, 0, 0, 0, 0, 0, 4276.8, 178, 588, 7.2, 588, 0, 
두산엔진MG태양광, 1, 2025-08-24 00:00:00, 0, 0, 0, 0, 0, 0, 1.5, 3.6, 8.82, 19.02, 35.76, 38.22, 48.36, 36.66, 47.28, 50.76, 42.06, 28.14, 7.02, 0, 0, 0, 0, 0, 367.2, 15, 50.76, 1.5, 50.76, 0, 
삼천포태양광, 1, 2025-08-24 00:00:00, 0, 0, 0, 0, 0, 0, 0, 0.504, 3.744, 7.788, 11.664, 15.42, 16.716, 16.92, 16.056, 13.128, 8.34, 2.376, 0, 0, 0, 0, 0, 0, 112.656, 5, 16.92, 0.504, 16.92, 0, 
삼천포태양광, 2, 2025-08-24 00:00:00, 0, 0, 0, 0, 0, 0, 13.44, 93.696, 216.096, 338.496, 417.024, 503.616, 525.408, 506.496, 451.488, 353.088, 231.072, 96.768, 15.936, 0, 0, 0, 0, 0, 3762.624, 157, 525.4, 13.44, 525.408, 0, 
삼천포태양광, 3, 2025-08-24 00:00:00, 0, 0, 0, 0, 0, 0, 2.52, 40.464, 97.596, 149.184, 180, 215.964, 226.836, 216.972, 194.436, 155.484, 99.108, 34.524, 1.188, 0, 0, 0, 0, 0, 1614.276, 67, 226.83, 1.188, 226.836, 0, 
삼천포태양광, 4, 2025-08-24 00:00:00, 0, 0, 0, 0, 0, 0, 12.455, 91.908, 94.921, 95.23, 92.122, 94.144, 432.977, 1154.942, 1011.231, 823.035, 1192.731, 1190.398, 1164.395, 583.42, 0, 0, 0, 0, 8033.909, 335, 1192.73, 12.45, 1192.731, 0, 
구미태양광, 1, 2025-08-24 00:00:00, 0, 0, 0, 0, 0, 0, 3.977, 62.409, 189.033, 317.466, 374.523, 444.164, 471.861, 418.925, 355.721, 392.53, 269.955, 124.166, 18.441, 0, 0, 0, 0, 0, 3443.171, 143, 471.86, 3.977, 471.861, 0, 
삼천포태양광#6, 1, 2025-08-24 00:00:00, 0, 0, 0, 0, 0, 0, 5.268, 70.3, 68.098, 65.47, 61.904, 61.134, 59.033, 469.94, 634.044, 531.554, 579.636, 615.503, 616.532, 645.437, 45.395, 0, 0, 0, 4529.248, 189, 645.43, 5.268, 645.437, 0, 
영흥태양광#5, 1, 2025-08-24 00:00:00, 0, 0, 0, 0, 0, 0, 57.853, 279.621, 1055.811, 1752.453, 2224.916, 2492.484, 2579.263, 2526.232, 2282.768, 1897.084, 1335.432, 619.505, 89.189, 0, 0, 0, 0, 0, 19192.611, 800, 2579.26, 57.853, 2579.263, 0, 
영흥태양광 #3, 1, 2025-08-24 00:00:00, 0, 0, 0, 0, 0, 0, 36, 188.88, 765.84, 1184.64, 1363.44, 1458.96, 1478.4, 1445.04, 1343.04, 1158.72, 856.8, 322.56, 42.48, 0, 0, 0, 0, 0, 11644.8, 485, 1478.4, 36, 1478.4, 0, 
영흥태양광 #3, 2, 2025-08-24 00:00:00, 0, 0, 0, 0, 0, 0, 7.776, 79.584, 300.96, 486.912, 624.96, 695.712, 719.328, 704.448, 643.104, 534.432, 384.672, 185.952, 23.424, 0, 0, 0, 0, 0, 5391.264, 225, 719.32, 7.776, 719.328, 0, 
영흥태양광 #3, 3, 2025-08-24 00:00:00, 0, 0, 0, 0, 0, 0, 13.08, 70.56, 191.4, 180.96, 440.88, 777.96, 806.28, 824.04, 748.08, 619.68, 440.64, 208.68, 29.52, 0, 0, 0, 0, 0, 5351.76, 223, 824.04, 13.08, 824.04, 0, 
영흥태양광, 1, 2025-08-24 00:00:00, 0, 0, 0, 0, 0, 0, 0.922, 34.906, 180.173, 116.006, 266.496, 457.114, 366.221, 574.426, 563.482, 474.01, 336.269, 155.482, 18.624, 0, 0, 0, 0, 0, 3544.131, 148, 574.42, 0.922, 574.426, 0, 
예천태양광, 1, 2025-08-24 00:00:00, 0, 0, 0, 0, 0, 0, 46.98, 299.16, 639.54, 930.06, 696.24, 317.88, 560.52, 906.3, 1006.02, 920.88, 621.18, 262.98, 30.6, 0, 0, 0, 0, 0, 7238.34, 302, 1006.02, 30.6, 1006.02, 0, 
여수태양광, 1, 2025-08-24 00:00:00, 0, 0, 0, 0, 0, 0, 0, 0, 0, 0, 0, 0, 0, 0, 0, 0, 0, 0, 0, 0, 0, 0, 0, 341.94, 341.94, 14, 341.94, 341.94, 341.94, 0, 
영흥태양광, 2, 2025-08-24 00:00:00, 0, 0, 0, 0, 0, 0, 0, 28.926, 261.301, 448.358, 535.137, 583.347, 602.632, 584.312, 530.316, 433.895, 295.048, 134.025, 16.392, 0, 0, 0, 0, 0, 4453.689, 186, 602.63, 16.392, 602.632, 0, 
탑선태양광, 1, 2025-08-24 00:00:00, 0, 0, 0, 0, 0, 0, 0, 0, 0, 0, 0, 0, 0, 0, 0, 0, 0, 0, 0, 0, 0, 0, 0, 945, 945, 39, 945, 945, 945, 0, 
탑선태양광, 3, 2025-08-24 00:00:00, 0, 0, 0, 0, 0, 0, 0, 0, 0, 0, 0, 0, 0, 0, 0, 0, 0, 0, 0, 0, 0, 0, 0, 436, 436, 18, 436, 436, 436, 0, 
경상대태양광, 1, 2025-08-24 00:00:00, 0, 0, 0, 0, 0, 0, 11.016, 77.544, 185.472, 359.136, 422.784, 398.376, 465.84, 498.168, 468.576, 417.96, 312.912, 162.648, 26.712, 0, 0, 0, 0, 0, 3807.144, 159, 498.16, 11.01, 498.168, 0, 
고흥만 수상태양광, 1, 2025-08-24 00:00:00, 0, 0, 0, 0, 0, 0, 1038.492, 8516.508, 20765.22, 33841.584, 40514.88, 41600.664, 42233.016, 33045.264, 37479.54, 32898.096, 24699.444, 11916.828, 2184.084, 0.756, 0, 0, 0, 0, 330734.376, 13781, 42233.01, 0.75, 42233.016, 0, 
영동태양광, 1, 2025-08-23 00:00:00, 0, 0, 0, 0, 0, 0, 6.528, 14.88, 14.016, 14.4, 15.552, 16.512, 15.264, 442.272, 603.456, 489.408, 633.888, 683.136, 677.856, 672.096, 130.368, 0, 0, 0, 4429.632, 185, 683.13, 6.528, 683.136, 0, 
삼천포태양광#5, 1, 2025-08-23 00:00:00, 0, 0, 0, 0, 0, 0, 35.887, 191.196, 196.95, 209.304, 213.838, 177.159, 2362.783, 2791.691, 2483.249, 2046.252, 2489.187, 2518.93, 2495.39, 2075.48, 0, 0, 0, 0, 20287.296, 845, 2791.69, 35.88, 2791.691, 0, 
삼천포태양광#5, 2, 2025-08-23 00:00:00, 0, 0, 0, 0, 0, 0, 65.445, 286.737, 285.69, 286.32, 412.717, 1119.234, 4682.88, 4711.19, 4160.208, 3445.245, 4285.745, 4283.327, 3858.999, 2512.485, 0, 0, 0, 0, 34396.222, 1433, 4711.19, 65.445, 4711.19, 0, 
광양항세방태양광, 1, 2025-08-23 00:00:00, 0, 0, 0, 0, 0, 0, 24, 132, 244.8, 410.4, 516, 580.8, 597.6, 583.2, 523.2, 400.8, 271.2, 117.6, 12, 0, 0, 0, 0, 0, 4413.6, 184, 597.6, 12, 597.6, 0, 
두산엔진MG태양광, 1, 2025-08-23 00:00:00, 0, 0, 0, 0, 0, 0, 1.74, 4.2, 9.24, 22.38, 34.56, 45.36, 43.02, 53.76, 55.56, 45.9, 41.76, 27.54, 5.28, 0.06, 0, 0, 0, 0, 390.36, 16, 55.56, 0.06, 55.56, 0, 
삼천포태양광, 1, 2025-08-23 00:00:00, 0, 0, 0, 0, 0, 0, 0, 0.084, 3.816, 8.544, 12.54, 15.552, 16.692, 17.004, 15.972, 13.128, 8.112, 2.208, 0, 0, 0, 0, 0, 0, 113.652, 5, 17, 0.084, 17.004, 0, 
삼천포태양광, 2, 2025-08-23 00:00:00, 0, 0, 0, 0, 0, 0, 8.064, 89.472, 235.008, 365.76, 462.048, 511.488, 531.744, 509.568, 454.56, 357.984, 225.888, 93.984, 11.904, 0, 0, 0, 0, 0, 3857.472, 161, 531.74, 8.064, 531.744, 0, 
삼천포태양광, 3, 2025-08-23 00:00:00, 0, 0, 0, 0, 0, 0, 2.016, 43.38, 108.18, 163.188, 199.548, 217.26, 226.224, 217.368, 194.148, 155.628, 94.5, 32.688, 0.468, 0, 0, 0, 0, 0, 1654.596, 69, 226.22, 0.468, 226.224, 0, 
삼천포태양광, 4, 2025-08-23 00:00:00, 0, 0, 0, 0, 0, 0, 2.536, 85.51, 94.664, 95.061, 92.324, 77.825, 755.803, 1161.727, 1028.068, 839.623, 1189.038, 1194.159, 1162.859, 561.951, 0, 0, 0, 0, 8341.148, 348, 1194.15, 2.536, 1194.159, 0, 
구미태양광, 1, 2025-08-23 00:00:00, 0, 0, 0, 0, 0, 0, 3.616, 62.047, 207.112, 340.101, 424.928, 475.693, 500.787, 483.72, 445.682, 381.538, 280.151, 145.933, 34.929, 0.434, 0, 0, 0, 0, 3786.671, 158, 500.78, 0.434, 500.787, 0, 
삼천포태양광#6, 1, 2025-08-23 00:00:00, 0, 0, 0, 0, 0, 0, 5.557, 69.526, 69.272, 65.917, 62.04, 51.093, 61.94, 610.727, 631.482, 532.352, 575.526, 616.105, 614.848, 654.147, 0, 0, 0, 0, 4620.532, 193, 654.14, 5.557, 654.147, 0, 
영흥태양광#5, 1, 2025-08-23 00:00:00, 0, 0, 0, 0, 0, 0, 69.905, 417.021, 901.537, 1224.547, 1776.558, 2446.684, 2523.821, 2403.295, 2015.2, 1810.305, 1198.032, 573.705, 113.295, 0, 0, 0, 0, 0, 17473.905, 728, 2523.82, 69.905, 2523.821, 0, 
영흥태양광 #3, 1, 2025-08-23 00:00:00, 0, 0, 0, 0, 0, 0, 38.4, 274.08, 576.24, 703.68, 905.52, 1442.88, 1465.68, 1423.2, 1197.12, 1128.72, 759.36, 318.48, 63.6, 0, 0, 0, 0, 0, 10296.96, 429, 1465.68, 38.4, 1465.68, 0, 
영흥태양광 #3, 2, 2025-08-23 00:00:00, 0, 0, 0, 0, 0, 0, 9.792, 110.88, 253.056, 353.472, 489.216, 683.424, 702.72, 680.256, 561.024, 512.64, 348.768, 165.792, 28.992, 0, 0, 0, 0, 0, 4900.032, 204, 702.72, 9.792, 702.72, 0, 
영흥태양광 #3, 3, 2025-08-23 00:00:00, 0, 0, 0, 0, 0, 0, 7.92, 49.92, 136.68, 299.88, 482.88, 798.84, 828.12, 793.56, 654.96, 587.4, 389.64, 187.08, 36.72, 0, 0, 0, 0, 0, 5253.6, 219, 828.12, 7.92, 828.12, 0, 
영흥태양광, 1, 2025-08-23 00:00:00, 0, 0, 0, 0, 0, 0, 0.307, 9.715, 57.37, 250.56, 252.134, 546.739, 626.496, 611.904, 527.155, 445.248, 310.118, 145.958, 26.035, 0, 0, 0, 0, 0, 3809.739, 159, 626.49, 0.307, 626.496, 0, 
예천태양광, 1, 2025-08-23 00:00:00, 0, 0, 0, 0, 0, 0, 48.78, 301.14, 666.36, 941.4, 1115.82, 1190.52, 1234.08, 1169.46, 584.82, 921.24, 613.8, 273.42, 34.38, 0, 0, 0, 0, 0, 9095.22, 379, 1234.08, 34.38, 1234.08, 0, 
여수태양광, 1, 2025-08-23 00:00:00, 0, 0, 0, 0, 0, 0, 0, 0, 0, 0, 0, 0, 0, 0, 0, 0, 0, 0, 0, 0, 0, 0, 0, 573.71, 573.71, 24, 573.71, 573.71, 573.71, 0, 
영흥태양광, 2, 2025-08-23 00:00:00, 0, 0, 0, 0, 0, 0, 0, 50.139, 224.661, 269.979, 359.651, 563.099, 585.276, 570.813, 466.678, 419.432, 268.051, 127.276, 22.177, 0, 0, 0, 0, 0, 3927.232, 164, 585.27, 22.177, 585.276, 0, 
탑선태양광, 1, 2025-08-23 00:00:00, 0, 0, 0, 0, 0, 0, 0, 0, 0, 0, 0, 0, 0, 0, 0, 0, 0, 0, 0, 0, 0, 0, 0, 945, 945, 39, 945, 945, 945, 0, 
탑선태양광, 3, 2025-08-23 00:00:00, 0, 0, 0, 0, 0, 0, 0, 0, 0, 0, 0, 0, 0, 0, 0, 0, 0, 0, 0, 0, 0, 0, 0, 436, 436, 18, 436, 436, 436, 0, 
경상대태양광, 1, 2025-08-23 00:00:00, 0, 0, 0, 0, 0, 0, 7.704, 75.312, 215.928, 370.224, 468.288, 485.496, 512.352, 522.216, 492.336, 427.104, 316.944, 144.576, 17.352, 0, 0, 0, 0, 0, 4055.832, 169, 522.21, 7.7, 522.216, 0, 
고흥만 수상태양광, 1, 2025-08-23 00:00:00, 0, 0, 0, 0, 0, 0, 1367.1, 10294.872, 23341.248, 34540.044, 42264.852, 46340.028, 46912.824, 35736.12, 39154.08, 28274.568, 21998.34, 12212.424, 1078.56, 9.828, 0, 0, 0, 0, 343524.888, 14314, 46912.82, 9.82, 46912.824, 0, 
영동태양광, 1, 2025-08-22 00:00:00, 0, 0, 0, 0, 0, 0, 0.576, 14.4, 59.04, 0, 0, 0, 0, 0, 0, 163.392, 629.472, 307.392, 27.936, 0, 0, 0, 0, 0, 1202.208, 50, 629.47, 0.57, 629.472, 0, 
삼천포태양광#5, 1, 2025-08-22 00:00:00, 0, 0, 0, 0, 0, 0, 75.174, 193.825, 205.628, 209.713, 218.835, 216.403, 1616.526, 2578.871, 2415.403, 1843.057, 2522.749, 2532.167, 2506.971, 2030.91, 0, 0, 0, 0, 19166.232, 799, 2578.87, 75.17, 2578.871, 0, 
삼천포태양광#5, 2, 2025-08-22 00:00:00, 0, 0, 0, 0, 0, 0, 137.633, 287.604, 286.901, 286.416, 298.38, 617.021, 4222.913, 4369.08, 4032.811, 3102.88, 4285.569, 4292.276, 3945.705, 2429.83, 0, 0, 0, 0, 32595.019, 1358, 4369.08, 137.633, 4369.08, 0, 
광양항세방태양광, 1, 2025-08-22 00:00:00, 0, 0, 0, 0, 0, 0, 24, 115.2, 228, 360, 427.2, 501.6, 540, 556.8, 372, 237.6, 175.2, 93.6, 16.8, 0, 0, 0, 0, 0, 3648, 152, 556.8, 16.8, 556.8, 0, 
두산엔진MG태양광, 1, 2025-08-22 00:00:00, 0, 0, 0, 0, 0, 0, 1.86, 4.86, 10.38, 22.68, 34.56, 44.04, 36.24, 46.98, 45.96, 48.48, 33.12, 13.14, 2.7, 0.06, 0, 0, 0, 0, 345.06, 14, 48.48, 0.06, 48.48, 0, 
삼천포태양광, 1, 2025-08-22 00:00:00, 0, 0, 0, 0, 0, 0, 0, 0.324, 3.888, 8.028, 12.252, 15.192, 16.404, 16.056, 15.456, 12.012, 7.488, 2.556, 0.108, 0, 0, 0, 0, 0, 109.764, 5, 16.4, 0.108, 16.404, 0, 
삼천포태양광, 2, 2025-08-22 00:00:00, 0, 0, 0, 0, 0, 0, 18.816, 88.32, 217.44, 337.728, 443.712, 433.344, 527.616, 479.232, 443.712, 332.832, 218.976, 99.84, 23.904, 0, 0, 0, 0, 0, 3665.472, 153, 527.61, 18.816, 527.616, 0, 
삼천포태양광, 3, 2025-08-22 00:00:00, 0, 0, 0, 0, 0, 0, 3.528, 36.972, 96.948, 147.996, 188.856, 107.892, 219.204, 197.964, 185.148, 138.312, 88.992, 34.992, 3.276, 0, 0, 0, 0, 0, 1450.08, 60, 219.2, 3.276, 219.204, 0, 
삼천포태양광, 4, 2025-08-22 00:00:00, 0, 0, 0, 0, 0, 0, 19.13, 90.874, 95.065, 94.923, 92.508, 89.166, 415.713, 1076.704, 995.667, 748.333, 1188.198, 1192.614, 1180.911, 569.813, 0, 0, 0, 0, 7849.619, 327, 1192.61, 19.13, 1192.614, 0, 
구미태양광, 1, 2025-08-22 00:00:00, 0, 0, 0, 0, 0, 0, 0, 42.377, 179.415, 305.679, 397.954, 328.82, 415.382, 459.639, 347.116, 352.323, 288.612, 148.175, 12.004, 0, 0, 0, 0, 0, 3277.496, 137, 459.63, 12.004, 459.639, 0, 
삼천포태양광#6, 1, 2025-08-22 00:00:00, 0, 0, 0, 0, 0, 0, 7.854, 69.736, 69.565, 65.939, 62.053, 58.643, 59.577, 311.561, 611.384, 479.506, 566.557, 615.4, 617.732, 655.183, 0, 0, 0, 0, 4250.69, 177, 655.18, 7.85, 655.183, 0, 
영흥태양광#5, 1, 2025-08-22 00:00:00, 0, 0, 0, 0, 0, 0, 74.726, 455.589, 1116.074, 1747.632, 2251.432, 2485.253, 2634.705, 2605.779, 2369.547, 1957.347, 1347.484, 621.916, 94.011, 0, 0, 0, 0, 0, 19761.495, 823, 2634.7, 74.726, 2634.705, 0, 
영흥태양광 #3, 1, 2025-08-22 00:00:00, 0, 0, 0, 0, 0, 0, 34.32, 286.8, 735.6, 987.84, 1341.84, 1482.24, 1520.16, 1484.4, 1386.48, 1199.76, 875.04, 333.36, 48.72, 0, 0, 0, 0, 0, 11716.56, 488, 1520.16, 34.32, 1520.16, 0, 
영흥태양광 #3, 2, 2025-08-22 00:00:00, 0, 0, 0, 0, 0, 0, 8.832, 116.544, 309.888, 502.08, 631.68, 698.304, 741.12, 733.248, 669.312, 557.376, 387.552, 184.608, 24.864, 0, 0, 0, 0, 0, 5565.408, 232, 741.12, 8.832, 741.12, 0, 
영흥태양광 #3, 3, 2025-08-22 00:00:00, 0, 0, 0, 0, 0, 0, 7.92, 109.56, 246.12, 485.76, 744.12, 814.92, 850.08, 837.48, 771, 644.88, 446.64, 210.48, 32.4, 0, 0, 0, 0, 0, 6201.36, 258, 850.08, 7.92, 850.08, 0, 
영흥태양광, 1, 2025-08-22 00:00:00, 0, 0, 0, 0, 0, 0, 0.115, 69.926, 220.992, 288.115, 549.734, 612.595, 647.808, 642.086, 586.214, 488.371, 339.84, 154.982, 20.813, 0, 0, 0, 0, 0, 4621.591, 193, 647.8, 0.115, 647.808, 0, 
예천태양광, 1, 2025-08-22 00:00:00, 0, 0, 0, 0, 0, 0, 0, 0, 0, 0, 672.66, 1001.7, 707.94, 1265.4, 918.9, 775.44, 650.7, 295.92, 41.4, 0, 0, 0, 0, 0, 6330.06, 264, 1265.4, 41.4, 1265.4, 0, 
여수태양광, 1, 2025-08-22 00:00:00, 0, 0, 0, 0, 0, 0, 0, 0, 0, 0, 0, 0, 0, 0, 0, 0, 0, 0, 0, 0, 0, 0, 0, 423.97, 423.97, 18, 423.97, 423.97, 423.97, 0, 
영흥태양광, 2, 2025-08-22 00:00:00, 0, 0, 0, 0, 0, 0, 0.964, 70.387, 210.198, 399.183, 523.566, 577.562, 615.166, 607.453, 553.457, 442.573, 270.943, 135.954, 18.32, 0, 0, 0, 0, 0, 4425.726, 184, 615.16, 0.964, 615.166, 0, 
탑선태양광, 1, 2025-08-22 00:00:00, 0, 0, 0, 0, 0, 0, 0, 0, 0, 0, 0, 0, 0, 0, 0, 0, 0, 0, 0, 0, 0, 0, 0, 945, 945, 39, 945, 945, 945, 0, 
탑선태양광, 3, 2025-08-22 00:00:00, 0, 0, 0, 0, 0, 0, 0, 0, 0, 0, 0, 0, 0, 0, 0, 0, 0, 0, 0, 0, 0, 0, 0, 436, 436, 18, 436, 436, 436, 0, 
경상대태양광, 1, 2025-08-22 00:00:00, 0, 0, 0, 0, 0, 0, 10.872, 86.832, 211.752, 347.616, 422.568, 404.136, 492.984, 494.856, 481.32, 237.6, 86.112, 46.584, 26.784, 0, 0, 0, 0, 0, 3350.016, 140, 494.85, 10.87, 494.856, 0, 
고흥만 수상태양광, 1, 2025-08-22 00:00:00, 0, 0, 0, 0, 0, 0, 1318.716, 9990.456, 22617.504, 33743.388, 41057.604, 45323.544, 47844.468, 46553.892, 42393.288, 35268.996, 25344.228, 12422.508, 2547.048, 13.944, 0, 0, 0, 0, 366439.584, 15268, 47844.46, 13.94, 47844.468, 0, 
영동태양광, 1, 2025-08-21 00:00:00, 0, 0, 0, 0, 0, 0, 6.624, 14.784, 15.456, 14.208, 15.36, 13.056, 367.872, 735.84, 663.84, 484.128, 609.6, 677.088, 670.656, 623.424, 0, 0, 0, 0, 4911.936, 205, 735.84, 6.62, 735.84, 0, 
삼천포태양광#5, 1, 2025-08-21 00:00:00, 0, 0, 0, 0, 0, 0, 39.143, 191.516, 192.219, 190.781, 192.892, 180.7, 2376.906, 2603.937, 2492.351, 1980.35, 2450.649, 2477.891, 2483.966, 2226.616, 0, 0, 0, 0, 20079.917, 837, 2603.93, 39.143, 2603.937, 0, 
삼천포태양광#5, 2, 2025-08-21 00:00:00, 0, 0, 0, 0, 0, 0, 72.117, 287.216, 286.23, 285.097, 376.567, 1113.29, 4649.932, 4607.307, 4212.888, 3364.864, 4291.286, 4286.134, 3882.351, 2653.94, 0, 0, 0, 0, 34369.219, 1432, 4649.93, 72.11, 4649.932, 0, 
광양항세방태양광, 1, 2025-08-21 00:00:00, 0, 0, 0, 0, 0, 0, 26.4, 141.6, 247.2, 400.8, 506.4, 556.8, 540, 571.2, 528, 417.6, 266.4, 105.6, 12, 0, 0, 0, 0, 0, 4320, 180, 571.2, 12, 571.2, 0, 
두산엔진MG태양광, 1, 2025-08-21 00:00:00, 0, 0, 0, 0, 0, 0.06, 1.44, 3.66, 9.36, 22.92, 37.02, 36.9, 24.54, 30.3, 26.4, 49.44, 41.58, 27.48, 4.86, 0.06, 0, 0, 0, 0, 316.02, 13, 49.44, 0.06, 49.44, 0, 
삼천포태양광, 1, 2025-08-21 00:00:00, 0, 0, 0, 0, 0, 0, 0, 0.108, 3.864, 8.544, 12.612, 15.552, 16.38, 16.668, 15.708, 12.768, 8.364, 2.772, 0.012, 0, 0, 0, 0, 0, 113.352, 5, 16.66, 0.012, 16.668, 0, 
삼천포태양광, 2, 2025-08-21 00:00:00, 0, 0, 0, 0, 0, 0, 7.68, 92.928, 237.504, 367.2, 463.296, 518.592, 538.368, 391.872, 453.408, 353.76, 232.896, 104.064, 17.184, 0, 0, 0, 0, 0, 3778.752, 157, 538.36, 7.68, 538.368, 0, 
삼천포태양광, 3, 2025-08-21 00:00:00, 0, 0, 0, 0, 0, 0, 3.384, 45.72, 108.504, 162.828, 199.548, 218.592, 202.788, 169.308, 193.716, 152.892, 98.028, 37.008, 1.764, 0, 0, 0, 0, 0, 1594.08, 66, 218.59, 1.764, 218.592, 0, 
삼천포태양광, 4, 2025-08-21 00:00:00, 0, 0, 0, 0, 0, 0, 2.716, 87.012, 94.843, 94.805, 92.092, 78.398, 719.238, 1148.469, 1042.354, 822.369, 1189.915, 1192.192, 1167.722, 621.141, 0, 0, 0, 0, 8353.266, 348, 1192.19, 2.716, 1192.192, 0, 
구미태양광, 1, 2025-08-21 00:00:00, 0, 0, 0, 0, 0, 0, 3.833, 70.436, 199.519, 327.952, 423.771, 484.227, 508.814, 485.962, 455.879, 390.795, 286.66, 145.789, 39.051, 1.302, 0, 0, 0, 0, 3823.99, 159, 508.81, 1.302, 508.814, 0, 
삼천포태양광#6, 1, 2025-08-21 00:00:00, 0, 0, 0, 0, 0, 0, 4.745, 68.959, 70.763, 67.773, 63.2, 52.028, 64.692, 66.943, 244.839, 523.017, 575.951, 616.43, 617.21, 657.519, 5.152, 0, 0, 0, 3699.221, 154, 657.51, 4.74, 657.519, 0, 
영흥태양광#5, 1, 2025-08-21 00:00:00, 0, 0, 0, 0, 0, 0, 40.979, 489.337, 1157.053, 1610.232, 2169.474, 2432.221, 2581.674, 2528.642, 2294.821, 1913.958, 1292.042, 617.095, 125.347, 0, 0, 0, 0, 0, 19252.875, 802, 2581.67, 40.97, 2581.674, 0, 
영흥태양광 #3, 1, 2025-08-21 00:00:00, 0, 0, 0, 0, 0, 0, 25.68, 351.12, 824.4, 972.96, 1270.08, 1430.4, 1494.24, 1469.28, 1380.48, 1178.4, 845.04, 345.12, 73.2, 1.2, 0, 0, 0, 0, 11661.6, 486, 1494.24, 1.2, 1494.24, 0, 
영흥태양광 #3, 2, 2025-08-21 00:00:00, 0, 0, 0, 0, 0, 0, 4.704, 128.736, 318.24, 452.928, 608.448, 683.232, 724.608, 710.4, 651.84, 544.992, 374.304, 182.688, 31.2, 0, 0, 0, 0, 0, 5416.32, 226, 724.6, 4.704, 724.608, 0, 
영흥태양광 #3, 3, 2025-08-21 00:00:00, 0, 0, 0, 0, 0, 0, 10.44, 68.16, 289.2, 532.44, 716.28, 805.32, 836.88, 816.48, 757.32, 627.96, 435.96, 210, 40.08, 0.24, 0, 0, 0, 0, 6146.76, 256, 836.88, 0.24, 836.88, 0, 
영흥태양광, 1, 2025-08-21 00:00:00, 0, 0, 0, 0, 0, 0, 0.922, 55.104, 92.39, 353.818, 521.856, 603.917, 629.914, 616.589, 560.832, 468.979, 327.245, 154.33, 27.456, 0.115, 0, 0, 0, 0, 4413.467, 184, 629.91, 0.115, 629.914, 0, 
예천태양광, 1, 2025-08-21 00:00:00, 0, 0, 0, 0, 0, 0, 0, 0, 0, 0, 0, 0, 0, 0, 0, 0, 0, 0, 0, 0, 0, 0, 0, 0, 0, 0, 0, 0, 0, 0, 
여수태양광, 1, 2025-08-21 00:00:00, 0, 0, 0, 0, 0, 0, 0, 0, 0, 0, 0, 0, 0, 0, 0, 0, 0, 0, 0, 0, 0, 0, 0, 213.9, 213.9, 9, 213.9, 213.9, 213.9, 0, 
영흥태양광, 2, 2025-08-21 00:00:00, 0, 0, 0, 0, 0, 0, 0, 84.851, 280.585, 381.827, 464.749, 562.135, 598.775, 592.025, 536.101, 441.608, 292.156, 137.882, 25.069, 0, 0, 0, 0, 0, 4397.763, 183, 598.77, 25.069, 598.775, 0, 
탑선태양광, 1, 2025-08-21 00:00:00, 0, 0, 0, 0, 0, 0, 0, 0, 0, 0, 0, 0, 0, 0, 0, 0, 0, 0, 0, 0, 0, 0, 0, 945, 945, 39, 945, 945, 945, 0, 
탑선태양광, 3, 2025-08-21 00:00:00, 0, 0, 0, 0, 0, 0, 0, 0, 0, 0, 0, 0, 0, 0, 0, 0, 0, 0, 0, 0, 0, 0, 0, 436, 436, 18, 436, 436, 436, 0, 
경상대태양광, 1, 2025-08-21 00:00:00, 0, 0, 0, 0, 0, 0, 8.064, 78.408, 227.376, 350.568, 462.744, 514.296, 543.744, 414.648, 429.48, 436.968, 320.976, 92.448, 1.656, 0, 0, 0, 0, 0, 3881.376, 162, 543.74, 1.65, 543.744, 0, 
고흥만 수상태양광, 1, 2025-08-21 00:00:00, 0, 0, 0, 0, 0, 0, 1435.392, 10260.348, 23311.092, 34769.028, 43545.768, 48902.532, 46510.548, 46796.064, 40476.156, 34911.996, 24882.984, 12543.72, 2225.832, 11.34, 0, 0, 0, 0, 370582.8, 15441, 48902.53, 11.34, 48902.532, 0, 
영동태양광, 1, 2025-08-20 00:00:00, 0, 0, 0, 0, 0, 0, 7.584, 12.768, 13.152, 13.824, 14.976, 18.336, 493.824, 747.84, 725.76, 485.376, 624, 675.264, 675.264, 513.312, 0, 0, 0, 0, 5021.28, 209, 747.84, 7.584, 747.84, 0, 
삼천포태양광#5, 1, 2025-08-20 00:00:00, 0, 0, 0, 0, 0, 0, 57.841, 191.31, 196.722, 204.175, 194.809, 242.955, 1899.106, 2800.63, 2618.971, 2010.189, 2527.718, 2504.752, 2479.945, 2122.626, 0, 0, 0, 0, 20051.749, 835, 2800.63, 57.841, 2800.63, 0, 
삼천포태양광#5, 2, 2025-08-20 00:00:00, 0, 0, 0, 0, 0, 0, 111.826, 286.908, 286.264, 285.368, 362.3, 599.356, 4228.545, 4821.084, 4524.217, 3502.45, 4271.991, 4281.703, 3874.247, 2840.497, 0, 0, 0, 0, 34276.756, 1428, 4821.08, 111.82, 4821.084, 0, 
광양항세방태양광, 1, 2025-08-20 00:00:00, 0, 0, 0, 0, 0, 0, 9.6, 105.6, 254.4, 405.6, 511.2, 568.8, 259.2, 237.6, 319.2, 381.6, 288, 120, 12, 0, 0, 0, 0, 0, 3472.8, 145, 568.8, 9.6, 568.8, 0, 
두산엔진MG태양광, 1, 2025-08-20 00:00:00, 0, 0, 0, 0, 0, 0, 1.56, 3.36, 9.18, 23.16, 37.08, 46.74, 53.94, 53.16, 35.46, 45.36, 45.24, 31.38, 7.92, 0, 0, 0, 0, 0, 393.54, 16, 53.94, 1.56, 53.94, 0, 
삼천포태양광, 1, 2025-08-20 00:00:00, 0, 0, 0, 0, 0, 0, 0, 0.384, 1.392, 8.616, 12.96, 15.816, 17.124, 17.316, 16.464, 13.152, 8.784, 3.084, 0.012, 0, 0, 0, 0, 0, 115.104, 5, 17.31, 0.012, 17.316, 0, 
삼천포태양광, 2, 2025-08-20 00:00:00, 0, 0, 0, 0, 0, 0, 15.36, 85.92, 249.696, 395.712, 484.8, 527.904, 542.496, 524.544, 479.232, 358.56, 239.232, 107.04, 17.856, 0, 0, 0, 0, 0, 4028.352, 168, 542.49, 15.36, 542.496, 0, 
삼천포태양광, 3, 2025-08-20 00:00:00, 0, 0, 0, 0, 0, 0, 4.284, 34.992, 91.548, 165.132, 203.868, 222.048, 229.824, 214.236, 200.088, 150.804, 103.068, 39.204, 1.26, 0, 0, 0, 0, 0, 1660.356, 69, 229.82, 1.26, 229.824, 0, 
삼천포태양광, 4, 2025-08-20 00:00:00, 0, 0, 0, 0, 0, 0, 10.994, 88.447, 94.554, 95.046, 93.97, 93.939, 95.03, 1180.269, 1147.185, 880.87, 1190.509, 1194.596, 1164.866, 646.733, 0, 0, 0, 0, 7977.008, 332, 1194.59, 10.994, 1194.596, 0, 
구미태양광, 1, 2025-08-20 00:00:00, 0, 0, 0, 0, 0, 0, 4.917, 61.685, 211.234, 309.295, 267.279, 313.489, 470.125, 316.382, 192.794, 75.208, 192.432, 144.632, 31.023, 0, 0, 0, 0, 0, 2590.495, 108, 470.12, 4.917, 470.125, 0, 
삼천포태양광#6, 1, 2025-08-20 00:00:00, 0, 0, 0, 0, 0, 0, 5.259, 53.198, 70.548, 65.906, 63.145, 62.677, 60.352, 65.73, 140.762, 364.123, 542.165, 617.581, 616.117, 512.064, 0, 0, 0, 0, 3239.627, 135, 617.58, 5.259, 617.581, 0, 
영흥태양광#5, 1, 2025-08-20 00:00:00, 0, 0, 0, 0, 0, 0, 62.674, 477.284, 947.337, 1328.2, 2126.084, 2408.116, 2639.526, 2309.284, 2024.842, 1786.2, 1166.695, 342.295, 84.368, 0, 0, 0, 0, 0, 17702.905, 738, 2639.52, 62.67, 2639.526, 0, 
영흥태양광 #3, 1, 2025-08-20 00:00:00, 0, 0, 0, 0, 0, 0, 40.56, 302.88, 588.24, 867.12, 1312.08, 1477.68, 1505.52, 1446.48, 1303.2, 1113.84, 754.8, 223.92, 59.52, 0, 0, 0, 0, 0, 10995.84, 458, 1505.52, 40.56, 1505.52, 0, 
영흥태양광 #3, 2, 2025-08-20 00:00:00, 0, 0, 0, 0, 0, 0, 8.928, 131.808, 260.064, 396.384, 598.656, 669.12, 742.08, 701.28, 618.816, 509.568, 330.816, 96.576, 19.392, 0, 0, 0, 0, 0, 5083.488, 212, 742.08, 8.928, 742.08, 0, 
영흥태양광 #3, 3, 2025-08-20 00:00:00, 0, 0, 0, 0, 0, 0, 18.36, 74.64, 212.04, 370.2, 679.92, 831.84, 847.68, 816.84, 716.04, 587.4, 375.6, 110.4, 26.88, 0, 0, 0, 0, 0, 5667.84, 236, 847.68, 18.36, 847.68, 0, 
영흥태양광, 1, 2025-08-20 00:00:00, 0, 0, 0, 0, 0, 0, 2.65, 43.162, 102.106, 271.181, 389.03, 622.694, 641.203, 612.288, 529.536, 445.286, 279.245, 80.102, 19.814, 0, 0, 0, 0, 0, 4038.297, 168, 641.2, 2.65, 641.203, 0, 
예천태양광, 1, 2025-08-20 00:00:00, 0, 0, 0, 0, 0, 0, 0, 0, 0, 0, 0, 0, 0, 0, 0, 0, 0, 0, 0, 0, 0, 0, 0, 0, 0, 0, 0, 0, 0, 0, 
여수태양광, 1, 2025-08-20 00:00:00, 0, 0, 0, 0, 0, 0, 0, 0, 0, 0, 0, 0, 0, 0, 0, 0, 0, 0, 0, 0, 0, 0, 0, 227.01, 227.01, 9, 227.01, 227.01, 227.01, 0, 
영흥태양광, 2, 2025-08-20 00:00:00, 0, 0, 0, 0, 0, 0, 0.964, 71.352, 208.269, 313.368, 508.139, 581.419, 609.381, 581.419, 509.103, 408.825, 264.194, 0, 0, 0, 0, 0, 0, 0, 4056.433, 169, 609.38, 0.96, 609.381, 0, 
탑선태양광, 1, 2025-08-20 00:00:00, 0, 0, 0, 0, 0, 0, 0, 0, 0, 0, 0, 0, 0, 0, 0, 0, 0, 0, 0, 0, 0, 0, 0, 945, 945, 39, 945, 945, 945, 0, 
탑선태양광, 3, 2025-08-20 00:00:00, 0, 0, 0, 0, 0, 0, 0, 0, 0, 0, 0, 0, 0, 0, 0, 0, 0, 0, 0, 0, 0, 0, 0, 436, 436, 18, 436, 436, 436, 0, 
경상대태양광, 1, 2025-08-20 00:00:00, 0, 0, 0, 0, 0, 0, 10.872, 90, 241.92, 335.52, 405.144, 523.584, 556.272, 550.152, 502.416, 434.592, 311.472, 170.424, 31.968, 0, 0, 0, 0, 0, 4164.336, 174, 556.27, 10.87, 556.272, 0, 
고흥만 수상태양광, 1, 2025-08-20 00:00:00, 0, 0, 0, 0, 0, 0, 1503.096, 9617.664, 22321.572, 29848.98, 35699.496, 8837.136, 8277.612, 16337.916, 19676.832, 38333.232, 23370.816, 11317.908, 2427.6, 1.596, 0, 0, 0, 0, 227571.456, 9482, 38333.23, 1.59, 38333.232, 0, 
영동태양광, 1, 2025-08-19 00:00:00, 0, 0, 0, 0, 0, 0, 5.472, 12.576, 12.576, 15.072, 15.168, 20.544, 16.032, 215.136, 264.096, 129.408, 608.64, 682.656, 676.608, 671.424, 53.184, 0, 0, 0, 3398.592, 142, 682.65, 5.472, 682.656, 0, 
삼천포태양광#5, 1, 2025-08-19 00:00:00, 0, 0, 0, 0, 0, 0, 39.669, 192.313, 191.704, 199.851, 185.041, 260.703, 1517.912, 2828.57, 2410.27, 2022.446, 1448.741, 2531.297, 2518.167, 2428.979, 967.179, 0, 0, 0, 19742.842, 823, 2828.57, 39.669, 2828.57, 0, 
삼천포태양광#5, 2, 2025-08-19 00:00:00, 0, 0, 0, 0, 0, 0, 78.564, 286.932, 285.968, 288.597, 1500.811, 1800.692, 2798.478, 3844.575, 4145.627, 3436.408, 2466.773, 4289.888, 3934.756, 3736.01, 998.301, 0, 0, 0, 33892.38, 1412, 4289.88, 78.56, 4289.888, 0, 
광양항세방태양광, 1, 2025-08-19 00:00:00, 0, 0, 0, 0, 0, 0, 26.4, 129.6, 288, 396, 518.4, 559.2, 576, 590.4, 530.4, 400.8, 264, 132, 9.6, 0, 0, 0, 0, 0, 4420.8, 184, 590.4, 9.6, 590.4, 0, 
두산엔진MG태양광, 1, 2025-08-19 00:00:00, 0, 0, 0, 0, 0, 0, 1.38, 3.78, 9.72, 23.58, 37.2, 45.06, 39.72, 44.76, 37.98, 48.84, 41.94, 28.26, 7.26, 0.06, 0, 0, 0, 0, 369.54, 15, 48.84, 0.06, 48.84, 0, 
삼천포태양광, 1, 2025-08-19 00:00:00, 0, 0, 0, 0, 0, 0, 0, 0.192, 3.876, 8.352, 12.624, 15.768, 17.052, 17.7, 15.708, 13.056, 8.568, 2.988, 0.024, 0, 0, 0, 0, 0, 115.908, 5, 17.7, 0.024, 17.7, 0, 
삼천포태양광, 2, 2025-08-19 00:00:00, 0, 0, 0, 0, 0, 0, 13.248, 95.712, 231.84, 356.256, 458.976, 513.504, 539.616, 547.776, 454.08, 365.856, 241.44, 108.384, 22.08, 0, 0, 0, 0, 0, 3948.768, 165, 547.77, 13.248, 547.776, 0, 
삼천포태양광, 3, 2025-08-19 00:00:00, 0, 0, 0, 0, 0, 0, 1.116, 41.292, 101.7, 154.26, 195.408, 214.236, 221.832, 225.468, 192.456, 153.432, 100.188, 38.52, 2.232, 0, 0, 0, 0, 0, 1642.14, 68, 225.46, 1.116, 225.468, 0, 
삼천포태양광, 4, 2025-08-19 00:00:00, 0, 0, 0, 0, 0, 0, 8.199, 90.635, 94.756, 94.599, 91.465, 97.632, 324.955, 1219.81, 1011.326, 871.876, 617.37, 1193.058, 1176.133, 1134.871, 79.645, 0, 0, 0, 8106.33, 338, 1219.81, 8.199, 1219.81, 0, 
구미태양광, 1, 2025-08-19 00:00:00, 0, 0, 0, 0, 0, 0, 2.459, 32.397, 177.825, 237.919, 413.14, 393.181, 374.379, 401.063, 320.287, 266.411, 223.817, 125.034, 45.704, 1.663, 0, 0, 0, 0, 3015.279, 126, 413.14, 1.663, 413.14, 0, 
삼천포태양광#6, 1, 2025-08-19 00:00:00, 0, 0, 0, 0, 0, 0, 0.464, 63.535, 68.66, 65.713, 60.155, 61.541, 60.974, 628.732, 514.753, 543.551, 556.229, 616.254, 618.738, 602.86, 125.996, 0, 0, 0, 4588.155, 191, 628.73, 0.464, 628.732, 0, 
영흥태양광#5, 1, 2025-08-19 00:00:00, 0, 0, 0, 0, 0, 0, 40.979, 561.653, 1038.937, 1106.432, 1762.095, 2239.379, 2680.505, 2371.958, 2316.516, 1639.158, 1325.789, 653.253, 69.905, 0, 0, 0, 0, 0, 17806.559, 742, 2680.5, 40.979, 2680.505, 0, 
영흥태양광 #3, 1, 2025-08-19 00:00:00, 0, 0, 0, 0, 0, 0, 22.56, 368.64, 717.12, 728.4, 1134.48, 1353.84, 1540.8, 1345.44, 1418.64, 1097.52, 872.64, 363.6, 39.12, 0.48, 0, 0, 0, 0, 11003.28, 458, 1540.8, 0.48, 1540.8, 0, 
영흥태양광 #3, 2, 2025-08-19 00:00:00, 0, 0, 0, 0, 0, 0, 3.648, 155.52, 302.976, 320.928, 508.32, 652.32, 755.328, 648.288, 669.12, 479.136, 381.984, 193.92, 17.184, 0, 0, 0, 0, 0, 5088.672, 212, 755.32, 3.648, 755.328, 0, 
영흥태양광 #3, 3, 2025-08-19 00:00:00, 0, 0, 0, 0, 0, 0, 10.08, 141.96, 380.64, 390.72, 628.44, 751.44, 872.04, 816, 779.76, 591.12, 445.2, 223.68, 22.8, 0.12, 0, 0, 0, 0, 6054, 252, 872.04, 0.12, 872.04, 0, 
영흥태양광, 1, 2025-08-19 00:00:00, 0, 0, 0, 0, 0, 0, 0.461, 81.792, 243.84, 267.917, 462.72, 602.074, 654.643, 633.907, 591.283, 393.523, 340.992, 161.702, 13.939, 0, 0, 0, 0, 0, 4448.793, 185, 654.64, 0.461, 654.643, 0, 
예천태양광, 1, 2025-08-19 00:00:00, 0, 0, 0, 0, 0, 0, 0, 0, 0, 0, 0, 0, 0, 0, 0, 0, 0, 0, 0, 0, 0, 0, 0, 0, 0, 0, 0, 0, 0, 0, 
여수태양광, 1, 2025-08-19 00:00:00, 0, 0, 0, 0, 0, 0, 0, 0, 0, 0, 0, 0, 0, 0, 0, 0, 0, 0, 0, 0, 0, 0, 0, 112.86, 112.86, 5, 112.86, 112.86, 112.86, 0, 
영흥태양광, 2, 2025-08-19 00:00:00, 0, 0, 0, 0, 0, 0, 0, 97.385, 249.731, 269.015, 424.253, 522.602, 619.987, 546.707, 549.6, 409.789, 300.834, 145.596, 11.571, 0, 0, 0, 0, 0, 4147.07, 173, 619.98, 11.571, 619.987, 0, 
탑선태양광, 1, 2025-08-19 00:00:00, 0, 0, 0, 0, 0, 0, 0, 0, 0, 0, 0, 0, 0, 0, 0, 0, 0, 0, 0, 0, 0, 0, 0, 945, 945, 39, 945, 945, 945, 0, 
탑선태양광, 3, 2025-08-19 00:00:00, 0, 0, 0, 0, 0, 0, 0, 0, 0, 0, 0, 0, 0, 0, 0, 0, 0, 0, 0, 0, 0, 0, 0, 436, 436, 18, 436, 436, 436, 0, 
경상대태양광, 1, 2025-08-19 00:00:00, 0, 0, 0, 0, 0, 0, 6.696, 83.592, 216.792, 359.64, 461.232, 524.88, 557.64, 550.8, 512.424, 434.664, 319.104, 178.992, 35.352, 0, 0, 0, 0, 0, 4241.808, 177, 557.64, 6.69, 557.64, 0, 
고흥만 수상태양광, 1, 2025-08-19 00:00:00, 0, 0, 0, 0, 0, 0, 2691.108, 14065.212, 13043.772, 34003.116, 34465.788, 42757.596, 46844.7, 44757.132, 42962.724, 35534.184, 24622.332, 12813.444, 2715.048, 19.74, 0, 0, 0, 0, 351295.896, 14637, 46844.7, 19.74, 46844.7, 0, 
영동태양광, 1, 2025-08-18 00:00:00, 0, 0, 0, 0, 0, 0, 0, 4.8, 13.44, 14.4, 14.208, 13.536, 16.608, 22.464, 13.248, 171.36, 565.536, 682.464, 675.072, 525.6, 0, 0, 0, 0, 2732.736, 114, 682.46, 4.8, 682.464, 0, 
삼천포태양광#5, 1, 2025-08-18 00:00:00, 0, 0, 0, 0, 0, 0, 31.105, 187.818, 194.035, 187.652, 211.759, 451.732, 303.289, 1459.138, 1037.934, 1429.876, 2467.344, 2480.511, 2475.7, 2276.434, 0, 0, 0, 0, 15194.327, 633, 2480.51, 31.1, 2480.511, 0, 
삼천포태양광#5, 2, 2025-08-18 00:00:00, 0, 0, 0, 0, 0, 0, 76.755, 284.716, 290.541, 426.995, 483.077, 622.125, 1781.799, 3433.883, 1772.963, 2500.504, 4292.9, 4296.354, 3918.777, 2708.675, 0, 0, 0, 0, 26890.064, 1120, 4296.35, 76.75, 4296.354, 0, 
광양항세방태양광, 1, 2025-08-18 00:00:00, 0, 0, 0, 0, 0, 0, 28.8, 139.2, 175.2, 189.6, 273.6, 482.4, 513.6, 424.8, 504, 434.4, 235.2, 163.2, 16.8, 0, 0, 0, 0, 0, 3580.8, 149, 513.6, 16.8, 513.6, 0, 
두산엔진MG태양광, 1, 2025-08-18 00:00:00, 0, 0, 0, 0, 0, 0, 1.62, 4.92, 10.8, 23.82, 30.6, 44.7, 33.42, 30.9, 33.9, 27.66, 39.36, 26.64, 5.52, 0.06, 0, 0, 0, 0, 313.92, 13, 44.7, 0.06, 44.7, 0, 
삼천포태양광, 1, 2025-08-18 00:00:00, 0, 0, 0, 0, 0, 0, 0, 1.236, 4.092, 8.544, 9.888, 11.796, 16.356, 13.332, 5.94, 9.984, 8.208, 3.132, 0.072, 0, 0, 0, 0, 0, 92.58, 4, 16.35, 0.07, 16.356, 0, 
삼천포태양광, 2, 2025-08-18 00:00:00, 0, 0, 0, 0, 0, 0, 12.288, 117.408, 199.008, 330.336, 357.888, 415.584, 529.632, 402.24, 212.064, 270.048, 238.56, 111.264, 20.064, 0, 0, 0, 0, 0, 3216.384, 134, 529.63, 12.288, 529.632, 0, 
삼천포태양광, 3, 2025-08-18 00:00:00, 0, 0, 0, 0, 0, 0, 0.828, 48.852, 83.088, 137.772, 143.928, 167.112, 222.732, 163.152, 78.264, 108.576, 95.94, 38.916, 2.34, 0, 0, 0, 0, 0, 1291.5, 54, 222.73, 0.828, 222.732, 0, 
삼천포태양광, 4, 2025-08-18 00:00:00, 0, 0, 0, 0, 0, 0, 8.436, 89.287, 95.406, 91.794, 93.875, 129.865, 110.148, 647.634, 445.77, 569.054, 1191.064, 1192.068, 1171.503, 616.784, 0, 0, 0, 0, 6452.688, 269, 1192.06, 8.436, 1192.068, 0, 
구미태양광, 1, 2025-08-18 00:00:00, 0, 0, 0, 0, 0, 0, 3.76, 51.2, 105.653, 226.493, 426.591, 476.344, 468.534, 470.27, 481.045, 395.712, 298.158, 93.938, 47.728, 0.579, 0, 0, 0, 0, 3546.005, 148, 481.04, 0.579, 481.045, 0, 
삼천포태양광#6, 1, 2025-08-18 00:00:00, 0, 0, 0, 0, 0, 0, 0.464, 58.884, 65.474, 62.551, 59.354, 74.311, 56.299, 66.569, 72.758, 206.078, 549.491, 615.027, 616.404, 37.98, 0, 0, 0, 0, 2541.644, 106, 616.4, 0.464, 616.404, 0, 
영흥태양광#5, 1, 2025-08-18 00:00:00, 0, 0, 0, 0, 0, 0, 43.389, 294.084, 633.968, 1504.168, 1583.716, 2268.305, 2203.221, 1412.568, 2140.547, 1094.379, 1041.347, 349.526, 67.495, 0, 0, 0, 0, 0, 14636.713, 610, 2268.3, 43.389, 2268.305, 0, 
영흥태양광 #3, 1, 2025-08-18 00:00:00, 0, 0, 0, 0, 0, 0, 23.52, 192.24, 362.64, 1020.72, 1186.32, 1476.48, 1411.68, 1020.96, 1380, 695.28, 671.04, 231.6, 44.88, 0, 0, 0, 0, 0, 9717.36, 405, 1476.48, 23.52, 1476.48, 0, 
영흥태양광 #3, 2, 2025-08-18 00:00:00, 0, 0, 0, 0, 0, 0, 6.432, 85.92, 199.392, 452.928, 485.856, 705.216, 674.784, 458.112, 660.384, 315.072, 301.44, 101.76, 15.264, 0, 0, 0, 0, 0, 4462.56, 186, 705.21, 6.432, 705.216, 0, 
영흥태양광 #3, 3, 2025-08-18 00:00:00, 0, 0, 0, 0, 0, 0, 11.52, 87.12, 202.32, 535.68, 685.44, 822.24, 781.44, 560.52, 757.08, 356.64, 327.96, 129, 19.56, 0, 0, 0, 0, 0, 5276.52, 220, 822.24, 11.52, 822.24, 0, 
영흥태양광, 1, 2025-08-18 00:00:00, 0, 0, 0, 0, 0, 0, 0.576, 47.078, 134.669, 296.602, 503.923, 604.339, 631.757, 461.645, 557.184, 297.254, 197.606, 108.672, 10.022, 0, 0, 0, 0, 0, 3851.327, 160, 631.75, 0.576, 631.757, 0, 
예천태양광, 1, 2025-08-18 00:00:00, 0, 0, 0, 0, 0, 0, 0, 0, 0, 0, 0, 0, 0, 0, 0, 0, 0, 0, 0, 0, 0, 0, 0, 0, 0, 0, 0, 0, 0, 0, 
여수태양광, 1, 2025-08-18 00:00:00, 0, 0, 0, 0, 0, 0, 0, 0, 0, 0, 0, 0, 0, 0, 0, 0, 0, 0, 0, 0, 0, 0, 0, 543.41, 543.41, 23, 543.41, 543.41, 543.41, 0, 
영흥태양광, 2, 2025-08-18 00:00:00, 0, 0, 0, 0, 0, 0, 0, 31.819, 94.493, 381.827, 456.072, 573.705, 569.848, 367.364, 546.707, 255.516, 232.375, 88.707, 11.571, 0, 0, 0, 0, 0, 3610.004, 150, 573.7, 11.571, 573.705, 0, 
탑선태양광, 1, 2025-08-18 00:00:00, 0, 0, 0, 0, 0, 0, 0, 0, 0, 0, 0, 0, 0, 0, 0, 0, 0, 0, 0, 0, 0, 0, 0, 945, 945, 39, 945, 945, 945, 0, 
탑선태양광, 3, 2025-08-18 00:00:00, 0, 0, 0, 0, 0, 0, 0, 0, 0, 0, 0, 0, 0, 0, 0, 0, 0, 0, 0, 0, 0, 0, 0, 436, 436, 18, 436, 436, 436, 0, 
경상대태양광, 1, 2025-08-18 00:00:00, 0, 0, 0, 0, 0, 0, 20.664, 99.792, 196.92, 310.176, 492.12, 542.016, 564.048, 402.408, 365.832, 351.576, 267.408, 170.784, 31.896, 0, 0, 0, 0, 0, 3815.64, 159, 564.04, 20.66, 564.048, 0, 
고흥만 수상태양광, 1, 2025-08-18 00:00:00, 0, 0, 0, 0, 0, 0, 1818.012, 4843.608, 10858.344, 23374.092, 25741.464, 25318.272, 31643.388, 41586.048, 40452.132, 28913.052, 20312.292, 12709.032, 5378.856, 58.212, 0, 0, 0, 0, 273006.804, 11375, 41586.04, 58.21, 41586.048, 0, 
영동태양광, 1, 2025-08-17 00:00:00, 0, 0, 0, 0, 0, 0, 11.424, 14.496, 14.88, 14.496, 15.552, 16.704, 452.928, 513.792, 492, 584.832, 671.904, 679.104, 676.032, 574.944, 0, 0, 0, 0, 4733.088, 197, 679.1, 11.424, 679.104, 0, 
삼천포태양광#5, 1, 2025-08-17 00:00:00, 0, 0, 0, 0, 0, 0, 38.837, 192.058, 205.545, 205.772, 211.134, 210.373, 1631.821, 2564.11, 2360.283, 1955.018, 2528.409, 2530.268, 2504.118, 2035.449, 0, 0, 0, 0, 19173.195, 799, 2564.11, 38.837, 2564.11, 0, 
삼천포태양광#5, 2, 2025-08-17 00:00:00, 0, 0, 0, 0, 0, 0, 77.994, 286.952, 291.756, 295.916, 451.482, 1422.66, 4724.363, 4667.553, 4263.877, 3541.039, 4278.149, 4285.886, 3904.343, 2702.535, 0, 0, 0, 0, 35194.505, 1466, 4724.36, 77.99, 4724.363, 0, 
광양항세방태양광, 1, 2025-08-17 00:00:00, 0, 0, 0, 0, 0, 0, 33.6, 168, 266.4, 427.2, 532.8, 595.2, 552, 561.6, 513.6, 384, 280.8, 129.6, 4.8, 0, 0, 0, 0, 0, 4449.6, 185, 595.2, 4.8, 595.2, 0, 
두산엔진MG태양광, 1, 2025-08-17 00:00:00, 0, 0, 0, 0, 0, 0.06, 1.5, 2.88, 9.72, 23.7, 36.6, 46.68, 51.78, 44.7, 39.06, 33.3, 44.58, 31.14, 9.06, 0.06, 0, 0, 0, 0, 374.82, 16, 51.78, 0.06, 51.78, 0, 
삼천포태양광, 1, 2025-08-17 00:00:00, 0, 0, 0, 0, 0, 0, 0, 0.096, 4.572, 8.172, 12.828, 15.744, 16.596, 16.884, 16.188, 13.596, 8.916, 3.24, 0.048, 0, 0, 0, 0, 0, 116.88, 5, 16.88, 0.048, 16.884, 0, 
삼천포태양광, 2, 2025-08-17 00:00:00, 0, 0, 0, 0, 0, 0, 9.216, 101.472, 272.832, 358.656, 484.128, 539.712, 554.496, 530.592, 475.296, 384, 247.968, 108.288, 20.64, 0, 0, 0, 0, 0, 4087.296, 170, 554.49, 9.216, 554.496, 0, 
삼천포태양광, 3, 2025-08-17 00:00:00, 0, 0, 0, 0, 0, 0, 3.852, 48.312, 120.096, 153.144, 203.256, 224.784, 228.564, 216, 198.432, 162.144, 103.32, 38.448, 2.34, 0, 0, 0, 0, 0, 1702.692, 71, 228.56, 2.34, 228.564, 0, 
삼천포태양광, 4, 2025-08-17 00:00:00, 0, 0, 0, 0, 0, 0, 3.103, 89.168, 95.039, 94.054, 92.877, 81.551, 841.125, 1160.48, 1051.39, 861.325, 1190.854, 1192.741, 1170.53, 628.199, 0, 0, 0, 0, 8552.436, 356, 1192.74, 3.103, 1192.741, 0, 
구미태양광, 1, 2025-08-17 00:00:00, 0, 0, 0, 0, 0, 0, 4.05, 62.625, 198.145, 320.648, 392.169, 469.908, 483.431, 506.5, 468.1, 400.413, 280.875, 153.816, 37.749, 0.145, 0, 0, 0, 0, 3778.574, 157, 506.5, 0.145, 506.5, 0, 
삼천포태양광#6, 1, 2025-08-17 00:00:00, 0, 0, 0, 0, 0, 0, 6.233, 71.511, 68.742, 66.008, 64.402, 54.121, 64.772, 66.153, 332.73, 379.194, 546.451, 614.657, 615.489, 485.649, 0, 0, 0, 0, 3436.112, 143, 615.48, 6.233, 615.489, 0, 
영흥태양광#5, 1, 2025-08-17 00:00:00, 0, 0, 0, 0, 0, 0, 79.547, 354.347, 894.305, 1159.463, 1552.379, 1950.116, 1562.021, 1672.905, 1439.084, 1248.653, 1140.179, 313.368, 122.937, 2.411, 0, 0, 0, 0, 13491.715, 562, 1950.11, 2.411, 1950.116, 0, 
영흥태양광 #3, 1, 2025-08-17 00:00:00, 0, 0, 0, 0, 0, 0, 53.76, 243.12, 562.08, 784.32, 1070.16, 1309.2, 1129.44, 1206.24, 1017.84, 864.48, 831.6, 220.56, 93.6, 1.44, 0, 0, 0, 0, 9387.84, 391, 1309.2, 1.44, 1309.2, 0, 
영흥태양광 #3, 2, 2025-08-17 00:00:00, 0, 0, 0, 0, 0, 0, 15.456, 108.384, 280.992, 352.128, 444.384, 549.6, 465.312, 502.752, 428.736, 368.928, 364.032, 96.096, 33.12, 0, 0, 0, 0, 0, 4009.92, 167, 549.6, 15.456, 549.6, 0, 
영흥태양광 #3, 3, 2025-08-17 00:00:00, 0, 0, 0, 0, 0, 0, 18.48, 108.84, 352.32, 417.36, 542.04, 677.16, 530.16, 562.56, 463.68, 370.32, 367.44, 98.52, 38.76, 0.48, 0, 0, 0, 0, 4548.12, 190, 677.16, 0.48, 677.16, 0, 
영흥태양광, 1, 2025-08-17 00:00:00, 0, 0, 0, 0, 0, 0, 1.114, 58.291, 220.992, 294.374, 374.131, 517.978, 412.147, 468.48, 378.355, 332.659, 327.053, 96.73, 33.293, 0.422, 0, 0, 0, 0, 3516.019, 147, 517.97, 0.422, 517.978, 0, 
예천태양광, 1, 2025-08-17 00:00:00, 0, 0, 0, 0, 0, 0, 0, 0, 0, 0, 0, 0, 0, 0, 0, 0, 0, 0, 0, 0, 0, 0, 0, 0, 0, 0, 0, 0, 0, 0, 
여수태양광, 1, 2025-08-17 00:00:00, 0, 0, 0, 0, 0, 0, 0, 0, 0, 0, 0, 0, 0, 0, 0, 0, 0, 0, 0, 0, 0, 0, 0, 640.22, 640.22, 27, 640.22, 640.22, 640.22, 0, 
영흥태양광, 2, 2025-08-17 00:00:00, 0, 0, 0, 0, 0, 0, 1.928, 61.709, 209.234, 280.585, 393.398, 513.924, 419.432, 450.286, 377.006, 317.225, 292.156, 80.029, 29.891, 0, 0, 0, 0, 0, 3426.803, 143, 513.92, 1.928, 513.924, 0, 
탑선태양광, 1, 2025-08-17 00:00:00, 0, 0, 0, 0, 0, 0, 0, 0, 0, 0, 0, 0, 0, 0, 0, 0, 0, 0, 0, 0, 0, 0, 0, 945, 945, 39, 945, 945, 945, 0, 
탑선태양광, 3, 2025-08-17 00:00:00, 0, 0, 0, 0, 0, 0, 0, 0, 0, 0, 0, 0, 0, 0, 0, 0, 0, 0, 0, 0, 0, 0, 0, 436, 436, 18, 436, 436, 436, 0, 
경상대태양광, 1, 2025-08-17 00:00:00, 0, 0, 0, 0, 0, 0, 6.624, 87.336, 239.976, 364.968, 474.912, 530.856, 555.12, 544.392, 470.592, 408.888, 341.208, 181.44, 30.888, 0, 0, 0, 0, 0, 4237.2, 177, 555.12, 6.62, 555.12, 0, 
고흥만 수상태양광, 1, 2025-08-17 00:00:00, 0, 0, 0, 0, 0, 0, 1585.332, 11964.036, 18388.356, 34627.068, 42120.036, 46108.776, 46759.776, 45423.084, 41699.784, 35004.648, 22553.832, 12264.756, 1252.272, 12.768, 0, 0, 0, 0, 359764.524, 14990, 46759.77, 12.76, 46759.776, 0, 
영동태양광, 1, 2025-08-16 00:00:00, 0, 0, 0, 0, 0, 0, 11.52, 15.072, 15.744, 14.304, 15.552, 16.704, 267.936, 729.984, 663.456, 522.048, 660.096, 684.672, 677.952, 673.248, 185.28, 0, 0, 0, 5153.568, 215, 729.98, 11.52, 729.984, 0, 
삼천포태양광#5, 1, 2025-08-16 00:00:00, 0, 0, 0, 0, 0, 0, 40.035, 191.195, 195.364, 206.953, 203.579, 164.986, 1598.004, 2643.604, 2358.739, 1919.166, 2521.338, 2507.882, 2504.341, 2149.058, 0, 0, 0, 0, 19204.244, 800, 2643.6, 40.03, 2643.604, 0, 
삼천포태양광#5, 2, 2025-08-16 00:00:00, 0, 0, 0, 0, 0, 0, 82.199, 287.645, 286.352, 286.376, 377.023, 1202.186, 4765.539, 4819.405, 4292.885, 3465.368, 4293.891, 4294.037, 3906.123, 2901.493, 0, 0, 0, 0, 35260.522, 1469, 4819.4, 82.19, 4819.405, 0, 
광양항세방태양광, 1, 2025-08-16 00:00:00, 0, 0, 0, 0, 0, 0, 26.4, 148.8, 273.6, 424.8, 525.6, 592.8, 609.6, 597.6, 549.6, 446.4, 300, 132, 12, 0, 0, 0, 0, 0, 4639.2, 193, 609.6, 12, 609.6, 0, 
두산엔진MG태양광, 1, 2025-08-16 00:00:00, 0, 0, 0, 0, 0, 0, 1.68, 3.3, 9.3, 19.62, 36.66, 47.7, 44.04, 54.66, 56.94, 52.8, 42.48, 30.18, 8.28, 0.12, 0, 0, 0, 0, 407.76, 17, 56.94, 0.12, 56.94, 0, 
삼천포태양광, 1, 2025-08-16 00:00:00, 0, 0, 0, 0, 0, 0, 0, 0.12, 3.864, 8.508, 12.468, 15.624, 16.956, 17.244, 16.308, 13.632, 9.3, 3.588, 0.024, 0, 0, 0, 0, 0, 117.636, 5, 17.24, 0.02, 17.244, 0, 
삼천포태양광, 2, 2025-08-16 00:00:00, 0, 0, 0, 0, 0, 0, 11.424, 102.72, 252.576, 373.824, 471.552, 532.992, 560.64, 535.296, 478.848, 376.032, 255.36, 115.776, 22.368, 0, 0, 0, 0, 0, 4089.408, 170, 560.64, 11.424, 560.64, 0, 
삼천포태양광, 3, 2025-08-16 00:00:00, 0, 0, 0, 0, 0, 0, 2.844, 43.92, 109.26, 156.924, 194.76, 218.268, 230.58, 220.752, 198.18, 159.984, 106.812, 42.516, 1.8, 0, 0, 0, 0, 0, 1686.6, 70, 230.58, 1.8, 230.58, 0, 
삼천포태양광, 4, 2025-08-16 00:00:00, 0, 0, 0, 0, 0, 0, 4.28, 90.09, 95.053, 95.061, 92.311, 79.044, 755.236, 1180.919, 1069.92, 836.212, 1190.545, 1193.858, 1172.492, 669.538, 0, 0, 0, 0, 8524.559, 355, 1193.85, 4.28, 1193.858, 0, 
구미태양광, 1, 2025-08-16 00:00:00, 0, 0, 0, 0, 0, 0, 4.122, 64.433, 195.325, 306.402, 401.425, 290.854, 448.213, 412.634, 445.321, 405.041, 295.265, 162.855, 32.253, 0.723, 0, 0, 0, 0, 3464.866, 144, 448.21, 0.723, 448.213, 0, 
삼천포태양광#6, 1, 2025-08-16 00:00:00, 0, 0, 0, 0, 0, 0, 6.877, 69.525, 68.071, 65.354, 62.031, 52.457, 63.893, 66.144, 334.784, 379.357, 547.107, 616.575, 616.453, 494.063, 0, 0, 0, 0, 3442.691, 143, 616.57, 6.877, 616.575, 0, 
영흥태양광#5, 1, 2025-08-16 00:00:00, 0, 0, 0, 0, 0, 0, 48.211, 313.368, 701.463, 1398.105, 1979.042, 2309.284, 2437.042, 2355.084, 2032.074, 1610.232, 1104.021, 679.768, 103.653, 0, 0, 0, 0, 0, 17071.347, 711, 2437.04, 48.211, 2437.042, 0, 
영흥태양광 #3, 1, 2025-08-16 00:00:00, 0, 0, 0, 0, 0, 0, 37.92, 211.2, 451.2, 1015.2, 1299.12, 1499.28, 1541.04, 1496.64, 1347.36, 1068.48, 822.72, 429.12, 60.48, 0.24, 0, 0, 0, 0, 11280, 470, 1541.04, 0.24, 1541.04, 0, 
영흥태양광 #3, 2, 2025-08-16 00:00:00, 0, 0, 0, 0, 0, 0, 6.72, 85.344, 216.864, 438.144, 579.552, 648.096, 665.184, 659.232, 572.736, 472.224, 333.984, 221.28, 30.528, 0, 0, 0, 0, 0, 4929.888, 205, 665.18, 6.72, 665.184, 0, 
영흥태양광 #3, 3, 2025-08-16 00:00:00, 0, 0, 0, 0, 0, 0, 16.08, 72.6, 194.28, 545.88, 657.48, 838.32, 863.76, 840.12, 723.36, 526.08, 410.64, 260.4, 40.92, 0.12, 0, 0, 0, 0, 5990.04, 250, 863.76, 0.12, 863.76, 0, 
영흥태양광, 1, 2025-08-16 00:00:00, 0, 0, 0, 0, 0, 0, 1.574, 31.795, 50.227, 293.99, 429.888, 611.021, 604.877, 641.05, 561.946, 374.208, 287.424, 185.626, 24.038, 0, 0, 0, 0, 0, 4097.664, 171, 641.05, 1.574, 641.05, 0, 
예천태양광, 1, 2025-08-16 00:00:00, 0, 0, 0, 0, 0, 0, 0, 0, 0, 0, 0, 0, 0, 0, 0, 0, 0, 0, 0, 0, 0, 0, 0, 0, 0, 0, 0, 0, 0, 0, 
여수태양광, 1, 2025-08-16 00:00:00, 0, 0, 0, 0, 0, 0, 0, 0, 0, 0, 0, 0, 0, 0, 0, 0, 0, 0, 0, 0, 0, 0, 0, 299.73, 299.73, 12, 299.73, 299.73, 299.73, 0, 
영흥태양광, 2, 2025-08-16 00:00:00, 0, 0, 0, 0, 0, 0, 0.964, 44.354, 177.415, 389.541, 516.817, 585.276, 625.773, 603.596, 531.28, 395.326, 281.549, 168.737, 23.141, 0, 0, 0, 0, 0, 4343.769, 181, 625.77, 0.964, 625.773, 0, 
탑선태양광, 1, 2025-08-16 00:00:00, 0, 0, 0, 0, 0, 0, 0, 0, 0, 0, 0, 0, 0, 0, 0, 0, 0, 0, 0, 0, 0, 0, 0, 945, 945, 39, 945, 945, 945, 0, 
탑선태양광, 3, 2025-08-16 00:00:00, 0, 0, 0, 0, 0, 0, 0, 0, 0, 0, 0, 0, 0, 0, 0, 0, 0, 0, 0, 0, 0, 0, 0, 436, 436, 18, 436, 436, 436, 0, 
경상대태양광, 1, 2025-08-16 00:00:00, 0, 0, 0, 0, 0, 0, 9.648, 84.816, 234.288, 373.536, 454.968, 508.896, 529.848, 515.088, 503.784, 433.584, 329.4, 183.6, 37.944, 0, 0, 0, 0, 0, 4199.4, 175, 529.84, 9.64, 529.848, 0, 
고흥만 수상태양광, 1, 2025-08-16 00:00:00, 0, 0, 0, 0, 0, 0, 1483.44, 11058.684, 24261.216, 35116.62, 42717.696, 45572.772, 46865.784, 46063.332, 42647.052, 36668.436, 26458.488, 13249.152, 3073.308, 30.324, 0, 0, 0, 0, 375266.304, 15636, 46865.78, 30.32, 46865.784, 0, 
영동태양광, 1, 2025-08-15 00:00:00, 0, 0, 0, 0, 0, 0, 8.256, 14.784, 16.032, 15.936, 15.84, 16.224, 462.336, 781.92, 491.328, 573.312, 648.288, 687.936, 682.656, 675.936, 169.536, 0, 0, 0, 5260.32, 219, 781.92, 8.256, 781.92, 0, 
삼천포태양광#5, 1, 2025-08-15 00:00:00, 0, 0, 0, 0, 0, 0, 40.417, 193.301, 208.618, 305.507, 349.195, 202.685, 1248.029, 2603.388, 2372.85, 1944.882, 2523.087, 2530.187, 2505.376, 2102.618, 0, 0, 0, 0, 19130.14, 797, 2603.38, 40.41, 2603.388, 0, 
삼천포태양광#5, 2, 2025-08-15 00:00:00, 0, 0, 0, 0, 0, 0, 79.037, 286.321, 287.262, 288.802, 385.11, 1254.468, 4649.028, 4728.124, 4310.49, 3525.848, 4292.871, 4291.74, 3924.296, 2885.552, 0, 0, 0, 0, 35188.949, 1466, 4728.12, 79.03, 4728.124, 0, 
광양항세방태양광, 1, 2025-08-15 00:00:00, 0, 0, 0, 0, 0, 0, 38.4, 319.2, 825.6, 1296, 1629.6, 1840.8, 1932, 1896, 1730.4, 1231.2, 458.4, 136.8, 14.4, 0, 0, 0, 0, 0, 13348.8, 556, 1932, 14.4, 1932, 0, 
두산엔진MG태양광, 1, 2025-08-15 00:00:00, 0, 0, 0, 0, 0, 0, 1.62, 2.82, 8.94, 21.6, 23.28, 45.48, 30.96, 33.18, 30.36, 30.18, 45.48, 32.7, 7.62, 0.06, 0, 0, 0, 0, 314.28, 13, 45.48, 0.06, 45.48, 0, 
삼천포태양광, 1, 2025-08-15 00:00:00, 0, 0, 0, 0, 0, 0, 0, 0.072, 3.864, 8.58, 12.576, 15.48, 16.452, 17.004, 16.2, 13.488, 9.108, 3.384, 0.024, 0, 0, 0, 0, 0, 116.232, 5, 17, 0.024, 17.004, 0, 
삼천포태양광, 2, 2025-08-15 00:00:00, 0, 0, 0, 0, 0, 0, 10.176, 105.888, 260.64, 391.488, 486.24, 541.152, 523.296, 480.672, 483.168, 388.992, 254.88, 114.528, 23.808, 0, 0, 0, 0, 0, 4064.928, 169, 541.15, 10.176, 541.152, 0, 
삼천포태양광, 3, 2025-08-15 00:00:00, 0, 0, 0, 0, 0, 0, 2.592, 46.008, 110.664, 163.62, 199.296, 218.268, 205.956, 207.648, 199.188, 160.776, 105.264, 41.328, 2.052, 0, 0, 0, 0, 0, 1662.66, 69, 218.26, 2.052, 218.268, 0, 
삼천포태양광, 4, 2025-08-15 00:00:00, 0, 0, 0, 0, 0, 0, 3.902, 89.96, 95.355, 95.866, 90.795, 81.037, 768.4, 1157.509, 1058.585, 857.726, 1190.527, 1193.041, 1171.933, 659.787, 0, 0, 0, 0, 8514.423, 355, 1193.04, 3.902, 1193.041, 0, 
구미태양광, 1, 2025-08-15 00:00:00, 0, 0, 0, 0, 0, 0, 6.436, 59.516, 134.29, 280.513, 309.078, 387.974, 457.831, 492.398, 434.546, 380.96, 294.904, 139.208, 40.497, 0.868, 0, 0, 0, 0, 3419.019, 142, 492.39, 0.868, 492.398, 0, 
삼천포태양광#6, 1, 2025-08-15 00:00:00, 0, 0, 0, 0, 0, 0, 7.348, 70.105, 67.605, 67.28, 61.661, 53.78, 63.895, 66.772, 319.331, 380.512, 545.667, 615.529, 615.722, 473.011, 0, 0, 0, 0, 3408.218, 142, 615.72, 7.348, 615.722, 0, 
영흥태양광#5, 1, 2025-08-15 00:00:00, 0, 0, 0, 0, 0, 0, 31.337, 175.968, 617.095, 781.011, 1113.663, 1660.853, 2412.937, 2309.284, 2215.274, 1810.305, 1277.579, 617.095, 103.653, 0, 0, 0, 0, 0, 15126.054, 630, 2412.93, 31.337, 2412.937, 0, 
영흥태양광 #3, 1, 2025-08-15 00:00:00, 0, 0, 0, 0, 0, 0, 12, 121.2, 400.8, 474.24, 686.16, 1034.16, 1530.24, 1498.56, 1391.28, 1231.68, 921.6, 391.92, 64.8, 0.48, 0, 0, 0, 0, 9759.12, 407, 1530.24, 0.48, 1530.24, 0, 
영흥태양광 #3, 2, 2025-08-15 00:00:00, 0, 0, 0, 0, 0, 0, 3.168, 44.16, 158.784, 248.736, 312.48, 490.176, 676.608, 646.464, 608.448, 516.672, 379.488, 200.928, 31.968, 0, 0, 0, 0, 0, 4318.08, 180, 676.6, 3.168, 676.608, 0, 
영흥태양광 #3, 3, 2025-08-15 00:00:00, 0, 0, 0, 0, 0, 0, 5.88, 61.68, 190.32, 307.92, 383.16, 582, 849.36, 801.36, 793.2, 660.36, 472.68, 237.36, 43.08, 0.24, 0, 0, 0, 0, 5388.6, 225, 849.36, 0.24, 849.36, 0, 
영흥태양광, 1, 2025-08-15 00:00:00, 0, 0, 0, 0, 0, 0, 0, 27.149, 147.187, 230.63, 241.766, 529.459, 530.112, 471.437, 551.808, 482.688, 344.064, 169.805, 26.419, 0, 0, 0, 0, 0, 3752.524, 156, 551.8, 26.419, 551.808, 0, 
예천태양광, 1, 2025-08-15 00:00:00, 0, 0, 0, 0, 0, 0, 0, 0, 0, 0, 0, 0, 0, 0, 0, 0, 0, 0, 0, 0, 0, 0, 0, 0, 0, 0, 0, 0, 0, 0, 
여수태양광, 1, 2025-08-15 00:00:00, 0, 0, 0, 0, 0, 0, 0, 0, 0, 0, 0, 0, 0, 0, 0, 0, 0, 0, 0, 0, 0, 0, 0, 318.39, 318.39, 13, 318.39, 318.39, 318.39, 0, 
영흥태양광, 2, 2025-08-15 00:00:00, 0, 0, 0, 0, 0, 0, 0, 12.535, 142.703, 171.629, 235.267, 362.543, 607.453, 594.918, 562.135, 458.964, 318.189, 153.309, 24.105, 0, 0, 0, 0, 0, 3643.75, 152, 607.45, 12.535, 607.453, 0, 
탑선태양광, 1, 2025-08-15 00:00:00, 0, 0, 0, 0, 0, 0, 0, 0, 0, 0, 0, 0, 0, 0, 0, 0, 0, 0, 0, 0, 0, 0, 0, 945, 945, 39, 945, 945, 945, 0, 
탑선태양광, 3, 2025-08-15 00:00:00, 0, 0, 0, 0, 0, 0, 0, 0, 0, 0, 0, 0, 0, 0, 0, 0, 0, 0, 0, 0, 0, 0, 0, 436, 436, 18, 436, 436, 436, 0, 
경상대태양광, 1, 2025-08-15 00:00:00, 0, 0, 0, 0, 0, 0, 6.408, 83.664, 240.84, 381.528, 469.8, 503.064, 519.12, 543.744, 510.768, 440.208, 336.312, 185.256, 37.296, 0, 0, 0, 0, 0, 4258.008, 177, 543.74, 6.4, 543.744, 0, 
고흥만 수상태양광, 1, 2025-08-15 00:00:00, 0, 0, 0, 0, 0, 0, 1525.86, 10800.468, 24159.744, 35327.544, 42565.32, 46403.784, 48261.36, 46539.444, 43085.112, 36632.316, 26603.724, 13887.972, 2928.492, 32.928, 0, 0, 0, 0, 378754.068, 15781, 48261.36, 32.928, 48261.36, 0, 
영동태양광, 1, 2025-08-14 00:00:00, 0, 0, 0, 0, 0, 0, 0.288, 10.272, 9.792, 10.368, 10.08, 10.08, 10.368, 8.448, 9.12, 241.344, 637.92, 683.328, 263.904, 0, 0, 0, 0, 0, 1905.312, 79, 683.32, 0.288, 683.328, 0, 
삼천포태양광#5, 1, 2025-08-14 00:00:00, 0, 0, 0, 0, 0, 0, 50.741, 183.037, 197.978, 213.718, 361.999, 455.142, 307.506, 1823.216, 2381.98, 1946.088, 2515.5, 2501.109, 2505.411, 2142.891, 0, 0, 0, 0, 17586.316, 733, 2515.5, 50.741, 2515.5, 0, 
삼천포태양광#5, 2, 2025-08-14 00:00:00, 0, 0, 0, 0, 0, 0, 109.851, 282.296, 286.233, 290.764, 412.877, 797.808, 2620.69, 4708.057, 4327.637, 3535.838, 4269.505, 4288.094, 3923.392, 3153.577, 0, 0, 0, 0, 33006.619, 1375, 4708.05, 109.85, 4708.057, 0, 
광양항세방태양광, 1, 2025-08-14 00:00:00, 0, 0, 0, 0, 0, 0, 55.2, 400.8, 799.2, 1147.2, 1634.4, 1939.2, 1941.6, 1910.4, 1884, 1603.2, 1092, 612, 120, 2.4, 0, 0, 0, 0, 15141.6, 631, 1941.6, 2.4, 1941.6, 0, 
두산엔진MG태양광, 1, 2025-08-14 00:00:00, 0, 0, 0, 0, 0, 0.06, 1.86, 6.36, 10.38, 26.7, 38.82, 41.04, 31.26, 41.1, 38.64, 42.36, 30.78, 20.22, 6.96, 0.12, 0, 0, 0, 0, 336.66, 14, 42.36, 0.06, 42.36, 0, 
삼천포태양광, 1, 2025-08-14 00:00:00, 0, 0, 0, 0, 0, 0, 0, 0.144, 3.792, 8.544, 8.652, 15.024, 15.9, 17.46, 16.476, 13.56, 9.252, 3.516, 0.036, 0, 0, 0, 0, 0, 112.356, 5, 17.46, 0.036, 17.46, 0, 
삼천포태양광, 2, 2025-08-14 00:00:00, 0, 0, 0, 0, 0, 0, 17.76, 111.552, 260.544, 381.6, 353.664, 426.144, 512.16, 544.032, 483.648, 387.84, 259.008, 116.832, 23.52, 0.096, 0, 0, 0, 0, 3878.4, 162, 544.03, 0.096, 544.032, 0, 
삼천포태양광, 3, 2025-08-14 00:00:00, 0, 0, 0, 0, 0, 0, 2.556, 38.808, 101.556, 147.888, 133.056, 172.512, 220.608, 224.388, 199.62, 159.876, 106.416, 42.336, 2.016, 0, 0, 0, 0, 0, 1551.636, 65, 224.38, 2.016, 224.388, 0, 
삼천포태양광, 4, 2025-08-14 00:00:00, 0, 0, 0, 0, 0, 0, 12.5, 84.999, 95.334, 98.722, 116.497, 127.634, 135.183, 1147.265, 1061.858, 860.127, 1188.622, 1193.178, 1171.233, 695.91, 0, 0, 0, 0, 7989.062, 333, 1193.17, 12.5, 1193.178, 0, 
구미태양광, 1, 2025-08-14 00:00:00, 0, 0, 0, 0, 0, 0, 7.665, 76.727, 208.776, 342.054, 430.568, 341.258, 460.507, 453.203, 274.945, 280.947, 258.384, 166.109, 39.701, 1.229, 0, 0, 0, 0, 3342.073, 139, 460.5, 1.229, 460.507, 0, 
삼천포태양광#6, 1, 2025-08-14 00:00:00, 0, 0, 0, 0, 0, 0, 4.708, 61.467, 68.151, 64.316, 63.485, 64.272, 59.294, 382.27, 658.093, 557.653, 585.581, 615.691, 616.451, 651.798, 23.856, 0, 0, 0, 4477.086, 187, 658.09, 4.7, 658.093, 0, 
영흥태양광#5, 1, 2025-08-14 00:00:00, 0, 0, 0, 0, 0, 0, 0, 166.326, 335.063, 115.705, 248.284, 318.189, 376.042, 730.389, 1118.484, 511.032, 438.716, 173.558, 67.495, 0, 0, 0, 0, 0, 4599.283, 192, 1118.48, 67.495, 1118.484, 0, 
영흥태양광 #3, 1, 2025-08-14 00:00:00, 0, 0, 0, 0, 0, 0, 0, 117.84, 247.68, 64.56, 190.8, 278.88, 263.28, 522.96, 840.96, 373.44, 347.52, 132.72, 47.28, 0, 0, 0, 0, 0, 3427.92, 143, 840.96, 47.28, 840.96, 0, 
영흥태양광 #3, 2, 2025-08-14 00:00:00, 0, 0, 0, 0, 0, 0, 0, 44.16, 95.712, 26.976, 70.368, 100.032, 120.192, 229.248, 325.632, 163.104, 136.8, 48.672, 11.136, 0, 0, 0, 0, 0, 1372.032, 57, 325.63, 11.136, 325.632, 0, 
영흥태양광 #3, 3, 2025-08-14 00:00:00, 0, 0, 0, 0, 0, 0, 0, 61.44, 120.96, 27.84, 90.36, 148.92, 147.36, 276.12, 427.2, 187.56, 182.04, 69.24, 19.92, 0, 0, 0, 0, 0, 1758.96, 73, 427.2, 19.92, 427.2, 0, 
영흥태양광, 1, 2025-08-14 00:00:00, 0, 0, 0, 0, 0, 0, 0, 33.677, 96.96, 23.386, 61.555, 125.261, 109.133, 210.586, 319.219, 160.128, 147.917, 78.067, 16.474, 0, 0, 0, 0, 0, 1382.363, 58, 319.21, 16.474, 319.219, 0, 
예천태양광, 1, 2025-08-14 00:00:00, 0, 0, 0, 0, 0, 0, 0, 0, 0, 0, 0, 0, 0, 0, 0, 0, 0, 0, 0, 0, 0, 0, 0, 0, 0, 0, 0, 0, 0, 0, 
여수태양광, 1, 2025-08-14 00:00:00, 0, 0, 0, 0, 0, 0, 0, 0, 0, 0, 0, 0, 0, 0, 0, 0, 0, 0, 0, 0, 0, 0, 0, 456.17, 456.17, 19, 456.17, 456.17, 456.17, 0, 
영흥태양광, 2, 2025-08-14 00:00:00, 0, 0, 0, 0, 0, 0, 0, 23.141, 88.707, 19.284, 59.781, 94.493, 94.493, 182.236, 309.512, 133.061, 119.562, 42.425, 11.571, 0, 0, 0, 0, 0, 1178.266, 49, 309.51, 11.571, 309.512, 0, 
탑선태양광, 1, 2025-08-14 00:00:00, 0, 0, 0, 0, 0, 0, 0, 0, 0, 0, 0, 0, 0, 0, 0, 0, 0, 0, 0, 0, 0, 0, 0, 945, 945, 39, 945, 945, 945, 0, 
탑선태양광, 3, 2025-08-14 00:00:00, 0, 0, 0, 0, 0, 0, 0, 0, 0, 0, 0, 0, 0, 0, 0, 0, 0, 0, 0, 0, 0, 0, 0, 436, 436, 18, 436, 436, 436, 0, 
경상대태양광, 1, 2025-08-14 00:00:00, 0, 0, 0, 0, 0, 0, 8.064, 83.592, 226.296, 279.504, 387.288, 542.952, 455.328, 558.288, 516.168, 448.344, 338.256, 188.208, 30.888, 0, 0, 0, 0, 0, 4063.176, 169, 558.28, 8.06, 558.288, 0, 
고흥만 수상태양광, 1, 2025-08-14 00:00:00, 0, 0, 0, 0, 0, 0, 1811.628, 9623.712, 21222.264, 35799.456, 42433.524, 46927.86, 48417.768, 47435.22, 34395.564, 33396.468, 26455.8, 13810.608, 2794.428, 38.976, 0, 0, 0, 0, 364563.276, 15190, 48417.76, 38.97, 48417.768, 0, 
영동태양광, 1, 2025-08-13 00:00:00, 0, 0, 0, 0, 0, 0, 0.096, 12.288, 15.456, 15.264, 15.36, 15.648, 15.552, 15.072, 9.984, 58.656, 501.024, 120.96, 5.952, 0, 0, 0, 0, 0, 801.312, 33, 501.02, 0.096, 501.024, 0, 
삼천포태양광#5, 1, 2025-08-13 00:00:00, 0, 0, 0, 0, 0, 0, 36.285, 176.437, 224.879, 237.351, 382.611, 223.447, 269.981, 296.988, 1168.185, 2009.426, 2519.882, 2529.203, 2529.608, 2146.988, 0, 0, 0, 0, 14751.271, 615, 2529.6, 36.28, 2529.608, 0, 
삼천포태양광#5, 2, 2025-08-13 00:00:00, 0, 0, 0, 0, 0, 0, 97.075, 892.146, 640.59, 379.67, 1160.963, 534.329, 1950.716, 3761.366, 3772.551, 3630.963, 4285.264, 4287.594, 3816.256, 1714.595, 0, 0, 0, 0, 30924.078, 1289, 4287.59, 97.07, 4287.594, 0, 
광양항세방태양광, 1, 2025-08-13 00:00:00, 0, 0, 0, 0, 0, 0, 60, 398.4, 484.8, 828, 352.8, 1363.2, 1351.2, 1881.6, 1759.2, 1533.6, 979.2, 304.8, 153.6, 0, 0, 0, 0, 0, 11450.4, 477, 1881.6, 60, 1881.6, 0, 
두산엔진MG태양광, 1, 2025-08-13 00:00:00, 0, 0, 0, 0, 0, 0, 2.04, 4.68, 10.86, 21.36, 39.12, 26.64, 29.64, 41.46, 38.4, 40.56, 30.54, 18, 6.96, 0.06, 0, 0, 0, 0, 310.32, 13, 41.46, 0.06, 41.46, 0, 
삼천포태양광, 1, 2025-08-13 00:00:00, 0, 0, 0, 0, 0, 0, 0, 1.14, 3.936, 5.652, 9.096, 9.684, 14.82, 13.032, 15.204, 12.6, 9.072, 3.456, 0, 0, 0, 0, 0, 0, 97.692, 4, 15.2, 1.14, 15.204, 0, 
삼천포태양광, 2, 2025-08-13 00:00:00, 0, 0, 0, 0, 0, 0.096, 14.208, 99.648, 216.384, 230.688, 383.232, 322.56, 507.648, 413.28, 442.56, 418.08, 265.44, 131.424, 20.16, 0, 0, 0, 0, 0, 3465.408, 144, 507.64, 0.096, 507.648, 0, 
삼천포태양광, 3, 2025-08-13 00:00:00, 0, 0, 0, 0, 0, 0, 1.08, 39.204, 75.996, 79.02, 153.72, 111.6, 202.716, 155.412, 176.688, 167.22, 104.94, 46.26, 1.764, 0, 0, 0, 0, 0, 1315.62, 55, 202.71, 1.08, 202.716, 0, 
삼천포태양광, 4, 2025-08-13 00:00:00, 0, 0, 0, 0, 0, 0, 9.618, 84.953, 107.889, 96.783, 108.89, 97.59, 104.112, 108.167, 397.159, 879.09, 1190.355, 1192.549, 1183.004, 719.608, 0, 0, 0, 0, 6279.767, 262, 1192.54, 9.618, 1192.549, 0, 
구미태양광, 1, 2025-08-13 00:00:00, 0, 0, 0, 0, 0, 0, 0.795, 37.821, 133.857, 307.487, 321.082, 383.491, 430.062, 453.42, 457.108, 229.892, 184.911, 127.71, 41.437, 2.82, 0, 0, 0, 0, 3111.893, 130, 457.1, 0.795, 457.108, 0, 
삼천포태양광#6, 1, 2025-08-13 00:00:00, 0, 0, 0, 0, 0, 0, 0.942, 53.991, 80.785, 68.011, 67.519, 66.618, 56.871, 68.424, 64.594, 301.826, 548.531, 615.551, 623.052, 0, 0, 0, 0, 0, 2616.715, 109, 623.05, 0.942, 623.052, 0, 
영흥태양광#5, 1, 2025-08-13 00:00:00, 0, 0, 0, 0, 0, 0, 0, 0, 0, 19.284, 484.516, 696.642, 723.158, 298.905, 147.042, 168.737, 183.2, 16.874, 2.411, 0, 0, 0, 0, 0, 2740.769, 114, 723.15, 2.411, 723.158, 0, 
영흥태양광 #3, 1, 2025-08-13 00:00:00, 0, 0, 0, 0, 0, 0, 0, 0, 0, 7.68, 306.96, 495.84, 481.68, 202.08, 94.08, 109.68, 113.76, 8.64, 0, 0, 0, 0, 0, 0, 1820.4, 76, 495.84, 7.68, 495.84, 0, 
영흥태양광 #3, 2, 2025-08-13 00:00:00, 0, 0, 0, 0, 0, 0, 0, 0, 0, 1.248, 152.928, 208.608, 203.04, 79.968, 34.656, 39.936, 46.08, 1.152, 0, 0, 0, 0, 0, 0, 767.616, 32, 208.6, 1.152, 208.608, 0, 
영흥태양광 #3, 3, 2025-08-13 00:00:00, 0, 0, 0, 0, 0, 0, 0, 0, 0, 2.4, 153.84, 259.8, 238.8, 97.56, 41.16, 49.92, 52.68, 1.92, 0.12, 0, 0, 0, 0, 0, 898.2, 37, 259.8, 0.12, 259.8, 0, 
영흥태양광, 1, 2025-08-13 00:00:00, 0, 0, 0, 0, 0, 0, 0, 0, 0, 0, 77.568, 209.894, 172.8, 77.645, 27.072, 31.872, 40.819, 0.422, 0, 0, 0, 0, 0, 0, 638.092, 27, 209.89, 0.422, 209.894, 0, 
예천태양광, 1, 2025-08-13 00:00:00, 0, 0, 0, 0, 0, 0, 0, 0, 0, 0, 0, 0, 0, 0, 0, 0, 0, 0, 0, 0, 0, 0, 0, 0, 0, 0, 0, 0, 0, 0, 
여수태양광, 1, 2025-08-13 00:00:00, 0, 0, 0, 0, 0, 0, 0, 0, 0, 0, 0, 0, 0, 0, 0, 0, 0, 0, 0, 0, 0, 0, 0, 310.01, 310.01, 13, 310.01, 310.01, 310.01, 0, 
영흥태양광, 2, 2025-08-13 00:00:00, 0, 0, 0, 0, 0, 0, 0, 0, 0, 0, 88.707, 176.451, 173.558, 72.316, 30.855, 34.712, 37.604, 0.964, 0, 0, 0, 0, 0, 0, 615.167, 26, 176.45, 0.964, 176.451, 0, 
탑선태양광, 1, 2025-08-13 00:00:00, 0, 0, 0, 0, 0, 0, 0, 0, 0, 0, 0, 0, 0, 0, 0, 0, 0, 0, 0, 0, 0, 0, 0, 945, 945, 39, 945, 945, 945, 0, 
탑선태양광, 3, 2025-08-13 00:00:00, 0, 0, 0, 0, 0, 0, 0, 0, 0, 0, 0, 0, 0, 0, 0, 0, 0, 0, 0, 0, 0, 0, 0, 436, 436, 18, 436, 436, 436, 0, 
경상대태양광, 1, 2025-08-13 00:00:00, 0, 0, 0, 0, 0, 0, 9.216, 71.352, 241.056, 223.2, 366.84, 332.784, 200.232, 497.16, 556.992, 450.792, 348.264, 214.488, 36.936, 0.072, 0, 0, 0, 0, 3549.384, 148, 556.99, 0.07, 556.992, 0, 
고흥만 수상태양광, 1, 2025-08-13 00:00:00, 0, 0, 0, 0, 0, 0, 2101.932, 10000.788, 13122.144, 21823.452, 26693.352, 36257.508, 47796.504, 44673.048, 36428.616, 23066.484, 20077.176, 13830.6, 5128.62, 99.456, 0, 0, 0, 0, 301099.68, 12546, 47796.5, 99.45, 47796.504, 0, 
영동태양광, 1, 2025-08-12 00:00:00, 0, 0, 0, 0, 0, 0, 12.192, 16.512, 16.416, 17.472, 21.696, 34.656, 376.608, 772.608, 705.504, 678.624, 664.32, 688.512, 683.712, 677.28, 261.024, 0, 0, 0, 5627.136, 234, 772.6, 12.192, 772.608, 0, 
삼천포태양광#5, 1, 2025-08-12 00:00:00, 0, 0, 0, 0, 0, 0, 0, 0, 0, 0, 0, 0, 0, 0, 89.007, 390.324, 190.356, 0, 0, 0, 0, 0, 0, 0, 669.687, 28, 390.32, 89.007, 390.324, 0, 
삼천포태양광#5, 2, 2025-08-12 00:00:00, 0, 0, 0, 0, 0, 0, 0, 0, 0, 0, 0, 0, 0, 0, 392.83, 517.765, 144.083, 0.202, 0, 0, 0, 0, 0, 0, 1054.88, 44, 517.76, 0.202, 517.765, 0, 
광양항세방태양광, 1, 2025-08-12 00:00:00, 0, 0, 0, 0, 0, 0, 9.6, 7.2, 50.4, 184.8, 470.4, 319.2, 57.6, 352.8, 326.4, 110.4, 14.4, 9.6, 0, 0, 0, 0, 0, 0, 1912.8, 80, 470.4, 7.2, 470.4, 0, 
두산엔진MG태양광, 1, 2025-08-12 00:00:00, 0, 0, 0, 0, 0, 0, 0.3, 2.82, 2.82, 1.5, 5.4, 11.16, 11.04, 3.24, 5.1, 6.24, 3.6, 1.38, 0.78, 0, 0, 0, 0, 0, 55.38, 2, 11.16, 0.3, 11.16, 0, 
삼천포태양광, 1, 2025-08-12 00:00:00, 0, 0, 0, 0, 0, 0, 0, 0, 0, 0.024, 1.404, 1.056, 0, 0, 0.576, 0.972, 0, 0, 0, 0, 0, 0, 0, 0, 4.032, 0, 1.4, 0.024, 1.404, 0, 
삼천포태양광, 2, 2025-08-12 00:00:00, 0, 0, 0, 0, 0, 0, 0.096, 8.928, 2.784, 38.016, 79.584, 87.84, 12, 17.28, 57.888, 59.04, 18.24, 2.112, 0, 0, 0, 0, 0, 0, 383.808, 16, 87.84, 0.096, 87.84, 0, 
삼천포태양광, 3, 2025-08-12 00:00:00, 0, 0, 0, 0, 0, 0, 0, 2.124, 0.468, 11.844, 29.34, 30.816, 2.556, 3.708, 16.956, 16.92, 2.664, 0, 0, 0, 0, 0, 0, 0, 117.396, 5, 30.81, 0.468, 30.816, 0, 
삼천포태양광, 4, 2025-08-12 00:00:00, 0, 0, 0, 0, 0, 0, 0, 0, 0, 0, 0, 0, 0, 9.576, 113.938, 129.595, 155.386, 0.022, 0, 0, 0, 0, 0, 0, 408.517, 17, 155.38, 0.022, 155.386, 0, 
구미태양광, 1, 2025-08-12 00:00:00, 0, 0, 0, 0, 0, 0, 2.676, 62.192, 109.269, 170.593, 242.113, 177.897, 54.671, 35.652, 148.971, 61.396, 24.732, 24.732, 3.688, 0, 0, 0, 0, 0, 1118.582, 47, 242.11, 2.676, 242.113, 0, 
삼천포태양광#6, 1, 2025-08-12 00:00:00, 0, 0, 0, 0, 0, 0, 0, 0, 0, 0, 0, 0, 0, 0, 42.178, 63.332, 9.975, 0, 0, 0, 0, 0, 0, 0, 115.485, 5, 63.33, 9.975, 63.332, 0, 
영흥태양광#5, 1, 2025-08-12 00:00:00, 0, 0, 0, 0, 0, 0, 86.779, 520.674, 1106.432, 1687.368, 2246.611, 2473.2, 2564.8, 2521.411, 2422.579, 1991.095, 1381.232, 624.326, 212.126, 7.232, 0, 0, 0, 0, 19845.865, 827, 2564.8, 7.232, 2564.8, 0, 
영흥태양광 #3, 1, 2025-08-12 00:00:00, 0, 0, 0, 0, 0, 0, 51.6, 354.96, 671.52, 999.36, 1369.92, 1410.24, 1516.8, 1469.04, 1424.88, 1218.48, 891.6, 396.72, 138.72, 4.56, 0, 0, 0, 0, 11918.4, 497, 1516.8, 4.56, 1516.8, 0, 
영흥태양광 #3, 2, 2025-08-12 00:00:00, 0, 0, 0, 0, 0, 0, 14.88, 142.752, 306.816, 468.576, 591.936, 639.648, 674.208, 657.696, 626.4, 526.368, 378.624, 193.728, 57.984, 0.48, 0, 0, 0, 0, 5280.096, 220, 674.2, 0.48, 674.208, 0, 
영흥태양광 #3, 3, 2025-08-12 00:00:00, 0, 0, 0, 0, 0, 0, 21.84, 154.44, 338.76, 535.68, 697.32, 621.96, 854.16, 833.16, 799.2, 663, 463.92, 230.4, 75.48, 1.8, 0, 0, 0, 0, 6291.12, 262, 854.16, 1.8, 854.16, 0, 
영흥태양광, 1, 2025-08-12 00:00:00, 0, 0, 0, 0, 0, 0, 2.611, 84.864, 262.195, 408.346, 501.043, 599.923, 653.338, 628.531, 588.096, 485.069, 335.731, 168.768, 49.843, 1.382, 0, 0, 0, 0, 4769.74, 199, 653.33, 1.382, 653.338, 0, 
예천태양광, 1, 2025-08-12 00:00:00, 0, 0, 0, 0, 0, 0, 0, 0, 0, 0, 0, 0, 0, 0, 0, 0, 0, 0, 0, 0, 0, 0, 0, 0, 0, 0, 0, 0, 0, 0, 
여수태양광, 1, 2025-08-12 00:00:00, 0, 0, 0, 0, 0, 0, 0, 0, 0, 0, 0, 0, 0, 0, 0, 0, 0, 0, 0, 0, 0, 0, 0, 316.04, 316.04, 13, 316.04, 316.04, 316.04, 0, 
영흥태양광, 2, 2025-08-12 00:00:00, 0, 0, 0, 0, 0, 0, 4.821, 105.099, 241.053, 357.722, 525.495, 552.493, 602.632, 587.204, 564.063, 458, 314.333, 152.345, 49.175, 0, 0, 0, 0, 0, 4514.435, 188, 602.63, 4.82, 602.632, 0, 
탑선태양광, 1, 2025-08-12 00:00:00, 0, 0, 0, 0, 0, 0, 0, 0, 0, 0, 0, 0, 0, 0, 0, 0, 0, 0, 0, 0, 0, 0, 0, 945, 945, 39, 945, 945, 945, 0, 
탑선태양광, 3, 2025-08-12 00:00:00, 0, 0, 0, 0, 0, 0, 0, 0, 0, 0, 0, 0, 0, 0, 0, 0, 0, 0, 0, 0, 0, 0, 0, 436, 436, 18, 436, 436, 436, 0, 
경상대태양광, 1, 2025-08-12 00:00:00, 0, 0, 0, 0, 0, 0, 0.504, 30.384, 17.928, 19.224, 61.992, 99.648, 39.456, 40.104, 111.672, 35.928, 24.048, 13.032, 6.12, 0, 0, 0, 0, 0, 500.04, 21, 111.67, 0.5, 111.672, 0, 
고흥만 수상태양광, 1, 2025-08-12 00:00:00, 0, 0, 0, 0, 0, 0, 0, 197.4, 2034.312, 3683.4, 6325.956, 646.968, 3884.916, 10738.728, 5322.576, 1245.132, 1467.144, 144.312, 18.816, 0, 0, 0, 0, 0, 35709.66, 1488, 10738.72, 18.81, 10738.728, 0, 
영동태양광, 1, 2025-08-11 00:00:00, 0, 0, 0, 0, 0, 0, 7.68, 16.032, 16.128, 16.416, 16.8, 17.568, 16.512, 16.32, 16.032, 71.52, 514.464, 682.656, 145.536, 0, 0, 0, 0, 0, 1553.664, 65, 682.65, 7.68, 682.656, 0, 
삼천포태양광#5, 1, 2025-08-11 00:00:00, 0, 0, 0, 0, 0, 0, 53.284, 540.35, 1210.008, 1365.575, 0, 0, 0, 0, 0, 0, 0, 0, 0, 0, 0, 0, 0, 0, 3169.217, 132, 1365.57, 53.28, 1365.575, 0, 
삼천포태양광#5, 2, 2025-08-11 00:00:00, 0, 0, 0, 0, 0, 0, 112.761, 1063.055, 2017.401, 2212.061, 0, 0, 0, 0, 0, 0, 0, 0, 0, 0, 0, 0, 0, 0, 5405.278, 225, 2212.06, 112.76, 2212.061, 0, 
광양항세방태양광, 1, 2025-08-11 00:00:00, 0, 0, 0, 0, 0, 0, 50.4, 304.8, 609.6, 765.6, 710.4, 655.2, 408, 194.4, 230.4, 115.2, 110.4, 64.8, 2.4, 0, 0, 0, 0, 0, 4221.6, 176, 765.6, 2.4, 765.6, 0, 
두산엔진MG태양광, 1, 2025-08-11 00:00:00, 0, 0, 0, 0, 0, 0, 1.32, 6.84, 12.18, 25.5, 34.02, 23.76, 21.24, 14.46, 7.32, 5.76, 4.14, 1.38, 1.14, 0.06, 0, 0, 0, 0, 159.12, 7, 34.02, 0.06, 34.02, 0, 
삼천포태양광, 1, 2025-08-11 00:00:00, 0, 0, 0, 0, 0, 0, 0, 0.156, 4.104, 8.004, 8.676, 6.384, 3.48, 0.444, 0.012, 0.06, 0, 0, 0, 0, 0, 0, 0, 0, 31.32, 1, 8.67, 0.012, 8.676, 0, 
삼천포태양광, 2, 2025-08-11 00:00:00, 0, 0, 0, 0, 0, 0, 12.672, 113.376, 237.6, 336, 328.224, 241.056, 146.688, 52.032, 23.52, 37.248, 15.648, 10.752, 2.496, 0, 0, 0, 0, 0, 1557.312, 65, 336, 2.496, 336, 0, 
삼천포태양광, 3, 2025-08-11 00:00:00, 0, 0, 0, 0, 0, 0, 5.22, 50.796, 96.048, 136.44, 125.604, 90.54, 52.02, 13.104, 2.628, 7.74, 1.872, 1.116, 0.18, 0, 0, 0, 0, 0, 583.308, 24, 136.44, 0.18, 136.44, 0, 
삼천포태양광, 4, 2025-08-11 00:00:00, 0, 0, 0, 0, 0, 0, 7.909, 227.698, 497.37, 608.949, 0, 0, 0, 0, 0, 0, 0, 0, 0, 0, 0, 0, 0, 0, 1341.926, 56, 608.94, 7.9, 608.949, 0, 
구미태양광, 1, 2025-08-11 00:00:00, 0, 0, 0, 0, 0, 0, 13.451, 57.708, 168.423, 310.886, 239.004, 292.445, 253.105, 189.467, 171.75, 74.413, 34.712, 27.986, 2.314, 0, 0, 0, 0, 0, 1835.664, 76, 310.88, 2.314, 310.886, 0, 
삼천포태양광#6, 1, 2025-08-11 00:00:00, 0, 0, 0, 0, 0, 0, 7.822, 85.217, 161.959, 218.094, 28, 0, 0, 0, 0, 0, 0, 0, 0, 0, 0, 0, 0, 0, 501.092, 21, 218.09, 7.82, 218.094, 0, 
영흥태양광#5, 1, 2025-08-11 00:00:00, 0, 0, 0, 0, 0, 0, 38.568, 156.684, 301.316, 486.926, 711.105, 424.253, 995.547, 1046.168, 1135.358, 696.642, 653.253, 841.274, 231.411, 9.642, 0, 0, 0, 0, 7728.147, 322, 1135.35, 9.642, 1135.358, 0, 
영흥태양광 #3, 1, 2025-08-11 00:00:00, 0, 0, 0, 0, 0, 0, 20.64, 104.16, 199.68, 325.68, 471.36, 293.76, 691.92, 714.72, 738.72, 471.84, 443.52, 516.96, 132.72, 4.08, 0, 0, 0, 0, 5129.76, 214, 738.72, 4.08, 738.72, 0, 
영흥태양광 #3, 2, 2025-08-11 00:00:00, 0, 0, 0, 0, 0, 0, 2.304, 34.752, 78.912, 133.152, 194.496, 115.872, 278.88, 293.088, 304.128, 195.36, 182.784, 248.736, 61.248, 0.384, 0, 0, 0, 0, 2124.096, 89, 304.12, 0.384, 304.128, 0, 
영흥태양광 #3, 3, 2025-08-11 00:00:00, 0, 0, 0, 0, 0, 0, 8.76, 52.92, 97.32, 158.28, 233.76, 148.56, 349.44, 370.8, 369, 234.96, 226.08, 296.52, 73.8, 1.8, 0, 0, 0, 0, 2622, 109, 370.8, 1.8, 370.8, 0, 
영흥태양광, 1, 2025-08-11 00:00:00, 0, 0, 0, 0, 0, 0, 0.038, 33.178, 73.344, 115.891, 179.942, 116.314, 255.514, 264.077, 273.408, 176.678, 180.941, 220.646, 51.725, 0.614, 0, 0, 0, 0, 1942.31, 81, 273.4, 0.038, 273.408, 0, 
예천태양광, 1, 2025-08-11 00:00:00, 0, 0, 0, 0, 0, 0, 0, 0, 0, 0, 0, 0, 0, 0, 0, 0, 0, 0, 0, 0, 0, 0, 0, 0, 0, 0, 0, 0, 0, 0, 
여수태양광, 1, 2025-08-11 00:00:00, 0, 0, 0, 0, 0, 0, 0, 0, 0, 0, 0, 0, 0, 0, 0, 0, 0, 0, 0, 0, 0, 0, 0, 721.4, 721.4, 30, 721.4, 721.4, 721.4, 0, 
영흥태양광, 2, 2025-08-11 00:00:00, 0, 0, 0, 0, 0, 0, 0, 4.821, 62.674, 114.741, 173.558, 103.171, 248.766, 250.695, 276.728, 169.701, 158.131, 195.735, 49.175, 0.964, 0, 0, 0, 0, 1808.86, 75, 276.72, 0.96, 276.728, 0, 
탑선태양광, 1, 2025-08-11 00:00:00, 0, 0, 0, 0, 0, 0, 0, 0, 0, 0, 0, 0, 0, 0, 0, 0, 0, 0, 0, 0, 0, 0, 0, 945, 945, 39, 945, 945, 945, 0, 
탑선태양광, 3, 2025-08-11 00:00:00, 0, 0, 0, 0, 0, 0, 0, 0, 0, 0, 0, 0, 0, 0, 0, 0, 0, 0, 0, 0, 0, 0, 0, 436, 436, 18, 436, 436, 436, 0, 
경상대태양광, 1, 2025-08-11 00:00:00, 0, 0, 0, 0, 0, 0, 2.16, 27.288, 73.872, 181.008, 387.72, 310.104, 158.688, 147.024, 56.664, 46.584, 21.312, 21.888, 0.648, 0, 0, 0, 0, 0, 1434.96, 60, 387.72, 0.64, 387.72, 0, 
고흥만 수상태양광, 1, 2025-08-11 00:00:00, 0, 0, 0, 0, 0, 0.252, 1833.636, 11086.152, 16189.068, 10606.848, 11830.56, 8598.576, 6063.876, 4646.124, 5052.096, 2636.508, 2838.78, 1025.136, 261.156, 0, 0, 0, 0, 0, 82668.768, 3445, 16189.06, 0.25, 16189.068, 0, 
영동태양광, 1, 2025-08-10 00:00:00, 0, 0, 0, 0, 0, 0, 11.808, 16.32, 16.896, 17.76, 17.856, 17.472, 496.896, 767.904, 724.8, 632.544, 651.456, 687.84, 682.272, 675.936, 210.048, 0, 0, 0, 5627.808, 234, 767.9, 11.808, 767.904, 0, 
삼천포태양광#5, 1, 2025-08-10 00:00:00, 0, 0, 0, 0, 0, 0, 0, 0, 23.853, 166.415, 46.353, 181.442, 205.988, 203.831, 204.47, 1146.713, 2488.112, 1320.666, 74.677, 0, 0, 0, 0, 0, 6062.52, 253, 2488.11, 23.853, 2488.112, 0, 
삼천포태양광#5, 2, 2025-08-10 00:00:00, 0, 0, 0, 0, 0, 0, 0, 0, 54.804, 264.91, 115.438, 276.549, 300.894, 376.549, 347.704, 2052.631, 3646.655, 3406.678, 692.783, 0, 0, 0, 0, 0, 11535.595, 481, 3646.65, 54.804, 3646.655, 0, 
광양항세방태양광, 1, 2025-08-10 00:00:00, 0, 0, 0, 0, 0, 0, 0, 0, 153.6, 146.4, 252, 427.2, 916.8, 1293.6, 1670.4, 753.6, 376.8, 307.2, 146.4, 0, 0, 0, 0, 0, 6444, 269, 1670.4, 146.4, 1670.4, 0, 
두산엔진MG태양광, 1, 2025-08-10 00:00:00, 0, 0, 0, 0, 0, 0, 0.72, 5.64, 1.92, 7.62, 9.54, 6.66, 25.26, 26.28, 27.12, 28.02, 14.1, 7.62, 6.54, 0.06, 0, 0, 0, 0, 167.1, 7, 28.02, 0.06, 28.02, 0, 
삼천포태양광, 1, 2025-08-10 00:00:00, 0, 0, 0, 0, 0, 0, 0, 0, 0.012, 0.852, 0.012, 0.984, 6.228, 8.544, 6.192, 7.632, 3.432, 1.536, 0.036, 0, 0, 0, 0, 0, 35.46, 1, 8.54, 0.012, 8.544, 0, 
삼천포태양광, 2, 2025-08-10 00:00:00, 0, 0, 0, 0, 0, 0, 0.672, 0.864, 9.696, 69.792, 18.72, 77.76, 225.984, 303.648, 247.68, 282.624, 169.728, 85.824, 28.032, 0.096, 0, 0, 0, 0, 1521.12, 63, 303.64, 0.096, 303.648, 0, 
삼천포태양광, 3, 2025-08-10 00:00:00, 0, 0, 0, 0, 0, 0, 0, 0, 2.484, 24.768, 4.932, 29.304, 87.66, 115.884, 97.236, 117.288, 68.328, 27.504, 2.88, 0, 0, 0, 0, 0, 578.268, 24, 117.28, 2.484, 117.288, 0, 
삼천포태양광, 4, 2025-08-10 00:00:00, 0, 0, 0, 0, 0, 0, 0, 0, 7.527, 82.664, 19.76, 81.259, 94.435, 95.662, 75.437, 468.782, 1189.641, 570.402, 27.489, 0, 0, 0, 0, 0, 2713.058, 113, 1189.64, 7.527, 1189.641, 0, 
구미태양광, 1, 2025-08-10 00:00:00, 0, 0, 0, 0, 0, 0, 12.8, 56.189, 181.006, 218.683, 275.379, 442.066, 514.961, 492.037, 336.413, 254.913, 125.034, 66.386, 22.779, 2.242, 0, 0, 0, 0, 3000.888, 125, 514.96, 2.242, 514.961, 0, 
삼천포태양광#6, 1, 2025-08-10 00:00:00, 0, 0, 0, 0, 0, 0, 0, 0, 0, 33.355, 1.065, 22.933, 74.658, 74.806, 57.605, 130.354, 371.392, 35.415, 7.362, 0, 0, 0, 0, 0, 808.945, 34, 371.39, 1.065, 371.392, 0, 
영흥태양광#5, 1, 2025-08-10 00:00:00, 0, 0, 0, 0, 0, 0, 163.916, 363.989, 1000.368, 1803.074, 2140.547, 2641.937, 2709.432, 2550.337, 2403.295, 2048.947, 1439.084, 711.105, 149.453, 4.821, 0, 0, 0, 0, 20130.305, 839, 2709.43, 4.821, 2709.432, 0, 
영흥태양광 #3, 1, 2025-08-10 00:00:00, 0, 0, 0, 0, 0, 0.48, 108, 259.44, 678.48, 1164.48, 1344.72, 1535.28, 1528.56, 1466.88, 1424.88, 1260.96, 950.88, 423.6, 84, 3.12, 0, 0, 0, 0, 12233.76, 510, 1535.28, 0.48, 1535.28, 0, 
영흥태양광 #3, 2, 2025-08-10 00:00:00, 0, 0, 0, 0, 0, 0, 37.056, 97.632, 278.784, 482.88, 570.912, 676.8, 697.728, 667.776, 629.28, 545.856, 396.864, 212.832, 39.072, 0.192, 0, 0, 0, 0, 5333.664, 222, 697.72, 0.192, 697.728, 0, 
영흥태양광 #3, 3, 2025-08-10 00:00:00, 0, 0, 0, 0, 0, 0.24, 49.8, 123.96, 338.4, 610.32, 770.76, 872.04, 879.24, 827.16, 808.56, 690.24, 491.52, 251.76, 51.12, 1.2, 0, 0, 0, 0, 6766.32, 282, 879.24, 0.24, 879.24, 0, 
영흥태양광, 1, 2025-08-10 00:00:00, 0, 0, 0, 0, 0, 0, 24.614, 86.438, 225.062, 430.234, 558.835, 635.558, 663.322, 637.67, 603.571, 507.264, 366.144, 184.09, 34.637, 0.538, 0, 0, 0, 0, 4957.977, 207, 663.32, 0.538, 663.322, 0, 
예천태양광, 1, 2025-08-10 00:00:00, 0, 0, 0, 0, 0, 0, 0, 0, 0, 0, 0, 0, 0, 0, 0, 0, 0, 0, 0, 0, 0, 0, 0, 0, 0, 0, 0, 0, 0, 0, 
여수태양광, 1, 2025-08-10 00:00:00, 0, 0, 0, 0, 0, 0, 0, 0, 0, 0, 0, 0, 0, 0, 0, 0, 0, 0, 0, 0, 0, 0, 0, 587.2, 587.2, 24, 587.2, 587.2, 587.2, 0, 
영흥태양광, 2, 2025-08-10 00:00:00, 0, 0, 0, 0, 0, 0, 16.392, 75.208, 234.303, 426.181, 517.781, 613.238, 631.558, 591.061, 569.848, 476.32, 331.688, 161.987, 30.855, 0, 0, 0, 0, 0, 4676.42, 195, 631.55, 16.39, 631.558, 0, 
탑선태양광, 1, 2025-08-10 00:00:00, 0, 0, 0, 0, 0, 0, 0, 0, 0, 0, 0, 0, 0, 0, 0, 0, 0, 0, 0, 0, 0, 0, 0, 945, 945, 39, 945, 945, 945, 0, 
탑선태양광, 3, 2025-08-10 00:00:00, 0, 0, 0, 0, 0, 0, 0, 0, 0, 0, 0, 0, 0, 0, 0, 0, 0, 0, 0, 0, 0, 0, 0, 436, 436, 18, 436, 436, 436, 0, 
경상대태양광, 1, 2025-08-10 00:00:00, 0, 0, 0, 0, 0, 0, 3.744, 6.624, 3.456, 101.736, 54.936, 97.2, 232.56, 419.976, 428.904, 306.792, 260.712, 202.176, 39.456, 0.432, 0, 0, 0, 0, 2158.704, 90, 428.9, 0.43, 428.904, 0, 
고흥만 수상태양광, 1, 2025-08-10 00:00:00, 0, 0, 0, 0, 0, 0, 0, 8.82, 583.128, 1730.232, 3386.964, 5780.796, 19740.168, 30854.544, 28429.212, 20350.68, 21600.6, 10063.452, 3725.148, 72.492, 0, 0, 0, 0, 146326.236, 6097, 30854.54, 8.82, 30854.544, 0, 
영동태양광, 1, 2025-08-09 00:00:00, 0, 0, 0, 0, 0, 0, 0.672, 14.304, 15.648, 16.032, 16.32, 15.36, 15.36, 16.128, 15.456, 76.224, 521.472, 634.464, 47.232, 0, 0, 0, 0, 0, 1404.672, 59, 634.46, 0.672, 634.464, 0, 
삼천포태양광#5, 1, 2025-08-09 00:00:00, 0, 0, 0, 0, 0, 0, 41.719, 168.459, 177.644, 192.282, 189.659, 181.352, 139.062, 83.291, 92.93, 70.413, 1487.991, 30.109, 0, 0, 0, 0, 0, 0, 2854.911, 119, 1487.99, 30.109, 1487.991, 0, 
삼천포태양광#5, 2, 2025-08-09 00:00:00, 0, 0, 0, 0, 0, 0, 85.448, 262.492, 275.882, 285.922, 284.774, 280.587, 224.496, 175.203, 190.267, 129.172, 2800.983, 468.939, 0, 0, 0, 0, 0, 0, 5464.165, 228, 2800.98, 85.44, 2800.983, 0, 
광양항세방태양광, 1, 2025-08-09 00:00:00, 0, 0, 0, 0, 0, 0, 48, 156, 463.2, 542.4, 376.8, 211.2, 100.8, 86.4, 36, 55.2, 62.4, 33.6, 9.6, 0, 0, 0, 0, 0, 2181.6, 91, 542.4, 9.6, 542.4, 0, 
두산엔진MG태양광, 1, 2025-08-09 00:00:00, 0, 0, 0, 0, 0, 0, 1.56, 7.68, 9.9, 20.34, 20.94, 21.18, 18.24, 12.84, 13.92, 8.58, 4.32, 2.16, 0.12, 0, 0, 0, 0, 0, 141.78, 6, 21.18, 0.12, 21.18, 0, 
삼천포태양광, 1, 2025-08-09 00:00:00, 0, 0, 0, 0, 0, 0, 0, 0.504, 1.872, 5.196, 3.444, 0.864, 0.348, 0, 0, 0, 0, 0, 0, 0, 0, 0, 0, 0, 12.228, 1, 5.19, 0.348, 5.196, 0, 
삼천포태양광, 2, 2025-08-09 00:00:00, 0, 0, 0, 0, 0, 0, 13.152, 52.224, 88.32, 191.232, 158.112, 70.464, 52.224, 21.792, 27.936, 21.696, 23.328, 12.192, 0.576, 0, 0, 0, 0, 0, 733.248, 31, 191.23, 0.576, 191.232, 0, 
삼천포태양광, 3, 2025-08-09 00:00:00, 0, 0, 0, 0, 0, 0, 2.196, 16.272, 29.88, 70.776, 56.448, 22.104, 16.452, 4.608, 6.696, 4.68, 5.076, 1.872, 0, 0, 0, 0, 0, 0, 237.06, 10, 70.77, 1.87, 70.776, 0, 
삼천포태양광, 4, 2025-08-09 00:00:00, 0, 0, 0, 0, 0, 0, 9.759, 72.214, 79.963, 95.042, 94.926, 77.766, 54.474, 24.549, 30.841, 14.953, 410.673, 9.249, 0, 0, 0, 0, 0, 0, 974.409, 41, 410.67, 9.249, 410.673, 0, 
구미태양광, 1, 2025-08-09 00:00:00, 0, 0, 0, 0, 0, 0, 0, 20.972, 37.604, 118.019, 86.996, 59.299, 64.795, 84.971, 84.826, 98.711, 52.574, 23.792, 10.558, 0, 0, 0, 0, 0, 743.117, 31, 118.01, 10.558, 118.019, 0, 
삼천포태양광#6, 1, 2025-08-09 00:00:00, 0, 0, 0, 0, 0, 0, 2.011, 43.451, 59.215, 71.595, 69.713, 68.231, 40.384, 5.412, 18.098, 2.462, 240.84, 7.688, 0, 0, 0, 0, 0, 0, 629.1, 26, 240.84, 2.011, 240.84, 0, 
영흥태양광#5, 1, 2025-08-09 00:00:00, 0, 0, 0, 0, 0, 0, 9.642, 127.758, 363.989, 554.421, 515.853, 561.653, 470.053, 359.168, 436.305, 552.011, 539.958, 200.074, 200.074, 7.232, 0, 0, 0, 0, 4898.191, 204, 561.65, 7.232, 561.653, 0, 
영흥태양광 #3, 1, 2025-08-09 00:00:00, 0, 0, 0, 0, 0, 0, 2.88, 81.6, 250.08, 373.92, 340.8, 381.6, 315.84, 244.56, 293.04, 376.32, 370.08, 130.08, 120.96, 3.12, 0, 0, 0, 0, 3284.88, 137, 381.6, 2.88, 381.6, 0, 
영흥태양광 #3, 2, 2025-08-09 00:00:00, 0, 0, 0, 0, 0, 0, 0.288, 24.768, 98.112, 151.296, 141.216, 156.768, 128.544, 96.672, 118.944, 152.352, 149.664, 47.424, 50.592, 0.192, 0, 0, 0, 0, 1316.832, 55, 156.76, 0.192, 156.768, 0, 
영흥태양광 #3, 3, 2025-08-09 00:00:00, 0, 0, 0, 0, 0, 0, 0.72, 38.04, 125.28, 186.6, 166.32, 191.04, 156, 120.96, 143.28, 186.12, 183.84, 62.52, 63.12, 1.44, 0, 0, 0, 0, 1625.28, 68, 191.04, 0.72, 191.04, 0, 
영흥태양광, 1, 2025-08-09 00:00:00, 0, 0, 0, 0, 0, 0, 0, 15.475, 95.386, 145.69, 119.77, 151.795, 114.778, 92.698, 104.563, 138.739, 133.901, 42.317, 45.811, 0.461, 0, 0, 0, 0, 1201.384, 50, 151.79, 0.461, 151.795, 0, 
예천태양광, 1, 2025-08-09 00:00:00, 0, 0, 0, 0, 0, 0, 0, 0, 0, 0, 0, 0, 0, 0, 0, 0, 0, 0, 0, 0, 0, 0, 0, 0, 0, 0, 0, 0, 0, 0, 
여수태양광, 1, 2025-08-09 00:00:00, 0, 0, 0, 0, 0, 0, 0, 0, 0, 0, 0, 0, 0, 0, 0, 0, 0, 0, 0, 0, 0, 0, 0, 579.1, 579.1, 24, 579.1, 579.1, 579.1, 0, 
영흥태양광, 2, 2025-08-09 00:00:00, 0, 0, 0, 0, 0, 0, 0, 4.821, 77.137, 134.025, 122.455, 136.918, 112.813, 85.815, 104.135, 134.025, 131.133, 43.389, 42.425, 0, 0, 0, 0, 0, 1129.091, 47, 136.91, 4.82, 136.918, 0, 
탑선태양광, 1, 2025-08-09 00:00:00, 0, 0, 0, 0, 0, 0, 0, 0, 0, 0, 0, 0, 0, 0, 0, 0, 0, 0, 0, 0, 0, 0, 0, 945, 945, 39, 945, 945, 945, 0, 
탑선태양광, 3, 2025-08-09 00:00:00, 0, 0, 0, 0, 0, 0, 0, 0, 0, 0, 0, 0, 0, 0, 0, 0, 0, 0, 0, 0, 0, 0, 0, 436, 436, 18, 436, 436, 436, 0, 
경상대태양광, 1, 2025-08-09 00:00:00, 0, 0, 0, 0, 0, 0, 6.192, 51.408, 117.864, 208.008, 244.08, 179.352, 162.144, 110.664, 71.064, 37.8, 22.752, 9.936, 0, 0, 0, 0, 0, 0, 1221.264, 51, 244.08, 6.192, 244.08, 0, 
고흥만 수상태양광, 1, 2025-08-09 00:00:00, 0, 0, 0, 0, 0, 0, 1424.052, 2954.448, 6348.72, 5093.676, 5273.856, 2759.904, 2728.824, 1944.432, 1875.468, 1751.736, 2033.472, 1555.848, 112.896, 0, 0, 0, 0, 0, 35857.332, 1494, 6348.72, 112.896, 6348.72, 0, 
영동태양광, 1, 2025-08-08 00:00:00, 0, 0, 0, 0, 0, 0, 11.616, 15.456, 16.608, 16.128, 10.656, 13.728, 528.288, 739.488, 652.032, 396.48, 595.584, 681.6, 677.568, 522.144, 0, 0, 0, 0, 4877.376, 203, 739.48, 10.65, 739.488, 0, 
삼천포태양광#5, 1, 2025-08-08 00:00:00, 0, 0, 0, 0, 0, 0, 52.436, 183.639, 182.175, 504.839, 396.034, 469.424, 302.589, 226.888, 529.601, 1092.499, 2501.233, 2544.605, 2517.038, 1922.756, 0, 0, 0, 0, 13425.756, 559, 2544.6, 52.436, 2544.605, 0, 
삼천포태양광#5, 2, 2025-08-08 00:00:00, 0, 0, 0, 0, 0, 0, 105.769, 280.15, 305.777, 963.492, 567.872, 1154.366, 3009.329, 2616.845, 1523.79, 1874.491, 4005.113, 3282.443, 2612.767, 675.507, 0, 0, 0, 0, 22977.711, 957, 4005.11, 105.76, 4005.113, 0, 
광양항세방태양광, 1, 2025-08-08 00:00:00, 0, 0, 0, 0, 0, 0, 38.4, 348, 794.4, 852, 1048.8, 1089.6, 1384.8, 1336.8, 1365.6, 1238.4, 748.8, 261.6, 62.4, 0, 0, 0, 0, 0, 10569.6, 440, 1384.8, 38.4, 1384.8, 0, 
두산엔진MG태양광, 1, 2025-08-08 00:00:00, 0, 0, 0, 0, 0, 0.12, 2.4, 9.12, 14.58, 25.02, 34.8, 38.1, 31.08, 36.12, 28.32, 23.7, 14.22, 11.7, 2.1, 0.06, 0, 0, 0, 0, 271.44, 11, 38.1, 0.06, 38.1, 0, 
삼천포태양광, 1, 2025-08-08 00:00:00, 0, 0, 0, 0, 0, 0, 0, 0.252, 3.528, 8.82, 8.364, 12.384, 11.808, 9.888, 4.872, 6.252, 7.392, 1.86, 0, 0, 0, 0, 0, 0, 75.42, 3, 12.38, 0.252, 12.384, 0, 
삼천포태양광, 2, 2025-08-08 00:00:00, 0, 0, 0, 0, 0, 0, 15.552, 77.856, 179.616, 352.704, 325.632, 430.08, 402.72, 324.96, 193.824, 214.944, 227.04, 97.728, 15.456, 0, 0, 0, 0, 0, 2858.112, 119, 430.08, 15.456, 430.08, 0, 
삼천포태양광, 3, 2025-08-08 00:00:00, 0, 0, 0, 0, 0, 0, 3.42, 28.908, 70.56, 139.572, 123.156, 164.7, 152.856, 122.508, 68.112, 80.244, 87.012, 32.184, 2.016, 0, 0, 0, 0, 0, 1075.248, 45, 164.7, 2.016, 164.7, 0, 
삼천포태양광, 4, 2025-08-08 00:00:00, 0, 0, 0, 0, 0, 0, 10.308, 82.077, 90.046, 117.435, 102.687, 102.259, 110.929, 98.504, 236.371, 414.303, 1187.58, 1202.509, 1169.536, 471.938, 0, 0, 0, 0, 5396.482, 225, 1202.5, 10.308, 1202.509, 0, 
구미태양광, 1, 2025-08-08 00:00:00, 0, 0, 0, 0, 0, 0, 9.401, 90.756, 192.722, 231.338, 349.719, 424.06, 427.386, 330.845, 419.721, 297.869, 252.744, 109.558, 36.592, 3.399, 0, 0, 0, 0, 3176.11, 132, 427.38, 3.399, 427.386, 0, 
삼천포태양광#6, 1, 2025-08-08 00:00:00, 0, 0, 0, 0, 0, 0, 6.991, 54.958, 74.291, 267.163, 156.727, 68.023, 80.457, 69.22, 72.318, 220.347, 535.442, 625.308, 618.283, 211.456, 0, 0, 0, 0, 3060.984, 128, 625.3, 6.991, 625.308, 0, 
영흥태양광#5, 1, 2025-08-08 00:00:00, 0, 0, 0, 0, 0, 2.411, 98.832, 494.158, 1084.737, 1605.411, 1390.874, 2188.758, 1945.295, 1542.737, 1901.905, 1371.589, 761.726, 482.105, 231.411, 0, 0, 0, 0, 0, 15101.949, 629, 2188.75, 2.411, 2188.758, 0, 
영흥태양광 #3, 1, 2025-08-08 00:00:00, 0, 0, 0, 0, 0, 1.44, 62.64, 348.96, 741.84, 1058.64, 921.12, 1385.52, 1242.96, 1023.12, 1247.52, 916.8, 543.6, 334.32, 148.08, 0.72, 0, 0, 0, 0, 9977.28, 416, 1385.52, 0.72, 1385.52, 0, 
영흥태양광 #3, 2, 2025-08-08 00:00:00, 0, 0, 0, 0, 0, 0.192, 16.704, 132.672, 301.44, 453.408, 394.272, 639.168, 567.072, 441.696, 546.624, 397.92, 225.6, 133.152, 60.384, 0, 0, 0, 0, 0, 4310.304, 180, 639.16, 0.192, 639.168, 0, 
영흥태양광 #3, 3, 2025-08-08 00:00:00, 0, 0, 0, 0, 0, 1.32, 24.84, 149.88, 372.24, 474.84, 436.56, 752.64, 669, 532.56, 677.4, 470.4, 278.28, 168.48, 76.08, 0.24, 0, 0, 0, 0, 5084.76, 212, 752.64, 0.24, 752.64, 0, 
영흥태양광, 1, 2025-08-08 00:00:00, 0, 0, 0, 0, 0, 0, 3.187, 88.243, 253.133, 336.23, 330.317, 533.99, 489.523, 401.318, 509.952, 358.464, 209.894, 131.366, 54.682, 0, 0, 0, 0, 0, 3700.299, 154, 533.99, 3.187, 533.99, 0, 
예천태양광, 1, 2025-08-08 00:00:00, 0, 0, 0, 0, 0, 0, 0, 0, 0, 0, 0, 0, 0, 0, 0, 0, 0, 0, 0, 0, 0, 0, 0, 0, 0, 0, 0, 0, 0, 0, 
여수태양광, 1, 2025-08-08 00:00:00, 0, 0, 0, 0, 0, 0, 0, 0, 0, 0, 0, 0, 0, 0, 0, 0, 0, 0, 0, 0, 0, 0, 0, 597.4, 597.4, 25, 597.4, 597.4, 597.4, 0, 
영흥태양광, 2, 2025-08-08 00:00:00, 0, 0, 0, 0, 0, 0, 3.857, 100.278, 253.587, 383.756, 336.509, 525.495, 473.427, 375.078, 466.678, 341.331, 187.057, 122.455, 52.067, 0, 0, 0, 0, 0, 3621.575, 151, 525.49, 3.85, 525.495, 0, 
탑선태양광, 1, 2025-08-08 00:00:00, 0, 0, 0, 0, 0, 0, 0, 0, 0, 0, 0, 0, 0, 0, 0, 0, 0, 0, 0, 0, 0, 0, 0, 945, 945, 39, 945, 945, 945, 0, 
탑선태양광, 3, 2025-08-08 00:00:00, 0, 0, 0, 0, 0, 0, 0, 0, 0, 0, 0, 0, 0, 0, 0, 0, 0, 0, 0, 0, 0, 0, 0, 436, 436, 18, 436, 436, 436, 0, 
경상대태양광, 1, 2025-08-08 00:00:00, 0, 0, 0, 0, 0, 0, 23.472, 68.112, 165.168, 374.616, 464.4, 322.272, 284.976, 390.456, 291.672, 303.336, 136.152, 86.616, 25.704, 0, 0, 0, 0, 0, 2936.952, 122, 464.4, 23.472, 464.4, 0, 
고흥만 수상태양광, 1, 2025-08-08 00:00:00, 0, 0, 0, 0, 0, 0, 2461.788, 12742.968, 15646.848, 28663.236, 38385.564, 35434.812, 34711.824, 38462.004, 29307.852, 36909.936, 15778.812, 6000.792, 1037.316, 42.504, 0, 0, 0, 0, 295586.256, 12316, 38462, 42.5, 38462.004, 0, 
영동태양광, 1, 2025-08-07 00:00:00, 0, 0, 0, 0, 0, 0, 10.752, 15.456, 16.224, 17.952, 15.648, 16.224, 16.032, 216.096, 504.384, 434.496, 586.272, 686.976, 681.408, 663.168, 0, 0, 0, 0, 3881.088, 162, 686.97, 10.752, 686.976, 0, 
삼천포태양광#5, 1, 2025-08-07 00:00:00, 0, 0, 0, 0, 0, 0, 104.682, 188.817, 198.638, 252.892, 275.507, 249.332, 357.227, 1851.213, 1571.326, 1300.481, 2476.88, 2548.058, 2486.912, 1914.837, 0, 0, 0, 0, 15776.802, 657, 2548.05, 104.68, 2548.058, 0, 
삼천포태양광#5, 2, 2025-08-07 00:00:00, 0, 0, 0, 0, 0, 0, 194.619, 285.837, 321.86, 666.006, 734.686, 1055.494, 3754.217, 4522.899, 2626.856, 2190.895, 3952.414, 3593.978, 2725.014, 383.517, 0, 0, 0, 0, 27008.292, 1125, 4522.89, 194.61, 4522.899, 0, 
광양항세방태양광, 1, 2025-08-07 00:00:00, 0, 0, 0, 0, 0, 2.4, 117.6, 367.2, 804, 724.8, 1065.6, 1154.4, 1387.2, 1569.6, 1418.4, 1149.6, 739.2, 660, 134.4, 4.8, 0, 0, 0, 0, 11299.2, 471, 1569.6, 2.4, 1569.6, 0, 
두산엔진MG태양광, 1, 2025-08-07 00:00:00, 0, 0, 0, 0, 0, 0.06, 1.74, 4.74, 10.44, 21.9, 33.24, 29.34, 35.64, 35.1, 26.22, 38.64, 30.06, 23.88, 7.5, 0.24, 0, 0, 0, 0, 298.74, 12, 38.64, 0.06, 38.64, 0, 
삼천포태양광, 1, 2025-08-07 00:00:00, 0, 0, 0, 0, 0, 0, 0, 0.804, 4.38, 8.22, 10.032, 11.724, 13.716, 16.248, 10.092, 8.04, 5.472, 3.696, 0.108, 0, 0, 0, 0, 0, 92.532, 4, 16.24, 0.108, 16.248, 0, 
삼천포태양광, 2, 2025-08-07 00:00:00, 0, 0, 0, 0, 0, 0, 27.744, 75.456, 262.08, 361.824, 364.704, 397.152, 460.512, 549.024, 325.344, 263.424, 186.528, 132.288, 31.296, 0.96, 0, 0, 0, 0, 3438.336, 143, 549.02, 0.96, 549.024, 0, 
삼천포태양광, 3, 2025-08-07 00:00:00, 0, 0, 0, 0, 0, 0, 3.924, 22.5, 106.056, 139.212, 138.42, 153.324, 176.976, 210.096, 122.94, 97.128, 64.44, 44.748, 3.42, 0, 0, 0, 0, 0, 1283.184, 53, 210.09, 3.42, 210.096, 0, 
삼천포태양광, 4, 2025-08-07 00:00:00, 0, 0, 0, 0, 0, 0, 27.304, 79.065, 95.533, 98.457, 94.913, 88.521, 113.991, 518.426, 621.37, 511.79, 1191.521, 1200.278, 1186.688, 459.502, 0, 0, 0, 0, 6287.359, 262, 1200.27, 27.304, 1200.278, 0, 
구미태양광, 1, 2025-08-07 00:00:00, 0, 0, 0, 0, 0, 0, 8.895, 60.456, 206.317, 221.865, 201.327, 189.323, 260.409, 278.922, 216.08, 254.479, 259.397, 46.644, 41.799, 2.748, 0, 0, 0, 0, 2248.661, 94, 278.92, 2.748, 278.922, 0, 
삼천포태양광#6, 1, 2025-08-07 00:00:00, 0, 0, 0, 0, 0, 0, 5.307, 40.217, 68.008, 66.973, 63.22, 52.462, 71.446, 74.254, 365.376, 327.034, 553.281, 619.262, 619.475, 477.039, 0, 0, 0, 0, 3403.354, 142, 619.47, 5.307, 619.475, 0, 
영흥태양광#5, 1, 2025-08-07 00:00:00, 0, 0, 0, 0, 0, 0, 31.337, 284.442, 674.947, 1769.326, 2270.716, 2552.747, 2564.8, 2666.042, 2441.863, 2075.463, 1477.653, 691.821, 204.895, 7.232, 0, 0, 0, 0, 19713.284, 821, 2666.04, 7.232, 2666.042, 0, 
영흥태양광 #3, 1, 2025-08-07 00:00:00, 0, 0, 0, 0, 0, 0, 32.88, 216.96, 528.72, 1215.6, 1435.44, 1539.6, 1527.12, 1518.48, 1447.92, 1274.88, 978.96, 428.4, 125.28, 3.36, 0, 0, 0, 0, 12273.6, 511, 1539.6, 3.36, 1539.6, 0, 
영흥태양광 #3, 2, 2025-08-07 00:00:00, 0, 0, 0, 0, 0, 0, 3.552, 79.008, 183.072, 547.968, 676.608, 753.408, 788.16, 772.32, 710.304, 599.328, 426.144, 208.128, 55.68, 0.288, 0, 0, 0, 0, 5803.968, 242, 788.16, 0.288, 788.16, 0, 
영흥태양광 #3, 3, 2025-08-07 00:00:00, 0, 0, 0, 0, 0, 0, 15.48, 90.6, 224.28, 650.88, 816.84, 882.84, 890.52, 869.64, 819.72, 698.4, 502.8, 242.64, 71.4, 1.68, 0, 0, 0, 0, 6777.72, 282, 890.52, 1.68, 890.52, 0, 
영흥태양광, 1, 2025-08-07 00:00:00, 0, 0, 0, 0, 0, 0, 6.451, 55.757, 144.115, 400.243, 478.541, 642.778, 662.784, 660.979, 613.709, 514.214, 371.021, 173.76, 50.765, 0.691, 0, 0, 0, 0, 4775.808, 199, 662.78, 0.691, 662.784, 0, 
예천태양광, 1, 2025-08-07 00:00:00, 0, 0, 0, 0, 0, 0, 0, 0, 0, 0, 0, 0, 0, 0, 0, 0, 0, 0, 0, 0, 0, 0, 0, 0, 0, 0, 0, 0, 0, 0, 
여수태양광, 1, 2025-08-07 00:00:00, 0, 0, 0, 0, 0, 0, 0, 0, 0, 0, 0, 0, 0, 0, 0, 0, 0, 0, 0, 0, 0, 0, 0, 611.3, 611.3, 25, 611.3, 611.3, 611.3, 0, 
영흥태양광, 2, 2025-08-07 00:00:00, 0, 0, 0, 0, 0, 0, 0.964, 47.246, 170.665, 416.539, 555.385, 623.844, 642.164, 627.701, 577.562, 487.891, 343.259, 159.095, 45.318, 0, 0, 0, 0, 0, 4697.633, 196, 642.16, 0.96, 642.164, 0, 
탑선태양광, 1, 2025-08-07 00:00:00, 0, 0, 0, 0, 0, 0, 0, 0, 0, 0, 0, 0, 0, 0, 0, 0, 0, 0, 0, 0, 0, 0, 0, 945, 945, 39, 945, 945, 945, 0, 
탑선태양광, 3, 2025-08-07 00:00:00, 0, 0, 0, 0, 0, 0, 0, 0, 0, 0, 0, 0, 0, 0, 0, 0, 0, 0, 0, 0, 0, 0, 0, 436, 436, 18, 436, 436, 436, 0, 
경상대태양광, 1, 2025-08-07 00:00:00, 0, 0, 0, 0, 0, 0, 11.376, 88.848, 211.752, 346.392, 286.2, 418.32, 347.184, 382.824, 319.176, 311.832, 268.848, 164.52, 49.176, 1.8, 0, 0, 0, 0, 3208.248, 134, 418.32, 1.8, 418.32, 0, 
고흥만 수상태양광, 1, 2025-08-07 00:00:00, 0, 0, 0, 0, 0, 0, 1364.916, 5041.428, 22196.496, 27047.58, 26642.364, 29062.404, 34075.944, 33312.972, 27874.644, 27751.752, 12938.268, 11782.848, 3616.704, 267.204, 0, 0, 0, 0, 262975.524, 10957, 34075.94, 267.2, 34075.944, 0, 
영동태양광, 1, 2025-08-06 00:00:00, 0, 0, 0, 0, 0, 0, 0, 4.704, 12.768, 15.072, 14.88, 12.768, 11.52, 8.928, 11.04, 12.768, 171.936, 0.672, 5.568, 0.576, 0, 0, 0, 0, 283.2, 12, 171.93, 0.576, 171.936, 0, 
삼천포태양광#5, 1, 2025-08-06 00:00:00, 0, 0, 0, 0, 0, 0, 86.245, 183.966, 190.943, 207.809, 310.134, 231.009, 215.479, 277.647, 315.723, 888.696, 2532.384, 2438.666, 125.26, 0, 0, 0, 0, 0, 8003.961, 333, 2532.38, 86.245, 2532.384, 0, 
삼천포태양광#5, 2, 2025-08-06 00:00:00, 0, 0, 0, 0, 0, 0, 166.233, 280.265, 285.561, 306.36, 484.962, 323.461, 301.899, 376.642, 555.966, 1513.934, 3627.97, 3423.464, 2210.655, 0, 0, 0, 0, 0, 13857.372, 577, 3627.97, 166.233, 3627.97, 0, 
광양항세방태양광, 1, 2025-08-06 00:00:00, 0, 0, 0, 0, 0, 0, 57.6, 163.2, 283.2, 436.8, 720, 912, 463.2, 734.4, 1053.6, 811.2, 554.4, 398.4, 139.2, 0, 0, 0, 0, 0, 6727.2, 280, 1053.6, 57.6, 1053.6, 0, 
두산엔진MG태양광, 1, 2025-08-06 00:00:00, 0, 0, 0, 0, 0, 0.06, 3.6, 6.06, 14.76, 15.42, 28.26, 28.02, 15.72, 11.28, 12.18, 13.68, 8.34, 7.92, 1.92, 0.12, 0, 0, 0, 0, 167.34, 7, 28.26, 0.06, 28.26, 0, 
삼천포태양광, 1, 2025-08-06 00:00:00, 0, 0, 0, 0, 0, 0, 0, 0.396, 1.848, 3.804, 7.092, 4.428, 4.272, 5.628, 7.188, 6.252, 3.924, 2.136, 0.072, 0, 0, 0, 0, 0, 47.04, 2, 7.18, 0.072, 7.188, 0, 
삼천포태양광, 2, 2025-08-06 00:00:00, 0, 0, 0, 0, 0, 0.48, 22.272, 81.504, 100.704, 166.752, 274.752, 173.664, 171.36, 202.176, 258.912, 196.992, 159.36, 104.544, 34.656, 0, 0, 0, 0, 0, 1948.128, 81, 274.75, 0.48, 274.752, 0, 
삼천포태양광, 3, 2025-08-06 00:00:00, 0, 0, 0, 0, 0, 0, 2.34, 25.812, 32.904, 63.756, 99.252, 57.456, 59.724, 77.436, 92.808, 70.308, 53.856, 31.896, 6.372, 0, 0, 0, 0, 0, 673.92, 28, 99.25, 2.34, 99.252, 0, 
삼천포태양광, 4, 2025-08-06 00:00:00, 0, 0, 0, 0, 0, 0, 14.019, 78.187, 91.654, 92.029, 98.87, 104.393, 92.796, 93.348, 99.682, 309.842, 1192.302, 635.612, 29.086, 0, 0, 0, 0, 0, 2931.82, 122, 1192.3, 14.019, 1192.302, 0, 
구미태양광, 1, 2025-08-06 00:00:00, 0, 0, 0, 0, 0, 0, 2.314, 40.135, 81.934, 208.559, 130.819, 361.073, 298.592, 415.671, 155.334, 205.666, 72.605, 52.501, 20.248, 0, 0, 0, 0, 0, 2045.451, 85, 415.67, 2.314, 415.671, 0, 
삼천포태양광#6, 1, 2025-08-06 00:00:00, 0, 0, 0, 0, 0, 0, 9.974, 55.829, 62.851, 66.866, 63.634, 71.769, 63.618, 64.923, 62.109, 123.535, 531.36, 221.027, 16.007, 0, 0, 0, 0, 0, 1413.502, 59, 531.36, 9.974, 531.36, 0, 
영흥태양광#5, 1, 2025-08-06 00:00:00, 0, 0, 0, 0, 0, 0, 0, 0, 0, 0, 0, 602.632, 807.526, 306.137, 171.147, 289.263, 361.579, 359.168, 226.589, 28.926, 0, 0, 0, 0, 3152.967, 131, 807.52, 28.926, 807.526, 0, 
영흥태양광 #3, 1, 2025-08-06 00:00:00, 0, 0, 0, 0, 0, 0, 25.92, 161.52, 324.96, 385.2, 446.88, 570.48, 540.96, 207.6, 127.68, 194.4, 247.2, 239.76, 148.32, 16.32, 0, 0, 0, 0, 3637.2, 152, 570.48, 16.32, 570.48, 0, 
영흥태양광 #3, 2, 2025-08-06 00:00:00, 0, 0, 0, 0, 0, 0, 7.104, 62.4, 148.896, 167.424, 176.736, 216.096, 227.136, 85.536, 42.336, 78.24, 95.808, 97.536, 59.712, 4.416, 0, 0, 0, 0, 1469.376, 61, 227.13, 4.416, 227.136, 0, 
영흥태양광 #3, 3, 2025-08-06 00:00:00, 0, 0, 0, 0, 0, 0, 11.52, 72.6, 141.84, 221.4, 235.8, 305.88, 267.12, 101.28, 68.16, 91.08, 119.04, 126.84, 74.88, 7.92, 0, 0, 0, 0, 1845.36, 77, 305.88, 7.92, 305.88, 0, 
영흥태양광, 1, 2025-08-06 00:00:00, 0, 0, 0, 0, 0, 0, 0.538, 8.448, 84.864, 188.736, 230.438, 249.293, 184.512, 59.712, 16.55, 57.677, 92.006, 97.766, 53.99, 5.261, 0, 0, 0, 0, 1329.791, 55, 249.29, 0.538, 249.293, 0, 
예천태양광, 1, 2025-08-06 00:00:00, 0, 0, 0, 0, 0, 0, 0, 0, 0, 0, 0, 0, 0, 0, 0, 0, 0, 0, 0, 0, 0, 0, 0, 0, 0, 0, 0, 0, 0, 0, 
여수태양광, 1, 2025-08-06 00:00:00, 0, 0, 0, 0, 0, 0, 0, 0, 0, 0, 0, 0, 0, 0, 0, 0, 0, 0, 0, 0, 0, 0, 0, 621.1, 621.1, 26, 621.1, 621.1, 621.1, 0, 
영흥태양광, 2, 2025-08-06 00:00:00, 0, 0, 0, 0, 0, 0, 0, 27.962, 117.634, 134.025, 161.023, 210.198, 193.806, 72.316, 41.461, 66.531, 86.779, 85.815, 52.067, 3.857, 0, 0, 0, 0, 1253.474, 52, 210.19, 3.85, 210.198, 0, 
탑선태양광, 1, 2025-08-06 00:00:00, 0, 0, 0, 0, 0, 0, 0, 0, 0, 0, 0, 0, 0, 0, 0, 0, 0, 0, 0, 0, 0, 0, 0, 945, 945, 39, 945, 945, 945, 0, 
탑선태양광, 3, 2025-08-06 00:00:00, 0, 0, 0, 0, 0, 0, 0, 0, 0, 0, 0, 0, 0, 0, 0, 0, 0, 0, 0, 0, 0, 0, 0, 436, 436, 18, 436, 436, 436, 0, 
경상대태양광, 1, 2025-08-06 00:00:00, 0, 0, 0, 0, 0, 0, 8.28, 40.968, 97.632, 82.44, 259.056, 173.088, 147.24, 204.552, 225.144, 208.224, 144.504, 49.824, 8.496, 0.216, 0, 0, 0, 0, 1649.664, 69, 259.05, 0.21, 259.056, 0, 
고흥만 수상태양광, 1, 2025-08-06 00:00:00, 0, 0, 0, 0, 0, 0, 1576.848, 5646.648, 5745.348, 11122.524, 19322.1, 13121.388, 29571.192, 34272.504, 16905.42, 18884.292, 20970.432, 10966.032, 1097.796, 0, 0, 0, 0, 0, 189202.524, 7883, 34272.5, 1097.79, 34272.504, 0, 
영동태양광, 1, 2025-08-05 00:00:00, 0, 0, 0, 0, 0, 0, 8.832, 8.928, 9.792, 10.848, 11.232, 14.88, 460.32, 768.768, 727.296, 632.064, 631.584, 683.712, 678.432, 672.96, 39.84, 0, 0, 0, 5359.488, 223, 768.76, 8.83, 768.768, 0, 
삼천포태양광#5, 1, 2025-08-05 00:00:00, 0, 0, 0, 0, 0, 0, 80.19, 122.005, 76.813, 179.125, 139.949, 69.689, 221.471, 322.256, 541.449, 1875.048, 2518.255, 2532.619, 1668.369, 1.792, 0, 0, 0, 0, 10349.03, 431, 2532.61, 1.792, 2532.619, 0, 
삼천포태양광#5, 2, 2025-08-05 00:00:00, 0, 0, 0, 0, 0, 0, 154.21, 210.826, 133.02, 277.234, 229.695, 123.171, 493.476, 1239.195, 1559.993, 3173.25, 4235.959, 3591.135, 1998.865, 3.584, 0, 0, 0, 0, 17423.613, 726, 4235.95, 3.584, 4235.959, 0, 
광양항세방태양광, 1, 2025-08-05 00:00:00, 0, 0, 0, 0, 0, 0, 72, 290.4, 532.8, 722.4, 621.6, 775.2, 1627.2, 381.6, 614.4, 1341.6, 1005.6, 304.8, 156, 2.4, 0, 0, 0, 0, 8448, 352, 1627.2, 2.4, 1627.2, 0, 
두산엔진MG태양광, 1, 2025-08-05 00:00:00, 0, 0, 0, 0, 0, 0.06, 2.46, 7.62, 13.38, 12.42, 26.82, 13.32, 8.82, 22.68, 28.44, 20.22, 6.24, 9.66, 1.2, 0.12, 0, 0, 0, 0, 173.46, 7, 28.44, 0.06, 28.44, 0, 
삼천포태양광, 1, 2025-08-05 00:00:00, 0, 0, 0, 0, 0, 0, 0, 0.348, 0.024, 0.84, 0.18, 0.384, 7.548, 13.272, 14.688, 11.856, 9.108, 3.9, 0.468, 0, 0, 0, 0, 0, 62.616, 3, 14.68, 0.024, 14.688, 0, 
삼천포태양광, 2, 2025-08-05 00:00:00, 0, 0, 0, 0, 0, 0, 20.736, 41.088, 19.968, 67.104, 44.928, 31.488, 248.928, 441.984, 500.256, 366.624, 279.936, 146.4, 56.352, 2.016, 0, 0, 0, 0, 2267.808, 94, 500.25, 2.016, 500.256, 0, 
삼천포태양광, 3, 2025-08-05 00:00:00, 0, 0, 0, 0, 0, 0, 1.296, 7.92, 3.6, 17.532, 10.368, 7.128, 96.696, 166.428, 192.996, 137.88, 104.724, 50.4, 11.988, 0, 0, 0, 0, 0, 808.956, 34, 192.99, 1.296, 192.996, 0, 
삼천포태양광, 4, 2025-08-05 00:00:00, 0, 0, 0, 0, 0, 0, 21.342, 39.033, 23.918, 80.954, 50.326, 22.456, 94.009, 97.756, 118.336, 757.031, 1194.153, 1204.913, 269.333, 0, 0, 0, 0, 0, 3973.56, 166, 1204.91, 21.342, 1204.913, 0, 
구미태양광, 1, 2025-08-05 00:00:00, 0, 0, 0, 0, 0, 0, 16.199, 83.597, 151.068, 287.961, 438.161, 348.634, 297.652, 242.403, 333.448, 292.662, 222.443, 100.23, 35.796, 1.736, 0, 0, 0, 0, 2851.99, 119, 438.16, 1.736, 438.161, 0, 
삼천포태양광#6, 1, 2025-08-05 00:00:00, 0, 0, 0, 0, 0, 0, 7.402, 38.391, 9.793, 58.303, 23.382, 7.563, 67.891, 62.288, 57.856, 259.191, 558.257, 621.933, 158.097, 0, 0, 0, 0, 0, 1930.347, 80, 621.93, 7.4, 621.933, 0, 
영흥태양광#5, 1, 2025-08-05 00:00:00, 0, 0, 0, 0, 0, 0, 67.495, 450.768, 1159.463, 1812.716, 2222.505, 2509.358, 2615.421, 2545.516, 1533.095, 0, 0, 0, 0, 0, 0, 0, 0, 0, 14916.337, 622, 2615.42, 67.495, 2615.421, 0, 
영흥태양광 #3, 1, 2025-08-05 00:00:00, 0, 0, 0, 0, 0, 0, 41.04, 262.32, 806.16, 1167.36, 1375.2, 1506.24, 1534.56, 1512, 1375.44, 1210.32, 827.04, 408.72, 153.12, 9.84, 0, 0, 0, 0, 12189.36, 508, 1534.56, 9.84, 1534.56, 0, 
영흥태양광 #3, 2, 2025-08-05 00:00:00, 0, 0, 0, 0, 0, 0, 9.504, 128.256, 334.368, 514.848, 631.968, 704.352, 733.44, 719.712, 644.832, 557.664, 354.72, 180.672, 62.4, 1.344, 0, 0, 0, 0, 5578.08, 232, 733.44, 1.344, 733.44, 0, 
영흥태양광 #3, 3, 2025-08-05 00:00:00, 0, 0, 0, 0, 0, 0, 16.68, 133.8, 402.72, 612.12, 756.6, 836.76, 862.08, 840.12, 757.8, 663.48, 429.96, 211.8, 77.64, 4.2, 0, 0, 0, 0, 6605.76, 275, 862.08, 4.2, 862.08, 0, 
영흥태양광, 1, 2025-08-05 00:00:00, 0, 0, 0, 0, 0, 0, 2.458, 89.779, 252.787, 419.674, 541.862, 613.133, 640.781, 631.488, 566.899, 496.051, 324.173, 148.992, 56.026, 2.918, 0, 0, 0, 0, 4787.021, 199, 640.78, 2.458, 640.781, 0, 
예천태양광, 1, 2025-08-05 00:00:00, 0, 0, 0, 0, 0, 0, 50.58, 338.58, 478.98, 400.14, 1000.98, 1284.48, 1218.96, 1134, 1222.2, 948.06, 514.44, 334.8, 48.6, 0.36, 0, 0, 0, 0, 8975.16, 374, 1284.48, 0.36, 1284.48, 0, 
여수태양광, 1, 2025-08-05 00:00:00, 0, 0, 0, 0, 0, 0, 0, 0, 0, 0, 0, 0, 0, 0, 0, 0, 0, 0, 0, 0, 0, 0, 0, 101.55, 101.55, 4, 101.55, 101.55, 101.55, 0, 
영흥태양광, 2, 2025-08-05 00:00:00, 0, 0, 0, 0, 0, 0, 1.928, 91.6, 269.015, 430.038, 526.459, 582.383, 610.345, 603.596, 538.029, 465.714, 297.941, 147.524, 52.067, 1.928, 0, 0, 0, 0, 4618.567, 192, 610.34, 1.92, 610.345, 0, 
탑선태양광, 1, 2025-08-05 00:00:00, 0, 0, 0, 0, 0, 0, 0, 0, 0, 0, 0, 0, 0, 0, 0, 0, 0, 0, 0, 0, 0, 0, 0, 945, 945, 39, 945, 945, 945, 0, 
탑선태양광, 3, 2025-08-05 00:00:00, 0, 0, 0, 0, 0, 0, 0, 0, 0, 0, 0, 0, 0, 0, 0, 0, 0, 0, 0, 0, 0, 0, 0, 436, 436, 18, 436, 436, 436, 0, 
경상대태양광, 1, 2025-08-05 00:00:00, 0, 0, 0, 0, 0, 0, 4.104, 76.032, 218.16, 343.08, 458.208, 158.976, 385.848, 414.72, 215.352, 321.984, 364.608, 53.352, 38.448, 2.304, 0, 0, 0, 0, 3055.176, 127, 458.2, 2.3, 458.208, 0, 
고흥만 수상태양광, 1, 2025-08-05 00:00:00, 0, 0, 0, 0, 0, 2.52, 711.648, 5984.58, 7649.628, 12539.268, 16244.592, 30327.528, 32520.348, 40394.004, 35188.776, 34410.264, 26403.384, 15273.72, 4154.724, 86.688, 0, 0, 0, 0, 261891.672, 10912, 40394, 2.52, 40394.004, 0, 
영동태양광, 1, 2025-08-04 00:00:00, 0, 0, 0, 0, 0, 0, 0.864, 15.936, 16.704, 16.896, 16.896, 19.392, 17.472, 15.744, 24.576, 141.792, 533.472, 673.824, 672.48, 436.896, 0, 0, 0, 0, 2602.944, 108, 673.82, 0.864, 673.824, 0, 
삼천포태양광#5, 1, 2025-08-04 00:00:00, 0, 0, 0, 0, 0, 0, 26.679, 187.669, 191.87, 193.03, 192.119, 195.849, 213.752, 308.291, 322.005, 1802.725, 2528.077, 2531.193, 2295.612, 0, 0, 0, 0, 0, 10988.871, 458, 2531.19, 26.679, 2531.193, 0, 
삼천포태양광#5, 2, 2025-08-04 00:00:00, 0, 0, 0, 0, 0, 0, 41.829, 285.841, 285.71, 285.566, 287.442, 285.614, 275.796, 362.831, 317.075, 2991.251, 4283.22, 3692.069, 2263.398, 0.158, 0, 0, 0, 0, 15657.8, 652, 4283.22, 0.158, 4283.22, 0, 
광양항세방태양광, 1, 2025-08-04 00:00:00, 0, 0, 0, 0, 0, 0, 7.2, 276, 376.8, 698.4, 734.4, 1377.6, 1332, 1598.4, 1176, 1012.8, 597.6, 525.6, 170.4, 4.8, 0, 0, 0, 0, 9888, 412, 1598.4, 4.8, 1598.4, 0, 
두산엔진MG태양광, 1, 2025-08-04 00:00:00, 0, 0, 0, 0, 0, 0, 0.66, 4.86, 13.62, 19.38, 32.58, 23.64, 23.7, 18.84, 15.72, 13.2, 10.62, 14.16, 4.8, 0.78, 0, 0, 0, 0, 196.56, 8, 32.58, 0.66, 32.58, 0, 
삼천포태양광, 1, 2025-08-04 00:00:00, 0, 0, 0, 0, 0, 0, 0, 0.732, 4.008, 2.484, 5.52, 5.58, 7.104, 10.092, 10.08, 12.528, 11.028, 3.852, 0.216, 0, 0, 0, 0, 0, 73.224, 3, 12.52, 0.216, 12.528, 0, 
삼천포태양광, 2, 2025-08-04 00:00:00, 0, 0, 0, 0, 0, 0, 8.64, 86.208, 173.184, 128.736, 212.544, 180.96, 241.728, 284.928, 355.2, 364.704, 359.04, 146.112, 40.128, 1.44, 0, 0, 0, 0, 2583.552, 108, 364.7, 1.44, 364.704, 0, 
삼천포태양광, 3, 2025-08-04 00:00:00, 0, 0, 0, 0, 0, 0, 0.36, 26.1, 59.148, 40.5, 74.196, 59.868, 84.384, 98.316, 133.56, 131.688, 132.948, 47.052, 6.804, 0, 0, 0, 0, 0, 894.924, 37, 133.56, 0.36, 133.56, 0, 
삼천포태양광, 4, 2025-08-04 00:00:00, 0, 0, 0, 0, 0, 0, 5.534, 86.094, 88.247, 92.019, 94.794, 94.789, 91.676, 101, 98.253, 748.387, 1190.491, 1191.77, 411.524, 0, 0, 0, 0, 0, 4294.578, 179, 1191.77, 5.534, 1191.77, 0, 
구미태양광, 1, 2025-08-04 00:00:00, 0, 0, 0, 0, 0, 0, 3.11, 67.181, 195.036, 273.281, 242.836, 418.781, 293.024, 163.217, 112.74, 245.801, 98.205, 141.377, 71.014, 10.124, 0, 0, 0, 0, 2335.727, 97, 418.78, 3.11, 418.781, 0, 
삼천포태양광#6, 1, 2025-08-04 00:00:00, 0, 0, 0, 0, 0, 0, 0.494, 59.589, 68.598, 66.162, 64.606, 65.283, 61.824, 64.07, 56.132, 350.293, 594.547, 615.425, 639.322, 23.474, 0, 0, 0, 0, 2729.819, 114, 639.32, 0.49, 639.322, 0, 
영흥태양광#5, 1, 2025-08-04 00:00:00, 0, 0, 0, 0, 0, 0, 53.032, 318.189, 1084.737, 1875.389, 1800.663, 2384.011, 2658.811, 2567.211, 2330.979, 1711.474, 679.768, 380.863, 168.737, 2.411, 0, 0, 0, 0, 18016.275, 751, 2658.81, 2.411, 2658.811, 0, 
영흥태양광 #3, 1, 2025-08-04 00:00:00, 0, 0, 0, 0, 0, 0, 33.36, 223.68, 830.64, 1092.72, 1159.44, 1069.68, 1567.92, 1505.52, 1409.28, 1121.04, 530.88, 258.96, 114.48, 3.12, 0, 0, 0, 0, 10920.72, 455, 1567.92, 3.12, 1567.92, 0, 
영흥태양광 #3, 2, 2025-08-04 00:00:00, 0, 0, 0, 0, 0, 0, 5.664, 76.608, 279.744, 548.544, 482.016, 722.784, 760.8, 752.928, 683.04, 507.072, 205.632, 107.52, 44.64, 0.192, 0, 0, 0, 0, 5177.184, 216, 760.8, 0.192, 760.8, 0, 
영흥태양광 #3, 3, 2025-08-04 00:00:00, 0, 0, 0, 0, 0, 0, 13.08, 97.56, 402, 576.12, 742.32, 861.24, 875.64, 858.48, 794.64, 608.16, 287.76, 129.96, 55.44, 0.96, 0, 0, 0, 0, 6303.36, 263, 875.64, 0.96, 875.64, 0, 
영흥태양광, 1, 2025-08-04 00:00:00, 0, 0, 0, 0, 0, 0, 0, 68.89, 257.472, 419.136, 537.946, 619.776, 648.307, 640.858, 591.821, 468.058, 250.483, 96.806, 38.938, 0.614, 0, 0, 0, 0, 4639.105, 193, 648.3, 0.614, 648.307, 0, 
예천태양광, 1, 2025-08-04 00:00:00, 0, 0, 0, 0, 0, 0, 0, 7.56, 27, 122.22, 149.04, 345.42, 523.98, 769.86, 818.1, 389.34, 567.9, 262.98, 66.42, 0.72, 0, 0, 0, 0, 4050.54, 169, 818.1, 0.72, 818.1, 0, 
여수태양광, 1, 2025-08-04 00:00:00, 0, 0, 0, 0, 0, 0, 0, 0, 0, 0, 0, 0, 0, 0, 0, 0, 0, 0, 0, 0, 0, 0, 0, 152.02, 152.02, 6, 152.02, 152.02, 152.02, 0, 
영흥태양광, 2, 2025-08-04 00:00:00, 0, 0, 0, 0, 0, 0, 0, 50.139, 279.621, 416.539, 470.535, 564.063, 623.844, 607.453, 553.457, 425.217, 186.093, 90.636, 36.64, 0, 0, 0, 0, 0, 4304.237, 179, 623.84, 36.64, 623.844, 0, 
탑선태양광, 1, 2025-08-04 00:00:00, 0, 0, 0, 0, 0, 0, 0, 0, 0, 0, 0, 0, 0, 0, 0, 0, 0, 0, 0, 0, 0, 0, 0, 945, 945, 39, 945, 945, 945, 0, 
탑선태양광, 3, 2025-08-04 00:00:00, 0, 0, 0, 0, 0, 0, 0, 0, 0, 0, 0, 0, 0, 0, 0, 0, 0, 0, 0, 0, 0, 0, 0, 436, 436, 18, 436, 436, 436, 0, 
경상대태양광, 1, 2025-08-04 00:00:00, 0, 0, 0, 0, 0, 0, 0, 60.696, 167.688, 238.176, 362.664, 211.68, 384.408, 426.96, 481.104, 154.512, 288.576, 207.504, 37.368, 0, 0, 0, 0, 0, 3021.336, 126, 481.1, 37.36, 481.104, 0, 
고흥만 수상태양광, 1, 2025-08-04 00:00:00, 0, 0, 0, 0, 0, 0, 1288.056, 7639.128, 9873.192, 15267.588, 26748.792, 43550.724, 46021.668, 46999.932, 42293.916, 37060.212, 27530.244, 15167.544, 5884.452, 181.692, 0, 0, 0, 0, 325507.14, 13563, 46999.93, 181.69, 46999.932, 0, 
영동태양광, 1, 2025-08-03 00:00:00, 0, 0, 0, 0, 0, 0, 10.176, 14.304, 13.92, 14.592, 14.976, 14.88, 14.304, 14.016, 14.592, 133.248, 529.344, 678.144, 630.528, 0, 0, 0, 0, 0, 2097.024, 87, 678.14, 10.176, 678.144, 0, 
삼천포태양광#5, 1, 2025-08-03 00:00:00, 0, 0, 0, 0, 0, 0, 18.075, 145.661, 168.973, 188.101, 192.334, 258.605, 557.21, 380.955, 331.566, 1487.052, 2519.798, 2532.368, 2157.421, 0, 0, 0, 0, 0, 10938.119, 456, 2532.36, 18.07, 2532.368, 0, 
삼천포태양광#5, 2, 2025-08-03 00:00:00, 0, 0, 0, 0, 0, 0, 41.358, 241.169, 268.729, 283.514, 285.948, 285.916, 742.005, 525.928, 537.28, 2475.942, 4184.452, 4012.032, 3970.242, 603.982, 0, 0, 0, 0, 18458.497, 769, 4184.45, 41.35, 4184.452, 0, 
광양항세방태양광, 1, 2025-08-03 00:00:00, 0, 0, 0, 0, 0, 0, 2.4, 139.2, 458.4, 496.8, 1125.6, 1351.2, 856.8, 741.6, 876, 451.2, 199.2, 112.8, 2.4, 0, 0, 0, 0, 0, 6813.6, 284, 1351.2, 2.4, 1351.2, 0, 
두산엔진MG태양광, 1, 2025-08-03 00:00:00, 0, 0, 0, 0, 0, 0, 2.22, 5.94, 7.98, 12.66, 26.46, 23.34, 35.58, 30.42, 34.5, 23.04, 20.04, 11.04, 2.58, 0.18, 0, 0, 0, 0, 235.98, 10, 35.58, 0.18, 35.58, 0, 
삼천포태양광, 1, 2025-08-03 00:00:00, 0, 0, 0, 0, 0, 0, 0, 0.084, 0.768, 2.568, 6.36, 10.656, 14.448, 11.988, 12.156, 8.316, 1.236, 0.024, 0, 0, 0, 0, 0, 0, 68.604, 3, 14.44, 0.024, 14.448, 0, 
삼천포태양광, 2, 2025-08-03 00:00:00, 0, 0, 0, 0, 0, 0, 7.776, 37.824, 57.312, 127.2, 220.32, 356.64, 515.04, 399.648, 396.672, 298.176, 84.192, 30.048, 13.056, 0, 0, 0, 0, 0, 2543.904, 106, 515.04, 7.776, 515.04, 0, 
삼천포태양광, 3, 2025-08-03 00:00:00, 0, 0, 0, 0, 0, 0, 0, 6.336, 15.984, 43.272, 80.316, 130.716, 194.796, 147.924, 145.944, 107.964, 23.22, 2.916, 0, 0, 0, 0, 0, 0, 899.388, 37, 194.79, 2.916, 194.796, 0, 
삼천포태양광, 4, 2025-08-03 00:00:00, 0, 0, 0, 0, 0, 0, 2.111, 42.392, 66.382, 87.024, 94.9, 93.994, 115.989, 92.424, 85.325, 589.968, 1185.891, 1187.149, 555.511, 0, 0, 0, 0, 0, 4199.06, 175, 1187.14, 2.111, 1187.149, 0, 
구미태양광, 1, 2025-08-03 00:00:00, 0, 0, 0, 0, 0, 0, 6.581, 61.107, 107.027, 78.39, 190.118, 162.349, 225.842, 126.48, 159.89, 94.517, 77.233, 30.083, 4.411, 0, 0, 0, 0, 0, 1324.028, 55, 225.84, 4.41, 225.842, 0, 
삼천포태양광#6, 1, 2025-08-03 00:00:00, 0, 0, 0, 0, 0, 0, 0, 21.129, 48.859, 69.515, 67.402, 64.061, 80.612, 62.957, 50.805, 274.685, 501.963, 616.427, 627.346, 93.499, 0, 0, 0, 0, 2579.26, 107, 627.34, 21.129, 627.346, 0, 
영흥태양광#5, 1, 2025-08-03 00:00:00, 0, 0, 0, 0, 0, 0, 14.463, 175.968, 407.379, 662.895, 771.368, 713.516, 578.526, 438.716, 204.895, 101.242, 65.084, 81.958, 137.4, 12.053, 0, 0, 0, 0, 4365.463, 182, 771.36, 12.053, 771.368, 0, 
영흥태양광 #3, 1, 2025-08-03 00:00:00, 0, 0, 0, 0, 0, 0, 7.44, 110.88, 269.04, 435.84, 487.68, 462.96, 377.52, 290.16, 135.84, 67.68, 42.72, 57.36, 91.44, 8.16, 0, 0, 0, 0, 2844.72, 119, 487.68, 7.44, 487.68, 0, 
영흥태양광 #3, 2, 2025-08-03 00:00:00, 0, 0, 0, 0, 0, 0, 0.576, 42.72, 112.512, 188.448, 218.88, 201.408, 165.504, 121.248, 55.104, 23.808, 6.24, 14.496, 31.584, 0.864, 0, 0, 0, 0, 1183.392, 49, 218.88, 0.576, 218.88, 0, 
영흥태양광 #3, 3, 2025-08-03 00:00:00, 0, 0, 0, 0, 0, 0, 1.8, 54.36, 141.36, 234.12, 253.56, 240.48, 196.68, 150.72, 69, 33.12, 19.56, 27.6, 44.76, 3.24, 0, 0, 0, 0, 1470.36, 61, 253.56, 1.8, 253.56, 0, 
영흥태양광, 1, 2025-08-03 00:00:00, 0, 0, 0, 0, 0, 0, 0, 29.837, 113.05, 188.429, 182.515, 190.694, 140.813, 122.266, 54.835, 24.96, 14.323, 20.083, 37.21, 2.496, 0, 0, 0, 0, 1121.511, 47, 190.69, 2.496, 190.694, 0, 
예천태양광, 1, 2025-08-03 00:00:00, 0, 0, 0, 0, 0, 0, 22.68, 167.76, 252.18, 310.32, 568.44, 478.98, 490.68, 556.2, 691.56, 355.86, 203.58, 39.96, 0, 0, 0, 0, 0, 0, 4138.2, 172, 691.56, 22.68, 691.56, 0, 
여수태양광, 1, 2025-08-03 00:00:00, 0, 0, 0, 0, 0, 0, 0, 0, 0, 0, 0, 0, 0, 0, 0, 0, 0, 0, 0, 0, 0, 0, 0, 117.34, 117.34, 5, 117.34, 117.34, 117.34, 0, 
영흥태양광, 2, 2025-08-03 00:00:00, 0, 0, 0, 0, 0, 0, 0, 3.857, 46.282, 129.204, 181.272, 174.522, 134.989, 107.992, 47.246, 20.248, 10.606, 12.535, 23.141, 0.964, 0, 0, 0, 0, 892.858, 37, 181.27, 0.96, 181.272, 0, 
탑선태양광, 1, 2025-08-03 00:00:00, 0, 0, 0, 0, 0, 0, 0, 0, 0, 0, 0, 0, 0, 0, 0, 0, 0, 0, 0, 0, 0, 0, 0, 945, 945, 39, 945, 945, 945, 0, 
탑선태양광, 3, 2025-08-03 00:00:00, 0, 0, 0, 0, 0, 0, 0, 0, 0, 0, 0, 0, 0, 0, 0, 0, 0, 0, 0, 0, 0, 0, 0, 436, 436, 18, 436, 436, 436, 0, 
경상대태양광, 1, 2025-08-03 00:00:00, 0, 0, 0, 0, 0, 0, 1.872, 31.608, 79.92, 146.16, 230.04, 295.632, 335.952, 300.312, 274.968, 277.92, 137.952, 48.96, 9.288, 0, 0, 0, 0, 0, 2170.584, 90, 335.95, 1.87, 335.952, 0, 
고흥만 수상태양광, 1, 2025-08-03 00:00:00, 0, 0, 0, 0, 0, 0, 833.448, 6294.792, 7772.016, 17380.944, 23869.272, 21049.308, 19750.248, 29785.98, 28425.432, 12765.06, 5868.156, 1846.152, 490.98, 0, 0, 0, 0, 0, 176131.788, 7339, 29785.98, 490.98, 29785.98, 0, 
영동태양광, 1, 2025-08-02 00:00:00, 0, 0, 0, 0, 0, 0, 10.848, 14.592, 14.592, 15.168, 14.688, 15.84, 16.8, 308.064, 661.056, 530.208, 639.84, 684.864, 679.584, 673.056, 177.312, 0, 0, 0, 4456.512, 186, 684.86, 10.848, 684.864, 0, 
삼천포태양광#5, 1, 2025-08-02 00:00:00, 0, 0, 0, 0, 0, 0, 70.571, 189.737, 191.179, 193.916, 192.544, 211.196, 436.472, 2076.881, 2424.676, 2038.065, 2512.597, 2531.429, 2520.516, 1988.882, 0, 0, 0, 0, 17578.661, 732, 2531.42, 70.571, 2531.429, 0, 
삼천포태양광#5, 2, 2025-08-02 00:00:00, 0, 0, 0, 0, 0, 0, 131.661, 286.138, 289.193, 308.893, 292.105, 518.239, 894.821, 4157.843, 4006.319, 3390.969, 4288.396, 4280.815, 3896.443, 2253.206, 0, 0, 0, 0, 28995.041, 1208, 4288.39, 131.66, 4288.396, 0, 
광양항세방태양광, 1, 2025-08-02 00:00:00, 0, 0, 0, 0, 0, 0, 43.2, 259.2, 609.6, 1056, 1372.8, 1605.6, 1639.2, 1308, 1545.6, 1384.8, 746.4, 444, 134.4, 4.8, 0, 0, 0, 0, 12153.6, 506, 1639.2, 4.8, 1639.2, 0, 
두산엔진MG태양광, 1, 2025-08-02 00:00:00, 0, 0, 0, 0, 0, 0.12, 2.82, 6.54, 14.46, 22.02, 36.36, 44.1, 41.34, 31.2, 34.86, 32.52, 43.44, 16.02, 4.08, 0.36, 0, 0, 0, 0, 330.24, 14, 44.1, 0.12, 44.1, 0, 
삼천포태양광, 1, 2025-08-02 00:00:00, 0, 0, 0, 0, 0, 0, 0.012, 1.152, 4.32, 7.596, 11.448, 15.456, 16.512, 16.296, 15.72, 12.936, 7.356, 2.4, 0, 0, 0, 0, 0, 0, 111.204, 5, 16.51, 0.012, 16.512, 0, 
삼천포태양광, 2, 2025-08-02 00:00:00, 0, 0, 0, 0, 0, 0, 22.176, 86.112, 144.864, 182.304, 332.64, 562.272, 584.832, 554.592, 496.992, 395.04, 219.84, 115.296, 17.472, 0.672, 0, 0, 0, 0, 3715.104, 155, 584.83, 0.672, 584.832, 0, 
삼천포태양광, 3, 2025-08-02 00:00:00, 0, 0, 0, 0, 0, 0, 3.024, 27.864, 38.16, 62.136, 131.868, 208.332, 207.288, 202.248, 185.22, 150.876, 83.088, 35.64, 1.116, 0, 0, 0, 0, 0, 1336.86, 56, 208.33, 1.116, 208.332, 0, 
삼천포태양광, 4, 2025-08-02 00:00:00, 0, 0, 0, 0, 0, 0, 13.889, 82.075, 94.161, 95.51, 95.005, 92.961, 100.636, 122.891, 980.118, 819.205, 1189.819, 1193.28, 1165.475, 538.727, 0, 0, 0, 0, 6583.752, 274, 1193.28, 13.889, 1193.28, 0, 
구미태양광, 1, 2025-08-02 00:00:00, 0, 0, 0, 0, 0, 0, 8.099, 68.845, 194.674, 317.466, 393.47, 420.806, 440.042, 444.236, 459.133, 384.72, 254.769, 141.522, 43.462, 5.351, 0, 0, 0, 0, 3576.595, 149, 459.13, 5.35, 459.133, 0, 
삼천포태양광#6, 1, 2025-08-02 00:00:00, 0, 0, 0, 0, 0, 0, 5.471, 59.953, 67.674, 65.897, 63.955, 59.492, 59.071, 223.058, 621.471, 526.136, 571.532, 616.46, 616.022, 458.041, 0, 0, 0, 0, 4014.233, 167, 621.47, 5.471, 621.471, 0, 
영흥태양광#5, 1, 2025-08-02 00:00:00, 0, 0, 0, 0, 0, 0, 74.726, 390.505, 952.158, 1340.253, 2041.716, 1940.474, 2458.737, 2499.716, 2261.074, 1824.768, 1299.274, 691.821, 149.453, 4.821, 0, 0, 0, 0, 17929.496, 747, 2499.71, 4.821, 2499.716, 0, 
영흥태양광 #3, 1, 2025-08-02 00:00:00, 0, 0, 0, 0, 0, 0, 45.12, 226.8, 607.2, 876.24, 1221.12, 1186.56, 1443.84, 1441.68, 1328.16, 1112.4, 876.48, 406.8, 90, 3.12, 0, 0, 0, 0, 10865.52, 453, 1443.84, 3.12, 1443.84, 0, 
영흥태양광 #3, 2, 2025-08-02 00:00:00, 0, 0, 0, 0, 0, 0, 14.304, 107.136, 272.832, 377.184, 590.4, 570.912, 707.424, 714.72, 649.44, 532.608, 388.512, 204.768, 40.32, 0.192, 0, 0, 0, 0, 5170.752, 215, 714.72, 0.192, 714.72, 0, 
영흥태양광 #3, 3, 2025-08-02 00:00:00, 0, 0, 0, 0, 0, 0, 20.4, 109.8, 303.72, 480.36, 636.72, 703.44, 805.44, 831.84, 757.56, 622.08, 471.96, 235.68, 56.16, 1.08, 0, 0, 0, 0, 6036.24, 252, 831.84, 1.08, 831.84, 0, 
영흥태양광, 1, 2025-08-02 00:00:00, 0, 0, 0, 0, 0, 0, 2.189, 69.773, 157.978, 354.893, 476.045, 578.88, 592.742, 628.07, 567.168, 467.136, 352.474, 168.653, 41.28, 0.461, 0, 0, 0, 0, 4457.742, 186, 628.07, 0.461, 628.07, 0, 
예천태양광, 1, 2025-08-02 00:00:00, 0, 0, 0, 0, 0, 0.72, 44.64, 258.84, 690.3, 934.38, 1128.6, 824.58, 609.3, 804.24, 1022.76, 878.04, 658.44, 231.48, 88.02, 1.8, 0, 0, 0, 0, 8176.14, 341, 1128.6, 0.72, 1128.6, 0, 
여수태양광, 1, 2025-08-02 00:00:00, 0, 0, 0, 0, 0, 0, 0, 0, 0, 0, 0, 0, 0, 0, 0, 0, 0, 0, 0, 0, 0, 0, 0, 231.94, 231.94, 10, 231.94, 231.94, 231.94, 0, 
영흥태양광, 2, 2025-08-02 00:00:00, 0, 0, 0, 0, 0, 0, 0.964, 34.712, 215.019, 329.76, 470.535, 453.179, 572.741, 579.491, 526.459, 421.36, 310.476, 157.166, 32.783, 0, 0, 0, 0, 0, 4104.645, 171, 579.49, 0.96, 579.491, 0, 
탑선태양광, 1, 2025-08-02 00:00:00, 0, 0, 0, 0, 0, 0, 0, 0, 0, 0, 0, 0, 0, 0, 0, 0, 0, 0, 0, 0, 0, 0, 0, 945, 945, 39, 945, 945, 945, 0, 
탑선태양광, 3, 2025-08-02 00:00:00, 0, 0, 0, 0, 0, 0, 0, 0, 0, 0, 0, 0, 0, 0, 0, 0, 0, 0, 0, 0, 0, 0, 0, 436, 436, 18, 436, 436, 436, 0, 
경상대태양광, 1, 2025-08-02 00:00:00, 0, 0, 0, 0, 0, 0, 13.176, 63.432, 127.152, 205.272, 404.784, 518.976, 515.088, 387.504, 453.384, 403.92, 268.2, 117.144, 42.408, 0, 0, 0, 0, 0, 3520.44, 147, 518.97, 13.17, 518.976, 0, 
고흥만 수상태양광, 1, 2025-08-02 00:00:00, 0, 0, 0, 0, 0, 10.08, 2757.3, 11452.728, 21536.508, 32247.852, 41766.732, 46614.204, 47658.492, 46114.404, 29988.42, 18251.268, 16289.28, 8122.212, 3741.948, 119.28, 0, 0, 0, 0, 326670.708, 13611, 47658.49, 10.08, 47658.492, 0, 
영동태양광, 1, 2025-08-01 00:00:00, 0, 0, 0, 0, 0, 0.48, 16.128, 14.496, 14.976, 11.712, 15.552, 16.896, 347.52, 749.952, 675.648, 642.432, 633.696, 678.912, 674.88, 584.064, 0, 0, 0, 0, 5077.344, 212, 749.95, 0.48, 749.952, 0, 
삼천포태양광#5, 1, 2025-08-01 00:00:00, 0, 0, 0, 0, 0, 0, 66.595, 192.785, 236.252, 301.319, 309.691, 234.773, 2099.893, 2744.685, 2519.665, 2059.495, 2521.001, 2526.242, 2521.486, 2337.136, 0, 0, 0, 0, 20671.018, 861, 2744.68, 66.595, 2744.685, 0, 
삼천포태양광#5, 2, 2025-08-01 00:00:00, 0, 0, 0, 0, 0, 0, 120.919, 287.529, 281.986, 293.414, 356.796, 1146.511, 4574.672, 4557.601, 4180.048, 3455.004, 4292.365, 4273.415, 4046.075, 2741.111, 0, 0, 0, 0, 34607.446, 1442, 4574.67, 120.91, 4574.672, 0, 
광양항세방태양광, 1, 2025-08-01 00:00:00, 0, 0, 0, 0, 0, 0, 67.2, 367.2, 816, 1231.2, 1519.2, 1680, 1747.2, 1744.8, 1632, 1392, 1084.8, 573.6, 252, 12, 0, 0, 0, 0, 14119.2, 588, 1747.2, 12, 1747.2, 0, 
두산엔진MG태양광, 1, 2025-08-01 00:00:00, 0, 0, 0, 0, 0, 0.12, 2.1, 3.78, 10.68, 24.18, 36.6, 45.78, 50.58, 52.5, 54.06, 49.08, 45.24, 33.36, 12.42, 0.54, 0, 0, 0, 0, 421.02, 18, 54.06, 0.12, 54.06, 0, 
삼천포태양광, 1, 2025-08-01 00:00:00, 0, 0, 0, 0, 0, 0, 0, 0.108, 3.756, 8.46, 12.336, 15.216, 16.044, 16.32, 15.6, 13.248, 9.204, 3.3, 0.024, 0, 0, 0, 0, 0, 113.616, 5, 16.32, 0.024, 16.32, 0, 
삼천포태양광, 2, 2025-08-01 00:00:00, 0, 0, 0, 0, 0, 0.288, 17.952, 120.768, 276.384, 412.128, 510.432, 568.416, 583.872, 558.144, 504.864, 406.368, 269.568, 124.224, 38.112, 2.208, 0, 0, 0, 0, 4393.728, 183, 583.87, 0.288, 583.872, 0, 
삼천포태양광, 3, 2025-08-01 00:00:00, 0, 0, 0, 0, 0, 0, 5.472, 47.88, 107.316, 158.904, 195.084, 213.156, 216.612, 211.284, 192.42, 156.384, 103.284, 42.264, 4.896, 0, 0, 0, 0, 0, 1654.956, 69, 216.61, 4.896, 216.612, 0, 
삼천포태양광, 4, 2025-08-01 00:00:00, 0, 0, 0, 0, 0, 0, 11.32, 94.443, 93.289, 97.397, 93.466, 80.004, 643.313, 1112.561, 1021.561, 835.383, 1191.098, 1192.016, 1192.413, 643.982, 0, 0, 0, 0, 8302.246, 346, 1192.41, 11.32, 1192.413, 0, 
구미태양광, 1, 2025-08-01 00:00:00, 0, 0, 0, 0, 0, 0, 8.027, 64.289, 200.604, 313.778, 414.948, 468.028, 488.421, 474.825, 451.829, 398.098, 299.604, 167.339, 45.342, 2.893, 0, 0, 0, 0, 3798.025, 158, 488.42, 2.89, 488.421, 0, 
삼천포태양광#6, 1, 2025-08-01 00:00:00, 0, 0, 0, 0, 0, 0, 12.453, 75.067, 70.274, 69.75, 64.143, 52.617, 104.977, 654.129, 624.405, 537.445, 582.073, 615.807, 619.136, 608.85, 0, 0, 0, 0, 4691.126, 195, 654.12, 12.453, 654.129, 0, 
영흥태양광#5, 1, 2025-08-01 00:00:00, 0, 0, 0, 0, 0, 0, 84.368, 453.179, 1070.274, 1737.989, 1470.421, 1258.295, 1701.832, 1583.716, 1301.684, 665.305, 518.263, 523.084, 134.989, 2.411, 0, 0, 0, 0, 12505.81, 521, 1737.98, 2.411, 1737.989, 0, 
영흥태양광 #3, 1, 2025-08-01 00:00:00, 0, 0, 0, 0, 0, 0, 55.92, 307.44, 684, 1117.2, 939.6, 802.56, 1062, 960.24, 801.84, 429.6, 351.6, 341.76, 88.32, 1.44, 0, 0, 0, 0, 7943.52, 331, 1117.2, 1.44, 1117.2, 0, 
영흥태양광 #3, 2, 2025-08-01 00:00:00, 0, 0, 0, 0, 0, 0, 15.456, 126.432, 308.16, 515.808, 420.864, 355.68, 488.928, 447.936, 382.656, 187.104, 147.648, 152.16, 32.832, 0, 0, 0, 0, 0, 3581.664, 149, 515.8, 15.456, 515.808, 0, 
영흥태양광 #3, 3, 2025-08-01 00:00:00, 0, 0, 0, 0, 0, 0, 25.32, 150, 359.4, 595.2, 492.36, 412.68, 568.32, 515.88, 419.16, 211.92, 185.16, 190.68, 44.76, 0.36, 0, 0, 0, 0, 4171.2, 174, 595.2, 0.36, 595.2, 0, 
영흥태양광, 1, 2025-08-01 00:00:00, 0, 0, 0, 0, 0, 0, 3.917, 100.57, 251.597, 421.171, 370.637, 302.976, 425.856, 406.541, 283.546, 156.096, 148.416, 151.91, 34.061, 0.154, 0, 0, 0, 0, 3057.448, 127, 425.85, 0.154, 425.856, 0, 
예천태양광, 1, 2025-08-01 00:00:00, 0, 0, 0, 0, 0, 1.62, 80.46, 374.22, 720.72, 984.24, 1164.6, 1263.6, 1295.28, 1253.7, 1153.62, 965.52, 716.04, 365.4, 78.66, 0.72, 0, 0, 0, 0, 10418.4, 434, 1295.28, 0.72, 1295.28, 0, 
여수태양광, 1, 2025-08-01 00:00:00, 0, 0, 0, 0, 0, 0, 0, 0, 0, 0, 0, 0, 0, 0, 0, 0, 0, 0, 0, 0, 0, 0, 0, 233.62, 233.62, 10, 233.62, 233.62, 233.62, 0, 
영흥태양광, 2, 2025-08-01 00:00:00, 0, 0, 0, 0, 0, 0, 0, 46.282, 221.768, 420.396, 357.722, 296.013, 401.112, 366.4, 294.084, 161.023, 126.312, 126.312, 28.926, 0, 0, 0, 0, 0, 2846.35, 119, 420.39, 28.92, 420.396, 0, 
탑선태양광, 1, 2025-08-01 00:00:00, 0, 0, 0, 0, 0, 0, 0, 0, 0, 0, 0, 0, 0, 0, 0, 0, 0, 0, 0, 0, 0, 0, 0, 945, 945, 39, 945, 945, 945, 0, 
탑선태양광, 3, 2025-08-01 00:00:00, 0, 0, 0, 0, 0, 0, 0, 0, 0, 0, 0, 0, 0, 0, 0, 0, 0, 0, 0, 0, 0, 0, 0, 436, 436, 18, 436, 436, 436, 0, 
경상대태양광, 1, 2025-08-01 00:00:00, 0, 0, 0, 0, 0, 0, 12.384, 89.928, 243.864, 380.16, 472.032, 523.584, 545.904, 534.528, 501.408, 433.728, 325.872, 191.664, 56.088, 2.088, 0, 0, 0, 0, 4313.232, 180, 545.9, 2.08, 545.904, 0, 
고흥만 수상태양광, 1, 2025-08-01 00:00:00, 0, 0, 0, 0, 0, 13.944, 2041.284, 11244.66, 23700.516, 34526.268, 42320.208, 47325.264, 48651.708, 46382.532, 42499.968, 35695.296, 22321.068, 15464.904, 5102.664, 361.452, 0, 0, 0, 0, 377651.736, 15735, 48651.7, 13.94, 48651.708, 0, 
