발전구분, 호기, 일자, 1시 발전량(KWh), 2시 발전량(KWh),3시 발전량(KWh),4시 발전량(KWh),5시 발전량(KWh),6시 발전량(KWh),7시 발전량(KWh),8시 발전량(KWh),9시 발전량(KWh),10시 발전량(KWh),11시 발전량(KWh),12시 발전량(KWh),13시 발전량(KWh),14시 발전량(KWh),15시 발전량(KWh),16시 발전량(KWh),17시 발전량(KWh),18시 발전량(KWh),19시 발전량(KWh),20시 발전량(KWh),21시 발전량(KWh),22시 발전량(KWh),23시 발전량(KWh),24시 발전량(KWh),총량(KW),평균(KW),최대(시간별),최소(시간별),최대,최소
영동태양광, 1, 2023-03-31 00:00:00, 0, 0, 0, 0, 0, 0, 0, 20.544, 126.816, 313.824, 338.976, 31.584, 32.544, 33.504, 580.128, 685.824, 513.888, 549.984, 690.624, 687.936, 651.36, 51.552, 0, 0, 5309.088, 221, 690.62, 20.544, 690.624, 0, 
삼천포태양광#5, 1, 2023-03-31 00:00:00, 0, 0, 0, 0, 0, 0, 25.311, 462.821, 1359.537, 2226.857, 429.448, 722.699, 784.543, 1578.43, 2795.581, 2371.958, 1540.326, 603.837, 2429.811, 2527.437, 2531.053, 997.958, 0, 0, 23387.607, 974, 2795.58, 25.31, 2795.581, 0, 
삼천포태양광#5, 2, 2023-03-31 00:00:00, 0, 0, 0, 0, 0, 0, 38.568, 742.442, 2256.253, 3692.147, 1047.642, 1607.587, 1748.14, 2983.133, 4691.352, 3948.442, 2593.726, 1036.526, 3784.526, 3832.737, 3847.2, 1422.211, 0, 0, 39272.632, 1636, 4691.35, 38.56, 4691.352, 0, 
광양항세방태양광, 1, 2023-03-31 00:00:00, 0, 0, 0, 0, 0, 0, 14.4, 228, 640.8, 1178.4, 1622.4, 1929.6, 1989.6, 1989.6, 1807.2, 1471.2, 976.8, 381.6, 55.2, 0, 0, 0, 0, 0, 14284.8, 595, 1989.6, 14.4, 1989.6, 0, 
두산엔진MG태양광, 1, 2023-03-31 00:00:00, 0, 0, 0, 0, 0, 0, 0, 2.7, 6.3, 19.62, 8.82, 5.82, 5.88, 14.76, 56.58, 52.14, 39.9, 20.7, 45.72, 49.5, 44.1, 0, 0, 0, 372.54, 16, 56.58, 2.7, 56.58, 0, 
삼천포태양광, 1, 2023-03-31 00:00:00, 0, 0, 0, 0, 0, 0, 0.024, 4.38, 18.036, 32.088, 43.116, 46.728, 45.468, 43.236, 41.544, 39.036, 25.524, 8.304, 0.048, 0, 0, 0, 0, 0, 347.532, 14, 46.72, 0.024, 46.728, 0, 
삼천포태양광, 2, 2023-03-31 00:00:00, 0, 0, 0, 0, 0, 0, 4.128, 95.04, 311.424, 517.728, 678.048, 759.648, 775.872, 717.024, 646.656, 520.512, 328.704, 126.336, 9.888, 0, 0, 0, 0, 0, 5491.008, 229, 775.87, 4.128, 775.872, 0, 
삼천포태양광, 3, 2023-03-31 00:00:00, 0, 0, 0, 0, 0, 0, 0.18, 34.452, 106.056, 173.844, 231.048, 260.172, 269.784, 247.536, 219.888, 181.98, 117.144, 45.036, 1.368, 0, 0, 0, 0, 0, 1888.488, 79, 269.78, 0.18, 269.784, 0, 
삼천포태양광, 4, 2023-03-31 00:00:00, 0, 0, 0, 0, 0, 0, 0, 109.98, 515.16, 877.675, 94.858, 140.168, 168.01, 935.324, 1134.978, 927.54, 585.36, 211.32, 1179.36, 1184.76, 1181.7, 0, 0, 0, 9246.193, 385, 1184.76, 94.858, 1184.76, 0, 
구미태양광, 1, 2023-03-31 00:00:00, 0, 0, 0, 0, 0, 0, 0.145, 80.704, 290.854, 473.235, 596.533, 665.305, 692.93, 674.562, 607.67, 500.57, 326.94, 143.981, 5.568, 0, 0, 0, 0, 0, 5058.997, 211, 692.93, 0.145, 692.93, 0, 
삼천포태양광#6, 1, 2023-03-31 00:00:00, 0, 0, 0, 0, 0, 0, 2.893, 87.502, 238.642, 423.681, 125.972, 84.434, 103.899, 320.898, 665.241, 580.696, 384.72, 145.355, 562.617, 636.379, 635.656, 151.14, 0, 0, 5149.725, 215, 665.24, 2.89, 665.241, 0, 
영흥태양광#5, 1, 2023-03-31 00:00:00, 0, 0, 0, 0, 0, 0, 19.284, 349.526, 1014.832, 1718.705, 2236.968, 2632.295, 2803.442, 2788.979, 2540.695, 2044.126, 1357.126, 578.526, 72.316, 0, 0, 0, 0, 0, 20156.82, 840, 2803.44, 19.284, 2803.442, 0, 
영흥태양광 #3, 1, 2023-03-31 00:00:00, 2018.4, 0, 0, 0, 0, 0, 1.92, 277.68, 851.04, 1432.8, 171.36, 65.04, 66.24, 1768.8, 2240.88, 1819.68, 1174.08, 418.56, 44.88, 0, 0, 0, 2061.6, 2220, 16632.96, 693, 2240.88, 1.92, 2240.88, 0, 
영흥태양광 #3, 2, 2023-03-31 00:00:00, 687.36, 0, 0, 0, 0, 0, 0, 110.4, 344.448, 582.72, 96.864, 28.512, 260.832, 998.784, 920.832, 751.776, 507.168, 241.248, 28.416, 0, 0, 0, 663.36, 742.08, 6964.8, 290, 998.78, 28.416, 998.784, 0, 
영흥태양광 #3, 3, 2023-03-31 00:00:00, 721.2, 0, 0, 0, 0, 0, 0, 78.72, 273, 451.8, 100.2, 40.32, 38.4, 326.88, 703.32, 574.56, 381.72, 174.24, 19.44, 0, 0, 0, 652.8, 740.4, 5277, 220, 740.4, 19.44, 740.4, 0, 
영흥태양광, 1, 2023-03-31 00:00:00, 0, 0, 0, 0, 0, 0, 0.23, 51.955, 211.814, 404.467, 572.928, 677.491, 723.84, 728.256, 674.918, 551.386, 377.587, 170.496, 22.886, 0, 0, 0, 0, 0, 5168.254, 215, 728.25, 0.23, 728.256, 0, 
예천태양광, 1, 2023-03-31 00:00:00, 0, 0, 0, 0, 0, 0, 1.26, 143.64, 536.22, 884.34, 1156.86, 1308.96, 1370.52, 1329.3, 1214.64, 987.3, 654.66, 317.34, 46.98, 0, 0, 0, 0, 0, 9952.02, 415, 1370.52, 1.26, 1370.52, 0, 
여수태양광, 1, 2023-03-31 00:00:00, 0, 0, 0, 0, 0, 0, 0, 0, 0, 0, 0, 0, 0, 0, 0, 0, 0, 0, 0, 0, 0, 0, 0, 390.6, 390.6, 16, 390.6, 390.6, 390.6, 0, 
영흥태양광, 2, 2023-03-31 00:00:00, 0, 0, 0, 0, 0, 0, 1.928, 74.244, 232.375, 416.539, 551.528, 651.806, 696.16, 704.838, 645.057, 502.354, 325.903, 143.667, 19.284, 0, 0, 0, 0, 0, 4965.683, 207, 704.83, 1.928, 704.838, 0, 
탑선태양광, 1, 2023-03-31 00:00:00, 0, 0, 0, 0, 0, 0, 0, 0, 0, 0, 0, 0, 0, 0, 0, 0, 0, 0, 0, 0, 0, 0, 0, 2007.6, 2007.6, 84, 2007.6, 2007.6, 2007.6, 0, 
탑선태양광, 3, 2023-03-31 00:00:00, 0, 0, 0, 0, 0, 0, 0, 0, 0, 0, 0, 0, 0, 0, 0, 0, 0, 0, 0, 0, 0, 0, 0, 1140, 1140, 48, 1140, 1140, 1140, 0, 
경상대태양광, 1, 2023-03-31 00:00:00, 0, 0, 0, 0, 0, 0, 7.632, 95.904, 274.392, 445.392, 561.672, 630.36, 648.792, 593.784, 549.216, 461.304, 311.904, 127.944, 7.2, 0, 0, 0, 0, 0, 4715.496, 196, 648.79, 7.2, 648.792, 0, 
영동태양광, 1, 2023-03-30 00:00:00, 0, 0, 0, 0, 0, 0, 0, 16.704, 127.2, 346.272, 377.28, 31.392, 34.656, 33.696, 791.904, 752.448, 578.784, 580.32, 690.816, 687.072, 674.016, 81.888, 0, 0, 5804.448, 242, 791.9, 16.704, 791.904, 0, 
삼천포태양광#5, 1, 2023-03-30 00:00:00, 0, 0, 0, 0, 0, 0, 25.311, 437.511, 1091.968, 1909.137, 412.2, 465.14, 243.524, 395.517, 679.768, 1522.247, 950.953, 412.2, 2429.811, 2534.668, 2534.668, 1005.189, 0, 0, 17049.812, 710, 2534.66, 25.31, 2534.668, 0, 
삼천포태양광#5, 2, 2023-03-30 00:00:00, 0, 0, 0, 0, 0, 0, 43.389, 708.695, 1817.537, 3143.326, 641.2, 896.329, 463.172, 695.565, 2473.2, 2559.979, 1610.232, 713.516, 3765.242, 3847.2, 3847.2, 1407.747, 0, 0, 28633.529, 1193, 3847.2, 43.389, 3847.2, 0, 
광양항세방태양광, 1, 2023-03-30 00:00:00, 0, 0, 0, 0, 0, 0, 14.4, 252, 628.8, 904.8, 1224, 1516.8, 1723.2, 1180.8, 1454.4, 955.2, 580.8, 278.4, 28.8, 0, 0, 0, 0, 0, 10742.4, 448, 1723.2, 14.4, 1723.2, 0, 
두산엔진MG태양광, 1, 2023-03-30 00:00:00, 0, 0, 0, 0, 0, 0, 0, 4.02, 9.72, 19.98, 8.4, 5.4, 5.1, 5.88, 3.18, 20.16, 23.4, 9.54, 44.4, 49.62, 43.98, 0, 0, 0, 252.78, 11, 49.62, 3.18, 49.62, 0, 
삼천포태양광, 1, 2023-03-30 00:00:00, 0, 0, 0, 0, 0, 0, 0.048, 4.764, 13.956, 29.724, 31.368, 41.928, 36.996, 41.628, 31.176, 25.464, 14.508, 5.004, 0, 0, 0, 0, 0, 0, 276.564, 12, 41.92, 0.048, 41.928, 0, 
삼천포태양광, 2, 2023-03-30 00:00:00, 0, 0, 0, 0, 0, 0, 4.704, 94.752, 244.704, 448.128, 454.944, 630.72, 516.384, 609.12, 422.592, 347.904, 212.928, 92.832, 7.104, 0, 0, 0, 0, 0, 4086.816, 170, 630.72, 4.704, 630.72, 0, 
삼천포태양광, 3, 2023-03-30 00:00:00, 0, 0, 0, 0, 0, 0, 0.18, 31.896, 82.62, 148.176, 153.288, 217.008, 171.648, 206.604, 140.436, 117.864, 73.26, 31.5, 0.324, 0, 0, 0, 0, 0, 1374.804, 57, 217, 0.18, 217.008, 0, 
삼천포태양광, 4, 2023-03-30 00:00:00, 0, 0, 0, 0, 0, 0, 0, 116.46, 397.44, 722.7, 106.38, 94.988, 99.658, 96.58, 136.44, 566.64, 342.9, 132.12, 1178.1, 1184.76, 1184.76, 21.42, 0, 0, 6381.346, 266, 1184.76, 21.42, 1184.76, 0, 
구미태양광, 1, 2023-03-30 00:00:00, 0, 0, 0, 0, 0, 0, 0.217, 77.161, 279.284, 462.821, 573.464, 638.331, 674.634, 559.001, 450.31, 409.741, 236.4, 82.729, 0.362, 0, 0, 0, 0, 0, 4444.455, 185, 674.63, 0.217, 674.634, 0, 
삼천포태양광#6, 1, 2023-03-30 00:00:00, 0, 0, 0, 0, 0, 0, 2.169, 86.056, 206.1, 398.46, 127.276, 80.126, 85.95, 79.785, 87.502, 378.212, 236.473, 101.965, 560.447, 636.379, 635.656, 145.355, 0, 0, 3847.911, 160, 636.37, 2.16, 636.379, 0, 
영흥태양광#5, 1, 2023-03-30 00:00:00, 0, 0, 0, 0, 0, 0, 19.284, 339.884, 1041.347, 1774.147, 2314.105, 2666.042, 2803.442, 2738.358, 2475.611, 1906.726, 1055.811, 460.411, 77.137, 0, 0, 0, 0, 0, 19672.305, 820, 2803.44, 19.284, 2803.442, 0, 
영흥태양광 #3, 1, 2023-03-30 00:00:00, 2013.6, 0, 0, 0, 0, 0, 0, 282.48, 893.28, 1502.64, 175.2, 66.24, 63.6, 1896.24, 2173.2, 1658.4, 987.6, 392.64, 55.2, 0, 0, 0, 2061.6, 2220, 16441.92, 685, 2220, 55.2, 2220, 0, 
영흥태양광 #3, 2, 2023-03-30 00:00:00, 690.24, 0, 0, 0, 0, 0, 0, 107.136, 356.832, 607.392, 100.224, 27.744, 304.896, 969.024, 890.304, 691.776, 409.728, 189.792, 26.976, 0, 0, 0, 662.4, 742.08, 6776.544, 282, 969.02, 26.976, 969.024, 0, 
영흥태양광 #3, 3, 2023-03-30 00:00:00, 718.8, 0, 0, 0, 0, 0, 0, 79.8, 285.72, 476.52, 103.08, 39.6, 38.28, 337.8, 675, 509.16, 323.64, 150.72, 20.76, 0, 0, 0, 650.4, 740.4, 5149.68, 215, 740.4, 20.76, 740.4, 0, 
영흥태양광, 1, 2023-03-30 00:00:00, 0, 0, 0, 0, 0, 0, 0.115, 47.654, 217.344, 412.685, 586.829, 686.477, 738.509, 712.973, 636.442, 475.968, 325.67, 159.014, 29.261, 0, 0, 0, 0, 0, 5028.941, 210, 738.5, 0.115, 738.509, 0, 
예천태양광, 1, 2023-03-30 00:00:00, 0, 0, 0, 0, 0, 0, 1.26, 141.3, 525.6, 890.82, 1098.36, 1267.74, 1322.28, 1293.48, 1182.6, 829.44, 610.74, 251.28, 33.84, 0, 0, 0, 0, 0, 9448.74, 394, 1322.28, 1.26, 1322.28, 0, 
여수태양광, 1, 2023-03-30 00:00:00, 0, 0, 0, 0, 0, 0, 0, 0, 0, 0, 0, 0, 0, 0, 0, 0, 0, 0, 0, 0, 0, 0, 0, 299.28, 299.28, 12, 299.28, 299.28, 299.28, 0, 
영흥태양광, 2, 2023-03-30 00:00:00, 0, 0, 0, 0, 0, 0, 1.928, 77.137, 241.053, 433.895, 567.92, 652.771, 697.124, 683.625, 617.095, 455.107, 273.836, 125.347, 22.177, 0, 0, 0, 0, 0, 4849.015, 202, 697.12, 1.928, 697.124, 0, 
탑선태양광, 1, 2023-03-30 00:00:00, 0, 0, 0, 0, 0, 0, 0, 0, 0, 0, 0, 0, 0, 0, 0, 0, 0, 0, 0, 0, 0, 0, 0, 1835, 1835, 76, 1835, 1835, 1835, 0, 
탑선태양광, 3, 2023-03-30 00:00:00, 0, 0, 0, 0, 0, 0, 0, 0, 0, 0, 0, 0, 0, 0, 0, 0, 0, 0, 0, 0, 0, 0, 0, 1132, 1132, 47, 1132, 1132, 1132, 0, 
경상대태양광, 1, 2023-03-30 00:00:00, 0, 0, 0, 0, 0, 0, 7.272, 91.368, 199.872, 306.792, 467.568, 475.704, 433.296, 476.208, 319.104, 303.84, 220.824, 80.712, 7.272, 0, 0, 0, 0, 0, 3389.832, 141, 476.2, 7.272, 476.208, 0, 
영동태양광, 1, 2023-03-29 00:00:00, 0, 0, 0, 0, 0, 0, 0, 20.064, 127.296, 321.504, 349.152, 29.664, 31.008, 31.008, 626.88, 703.68, 521.76, 546.912, 690.912, 688.608, 614.88, 21.984, 0, 0, 5325.312, 222, 703.68, 20.064, 703.68, 0, 
삼천포태양광#5, 1, 2023-03-29 00:00:00, 0, 0, 0, 0, 0, 0, 21.695, 441.126, 1363.153, 2223.711, 370.34, 597.965, 700.151, 1623.185, 2516.449, 2151.395, 1453.547, 535.137, 2433.426, 2531.053, 2531.053, 1030.5, 0, 0, 22523.886, 938, 2531.05, 21.69, 2531.053, 0, 
삼천포태양광#5, 2, 2023-03-29 00:00:00, 0, 0, 0, 0, 0, 0, 33.747, 703.874, 2256.253, 3668.821, 921.183, 1390.506, 1582.743, 3036.846, 4203.614, 3586.863, 2449.095, 925.642, 3789.347, 3842.379, 3847.2, 1417.389, 0, 0, 37655.502, 1569, 4203.61, 33.74, 4203.614, 0, 
광양항세방태양광, 1, 2023-03-29 00:00:00, 0, 0, 0, 0, 0, 0, 0, 0, 0, 0, 0, 0, 1442.4, 1958.4, 1764, 1480.8, 957.6, 386.4, 52.8, 0, 0, 0, 0, 0, 8042.4, 335, 1958.4, 52.8, 1958.4, 0, 
두산엔진MG태양광, 1, 2023-03-29 00:00:00, 0, 0, 0, 0, 0, 0, 0, 3.24, 8.04, 19.92, 8.76, 5.76, 5.82, 4.74, 28.08, 35.04, 39.66, 20.1, 45.42, 49.68, 44.04, 0, 0, 0, 318.3, 13, 49.68, 3.24, 49.68, 0, 
삼천포태양광, 1, 2023-03-29 00:00:00, 0, 0, 0, 0, 0, 0, 0.012, 4.356, 18.168, 32.52, 43.632, 48.252, 48.984, 48.552, 43.296, 36.252, 22.104, 6.708, 0.048, 0, 0, 0, 0, 0, 352.884, 15, 48.98, 0.012, 48.984, 0, 
삼천포태양광, 2, 2023-03-29 00:00:00, 0, 0, 0, 0, 0, 0, 4.32, 93.792, 308.16, 515.808, 663.36, 732.096, 756.96, 720.288, 594.624, 477.312, 312.192, 118.464, 9.6, 0, 0, 0, 0, 0, 5306.976, 221, 756.96, 4.32, 756.96, 0, 
삼천포태양광, 3, 2023-03-29 00:00:00, 0, 0, 0, 0, 0, 0, 0.18, 32.796, 106.272, 174.06, 226.152, 251.82, 258.444, 244.08, 200.916, 168.12, 112.68, 41.796, 1.728, 0, 0, 0, 0, 0, 1819.044, 76, 258.44, 0.18, 258.444, 0, 
삼천포태양광, 4, 2023-03-29 00:00:00, 0, 0, 0, 0, 0, 0, 0.18, 100.98, 510.84, 867.78, 92.491, 102.592, 135.349, 842.468, 992.219, 829.8, 556.02, 187.74, 1179.36, 1184.94, 1184.94, 23.94, 0, 0, 8791.639, 366, 1184.94, 0.18, 1184.94, 0, 
구미태양광, 1, 2023-03-29 00:00:00, 0, 0, 0, 0, 0, 0, 0.145, 74.702, 273.498, 469.257, 567.607, 571.005, 687.651, 700.595, 610.418, 506.211, 336.268, 135.447, 6.364, 0, 0, 0, 0, 0, 4939.168, 206, 700.59, 0.145, 700.595, 0, 
삼천포태양광#6, 1, 2023-03-29 00:00:00, 0, 0, 0, 0, 0, 0, 1.446, 84.609, 240.088, 423.047, 121.994, 82.576, 83.165, 266.957, 618.389, 535.86, 344.946, 135.231, 563.34, 636.379, 636.379, 145.355, 0, 0, 4919.761, 205, 636.37, 1.44, 636.379, 0, 
영흥태양광#5, 1, 2023-03-29 00:00:00, 0, 0, 0, 0, 0, 0, 12.053, 306.137, 602.632, 1480.063, 2280.358, 2439.453, 2699.789, 2576.853, 2340.621, 1899.495, 1229.368, 511.032, 67.495, 0, 0, 0, 0, 0, 18445.349, 769, 2699.78, 12.053, 2699.789, 0, 
영흥태양광 #3, 1, 2023-03-29 00:00:00, 2035.2, 0, 0, 0, 0, 0, 0, 254.88, 631.92, 1293.84, 171.36, 63.6, 71.76, 1514.4, 2084.16, 1687.92, 1063.2, 402, 52.08, 0, 0, 0, 2064, 2220, 15610.32, 650, 2220, 52.08, 2220, 0, 
영흥태양광 #3, 2, 2023-03-29 00:00:00, 699.84, 0, 0, 0, 0, 0, 0, 95.712, 224.832, 501.312, 98.784, 29.856, 194.4, 921.888, 857.472, 700.032, 465.888, 207.264, 24, 0, 0, 0, 663.36, 743.04, 6427.68, 268, 921.88, 24, 921.888, 0, 
영흥태양광 #3, 3, 2023-03-29 00:00:00, 720, 0, 0, 0, 0, 0, 0, 79.68, 261.72, 460.32, 100.08, 39.96, 39.96, 238.68, 649.44, 537.84, 349.08, 155.16, 15.84, 0, 0, 0, 650.4, 741.6, 5039.76, 210, 741.6, 15.84, 741.6, 0, 
영흥태양광, 1, 2023-03-29 00:00:00, 0, 0, 0, 0, 0, 0, 0, 45.773, 214.541, 402.163, 577.882, 642.278, 710.17, 686.784, 623.309, 511.718, 344.294, 151.258, 21.043, 0, 0, 0, 0, 0, 4931.213, 205, 710.17, 21.043, 710.17, 0, 
예천태양광, 1, 2023-03-29 00:00:00, 0, 0, 0, 0, 0, 0, 1.26, 144, 553.5, 922.86, 1171.98, 1292.22, 1353.24, 1290.6, 1211.22, 1010.34, 688.68, 299.7, 33.48, 0, 0, 0, 0, 0, 9973.08, 416, 1353.24, 1.26, 1353.24, 0, 
여수태양광, 1, 2023-03-29 00:00:00, 0, 0, 0, 0, 0, 0, 0, 0, 0, 0, 0, 0, 0, 0, 0, 0, 0, 0, 0, 0, 0, 0, 0, 387.28, 387.28, 16, 387.28, 387.28, 387.28, 0, 
영흥태양광, 2, 2023-03-29 00:00:00, 0, 0, 0, 0, 0, 0, 1.928, 72.316, 178.379, 382.792, 572.741, 614.202, 685.554, 655.663, 599.739, 472.463, 302.762, 132.097, 19.284, 0, 0, 0, 0, 0, 4689.92, 195, 685.55, 1.928, 685.554, 0, 
탑선태양광, 1, 2023-03-29 00:00:00, 0, 0, 0, 0, 0, 0, 0, 0, 0, 0, 0, 0, 0, 0, 0, 0, 0, 0, 0, 0, 0, 0, 0, 1835, 1835, 76, 1835, 1835, 1835, 0, 
탑선태양광, 3, 2023-03-29 00:00:00, 0, 0, 0, 0, 0, 0, 0, 0, 0, 0, 0, 0, 0, 0, 0, 0, 0, 0, 0, 0, 0, 0, 0, 1132, 1132, 47, 1132, 1132, 1132, 0, 
경상대태양광, 1, 2023-03-29 00:00:00, 0, 0, 0, 0, 0, 0, 6.48, 96.624, 265.968, 433.368, 559.008, 627.984, 640.656, 578.16, 516.024, 442.872, 303.408, 126, 11.448, 0, 0, 0, 0, 0, 4608, 192, 640.65, 6.48, 640.656, 0, 
영동태양광, 1, 2023-03-28 00:00:00, 0, 0, 0, 0, 0, 0, 0, 21.984, 129.984, 327.456, 351.264, 29.088, 31.488, 35.04, 745.632, 704.064, 537.984, 559.104, 691.296, 689.184, 639.168, 40.896, 0, 0, 5533.632, 231, 745.63, 21.984, 745.632, 0, 
삼천포태양광#5, 1, 2023-03-28 00:00:00, 0, 0, 0, 0, 0, 0, 18.079, 477.284, 1525.863, 2379.189, 2056.059, 693.58, 810.231, 708.47, 2354.699, 2234.558, 1381.232, 513.442, 2429.811, 2531.053, 2534.668, 1019.653, 0, 0, 23667.871, 986, 2534.66, 18.07, 2534.668, 0, 
삼천포태양광#5, 2, 2023-03-28 00:00:00, 0, 0, 0, 0, 0, 0, 24.105, 742.442, 2550.337, 3958.084, 3542.534, 1579.229, 1767.345, 1591.696, 4114.63, 3750.779, 2323.747, 882.253, 3779.705, 3842.379, 3847.2, 1388.463, 0, 0, 39684.928, 1654, 4114.63, 24.105, 4114.63, 0, 
광양항세방태양광, 1, 2023-03-28 00:00:00, 0, 0, 0, 0, 0, 0, 12, 244.8, 708, 540, 0, 0, 0, 0, 0, 0, 0, 0, 0, 0, 0, 0, 0, 0, 1504.8, 63, 708, 12, 708, 0, 
두산엔진MG태양광, 1, 2023-03-28 00:00:00, 0, 0, 0, 0, 0, 0, 0, 2.52, 6.3, 19.8, 9, 6.24, 6.12, 19.32, 56.7, 50.16, 40.56, 19.32, 45.42, 49.74, 44.4, 0, 0, 0, 375.6, 16, 56.7, 2.52, 56.7, 0, 
삼천포태양광, 1, 2023-03-28 00:00:00, 0, 0, 0, 0, 0, 0, 0, 3.888, 19.248, 34.332, 44.772, 48.792, 51.684, 50.844, 46.488, 37.188, 22.212, 6.864, 0.06, 0, 0, 0, 0, 0, 366.372, 15, 51.68, 0.06, 51.684, 0, 
삼천포태양광, 2, 2023-03-28 00:00:00, 0, 0, 0, 0, 0, 0, 2.688, 91.008, 341.76, 559.488, 692.544, 762.432, 785.28, 752.16, 649.92, 482.688, 297.216, 111.936, 8.256, 0, 0, 0, 0, 0, 5537.376, 231, 785.28, 2.688, 785.28, 0, 
삼천포태양광, 3, 2023-03-28 00:00:00, 0, 0, 0, 0, 0, 0, 0.072, 36.828, 120.276, 189.504, 237.636, 260.172, 269.892, 257.544, 227.7, 175.32, 106.272, 39.312, 1.008, 0, 0, 0, 0, 0, 1921.536, 80, 269.89, 0.072, 269.892, 0, 
삼천포태양광, 4, 2023-03-28 00:00:00, 0, 0, 0, 0, 0, 0, 0, 79.38, 594.36, 956.7, 743.796, 131.205, 179.383, 312.129, 1196.781, 887.94, 526.32, 176.58, 1178.1, 1184.76, 1184.94, 19.26, 0, 0, 9351.634, 390, 1196.78, 19.26, 1196.781, 0, 
구미태양광, 1, 2023-03-28 00:00:00, 0, 0, 0, 0, 0, 0, 0.145, 78.101, 299.243, 492.543, 612.949, 674.779, 693.653, 672.031, 548.732, 378.501, 223.311, 114.259, 3.616, 0, 0, 0, 0, 0, 4791.863, 200, 693.65, 0.145, 693.653, 0, 
삼천포태양광#6, 1, 2023-03-28 00:00:00, 0, 0, 0, 0, 0, 0, 1.446, 90.395, 251.659, 449.081, 158.372, 310.866, 102.345, 97.769, 677.89, 537.306, 316.743, 128.722, 563.34, 636.379, 636.379, 146.801, 0, 0, 5105.493, 213, 677.89, 1.446, 677.89, 0, 
영흥태양광#5, 1, 2023-03-28 00:00:00, 0, 0, 0, 0, 0, 0, 12.053, 277.211, 713.516, 597.811, 1048.579, 1660.853, 1668.084, 2232.147, 2376.779, 1969.4, 1342.663, 588.168, 72.316, 0, 0, 0, 0, 0, 14559.58, 607, 2376.77, 12.053, 2376.779, 0, 
영흥태양광 #3, 1, 2023-03-28 00:00:00, 2030.4, 0, 0, 0, 0, 0, 0, 222.96, 630.48, 520.32, 141.6, 69.84, 97.68, 37.44, 519.6, 1728.72, 1132.32, 416.64, 46.08, 0, 0, 0, 2061.6, 2220, 11875.68, 495, 2220, 37.44, 2220, 0, 
영흥태양광 #3, 2, 2023-03-28 00:00:00, 692.16, 0, 0, 0, 0, 0, 0, 84.192, 251.232, 200.064, 79.488, 30.72, 48, 14.592, 679.872, 721.152, 500.064, 243.264, 26.976, 0, 0, 0, 662.4, 743.04, 4977.216, 207, 743.04, 14.59, 743.04, 0, 
영흥태양광 #3, 3, 2023-03-28 00:00:00, 718.8, 0, 0, 0, 0, 0, 0, 68.76, 200.28, 170.28, 74.4, 43.44, 44.28, 40.56, 39.96, 449.4, 374.4, 180.6, 16.44, 0, 0, 0, 651.6, 740.4, 3813.6, 159, 740.4, 16.44, 740.4, 0, 
영흥태양광, 1, 2023-03-28 00:00:00, 0, 0, 0, 0, 0, 0, 0, 46.771, 180.365, 157.978, 261.504, 433.19, 459.302, 511.795, 618.278, 529.152, 367.642, 169.306, 20.621, 0, 0, 0, 0, 0, 3755.904, 156, 618.27, 20.621, 618.278, 0, 
예천태양광, 1, 2023-03-28 00:00:00, 0, 0, 0, 0, 0, 0, 0.54, 139.5, 536.22, 895.86, 1140.66, 1315.62, 1359.18, 1367.82, 1273.68, 982.44, 448.56, 171, 24.84, 0, 0, 0, 0, 0, 9655.92, 402, 1367.82, 0.54, 1367.82, 0, 
여수태양광, 1, 2023-03-28 00:00:00, 0, 0, 0, 0, 0, 0, 0, 0, 0, 0, 0, 0, 0, 0, 0, 0, 0, 0, 0, 0, 0, 0, 0, 638.41, 638.41, 27, 638.41, 638.41, 638.41, 0, 
영흥태양광, 2, 2023-03-28 00:00:00, 0, 0, 0, 0, 0, 0, 0.964, 66.531, 189.949, 154.274, 281.549, 408.825, 440.644, 551.528, 604.56, 488.855, 327.832, 145.596, 20.248, 0, 0, 0, 0, 0, 3681.355, 153, 604.56, 0.96, 604.56, 0, 
탑선태양광, 1, 2023-03-28 00:00:00, 0, 0, 0, 0, 0, 0, 0, 0, 0, 0, 0, 0, 0, 0, 0, 0, 0, 0, 0, 0, 0, 0, 0, 1835, 1835, 76, 1835, 1835, 1835, 0, 
탑선태양광, 3, 2023-03-28 00:00:00, 0, 0, 0, 0, 0, 0, 0, 0, 0, 0, 0, 0, 0, 0, 0, 0, 0, 0, 0, 0, 0, 0, 0, 1132, 1132, 47, 1132, 1132, 1132, 0, 
경상대태양광, 1, 2023-03-28 00:00:00, 0, 0, 0, 0, 0, 0, 5.832, 96.12, 282.456, 456.84, 570.672, 626.76, 660.6, 651.096, 585, 453.24, 276.264, 102.672, 8.784, 0, 0, 0, 0, 0, 4776.336, 199, 660.6, 5.832, 660.6, 0, 
영동태양광, 1, 2023-03-27 00:00:00, 0, 0, 0, 0, 0, 0, 0, 17.664, 97.92, 336.384, 374.016, 29.088, 34.368, 38.208, 827.424, 738.336, 578.688, 568.32, 691.968, 689.28, 643.968, 45.792, 0, 0, 5711.424, 238, 827.42, 17.66, 827.424, 0, 
삼천포태양광#5, 1, 2023-03-27 00:00:00, 0, 0, 0, 0, 0, 0, 18.079, 202.484, 1547.558, 2563.595, 594.349, 910.302, 995.43, 1990.602, 3196.358, 2632.295, 1771.737, 723.158, 2433.426, 2531.053, 2534.668, 932.044, 2.733, 0, 25579.871, 1066, 3196.35, 2.73, 3196.358, 0, 
삼천포태양광#5, 2, 2023-03-27 00:00:00, 0, 0, 0, 0, 0, 0, 24.105, 332.653, 2569.621, 4256.989, 1368.41, 1906.616, 2061.963, 3670.404, 5365.832, 4416.084, 2969.768, 1229.368, 3803.811, 3842.379, 3847.2, 1255.582, 10.931, 0, 42931.716, 1789, 5365.83, 10.93, 5365.832, 0, 
광양항세방태양광, 1, 2023-03-27 00:00:00, 0, 0, 0, 0, 0, 0, 4.8, 172.8, 784.8, 1308, 1744.8, 1992, 2090.4, 2088, 1948.8, 1632, 1137.6, 444, 52.8, 0, 0, 0, 0, 0, 15400.8, 642, 2090.4, 4.8, 2090.4, 0, 
두산엔진MG태양광, 1, 2023-03-27 00:00:00, 0, 0, 0, 0, 0, 0, 0, 3, 5.58, 20.22, 9.24, 6.42, 6.12, 26.28, 60.96, 57.3, 46.2, 28.62, 47.16, 49.8, 44.58, 0, 0, 0, 411.48, 17, 60.96, 3, 60.96, 0, 
삼천포태양광, 1, 2023-03-27 00:00:00, 0, 0, 0, 0, 0, 0, 0, 1.524, 19.824, 36.108, 46.776, 52.824, 53.592, 52.992, 49.668, 42.816, 28.836, 8.82, 0, 0, 0, 0, 0, 0, 393.78, 16, 53.59, 1.524, 53.592, 0, 
삼천포태양광, 2, 2023-03-27 00:00:00, 0, 0, 0, 0, 0, 0, 3.072, 45.216, 345.12, 590.208, 721.92, 791.808, 807.552, 783.648, 706.368, 572.544, 369.312, 143.232, 11.136, 0, 0, 0, 0, 0, 5891.136, 245, 807.55, 3.072, 807.552, 0, 
삼천포태양광, 3, 2023-03-27 00:00:00, 0, 0, 0, 0, 0, 0, 0.072, 9.036, 121.824, 200.7, 247.032, 276.804, 282.204, 274.644, 247.716, 204.876, 134.208, 52.956, 1.944, 0, 0, 0, 0, 0, 2054.016, 86, 282.2, 0.072, 282.204, 0, 
삼천포태양광, 4, 2023-03-27 00:00:00, 0, 0, 0, 0, 0, 0, 0, 30.24, 602.82, 1031.76, 107.356, 208.027, 248.479, 1154.886, 1291.5, 1058.4, 689.22, 259.74, 1179.72, 1184.94, 1184.76, 20.479, 0, 0, 10252.327, 427, 1291.5, 20.479, 1291.5, 0, 
구미태양광, 1, 2023-03-27 00:00:00, 0, 0, 0, 0, 0, 0, 0, 82.802, 321.516, 533.474, 665.233, 743.045, 760.039, 743.623, 676.008, 554.301, 367.292, 146.367, 6.291, 0, 0, 0, 0, 0, 5599.991, 233, 760.03, 6.291, 760.039, 0, 
삼천포태양광#6, 1, 2023-03-27 00:00:00, 0, 0, 0, 0, 0, 0, 1.446, 34.712, 253.828, 470.776, 131.861, 99.631, 139.36, 437.34, 747.745, 636.379, 409.307, 161.264, 565.509, 636.379, 636.379, 132.415, 0, 0, 5494.331, 229, 747.74, 1.44, 747.745, 0, 
영흥태양광#5, 1, 2023-03-27 00:00:00, 0, 0, 0, 0, 0, 0, 14.463, 361.579, 1113.663, 1885.032, 2441.863, 2781.747, 2926.379, 2788.979, 2559.979, 1930.832, 754.495, 404.968, 53.032, 0, 0, 0, 0, 0, 20017.011, 834, 2926.37, 14.463, 2926.379, 0, 
영흥태양광 #3, 1, 2023-03-27 00:00:00, 2028, 0, 0, 0, 0, 0, 0, 270.48, 910.8, 1537.68, 176.16, 62.64, 66.96, 2114.64, 2238.96, 1691.76, 688.32, 342.72, 39.6, 0, 0, 0, 2064, 2220, 16452.72, 686, 2238.96, 39.6, 2238.96, 0, 
영흥태양광 #3, 2, 2023-03-27 00:00:00, 694.08, 0, 0, 0, 0, 0, 0, 114.048, 390.24, 645.984, 102.144, 28.032, 438.432, 992.448, 924.576, 721.44, 301.728, 160.896, 15.648, 0, 0, 0, 662.4, 743.04, 6935.136, 289, 992.44, 15.64, 992.448, 0, 
영흥태양광 #3, 3, 2023-03-27 00:00:00, 722.4, 0, 0, 0, 0, 0, 0, 81.72, 309.12, 507.6, 105.24, 39, 38.64, 444.6, 704.4, 539.16, 231.12, 123.48, 10.2, 0, 0, 0, 652.8, 740.4, 5249.88, 219, 740.4, 10.2, 740.4, 0, 
영흥태양광, 1, 2023-03-27 00:00:00, 0, 0, 0, 0, 0, 0, 0, 38.131, 218.765, 430.848, 617.088, 719.654, 760.512, 738.854, 682.829, 519.974, 238.003, 116.045, 16.589, 0, 0, 0, 0, 0, 5097.292, 212, 760.51, 16.589, 760.512, 0, 
예천태양광, 1, 2023-03-27 00:00:00, 0, 0, 0, 0, 0, 0, 0.18, 152.46, 590.58, 975.42, 1242.72, 1398.6, 1457.82, 1423.8, 1296.36, 1095.3, 759.06, 322.56, 31.32, 0, 0, 0, 0, 0, 10746.18, 448, 1457.82, 0.18, 1457.82, 0, 
여수태양광, 1, 2023-03-27 00:00:00, 0, 0, 0, 0, 0, 0, 0, 0, 0, 0, 0, 0, 0, 0, 0, 0, 0, 0, 0, 0, 0, 0, 0, 418.28, 418.28, 17, 418.28, 418.28, 418.28, 0, 
영흥태양광, 2, 2023-03-27 00:00:00, 0, 0, 0, 0, 0, 0, 1.928, 73.28, 258.408, 466.678, 607.453, 690.375, 707.731, 673.983, 656.627, 494.64, 209.234, 110.884, 15.427, 0, 0, 0, 0, 0, 4966.648, 207, 707.73, 1.928, 707.731, 0, 
탑선태양광, 1, 2023-03-27 00:00:00, 0, 0, 0, 0, 0, 0, 0, 0, 0, 0, 0, 0, 0, 0, 0, 0, 0, 0, 0, 0, 0, 0, 0, 1835, 1835, 76, 1835, 1835, 1835, 0, 
탑선태양광, 3, 2023-03-27 00:00:00, 0, 0, 0, 0, 0, 0, 0, 0, 0, 0, 0, 0, 0, 0, 0, 0, 0, 0, 0, 0, 0, 0, 0, 1132, 1132, 47, 1132, 1132, 1132, 0, 
경상대태양광, 1, 2023-03-27 00:00:00, 0, 0, 0, 0, 0, 0, 3.888, 75.96, 304.776, 492.624, 612.144, 675.36, 697.104, 642.312, 613.584, 510.912, 350.64, 149.472, 12.024, 0, 0, 0, 0, 0, 5140.8, 214, 697.1, 3.888, 697.104, 0, 
영동태양광, 1, 2023-03-26 00:00:00, 0, 0, 0, 0, 0, 0, 0, 0, 0.672, 22.176, 71.52, 31.008, 30.624, 30.816, 31.488, 30.912, 42.432, 403.296, 689.856, 191.136, 0, 0, 0, 0, 1575.936, 66, 689.85, 0.672, 689.856, 0, 
삼천포태양광#5, 1, 2023-03-26 00:00:00, 0, 0, 0, 0, 0, 0, 0, 61.468, 750.603, 861.922, 248.484, 440.742, 673.424, 593.668, 2712.73, 1768.489, 1368.843, 515.541, 2476.832, 2509.956, 2503.053, 845.711, 0, 0, 18331.466, 764, 2712.73, 61.46, 2712.73, 0, 
삼천포태양광#5, 2, 2023-03-26 00:00:00, 0, 0, 0, 0, 0, 0, 4.821, 101.242, 1249.784, 1442.449, 387.248, 685.598, 1532.538, 1583.114, 4880.271, 2988.663, 2315.247, 886.368, 3861.846, 3804.916, 3799.214, 1209.388, 0, 0, 30732.707, 1281, 4880.27, 4.82, 4880.271, 0, 
광양항세방태양광, 1, 2023-03-26 00:00:00, 0, 0, 0, 0, 0, 0, 2.4, 134.4, 463.2, 614.4, 1260, 1740, 1924.8, 1934.4, 1845.6, 1502.4, 1022.4, 424.8, 52.8, 0, 0, 0, 0, 0, 12921.6, 538, 1934.4, 2.4, 1934.4, 0, 
두산엔진MG태양광, 1, 2023-03-26 00:00:00, 0, 0, 0, 0, 0, 0, 0, 0, 4.44, 15.6, 7.74, 6.36, 6.66, 3.3, 33.84, 25.62, 26.04, 0.66, 43.5, 49.86, 43.86, 0, 0, 0, 267.48, 11, 49.86, 0.66, 49.86, 0, 
삼천포태양광, 1, 2023-03-26 00:00:00, 0, 0, 0, 0, 0, 0, 0, 0.192, 11.1, 13.212, 28.644, 41.736, 49.68, 48.972, 46.128, 31.836, 22.776, 7.056, 0.036, 0, 0, 0, 0, 0, 301.368, 13, 49.68, 0.03, 49.68, 0, 
삼천포태양광, 2, 2023-03-26 00:00:00, 0, 0, 0, 0, 0, 0, 0.192, 12.672, 171.744, 201.216, 408.672, 591.936, 751.104, 716.064, 654.048, 423.552, 305.088, 117.216, 9.6, 0, 0, 0, 0, 0, 4363.104, 182, 751.1, 0.19, 751.104, 0, 
삼천포태양광, 3, 2023-03-26 00:00:00, 0, 0, 0, 0, 0, 0, 0, 0.54, 53.604, 65.628, 133.704, 201.168, 258.732, 246.492, 225.864, 152.172, 109.152, 41.4, 1.44, 0, 0, 0, 0, 0, 1489.896, 62, 258.73, 0.54, 258.732, 0, 
삼천포태양광, 4, 2023-03-26 00:00:00, 0, 0, 0, 0, 0, 0, 0, 1.44, 262.111, 298.06, 91.248, 107.51, 113.912, 119.15, 1164.106, 702.549, 530.333, 178.469, 1200.03, 1173.565, 1161.628, 0, 0, 0, 7104.111, 296, 1200.03, 1.44, 1200.03, 0, 
구미태양광, 1, 2023-03-26 00:00:00, 0, 0, 0, 0, 0, 0, 0, 0, 129.084, 0, 393.036, 511.056, 688.663, 646.214, 436.064, 516.407, 350.37, 153.165, 8.823, 0, 0, 0, 0, 0, 3832.882, 160, 688.66, 8.823, 688.663, 0, 
삼천포태양광#6, 1, 2023-03-26 00:00:00, 0, 0, 0, 0, 0, 0, 0, 6.508, 164.766, 200.761, 94.876, 87.414, 81.798, 86.42, 592.261, 468.067, 322.081, 125.493, 574.124, 630.89, 628.441, 132.99, 0, 0, 4196.89, 175, 630.89, 6.5, 630.89, 0, 
영흥태양광#5, 1, 2023-03-26 00:00:00, 0, 0, 0, 0, 0, 0, 7.232, 298.905, 1149.821, 2003.147, 2600.958, 2974.589, 3102.347, 2986.642, 2714.253, 2205.632, 1516.221, 655.663, 72.316, 0, 0, 0, 0, 0, 22287.726, 929, 3102.34, 7.23, 3102.347, 0, 
영흥태양광 #3, 1, 2023-03-26 00:00:00, 2054.4, 0, 0, 0, 0, 0, 0, 221.28, 943.44, 1655.04, 181.92, 59.76, 149.76, 2584.56, 2380.32, 1959.84, 1290.24, 438.24, 30.72, 0, 0, 0, 2059.2, 2220, 18228.72, 760, 2584.56, 30.72, 2584.56, 0, 
영흥태양광 #3, 2, 2023-03-26 00:00:00, 702.72, 0, 0, 0, 0, 0, 0, 85.632, 393.792, 690.528, 107.136, 36.288, 586.272, 1078.464, 998.4, 834.24, 580.896, 282.816, 30.528, 0, 0, 0, 663.36, 743.04, 7814.112, 326, 1078.46, 30.52, 1078.464, 0, 
영흥태양광 #3, 3, 2023-03-26 00:00:00, 726, 0, 0, 0, 0, 0, 0, 69.12, 308.16, 567.24, 110.04, 37.56, 37.8, 729.84, 766.44, 635.88, 441.6, 206.04, 20.04, 0, 0, 0, 652.8, 740.4, 6048.96, 252, 766.44, 20.04, 766.44, 0, 
영흥태양광, 1, 2023-03-26 00:00:00, 0, 0, 0, 0, 0, 0, 0, 33.331, 217.536, 454.541, 658.061, 773.414, 815.078, 773.875, 714.739, 599.424, 419.328, 187.43, 21.235, 0, 0, 0, 0, 0, 5667.992, 236, 815.07, 21.23, 815.078, 0, 
예천태양광, 1, 2023-03-26 00:00:00, 0, 0, 0, 0, 0, 0, 0, 0, 373.14, 625.14, 455.4, 543.24, 972.36, 1420.02, 1219.14, 1041.3, 743.04, 342.36, 36.36, 0, 0, 0, 0, 0, 7771.5, 324, 1420.02, 36.36, 1420.02, 0, 
여수태양광, 1, 2023-03-26 00:00:00, 0, 0, 0, 0, 0, 0, 0, 0, 0, 0, 0, 0, 0, 0, 0, 0, 0, 0, 0, 0, 0, 0, 0, 846.69, 846.69, 35, 846.69, 846.69, 846.69, 0, 
영흥태양광, 2, 2023-03-26 00:00:00, 0, 0, 0, 0, 0, 0, 0, 61.709, 263.229, 494.64, 653.735, 748.227, 785.832, 766.547, 702.909, 555.385, 371.221, 161.987, 19.284, 0, 0, 0, 0, 0, 5584.705, 233, 785.83, 19.28, 785.832, 0, 
탑선태양광, 1, 2023-03-26 00:00:00, 0, 0, 0, 0, 0, 0, 0, 0, 0, 0, 0, 0, 0, 0, 0, 0, 0, 0, 0, 0, 0, 0, 0, 1835, 1835, 76, 1835, 1835, 1835, 0, 
탑선태양광, 3, 2023-03-26 00:00:00, 0, 0, 0, 0, 0, 0, 0, 0, 0, 0, 0, 0, 0, 0, 0, 0, 0, 0, 0, 0, 0, 0, 0, 1132, 1132, 47, 1132, 1132, 1132, 0, 
경상대태양광, 1, 2023-03-26 00:00:00, 0, 0, 0, 0, 0, 0, 1.512, 35.064, 157.392, 227.16, 441.792, 558.072, 581.76, 612.072, 600.984, 480.384, 302.4, 147.744, 4.896, 0, 0, 0, 0, 0, 4151.232, 173, 612.07, 1.51, 612.072, 0, 
영동태양광, 1, 2023-03-25 00:00:00, 0, 0, 0, 0, 0, 0, 0, 0, 5.184, 37.728, 63.84, 30.624, 30.72, 30.816, 30.912, 30.912, 75.648, 344.448, 34.08, 0, 0, 0, 0, 0, 714.912, 30, 344.44, 5.184, 344.448, 0, 
삼천포태양광#5, 1, 2023-03-25 00:00:00, 0, 0, 0, 0, 0, 0, 9.541, 438.6, 1266.119, 1683.494, 309.706, 213.046, 190.268, 271.184, 202.484, 198.868, 209.716, 97.626, 2429.811, 2538.284, 1525.863, 0, 0, 0, 11584.61, 483, 2538.28, 9.54, 2538.284, 0, 
삼천포태양광#5, 2, 2023-03-25 00:00:00, 0, 0, 0, 0, 0, 0, 16.962, 679.768, 2106.549, 2872.971, 405.223, 297.806, 289.932, 462.821, 298.905, 303.726, 361.579, 168.737, 3755.6, 3847.2, 3639.895, 0, 0, 0, 19507.674, 813, 3847.2, 16.962, 3847.2, 0, 
광양항세방태양광, 1, 2023-03-25 00:00:00, 0, 0, 0, 0, 0, 0, 7.2, 201.6, 304.8, 398.4, 470.4, 489.6, 808.8, 1408.8, 864, 417.6, 136.8, 45.6, 2.4, 0, 0, 0, 0, 0, 5556, 232, 1408.8, 2.4, 1408.8, 0, 
두산엔진MG태양광, 1, 2023-03-25 00:00:00, 0, 0, 0, 0, 0, 0, 0, 2.52, 8.1, 15.3, 6.3, 4.8, 5.1, 6.06, 3.96, 4.86, 13.98, 17.16, 44.22, 38.7, 0, 0, 0, 0, 171.06, 7, 44.22, 2.52, 44.22, 0, 
삼천포태양광, 1, 2023-03-25 00:00:00, 0, 0, 0, 0, 0, 0, 0, 4.26, 16.86, 22.056, 25.344, 36.396, 21.996, 35.1, 15.024, 7.8, 1.716, 0.06, 0, 0, 0, 0, 0, 0, 186.612, 8, 36.39, 0.06, 36.396, 0, 
삼천포태양광, 2, 2023-03-25 00:00:00, 0, 0, 0, 0, 0, 0, 2.112, 86.496, 278.112, 344.064, 400.512, 429.696, 351.936, 637.728, 246.144, 136.8, 49.344, 22.272, 4.8, 0, 0, 0, 0, 0, 2990.016, 125, 637.72, 2.112, 637.728, 0, 
삼천포태양광, 3, 2023-03-25 00:00:00, 0, 0, 0, 0, 0, 0, 0, 30.456, 95.508, 117.216, 136.512, 136.332, 123.444, 227.196, 82.656, 45.54, 13.896, 2.412, 0.252, 0, 0, 0, 0, 0, 1011.42, 42, 227.19, 0.252, 227.196, 0, 
삼천포태양광, 4, 2023-03-25 00:00:00, 0, 0, 0, 0, 0, 0, 0, 85.098, 475.9, 688.902, 85.734, 96.136, 94.211, 102.6, 100.08, 90.9, 44.28, 1.08, 1176.84, 946.62, 0, 0, 0, 0, 3988.381, 166, 1176.84, 1.08, 1176.84, 0, 
구미태양광, 1, 2023-03-25 00:00:00, 0, 0, 0, 0, 0, 0, 0, 1.085, 69.206, 104.496, 84.826, 119.9, 118.236, 147.09, 127.565, 96.614, 108.184, 43.968, 0, 0, 0, 0, 0, 0, 1021.17, 43, 147.09, 1.085, 147.09, 0, 
삼천포태양광#6, 1, 2023-03-25 00:00:00, 0, 0, 0, 0, 0, 0, 1.272, 80.223, 223.304, 297.849, 110.568, 83.157, 84.261, 99.796, 91.118, 86.779, 48.452, 16.633, 561.894, 636.379, 195.976, 0, 0, 0, 2617.661, 109, 636.37, 1.27, 636.379, 0, 
영흥태양광#5, 1, 2023-03-25 00:00:00, 0, 0, 0, 0, 0, 0, 7.232, 303.726, 875.021, 1154.642, 1185.979, 1200.442, 2610.6, 2449.095, 2285.179, 1730.758, 913.589, 371.221, 57.853, 0, 0, 0, 0, 0, 15145.337, 631, 2610.6, 7.232, 2610.6, 0, 
영흥태양광 #3, 1, 2023-03-25 00:00:00, 2035.2, 0, 0, 0, 0, 0, 0, 238.08, 737.28, 949.68, 197.76, 47.52, 63.12, 77.28, 1226.4, 1534.32, 811.44, 328.08, 45.12, 0, 0, 0, 2059.2, 2220, 12570.48, 524, 2220, 45.12, 2220, 0, 
영흥태양광 #3, 2, 2023-03-25 00:00:00, 696.96, 0, 0, 0, 0, 0, 0, 93.312, 296.448, 430.08, 104.256, 21.6, 23.232, 194.976, 840.48, 647.904, 358.368, 145.152, 16.512, 0, 0, 0, 664.32, 742.08, 5275.68, 220, 840.48, 16.512, 840.48, 0, 
영흥태양광 #3, 3, 2023-03-25 00:00:00, 726, 0, 0, 0, 0, 0, 0, 72.24, 243.48, 330.12, 92.88, 43.8, 39.36, 41.28, 148.32, 489.6, 266.04, 108.84, 10.68, 0, 0, 0, 652.8, 740.4, 4005.84, 167, 740.4, 10.68, 740.4, 0, 
영흥태양광, 1, 2023-03-25 00:00:00, 0, 0, 0, 0, 0, 0, 0, 38.515, 190.733, 285.427, 407.962, 492.979, 621.427, 636.557, 601.344, 474.432, 257.664, 103.757, 16.013, 0, 0, 0, 0, 0, 4126.81, 172, 636.55, 16.013, 636.557, 0, 
예천태양광, 1, 2023-03-25 00:00:00, 0, 0, 0, 0, 0, 0, 0, 15.66, 60.12, 127.08, 253.26, 207.9, 179.64, 200.34, 376.92, 173.52, 89.28, 26.1, 1.44, 0, 0, 0, 0, 0, 1711.26, 71, 376.92, 1.44, 376.92, 0, 
여수태양광, 1, 2023-03-25 00:00:00, 0, 0, 0, 0, 0, 0, 0, 0, 0, 0, 0, 0, 0, 0, 0, 0, 0, 0, 0, 0, 0, 0, 0, 700, 700, 29, 700, 700, 700, 0, 
영흥태양광, 2, 2023-03-25 00:00:00, 0, 0, 0, 0, 0, 0, 0, 67.495, 208.269, 290.227, 363.507, 289.263, 665.305, 609.381, 572.741, 448.358, 244.909, 103.171, 16.392, 0, 0, 0, 0, 0, 3879.018, 162, 665.3, 16.392, 665.305, 0, 
탑선태양광, 1, 2023-03-25 00:00:00, 0, 0, 0, 0, 0, 0, 0, 0, 0, 0, 0, 0, 0, 0, 0, 0, 0, 0, 0, 0, 0, 0, 0, 1835, 1835, 76, 1835, 1835, 1835, 0, 
탑선태양광, 3, 2023-03-25 00:00:00, 0, 0, 0, 0, 0, 0, 0, 0, 0, 0, 0, 0, 0, 0, 0, 0, 0, 0, 0, 0, 0, 0, 0, 1132, 1132, 47, 1132, 1132, 1132, 0, 
경상대태양광, 1, 2023-03-25 00:00:00, 0, 0, 0, 0, 0, 0, 5.184, 77.904, 206.064, 205.416, 187.344, 225.144, 238.392, 185.904, 127.224, 133.056, 98.496, 50.544, 2.16, 0, 0, 0, 0, 0, 1742.832, 73, 238.39, 2.16, 238.392, 0, 
영동태양광, 1, 2023-03-24 00:00:00, 0, 0, 0, 0, 0, 0, 0, 0, 9.024, 37.248, 67.2, 31.2, 30.912, 31.104, 31.104, 31.008, 44.256, 307.488, 15.648, 0, 0, 0, 0, 0, 636.192, 27, 307.48, 9.024, 307.488, 0, 
삼천포태양광#5, 1, 2023-03-24 00:00:00, 0, 0, 0, 0, 0, 0, 0, 0, 50.621, 209.716, 202.484, 202.484, 188.021, 195.253, 198.868, 202.484, 115.705, 28.926, 752.084, 0, 0, 0, 0, 0, 2346.646, 98, 752.08, 28.92, 752.084, 0, 
삼천포태양광#5, 2, 2023-03-24 00:00:00, 0, 0, 0, 0, 0, 0, 0, 4.821, 101.242, 366.4, 308.547, 303.726, 298.905, 298.905, 303.726, 303.726, 202.484, 62.674, 1359.537, 0, 0, 0, 0, 0, 3914.693, 163, 1359.53, 4.821, 1359.537, 0, 
광양항세방태양광, 1, 2023-03-24 00:00:00, 0, 0, 0, 0, 0, 0, 0, 2.4, 12, 26.4, 160.8, 196.8, 211.2, 194.4, 108, 33.6, 7.2, 2.4, 0, 0, 0, 0, 0, 0, 955.2, 40, 211.2, 2.4, 211.2, 0, 
두산엔진MG태양광, 1, 2023-03-24 00:00:00, 0, 0, 0, 0, 0, 0, 0, 0, 0.66, 2.22, 3.66, 4.68, 4.32, 4.32, 3.9, 3.84, 1.68, 0.42, 9.24, 0, 0, 0, 0, 0, 38.94, 2, 9.24, 0.42, 9.24, 0, 
삼천포태양광, 1, 2023-03-24 00:00:00, 0, 0, 0, 0, 0, 0, 0, 0, 0, 1.74, 2.292, 3.024, 1.74, 2.532, 6.972, 3.228, 0.348, 0, 0, 0, 0, 0, 0, 0, 21.876, 1, 6.97, 0.348, 6.972, 0, 
삼천포태양광, 2, 2023-03-24 00:00:00, 0, 0, 0, 0, 0, 0, 0, 0, 7.008, 41.088, 61.92, 73.92, 50.304, 57.12, 119.328, 73.248, 26.88, 6.048, 0, 0, 0, 0, 0, 0, 516.864, 22, 119.32, 6.048, 119.328, 0, 
삼천포태양광, 3, 2023-03-24 00:00:00, 0, 0, 0, 0, 0, 0, 0, 0, 0.108, 6.48, 20.556, 24.444, 13.392, 16.884, 37.908, 23.688, 4.752, 0.036, 0, 0, 0, 0, 0, 0, 148.248, 6, 37.9, 0.036, 37.908, 0, 
삼천포태양광, 4, 2023-03-24 00:00:00, 0, 0, 0, 0, 0, 0, 0, 0, 0, 52.56, 94.5, 99.54, 60.3, 68.94, 99, 90.36, 10.8, 0, 179.82, 0, 0, 0, 0, 0, 755.82, 31, 179.82, 10.8, 179.82, 0, 
구미태양광, 1, 2023-03-24 00:00:00, 0, 0, 0, 0, 0, 0, 0, 0, 0.362, 20.031, 89.816, 121.635, 173.703, 182.597, 101.242, 62.119, 9.69, 0.579, 0, 0, 0, 0, 0, 0, 761.774, 32, 182.59, 0.36, 182.597, 0, 
삼천포태양광#6, 1, 2023-03-24 00:00:00, 0, 0, 0, 0, 0, 0, 0, 0, 1.446, 33.988, 60.022, 71.593, 46.282, 54.96, 89.672, 73.039, 20.972, 1.446, 39.051, 0, 0, 0, 0, 0, 492.471, 21, 89.67, 1.44, 89.672, 0, 
영흥태양광#5, 1, 2023-03-24 00:00:00, 0, 0, 0, 0, 0, 0, 14.463, 175.968, 544.779, 1480.063, 2051.358, 1725.937, 2082.695, 2005.558, 1190.8, 1000.368, 670.126, 313.368, 26.516, 0, 0, 0, 0, 0, 13281.999, 553, 2082.69, 14.46, 2082.695, 0, 
영흥태양광 #3, 1, 2023-03-24 00:00:00, 2054.4, 0, 0, 0, 0, 0, 0, 140.64, 465.36, 1231.44, 133.44, 116.16, 36.72, 115.92, 551.04, 889.68, 660.72, 284.4, 12.72, 0, 0, 0, 2061.6, 2220, 10974.24, 457, 2220, 12.72, 2220, 0, 
영흥태양광 #3, 2, 2023-03-24 00:00:00, 703.68, 0, 0, 0, 0, 0, 0, 48, 180.768, 507.168, 68.832, 59.424, 9.216, 313.632, 434.496, 356.64, 266.016, 120.864, 0, 0, 0, 0, 664.32, 743.04, 4476.096, 187, 743.04, 9.216, 743.04, 0, 
영흥태양광 #3, 3, 2023-03-24 00:00:00, 723.6, 0, 0, 0, 0, 0, 0, 42.6, 150.24, 414.6, 89.52, 45, 39.48, 43.68, 44.4, 215.16, 209.76, 91.44, 0.24, 0, 0, 0, 652.8, 740.4, 3502.92, 146, 740.4, 0.24, 740.4, 0, 
영흥태양광, 1, 2023-03-24 00:00:00, 0, 0, 0, 0, 0, 0, 0, 33.715, 123.379, 329.779, 512.986, 488.717, 539.712, 516.096, 338.688, 255.514, 211.354, 89.05, 6.029, 0, 0, 0, 0, 0, 3445.019, 144, 539.71, 6.029, 539.712, 0, 
예천태양광, 1, 2023-03-24 00:00:00, 0, 0, 0, 0, 0, 0, 0, 1.44, 68.58, 217.08, 228.06, 511.56, 293.04, 374.94, 349.2, 280.98, 154.62, 63.18, 4.32, 0, 0, 0, 0, 0, 2547, 106, 511.56, 1.44, 511.56, 0, 
여수태양광, 1, 2023-03-24 00:00:00, 0, 0, 0, 0, 0, 0, 0, 0, 0, 0, 0, 0, 0, 0, 0, 0, 0, 0, 0, 0, 0, 0, 0, 700, 700, 29, 700, 700, 700, 0, 
영흥태양광, 2, 2023-03-24 00:00:00, 0, 0, 0, 0, 0, 0, 0.964, 43.389, 135.954, 367.364, 518.745, 468.606, 513.924, 533.208, 328.796, 262.265, 196.699, 87.743, 7.714, 0, 0, 0, 0, 0, 3465.371, 144, 533.2, 0.964, 533.208, 0, 
탑선태양광, 1, 2023-03-24 00:00:00, 0, 0, 0, 0, 0, 0, 0, 0, 0, 0, 0, 0, 0, 0, 0, 0, 0, 0, 0, 0, 0, 0, 0, 1835, 1835, 76, 1835, 1835, 1835, 0, 
탑선태양광, 3, 2023-03-24 00:00:00, 0, 0, 0, 0, 0, 0, 0, 0, 0, 0, 0, 0, 0, 0, 0, 0, 0, 0, 0, 0, 0, 0, 0, 1132, 1132, 47, 1132, 1132, 1132, 0, 
경상대태양광, 1, 2023-03-24 00:00:00, 0, 0, 0, 0, 0, 0, 0.072, 9.216, 15.12, 18.36, 38.664, 48.456, 97.416, 43.56, 27.216, 25.056, 15.264, 6.912, 0, 0, 0, 0, 0, 0, 345.312, 14, 97.41, 0.072, 97.416, 0, 
영동태양광, 1, 2023-03-23 00:00:00, 0, 0, 0, 0, 0, 0, 0, 0, 7.392, 30.72, 58.944, 31.296, 31.392, 31.2, 29.664, 30.912, 16.608, 321.216, 12.192, 0, 0, 0, 0, 0, 601.536, 25, 321.21, 7.392, 321.216, 0, 
삼천포태양광#5, 1, 2023-03-23 00:00:00, 0, 0, 0, 0, 0, 0, 0, 0, 0, 72.316, 191.277, 194.62, 188.605, 195.253, 202.484, 195.253, 115.705, 21.695, 2003.147, 0, 0, 0, 0, 0, 3380.355, 141, 2003.14, 21.69, 2003.147, 0, 
삼천포태양광#5, 2, 2023-03-23 00:00:00, 0, 0, 0, 0, 0, 0, 0, 0, 0, 130.168, 282.858, 286.808, 288.051, 298.905, 303.726, 298.905, 207.305, 38.568, 3596.505, 0, 0, 0, 0, 0, 5731.799, 239, 3596.5, 38.56, 3596.505, 0, 
광양항세방태양광, 1, 2023-03-23 00:00:00, 0, 0, 0, 0, 0, 0, 0, 0, 2.4, 160.8, 583.2, 876, 216, 192, 187.2, 261.6, 117.6, 0, 0, 0, 0, 0, 0, 0, 2596.8, 108, 876, 2.4, 876, 0, 
두산엔진MG태양광, 1, 2023-03-23 00:00:00, 0, 0, 0, 0, 0, 0, 0, 0, 0.18, 0.9, 0.96, 3.6, 3.54, 4.38, 3.42, 1.62, 4.68, 2.7, 9.3, 0, 0, 0, 0, 0, 35.28, 1, 9.3, 0.18, 9.3, 0, 
삼천포태양광, 1, 2023-03-23 00:00:00, 0, 0, 0, 0, 0, 0, 0, 0, 0, 0.192, 11.352, 12.168, 9.432, 8.88, 4.464, 4.332, 0.708, 0.012, 0, 0, 0, 0, 0, 0, 51.54, 2, 12.16, 0.012, 12.168, 0, 
삼천포태양광, 2, 2023-03-23 00:00:00, 0, 0, 0, 0, 0, 0, 0, 0, 0, 17.088, 180.96, 188.064, 157.248, 141.408, 88.704, 81.312, 31.2, 4.896, 0.096, 0, 0, 0, 0, 0, 890.976, 37, 188.06, 0.096, 188.064, 0, 
삼천포태양광, 3, 2023-03-23 00:00:00, 0, 0, 0, 0, 0, 0, 0, 0, 0, 1.908, 58.932, 62.82, 50.976, 46.008, 28.476, 24.552, 5.688, 0.288, 0, 0, 0, 0, 0, 0, 279.648, 12, 62.82, 0.288, 62.82, 0, 
삼천포태양광, 4, 2023-03-23 00:00:00, 0, 0, 0, 0, 0, 0, 0, 0, 0, 0.18, 84.141, 94.505, 94.915, 93.42, 88.02, 84.06, 6.48, 0, 481.32, 0, 0, 0, 0, 0, 1027.041, 43, 481.32, 0.18, 481.32, 0, 
구미태양광, 1, 2023-03-23 00:00:00, 0, 0, 0, 0, 0, 0, 0, 0, 0.506, 28.926, 59.371, 40.425, 74.268, 147.886, 58.793, 75.715, 44.113, 25.961, 0, 0, 0, 0, 0, 0, 555.964, 23, 147.88, 0.506, 147.886, 0, 
삼천포태양광#6, 1, 2023-03-23 00:00:00, 0, 0, 0, 0, 0, 0, 0, 0, 0, 13.74, 80.684, 86.042, 87.101, 80.271, 79.547, 73.039, 25.311, 2.893, 310.958, 0, 0, 0, 0, 0, 839.586, 35, 310.95, 2.89, 310.958, 0, 
영흥태양광#5, 1, 2023-03-23 00:00:00, 0, 0, 0, 0, 0, 0, 0, 38.568, 190.432, 385.684, 843.684, 1716.295, 2535.874, 2424.989, 1711.474, 1603, 1181.158, 508.621, 53.032, 0, 0, 0, 0, 0, 13192.811, 550, 2535.87, 38.568, 2535.874, 0, 
영흥태양광 #3, 1, 2023-03-23 00:00:00, 2049.6, 0, 0, 0, 0, 0, 0, 36.72, 234.24, 481.2, 105.12, 95.52, 66.48, 48.24, 552.72, 1384.08, 943.44, 387.12, 36.48, 0, 0, 0, 2059.2, 2220, 10700.16, 446, 2220, 36.48, 2220, 0, 
영흥태양광 #3, 2, 2023-03-23 00:00:00, 707.52, 0, 0, 0, 0, 0, 0, 3.072, 84.576, 190.56, 56.64, 38.496, 45.6, 168.192, 642.912, 574.752, 430.08, 214.368, 17.088, 0, 0, 0, 666.24, 742.08, 4582.176, 191, 742.08, 3.07, 742.08, 0, 
영흥태양광 #3, 3, 2023-03-23 00:00:00, 666, 0, 0, 0, 0, 0, 0, 8.4, 74.4, 154.8, 61.8, 44.52, 40.44, 39.6, 44.64, 312.6, 325.68, 160.92, 10.32, 0, 0, 0, 654, 740.4, 3338.52, 139, 740.4, 8.4, 740.4, 0, 
영흥태양광, 1, 2023-03-23 00:00:00, 0, 0, 0, 0, 0, 0, 0, 6.374, 64.013, 131.942, 234.125, 428.966, 558.029, 612.557, 483.725, 359.77, 296.218, 147.494, 14.515, 0, 0, 0, 0, 0, 3337.728, 139, 612.55, 6.374, 612.557, 0, 
예천태양광, 1, 2023-03-23 00:00:00, 0, 0, 0, 0, 0, 0, 0, 0, 23.94, 73.44, 99.54, 90.54, 171.36, 112.32, 180.36, 59.04, 189.36, 300.24, 20.16, 0, 0, 0, 0, 0, 1320.3, 55, 300.24, 20.16, 300.24, 0, 
여수태양광, 1, 2023-03-23 00:00:00, 0, 0, 0, 0, 0, 0, 0, 0, 0, 0, 0, 0, 0, 0, 0, 0, 0, 0, 0, 0, 0, 0, 0, 700, 700, 29, 700, 700, 700, 0, 
영흥태양광, 2, 2023-03-23 00:00:00, 0, 0, 0, 0, 0, 0, 0, 12.535, 69.423, 146.56, 232.375, 446.429, 599.739, 567.92, 469.571, 398.219, 276.728, 131.133, 15.427, 0, 0, 0, 0, 0, 3366.059, 140, 599.73, 12.53, 599.739, 0, 
탑선태양광, 1, 2023-03-23 00:00:00, 0, 0, 0, 0, 0, 0, 0, 0, 0, 0, 0, 0, 0, 0, 0, 0, 0, 0, 0, 0, 0, 0, 0, 1835, 1835, 76, 1835, 1835, 1835, 0, 
탑선태양광, 3, 2023-03-23 00:00:00, 0, 0, 0, 0, 0, 0, 0, 0, 0, 0, 0, 0, 0, 0, 0, 0, 0, 0, 0, 0, 0, 0, 0, 1132, 1132, 47, 1132, 1132, 1132, 0, 
경상대태양광, 1, 2023-03-23 00:00:00, 0, 0, 0, 0, 0, 0, 0, 1.728, 10.08, 43.632, 49.464, 205.704, 153.864, 100.008, 78.048, 78.48, 33.552, 5.184, 0.432, 0, 0, 0, 0, 0, 760.176, 32, 205.7, 0.432, 205.704, 0, 
영동태양광, 1, 2023-03-22 00:00:00, 0, 0, 0, 0, 0, 0, 0, 14.304, 116.736, 321.888, 357.504, 36.864, 41.28, 44.448, 689.952, 731.424, 492.768, 530.208, 690.528, 687.936, 637.728, 34.176, 0, 0, 5427.744, 226, 731.42, 14.304, 731.424, 0, 
삼천포태양광#5, 1, 2023-03-22 00:00:00, 0, 0, 0, 0, 0, 0, 0, 75.932, 151.863, 534.733, 197.287, 190.894, 188.769, 190.945, 192.254, 188.829, 236.995, 56.033, 2444.274, 245.874, 0, 0, 0, 0, 4894.682, 204, 2444.27, 56.03, 2444.274, 0, 
삼천포태양광#5, 2, 2023-03-22 00:00:00, 0, 0, 0, 0, 0, 0, 0, 101.242, 212.126, 746.929, 301.233, 286.341, 288.301, 286.417, 283.804, 288.394, 403.005, 103.764, 3673.642, 298.905, 0, 0, 0, 0, 7274.103, 303, 3673.64, 101.24, 3673.642, 0, 
광양항세방태양광, 1, 2023-03-22 00:00:00, 0, 0, 0, 0, 0, 0, 0, 48, 112.8, 352.8, 684, 681.6, 427.2, 254.4, 345.6, 297.6, 146.4, 36, 2.4, 0, 0, 0, 0, 0, 3388.8, 141, 684, 2.4, 684, 0, 
두산엔진MG태양광, 1, 2023-03-22 00:00:00, 0, 0, 0, 0, 0, 0, 0, 0.96, 5.46, 13.5, 6.24, 4.98, 4.5, 4.08, 4.32, 3.66, 6, 0.96, 43.26, 30.24, 0, 0, 0, 0, 128.16, 5, 43.26, 0.96, 43.26, 0, 
삼천포태양광, 1, 2023-03-22 00:00:00, 0, 0, 0, 0, 0, 0, 0, 0.096, 1.224, 7.56, 9.3, 10.116, 16.284, 12.852, 7.692, 7.044, 2.364, 0.24, 0, 0, 0, 0, 0, 0, 74.772, 3, 16.28, 0.096, 16.284, 0, 
삼천포태양광, 2, 2023-03-22 00:00:00, 0, 0, 0, 0, 0, 0, 0, 15.168, 37.344, 122.4, 146.592, 162.336, 240.192, 201.216, 128.64, 121.152, 58.56, 13.44, 0, 0, 0, 0, 0, 0, 1247.04, 52, 240.19, 13.44, 240.192, 0, 
삼천포태양광, 3, 2023-03-22 00:00:00, 0, 0, 0, 0, 0, 0, 0, 0.576, 6.012, 37.944, 46.296, 52.74, 77.796, 65.808, 41.472, 39.204, 19.08, 3.996, 0, 0, 0, 0, 0, 0, 390.924, 16, 77.79, 0.576, 77.796, 0, 
삼천포태양광, 4, 2023-03-22 00:00:00, 0, 0, 0, 0, 0, 0, 0, 0.18, 16.2, 176.38, 89.342, 94.182, 95.168, 94.377, 94.853, 95.028, 60.358, 4.339, 628.56, 0, 0, 0, 0, 0, 1448.967, 60, 628.56, 0.18, 628.56, 0, 
구미태양광, 1, 2023-03-22 00:00:00, 0, 0, 0, 0, 0, 0, 0, 6.291, 83.959, 143.691, 315.948, 643.394, 450.744, 336.63, 368.377, 227.361, 155.768, 13.306, 0, 0, 0, 0, 0, 0, 2745.469, 114, 643.39, 6.291, 643.394, 0, 
삼천포태양광#6, 1, 2023-03-22 00:00:00, 0, 0, 0, 0, 0, 0, 0, 7.955, 32.542, 125.862, 84.642, 86.584, 86.49, 85.925, 87.201, 87.205, 55.642, 10.584, 380.381, 0, 0, 0, 0, 0, 1131.013, 47, 380.38, 7.95, 380.381, 0, 
영흥태양광#5, 1, 2023-03-22 00:00:00, 0, 0, 0, 0, 0, 0, 0, 45.8, 185.611, 612.274, 759.316, 1446.316, 1398.105, 1699.421, 752.084, 641.2, 255.516, 45.8, 2.411, 0, 0, 0, 0, 0, 7843.854, 327, 1699.42, 2.411, 1699.421, 0, 
영흥태양광 #3, 1, 2023-03-22 00:00:00, 2035.2, 0, 0, 0, 0, 0, 0, 41.52, 207.6, 753.6, 115.2, 59.76, 97.44, 78.72, 288.72, 774.24, 325.2, 61.68, 0, 0, 0, 0, 2061.6, 2217.6, 9118.08, 380, 2217.6, 41.52, 2217.6, 0, 
영흥태양광 #3, 2, 2023-03-22 00:00:00, 704.64, 0, 0, 0, 0, 0, 0, 8.448, 80.64, 266.4, 36.96, 0, 55.296, 199.68, 482.4, 332.16, 148.704, 27.84, 0, 0, 0, 0, 665.28, 742.08, 3750.528, 156, 742.08, 8.448, 742.08, 0, 
영흥태양광 #3, 3, 2023-03-22 00:00:00, 721.2, 0, 0, 0, 0, 0, 0, 9.12, 59.4, 239.4, 70.32, 41.28, 43.8, 41.88, 46.56, 45.48, 90.72, 14.28, 0, 0, 0, 0, 654, 740.4, 2817.84, 117, 740.4, 9.12, 740.4, 0, 
영흥태양광, 1, 2023-03-22 00:00:00, 0, 0, 0, 0, 0, 0, 0, 7.334, 45.235, 186.278, 276.134, 503.04, 499.2, 518.323, 284.582, 197.491, 89.856, 19.661, 0, 0, 0, 0, 0, 0, 2627.134, 109, 518.32, 7.334, 518.323, 0, 
예천태양광, 1, 2023-03-22 00:00:00, 0, 0, 0, 0, 0, 0, 0, 82.08, 473.04, 860.76, 1114.2, 1299.24, 1358.1, 1246.14, 1049.22, 917.82, 295.38, 180, 26.1, 0, 0, 0, 0, 0, 8902.08, 371, 1358.1, 26.1, 1358.1, 0, 
여수태양광, 1, 2023-03-22 00:00:00, 0, 0, 0, 0, 0, 0, 0, 0, 0, 0, 0, 0, 0, 0, 0, 0, 0, 0, 0, 0, 0, 0, 0, 700, 700, 29, 700, 700, 700, 0, 
영흥태양광, 2, 2023-03-22 00:00:00, 0, 0, 0, 0, 0, 0, 0, 13.499, 62.674, 227.554, 274.8, 542.851, 496.568, 622.88, 309.512, 233.339, 100.278, 21.213, 0, 0, 0, 0, 0, 0, 2905.168, 121, 622.88, 13.499, 622.88, 0, 
탑선태양광, 1, 2023-03-22 00:00:00, 0, 0, 0, 0, 0, 0, 0, 0, 0, 0, 0, 0, 0, 0, 0, 0, 0, 0, 0, 0, 0, 0, 0, 1835, 1835, 76, 1835, 1835, 1835, 0, 
탑선태양광, 3, 2023-03-22 00:00:00, 0, 0, 0, 0, 0, 0, 0, 0, 0, 0, 0, 0, 0, 0, 0, 0, 0, 0, 0, 0, 0, 0, 0, 1132, 1132, 47, 1132, 1132, 1132, 0, 
경상대태양광, 1, 2023-03-22 00:00:00, 0, 0, 0, 0, 0, 0, 0, 9.864, 49.824, 80.136, 156.168, 200.16, 223.56, 114.696, 121.464, 85.32, 57.672, 11.952, 0, 0, 0, 0, 0, 0, 1110.816, 46, 223.56, 9.864, 223.56, 0, 
영동태양광, 1, 2023-03-21 00:00:00, 0, 0, 0, 0, 0, 0, 0, 13.44, 115.488, 312.096, 354.816, 35.808, 40.608, 41.856, 699.264, 721.056, 546.144, 558.336, 691.2, 688.608, 653.76, 49.248, 0, 0, 5521.728, 230, 721.05, 13.44, 721.056, 0, 
삼천포태양광#5, 1, 2023-03-21 00:00:00, 0, 0, 0, 0, 0, 0, 0, 25.741, 110.085, 306.517, 193.144, 191.562, 191.227, 189.707, 191.042, 912.703, 695.154, 428.333, 2475.101, 1352.314, 0, 0, 0, 0, 7262.63, 303, 2475.1, 25.74, 2475.101, 0, 
삼천포태양광#5, 2, 2023-03-21 00:00:00, 0, 0, 0, 0, 0, 0, 0, 34.321, 155.676, 436.555, 289.151, 287.343, 286.841, 285.136, 286.563, 1270.482, 998.537, 619.067, 3801.795, 1555.603, 0, 0, 0, 0, 10307.07, 429, 3801.79, 34.32, 3801.795, 0, 
광양항세방태양광, 1, 2023-03-21 00:00:00, 0, 0, 0, 0, 0, 0, 0, 26.4, 182.4, 316.8, 400.8, 672, 1111.2, 1108.8, 840, 650.4, 369.6, 160.8, 14.4, 0, 0, 0, 0, 0, 5853.6, 244, 1111.2, 14.4, 1111.2, 0, 
두산엔진MG태양광, 1, 2023-03-21 00:00:00, 0, 0, 0, 0, 0, 0, 0, 1.68, 6.9, 14.52, 6.9, 6.42, 5.7, 5.88, 11.28, 47.64, 38.7, 19.8, 45.24, 49.62, 44.28, 0, 0, 0, 304.56, 13, 49.62, 1.68, 49.62, 0, 
삼천포태양광, 1, 2023-03-21 00:00:00, 0, 0, 0, 0, 0, 0, 0, 0.012, 0.66, 3.18, 6.276, 11.796, 20.244, 20.424, 16.692, 15.504, 9.024, 4.02, 0, 0, 0, 0, 0, 0, 107.832, 4, 20.42, 0.012, 20.424, 0, 
삼천포태양광, 2, 2023-03-21 00:00:00, 0, 0, 0, 0, 0, 0, 0, 6.048, 26.496, 70.368, 105.888, 162.432, 287.712, 307.968, 240.192, 239.616, 155.904, 108.48, 5.376, 0, 0, 0, 0, 0, 1716.48, 72, 307.96, 5.37, 307.968, 0, 
삼천포태양광, 3, 2023-03-21 00:00:00, 0, 0, 0, 0, 0, 0, 0, 0.18, 3.132, 22.356, 33.12, 61.812, 100.692, 102.456, 78.588, 77.04, 49.14, 32.76, 0.072, 0, 0, 0, 0, 0, 561.348, 23, 102.45, 0.072, 102.456, 0, 
삼천포태양광, 4, 2023-03-21 00:00:00, 0, 0, 0, 0, 0, 0, 0, 0, 10.794, 93.114, 93.62, 94.852, 94.686, 95.47, 94.594, 101.231, 250.625, 130.869, 1199.277, 213.841, 0, 0, 0, 0, 2472.973, 103, 1199.27, 10.79, 1199.277, 0, 
구미태양광, 1, 2023-03-21 00:00:00, 0, 0, 0, 0, 0, 0, 0, 57.708, 221.069, 456.963, 592.917, 667.113, 691.194, 663.931, 594.363, 474.102, 309.005, 124.962, 3.327, 0, 0, 0, 0, 0, 4856.654, 202, 691.19, 3.327, 691.194, 0, 
삼천포태양광#6, 1, 2023-03-21 00:00:00, 0, 0, 0, 0, 0, 0, 0, 1.931, 19.348, 68.27, 85.39, 86.203, 84.686, 86.231, 85.969, 92, 144.764, 88.282, 572.482, 239.306, 0, 0, 0, 0, 1654.862, 69, 572.48, 1.93, 572.482, 0, 
영흥태양광#5, 1, 2023-03-21 00:00:00, 0, 0, 0, 0, 0, 0, 7.232, 291.674, 1053.4, 1839.232, 2396.063, 1258.295, 1173.926, 1154.642, 1043.758, 860.558, 595.4, 404.968, 38.568, 0, 0, 0, 0, 0, 12117.716, 505, 2396.06, 7.232, 2396.063, 0, 
영흥태양광 #3, 1, 2023-03-21 00:00:00, 2049.6, 0, 0, 0, 0, 0, 0, 225.84, 880.32, 1527.36, 180.48, 58.32, 65.52, 2146.56, 2249.52, 1866.72, 1232.64, 426.48, 37.68, 0, 0, 0, 2059.2, 2220, 17226.24, 718, 2249.52, 37.68, 2249.52, 0, 
영흥태양광 #3, 2, 2023-03-21 00:00:00, 706.56, 0, 0, 0, 0, 0, 0, 83.616, 357.12, 624.48, 98.688, 25.44, 376.128, 1023.744, 937.632, 793.728, 555.36, 261.792, 23.04, 0, 0, 0, 665.28, 742.08, 7274.688, 303, 1023.74, 23.04, 1023.744, 0, 
영흥태양광 #3, 3, 2023-03-21 00:00:00, 721.2, 0, 0, 0, 0, 0, 0, 63.12, 283.2, 497.52, 102.96, 38.16, 38.76, 452.88, 723.36, 607.2, 420.48, 189.36, 14.88, 0, 0, 0, 654, 740.4, 5547.48, 231, 740.4, 14.88, 740.4, 0, 
영흥태양광, 1, 2023-03-21 00:00:00, 0, 0, 0, 0, 0, 0, 0, 29.376, 194.189, 407.078, 603.187, 692.39, 738.586, 723.11, 666.931, 556.378, 390.797, 169.421, 18.432, 0, 0, 0, 0, 0, 5189.875, 216, 738.58, 18.432, 738.586, 0, 
예천태양광, 1, 2023-03-21 00:00:00, 0, 0, 0, 0, 0, 0, 0, 75.06, 486.36, 891.9, 1156.68, 1306.44, 1385.28, 1356.12, 1237.86, 1031.22, 730.26, 324.36, 30.24, 0, 0, 0, 0, 0, 10011.78, 417, 1385.28, 30.24, 1385.28, 0, 
여수태양광, 1, 2023-03-21 00:00:00, 0, 0, 0, 0, 0, 0, 0, 0, 0, 0, 0, 0, 0, 0, 0, 0, 0, 0, 0, 0, 0, 0, 0, 700, 700, 29, 700, 700, 700, 0, 
영흥태양광, 2, 2023-03-21 00:00:00, 0, 0, 0, 0, 0, 0, 0.964, 58.817, 239.124, 450.286, 595.882, 685.554, 734.728, 660.484, 600.703, 525.495, 351.937, 151.381, 17.356, 0, 0, 0, 0, 0, 5072.711, 211, 734.72, 0.964, 734.728, 0, 
탑선태양광, 1, 2023-03-21 00:00:00, 0, 0, 0, 0, 0, 0, 0, 0, 0, 0, 0, 0, 0, 0, 0, 0, 0, 0, 0, 0, 0, 0, 0, 1835, 1835, 76, 1835, 1835, 1835, 0, 
탑선태양광, 3, 2023-03-21 00:00:00, 0, 0, 0, 0, 0, 0, 0, 0, 0, 0, 0, 0, 0, 0, 0, 0, 0, 0, 0, 0, 0, 0, 0, 1132, 1132, 47, 1132, 1132, 1132, 0, 
경상대태양광, 1, 2023-03-21 00:00:00, 0, 0, 0, 0, 0, 0, 0, 34.344, 113.184, 187.416, 259.992, 587.88, 641.304, 488.088, 405, 465.048, 307.224, 119.592, 7.344, 0, 0, 0, 0, 0, 3616.416, 151, 641.3, 7.34, 641.304, 0, 
영동태양광, 1, 2023-03-20 00:00:00, 0, 0, 0, 0, 0, 0, 0, 11.904, 123.744, 320.736, 371.52, 31.68, 35.232, 42.624, 622.368, 676.512, 564.768, 562.56, 691.488, 688.416, 655.872, 53.568, 0, 0, 5452.992, 227, 691.48, 11.904, 691.488, 0, 
삼천포태양광#5, 1, 2023-03-20 00:00:00, 0, 0, 0, 0, 0, 0, 4.435, 341.837, 1069.464, 1602.241, 392.295, 768.205, 800.871, 1011.181, 2765.246, 2307.706, 1175.318, 328.558, 2472.066, 2510.219, 2509.711, 885.242, 0, 0, 20944.595, 873, 2765.24, 4.43, 2765.246, 0, 
삼천포태양광#5, 2, 2023-03-20 00:00:00, 0, 0, 0, 0, 0, 0, 2.957, 450.774, 1509.254, 2259.479, 393.413, 699.615, 874.107, 1449.612, 3953.409, 3266.583, 1695.391, 473.838, 3802.045, 3805.315, 3809.319, 1210.258, 0, 0, 29655.369, 1236, 3953.4, 2.95, 3953.409, 0, 
광양항세방태양광, 1, 2023-03-20 00:00:00, 0, 0, 0, 0, 0, 0, 2.4, 163.2, 528, 1056, 1356, 1744.8, 1742.4, 1797.6, 1725.6, 1272, 568.8, 268.8, 26.4, 0, 0, 0, 0, 0, 12252, 511, 1797.6, 2.4, 1797.6, 0, 
두산엔진MG태양광, 1, 2023-03-20 00:00:00, 0, 0, 0, 0, 0, 0, 0, 2.34, 5.88, 17.1, 8.16, 6.24, 6.12, 9.24, 55.8, 43.92, 29.88, 9.42, 44.46, 49.8, 44.34, 0, 0, 0, 332.7, 14, 55.8, 2.34, 55.8, 0, 
삼천포태양광, 1, 2023-03-20 00:00:00, 0, 0, 0, 0, 0, 0, 0, 3.3, 13.656, 23.352, 37.608, 47.16, 51.6, 48.168, 45.708, 38.316, 18.744, 3.924, 0, 0, 0, 0, 0, 0, 331.536, 14, 51.6, 3.3, 51.6, 0, 
삼천포태양광, 2, 2023-03-20 00:00:00, 0, 0, 0, 0, 0, 0, 0.288, 66.816, 228.96, 324.864, 537.504, 697.152, 783.072, 729.216, 633.024, 521.952, 289.824, 89.952, 6.048, 0, 0, 0, 0, 0, 4908.672, 205, 783.07, 0.288, 783.072, 0, 
삼천포태양광, 3, 2023-03-20 00:00:00, 0, 0, 0, 0, 0, 0, 0, 23.256, 81.576, 124.74, 191.7, 237.096, 267.876, 244.908, 216.792, 178.704, 93.816, 25.956, 0.18, 0, 0, 0, 0, 0, 1686.6, 70, 267.87, 0.18, 267.876, 0, 
삼천포태양광, 4, 2023-03-20 00:00:00, 0, 0, 0, 0, 0, 0, 0, 48.434, 397.011, 618.29, 97.479, 135.556, 193.522, 721.389, 1133.24, 931.973, 454.217, 105.647, 1198.723, 1173.51, 1172.916, 20.597, 0, 0, 8402.504, 350, 1198.72, 20.59, 1198.723, 0, 
구미태양광, 1, 2023-03-20 00:00:00, 0, 0, 0, 0, 0, 0, 0, 39.195, 240.233, 445.176, 586.192, 636.524, 674.489, 706.742, 572.596, 502.089, 318.189, 101.025, 0.217, 0, 0, 0, 0, 0, 4822.667, 201, 706.74, 0.217, 706.742, 0, 
삼천포태양광#6, 1, 2023-03-20 00:00:00, 0, 0, 0, 0, 0, 0, 0, 63.86, 181.552, 294.159, 111.318, 80.936, 92.844, 112.522, 634.401, 532.657, 264.618, 77.781, 572.517, 630.957, 629.397, 127.654, 0, 0, 4407.173, 184, 634.4, 63.86, 634.401, 0, 
영흥태양광#5, 1, 2023-03-20 00:00:00, 0, 0, 0, 0, 0, 0, 0, 110.884, 376.042, 879.842, 1694.6, 2480.432, 2974.589, 2923.968, 2637.116, 2085.105, 1328.2, 544.779, 36.158, 0, 0, 0, 0, 0, 18071.715, 753, 2974.58, 36.158, 2974.589, 0, 
영흥태양광 #3, 1, 2023-03-20 00:00:00, 2061.6, 0, 0, 0, 0, 0, 0, 95.28, 372, 900.48, 193.44, 43.44, 67.68, 1542, 2308.08, 1838.4, 1111.44, 411.36, 22.08, 0, 0, 0, 2059.2, 2220, 15246.48, 635, 2308.08, 22.08, 2308.08, 0, 
영흥태양광 #3, 2, 2023-03-20 00:00:00, 714.24, 0, 0, 0, 0, 0, 0, 31.488, 135.072, 344.16, 66.24, 27.84, 96.48, 1040.832, 948.768, 767.232, 490.848, 227.04, 6.24, 0, 0, 0, 667.2, 742.08, 6305.76, 263, 1040.83, 6.24, 1040.832, 0, 
영흥태양광 #3, 3, 2023-03-20 00:00:00, 727.2, 0, 0, 0, 0, 0, 0, 30, 111, 386.76, 103.92, 42.24, 40.08, 39.12, 636.36, 585.96, 370.08, 163.92, 4.2, 0, 0, 0, 655.2, 740.4, 4636.44, 193, 740.4, 4.2, 740.4, 0, 
영흥태양광, 1, 2023-03-20 00:00:00, 0, 0, 0, 0, 0, 0, 0, 29.568, 82.445, 300.058, 406.81, 513.907, 735.898, 737.971, 663.283, 543.437, 354.125, 153.638, 9.907, 0, 0, 0, 0, 0, 4531.047, 189, 737.97, 9.907, 737.971, 0, 
예천태양광, 1, 2023-03-20 00:00:00, 0, 0, 0, 0, 0, 0, 0, 73.98, 390.42, 844.38, 1023.12, 1163.34, 1361.7, 1341.9, 1179.9, 931.68, 659.52, 274.5, 12.96, 0, 0, 0, 0, 0, 9257.4, 386, 1361.7, 12.96, 1361.7, 0, 
여수태양광, 1, 2023-03-20 00:00:00, 0, 0, 0, 0, 0, 0, 0, 0, 0, 0, 0, 0, 0, 0, 0, 0, 0, 0, 0, 0, 0, 0, 0, 339.56, 339.56, 14, 339.56, 339.56, 339.56, 0, 
영흥태양광, 2, 2023-03-20 00:00:00, 0, 0, 0, 0, 0, 0, 0, 30.855, 112.813, 258.408, 444.501, 615.166, 744.371, 729.907, 663.377, 517.781, 321.082, 137.882, 9.642, 0, 0, 0, 0, 0, 4585.785, 191, 744.37, 9.642, 744.371, 0, 
탑선태양광, 1, 2023-03-20 00:00:00, 0, 0, 0, 0, 0, 0, 0, 0, 0, 0, 0, 0, 0, 0, 0, 0, 0, 0, 0, 0, 0, 0, 0, 1835, 1835, 76, 1835, 1835, 1835, 0, 
탑선태양광, 3, 2023-03-20 00:00:00, 0, 0, 0, 0, 0, 0, 0, 0, 0, 0, 0, 0, 0, 0, 0, 0, 0, 0, 0, 0, 0, 0, 0, 1132, 1132, 47, 1132, 1132, 1132, 0, 
경상대태양광, 1, 2023-03-20 00:00:00, 0, 0, 0, 0, 0, 0, 1.872, 72.216, 245.376, 403.848, 528.192, 576.648, 665.712, 654.768, 560.592, 441, 266.472, 89.064, 6.192, 0, 0, 0, 0, 0, 4511.952, 188, 665.71, 1.872, 665.712, 0, 
영동태양광, 1, 2023-03-19 00:00:00, 0, 0, 0, 0, 0, 0, 0, 7.488, 107.328, 340.608, 373.824, 29.28, 32.736, 97.632, 838.752, 745.632, 549.024, 583.584, 691.776, 688.896, 664.992, 64.32, 0, 0, 5815.872, 242, 838.75, 7.488, 838.752, 0, 
삼천포태양광#5, 1, 2023-03-19 00:00:00, 0, 0, 0, 0, 0, 0, 3.803, 340.577, 1282.333, 2206.518, 422.607, 646.955, 759.478, 1564.261, 2994.962, 2382.323, 1476.18, 473.149, 2475.917, 2508.321, 2513.301, 928.228, 0, 0, 22978.913, 957, 2994.96, 3.8, 2994.962, 0, 
삼천포태양광#5, 2, 2023-03-19 00:00:00, 0, 0, 0, 0, 0, 0, 10.141, 513.984, 1928.98, 3091.537, 468.24, 654.064, 828.95, 2040.559, 4249.993, 3384.411, 2103.499, 689.03, 3831.776, 3807.21, 3804.56, 1276.313, 0, 0, 32683.247, 1362, 4249.99, 10.14, 4249.993, 0, 
광양항세방태양광, 1, 2023-03-19 00:00:00, 0, 0, 0, 0, 0, 0, 2.4, 160.8, 532.8, 1005.6, 1488, 1759.2, 1898.4, 1893.6, 1737.6, 1420.8, 933.6, 321.6, 43.2, 0, 0, 0, 0, 0, 13197.6, 550, 1898.4, 2.4, 1898.4, 0, 
두산엔진MG태양광, 1, 2023-03-19 00:00:00, 0, 0, 0, 0, 0, 0, 0, 2.34, 5.82, 16.92, 8.7, 6.12, 6.18, 11.4, 56.94, 53.1, 43.02, 21.54, 45.3, 49.86, 44.22, 0, 0, 0, 371.46, 15, 56.94, 2.34, 56.94, 0, 
삼천포태양광, 1, 2023-03-19 00:00:00, 0, 0, 0, 0, 0, 0, 0, 3.204, 16.428, 32.088, 42.48, 49.536, 50.616, 50.16, 47.484, 39.552, 24.768, 5.268, 0.048, 0, 0, 0, 0, 0, 361.632, 15, 50.61, 0.048, 50.616, 0, 
삼천포태양광, 2, 2023-03-19 00:00:00, 0, 0, 0, 0, 0, 0, 0.48, 65.76, 271.296, 507.072, 633.504, 739.584, 768.672, 750.912, 678.72, 532.512, 322.464, 106.56, 8.352, 0, 0, 0, 0, 0, 5385.888, 224, 768.67, 0.48, 768.672, 0, 
삼천포태양광, 3, 2023-03-19 00:00:00, 0, 0, 0, 0, 0, 0, 0, 22.752, 99.756, 171.936, 217.152, 253.908, 265.068, 258.84, 236.808, 188.28, 115.164, 36.432, 0.792, 0, 0, 0, 0, 0, 1866.888, 78, 265.06, 0.792, 265.068, 0, 
삼천포태양광, 4, 2023-03-19 00:00:00, 0, 0, 0, 0, 0, 0, 0, 48.814, 483.595, 886.676, 89.93, 122.632, 173.741, 948.123, 1224.347, 969.063, 586.152, 165.881, 1199.171, 1172.801, 1172.92, 19.575, 0, 0, 9263.421, 386, 1224.34, 19.57, 1224.347, 0, 
구미태양광, 1, 2023-03-19 00:00:00, 0, 0, 0, 0, 0, 0, 0, 51.923, 264.097, 470.703, 612.081, 704.79, 737.259, 719.976, 654.747, 529.785, 346.248, 138.412, 2.893, 0, 0, 0, 0, 0, 5232.914, 218, 737.25, 2.893, 737.259, 0, 
삼천포태양광#6, 1, 2023-03-19 00:00:00, 0, 0, 0, 0, 0, 0, 0, 59.882, 206.781, 397.173, 113.687, 82.469, 83.366, 251.184, 689.554, 567.22, 337.912, 102.683, 575.503, 629.764, 630.115, 128.276, 0, 0, 4855.569, 202, 689.55, 59.88, 689.554, 0, 
영흥태양광#5, 1, 2023-03-19 00:00:00, 0, 0, 0, 0, 0, 0, 0, 202.484, 749.674, 942.516, 1231.779, 1793.432, 2552.747, 2791.389, 2193.579, 1783.789, 752.084, 224.179, 24.105, 0, 0, 0, 0, 0, 15241.757, 635, 2791.38, 24.105, 2791.389, 0, 
영흥태양광 #3, 1, 2023-03-19 00:00:00, 2044.8, 0, 0, 0, 0, 0, 0, 155.52, 708.72, 986.16, 148.8, 28.08, 76.56, 654.72, 1601.52, 991.68, 600.48, 152.88, 5.52, 0, 0, 0, 2056.8, 2220, 12432.24, 518, 2220, 5.52, 2220, 0, 
영흥태양광 #3, 2, 2023-03-19 00:00:00, 714.24, 0, 0, 0, 0, 0, 0, 55.584, 256.8, 318.432, 92.16, 13.44, 33.312, 317.76, 671.04, 499.776, 179.04, 62.4, 0, 0, 0, 0, 665.28, 743.04, 4622.304, 193, 743.04, 13.44, 743.04, 0, 
영흥태양광 #3, 3, 2023-03-19 00:00:00, 726, 0, 0, 0, 0, 0, 0, 44.52, 149.76, 191.4, 60.96, 40.8, 41.4, 39.84, 122.88, 307.32, 168.96, 37.56, 0, 0, 0, 0, 655.2, 740.4, 3327, 139, 740.4, 37.56, 740.4, 0, 
영흥태양광, 1, 2023-03-19 00:00:00, 0, 0, 0, 0, 0, 0, 0, 29.952, 195.686, 274.368, 415.757, 525.696, 676.339, 706.291, 417.024, 289.344, 288.346, 39.091, 1.805, 0, 0, 0, 0, 0, 3859.699, 161, 706.29, 1.805, 706.291, 0, 
예천태양광, 1, 2023-03-19 00:00:00, 0, 0, 0, 0, 0, 0, 0, 119.34, 531.54, 925.02, 1195.74, 1341.9, 1397.34, 1366.2, 1260.54, 1079.1, 768.78, 324.18, 26.46, 0, 0, 0, 0, 0, 10336.14, 431, 1397.34, 26.46, 1397.34, 0, 
여수태양광, 1, 2023-03-19 00:00:00, 0, 0, 0, 0, 0, 0, 0, 0, 0, 0, 0, 0, 0, 0, 0, 0, 0, 0, 0, 0, 0, 0, 0, 262.97, 262.97, 11, 262.97, 262.97, 262.97, 0, 
영흥태양광, 2, 2023-03-19 00:00:00, 0, 0, 0, 0, 0, 0, 0, 45.318, 193.806, 280.585, 438.716, 523.566, 642.164, 621.916, 474.392, 306.619, 223.697, 49.175, 4.821, 0, 0, 0, 0, 0, 3804.775, 159, 642.16, 4.821, 642.164, 0, 
탑선태양광, 1, 2023-03-19 00:00:00, 0, 0, 0, 0, 0, 0, 0, 0, 0, 0, 0, 0, 0, 0, 0, 0, 0, 0, 0, 0, 0, 0, 0, 1835, 1835, 76, 1835, 1835, 1835, 0, 
탑선태양광, 3, 2023-03-19 00:00:00, 0, 0, 0, 0, 0, 0, 0, 0, 0, 0, 0, 0, 0, 0, 0, 0, 0, 0, 0, 0, 0, 0, 0, 1132, 1132, 47, 1132, 1132, 1132, 0, 
경상대태양광, 1, 2023-03-19 00:00:00, 0, 0, 0, 0, 0, 0, 1.944, 70.632, 241.344, 423.288, 550.152, 622.656, 645.264, 623.736, 571.536, 471.168, 307.44, 108.648, 5.472, 0, 0, 0, 0, 0, 4643.28, 193, 645.26, 1.944, 645.264, 0, 
영동태양광, 1, 2023-03-18 00:00:00, 0, 0, 0, 0, 0, 0, 0, 13.248, 104.16, 289.824, 329.664, 29.088, 30.048, 31.584, 698.496, 714.24, 537.888, 564, 691.392, 688.8, 665.568, 64.704, 0, 0, 5452.704, 227, 714.24, 13.248, 714.24, 0, 
삼천포태양광#5, 1, 2023-03-18 00:00:00, 0, 0, 0, 0, 0, 0, 0, 44.688, 351.097, 658.105, 200.963, 189.003, 434.495, 765.241, 525.321, 2348.052, 1433.277, 553.156, 2475.136, 2513.402, 2511.53, 902.667, 0, 0, 15906.133, 663, 2513.4, 44.68, 2513.402, 0, 
삼천포태양광#5, 2, 2023-03-18 00:00:00, 0, 0, 0, 0, 0, 0, 0, 63.84, 487.237, 916.256, 305.632, 288.659, 555.188, 847.938, 483.749, 3236.375, 2051.21, 791.839, 3825.657, 3804.713, 3806.649, 1169.413, 0, 0, 22634.355, 943, 3825.65, 63.84, 3825.657, 0, 
광양항세방태양광, 1, 2023-03-18 00:00:00, 0, 0, 0, 0, 0, 0, 0, 45.6, 211.2, 667.2, 1087.2, 1154.4, 1838.4, 1922.4, 1819.2, 1476, 952.8, 355.2, 36, 0, 0, 0, 0, 0, 11565.6, 482, 1922.4, 36, 1922.4, 0, 
두산엔진MG태양광, 1, 2023-03-18 00:00:00, 0, 0, 0, 0, 0, 0, 0, 1.5, 5.4, 10.02, 6.72, 5.22, 6.84, 5.64, 17.34, 43.98, 34.56, 16.62, 44.46, 49.86, 44.82, 0, 0, 0, 292.98, 12, 49.86, 1.5, 49.86, 0, 
삼천포태양광, 1, 2023-03-18 00:00:00, 0, 0, 0, 0, 0, 0, 0, 0.156, 4.356, 9.516, 21.132, 19.968, 42.78, 50.112, 46.836, 38.328, 24.156, 5.58, 0, 0, 0, 0, 0, 0, 262.92, 11, 50.11, 0.156, 50.112, 0, 
삼천포태양광, 2, 2023-03-18 00:00:00, 0, 0, 0, 0, 0, 0, 0, 11.136, 80.64, 149.376, 304.896, 289.248, 592.992, 738.816, 668.928, 517.536, 315.744, 121.152, 7.296, 0, 0, 0, 0, 0, 3797.76, 158, 738.81, 7.296, 738.816, 0, 
삼천포태양광, 3, 2023-03-18 00:00:00, 0, 0, 0, 0, 0, 0, 0, 0.468, 22.86, 47.628, 99.9, 95.616, 195.624, 257.076, 233.46, 182.556, 112.788, 43.092, 1.008, 0, 0, 0, 0, 0, 1292.076, 54, 257.07, 0.468, 257.076, 0, 
삼천포태양광, 4, 2023-03-18 00:00:00, 0, 0, 0, 0, 0, 0, 0, 0, 104.691, 218.652, 88.632, 95.115, 142.036, 164.208, 106.299, 884.742, 567.842, 201.375, 1199.71, 1173.324, 1172.094, 14.819, 0, 0, 6133.539, 256, 1199.71, 14.819, 1199.71, 0, 
구미태양광, 1, 2023-03-18 00:00:00, 0, 0, 0, 0, 0, 0, 0, 13.812, 117.658, 217.092, 269.304, 605.645, 461.592, 568.691, 540.633, 492.977, 329.254, 132.41, 2.459, 0, 0, 0, 0, 0, 3751.527, 156, 605.64, 2.459, 605.645, 0, 
삼천포태양광#6, 1, 2023-03-18 00:00:00, 0, 0, 0, 0, 0, 0, 0, 6.384, 79.534, 154.891, 93.574, 85.223, 97.761, 87.356, 87.679, 504.903, 338.52, 120.133, 574.585, 630.857, 629.671, 122.916, 0, 0, 3613.987, 151, 630.85, 6.38, 630.857, 0, 
영흥태양광#5, 1, 2023-03-18 00:00:00, 0, 0, 0, 0, 0, 0, 2.411, 248.284, 947.337, 1349.895, 1672.905, 2232.147, 2670.863, 2801.032, 2453.916, 1872.979, 1214.905, 479.695, 45.8, 0, 0, 0, 0, 0, 17992.169, 750, 2801.03, 2.411, 2801.032, 0, 
영흥태양광 #3, 1, 2023-03-18 00:00:00, 2056.8, 0, 0, 0, 0, 0, 0, 177.6, 795.6, 1205.52, 151.68, 10.8, 72, 991.92, 2208, 1691.76, 1035.84, 366, 29.76, 0, 0, 0, 2059.2, 2220, 15072.48, 628, 2220, 10.8, 2220, 0, 
영흥태양광 #3, 2, 2023-03-18 00:00:00, 438.72, 0, 0, 0, 0, 0, 0, 70.368, 322.656, 476.448, 67.68, 7.968, 41.664, 814.944, 899.328, 695.904, 460.608, 195.456, 12.288, 0, 0, 0, 666.24, 742.08, 5912.352, 246, 899.32, 7.96, 899.328, 0, 
영흥태양광 #3, 3, 2023-03-18 00:00:00, 736.8, 0, 0, 0, 0, 0, 0, 50.04, 250.68, 386.04, 66.84, 36.96, 39.48, 69, 688.92, 540.96, 349.44, 144.24, 7.2, 0, 0, 0, 655.2, 741.6, 4763.4, 198, 741.6, 7.2, 741.6, 0, 
영흥태양광, 1, 2023-03-18 00:00:00, 0, 0, 0, 0, 0, 0, 0, 22.118, 178.829, 315.149, 354.509, 552.422, 715.546, 713.626, 633.37, 505.728, 333.504, 137.434, 12.672, 0, 0, 0, 0, 0, 4474.907, 186, 715.54, 12.672, 715.546, 0, 
예천태양광, 1, 2023-03-18 00:00:00, 0, 0, 0, 0, 0, 0, 0, 39.6, 221.76, 655.02, 934.92, 1304.28, 1136.16, 1062.36, 1252.62, 1010.52, 614.34, 289.8, 24.48, 0, 0, 0, 0, 0, 8545.86, 356, 1304.28, 24.48, 1304.28, 0, 
여수태양광, 1, 2023-03-18 00:00:00, 0, 0, 0, 0, 0, 0, 0, 0, 0, 0, 0, 0, 0, 0, 0, 0, 0, 0, 0, 0, 0, 0, 0, 492.77, 492.77, 21, 492.77, 492.77, 492.77, 0, 
영흥태양광, 2, 2023-03-18 00:00:00, 0, 0, 0, 0, 0, 0, 0, 48.211, 217.912, 360.615, 427.145, 551.528, 689.411, 719.301, 637.343, 484.034, 303.726, 122.455, 12.535, 0, 0, 0, 0, 0, 4574.216, 191, 719.3, 12.53, 719.301, 0, 
탑선태양광, 1, 2023-03-18 00:00:00, 0, 0, 0, 0, 0, 0, 0, 0, 0, 0, 0, 0, 0, 0, 0, 0, 0, 0, 0, 0, 0, 0, 0, 1835, 1835, 76, 1835, 1835, 1835, 0, 
탑선태양광, 3, 2023-03-18 00:00:00, 0, 0, 0, 0, 0, 0, 0, 0, 0, 0, 0, 0, 0, 0, 0, 0, 0, 0, 0, 0, 0, 0, 0, 1132, 1132, 47, 1132, 1132, 1132, 0, 
경상대태양광, 1, 2023-03-18 00:00:00, 0, 0, 0, 0, 0, 0, 0, 13.392, 65.664, 149.4, 233.28, 365.184, 662.688, 634.968, 577.8, 476.424, 296.712, 121.32, 7.128, 0, 0, 0, 0, 0, 3603.96, 150, 662.68, 7.128, 662.688, 0, 
영동태양광, 1, 2023-03-17 00:00:00, 0, 0, 0, 0, 0, 0, 0, 11.04, 113.472, 285.792, 318.72, 29.568, 30.048, 31.2, 226.944, 269.088, 166.368, 430.08, 690.432, 689.568, 533.184, 0, 0, 0, 3825.504, 159, 690.43, 11.04, 690.432, 0, 
삼천포태양광#5, 1, 2023-03-17 00:00:00, 0, 0, 0, 0, 0, 0, 0, 148.247, 708.695, 1164.284, 256.721, 202.484, 198.868, 202.484, 198.868, 202.484, 238.642, 43.389, 2451.505, 2538.284, 553.216, 0, 0, 0, 9108.171, 380, 2538.28, 43.38, 2538.284, 0, 
삼천포태양광#5, 2, 2023-03-17 00:00:00, 0, 0, 0, 0, 0, 0, 0, 245.874, 1166.695, 1933.242, 462.821, 303.726, 318.189, 298.905, 303.726, 303.726, 337.474, 62.674, 3688.105, 3847.2, 1031.705, 0, 0, 0, 14304.062, 596, 3847.2, 62.674, 3847.2, 0, 
광양항세방태양광, 1, 2023-03-17 00:00:00, 0, 0, 0, 0, 0, 0, 0, 103.2, 530.4, 1130.4, 1305.6, 909.6, 748.8, 614.4, 393.6, 297.6, 170.4, 45.6, 4.8, 0, 0, 0, 0, 0, 6254.4, 261, 1305.6, 4.8, 1305.6, 0, 
두산엔진MG태양광, 1, 2023-03-17 00:00:00, 0, 0, 0, 0, 0, 0, 0, 3.36, 7.98, 15.9, 7.44, 5.64, 4.92, 4.56, 4.26, 4.14, 4.44, 1.44, 43.56, 49.86, 1.74, 0, 0, 0, 159.24, 7, 49.86, 1.44, 49.86, 0, 
삼천포태양광, 1, 2023-03-17 00:00:00, 0, 0, 0, 0, 0, 0, 0, 1.068, 10.056, 17.712, 36.072, 27.576, 21.252, 13.068, 8.508, 4.764, 2.076, 0.012, 0, 0, 0, 0, 0, 0, 142.164, 6, 36.07, 0.012, 36.072, 0, 
삼천포태양광, 2, 2023-03-17 00:00:00, 0, 0, 0, 0, 0, 0, 0, 32.736, 158.4, 262.08, 530.976, 396.48, 317.856, 202.464, 140.256, 90.432, 54.528, 8.928, 0, 0, 0, 0, 0, 0, 2195.136, 91, 530.97, 8.928, 530.976, 0, 
삼천포태양광, 3, 2023-03-17 00:00:00, 0, 0, 0, 0, 0, 0, 0, 6.12, 51.012, 86.04, 179.244, 133.056, 106.812, 67.176, 45.972, 29.232, 16.776, 0.432, 0, 0, 0, 0, 0, 0, 721.872, 30, 179.24, 0.432, 179.244, 0, 
삼천포태양광, 4, 2023-03-17 00:00:00, 0, 0, 0, 0, 0, 0, 0, 18.9, 247.5, 417.6, 103.86, 100.26, 100.08, 100.08, 100.08, 100.08, 62.28, 0, 1175.22, 732.24, 0, 0, 0, 0, 3258.18, 136, 1175.22, 18.9, 1175.22, 0, 
구미태양광, 1, 2023-03-17 00:00:00, 0, 0, 0, 0, 0, 0, 0, 11.209, 106.377, 164.374, 211.451, 357.746, 481.912, 336.992, 231.194, 176.667, 37.243, 0.579, 0, 0, 0, 0, 0, 0, 2115.744, 88, 481.91, 0.579, 481.912, 0, 
삼천포태양광#6, 1, 2023-03-17 00:00:00, 0, 0, 0, 0, 0, 0, 0, 28.203, 147.524, 249.489, 118.598, 88.225, 89.672, 91.118, 92.564, 86.779, 54.237, 5.785, 559.724, 434.618, 0, 0, 0, 0, 2046.536, 85, 559.72, 5.78, 559.724, 0, 
영흥태양광#5, 1, 2023-03-17 00:00:00, 0, 0, 0, 0, 0, 0, 0, 151.863, 646.021, 1161.874, 1964.579, 2150.189, 2263.484, 1962.168, 1945.295, 1390.874, 503.8, 188.021, 14.463, 0, 0, 0, 0, 0, 14342.631, 598, 2263.48, 14.463, 2263.484, 0, 
영흥태양광 #3, 1, 2023-03-17 00:00:00, 1900.8, 0, 0, 0, 0, 0, 0, 111.36, 554.88, 998.4, 152.88, 77.04, 78.24, 177.12, 1772.4, 1267.68, 469.2, 172.8, 3.12, 0, 0, 0, 2056.8, 2220, 12012.72, 501, 2220, 3.12, 2220, 0, 
영흥태양광 #3, 2, 2023-03-17 00:00:00, 429.12, 0, 0, 0, 0, 0, 0, 36, 218.688, 392.736, 81.792, 34.656, 37.248, 447.936, 673.344, 528.672, 194.88, 68.928, 0, 0, 0, 0, 798.72, 889.92, 4832.64, 201, 889.92, 34.656, 889.92, 0, 
영흥태양광 #3, 3, 2023-03-17 00:00:00, 300, 0, 0, 0, 0, 0, 0, 32.16, 174.36, 327.96, 84.12, 41.88, 40.8, 42, 353.04, 396.72, 144.72, 51.6, 0, 0, 0, 0, 655.2, 740.4, 3384.96, 141, 740.4, 32.16, 740.4, 0, 
영흥태양광, 1, 2023-03-17 00:00:00, 0, 0, 0, 0, 0, 0, 0, 22.771, 130.56, 268.378, 480.269, 557.914, 588.058, 542.17, 521.05, 376.627, 132.288, 52.608, 2.496, 0, 0, 0, 0, 0, 3675.189, 153, 588.05, 2.496, 588.058, 0, 
예천태양광, 1, 2023-03-17 00:00:00, 0, 0, 0, 0, 0, 0, 0, 81.9, 267.3, 499.14, 751.86, 920.16, 960.12, 715.5, 639.18, 436.68, 362.88, 121.32, 13.32, 0, 0, 0, 0, 0, 5769.36, 240, 960.12, 13.32, 960.12, 0, 
여수태양광, 1, 2023-03-17 00:00:00, 0, 0, 0, 0, 0, 0, 0, 0, 0, 0, 0, 0, 0, 0, 0, 0, 0, 0, 0, 0, 0, 0, 0, 700, 700, 29, 700, 700, 700, 0, 
영흥태양광, 2, 2023-03-17 00:00:00, 0, 0, 0, 0, 0, 0, 0, 33.747, 159.095, 291.192, 498.497, 556.349, 583.347, 527.423, 513.924, 377.006, 142.703, 54.96, 2.893, 0, 0, 0, 0, 0, 3741.136, 156, 583.34, 2.893, 583.347, 0, 
탑선태양광, 1, 2023-03-17 00:00:00, 0, 0, 0, 0, 0, 0, 0, 0, 0, 0, 0, 0, 0, 0, 0, 0, 0, 0, 0, 0, 0, 0, 0, 1835, 1835, 76, 1835, 1835, 1835, 0, 
탑선태양광, 3, 2023-03-17 00:00:00, 0, 0, 0, 0, 0, 0, 0, 0, 0, 0, 0, 0, 0, 0, 0, 0, 0, 0, 0, 0, 0, 0, 0, 1132, 1132, 47, 1132, 1132, 1132, 0, 
경상대태양광, 1, 2023-03-17 00:00:00, 0, 0, 0, 0, 0, 0, 0.072, 45.216, 170.064, 367.416, 332.496, 369.144, 341.712, 233.208, 152.208, 104.688, 57.24, 15.12, 0.504, 0, 0, 0, 0, 0, 2189.088, 91, 369.14, 0.07, 369.144, 0, 
영동태양광, 1, 2023-03-16 00:00:00, 0, 0, 0, 0, 0, 0, 0, 8.736, 90.624, 338.88, 377.472, 30.048, 30.624, 38.208, 791.232, 735.36, 426.816, 493.056, 690.144, 688.512, 590.88, 9.888, 0, 0, 5340.48, 223, 791.23, 8.73, 791.232, 0, 
삼천포태양광#5, 1, 2023-03-16 00:00:00, 0, 0, 0, 0, 0, 0, 3.616, 274.8, 1059.426, 2071.847, 473.668, 647.226, 950.953, 1648.8, 2946.868, 2418.963, 1594.563, 412.2, 2429.811, 2534.668, 2534.668, 990.726, 0, 0, 22992.803, 958, 2946.86, 3.61, 2946.868, 0, 
삼천포태양광#5, 2, 2023-03-16 00:00:00, 0, 0, 0, 0, 0, 0, 0, 376.042, 1480.063, 2902.274, 588.168, 737.621, 1099.2, 2068.232, 4213.6, 3437.411, 2265.895, 597.811, 3731.495, 3842.379, 3842.379, 1374, 0, 0, 32556.57, 1357, 4213.6, 376.042, 4213.6, 0, 
광양항세방태양광, 1, 2023-03-16 00:00:00, 0, 0, 0, 0, 0, 0, 0, 165.6, 532.8, 866.4, 1430.4, 1833.6, 1989.6, 1970.4, 1790.4, 1483.2, 952.8, 316.8, 26.4, 0, 0, 0, 0, 0, 13358.4, 557, 1989.6, 26.4, 1989.6, 0, 
두산엔진MG태양광, 1, 2023-03-16 00:00:00, 0, 0, 0, 0, 0, 0, 0, 3.48, 9.48, 17.16, 8.34, 6.18, 6.24, 12.12, 57.66, 52.2, 41.52, 11.76, 43.86, 49.74, 44.4, 0, 0, 0, 364.14, 15, 57.66, 3.48, 57.66, 0, 
삼천포태양광, 1, 2023-03-16 00:00:00, 0, 0, 0, 0, 0, 0, 0, 3.096, 14.472, 30.108, 42.948, 49.056, 52.38, 50.124, 45.864, 38.916, 25.428, 4.044, 0, 0, 0, 0, 0, 0, 356.436, 15, 52.38, 3.096, 52.38, 0, 
삼천포태양광, 2, 2023-03-16 00:00:00, 0, 0, 0, 0, 0, 0, 0.096, 60.384, 228.576, 469.728, 640.896, 722.208, 785.952, 745.44, 660.672, 527.424, 333.792, 88.224, 5.088, 0, 0, 0, 0, 0, 5268.48, 220, 785.95, 0.096, 785.952, 0, 
삼천포태양광, 3, 2023-03-16 00:00:00, 0, 0, 0, 0, 0, 0, 0, 17.604, 80.532, 159.624, 219.42, 252.576, 277.092, 259.452, 229.032, 186.444, 121.392, 30.528, 0.504, 0, 0, 0, 0, 0, 1834.2, 76, 277.09, 0.504, 277.092, 0, 
삼천포태양광, 4, 2023-03-16 00:00:00, 0, 0, 0, 0, 0, 0, 0, 63.18, 387.54, 819.54, 109.26, 149.94, 249.48, 935.82, 1222.38, 992.34, 629.64, 143.28, 1175.76, 1183.5, 1183.86, 14.22, 0, 0, 9259.74, 386, 1222.38, 14.22, 1222.38, 0, 
구미태양광, 1, 2023-03-16 00:00:00, 0, 0, 0, 0, 0, 0, 0, 28.782, 177.752, 393.398, 525.88, 682.372, 754.471, 697.413, 664.004, 494.857, 226.204, 78.535, 0.217, 0, 0, 0, 0, 0, 4723.885, 197, 754.47, 0.217, 754.471, 0, 
삼천포태양광#6, 1, 2023-03-16 00:00:00, 0, 0, 0, 0, 0, 0, 0, 53.514, 182.959, 379.658, 133.061, 84.609, 104.135, 241.535, 682.661, 572.018, 362.302, 93.287, 563.34, 636.379, 636.379, 143.185, 0, 0, 4869.022, 203, 682.66, 53.51, 682.661, 0, 
영흥태양광#5, 1, 2023-03-16 00:00:00, 0, 0, 0, 0, 0, 0, 0, 294.084, 1123.305, 1921.189, 2557.568, 2899.863, 2629.884, 1923.6, 1721.116, 954.568, 573.705, 265.158, 24.105, 0, 0, 0, 0, 0, 16888.145, 704, 2899.86, 24.105, 2899.863, 0, 
영흥태양광 #3, 1, 2023-03-16 00:00:00, 0, 0, 0, 0, 0, 0, 0, 206.16, 947.52, 1639.2, 184.8, 69.12, 48, 1548.72, 1573.92, 905.52, 527.52, 248.4, 12.96, 0, 0, 0, 2136, 2299.2, 12347.04, 514, 2299.2, 12.96, 2299.2, 0, 
영흥태양광 #3, 2, 2023-03-16 00:00:00, 280.32, 0, 0, 0, 0, 0, 0, 85.248, 385.728, 651.552, 99.456, 36.384, 378.624, 727.968, 619.296, 366.816, 208.512, 105.696, 0, 0, 0, 0, 800.64, 889.92, 5636.16, 235, 889.92, 36.384, 889.92, 0, 
영흥태양광 #3, 3, 2023-03-16 00:00:00, 0, 0, 0, 0, 0, 0, 0, 57.6, 292.08, 513.48, 104.88, 38.76, 37.8, 100.2, 486, 279.72, 170.28, 77.64, 0, 0, 0, 0, 877.2, 991.2, 4026.84, 168, 991.2, 37.8, 991.2, 0, 
영흥태양광, 1, 2023-03-16 00:00:00, 0, 0, 0, 0, 0, 0, 0, 16.435, 189.466, 410.035, 631.066, 732.518, 626.726, 577.997, 455.962, 276.634, 162.163, 79.718, 6.067, 0, 0, 0, 0, 0, 4164.787, 174, 732.51, 6.067, 732.518, 0, 
예천태양광, 1, 2023-03-16 00:00:00, 0, 0, 0, 0, 0, 0, 0, 38.16, 215.46, 617.76, 869.76, 1224.9, 1091.52, 1211.58, 819, 797.58, 395.46, 140.76, 9, 0, 0, 0, 0, 0, 7430.94, 310, 1224.9, 9, 1224.9, 0, 
여수태양광, 1, 2023-03-16 00:00:00, 0, 0, 0, 0, 0, 0, 0, 0, 0, 0, 0, 0, 0, 0, 0, 0, 0, 0, 0, 0, 0, 0, 0, 367.47, 367.47, 15, 367.47, 367.47, 367.47, 0, 
영흥태양광, 2, 2023-03-16 00:00:00, 0, 0, 0, 0, 0, 0, 0, 52.067, 250.695, 474.392, 640.236, 727.979, 650.842, 532.244, 462.821, 271.907, 159.095, 77.137, 6.749, 0, 0, 0, 0, 0, 4306.164, 179, 727.97, 6.749, 727.979, 0, 
탑선태양광, 1, 2023-03-16 00:00:00, 0, 0, 0, 0, 0, 0, 0, 0, 0, 0, 0, 0, 0, 0, 0, 0, 0, 0, 0, 0, 0, 0, 0, 1835, 1835, 76, 1835, 1835, 1835, 0, 
탑선태양광, 3, 2023-03-16 00:00:00, 0, 0, 0, 0, 0, 0, 0, 0, 0, 0, 0, 0, 0, 0, 0, 0, 0, 0, 0, 0, 0, 0, 0, 1132, 1132, 47, 1132, 1132, 1132, 0, 
경상대태양광, 1, 2023-03-16 00:00:00, 0, 0, 0, 0, 0, 0, 0.72, 46.8, 187.56, 375.48, 529.416, 600.984, 650.736, 655.632, 582.408, 436.536, 311.04, 83.952, 4.392, 0, 0, 0, 0, 0, 4465.656, 186, 655.63, 0.72, 655.632, 0, 
영동태양광, 1, 2023-03-15 00:00:00, 0, 0, 0, 0, 0, 0, 0, 4.224, 98.016, 326.112, 348.48, 29.568, 33.504, 32.736, 803.424, 638.592, 512.736, 527.904, 689.088, 687.072, 585.12, 8.64, 0, 0, 5325.216, 222, 803.42, 4.22, 803.424, 0, 
삼천포태양광#5, 1, 2023-03-15 00:00:00, 0, 0, 0, 0, 0, 0, 0, 289.263, 730.389, 2245.405, 744.853, 1084.737, 1232.984, 1189.595, 611.068, 1800.663, 1648.8, 654.458, 2429.811, 2531.053, 2508.584, 870.409, 0, 0, 20572.072, 857, 2531.05, 289.26, 2531.053, 0, 
삼천포태양광#5, 2, 2023-03-15 00:00:00, 0, 0, 0, 0, 0, 0, 0, 371.221, 1036.526, 3186.716, 843.684, 1166.695, 1677.726, 1494.526, 597.811, 2873.347, 2376.779, 949.747, 3750.779, 3847.2, 3812.379, 1237.629, 0, 0, 29222.765, 1218, 3847.2, 371.221, 3847.2, 0, 
광양항세방태양광, 1, 2023-03-15 00:00:00, 0, 0, 0, 0, 0, 0, 0, 64.8, 475.2, 900, 1442.4, 1737.6, 1816.8, 1716, 1420.8, 1348.8, 1046.4, 271.2, 28.8, 0, 0, 0, 0, 0, 12268.8, 511, 1816.8, 28.8, 1816.8, 0, 
두산엔진MG태양광, 1, 2023-03-15 00:00:00, 0, 0, 0, 0, 0, 0, 0, 2.22, 5.94, 15.12, 7.02, 5.94, 6.84, 3.96, 5.94, 33, 41.82, 23.46, 44.22, 49.62, 44.58, 0, 0, 0, 289.68, 12, 49.62, 2.22, 49.62, 0, 
삼천포태양광, 1, 2023-03-15 00:00:00, 0, 0, 0, 0, 0, 0, 0, 3.216, 10.68, 32.244, 30.936, 40.236, 42.648, 41.34, 46.392, 38.16, 26.904, 4.68, 0, 0, 0, 0, 0, 0, 317.436, 13, 46.39, 3.216, 46.392, 0, 
삼천포태양광, 2, 2023-03-15 00:00:00, 0, 0, 0, 0, 0, 0, 0, 57.6, 166.368, 513.408, 465.6, 616.416, 655.008, 716.448, 649.632, 554.208, 354.912, 130.464, 6.528, 0, 0, 0, 0, 0, 4886.592, 204, 716.44, 6.528, 716.448, 0, 
삼천포태양광, 3, 2023-03-15 00:00:00, 0, 0, 0, 0, 0, 0, 0, 19.26, 57.816, 175.212, 154.8, 206.064, 231.12, 248.292, 225.288, 196.488, 125.568, 47.34, 0.936, 0, 0, 0, 0, 0, 1688.184, 70, 248.29, 0.936, 248.292, 0, 
삼천포태양광, 4, 2023-03-15 00:00:00, 0, 0, 0, 0, 0, 0, 0, 30.78, 253.98, 930.06, 172.98, 244.98, 319.14, 307.26, 575.64, 1048.86, 680.58, 249.66, 1177.38, 1185.12, 1172.567, 35.336, 0, 0, 8384.323, 349, 1185.12, 30.78, 1185.12, 0, 
구미태양광, 1, 2023-03-15 00:00:00, 0, 0, 0, 0, 0, 0, 0, 45.559, 276.174, 489.65, 624.302, 708.478, 730.751, 717.373, 619.095, 522.699, 274.005, 146.006, 2.893, 0, 0, 0, 0, 0, 5156.985, 215, 730.75, 2.893, 730.751, 0, 
삼천포태양광#6, 1, 2023-03-15 00:00:00, 0, 0, 0, 0, 0, 0, 0, 54.237, 142.462, 396.291, 139.569, 90.395, 111.366, 111.366, 321.805, 572.741, 360.856, 129.445, 564.063, 636.379, 629.83, 132.97, 0, 0, 4393.775, 183, 636.37, 54.23, 636.379, 0, 
영흥태양광#5, 1, 2023-03-15 00:00:00, 0, 0, 0, 0, 0, 0, 0, 236.232, 727.979, 491.747, 1357.126, 2077.874, 1545.147, 465.232, 687, 588.168, 470.053, 173.558, 9.642, 0, 0, 0, 0, 0, 8829.758, 368, 2077.87, 9.642, 2077.874, 0, 
영흥태양광 #3, 1, 2023-03-15 00:00:00, 1857.6, 0, 0, 0, 0, 0, 0, 172.32, 507.12, 382.56, 93.12, 72.96, 125.28, 88.08, 107.28, 90.24, 394.32, 159.6, 0, 0, 0, 0, 2138.4, 2143.2, 8332.08, 347, 2143.2, 72.96, 2143.2, 0, 
영흥태양광 #3, 2, 2023-03-15 00:00:00, 451.2, 0, 0, 0, 0, 0, 0, 62.784, 246.336, 179.04, 39.84, 49.536, 55.968, 57.216, 46.752, 48.576, 155.328, 65.472, 0, 0, 0, 0, 800.64, 889.92, 3148.608, 131, 889.92, 39.84, 889.92, 0, 
영흥태양광 #3, 3, 2023-03-15 00:00:00, 254.4, 0, 0, 0, 0, 0, 0, 43.32, 160.44, 106.56, 53.64, 44.4, 46.44, 45.36, 47.28, 47.28, 110.4, 43.92, 0, 0, 0, 0, 878.4, 223.2, 2105.04, 88, 878.4, 43.32, 878.4, 0, 
영흥태양광, 1, 2023-03-15 00:00:00, 0, 0, 0, 0, 0, 0, 0, 17.779, 132.787, 98.957, 154.867, 217.229, 169.075, 116.736, 173.837, 112.973, 107.328, 44.198, 0.806, 0, 0, 0, 0, 0, 1346.572, 56, 217.22, 0.806, 217.229, 0, 
예천태양광, 1, 2023-03-15 00:00:00, 0, 0, 0, 0, 0, 0, 0, 118.62, 564.3, 1010.34, 1288.8, 1493.46, 1576.26, 1539.72, 1342.08, 1035.54, 664.2, 321.66, 17.82, 0, 0, 0, 0, 0, 10972.8, 457, 1576.26, 17.82, 1576.26, 0, 
여수태양광, 1, 2023-03-15 00:00:00, 0, 0, 0, 0, 0, 0, 0, 0, 0, 0, 0, 0, 0, 0, 0, 0, 0, 0, 0, 0, 0, 0, 0, 331.69, 331.69, 14, 331.69, 331.69, 331.69, 0, 
영흥태양광, 2, 2023-03-15 00:00:00, 0, 0, 0, 0, 0, 0, 0, 46.282, 152.345, 115.705, 284.442, 469.571, 380.863, 101.242, 196.699, 155.238, 128.24, 51.103, 1.928, 0, 0, 0, 0, 0, 2083.658, 87, 469.57, 1.928, 469.571, 0, 
탑선태양광, 1, 2023-03-15 00:00:00, 0, 0, 0, 0, 0, 0, 0, 0, 0, 0, 0, 0, 0, 0, 0, 0, 0, 0, 0, 0, 0, 0, 0, 1835, 1835, 76, 1835, 1835, 1835, 0, 
탑선태양광, 3, 2023-03-15 00:00:00, 0, 0, 0, 0, 0, 0, 0, 0, 0, 0, 0, 0, 0, 0, 0, 0, 0, 0, 0, 0, 0, 0, 0, 1132, 1132, 47, 1132, 1132, 1132, 0, 
경상대태양광, 1, 2023-03-15 00:00:00, 0, 0, 0, 0, 0, 0, 0, 0, 0, 0, 0, 0, 0, 0, 0, 0, 104.832, 119.448, 4.392, 0, 0, 0, 0, 0, 228.672, 10, 119.44, 4.392, 119.448, 0, 
영동태양광, 1, 2023-03-14 00:00:00, 0, 0, 0, 0, 0, 0, 0, 10.368, 93.504, 135.936, 138.72, 31.104, 30.72, 30.432, 42.72, 36.096, 225.888, 557.472, 691.392, 688.224, 648.864, 48, 0, 0, 3409.44, 142, 691.39, 10.368, 691.392, 0, 
삼천포태양광#5, 1, 2023-03-14 00:00:00, 0, 0, 0, 0, 0, 0, 0, 267.568, 1374, 2335.8, 502.595, 802.705, 950.953, 1883.826, 3163.816, 2578.058, 1717.5, 687, 2433.426, 2534.668, 2534.668, 1041.347, 0, 0, 24807.93, 1034, 3163.81, 267.56, 3163.816, 0, 
삼천포태양광#5, 2, 2023-03-14 00:00:00, 0, 0, 0, 0, 0, 0, 0, 361.579, 2323.747, 3900.232, 1258.295, 1740.4, 1995.916, 3181.895, 4498.042, 3678.463, 2444.274, 993.137, 3765.242, 3852.021, 3852.021, 1436.674, 0, 0, 39281.938, 1637, 4498.04, 361.57, 4498.042, 0, 
광양항세방태양광, 1, 2023-03-14 00:00:00, 0, 0, 0, 0, 0, 0, 0, 127.2, 532.8, 1060.8, 1596, 1905.6, 2112, 2080.8, 1951.2, 1584, 1017.6, 362.4, 31.2, 0, 0, 0, 0, 0, 14361.6, 598, 2112, 31.2, 2112, 0, 
두산엔진MG태양광, 1, 2023-03-14 00:00:00, 0, 0, 0, 0, 0, 0, 0, 2.04, 7.44, 15.78, 28.5, 45.36, 54.78, 59.82, 60.18, 56.22, 45.66, 27.36, 45.18, 49.92, 45.18, 0, 0, 0, 543.42, 23, 60.18, 2.04, 60.18, 0, 
삼천포태양광, 1, 2023-03-14 00:00:00, 0, 0, 0, 0, 0, 0, 0, 2.412, 17.016, 33.504, 44.808, 52.548, 55.008, 55.056, 51.132, 42.348, 27.768, 4.668, 0, 0, 0, 0, 0, 0, 386.268, 16, 55.05, 2.412, 55.056, 0, 
삼천포태양광, 2, 2023-03-14 00:00:00, 0, 0, 0, 0, 0, 0, 0, 47.04, 278.88, 537.216, 684.864, 780.192, 805.728, 786.048, 702.816, 546.528, 355.968, 133.92, 7.68, 0, 0, 0, 0, 0, 5666.88, 236, 805.72, 7.68, 805.728, 0, 
삼천포태양광, 3, 2023-03-14 00:00:00, 0, 0, 0, 0, 0, 0, 0, 21.204, 109.44, 183.096, 232.056, 266.904, 272.052, 267.048, 247.968, 198.792, 129.168, 49.284, 1.116, 0, 0, 0, 0, 0, 1978.128, 82, 272.05, 1.116, 272.052, 0, 
삼천포태양광, 4, 2023-03-14 00:00:00, 0, 0, 0, 0, 0, 0, 0, 3.42, 517.14, 971.64, 111.42, 188.28, 255.78, 1103.58, 1310.22, 1067.22, 695.52, 265.32, 1177.56, 1185.12, 1184.58, 30.42, 0, 0, 10067.22, 419, 1310.22, 3.42, 1310.22, 0, 
구미태양광, 1, 2023-03-14 00:00:00, 0, 0, 0, 0, 0, 0, 0, 0.795, 191.637, 441.994, 624.158, 648.962, 758.882, 466.581, 583.588, 543.092, 388.77, 164.518, 7.376, 0, 0, 0, 0, 0, 4820.353, 201, 758.88, 0.795, 758.882, 0, 
삼천포태양광#6, 1, 2023-03-14 00:00:00, 0, 0, 0, 0, 0, 0, 0, 43.389, 177.897, 363.025, 136.677, 82.44, 93.287, 319.636, 725.327, 593.713, 350.732, 131.615, 564.786, 636.379, 636.379, 142.462, 0, 0, 4997.744, 208, 725.32, 43.38, 725.327, 0, 
영흥태양광#5, 1, 2023-03-14 00:00:00, 0, 0, 0, 0, 0, 0, 0, 86.779, 764.137, 1386.053, 118.116, 2075.463, 3191.537, 2950.484, 2769.695, 2246.611, 1523.453, 650.842, 43.389, 0, 0, 0, 0, 0, 17806.559, 742, 3191.53, 43.389, 3191.537, 0, 
영흥태양광 #3, 1, 2023-03-14 00:00:00, 1824, 0, 0, 0, 0, 0, 0, 54.96, 673.92, 1314.24, 96.24, 51.84, 63.6, 2448.72, 2532.96, 2040.72, 1286.4, 400.56, 10.32, 0, 0, 0, 2138.4, 2299.2, 17236.08, 718, 2532.96, 10.32, 2532.96, 0, 
영흥태양광 #3, 2, 2023-03-14 00:00:00, 476.16, 0, 0, 0, 0, 0, 0, 17.184, 247.968, 520.896, 59.04, 33.888, 339.744, 326.688, 0, 0, 0, 258.336, 20.064, 0, 0, 0, 801.6, 888.96, 3990.528, 166, 888.96, 17.18, 888.96, 0, 
영흥태양광 #3, 3, 2023-03-14 00:00:00, 283.2, 0, 0, 0, 0, 0, 0, 13.92, 222.12, 440.88, 75.6, 37.56, 37.08, 427.32, 762.36, 627.96, 430.44, 197.88, 10.92, 0, 0, 0, 878.4, 990, 5435.64, 226, 990, 10.92, 990, 0, 
영흥태양광, 1, 2023-03-14 00:00:00, 0, 0, 0, 0, 0, 0, 0, 8.947, 127.142, 379.776, 488.218, 724.339, 740.774, 746.496, 701.683, 576.115, 402.547, 167.27, 11.059, 0, 0, 0, 0, 0, 5074.366, 211, 746.49, 8.947, 746.496, 0, 
예천태양광, 1, 2023-03-14 00:00:00, 0, 0, 0, 0, 0, 0, 0, 34.92, 288.36, 805.5, 1073.34, 1042.02, 840.24, 1327.14, 920.7, 1145.34, 857.88, 373.86, 24.3, 0, 0, 0, 0, 0, 8733.6, 364, 1327.14, 24.3, 1327.14, 0, 
여수태양광, 1, 2023-03-14 00:00:00, 0, 0, 0, 0, 0, 0, 0, 0, 0, 0, 0, 0, 0, 0, 0, 0, 0, 0, 0, 0, 0, 0, 0, 380, 380, 16, 380, 380, 380, 0, 
영흥태양광, 2, 2023-03-14 00:00:00, 0, 0, 0, 0, 0, 0, 0, 17.356, 179.343, 387.613, 461.857, 736.657, 808.008, 755.941, 728.943, 565.027, 363.507, 146.56, 9.642, 0, 0, 0, 0, 0, 5160.454, 215, 808, 9.642, 808.008, 0, 
탑선태양광, 1, 2023-03-14 00:00:00, 0, 0, 0, 0, 0, 0, 0, 0, 0, 0, 0, 0, 0, 0, 0, 0, 0, 0, 0, 0, 0, 0, 0, 1835, 1835, 76, 1835, 1835, 1835, 0, 
탑선태양광, 3, 2023-03-14 00:00:00, 0, 0, 0, 0, 0, 0, 0, 0, 0, 0, 0, 0, 0, 0, 0, 0, 0, 0, 0, 0, 0, 0, 0, 1132, 1132, 47, 1132, 1132, 1132, 0, 
경상대태양광, 1, 2023-03-14 00:00:00, 0, 0, 0, 0, 0, 0, 0, 0, 0, 0, 0, 0, 0, 0, 0, 0, 0, 0, 0, 0, 0, 0, 0, 0, 0, 0, 0, 0, 0, 0, 
영동태양광, 1, 2023-03-13 00:00:00, 0, 0, 0, 0, 0, 0, 0, 3.84, 96.864, 357.408, 402.336, 29.376, 42.432, 231.648, 889.056, 619.2, 233.952, 503.136, 690.048, 689.472, 517.344, 0, 0, 0, 5306.112, 221, 889.05, 3.84, 889.056, 0, 
삼천포태양광#5, 1, 2023-03-13 00:00:00, 0, 0, 0, 0, 0, 0, 0, 274.8, 1493.321, 2505.742, 734.005, 1023.268, 1106.432, 1836.821, 3297.6, 2643.142, 1721.116, 650.842, 2433.426, 2534.668, 2538.284, 976.263, 0, 0, 25769.73, 1074, 3297.6, 274.8, 3297.6, 0, 
삼천포태양광#5, 2, 2023-03-13 00:00:00, 0, 0, 0, 0, 0, 0, 0, 313.368, 2169.474, 3543.474, 824.4, 1185.979, 1325.789, 2627.474, 5520.105, 4440.189, 2911.916, 1118.484, 3765.242, 3856.842, 3856.842, 1402.926, 0, 0, 38862.504, 1619, 5520.1, 313.36, 5520.105, 0, 
광양항세방태양광, 1, 2023-03-13 00:00:00, 0, 0, 0, 0, 0, 0, 0, 115.2, 559.2, 1226.4, 1737.6, 2037.6, 2220, 2179.2, 1970.4, 1608, 1039.2, 369.6, 28.8, 0, 0, 0, 0, 0, 15091.2, 629, 2220, 28.8, 2220, 0, 
두산엔진MG태양광, 1, 2023-03-13 00:00:00, 0, 0, 0, 0, 0, 0, 0, 1.02, 3.24, 15.84, 8.64, 6, 6.12, 18.3, 59.82, 55.08, 39.9, 25.14, 0.84, 0, 0, 0, 0, 0, 239.94, 10, 59.82, 0.84, 59.82, 0, 
삼천포태양광, 1, 2023-03-13 00:00:00, 0, 0, 0, 0, 0, 0, 0, 2.52, 18.312, 35.556, 48.252, 55.836, 57.252, 56.1, 53.052, 43.236, 28.032, 4.932, 0, 0, 0, 0, 0, 0, 403.08, 17, 57.25, 2.52, 57.252, 0, 
삼천포태양광, 2, 2023-03-13 00:00:00, 0, 0, 0, 0, 0, 0, 0, 44.448, 297.984, 571.68, 728.736, 811.296, 828.192, 801.888, 731.136, 574.368, 359.328, 129.696, 5.856, 0, 0, 0, 0, 0, 5884.608, 245, 828.19, 5.856, 828.192, 0, 
삼천포태양광, 3, 2023-03-13 00:00:00, 0, 0, 0, 0, 0, 0, 0, 24.336, 121.032, 196.164, 251.424, 282.6, 288.324, 279, 255.168, 204.552, 131.328, 47.376, 0.756, 0, 0, 0, 0, 0, 2082.06, 87, 288.32, 0.756, 288.324, 0, 
삼천포태양광, 4, 2023-03-13 00:00:00, 0, 0, 0, 0, 0, 0, 0, 0.18, 544.32, 1050.3, 149.76, 280.26, 317.52, 1154.52, 1364.58, 1090.08, 703.08, 249.48, 1177.02, 1184.76, 1185.12, 1.26, 0, 0, 10452.24, 436, 1364.58, 0.18, 1364.58, 0, 
구미태양광, 1, 2023-03-13 00:00:00, 0, 0, 0, 0, 0, 0, 0, 38.544, 289.842, 531.376, 686.205, 759.316, 780.721, 756.351, 683.89, 557.338, 343.789, 132.989, 2.531, 0, 0, 0, 0, 0, 5562.892, 232, 780.72, 2.531, 780.721, 0, 
삼천포태양광#6, 1, 2023-03-13 00:00:00, 0, 0, 0, 0, 0, 0, 0, 50.621, 191.637, 362.302, 125.829, 81.717, 83.163, 85.333, 229.241, 350.732, 201.761, 54.96, 561.894, 633.486, 633.486, 136.677, 0, 0, 3782.839, 158, 633.48, 50.62, 633.486, 0, 
영흥태양광#5, 1, 2023-03-13 00:00:00, 0, 0, 0, 0, 0, 0, 0, 277.211, 1166.695, 1993.505, 2555.158, 2890.221, 2993.874, 1778.968, 2613.011, 2126.084, 1398.105, 313.368, 28.926, 0, 0, 0, 0, 0, 20135.126, 839, 2993.87, 28.926, 2993.874, 0, 
영흥태양광 #3, 1, 2023-03-13 00:00:00, 0, 0, 0, 0, 0, 0, 0, 179.28, 983.04, 1700.88, 184.8, 56.4, 132.24, 2498.4, 2352.48, 1908, 1179.84, 285.12, 16.08, 0, 0, 0, 2138.4, 2299.2, 15914.16, 663, 2498.4, 16.08, 2498.4, 0, 
영흥태양광 #3, 2, 2023-03-13 00:00:00, 0, 0, 0, 0, 0, 0, 0, 79.008, 398.592, 688.032, 108.192, 27.84, 383.232, 1019.52, 938.496, 775.68, 522.528, 146.592, 0, 0, 0, 0, 793.92, 889.92, 6771.552, 282, 1019.52, 27.84, 1019.52, 0, 
영흥태양광 #3, 3, 2023-03-13 00:00:00, 0, 0, 0, 0, 0, 0, 0, 48.6, 309.24, 543.72, 34.68, 32.76, 37.08, 444.72, 735.24, 610.92, 413.16, 125.28, 4.2, 0, 0, 0, 878.4, 991.2, 5209.2, 217, 991.2, 4.2, 991.2, 0, 
영흥태양광, 1, 2023-03-13 00:00:00, 0, 0, 0, 0, 0, 0, 0, 5.952, 181.594, 429.12, 630.336, 740.659, 777.869, 743.539, 670.848, 548.698, 369.562, 103.949, 6.298, 0, 0, 0, 0, 0, 5208.424, 217, 777.86, 5.952, 777.869, 0, 
예천태양광, 1, 2023-03-13 00:00:00, 0, 0, 0, 0, 0, 0, 0, 102.42, 604.08, 1100.88, 1445.22, 1648.98, 1713.6, 1647.9, 1501.92, 1222.2, 774.54, 314.64, 24.48, 0, 0, 0, 0, 0, 12100.86, 504, 1713.6, 24.48, 1713.6, 0, 
여수태양광, 1, 2023-03-13 00:00:00, 0, 0, 0, 0, 0, 0, 0, 0, 0, 0, 0, 0, 0, 0, 0, 0, 0, 0, 0, 0, 0, 0, 0, 688.77, 688.77, 29, 688.77, 688.77, 688.77, 0, 
영흥태양광, 2, 2023-03-13 00:00:00, 0, 0, 0, 0, 0, 0, 0, 43.389, 252.623, 491.747, 643.128, 730.872, 766.547, 704.838, 609.381, 533.208, 335.545, 95.457, 7.714, 0, 0, 0, 0, 0, 5214.449, 217, 766.54, 7.71, 766.547, 0, 
탑선태양광, 1, 2023-03-13 00:00:00, 0, 0, 0, 0, 0, 0, 0, 0, 0, 0, 0, 0, 0, 0, 0, 0, 0, 0, 0, 0, 0, 0, 0, 1835, 1835, 76, 1835, 1835, 1835, 0, 
탑선태양광, 3, 2023-03-13 00:00:00, 0, 0, 0, 0, 0, 0, 0, 0, 0, 0, 0, 0, 0, 0, 0, 0, 0, 0, 0, 0, 0, 0, 0, 1132, 1132, 47, 1132, 1132, 1132, 0, 
경상대태양광, 1, 2023-03-13 00:00:00, 0, 0, 0, 0, 0, 0, 0, 0, 0, 0, 0, 0, 0, 0, 0, 0, 0, 0, 0, 0, 0, 0, 0, 0, 0, 0, 0, 0, 0, 0, 
영동태양광, 1, 2023-03-12 00:00:00, 0, 0, 0, 0, 0, 0, 0, 0.192, 47.904, 251.616, 264.288, 31.2, 30.624, 25.92, 29.952, 30.912, 54.048, 434.4, 271.296, 0, 0, 0, 0, 0, 1472.352, 61, 434.4, 0.192, 434.4, 0, 
삼천포태양광#5, 1, 2023-03-12 00:00:00, 0, 0, 0, 0, 0, 0, 0, 33.467, 529.696, 734.29, 229.965, 666.648, 417.485, 163.207, 22.565, 6.888, 5.328, 2.829, 2468.946, 433.331, 0, 0, 0, 0, 5714.645, 238, 2468.94, 2.82, 2468.946, 0, 
삼천포태양광#5, 2, 2023-03-12 00:00:00, 0, 0, 0, 0, 0, 0, 0, 52.06, 706.262, 1029.853, 306.62, 675.149, 433.922, 243.723, 40.115, 9.184, 7.104, 4.773, 3758.694, 862.592, 0, 0, 0, 0, 8130.051, 339, 3758.69, 4.77, 3758.694, 0, 
광양항세방태양광, 1, 2023-03-12 00:00:00, 0, 0, 0, 0, 0, 0, 0, 33.6, 223.2, 393.6, 600, 909.6, 300, 280.8, 184.8, 316.8, 170.4, 45.6, 2.4, 0, 0, 0, 0, 0, 3460.8, 144, 909.6, 2.4, 909.6, 0, 
두산엔진MG태양광, 1, 2023-03-12 00:00:00, 0, 0, 0, 0, 0, 0, 0, 1.26, 6.78, 10.8, 6, 3.96, 4.8, 3, 0.72, 0.06, 0, 0, 41.28, 0, 0, 0, 0, 0, 78.66, 3, 41.28, 0.06, 41.28, 0, 
삼천포태양광, 1, 2023-03-12 00:00:00, 0, 0, 0, 0, 0, 0, 0, 0.264, 7.272, 7.14, 14.448, 29.028, 17.304, 3.492, 0, 0, 0, 0, 0, 0, 0, 0, 0, 0, 78.948, 3, 29.02, 0.264, 29.028, 0, 
삼천포태양광, 2, 2023-03-12 00:00:00, 0, 0, 0, 0, 0, 0, 0, 12.768, 130.56, 150.72, 202.464, 371.616, 283.584, 76.992, 8.736, 3.072, 0.672, 0, 0, 0, 0, 0, 0, 0, 1241.184, 52, 371.61, 0.672, 371.616, 0, 
삼천포태양광, 3, 2023-03-12 00:00:00, 0, 0, 0, 0, 0, 0, 0, 0.36, 38.16, 54.936, 53.46, 100.188, 82.08, 24.516, 1.548, 0.072, 0, 0, 0, 0, 0, 0, 0, 0, 355.32, 15, 100.18, 0.072, 100.188, 0, 
삼천포태양광, 4, 2023-03-12 00:00:00, 0, 0, 0, 0, 0, 0, 0, 0, 148.421, 216.566, 92.893, 162.851, 83.951, 44.524, 0, 0, 0, 1.328, 1196.979, 119.253, 0, 0, 0, 0, 2066.766, 86, 1196.97, 1.32, 1196.979, 0, 
구미태양광, 1, 2023-03-12 00:00:00, 0, 0, 0, 0, 0, 0, 0, 23.069, 184.478, 299.966, 328.097, 124.166, 4.773, 3.11, 0.072, 0.217, 0.651, 0.145, 0, 0, 0, 0, 0, 0, 968.744, 40, 328.09, 0.072, 328.097, 0, 
삼천포태양광#6, 1, 2023-03-12 00:00:00, 0, 0, 0, 0, 0, 0, 0, 3.905, 87.022, 97.674, 82.787, 90.344, 55.226, 48.962, 3.009, 0, 0, 0.701, 327.964, 0, 0, 0, 0, 0, 797.594, 33, 327.96, 0.7, 327.964, 0, 
영흥태양광#5, 1, 2023-03-12 00:00:00, 0, 0, 0, 0, 0, 0, 0, 0, 33.747, 77.137, 113.295, 183.2, 400.147, 523.084, 889.484, 1675.316, 1581.305, 643.611, 31.337, 0, 0, 0, 0, 0, 6151.663, 256, 1675.31, 31.337, 1675.316, 0, 
영흥태양광 #3, 1, 2023-03-12 00:00:00, 1869.6, 0, 0, 0, 0, 0, 0, 0, 11.52, 60.96, 84, 91.2, 88.8, 96.24, 84, 56.64, 1184.4, 401.52, 6.72, 0, 0, 0, 2138.4, 787.2, 6961.2, 290, 2138.4, 6.72, 2138.4, 0, 
영흥태양광 #3, 2, 2023-03-12 00:00:00, 438.72, 0, 0, 0, 0, 0, 0, 0, 0, 13.248, 32.064, 46.464, 46.464, 46.56, 40.704, 22.944, 525.024, 271.968, 10.848, 0, 0, 0, 793.92, 318.72, 2607.648, 109, 793.92, 10.848, 793.92, 0, 
영흥태양광 #3, 3, 2023-03-12 00:00:00, 260.4, 0, 0, 0, 0, 0, 0, 0, 0.48, 15.6, 28.92, 44.4, 46.2, 48.36, 45.24, 42, 402.24, 197.76, 3.36, 0, 0, 0, 880.8, 0, 2015.76, 84, 880.8, 0.48, 880.8, 0, 
영흥태양광, 1, 2023-03-12 00:00:00, 0, 0, 0, 0, 0, 0, 0, 0, 0.038, 6.374, 18.701, 41.395, 97.267, 137.126, 229.824, 411.802, 416.294, 167.155, 5.76, 0, 0, 0, 0, 0, 1531.736, 64, 416.29, 0.038, 416.294, 0, 
예천태양광, 1, 2023-03-12 00:00:00, 0, 0, 0, 0, 0, 0, 0, 59.58, 244.8, 91.08, 68.04, 84.24, 113.94, 80.82, 81.9, 81.54, 60.48, 16.56, 7.2, 0, 0, 0, 0, 0, 990.18, 41, 244.8, 7.2, 244.8, 0, 
여수태양광, 1, 2023-03-12 00:00:00, 0, 0, 0, 0, 0, 0, 0, 0, 0, 0, 0, 0, 0, 0, 0, 0, 0, 0, 0, 0, 0, 0, 0, 700, 700, 29, 700, 700, 700, 0, 
영흥태양광, 2, 2023-03-12 00:00:00, 0, 0, 0, 0, 0, 0, 0, 0, 3.857, 18.32, 28.926, 50.139, 121.491, 149.453, 242.017, 413.646, 377.971, 142.703, 6.749, 0, 0, 0, 0, 0, 1555.272, 65, 413.64, 3.857, 413.646, 0, 
탑선태양광, 1, 2023-03-12 00:00:00, 0, 0, 0, 0, 0, 0, 0, 0, 0, 0, 0, 0, 0, 0, 0, 0, 0, 0, 0, 0, 0, 0, 0, 1835, 1835, 76, 1835, 1835, 1835, 0, 
탑선태양광, 3, 2023-03-12 00:00:00, 0, 0, 0, 0, 0, 0, 0, 0, 0, 0, 0, 0, 0, 0, 0, 0, 0, 0, 0, 0, 0, 0, 0, 1132, 1132, 47, 1132, 1132, 1132, 0, 
경상대태양광, 1, 2023-03-12 00:00:00, 0, 0, 0, 0, 0, 0, 0, 14.976, 89.856, 278.496, 339.408, 461.232, 110.088, 0, 0, 0, 0, 0, 0, 0, 0, 0, 0, 0, 1294.056, 54, 461.23, 14.976, 461.232, 0, 
영동태양광, 1, 2023-03-11 00:00:00, 0, 0, 0, 0, 0, 0, 0, 0, 23.712, 163.776, 243.648, 32.832, 38.112, 38.112, 31.584, 31.2, 41.088, 398.496, 688.32, 532.896, 0, 0, 0, 0, 2263.776, 94, 688.32, 23.712, 688.32, 0, 
삼천포태양광#5, 1, 2023-03-11 00:00:00, 0, 0, 0, 0, 0, 0, 0, 25.066, 199.513, 382.393, 261.811, 404.029, 347.02, 324.512, 518.759, 1392.498, 430.415, 282.976, 2474.382, 2509.75, 2509.3, 892.184, 0, 0, 12954.608, 540, 2509.75, 25.06, 2509.75, 0, 
삼천포태양광#5, 2, 2023-03-11 00:00:00, 0, 0, 0, 0, 0, 0, 0, 29.708, 275.351, 500.328, 304.894, 394.741, 363.544, 369.583, 340.753, 1884.795, 619.797, 404.576, 3785.94, 3809.378, 3808.695, 1275.469, 0, 0, 18167.552, 757, 3809.37, 29.7, 3809.378, 0, 
광양항세방태양광, 1, 2023-03-11 00:00:00, 0, 0, 0, 0, 0, 0, 0, 86.4, 398.4, 652.8, 1022.4, 1197.6, 1502.4, 1298.4, 1432.8, 672, 379.2, 292.8, 12, 0, 0, 0, 0, 0, 8947.2, 373, 1502.4, 12, 1502.4, 0, 
두산엔진MG태양광, 1, 2023-03-11 00:00:00, 0, 0, 0, 0, 0, 0, 0, 1.68, 6.12, 14.22, 6.96, 5.4, 6, 5.76, 6.78, 35.88, 22.74, 5.88, 43.32, 49.5, 44.22, 0, 0, 0, 254.46, 11, 49.5, 1.68, 49.5, 0, 
삼천포태양광, 1, 2023-03-11 00:00:00, 0, 0, 0, 0, 0, 0, 0, 0.036, 2.16, 4.92, 15.276, 34.308, 41.208, 40.452, 35.952, 20.412, 5.472, 2.976, 0, 0, 0, 0, 0, 0, 203.172, 8, 41.2, 0.036, 41.208, 0, 
삼천포태양광, 2, 2023-03-11 00:00:00, 0, 0, 0, 0, 0, 0, 0, 6.048, 49.056, 97.056, 327.936, 517.248, 598.752, 599.808, 498.528, 306.624, 100.416, 65.472, 1.248, 0, 0, 0, 0, 0, 3168.192, 132, 599.8, 1.248, 599.808, 0, 
삼천포태양광, 3, 2023-03-11 00:00:00, 0, 0, 0, 0, 0, 0, 0, 0.108, 8.496, 29.772, 117.756, 178.884, 201.276, 204.336, 168.876, 106.848, 32.148, 20.988, 0.036, 0, 0, 0, 0, 0, 1069.524, 45, 204.33, 0.036, 204.336, 0, 
삼천포태양광, 4, 2023-03-11 00:00:00, 0, 0, 0, 0, 0, 0, 0, 0, 33.978, 105.322, 93.048, 97.445, 98.716, 97.097, 107.286, 524.283, 141.245, 87.068, 1198.929, 1172.934, 1172.724, 17.156, 0, 0, 4947.231, 206, 1198.92, 17.15, 1198.929, 0, 
구미태양광, 1, 2023-03-11 00:00:00, 0, 0, 0, 0, 0, 0, 0, 19.091, 175.149, 363.531, 501.221, 586.409, 554.734, 444.525, 350.587, 231.917, 104.424, 36.23, 0, 0, 0, 0, 0, 0, 3367.818, 140, 586.4, 19.091, 586.409, 0, 
삼천포태양광#6, 1, 2023-03-11 00:00:00, 0, 0, 0, 0, 0, 0, 0, 1.114, 41.303, 86.485, 90.143, 84.289, 84.984, 79.776, 91.546, 86.504, 90.215, 60.005, 573.054, 630.123, 630.01, 113.375, 0, 0, 2742.926, 114, 630.12, 1.11, 630.123, 0, 
영흥태양광#5, 1, 2023-03-11 00:00:00, 0, 0, 0, 0, 0, 0, 0, 178.379, 641.2, 1176.337, 1993.505, 2523.821, 2702.2, 2615.421, 2268.305, 1496.937, 665.305, 291.674, 24.105, 0, 0, 0, 0, 0, 16577.189, 691, 2702.2, 24.1, 2702.2, 0, 
영흥태양광 #3, 1, 2023-03-11 00:00:00, 1814.4, 0, 0, 0, 0, 0, 0, 130.8, 523.68, 1059.6, 165.12, 54, 68.64, 1332.48, 1948.32, 1343.52, 615.12, 263.76, 9.36, 0, 0, 0, 2138.4, 2299.2, 13766.4, 574, 2299.2, 9.36, 2299.2, 0, 
영흥태양광 #3, 2, 2023-03-11 00:00:00, 444.48, 0, 0, 0, 0, 0, 0, 44.064, 209.664, 412.32, 88.8, 23.616, 49.44, 905.28, 816.672, 556.512, 265.92, 113.28, 1.92, 0, 0, 0, 793.92, 889.92, 5615.808, 234, 905.28, 1.92, 905.28, 0, 
영흥태양광 #3, 3, 2023-03-11 00:00:00, 288, 0, 0, 0, 0, 0, 0, 34.92, 165.36, 345.24, 90.48, 40.32, 38.4, 141.72, 588.48, 413.52, 203.4, 84.96, 0, 0, 0, 0, 880.8, 990, 4305.6, 179, 990, 34.92, 990, 0, 
영흥태양광, 1, 2023-03-11 00:00:00, 0, 0, 0, 0, 0, 0, 0, 19.546, 105.523, 265.574, 471.13, 635.098, 679.526, 671.424, 504.23, 388.147, 199.488, 84.749, 6.067, 0, 0, 0, 0, 0, 4030.502, 168, 679.52, 6.067, 679.526, 0, 
예천태양광, 1, 2023-03-11 00:00:00, 0, 0, 0, 0, 0, 0, 0, 48.96, 385.2, 774.18, 997.92, 946.08, 980.28, 1021.32, 978.3, 607.32, 564.84, 177.48, 6.84, 0, 0, 0, 0, 0, 7488.72, 312, 1021.32, 6.84, 1021.32, 0, 
여수태양광, 1, 2023-03-11 00:00:00, 0, 0, 0, 0, 0, 0, 0, 0, 0, 0, 0, 0, 0, 0, 0, 0, 0, 0, 0, 0, 0, 0, 0, 275.47, 275.47, 11, 275.47, 275.47, 275.47, 0, 
영흥태양광, 2, 2023-03-11 00:00:00, 0, 0, 0, 0, 0, 0, 0, 36.64, 146.56, 307.583, 498.497, 627.701, 678.804, 660.484, 569.848, 392.434, 184.164, 82.922, 6.749, 0, 0, 0, 0, 0, 4192.386, 175, 678.8, 6.749, 678.804, 0, 
탑선태양광, 1, 2023-03-11 00:00:00, 0, 0, 0, 0, 0, 0, 0, 0, 0, 0, 0, 0, 0, 0, 0, 0, 0, 0, 0, 0, 0, 0, 0, 1835, 1835, 76, 1835, 1835, 1835, 0, 
탑선태양광, 3, 2023-03-11 00:00:00, 0, 0, 0, 0, 0, 0, 0, 0, 0, 0, 0, 0, 0, 0, 0, 0, 0, 0, 0, 0, 0, 0, 0, 1132, 1132, 47, 1132, 1132, 1132, 0, 
경상대태양광, 1, 2023-03-11 00:00:00, 0, 0, 0, 0, 0, 0, 0, 40.896, 174.96, 340.848, 407.16, 493.128, 458.64, 514.872, 422.928, 346.536, 150.264, 35.352, 0.504, 0, 0, 0, 0, 0, 3386.088, 141, 514.87, 0.504, 514.872, 0, 
영동태양광, 1, 2023-03-10 00:00:00, 0, 0, 0, 0, 0, 0, 0, 2.784, 74.688, 230.112, 324.672, 37.44, 39.072, 40.608, 620.928, 648.192, 447.744, 515.424, 689.952, 688.032, 600.288, 14.112, 0, 0, 4974.048, 207, 689.95, 2.784, 689.952, 0, 
삼천포태양광#5, 1, 2023-03-10 00:00:00, 0, 0, 0, 0, 0, 0, 0, 144.632, 965.416, 1959.758, 310.958, 473.668, 596.605, 1388.463, 2776.926, 2140.547, 1323.379, 415.816, 2422.579, 2534.668, 2538.284, 1001.574, 0, 0, 20993.273, 875, 2776.92, 144.63, 2776.926, 0, 
삼천포태양광#5, 2, 2023-03-10 00:00:00, 0, 0, 0, 0, 0, 0, 0, 188.021, 1335.432, 2762.463, 472.463, 419.432, 592.989, 1542.737, 3938.8, 3037.263, 1904.316, 607.453, 3712.211, 3847.2, 3847.2, 1455.958, 0, 0, 29663.938, 1236, 3938.8, 188.021, 3938.8, 0, 
광양항세방태양광, 1, 2023-03-10 00:00:00, 0, 0, 0, 0, 0, 0, 0, 81.6, 379.2, 763.2, 1154.4, 1454.4, 1629.6, 1634.4, 1497.6, 1197.6, 715.2, 242.4, 12, 0, 0, 0, 0, 0, 10761.6, 448, 1634.4, 12, 1634.4, 0, 
두산엔진MG태양광, 1, 2023-03-10 00:00:00, 0, 0, 0, 0, 0, 0, 0, 1.56, 5.28, 14.1, 7.5, 5.76, 5.76, 5.58, 35.34, 45.18, 32.58, 12.48, 43.92, 49.68, 43.98, 0, 0, 0, 308.7, 13, 49.68, 1.56, 49.68, 0, 
삼천포태양광, 1, 2023-03-10 00:00:00, 0, 0, 0, 0, 0, 0, 0, 1.704, 14.508, 28.956, 40.188, 47.412, 48.384, 47.244, 42.876, 34.236, 20.604, 4.248, 0, 0, 0, 0, 0, 0, 330.36, 14, 48.38, 1.704, 48.384, 0, 
삼천포태양광, 2, 2023-03-10 00:00:00, 0, 0, 0, 0, 0, 0, 0, 36.672, 183.168, 453.12, 607.968, 704.544, 725.76, 702.432, 615.264, 437.184, 259.872, 88.32, 2.496, 0, 0, 0, 0, 0, 4816.8, 201, 725.76, 2.496, 725.76, 0, 
삼천포태양광, 3, 2023-03-10 00:00:00, 0, 0, 0, 0, 0, 0, 0, 8.208, 63.468, 150.084, 204.984, 239.688, 245.484, 239.292, 210.852, 162.036, 98.136, 29.592, 0.072, 0, 0, 0, 0, 0, 1651.896, 69, 245.48, 0.072, 245.484, 0, 
삼천포태양광, 4, 2023-03-10 00:00:00, 0, 0, 0, 0, 0, 0, 0, 8.1, 332.64, 798.48, 108.18, 100.98, 107.82, 724.5, 1136.34, 868.5, 524.16, 145.98, 1175.22, 1184.94, 1184.58, 21.96, 0, 0, 8422.38, 351, 1184.94, 8.1, 1184.94, 0, 
구미태양광, 1, 2023-03-10 00:00:00, 0, 0, 0, 0, 0, 0, 0, 23.575, 206.606, 414.225, 549.311, 617.143, 630.015, 616.564, 546.273, 433.895, 270.244, 90.033, 0.145, 0, 0, 0, 0, 0, 4398.029, 183, 630.01, 0.145, 630.015, 0, 
삼천포태양광#6, 1, 2023-03-10 00:00:00, 0, 0, 0, 0, 0, 0, 0, 25.311, 161.264, 343.5, 129.445, 84.609, 84.609, 83.163, 551.046, 483.793, 263.229, 87.502, 563.34, 636.379, 636.379, 138.846, 0, 0, 4272.415, 178, 636.379, 25.311, 636.379, 0, 
영흥태양광#5, 1, 2023-03-10 00:00:00, 0, 0, 0, 0, 0, 0, 0, 38.568, 248.284, 626.737, 1701.832, 2311.695, 2497.305, 2379.189, 2126.084, 1651.211, 1005.189, 366.4, 24.105, 0, 0, 0, 0, 0, 14976.599, 624, 2497.3, 24.105, 2497.305, 0, 
영흥태양광 #3, 1, 2023-03-10 00:00:00, 0, 0, 0, 0, 0, 0, 0, 22.08, 220.56, 629.28, 133.68, 62.16, 72.24, 425.28, 1879.68, 1461.36, 855.36, 293.52, 10.08, 0, 0, 0, 2133.6, 2299.2, 10498.08, 437, 2299.2, 10.08, 2299.2, 0, 
영흥태양광 #3, 2, 2023-03-10 00:00:00, 0, 0, 0, 0, 0, 0, 0, 0, 82.272, 236.832, 58.272, 28.416, 33.888, 651.84, 772.128, 606.912, 387.072, 150.528, 3.072, 0, 0, 0, 793.92, 889.92, 4695.072, 196, 889.92, 3.072, 889.92, 0, 
영흥태양광 #3, 3, 2023-03-10 00:00:00, 0, 0, 0, 0, 0, 0, 0, 3.84, 77.52, 310.8, 87.84, 41.4, 39.96, 40.8, 427.68, 459.48, 291.48, 108.96, 0.72, 0, 0, 0, 879.6, 990, 3760.08, 157, 990, 0.72, 990, 0, 
영흥태양광, 1, 2023-03-10 00:00:00, 0, 0, 0, 0, 0, 0, 0, 8.141, 109.478, 305.05, 479.501, 588.25, 633.523, 605.76, 537.062, 428.659, 273.83, 102.758, 6.298, 0, 0, 0, 0, 0, 4078.31, 170, 633.52, 6.298, 633.523, 0, 
예천태양광, 1, 2023-03-10 00:00:00, 0, 0, 0, 0, 0, 0, 0, 57.42, 435.06, 873.18, 1172.7, 1333.62, 1413, 1391.22, 1253.16, 1017.18, 663.12, 247.68, 15.84, 0, 0, 0, 0, 0, 9873.18, 411, 1413, 15.84, 1413, 0, 
여수태양광, 1, 2023-03-10 00:00:00, 0, 0, 0, 0, 0, 0, 0, 0, 0, 0, 0, 0, 0, 0, 0, 0, 0, 0, 0, 0, 0, 0, 0, 323.6, 323.6, 13, 323.6, 323.6, 323.6, 0, 
영흥태양광, 2, 2023-03-10 00:00:00, 0, 0, 0, 0, 0, 0, 0, 8.678, 68.459, 191.878, 432.931, 587.204, 636.379, 610.345, 542.851, 417.503, 253.587, 95.457, 6.749, 0, 0, 0, 0, 0, 3852.021, 161, 636.37, 6.749, 636.379, 0, 
탑선태양광, 1, 2023-03-10 00:00:00, 0, 0, 0, 0, 0, 0, 0, 0, 0, 0, 0, 0, 0, 0, 0, 0, 0, 0, 0, 0, 0, 0, 0, 1835, 1835, 76, 1835, 1835, 1835, 0, 
탑선태양광, 3, 2023-03-10 00:00:00, 0, 0, 0, 0, 0, 0, 0, 0, 0, 0, 0, 0, 0, 0, 0, 0, 0, 0, 0, 0, 0, 0, 0, 1132, 1132, 47, 1132, 1132, 1132, 0, 
경상대태양광, 1, 2023-03-10 00:00:00, 0, 0, 0, 0, 0, 0, 0, 20.16, 140.616, 370.656, 492.12, 549.72, 581.184, 580.896, 525.96, 415.224, 247.032, 83.016, 2.448, 0, 0, 0, 0, 0, 4009.032, 167, 581.18, 2.448, 581.184, 0, 
영동태양광, 1, 2023-03-09 00:00:00, 0, 0, 0, 0, 0, 0, 0, 0, 7.2, 32.16, 31.2, 30.624, 30.72, 31.584, 35.712, 31.968, 185.856, 492.864, 689.568, 676.32, 89.376, 0, 0, 0, 2365.152, 99, 689.56, 7.2, 689.568, 0, 
삼천포태양광#5, 1, 2023-03-09 00:00:00, 0, 0, 0, 0, 0, 0, 0, 68.7, 726.774, 871.405, 318.189, 202.484, 238.642, 202.484, 2299.642, 1995.916, 1110.047, 357.963, 2422.579, 2534.668, 2534.668, 1019.653, 0, 0, 16903.814, 704, 2534.66, 68.7, 2534.668, 0, 
삼천포태양광#5, 2, 2023-03-09 00:00:00, 0, 0, 0, 0, 0, 0, 0, 96.421, 1007.6, 1210.084, 433.895, 303.726, 303.726, 303.726, 2453.916, 2849.242, 1610.232, 515.853, 3707.389, 3842.379, 3847.2, 1451.137, 0, 0, 23936.526, 997, 3847.2, 96.421, 3847.2, 0, 
광양항세방태양광, 1, 2023-03-09 00:00:00, 0, 0, 0, 0, 0, 0, 0, 2.4, 55.2, 638.4, 948, 1432.8, 1564.8, 1600.8, 1449.6, 1104, 537.6, 249.6, 12, 0, 0, 0, 0, 0, 9595.2, 400, 1600.8, 2.4, 1600.8, 0, 
두산엔진MG태양광, 1, 2023-03-09 00:00:00, 0, 0, 0, 0, 0, 0, 0, 1.02, 7.26, 8.34, 6.3, 5.22, 4.5, 6.3, 5.22, 37.86, 23.94, 8.94, 43.92, 49.62, 43.86, 0, 0, 0, 252.3, 11, 49.62, 1.02, 49.62, 0, 
삼천포태양광, 1, 2023-03-09 00:00:00, 0, 0, 0, 0, 0, 0, 0, 0.072, 11.04, 12.588, 33.54, 40.788, 42.492, 43.092, 40.536, 32.928, 18.036, 3.72, 0, 0, 0, 0, 0, 0, 278.832, 12, 43.09, 0.072, 43.092, 0, 
삼천포태양광, 2, 2023-03-09 00:00:00, 0, 0, 0, 0, 0, 0, 0, 15.936, 165.024, 201.6, 505.344, 588, 610.944, 626.304, 569.184, 428.736, 238.272, 77.568, 1.824, 0, 0, 0, 0, 0, 4028.736, 168, 626.3, 1.824, 626.304, 0, 
삼천포태양광, 3, 2023-03-09 00:00:00, 0, 0, 0, 0, 0, 0, 0, 0.684, 52.308, 64.188, 166.392, 184.896, 199.512, 212.472, 193.572, 153.108, 85.392, 26.352, 0.072, 0, 0, 0, 0, 0, 1338.948, 56, 212.47, 0.072, 212.472, 0, 
삼천포태양광, 4, 2023-03-09 00:00:00, 0, 0, 0, 0, 0, 0, 0, 0.18, 229.32, 321.84, 109.26, 100.62, 101.16, 100.62, 758.34, 813.24, 438.48, 118.62, 1175.76, 1184.76, 1184.58, 24.12, 0, 0, 6660.9, 278, 1184.76, 0.18, 1184.76, 0, 
구미태양광, 1, 2023-03-09 00:00:00, 0, 0, 0, 0, 0, 0, 0, 9.763, 144.415, 306.981, 454.939, 559.507, 588, 405.981, 374.668, 395.784, 281.236, 89.165, 0.072, 0, 0, 0, 0, 0, 3610.511, 150, 588, 0.072, 588, 0, 
삼천포태양광#6, 1, 2023-03-09 00:00:00, 0, 0, 0, 0, 0, 0, 0, 8.678, 146.078, 164.88, 123.66, 86.779, 86.056, 85.333, 123.66, 458.482, 240.088, 78.824, 563.34, 636.379, 635.656, 141.016, 0, 0, 3578.909, 149, 636.37, 8.67, 636.379, 0, 
영흥태양광#5, 1, 2023-03-09 00:00:00, 0, 0, 0, 0, 0, 0, 0, 4.821, 62.674, 260.337, 412.2, 650.842, 670.126, 720.747, 976.263, 708.695, 419.432, 185.611, 12.053, 0, 0, 0, 0, 0, 5083.801, 212, 976.26, 4.821, 976.263, 0, 
영흥태양광 #3, 1, 2023-03-09 00:00:00, 607.2, 0, 0, 0, 0, 0, 0, 0, 39.6, 198.48, 100.56, 82.8, 93.12, 96.48, 85.68, 114.48, 397.2, 192.72, 3.84, 0, 0, 0, 2136, 1308, 5456.16, 227, 2136, 3.84, 2136, 0, 
영흥태양광 #3, 2, 2023-03-09 00:00:00, 0, 0, 0, 0, 0, 0, 0, 0, 5.088, 83.712, 48.288, 48.096, 49.44, 47.04, 40.32, 57.408, 150.24, 74.784, 0, 0, 0, 0, 794.88, 276.48, 1675.776, 70, 794.88, 5.088, 794.88, 0, 
영흥태양광 #3, 3, 2023-03-09 00:00:00, 0, 0, 0, 0, 0, 0, 0, 0, 5.88, 58.56, 48.36, 47.76, 46.32, 45.84, 46.08, 47.52, 120.24, 55.56, 0, 0, 0, 0, 880.8, 76.8, 1479.72, 62, 880.8, 5.88, 880.8, 0, 
영흥태양광, 1, 2023-03-09 00:00:00, 0, 0, 0, 0, 0, 0, 0, 0, 3.302, 44.467, 79.411, 172.762, 200.026, 261.926, 294.682, 197.683, 126.259, 60.864, 2.842, 0, 0, 0, 0, 0, 1444.224, 60, 294.68, 2.842, 294.682, 0, 
예천태양광, 1, 2023-03-09 00:00:00, 0, 0, 0, 0, 0, 0, 0, 34.38, 253.08, 84.42, 387.36, 581.76, 1136.34, 1227.06, 1369.8, 1053.54, 642.78, 242.1, 15.48, 0, 0, 0, 0, 0, 7028.1, 293, 1369.8, 15.48, 1369.8, 0, 
여수태양광, 1, 2023-03-09 00:00:00, 0, 0, 0, 0, 0, 0, 0, 0, 0, 0, 0, 0, 0, 0, 0, 0, 0, 0, 0, 0, 0, 0, 0, 251.15, 251.15, 10, 251.15, 251.15, 251.15, 0, 
영흥태양광, 2, 2023-03-09 00:00:00, 0, 0, 0, 0, 0, 0, 0, 0, 12.535, 60.745, 94.493, 173.558, 221.768, 226.589, 299.869, 219.84, 129.204, 56.888, 3.857, 0, 0, 0, 0, 0, 1499.346, 62, 299.86, 3.857, 299.869, 0, 
탑선태양광, 1, 2023-03-09 00:00:00, 0, 0, 0, 0, 0, 0, 0, 0, 0, 0, 0, 0, 0, 0, 0, 0, 0, 0, 0, 0, 0, 0, 0, 1835, 1835, 76, 1835, 1835, 1835, 0, 
탑선태양광, 3, 2023-03-09 00:00:00, 0, 0, 0, 0, 0, 0, 0, 0, 0, 0, 0, 0, 0, 0, 0, 0, 0, 0, 0, 0, 0, 0, 0, 1132, 1132, 47, 1132, 1132, 1132, 0, 
경상대태양광, 1, 2023-03-09 00:00:00, 0, 0, 0, 0, 0, 0, 0, 19.08, 51.84, 283.104, 301.68, 288.72, 452.088, 550.8, 495.648, 399.96, 243.72, 74.808, 2.088, 0, 0, 0, 0, 0, 3163.536, 132, 550.8, 2.088, 550.8, 0, 
영동태양광, 1, 2023-03-08 00:00:00, 0, 0, 0, 0, 0, 0, 0, 2.496, 78.912, 271.008, 306.72, 41.088, 41.856, 41.184, 31.392, 30.72, 16.224, 391.584, 533.376, 0, 0, 0, 0, 0, 1786.56, 74, 533.37, 2.49, 533.376, 0, 
삼천포태양광#5, 1, 2023-03-08 00:00:00, 0, 0, 0, 0, 0, 0, 0, 177.174, 1026.884, 1829.589, 282.032, 235.026, 325.421, 303.726, 2733.537, 2223.711, 1471.626, 545.984, 2426.195, 2534.668, 2534.668, 1030.5, 0, 0, 19680.741, 820, 2733.53, 177.17, 2733.537, 0, 
삼천포태양광#5, 2, 2023-03-08 00:00:00, 0, 0, 0, 0, 0, 0, 0, 221.768, 1455.958, 2579.263, 438.716, 303.726, 356.758, 313.368, 3172.253, 3172.253, 2097.158, 781.011, 3721.853, 3842.379, 3847.2, 1451.137, 0, 0, 27754.801, 1156, 3847.2, 221.768, 3847.2, 0, 
광양항세방태양광, 1, 2023-03-08 00:00:00, 0, 0, 0, 0, 0, 0, 0, 108, 434.4, 837.6, 1161.6, 1425.6, 1608, 1744.8, 1521.6, 1257.6, 823.2, 278.4, 14.4, 0, 0, 0, 0, 0, 11215.2, 467, 1744.8, 14.4, 1744.8, 0, 
두산엔진MG태양광, 1, 2023-03-08 00:00:00, 0, 0, 0, 0, 0, 0, 0, 1.8, 5.7, 14.7, 7.74, 5.7, 5.22, 4.86, 11.7, 45.18, 35.34, 16.56, 44.22, 49.74, 45.06, 0, 0, 0, 293.52, 12, 49.74, 1.8, 49.74, 0, 
삼천포태양광, 1, 2023-03-08 00:00:00, 0, 0, 0, 0, 0, 0, 0, 1.908, 13.608, 26.832, 35.916, 41.112, 44.844, 41.964, 44.496, 36.144, 23.772, 5.124, 0, 0, 0, 0, 0, 0, 315.72, 13, 44.84, 1.908, 44.844, 0, 
삼천포태양광, 2, 2023-03-08 00:00:00, 0, 0, 0, 0, 0, 0, 0, 36.48, 204.576, 408.192, 522.144, 596.544, 646.08, 584.352, 619.392, 485.088, 309.6, 109.536, 3.072, 0, 0, 0, 0, 0, 4525.056, 189, 646.08, 3.072, 646.08, 0, 
삼천포태양광, 3, 2023-03-08 00:00:00, 0, 0, 0, 0, 0, 0, 0, 12.852, 79.452, 139.86, 175.32, 201.204, 219.456, 196.848, 212.364, 169.452, 108.936, 38.448, 0.18, 0, 0, 0, 0, 0, 1554.372, 65, 219.45, 0.18, 219.456, 0, 
삼천포태양광, 4, 2023-03-08 00:00:00, 0, 0, 0, 0, 0, 0, 0, 24.48, 358.2, 735.66, 107.1, 100.62, 103.86, 100.62, 1012.5, 914.94, 601.92, 207.36, 1175.94, 1184.58, 1184.58, 25.92, 0, 0, 7838.28, 327, 1184.58, 24.48, 1184.58, 0, 
구미태양광, 1, 2023-03-08 00:00:00, 0, 0, 0, 0, 0, 0, 0, 16.56, 174.136, 342.488, 460.435, 534.92, 551.046, 575.055, 565.003, 456.24, 282.899, 95.963, 0.145, 0, 0, 0, 0, 0, 4054.89, 169, 575.05, 0.145, 575.055, 0, 
삼천포태양광#6, 1, 2023-03-08 00:00:00, 0, 0, 0, 0, 0, 0, 0, 32.542, 157.648, 321.805, 126.553, 86.056, 85.333, 85.333, 258.891, 514.888, 306.619, 101.242, 564.063, 636.379, 636.379, 138.846, 0, 0, 4052.577, 169, 636.37, 32.54, 636.379, 0, 
영흥태양광#5, 1, 2023-03-08 00:00:00, 0, 0, 0, 0, 0, 0, 0, 40.979, 147.042, 431.484, 1258.295, 1689.779, 1453.547, 1475.242, 1012.421, 125.347, 33.747, 28.926, 0, 0, 0, 0, 0, 0, 7696.809, 321, 1689.77, 28.926, 1689.779, 0, 
영흥태양광 #3, 1, 2023-03-08 00:00:00, 1881.6, 0, 0, 0, 0, 0, 0, 23.76, 108, 410.88, 112.08, 105.36, 68.64, 80.88, 126.48, 81.6, 19.44, 13.68, 0, 0, 0, 0, 2136, 2299.2, 7467.6, 311, 2299.2, 13.68, 2299.2, 0, 
영흥태양광 #3, 2, 2023-03-08 00:00:00, 436.8, 0, 0, 0, 0, 0, 0, 3.456, 37.248, 141.216, 74.016, 54.24, 45.888, 0, 73.248, 29.28, 0, 0, 0, 0, 0, 0, 793.92, 138.24, 1827.552, 76, 793.92, 3.45, 793.92, 0, 
영흥태양광 #3, 3, 2023-03-08 00:00:00, 262.8, 0, 0, 0, 0, 0, 0, 3.36, 29.04, 134.4, 70.44, 44.88, 44.88, 43.32, 47.28, 23.64, 0, 0, 0, 0, 0, 0, 882, 535.2, 2121.24, 88, 882, 3.36, 882, 0, 
영흥태양광, 1, 2023-03-08 00:00:00, 0, 0, 0, 0, 0, 0, 0, 3.341, 21.581, 115.93, 330.355, 388.646, 371.789, 351.398, 291.955, 46.541, 1.114, 1.075, 0, 0, 0, 0, 0, 0, 1923.725, 80, 388.64, 1.075, 388.646, 0, 
예천태양광, 1, 2023-03-08 00:00:00, 0, 0, 0, 0, 0, 0, 0, 37.08, 306.9, 642.78, 1012.32, 1297.26, 1395.54, 1368.54, 1259.46, 1046.7, 682.92, 266.04, 11.52, 0, 0, 0, 0, 0, 9327.06, 389, 1395.54, 11.52, 1395.54, 0, 
여수태양광, 1, 2023-03-08 00:00:00, 0, 0, 0, 0, 0, 0, 0, 0, 0, 0, 0, 0, 0, 0, 0, 0, 0, 0, 0, 0, 0, 0, 0, 544.96, 544.96, 23, 544.96, 544.96, 544.96, 0, 
영흥태양광, 2, 2023-03-08 00:00:00, 0, 0, 0, 0, 0, 0, 0, 8.678, 33.747, 123.419, 311.44, 431.966, 380.863, 381.827, 278.657, 41.461, 4.821, 5.785, 0, 0, 0, 0, 0, 0, 2002.664, 83, 431.96, 4.82, 431.966, 0, 
탑선태양광, 1, 2023-03-08 00:00:00, 0, 0, 0, 0, 0, 0, 0, 0, 0, 0, 0, 0, 0, 0, 0, 0, 0, 0, 0, 0, 0, 0, 0, 1835, 1835, 76, 1835, 1835, 1835, 0, 
탑선태양광, 3, 2023-03-08 00:00:00, 0, 0, 0, 0, 0, 0, 0, 0, 0, 0, 0, 0, 0, 0, 0, 0, 0, 0, 0, 0, 0, 0, 0, 1132, 1132, 47, 1132, 1132, 1132, 0, 
경상대태양광, 1, 2023-03-08 00:00:00, 0, 0, 0, 0, 0, 0, 0, 42.696, 186.84, 326.736, 456.408, 498.384, 433.296, 437.616, 492.768, 440.856, 281.448, 96.48, 2.736, 0, 0, 0, 0, 0, 3696.264, 154, 498.38, 2.736, 498.384, 0, 
영동태양광, 1, 2023-03-07 00:00:00, 0, 0, 0, 0, 0, 0, 0, 1.344, 64.896, 217.056, 284.544, 39.744, 40.224, 40.896, 363.072, 672.576, 479.616, 529.056, 688.896, 687.36, 593.376, 11.808, 0, 0, 4714.464, 196, 688.89, 1.344, 688.896, 0, 
삼천포태양광#5, 1, 2023-03-07 00:00:00, 0, 0, 0, 0, 0, 0, 0, 144.632, 838.863, 1471.626, 260.337, 209.716, 303.726, 506.211, 2679.3, 1977.837, 1149.821, 368.811, 2422.579, 2538.284, 2534.668, 1034.116, 0, 0, 18440.527, 768, 2679.3, 144.632, 2679.3, 0, 
삼천포태양광#5, 2, 2023-03-07 00:00:00, 0, 0, 0, 0, 0, 0, 0, 188.021, 1166.695, 2111.621, 380.863, 298.905, 308.547, 298.905, 3369.916, 2820.316, 1653.621, 530.316, 3707.389, 3847.2, 3847.2, 1455.958, 0, 0, 25985.473, 1083, 3847.2, 188.021, 3847.2, 0, 
광양항세방태양광, 1, 2023-03-07 00:00:00, 0, 0, 0, 0, 0, 0, 0, 81.6, 422.4, 732, 1108.8, 1524, 1639.2, 1444.8, 1526.4, 1190.4, 679.2, 247.2, 12, 0, 0, 0, 0, 0, 10608, 442, 1639.2, 12, 1639.2, 0, 
두산엔진MG태양광, 1, 2023-03-07 00:00:00, 0, 0, 0, 0, 0, 0, 0, 1.38, 6.72, 14.82, 25.2, 36.42, 44.04, 32.64, 0, 0, 0, 3.36, 43.86, 49.86, 9, 0, 0, 0, 267.3, 11, 49.86, 1.38, 49.86, 0, 
삼천포태양광, 1, 2023-03-07 00:00:00, 0, 0, 0, 0, 0, 0, 0, 1.404, 11.832, 19.668, 35.148, 43.488, 46.452, 46.104, 43.272, 32.256, 18.24, 3.948, 0, 0, 0, 0, 0, 0, 301.812, 13, 46.45, 1.404, 46.452, 0, 
삼천포태양광, 2, 2023-03-07 00:00:00, 0, 0, 0, 0, 0, 0, 0, 30.24, 176.16, 300.384, 498.432, 621.696, 668.544, 646.656, 587.04, 425.664, 242.4, 77.76, 1.728, 0, 0, 0, 0, 0, 4276.704, 178, 668.54, 1.728, 668.544, 0, 
삼천포태양광, 3, 2023-03-07 00:00:00, 0, 0, 0, 0, 0, 0, 0, 8.964, 64.404, 99.468, 166.752, 211.464, 227.268, 223.596, 202.392, 148.176, 84.492, 26.028, 0.036, 0, 0, 0, 0, 0, 1463.04, 61, 227.26, 0.036, 227.268, 0, 
삼천포태양광, 4, 2023-03-07 00:00:00, 0, 0, 0, 0, 0, 0, 0, 24.48, 278.28, 597.06, 104.94, 100.62, 100.62, 100.8, 1048.86, 812.7, 461.52, 125.46, 1175.58, 1184.58, 1184.58, 27.18, 0, 0, 7327.26, 305, 1184.58, 24.48, 1184.58, 0, 
구미태양광, 1, 2023-03-07 00:00:00, 0, 0, 0, 0, 0, 0, 0, 9.473, 137.183, 313.2, 458.916, 570.644, 618.879, 599.643, 529.352, 401.859, 223.383, 79.186, 0.217, 0, 0, 0, 0, 0, 3941.935, 164, 618.87, 0.217, 618.879, 0, 
삼천포태양광#6, 1, 2023-03-07 00:00:00, 0, 0, 0, 0, 0, 0, 0, 24.587, 147.524, 258.167, 112.813, 86.056, 84.609, 84.609, 338.438, 449.081, 248.043, 77.378, 564.063, 636.379, 636.379, 137.4, 0, 0, 3885.526, 162, 636.37, 24.58, 636.379, 0, 
영흥태양광#5, 1, 2023-03-07 00:00:00, 0, 0, 0, 0, 0, 0, 0, 103.653, 600.221, 1034.116, 1952.526, 2403.295, 2646.758, 2627.474, 2388.832, 1887.442, 1198.032, 433.895, 26.516, 0, 0, 0, 0, 0, 17302.76, 721, 2646.75, 26.516, 2646.758, 0, 
영흥태양광 #3, 1, 2023-03-07 00:00:00, 1893.6, 0, 0, 0, 0, 0, 0, 64.56, 492.24, 747.12, 121.2, 66, 70.8, 869.04, 2106, 1685.76, 976.56, 323.52, 12.48, 0, 0, 0, 2136, 2299.2, 13864.08, 578, 2299.2, 12.48, 2299.2, 0, 
영흥태양광 #3, 2, 2023-03-07 00:00:00, 438.72, 0, 0, 0, 0, 0, 0, 19.68, 197.76, 341.76, 78.048, 30.144, 29.856, 866.4, 865.344, 685.92, 451.296, 181.44, 4.032, 0, 0, 0, 795.84, 889.92, 5876.16, 245, 889.92, 4.032, 889.92, 0, 
영흥태양광 #3, 3, 2023-03-07 00:00:00, 268.8, 0, 0, 0, 0, 0, 0, 16.44, 146.16, 195.6, 67.44, 40.68, 40.32, 39.6, 614.76, 527.64, 335.16, 125.76, 0.6, 0, 0, 0, 882, 990, 4290.96, 179, 990, 0.6, 990, 0, 
영흥태양광, 1, 2023-03-07 00:00:00, 0, 0, 0, 0, 0, 0, 0, 10.253, 99.878, 139.008, 289.728, 575.155, 670.694, 659.942, 595.469, 484.416, 317.107, 122.381, 7.45, 0, 0, 0, 0, 0, 3971.481, 165, 670.69, 7.45, 670.694, 0, 
예천태양광, 1, 2023-03-07 00:00:00, 0, 0, 0, 0, 0, 0, 0, 23.22, 280.62, 654.12, 1018.62, 1233.54, 1296, 1220.76, 1141.38, 896.58, 581.22, 207.54, 11.52, 0, 0, 0, 0, 0, 8565.12, 357, 1296, 11.52, 1296, 0, 
여수태양광, 1, 2023-03-07 00:00:00, 0, 0, 0, 0, 0, 0, 0, 0, 0, 0, 0, 0, 0, 0, 0, 0, 0, 0, 0, 0, 0, 0, 0, 302.66, 302.66, 13, 302.66, 302.66, 302.66, 0, 
영흥태양광, 2, 2023-03-07 00:00:00, 0, 0, 0, 0, 0, 0, 0, 19.284, 140.775, 228.518, 461.857, 611.309, 668.198, 633.486, 545.743, 467.642, 292.156, 107.992, 6.749, 0, 0, 0, 0, 0, 4183.709, 174, 668.19, 6.749, 668.198, 0, 
탑선태양광, 1, 2023-03-07 00:00:00, 0, 0, 0, 0, 0, 0, 0, 0, 0, 0, 0, 0, 0, 0, 0, 0, 0, 0, 0, 0, 0, 0, 0, 1835, 1835, 76, 1835, 1835, 1835, 0, 
탑선태양광, 3, 2023-03-07 00:00:00, 0, 0, 0, 0, 0, 0, 0, 0, 0, 0, 0, 0, 0, 0, 0, 0, 0, 0, 0, 0, 0, 0, 0, 1132, 1132, 47, 1132, 1132, 1132, 0, 
경상대태양광, 1, 2023-03-07 00:00:00, 0, 0, 0, 0, 0, 0, 0, 36.36, 143.064, 238.32, 395.64, 495.288, 579.312, 562.32, 502.2, 391.824, 245.016, 78.552, 1.656, 0, 0, 0, 0, 0, 3669.552, 153, 579.31, 1.656, 579.312, 0, 
영동태양광, 1, 2023-03-06 00:00:00, 0, 0, 0, 0, 0, 0, 0, 2.976, 80.256, 288.96, 340.8, 39.072, 40.128, 41.664, 713.568, 722.304, 543.264, 553.728, 688.896, 687.072, 629.472, 32.832, 0, 0, 5404.992, 225, 722.3, 2.976, 722.304, 0, 
삼천포태양광#5, 1, 2023-03-06 00:00:00, 0, 0, 0, 0, 0, 0, 0, 155.479, 954.568, 1974.221, 350.732, 621.916, 809.937, 1580.1, 2928.789, 2382.805, 1504.168, 517.058, 2418.963, 2534.668, 2534.668, 1034.116, 0, 0, 22302.188, 929, 2928.78, 155.47, 2928.789, 0, 
삼천포태양광#5, 2, 2023-03-06 00:00:00, 0, 0, 0, 0, 0, 0, 0, 197.663, 1349.895, 2772.105, 472.463, 631.558, 887.074, 1870.568, 4150.926, 3379.558, 2150.189, 737.621, 3717.032, 3842.379, 3847.2, 1484.884, 0, 0, 31491.115, 1312, 4150.92, 197.66, 4150.926, 0, 
광양항세방태양광, 1, 2023-03-06 00:00:00, 0, 0, 0, 0, 0, 0, 0, 88.8, 427.2, 991.2, 1425.6, 1677.6, 1886.4, 1903.2, 1716, 1339.2, 813.6, 278.4, 12, 0, 0, 0, 0, 0, 12559.2, 523, 1903.2, 12, 1903.2, 0, 
두산엔진MG태양광, 1, 2023-03-06 00:00:00, 0, 0, 0, 0, 0, 0, 0, 1.2, 5.46, 13.98, 27.3, 39.24, 47.22, 52.08, 52.74, 48.18, 35.34, 15.48, 0, 0, 0, 0, 0, 0, 338.22, 14, 52.74, 1.2, 52.74, 0, 
삼천포태양광, 1, 2023-03-06 00:00:00, 0, 0, 0, 0, 0, 0, 0, 1.644, 13.188, 29.184, 42.18, 49.992, 51.996, 51.132, 47.58, 39.3, 24.396, 5.088, 0, 0, 0, 0, 0, 0, 355.68, 15, 51.99, 1.644, 51.996, 0, 
삼천포태양광, 2, 2023-03-06 00:00:00, 0, 0, 0, 0, 0, 0, 0, 32.928, 192.672, 445.632, 622.944, 730.944, 761.76, 728.64, 647.808, 513.216, 311.904, 104.064, 2.88, 0, 0, 0, 0, 0, 5095.392, 212, 761.76, 2.88, 761.76, 0, 
삼천포태양광, 3, 2023-03-06 00:00:00, 0, 0, 0, 0, 0, 0, 0, 10.116, 74.412, 152.46, 213.444, 253.512, 265.32, 255.384, 227.628, 183.6, 112.752, 36.648, 0.108, 0, 0, 0, 0, 0, 1785.384, 74, 265.32, 0.108, 265.32, 0, 
삼천포태양광, 4, 2023-03-06 00:00:00, 0, 0, 0, 0, 0, 0, 0, 23.4, 333.36, 805.32, 108.36, 140.76, 209.52, 896.94, 1213.74, 986.76, 617.76, 195.84, 1175.94, 1184.76, 1184.58, 28.26, 0, 0, 9105.3, 379, 1213.74, 23.4, 1213.74, 0, 
구미태양광, 1, 2023-03-06 00:00:00, 0, 0, 0, 0, 0, 0, 0, 19.164, 187.659, 399.111, 562.472, 655.76, 690.543, 672.248, 623.145, 497.75, 321.227, 119.972, 0.289, 0, 0, 0, 0, 0, 4749.34, 198, 690.54, 0.289, 690.543, 0, 
삼천포태양광#6, 1, 2023-03-06 00:00:00, 0, 0, 0, 0, 0, 0, 0, 26.757, 151.14, 336.992, 128.722, 84.609, 83.163, 166.326, 660.243, 547.431, 303.003, 96.18, 564.063, 636.379, 635.656, 128.722, 0, 0, 4549.386, 190, 660.24, 26.75, 660.243, 0, 
영흥태양광#5, 1, 2023-03-06 00:00:00, 0, 0, 0, 0, 0, 0, 0, 156.684, 877.432, 1730.758, 2388.832, 2743.179, 2834.779, 2721.484, 2400.884, 1819.947, 1075.095, 289.263, 21.695, 0, 0, 0, 0, 0, 19060.032, 794, 2834.779, 21.695, 2834.779, 0, 
영흥태양광 #3, 1, 2023-03-06 00:00:00, 1872, 0, 0, 0, 0, 0, 0, 101.28, 717.6, 1440.96, 148.8, 62.16, 66.72, 2015.28, 2143.44, 1619.52, 889.92, 243.6, 12.24, 0, 0, 0, 2136, 2299.2, 15768.72, 657, 2299.2, 12.24, 2299.2, 0, 
영흥태양광 #3, 2, 2023-03-06 00:00:00, 443.52, 0, 0, 0, 0, 0, 0, 35.712, 296.64, 584.064, 97.056, 27.264, 316.416, 955.104, 869.856, 666.912, 413.664, 113.184, 5.184, 0, 0, 0, 796.8, 889.92, 6511.296, 271, 955.1, 5.184, 955.104, 0, 
영흥태양광 #3, 3, 2023-03-06 00:00:00, 262.8, 0, 0, 0, 0, 0, 0, 24.96, 226.08, 476.4, 97.92, 38.04, 38.88, 367.08, 668.4, 509.04, 305.4, 82.08, 0.12, 0, 0, 0, 882, 990, 4969.2, 207, 990, 0.12, 990, 0, 
영흥태양광, 1, 2023-03-06 00:00:00, 0, 0, 0, 0, 0, 0, 0, 10.138, 135.821, 361.382, 569.28, 691.776, 732.096, 693.619, 604.262, 469.248, 298.099, 84.211, 7.181, 0, 0, 0, 0, 0, 4657.113, 194, 732.09, 7.181, 732.096, 0, 
예천태양광, 1, 2023-03-06 00:00:00, 0, 0, 0, 0, 0, 0, 0, 49.32, 436.32, 908.1, 1233.54, 1428.66, 1505.34, 1499.94, 1394.64, 1160.46, 807.12, 312.3, 12.78, 0, 0, 0, 0, 0, 10748.52, 448, 1505.34, 12.78, 1505.34, 0, 
여수태양광, 1, 2023-03-06 00:00:00, 0, 0, 0, 0, 0, 0, 0, 0, 0, 0, 0, 0, 0, 0, 0, 0, 0, 0, 0, 0, 0, 0, 0, 346.07, 346.07, 14, 346.07, 346.07, 346.07, 0, 
영흥태양광, 2, 2023-03-06 00:00:00, 0, 0, 0, 0, 0, 0, 0, 27.962, 190.914, 415.575, 596.846, 688.446, 710.623, 682.661, 615.166, 455.107, 265.158, 77.137, 6.749, 0, 0, 0, 0, 0, 4732.344, 197, 710.62, 6.749, 710.623, 0, 
탑선태양광, 1, 2023-03-06 00:00:00, 0, 0, 0, 0, 0, 0, 0, 0, 0, 0, 0, 0, 0, 0, 0, 0, 0, 0, 0, 0, 0, 0, 0, 1835, 1835, 76, 1835, 1835, 1835, 0, 
탑선태양광, 3, 2023-03-06 00:00:00, 0, 0, 0, 0, 0, 0, 0, 0, 0, 0, 0, 0, 0, 0, 0, 0, 0, 0, 0, 0, 0, 0, 0, 1132, 1132, 47, 1132, 1132, 1132, 0, 
경상대태양광, 1, 2023-03-06 00:00:00, 0, 0, 0, 0, 0, 0, 0, 39.024, 186.624, 364.824, 506.448, 586.296, 613.368, 603.72, 549.288, 442.152, 279.864, 92.304, 2.304, 0, 0, 0, 0, 0, 4266.216, 178, 613.36, 2.304, 613.368, 0, 
영동태양광, 1, 2023-03-05 00:00:00, 0, 0, 0, 0, 0, 0, 0, 2.4, 79.392, 258.432, 309.312, 39.456, 43.488, 47.136, 617.952, 648.384, 457.728, 520.128, 690.048, 688.224, 601.632, 16.224, 0, 0, 5019.936, 209, 690.04, 2.4, 690.048, 0, 
삼천포태양광#5, 1, 2023-03-05 00:00:00, 0, 0, 0, 0, 0, 0, 0, 153.902, 942.317, 1850.019, 250.314, 450.302, 636.607, 1355.949, 2731.463, 1973.382, 1129.188, 295.469, 2473.723, 2493.739, 2484.643, 952.927, 0, 0, 20173.944, 841, 2731.46, 153.9, 2731.463, 0, 
삼천포태양광#5, 2, 2023-03-05 00:00:00, 0, 0, 0, 0, 0, 0, 0, 190.545, 1330.042, 2602.118, 356.252, 378.206, 613.029, 1581.312, 3869.869, 2809.72, 1608.132, 424.944, 3784.931, 3807.49, 3803.122, 1322.607, 0, 0, 28482.319, 1187, 3869.86, 190.54, 3869.869, 0, 
광양항세방태양광, 1, 2023-03-05 00:00:00, 0, 0, 0, 0, 0, 0, 0, 86.4, 432, 940.8, 1372.8, 1663.2, 1776, 1802.4, 1286.4, 1046.4, 573.6, 280.8, 19.2, 0, 0, 0, 0, 0, 11280, 470, 1802.4, 19.2, 1802.4, 0, 
두산엔진MG태양광, 1, 2023-03-05 00:00:00, 0, 0, 0, 0, 0, 0, 0, 1.08, 5.04, 13.8, 27.78, 40.5, 48.96, 45.42, 51.42, 47.34, 36.36, 12.66, 0, 0, 0, 0, 0, 0, 330.36, 14, 51.42, 1.08, 51.42, 0, 
삼천포태양광, 1, 2023-03-05 00:00:00, 0, 0, 0, 0, 0, 0, 0, 1.632, 12.816, 27.444, 40.332, 47.544, 49.68, 49.284, 44.724, 32.496, 18.9, 3.096, 0, 0, 0, 0, 0, 0, 327.948, 14, 49.68, 1.632, 49.68, 0, 
삼천포태양광, 2, 2023-03-05 00:00:00, 0, 0, 0, 0, 0, 0, 0, 31.104, 185.472, 410.88, 584.544, 684.768, 719.424, 702.528, 617.376, 439.2, 249.12, 66.432, 2.304, 0, 0, 0, 0, 0, 4693.152, 196, 719.42, 2.304, 719.424, 0, 
삼천포태양광, 3, 2023-03-05 00:00:00, 0, 0, 0, 0, 0, 0, 0, 10.008, 72.432, 140.148, 200.952, 235.512, 249.264, 243.036, 214.164, 154.692, 86.868, 21.924, 0.072, 0, 0, 0, 0, 0, 1629.072, 68, 249.26, 0.072, 249.264, 0, 
삼천포태양광, 4, 2023-03-05 00:00:00, 0, 0, 0, 0, 0, 0, 0, 21.16, 318.659, 753.209, 84.147, 98.669, 123.772, 804, 1125.221, 806.255, 444.656, 96.517, 1198.426, 1174.002, 1168.654, 0, 0, 0, 8217.347, 342, 1198.42, 21.16, 1198.426, 0, 
구미태양광, 1, 2023-03-05 00:00:00, 0, 0, 0, 0, 0, 0, 0, 16.705, 167.339, 365.484, 528.122, 622.35, 662.123, 645.635, 579.466, 465.786, 294.398, 99.29, 0.145, 0, 0, 0, 0, 0, 4446.843, 185, 662.12, 0.145, 662.123, 0, 
삼천포태양광#6, 1, 2023-03-05 00:00:00, 0, 0, 0, 0, 0, 0, 0, 27.849, 150.182, 318.493, 98.438, 81.551, 82.759, 87.627, 554.84, 450.354, 240.521, 60.422, 575.113, 630.601, 628.301, 120.986, 0, 0, 4108.037, 171, 630.6, 27.84, 630.601, 0, 
영흥태양광#5, 1, 2023-03-05 00:00:00, 0, 0, 0, 0, 0, 0, 0, 55.442, 323.011, 662.895, 1658.442, 2603.368, 2786.568, 2750.411, 2492.484, 2029.663, 1337.842, 494.158, 26.516, 0, 0, 0, 0, 0, 17220.8, 718, 2786.56, 26.516, 2786.568, 0, 
영흥태양광 #3, 1, 2023-03-05 00:00:00, 1874.4, 0, 0, 0, 0, 0, 0, 36.72, 318.48, 617.04, 83.76, 59.76, 64.08, 1630.8, 2207.76, 1771.44, 1060.8, 330, 9.36, 0, 0, 0, 2169.6, 2299.2, 14533.2, 606, 2299.2, 9.36, 2299.2, 0, 
영흥태양광 #3, 2, 2023-03-05 00:00:00, 442.56, 0, 0, 0, 0, 0, 0, 6.24, 98.976, 211.104, 65.952, 13.248, 30.432, 938.496, 909.312, 744, 500.832, 208.224, 5.376, 0, 0, 0, 797.76, 889.92, 5862.432, 244, 938.49, 5.376, 938.496, 0, 
영흥태양광 #3, 3, 2023-03-05 00:00:00, 266.4, 0, 0, 0, 0, 0, 0, 11.04, 129.72, 236.4, 86.64, 38.88, 38.76, 208.56, 704.28, 552.36, 372.72, 151.32, 1.2, 0, 0, 0, 883.2, 991.2, 4672.68, 195, 991.2, 1.2, 991.2, 0, 
영흥태양광, 1, 2023-03-05 00:00:00, 0, 0, 0, 0, 0, 0, 0, 7.296, 99.648, 230.093, 450.701, 668.045, 721.421, 708.71, 620.314, 509.184, 347.174, 130.291, 6.682, 0, 0, 0, 0, 0, 4499.559, 187, 721.42, 6.682, 721.421, 0, 
예천태양광, 1, 2023-03-05 00:00:00, 0, 0, 0, 0, 0, 0, 0, 36.9, 373.32, 819.54, 1173.6, 1363.68, 1493.64, 1468.98, 1264.68, 906.48, 591.3, 256.68, 13.68, 0, 0, 0, 0, 0, 9762.48, 407, 1493.64, 13.68, 1493.64, 0, 
여수태양광, 1, 2023-03-05 00:00:00, 0, 0, 0, 0, 0, 0, 0, 0, 0, 0, 0, 0, 0, 0, 0, 0, 0, 0, 0, 0, 0, 0, 0, 700, 700, 29, 700, 700, 700, 0, 
영흥태양광, 2, 2023-03-05 00:00:00, 0, 0, 0, 0, 0, 0, 0, 13.499, 100.278, 194.771, 493.676, 645.057, 694.232, 694.232, 635.415, 496.568, 316.261, 112.813, 6.749, 0, 0, 0, 0, 0, 4403.551, 183, 694.23, 6.74, 694.232, 0, 
탑선태양광, 1, 2023-03-05 00:00:00, 0, 0, 0, 0, 0, 0, 0, 0, 0, 0, 0, 0, 0, 0, 0, 0, 0, 0, 0, 0, 0, 0, 0, 1835, 1835, 76, 1835, 1835, 1835, 0, 
탑선태양광, 3, 2023-03-05 00:00:00, 0, 0, 0, 0, 0, 0, 0, 0, 0, 0, 0, 0, 0, 0, 0, 0, 0, 0, 0, 0, 0, 0, 0, 1132, 1132, 47, 1132, 1132, 1132, 0, 
경상대태양광, 1, 2023-03-05 00:00:00, 0, 0, 0, 0, 0, 0, 0, 36, 173.304, 340.992, 481.464, 564.768, 595.44, 586.008, 504.216, 376.848, 222.48, 71.208, 1.8, 0, 0, 0, 0, 0, 3954.528, 165, 595.44, 1.8, 595.44, 0, 
영동태양광, 1, 2023-03-04 00:00:00, 0, 0, 0, 0, 0, 0, 0, 2.016, 79.68, 283.2, 345.216, 38.784, 39.648, 40.512, 262.176, 579.936, 444.192, 461.952, 689.376, 688.608, 591.84, 11.424, 0, 0, 4558.56, 190, 689.37, 2.016, 689.376, 0, 
삼천포태양광#5, 1, 2023-03-04 00:00:00, 0, 0, 0, 0, 0, 0, 0, 94.011, 701.463, 843.032, 206.725, 195.859, 441.452, 433.696, 1868.323, 1876.613, 1108.387, 334.388, 2472.276, 2510.231, 2508.364, 913.928, 0, 0, 16508.748, 688, 2510.23, 94.01, 2510.231, 0, 
삼천포태양광#5, 2, 2023-03-04 00:00:00, 0, 0, 0, 0, 0, 0, 0, 154.274, 1147.411, 1392.836, 331.559, 343.612, 1091.069, 1114.553, 3920.175, 3161.851, 1869.457, 575.148, 3782.717, 3810.107, 3806.614, 1279.067, 0, 0, 27780.45, 1158, 3920.17, 154.27, 3920.175, 0, 
광양항세방태양광, 1, 2023-03-04 00:00:00, 0, 0, 0, 0, 0, 0, 0, 79.2, 432, 643.2, 986.4, 991.2, 1212, 1396.8, 1428, 1236, 561.6, 240, 7.2, 0, 0, 0, 0, 0, 9213.6, 384, 1428, 7.2, 1428, 0, 
두산엔진MG태양광, 1, 2023-03-04 00:00:00, 0, 0, 0, 0, 0, 0, 0, 1.14, 6.42, 12.78, 26.88, 36.9, 46.8, 49.92, 43.56, 44.34, 29.88, 7.56, 0, 0, 0, 0, 0, 0, 306.18, 13, 49.92, 1.14, 49.92, 0, 
삼천포태양광, 1, 2023-03-04 00:00:00, 0, 0, 0, 0, 0, 0, 0, 0.768, 10.368, 13.296, 24.924, 37.908, 47.748, 48.096, 42.432, 31.824, 18.396, 4.116, 0, 0, 0, 0, 0, 0, 279.876, 12, 48.09, 0.768, 48.096, 0, 
삼천포태양광, 2, 2023-03-04 00:00:00, 0, 0, 0, 0, 0, 0, 0, 19.872, 151.872, 191.232, 334.176, 517.152, 670.464, 674.688, 585.504, 420.384, 244.512, 77.28, 1.248, 0, 0, 0, 0, 0, 3888.384, 162, 674.68, 1.248, 674.688, 0, 
삼천포태양광, 3, 2023-03-04 00:00:00, 0, 0, 0, 0, 0, 0, 0, 2.808, 53.352, 61.236, 109.512, 174.348, 230.832, 232.812, 204.552, 146.232, 85.32, 25.74, 0.108, 0, 0, 0, 0, 0, 1326.852, 55, 232.81, 0.108, 232.812, 0, 
삼천포태양광, 4, 2023-03-04 00:00:00, 0, 0, 0, 0, 0, 0, 0, 8.64, 226.98, 295.962, 85.908, 95.62, 108.63, 100.812, 798.518, 771.294, 438.112, 112.696, 1197.541, 1173.159, 1170.616, 7.26, 0, 0, 6591.748, 275, 1197.54, 7.26, 1197.541, 0, 
구미태양광, 1, 2023-03-04 00:00:00, 0, 0, 0, 0, 0, 0, 0, 8.533, 188.527, 258.674, 295.627, 520.167, 459.928, 367.075, 301.123, 444.091, 292.951, 85.116, 0.072, 0, 0, 0, 0, 0, 3221.884, 134, 520.16, 0.072, 520.167, 0, 
삼천포태양광#6, 1, 2023-03-04 00:00:00, 0, 0, 0, 0, 0, 0, 0, 15.186, 139.569, 192.065, 96.472, 81.092, 83.984, 81.843, 152.696, 431.162, 234.964, 71.559, 575.513, 629.527, 626.734, 123.802, 0, 0, 3536.168, 147, 629.52, 15.18, 629.527, 0, 
영흥태양광#5, 1, 2023-03-04 00:00:00, 0, 0, 0, 0, 0, 0, 0, 48.211, 368.811, 1176.337, 2044.126, 2504.537, 2649.168, 2637.116, 2391.242, 1909.137, 1205.263, 433.895, 19.284, 0, 0, 0, 0, 0, 17387.127, 724, 2649.16, 19.284, 2649.168, 0, 
영흥태양광 #3, 1, 2023-03-04 00:00:00, 1893.6, 0, 0, 0, 0, 0, 0, 26.64, 340.08, 976.08, 130.32, 63.6, 82.56, 993.6, 2100.96, 1653.84, 948.96, 301.2, 6.48, 0, 0, 0, 2169.6, 2299.2, 13986.72, 583, 2299.2, 6.48, 2299.2, 0, 
영흥태양광 #3, 2, 2023-03-04 00:00:00, 445.44, 0, 0, 0, 0, 0, 0, 6.432, 115.68, 390.72, 78.912, 28.608, 74.592, 934.944, 864.192, 698.4, 454.176, 184.224, 2.784, 0, 0, 0, 796.8, 889.92, 5965.824, 249, 934.94, 2.784, 934.944, 0, 
영흥태양광 #3, 3, 2023-03-04 00:00:00, 268.8, 0, 0, 0, 0, 0, 0, 5.52, 117.36, 336.36, 82.68, 40.56, 38.88, 143.4, 663, 528.12, 339, 132, 0, 0, 0, 0, 883.2, 990, 4568.88, 190, 990, 5.52, 990, 0, 
영흥태양광, 1, 2023-03-04 00:00:00, 0, 0, 0, 0, 0, 0, 0, 4.838, 99.379, 269.107, 492.326, 623.731, 679.296, 667.699, 595.43, 480.96, 318.989, 116.928, 5.914, 0, 0, 0, 0, 0, 4354.597, 181, 679.29, 4.838, 679.296, 0, 
예천태양광, 1, 2023-03-04 00:00:00, 0, 0, 0, 0, 0, 0, 0, 22.32, 271.08, 760.32, 1051.56, 1093.5, 1488.42, 1504.44, 1032.66, 531.54, 475.74, 166.5, 13.32, 0, 0, 0, 0, 0, 8411.4, 350, 1504.44, 13.32, 1504.44, 0, 
여수태양광, 1, 2023-03-04 00:00:00, 0, 0, 0, 0, 0, 0, 0, 0, 0, 0, 0, 0, 0, 0, 0, 0, 0, 0, 0, 0, 0, 0, 0, 244.1, 244.1, 10, 244.1, 244.1, 244.1, 0, 
영흥태양광, 2, 2023-03-04 00:00:00, 0, 0, 0, 0, 0, 0, 0, 9.642, 99.314, 285.406, 509.103, 623.844, 661.448, 592.025, 563.099, 466.678, 284.442, 101.242, 5.785, 0, 0, 0, 0, 0, 4202.028, 175, 661.44, 5.785, 661.448, 0, 
탑선태양광, 1, 2023-03-04 00:00:00, 0, 0, 0, 0, 0, 0, 0, 0, 0, 0, 0, 0, 0, 0, 0, 0, 0, 0, 0, 0, 0, 0, 0, 1835, 1835, 76, 1835, 1835, 1835, 0, 
탑선태양광, 3, 2023-03-04 00:00:00, 0, 0, 0, 0, 0, 0, 0, 0, 0, 0, 0, 0, 0, 0, 0, 0, 0, 0, 0, 0, 0, 0, 0, 1132, 1132, 47, 1132, 1132, 1132, 0, 
경상대태양광, 1, 2023-03-04 00:00:00, 0, 0, 0, 0, 0, 0, 0, 14.4, 134.424, 206.64, 375.048, 414.864, 577.872, 584.568, 522.792, 395.136, 216.432, 41.616, 0.216, 0, 0, 0, 0, 0, 3484.008, 145, 584.56, 0.216, 584.568, 0, 
영동태양광, 1, 2023-03-03 00:00:00, 0, 0, 0, 0, 0, 0, 0, 0.96, 72.576, 286.752, 346.56, 38.688, 41.664, 40.896, 661.824, 690.816, 506.592, 542.496, 690.24, 688.32, 626.976, 30.816, 0, 0, 5266.176, 219, 690.81, 0.96, 690.816, 0, 
삼천포태양광#5, 1, 2023-03-03 00:00:00, 0, 0, 0, 0, 0, 0, 0, 122.937, 1240.216, 2306.874, 524.289, 781.011, 925.642, 1872.979, 3152.968, 2440.658, 1583.716, 347.116, 2422.579, 2534.668, 2534.668, 1023.268, 0, 0, 23813.589, 992, 3152.96, 122.93, 3152.968, 0, 
삼천포태양광#5, 2, 2023-03-03 00:00:00, 0, 0, 0, 0, 0, 0, 0, 115.705, 2000.737, 3842.379, 1287.221, 1711.474, 1957.347, 3471.158, 5279.053, 4083.432, 2666.042, 612.274, 3697.747, 3847.2, 3847.2, 1451.137, 0, 0, 39870.106, 1661, 5279.05, 115.7, 5279.053, 0, 
광양항세방태양광, 1, 2023-03-03 00:00:00, 0, 0, 0, 0, 0, 0, 0, 69.6, 408, 993.6, 1442.4, 1788, 1927.2, 1917.6, 1713.6, 1332, 717.6, 199.2, 4.8, 0, 0, 0, 0, 0, 12513.6, 521, 1927.2, 4.8, 1927.2, 0, 
두산엔진MG태양광, 1, 2023-03-03 00:00:00, 0, 0, 0, 0, 0, 0, 0, 0.3, 2.82, 12.6, 29.16, 42.48, 51.42, 56.58, 56.16, 51.66, 40.08, 18.48, 0, 0, 0, 0, 0, 0, 361.74, 15, 56.58, 0.3, 56.58, 0, 
삼천포태양광, 1, 2023-03-03 00:00:00, 0, 0, 0, 0, 0, 0, 0, 1.716, 15.096, 33.384, 45.948, 53.352, 54.972, 54.66, 50.604, 40.404, 25.392, 3.42, 0, 0, 0, 0, 0, 0, 378.948, 16, 54.97, 1.716, 54.972, 0, 
삼천포태양광, 2, 2023-03-03 00:00:00, 0, 0, 0, 0, 0, 0, 0, 21.984, 225.408, 518.112, 677.568, 764.928, 789.792, 776.736, 692.64, 525.312, 323.136, 70.944, 0.384, 0, 0, 0, 0, 0, 5386.944, 224, 789.79, 0.384, 789.792, 0, 
삼천포태양광, 3, 2023-03-03 00:00:00, 0, 0, 0, 0, 0, 0, 0, 10.836, 103.32, 182.052, 236.772, 266.796, 276.012, 272.952, 245.916, 186.984, 118.548, 24.012, 0, 0, 0, 0, 0, 0, 1924.2, 80, 276.01, 10.836, 276.012, 0, 
삼천포태양광, 4, 2023-03-03 00:00:00, 0, 0, 0, 0, 0, 0, 0, 0.18, 371.34, 979.56, 118.26, 203.4, 265.32, 1139.94, 1315.44, 1018.26, 655.02, 124.2, 1174.5, 1184.94, 1184.76, 24.48, 0, 0, 9759.6, 407, 1315.44, 0.18, 1315.44, 0, 
구미태양광, 1, 2023-03-03 00:00:00, 0, 0, 0, 0, 0, 0, 0, 17.428, 224.179, 454.939, 611.719, 685.12, 713.251, 706.742, 636.162, 497.316, 274.294, 105.943, 0.289, 0, 0, 0, 0, 0, 4927.382, 205, 713.25, 0.289, 713.251, 0, 
삼천포태양광#6, 1, 2023-03-03 00:00:00, 0, 0, 0, 0, 0, 0, 0, 28.926, 154.033, 373.873, 130.892, 80.271, 96.903, 296.495, 706.525, 542.368, 293.602, 65.084, 563.34, 632.763, 633.486, 138.123, 0, 0, 4736.684, 197, 706.52, 28.92, 706.525, 0, 
영흥태양광#5, 1, 2023-03-03 00:00:00, 0, 0, 0, 0, 0, 0, 0, 139.811, 843.684, 1668.084, 2280.358, 2634.705, 2772.105, 2699.789, 2400.884, 1880.211, 1145, 371.221, 14.463, 0, 0, 0, 0, 0, 18850.315, 785, 2772.1, 14.463, 2772.105, 0, 
영흥태양광 #3, 1, 2023-03-03 00:00:00, 1876.8, 0, 0, 0, 0, 0, 0, 89.28, 703.68, 1409.52, 150.72, 80.64, 84.48, 689.76, 2141.76, 1661.76, 922.08, 276.48, 0.72, 0, 0, 0, 2167.2, 2299.2, 14554.08, 606, 2299.2, 0.72, 2299.2, 0, 
영흥태양광 #3, 2, 2023-03-03 00:00:00, 449.28, 0, 0, 0, 0, 0, 0, 30.048, 283.488, 563.712, 93.792, 28.608, 234.816, 960.48, 871.968, 685.824, 437.28, 157.248, 0, 0, 0, 0, 796.8, 889.92, 6483.264, 270, 960.48, 28.6, 960.48, 0, 
영흥태양광 #3, 3, 2023-03-03 00:00:00, 272.4, 0, 0, 0, 0, 0, 0, 19.8, 172.2, 463.92, 93.96, 39, 38.52, 303, 670.32, 534.36, 327.12, 113.28, 0, 0, 0, 0, 885.6, 990, 4923.48, 205, 990, 19.8, 990, 0, 
영흥태양광, 1, 2023-03-03 00:00:00, 0, 0, 0, 0, 0, 0, 0, 6.451, 122.304, 349.056, 558.067, 675.686, 726.528, 699.917, 609.178, 482.803, 305.779, 104.41, 3.571, 0, 0, 0, 0, 0, 4643.75, 193, 726.52, 3.571, 726.528, 0, 
예천태양광, 1, 2023-03-03 00:00:00, 0, 0, 0, 0, 0, 0, 0, 48.24, 476.64, 969.48, 1286.46, 1485.72, 1561.32, 1539.9, 1398.24, 1165.68, 786.6, 286.38, 9.54, 0, 0, 0, 0, 0, 11014.2, 459, 1561.32, 9.54, 1561.32, 0, 
여수태양광, 1, 2023-03-03 00:00:00, 0, 0, 0, 0, 0, 0, 0, 0, 0, 0, 0, 0, 0, 0, 0, 0, 0, 0, 0, 0, 0, 0, 0, 627.35, 627.35, 26, 627.35, 627.35, 627.35, 0, 
영흥태양광, 2, 2023-03-03 00:00:00, 0, 0, 0, 0, 0, 0, 0, 23.141, 186.093, 408.825, 580.455, 665.305, 696.16, 578.526, 527.423, 470.535, 280.585, 93.528, 3.857, 0, 0, 0, 0, 0, 4514.433, 188, 696.16, 3.85, 696.16, 0, 
탑선태양광, 1, 2023-03-03 00:00:00, 0, 0, 0, 0, 0, 0, 0, 0, 0, 0, 0, 0, 0, 0, 0, 0, 0, 0, 0, 0, 0, 0, 0, 1835, 1835, 76, 1835, 1835, 1835, 0, 
탑선태양광, 3, 2023-03-03 00:00:00, 0, 0, 0, 0, 0, 0, 0, 0, 0, 0, 0, 0, 0, 0, 0, 0, 0, 0, 0, 0, 0, 0, 0, 1132, 1132, 47, 1132, 1132, 1132, 0, 
경상대태양광, 1, 2023-03-03 00:00:00, 0, 0, 0, 0, 0, 0, 0, 39.24, 214.128, 403.128, 537.912, 613.512, 656.352, 649.008, 587.16, 464.76, 287.568, 85.032, 0.792, 0, 0, 0, 0, 0, 4538.592, 189, 656.35, 0.792, 656.352, 0, 
영동태양광, 1, 2023-03-02 00:00:00, 0, 0, 0, 0, 0, 0, 0, 0, 50.592, 292.8, 362.496, 37.92, 40.416, 42.048, 808.224, 750.048, 565.344, 566.784, 691.872, 690.336, 645.984, 45.12, 0, 0, 5589.984, 233, 808.22, 37.92, 808.224, 0, 
삼천포태양광#5, 1, 2023-03-02 00:00:00, 0, 0, 0, 0, 0, 0, 0, 102.665, 1326.17, 2431.731, 683.384, 950.953, 1102.816, 1930.832, 3246.979, 2625.063, 1699.421, 596.605, 2426.195, 2531.053, 2538.284, 1008.805, 0, 0, 25200.956, 1050, 3246.97, 102.66, 3246.979, 0, 
삼천포태양광#5, 2, 2023-03-02 00:00:00, 0, 0, 0, 0, 0, 0, 0, 112.442, 2119.89, 4062.535, 1523.453, 1971.811, 2217.684, 2588.905, 4599.284, 4097.895, 2854.063, 1031.705, 3717.032, 3847.2, 3847.2, 1465.6, 0, 0, 40056.699, 1669, 4599.28, 112.44, 4599.284, 0, 
광양항세방태양광, 1, 2023-03-02 00:00:00, 0, 0, 0, 0, 0, 0, 0, 57.6, 417.6, 1034.4, 1500, 1869.6, 2023.2, 2001.6, 1826.4, 1459.2, 876, 297.6, 12, 0, 0, 0, 0, 0, 13375.2, 557, 2023.2, 12, 2023.2, 0, 
두산엔진MG태양광, 1, 2023-03-02 00:00:00, 0, 0, 0, 0, 0, 0, 0, 0.24, 2.58, 12.54, 30.12, 44.1, 53.88, 58.86, 57.78, 53.34, 41.58, 20.34, 0, 0, 0, 0, 0, 0, 375.36, 16, 58.86, 0.24, 58.86, 0, 
삼천포태양광, 1, 2023-03-02 00:00:00, 0, 0, 0, 0, 0, 0, 0, 1.68, 16.536, 34.284, 47.412, 55.38, 57.924, 56.52, 51.828, 42.168, 27.192, 5.628, 0, 0, 0, 0, 0, 0, 396.552, 17, 57.92, 1.68, 57.924, 0, 
삼천포태양광, 2, 2023-03-02 00:00:00, 0, 0, 0, 0, 0, 0, 0, 18.24, 226.752, 538.272, 709.824, 795.648, 817.632, 793.056, 703.776, 556.8, 342.048, 116.256, 2.496, 0, 0, 0, 0, 0, 5620.8, 234, 817.63, 2.496, 817.632, 0, 
삼천포태양광, 3, 2023-03-02 00:00:00, 0, 0, 0, 0, 0, 0, 0, 8.28, 108.936, 191.412, 249.12, 281.952, 290.232, 282.204, 250.524, 200.628, 127.008, 41.724, 0, 0, 0, 0, 0, 0, 2032.02, 85, 290.23, 8.28, 290.232, 0, 
삼천포태양광, 4, 2023-03-02 00:00:00, 0, 0, 0, 0, 0, 0, 0, 0, 392.045, 1041.583, 142.92, 268.74, 325.62, 1175.04, 1362.6, 1104.48, 709.92, 238.86, 1175.04, 1184.76, 1184.94, 18.72, 0, 0, 10325.268, 430, 1362.6, 18.72, 1362.6, 0, 
구미태양광, 1, 2023-03-02 00:00:00, 0, 0, 0, 0, 0, 0, 0, 18.151, 229.82, 477.14, 638.187, 729.522, 767.126, 753.314, 683.167, 546.273, 346.103, 118.743, 0.289, 0, 0, 0, 0, 0, 5307.835, 221, 767.12, 0.289, 767.126, 0, 
삼천포태양광#6, 1, 2023-03-02 00:00:00, 0, 0, 0, 0, 0, 0, 0, 29.333, 170.879, 386.472, 132.338, 86.056, 125.106, 352.901, 716.649, 529.352, 321.805, 99.796, 564.786, 633.486, 634.209, 134.507, 0, 0, 4917.675, 205, 716.64, 29.33, 716.649, 0, 
영흥태양광#5, 1, 2023-03-02 00:00:00, 0, 0, 0, 0, 0, 0, 0, 144.632, 978.674, 1885.032, 2567.211, 2964.947, 3073.421, 3039.674, 2796.211, 2292.411, 1545.147, 605.042, 24.105, 0, 0, 0, 0, 0, 21916.507, 913, 3073.42, 24.105, 3073.421, 0, 
영흥태양광 #3, 1, 2023-03-02 00:00:00, 1821.6, 0, 0, 0, 0, 0, 0, 71.76, 766.08, 1543.92, 154.32, 52.8, 253.44, 2663.76, 2435.28, 2004.72, 1167.84, 327.6, 1.2, 0, 0, 0, 2167.2, 2301.6, 17733.12, 739, 2663.76, 1.2, 2663.76, 0, 
영흥태양광 #3, 2, 2023-03-02 00:00:00, 480.96, 0, 0, 0, 0, 0, 0, 32.064, 338.016, 618.816, 98.88, 39.36, 548.448, 1097.28, 1011.072, 848.16, 577.344, 253.536, 6.048, 0, 0, 0, 797.76, 889.92, 7637.664, 318, 1097.28, 6.048, 1097.28, 0, 
영흥태양광 #3, 3, 2023-03-02 00:00:00, 303.6, 0, 0, 0, 0, 0, 0, 17.4, 238.68, 533.52, 102.6, 36.6, 36.12, 730.44, 782.4, 652.44, 441.6, 180.6, 1.2, 0, 0, 0, 883.2, 991.2, 5931.6, 247, 991.2, 1.2, 991.2, 0, 
영흥태양광, 1, 2023-03-02 00:00:00, 0, 0, 0, 0, 0, 0, 0, 3.725, 130.214, 388.07, 622.925, 749.338, 798.067, 777.408, 679.181, 571.699, 405.235, 147.494, 4.954, 0, 0, 0, 0, 0, 5278.31, 220, 798.06, 3.725, 798.067, 0, 
예천태양광, 1, 2023-03-02 00:00:00, 0, 0, 0, 0, 0, 0, 0, 49.14, 491.76, 998.64, 1341, 1551.06, 1647, 1600.92, 1487.52, 1241.46, 849.06, 336.96, 13.14, 0, 0, 0, 0, 0, 11607.66, 484, 1647, 13.14, 1647, 0, 
여수태양광, 1, 2023-03-02 00:00:00, 0, 0, 0, 0, 0, 0, 0, 0, 0, 0, 0, 0, 0, 0, 0, 0, 0, 0, 0, 0, 0, 0, 0, 377.87, 377.87, 16, 377.87, 377.87, 377.87, 0, 
영흥태양광, 2, 2023-03-02 00:00:00, 0, 0, 0, 0, 0, 0, 0, 19.284, 193.806, 442.573, 630.594, 736.657, 784.867, 773.297, 704.838, 552.493, 350.008, 117.634, 5.785, 0, 0, 0, 0, 0, 5311.836, 221, 784.86, 5.785, 784.867, 0, 
탑선태양광, 1, 2023-03-02 00:00:00, 0, 0, 0, 0, 0, 0, 0, 0, 0, 0, 0, 0, 0, 0, 0, 0, 0, 0, 0, 0, 0, 0, 0, 1835, 1835, 76, 1835, 1835, 1835, 0, 
탑선태양광, 3, 2023-03-02 00:00:00, 0, 0, 0, 0, 0, 0, 0, 0, 0, 0, 0, 0, 0, 0, 0, 0, 0, 0, 0, 0, 0, 0, 0, 1132, 1132, 47, 1132, 1132, 1132, 0, 
경상대태양광, 1, 2023-03-02 00:00:00, 0, 0, 0, 0, 0, 0, 0, 38.016, 221.328, 422.208, 566.568, 648.792, 683.928, 668.808, 602.856, 485.784, 306.072, 97.92, 1.512, 0, 0, 0, 0, 0, 4743.792, 198, 683.92, 1.512, 683.928, 0, 
영동태양광, 1, 2023-03-01 00:00:00, 0, 0, 0, 0, 0, 0, 0, 0.96, 49.92, 229.056, 298.272, 41.184, 40.416, 39.84, 40.224, 35.712, 168.384, 528.384, 690.24, 206.496, 0, 0, 0, 0, 2369.088, 99, 690.24, 0.96, 690.24, 0, 
삼천포태양광#5, 1, 2023-03-01 00:00:00, 0, 0, 0, 0, 0, 0, 0, 6.384, 112.644, 434.101, 192.55, 188.979, 191.35, 188.998, 216.619, 192.803, 910.79, 209.633, 2466.417, 1258.097, 0, 0, 0, 0, 6569.365, 274, 2466.41, 6.38, 2466.417, 0, 
삼천포태양광#5, 2, 2023-03-01 00:00:00, 0, 0, 0, 0, 0, 0, 0, 8.512, 197.395, 723.502, 296.571, 288.622, 296.136, 288.652, 348.424, 289.205, 1523.937, 360.659, 3793.356, 2529.649, 0, 0, 0, 0, 10944.62, 456, 3793.35, 8.51, 3793.356, 0, 
광양항세방태양광, 1, 2023-03-01 00:00:00, 0, 0, 0, 0, 0, 0, 0, 7.2, 79.2, 352.8, 501.6, 700.8, 1020, 1512, 1060.8, 568.8, 0, 0, 2.4, 0, 0, 0, 0, 0, 5805.6, 242, 1512, 2.4, 1512, 0, 
두산엔진MG태양광, 1, 2023-03-01 00:00:00, 0, 0, 0, 0, 0, 0, 0, 0, 0.9, 4.32, 10.2, 15.78, 12.36, 14.04, 12.9, 11.16, 8.52, 2.82, 0, 0, 0, 0, 0, 0, 93, 4, 15.78, 0.9, 15.78, 0, 
삼천포태양광, 1, 2023-03-01 00:00:00, 0, 0, 0, 0, 0, 0, 0, 0, 0.408, 5.748, 7.356, 9.72, 10.548, 13.872, 18.54, 19.86, 13.92, 2.148, 0, 0, 0, 0, 0, 0, 102.12, 4, 19.86, 0.408, 19.86, 0, 
삼천포태양광, 2, 2023-03-01 00:00:00, 0, 0, 0, 0, 0, 0, 0, 0.768, 28.128, 99.456, 118.656, 161.856, 168.48, 210.528, 263.616, 271.488, 203.808, 50.4, 3.552, 0, 0, 0, 0, 0, 1580.736, 66, 271.48, 0.768, 271.488, 0, 
삼천포태양광, 3, 2023-03-01 00:00:00, 0, 0, 0, 0, 0, 0, 0, 0, 2.988, 30.6, 37.62, 55.116, 55.512, 69.624, 89.064, 96.624, 71.28, 14.76, 0.108, 0, 0, 0, 0, 0, 523.296, 22, 96.62, 0.108, 96.624, 0, 
삼천포태양광, 4, 2023-03-01 00:00:00, 0, 0, 0, 0, 0, 0, 0, 0, 2.563, 136.505, 92.219, 94.932, 94.577, 95.113, 96.197, 95.295, 354.546, 54.368, 1180.064, 0, 0, 0, 0, 0, 2296.379, 96, 1180.06, 2.563, 1180.064, 0, 
구미태양광, 1, 2023-03-01 00:00:00, 0, 0, 0, 0, 0, 0, 0, 0.434, 56.045, 118.887, 181.802, 199.013, 237.919, 307.414, 232.061, 228.807, 85.767, 68.483, 0, 0, 0, 0, 0, 0, 1716.632, 72, 307.41, 0.434, 307.414, 0, 
삼천포태양광#6, 1, 2023-03-01 00:00:00, 0, 0, 0, 0, 0, 0, 0, 0, 20.598, 99.843, 83.66, 86.587, 84.057, 85.908, 83.897, 86.073, 180.015, 48.013, 563.122, 129.174, 0, 0, 0, 0, 1550.947, 65, 563.12, 20.59, 563.122, 0, 
영흥태양광#5, 1, 2023-03-01 00:00:00, 0, 0, 0, 0, 0, 0, 0, 43.389, 139.811, 318.189, 696.642, 1289.632, 1901.905, 1742.811, 1629.516, 2123.674, 1480.063, 566.474, 16.874, 0, 0, 0, 0, 0, 11948.98, 498, 2123.67, 16.874, 2123.674, 0, 
영흥태양광 #3, 1, 2023-03-01 00:00:00, 0, 0, 0, 0, 0, 0, 0, 22.08, 121.68, 264.96, 91.44, 66.48, 50.64, 118.8, 89.04, 1393.2, 1128.24, 311.52, 0, 0, 0, 0, 2167.2, 2299.2, 8124.48, 339, 2299.2, 22.08, 2299.2, 0, 
영흥태양광 #3, 2, 2023-03-01 00:00:00, 0, 0, 0, 0, 0, 0, 0, 1.44, 43.296, 102.528, 50.112, 34.656, 12.384, 60.096, 318.336, 762.336, 559.872, 240.768, 4.704, 0, 0, 0, 798.72, 888.96, 3878.208, 162, 888.96, 1.44, 888.96, 0, 
영흥태양광 #3, 3, 2023-03-01 00:00:00, 0, 0, 0, 0, 0, 0, 0, 1.92, 33.84, 83.4, 54.48, 44.04, 39.24, 43.08, 44.16, 178.08, 435.24, 176.04, 0, 0, 0, 0, 884.4, 991.2, 3009.12, 125, 991.2, 1.92, 991.2, 0, 
영흥태양광, 1, 2023-03-01 00:00:00, 0, 0, 0, 0, 0, 0, 0, 3.917, 29.837, 61.018, 152.832, 334.118, 463.757, 538.214, 416.794, 509.645, 386.803, 139.93, 4.07, 0, 0, 0, 0, 0, 3040.935, 127, 538.21, 3.917, 538.214, 0, 
예천태양광, 1, 2023-03-01 00:00:00, 0, 0, 0, 0, 0, 0, 0, 17.28, 178.2, 281.34, 317.16, 314.64, 570.78, 749.16, 524.16, 427.68, 482.22, 239.22, 3.78, 0, 0, 0, 0, 0, 4105.62, 171, 749.16, 3.78, 749.16, 0, 
여수태양광, 1, 2023-03-01 00:00:00, 0, 0, 0, 0, 0, 0, 0, 0, 0, 0, 0, 0, 0, 0, 0, 0, 0, 0, 0, 0, 0, 0, 0, 700, 700, 29, 700, 700, 700, 0, 
영흥태양광, 2, 2023-03-01 00:00:00, 0, 0, 0, 0, 0, 0, 0, 8.678, 37.604, 78.101, 175.486, 369.293, 568.884, 548.636, 421.36, 501.389, 336.509, 111.848, 3.857, 0, 0, 0, 0, 0, 3161.645, 132, 568.88, 3.857, 568.884, 0, 
탑선태양광, 1, 2023-03-01 00:00:00, 0, 0, 0, 0, 0, 0, 0, 0, 0, 0, 0, 0, 0, 0, 0, 0, 0, 0, 0, 0, 0, 0, 0, 1835, 1835, 76, 1835, 1835, 1835, 0, 
탑선태양광, 3, 2023-03-01 00:00:00, 0, 0, 0, 0, 0, 0, 0, 0, 0, 0, 0, 0, 0, 0, 0, 0, 0, 0, 0, 0, 0, 0, 0, 1132, 1132, 47, 1132, 1132, 1132, 0, 
경상대태양광, 1, 2023-03-01 00:00:00, 0, 0, 0, 0, 0, 0, 0, 4.608, 18.72, 42.696, 157.752, 200.952, 309.096, 402.696, 322.344, 365.616, 131.328, 49.032, 2.304, 0, 0, 0, 0, 0, 2007.144, 84, 402.69, 2.304, 402.696, 0, 
