=== GK-2A FAIL 재수집 ===
  CSV 파일: 48
  gk2a_ghi_202201.csv: 292건 누락
  gk2a_ghi_202202.csv: 218건 누락
  gk2a_ghi_202203.csv: 248건 누락
  gk2a_ghi_202204.csv: 122건 누락
  gk2a_ghi_202205.csv: 99건 누락
  gk2a_ghi_202206.csv: 150건 누락
  gk2a_ghi_202207.csv: 97건 누락
  gk2a_ghi_202208.csv: 105건 누락
  gk2a_ghi_202209.csv: 160건 누락
  gk2a_ghi_202210.csv: 205건 누락
  gk2a_ghi_202211.csv: 227건 누락
  gk2a_ghi_202212.csv: 254건 누락
  gk2a_ghi_202301.csv: 216건 누락
  gk2a_ghi_202302.csv: 163건 누락
  gk2a_ghi_202303.csv: 165건 누락
  gk2a_ghi_202304.csv: 97건 누락
  gk2a_ghi_202305.csv: 99건 누락
  gk2a_ghi_202306.csv: 90건 누락
  gk2a_ghi_202307.csv: 93건 누락
  gk2a_ghi_202308.csv: 105건 누락
  gk2a_ghi_202309.csv: 162건 누락
  gk2a_ghi_202310.csv: 201건 누락
  gk2a_ghi_202311.csv: 227건 누락
  gk2a_ghi_202312.csv: 240건 누락
  gk2a_ghi_202401.csv: 216건 누락
  gk2a_ghi_202402.csv: 175건 누락
  gk2a_ghi_202403.csv: 155건 누락
  gk2a_ghi_202404.csv: 96건 누락
  gk2a_ghi_202405.csv: 113건 누락
  gk2a_ghi_202406.csv: 90건 누락
  gk2a_ghi_202407.csv: 94건 누락
  gk2a_ghi_202408.csv: 116건 누락
  gk2a_ghi_202409.csv: 162건 누락
  gk2a_ghi_202410.csv: 202건 누락
  gk2a_ghi_202411.csv: 230건 누락
  gk2a_ghi_202412.csv: 238건 누락
  gk2a_ghi_202501.csv: 218건 누락
  gk2a_ghi_202502.csv: 166건 누락
  gk2a_ghi_202503.csv: 153건 누락
  gk2a_ghi_202504.csv: 100건 누락
  gk2a_ghi_202505.csv: 107건 누락
  gk2a_ghi_202506.csv: 98건 누락
  gk2a_ghi_202507.csv: 101건 누락
  gk2a_ghi_202508.csv: 135건 누락
  gk2a_ghi_202509.csv: 188건 누락
  gk2a_ghi_202510.csv: 206건 누락
  gk2a_ghi_202511.csv: 230건 누락
  gk2a_ghi_202512.csv: 241건 누락

총 누락: 7865건
키 18개, 워커 8개로 재시도

    2022-01-01 18:00 OK  97KB / 0.4s (273KB/s) [p8A4StGq]
    2022-01-01 07:00 OK  97KB / 0.4s (219KB/s) [p8A4StGq]
    2022-01-01 19:00 OK  97KB / 0.4s (269KB/s) [p8A4StGq]
    2022-01-01 08:00 OK  156KB / 0.4s (348KB/s) [p8A4StGq]
    2022-01-01 06:00 OK  97KB / 0.4s (220KB/s) [p8A4StGq]
    2022-01-01 20:00 OK  97KB / 0.3s (293KB/s) [p8A4StGq]
    2022-01-01 17:00 OK  456KB / 0.4s (1093KB/s) [p8A4StGq]
    2022-01-02 06:00 OK  97KB / 0.4s (239KB/s) [p8A4StGq]
    2022-01-02 07:00 OK  97KB / 0.3s (328KB/s) [p8A4StGq]
    2022-01-02 08:00 OK  153KB / 0.3s (543KB/s) [p8A4StGq]
    2022-01-03 06:00 OK  97KB / 0.3s (353KB/s) [p8A4StGq]
    2022-01-02 18:00 OK  97KB / 0.4s (273KB/s) [p8A4StGq]
    2022-01-02 17:00 OK  475KB / 0.4s (1333KB/s) [p8A4StGq]
    2022-01-03 07:00 OK  97KB / 0.3s (344KB/s) [p8A4StGq]
    2022-01-02 19:00 OK  97KB / 0.5s (203KB/s) [p8A4StGq]
    2022-01-02 20:00 OK  97KB / 0.5s (207KB/s) [p8A4StGq]
    2022-01-03 08:00 OK  153KB / 0.3s (517KB/s) [p8A4StGq]
    2022-01-03 20:00 OK  97KB / 0.3s (343KB/s) [p8A4StGq]
    2022-01-03 19:00 OK  97KB / 0.3s (307KB/s) [p8A4StGq]
    2022-01-04 06:00 OK  97KB / 0.4s (250KB/s) [p8A4StGq]
    2022-01-03 18:00 OK  97KB / 0.3s (299KB/s) [p8A4StGq]
    2022-01-03 12:00 OK  3074KB / 0.9s (3614KB/s) [p8A4StGq]
    2022-01-03 17:00 OK  481KB / 0.6s (873KB/s) [p8A4StGq]
    2022-01-04 07:00 OK  97KB / 0.3s (306KB/s) [p8A4StGq]
    2022-01-04 08:00 OK  150KB / 0.4s (382KB/s) [p8A4StGq]
  [  20/7865] 경과 17s | 속도 69.6 hr/min | 사용 0.01GB
    2022-01-05 07:00 OK  97KB / 0.3s (292KB/s) [p8A4StGq]
    2022-01-04 18:00 OK  97KB / 0.4s (268KB/s) [p8A4StGq]
    2022-01-05 06:00 OK  97KB / 0.6s (173KB/s) [p8A4StGq]
    2022-01-04 17:00 OK  533KB / 0.6s (931KB/s) [p8A4StGq]
    2022-01-04 19:00 OK  97KB / 0.5s (207KB/s) [p8A4StGq]
    2022-01-04 13:00 OK  3188KB / 1.2s (2629KB/s) [p8A4StGq]
    2022-01-04 20:00 OK  97KB / 0.5s (188KB/s) [p8A4StGq]
    2022-01-05 08:00 OK  150KB / 0.4s (334KB/s) [p8A4StGq]
    2022-01-05 18:00 OK  97KB / 0.3s (354KB/s) [p8A4StGq]
    2022-01-05 17:00 OK  541KB / 0.6s (957KB/s) [p8A4StGq]
    2022-01-05 19:00 OK  97KB / 0.4s (274KB/s) [p8A4StGq]
    2022-01-06 06:00 OK  97KB / 0.3s (280KB/s) [p8A4StGq]
    2022-01-06 07:00 OK  97KB / 0.3s (289KB/s) [p8A4StGq]
    2022-01-06 11:00 OK  3164KB / 1.0s (3269KB/s) [p8A4StGq]
    2022-01-06 17:00 OK  572KB / 0.4s (1428KB/s) [p8A4StGq]
    2022-01-06 18:00 OK  97KB / 0.4s (275KB/s) [p8A4StGq]
  [  40/7865] 경과 29s | 속도 81.4 hr/min | 사용 0.02GB
    2022-01-07 07:00 OK  97KB / 0.3s (335KB/s) [p8A4StGq]
    2022-01-07 06:00 OK  97KB / 0.6s (172KB/s) [p8A4StGq]
    2022-01-06 19:00 OK  97KB / 0.6s (167KB/s) [p8A4StGq]
    2022-01-06 20:00 OK  97KB / 0.6s (167KB/s) [p8A4StGq]
    2022-01-07 08:00 OK  151KB / 0.4s (411KB/s) [p8A4StGq]
    2022-01-07 12:00 OK  3191KB / 0.6s (4959KB/s) [p8A4StGq]
    2022-01-07 18:00 OK  97KB / 0.4s (239KB/s) [p8A4StGq]
    2022-01-07 19:00 OK  97KB / 0.4s (237KB/s) [p8A4StGq]
    2022-01-07 17:00 OK  590KB / 0.5s (1268KB/s) [p8A4StGq]
    2022-01-07 15:00 OK  3123KB / 0.7s (4489KB/s) [p8A4StGq]
    2022-01-07 20:00 OK  97KB / 0.3s (288KB/s) [p8A4StGq]
    2022-01-08 06:00 OK  97KB / 0.3s (303KB/s) [p8A4StGq]
    2022-01-08 07:00 OK  97KB / 0.3s (293KB/s) [p8A4StGq]
    2022-01-08 08:00 OK  150KB / 0.4s (414KB/s) [p8A4StGq]
    2022-01-08 09:00 OK  1722KB / 0.5s (3219KB/s) [p8A4StGq]
    2022-01-08 10:00 OK  3014KB / 1.1s (2755KB/s) [p8A4StGq]
    2022-01-08 11:00 OK  3167KB / 0.9s (3446KB/s) [p8A4StGq]
    2022-01-08 12:00 OK  3195KB / 0.6s (5409KB/s) [p8A4StGq]
    2022-01-08 13:00 OK  3197KB / 0.6s (5285KB/s) [p8A4StGq]
    2022-01-08 14:00 OK  3186KB / 0.8s (4150KB/s) [p8A4StGq]
  [  60/7865] 경과 43s | 속도 83.3 hr/min | 사용 0.04GB
    2022-01-08 16:00 OK  2483KB / 0.6s (4454KB/s) [p8A4StGq]
    2022-01-08 17:00 OK  628KB / 0.5s (1379KB/s) [p8A4StGq]
    2022-01-08 19:00 OK  97KB / 0.3s (292KB/s) [p8A4StGq]
    2022-01-08 18:00 OK  97KB / 0.6s (162KB/s) [p8A4StGq]
    2022-01-08 20:00 OK  97KB / 0.2s (397KB/s) [p8A4StGq]
    2022-01-09 06:00 OK  97KB / 0.3s (349KB/s) [p8A4StGq]
    2022-01-09 07:00 OK  97KB / 0.3s (311KB/s) [p8A4StGq]
    2022-01-09 08:00 OK  151KB / 0.3s (527KB/s) [p8A4StGq]
    2022-01-09 09:00 OK  1760KB / 0.5s (3904KB/s) [p8A4StGq]
    2022-01-09 17:00 OK  649KB / 0.5s (1263KB/s) [p8A4StGq]
    2022-01-09 13:00 OK  3194KB / 0.8s (4152KB/s) [p8A4StGq]
    2022-01-09 18:00 OK  97KB / 0.3s (310KB/s) [p8A4StGq]
    2022-01-09 19:00 OK  97KB / 0.3s (306KB/s) [p8A4StGq]
    2022-01-09 20:00 OK  97KB / 0.3s (361KB/s) [p8A4StGq]
    2022-01-10 07:00 OK  97KB / 0.2s (403KB/s) [p8A4StGq]
    2022-01-10 06:00 OK  97KB / 0.3s (336KB/s) [p8A4StGq]
    2022-01-10 14:00 OK  3166KB / 0.6s (5093KB/s) [p8A4StGq]
    2022-01-10 17:00 OK  679KB / 0.4s (1771KB/s) [p8A4StGq]
    2022-01-10 08:00 OK  152KB / 3.2s (48KB/s) [p8A4StGq]
  [  80/7865] 경과 57s | 속도 84.7 hr/min | 사용 0.05GB
    2022-01-10 19:00 OK  97KB / 0.3s (296KB/s) [p8A4StGq]
    2022-01-11 06:00 OK  97KB / 0.3s (311KB/s) [p8A4StGq]
    2022-01-10 20:00 OK  97KB / 0.3s (288KB/s) [p8A4StGq]
    2022-01-10 18:00 OK  97KB / 0.4s (255KB/s) [p8A4StGq]
    2022-01-11 07:00 OK  97KB / 0.3s (305KB/s) [p8A4StGq]
    2022-01-11 08:00 OK  154KB / 0.3s (547KB/s) [p8A4StGq]
    2022-01-11 17:00 OK  697KB / 0.3s (2193KB/s) [p8A4StGq]
    2022-01-11 18:00 OK  97KB / 0.3s (361KB/s) [p8A4StGq]
    2022-01-12 06:00 OK  97KB / 0.3s (307KB/s) [p8A4StGq]
    2022-01-11 19:00 OK  97KB / 0.3s (284KB/s) [p8A4StGq]
    2022-01-11 20:00 OK  97KB / 0.3s (288KB/s) [p8A4StGq]
    2022-01-12 07:00 OK  97KB / 0.3s (311KB/s) [p8A4StGq]
    2022-01-12 08:00 OK  156KB / 0.3s (493KB/s) [p8A4StGq]
    2022-01-12 17:00 OK  730KB / 0.4s (1652KB/s) [p8A4StGq]
    2022-01-12 18:00 OK  97KB / 0.3s (313KB/s) [p8A4StGq]
    2022-01-13 06:00 OK  97KB / 0.4s (229KB/s) [p8A4StGq]
    2022-01-12 20:00 OK  97KB / 0.4s (227KB/s) [p8A4StGq]
    2022-01-12 19:00 OK  97KB / 2.3s (43KB/s) [p8A4StGq]
    2022-01-13 07:00 OK  97KB / 0.4s (273KB/s) [p8A4StGq]
    2022-01-13 08:00 OK  158KB / 0.4s (423KB/s) [p8A4StGq]
    2022-01-13 11:00 OK  3217KB / 1.1s (3019KB/s) [p8A4StGq]
  [ 100/7865] 경과 70s | 속도 85.4 hr/min | 사용 0.07GB
    2022-01-13 12:00 OK  3222KB / 1.3s (2433KB/s) [p8A4StGq]
    2022-01-13 14:00 OK  3225KB / 0.9s (3657KB/s) [p8A4StGq]
    2022-01-13 13:00 OK  3222KB / 1.7s (1915KB/s) [p8A4StGq]
    2022-01-13 15:00 OK  3193KB / 0.7s (4686KB/s) [p8A4StGq]
    2022-01-13 17:00 OK  751KB / 1.0s (743KB/s) [p8A4StGq]
    2022-01-13 18:00 OK  97KB / 0.3s (307KB/s) [p8A4StGq]
    2022-01-13 19:00 OK  97KB / 0.3s (298KB/s) [p8A4StGq]
    2022-01-14 06:00 OK  97KB / 0.3s (340KB/s) [p8A4StGq]
    2022-01-13 20:00 OK  97KB / 0.5s (200KB/s) [p8A4StGq]
    2022-01-14 07:00 OK  97KB / 0.7s (143KB/s) [p8A4StGq]
    2022-01-14 08:00 OK  161KB / 0.3s (510KB/s) [p8A4StGq]
    2022-01-14 09:00 OK  1822KB / 0.5s (3796KB/s) [p8A4StGq]
    2022-01-14 10:00 OK  3061KB / 0.9s (3567KB/s) [p8A4StGq]
    2022-01-14 11:00 OK  3184KB / 1.2s (2699KB/s) [p8A4StGq]
    2022-01-14 17:00 OK  809KB / 0.8s (1077KB/s) [p8A4StGq]
    2022-01-14 13:00 OK  3202KB / 1.5s (2109KB/s) [p8A4StGq]
    2022-01-14 14:00 OK  3189KB / 1.5s (2106KB/s) [p8A4StGq]
    2022-01-14 15:00 OK  3153KB / 1.3s (2459KB/s) [p8A4StGq]
    2022-01-14 18:00 OK  97KB / 0.3s (298KB/s) [p8A4StGq]
    2022-01-14 19:00 OK  97KB / 0.3s (330KB/s) [p8A4StGq]
  [ 120/7865] 경과 83s | 속도 87.1 hr/min | 사용 0.09GB
    2022-01-14 20:00 OK  97KB / 0.3s (333KB/s) [p8A4StGq]
    2022-01-15 06:00 OK  97KB / 0.3s (316KB/s) [p8A4StGq]
    2022-01-15 08:00 OK  163KB / 0.3s (541KB/s) [p8A4StGq]
    2022-01-15 07:00 OK  97KB / 0.5s (203KB/s) [p8A4StGq]
    2022-01-15 11:00 OK  3184KB / 0.8s (4038KB/s) [p8A4StGq]
    2022-01-15 15:00 OK  3156KB / 0.9s (3484KB/s) [p8A4StGq]
    2022-01-15 16:00 OK  2660KB / 0.7s (3732KB/s) [p8A4StGq]
    2022-01-15 17:00 OK  792KB / 0.5s (1729KB/s) [p8A4StGq]
    2022-01-15 18:00 OK  97KB / 0.4s (246KB/s) [p8A4StGq]
    2022-01-15 19:00 OK  97KB / 0.4s (260KB/s) [p8A4StGq]
    2022-01-16 06:00 OK  97KB / 0.3s (334KB/s) [p8A4StGq]
    2022-01-15 20:00 OK  97KB / 0.4s (275KB/s) [p8A4StGq]
    2022-01-16 07:00 OK  97KB / 0.2s (435KB/s) [p8A4StGq]
    2022-01-16 08:00 OK  168KB / 0.4s (402KB/s) [p8A4StGq]
    2022-01-16 13:00 OK  3206KB / 0.9s (3548KB/s) [p8A4StGq]
    2022-01-16 18:00 OK  97KB / 0.4s (253KB/s) [p8A4StGq]
    2022-01-16 17:00 OK  846KB / 0.6s (1522KB/s) [p8A4StGq]
    2022-01-16 19:00 OK  97KB / 0.5s (212KB/s) [p8A4StGq]
    2022-01-16 16:00 OK  2692KB / 0.9s (2931KB/s) [p8A4StGq]
    2022-01-16 20:00 OK  97KB / 0.3s (335KB/s) [p8A4StGq]
  [ 140/7865] 경과 96s | 속도 87.3 hr/min | 사용 0.11GB
    2022-01-17 08:00 OK  171KB / 0.3s (590KB/s) [p8A4StGq]
    2022-01-17 06:00 OK  97KB / 0.6s (175KB/s) [p8A4StGq]
    2022-01-17 07:00 OK  97KB / 0.7s (140KB/s) [p8A4StGq]
    2022-01-17 09:00 OK  1876KB / 1.3s (1413KB/s) [p8A4StGq]
    2022-01-17 13:00 OK  3205KB / 1.1s (3031KB/s) [p8A4StGq]
    2022-01-17 12:00 OK  3193KB / 1.7s (1853KB/s) [p8A4StGq]
    2022-01-17 14:00 OK  3197KB / 0.8s (3993KB/s) [p8A4StGq]
    2022-01-17 17:00 OK  890KB / 0.7s (1352KB/s) [p8A4StGq]
    2022-01-17 15:00 OK  3170KB / 1.0s (3315KB/s) [p8A4StGq]
    2022-01-17 19:00 OK  97KB / 0.3s (280KB/s) [p8A4StGq]
    2022-01-17 18:00 OK  97KB / 0.4s (275KB/s) [p8A4StGq]
    2022-01-17 20:00 OK  97KB / 0.3s (381KB/s) [p8A4StGq]
    2022-01-18 06:00 OK  97KB / 0.4s (275KB/s) [p8A4StGq]
    2022-01-18 07:00 OK  97KB / 0.4s (216KB/s) [p8A4StGq]
    2022-01-18 08:00 OK  176KB / 0.5s (333KB/s) [p8A4StGq]
    2022-01-18 09:00 OK  1908KB / 0.9s (2022KB/s) [p8A4StGq]
    2022-01-18 10:00 OK  3090KB / 1.6s (1994KB/s) [p8A4StGq]
    2022-01-18 11:00 OK  3192KB / 1.6s (2013KB/s) [p8A4StGq]
    2022-01-18 13:00 OK  3207KB / 1.5s (2088KB/s) [p8A4StGq]
    2022-01-18 17:00 OK  925KB / 0.6s (1606KB/s) [p8A4StGq]
    2022-01-18 16:00 OK  2736KB / 1.1s (2480KB/s) [p8A4StGq]
    2022-01-18 18:00 OK  97KB / 0.3s (332KB/s) [p8A4StGq]
  [ 160/7865] 경과 110s | 속도 87.4 hr/min | 사용 0.14GB
    2022-01-18 19:00 OK  97KB / 0.3s (350KB/s) [p8A4StGq]
    2022-01-19 06:00 OK  97KB / 0.3s (370KB/s) [p8A4StGq]
    2022-01-18 20:00 OK  97KB / 0.5s (215KB/s) [p8A4StGq]
    2022-01-19 07:00 OK  97KB / 0.3s (278KB/s) [p8A4StGq]
    2022-01-19 08:00 OK  181KB / 0.3s (573KB/s) [p8A4StGq]
    2022-01-19 09:00 OK  1917KB / 0.6s (3041KB/s) [p8A4StGq]
    2022-01-19 18:00 OK  97KB / 0.3s (293KB/s) [p8A4StGq]
    2022-01-19 17:00 OK  970KB / 0.6s (1700KB/s) [p8A4StGq]
    2022-01-19 13:00 OK  3218KB / 1.1s (3015KB/s) [p8A4StGq]
    2022-01-19 19:00 OK  97KB / 0.3s (341KB/s) [p8A4StGq]
    2022-01-19 20:00 OK  97KB / 0.4s (226KB/s) [p8A4StGq]
    2022-01-20 06:00 OK  97KB / 0.3s (297KB/s) [p8A4StGq]
    2022-01-20 07:00 OK  97KB / 0.4s (261KB/s) [p8A4StGq]
    2022-01-20 08:00 OK  188KB / 0.3s (548KB/s) [p8A4StGq]
    2022-01-20 10:00 OK  3143KB / 1.3s (2463KB/s) [p8A4StGq]
    2022-01-20 18:00 OK  97KB / 0.4s (266KB/s) [p8A4StGq]
    2022-01-20 11:00 OK  3240KB / 1.4s (2285KB/s) [p8A4StGq]
    2022-01-20 17:00 OK  1020KB / 0.5s (1932KB/s) [p8A4StGq]
    2022-01-20 19:00 OK  97KB / 0.3s (283KB/s) [p8A4StGq]
    2022-01-20 20:00 OK  97KB / 0.3s (328KB/s) [p8A4StGq]
    2022-01-21 06:00 OK  97KB / 0.2s (392KB/s) [p8A4StGq]
  [ 180/7865] 경과 123s | 속도 88.1 hr/min | 사용 0.15GB
    2022-01-21 07:00 OK  97KB / 0.4s (249KB/s) [p8A4StGq]
    2022-01-21 08:00 OK  195KB / 0.3s (613KB/s) [p8A4StGq]
    2022-01-21 09:00 OK  1978KB / 0.9s (2171KB/s) [p8A4StGq]
    2022-01-21 12:00 OK  3250KB / 1.3s (2533KB/s) [p8A4StGq]
    2022-01-21 13:00 OK  3250KB / 1.1s (2838KB/s) [p8A4StGq]
    2022-01-21 17:00 OK  1077KB / 0.6s (1794KB/s) [p8A4StGq]
    2022-01-21 19:00 OK  97KB / 0.4s (242KB/s) [p8A4StGq]
    2022-01-21 18:00 OK  97KB / 0.5s (190KB/s) [p8A4StGq]
    2022-01-21 20:00 OK  97KB / 0.3s (289KB/s) [p8A4StGq]
    2022-01-22 07:00 OK  97KB / 0.2s (420KB/s) [p8A4StGq]
    2022-01-22 06:00 OK  97KB / 0.3s (293KB/s) [p8A4StGq]
    2022-01-22 08:00 OK  201KB / 0.4s (493KB/s) [p8A4StGq]
    2022-01-22 12:00 OK  3199KB / 1.3s (2509KB/s) [p8A4StGq]
    2022-01-22 13:00 OK  3200KB / 1.4s (2250KB/s) [p8A4StGq]
    2022-01-22 15:00 OK  3168KB / 1.3s (2413KB/s) [p8A4StGq]
    2022-01-22 18:00 OK  97KB / 0.4s (243KB/s) [p8A4StGq]
    2022-01-22 16:00 OK  2859KB / 0.9s (3183KB/s) [p8A4StGq]
    2022-01-22 17:00 OK  1107KB / 0.7s (1612KB/s) [p8A4StGq]
    2022-01-22 19:00 OK  97KB / 0.4s (236KB/s) [p8A4StGq]
  [ 200/7865] 경과 135s | 속도 88.8 hr/min | 사용 0.18GB
    2022-01-22 20:00 OK  97KB / 0.3s (327KB/s) [p8A4StGq]
    2022-01-23 07:00 OK  97KB / 0.4s (217KB/s) [p8A4StGq]
    2022-01-23 08:00 OK  207KB / 0.5s (398KB/s) [p8A4StGq]
    2022-01-23 06:00 OK  97KB / 0.6s (175KB/s) [p8A4StGq]
    2022-01-23 10:00 OK  3100KB / 1.4s (2289KB/s) [p8A4StGq]
    2022-01-23 13:00 OK  3173KB / 0.7s (4426KB/s) [p8A4StGq]
    2022-01-23 14:00 OK  3171KB / 0.6s (5108KB/s) [p8A4StGq]
    2022-01-23 15:00 OK  3148KB / 0.8s (4161KB/s) [p8A4StGq]
    2022-01-23 18:00 OK  97KB / 0.4s (257KB/s) [p8A4StGq]
    2022-01-23 17:00 OK  1160KB / 0.7s (1684KB/s) [p8A4StGq]
    2022-01-23 19:00 OK  97KB / 0.3s (281KB/s) [p8A4StGq]
    2022-01-23 16:00 OK  2868KB / 0.9s (3102KB/s) [p8A4StGq]
    2022-01-23 20:00 OK  97KB / 0.3s (303KB/s) [p8A4StGq]
    2022-01-24 06:00 OK  97KB / 0.3s (340KB/s) [p8A4StGq]
    2022-01-24 07:00 OK  97KB / 0.3s (379KB/s) [p8A4StGq]
    2022-01-24 08:00 OK  219KB / 0.3s (656KB/s) [p8A4StGq]
    2022-01-24 17:00 OK  1200KB / 0.7s (1688KB/s) [p8A4StGq]
    2022-01-24 16:00 OK  2925KB / 1.0s (2814KB/s) [p8A4StGq]
    2022-01-24 10:00 OK  3137KB / 0.9s (3373KB/s) [p8A4StGq]
    2022-01-24 18:00 OK  97KB / 0.3s (294KB/s) [p8A4StGq]
  [ 220/7865] 경과 149s | 속도 88.7 hr/min | 사용 0.20GB
    2022-01-06 08:00 OK  145KB / 125.3s (1KB/s) [p8A4StGq]
    2022-01-05 20:00 OK  97KB / 125.4s (1KB/s) [p8A4StGq]
    2022-01-24 19:00 OK  97KB / 0.3s (299KB/s) [p8A4StGq]
    2022-01-24 20:00 OK  97KB / 0.3s (355KB/s) [p8A4StGq]
    2022-01-25 06:00 OK  97KB / 0.3s (320KB/s) [p8A4StGq]
    2022-01-25 08:00 OK  228KB / 0.4s (644KB/s) [p8A4StGq]
    2022-01-25 07:00 OK  97KB / 0.3s (291KB/s) [p8A4StGq]
    2022-01-25 10:00 OK  3158KB / 0.6s (5055KB/s) [p8A4StGq]
    2022-01-25 16:00 OK  2934KB / 0.6s (5192KB/s) [p8A4StGq]
    2022-01-25 17:00 OK  1241KB / 0.4s (2913KB/s) [p8A4StGq]
    2022-01-25 18:00 OK  97KB / 0.3s (327KB/s) [p8A4StGq]
    2022-01-25 19:00 OK  97KB / 0.3s (327KB/s) [p8A4StGq]
    2022-01-25 20:00 OK  97KB / 0.3s (302KB/s) [p8A4StGq]
    2022-01-26 07:00 OK  97KB / 0.3s (285KB/s) [p8A4StGq]
    2022-01-26 08:00 OK  235KB / 0.3s (747KB/s) [p8A4StGq]
    2022-01-26 06:00 OK  97KB / 0.3s (283KB/s) [p8A4StGq]
    2022-01-26 11:00 OK  3200KB / 0.7s (4775KB/s) [p8A4StGq]
    2022-01-26 16:00 OK  2944KB / 0.7s (4236KB/s) [p8A4StGq]
    2022-01-26 17:00 OK  1297KB / 0.6s (2125KB/s) [p8A4StGq]
    2022-01-26 18:00 OK  97KB / 0.3s (315KB/s) [p8A4StGq]
  [ 240/7865] 경과 160s | 속도 90.2 hr/min | 사용 0.22GB
    2022-01-26 19:00 OK  97KB / 0.3s (349KB/s) [p8A4StGq]
    2022-01-26 20:00 OK  97KB / 0.3s (316KB/s) [p8A4StGq]
    2022-01-27 06:00 OK  97KB / 0.3s (282KB/s) [p8A4StGq]
    2022-01-27 07:00 OK  97KB / 0.3s (309KB/s) [p8A4StGq]
    2022-01-27 09:00 OK  2134KB / 0.6s (3599KB/s) [p8A4StGq]
    2022-01-27 08:00 OK  251KB / 0.3s (746KB/s) [p8A4StGq]
    2022-01-27 11:00 OK  3180KB / 0.7s (4656KB/s) [p8A4StGq]
    2022-01-27 16:00 OK  2947KB / 0.7s (3942KB/s) [p8A4StGq]
    2022-01-27 17:00 OK  1327KB / 0.5s (2923KB/s) [p8A4StGq]
    2022-01-27 18:00 OK  97KB / 0.4s (222KB/s) [p8A4StGq]
    2022-01-27 19:00 OK  97KB / 0.3s (329KB/s) [p8A4StGq]
    2022-01-28 06:00 OK  97KB / 0.3s (334KB/s) [p8A4StGq]
    2022-01-27 20:00 OK  97KB / 0.3s (338KB/s) [p8A4StGq]
    2022-01-28 08:00 OK  265KB / 0.4s (728KB/s) [p8A4StGq]
    2022-01-28 07:00 OK  97KB / 0.3s (287KB/s) [p8A4StGq]
    2022-01-28 10:00 OK  3150KB / 0.6s (5044KB/s) [p8A4StGq]
    2022-01-28 11:00 OK  3204KB / 0.6s (5019KB/s) [p8A4StGq]
    2022-01-28 12:00 OK  3216KB / 0.7s (4447KB/s) [p8A4StGq]
  [ 260/7865] 경과 171s | 속도 91.0 hr/min | 사용 0.24GB
    2022-01-28 17:00 OK  1374KB / 0.5s (2946KB/s) [p8A4StGq]
    2022-01-28 18:00 OK  97KB / 0.3s (292KB/s) [p8A4StGq]
    2022-01-28 20:00 OK  97KB / 0.3s (350KB/s) [p8A4StGq]
    2022-01-29 06:00 OK  97KB / 0.3s (314KB/s) [p8A4StGq]
    2022-01-29 07:00 OK  97KB / 0.3s (328KB/s) [p8A4StGq]
    2022-01-28 19:00 OK  97KB / 0.3s (343KB/s) [p8A4StGq]
    2022-01-29 08:00 OK  281KB / 0.4s (753KB/s) [p8A4StGq]
    2022-01-29 09:00 OK  2213KB / 0.6s (3889KB/s) [p8A4StGq]
    2022-01-29 10:00 OK  3140KB / 0.6s (4869KB/s) [p8A4StGq]
    2022-01-29 13:00 OK  3194KB / 0.7s (4706KB/s) [p8A4StGq]
    2022-01-29 18:00 OK  97KB / 0.4s (258KB/s) [p8A4StGq]
    2022-01-29 17:00 OK  1405KB / 0.5s (2806KB/s) [p8A4StGq]
    2022-01-30 06:00 OK  97KB / 0.3s (282KB/s) [p8A4StGq]
    2022-01-29 20:00 OK  97KB / 0.2s (397KB/s) [p8A4StGq]
    2022-01-30 07:00 OK  97KB / 0.4s (268KB/s) [p8A4StGq]
    2022-01-29 19:00 OK  97KB / 0.3s (314KB/s) [p8A4StGq]
    2022-01-30 08:00 OK  296KB / 0.3s (949KB/s) [p8A4StGq]
    2022-01-30 11:00 OK  3180KB / 0.6s (5060KB/s) [p8A4StGq]
    2022-01-30 18:00 OK  97KB / 0.3s (292KB/s) [p8A4StGq]
    2022-01-30 20:00 OK  97KB / 0.4s (233KB/s) [p8A4StGq]
    2022-01-30 14:00 OK  3205KB / 0.7s (4346KB/s) [p8A4StGq]
    2022-01-30 17:00 OK  1439KB / 0.8s (1884KB/s) [p8A4StGq]
    2022-01-30 19:00 OK  97KB / 0.4s (235KB/s) [p8A4StGq]
    2022-01-31 08:00 OK  317KB / 0.4s (777KB/s) [p8A4StGq]
    2022-01-31 06:00 OK  97KB / 0.4s (257KB/s) [p8A4StGq]
    2022-01-31 07:00 OK  97KB / 0.3s (277KB/s) [p8A4StGq]
  [ 280/7865] 경과 186s | 속도 90.2 hr/min | 사용 0.26GB
    2022-01-31 09:00 OK  2244KB / 0.6s (3590KB/s) [p8A4StGq]
    2022-01-31 19:00 OK  97KB / 0.4s (264KB/s) [p8A4StGq]
    2022-01-31 20:00 OK  97KB / 0.4s (253KB/s) [p8A4StGq]
    2022-02-01 06:00 OK  97KB / 0.5s (187KB/s) [p8A4StGq]
    2022-01-31 18:00 OK  97KB / 0.5s (213KB/s) [p8A4StGq]
    2022-02-01 08:00 OK  327KB / 0.4s (788KB/s) [p8A4StGq]
    2022-02-01 07:00 OK  97KB / 0.4s (233KB/s) [p8A4StGq]
    2022-01-31 12:00 OK  3206KB / 0.8s (4071KB/s) [p8A4StGq]
    2022-02-01 10:00 OK  3168KB / 0.7s (4456KB/s) [p8A4StGq]
    2022-02-01 19:00 OK  97KB / 0.3s (332KB/s) [p8A4StGq]
    2022-02-02 06:00 OK  97KB / 0.4s (270KB/s) [p8A4StGq]
    2022-02-01 18:00 OK  97KB / 0.5s (185KB/s) [p8A4StGq]
    2022-02-02 07:00 OK  97KB / 0.5s (191KB/s) [p8A4StGq]
    2022-02-01 17:00 OK  1525KB / 0.6s (2428KB/s) [p8A4StGq]
    2022-02-01 14:00 OK  3220KB / 0.9s (3680KB/s) [p8A4StGq]
    2022-02-02 08:00 OK  348KB / 0.3s (1088KB/s) [p8A4StGq]
    2022-02-01 20:00 OK  97KB / 0.5s (190KB/s) [p8A4StGq]
  [ 300/7865] 경과 198s | 속도 91.0 hr/min | 사용 0.27GB
    2022-02-02 18:00 OK  97KB / 0.4s (241KB/s) [p8A4StGq]
    2022-02-02 20:00 OK  97KB / 0.4s (253KB/s) [p8A4StGq]
    2022-02-03 07:00 OK  97KB / 0.4s (255KB/s) [p8A4StGq]
    2022-02-02 19:00 OK  97KB / 0.4s (238KB/s) [p8A4StGq]
    2022-02-03 06:00 OK  97KB / 0.4s (247KB/s) [p8A4StGq]
    2022-02-02 10:00 OK  3155KB / 1.6s (1997KB/s) [p8A4StGq]
    2022-02-02 14:00 OK  3185KB / 1.5s (2124KB/s) [p8A4StGq]
    2022-02-02 16:00 OK  3040KB / 1.4s (2100KB/s) [p8A4StGq]
    2022-02-03 08:00 OK  371KB / 0.5s (817KB/s) [p8A4StGq]
    2022-02-03 09:00 OK  2354KB / 1.2s (2007KB/s) [p8A4StGq]
    2022-02-03 11:00 OK  3173KB / 1.2s (2626KB/s) [p8A4StGq]
    2022-02-03 17:00 OK  1636KB / 1.2s (1328KB/s) [p8A4StGq]
    2022-02-03 16:00 OK  3061KB / 1.7s (1817KB/s) [p8A4StGq]
    2022-02-03 14:00 OK  3174KB / 1.6s (1947KB/s) [p8A4StGq]
    2022-02-03 12:00 OK  3188KB / 1.7s (1866KB/s) [p8A4StGq]
    2022-02-03 13:00 OK  3181KB / 2.4s (1315KB/s) [p8A4StGq]
    2022-02-03 18:00 OK  97KB / 0.5s (204KB/s) [p8A4StGq]
    2022-02-03 19:00 OK  97KB / 0.3s (283KB/s) [p8A4StGq]
    2022-02-03 20:00 OK  97KB / 0.3s (292KB/s) [p8A4StGq]
  [ 320/7865] 경과 210s | 속도 91.4 hr/min | 사용 0.30GB
    2022-02-04 06:00 OK  97KB / 0.4s (232KB/s) [p8A4StGq]
    2022-02-04 07:00 OK  97KB / 0.4s (267KB/s) [p8A4StGq]
    2022-02-04 08:00 OK  401KB / 0.4s (948KB/s) [p8A4StGq]
    2022-02-04 18:00 OK  97KB / 0.5s (209KB/s) [p8A4StGq]
    2022-02-04 11:00 OK  3229KB / 0.9s (3645KB/s) [p8A4StGq]
    2022-02-04 19:00 OK  97KB / 0.4s (243KB/s) [p8A4StGq]
    2022-02-04 20:00 OK  97KB / 0.3s (282KB/s) [p8A4StGq]
    2022-02-04 10:00 OK  3174KB / 2.7s (1196KB/s) [p8A4StGq]
    2022-02-05 06:00 OK  97KB / 0.3s (296KB/s) [p8A4StGq]
    2022-02-05 07:00 OK  97KB / 0.3s (287KB/s) [p8A4StGq]
    2022-02-05 08:00 OK  426KB / 0.4s (1163KB/s) [p8A4StGq]
    2022-02-05 18:00 OK  99KB / 0.4s (270KB/s) [p8A4StGq]
    2022-02-05 19:00 OK  97KB / 0.3s (338KB/s) [p8A4StGq]
    2022-02-05 20:00 OK  97KB / 0.5s (204KB/s) [p8A4StGq]
    2022-02-06 07:00 OK  97KB / 0.3s (292KB/s) [p8A4StGq]
    2022-02-06 08:00 OK  454KB / 0.4s (1143KB/s) [p8A4StGq]
    2022-02-06 06:00 OK  97KB / 1.0s (99KB/s) [p8A4StGq]
    2022-02-06 18:00 OK  102KB / 0.3s (366KB/s) [p8A4StGq]
    2022-02-06 09:00 OK  2493KB / 0.7s (3699KB/s) [p8A4StGq]
    2022-02-06 19:00 OK  97KB / 0.3s (315KB/s) [p8A4StGq]
  [ 340/7865] 경과 220s | 속도 92.6 hr/min | 사용 0.31GB
    2022-02-06 20:00 OK  97KB / 0.4s (266KB/s) [p8A4StGq]
    2022-02-07 06:00 OK  97KB / 0.4s (250KB/s) [p8A4StGq]
    2022-02-07 07:00 OK  97KB / 0.4s (256KB/s) [p8A4StGq]
    2022-02-07 08:00 OK  485KB / 0.4s (1123KB/s) [p8A4StGq]
    2022-02-07 13:00 OK  3217KB / 1.3s (2535KB/s) [p8A4StGq]
    2022-02-07 18:00 OK  108KB / 0.3s (320KB/s) [p8A4StGq]
    2022-02-07 19:00 OK  97KB / 0.4s (224KB/s) [p8A4StGq]
    2022-02-07 20:00 OK  97KB / 0.3s (286KB/s) [p8A4StGq]
    2022-02-08 06:00 OK  97KB / 0.4s (251KB/s) [p8A4StGq]
    2022-02-08 07:00 OK  97KB / 0.3s (303KB/s) [p8A4StGq]
    2022-02-08 08:00 OK  512KB / 0.4s (1348KB/s) [p8A4StGq]
    2022-02-08 12:00 OK  3201KB / 0.9s (3496KB/s) [p8A4StGq]
    2022-02-08 18:00 OK  115KB / 1.5s (76KB/s) [p8A4StGq]
    2022-02-08 19:00 OK  97KB / 0.4s (239KB/s) [p8A4StGq]
    2022-02-09 07:00 OK  97KB / 0.4s (276KB/s) [p8A4StGq]
    2022-02-08 20:00 OK  97KB / 0.6s (163KB/s) [p8A4StGq]
    2022-02-09 06:00 OK  97KB / 0.5s (207KB/s) [p8A4StGq]
    2022-02-09 11:00 OK  3179KB / 0.7s (4303KB/s) [p8A4StGq]
    2022-02-09 12:00 OK  3200KB / 0.8s (4015KB/s) [p8A4StGq]
    2022-02-09 13:00 OK  3198KB / 0.7s (4361KB/s) [p8A4StGq]
  [ 360/7865] 경과 232s | 속도 93.0 hr/min | 사용 0.33GB
    2022-02-09 10:00 OK  3129KB / 3.5s (894KB/s) [p8A4StGq]
    2022-02-09 08:00 OK  541KB / 3.5s (153KB/s) [p8A4StGq]
    2022-02-09 18:00 OK  123KB / 0.3s (367KB/s) [p8A4StGq]
    2022-02-09 20:00 OK  97KB / 0.3s (310KB/s) [p8A4StGq]
    2022-02-10 06:00 OK  97KB / 0.3s (301KB/s) [p8A4StGq]
    2022-02-10 07:00 OK  97KB / 0.3s (334KB/s) [p8A4StGq]
    2022-02-10 10:00 OK  3144KB / 0.7s (4396KB/s) [p8A4StGq]
    2022-02-09 19:00 OK  97KB / 3.0s (32KB/s) [p8A4StGq]
    2022-02-10 11:00 OK  3200KB / 1.0s (3295KB/s) [p8A4StGq]
    2022-02-10 18:00 OK  135KB / 0.3s (484KB/s) [p8A4StGq]
    2022-02-10 20:00 OK  97KB / 0.4s (272KB/s) [p8A4StGq]
    2022-02-11 06:00 OK  97KB / 0.5s (211KB/s) [p8A4StGq]
    2022-02-10 08:00 OK  582KB / 3.8s (154KB/s) [p8A4StGq]
    2022-02-10 19:00 OK  97KB / 0.6s (158KB/s) [p8A4StGq]
    2022-02-11 07:00 OK  97KB / 0.2s (410KB/s) [p8A4StGq]
    2022-02-11 08:00 OK  617KB / 0.5s (1286KB/s) [p8A4StGq]
    2022-02-11 14:00 OK  3181KB / 0.6s (4914KB/s) [p8A4StGq]
    2022-02-11 18:00 OK  148KB / 0.4s (415KB/s) [p8A4StGq]
  [ 380/7865] 경과 242s | 속도 94.1 hr/min | 사용 0.34GB
    2022-02-11 19:00 OK  97KB / 0.3s (292KB/s) [p8A4StGq]
    2022-02-12 06:00 OK  97KB / 0.3s (328KB/s) [p8A4StGq]
    2022-02-11 20:00 OK  97KB / 0.4s (263KB/s) [p8A4StGq]
    2022-02-12 07:00 OK  97KB / 0.4s (259KB/s) [p8A4StGq]
    2022-02-12 08:00 OK  663KB / 0.4s (1597KB/s) [p8A4StGq]
    2022-02-12 19:00 OK  97KB / 0.4s (262KB/s) [p8A4StGq]
    2022-02-12 18:00 OK  163KB / 0.5s (317KB/s) [p8A4StGq]
    2022-02-12 20:00 OK  97KB / 0.4s (253KB/s) [p8A4StGq]
    2022-02-13 06:00 OK  97KB / 0.3s (322KB/s) [p8A4StGq]
    2022-02-13 08:00 OK  700KB / 0.7s (1016KB/s) [p8A4StGq]
    2022-02-13 07:00 OK  97KB / 0.7s (140KB/s) [p8A4StGq]
    2022-02-13 18:00 OK  180KB / 0.4s (459KB/s) [p8A4StGq]
    2022-02-14 06:00 OK  97KB / 0.5s (200KB/s) [p8A4StGq]
    2022-02-13 19:00 OK  97KB / 0.3s (292KB/s) [p8A4StGq]
    2022-02-13 20:00 OK  97KB / 0.4s (232KB/s) [p8A4StGq]
    2022-02-13 16:00 OK  3133KB / 1.0s (3264KB/s) [p8A4StGq]
    2022-02-14 07:00 OK  97KB / 0.5s (211KB/s) [p8A4StGq]
    2022-02-14 08:00 OK  754KB / 0.5s (1606KB/s) [p8A4StGq]
    2022-02-14 16:00 OK  3172KB / 1.1s (3011KB/s) [p8A4StGq]
    2022-02-14 18:00 OK  196KB / 0.5s (416KB/s) [p8A4StGq]
    2022-02-14 20:00 OK  97KB / 0.3s (292KB/s) [p8A4StGq]
    2022-02-15 06:00 OK  97KB / 0.3s (285KB/s) [p8A4StGq]
    2022-02-14 19:00 OK  97KB / 0.4s (264KB/s) [p8A4StGq]
    2022-02-15 07:00 OK  97KB / 0.5s (185KB/s) [p8A4StGq]
    2022-02-15 08:00 OK  806KB / 0.6s (1381KB/s) [p8A4StGq]
    2022-02-15 09:00 OK  2823KB / 0.7s (3819KB/s) [p8A4StGq]
  [ 400/7865] 경과 258s | 속도 93.2 hr/min | 사용 0.35GB
    2022-02-15 10:00 OK  3242KB / 0.6s (5202KB/s) [p8A4StGq]
    2022-02-15 20:00 OK  97KB / 0.4s (256KB/s) [p8A4StGq]
    2022-02-16 07:00 OK  97KB / 0.6s (163KB/s) [p8A4StGq]
    2022-02-15 18:00 OK  213KB / 1.1s (202KB/s) [p8A4StGq]
    2022-02-16 06:00 OK  97KB / 1.1s (90KB/s) [p8A4StGq]
    2022-02-16 09:00 OK  2850KB / 2.2s (1273KB/s) [p8A4StGq]
    2022-02-15 19:00 OK  97KB / 2.6s (37KB/s) [p8A4StGq]
    2022-02-16 08:00 OK  858KB / 2.5s (340KB/s) [p8A4StGq]
    2022-02-16 14:00 OK  3313KB / 0.6s (5599KB/s) [p8A4StGq]
    2022-02-16 18:00 OK  239KB / 0.5s (501KB/s) [p8A4StGq]
    2022-02-16 19:00 OK  97KB / 0.4s (261KB/s) [p8A4StGq]
    2022-02-16 20:00 OK  97KB / 0.3s (335KB/s) [p8A4StGq]
    2022-02-17 06:00 OK  97KB / 0.4s (234KB/s) [p8A4StGq]
    2022-02-17 07:00 OK  97KB / 0.4s (266KB/s) [p8A4StGq]
    2022-02-17 08:00 OK  904KB / 0.6s (1396KB/s) [p8A4StGq]
    2022-02-17 18:00 OK  264KB / 0.9s (289KB/s) [p8A4StGq]
    2022-02-17 19:00 OK  97KB / 0.4s (243KB/s) [p8A4StGq]
  [ 420/7865] 경과 267s | 속도 94.4 hr/min | 사용 0.37GB
    2022-02-17 20:00 OK  97KB / 0.3s (278KB/s) [p8A4StGq]
    2022-02-18 06:00 OK  97KB / 0.4s (242KB/s) [p8A4StGq]
    2022-02-18 18:00 OK  288KB / 0.5s (591KB/s) [p8A4StGq]
    2022-02-18 19:00 OK  97KB / 0.4s (277KB/s) [p8A4StGq]
    2022-02-18 15:00 OK  3221KB / 0.7s (4496KB/s) [p8A4StGq]
    2022-02-18 07:00 OK  97KB / 2.0s (49KB/s) [p8A4StGq]
    2022-02-18 20:00 OK  97KB / 0.5s (214KB/s) [p8A4StGq]
    2022-02-18 08:00 OK  941KB / 2.7s (351KB/s) [p8A4StGq]
    2022-02-19 06:00 OK  97KB / 0.3s (334KB/s) [p8A4StGq]
    2022-02-19 07:00 OK  97KB / 0.4s (239KB/s) [p8A4StGq]
    2022-02-19 08:00 OK  989KB / 0.5s (1830KB/s) [p8A4StGq]
    2022-02-19 18:00 OK  310KB / 0.8s (375KB/s) [p8A4StGq]
    2022-02-19 20:00 OK  97KB / 0.3s (328KB/s) [p8A4StGq]
    2022-02-19 10:00 OK  3197KB / 1.2s (2708KB/s) [p8A4StGq]
    2022-02-20 06:00 OK  97KB / 0.3s (285KB/s) [p8A4StGq]
    2022-02-20 08:00 OK  1055KB / 0.5s (1990KB/s) [p8A4StGq]
    2022-02-20 07:00 OK  97KB / 0.6s (154KB/s) [p8A4StGq]
    2022-02-19 19:00 OK  97KB / 0.6s (168KB/s) [p8A4StGq]
    2022-02-20 16:00 OK  3192KB / 0.6s (5122KB/s) [p8A4StGq]
    2022-02-20 18:00 OK  343KB / 0.5s (659KB/s) [p8A4StGq]
  [ 440/7865] 경과 279s | 속도 94.5 hr/min | 사용 0.38GB
    2022-02-20 19:00 OK  97KB / 0.2s (397KB/s) [p8A4StGq]
    2022-02-20 20:00 OK  97KB / 0.4s (272KB/s) [p8A4StGq]
    2022-02-21 06:00 OK  97KB / 0.3s (299KB/s) [p8A4StGq]
    2022-02-21 08:00 OK  1104KB / 0.7s (1475KB/s) [p8A4StGq]
    2022-02-21 07:00 OK  97KB / 0.7s (139KB/s) [p8A4StGq]
    2022-02-21 14:00 OK  3261KB / 0.8s (4005KB/s) [p8A4StGq]
    2022-02-21 15:00 OK  3248KB / 1.2s (2730KB/s) [p8A4StGq]
    2022-02-21 18:00 OK  375KB / 0.5s (808KB/s) [p8A4StGq]
    2022-02-21 19:00 OK  97KB / 0.5s (188KB/s) [p8A4StGq]
    2022-02-21 20:00 OK  97KB / 0.4s (218KB/s) [p8A4StGq]
    2022-02-22 06:00 OK  97KB / 0.4s (252KB/s) [p8A4StGq]
    2022-02-22 07:00 OK  97KB / 0.4s (233KB/s) [p8A4StGq]
    2022-02-22 10:00 OK  3207KB / 0.9s (3683KB/s) [p8A4StGq]
    2022-02-22 18:00 OK  411KB / 0.6s (668KB/s) [p8A4StGq]
    2022-02-22 19:00 OK  97KB / 0.4s (256KB/s) [p8A4StGq]
    2022-02-22 15:00 OK  3237KB / 1.4s (2292KB/s) [p8A4StGq]
    2022-02-22 11:00 OK  3244KB / 1.7s (1938KB/s) [p8A4StGq]
    2022-02-22 14:00 OK  3256KB / 1.6s (2076KB/s) [p8A4StGq]
    2022-02-22 20:00 OK  97KB / 0.6s (176KB/s) [p8A4StGq]
    2022-02-23 06:00 OK  97KB / 0.3s (284KB/s) [p8A4StGq]
    2022-02-23 07:00 OK  97KB / 0.3s (350KB/s) [p8A4StGq]
    2022-02-23 11:00 OK  3239KB / 0.8s (4049KB/s) [p8A4StGq]
  [ 460/7865] 경과 291s | 속도 94.9 hr/min | 사용 0.41GB
    2022-02-23 18:00 OK  434KB / 0.4s (1158KB/s) [p8A4StGq]
    2022-02-23 15:00 OK  3218KB / 1.1s (3039KB/s) [p8A4StGq]
    2022-02-23 19:00 OK  97KB / 0.3s (317KB/s) [p8A4StGq]
    2022-02-24 07:00 OK  97KB / 0.2s (479KB/s) [p8A4StGq]
    2022-02-24 06:00 OK  97KB / 0.4s (272KB/s) [p8A4StGq]
    2022-02-23 20:00 OK  97KB / 0.3s (323KB/s) [p8A4StGq]
    2022-02-23 17:00 OK  2505KB / 0.9s (2669KB/s) [p8A4StGq]
    2022-02-24 11:00 OK  3164KB / 1.1s (2912KB/s) [p8A4StGq]
    2022-02-24 19:00 OK  97KB / 0.2s (388KB/s) [p8A4StGq]
    2022-02-24 20:00 OK  97KB / 0.3s (378KB/s) [p8A4StGq]
    2022-02-25 06:00 OK  97KB / 0.3s (279KB/s) [p8A4StGq]
    2022-02-24 18:00 OK  458KB / 0.6s (773KB/s) [p8A4StGq]
    2022-02-24 15:00 OK  3120KB / 1.4s (2247KB/s) [p8A4StGq]
    2022-02-24 12:00 OK  3175KB / 0.9s (3543KB/s) [p8A4StGq]
    2022-02-25 07:00 OK  97KB / 0.4s (274KB/s) [p8A4StGq]
    2022-02-25 09:00 OK  2891KB / 1.1s (2699KB/s) [p8A4StGq]
    2022-02-25 18:00 OK  504KB / 0.4s (1429KB/s) [p8A4StGq]
  [ 480/7865] 경과 303s | 속도 95.0 hr/min | 사용 0.43GB
    2022-02-25 19:00 OK  97KB / 0.3s (359KB/s) [p8A4StGq]
    2022-02-25 20:00 OK  97KB / 0.2s (437KB/s) [p8A4StGq]
    2022-02-26 06:00 OK  97KB / 0.3s (377KB/s) [p8A4StGq]
    2022-02-26 18:00 OK  539KB / 0.5s (1180KB/s) [p8A4StGq]
    2022-02-26 07:00 OK  97KB / 0.3s (344KB/s) [p8A4StGq]
    2022-02-26 17:00 OK  2551KB / 1.1s (2381KB/s) [p8A4StGq]
    2022-02-26 16:00 OK  3087KB / 0.9s (3483KB/s) [p8A4StGq]
    2022-02-26 19:00 OK  97KB / 0.2s (429KB/s) [p8A4StGq]
    2022-02-26 20:00 OK  97KB / 0.2s (393KB/s) [p8A4StGq]
    2022-02-27 06:00 OK  97KB / 0.2s (486KB/s) [p8A4StGq]
    2022-02-27 07:00 OK  97KB / 0.2s (401KB/s) [p8A4StGq]
    2022-02-27 20:00 OK  97KB / 0.3s (294KB/s) [p8A4StGq]
    2022-02-27 19:00 OK  97KB / 0.3s (327KB/s) [p8A4StGq]
    2022-02-27 18:00 OK  586KB / 0.4s (1442KB/s) [p8A4StGq]
    2022-02-27 13:00 OK  2995KB / 1.2s (2478KB/s) [p8A4StGq]
    2022-02-27 12:00 OK  3010KB / 1.1s (2645KB/s) [p8A4StGq]
    2022-02-28 06:00 OK  97KB / 0.3s (346KB/s) [p8A4StGq]
    2022-02-28 07:00 OK  97KB / 0.3s (319KB/s) [p8A4StGq]
    2022-02-28 10:00 OK  3136KB / 0.8s (3860KB/s) [p8A4StGq]
  [ 500/7865] 경과 314s | 속도 95.5 hr/min | 사용 0.44GB
    2022-02-28 11:00 OK  3174KB / 0.8s (3857KB/s) [p8A4StGq]
    2022-02-28 12:00 OK  3191KB / 0.9s (3555KB/s) [p8A4StGq]
    2022-02-28 13:00 OK  3195KB / 0.9s (3656KB/s) [p8A4StGq]
    2022-02-28 19:00 OK  97KB / 0.5s (211KB/s) [p8A4StGq]
    2022-02-28 18:00 OK  649KB / 0.6s (1129KB/s) [p8A4StGq]
    2022-02-28 16:00 OK  3147KB / 1.0s (3176KB/s) [p8A4StGq]
    2022-02-28 14:00 OK  3194KB / 1.5s (2140KB/s) [p8A4StGq]
    2022-02-28 20:00 OK  97KB / 0.6s (166KB/s) [p8A4StGq]
    2022-03-01 06:00 OK  97KB / 0.5s (197KB/s) [p8A4StGq]
    2022-03-01 07:00 OK  97KB / 0.4s (247KB/s) [p8A4StGq]
    2022-03-01 09:00 OK  3111KB / 0.9s (3601KB/s) [p8A4StGq]
    2022-03-01 10:00 OK  3201KB / 0.9s (3386KB/s) [p8A4StGq]
    2022-03-01 12:00 OK  3239KB / 1.0s (3114KB/s) [p8A4StGq]
    2022-03-01 13:00 OK  3187KB / 1.2s (2638KB/s) [p8A4StGq]
    2022-03-01 17:00 OK  2714KB / 1.6s (1716KB/s) [p8A4StGq]
    2022-03-01 14:00 OK  3230KB / 1.9s (1688KB/s) [p8A4StGq]
    2022-03-01 18:00 OK  680KB / 0.7s (915KB/s) [p8A4StGq]
    2022-03-01 16:00 OK  3156KB / 1.9s (1664KB/s) [p8A4StGq]
    2022-03-01 19:00 OK  97KB / 0.4s (252KB/s) [p8A4StGq]
    2022-03-01 20:00 OK  97KB / 0.2s (487KB/s) [p8A4StGq]
    2022-03-02 06:00 OK  97KB / 0.2s (409KB/s) [p8A4StGq]
    2022-03-02 07:00 OK  97KB / 0.4s (243KB/s) [p8A4StGq]
  [ 520/7865] 경과 326s | 속도 95.7 hr/min | 사용 0.48GB
    2022-03-02 14:00 OK  3087KB / 0.8s (3996KB/s) [p8A4StGq]
    2022-03-02 19:00 OK  97KB / 0.5s (209KB/s) [p8A4StGq]
    2022-03-02 20:00 OK  97KB / 0.4s (218KB/s) [p8A4StGq]
    2022-03-02 18:00 OK  692KB / 0.7s (926KB/s) [p8A4StGq]
    2022-03-03 06:00 OK  97KB / 0.5s (180KB/s) [p8A4StGq]
    2022-03-03 07:00 OK  97KB / 0.4s (275KB/s) [p8A4StGq]
    2022-03-02 15:00 OK  3074KB / 1.7s (1803KB/s) [p8A4StGq]
    2022-03-03 16:00 OK  2979KB / 1.4s (2126KB/s) [p8A4StGq]
    2022-03-03 17:00 OK  2645KB / 0.7s (3544KB/s) [p8A4StGq]
    2022-03-03 18:00 OK  750KB / 0.4s (1752KB/s) [p8A4StGq]
    2022-03-03 19:00 OK  97KB / 0.3s (292KB/s) [p8A4StGq]
    2022-03-03 20:00 OK  97KB / 0.5s (178KB/s) [p8A4StGq]
    2022-03-04 06:00 OK  97KB / 0.7s (133KB/s) [p8A4StGq]
    2022-03-04 07:00 OK  97KB / 0.6s (156KB/s) [p8A4StGq]
    2022-03-04 09:00 OK  3072KB / 1.2s (2553KB/s) [p8A4StGq]
    2022-03-04 13:00 OK  3214KB / 1.3s (2452KB/s) [p8A4StGq]
    2022-03-04 11:00 OK  3185KB / 1.2s (2660KB/s) [p8A4StGq]
    2022-03-04 14:00 OK  3224KB / 0.9s (3601KB/s) [p8A4StGq]
    2022-03-04 15:00 OK  3212KB / 0.9s (3389KB/s) [p8A4StGq]
    2022-03-04 17:00 OK  2816KB / 0.7s (4043KB/s) [p8A4StGq]
    2022-03-04 18:00 OK  775KB / 0.4s (1887KB/s) [p8A4StGq]
    2022-03-04 19:00 OK  97KB / 0.3s (280KB/s) [p8A4StGq]
  [ 540/7865] 경과 337s | 속도 96.1 hr/min | 사용 0.51GB
    2022-03-04 20:00 OK  97KB / 0.3s (295KB/s) [p8A4StGq]
    2022-03-05 07:00 OK  97KB / 0.3s (315KB/s) [p8A4StGq]
    2022-03-05 14:00 OK  3086KB / 0.8s (3907KB/s) [p8A4StGq]
    2022-03-05 16:00 OK  3026KB / 0.8s (3679KB/s) [p8A4StGq]
    2022-03-05 19:00 OK  97KB / 0.4s (271KB/s) [p8A4StGq]
    2022-03-05 18:00 OK  818KB / 0.5s (1568KB/s) [p8A4StGq]
    2022-03-05 20:00 OK  97KB / 0.3s (326KB/s) [p8A4StGq]
    2022-03-06 07:00 OK  97KB / 0.5s (199KB/s) [p8A4StGq]
    2022-03-06 09:00 OK  3073KB / 0.8s (3782KB/s) [p8A4StGq]
    2022-03-06 11:00 OK  3159KB / 0.9s (3617KB/s) [p8A4StGq]
    2022-03-06 18:00 OK  878KB / 0.6s (1516KB/s) [p8A4StGq]
    2022-03-06 14:00 OK  3156KB / 1.4s (2204KB/s) [p8A4StGq]
    2022-03-06 19:00 OK  97KB / 0.3s (314KB/s) [p8A4StGq]
    2022-03-06 20:00 OK  97KB / 0.4s (230KB/s) [p8A4StGq]
  [ 560/7865] 경과 348s | 속도 96.7 hr/min | 사용 0.53GB
    2022-03-07 07:00 OK  97KB / 0.6s (172KB/s) [p8A4StGq]
    2022-03-07 06:00 OK  97KB / 0.7s (146KB/s) [p8A4StGq]
    2022-03-07 08:00 OK  1762KB / 0.7s (2506KB/s) [p8A4StGq]
    2022-03-07 10:00 OK  3145KB / 1.0s (3232KB/s) [p8A4StGq]
    2022-03-07 11:00 OK  3171KB / 0.9s (3609KB/s) [p8A4StGq]
    2022-03-07 12:00 OK  3186KB / 0.8s (3794KB/s) [p8A4StGq]
    2022-03-07 15:00 OK  3154KB / 1.5s (2161KB/s) [p8A4StGq]
    2022-03-07 14:00 OK  3178KB / 1.9s (1644KB/s) [p8A4StGq]
    2022-03-07 18:00 OK  874KB / 0.8s (1144KB/s) [p8A4StGq]
    2022-03-07 17:00 OK  2840KB / 1.0s (2715KB/s) [p8A4StGq]
    2022-03-07 19:00 OK  97KB / 0.2s (407KB/s) [p8A4StGq]
    2022-03-07 20:00 OK  97KB / 0.4s (269KB/s) [p8A4StGq]
    2022-03-08 06:00 OK  97KB / 0.3s (378KB/s) [p8A4StGq]
    2022-03-08 07:00 OK  97KB / 0.3s (290KB/s) [p8A4StGq]
    2022-03-08 18:00 OK  896KB / 0.8s (1158KB/s) [p8A4StGq]
    2022-03-08 16:00 OK  2999KB / 1.0s (2932KB/s) [p8A4StGq]
    2022-03-08 19:00 OK  97KB / 0.3s (327KB/s) [p8A4StGq]
    2022-03-08 20:00 OK  97KB / 0.3s (286KB/s) [p8A4StGq]
    2022-03-09 06:00 OK  97KB / 0.3s (330KB/s) [p8A4StGq]
    2022-03-09 07:00 OK  97KB / 0.3s (348KB/s) [p8A4StGq]
    2022-03-09 09:00 OK  3009KB / 0.6s (4845KB/s) [p8A4StGq]
    2022-03-09 18:00 OK  959KB / 0.4s (2483KB/s) [p8A4StGq]
    2022-03-09 19:00 OK  97KB / 0.3s (345KB/s) [p8A4StGq]
  [ 580/7865] 경과 363s | 속도 96.0 hr/min | 사용 0.56GB
    2022-03-09 20:00 OK  97KB / 0.3s (288KB/s) [p8A4StGq]
    2022-03-10 06:00 OK  97KB / 0.3s (369KB/s) [p8A4StGq]
    2022-03-10 07:00 OK  97KB / 0.3s (283KB/s) [p8A4StGq]
    2022-03-10 11:00 OK  3127KB / 0.6s (5153KB/s) [p8A4StGq]
    2022-03-10 18:00 OK  1019KB / 0.4s (2544KB/s) [p8A4StGq]
    2022-03-10 19:00 OK  97KB / 0.4s (265KB/s) [p8A4StGq]
    2022-03-10 20:00 OK  97KB / 0.2s (395KB/s) [p8A4StGq]
    2022-03-11 06:00 OK  97KB / 0.7s (131KB/s) [p8A4StGq]
    2022-03-11 07:00 OK  97KB / 0.3s (349KB/s) [p8A4StGq]
    2022-03-11 08:00 OK  1969KB / 0.5s (3900KB/s) [p8A4StGq]
    2022-03-11 13:00 OK  3236KB / 0.7s (4472KB/s) [p8A4StGq]
    2022-03-11 15:00 OK  3202KB / 0.8s (3861KB/s) [p8A4StGq]
    2022-03-11 17:00 OK  2962KB / 0.6s (4680KB/s) [p8A4StGq]
    2022-03-11 18:00 OK  1041KB / 0.7s (1442KB/s) [p8A4StGq]
    2022-03-11 19:00 OK  97KB / 0.3s (378KB/s) [p8A4StGq]
    2022-03-12 06:00 OK  97KB / 0.4s (260KB/s) [p8A4StGq]
    2022-03-11 20:00 OK  97KB / 0.9s (114KB/s) [p8A4StGq]
    2022-03-12 07:00 OK  97KB / 0.3s (319KB/s) [p8A4StGq]
    2022-03-12 09:00 OK  3005KB / 0.6s (5089KB/s) [p8A4StGq]
    2022-03-12 10:00 OK  3065KB / 0.6s (5368KB/s) [p8A4StGq]
  [ 600/7865] 경과 376s | 속도 95.8 hr/min | 사용 0.58GB
    2022-03-12 16:00 OK  3082KB / 0.7s (4626KB/s) [p8A4StGq]
    2022-03-12 17:00 OK  2943KB / 0.6s (4704KB/s) [p8A4StGq]
    2022-03-12 19:00 OK  97KB / 0.3s (284KB/s) [p8A4StGq]
    2022-03-12 18:00 OK  1091KB / 0.5s (2404KB/s) [p8A4StGq]
    2022-03-12 20:00 OK  97KB / 0.3s (337KB/s) [p8A4StGq]
    2022-03-13 06:00 OK  97KB / 0.3s (303KB/s) [p8A4StGq]
    2022-03-13 07:00 OK  97KB / 0.3s (372KB/s) [p8A4StGq]
    2022-03-13 14:00 OK  3310KB / 0.9s (3853KB/s) [p8A4StGq]
    2022-03-13 15:00 OK  3285KB / 0.8s (4136KB/s) [p8A4StGq]
    2022-03-13 13:00 OK  3312KB / 1.5s (2249KB/s) [p8A4StGq]
    2022-03-13 08:00 OK  2125KB / 1.5s (1453KB/s) [p8A4StGq]
    2022-03-13 17:00 OK  3064KB / 0.7s (4095KB/s) [p8A4StGq]
    2022-03-13 18:00 OK  1115KB / 0.4s (2647KB/s) [p8A4StGq]
    2022-03-13 19:00 OK  97KB / 0.3s (307KB/s) [p8A4StGq]
    2022-03-13 20:00 OK  97KB / 0.3s (368KB/s) [p8A4StGq]
    2022-03-14 07:00 OK  97KB / 0.3s (351KB/s) [p8A4StGq]
    2022-03-14 06:00 OK  97KB / 0.3s (325KB/s) [p8A4StGq]
    2022-03-14 12:00 OK  3240KB / 0.6s (5183KB/s) [p8A4StGq]
  [ 620/7865] 경과 389s | 속도 95.5 hr/min | 사용 0.61GB
    2022-03-14 13:00 OK  3254KB / 0.9s (3663KB/s) [p8A4StGq]
    2022-03-14 17:00 OK  3068KB / 1.2s (2492KB/s) [p8A4StGq]
    2022-03-14 18:00 OK  1154KB / 0.8s (1461KB/s) [p8A4StGq]
    2022-03-14 14:00 OK  3277KB / 1.7s (1875KB/s) [p8A4StGq]
    2022-03-14 16:00 OK  3209KB / 1.8s (1799KB/s) [p8A4StGq]
    2022-03-14 19:00 OK  97KB / 0.3s (277KB/s) [p8A4StGq]
    2022-03-14 20:00 OK  97KB / 0.3s (338KB/s) [p8A4StGq]
    2022-03-15 06:00 OK  97KB / 0.4s (251KB/s) [p8A4StGq]
    2022-03-15 07:00 OK  108KB / 0.4s (296KB/s) [p8A4StGq]
    2022-03-15 09:00 OK  3131KB / 0.8s (3797KB/s) [p8A4StGq]
    2022-03-15 18:00 OK  1171KB / 0.7s (1659KB/s) [p8A4StGq]
    2022-03-15 19:00 OK  97KB / 0.4s (263KB/s) [p8A4StGq]
    2022-03-15 20:00 OK  97KB / 0.3s (310KB/s) [p8A4StGq]
    2022-03-16 06:00 OK  97KB / 0.3s (341KB/s) [p8A4StGq]
    2022-03-16 13:00 OK  3142KB / 0.6s (5010KB/s) [p8A4StGq]
    2022-03-16 07:00 OK  147KB / 0.8s (195KB/s) [p8A4StGq]
    2022-03-16 14:00 OK  3134KB / 0.7s (4776KB/s) [p8A4StGq]
    2022-03-16 17:00 OK  3009KB / 0.7s (4262KB/s) [p8A4StGq]
    2022-03-16 18:00 OK  1221KB / 0.6s (2072KB/s) [p8A4StGq]
    2022-03-16 19:00 OK  97KB / 0.4s (248KB/s) [p8A4StGq]
    2022-03-16 20:00 OK  97KB / 0.4s (231KB/s) [p8A4StGq]
    2022-03-17 06:00 OK  97KB / 0.6s (167KB/s) [p8A4StGq]
  [ 640/7865] 경과 405s | 속도 94.9 hr/min | 사용 0.63GB
    2022-03-17 07:00 OK  202KB / 0.3s (592KB/s) [p8A4StGq]
    2022-03-17 08:00 OK  2303KB / 0.7s (3113KB/s) [p8A4StGq]
    2022-03-17 09:00 OK  3146KB / 0.7s (4741KB/s) [p8A4StGq]
    2022-03-17 11:00 OK  3231KB / 1.0s (3104KB/s) [p8A4StGq]
    2022-03-17 14:00 OK  3216KB / 1.0s (3099KB/s) [p8A4StGq]
    2022-03-17 16:00 OK  3153KB / 0.8s (3747KB/s) [p8A4StGq]
    2022-03-17 18:00 OK  1269KB / 1.0s (1299KB/s) [p8A4StGq]
    2022-03-17 19:00 OK  97KB / 0.5s (191KB/s) [p8A4StGq]
    2022-03-18 06:00 OK  97KB / 0.4s (248KB/s) [p8A4StGq]
    2022-03-17 20:00 OK  97KB / 0.5s (208KB/s) [p8A4StGq]
    2022-03-18 07:00 OK  260KB / 0.3s (937KB/s) [p8A4StGq]
    2022-03-18 12:00 OK  3283KB / 0.7s (4760KB/s) [p8A4StGq]
    2022-03-18 18:00 OK  1295KB / 0.8s (1550KB/s) [p8A4StGq]
    2022-03-18 19:00 OK  97KB / 0.3s (369KB/s) [p8A4StGq]
    2022-03-18 20:00 OK  97KB / 0.3s (320KB/s) [p8A4StGq]
    2022-03-19 06:00 OK  97KB / 0.3s (296KB/s) [p8A4StGq]
    2022-03-19 07:00 OK  325KB / 0.4s (879KB/s) [p8A4StGq]
    2022-03-19 09:00 OK  3205KB / 0.8s (4137KB/s) [p8A4StGq]
  [ 660/7865] 경과 418s | 속도 94.8 hr/min | 사용 0.66GB
    2022-03-19 10:00 OK  3265KB / 1.3s (2609KB/s) [p8A4StGq]
    2022-03-19 16:00 OK  3276KB / 1.2s (2840KB/s) [p8A4StGq]
    2022-03-19 17:00 OK  3180KB / 1.1s (2898KB/s) [p8A4StGq]
    2022-03-19 18:00 OK  1344KB / 0.6s (2148KB/s) [p8A4StGq]
    2022-03-19 19:00 OK  97KB / 0.4s (233KB/s) [p8A4StGq]
    2022-03-19 20:00 OK  97KB / 0.3s (341KB/s) [p8A4StGq]
    2022-03-20 06:00 OK  97KB / 0.3s (313KB/s) [p8A4StGq]
    2022-03-20 07:00 OK  387KB / 0.5s (833KB/s) [p8A4StGq]
    2022-03-20 12:00 OK  3284KB / 0.8s (4299KB/s) [p8A4StGq]
    2022-03-20 09:00 OK  3197KB / 1.0s (3218KB/s) [p8A4StGq]
    2022-03-20 13:00 OK  3278KB / 0.7s (4856KB/s) [p8A4StGq]
    2022-03-20 14:00 OK  3272KB / 0.9s (3800KB/s) [p8A4StGq]
    2022-03-20 15:00 OK  3245KB / 1.0s (3185KB/s) [p8A4StGq]
    2022-03-20 17:00 OK  3115KB / 0.8s (3917KB/s) [p8A4StGq]
    2022-03-20 18:00 OK  1353KB / 0.9s (1575KB/s) [p8A4StGq]
    2022-03-20 19:00 OK  97KB / 0.4s (260KB/s) [p8A4StGq]
    2022-03-20 20:00 OK  97KB / 0.3s (347KB/s) [p8A4StGq]
    2022-03-21 06:00 OK  97KB / 0.3s (309KB/s) [p8A4StGq]
    2022-03-21 07:00 OK  432KB / 0.4s (1114KB/s) [p8A4StGq]
    2022-03-21 08:00 OK  2479KB / 0.9s (2842KB/s) [p8A4StGq]
    2022-03-21 10:00 OK  3157KB / 0.7s (4221KB/s) [p8A4StGq]
    2022-03-21 12:00 OK  3189KB / 0.6s (4930KB/s) [p8A4StGq]
  [ 680/7865] 경과 433s | 속도 94.2 hr/min | 사용 0.70GB
    2022-03-21 13:00 OK  3192KB / 0.7s (4370KB/s) [p8A4StGq]
    2022-03-21 14:00 OK  3212KB / 0.7s (4394KB/s) [p8A4StGq]
    2022-03-21 16:00 OK  3171KB / 0.8s (3928KB/s) [p8A4StGq]
    2022-03-21 15:00 OK  3197KB / 1.1s (3032KB/s) [p8A4StGq]
    2022-03-21 17:00 OK  3095KB / 0.7s (4418KB/s) [p8A4StGq]
    2022-03-21 18:00 OK  1401KB / 0.5s (2644KB/s) [p8A4StGq]
    2022-03-21 19:00 OK  97KB / 0.4s (245KB/s) [p8A4StGq]
    2022-03-21 20:00 OK  97KB / 0.5s (214KB/s) [p8A4StGq]
    2022-03-22 06:00 OK  97KB / 0.3s (296KB/s) [p8A4StGq]
    2022-03-22 07:00 OK  486KB / 0.5s (1069KB/s) [p8A4StGq]
    2022-03-22 08:00 OK  2555KB / 0.7s (3880KB/s) [p8A4StGq]
    2022-03-22 09:00 OK  3138KB / 0.7s (4230KB/s) [p8A4StGq]
    2022-03-22 10:00 OK  3180KB / 0.6s (5049KB/s) [p8A4StGq]
    2022-03-22 13:00 OK  3205KB / 1.4s (2324KB/s) [p8A4StGq]
    2022-03-22 12:00 OK  3204KB / 2.0s (1640KB/s) [p8A4StGq]
    2022-03-22 14:00 OK  3205KB / 0.9s (3459KB/s) [p8A4StGq]
    2022-03-22 15:00 OK  3182KB / 1.1s (2986KB/s) [p8A4StGq]
    2022-03-22 18:00 OK  1445KB / 0.4s (3292KB/s) [p8A4StGq]
    2022-03-22 19:00 OK  97KB / 0.3s (367KB/s) [p8A4StGq]
  [ 700/7865] 경과 446s | 속도 94.1 hr/min | 사용 0.74GB
    2022-03-22 20:00 OK  97KB / 0.4s (247KB/s) [p8A4StGq]
    2022-03-23 07:00 OK  557KB / 0.4s (1382KB/s) [p8A4StGq]
    2022-03-23 06:00 OK  97KB / 0.8s (122KB/s) [p8A4StGq]
    2022-03-23 08:00 OK  2669KB / 0.6s (4575KB/s) [p8A4StGq]
    2022-03-23 10:00 OK  3260KB / 0.9s (3674KB/s) [p8A4StGq]
    2022-03-23 11:00 OK  3292KB / 0.9s (3600KB/s) [p8A4StGq]
    2022-03-23 18:00 OK  1414KB / 0.4s (3157KB/s) [p8A4StGq]
    2022-03-23 19:00 OK  97KB / 0.4s (230KB/s) [p8A4StGq]
    2022-03-23 20:00 OK  97KB / 0.4s (271KB/s) [p8A4StGq]
    2022-03-24 06:00 OK  97KB / 0.5s (198KB/s) [p8A4StGq]
    2022-03-24 07:00 OK  612KB / 0.5s (1346KB/s) [p8A4StGq]
    2022-03-24 08:00 OK  2625KB / 0.7s (3932KB/s) [p8A4StGq]
    2022-03-24 09:00 OK  3086KB / 0.9s (3258KB/s) [p8A4StGq]
    2022-03-24 14:00 OK  3126KB / 1.1s (2924KB/s) [p8A4StGq]
    2022-03-24 15:00 OK  3112KB / 1.3s (2364KB/s) [p8A4StGq]
    2022-03-24 17:00 OK  3016KB / 0.8s (3622KB/s) [p8A4StGq]
    2022-03-24 18:00 OK  1475KB / 0.6s (2404KB/s) [p8A4StGq]
    2022-03-24 19:00 OK  97KB / 0.4s (267KB/s) [p8A4StGq]
    2022-03-24 20:00 OK  97KB / 0.4s (247KB/s) [p8A4StGq]
    2022-03-25 06:00 OK  97KB / 0.6s (169KB/s) [p8A4StGq]
  [ 720/7865] 경과 461s | 속도 93.8 hr/min | 사용 0.77GB
    2022-03-25 07:00 OK  641KB / 0.4s (1708KB/s) [p8A4StGq]
    2022-03-25 18:00 OK  1514KB / 0.4s (3613KB/s) [p8A4StGq]
    2022-03-25 20:00 OK  97KB / 0.4s (271KB/s) [p8A4StGq]
    2022-03-25 19:00 OK  97KB / 0.6s (162KB/s) [p8A4StGq]
    2022-03-26 06:00 OK  97KB / 0.4s (272KB/s) [p8A4StGq]
    2022-03-05 06:00 OK  97KB / 125.4s (1KB/s) [p8A4StGq]
    2022-03-05 12:00 OK  3109KB / 125.9s (25KB/s) [p8A4StGq]
    2022-03-26 07:00 OK  718KB / 0.6s (1125KB/s) [p8A4StGq]
    2022-03-26 18:00 OK  1566KB / 0.6s (2693KB/s) [p8A4StGq]
    2022-03-27 06:00 OK  97KB / 0.3s (287KB/s) [p8A4StGq]
    2022-03-26 20:00 OK  97KB / 0.4s (259KB/s) [p8A4StGq]
    2022-03-26 19:00 OK  97KB / 0.7s (144KB/s) [p8A4StGq]
    2022-03-27 07:00 OK  754KB / 0.4s (1725KB/s) [p8A4StGq]
    2022-03-06 06:00 OK  97KB / 125.4s (1KB/s) [p8A4StGq]
    2022-03-27 18:00 OK  1542KB / 0.7s (2151KB/s) [p8A4StGq]
    2022-03-27 19:00 OK  97KB / 0.4s (234KB/s) [p8A4StGq]
    2022-03-27 20:00 OK  97KB / 0.4s (217KB/s) [p8A4StGq]
    2022-03-28 06:00 OK  97KB / 0.4s (237KB/s) [p8A4StGq]
    2022-03-28 20:00 OK  97KB / 0.3s (311KB/s) [p8A4StGq]
    2022-03-28 19:00 OK  97KB / 0.4s (272KB/s) [p8A4StGq]
    2022-03-28 07:00 OK  797KB / 0.8s (957KB/s) [p8A4StGq]
    2022-03-28 18:00 OK  1556KB / 1.2s (1338KB/s) [p8A4StGq]
  [ 740/7865] 경과 472s | 속도 94.1 hr/min | 사용 0.78GB
    2022-03-29 06:00 OK  97KB / 0.3s (357KB/s) [p8A4StGq]
    2022-03-29 07:00 OK  838KB / 0.4s (2167KB/s) [p8A4StGq]
    2022-03-29 18:00 OK  1604KB / 0.5s (2930KB/s) [p8A4StGq]
    2022-03-29 19:00 OK  97KB / 0.3s (342KB/s) [p8A4StGq]
    2022-03-29 20:00 OK  97KB / 0.2s (424KB/s) [p8A4StGq]
    2022-03-30 06:00 OK  97KB / 0.4s (262KB/s) [p8A4StGq]
    2022-03-30 07:00 OK  933KB / 0.5s (2005KB/s) [p8A4StGq]
    2022-03-30 18:00 OK  1685KB / 0.5s (3115KB/s) [p8A4StGq]
    2022-03-30 19:00 OK  97KB / 0.2s (456KB/s) [p8A4StGq]
    2022-03-30 20:00 OK  97KB / 0.2s (520KB/s) [p8A4StGq]
    2022-03-31 06:00 OK  97KB / 0.3s (369KB/s) [p8A4StGq]
    2022-03-31 07:00 OK  979KB / 0.5s (1821KB/s) [p8A4StGq]
    2022-03-31 19:00 OK  97KB / 0.2s (424KB/s) [p8A4StGq]
    2022-03-31 20:00 OK  97KB / 0.4s (252KB/s) [p8A4StGq]
    2022-04-01 06:00 OK  97KB / 0.3s (369KB/s) [p8A4StGq]
    2022-04-01 07:00 OK  999KB / 0.4s (2323KB/s) [p8A4StGq]
  [ 760/7865] 경과 481s | 속도 94.9 hr/min | 사용 0.79GB
    2022-04-01 19:00 OK  97KB / 0.3s (293KB/s) [p8A4StGq]
    2022-04-01 12:00 OK  3151KB / 0.7s (4286KB/s) [p8A4StGq]
    2022-04-01 20:00 OK  97KB / 0.2s (419KB/s) [p8A4StGq]
    2022-04-02 06:00 OK  97KB / 0.2s (455KB/s) [p8A4StGq]
    2022-04-02 19:00 OK  97KB / 0.3s (359KB/s) [p8A4StGq]
    2022-04-02 07:00 OK  1034KB / 0.5s (2240KB/s) [p8A4StGq]
    2022-04-02 17:00 OK  2985KB / 0.8s (3770KB/s) [p8A4StGq]
    2022-04-02 20:00 OK  97KB / 0.3s (282KB/s) [p8A4StGq]
    2022-04-03 06:00 OK  97KB / 0.2s (477KB/s) [p8A4StGq]
    2022-04-03 07:00 OK  1078KB / 0.4s (2472KB/s) [p8A4StGq]
    2022-04-03 19:00 OK  97KB / 0.3s (386KB/s) [p8A4StGq]
    2022-04-04 06:00 OK  97KB / 0.2s (453KB/s) [p8A4StGq]
    2022-04-04 20:00 OK  97KB / 0.3s (357KB/s) [p8A4StGq]
    2022-04-04 19:00 OK  97KB / 0.3s (363KB/s) [p8A4StGq]
    2022-04-03 20:00 OK  97KB / 0.7s (131KB/s) [p8A4StGq]
    2022-04-04 07:00 OK  1100KB / 0.6s (1706KB/s) [p8A4StGq]
    2022-04-05 06:00 OK  97KB / 0.3s (371KB/s) [p8A4StGq]
    2022-04-05 07:00 OK  1129KB / 0.5s (2071KB/s) [p8A4StGq]
    2022-04-05 19:00 OK  97KB / 0.3s (361KB/s) [p8A4StGq]
    2022-04-05 20:00 OK  97KB / 0.2s (400KB/s) [p8A4StGq]
    2022-04-06 06:00 OK  97KB / 0.2s (459KB/s) [p8A4StGq]
    2022-04-06 19:00 OK  97KB / 0.3s (366KB/s) [p8A4StGq]
  [ 780/7865] 경과 490s | 속도 95.4 hr/min | 사용 0.80GB
    2022-04-06 20:00 OK  97KB / 0.2s (412KB/s) [p8A4StGq]
    2022-04-07 06:00 OK  97KB / 0.3s (301KB/s) [p8A4StGq]
    2022-04-08 06:00 OK  97KB / 0.3s (320KB/s) [p8A4StGq]
    2022-04-07 19:00 OK  97KB / 0.4s (261KB/s) [p8A4StGq]
    2022-04-07 20:00 OK  97KB / 0.3s (339KB/s) [p8A4StGq]
    2022-04-08 19:00 OK  97KB / 0.2s (501KB/s) [p8A4StGq]
    2022-04-08 20:00 OK  97KB / 0.2s (413KB/s) [p8A4StGq]
    2022-04-09 06:00 OK  97KB / 0.3s (289KB/s) [p8A4StGq]
    2022-04-09 19:00 OK  97KB / 0.3s (345KB/s) [p8A4StGq]
    2022-04-09 20:00 OK  97KB / 0.4s (233KB/s) [p8A4StGq]
    2022-04-10 06:00 OK  97KB / 0.3s (387KB/s) [p8A4StGq]
    2022-04-10 19:00 OK  98KB / 0.5s (217KB/s) [p8A4StGq]
    2022-04-10 20:00 OK  97KB / 0.4s (234KB/s) [p8A4StGq]
    2022-04-11 06:00 OK  97KB / 0.5s (194KB/s) [p8A4StGq]
    2022-04-10 14:00 OK  3110KB / 1.0s (3243KB/s) [p8A4StGq]
    2022-04-11 19:00 OK  103KB / 0.4s (241KB/s) [p8A4StGq]
    2022-04-11 20:00 OK  97KB / 0.3s (279KB/s) [p8A4StGq]
    2022-04-12 06:00 OK  97KB / 0.2s (400KB/s) [p8A4StGq]
    2022-04-12 07:00 OK  1543KB / 0.5s (2958KB/s) [p8A4StGq]
    2022-04-12 19:00 OK  111KB / 0.2s (477KB/s) [p8A4StGq]
    2022-04-12 20:00 OK  97KB / 0.3s (374KB/s) [p8A4StGq]
  [ 800/7865] 경과 500s | 속도 95.9 hr/min | 사용 0.80GB
    2022-04-13 19:00 OK  120KB / 0.3s (351KB/s) [p8A4StGq]
    2022-04-13 06:00 OK  97KB / 0.3s (317KB/s) [p8A4StGq]
    2022-04-13 20:00 OK  97KB / 0.3s (380KB/s) [p8A4StGq]
    2022-04-14 06:00 OK  97KB / 0.4s (257KB/s) [p8A4StGq]
    2022-04-14 07:00 OK  1660KB / 0.6s (2642KB/s) [p8A4StGq]
    2022-04-14 19:00 OK  134KB / 0.5s (264KB/s) [p8A4StGq]
    2022-04-14 20:00 OK  97KB / 0.4s (253KB/s) [p8A4StGq]
    2022-04-15 06:00 OK  97KB / 0.3s (278KB/s) [p8A4StGq]
    2022-04-15 19:00 OK  146KB / 0.3s (452KB/s) [p8A4StGq]
    2022-04-15 20:00 OK  97KB / 0.4s (263KB/s) [p8A4StGq]
    2022-04-16 06:00 OK  97KB / 0.3s (326KB/s) [p8A4StGq]
    2022-04-16 19:00 OK  162KB / 0.4s (412KB/s) [p8A4StGq]
    2022-04-16 20:00 OK  97KB / 0.5s (212KB/s) [p8A4StGq]
    2022-04-17 06:00 OK  97KB / 0.4s (234KB/s) [p8A4StGq]
    2022-04-17 20:00 OK  97KB / 0.4s (276KB/s) [p8A4StGq]
    2022-04-17 19:00 OK  177KB / 0.3s (534KB/s) [p8A4StGq]
    2022-04-18 06:00 OK  97KB / 0.5s (177KB/s) [p8A4StGq]
    2022-04-18 19:00 OK  195KB / 0.3s (568KB/s) [p8A4StGq]
    2022-04-18 20:00 OK  97KB / 0.4s (275KB/s) [p8A4StGq]
  [ 820/7865] 경과 510s | 속도 96.6 hr/min | 사용 0.81GB
    2022-04-19 06:00 OK  98KB / 0.4s (245KB/s) [p8A4StGq]
    2022-04-19 19:00 OK  215KB / 0.4s (483KB/s) [p8A4StGq]
    2022-04-20 06:00 OK  102KB / 0.3s (305KB/s) [p8A4StGq]
    2022-04-20 19:00 OK  236KB / 0.3s (790KB/s) [p8A4StGq]
    2022-04-20 20:00 OK  97KB / 0.3s (279KB/s) [p8A4StGq]
    2022-04-19 20:00 OK  97KB / 0.5s (179KB/s) [p8A4StGq]
    2022-04-21 06:00 OK  110KB / 0.3s (351KB/s) [p8A4StGq]
    2022-04-21 19:00 OK  259KB / 0.3s (779KB/s) [p8A4StGq]
    2022-04-21 20:00 OK  97KB / 0.3s (317KB/s) [p8A4StGq]
    2022-04-22 06:00 OK  123KB / 0.3s (367KB/s) [p8A4StGq]
    2022-04-22 19:00 OK  279KB / 0.4s (727KB/s) [p8A4StGq]
    2022-04-22 20:00 OK  97KB / 0.2s (472KB/s) [p8A4StGq]
    2022-04-23 06:00 OK  134KB / 0.3s (460KB/s) [p8A4StGq]
    2022-04-23 19:00 OK  302KB / 0.4s (741KB/s) [p8A4StGq]
    2022-04-23 20:00 OK  97KB / 0.4s (260KB/s) [p8A4StGq]
    2022-04-24 06:00 OK  152KB / 0.4s (339KB/s) [p8A4StGq]
    2022-04-24 19:00 OK  323KB / 0.5s (679KB/s) [p8A4StGq]
    2022-04-24 20:00 OK  97KB / 0.4s (221KB/s) [p8A4StGq]
    2022-04-25 06:00 OK  169KB / 0.3s (544KB/s) [p8A4StGq]
  [ 840/7865] 경과 520s | 속도 97.0 hr/min | 사용 0.81GB
    2022-04-25 19:00 OK  351KB / 0.5s (720KB/s) [p8A4StGq]
    2022-04-25 20:00 OK  97KB / 0.3s (372KB/s) [p8A4StGq]
    2022-04-26 06:00 OK  191KB / 0.3s (583KB/s) [p8A4StGq]
    2022-04-26 13:00 OK  3366KB / 1.4s (2443KB/s) [p8A4StGq]
    2022-04-26 12:00 OK  3364KB / 1.8s (1830KB/s) [p8A4StGq]
    2022-04-26 14:00 OK  3361KB / 2.0s (1704KB/s) [p8A4StGq]
    2022-04-26 15:00 OK  3344KB / 1.6s (2047KB/s) [p8A4StGq]
    2022-04-26 16:00 OK  3306KB / 1.0s (3297KB/s) [p8A4StGq]
    2022-04-26 17:00 OK  3230KB / 0.9s (3796KB/s) [p8A4StGq]
    2022-04-26 19:00 OK  375KB / 0.5s (760KB/s) [p8A4StGq]
    2022-04-26 18:00 OK  2481KB / 0.8s (3105KB/s) [p8A4StGq]
    2022-04-26 20:00 OK  97KB / 0.3s (305KB/s) [p8A4StGq]
    2022-04-27 06:00 OK  208KB / 0.4s (548KB/s) [p8A4StGq]
    2022-04-27 07:00 OK  2151KB / 0.8s (2747KB/s) [p8A4StGq]
    2022-04-27 08:00 OK  3086KB / 1.1s (2831KB/s) [p8A4StGq]
    2022-04-27 09:00 OK  3155KB / 1.2s (2706KB/s) [p8A4StGq]
    2022-04-27 11:00 OK  3214KB / 1.1s (2987KB/s) [p8A4StGq]
    2022-04-27 10:00 OK  3198KB / 1.5s (2132KB/s) [p8A4StGq]
    2022-04-27 12:00 OK  3215KB / 1.7s (1870KB/s) [p8A4StGq]
    2022-04-27 14:00 OK  3234KB / 1.4s (2375KB/s) [p8A4StGq]
    2022-04-27 15:00 OK  3236KB / 1.1s (2980KB/s) [p8A4StGq]
    2022-04-27 13:00 OK  3221KB / 2.3s (1383KB/s) [p8A4StGq]
    2022-04-27 16:00 OK  3213KB / 0.9s (3537KB/s) [p8A4StGq]
    2022-04-27 17:00 OK  3164KB / 1.1s (2812KB/s) [p8A4StGq]
    2022-04-27 19:00 OK  401KB / 0.6s (625KB/s) [p8A4StGq]
  [ 860/7865] 경과 532s | 속도 97.1 hr/min | 사용 0.87GB
    2022-04-27 20:00 OK  97KB / 0.4s (218KB/s) [p8A4StGq]
    2022-04-28 06:00 OK  231KB / 0.3s (671KB/s) [p8A4StGq]
    2022-04-28 07:00 OK  2195KB / 0.6s (3569KB/s) [p8A4StGq]
    2022-04-28 08:00 OK  3101KB / 1.2s (2606KB/s) [p8A4StGq]
    2022-04-28 09:00 OK  3169KB / 1.1s (2757KB/s) [p8A4StGq]
    2022-04-28 10:00 OK  3218KB / 0.8s (4231KB/s) [p8A4StGq]
    2022-04-28 19:00 OK  425KB / 0.4s (965KB/s) [p8A4StGq]
    2022-04-28 20:00 OK  97KB / 0.4s (268KB/s) [p8A4StGq]
    2022-04-29 19:00 OK  457KB / 0.4s (1189KB/s) [p8A4StGq]
    2022-04-29 06:00 OK  258KB / 0.4s (737KB/s) [p8A4StGq]
    2022-04-29 20:00 OK  97KB / 0.5s (213KB/s) [p8A4StGq]
    2022-04-30 06:00 OK  277KB / 0.3s (870KB/s) [p8A4StGq]
    2022-04-30 19:00 OK  483KB / 0.3s (1434KB/s) [p8A4StGq]
    2022-04-30 20:00 OK  97KB / 0.4s (266KB/s) [p8A4StGq]
    2022-05-01 06:00 OK  317KB / 0.3s (929KB/s) [p8A4StGq]
    2022-05-01 19:00 OK  516KB / 0.4s (1298KB/s) [p8A4StGq]
  [ 880/7865] 경과 541s | 속도 97.6 hr/min | 사용 0.88GB
    2022-05-01 20:00 OK  97KB / 0.3s (350KB/s) [p8A4StGq]
    2022-05-02 06:00 OK  342KB / 0.4s (934KB/s) [p8A4StGq]
    2022-05-02 19:00 OK  534KB / 0.4s (1429KB/s) [p8A4StGq]
    2022-05-02 20:00 OK  97KB / 0.3s (296KB/s) [p8A4StGq]
    2022-05-03 06:00 OK  364KB / 0.3s (1112KB/s) [p8A4StGq]
    2022-05-03 13:00 OK  3048KB / 0.7s (4671KB/s) [p8A4StGq]
    2022-05-03 19:00 OK  560KB / 0.5s (1096KB/s) [p8A4StGq]
    2022-05-03 20:00 OK  97KB / 0.3s (320KB/s) [p8A4StGq]
    2022-05-04 06:00 OK  387KB / 0.4s (1050KB/s) [p8A4StGq]
    2022-05-04 20:00 OK  97KB / 0.3s (310KB/s) [p8A4StGq]
    2022-05-04 19:00 OK  598KB / 0.5s (1198KB/s) [p8A4StGq]
    2022-05-05 06:00 OK  405KB / 0.6s (666KB/s) [p8A4StGq]
    2022-05-05 19:00 OK  635KB / 0.5s (1314KB/s) [p8A4StGq]
    2022-05-05 20:00 OK  97KB / 0.3s (298KB/s) [p8A4StGq]
    2022-05-06 06:00 OK  437KB / 0.5s (938KB/s) [p8A4StGq]
    2022-05-06 19:00 OK  648KB / 0.4s (1560KB/s) [p8A4StGq]
    2022-05-06 20:00 OK  97KB / 0.4s (261KB/s) [p8A4StGq]
    2022-05-07 06:00 OK  495KB / 0.5s (1019KB/s) [p8A4StGq]
    2022-05-07 19:00 OK  676KB / 0.5s (1461KB/s) [p8A4StGq]
    2022-05-07 20:00 OK  97KB / 0.3s (277KB/s) [p8A4StGq]
    2022-05-08 06:00 OK  494KB / 0.4s (1136KB/s) [p8A4StGq]
  [ 900/7865] 경과 551s | 속도 98.0 hr/min | 사용 0.89GB
    2022-05-08 19:00 OK  706KB / 0.4s (1795KB/s) [p8A4StGq]
    2022-05-09 19:00 OK  737KB / 0.4s (1849KB/s) [p8A4StGq]
    2022-05-09 06:00 OK  526KB / 0.5s (1060KB/s) [p8A4StGq]
    2022-05-08 20:00 OK  97KB / 0.4s (229KB/s) [p8A4StGq]
    2022-05-09 20:00 OK  97KB / 0.3s (283KB/s) [p8A4StGq]
    2022-05-10 06:00 OK  544KB / 0.4s (1458KB/s) [p8A4StGq]
    2022-05-10 08:00 OK  3164KB / 0.7s (4810KB/s) [p8A4StGq]
    2022-05-11 09:00 FAIL (0.2s) [p8A4StGq]
    2022-05-11 10:00 FAIL (0.2s) [p8A4StGq]
    2022-05-11 11:00 FAIL (0.3s) [p8A4StGq]
    2022-05-10 09:00 OK  3240KB / 1.0s (3108KB/s) [p8A4StGq]
    2022-05-10 20:00 OK  97KB / 0.4s (215KB/s) [p8A4StGq]
    2022-05-11 06:00 OK  619KB / 0.5s (1127KB/s) [p8A4StGq]
    2022-05-10 19:00 OK  768KB / 0.9s (871KB/s) [p8A4StGq]
    2022-05-11 19:00 OK  813KB / 0.4s (1988KB/s) [p8A4StGq]
    2022-05-11 20:00 OK  97KB / 0.4s (267KB/s) [p8A4StGq]
    2022-05-12 06:00 OK  648KB / 0.4s (1488KB/s) [p8A4StGq]
    2022-05-12 20:00 OK  97KB / 0.3s (281KB/s) [p8A4StGq]
  [ 920/7865] 경과 559s | 속도 98.7 hr/min | 사용 0.90GB
    2022-05-12 19:00 OK  838KB / 0.5s (1849KB/s) [p8A4StGq]
    2022-05-13 19:00 OK  862KB / 0.5s (1591KB/s) [p8A4StGq]
    2022-05-13 20:00 OK  97KB / 0.4s (243KB/s) [p8A4StGq]
    2022-05-13 06:00 OK  681KB / 0.6s (1194KB/s) [p8A4StGq]
    2022-05-14 06:00 OK  701KB / 0.3s (2090KB/s) [p8A4StGq]
    2022-05-14 19:00 OK  896KB / 0.4s (2024KB/s) [p8A4StGq]
    2022-05-14 20:00 OK  97KB / 0.4s (243KB/s) [p8A4StGq]
    2022-05-15 06:00 OK  730KB / 0.5s (1602KB/s) [p8A4StGq]
    2022-05-15 19:00 OK  925KB / 0.4s (2249KB/s) [p8A4StGq]
    2022-05-15 20:00 OK  97KB / 0.4s (237KB/s) [p8A4StGq]
    2022-05-16 06:00 OK  728KB / 0.4s (1784KB/s) [p8A4StGq]
    2022-05-16 20:00 OK  97KB / 0.4s (239KB/s) [p8A4StGq]
    2022-05-16 19:00 OK  929KB / 0.5s (1967KB/s) [p8A4StGq]
    2022-05-17 06:00 OK  776KB / 0.6s (1229KB/s) [p8A4StGq]
    2022-05-17 19:00 OK  966KB / 0.6s (1553KB/s) [p8A4StGq]
    2022-05-17 20:00 OK  97KB / 0.3s (323KB/s) [p8A4StGq]
    2022-05-18 06:00 OK  778KB / 0.5s (1643KB/s) [p8A4StGq]
    2022-05-18 19:00 OK  993KB / 0.5s (2073KB/s) [p8A4StGq]
    2022-05-18 20:00 OK  97KB / 0.4s (254KB/s) [p8A4StGq]
  [ 940/7865] 경과 570s | 속도 98.9 hr/min | 사용 0.92GB
    2022-05-19 19:00 OK  1014KB / 0.5s (2184KB/s) [p8A4StGq]
    2022-05-19 20:00 OK  97KB / 0.3s (325KB/s) [p8A4StGq]
    2022-05-19 06:00 OK  803KB / 0.7s (1142KB/s) [p8A4StGq]
    2022-05-20 19:00 OK  1030KB / 0.5s (1941KB/s) [p8A4StGq]
    2022-05-20 20:00 OK  97KB / 0.7s (148KB/s) [p8A4StGq]
    2022-05-20 06:00 OK  855KB / 0.6s (1485KB/s) [p8A4StGq]
    2022-05-21 06:00 OK  849KB / 0.5s (1815KB/s) [p8A4StGq]
    2022-05-21 19:00 OK  1070KB / 0.4s (2507KB/s) [p8A4StGq]
    2022-05-21 20:00 OK  97KB / 0.6s (154KB/s) [p8A4StGq]
    2022-05-22 06:00 OK  893KB / 0.6s (1384KB/s) [p8A4StGq]
    2022-05-22 19:00 OK  1100KB / 0.5s (2385KB/s) [p8A4StGq]
    2022-05-22 20:00 OK  97KB / 0.4s (245KB/s) [p8A4StGq]
    2022-05-23 06:00 OK  880KB / 0.4s (2469KB/s) [p8A4StGq]
    2022-05-23 20:00 OK  97KB / 0.4s (264KB/s) [p8A4StGq]
    2022-05-24 06:00 OK  912KB / 0.5s (1842KB/s) [p8A4StGq]
    2022-05-23 19:00 OK  1118KB / 0.5s (2070KB/s) [p8A4StGq]
    2022-05-24 19:00 OK  1137KB / 0.5s (2121KB/s) [p8A4StGq]
    2022-05-24 20:00 OK  97KB / 0.3s (294KB/s) [p8A4StGq]
    2022-05-25 06:00 OK  921KB / 0.5s (1881KB/s) [p8A4StGq]
    2022-05-25 20:00 OK  97KB / 0.3s (341KB/s) [p8A4StGq]
    2022-05-25 19:00 OK  1170KB / 0.7s (1704KB/s) [p8A4StGq]
    2022-05-26 06:00 OK  974KB / 0.5s (2086KB/s) [p8A4StGq]
    2022-05-26 20:00 OK  97KB / 0.5s (179KB/s) [p8A4StGq]
    2022-05-27 19:00 OK  1219KB / 0.5s (2645KB/s) [p8A4StGq]
    2022-05-26 19:00 OK  1176KB / 0.6s (2004KB/s) [p8A4StGq]
    2022-05-27 06:00 OK  998KB / 0.6s (1572KB/s) [p8A4StGq]
    2022-05-27 20:00 OK  97KB / 0.3s (278KB/s) [p8A4StGq]
  [ 960/7865] 경과 584s | 속도 98.6 hr/min | 사용 0.93GB
    2022-05-28 20:00 OK  97KB / 0.3s (282KB/s) [p8A4StGq]
    2022-05-28 06:00 OK  962KB / 0.9s (1028KB/s) [p8A4StGq]
    2022-05-28 19:00 OK  1233KB / 0.8s (1610KB/s) [p8A4StGq]
    2022-05-29 06:00 OK  963KB / 0.5s (1909KB/s) [p8A4StGq]
    2022-05-30 19:00 OK  1253KB / 0.4s (2837KB/s) [p8A4StGq]
    2022-05-29 20:00 OK  97KB / 0.6s (175KB/s) [p8A4StGq]
    2022-05-29 19:00 OK  1250KB / 0.9s (1469KB/s) [p8A4StGq]
    2022-05-30 06:00 OK  1005KB / 0.8s (1257KB/s) [p8A4StGq]
    2022-05-30 20:00 OK  97KB / 0.3s (347KB/s) [p8A4StGq]
    2022-05-31 06:00 OK  1050KB / 0.5s (1977KB/s) [p8A4StGq]
    2022-05-31 20:00 OK  97KB / 0.3s (321KB/s) [p8A4StGq]
    2022-05-31 19:00 OK  1315KB / 0.6s (2041KB/s) [p8A4StGq]
    2022-06-01 20:00 OK  97KB / 0.4s (225KB/s) [p8A4StGq]
    2022-06-01 19:00 OK  1287KB / 0.8s (1522KB/s) [p8A4StGq]
    2022-06-02 06:00 OK  1039KB / 0.7s (1458KB/s) [p8A4StGq]
    2022-06-01 06:00 OK  1054KB / 0.7s (1467KB/s) [p8A4StGq]
    2022-06-02 19:00 OK  1333KB / 0.6s (2337KB/s) [p8A4StGq]
  [ 980/7865] 경과 597s | 속도 98.5 hr/min | 사용 0.94GB
    2022-06-02 20:00 OK  97KB / 0.3s (329KB/s) [p8A4StGq]
    2022-06-03 06:00 OK  1049KB / 0.6s (1862KB/s) [p8A4StGq]
    2022-06-03 20:00 OK  97KB / 0.4s (261KB/s) [p8A4StGq]
    2022-06-04 06:00 OK  1057KB / 0.6s (1916KB/s) [p8A4StGq]
    2022-06-03 19:00 OK  1357KB / 0.5s (2656KB/s) [p8A4StGq]
    2022-06-04 20:00 OK  97KB / 0.4s (257KB/s) [p8A4StGq]
    2022-06-05 06:00 OK  1076KB / 0.7s (1487KB/s) [p8A4StGq]
    2022-06-04 19:00 OK  1373KB / 0.7s (1886KB/s) [p8A4StGq]
    2022-06-05 19:00 OK  1397KB / 0.6s (2294KB/s) [p8A4StGq]
    2022-06-05 20:00 OK  97KB / 0.3s (321KB/s) [p8A4StGq]
    2022-06-06 06:00 OK  1084KB / 0.5s (2245KB/s) [p8A4StGq]
    2022-06-06 20:00 OK  97KB / 0.4s (240KB/s) [p8A4StGq]
    2022-06-07 20:00 OK  97KB / 0.4s (241KB/s) [p8A4StGq]
    2022-06-06 07:00 OK  3097KB / 1.1s (2703KB/s) [p8A4StGq]
    2022-06-07 19:00 OK  1433KB / 0.9s (1520KB/s) [p8A4StGq]
    2022-06-07 06:00 OK  1102KB / 0.9s (1222KB/s) [p8A4StGq]
    2022-06-06 19:00 OK  1421KB / 1.0s (1414KB/s) [p8A4StGq]
    2022-06-08 06:00 OK  1108KB / 0.5s (2062KB/s) [p8A4StGq]
    2022-06-08 19:00 OK  1474KB / 0.6s (2631KB/s) [p8A4StGq]
    2022-06-08 20:00 OK  97KB / 0.3s (305KB/s) [p8A4StGq]
  [1000/7865] 경과 609s | 속도 98.5 hr/min | 사용 0.96GB
    2022-06-09 06:00 OK  1099KB / 0.4s (2544KB/s) [p8A4StGq]
    2022-06-09 20:00 OK  98KB / 0.4s (229KB/s) [p8A4StGq]
    2022-06-09 10:00 OK  3290KB / 1.1s (2940KB/s) [p8A4StGq]
    2022-06-10 06:00 OK  1106KB / 1.0s (1102KB/s) [p8A4StGq]
    2022-06-09 18:00 OK  3155KB / 1.6s (1924KB/s) [p8A4StGq]
    2022-06-09 19:00 OK  1474KB / 1.2s (1217KB/s) [p8A4StGq]
    2022-06-09 11:00 OK  3303KB / 1.7s (1940KB/s) [p8A4StGq]
    2022-06-10 09:00 OK  3293KB / 1.0s (3369KB/s) [p8A4StGq]
    2022-06-10 10:00 OK  3329KB / 0.9s (3800KB/s) [p8A4StGq]
    2022-06-10 19:00 OK  1505KB / 0.6s (2586KB/s) [p8A4StGq]
    2022-06-10 20:00 OK  98KB / 0.3s (285KB/s) [p8A4StGq]
    2022-06-12 17:00 FAIL (0.4s) [p8A4StGq]
    2022-06-11 19:00 OK  1475KB / 0.7s (2165KB/s) [p8A4StGq]
    2022-06-11 06:00 OK  1115KB / 0.8s (1416KB/s) [p8A4StGq]
    2022-06-11 20:00 OK  99KB / 0.8s (131KB/s) [p8A4StGq]
    2022-06-12 06:00 OK  1112KB / 0.9s (1229KB/s) [p8A4StGq]
    2022-06-12 20:00 OK  100KB / 0.4s (255KB/s) [p8A4StGq]
    2022-06-12 15:00 OK  3361KB / 3.3s (1012KB/s) [p8A4StGq]
  [1020/7865] 경과 621s | 속도 98.6 hr/min | 사용 0.99GB
    2022-06-12 16:00 OK  3332KB / 4.1s (819KB/s) [p8A4StGq]
    2022-06-12 19:00 OK  1525KB / 3.0s (503KB/s) [p8A4StGq]
    2022-06-13 06:00 OK  1099KB / 0.6s (1699KB/s) [p8A4StGq]
    2022-06-13 07:00 OK  3104KB / 1.1s (2703KB/s) [p8A4StGq]
    2022-06-13 08:00 OK  3262KB / 1.2s (2637KB/s) [p8A4StGq]
    2022-06-13 09:00 OK  3321KB / 1.4s (2416KB/s) [p8A4StGq]
    2022-06-13 10:00 OK  3353KB / 1.0s (3368KB/s) [p8A4StGq]
    2022-06-13 17:00 OK  3317KB / 1.0s (3249KB/s) [p8A4StGq]
    2022-06-13 18:00 OK  3215KB / 0.7s (4581KB/s) [p8A4StGq]
    2022-06-13 19:00 OK  1556KB / 0.8s (2007KB/s) [p8A4StGq]
    2022-06-13 20:00 OK  101KB / 0.5s (187KB/s) [p8A4StGq]
    2022-06-14 06:00 OK  1111KB / 0.7s (1518KB/s) [p8A4StGq]
    2022-06-14 07:00 OK  3121KB / 0.9s (3440KB/s) [p8A4StGq]
    2022-06-14 10:00 OK  3382KB / 1.1s (3084KB/s) [p8A4StGq]
    2022-06-14 11:00 OK  3413KB / 1.1s (3184KB/s) [p8A4StGq]
    2022-06-14 13:00 OK  3418KB / 1.3s (2621KB/s) [p8A4StGq]
    2022-06-14 16:00 OK  3368KB / 1.3s (2694KB/s) [p8A4StGq]
    2022-06-14 19:00 OK  1552KB / 0.6s (2793KB/s) [p8A4StGq]
    2022-06-14 20:00 OK  102KB / 0.8s (127KB/s) [p8A4StGq]
    2022-06-15 06:00 OK  1097KB / 0.9s (1227KB/s) [p8A4StGq]
    2022-06-15 12:00 OK  3383KB / 0.7s (4914KB/s) [p8A4StGq]
    2022-06-15 13:00 OK  3384KB / 0.6s (5316KB/s) [p8A4StGq]
  [1040/7865] 경과 633s | 속도 98.6 hr/min | 사용 1.05GB
    2022-06-15 14:00 OK  3382KB / 0.7s (4861KB/s) [p8A4StGq]
    2022-06-15 20:00 OK  104KB / 0.3s (340KB/s) [p8A4StGq]
    2022-06-15 16:00 OK  3331KB / 1.0s (3370KB/s) [p8A4StGq]
    2022-06-15 19:00 OK  1541KB / 0.7s (2142KB/s) [p8A4StGq]
    2022-06-16 19:00 OK  1555KB / 0.8s (2061KB/s) [p8A4StGq]
    2022-06-16 06:00 OK  1114KB / 0.7s (1596KB/s) [p8A4StGq]
    2022-06-16 20:00 OK  105KB / 0.4s (278KB/s) [p8A4StGq]
    2022-06-17 06:00 OK  1090KB / 0.5s (2191KB/s) [p8A4StGq]
    2022-06-17 13:00 OK  3318KB / 0.6s (5418KB/s) [p8A4StGq]
    2022-06-17 19:00 OK  1571KB / 0.6s (2636KB/s) [p8A4StGq]
    2022-06-17 20:00 OK  106KB / 0.5s (211KB/s) [p8A4StGq]
    2022-06-19 06:00 OK  1084KB / 0.4s (2528KB/s) [p8A4StGq]
    2022-06-18 20:00 OK  107KB / 0.5s (216KB/s) [p8A4StGq]
    2022-06-18 06:00 OK  1081KB / 0.8s (1396KB/s) [p8A4StGq]
    2022-06-18 19:00 OK  1569KB / 0.9s (1772KB/s) [p8A4StGq]
    2022-06-19 19:00 OK  1578KB / 1.4s (1121KB/s) [p8A4StGq]
    2022-06-19 20:00 OK  108KB / 0.6s (181KB/s) [p8A4StGq]
    2022-06-20 06:00 OK  1061KB / 0.5s (2040KB/s) [p8A4StGq]
    2022-06-20 09:00 OK  3220KB / 1.1s (2870KB/s) [p8A4StGq]
  [1060/7865] 경과 645s | 속도 98.6 hr/min | 사용 1.07GB
    2022-06-20 11:00 OK  3292KB / 0.8s (4032KB/s) [p8A4StGq]
    2022-06-21 06:00 OK  1067KB / 0.5s (1984KB/s) [p8A4StGq]
    2022-06-20 20:00 OK  109KB / 0.8s (129KB/s) [p8A4StGq]
    2022-06-20 17:00 OK  3196KB / 1.3s (2458KB/s) [p8A4StGq]
    2022-06-20 19:00 OK  1583KB / 1.3s (1176KB/s) [p8A4StGq]
    2022-06-21 07:00 OK  3055KB / 0.8s (3775KB/s) [p8A4StGq]
    2022-06-20 18:00 OK  3117KB / 2.3s (1368KB/s) [p8A4StGq]
    2022-06-20 13:00 OK  3302KB / 2.3s (1417KB/s) [p8A4StGq]
    2022-06-21 08:00 OK  3223KB / 0.9s (3413KB/s) [p8A4StGq]
    2022-06-21 09:00 OK  3295KB / 0.6s (5208KB/s) [p8A4StGq]
    2022-06-21 10:00 OK  3339KB / 0.6s (5462KB/s) [p8A4StGq]
    2022-06-21 11:00 OK  3364KB / 0.7s (4657KB/s) [p8A4StGq]
    2022-06-21 12:00 OK  3368KB / 1.1s (3017KB/s) [p8A4StGq]
    2022-06-21 14:00 OK  3352KB / 1.8s (1903KB/s) [p8A4StGq]
    2022-06-21 17:00 OK  3241KB / 1.0s (3400KB/s) [p8A4StGq]
    2022-06-21 13:00 OK  3365KB / 2.2s (1507KB/s) [p8A4StGq]
    2022-06-21 16:00 OK  3291KB / 2.1s (1574KB/s) [p8A4StGq]
    2022-06-21 15:00 OK  3324KB / 2.1s (1611KB/s) [p8A4StGq]
    2022-06-21 18:00 OK  3150KB / 0.8s (3776KB/s) [p8A4StGq]
    2022-06-21 19:00 OK  1617KB / 0.7s (2483KB/s) [p8A4StGq]
    2022-06-21 20:00 OK  110KB / 0.7s (160KB/s) [p8A4StGq]
    2022-06-22 06:00 OK  1058KB / 0.5s (2319KB/s) [p8A4StGq]
  [1080/7865] 경과 658s | 속도 98.4 hr/min | 사용 1.12GB
    2022-06-22 07:00 OK  3063KB / 0.6s (4861KB/s) [p8A4StGq]
    2022-06-22 09:00 OK  3299KB / 0.9s (3843KB/s) [p8A4StGq]
    2022-06-22 13:00 OK  3343KB / 1.6s (2079KB/s) [p8A4StGq]
    2022-06-22 14:00 OK  3333KB / 1.6s (2026KB/s) [p8A4StGq]
    2022-06-22 16:00 OK  3278KB / 1.6s (2009KB/s) [p8A4StGq]
    2022-06-22 18:00 OK  3160KB / 1.0s (3112KB/s) [p8A4StGq]
    2022-06-22 10:00 OK  3329KB / 2.6s (1295KB/s) [p8A4StGq]
    2022-06-22 11:00 OK  3348KB / 2.6s (1307KB/s) [p8A4StGq]
    2022-06-22 20:00 OK  111KB / 0.4s (302KB/s) [p8A4StGq]
    2022-06-22 19:00 OK  1622KB / 0.5s (3205KB/s) [p8A4StGq]
    2022-06-23 06:00 OK  1051KB / 0.6s (1795KB/s) [p8A4StGq]
    2022-06-23 09:00 OK  3299KB / 0.9s (3740KB/s) [p8A4StGq]
    2022-06-23 20:00 OK  112KB / 0.6s (184KB/s) [p8A4StGq]
    2022-06-23 12:00 OK  3351KB / 1.1s (3116KB/s) [p8A4StGq]
    2022-06-23 15:00 OK  3321KB / 1.2s (2814KB/s) [p8A4StGq]
    2022-06-23 07:00 OK  3069KB / 1.7s (1856KB/s) [p8A4StGq]
    2022-06-23 17:00 OK  3249KB / 1.5s (2190KB/s) [p8A4StGq]
    2022-06-23 19:00 OK  1601KB / 1.3s (1241KB/s) [p8A4StGq]
    2022-06-24 06:00 OK  1038KB / 0.5s (2160KB/s) [p8A4StGq]
    2022-06-24 07:00 OK  3056KB / 0.8s (4050KB/s) [p8A4StGq]
  [1100/7865] 경과 671s | 속도 98.3 hr/min | 사용 1.17GB
    2022-06-24 10:00 OK  3315KB / 0.9s (3791KB/s) [p8A4StGq]
    2022-06-24 20:00 OK  112KB / 0.5s (220KB/s) [p8A4StGq]
    2022-06-25 06:00 OK  1019KB / 0.8s (1320KB/s) [p8A4StGq]
    2022-06-24 19:00 OK  1601KB / 0.9s (1830KB/s) [p8A4StGq]
    2022-06-24 08:00 OK  3236KB / 1.2s (2650KB/s) [p8A4StGq]
    2022-06-25 14:00 OK  3291KB / 0.9s (3542KB/s) [p8A4StGq]
    2022-06-25 20:00 OK  113KB / 0.7s (159KB/s) [p8A4StGq]
    2022-06-25 19:00 OK  1650KB / 1.2s (1359KB/s) [p8A4StGq]
    2022-06-26 19:00 OK  1635KB / 0.6s (2719KB/s) [p8A4StGq]
    2022-06-26 06:00 OK  1032KB / 0.8s (1332KB/s) [p8A4StGq]
    2022-06-26 20:00 OK  113KB / 0.3s (335KB/s) [p8A4StGq]
    2022-06-27 20:00 OK  112KB / 0.4s (293KB/s) [p8A4StGq]
    2022-06-28 19:00 OK  1654KB / 0.7s (2394KB/s) [p8A4StGq]
    2022-06-28 06:00 OK  988KB / 0.7s (1346KB/s) [p8A4StGq]
    2022-06-27 06:00 OK  1021KB / 0.6s (1573KB/s) [p8A4StGq]
    2022-06-27 19:00 OK  1645KB / 1.0s (1666KB/s) [p8A4StGq]
    2022-06-28 20:00 OK  114KB / 0.3s (340KB/s) [p8A4StGq]
    2022-06-29 06:00 OK  980KB / 0.4s (2183KB/s) [p8A4StGq]
  [1120/7865] 경과 683s | 속도 98.4 hr/min | 사용 1.19GB
    2022-06-29 19:00 OK  1669KB / 0.5s (3107KB/s) [p8A4StGq]
    2022-06-29 20:00 OK  114KB / 0.3s (360KB/s) [p8A4StGq]
    2022-06-30 20:00 OK  114KB / 0.4s (322KB/s) [p8A4StGq]
    2022-06-30 06:00 OK  956KB / 0.5s (1858KB/s) [p8A4StGq]
    2022-06-30 19:00 OK  1658KB / 0.7s (2311KB/s) [p8A4StGq]
    2022-07-01 06:00 OK  942KB / 0.4s (2129KB/s) [p8A4StGq]
    2022-06-30 11:00 OK  3286KB / 1.0s (3271KB/s) [p8A4StGq]
    2022-07-01 07:00 OK  2970KB / 0.7s (3973KB/s) [p8A4StGq]
    2022-07-01 10:00 OK  3246KB / 0.9s (3469KB/s) [p8A4StGq]
    2022-07-01 20:00 OK  113KB / 0.3s (418KB/s) [p8A4StGq]
    2022-07-01 13:00 OK  3235KB / 1.0s (3335KB/s) [p8A4StGq]
    2022-07-02 06:00 OK  918KB / 0.6s (1479KB/s) [p8A4StGq]
    2022-07-01 19:00 OK  1663KB / 0.9s (1846KB/s) [p8A4StGq]
    2022-07-02 20:00 OK  112KB / 0.3s (403KB/s) [p8A4StGq]
    2022-07-03 06:00 OK  946KB / 0.7s (1327KB/s) [p8A4StGq]
    2022-07-02 19:00 OK  1649KB / 0.8s (2091KB/s) [p8A4StGq]
    2022-07-03 19:00 OK  1672KB / 1.0s (1676KB/s) [p8A4StGq]
    2022-07-03 20:00 OK  111KB / 0.3s (365KB/s) [p8A4StGq]
  [1140/7865] 경과 694s | 속도 98.5 hr/min | 사용 1.22GB
    2022-07-04 20:00 OK  111KB / 0.3s (408KB/s) [p8A4StGq]
    2022-07-04 06:00 OK  904KB / 0.5s (1979KB/s) [p8A4StGq]
    2022-07-05 06:00 OK  906KB / 0.5s (1974KB/s) [p8A4StGq]
    2022-07-05 20:00 OK  109KB / 0.4s (260KB/s) [p8A4StGq]
    2022-07-04 19:00 OK  1667KB / 0.7s (2296KB/s) [p8A4StGq]
    2022-07-05 19:00 OK  1637KB / 0.8s (2064KB/s) [p8A4StGq]
    2022-07-06 06:00 OK  885KB / 0.4s (2089KB/s) [p8A4StGq]
    2022-07-06 19:00 OK  1635KB / 0.6s (2859KB/s) [p8A4StGq]
    2022-07-06 20:00 OK  109KB / 0.4s (309KB/s) [p8A4StGq]
    2022-07-07 06:00 OK  857KB / 0.4s (2444KB/s) [p8A4StGq]
    2022-07-07 20:00 OK  107KB / 0.3s (349KB/s) [p8A4StGq]
    2022-07-07 19:00 OK  1595KB / 0.5s (3234KB/s) [p8A4StGq]
    2022-07-08 20:00 OK  106KB / 0.3s (350KB/s) [p8A4StGq]
    2022-07-08 06:00 OK  845KB / 0.4s (2137KB/s) [p8A4StGq]
    2022-07-09 06:00 OK  822KB / 0.5s (1505KB/s) [p8A4StGq]
    2022-07-08 19:00 OK  1576KB / 1.6s (987KB/s) [p8A4StGq]
    2022-07-09 19:00 OK  1611KB / 0.7s (2207KB/s) [p8A4StGq]
    2022-07-09 20:00 OK  104KB / 0.4s (238KB/s) [p8A4StGq]
    2022-07-10 20:00 OK  104KB / 0.4s (283KB/s) [p8A4StGq]
    2022-07-10 19:00 OK  1595KB / 0.7s (2448KB/s) [p8A4StGq]
    2022-07-11 06:00 OK  787KB / 0.6s (1402KB/s) [p8A4StGq]
    2022-07-11 19:00 OK  1583KB / 0.6s (2472KB/s) [p8A4StGq]
  [1160/7865] 경과 707s | 속도 98.4 hr/min | 사용 1.24GB
    2022-07-10 06:00 OK  809KB / 1.6s (504KB/s) [p8A4StGq]
    2022-07-12 06:00 OK  771KB / 0.5s (1543KB/s) [p8A4StGq]
    2022-07-12 19:00 OK  1593KB / 1.0s (1613KB/s) [p8A4StGq]
    2022-07-11 20:00 OK  102KB / 0.8s (130KB/s) [p8A4StGq]
    2022-07-12 20:00 OK  101KB / 0.7s (151KB/s) [p8A4StGq]
    2022-07-13 06:00 OK  750KB / 0.5s (1534KB/s) [p8A4StGq]
    2022-07-13 20:00 OK  100KB / 0.4s (244KB/s) [p8A4StGq]
    2022-07-14 06:00 OK  707KB / 0.4s (1599KB/s) [p8A4StGq]
    2022-07-13 19:00 OK  1571KB / 0.9s (1692KB/s) [p8A4StGq]
    2022-07-14 20:00 OK  99KB / 0.4s (246KB/s) [p8A4StGq]
    2022-07-14 19:00 OK  1558KB / 0.6s (2461KB/s) [p8A4StGq]
    2022-07-15 06:00 OK  693KB / 0.6s (1125KB/s) [p8A4StGq]
    2022-07-15 19:00 OK  1548KB / 0.6s (2431KB/s) [p8A4StGq]
    2022-07-15 20:00 OK  98KB / 0.4s (237KB/s) [p8A4StGq]
    2022-07-16 06:00 OK  683KB / 0.4s (1619KB/s) [p8A4StGq]
    2022-07-16 19:00 OK  1549KB / 0.6s (2482KB/s) [p8A4StGq]
    2022-07-16 20:00 OK  97KB / 0.4s (263KB/s) [p8A4StGq]
    2022-07-17 06:00 OK  663KB / 0.5s (1364KB/s) [p8A4StGq]
    2022-07-17 20:00 OK  97KB / 0.5s (180KB/s) [p8A4StGq]
    2022-07-18 06:00 OK  642KB / 0.6s (1166KB/s) [p8A4StGq]
    2022-07-18 19:00 OK  1514KB / 0.6s (2576KB/s) [p8A4StGq]
    2022-07-17 19:00 OK  1513KB / 0.5s (2751KB/s) [p8A4StGq]
    2022-07-18 20:00 OK  97KB / 0.4s (270KB/s) [p8A4StGq]
  [1180/7865] 경과 720s | 속도 98.3 hr/min | 사용 1.25GB
    2022-07-19 06:00 OK  622KB / 0.4s (1483KB/s) [p8A4StGq]
    2022-07-19 19:00 OK  1500KB / 0.6s (2331KB/s) [p8A4StGq]
    2022-07-19 20:00 OK  97KB / 0.3s (373KB/s) [p8A4StGq]
    2022-07-20 20:00 OK  97KB / 0.3s (286KB/s) [p8A4StGq]
    2022-07-20 06:00 OK  607KB / 0.5s (1228KB/s) [p8A4StGq]
    2022-07-21 06:00 OK  573KB / 0.8s (745KB/s) [p8A4StGq]
    2022-07-21 19:00 OK  1434KB / 0.9s (1627KB/s) [p8A4StGq]
    2022-07-20 19:00 OK  1466KB / 1.0s (1511KB/s) [p8A4StGq]
    2022-07-21 20:00 OK  97KB / 0.3s (337KB/s) [p8A4StGq]
    2022-07-22 06:00 OK  559KB / 0.4s (1415KB/s) [p8A4StGq]
    2022-07-22 19:00 OK  1433KB / 0.7s (2131KB/s) [p8A4StGq]
    2022-07-22 20:00 OK  97KB / 0.2s (453KB/s) [p8A4StGq]
    2022-07-23 06:00 OK  538KB / 0.5s (1022KB/s) [p8A4StGq]
    2022-07-23 20:00 OK  97KB / 0.5s (190KB/s) [p8A4StGq]
    2022-07-23 19:00 OK  1419KB / 0.6s (2554KB/s) [p8A4StGq]
    2022-07-24 06:00 OK  513KB / 0.5s (1014KB/s) [p8A4StGq]
    2022-07-24 19:00 OK  1354KB / 0.7s (1831KB/s) [p8A4StGq]
    2022-07-24 20:00 OK  97KB / 0.4s (240KB/s) [p8A4StGq]
    2022-07-25 06:00 OK  493KB / 0.4s (1111KB/s) [p8A4StGq]
    2022-07-25 19:00 OK  1352KB / 0.5s (2657KB/s) [p8A4StGq]
    2022-07-25 20:00 OK  97KB / 0.3s (312KB/s) [p8A4StGq]
  [1200/7865] 경과 731s | 속도 98.5 hr/min | 사용 1.27GB
    2022-07-26 06:00 OK  472KB / 0.4s (1055KB/s) [p8A4StGq]
    2022-07-26 20:00 OK  97KB / 0.6s (168KB/s) [p8A4StGq]
    2022-07-27 20:00 OK  97KB / 0.3s (283KB/s) [p8A4StGq]
    2022-07-26 14:00 OK  3308KB / 1.1s (3033KB/s) [p8A4StGq]
    2022-07-27 06:00 OK  454KB / 0.6s (734KB/s) [p8A4StGq]
    2022-07-27 19:00 OK  1303KB / 0.8s (1563KB/s) [p8A4StGq]
    2022-07-26 19:00 OK  1340KB / 0.9s (1434KB/s) [p8A4StGq]
    2022-07-28 06:00 OK  433KB / 0.4s (1091KB/s) [p8A4StGq]
    2022-07-28 20:00 OK  97KB / 0.5s (195KB/s) [p8A4StGq]
    2022-07-29 06:00 OK  414KB / 0.5s (785KB/s) [p8A4StGq]
    2022-07-30 06:00 OK  384KB / 0.4s (995KB/s) [p8A4StGq]
    2022-07-29 20:00 OK  97KB / 0.6s (152KB/s) [p8A4StGq]
    2022-07-30 20:00 OK  97KB / 0.3s (277KB/s) [p8A4StGq]
    2022-07-30 19:00 OK  1247KB / 0.6s (2002KB/s) [p8A4StGq]
    2022-07-29 19:00 OK  1274KB / 0.9s (1460KB/s) [p8A4StGq]
    2022-07-31 06:00 OK  362KB / 0.6s (612KB/s) [p8A4StGq]
  [1220/7865] 경과 742s | 속도 98.6 hr/min | 사용 1.28GB
    2022-07-31 19:00 OK  1206KB / 0.7s (1826KB/s) [p8A4StGq]
    2022-07-31 20:00 OK  97KB / 0.5s (182KB/s) [p8A4StGq]
    2022-08-01 06:00 OK  344KB / 0.6s (535KB/s) [p8A4StGq]
    2022-08-01 19:00 OK  1165KB / 0.5s (2223KB/s) [p8A4StGq]
    2022-08-01 20:00 OK  97KB / 0.6s (157KB/s) [p8A4StGq]
    2022-08-01 12:00 OK  3357KB / 1.3s (2635KB/s) [p8A4StGq]
    2022-08-01 13:00 OK  3359KB / 1.1s (3103KB/s) [p8A4StGq]
    2022-08-02 06:00 OK  331KB / 0.3s (953KB/s) [p8A4StGq]
    2022-08-02 19:00 OK  1131KB / 0.7s (1736KB/s) [p8A4StGq]
    2022-08-02 20:00 OK  97KB / 0.4s (249KB/s) [p8A4StGq]
    2022-08-03 06:00 OK  317KB / 0.4s (802KB/s) [p8A4StGq]
    2022-08-04 06:00 OK  297KB / 0.4s (820KB/s) [p8A4StGq]
    2022-08-03 19:00 OK  1108KB / 0.5s (2028KB/s) [p8A4StGq]
    2022-08-03 20:00 OK  97KB / 0.4s (235KB/s) [p8A4StGq]
    2022-08-04 19:00 OK  1067KB / 0.5s (2214KB/s) [p8A4StGq]
    2022-08-04 20:00 OK  97KB / 0.4s (236KB/s) [p8A4StGq]
    2022-08-05 06:00 OK  276KB / 0.3s (828KB/s) [p8A4StGq]
    2022-08-05 20:00 OK  97KB / 0.3s (384KB/s) [p8A4StGq]
  [1240/7865] 경과 755s | 속도 98.5 hr/min | 사용 1.29GB
    2022-08-06 19:00 OK  1024KB / 0.4s (2318KB/s) [p8A4StGq]
    2022-08-05 19:00 OK  1042KB / 0.5s (2066KB/s) [p8A4StGq]
    2022-08-06 20:00 OK  97KB / 0.4s (255KB/s) [p8A4StGq]
    2022-08-07 06:00 OK  245KB / 0.4s (688KB/s) [p8A4StGq]
    2022-08-06 06:00 OK  258KB / 0.3s (837KB/s) [p8A4StGq]
    2022-08-07 19:00 OK  986KB / 0.5s (2056KB/s) [p8A4StGq]
    2022-08-07 20:00 OK  97KB / 0.3s (327KB/s) [p8A4StGq]
    2022-08-08 20:00 OK  97KB / 0.5s (198KB/s) [p8A4StGq]
    2022-08-09 06:00 OK  217KB / 0.5s (438KB/s) [p8A4StGq]
    2022-08-08 19:00 OK  942KB / 0.5s (2090KB/s) [p8A4StGq]
    2022-08-08 06:00 OK  227KB / 0.5s (430KB/s) [p8A4StGq]
    2022-08-09 19:00 OK  895KB / 0.6s (1576KB/s) [p8A4StGq]
    2022-08-09 20:00 OK  97KB / 0.4s (234KB/s) [p8A4StGq]
    2022-08-10 06:00 OK  193KB / 0.4s (533KB/s) [p8A4StGq]
    2022-08-10 20:00 OK  97KB / 0.4s (229KB/s) [p8A4StGq]
    2022-08-10 19:00 OK  866KB / 0.6s (1562KB/s) [p8A4StGq]
    2022-08-11 20:00 OK  97KB / 0.3s (312KB/s) [p8A4StGq]
    2022-08-12 06:00 OK  172KB / 0.4s (400KB/s) [p8A4StGq]
    2022-08-11 06:00 OK  188KB / 0.5s (344KB/s) [p8A4StGq]
    2022-08-12 19:00 OK  790KB / 0.5s (1721KB/s) [p8A4StGq]
    2022-08-11 19:00 OK  830KB / 0.6s (1361KB/s) [p8A4StGq]
  [1260/7865] 경과 768s | 속도 98.5 hr/min | 사용 1.30GB
    2022-08-14 06:00 FAIL (0.2s) [p8A4StGq]
    2022-08-12 20:00 OK  97KB / 0.5s (186KB/s) [p8A4StGq]
    2022-08-13 06:00 OK  161KB / 0.5s (297KB/s) [p8A4StGq]
    2022-08-13 19:00 OK  750KB / 0.4s (1915KB/s) [p8A4StGq]
    2022-08-14 20:00 OK  97KB / 0.4s (265KB/s) [p8A4StGq]
    2022-08-13 20:00 OK  97KB / 0.6s (171KB/s) [p8A4StGq]
    2022-08-14 19:00 OK  702KB / 0.6s (1108KB/s) [p8A4StGq]
    2022-08-15 06:00 OK  142KB / 0.3s (413KB/s) [p8A4StGq]
    2022-08-15 19:00 OK  668KB / 0.4s (1616KB/s) [p8A4StGq]
    2022-08-15 20:00 OK  97KB / 0.3s (286KB/s) [p8A4StGq]
    2022-08-16 06:00 OK  131KB / 0.3s (450KB/s) [p8A4StGq]
    2022-08-16 20:00 OK  97KB / 0.3s (314KB/s) [p8A4StGq]
    2022-08-17 06:00 OK  120KB / 0.3s (373KB/s) [p8A4StGq]
    2022-08-16 19:00 OK  609KB / 0.5s (1179KB/s) [p8A4StGq]
    2022-08-17 19:00 OK  572KB / 0.3s (1652KB/s) [p8A4StGq]
    2022-08-17 20:00 OK  97KB / 0.4s (250KB/s) [p8A4StGq]
    2022-08-18 06:00 OK  114KB / 0.4s (267KB/s) [p8A4StGq]
    2022-08-18 20:00 OK  97KB / 0.3s (301KB/s) [p8A4StGq]
    2022-08-18 19:00 OK  519KB / 0.5s (1121KB/s) [p8A4StGq]
    2022-08-19 06:00 OK  108KB / 0.3s (327KB/s) [p8A4StGq]
    2022-08-19 20:00 OK  97KB / 0.3s (289KB/s) [p8A4StGq]
    2022-08-19 19:00 OK  475KB / 0.4s (1100KB/s) [p8A4StGq]
    2022-08-20 06:00 OK  103KB / 0.4s (274KB/s) [p8A4StGq]
    2022-08-20 19:00 OK  427KB / 0.4s (1193KB/s) [p8A4StGq]
  [1280/7865] 경과 781s | 속도 98.3 hr/min | 사용 1.31GB
    2022-08-20 20:00 OK  97KB / 0.3s (361KB/s) [p8A4StGq]
    2022-08-22 15:00 FAIL (0.2s) [p8A4StGq]
    2022-08-21 06:00 OK  99KB / 0.4s (257KB/s) [p8A4StGq]
    2022-08-21 19:00 OK  391KB / 0.4s (961KB/s) [p8A4StGq]
    2022-08-22 06:00 OK  97KB / 0.3s (304KB/s) [p8A4StGq]
    2022-08-22 19:00 OK  350KB / 0.4s (821KB/s) [p8A4StGq]
    2022-08-21 20:00 OK  97KB / 0.4s (217KB/s) [p8A4StGq]
    2022-08-23 15:00 FAIL (0.2s) [p8A4StGq]
    2022-08-22 20:00 OK  97KB / 0.6s (171KB/s) [p8A4StGq]
    2022-08-23 06:00 OK  97KB / 0.3s (357KB/s) [p8A4StGq]
    2022-08-24 15:00 FAIL (0.5s) [p8A4StGq]
    2022-08-23 20:00 OK  97KB / 0.3s (277KB/s) [p8A4StGq]
    2022-08-23 19:00 OK  314KB / 0.5s (670KB/s) [p8A4StGq]
    2022-08-24 06:00 OK  97KB / 0.3s (277KB/s) [p8A4StGq]
    2022-08-24 19:00 OK  276KB / 0.5s (593KB/s) [p8A4StGq]
    2022-08-25 15:00 FAIL (0.3s) [p8A4StGq]
    2022-08-24 20:00 OK  97KB / 0.6s (157KB/s) [p8A4StGq]
    2022-08-25 06:00 OK  97KB / 0.4s (229KB/s) [p8A4StGq]
  [1300/7865] 경과 791s | 속도 98.6 hr/min | 사용 1.31GB
    2022-08-25 19:00 OK  241KB / 0.4s (593KB/s) [p8A4StGq]
    2022-08-25 20:00 OK  97KB / 0.3s (296KB/s) [p8A4StGq]
    2022-08-26 15:00 FAIL (0.3s) [p8A4StGq]
    2022-08-26 06:00 OK  97KB / 0.9s (111KB/s) [p8A4StGq]
    2022-08-26 19:00 OK  205KB / 0.3s (606KB/s) [p8A4StGq]
    2022-08-27 06:00 OK  97KB / 0.6s (162KB/s) [p8A4StGq]
    2022-08-26 20:00 OK  97KB / 0.4s (227KB/s) [p8A4StGq]
    2022-08-27 15:00 FAIL (0.3s) [p8A4StGq]
    2022-08-27 20:00 OK  97KB / 0.4s (249KB/s) [p8A4StGq]
    2022-08-27 19:00 OK  179KB / 0.5s (363KB/s) [p8A4StGq]
    2022-08-28 15:00 FAIL (0.3s) [p8A4StGq]
    2022-08-28 06:00 OK  97KB / 0.3s (300KB/s) [p8A4StGq]
    2022-08-29 15:00 FAIL (0.2s) [p8A4StGq]
    2022-08-28 19:00 OK  153KB / 0.5s (329KB/s) [p8A4StGq]
    2022-08-28 20:00 OK  97KB / 0.5s (211KB/s) [p8A4StGq]
    2022-08-29 06:00 OK  97KB / 0.4s (231KB/s) [p8A4StGq]
    2022-08-29 19:00 OK  133KB / 0.4s (355KB/s) [p8A4StGq]
    2022-08-29 20:00 OK  97KB / 0.3s (368KB/s) [p8A4StGq]
    2022-08-30 15:00 FAIL (0.2s) [p8A4StGq]
  [1320/7865] 경과 799s | 속도 99.1 hr/min | 사용 1.31GB
    2022-08-31 15:00 FAIL (0.3s) [p8A4StGq]
    2022-08-30 06:00 OK  97KB / 1.0s (95KB/s) [p8A4StGq]
    2022-08-30 19:00 OK  116KB / 0.4s (309KB/s) [p8A4StGq]
    2022-08-30 20:00 OK  97KB / 0.5s (199KB/s) [p8A4StGq]
    2022-08-31 06:00 OK  97KB / 0.4s (267KB/s) [p8A4StGq]
    2022-08-31 19:00 OK  103KB / 0.3s (375KB/s) [p8A4StGq]
    2022-08-31 20:00 OK  97KB / 0.2s (430KB/s) [p8A4StGq]
    2022-09-01 15:00 FAIL (0.3s) [p8A4StGq]
    2022-09-01 06:00 OK  97KB / 0.4s (236KB/s) [p8A4StGq]
    2022-09-02 15:00 FAIL (0.2s) [p8A4StGq]
    2022-09-01 20:00 OK  97KB / 0.3s (363KB/s) [p8A4StGq]
    2022-09-01 19:00 OK  97KB / 0.4s (248KB/s) [p8A4StGq]
    2022-09-02 06:00 OK  97KB / 0.4s (270KB/s) [p8A4StGq]
    2022-09-02 19:00 OK  97KB / 0.2s (468KB/s) [p8A4StGq]
    2022-09-03 15:00 FAIL (0.2s) [p8A4StGq]
    2022-09-02 20:00 OK  97KB / 0.3s (361KB/s) [p8A4StGq]
    2022-09-03 06:00 OK  97KB / 0.2s (395KB/s) [p8A4StGq]
    2022-09-03 19:00 OK  97KB / 0.2s (417KB/s) [p8A4StGq]
  [1340/7865] 경과 808s | 속도 99.5 hr/min | 사용 1.31GB
    2022-09-04 15:00 FAIL (0.4s) [p8A4StGq]
    2022-09-04 06:00 OK  97KB / 0.2s (411KB/s) [p8A4StGq]
    2022-09-05 15:00 FAIL (0.4s) [p8A4StGq]
    2022-09-04 19:00 OK  97KB / 0.3s (386KB/s) [p8A4StGq]
    2022-09-04 20:00 OK  97KB / 0.3s (350KB/s) [p8A4StGq]
    2022-09-05 06:00 OK  97KB / 0.2s (498KB/s) [p8A4StGq]
    2022-09-03 20:00 OK  97KB / 1.3s (76KB/s) [p8A4StGq]
    2022-09-05 19:00 OK  97KB / 0.2s (465KB/s) [p8A4StGq]
    2022-09-05 20:00 OK  97KB / 0.2s (442KB/s) [p8A4StGq]
    2022-09-06 15:00 FAIL (0.2s) [p8A4StGq]
    2022-09-06 06:00 OK  97KB / 0.2s (437KB/s) [p8A4StGq]
    2022-09-07 15:00 FAIL (0.2s) [p8A4StGq]
    2022-09-06 19:00 OK  97KB / 0.3s (384KB/s) [p8A4StGq]
    2022-09-06 20:00 OK  97KB / 0.2s (408KB/s) [p8A4StGq]
    2022-09-07 06:00 OK  97KB / 0.3s (308KB/s) [p8A4StGq]
    2022-09-07 19:00 OK  97KB / 0.2s (485KB/s) [p8A4StGq]
    2022-09-08 15:00 FAIL (0.2s) [p8A4StGq]
    2022-09-07 20:00 OK  97KB / 0.4s (249KB/s) [p8A4StGq]
    2022-09-08 06:00 OK  97KB / 0.3s (309KB/s) [p8A4StGq]
    2022-09-09 15:00 FAIL (0.2s) [p8A4StGq]
  [1360/7865] 경과 818s | 속도 99.8 hr/min | 사용 1.32GB
    2022-09-08 19:00 OK  97KB / 0.4s (241KB/s) [p8A4StGq]
    2022-09-08 20:00 OK  97KB / 0.4s (229KB/s) [p8A4StGq]
    2022-09-08 18:00 OK  1637KB / 0.7s (2219KB/s) [p8A4StGq]
    2022-09-09 06:00 OK  97KB / 0.3s (341KB/s) [p8A4StGq]
    2022-09-09 19:00 OK  97KB / 0.2s (462KB/s) [p8A4StGq]
    2022-09-09 18:00 OK  1618KB / 0.5s (2968KB/s) [p8A4StGq]
    2022-09-09 20:00 OK  97KB / 0.2s (444KB/s) [p8A4StGq]
    2022-09-10 15:00 FAIL (0.2s) [p8A4StGq]
    2022-09-10 06:00 OK  97KB / 0.2s (522KB/s) [p8A4StGq]
    2022-09-11 15:00 FAIL (0.2s) [p8A4StGq]
    2022-09-10 19:00 OK  97KB / 0.3s (304KB/s) [p8A4StGq]
    2022-09-10 18:00 OK  1551KB / 0.6s (2613KB/s) [p8A4StGq]
    2022-09-11 06:00 OK  97KB / 0.3s (375KB/s) [p8A4StGq]
    2022-09-10 20:00 OK  97KB / 0.3s (279KB/s) [p8A4StGq]
    2022-09-11 19:00 OK  97KB / 0.4s (246KB/s) [p8A4StGq]
    2022-09-11 18:00 OK  1472KB / 0.6s (2293KB/s) [p8A4StGq]
    2022-09-12 15:00 FAIL (0.6s) [p8A4StGq]
    2022-09-11 20:00 OK  97KB / 0.3s (283KB/s) [p8A4StGq]
    2022-09-12 06:00 OK  97KB / 0.3s (371KB/s) [p8A4StGq]
    2022-09-12 19:00 OK  97KB / 0.4s (230KB/s) [p8A4StGq]
    2022-09-12 18:00 OK  1408KB / 0.7s (2019KB/s) [p8A4StGq]
    2022-09-12 20:00 OK  97KB / 0.3s (384KB/s) [p8A4StGq]
    2022-09-13 06:00 OK  97KB / 0.3s (344KB/s) [p8A4StGq]
    2022-09-13 15:00 FAIL (0.3s) [p8A4StGq]
  [1380/7865] 경과 829s | 속도 99.9 hr/min | 사용 1.32GB
    2022-09-13 18:00 OK  1385KB / 0.6s (2135KB/s) [p8A4StGq]
    2022-09-14 15:00 FAIL (0.7s) [p8A4StGq]
    2022-09-13 19:00 OK  97KB / 0.3s (345KB/s) [p8A4StGq]
    2022-09-13 20:00 OK  97KB / 0.3s (351KB/s) [p8A4StGq]
    2022-09-14 06:00 OK  97KB / 0.3s (375KB/s) [p8A4StGq]
    2022-09-14 18:00 OK  1343KB / 0.7s (1990KB/s) [p8A4StGq]
    2022-09-14 07:00 OK  1243KB / 0.5s (2621KB/s) [p8A4StGq]
    2022-09-14 19:00 OK  97KB / 0.6s (158KB/s) [p8A4StGq]
    2022-09-14 20:00 OK  97KB / 0.3s (307KB/s) [p8A4StGq]
    2022-09-15 15:00 FAIL (0.3s) [p8A4StGq]
    2022-09-15 07:00 OK  1220KB / 0.4s (2791KB/s) [p8A4StGq]
    2022-09-15 06:00 OK  97KB / 0.7s (129KB/s) [p8A4StGq]
    2022-09-15 19:00 OK  97KB / 0.3s (326KB/s) [p8A4StGq]
    2022-09-15 18:00 OK  1286KB / 0.7s (1868KB/s) [p8A4StGq]
    2022-09-15 20:00 OK  97KB / 0.4s (245KB/s) [p8A4StGq]
    2022-09-16 06:00 OK  97KB / 0.5s (210KB/s) [p8A4StGq]
    2022-09-16 07:00 OK  1200KB / 0.5s (2443KB/s) [p8A4StGq]
    2022-09-16 15:00 FAIL (0.4s) [p8A4StGq]
    2022-09-16 18:00 OK  1222KB / 0.5s (2467KB/s) [p8A4StGq]
    2022-09-16 19:00 OK  97KB / 0.3s (286KB/s) [p8A4StGq]
    2022-09-16 20:00 OK  97KB / 0.5s (193KB/s) [p8A4StGq]
  [1400/7865] 경과 839s | 속도 100.1 hr/min | 사용 1.33GB
    2022-09-17 15:00 FAIL (0.6s) [p8A4StGq]
    2022-09-17 06:00 OK  97KB / 0.3s (311KB/s) [p8A4StGq]
    2022-09-17 07:00 OK  1171KB / 0.5s (2227KB/s) [p8A4StGq]
    2022-09-17 18:00 OK  1160KB / 0.5s (2334KB/s) [p8A4StGq]
    2022-09-18 15:00 FAIL (0.2s) [p8A4StGq]
    2022-09-17 19:00 OK  97KB / 0.3s (306KB/s) [p8A4StGq]
    2022-09-18 06:00 OK  97KB / 0.3s (314KB/s) [p8A4StGq]
    2022-09-17 20:00 OK  97KB / 0.3s (344KB/s) [p8A4StGq]
    2022-09-18 07:00 OK  1145KB / 0.4s (2589KB/s) [p8A4StGq]
    2022-09-18 18:00 OK  1071KB / 0.6s (1907KB/s) [p8A4StGq]
    2022-09-18 19:00 OK  97KB / 0.4s (222KB/s) [p8A4StGq]
    2022-09-18 20:00 OK  97KB / 0.3s (278KB/s) [p8A4StGq]
    2022-09-19 15:00 FAIL (0.2s) [p8A4StGq]
    2022-09-19 06:00 OK  97KB / 0.3s (294KB/s) [p8A4StGq]
    2022-09-19 07:00 OK  1109KB / 0.4s (2637KB/s) [p8A4StGq]
    2022-09-19 18:00 OK  1030KB / 0.5s (1952KB/s) [p8A4StGq]
    2022-09-19 20:00 OK  97KB / 0.3s (307KB/s) [p8A4StGq]
    2022-09-19 19:00 OK  97KB / 0.4s (272KB/s) [p8A4StGq]
    2022-09-20 06:00 OK  97KB / 0.3s (349KB/s) [p8A4StGq]
  [1420/7865] 경과 848s | 속도 100.4 hr/min | 사용 1.34GB
    2022-09-20 07:00 OK  1051KB / 0.5s (2286KB/s) [p8A4StGq]
    2022-09-20 15:00 FAIL (0.2s) [p8A4StGq]
    2022-09-20 18:00 OK  988KB / 0.5s (2081KB/s) [p8A4StGq]
    2022-09-20 19:00 OK  97KB / 0.4s (261KB/s) [p8A4StGq]
    2022-09-21 15:00 FAIL (0.2s) [p8A4StGq]
    2022-09-20 20:00 OK  97KB / 0.3s (286KB/s) [p8A4StGq]
    2022-09-21 06:00 OK  97KB / 0.4s (265KB/s) [p8A4StGq]
    2022-09-21 07:00 OK  995KB / 0.4s (2255KB/s) [p8A4StGq]
    2022-09-21 18:00 OK  946KB / 0.5s (2013KB/s) [p8A4StGq]
    2022-09-21 19:00 OK  97KB / 0.3s (308KB/s) [p8A4StGq]
    2022-09-21 20:00 OK  97KB / 0.3s (283KB/s) [p8A4StGq]
    2022-09-22 06:00 OK  97KB / 0.3s (309KB/s) [p8A4StGq]
    2022-09-22 15:00 FAIL (0.2s) [p8A4StGq]
    2022-09-22 07:00 OK  999KB / 0.4s (2422KB/s) [p8A4StGq]
    2022-09-22 18:00 OK  895KB / 0.4s (2046KB/s) [p8A4StGq]
    2022-09-22 19:00 OK  97KB / 0.5s (180KB/s) [p8A4StGq]
    2022-09-22 20:00 OK  97KB / 0.4s (231KB/s) [p8A4StGq]
    2022-09-23 15:00 FAIL (0.3s) [p8A4StGq]
    2022-09-23 06:00 OK  97KB / 0.4s (217KB/s) [p8A4StGq]
    2022-09-23 07:00 OK  995KB / 0.5s (2081KB/s) [p8A4StGq]
  [1440/7865] 경과 857s | 속도 100.8 hr/min | 사용 1.35GB
    2022-09-23 18:00 OK  821KB / 0.5s (1663KB/s) [p8A4StGq]
    2022-09-23 19:00 OK  97KB / 0.3s (313KB/s) [p8A4StGq]
    2022-09-23 20:00 OK  97KB / 0.4s (271KB/s) [p8A4StGq]
    2022-09-24 15:00 FAIL (0.2s) [p8A4StGq]
    2022-09-24 06:00 OK  97KB / 0.4s (251KB/s) [p8A4StGq]
    2022-09-24 07:00 OK  920KB / 0.4s (2553KB/s) [p8A4StGq]
    2022-09-24 19:00 OK  97KB / 0.3s (344KB/s) [p8A4StGq]
    2022-09-24 18:00 OK  788KB / 0.6s (1363KB/s) [p8A4StGq]
    2022-09-25 15:00 FAIL (0.5s) [p8A4StGq]
    2022-07-28 19:00 OK  1281KB / 125.6s (10KB/s) [p8A4StGq]
    2022-09-24 20:00 OK  97KB / 0.5s (214KB/s) [p8A4StGq]
    2022-09-25 06:00 OK  97KB / 0.4s (229KB/s) [p8A4StGq]
    2022-09-25 07:00 OK  901KB / 0.4s (2132KB/s) [p8A4StGq]
    2022-09-25 18:00 OK  718KB / 0.5s (1550KB/s) [p8A4StGq]
    2022-09-25 19:00 OK  97KB / 0.3s (294KB/s) [p8A4StGq]
    2022-09-25 20:00 OK  97KB / 0.4s (265KB/s) [p8A4StGq]
    2022-09-26 06:00 OK  97KB / 0.3s (347KB/s) [p8A4StGq]
    2022-09-26 15:00 FAIL (0.4s) [p8A4StGq]
    2022-09-26 07:00 OK  862KB / 0.4s (1969KB/s) [p8A4StGq]
  [1460/7865] 경과 866s | 속도 101.1 hr/min | 사용 1.35GB
    2022-09-27 15:00 FAIL (0.2s) [p8A4StGq]
    2022-09-27 18:00 FAIL (0.2s) [p8A4StGq]
    2022-09-26 18:00 OK  655KB / 0.4s (1601KB/s) [p8A4StGq]
    2022-09-27 19:00 FAIL (0.2s) [p8A4StGq]
    2022-09-26 19:00 OK  97KB / 0.4s (250KB/s) [p8A4StGq]
    2022-09-26 20:00 OK  97KB / 0.3s (352KB/s) [p8A4StGq]
    2022-09-27 07:00 OK  826KB / 0.6s (1457KB/s) [p8A4StGq]
    2022-09-27 06:00 OK  97KB / 0.4s (271KB/s) [p8A4StGq]
    2022-09-27 20:00 FAIL (0.1s) [p8A4StGq]
    2022-09-28 06:00 FAIL (0.1s) [p8A4StGq]
    2022-09-28 07:00 FAIL (0.1s) [p8A4StGq]
    2022-09-28 15:00 FAIL (0.1s) [p8A4StGq]
    2022-09-28 18:00 FAIL (0.1s) [p8A4StGq]
    2022-09-28 19:00 FAIL (0.1s) [p8A4StGq]
    2022-09-29 06:00 FAIL (0.1s) [p8A4StGq]
    2022-09-28 20:00 FAIL (0.1s) [p8A4StGq]
    2022-09-29 07:00 FAIL (0.2s) [p8A4StGq]
    2022-09-29 18:00 FAIL (0.1s) [p8A4StGq]
    2022-09-29 15:00 FAIL (0.2s) [p8A4StGq]
    2022-09-30 06:00 FAIL (0.1s) [p8A4StGq]
  [1480/7865] 경과 873s | 속도 101.8 hr/min | 사용 1.36GB
    2022-09-30 07:00 FAIL (0.1s) [p8A4StGq]
    2022-09-30 15:00 FAIL (0.2s) [p8A4StGq]
    2022-09-29 19:00 OK  97KB / 0.4s (249KB/s) [p8A4StGq]
    2022-09-29 20:00 OK  97KB / 0.2s (404KB/s) [p8A4StGq]
    2022-09-30 18:00 OK  431KB / 0.3s (1377KB/s) [p8A4StGq]
    2022-10-01 15:00 FAIL (0.4s) [p8A4StGq]
    2022-09-30 19:00 OK  97KB / 0.3s (316KB/s) [p8A4StGq]
    2022-09-30 20:00 OK  97KB / 0.3s (340KB/s) [p8A4StGq]
    2022-10-01 06:00 OK  97KB / 0.5s (191KB/s) [p8A4StGq]
    2022-10-01 07:00 OK  683KB / 0.8s (818KB/s) [p8A4StGq]
    2022-10-01 19:00 OK  97KB / 0.5s (209KB/s) [p8A4StGq]
    2022-10-01 18:00 OK  372KB / 0.6s (605KB/s) [p8A4StGq]
    2022-10-01 20:00 OK  97KB / 0.4s (217KB/s) [p8A4StGq]
    2022-10-02 15:00 FAIL (0.3s) [p8A4StGq]
    2022-10-02 06:00 OK  97KB / 0.3s (326KB/s) [p8A4StGq]
    2022-10-02 07:00 OK  666KB / 0.5s (1340KB/s) [p8A4StGq]
    2022-10-02 17:00 FAIL (0.4s) [p8A4StGq]
    2022-10-02 16:00 OK  3139KB / 1.1s (2972KB/s) [p8A4StGq]
  [1500/7865] 경과 880s | 속도 102.2 hr/min | 사용 1.36GB
    2022-10-03 15:00 FAIL (0.3s) [p8A4StGq]
    2022-10-02 19:00 OK  97KB / 0.2s (415KB/s) [p8A4StGq]
    2022-10-02 20:00 OK  97KB / 0.3s (317KB/s) [p8A4StGq]
    2022-10-02 18:00 OK  315KB / 0.6s (505KB/s) [p8A4StGq]
    2022-10-03 06:00 OK  97KB / 0.4s (237KB/s) [p8A4StGq]
    2022-10-03 07:00 OK  651KB / 0.4s (1749KB/s) [p8A4StGq]
    2022-10-03 18:00 OK  256KB / 0.4s (597KB/s) [p8A4StGq]
    2022-10-03 19:00 OK  97KB / 0.4s (253KB/s) [p8A4StGq]
    2022-10-03 20:00 OK  97KB / 0.4s (246KB/s) [p8A4StGq]
    2022-10-04 06:00 OK  97KB / 0.3s (386KB/s) [p8A4StGq]
    2022-10-04 15:00 FAIL (0.2s) [p8A4StGq]
    2022-10-04 07:00 OK  598KB / 0.3s (1748KB/s) [p8A4StGq]
    2022-10-04 18:00 OK  207KB / 0.4s (566KB/s) [p8A4StGq]
    2022-10-05 15:00 FAIL (0.2s) [p8A4StGq]
    2022-10-04 19:00 OK  97KB / 0.4s (250KB/s) [p8A4StGq]
    2022-10-04 20:00 OK  97KB / 0.3s (377KB/s) [p8A4StGq]
    2022-10-05 06:00 OK  97KB / 0.3s (378KB/s) [p8A4StGq]
    2022-10-05 18:00 OK  164KB / 0.4s (444KB/s) [p8A4StGq]
    2022-10-05 07:00 OK  574KB / 0.6s (986KB/s) [p8A4StGq]
    2022-10-06 15:00 FAIL (0.2s) [p8A4StGq]
  [1520/7865] 경과 889s | 속도 102.6 hr/min | 사용 1.37GB
    2022-10-05 19:00 OK  97KB / 0.3s (300KB/s) [p8A4StGq]
    2022-10-05 20:00 OK  97KB / 0.3s (344KB/s) [p8A4StGq]
    2022-10-06 06:00 OK  97KB / 0.3s (339KB/s) [p8A4StGq]
    2022-10-06 18:00 OK  134KB / 0.4s (376KB/s) [p8A4StGq]
    2022-10-06 07:00 OK  545KB / 0.4s (1458KB/s) [p8A4StGq]
    2022-10-06 19:00 OK  97KB / 0.2s (424KB/s) [p8A4StGq]
    2022-10-06 20:00 OK  97KB / 0.3s (290KB/s) [p8A4StGq]
    2022-10-07 06:00 OK  97KB / 0.3s (352KB/s) [p8A4StGq]
    2022-10-07 15:00 FAIL (0.3s) [p8A4StGq]
    2022-10-07 07:00 OK  506KB / 0.4s (1439KB/s) [p8A4StGq]
    2022-10-08 15:00 FAIL (0.3s) [p8A4StGq]
    2022-10-07 18:00 OK  113KB / 0.3s (343KB/s) [p8A4StGq]
    2022-10-07 20:00 OK  97KB / 0.3s (316KB/s) [p8A4StGq]
    2022-10-07 19:00 OK  97KB / 0.3s (332KB/s) [p8A4StGq]
    2022-10-08 07:00 OK  476KB / 0.4s (1244KB/s) [p8A4StGq]
    2022-10-08 06:00 OK  97KB / 0.3s (294KB/s) [p8A4StGq]
    2022-10-08 19:00 OK  97KB / 0.3s (371KB/s) [p8A4StGq]
    2022-10-08 18:00 OK  99KB / 0.3s (392KB/s) [p8A4StGq]
    2022-10-08 20:00 OK  97KB / 0.3s (309KB/s) [p8A4StGq]
    2022-10-09 06:00 OK  97KB / 0.6s (160KB/s) [p8A4StGq]
    2022-10-09 15:00 FAIL (0.3s) [p8A4StGq]
    2022-10-09 07:00 OK  434KB / 0.5s (895KB/s) [p8A4StGq]
  [1540/7865] 경과 899s | 속도 102.8 hr/min | 사용 1.37GB
    2022-10-10 15:00 FAIL (0.2s) [p8A4StGq]
    2022-10-09 18:00 OK  97KB / 0.3s (313KB/s) [p8A4StGq]
    2022-10-09 19:00 OK  97KB / 0.3s (378KB/s) [p8A4StGq]
    2022-10-10 06:00 OK  97KB / 0.4s (228KB/s) [p8A4StGq]
    2022-10-09 20:00 OK  97KB / 0.5s (204KB/s) [p8A4StGq]
    2022-10-10 07:00 OK  393KB / 0.5s (860KB/s) [p8A4StGq]
    2022-10-10 18:00 OK  97KB / 0.4s (254KB/s) [p8A4StGq]
    2022-10-10 19:00 OK  97KB / 0.2s (405KB/s) [p8A4StGq]
    2022-10-11 15:00 FAIL (0.2s) [p8A4StGq]
    2022-10-11 06:00 OK  97KB / 0.4s (241KB/s) [p8A4StGq]
    2022-10-11 07:00 OK  364KB / 0.4s (833KB/s) [p8A4StGq]
    2022-10-10 20:00 OK  97KB / 1.3s (74KB/s) [p8A4StGq]
    2022-10-11 18:00 OK  97KB / 0.3s (333KB/s) [p8A4StGq]
    2022-10-11 19:00 OK  97KB / 0.3s (278KB/s) [p8A4StGq]
    2022-10-12 15:00 FAIL (0.3s) [p8A4StGq]
    2022-10-12 06:00 OK  97KB / 0.4s (233KB/s) [p8A4StGq]
    2022-10-11 20:00 OK  97KB / 0.4s (229KB/s) [p8A4StGq]
    2022-10-12 07:00 OK  331KB / 0.3s (1133KB/s) [p8A4StGq]
  [1560/7865] 경과 908s | 속도 103.1 hr/min | 사용 1.37GB
    2022-10-13 15:00 FAIL (0.2s) [p8A4StGq]
    2022-10-12 18:00 OK  97KB / 0.6s (166KB/s) [p8A4StGq]
    2022-10-12 20:00 OK  97KB / 0.2s (388KB/s) [p8A4StGq]
    2022-10-12 19:00 OK  97KB / 0.5s (214KB/s) [p8A4StGq]
    2022-10-13 18:00 OK  97KB / 0.3s (299KB/s) [p8A4StGq]
    2022-10-13 06:00 OK  97KB / 0.5s (200KB/s) [p8A4StGq]
    2022-10-13 07:00 OK  299KB / 0.5s (611KB/s) [p8A4StGq]
    2022-10-13 19:00 OK  97KB / 0.3s (277KB/s) [p8A4StGq]
    2022-10-13 20:00 OK  97KB / 0.3s (359KB/s) [p8A4StGq]
    2022-10-14 15:00 FAIL (0.2s) [p8A4StGq]
    2022-10-14 06:00 OK  97KB / 0.3s (283KB/s) [p8A4StGq]
    2022-10-14 07:00 OK  271KB / 0.3s (944KB/s) [p8A4StGq]
    2022-10-15 15:00 FAIL (0.2s) [p8A4StGq]
    2022-10-14 20:00 OK  97KB / 0.3s (385KB/s) [p8A4StGq]
    2022-10-15 06:00 OK  97KB / 0.4s (253KB/s) [p8A4StGq]
    2022-10-14 19:00 OK  97KB / 0.4s (233KB/s) [p8A4StGq]
    2022-10-14 18:00 OK  97KB / 0.5s (210KB/s) [p8A4StGq]
    2022-10-15 07:00 OK  244KB / 0.2s (1003KB/s) [p8A4StGq]
    2022-10-15 19:00 OK  97KB / 0.3s (347KB/s) [p8A4StGq]
    2022-10-15 18:00 OK  97KB / 0.4s (240KB/s) [p8A4StGq]
    2022-10-15 20:00 OK  97KB / 0.4s (267KB/s) [p8A4StGq]
  [1580/7865] 경과 917s | 속도 103.4 hr/min | 사용 1.37GB
    2022-10-16 15:00 FAIL (0.3s) [p8A4StGq]
    2022-10-16 06:00 OK  97KB / 0.5s (177KB/s) [p8A4StGq]
    2022-10-16 07:00 OK  221KB / 0.4s (589KB/s) [p8A4StGq]
    2022-10-16 18:00 OK  97KB / 0.4s (252KB/s) [p8A4StGq]
    2022-10-17 15:00 FAIL (0.2s) [p8A4StGq]
    2022-10-16 19:00 OK  97KB / 0.4s (256KB/s) [p8A4StGq]
    2022-10-17 06:00 OK  97KB / 0.4s (274KB/s) [p8A4StGq]
    2022-10-16 20:00 OK  97KB / 0.4s (268KB/s) [p8A4StGq]
    2022-10-17 07:00 OK  202KB / 0.3s (657KB/s) [p8A4StGq]
    2022-10-17 18:00 OK  97KB / 0.3s (342KB/s) [p8A4StGq]
    2022-10-17 19:00 OK  97KB / 0.3s (299KB/s) [p8A4StGq]
    2022-10-18 15:00 FAIL (0.3s) [p8A4StGq]
    2022-10-17 20:00 OK  97KB / 0.4s (250KB/s) [p8A4StGq]
    2022-10-18 06:00 OK  97KB / 0.3s (289KB/s) [p8A4StGq]
    2022-10-18 07:00 OK  183KB / 0.3s (527KB/s) [p8A4StGq]
    2022-10-18 18:00 OK  97KB / 0.4s (227KB/s) [p8A4StGq]
    2022-10-18 19:00 OK  97KB / 0.2s (392KB/s) [p8A4StGq]
    2022-10-18 17:00 OK  1502KB / 0.6s (2417KB/s) [p8A4StGq]
    2022-10-18 20:00 OK  97KB / 0.4s (267KB/s) [p8A4StGq]
    2022-10-19 06:00 OK  97KB / 0.3s (376KB/s) [p8A4StGq]
    2022-10-19 15:00 FAIL (0.2s) [p8A4StGq]
    2022-10-19 07:00 OK  164KB / 0.3s (618KB/s) [p8A4StGq]
  [1600/7865] 경과 927s | 속도 103.6 hr/min | 사용 1.38GB
    2022-10-20 15:00 FAIL (0.2s) [p8A4StGq]
    2022-10-19 17:00 OK  1412KB / 0.4s (3302KB/s) [p8A4StGq]
    2022-10-19 19:00 OK  97KB / 0.3s (334KB/s) [p8A4StGq]
    2022-10-19 18:00 OK  97KB / 0.3s (293KB/s) [p8A4StGq]
    2022-10-19 20:00 OK  97KB / 0.3s (324KB/s) [p8A4StGq]
    2022-10-20 07:00 OK  150KB / 0.3s (445KB/s) [p8A4StGq]
    2022-10-20 06:00 OK  97KB / 0.3s (298KB/s) [p8A4StGq]
    2022-10-20 17:00 OK  1454KB / 0.5s (3110KB/s) [p8A4StGq]
    2022-10-20 18:00 OK  97KB / 0.3s (292KB/s) [p8A4StGq]
    2022-10-20 19:00 OK  97KB / 0.2s (407KB/s) [p8A4StGq]
    2022-10-21 15:00 FAIL (0.4s) [p8A4StGq]
    2022-10-20 20:00 OK  97KB / 0.2s (388KB/s) [p8A4StGq]
    2022-10-21 06:00 OK  97KB / 0.3s (324KB/s) [p8A4StGq]
    2022-10-21 07:00 OK  137KB / 0.3s (417KB/s) [p8A4StGq]
    2022-10-21 17:00 OK  1416KB / 0.7s (2044KB/s) [p8A4StGq]
    2022-10-21 18:00 OK  97KB / 0.3s (285KB/s) [p8A4StGq]
    2022-10-21 19:00 OK  97KB / 0.4s (247KB/s) [p8A4StGq]
    2022-10-21 20:00 OK  97KB / 0.3s (283KB/s) [p8A4StGq]
    2022-10-22 06:00 OK  97KB / 0.4s (257KB/s) [p8A4StGq]
    2022-10-22 07:00 OK  125KB / 0.3s (399KB/s) [p8A4StGq]
    2022-10-22 15:00 FAIL (0.2s) [p8A4StGq]
  [1620/7865] 경과 937s | 속도 103.7 hr/min | 사용 1.38GB
    2022-10-23 15:00 FAIL (0.2s) [p8A4StGq]
    2022-10-22 17:00 OK  1323KB / 0.4s (3038KB/s) [p8A4StGq]
    2022-10-22 19:00 OK  97KB / 0.3s (365KB/s) [p8A4StGq]
    2022-10-22 20:00 OK  97KB / 0.3s (309KB/s) [p8A4StGq]
    2022-10-22 18:00 OK  97KB / 0.4s (223KB/s) [p8A4StGq]
    2022-10-23 07:00 OK  116KB / 0.3s (350KB/s) [p8A4StGq]
    2022-10-23 06:00 OK  97KB / 0.4s (227KB/s) [p8A4StGq]
    2022-10-23 17:00 OK  1239KB / 0.4s (2783KB/s) [p8A4StGq]
    2022-10-23 18:00 OK  97KB / 0.4s (269KB/s) [p8A4StGq]
    2022-10-23 19:00 OK  97KB / 0.4s (233KB/s) [p8A4StGq]
    2022-10-24 15:00 FAIL (0.2s) [p8A4StGq]
    2022-10-23 20:00 OK  97KB / 0.3s (288KB/s) [p8A4StGq]
    2022-10-24 07:00 OK  108KB / 0.3s (410KB/s) [p8A4StGq]
    2022-10-24 06:00 OK  97KB / 0.3s (301KB/s) [p8A4StGq]
    2022-10-24 18:00 OK  97KB / 0.3s (291KB/s) [p8A4StGq]
    2022-10-24 17:00 OK  1198KB / 0.5s (2477KB/s) [p8A4StGq]
    2022-10-24 19:00 OK  97KB / 0.4s (244KB/s) [p8A4StGq]
    2022-10-24 20:00 OK  97KB / 0.4s (253KB/s) [p8A4StGq]
    2022-10-25 06:00 OK  97KB / 0.3s (335KB/s) [p8A4StGq]
    2022-10-25 07:00 OK  103KB / 0.5s (200KB/s) [p8A4StGq]
  [1640/7865] 경과 946s | 속도 104.0 hr/min | 사용 1.39GB
    2022-10-25 15:00 FAIL (0.6s) [p8A4StGq]
    2022-10-25 17:00 OK  1190KB / 0.4s (2779KB/s) [p8A4StGq]
    2022-10-26 15:00 FAIL (0.2s) [p8A4StGq]
    2022-10-25 18:00 OK  97KB / 0.4s (265KB/s) [p8A4StGq]
    2022-10-25 19:00 OK  97KB / 0.3s (339KB/s) [p8A4StGq]
    2022-10-25 20:00 OK  97KB / 0.3s (357KB/s) [p8A4StGq]
    2022-10-26 06:00 OK  97KB / 0.3s (355KB/s) [p8A4StGq]
    2022-10-26 07:00 OK  99KB / 0.5s (208KB/s) [p8A4StGq]
    2022-10-26 17:00 OK  1180KB / 0.6s (2079KB/s) [p8A4StGq]
    2022-10-26 18:00 OK  97KB / 0.5s (210KB/s) [p8A4StGq]
    2022-10-27 09:00 FAIL (0.2s) [p8A4StGq]
    2022-10-27 10:00 FAIL (0.2s) [p8A4StGq]
    2022-10-27 11:00 FAIL (0.4s) [p8A4StGq]
    2022-10-26 19:00 OK  97KB / 0.4s (271KB/s) [p8A4StGq]
    2022-10-26 20:00 OK  97KB / 0.4s (274KB/s) [p8A4StGq]
    2022-10-27 06:00 OK  97KB / 0.3s (308KB/s) [p8A4StGq]
    2022-10-27 07:00 OK  97KB / 0.3s (285KB/s) [p8A4StGq]
    2022-10-27 15:00 FAIL (0.2s) [p8A4StGq]
    2022-10-27 17:00 OK  1120KB / 0.4s (2820KB/s) [p8A4StGq]
  [1660/7865] 경과 954s | 속도 104.4 hr/min | 사용 1.39GB
    2022-10-28 15:00 FAIL (0.3s) [p8A4StGq]
    2022-10-28 17:00 FAIL (0.2s) [p8A4StGq]
    2022-10-27 18:00 OK  97KB / 0.3s (279KB/s) [p8A4StGq]
    2022-10-27 19:00 OK  97KB / 0.3s (377KB/s) [p8A4StGq]
    2022-10-27 20:00 OK  97KB / 0.3s (372KB/s) [p8A4StGq]
    2022-10-28 07:00 OK  97KB / 0.3s (340KB/s) [p8A4StGq]
    2022-10-28 06:00 OK  97KB / 0.6s (165KB/s) [p8A4StGq]
    2022-10-28 18:00 OK  97KB / 0.3s (303KB/s) [p8A4StGq]
    2022-10-28 19:00 OK  97KB / 0.3s (326KB/s) [p8A4StGq]
    2022-10-28 20:00 OK  97KB / 0.3s (349KB/s) [p8A4StGq]
    2022-10-29 15:00 FAIL (0.2s) [p8A4StGq]
    2022-10-29 06:00 OK  97KB / 0.4s (254KB/s) [p8A4StGq]
    2022-10-29 07:00 OK  97KB / 0.2s (429KB/s) [p8A4StGq]
    2022-10-29 17:00 OK  1028KB / 0.5s (2276KB/s) [p8A4StGq]
    2022-10-29 18:00 OK  97KB / 0.3s (283KB/s) [p8A4StGq]
    2022-10-29 19:00 OK  97KB / 0.3s (342KB/s) [p8A4StGq]
    2022-10-29 20:00 OK  97KB / 0.3s (345KB/s) [p8A4StGq]
    2022-10-30 15:00 FAIL (0.5s) [p8A4StGq]
    2022-10-30 06:00 OK  97KB / 0.3s (360KB/s) [p8A4StGq]
    2022-10-30 07:00 OK  97KB / 0.3s (330KB/s) [p8A4StGq]
    2022-10-30 17:00 OK  997KB / 0.4s (2403KB/s) [p8A4StGq]
  [1680/7865] 경과 962s | 속도 104.8 hr/min | 사용 1.39GB
    2022-10-30 18:00 OK  97KB / 0.3s (316KB/s) [p8A4StGq]
    2022-10-31 15:00 FAIL (0.3s) [p8A4StGq]
    2022-10-30 20:00 OK  97KB / 0.3s (299KB/s) [p8A4StGq]
    2022-10-30 19:00 OK  97KB / 0.3s (277KB/s) [p8A4StGq]
    2022-10-31 06:00 OK  97KB / 0.3s (304KB/s) [p8A4StGq]
    2022-10-31 07:00 OK  97KB / 0.3s (326KB/s) [p8A4StGq]
    2022-10-31 17:00 OK  936KB / 0.4s (2234KB/s) [p8A4StGq]
    2022-10-31 18:00 OK  97KB / 0.3s (301KB/s) [p8A4StGq]
    2022-10-31 19:00 OK  97KB / 0.3s (331KB/s) [p8A4StGq]
    2022-10-31 20:00 OK  97KB / 0.3s (345KB/s) [p8A4StGq]
    2022-11-01 15:00 FAIL (0.2s) [p8A4StGq]
    2022-11-01 07:00 OK  97KB / 0.3s (356KB/s) [p8A4StGq]
    2022-11-01 06:00 OK  97KB / 0.3s (352KB/s) [p8A4StGq]
    2022-11-01 17:00 OK  869KB / 0.4s (2107KB/s) [p8A4StGq]
    2022-11-01 18:00 OK  97KB / 0.3s (282KB/s) [p8A4StGq]
    2022-11-01 19:00 OK  97KB / 0.4s (262KB/s) [p8A4StGq]
    2022-11-02 15:00 FAIL (0.2s) [p8A4StGq]
    2022-11-01 20:00 OK  97KB / 0.3s (337KB/s) [p8A4StGq]
    2022-11-02 06:00 OK  97KB / 0.6s (155KB/s) [p8A4StGq]
    2022-11-02 07:00 OK  97KB / 0.3s (324KB/s) [p8A4StGq]
    2022-11-02 17:00 OK  823KB / 0.4s (2273KB/s) [p8A4StGq]
  [1700/7865] 경과 971s | 속도 105.0 hr/min | 사용 1.40GB
    2022-11-03 15:00 FAIL (0.2s) [p8A4StGq]
    2022-11-02 18:00 OK  97KB / 0.3s (301KB/s) [p8A4StGq]
    2022-11-02 19:00 OK  97KB / 0.3s (355KB/s) [p8A4StGq]
    2022-11-02 20:00 OK  97KB / 0.3s (327KB/s) [p8A4StGq]
    2022-11-03 07:00 OK  97KB / 0.3s (314KB/s) [p8A4StGq]
    2022-11-03 06:00 OK  97KB / 0.7s (138KB/s) [p8A4StGq]
    2022-11-03 17:00 OK  813KB / 0.4s (2168KB/s) [p8A4StGq]
    2022-11-03 18:00 OK  97KB / 0.3s (284KB/s) [p8A4StGq]
    2022-11-03 19:00 OK  97KB / 0.7s (129KB/s) [p8A4StGq]
    2022-11-04 15:00 FAIL (0.3s) [p8A4StGq]
    2022-11-03 20:00 OK  97KB / 0.3s (307KB/s) [p8A4StGq]
    2022-11-04 06:00 OK  97KB / 0.3s (304KB/s) [p8A4StGq]
    2022-11-04 07:00 OK  97KB / 0.3s (290KB/s) [p8A4StGq]
    2022-11-04 17:00 OK  766KB / 0.4s (2040KB/s) [p8A4StGq]
    2022-11-04 19:00 OK  97KB / 0.4s (229KB/s) [p8A4StGq]
    2022-11-04 18:00 OK  97KB / 0.7s (143KB/s) [p8A4StGq]
    2022-11-04 20:00 OK  97KB / 0.3s (326KB/s) [p8A4StGq]
    2022-11-05 07:00 OK  97KB / 0.2s (393KB/s) [p8A4StGq]
  [1720/7865] 경과 980s | 속도 105.3 hr/min | 사용 1.40GB
    2022-11-05 06:00 OK  97KB / 0.5s (202KB/s) [p8A4StGq]
    2022-11-05 15:00 FAIL (0.8s) [p8A4StGq]
    2022-11-05 17:00 OK  704KB / 0.5s (1504KB/s) [p8A4StGq]
    2022-11-06 15:00 FAIL (0.2s) [p8A4StGq]
    2022-11-05 19:00 OK  97KB / 0.3s (342KB/s) [p8A4StGq]
    2022-11-05 18:00 OK  97KB / 0.5s (209KB/s) [p8A4StGq]
    2022-11-05 20:00 OK  97KB / 0.4s (245KB/s) [p8A4StGq]
    2022-11-06 06:00 OK  97KB / 0.3s (360KB/s) [p8A4StGq]
    2022-11-06 07:00 OK  97KB / 0.3s (332KB/s) [p8A4StGq]
    2022-11-06 17:00 OK  678KB / 0.4s (1556KB/s) [p8A4StGq]
    2022-11-06 18:00 OK  97KB / 0.3s (311KB/s) [p8A4StGq]
    2022-11-07 15:00 FAIL (0.2s) [p8A4StGq]
    2022-11-06 19:00 OK  97KB / 0.3s (287KB/s) [p8A4StGq]
    2022-11-06 20:00 OK  97KB / 0.3s (343KB/s) [p8A4StGq]
    2022-11-07 07:00 OK  97KB / 0.3s (344KB/s) [p8A4StGq]
    2022-11-07 06:00 OK  97KB / 0.4s (270KB/s) [p8A4StGq]
    2022-11-07 17:00 OK  625KB / 0.5s (1315KB/s) [p8A4StGq]
    2022-11-07 18:00 OK  97KB / 0.3s (294KB/s) [p8A4StGq]
    2022-11-07 19:00 OK  97KB / 0.5s (201KB/s) [p8A4StGq]
    2022-11-07 20:00 OK  97KB / 0.3s (306KB/s) [p8A4StGq]
    2022-11-08 06:00 OK  97KB / 0.4s (274KB/s) [p8A4StGq]
  [1740/7865] 경과 989s | 속도 105.6 hr/min | 사용 1.40GB
    2022-11-08 15:00 FAIL (0.2s) [p8A4StGq]
    2022-11-08 07:00 OK  97KB / 0.4s (226KB/s) [p8A4StGq]
    2022-11-09 15:00 FAIL (0.2s) [p8A4StGq]
    2022-11-08 17:00 OK  606KB / 0.9s (698KB/s) [p8A4StGq]
    2022-11-08 19:00 OK  97KB / 0.3s (308KB/s) [p8A4StGq]
    2022-11-08 18:00 OK  97KB / 0.4s (217KB/s) [p8A4StGq]
    2022-11-08 20:00 OK  97KB / 0.3s (371KB/s) [p8A4StGq]
    2022-11-09 06:00 OK  97KB / 0.3s (289KB/s) [p8A4StGq]
    2022-11-09 07:00 OK  97KB / 0.3s (298KB/s) [p8A4StGq]
    2022-11-09 17:00 OK  600KB / 0.5s (1285KB/s) [p8A4StGq]
    2022-11-09 18:00 OK  97KB / 0.5s (210KB/s) [p8A4StGq]
    2022-11-10 15:00 FAIL (0.2s) [p8A4StGq]
    2022-11-09 19:00 OK  97KB / 0.3s (312KB/s) [p8A4StGq]
    2022-11-09 20:00 OK  97KB / 0.4s (242KB/s) [p8A4StGq]
    2022-11-10 06:00 OK  97KB / 0.3s (319KB/s) [p8A4StGq]
    2022-11-10 07:00 OK  97KB / 0.5s (185KB/s) [p8A4StGq]
    2022-11-10 17:00 OK  564KB / 0.4s (1355KB/s) [p8A4StGq]
    2022-11-10 18:00 OK  97KB / 0.3s (293KB/s) [p8A4StGq]
    2022-11-10 19:00 OK  97KB / 0.3s (333KB/s) [p8A4StGq]
    2022-11-10 20:00 OK  97KB / 0.6s (161KB/s) [p8A4StGq]
    2022-11-11 06:00 OK  97KB / 0.4s (238KB/s) [p8A4StGq]
  [1760/7865] 경과 999s | 속도 105.7 hr/min | 사용 1.41GB
    2022-11-11 07:00 FAIL (0.2s) [p8A4StGq]
    2022-11-11 15:00 FAIL (0.2s) [p8A4StGq]
    2022-11-11 20:00 FAIL (0.1s) [p8A4StGq]
    2022-11-12 15:00 FAIL (0.2s) [p8A4StGq]
    2022-11-11 17:00 OK  540KB / 0.4s (1304KB/s) [p8A4StGq]
    2022-11-11 19:00 OK  97KB / 0.4s (262KB/s) [p8A4StGq]
    2022-11-11 18:00 OK  97KB / 0.4s (228KB/s) [p8A4StGq]
    2022-11-12 06:00 OK  97KB / 0.4s (269KB/s) [p8A4StGq]
    2022-11-12 07:00 OK  97KB / 0.3s (346KB/s) [p8A4StGq]
    2022-11-12 17:00 OK  519KB / 0.5s (1025KB/s) [p8A4StGq]
    2022-11-12 18:00 OK  97KB / 0.4s (262KB/s) [p8A4StGq]
    2022-11-13 15:00 FAIL (0.4s) [p8A4StGq]
    2022-11-12 19:00 OK  97KB / 0.4s (232KB/s) [p8A4StGq]
    2022-11-12 20:00 OK  97KB / 0.4s (220KB/s) [p8A4StGq]
    2022-11-13 06:00 OK  97KB / 0.4s (228KB/s) [p8A4StGq]
    2022-11-13 07:00 OK  97KB / 0.4s (267KB/s) [p8A4StGq]
  [1780/7865] 경과 1006s | 속도 106.1 hr/min | 사용 1.41GB
    2022-11-13 17:00 OK  487KB / 0.5s (910KB/s) [p8A4StGq]
    2022-11-13 18:00 OK  97KB / 0.4s (221KB/s) [p8A4StGq]
    2022-11-13 19:00 OK  97KB / 0.3s (325KB/s) [p8A4StGq]
    2022-11-13 20:00 OK  97KB / 0.4s (257KB/s) [p8A4StGq]
    2022-11-14 06:00 OK  97KB / 0.4s (218KB/s) [p8A4StGq]
    2022-11-14 07:00 OK  97KB / 0.4s (230KB/s) [p8A4StGq]
    2022-11-14 15:00 FAIL (0.2s) [p8A4StGq]
    2022-11-15 15:00 FAIL (0.2s) [p8A4StGq]
    2022-11-14 17:00 OK  457KB / 0.5s (962KB/s) [p8A4StGq]
    2022-11-14 18:00 OK  97KB / 0.3s (320KB/s) [p8A4StGq]
    2022-11-14 19:00 OK  97KB / 0.3s (356KB/s) [p8A4StGq]
    2022-11-14 20:00 OK  97KB / 0.4s (252KB/s) [p8A4StGq]
    2022-11-15 06:00 OK  97KB / 0.3s (355KB/s) [p8A4StGq]
    2022-11-15 07:00 OK  97KB / 0.3s (312KB/s) [p8A4StGq]
    2022-11-15 17:00 OK  429KB / 0.4s (1023KB/s) [p8A4StGq]
    2022-11-15 18:00 OK  97KB / 0.3s (339KB/s) [p8A4StGq]
    2022-11-15 19:00 OK  97KB / 0.4s (266KB/s) [p8A4StGq]
    2022-11-15 20:00 OK  97KB / 0.6s (172KB/s) [p8A4StGq]
    2022-11-16 15:00 FAIL (0.2s) [p8A4StGq]
    2022-11-16 06:00 OK  97KB / 0.4s (222KB/s) [p8A4StGq]
  [1800/7865] 경과 1015s | 속도 106.4 hr/min | 사용 1.41GB
    2022-11-16 08:00 OK  972KB / 0.4s (2453KB/s) [p8A4StGq]
    2022-11-16 07:00 OK  97KB / 0.5s (194KB/s) [p8A4StGq]
    2022-11-16 17:00 OK  431KB / 0.5s (944KB/s) [p8A4StGq]
    2022-11-16 18:00 OK  97KB / 0.3s (296KB/s) [p8A4StGq]
    2022-11-16 19:00 OK  97KB / 0.4s (252KB/s) [p8A4StGq]
    2022-11-16 20:00 OK  97KB / 0.3s (325KB/s) [p8A4StGq]
    2022-11-17 06:00 OK  97KB / 0.6s (152KB/s) [p8A4StGq]
    2022-11-17 07:00 OK  97KB / 0.3s (326KB/s) [p8A4StGq]
    2022-11-17 15:00 FAIL (0.2s) [p8A4StGq]
    2022-11-17 08:00 OK  950KB / 0.5s (1753KB/s) [p8A4StGq]
    2022-11-17 17:00 OK  399KB / 0.4s (970KB/s) [p8A4StGq]
    2022-11-17 19:00 OK  97KB / 0.3s (283KB/s) [p8A4StGq]
    2022-11-17 18:00 OK  97KB / 0.5s (210KB/s) [p8A4StGq]
    2022-11-18 15:00 FAIL (0.2s) [p8A4StGq]
    2022-11-17 20:00 OK  97KB / 0.4s (276KB/s) [p8A4StGq]
    2022-11-18 06:00 OK  97KB / 0.3s (323KB/s) [p8A4StGq]
    2022-11-18 07:00 OK  97KB / 0.5s (206KB/s) [p8A4StGq]
    2022-11-18 08:00 OK  892KB / 0.8s (1135KB/s) [p8A4StGq]
    2022-11-18 17:00 OK  397KB / 0.6s (658KB/s) [p8A4StGq]
  [1820/7865] 경과 1024s | 속도 106.6 hr/min | 사용 1.42GB
    2022-11-19 08:00 FAIL (0.2s) [p8A4StGq]
    2022-11-19 15:00 FAIL (0.3s) [p8A4StGq]
    2022-11-18 19:00 OK  97KB / 0.3s (297KB/s) [p8A4StGq]
    2022-11-18 18:00 OK  97KB / 0.5s (198KB/s) [p8A4StGq]
    2022-11-18 20:00 OK  97KB / 0.3s (298KB/s) [p8A4StGq]
    2022-11-19 06:00 OK  97KB / 0.3s (355KB/s) [p8A4StGq]
    2022-11-19 07:00 OK  97KB / 0.5s (210KB/s) [p8A4StGq]
    2022-11-19 17:00 OK  375KB / 0.5s (777KB/s) [p8A4StGq]
    2022-11-19 18:00 OK  97KB / 0.4s (257KB/s) [p8A4StGq]
    2022-11-19 19:00 OK  97KB / 0.3s (307KB/s) [p8A4StGq]
    2022-11-20 15:00 FAIL (0.2s) [p8A4StGq]
    2022-11-19 20:00 OK  97KB / 0.4s (267KB/s) [p8A4StGq]
    2022-11-20 06:00 OK  97KB / 0.4s (247KB/s) [p8A4StGq]
    2022-11-20 07:00 OK  97KB / 0.3s (319KB/s) [p8A4StGq]
    2022-11-20 08:00 OK  846KB / 0.5s (1666KB/s) [p8A4StGq]
    2022-11-20 17:00 OK  363KB / 0.4s (875KB/s) [p8A4StGq]
    2022-11-20 16:00 OK  2279KB / 2.0s (1135KB/s) [p8A4StGq]
    2022-11-20 19:00 OK  97KB / 0.3s (316KB/s) [p8A4StGq]
    2022-11-20 18:00 OK  97KB / 0.3s (337KB/s) [p8A4StGq]
    2022-11-21 06:00 OK  97KB / 0.3s (307KB/s) [p8A4StGq]
    2022-11-21 15:00 FAIL (0.2s) [p8A4StGq]
    2022-11-20 20:00 OK  97KB / 0.4s (257KB/s) [p8A4StGq]
    2022-11-21 07:00 OK  97KB / 0.3s (278KB/s) [p8A4StGq]
    2022-11-21 08:00 OK  776KB / 0.4s (1987KB/s) [p8A4StGq]
  [1840/7865] 경과 1034s | 속도 106.7 hr/min | 사용 1.42GB
    2022-11-22 15:00 FAIL (0.2s) [p8A4StGq]
    2022-11-21 18:00 OK  97KB / 0.3s (345KB/s) [p8A4StGq]
    2022-11-21 17:00 OK  353KB / 0.4s (793KB/s) [p8A4StGq]
    2022-11-21 19:00 OK  97KB / 0.4s (232KB/s) [p8A4StGq]
    2022-11-21 20:00 OK  97KB / 0.3s (297KB/s) [p8A4StGq]
    2022-11-22 07:00 OK  97KB / 0.4s (219KB/s) [p8A4StGq]
    2022-11-22 08:00 OK  761KB / 0.5s (1566KB/s) [p8A4StGq]
    2022-11-22 06:00 OK  97KB / 0.6s (173KB/s) [p8A4StGq]
    2022-11-22 17:00 OK  341KB / 0.4s (852KB/s) [p8A4StGq]
    2022-11-22 18:00 OK  97KB / 0.4s (262KB/s) [p8A4StGq]
    2022-11-22 19:00 OK  97KB / 0.4s (224KB/s) [p8A4StGq]
    2022-11-23 15:00 FAIL (0.2s) [p8A4StGq]
    2022-11-22 20:00 OK  97KB / 0.3s (309KB/s) [p8A4StGq]
    2022-11-23 07:00 OK  97KB / 0.3s (299KB/s) [p8A4StGq]
    2022-11-23 08:00 OK  728KB / 0.5s (1363KB/s) [p8A4StGq]
    2022-11-23 06:00 OK  97KB / 0.6s (175KB/s) [p8A4StGq]
    2022-11-23 10:00 OK  3151KB / 0.8s (3989KB/s) [p8A4StGq]
    2022-11-23 17:00 OK  331KB / 0.5s (690KB/s) [p8A4StGq]
    2022-11-23 18:00 OK  97KB / 0.3s (344KB/s) [p8A4StGq]
  [1860/7865] 경과 1044s | 속도 106.9 hr/min | 사용 1.43GB
    2022-11-23 20:00 OK  97KB / 0.4s (251KB/s) [p8A4StGq]
    2022-11-23 19:00 OK  97KB / 0.4s (218KB/s) [p8A4StGq]
    2022-11-24 06:00 OK  97KB / 0.4s (236KB/s) [p8A4StGq]
    2022-11-24 15:00 FAIL (0.3s) [p8A4StGq]
    2022-11-24 08:00 OK  692KB / 0.4s (1901KB/s) [p8A4StGq]
    2022-11-24 07:00 OK  97KB / 0.4s (233KB/s) [p8A4StGq]
    2022-11-24 17:00 OK  316KB / 0.4s (832KB/s) [p8A4StGq]
    2022-11-24 18:00 OK  97KB / 0.5s (214KB/s) [p8A4StGq]
    2022-11-24 19:00 OK  97KB / 0.4s (234KB/s) [p8A4StGq]
    2022-11-24 20:00 OK  97KB / 0.4s (234KB/s) [p8A4StGq]
    2022-11-25 06:00 OK  97KB / 0.3s (333KB/s) [p8A4StGq]
    2022-11-25 07:00 OK  97KB / 0.4s (247KB/s) [p8A4StGq]
    2022-11-25 15:00 FAIL (0.2s) [p8A4StGq]
    2022-11-25 08:00 OK  642KB / 0.6s (1097KB/s) [p8A4StGq]
    2022-11-25 18:00 OK  97KB / 0.4s (246KB/s) [p8A4StGq]
    2022-11-25 17:00 OK  310KB / 0.6s (479KB/s) [p8A4StGq]
    2022-11-25 19:00 OK  97KB / 0.3s (338KB/s) [p8A4StGq]
    2022-11-26 15:00 FAIL (0.3s) [p8A4StGq]
  [1880/7865] 경과 1053s | 속도 107.2 hr/min | 사용 1.43GB
    2022-11-25 20:00 OK  97KB / 0.4s (237KB/s) [p8A4StGq]
    2022-11-26 06:00 OK  97KB / 0.3s (368KB/s) [p8A4StGq]
    2022-11-26 07:00 OK  97KB / 0.3s (376KB/s) [p8A4StGq]
    2022-11-26 08:00 OK  636KB / 0.4s (1607KB/s) [p8A4StGq]
    2022-11-26 17:00 OK  299KB / 0.3s (890KB/s) [p8A4StGq]
    2022-11-26 18:00 OK  97KB / 0.4s (238KB/s) [p8A4StGq]
    2022-11-27 15:00 FAIL (0.2s) [p8A4StGq]
    2022-11-26 20:00 OK  97KB / 0.4s (226KB/s) [p8A4StGq]
    2022-11-26 19:00 OK  97KB / 0.4s (242KB/s) [p8A4StGq]
    2022-11-27 07:00 OK  97KB / 0.3s (314KB/s) [p8A4StGq]
    2022-11-27 06:00 OK  97KB / 0.6s (170KB/s) [p8A4StGq]
    2022-11-27 08:00 OK  580KB / 0.3s (1708KB/s) [p8A4StGq]
    2022-11-27 17:00 OK  299KB / 0.5s (639KB/s) [p8A4StGq]
    2022-11-27 18:00 OK  97KB / 0.3s (313KB/s) [p8A4StGq]
    2022-11-27 19:00 OK  97KB / 0.4s (270KB/s) [p8A4StGq]
    2022-11-27 20:00 OK  97KB / 0.5s (215KB/s) [p8A4StGq]
    2022-11-28 06:00 OK  97KB / 0.4s (226KB/s) [p8A4StGq]
    2022-11-28 15:00 FAIL (0.2s) [p8A4StGq]
    2022-11-28 07:00 OK  97KB / 0.3s (335KB/s) [p8A4StGq]
  [1900/7865] 경과 1062s | 속도 107.4 hr/min | 사용 1.44GB
    2022-11-28 17:00 OK  288KB / 0.3s (972KB/s) [p8A4StGq]
    2022-11-28 08:00 OK  580KB / 0.7s (869KB/s) [p8A4StGq]
    2022-11-28 18:00 OK  97KB / 0.4s (227KB/s) [p8A4StGq]
    2022-11-28 19:00 OK  97KB / 0.3s (320KB/s) [p8A4StGq]
    2022-11-28 20:00 OK  97KB / 0.3s (329KB/s) [p8A4StGq]
    2022-11-29 06:00 OK  97KB / 0.6s (161KB/s) [p8A4StGq]
    2022-11-29 07:00 OK  97KB / 0.3s (320KB/s) [p8A4StGq]
    2022-11-29 08:00 OK  543KB / 0.5s (1039KB/s) [p8A4StGq]
    2022-11-29 15:00 FAIL (0.3s) [p8A4StGq]
    2022-11-29 17:00 OK  279KB / 0.3s (876KB/s) [p8A4StGq]
    2022-11-30 15:00 FAIL (0.2s) [p8A4StGq]
    2022-11-29 18:00 OK  97KB / 0.5s (208KB/s) [p8A4StGq]
    2022-11-29 19:00 OK  97KB / 0.3s (306KB/s) [p8A4StGq]
    2022-11-29 20:00 OK  97KB / 0.5s (179KB/s) [p8A4StGq]
    2022-11-30 06:00 OK  97KB / 0.3s (287KB/s) [p8A4StGq]
    2022-11-30 08:00 OK  523KB / 0.5s (1065KB/s) [p8A4StGq]
    2022-11-30 07:00 OK  97KB / 0.5s (191KB/s) [p8A4StGq]
    2022-11-30 17:00 OK  279KB / 0.5s (555KB/s) [p8A4StGq]
    2022-11-30 18:00 OK  97KB / 0.6s (171KB/s) [p8A4StGq]
    2022-12-01 15:00 FAIL (0.2s) [p8A4StGq]
    2022-11-30 19:00 OK  97KB / 0.5s (198KB/s) [p8A4StGq]
  [1920/7865] 경과 1071s | 속도 107.5 hr/min | 사용 1.44GB
    2022-12-01 06:00 OK  97KB / 0.3s (342KB/s) [p8A4StGq]
    2022-11-30 20:00 OK  97KB / 0.5s (199KB/s) [p8A4StGq]
    2022-12-01 07:00 OK  97KB / 0.3s (386KB/s) [p8A4StGq]
    2022-12-01 08:00 OK  502KB / 0.6s (797KB/s) [p8A4StGq]
    2022-12-01 17:00 OK  272KB / 0.4s (690KB/s) [p8A4StGq]
    2022-12-01 19:00 OK  97KB / 0.3s (305KB/s) [p8A4StGq]
    2022-12-01 18:00 OK  97KB / 0.4s (268KB/s) [p8A4StGq]
    2022-12-01 20:00 OK  97KB / 0.3s (310KB/s) [p8A4StGq]
    2022-12-02 15:00 FAIL (0.2s) [p8A4StGq]
    2022-12-02 06:00 OK  97KB / 0.3s (281KB/s) [p8A4StGq]
    2022-12-02 07:00 OK  97KB / 0.3s (319KB/s) [p8A4StGq]
    2022-12-02 08:00 OK  472KB / 0.4s (1243KB/s) [p8A4StGq]
    2022-12-02 17:00 OK  267KB / 0.3s (911KB/s) [p8A4StGq]
    2022-12-02 19:00 OK  97KB / 0.3s (314KB/s) [p8A4StGq]
    2022-12-02 18:00 OK  97KB / 0.3s (382KB/s) [p8A4StGq]
    2022-12-03 06:00 OK  97KB / 0.2s (429KB/s) [p8A4StGq]
    2022-12-02 20:00 OK  97KB / 0.5s (215KB/s) [p8A4StGq]
    2022-12-03 15:00 FAIL (0.2s) [p8A4StGq]
    2022-12-03 07:00 OK  97KB / 0.2s (414KB/s) [p8A4StGq]
    2022-12-03 08:00 OK  449KB / 0.5s (922KB/s) [p8A4StGq]
    2022-12-03 17:00 OK  267KB / 0.3s (771KB/s) [p8A4StGq]
  [1940/7865] 경과 1079s | 속도 107.8 hr/min | 사용 1.44GB
    2022-12-03 18:00 OK  97KB / 0.3s (357KB/s) [p8A4StGq]
    2022-12-03 19:00 OK  97KB / 0.2s (472KB/s) [p8A4StGq]
    2022-12-04 15:00 FAIL (0.3s) [p8A4StGq]
    2022-12-03 20:00 OK  97KB / 0.3s (350KB/s) [p8A4StGq]
    2022-12-04 06:00 OK  97KB / 0.3s (347KB/s) [p8A4StGq]
    2022-12-04 07:00 OK  97KB / 0.3s (364KB/s) [p8A4StGq]
    2022-12-04 08:00 OK  432KB / 0.3s (1504KB/s) [p8A4StGq]
    2022-12-04 17:00 OK  264KB / 0.4s (746KB/s) [p8A4StGq]
    2022-12-04 18:00 OK  97KB / 0.3s (311KB/s) [p8A4StGq]
    2022-12-04 19:00 OK  97KB / 0.3s (382KB/s) [p8A4StGq]
    2022-12-04 20:00 OK  97KB / 0.2s (476KB/s) [p8A4StGq]
    2022-12-05 15:00 FAIL (0.3s) [p8A4StGq]
    2022-12-05 06:00 OK  97KB / 0.2s (394KB/s) [p8A4StGq]
    2022-12-05 07:00 OK  97KB / 0.2s (434KB/s) [p8A4StGq]
    2022-12-05 08:00 OK  412KB / 0.4s (1040KB/s) [p8A4StGq]
    2022-12-05 10:00 OK  3096KB / 1.0s (3095KB/s) [p8A4StGq]
    2022-12-05 17:00 OK  258KB / 0.3s (765KB/s) [p8A4StGq]
    2022-12-05 18:00 OK  97KB / 0.4s (263KB/s) [p8A4StGq]
    2022-12-05 20:00 OK  97KB / 0.2s (409KB/s) [p8A4StGq]
    2022-12-05 19:00 OK  97KB / 0.4s (259KB/s) [p8A4StGq]
  [1960/7865] 경과 1088s | 속도 108.0 hr/min | 사용 1.45GB
    2022-12-06 06:00 OK  97KB / 0.2s (408KB/s) [p8A4StGq]
    2022-12-06 15:00 FAIL (0.3s) [p8A4StGq]
    2022-12-06 07:00 OK  97KB / 0.3s (348KB/s) [p8A4StGq]
    2022-12-06 08:00 OK  388KB / 0.3s (1282KB/s) [p8A4StGq]
    2022-12-06 17:00 OK  264KB / 0.3s (789KB/s) [p8A4StGq]
    2022-12-06 18:00 OK  97KB / 0.3s (357KB/s) [p8A4StGq]
    2022-12-06 20:00 OK  97KB / 0.4s (247KB/s) [p8A4StGq]
    2022-12-06 19:00 OK  97KB / 0.3s (381KB/s) [p8A4StGq]
    2022-12-07 15:00 FAIL (0.2s) [p8A4StGq]
    2022-12-07 07:00 OK  97KB / 0.3s (316KB/s) [p8A4StGq]
    2022-12-07 06:00 OK  97KB / 0.4s (269KB/s) [p8A4StGq]
    2022-12-07 08:00 OK  365KB / 0.4s (992KB/s) [p8A4StGq]
    2022-12-07 17:00 OK  260KB / 0.3s (853KB/s) [p8A4StGq]
    2022-12-07 18:00 OK  97KB / 0.3s (304KB/s) [p8A4StGq]
    2022-12-07 19:00 OK  97KB / 0.2s (475KB/s) [p8A4StGq]
    2022-12-07 20:00 OK  97KB / 0.3s (319KB/s) [p8A4StGq]
    2022-12-08 15:00 FAIL (0.4s) [p8A4StGq]
    2022-12-08 06:00 OK  97KB / 0.2s (388KB/s) [p8A4StGq]
    2022-12-08 07:00 OK  97KB / 0.2s (451KB/s) [p8A4StGq]
    2022-12-08 08:00 OK  341KB / 0.5s (627KB/s) [p8A4StGq]
  [1980/7865] 경과 1097s | 속도 108.3 hr/min | 사용 1.45GB
    2022-12-08 17:00 OK  260KB / 0.4s (642KB/s) [p8A4StGq]
    2022-12-08 18:00 OK  97KB / 0.3s (347KB/s) [p8A4StGq]
    2022-12-08 19:00 OK  97KB / 0.3s (375KB/s) [p8A4StGq]
    2022-12-08 20:00 OK  97KB / 0.5s (178KB/s) [p8A4StGq]
    2022-12-09 06:00 OK  97KB / 0.3s (304KB/s) [p8A4StGq]
    2022-12-09 15:00 FAIL (0.2s) [p8A4StGq]
    2022-12-09 07:00 OK  97KB / 0.4s (251KB/s) [p8A4StGq]
    2022-12-09 08:00 OK  326KB / 0.4s (902KB/s) [p8A4StGq]
    2022-12-09 17:00 OK  260KB / 0.5s (564KB/s) [p8A4StGq]
    2022-12-09 18:00 OK  97KB / 0.3s (335KB/s) [p8A4StGq]
    2022-12-09 19:00 OK  97KB / 0.3s (325KB/s) [p8A4StGq]
    2022-12-10 15:00 FAIL (0.2s) [p8A4StGq]
    2022-12-09 20:00 OK  97KB / 0.2s (391KB/s) [p8A4StGq]
    2022-12-10 06:00 OK  97KB / 0.3s (375KB/s) [p8A4StGq]
    2022-12-10 07:00 OK  97KB / 0.3s (362KB/s) [p8A4StGq]
    2022-12-10 08:00 OK  321KB / 0.3s (990KB/s) [p8A4StGq]
    2022-12-10 17:00 OK  267KB / 0.3s (890KB/s) [p8A4StGq]
    2022-12-10 19:00 OK  97KB / 0.3s (308KB/s) [p8A4StGq]
    2022-12-10 18:00 OK  97KB / 0.4s (256KB/s) [p8A4StGq]
    2022-12-10 20:00 OK  97KB / 0.2s (496KB/s) [p8A4StGq]
  [2000/7865] 경과 1104s | 속도 108.7 hr/min | 사용 1.45GB
    2022-12-11 06:00 OK  97KB / 0.3s (372KB/s) [p8A4StGq]
    2022-12-11 07:00 OK  97KB / 0.2s (412KB/s) [p8A4StGq]
    2022-12-11 08:00 OK  303KB / 0.5s (621KB/s) [p8A4StGq]
    2022-12-11 15:00 FAIL (0.2s) [p8A4StGq]
    2022-12-11 13:00 OK  3194KB / 0.8s (3920KB/s) [p8A4StGq]
    2022-12-11 14:00 OK  3182KB / 0.6s (5018KB/s) [p8A4StGq]
    2022-12-11 12:00 OK  3190KB / 2.7s (1161KB/s) [p8A4StGq]
    2022-12-11 16:00 OK  2005KB / 1.0s (2027KB/s) [p8A4StGq]
    2022-12-11 17:00 OK  267KB / 0.3s (800KB/s) [p8A4StGq]
    2022-12-11 18:00 OK  97KB / 0.4s (229KB/s) [p8A4StGq]
    2022-12-11 19:00 OK  97KB / 0.3s (292KB/s) [p8A4StGq]
    2022-12-12 06:00 OK  97KB / 0.3s (353KB/s) [p8A4StGq]
    2022-12-11 20:00 OK  97KB / 0.4s (237KB/s) [p8A4StGq]
    2022-12-12 07:00 OK  97KB / 0.4s (250KB/s) [p8A4StGq]
    2022-12-12 08:00 OK  288KB / 0.4s (807KB/s) [p8A4StGq]
    2022-12-12 09:00 OK  2077KB / 0.6s (3579KB/s) [p8A4StGq]
    2022-12-12 15:00 FAIL (0.3s) [p8A4StGq]
  [2020/7865] 경과 1114s | 속도 108.8 hr/min | 사용 1.48GB
    2022-12-12 12:00 OK  3191KB / 1.2s (2649KB/s) [p8A4StGq]
    2022-12-12 16:00 OK  1987KB / 0.8s (2497KB/s) [p8A4StGq]
    2022-12-12 10:00 OK  3109KB / 1.6s (1932KB/s) [p8A4StGq]
    2022-12-12 13:00 OK  3188KB / 1.4s (2225KB/s) [p8A4StGq]
    2022-12-12 14:00 OK  3171KB / 1.5s (2158KB/s) [p8A4StGq]
    2022-12-12 17:00 OK  259KB / 0.8s (328KB/s) [p8A4StGq]
    2022-12-12 18:00 OK  97KB / 0.3s (314KB/s) [p8A4StGq]
    2022-12-12 19:00 OK  97KB / 0.3s (369KB/s) [p8A4StGq]
    2022-12-12 20:00 OK  97KB / 0.3s (302KB/s) [p8A4StGq]
    2022-12-13 06:00 OK  97KB / 0.3s (333KB/s) [p8A4StGq]
    2022-12-13 15:00 FAIL (0.2s) [p8A4StGq]
    2022-12-13 18:00 OK  97KB / 0.4s (218KB/s) [p8A4StGq]
    2022-12-13 07:00 OK  97KB / 0.9s (109KB/s) [p8A4StGq]
    2022-12-13 17:00 OK  262KB / 0.5s (492KB/s) [p8A4StGq]
    2022-12-13 09:00 OK  2058KB / 0.8s (2613KB/s) [p8A4StGq]
    2022-12-13 08:00 OK  280KB / 0.7s (384KB/s) [p8A4StGq]
    2022-12-13 19:00 OK  97KB / 0.4s (262KB/s) [p8A4StGq]
    2022-12-13 20:00 OK  97KB / 0.5s (190KB/s) [p8A4StGq]
    2022-12-14 06:00 OK  97KB / 0.4s (272KB/s) [p8A4StGq]
  [2040/7865] 경과 1125s | 속도 108.8 hr/min | 사용 1.48GB
    2022-12-14 15:00 FAIL (0.3s) [p8A4StGq]
    2022-12-14 08:00 OK  267KB / 0.3s (769KB/s) [p8A4StGq]
    2022-12-14 07:00 OK  97KB / 0.5s (212KB/s) [p8A4StGq]
    2022-12-14 09:00 OK  2049KB / 0.6s (3528KB/s) [p8A4StGq]
    2022-12-14 14:00 OK  3206KB / 1.0s (3184KB/s) [p8A4StGq]
    2022-12-14 10:00 OK  3107KB / 1.7s (1829KB/s) [p8A4StGq]
    2022-12-14 12:00 OK  3226KB / 1.3s (2439KB/s) [p8A4StGq]
    2022-12-14 11:00 OK  3209KB / 1.7s (1878KB/s) [p8A4StGq]
    2022-12-14 17:00 OK  263KB / 0.3s (795KB/s) [p8A4StGq]
    2022-12-14 18:00 OK  97KB / 0.3s (306KB/s) [p8A4StGq]
    2022-12-14 19:00 OK  97KB / 0.6s (153KB/s) [p8A4StGq]
    2022-12-14 20:00 OK  97KB / 0.6s (170KB/s) [p8A4StGq]
    2022-12-15 15:00 FAIL (0.4s) [p8A4StGq]
    2022-12-15 06:00 OK  97KB / 0.5s (197KB/s) [p8A4StGq]
    2022-12-15 17:00 OK  280KB / 0.9s (323KB/s) [p8A4StGq]
    2022-12-15 19:00 OK  97KB / 0.3s (363KB/s) [p8A4StGq]
    2022-12-15 18:00 OK  97KB / 0.8s (122KB/s) [p8A4StGq]
    2022-12-15 20:00 OK  97KB / 0.3s (318KB/s) [p8A4StGq]
    2022-12-15 07:00 OK  97KB / 2.5s (38KB/s) [p8A4StGq]
    2022-12-15 08:00 OK  256KB / 2.5s (102KB/s) [p8A4StGq]
    2022-12-16 06:00 OK  97KB / 0.6s (157KB/s) [p8A4StGq]
    2022-12-16 07:00 OK  97KB / 0.3s (285KB/s) [p8A4StGq]
    2022-12-16 08:00 OK  244KB / 0.3s (706KB/s) [p8A4StGq]
    2022-12-16 15:00 FAIL (0.8s) [p8A4StGq]
    2022-12-16 17:00 OK  286KB / 0.4s (670KB/s) [p8A4StGq]
  [2060/7865] 경과 1137s | 속도 108.7 hr/min | 사용 1.50GB
    2022-12-16 18:00 OK  97KB / 0.3s (352KB/s) [p8A4StGq]
    2022-12-16 19:00 OK  97KB / 0.3s (348KB/s) [p8A4StGq]
    2022-12-16 20:00 OK  97KB / 0.3s (304KB/s) [p8A4StGq]
    2022-12-17 15:00 FAIL (0.2s) [p8A4StGq]
    2022-12-17 06:00 OK  97KB / 1.3s (74KB/s) [p8A4StGq]
    2022-12-17 07:00 OK  97KB / 1.5s (64KB/s) [p8A4StGq]
    2022-12-17 17:00 OK  279KB / 0.4s (768KB/s) [p8A4StGq]
    2022-12-17 08:00 OK  229KB / 1.5s (152KB/s) [p8A4StGq]
    2022-12-17 18:00 OK  97KB / 0.3s (322KB/s) [p8A4StGq]
    2022-12-17 19:00 OK  97KB / 0.3s (318KB/s) [p8A4StGq]
    2022-12-18 06:00 OK  97KB / 0.3s (310KB/s) [p8A4StGq]
    2022-12-17 20:00 OK  97KB / 0.3s (282KB/s) [p8A4StGq]
    2022-12-18 08:00 OK  226KB / 0.3s (712KB/s) [p8A4StGq]
    2022-12-18 07:00 OK  97KB / 0.3s (340KB/s) [p8A4StGq]
    2022-12-18 17:00 OK  285KB / 0.3s (820KB/s) [p8A4StGq]
    2022-12-18 18:00 OK  97KB / 0.4s (244KB/s) [p8A4StGq]
    2022-12-18 15:00 FAIL (2.8s) [p8A4StGq]
    2022-12-18 19:00 OK  97KB / 0.4s (258KB/s) [p8A4StGq]
  [2080/7865] 경과 1146s | 속도 108.9 hr/min | 사용 1.50GB
    2022-12-19 15:00 FAIL (0.2s) [p8A4StGq]
    2022-12-19 06:00 OK  97KB / 0.3s (344KB/s) [p8A4StGq]
    2022-12-19 08:00 OK  218KB / 0.4s (596KB/s) [p8A4StGq]
    2022-12-19 07:00 OK  97KB / 0.3s (288KB/s) [p8A4StGq]
    2022-12-18 20:00 OK  97KB / 0.3s (303KB/s) [p8A4StGq]
    2022-12-19 17:00 OK  291KB / 0.4s (755KB/s) [p8A4StGq]
    2022-12-19 18:00 OK  97KB / 0.3s (351KB/s) [p8A4StGq]
    2022-12-20 15:00 FAIL (0.2s) [p8A4StGq]
    2022-12-20 06:00 OK  97KB / 0.3s (318KB/s) [p8A4StGq]
    2022-12-20 08:00 OK  211KB / 0.3s (653KB/s) [p8A4StGq]
    2022-12-20 07:00 OK  97KB / 0.3s (349KB/s) [p8A4StGq]
    2022-12-19 19:00 OK  97KB / 1.9s (51KB/s) [p8A4StGq]
    2022-12-20 17:00 OK  313KB / 0.4s (822KB/s) [p8A4StGq]
    2022-12-20 18:00 OK  97KB / 0.3s (348KB/s) [p8A4StGq]
    2022-12-19 20:00 OK  97KB / 1.8s (53KB/s) [p8A4StGq]
    2022-12-20 19:00 OK  97KB / 0.4s (237KB/s) [p8A4StGq]
    2022-12-20 20:00 OK  97KB / 0.3s (297KB/s) [p8A4StGq]
    2022-12-21 06:00 OK  97KB / 0.3s (301KB/s) [p8A4StGq]
  [2100/7865] 경과 1155s | 속도 109.1 hr/min | 사용 1.50GB
    2022-12-21 17:00 OK  305KB / 0.3s (980KB/s) [p8A4StGq]
    2022-12-21 08:00 OK  200KB / 0.3s (592KB/s) [p8A4StGq]
    2022-12-21 18:00 OK  97KB / 0.3s (288KB/s) [p8A4StGq]
    2022-12-21 19:00 OK  97KB / 0.5s (195KB/s) [p8A4StGq]
    2022-12-21 20:00 OK  97KB / 0.3s (317KB/s) [p8A4StGq]
    2022-12-21 07:00 OK  97KB / 2.2s (44KB/s) [p8A4StGq]
    2022-12-22 06:00 OK  97KB / 0.3s (300KB/s) [p8A4StGq]
    2022-12-22 07:00 OK  97KB / 0.3s (332KB/s) [p8A4StGq]
    2022-12-22 08:00 OK  195KB / 0.4s (534KB/s) [p8A4StGq]
    2022-12-22 17:00 OK  316KB / 0.4s (857KB/s) [p8A4StGq]
    2022-12-22 18:00 OK  97KB / 0.3s (280KB/s) [p8A4StGq]
    2022-12-22 19:00 OK  97KB / 0.3s (346KB/s) [p8A4StGq]
    2022-12-22 20:00 OK  97KB / 0.4s (261KB/s) [p8A4StGq]
    2022-12-23 07:00 OK  97KB / 0.3s (337KB/s) [p8A4StGq]
    2022-12-23 08:00 OK  189KB / 0.3s (548KB/s) [p8A4StGq]
    2022-12-23 06:00 OK  97KB / 0.5s (214KB/s) [p8A4StGq]
    2022-12-23 17:00 OK  325KB / 0.4s (845KB/s) [p8A4StGq]
    2022-12-23 18:00 OK  97KB / 0.4s (264KB/s) [p8A4StGq]
    2022-12-24 06:00 OK  97KB / 0.3s (368KB/s) [p8A4StGq]
    2022-12-24 07:00 OK  97KB / 0.4s (258KB/s) [p8A4StGq]
    2022-12-24 19:00 OK  97KB / 0.4s (233KB/s) [p8A4StGq]
    2022-12-23 20:00 OK  97KB / 2.3s (42KB/s) [p8A4StGq]
  [2120/7865] 경과 1168s | 속도 108.9 hr/min | 사용 1.51GB
    2022-12-23 19:00 OK  97KB / 2.7s (36KB/s) [p8A4StGq]
    2022-12-24 08:00 OK  184KB / 1.9s (98KB/s) [p8A4StGq]
    2022-12-24 17:00 OK  334KB / 1.9s (171KB/s) [p8A4StGq]
    2022-12-24 18:00 OK  97KB / 2.1s (45KB/s) [p8A4StGq]
    2022-12-24 20:00 OK  97KB / 0.3s (321KB/s) [p8A4StGq]
    2022-12-25 06:00 OK  97KB / 0.3s (292KB/s) [p8A4StGq]
    2022-12-25 07:00 OK  97KB / 0.5s (176KB/s) [p8A4StGq]
    2022-12-25 08:00 OK  179KB / 0.3s (527KB/s) [p8A4StGq]
    2022-12-25 18:00 FAIL (0.1s) [p8A4StGq]
    2022-12-25 17:00 FAIL (0.1s) [p8A4StGq]
    2022-12-25 19:00 FAIL (0.1s) [p8A4StGq]
    2022-12-25 20:00 FAIL (0.1s) [p8A4StGq]
    2022-12-26 07:00 FAIL (0.1s) [p8A4StGq]
    2022-12-26 18:00 FAIL (0.1s) [p8A4StGq]
    2022-12-26 06:00 OK  97KB / 0.4s (275KB/s) [p8A4StGq]
    2022-12-27 06:00 FAIL (0.1s) [p8A4StGq]
    2022-12-26 08:00 OK  174KB / 0.4s (422KB/s) [p8A4StGq]
    2022-12-26 17:00 OK  363KB / 0.3s (1049KB/s) [p8A4StGq]
    2022-12-26 19:00 OK  97KB / 0.3s (306KB/s) [p8A4StGq]
    2022-12-26 20:00 OK  97KB / 0.2s (485KB/s) [p8A4StGq]
    2022-12-27 07:00 OK  97KB / 0.2s (401KB/s) [p8A4StGq]
    2022-12-27 08:00 OK  170KB / 0.3s (614KB/s) [p8A4StGq]
    2022-12-27 18:00 OK  97KB / 0.3s (318KB/s) [p8A4StGq]
    2022-12-27 17:00 OK  385KB / 0.5s (807KB/s) [p8A4StGq]
  [2140/7865] 경과 1177s | 속도 109.1 hr/min | 사용 1.51GB
    2022-12-27 19:00 OK  97KB / 0.5s (200KB/s) [p8A4StGq]
    2022-12-27 20:00 OK  97KB / 0.5s (211KB/s) [p8A4StGq]
    2022-12-28 06:00 OK  97KB / 0.4s (242KB/s) [p8A4StGq]
    2022-12-28 17:00 OK  393KB / 0.4s (1057KB/s) [p8A4StGq]
    2022-12-28 07:00 OK  97KB / 0.3s (285KB/s) [p8A4StGq]
    2022-12-28 08:00 OK  166KB / 0.6s (301KB/s) [p8A4StGq]
    2022-12-28 18:00 OK  97KB / 0.4s (230KB/s) [p8A4StGq]
    2022-12-28 19:00 OK  97KB / 0.4s (266KB/s) [p8A4StGq]
    2022-12-28 20:00 OK  97KB / 0.4s (264KB/s) [p8A4StGq]
    2022-12-29 06:00 OK  97KB / 0.4s (231KB/s) [p8A4StGq]
    2022-12-29 07:00 OK  97KB / 0.4s (232KB/s) [p8A4StGq]
    2022-12-29 08:00 OK  162KB / 0.4s (460KB/s) [p8A4StGq]
    2022-12-29 17:00 OK  409KB / 0.5s (778KB/s) [p8A4StGq]
    2022-12-29 20:00 OK  97KB / 0.3s (277KB/s) [p8A4StGq]
    2022-12-29 18:00 OK  97KB / 0.4s (230KB/s) [p8A4StGq]
    2022-12-29 19:00 OK  97KB / 0.4s (267KB/s) [p8A4StGq]
    2022-12-30 06:00 OK  97KB / 0.4s (273KB/s) [p8A4StGq]
    2022-12-30 07:00 OK  97KB / 0.9s (109KB/s) [p8A4StGq]
  [2160/7865] 경과 1188s | 속도 109.1 hr/min | 사용 1.51GB
    2022-12-30 08:00 OK  160KB / 0.4s (365KB/s) [p8A4StGq]
    2022-12-30 17:00 OK  411KB / 0.4s (1026KB/s) [p8A4StGq]
    2022-12-30 18:00 OK  97KB / 0.2s (388KB/s) [p8A4StGq]
    2022-12-31 07:00 OK  97KB / 0.3s (281KB/s) [p8A4StGq]
    2022-12-30 20:00 OK  97KB / 0.5s (199KB/s) [p8A4StGq]
    2022-12-30 19:00 OK  97KB / 0.6s (171KB/s) [p8A4StGq]
    2022-12-31 06:00 OK  97KB / 0.3s (285KB/s) [p8A4StGq]
    2022-12-31 08:00 OK  157KB / 0.3s (471KB/s) [p8A4StGq]
    2022-12-31 17:00 OK  437KB / 0.5s (971KB/s) [p8A4StGq]
    2022-12-31 18:00 OK  97KB / 0.4s (274KB/s) [p8A4StGq]
    2022-12-31 19:00 OK  97KB / 0.3s (278KB/s) [p8A4StGq]
    2023-01-01 06:00 OK  97KB / 0.3s (295KB/s) [p8A4StGq]
    2022-12-31 20:00 OK  97KB / 0.3s (341KB/s) [p8A4StGq]
    2023-01-01 08:00 OK  155KB / 0.4s (346KB/s) [p8A4StGq]
    2023-01-01 07:00 OK  97KB / 0.5s (178KB/s) [p8A4StGq]
    2023-01-01 17:00 OK  466KB / 0.4s (1174KB/s) [p8A4StGq]
    2023-01-01 18:00 OK  97KB / 0.3s (288KB/s) [p8A4StGq]
    2023-01-01 19:00 OK  97KB / 0.4s (245KB/s) [p8A4StGq]
    2023-01-01 20:00 OK  97KB / 0.4s (276KB/s) [p8A4StGq]
    2023-01-02 06:00 OK  97KB / 0.3s (347KB/s) [p8A4StGq]
  [2180/7865] 경과 1199s | 속도 109.1 hr/min | 사용 1.52GB
    2023-01-02 07:00 OK  97KB / 0.3s (278KB/s) [p8A4StGq]
    2023-01-02 18:00 OK  97KB / 0.3s (294KB/s) [p8A4StGq]
    2023-01-02 19:00 OK  97KB / 0.3s (305KB/s) [p8A4StGq]
    2023-01-02 20:00 OK  97KB / 0.4s (246KB/s) [p8A4StGq]
    2023-01-02 17:00 OK  477KB / 0.4s (1125KB/s) [p8A4StGq]
    2023-01-02 08:00 OK  153KB / 0.4s (419KB/s) [p8A4StGq]
    2023-01-03 06:00 OK  97KB / 0.4s (273KB/s) [p8A4StGq]
    2023-01-03 07:00 OK  97KB / 0.5s (200KB/s) [p8A4StGq]
    2023-01-03 08:00 OK  152KB / 0.5s (307KB/s) [p8A4StGq]
    2023-01-03 17:00 OK  480KB / 0.4s (1337KB/s) [p8A4StGq]
    2023-01-03 19:00 OK  97KB / 0.4s (257KB/s) [p8A4StGq]
    2023-01-03 18:00 OK  97KB / 0.3s (327KB/s) [p8A4StGq]
    2023-01-03 20:00 OK  97KB / 0.3s (294KB/s) [p8A4StGq]
    2023-01-04 06:00 OK  97KB / 0.4s (241KB/s) [p8A4StGq]
    2023-01-04 07:00 OK  97KB / 0.3s (281KB/s) [p8A4StGq]
    2023-01-04 08:00 OK  152KB / 0.4s (411KB/s) [p8A4StGq]
    2023-01-04 17:00 OK  505KB / 0.4s (1145KB/s) [p8A4StGq]
    2023-01-04 18:00 OK  97KB / 0.4s (245KB/s) [p8A4StGq]
  [2200/7865] 경과 1210s | 속도 109.1 hr/min | 사용 1.52GB
    2023-01-04 19:00 OK  97KB / 0.4s (262KB/s) [p8A4StGq]
    2023-01-04 20:00 OK  97KB / 0.3s (348KB/s) [p8A4StGq]
    2023-01-05 17:00 OK  528KB / 0.4s (1438KB/s) [p8A4StGq]
    2023-01-05 08:00 OK  151KB / 0.4s (345KB/s) [p8A4StGq]
    2023-01-05 18:00 OK  97KB / 0.3s (283KB/s) [p8A4StGq]
    2023-01-05 06:00 OK  97KB / 0.3s (343KB/s) [p8A4StGq]
    2023-01-05 07:00 OK  97KB / 0.3s (337KB/s) [p8A4StGq]
    2023-01-05 19:00 OK  97KB / 0.6s (161KB/s) [p8A4StGq]
    2023-01-05 20:00 OK  97KB / 0.4s (240KB/s) [p8A4StGq]
    2023-01-06 06:00 OK  97KB / 0.5s (211KB/s) [p8A4StGq]
    2023-01-06 07:00 OK  97KB / 0.4s (238KB/s) [p8A4StGq]
    2023-01-06 08:00 OK  150KB / 0.4s (382KB/s) [p8A4StGq]
    2023-01-06 19:00 OK  97KB / 0.4s (231KB/s) [p8A4StGq]
    2023-01-06 20:00 OK  97KB / 0.4s (217KB/s) [p8A4StGq]
    2023-01-06 17:00 OK  534KB / 0.5s (1080KB/s) [p8A4StGq]
    2023-01-06 18:00 OK  97KB / 0.6s (172KB/s) [p8A4StGq]
    2023-01-07 06:00 OK  97KB / 0.8s (117KB/s) [p8A4StGq]
    2023-01-07 07:00 OK  97KB / 0.8s (118KB/s) [p8A4StGq]
  [2220/7865] 경과 1221s | 속도 109.1 hr/min | 사용 1.52GB
    2023-01-07 08:00 OK  150KB / 0.5s (274KB/s) [p8A4StGq]
    2023-01-07 18:00 OK  97KB / 0.4s (257KB/s) [p8A4StGq]
    2023-01-07 17:00 OK  556KB / 0.5s (1127KB/s) [p8A4StGq]
    2023-01-07 19:00 OK  97KB / 0.5s (208KB/s) [p8A4StGq]
    2023-01-07 20:00 OK  97KB / 0.4s (218KB/s) [p8A4StGq]
    2023-01-08 07:00 OK  97KB / 0.5s (186KB/s) [p8A4StGq]
    2023-01-08 06:00 OK  97KB / 0.9s (114KB/s) [p8A4StGq]
    2023-01-08 08:00 OK  151KB / 0.4s (386KB/s) [p8A4StGq]
    2023-01-08 17:00 OK  575KB / 0.6s (1000KB/s) [p8A4StGq]
    2023-01-08 18:00 OK  97KB / 0.5s (196KB/s) [p8A4StGq]
    2023-01-08 19:00 OK  97KB / 0.4s (225KB/s) [p8A4StGq]
    2023-01-09 07:00 OK  97KB / 0.3s (307KB/s) [p8A4StGq]
    2023-01-08 20:00 OK  97KB / 0.5s (207KB/s) [p8A4StGq]
    2023-01-09 08:00 OK  145KB / 0.3s (416KB/s) [p8A4StGq]
    2023-01-09 06:00 OK  97KB / 0.5s (211KB/s) [p8A4StGq]
    2023-01-09 17:00 OK  616KB / 0.5s (1348KB/s) [p8A4StGq]
    2023-01-09 18:00 OK  97KB / 0.4s (251KB/s) [p8A4StGq]
    2023-01-09 19:00 OK  97KB / 0.4s (264KB/s) [p8A4StGq]
    2023-01-09 20:00 OK  97KB / 0.5s (206KB/s) [p8A4StGq]
    2023-01-10 08:00 OK  152KB / 0.4s (394KB/s) [p8A4StGq]
  [2240/7865] 경과 1234s | 속도 108.9 hr/min | 사용 1.53GB
    2023-01-10 07:00 OK  97KB / 0.4s (230KB/s) [p8A4StGq]
    2023-01-10 06:00 OK  97KB / 0.5s (200KB/s) [p8A4StGq]
    2023-01-10 18:00 OK  97KB / 0.5s (177KB/s) [p8A4StGq]
    2023-01-10 19:00 OK  97KB / 0.4s (267KB/s) [p8A4StGq]
    2023-01-10 17:00 OK  641KB / 0.6s (1046KB/s) [p8A4StGq]
    2023-01-10 20:00 OK  97KB / 0.3s (379KB/s) [p8A4StGq]
    2023-01-11 06:00 OK  97KB / 0.4s (245KB/s) [p8A4StGq]
    2023-01-11 08:00 OK  152KB / 0.3s (497KB/s) [p8A4StGq]
    2023-01-11 07:00 OK  97KB / 0.7s (143KB/s) [p8A4StGq]
    2023-01-11 20:00 OK  97KB / 0.4s (272KB/s) [p8A4StGq]
    2023-01-12 06:00 OK  97KB / 0.3s (319KB/s) [p8A4StGq]
    2023-01-11 18:00 OK  97KB / 0.5s (191KB/s) [p8A4StGq]
    2023-01-11 17:00 OK  666KB / 0.8s (859KB/s) [p8A4StGq]
    2023-01-11 19:00 OK  97KB / 0.4s (222KB/s) [p8A4StGq]
    2023-01-12 07:00 OK  97KB / 0.4s (243KB/s) [p8A4StGq]
    2023-01-12 08:00 OK  148KB / 0.5s (283KB/s) [p8A4StGq]
    2023-01-12 17:00 OK  734KB / 0.4s (1953KB/s) [p8A4StGq]
    2023-01-12 19:00 OK  97KB / 0.3s (296KB/s) [p8A4StGq]
    2023-01-13 06:00 OK  97KB / 0.3s (291KB/s) [p8A4StGq]
    2023-01-13 08:00 OK  156KB / 0.3s (481KB/s) [p8A4StGq]
    2023-01-13 07:00 OK  97KB / 0.6s (176KB/s) [p8A4StGq]
    2023-01-12 20:00 OK  97KB / 0.6s (173KB/s) [p8A4StGq]
    2023-01-12 18:00 OK  97KB / 0.7s (132KB/s) [p8A4StGq]
    2023-01-13 17:00 OK  760KB / 0.7s (1056KB/s) [p8A4StGq]
    2023-01-13 18:00 OK  97KB / 0.5s (193KB/s) [p8A4StGq]
  [2260/7865] 경과 1247s | 속도 108.8 hr/min | 사용 1.53GB
    2023-01-13 19:00 OK  97KB / 0.3s (314KB/s) [p8A4StGq]
    2023-01-14 06:00 OK  97KB / 0.3s (280KB/s) [p8A4StGq]
    2023-01-14 07:00 OK  97KB / 0.4s (217KB/s) [p8A4StGq]
    2023-01-13 20:00 OK  97KB / 0.7s (148KB/s) [p8A4StGq]
    2023-01-14 18:00 OK  97KB / 0.3s (308KB/s) [p8A4StGq]
    2023-01-14 17:00 OK  794KB / 0.5s (1721KB/s) [p8A4StGq]
    2023-01-14 08:00 OK  159KB / 1.1s (148KB/s) [p8A4StGq]
    2023-01-14 19:00 OK  97KB / 0.7s (148KB/s) [p8A4StGq]
    2023-01-14 20:00 OK  97KB / 0.6s (164KB/s) [p8A4StGq]
    2023-01-15 06:00 OK  97KB / 0.3s (310KB/s) [p8A4StGq]
    2023-01-15 07:00 OK  97KB / 0.4s (262KB/s) [p8A4StGq]
    2023-01-15 08:00 OK  162KB / 0.3s (501KB/s) [p8A4StGq]
    2023-01-15 18:00 OK  97KB / 0.4s (244KB/s) [p8A4StGq]
    2023-01-15 17:00 OK  812KB / 0.5s (1763KB/s) [p8A4StGq]
    2023-01-15 20:00 OK  97KB / 0.4s (258KB/s) [p8A4StGq]
    2023-01-15 19:00 OK  97KB / 0.4s (222KB/s) [p8A4StGq]
    2023-01-16 06:00 OK  97KB / 0.4s (227KB/s) [p8A4StGq]
    2023-01-16 07:00 OK  97KB / 0.3s (287KB/s) [p8A4StGq]
    2023-01-16 08:00 OK  165KB / 0.4s (407KB/s) [p8A4StGq]
  [2280/7865] 경과 1257s | 속도 108.8 hr/min | 사용 1.53GB
    2023-01-16 19:00 OK  97KB / 0.6s (163KB/s) [p8A4StGq]
    2023-01-17 06:00 OK  97KB / 0.4s (233KB/s) [p8A4StGq]
    2023-01-16 20:00 OK  97KB / 0.5s (201KB/s) [p8A4StGq]
    2023-01-16 17:00 OK  847KB / 1.0s (833KB/s) [p8A4StGq]
    2023-01-17 08:00 OK  169KB / 0.4s (448KB/s) [p8A4StGq]
    2023-01-16 18:00 OK  97KB / 0.6s (149KB/s) [p8A4StGq]
    2023-01-17 07:00 OK  97KB / 0.4s (228KB/s) [p8A4StGq]
    2023-01-17 17:00 OK  876KB / 0.4s (1958KB/s) [p8A4StGq]
    2023-01-17 18:00 OK  97KB / 0.4s (235KB/s) [p8A4StGq]
    2023-01-18 06:00 OK  97KB / 0.4s (251KB/s) [p8A4StGq]
    2023-01-18 08:00 OK  175KB / 0.3s (546KB/s) [p8A4StGq]
    2023-01-18 18:00 OK  97KB / 0.4s (249KB/s) [p8A4StGq]
    2023-01-17 19:00 OK  97KB / 0.5s (177KB/s) [p8A4StGq]
    2023-01-18 17:00 OK  892KB / 0.7s (1310KB/s) [p8A4StGq]
    2023-01-18 07:00 OK  97KB / 0.8s (116KB/s) [p8A4StGq]
    2023-01-17 20:00 OK  97KB / 0.7s (131KB/s) [p8A4StGq]
  [2300/7865] 경과 1269s | 속도 108.8 hr/min | 사용 1.54GB
    2023-01-18 19:00 OK  97KB / 0.5s (183KB/s) [p8A4StGq]
    2023-01-18 20:00 OK  97KB / 0.5s (183KB/s) [p8A4StGq]
    2023-01-19 06:00 OK  97KB / 0.4s (261KB/s) [p8A4StGq]
    2023-01-19 07:00 OK  97KB / 0.4s (232KB/s) [p8A4StGq]
    2023-01-19 18:00 OK  97KB / 0.3s (286KB/s) [p8A4StGq]
    2023-01-19 08:00 OK  180KB / 0.4s (412KB/s) [p8A4StGq]
    2023-01-19 17:00 OK  925KB / 2.3s (397KB/s) [p8A4StGq]
    2023-01-19 19:00 OK  97KB / 2.2s (44KB/s) [p8A4StGq]
    2023-01-19 20:00 OK  97KB / 0.2s (422KB/s) [p8A4StGq]
    2023-01-20 06:00 OK  97KB / 0.2s (399KB/s) [p8A4StGq]
    2023-01-20 07:00 OK  97KB / 0.3s (282KB/s) [p8A4StGq]
    2023-01-20 18:00 OK  97KB / 0.2s (444KB/s) [p8A4StGq]
    2023-01-20 08:00 OK  186KB / 0.3s (644KB/s) [p8A4StGq]
    2023-01-20 17:00 OK  996KB / 0.5s (1941KB/s) [p8A4StGq]
    2023-01-20 19:00 OK  97KB / 0.4s (249KB/s) [p8A4StGq]
    2023-01-20 20:00 OK  97KB / 0.4s (258KB/s) [p8A4StGq]
    2023-01-21 06:00 OK  97KB / 0.6s (174KB/s) [p8A4StGq]
    2023-01-21 07:00 OK  97KB / 0.2s (392KB/s) [p8A4StGq]
    2023-01-21 08:00 OK  193KB / 0.4s (522KB/s) [p8A4StGq]
    2023-01-21 18:00 OK  97KB / 0.4s (262KB/s) [p8A4StGq]
  [2320/7865] 경과 1281s | 속도 108.6 hr/min | 사용 1.54GB
    2023-01-21 17:00 OK  1038KB / 0.5s (2156KB/s) [p8A4StGq]
    2023-01-21 20:00 OK  97KB / 0.3s (372KB/s) [p8A4StGq]
    2023-01-22 06:00 OK  97KB / 0.2s (430KB/s) [p8A4StGq]
    2023-01-22 07:00 OK  97KB / 0.3s (363KB/s) [p8A4StGq]
    2023-01-22 08:00 OK  199KB / 0.3s (691KB/s) [p8A4StGq]
    2023-01-21 19:00 OK  97KB / 0.4s (270KB/s) [p8A4StGq]
    2023-01-22 17:00 OK  1084KB / 0.4s (2635KB/s) [p8A4StGq]
    2023-01-22 18:00 OK  97KB / 0.2s (391KB/s) [p8A4StGq]
    2023-01-22 19:00 OK  97KB / 0.2s (419KB/s) [p8A4StGq]
    2023-01-23 06:00 OK  97KB / 0.3s (288KB/s) [p8A4StGq]
    2023-01-22 20:00 OK  97KB / 0.4s (228KB/s) [p8A4StGq]
    2023-01-23 07:00 OK  97KB / 0.4s (241KB/s) [p8A4StGq]
    2023-01-23 18:00 OK  97KB / 0.4s (248KB/s) [p8A4StGq]
    2023-01-23 08:00 OK  207KB / 0.5s (457KB/s) [p8A4StGq]
    2023-01-23 17:00 OK  1126KB / 0.8s (1488KB/s) [p8A4StGq]
    2023-01-23 20:00 OK  97KB / 0.4s (218KB/s) [p8A4StGq]
    2023-01-23 19:00 OK  97KB / 0.4s (227KB/s) [p8A4StGq]
    2023-01-24 06:00 OK  97KB / 0.2s (421KB/s) [p8A4StGq]
    2023-01-24 07:00 OK  97KB / 0.3s (324KB/s) [p8A4StGq]
    2023-01-24 08:00 OK  217KB / 0.6s (356KB/s) [p8A4StGq]
  [2340/7865] 경과 1292s | 속도 108.6 hr/min | 사용 1.55GB
    2023-01-24 18:00 OK  97KB / 0.6s (160KB/s) [p8A4StGq]
    2023-01-24 19:00 OK  97KB / 0.5s (191KB/s) [p8A4StGq]
    2023-01-25 06:00 OK  97KB / 0.4s (269KB/s) [p8A4StGq]
    2023-01-24 20:00 OK  97KB / 0.4s (254KB/s) [p8A4StGq]
    2023-01-24 17:00 OK  1199KB / 1.0s (1220KB/s) [p8A4StGq]
    2023-01-25 07:00 OK  97KB / 0.3s (378KB/s) [p8A4StGq]
    2023-01-25 08:00 OK  228KB / 0.3s (693KB/s) [p8A4StGq]
    2023-01-25 17:00 OK  1225KB / 0.6s (2033KB/s) [p8A4StGq]
    2023-01-25 18:00 OK  97KB / 0.3s (288KB/s) [p8A4StGq]
    2023-01-25 19:00 OK  97KB / 0.4s (256KB/s) [p8A4StGq]
    2023-01-25 20:00 OK  97KB / 0.3s (362KB/s) [p8A4StGq]
    2023-01-26 07:00 OK  97KB / 0.3s (331KB/s) [p8A4StGq]
    2023-01-26 06:00 OK  97KB / 0.3s (377KB/s) [p8A4StGq]
    2023-01-26 17:00 OK  1264KB / 0.5s (2523KB/s) [p8A4StGq]
    2023-01-26 08:00 OK  237KB / 0.7s (347KB/s) [p8A4StGq]
    2023-01-26 18:00 OK  97KB / 0.4s (265KB/s) [p8A4StGq]
    2023-01-26 19:00 OK  97KB / 0.3s (345KB/s) [p8A4StGq]
    2023-01-26 20:00 OK  97KB / 0.2s (392KB/s) [p8A4StGq]
    2023-01-27 06:00 OK  97KB / 0.3s (334KB/s) [p8A4StGq]
  [2360/7865] 경과 1303s | 속도 108.7 hr/min | 사용 1.55GB
    2023-01-27 07:00 OK  97KB / 0.3s (316KB/s) [p8A4StGq]
    2023-01-27 18:00 OK  97KB / 0.3s (309KB/s) [p8A4StGq]
    2023-01-27 19:00 OK  97KB / 0.3s (301KB/s) [p8A4StGq]
    2023-01-27 08:00 OK  244KB / 0.5s (479KB/s) [p8A4StGq]
    2023-01-27 17:00 OK  1310KB / 0.6s (2220KB/s) [p8A4StGq]
    2023-01-27 20:00 OK  97KB / 0.2s (423KB/s) [p8A4StGq]
    2023-01-28 06:00 OK  97KB / 0.2s (439KB/s) [p8A4StGq]
    2023-01-28 07:00 OK  97KB / 0.3s (341KB/s) [p8A4StGq]
    2023-01-28 08:00 OK  264KB / 0.4s (745KB/s) [p8A4StGq]
    2023-01-28 17:00 OK  1322KB / 0.4s (3085KB/s) [p8A4StGq]
    2023-01-28 18:00 OK  97KB / 0.3s (306KB/s) [p8A4StGq]
    2023-01-28 19:00 OK  97KB / 0.3s (322KB/s) [p8A4StGq]
    2023-01-28 20:00 OK  97KB / 0.6s (176KB/s) [p8A4StGq]
    2023-01-29 06:00 OK  97KB / 0.4s (233KB/s) [p8A4StGq]
    2023-01-29 07:00 OK  97KB / 0.4s (235KB/s) [p8A4StGq]
    2023-01-29 08:00 OK  277KB / 0.5s (610KB/s) [p8A4StGq]
    2023-01-29 17:00 OK  1340KB / 0.7s (2035KB/s) [p8A4StGq]
    2023-01-29 18:00 OK  97KB / 0.3s (363KB/s) [p8A4StGq]
    2023-01-29 19:00 OK  97KB / 0.2s (391KB/s) [p8A4StGq]
    2023-01-29 20:00 OK  97KB / 0.3s (333KB/s) [p8A4StGq]
  [2380/7865] 경과 1315s | 속도 108.6 hr/min | 사용 1.56GB
    2023-01-30 07:00 OK  97KB / 0.3s (283KB/s) [p8A4StGq]
    2023-01-30 06:00 OK  97KB / 0.3s (283KB/s) [p8A4StGq]
    2023-01-30 08:00 OK  294KB / 0.3s (939KB/s) [p8A4StGq]
    2023-01-30 17:00 OK  1347KB / 0.4s (3177KB/s) [p8A4StGq]
    2023-01-30 18:00 OK  97KB / 0.3s (333KB/s) [p8A4StGq]
    2023-01-30 19:00 OK  97KB / 0.3s (279KB/s) [p8A4StGq]
    2023-01-30 20:00 OK  97KB / 0.4s (216KB/s) [p8A4StGq]
    2023-01-31 06:00 OK  97KB / 0.3s (328KB/s) [p8A4StGq]
    2023-01-31 07:00 OK  97KB / 0.3s (318KB/s) [p8A4StGq]
    2023-01-31 20:00 OK  97KB / 0.3s (385KB/s) [p8A4StGq]
    2023-01-31 08:00 OK  308KB / 0.3s (920KB/s) [p8A4StGq]
    2023-01-31 18:00 OK  97KB / 0.3s (296KB/s) [p8A4StGq]
    2023-01-31 19:00 OK  97KB / 0.3s (305KB/s) [p8A4StGq]
    2023-02-01 06:00 OK  97KB / 0.3s (320KB/s) [p8A4StGq]
    2023-02-01 08:00 OK  328KB / 0.3s (956KB/s) [p8A4StGq]
    2023-02-01 07:00 OK  97KB / 0.3s (353KB/s) [p8A4StGq]
    2023-02-01 18:00 OK  97KB / 0.3s (306KB/s) [p8A4StGq]
    2023-02-01 19:00 OK  97KB / 0.3s (300KB/s) [p8A4StGq]
    2023-02-02 06:00 OK  97KB / 0.2s (395KB/s) [p8A4StGq]
    2023-02-01 20:00 OK  97KB / 0.4s (258KB/s) [p8A4StGq]
    2023-02-02 19:00 OK  97KB / 0.4s (271KB/s) [p8A4StGq]
    2023-02-02 18:00 OK  97KB / 0.3s (348KB/s) [p8A4StGq]
    2023-02-02 08:00 OK  344KB / 0.4s (801KB/s) [p8A4StGq]
    2023-02-02 07:00 OK  97KB / 0.4s (262KB/s) [p8A4StGq]
    2023-02-02 20:00 OK  97KB / 0.3s (329KB/s) [p8A4StGq]
    2023-02-03 06:00 OK  97KB / 0.3s (294KB/s) [p8A4StGq]
  [2400/7865] 경과 1329s | 속도 108.4 hr/min | 사용 1.56GB
    2023-02-03 07:00 OK  97KB / 0.3s (352KB/s) [p8A4StGq]
    2023-02-03 20:00 OK  97KB / 0.3s (286KB/s) [p8A4StGq]
    2023-02-03 18:00 OK  97KB / 0.3s (306KB/s) [p8A4StGq]
    2023-02-03 19:00 OK  97KB / 0.3s (284KB/s) [p8A4StGq]
    2023-02-04 07:00 OK  97KB / 0.3s (321KB/s) [p8A4StGq]
    2023-02-04 06:00 OK  97KB / 0.3s (378KB/s) [p8A4StGq]
    2023-02-03 08:00 OK  368KB / 0.3s (1203KB/s) [p8A4StGq]
    2023-02-04 08:00 OK  391KB / 0.5s (851KB/s) [p8A4StGq]
    2023-02-04 18:00 OK  97KB / 0.4s (250KB/s) [p8A4StGq]
    2023-02-05 19:00 FAIL (0.4s) [p8A4StGq]
    2023-02-05 20:00 FAIL (0.4s) [p8A4StGq]
    2023-02-04 19:00 OK  97KB / 0.4s (266KB/s) [p8A4StGq]
    2023-02-05 06:00 OK  97KB / 0.3s (360KB/s) [p8A4StGq]
    2023-02-04 20:00 OK  97KB / 0.4s (247KB/s) [p8A4StGq]
    2023-02-05 07:00 OK  97KB / 0.4s (236KB/s) [p8A4StGq]
    2023-02-05 08:00 OK  410KB / 0.6s (710KB/s) [p8A4StGq]
    2023-02-05 18:00 OK  98KB / 0.6s (174KB/s) [p8A4StGq]
    2023-02-06 07:00 OK  97KB / 0.4s (251KB/s) [p8A4StGq]
    2023-02-06 06:00 OK  97KB / 0.5s (187KB/s) [p8A4StGq]
  [2420/7865] 경과 1339s | 속도 108.4 hr/min | 사용 1.56GB
    2023-02-06 08:00 OK  437KB / 0.4s (1026KB/s) [p8A4StGq]
    2023-02-06 18:00 OK  101KB / 0.5s (209KB/s) [p8A4StGq]
    2023-02-06 20:00 OK  97KB / 0.5s (204KB/s) [p8A4StGq]
    2023-02-07 06:00 OK  97KB / 0.4s (244KB/s) [p8A4StGq]
    2023-02-06 19:00 OK  97KB / 0.5s (189KB/s) [p8A4StGq]
    2023-02-06 12:00 OK  3153KB / 1.4s (2278KB/s) [p8A4StGq]
    2023-02-07 07:00 OK  97KB / 0.4s (221KB/s) [p8A4StGq]
    2023-02-07 08:00 OK  468KB / 0.7s (698KB/s) [p8A4StGq]
    2023-02-07 18:00 OK  106KB / 0.6s (177KB/s) [p8A4StGq]
    2023-02-07 19:00 OK  97KB / 0.5s (197KB/s) [p8A4StGq]
    2023-02-07 20:00 OK  97KB / 0.4s (271KB/s) [p8A4StGq]
    2023-02-08 06:00 OK  97KB / 0.3s (278KB/s) [p8A4StGq]
    2023-02-08 07:00 OK  97KB / 0.3s (371KB/s) [p8A4StGq]
    2023-02-08 20:00 OK  97KB / 0.4s (268KB/s) [p8A4StGq]
    2023-02-08 18:00 OK  112KB / 0.4s (313KB/s) [p8A4StGq]
    2023-02-08 19:00 OK  97KB / 0.4s (219KB/s) [p8A4StGq]
    2023-02-08 08:00 OK  508KB / 0.8s (646KB/s) [p8A4StGq]
    2023-02-09 06:00 OK  97KB / 0.4s (248KB/s) [p8A4StGq]
    2023-02-09 07:00 OK  97KB / 0.5s (208KB/s) [p8A4StGq]
    2023-02-09 08:00 OK  539KB / 0.5s (1175KB/s) [p8A4StGq]
  [2440/7865] 경과 1351s | 속도 108.4 hr/min | 사용 1.57GB
    2023-02-09 18:00 OK  122KB / 0.7s (176KB/s) [p8A4StGq]
    2023-02-09 20:00 OK  97KB / 0.5s (190KB/s) [p8A4StGq]
    2023-02-09 19:00 OK  97KB / 0.5s (183KB/s) [p8A4StGq]
    2023-02-10 06:00 OK  97KB / 0.8s (120KB/s) [p8A4StGq]
    2023-02-10 07:00 OK  97KB / 0.8s (123KB/s) [p8A4StGq]
    2023-02-10 08:00 OK  569KB / 1.0s (548KB/s) [p8A4StGq]
    2023-02-10 18:00 OK  133KB / 0.7s (188KB/s) [p8A4StGq]
    2023-02-10 19:00 OK  97KB / 0.5s (198KB/s) [p8A4StGq]
    2023-02-10 20:00 OK  97KB / 0.3s (302KB/s) [p8A4StGq]
    2023-02-11 07:00 OK  97KB / 0.2s (396KB/s) [p8A4StGq]
    2023-02-11 06:00 OK  97KB / 0.3s (343KB/s) [p8A4StGq]
    2023-02-11 18:00 OK  146KB / 0.4s (404KB/s) [p8A4StGq]
    2023-02-11 08:00 OK  607KB / 0.5s (1256KB/s) [p8A4StGq]
    2023-02-11 19:00 OK  97KB / 0.4s (260KB/s) [p8A4StGq]
    2023-02-12 06:00 OK  97KB / 0.4s (273KB/s) [p8A4StGq]
    2023-02-11 20:00 OK  97KB / 0.3s (337KB/s) [p8A4StGq]
    2023-02-12 07:00 OK  97KB / 0.3s (358KB/s) [p8A4StGq]
    2023-02-12 08:00 OK  628KB / 0.8s (770KB/s) [p8A4StGq]
  [2460/7865] 경과 1362s | 속도 108.4 hr/min | 사용 1.57GB
    2023-02-12 19:00 OK  97KB / 0.3s (318KB/s) [p8A4StGq]
    2023-02-12 18:00 OK  160KB / 1.5s (107KB/s) [p8A4StGq]
    2023-02-13 08:00 OK  691KB / 0.5s (1355KB/s) [p8A4StGq]
    2023-02-13 07:00 OK  97KB / 0.5s (213KB/s) [p8A4StGq]
    2023-02-13 18:00 OK  176KB / 0.4s (427KB/s) [p8A4StGq]
    2023-02-12 20:00 OK  97KB / 0.5s (212KB/s) [p8A4StGq]
    2023-02-13 06:00 OK  97KB / 0.8s (116KB/s) [p8A4StGq]
    2023-02-13 19:00 OK  97KB / 0.4s (275KB/s) [p8A4StGq]
    2023-02-13 20:00 OK  97KB / 0.3s (291KB/s) [p8A4StGq]
    2023-02-14 06:00 OK  97KB / 0.3s (286KB/s) [p8A4StGq]
    2023-02-14 07:00 OK  97KB / 0.3s (286KB/s) [p8A4StGq]
    2023-02-14 19:00 OK  97KB / 0.3s (351KB/s) [p8A4StGq]
    2023-02-14 18:00 OK  191KB / 0.3s (648KB/s) [p8A4StGq]
    2023-02-14 20:00 OK  97KB / 0.4s (238KB/s) [p8A4StGq]
    2023-02-14 08:00 OK  746KB / 0.5s (1411KB/s) [p8A4StGq]
    2023-02-15 06:00 OK  97KB / 0.4s (241KB/s) [p8A4StGq]
    2023-02-15 07:00 OK  97KB / 0.4s (268KB/s) [p8A4StGq]
    2023-02-15 08:00 OK  801KB / 0.4s (1844KB/s) [p8A4StGq]
  [2480/7865] 경과 1373s | 속도 108.4 hr/min | 사용 1.58GB
    2023-02-15 18:00 OK  209KB / 0.4s (593KB/s) [p8A4StGq]
    2023-02-15 19:00 OK  97KB / 0.3s (333KB/s) [p8A4StGq]
    2023-02-15 20:00 OK  97KB / 0.3s (342KB/s) [p8A4StGq]
    2023-02-16 07:00 OK  97KB / 0.3s (287KB/s) [p8A4StGq]
    2023-02-16 19:00 OK  97KB / 0.3s (309KB/s) [p8A4StGq]
    2023-02-16 06:00 OK  97KB / 0.3s (377KB/s) [p8A4StGq]
    2023-02-16 18:00 OK  234KB / 0.4s (637KB/s) [p8A4StGq]
    2023-02-16 08:00 OK  813KB / 0.4s (2191KB/s) [p8A4StGq]
    2023-02-16 20:00 OK  97KB / 0.3s (280KB/s) [p8A4StGq]
    2023-02-17 06:00 OK  97KB / 0.3s (280KB/s) [p8A4StGq]
    2023-02-17 18:00 OK  249KB / 0.3s (741KB/s) [p8A4StGq]
    2023-02-17 19:00 OK  97KB / 0.4s (233KB/s) [p8A4StGq]
    2023-02-17 07:00 OK  97KB / 0.5s (198KB/s) [p8A4StGq]
    2023-02-17 08:00 OK  865KB / 0.4s (2022KB/s) [p8A4StGq]
    2023-02-17 20:00 OK  97KB / 0.4s (233KB/s) [p8A4StGq]
    2023-02-18 06:00 OK  97KB / 0.4s (235KB/s) [p8A4StGq]
    2023-02-18 07:00 OK  97KB / 0.3s (344KB/s) [p8A4StGq]
    2023-02-18 08:00 OK  911KB / 0.4s (2087KB/s) [p8A4StGq]
    2023-02-19 18:00 FAIL (0.2s) [p8A4StGq]
    2023-02-19 19:00 FAIL (0.2s) [p8A4StGq]
    2023-02-18 18:00 OK  280KB / 0.3s (818KB/s) [p8A4StGq]
    2023-02-18 19:00 OK  97KB / 0.3s (281KB/s) [p8A4StGq]
    2023-02-18 20:00 OK  97KB / 0.3s (327KB/s) [p8A4StGq]
    2023-02-19 06:00 OK  97KB / 0.3s (360KB/s) [p8A4StGq]
    2023-02-19 07:00 OK  97KB / 0.4s (261KB/s) [p8A4StGq]
    2023-02-19 08:00 OK  979KB / 0.5s (2023KB/s) [p8A4StGq]
  [2500/7865] 경과 1386s | 속도 108.3 hr/min | 사용 1.58GB
    2023-02-20 06:00 OK  97KB / 0.3s (333KB/s) [p8A4StGq]
    2023-02-19 20:00 OK  97KB / 0.4s (264KB/s) [p8A4StGq]
    2023-02-20 07:00 OK  97KB / 0.4s (255KB/s) [p8A4StGq]
    2023-02-20 08:00 OK  1032KB / 0.5s (2107KB/s) [p8A4StGq]
    2023-02-21 06:00 OK  97KB / 0.4s (273KB/s) [p8A4StGq]
    2023-02-20 20:00 OK  97KB / 0.5s (192KB/s) [p8A4StGq]
    2023-02-20 18:00 OK  329KB / 0.6s (517KB/s) [p8A4StGq]
    2023-02-20 19:00 OK  97KB / 0.4s (254KB/s) [p8A4StGq]
    2023-02-21 18:00 OK  367KB / 0.4s (925KB/s) [p8A4StGq]
    2023-02-21 08:00 OK  1098KB / 0.5s (2367KB/s) [p8A4StGq]
    2023-02-21 07:00 OK  97KB / 0.3s (373KB/s) [p8A4StGq]
    2023-02-21 19:00 OK  97KB / 0.3s (379KB/s) [p8A4StGq]
    2023-02-21 20:00 OK  97KB / 0.3s (291KB/s) [p8A4StGq]
    2023-02-22 06:00 OK  97KB / 0.4s (257KB/s) [p8A4StGq]
    2023-02-22 07:00 OK  97KB / 0.4s (267KB/s) [p8A4StGq]
  [2520/7865] 경과 1395s | 속도 108.4 hr/min | 사용 1.59GB
    2023-02-22 20:00 OK  97KB / 0.4s (262KB/s) [p8A4StGq]
    2023-02-22 08:00 OK  1111KB / 0.6s (1871KB/s) [p8A4StGq]
    2023-02-22 19:00 OK  97KB / 0.3s (306KB/s) [p8A4StGq]
    2023-02-22 18:00 OK  398KB / 0.4s (1044KB/s) [p8A4StGq]
    2023-02-23 06:00 OK  97KB / 0.4s (218KB/s) [p8A4StGq]
    2023-02-23 07:00 OK  97KB / 0.4s (228KB/s) [p8A4StGq]
    2023-02-23 18:00 OK  437KB / 0.5s (953KB/s) [p8A4StGq]
    2023-02-23 19:00 OK  97KB / 0.4s (271KB/s) [p8A4StGq]
    2023-02-24 19:00 OK  97KB / 0.3s (310KB/s) [p8A4StGq]
    2023-02-24 07:00 OK  97KB / 0.3s (300KB/s) [p8A4StGq]
    2023-02-24 06:00 OK  97KB / 0.3s (294KB/s) [p8A4StGq]
    2023-02-23 20:00 OK  97KB / 0.5s (178KB/s) [p8A4StGq]
    2023-02-24 18:00 OK  470KB / 0.4s (1082KB/s) [p8A4StGq]
    2023-02-24 20:00 OK  97KB / 0.4s (273KB/s) [p8A4StGq]
    2023-02-25 06:00 OK  97KB / 0.2s (391KB/s) [p8A4StGq]
    2023-02-25 07:00 OK  97KB / 0.4s (231KB/s) [p8A4StGq]
    2023-02-25 18:00 OK  492KB / 0.4s (1394KB/s) [p8A4StGq]
    2023-02-25 19:00 OK  97KB / 0.3s (283KB/s) [p8A4StGq]
    2023-02-25 20:00 OK  97KB / 0.3s (381KB/s) [p8A4StGq]
    2023-02-26 06:00 OK  97KB / 0.3s (364KB/s) [p8A4StGq]
    2023-02-26 18:00 OK  529KB / 0.4s (1235KB/s) [p8A4StGq]
    2023-02-26 20:00 OK  97KB / 0.4s (262KB/s) [p8A4StGq]
    2023-02-26 07:00 OK  97KB / 0.5s (176KB/s) [p8A4StGq]
    2023-02-26 19:00 OK  97KB / 0.3s (357KB/s) [p8A4StGq]
    2023-02-27 06:00 OK  97KB / 0.4s (271KB/s) [p8A4StGq]
  [2540/7865] 경과 1407s | 속도 108.3 hr/min | 사용 1.59GB
    2023-02-27 07:00 OK  97KB / 0.3s (296KB/s) [p8A4StGq]
    2023-02-27 18:00 OK  572KB / 0.6s (1027KB/s) [p8A4StGq]
    2023-02-27 19:00 OK  97KB / 0.4s (263KB/s) [p8A4StGq]
    2023-02-28 18:00 OK  635KB / 0.5s (1373KB/s) [p8A4StGq]
    2023-02-28 06:00 OK  97KB / 0.5s (202KB/s) [p8A4StGq]
    2023-02-28 07:00 OK  97KB / 0.4s (217KB/s) [p8A4StGq]
    2023-02-27 20:00 OK  97KB / 0.4s (242KB/s) [p8A4StGq]
    2023-02-28 19:00 OK  97KB / 0.2s (391KB/s) [p8A4StGq]
    2023-02-28 20:00 OK  97KB / 0.3s (326KB/s) [p8A4StGq]
    2023-03-01 06:00 OK  97KB / 0.3s (351KB/s) [p8A4StGq]
    2023-03-01 07:00 OK  97KB / 0.2s (404KB/s) [p8A4StGq]
    2023-03-02 18:00 FAIL (0.3s) [p8A4StGq]
    2023-03-01 19:00 OK  97KB / 0.3s (283KB/s) [p8A4StGq]
    2023-03-01 20:00 OK  97KB / 0.4s (264KB/s) [p8A4StGq]
    2023-03-02 06:00 OK  97KB / 0.3s (355KB/s) [p8A4StGq]
    2023-03-01 18:00 OK  659KB / 0.5s (1411KB/s) [p8A4StGq]
    2023-03-02 07:00 OK  97KB / 0.3s (339KB/s) [p8A4StGq]
    2023-03-02 19:00 OK  97KB / 0.3s (331KB/s) [p8A4StGq]
    2023-03-02 20:00 OK  97KB / 0.4s (257KB/s) [p8A4StGq]
    2023-03-03 06:00 OK  97KB / 0.3s (284KB/s) [p8A4StGq]
  [2560/7865] 경과 1417s | 속도 108.4 hr/min | 사용 1.59GB
    2023-03-03 07:00 OK  97KB / 0.3s (299KB/s) [p8A4StGq]
    2023-03-03 20:00 OK  97KB / 0.3s (359KB/s) [p8A4StGq]
    2023-03-03 19:00 OK  97KB / 0.3s (290KB/s) [p8A4StGq]
    2023-03-03 18:00 OK  744KB / 0.5s (1575KB/s) [p8A4StGq]
    2023-03-03 15:00 OK  3074KB / 0.7s (4341KB/s) [p8A4StGq]
    2023-03-04 06:00 OK  97KB / 0.3s (277KB/s) [p8A4StGq]
    2023-03-04 07:00 OK  97KB / 0.3s (360KB/s) [p8A4StGq]
    2023-03-04 18:00 OK  766KB / 0.3s (2206KB/s) [p8A4StGq]
    2023-03-04 19:00 OK  97KB / 0.3s (283KB/s) [p8A4StGq]
    2023-03-04 20:00 OK  97KB / 0.3s (354KB/s) [p8A4StGq]
    2023-03-05 06:00 OK  97KB / 0.3s (361KB/s) [p8A4StGq]
    2023-03-05 07:00 OK  97KB / 0.3s (363KB/s) [p8A4StGq]
    2023-03-05 08:00 OK  1581KB / 0.5s (3290KB/s) [p8A4StGq]
    2023-03-05 10:00 OK  3025KB / 0.8s (3638KB/s) [p8A4StGq]
    2023-03-05 11:00 OK  3045KB / 1.3s (2361KB/s) [p8A4StGq]
    2023-03-05 09:00 OK  2969KB / 1.4s (2197KB/s) [p8A4StGq]
    2023-03-05 12:00 OK  3049KB / 0.8s (3687KB/s) [p8A4StGq]
    2023-03-05 13:00 OK  3038KB / 0.6s (5033KB/s) [p8A4StGq]
    2023-03-05 14:00 OK  3006KB / 0.6s (4659KB/s) [p8A4StGq]
  [2580/7865] 경과 1428s | 속도 108.4 hr/min | 사용 1.62GB
    2023-03-05 15:00 OK  2992KB / 0.7s (4125KB/s) [p8A4StGq]
    2023-03-05 16:00 OK  2961KB / 0.8s (3918KB/s) [p8A4StGq]
    2023-03-05 19:00 OK  97KB / 0.3s (313KB/s) [p8A4StGq]
    2023-03-05 20:00 OK  97KB / 0.5s (198KB/s) [p8A4StGq]
    2023-03-05 18:00 OK  788KB / 0.8s (974KB/s) [p8A4StGq]
    2023-03-05 17:00 OK  2682KB / 1.1s (2408KB/s) [p8A4StGq]
    2023-03-06 06:00 OK  97KB / 0.3s (289KB/s) [p8A4StGq]
    2023-03-06 07:00 OK  97KB / 0.3s (286KB/s) [p8A4StGq]
    2023-03-06 18:00 OK  830KB / 0.7s (1217KB/s) [p8A4StGq]
    2023-03-06 19:00 OK  97KB / 0.3s (329KB/s) [p8A4StGq]
    2023-03-06 20:00 OK  97KB / 0.2s (392KB/s) [p8A4StGq]
    2023-03-07 06:00 OK  97KB / 0.4s (266KB/s) [p8A4StGq]
    2023-03-07 19:00 OK  97KB / 0.3s (380KB/s) [p8A4StGq]
    2023-03-07 07:00 OK  97KB / 0.3s (321KB/s) [p8A4StGq]
    2023-03-08 06:00 OK  97KB / 0.3s (333KB/s) [p8A4StGq]
    2023-03-07 18:00 OK  872KB / 0.5s (1766KB/s) [p8A4StGq]
    2023-03-08 07:00 OK  97KB / 0.2s (428KB/s) [p8A4StGq]
    2023-03-07 20:00 OK  97KB / 0.4s (263KB/s) [p8A4StGq]
    2023-03-08 18:00 OK  936KB / 0.6s (1606KB/s) [p8A4StGq]
    2023-03-08 19:00 OK  97KB / 0.4s (246KB/s) [p8A4StGq]
  [2600/7865] 경과 1439s | 속도 108.4 hr/min | 사용 1.63GB
    2023-03-08 20:00 OK  97KB / 0.4s (253KB/s) [p8A4StGq]
    2023-03-09 06:00 OK  97KB / 0.3s (344KB/s) [p8A4StGq]
    2023-03-09 19:00 OK  97KB / 0.4s (226KB/s) [p8A4StGq]
    2023-03-09 20:00 OK  97KB / 0.3s (349KB/s) [p8A4StGq]
    2023-03-09 07:00 OK  97KB / 0.3s (284KB/s) [p8A4StGq]
    2023-03-09 18:00 OK  938KB / 0.7s (1376KB/s) [p8A4StGq]
    2023-03-10 06:00 OK  97KB / 0.2s (433KB/s) [p8A4StGq]
    2023-03-10 07:00 OK  97KB / 0.3s (373KB/s) [p8A4StGq]
    2023-03-10 18:00 OK  992KB / 0.4s (2332KB/s) [p8A4StGq]
    2023-03-10 19:00 OK  97KB / 0.4s (255KB/s) [p8A4StGq]
    2023-03-10 20:00 OK  97KB / 0.3s (308KB/s) [p8A4StGq]
    2023-03-11 20:00 OK  97KB / 0.5s (213KB/s) [p8A4StGq]
    2023-03-11 19:00 OK  97KB / 0.4s (261KB/s) [p8A4StGq]
    2023-03-11 06:00 OK  97KB / 0.3s (325KB/s) [p8A4StGq]
    2023-03-11 18:00 OK  1065KB / 0.7s (1538KB/s) [p8A4StGq]
    2023-03-11 07:00 OK  97KB / 0.3s (295KB/s) [p8A4StGq]
    2023-03-12 06:00 OK  97KB / 0.3s (343KB/s) [p8A4StGq]
    2023-03-12 07:00 OK  97KB / 0.4s (259KB/s) [p8A4StGq]
  [2620/7865] 경과 1449s | 속도 108.5 hr/min | 사용 1.64GB
    2023-03-12 18:00 OK  1053KB / 0.5s (2048KB/s) [p8A4StGq]
    2023-03-12 19:00 OK  97KB / 0.2s (403KB/s) [p8A4StGq]
    2023-03-12 20:00 OK  97KB / 0.4s (268KB/s) [p8A4StGq]
    2023-03-13 06:00 OK  97KB / 0.4s (264KB/s) [p8A4StGq]
    2023-03-13 18:00 OK  1081KB / 0.6s (1772KB/s) [p8A4StGq]
    2023-03-13 07:00 OK  97KB / 0.4s (225KB/s) [p8A4StGq]
    2023-03-13 19:00 OK  97KB / 0.3s (334KB/s) [p8A4StGq]
    2023-03-13 20:00 OK  97KB / 0.3s (312KB/s) [p8A4StGq]
    2023-03-14 06:00 OK  97KB / 0.3s (328KB/s) [p8A4StGq]
    2023-03-14 07:00 OK  97KB / 0.4s (276KB/s) [p8A4StGq]
    2023-03-14 19:00 OK  97KB / 0.3s (327KB/s) [p8A4StGq]
    2023-03-15 06:00 OK  97KB / 0.3s (301KB/s) [p8A4StGq]
    2023-03-15 07:00 OK  103KB / 0.4s (282KB/s) [p8A4StGq]
    2023-03-14 20:00 OK  97KB / 0.6s (169KB/s) [p8A4StGq]
    2023-03-15 18:00 OK  1161KB / 0.9s (1286KB/s) [p8A4StGq]
    2023-03-15 20:00 OK  97KB / 0.4s (272KB/s) [p8A4StGq]
    2023-03-16 06:00 OK  97KB / 0.4s (267KB/s) [p8A4StGq]
    2023-03-16 07:00 OK  135KB / 0.3s (405KB/s) [p8A4StGq]
  [2640/7865] 경과 1460s | 속도 108.5 hr/min | 사용 1.64GB
    2023-03-16 19:00 OK  97KB / 0.4s (258KB/s) [p8A4StGq]
    2023-03-16 18:00 OK  1213KB / 0.6s (2085KB/s) [p8A4StGq]
    2023-03-16 20:00 OK  97KB / 0.3s (278KB/s) [p8A4StGq]
    2023-03-17 06:00 OK  97KB / 0.4s (254KB/s) [p8A4StGq]
    2023-03-17 07:00 OK  185KB / 0.4s (431KB/s) [p8A4StGq]
    2023-03-17 18:00 OK  1243KB / 0.6s (1975KB/s) [p8A4StGq]
    2023-03-17 19:00 OK  97KB / 0.5s (193KB/s) [p8A4StGq]
    2023-03-18 06:00 OK  97KB / 0.3s (381KB/s) [p8A4StGq]
    2023-03-18 07:00 OK  247KB / 0.4s (701KB/s) [p8A4StGq]
    2023-03-17 20:00 OK  97KB / 0.5s (178KB/s) [p8A4StGq]
    2023-03-18 18:00 OK  1264KB / 0.5s (2372KB/s) [p8A4StGq]
    2023-03-18 20:00 OK  97KB / 0.4s (245KB/s) [p8A4StGq]
    2023-03-19 06:00 OK  97KB / 0.4s (253KB/s) [p8A4StGq]
    2023-03-19 19:00 OK  97KB / 0.6s (154KB/s) [p8A4StGq]
    2023-03-19 18:00 OK  1319KB / 0.9s (1529KB/s) [p8A4StGq]
    2023-03-19 20:00 FAIL (0.2s) [p8A4StGq]
    2023-03-20 06:00 FAIL (0.1s) [p8A4StGq]
    2023-03-20 07:00 FAIL (0.1s) [p8A4StGq]
    2023-03-20 18:00 FAIL (0.1s) [p8A4StGq]
    2023-03-20 19:00 FAIL (0.1s) [p8A4StGq]
    2023-03-20 20:00 FAIL (0.1s) [p8A4StGq]
  [2660/7865] 경과 1473s | 속도 108.3 hr/min | 사용 1.65GB
    2023-03-21 06:00 FAIL (0.1s) [p8A4StGq]
    2023-03-21 07:00 FAIL (0.1s) [p8A4StGq]
    2023-03-21 20:00 FAIL (0.1s) [p8A4StGq]
    2023-03-21 19:00 OK  97KB / 0.4s (237KB/s) [p8A4StGq]
    2023-03-21 18:00 OK  1379KB / 1.0s (1382KB/s) [p8A4StGq]
    2023-03-22 06:00 OK  97KB / 0.4s (268KB/s) [p8A4StGq]
    2023-03-22 07:00 OK  475KB / 0.6s (842KB/s) [p8A4StGq]
    2023-03-22 19:00 OK  97KB / 0.4s (267KB/s) [p8A4StGq]
    2023-03-22 18:00 OK  1416KB / 0.8s (1695KB/s) [p8A4StGq]
    2023-03-22 20:00 OK  97KB / 0.4s (231KB/s) [p8A4StGq]
    2023-03-23 06:00 OK  97KB / 0.5s (206KB/s) [p8A4StGq]
    2023-03-23 07:00 OK  545KB / 0.6s (880KB/s) [p8A4StGq]
    2023-03-23 18:00 OK  1437KB / 0.6s (2395KB/s) [p8A4StGq]
    2023-03-23 19:00 OK  97KB / 0.6s (174KB/s) [p8A4StGq]
    2023-03-23 20:00 OK  97KB / 0.4s (267KB/s) [p8A4StGq]
    2023-03-24 06:00 OK  97KB / 0.5s (202KB/s) [p8A4StGq]
    2023-03-24 07:00 OK  579KB / 0.5s (1055KB/s) [p8A4StGq]
    2023-03-24 18:00 OK  1492KB / 0.7s (2081KB/s) [p8A4StGq]
    2023-03-24 19:00 OK  97KB / 0.4s (259KB/s) [p8A4StGq]
  [2680/7865] 경과 1488s | 속도 108.0 hr/min | 사용 1.65GB
    2023-03-24 20:00 OK  97KB / 0.5s (209KB/s) [p8A4StGq]
    2023-03-25 07:00 OK  648KB / 0.5s (1253KB/s) [p8A4StGq]
    2023-03-25 06:00 OK  97KB / 0.5s (181KB/s) [p8A4StGq]
    2023-03-25 18:00 OK  1497KB / 0.6s (2664KB/s) [p8A4StGq]
    2023-03-25 19:00 OK  97KB / 0.4s (266KB/s) [p8A4StGq]
    2023-03-25 20:00 OK  97KB / 0.4s (267KB/s) [p8A4StGq]
    2023-03-26 06:00 OK  97KB / 0.4s (265KB/s) [p8A4StGq]
    2023-03-26 07:00 OK  708KB / 0.5s (1552KB/s) [p8A4StGq]
    2023-03-26 18:00 OK  1502KB / 0.5s (3324KB/s) [p8A4StGq]
    2023-03-26 19:00 OK  97KB / 0.3s (386KB/s) [p8A4StGq]
    2023-03-26 20:00 OK  97KB / 0.2s (391KB/s) [p8A4StGq]
    2023-03-27 06:00 OK  97KB / 0.7s (136KB/s) [p8A4StGq]
    2023-03-27 07:00 OK  747KB / 0.4s (1959KB/s) [p8A4StGq]
    2023-03-27 18:00 OK  1525KB / 0.5s (3367KB/s) [p8A4StGq]
    2023-03-27 19:00 OK  97KB / 0.3s (335KB/s) [p8A4StGq]
    2023-03-27 20:00 OK  97KB / 0.4s (244KB/s) [p8A4StGq]
    2023-03-28 06:00 OK  97KB / 0.2s (396KB/s) [p8A4StGq]
    2023-03-28 07:00 OK  788KB / 0.4s (2045KB/s) [p8A4StGq]
    2023-03-28 18:00 OK  1563KB / 0.4s (3519KB/s) [p8A4StGq]
    2023-03-28 20:00 OK  97KB / 0.6s (170KB/s) [p8A4StGq]
    2023-03-28 19:00 OK  97KB / 1.0s (98KB/s) [p8A4StGq]
  [2700/7865] 경과 1504s | 속도 107.7 hr/min | 사용 1.66GB
    2023-03-29 06:00 OK  97KB / 0.3s (372KB/s) [p8A4StGq]
    2023-03-29 07:00 OK  836KB / 0.4s (2027KB/s) [p8A4StGq]
    2023-03-29 18:00 OK  1603KB / 0.4s (3573KB/s) [p8A4StGq]
    2023-03-29 19:00 OK  97KB / 0.3s (382KB/s) [p8A4StGq]
    2023-03-29 20:00 OK  97KB / 0.4s (231KB/s) [p8A4StGq]
    2023-03-30 06:00 OK  97KB / 0.3s (360KB/s) [p8A4StGq]
    2023-03-30 07:00 OK  884KB / 0.4s (2235KB/s) [p8A4StGq]
    2023-03-30 18:00 OK  1610KB / 0.6s (2540KB/s) [p8A4StGq]
    2023-03-30 19:00 OK  97KB / 0.3s (352KB/s) [p8A4StGq]
    2023-03-30 20:00 OK  97KB / 0.3s (295KB/s) [p8A4StGq]
    2023-03-31 07:00 OK  947KB / 0.4s (2478KB/s) [p8A4StGq]
    2023-03-31 06:00 OK  97KB / 0.9s (102KB/s) [p8A4StGq]
    2023-03-31 20:00 OK  97KB / 0.3s (304KB/s) [p8A4StGq]
    2023-03-31 19:00 OK  97KB / 0.3s (299KB/s) [p8A4StGq]
    2023-04-01 06:00 OK  97KB / 0.6s (162KB/s) [p8A4StGq]
    2023-04-01 07:00 OK  972KB / 0.4s (2238KB/s) [p8A4StGq]
    2023-04-01 20:00 OK  97KB / 0.3s (288KB/s) [p8A4StGq]
    2023-04-01 19:00 OK  97KB / 0.4s (276KB/s) [p8A4StGq]
    2023-04-02 06:00 OK  97KB / 0.3s (373KB/s) [p8A4StGq]
    2023-04-02 07:00 OK  1035KB / 1.2s (841KB/s) [p8A4StGq]
  [2720/7865] 경과 1520s | 속도 107.4 hr/min | 사용 1.67GB
    2023-04-02 20:00 OK  97KB / 0.3s (319KB/s) [p8A4StGq]
    2023-04-02 19:00 OK  97KB / 1.0s (97KB/s) [p8A4StGq]
    2023-04-03 06:00 OK  97KB / 1.4s (68KB/s) [p8A4StGq]
    2023-04-03 07:00 OK  1104KB / 0.7s (1585KB/s) [p8A4StGq]
    2023-04-03 19:00 OK  97KB / 0.9s (102KB/s) [p8A4StGq]
    2023-04-03 20:00 OK  97KB / 0.3s (333KB/s) [p8A4StGq]
    2023-04-04 06:00 OK  97KB / 0.3s (370KB/s) [p8A4StGq]
    2023-04-04 07:00 OK  1200KB / 0.8s (1424KB/s) [p8A4StGq]
    2023-04-04 19:00 OK  97KB / 0.4s (220KB/s) [p8A4StGq]
    2023-04-04 20:00 OK  97KB / 0.5s (214KB/s) [p8A4StGq]
    2023-04-05 06:00 OK  97KB / 0.3s (369KB/s) [p8A4StGq]
    2023-04-05 07:00 OK  1260KB / 0.5s (2486KB/s) [p8A4StGq]
    2023-04-05 20:00 OK  97KB / 0.2s (454KB/s) [p8A4StGq]
    2023-04-05 19:00 OK  97KB / 0.4s (276KB/s) [p8A4StGq]
    2023-04-06 06:00 OK  97KB / 0.2s (404KB/s) [p8A4StGq]
    2023-04-06 19:00 OK  97KB / 0.3s (343KB/s) [p8A4StGq]
    2023-04-06 20:00 OK  97KB / 0.3s (382KB/s) [p8A4StGq]
    2023-04-07 06:00 OK  97KB / 0.4s (233KB/s) [p8A4StGq]
    2023-04-07 19:00 OK  97KB / 0.3s (334KB/s) [p8A4StGq]
    2023-04-07 20:00 OK  97KB / 0.4s (264KB/s) [p8A4StGq]
  [2740/7865] 경과 1536s | 속도 107.0 hr/min | 사용 1.68GB
    2023-04-08 06:00 OK  97KB / 0.3s (367KB/s) [p8A4StGq]
    2023-04-08 19:00 OK  97KB / 0.6s (154KB/s) [p8A4StGq]
    2023-04-08 20:00 OK  97KB / 0.6s (151KB/s) [p8A4StGq]
    2023-04-09 06:00 OK  97KB / 0.3s (297KB/s) [p8A4StGq]
    2023-04-09 19:00 OK  97KB / 0.3s (321KB/s) [p8A4StGq]
    2023-04-10 19:00 OK  98KB / 0.4s (240KB/s) [p8A4StGq]
    2023-04-10 06:00 OK  97KB / 0.4s (220KB/s) [p8A4StGq]
    2023-04-09 20:00 OK  97KB / 0.5s (191KB/s) [p8A4StGq]
    2023-04-10 20:00 OK  97KB / 0.3s (359KB/s) [p8A4StGq]
    2023-04-11 20:00 OK  97KB / 0.3s (346KB/s) [p8A4StGq]
    2023-04-11 06:00 OK  97KB / 0.5s (205KB/s) [p8A4StGq]
    2023-04-12 06:00 OK  97KB / 0.3s (337KB/s) [p8A4StGq]
    2023-04-11 19:00 OK  102KB / 0.4s (252KB/s) [p8A4StGq]
    2023-04-12 19:00 OK  110KB / 0.3s (403KB/s) [p8A4StGq]
    2023-04-12 20:00 OK  97KB / 0.3s (362KB/s) [p8A4StGq]
    2023-04-13 06:00 OK  97KB / 0.3s (304KB/s) [p8A4StGq]
    2023-04-13 12:00 OK  3122KB / 0.8s (3878KB/s) [p8A4StGq]
  [2760/7865] 경과 1552s | 속도 106.7 hr/min | 사용 1.68GB
    2023-04-13 16:00 OK  3156KB / 0.8s (3954KB/s) [p8A4StGq]
    2023-04-13 19:00 OK  119KB / 0.4s (330KB/s) [p8A4StGq]
    2023-04-13 20:00 OK  97KB / 0.3s (314KB/s) [p8A4StGq]
    2023-04-15 06:00 OK  97KB / 0.3s (373KB/s) [p8A4StGq]
    2023-04-14 19:00 OK  130KB / 0.7s (199KB/s) [p8A4StGq]
    2023-04-14 20:00 OK  97KB / 0.3s (284KB/s) [p8A4StGq]
    2023-04-15 20:00 OK  97KB / 0.3s (302KB/s) [p8A4StGq]
    2023-04-16 06:00 OK  97KB / 0.3s (300KB/s) [p8A4StGq]
    2023-04-15 19:00 OK  145KB / 0.4s (413KB/s) [p8A4StGq]
    2023-04-17 06:00 OK  97KB / 0.4s (270KB/s) [p8A4StGq]
    2023-04-16 20:00 OK  97KB / 0.4s (254KB/s) [p8A4StGq]
    2023-04-16 19:00 OK  158KB / 0.4s (374KB/s) [p8A4StGq]
    2023-04-17 20:00 OK  97KB / 0.2s (418KB/s) [p8A4StGq]
    2023-04-18 06:00 OK  97KB / 0.3s (285KB/s) [p8A4StGq]
    2023-04-17 19:00 OK  172KB / 0.4s (445KB/s) [p8A4StGq]
    2023-04-18 19:00 OK  190KB / 0.3s (551KB/s) [p8A4StGq]
    2023-04-18 20:00 OK  97KB / 0.3s (355KB/s) [p8A4StGq]
    2023-04-19 06:00 OK  97KB / 0.3s (317KB/s) [p8A4StGq]
    2023-04-20 06:00 OK  101KB / 0.2s (458KB/s) [p8A4StGq]
    2023-04-19 20:00 OK  97KB / 0.3s (387KB/s) [p8A4StGq]
    2023-04-19 19:00 OK  210KB / 0.3s (697KB/s) [p8A4StGq]
  [2780/7865] 경과 1576s | 속도 105.8 hr/min | 사용 1.69GB
    2023-04-20 20:00 OK  97KB / 0.3s (369KB/s) [p8A4StGq]
    2023-04-21 06:00 OK  108KB / 0.4s (256KB/s) [p8A4StGq]
    2023-04-20 19:00 OK  231KB / 0.4s (564KB/s) [p8A4StGq]
    2023-04-21 19:00 OK  252KB / 0.4s (601KB/s) [p8A4StGq]
    2023-03-14 18:00 OK  1099KB / 125.8s (9KB/s) [p8A4StGq]
    2023-04-22 06:00 OK  118KB / 0.3s (382KB/s) [p8A4StGq]
    2023-04-21 20:00 OK  97KB / 0.3s (323KB/s) [p8A4StGq]
    2023-03-15 19:00 OK  97KB / 125.4s (1KB/s) [p8A4StGq]
    2023-04-22 20:00 OK  97KB / 0.3s (352KB/s) [p8A4StGq]
    2023-04-22 19:00 OK  272KB / 0.4s (623KB/s) [p8A4StGq]
    2023-04-23 20:00 OK  97KB / 0.4s (253KB/s) [p8A4StGq]
    2023-04-23 06:00 OK  132KB / 0.4s (353KB/s) [p8A4StGq]
    2023-04-23 19:00 OK  295KB / 0.5s (652KB/s) [p8A4StGq]
    2023-04-25 06:00 OK  165KB / 0.3s (528KB/s) [p8A4StGq]
    2023-04-24 19:00 OK  320KB / 0.4s (825KB/s) [p8A4StGq]
    2023-04-24 06:00 OK  148KB / 0.9s (170KB/s) [p8A4StGq]
    2023-04-24 20:00 OK  97KB / 0.4s (228KB/s) [p8A4StGq]
    2023-04-25 19:00 OK  339KB / 1.0s (341KB/s) [p8A4StGq]
    2023-03-18 19:00 OK  97KB / 126.0s (1KB/s) [p8A4StGq]
  [2800/7865] 경과 1593s | 속도 105.4 hr/min | 사용 1.69GB
    2023-04-25 20:00 OK  97KB / 0.3s (356KB/s) [p8A4StGq]
    2023-03-19 07:00 OK  296KB / 125.4s (2KB/s) [p8A4StGq]
    2023-04-26 20:00 OK  97KB / 0.3s (337KB/s) [p8A4StGq]
    2023-04-26 06:00 OK  187KB / 0.3s (605KB/s) [p8A4StGq]
    2023-04-27 06:00 OK  196KB / 0.4s (556KB/s) [p8A4StGq]
    2023-04-26 19:00 OK  365KB / 0.7s (557KB/s) [p8A4StGq]
    2023-04-27 19:00 OK  394KB / 0.4s (1030KB/s) [p8A4StGq]
    2023-04-27 20:00 FAIL (0.5s) [p8A4StGq]
    2023-04-28 06:00 OK  230KB / 0.4s (647KB/s) [p8A4StGq]
    2023-04-28 19:00 OK  419KB / 0.4s (1007KB/s) [p8A4StGq]
    2023-04-29 20:00 OK  97KB / 0.3s (341KB/s) [p8A4StGq]
    2023-04-28 20:00 OK  97KB / 0.3s (329KB/s) [p8A4StGq]
    2023-04-29 19:00 OK  449KB / 0.4s (1026KB/s) [p8A4StGq]
    2023-04-29 06:00 OK  258KB / 0.4s (618KB/s) [p8A4StGq]
    2023-04-30 06:00 OK  281KB / 0.3s (884KB/s) [p8A4StGq]
    2023-04-30 19:00 OK  466KB / 0.6s (825KB/s) [p8A4StGq]
    2023-04-30 20:00 OK  97KB / 0.3s (328KB/s) [p8A4StGq]
    2023-05-01 06:00 OK  301KB / 0.4s (727KB/s) [p8A4StGq]
    2023-05-01 08:00 OK  2970KB / 0.7s (4345KB/s) [p8A4StGq]
    2023-05-01 10:00 OK  3045KB / 0.8s (3650KB/s) [p8A4StGq]
    2023-05-01 19:00 OK  508KB / 0.7s (755KB/s) [p8A4StGq]
    2023-05-01 11:00 OK  3051KB / 1.1s (2851KB/s) [p8A4StGq]
    2023-05-01 13:00 OK  3023KB / 1.1s (2740KB/s) [p8A4StGq]
    2023-05-01 20:00 OK  97KB / 0.3s (331KB/s) [p8A4StGq]
    2023-05-02 06:00 OK  312KB / 0.3s (1104KB/s) [p8A4StGq]
    2023-05-02 19:00 OK  529KB / 0.5s (1163KB/s) [p8A4StGq]
  [2820/7865] 경과 1607s | 속도 105.3 hr/min | 사용 1.71GB
    2023-05-02 20:00 OK  97KB / 0.7s (142KB/s) [p8A4StGq]
    2023-05-03 06:00 OK  366KB / 0.4s (880KB/s) [p8A4StGq]
    2023-05-03 19:00 OK  559KB / 0.4s (1385KB/s) [p8A4StGq]
    2023-05-03 20:00 OK  97KB / 0.3s (319KB/s) [p8A4StGq]
    2023-05-04 06:00 OK  379KB / 0.4s (993KB/s) [p8A4StGq]
    2023-05-04 19:00 OK  577KB / 0.5s (1231KB/s) [p8A4StGq]
    2023-05-04 20:00 OK  97KB / 0.3s (302KB/s) [p8A4StGq]
    2023-05-05 06:00 OK  427KB / 0.4s (1157KB/s) [p8A4StGq]
    2023-05-05 19:00 OK  619KB / 0.4s (1709KB/s) [p8A4StGq]
    2023-05-05 20:00 OK  97KB / 0.3s (349KB/s) [p8A4StGq]
    2023-05-07 06:00 OK  474KB / 0.4s (1086KB/s) [p8A4StGq]
    2023-05-06 06:00 OK  444KB / 0.5s (966KB/s) [p8A4StGq]
    2023-05-06 20:00 OK  97KB / 0.4s (256KB/s) [p8A4StGq]
    2023-05-06 19:00 OK  646KB / 0.4s (1754KB/s) [p8A4StGq]
    2023-05-07 19:00 OK  669KB / 0.4s (1722KB/s) [p8A4StGq]
    2023-05-07 20:00 OK  97KB / 0.3s (291KB/s) [p8A4StGq]
  [2840/7865] 경과 1618s | 속도 105.3 hr/min | 사용 1.71GB
    2023-05-08 20:00 OK  97KB / 0.3s (354KB/s) [p8A4StGq]
    2023-05-09 20:00 OK  97KB / 0.3s (286KB/s) [p8A4StGq]
    2023-05-09 19:00 OK  738KB / 0.5s (1614KB/s) [p8A4StGq]
    2023-05-08 19:00 OK  691KB / 0.4s (1742KB/s) [p8A4StGq]
    2023-05-09 06:00 OK  510KB / 0.4s (1253KB/s) [p8A4StGq]
    2023-05-10 06:00 OK  534KB / 0.4s (1353KB/s) [p8A4StGq]
    2023-05-08 06:00 OK  500KB / 1.7s (299KB/s) [p8A4StGq]
    2023-05-10 09:00 FAIL (0.2s) [p8A4StGq]
    2023-05-10 10:00 FAIL (0.2s) [p8A4StGq]
    2023-05-10 19:00 OK  772KB / 0.4s (2179KB/s) [p8A4StGq]
    2023-05-10 20:00 OK  97KB / 0.3s (318KB/s) [p8A4StGq]
    2023-05-11 06:00 OK  553KB / 0.3s (1852KB/s) [p8A4StGq]
    2023-05-11 20:00 OK  97KB / 0.3s (321KB/s) [p8A4StGq]
    2023-05-11 19:00 OK  799KB / 0.7s (1129KB/s) [p8A4StGq]
    2023-05-12 06:00 OK  598KB / 0.3s (1776KB/s) [p8A4StGq]
    2023-05-12 19:00 OK  829KB / 0.3s (2455KB/s) [p8A4StGq]
    2023-05-12 20:00 OK  97KB / 0.4s (275KB/s) [p8A4StGq]
    2023-05-13 06:00 OK  676KB / 0.4s (1507KB/s) [p8A4StGq]
    2023-05-13 19:00 OK  840KB / 0.4s (2101KB/s) [p8A4StGq]
    2023-05-14 06:00 OK  696KB / 0.5s (1512KB/s) [p8A4StGq]
    2023-05-14 20:00 OK  97KB / 0.3s (294KB/s) [p8A4StGq]
    2023-05-14 19:00 OK  883KB / 0.4s (2040KB/s) [p8A4StGq]
  [2860/7865] 경과 1631s | 속도 105.2 hr/min | 사용 1.72GB
    2023-05-13 20:00 OK  97KB / 2.7s (36KB/s) [p8A4StGq]
    2023-05-15 06:00 OK  725KB / 0.5s (1442KB/s) [p8A4StGq]
    2023-05-15 19:00 OK  885KB / 0.9s (933KB/s) [p8A4StGq]
    2023-05-15 20:00 OK  97KB / 0.3s (356KB/s) [p8A4StGq]
    2023-05-16 20:00 OK  97KB / 0.3s (303KB/s) [p8A4StGq]
    2023-05-17 06:00 OK  739KB / 0.4s (1736KB/s) [p8A4StGq]
    2023-05-17 19:00 OK  965KB / 0.5s (2138KB/s) [p8A4StGq]
    2023-05-16 06:00 OK  722KB / 2.4s (303KB/s) [p8A4StGq]
    2023-05-16 19:00 OK  939KB / 2.6s (367KB/s) [p8A4StGq]
    2023-05-17 20:00 OK  97KB / 0.3s (323KB/s) [p8A4StGq]
    2023-05-18 19:00 OK  972KB / 0.5s (1800KB/s) [p8A4StGq]
    2023-05-18 06:00 OK  799KB / 0.5s (1701KB/s) [p8A4StGq]
    2023-05-18 20:00 OK  97KB / 0.3s (296KB/s) [p8A4StGq]
    2023-05-19 19:00 OK  998KB / 0.4s (2584KB/s) [p8A4StGq]
    2023-05-19 20:00 OK  97KB / 0.4s (237KB/s) [p8A4StGq]
    2023-05-20 20:00 OK  97KB / 0.3s (289KB/s) [p8A4StGq]
    2023-05-20 19:00 OK  1050KB / 0.4s (2349KB/s) [p8A4StGq]
    2023-05-19 06:00 OK  798KB / 2.1s (379KB/s) [p8A4StGq]
    2023-05-20 06:00 OK  840KB / 1.1s (790KB/s) [p8A4StGq]
    2023-05-21 06:00 OK  879KB / 0.5s (1942KB/s) [p8A4StGq]
    2023-05-21 19:00 OK  1073KB / 0.5s (2369KB/s) [p8A4StGq]
    2023-05-21 20:00 OK  97KB / 0.3s (294KB/s) [p8A4StGq]
  [2880/7865] 경과 1643s | 속도 105.2 hr/min | 사용 1.74GB
    2023-05-22 06:00 OK  886KB / 0.4s (2132KB/s) [p8A4StGq]
    2023-05-22 19:00 OK  1085KB / 0.5s (2203KB/s) [p8A4StGq]
    2023-05-22 20:00 OK  97KB / 0.3s (328KB/s) [p8A4StGq]
    2023-05-23 06:00 OK  893KB / 0.4s (2353KB/s) [p8A4StGq]
    2023-05-23 20:00 OK  97KB / 0.4s (276KB/s) [p8A4StGq]
    2023-05-23 19:00 OK  1114KB / 0.5s (2235KB/s) [p8A4StGq]
    2023-05-24 06:00 OK  882KB / 0.4s (1965KB/s) [p8A4StGq]
    2023-05-24 19:00 OK  1135KB / 0.4s (2754KB/s) [p8A4StGq]
    2023-05-24 20:00 OK  97KB / 0.3s (295KB/s) [p8A4StGq]
    2023-05-25 06:00 OK  953KB / 0.4s (2161KB/s) [p8A4StGq]
    2023-05-25 20:00 OK  97KB / 0.2s (497KB/s) [p8A4StGq]
    2023-05-25 19:00 OK  1180KB / 0.5s (2577KB/s) [p8A4StGq]
    2023-05-26 06:00 OK  979KB / 0.4s (2500KB/s) [p8A4StGq]
    2023-05-26 20:00 OK  97KB / 0.3s (366KB/s) [p8A4StGq]
    2023-05-26 19:00 OK  1189KB / 0.5s (2382KB/s) [p8A4StGq]
    2023-05-27 06:00 OK  978KB / 0.4s (2192KB/s) [p8A4StGq]
    2023-05-27 19:00 OK  1220KB / 0.6s (2037KB/s) [p8A4StGq]
    2023-05-27 20:00 OK  97KB / 0.2s (432KB/s) [p8A4StGq]
  [2900/7865] 경과 1654s | 속도 105.2 hr/min | 사용 1.75GB
    2023-05-28 20:00 OK  97KB / 0.2s (426KB/s) [p8A4StGq]
    2023-05-28 06:00 OK  997KB / 0.4s (2678KB/s) [p8A4StGq]
    2023-05-28 19:00 OK  1232KB / 0.4s (2775KB/s) [p8A4StGq]
    2023-05-29 06:00 OK  1005KB / 0.4s (2251KB/s) [p8A4StGq]
    2023-05-29 19:00 OK  1253KB / 0.5s (2492KB/s) [p8A4StGq]
    2023-05-29 20:00 OK  97KB / 0.2s (424KB/s) [p8A4StGq]
    2023-05-30 06:00 OK  1017KB / 0.4s (2499KB/s) [p8A4StGq]
    2023-05-30 20:00 OK  97KB / 0.3s (291KB/s) [p8A4StGq]
    2023-05-30 19:00 OK  1284KB / 0.6s (2139KB/s) [p8A4StGq]
    2023-05-31 20:00 OK  97KB / 0.3s (333KB/s) [p8A4StGq]
    2023-05-31 06:00 OK  1009KB / 0.6s (1667KB/s) [p8A4StGq]
    2023-06-01 19:00 OK  1309KB / 0.7s (1976KB/s) [p8A4StGq]
    2023-05-31 19:00 OK  1313KB / 0.6s (2219KB/s) [p8A4StGq]
    2023-06-01 06:00 OK  1058KB / 0.6s (1920KB/s) [p8A4StGq]
    2023-06-01 20:00 OK  97KB / 0.4s (250KB/s) [p8A4StGq]
    2023-06-02 06:00 OK  1060KB / 0.5s (2228KB/s) [p8A4StGq]
  [2920/7865] 경과 1666s | 속도 105.2 hr/min | 사용 1.76GB
    2023-06-02 20:00 OK  97KB / 0.3s (370KB/s) [p8A4StGq]
    2023-06-03 20:00 OK  97KB / 0.4s (275KB/s) [p8A4StGq]
    2023-06-03 06:00 OK  1040KB / 0.6s (1760KB/s) [p8A4StGq]
    2023-06-02 19:00 OK  1334KB / 0.9s (1541KB/s) [p8A4StGq]
    2023-06-03 19:00 OK  1374KB / 0.8s (1654KB/s) [p8A4StGq]
    2023-06-04 06:00 OK  1015KB / 0.7s (1417KB/s) [p8A4StGq]
    2023-06-04 19:00 OK  1386KB / 0.6s (2371KB/s) [p8A4StGq]
    2023-06-04 20:00 OK  97KB / 0.2s (464KB/s) [p8A4StGq]
    2023-06-05 06:00 OK  1013KB / 0.4s (2430KB/s) [p8A4StGq]
    2023-06-05 20:00 OK  97KB / 0.2s (401KB/s) [p8A4StGq]
    2023-06-05 19:00 OK  1402KB / 0.5s (2862KB/s) [p8A4StGq]
    2023-06-06 20:00 OK  97KB / 0.3s (333KB/s) [p8A4StGq]
    2023-06-06 06:00 OK  1086KB / 0.5s (2411KB/s) [p8A4StGq]
    2023-06-06 19:00 OK  1389KB / 0.5s (2740KB/s) [p8A4StGq]
    2023-06-07 06:00 OK  1058KB / 0.6s (1845KB/s) [p8A4StGq]
    2023-06-07 19:00 OK  1451KB / 0.5s (2857KB/s) [p8A4StGq]
    2023-06-07 20:00 OK  97KB / 0.3s (344KB/s) [p8A4StGq]
    2023-06-08 06:00 OK  1100KB / 0.4s (2696KB/s) [p8A4StGq]
    2023-06-08 19:00 OK  1441KB / 0.5s (2729KB/s) [p8A4StGq]
    2023-06-08 20:00 OK  97KB / 0.5s (190KB/s) [p8A4StGq]
    2023-06-09 19:00 OK  1463KB / 0.5s (2937KB/s) [p8A4StGq]
    2023-06-09 06:00 OK  1104KB / 1.6s (695KB/s) [p8A4StGq]
    2023-06-09 20:00 OK  97KB / 0.3s (282KB/s) [p8A4StGq]
  [2940/7865] 경과 1678s | 속도 105.1 hr/min | 사용 1.78GB
    2023-06-10 06:00 OK  1108KB / 0.7s (1671KB/s) [p8A4StGq]
    2023-04-14 06:00 OK  97KB / 125.8s (1KB/s) [p8A4StGq]
    2023-06-10 19:00 OK  1473KB / 0.5s (2766KB/s) [p8A4StGq]
    2023-06-10 20:00 OK  98KB / 0.3s (322KB/s) [p8A4StGq]
    2023-06-11 20:00 OK  99KB / 0.6s (176KB/s) [p8A4StGq]
    2023-06-11 19:00 OK  1494KB / 0.7s (2260KB/s) [p8A4StGq]
    2023-06-12 06:00 OK  1119KB / 0.6s (1848KB/s) [p8A4StGq]
    2023-06-11 06:00 OK  1117KB / 0.8s (1430KB/s) [p8A4StGq]
    2023-06-12 19:00 OK  1527KB / 0.7s (2261KB/s) [p8A4StGq]
    2023-06-12 20:00 OK  100KB / 0.4s (257KB/s) [p8A4StGq]
    2023-06-13 06:00 OK  1121KB / 0.5s (2155KB/s) [p8A4StGq]
    2023-06-13 19:00 OK  1509KB / 0.7s (2252KB/s) [p8A4StGq]
    2023-06-13 20:00 OK  101KB / 0.3s (347KB/s) [p8A4StGq]
    2023-06-14 20:00 OK  102KB / 0.3s (330KB/s) [p8A4StGq]
    2023-06-14 19:00 OK  1497KB / 0.6s (2671KB/s) [p8A4StGq]
    2023-06-15 06:00 OK  1110KB / 0.5s (2280KB/s) [p8A4StGq]
    2023-06-14 06:00 OK  1111KB / 0.7s (1590KB/s) [p8A4StGq]
    2023-06-15 19:00 OK  1510KB / 0.5s (2978KB/s) [p8A4StGq]
    2023-06-15 20:00 OK  103KB / 0.3s (392KB/s) [p8A4StGq]
    2023-06-16 06:00 OK  1101KB / 0.6s (1974KB/s) [p8A4StGq]
  [2960/7865] 경과 1689s | 속도 105.1 hr/min | 사용 1.80GB
    2023-06-16 19:00 OK  1570KB / 0.7s (2183KB/s) [p8A4StGq]
    2023-06-16 20:00 OK  104KB / 0.4s (284KB/s) [p8A4StGq]
    2023-06-17 06:00 OK  1055KB / 0.5s (1989KB/s) [p8A4StGq]
    2023-06-17 20:00 OK  106KB / 0.2s (500KB/s) [p8A4StGq]
    2023-06-17 19:00 OK  1553KB / 0.7s (2165KB/s) [p8A4StGq]
    2023-06-18 20:00 OK  107KB / 0.4s (245KB/s) [p8A4StGq]
    2023-06-18 19:00 OK  1575KB / 0.7s (2233KB/s) [p8A4StGq]
    2023-06-18 06:00 OK  1082KB / 0.7s (1644KB/s) [p8A4StGq]
    2023-06-19 06:00 OK  1040KB / 0.4s (2423KB/s) [p8A4StGq]
    2023-06-19 19:00 OK  1600KB / 0.7s (2371KB/s) [p8A4StGq]
    2023-06-19 20:00 OK  107KB / 0.3s (375KB/s) [p8A4StGq]
    2023-06-20 06:00 OK  1099KB / 0.6s (1941KB/s) [p8A4StGq]
    2023-06-20 19:00 OK  1607KB / 0.7s (2184KB/s) [p8A4StGq]
    2023-06-20 20:00 OK  109KB / 0.7s (159KB/s) [p8A4StGq]
    2023-06-21 19:00 OK  1600KB / 0.8s (1926KB/s) [p8A4StGq]
    2023-06-21 06:00 OK  1078KB / 0.9s (1177KB/s) [p8A4StGq]
    2023-06-21 20:00 OK  110KB / 0.8s (138KB/s) [p8A4StGq]
    2023-06-22 19:00 OK  1584KB / 0.6s (2482KB/s) [p8A4StGq]
    2023-06-22 06:00 OK  1073KB / 0.9s (1133KB/s) [p8A4StGq]
    2023-06-22 20:00 OK  111KB / 0.3s (387KB/s) [p8A4StGq]
  [2980/7865] 경과 1700s | 속도 105.2 hr/min | 사용 1.81GB
    2023-06-23 06:00 OK  1069KB / 0.4s (2611KB/s) [p8A4StGq]
    2023-06-23 20:00 OK  112KB / 0.4s (310KB/s) [p8A4StGq]
    2023-06-23 19:00 OK  1627KB / 0.5s (3254KB/s) [p8A4StGq]
    2023-06-24 19:00 OK  1600KB / 0.6s (2631KB/s) [p8A4StGq]
    2023-06-24 06:00 OK  1059KB / 0.7s (1521KB/s) [p8A4StGq]
    2023-06-24 20:00 OK  112KB / 0.5s (217KB/s) [p8A4StGq]
    2023-06-25 06:00 OK  1037KB / 0.4s (2767KB/s) [p8A4StGq]
    2023-06-25 19:00 OK  1641KB / 0.7s (2434KB/s) [p8A4StGq]
    2023-06-25 20:00 OK  113KB / 0.5s (235KB/s) [p8A4StGq]
    2023-06-26 06:00 OK  1039KB / 0.5s (2296KB/s) [p8A4StGq]
    2023-06-26 19:00 OK  1633KB / 0.4s (3686KB/s) [p8A4StGq]
    2023-06-27 20:00 OK  114KB / 0.3s (374KB/s) [p8A4StGq]
    2023-06-27 06:00 OK  1023KB / 0.6s (1752KB/s) [p8A4StGq]
    2023-06-28 06:00 OK  1012KB / 0.5s (1982KB/s) [p8A4StGq]
    2023-06-26 20:00 OK  113KB / 0.6s (189KB/s) [p8A4StGq]
    2023-06-27 19:00 OK  1633KB / 0.7s (2191KB/s) [p8A4StGq]
    2023-06-28 19:00 OK  1658KB / 0.5s (3075KB/s) [p8A4StGq]
    2023-06-28 20:00 OK  114KB / 0.2s (494KB/s) [p8A4StGq]
    2023-06-29 06:00 OK  1003KB / 0.5s (2130KB/s) [p8A4StGq]
    2023-06-29 19:00 OK  1639KB / 0.5s (3139KB/s) [p8A4StGq]
  [3000/7865] 경과 1711s | 속도 105.2 hr/min | 사용 1.83GB
    2023-06-29 20:00 OK  113KB / 0.3s (369KB/s) [p8A4StGq]
    2023-06-30 06:00 OK  974KB / 0.4s (2261KB/s) [p8A4StGq]
    2023-06-30 19:00 OK  1590KB / 0.5s (3161KB/s) [p8A4StGq]
    2023-07-01 06:00 OK  967KB / 0.5s (2074KB/s) [p8A4StGq]
    2023-07-01 20:00 OK  111KB / 0.4s (317KB/s) [p8A4StGq]
    2023-07-01 19:00 OK  1657KB / 0.7s (2472KB/s) [p8A4StGq]
    2023-06-30 20:00 OK  113KB / 1.0s (109KB/s) [p8A4StGq]
    2023-07-02 06:00 OK  957KB / 0.4s (2672KB/s) [p8A4StGq]
    2023-07-02 19:00 OK  1651KB / 0.5s (3339KB/s) [p8A4StGq]
    2023-07-02 20:00 OK  112KB / 0.3s (411KB/s) [p8A4StGq]
    2023-07-03 06:00 OK  936KB / 0.4s (2456KB/s) [p8A4StGq]
    2023-07-03 19:00 OK  1658KB / 0.5s (3407KB/s) [p8A4StGq]
    2023-07-03 20:00 OK  110KB / 0.3s (423KB/s) [p8A4StGq]
    2023-07-04 06:00 OK  932KB / 0.4s (2142KB/s) [p8A4StGq]
    2023-07-04 19:00 OK  1640KB / 0.5s (3114KB/s) [p8A4StGq]
    2023-07-04 20:00 OK  111KB / 0.3s (402KB/s) [p8A4StGq]
    2023-07-05 06:00 OK  889KB / 0.4s (2165KB/s) [p8A4StGq]
    2023-07-05 19:00 OK  1596KB / 0.5s (3356KB/s) [p8A4StGq]
    2023-07-05 20:00 OK  110KB / 0.4s (296KB/s) [p8A4StGq]
    2023-07-06 06:00 OK  851KB / 0.5s (1816KB/s) [p8A4StGq]
    2023-07-06 19:00 OK  1656KB / 0.5s (3165KB/s) [p8A4StGq]
    2023-07-06 20:00 FAIL (0.2s) [p8A4StGq]
    2023-07-07 06:00 FAIL (0.2s) [p8A4StGq]
  [3020/7865] 경과 1722s | 속도 105.2 hr/min | 사용 1.85GB
    2023-07-07 19:00 FAIL (0.1s) [p8A4StGq]
    2023-07-07 20:00 FAIL (0.1s) [p8A4StGq]
    2023-07-08 06:00 FAIL (0.1s) [p8A4StGq]
    2023-07-08 19:00 FAIL (0.1s) [p8A4StGq]
    2023-07-08 20:00 FAIL (0.2s) [p8A4StGq]
    2023-07-09 06:00 FAIL (0.1s) [p8A4StGq]
    2023-07-09 19:00 FAIL (0.1s) [p8A4StGq]
    2023-07-09 20:00 FAIL (0.1s) [p8A4StGq]
    2023-07-10 19:00 FAIL (0.1s) [p8A4StGq]
    2023-07-10 20:00 FAIL (0.2s) [p8A4StGq]
    2023-07-11 19:00 FAIL (0.2s) [p8A4StGq]
    2023-07-12 06:00 FAIL (0.1s) [p8A4StGq]
    2023-07-12 19:00 FAIL (0.2s) [p8A4StGq]
    2023-07-13 06:00 FAIL (0.2s) [p8A4StGq]
    2023-07-13 19:00 FAIL (0.2s) [p8A4StGq]
    2023-07-14 06:00 FAIL (0.1s) [p8A4StGq]
  [3040/7865] 경과 1729s | 속도 105.5 hr/min | 사용 1.85GB
    2023-07-15 06:00 FAIL (0.5s) [p8A4StGq]
    2023-07-15 19:00 FAIL (0.1s) [p8A4StGq]
    2023-07-15 20:00 FAIL (0.1s) [p8A4StGq]
    2023-07-16 06:00 FAIL (26.2s) [p8A4StGq]
    2023-07-16 19:00 FAIL (0.2s) [p8A4StGq]
    2023-07-16 20:00 FAIL (0.2s) [p8A4StGq]
    2023-07-17 06:00 FAIL (0.1s) [p8A4StGq]
    2023-07-17 19:00 FAIL (0.1s) [p8A4StGq]
    2023-07-17 20:00 FAIL (0.2s) [p8A4StGq]
    2023-07-18 06:00 FAIL (0.2s) [p8A4StGq]
    2023-07-10 06:00 FAIL (52.3s) [p8A4StGq]
    2023-07-11 06:00 FAIL (52.2s) [p8A4StGq]
    2023-07-11 20:00 FAIL (52.3s) [p8A4StGq]
    2023-07-18 19:00 FAIL (0.1s) [p8A4StGq]
    2023-07-12 20:00 FAIL (52.3s) [p8A4StGq]
    2023-07-18 20:00 FAIL (0.2s) [p8A4StGq]
    2023-07-19 06:00 FAIL (0.1s) [p8A4StGq]
    2023-07-19 19:00 FAIL (0.2s) [p8A4StGq]
    2023-07-13 20:00 FAIL (52.3s) [p8A4StGq]
    2023-07-19 20:00 FAIL (0.1s) [p8A4StGq]
    2023-07-20 06:00 FAIL (0.1s) [p8A4StGq]
    2023-07-20 19:00 FAIL (0.1s) [p8A4StGq]
    2023-07-20 20:00 FAIL (0.2s) [p8A4StGq]
    2023-07-14 19:00 FAIL (52.3s) [p8A4StGq]
  [3060/7865] 경과 1781s | 속도 103.1 hr/min | 사용 1.85GB
    2023-07-14 20:00 FAIL (52.2s) [p8A4StGq]
    2023-07-21 06:00 FAIL (0.2s) [p8A4StGq]
    2023-07-21 19:00 FAIL (0.1s) [p8A4StGq]
    2023-07-21 20:00 FAIL (0.3s) [p8A4StGq]
    2023-07-22 06:00 FAIL (0.2s) [p8A4StGq]
    2023-07-22 19:00 FAIL (0.1s) [p8A4StGq]
    2023-07-22 20:00 FAIL (0.1s) [p8A4StGq]
    2023-07-23 06:00 FAIL (0.1s) [p8A4StGq]
    2023-07-23 19:00 FAIL (0.1s) [p8A4StGq]
    2023-07-23 20:00 FAIL (0.1s) [p8A4StGq]
    2023-07-24 06:00 FAIL (0.1s) [p8A4StGq]
    2023-07-24 19:00 FAIL (0.2s) [p8A4StGq]
    2023-07-24 20:00 FAIL (0.2s) [p8A4StGq]
    2023-07-25 06:00 FAIL (0.2s) [p8A4StGq]
    2023-07-25 19:00 FAIL (0.2s) [p8A4StGq]
    2023-07-25 20:00 FAIL (0.2s) [p8A4StGq]
    2023-07-26 06:00 FAIL (0.1s) [p8A4StGq]
    2023-07-26 19:00 FAIL (0.2s) [p8A4StGq]
    2023-07-26 20:00 FAIL (0.1s) [p8A4StGq]
  [3080/7865] 경과 1787s | 속도 103.4 hr/min | 사용 1.85GB
    2023-07-27 06:00 FAIL (73.2s) [p8A4StGq]
    2023-07-27 19:00 FAIL (73.1s) [p8A4StGq]
    2023-07-27 20:00 FAIL (73.1s) [p8A4StGq]
    2023-07-28 06:00 FAIL (73.1s) [p8A4StGq]
    2023-07-28 19:00 FAIL (73.1s) [p8A4StGq]
    2023-07-28 20:00 FAIL (73.2s) [p8A4StGq]
    2023-07-29 06:00 FAIL (73.1s) [p8A4StGq]
    2023-07-29 19:00 FAIL (73.1s) [p8A4StGq]
    2023-07-29 20:00 FAIL (73.2s) [p8A4StGq]
    2023-07-30 06:00 FAIL (73.2s) [p8A4StGq]
    2023-07-30 19:00 FAIL (73.2s) [p8A4StGq]
    2023-07-30 20:00 FAIL (73.1s) [p8A4StGq]
    2023-07-31 06:00 FAIL (73.1s) [p8A4StGq]
    2023-07-31 19:00 FAIL (73.2s) [p8A4StGq]
    2023-07-31 20:00 FAIL (73.1s) [p8A4StGq]
    2023-08-01 06:00 FAIL (73.1s) [p8A4StGq]
  [3100/7865] 경과 1938s | 속도 96.0 hr/min | 사용 1.85GB
    2023-08-01 19:00 FAIL (73.2s) [p8A4StGq]
    2023-08-01 20:00 FAIL (73.1s) [p8A4StGq]
    2023-08-02 06:00 FAIL (73.1s) [p8A4StGq]
    2023-08-02 19:00 FAIL (73.2s) [p8A4StGq]
    2023-08-02 20:00 FAIL (73.2s) [p8A4StGq]
    2023-08-03 06:00 FAIL (73.2s) [p8A4StGq]
    2023-08-03 12:00 FAIL (73.2s) [p8A4StGq]
    2023-08-03 19:00 FAIL (73.1s) [p8A4StGq]
    2023-08-03 20:00 FAIL (73.2s) [p8A4StGq]
    2023-08-04 06:00 FAIL (73.1s) [p8A4StGq]
    2023-08-04 19:00 FAIL (73.2s) [p8A4StGq]
    2023-08-04 20:00 FAIL (73.1s) [p8A4StGq]
    2023-08-05 06:00 FAIL (73.1s) [p8A4StGq]
    2023-08-05 19:00 FAIL (73.2s) [p8A4StGq]
    2023-08-05 20:00 FAIL (73.1s) [p8A4StGq]
    2023-08-06 06:00 FAIL (73.1s) [p8A4StGq]
    2023-08-06 19:00 FAIL (73.2s) [p8A4StGq]
    2023-08-06 20:00 FAIL (73.2s) [p8A4StGq]
    2023-08-07 06:00 FAIL (73.2s) [p8A4StGq]
    2023-08-07 19:00 FAIL (73.1s) [p8A4StGq]
    2023-08-07 20:00 FAIL (73.1s) [p8A4StGq]
    2023-08-08 06:00 FAIL (73.1s) [p8A4StGq]
    2023-08-08 19:00 FAIL (73.2s) [p8A4StGq]
    2023-08-08 20:00 FAIL (73.1s) [p8A4StGq]
  [3120/7865] 경과 2163s | 속도 86.6 hr/min | 사용 1.85GB
    2023-08-09 20:00 FAIL (73.1s) [p8A4StGq]
    2023-08-09 19:00 FAIL (73.1s) [p8A4StGq]
    2023-08-09 06:00 FAIL (73.1s) [p8A4StGq]
    2023-08-10 06:00 FAIL (73.1s) [p8A4StGq]
    2023-08-10 19:00 FAIL (73.1s) [p8A4StGq]
    2023-08-10 20:00 FAIL (73.1s) [p8A4StGq]
    2023-08-11 06:00 FAIL (73.1s) [p8A4StGq]
    2023-08-11 19:00 FAIL (73.1s) [p8A4StGq]
    2023-08-11 20:00 FAIL (73.2s) [p8A4StGq]
    2023-08-12 19:00 FAIL (73.2s) [p8A4StGq]
    2023-08-12 06:00 FAIL (73.2s) [p8A4StGq]
    2023-08-12 20:00 FAIL (73.2s) [p8A4StGq]
    2023-08-13 06:00 FAIL (73.2s) [p8A4StGq]
    2023-08-13 19:00 FAIL (73.1s) [p8A4StGq]
    2023-08-13 20:00 FAIL (73.1s) [p8A4StGq]
    2023-08-14 06:00 FAIL (73.2s) [p8A4StGq]
  [3140/7865] 경과 2314s | 속도 81.4 hr/min | 사용 1.85GB
    2023-08-14 20:00 FAIL (73.2s) [p8A4StGq]
    2023-08-15 06:00 FAIL (73.2s) [p8A4StGq]
    2023-08-14 19:00 FAIL (73.2s) [p8A4StGq]
    2023-08-15 20:00 FAIL (73.1s) [p8A4StGq]
    2023-08-15 19:00 FAIL (73.2s) [p8A4StGq]
    2023-08-16 06:00 FAIL (73.1s) [p8A4StGq]
    2023-08-16 19:00 FAIL (73.2s) [p8A4StGq]
    2023-08-16 20:00 FAIL (73.1s) [p8A4StGq]
    2023-08-17 20:00 FAIL (73.2s) [p8A4StGq]
    2023-08-17 19:00 FAIL (73.2s) [p8A4StGq]
    2023-08-17 06:00 FAIL (73.2s) [p8A4StGq]
    2023-08-18 06:00 FAIL (73.2s) [p8A4StGq]
    2023-08-18 19:00 FAIL (73.2s) [p8A4StGq]
    2023-08-18 20:00 FAIL (73.2s) [p8A4StGq]
    2023-08-19 06:00 FAIL (73.2s) [p8A4StGq]
    2023-08-19 19:00 FAIL (73.2s) [p8A4StGq]
    2023-08-20 19:00 FAIL (73.2s) [p8A4StGq]
    2023-08-19 20:00 FAIL (73.2s) [p8A4StGq]
    2023-08-20 06:00 FAIL (73.2s) [p8A4StGq]
    2023-08-20 20:00 FAIL (73.1s) [p8A4StGq]
    2023-08-21 06:00 FAIL (73.1s) [p8A4StGq]
    2023-08-21 19:00 FAIL (73.1s) [p8A4StGq]
    2023-08-21 20:00 FAIL (73.1s) [p8A4StGq]
    2023-08-22 06:00 FAIL (73.1s) [p8A4StGq]
  [3160/7865] 경과 2539s | 속도 74.7 hr/min | 사용 1.85GB
    2023-08-22 15:00 FAIL (73.2s) [p8A4StGq]
    2023-08-22 20:00 FAIL (73.2s) [p8A4StGq]
    2023-08-22 19:00 FAIL (73.2s) [p8A4StGq]
    2023-08-23 06:00 FAIL (73.1s) [p8A4StGq]
    2023-08-23 13:00 FAIL (73.1s) [p8A4StGq]
    2023-08-23 15:00 FAIL (73.1s) [p8A4StGq]
    2023-08-23 19:00 FAIL (73.2s) [p8A4StGq]
    2023-08-23 20:00 FAIL (73.1s) [p8A4StGq]
    2023-08-24 15:00 FAIL (73.2s) [p8A4StGq]
    2023-08-24 06:00 FAIL (73.2s) [p8A4StGq]
    2023-08-24 19:00 FAIL (73.2s) [p8A4StGq]
    2023-08-24 20:00 FAIL (73.2s) [p8A4StGq]
    2023-08-25 06:00 FAIL (73.2s) [p8A4StGq]
    2023-08-25 15:00 FAIL (73.2s) [p8A4StGq]
    2023-08-25 19:00 FAIL (73.2s) [p8A4StGq]
    2023-08-25 20:00 FAIL (73.1s) [p8A4StGq]
  [3180/7865] 경과 2690s | 속도 70.9 hr/min | 사용 1.85GB
    2023-08-26 19:00 FAIL (73.2s) [p8A4StGq]
    2023-08-26 15:00 FAIL (73.2s) [p8A4StGq]
    2023-08-26 06:00 FAIL (73.2s) [p8A4StGq]
    2023-08-26 20:00 FAIL (73.1s) [p8A4StGq]
    2023-08-27 06:00 FAIL (73.2s) [p8A4StGq]
    2023-08-27 15:00 FAIL (73.2s) [p8A4StGq]
    2023-08-27 19:00 FAIL (73.1s) [p8A4StGq]
    2023-08-27 20:00 FAIL (73.1s) [p8A4StGq]
    2023-08-28 19:00 FAIL (73.2s) [p8A4StGq]
    2023-08-28 06:00 FAIL (73.2s) [p8A4StGq]
    2023-08-28 15:00 FAIL (73.2s) [p8A4StGq]
    2023-08-28 20:00 FAIL (73.1s) [p8A4StGq]
    2023-08-29 06:00 FAIL (73.1s) [p8A4StGq]
    2023-08-29 15:00 FAIL (73.2s) [p8A4StGq]
    2023-08-29 19:00 FAIL (73.2s) [p8A4StGq]
    2023-08-29 20:00 FAIL (73.2s) [p8A4StGq]
    2023-08-30 20:00 FAIL (73.2s) [p8A4StGq]
    2023-08-30 06:00 FAIL (73.2s) [p8A4StGq]
    2023-08-30 15:00 FAIL (73.2s) [p8A4StGq]
    2023-08-30 19:00 FAIL (73.2s) [p8A4StGq]
    2023-08-31 06:00 FAIL (73.1s) [p8A4StGq]
    2023-08-31 15:00 FAIL (73.1s) [p8A4StGq]
    2023-08-31 19:00 FAIL (73.1s) [p8A4StGq]
    2023-08-31 20:00 FAIL (73.1s) [p8A4StGq]
  [3200/7865] 경과 2914s | 속도 65.9 hr/min | 사용 1.85GB
    2023-09-01 20:00 FAIL (73.2s) [p8A4StGq]
    2023-09-01 15:00 FAIL (73.2s) [p8A4StGq]
    2023-09-01 06:00 FAIL (73.2s) [p8A4StGq]
    2023-09-01 10:00 FAIL (73.2s) [p8A4StGq]
    2023-09-01 19:00 FAIL (73.2s) [p8A4StGq]
    2023-09-02 06:00 FAIL (73.1s) [p8A4StGq]
    2023-09-02 15:00 FAIL (73.1s) [p8A4StGq]
    2023-09-02 19:00 FAIL (73.1s) [p8A4StGq]
    2023-09-02 20:00 FAIL (73.2s) [p8A4StGq]
    2023-09-03 20:00 FAIL (73.2s) [p8A4StGq]
    2023-09-03 15:00 FAIL (73.2s) [p8A4StGq]
    2023-09-03 19:00 FAIL (73.2s) [p8A4StGq]
    2023-09-03 06:00 FAIL (73.2s) [p8A4StGq]
    2023-09-04 06:00 FAIL (73.1s) [p8A4StGq]
    2023-09-04 15:00 FAIL (73.1s) [p8A4StGq]
    2023-09-04 19:00 FAIL (73.2s) [p8A4StGq]
  [3220/7865] 경과 3065s | 속도 63.0 hr/min | 사용 1.85GB
    2023-09-05 15:00 FAIL (73.2s) [p8A4StGq]
    2023-09-05 13:00 FAIL (73.2s) [p8A4StGq]
    2023-09-04 20:00 FAIL (73.2s) [p8A4StGq]
    2023-09-05 19:00 FAIL (73.2s) [p8A4StGq]
    2023-09-05 06:00 FAIL (73.2s) [p8A4StGq]
    2023-09-05 20:00 FAIL (73.2s) [p8A4StGq]
    2023-09-06 06:00 FAIL (73.1s) [p8A4StGq]
    2023-09-06 15:00 FAIL (73.1s) [p8A4StGq]
    2023-09-07 15:00 FAIL (73.2s) [p8A4StGq]
    2023-09-06 20:00 FAIL (73.2s) [p8A4StGq]
    2023-09-07 19:00 FAIL (73.2s) [p8A4StGq]
    2023-09-06 19:00 FAIL (73.2s) [p8A4StGq]
    2023-09-07 06:00 FAIL (73.2s) [p8A4StGq]
    2023-09-07 20:00 FAIL (73.1s) [p8A4StGq]
    2023-09-08 06:00 FAIL (73.2s) [p8A4StGq]
    2023-09-08 15:00 FAIL (73.1s) [p8A4StGq]
    2023-09-09 15:00 FAIL (73.1s) [p8A4StGq]
    2023-09-08 19:00 FAIL (73.2s) [p8A4StGq]
    2023-09-09 06:00 FAIL (73.2s) [p8A4StGq]
    2023-09-08 18:00 FAIL (73.2s) [p8A4StGq]
    2023-09-08 20:00 FAIL (73.2s) [p8A4StGq]
    2023-09-09 18:00 FAIL (73.1s) [p8A4StGq]
    2023-09-09 19:00 FAIL (73.1s) [p8A4StGq]
    2023-09-09 20:00 FAIL (73.1s) [p8A4StGq]
  [3240/7865] 경과 3290s | 속도 59.1 hr/min | 사용 1.85GB
    2023-09-10 19:00 FAIL (73.2s) [p8A4StGq]
    2023-09-10 15:00 FAIL (73.2s) [p8A4StGq]
    2023-09-10 20:00 FAIL (73.2s) [p8A4StGq]
    2023-09-10 18:00 FAIL (73.2s) [p8A4StGq]
    2023-09-10 06:00 FAIL (73.2s) [p8A4StGq]
    2023-09-11 06:00 FAIL (73.1s) [p8A4StGq]
    2023-09-11 15:00 FAIL (73.1s) [p8A4StGq]
    2023-09-11 18:00 FAIL (73.1s) [p8A4StGq]
    2023-09-11 20:00 FAIL (73.2s) [p8A4StGq]
    2023-09-12 18:00 FAIL (73.2s) [p8A4StGq]
    2023-09-12 06:00 FAIL (73.2s) [p8A4StGq]
    2023-09-12 15:00 FAIL (73.2s) [p8A4StGq]
    2023-09-11 19:00 FAIL (73.2s) [p8A4StGq]
    2023-09-12 19:00 FAIL (73.1s) [p8A4StGq]
    2023-09-12 20:00 FAIL (73.1s) [p8A4StGq]
    2023-09-13 06:00 FAIL (73.1s) [p8A4StGq]
  [3260/7865] 경과 3441s | 속도 56.8 hr/min | 사용 1.85GB
    2023-09-13 19:00 FAIL (73.3s) [p8A4StGq]
    2023-09-13 18:00 FAIL (73.3s) [p8A4StGq]
    2023-09-13 20:00 FAIL (73.3s) [p8A4StGq]
    2023-09-14 06:00 FAIL (73.2s) [p8A4StGq]
    2023-09-13 15:00 FAIL (73.3s) [p8A4StGq]
    2023-09-14 07:00 FAIL (73.1s) [p8A4StGq]
    2023-09-14 15:00 FAIL (73.1s) [p8A4StGq]
    2023-09-14 18:00 FAIL (73.1s) [p8A4StGq]
    2023-09-14 20:00 FAIL (73.2s) [p8A4StGq]
    2023-09-15 06:00 FAIL (73.2s) [p8A4StGq]
    2023-09-15 15:00 FAIL (73.2s) [p8A4StGq]
    2023-09-15 07:00 FAIL (73.2s) [p8A4StGq]
    2023-09-14 19:00 FAIL (73.2s) [p8A4StGq]
    2023-09-15 18:00 FAIL (73.1s) [p8A4StGq]
    2023-09-15 19:00 FAIL (73.1s) [p8A4StGq]
    2023-09-15 20:00 FAIL (73.2s) [p8A4StGq]
    2023-09-16 18:00 FAIL (73.2s) [p8A4StGq]
    2023-09-16 20:00 FAIL (73.2s) [p8A4StGq]
    2023-09-16 15:00 FAIL (73.2s) [p8A4StGq]
    2023-09-16 19:00 FAIL (73.2s) [p8A4StGq]
    2023-09-16 07:00 FAIL (73.2s) [p8A4StGq]
    2023-09-16 06:00 FAIL (73.2s) [p8A4StGq]
    2023-09-17 06:00 FAIL (73.2s) [p8A4StGq]
    2023-09-17 07:00 FAIL (73.1s) [p8A4StGq]
  [3280/7865] 경과 3666s | 속도 53.7 hr/min | 사용 1.85GB
    2023-09-18 07:00 FAIL (73.1s) [p8A4StGq]
    2023-09-17 19:00 FAIL (73.1s) [p8A4StGq]
    2023-09-18 06:00 FAIL (73.1s) [p8A4StGq]
    2023-09-17 18:00 FAIL (73.2s) [p8A4StGq]
    2023-09-17 15:00 FAIL (73.2s) [p8A4StGq]
    2023-09-17 20:00 FAIL (73.1s) [p8A4StGq]
    2023-09-18 15:00 FAIL (73.1s) [p8A4StGq]
    2023-09-18 18:00 FAIL (73.1s) [p8A4StGq]
    2023-09-19 06:00 FAIL (73.2s) [p8A4StGq]
    2023-09-19 20:00 FAIL (73.2s) [p8A4StGq]
    2023-09-18 20:00 FAIL (73.2s) [p8A4StGq]
    2023-09-18 19:00 FAIL (73.2s) [p8A4StGq]
    2023-09-19 19:00 FAIL (73.2s) [p8A4StGq]
    2023-09-19 18:00 FAIL (73.2s) [p8A4StGq]
    2023-09-19 15:00 FAIL (73.2s) [p8A4StGq]
    2023-09-19 07:00 FAIL (73.2s) [p8A4StGq]
  [3300/7865] 경과 3817s | 속도 51.9 hr/min | 사용 1.85GB
    2023-09-20 19:00 FAIL (73.2s) [p8A4StGq]
    2023-09-20 07:00 FAIL (73.2s) [p8A4StGq]
    2023-09-21 06:00 FAIL (73.2s) [p8A4StGq]
    2023-09-20 20:00 FAIL (73.2s) [p8A4StGq]
    2023-09-20 06:00 FAIL (73.2s) [p8A4StGq]
    2023-09-21 07:00 FAIL (73.2s) [p8A4StGq]
    2023-09-20 18:00 FAIL (73.2s) [p8A4StGq]
    2023-09-20 15:00 FAIL (73.2s) [p8A4StGq]
    2023-09-21 18:00 FAIL (73.2s) [p8A4StGq]
    2023-09-22 18:00 FAIL (73.2s) [p8A4StGq]
    2023-09-21 15:00 FAIL (73.2s) [p8A4StGq]
    2023-09-21 19:00 FAIL (73.2s) [p8A4StGq]
    2023-09-22 06:00 FAIL (73.2s) [p8A4StGq]
    2023-09-22 07:00 FAIL (73.2s) [p8A4StGq]
    2023-09-21 20:00 FAIL (73.2s) [p8A4StGq]
    2023-09-22 15:00 FAIL (73.2s) [p8A4StGq]
    2023-09-22 19:00 FAIL (73.2s) [p8A4StGq]
    2023-09-23 18:00 FAIL (73.2s) [p8A4StGq]
    2023-09-23 20:00 FAIL (73.2s) [p8A4StGq]
    2023-09-23 07:00 FAIL (73.2s) [p8A4StGq]
    2023-09-23 06:00 FAIL (73.2s) [p8A4StGq]
    2023-09-23 19:00 FAIL (73.2s) [p8A4StGq]
    2023-09-23 15:00 FAIL (73.2s) [p8A4StGq]
    2023-09-22 20:00 FAIL (73.2s) [p8A4StGq]
  [3320/7865] 경과 4042s | 속도 49.3 hr/min | 사용 1.85GB
    2023-09-25 07:00 FAIL (73.2s) [p8A4StGq]
    2023-09-24 07:00 FAIL (73.2s) [p8A4StGq]
    2023-09-25 06:00 FAIL (73.2s) [p8A4StGq]
    2023-09-24 19:00 FAIL (73.2s) [p8A4StGq]
    2023-09-24 15:00 FAIL (73.2s) [p8A4StGq]
    2023-09-24 18:00 FAIL (73.2s) [p8A4StGq]
    2023-09-24 20:00 FAIL (73.2s) [p8A4StGq]
    2023-09-24 06:00 FAIL (73.2s) [p8A4StGq]
    2023-09-25 20:00 FAIL (73.2s) [p8A4StGq]
    2023-09-26 06:00 FAIL (73.2s) [p8A4StGq]
    2023-09-26 07:00 FAIL (73.2s) [p8A4StGq]
    2023-09-25 18:00 FAIL (73.2s) [p8A4StGq]
    2023-09-25 15:00 FAIL (73.2s) [p8A4StGq]
    2023-09-25 19:00 FAIL (73.2s) [p8A4StGq]
    2023-09-26 15:00 FAIL (73.2s) [p8A4StGq]
    2023-09-26 18:00 FAIL (73.2s) [p8A4StGq]
  [3340/7865] 경과 4193s | 속도 47.8 hr/min | 사용 1.85GB
    2023-09-27 15:00 FAIL (73.2s) [p8A4StGq]
    2023-09-26 20:00 FAIL (73.2s) [p8A4StGq]
    2023-09-26 19:00 FAIL (73.2s) [p8A4StGq]
    2023-09-27 07:00 FAIL (73.2s) [p8A4StGq]
    2023-09-27 18:00 FAIL (73.2s) [p8A4StGq]
    2023-09-27 06:00 FAIL (73.2s) [p8A4StGq]
    2023-09-27 20:00 FAIL (73.2s) [p8A4StGq]
    2023-09-27 19:00 FAIL (73.2s) [p8A4StGq]
    2023-09-28 07:00 FAIL (73.2s) [p8A4StGq]
    2023-09-28 19:00 FAIL (73.2s) [p8A4StGq]
    2023-09-29 07:00 FAIL (73.2s) [p8A4StGq]
    2023-09-28 20:00 FAIL (73.2s) [p8A4StGq]
    2023-09-28 15:00 FAIL (73.2s) [p8A4StGq]
    2023-09-28 18:00 FAIL (73.2s) [p8A4StGq]
    2023-09-29 06:00 FAIL (73.2s) [p8A4StGq]
    2023-09-28 06:00 FAIL (73.2s) [p8A4StGq]
    2023-09-30 15:00 FAIL (73.1s) [p8A4StGq]
    2023-09-29 15:00 FAIL (73.1s) [p8A4StGq]
    2023-09-29 20:00 FAIL (73.1s) [p8A4StGq]
    2023-09-30 07:00 FAIL (73.1s) [p8A4StGq]
    2023-09-29 18:00 FAIL (73.1s) [p8A4StGq]
    2023-09-29 19:00 FAIL (73.1s) [p8A4StGq]
    2023-09-30 18:00 FAIL (73.1s) [p8A4StGq]
    2023-09-30 06:00 FAIL (73.2s) [p8A4StGq]
  [3360/7865] 경과 4418s | 속도 45.6 hr/min | 사용 1.85GB
    2023-10-01 07:00 FAIL (73.2s) [p8A4StGq]
    2023-10-01 19:00 FAIL (73.2s) [p8A4StGq]
    2023-09-30 20:00 FAIL (73.2s) [p8A4StGq]
    2023-09-30 19:00 FAIL (73.2s) [p8A4StGq]
    2023-10-01 20:00 FAIL (73.1s) [p8A4StGq]
    2023-10-01 06:00 FAIL (73.2s) [p8A4StGq]
    2023-10-01 15:00 FAIL (73.2s) [p8A4StGq]
    2023-10-01 18:00 FAIL (73.2s) [p8A4StGq]
    2023-10-02 15:00 FAIL (73.2s) [p8A4StGq]
    2023-10-02 07:00 FAIL (73.2s) [p8A4StGq]
    2023-10-02 18:00 FAIL (73.2s) [p8A4StGq]
    2023-10-02 06:00 FAIL (73.2s) [p8A4StGq]
    2023-10-02 20:00 FAIL (73.2s) [p8A4StGq]
    2023-10-02 17:00 FAIL (73.2s) [p8A4StGq]
    2023-10-02 19:00 FAIL (73.2s) [p8A4StGq]
    2023-10-03 06:00 FAIL (73.1s) [p8A4StGq]
  [3380/7865] 경과 4569s | 속도 44.4 hr/min | 사용 1.85GB
    2023-10-03 07:00 FAIL (73.2s) [p8A4StGq]
    2023-10-03 18:00 FAIL (73.2s) [p8A4StGq]
    2023-10-04 15:00 FAIL (73.2s) [p8A4StGq]
    2023-10-03 20:00 FAIL (73.2s) [p8A4StGq]
    2023-10-04 07:00 FAIL (73.2s) [p8A4StGq]
    2023-10-04 06:00 FAIL (73.2s) [p8A4StGq]
    2023-10-03 15:00 FAIL (73.2s) [p8A4StGq]
    2023-10-03 19:00 FAIL (73.2s) [p8A4StGq]
    2023-10-05 18:00 FAIL (73.2s) [p8A4StGq]
    2023-10-04 20:00 FAIL (73.2s) [p8A4StGq]
    2023-10-05 07:00 FAIL (73.2s) [p8A4StGq]
    2023-10-04 19:00 FAIL (73.2s) [p8A4StGq]
    2023-10-05 06:00 FAIL (73.2s) [p8A4StGq]
    2023-10-05 15:00 FAIL (73.2s) [p8A4StGq]
    2023-10-04 18:00 FAIL (73.2s) [p8A4StGq]
    2023-10-05 19:00 FAIL (73.2s) [p8A4StGq]
    2023-10-06 20:00 FAIL (73.2s) [p8A4StGq]
    2023-10-06 19:00 FAIL (73.2s) [p8A4StGq]
    2023-10-06 07:00 FAIL (73.2s) [p8A4StGq]
    2023-10-05 20:00 FAIL (73.2s) [p8A4StGq]
    2023-10-06 18:00 FAIL (73.2s) [p8A4StGq]
    2023-10-06 06:00 FAIL (73.2s) [p8A4StGq]
    2023-10-07 06:00 FAIL (73.2s) [p8A4StGq]
    2023-10-06 15:00 FAIL (73.2s) [p8A4StGq]
  [3400/7865] 경과 4794s | 속도 42.6 hr/min | 사용 1.85GB
    2023-10-07 19:00 FAIL (73.1s) [p8A4StGq]
    2023-10-08 06:00 FAIL (73.1s) [p8A4StGq]
    2023-10-08 15:00 FAIL (73.1s) [p8A4StGq]
    2023-10-07 18:00 FAIL (73.1s) [p8A4StGq]
    2023-10-07 15:00 FAIL (73.1s) [p8A4StGq]
    2023-10-08 07:00 FAIL (73.1s) [p8A4StGq]
    2023-10-07 07:00 FAIL (73.2s) [p8A4StGq]
    2023-10-07 20:00 FAIL (73.1s) [p8A4StGq]
    2023-10-08 20:00 FAIL (73.2s) [p8A4StGq]
    2023-10-09 19:00 FAIL (73.2s) [p8A4StGq]
    2023-10-08 18:00 FAIL (73.2s) [p8A4StGq]
    2023-10-09 06:00 FAIL (73.2s) [p8A4StGq]
    2023-10-08 19:00 FAIL (73.2s) [p8A4StGq]
    2023-10-09 18:00 FAIL (73.2s) [p8A4StGq]
    2023-10-09 15:00 FAIL (73.2s) [p8A4StGq]
    2023-10-09 07:00 FAIL (73.2s) [p8A4StGq]
  [3420/7865] 경과 4944s | 속도 41.5 hr/min | 사용 1.85GB
    2023-10-10 19:00 FAIL (73.2s) [p8A4StGq]
    2023-10-10 20:00 FAIL (73.2s) [p8A4StGq]
    2023-10-10 06:00 FAIL (73.2s) [p8A4StGq]
    2023-10-10 15:00 FAIL (73.2s) [p8A4StGq]
    2023-10-11 06:00 FAIL (73.2s) [p8A4StGq]
    2023-10-10 07:00 FAIL (73.2s) [p8A4StGq]
    2023-10-09 20:00 FAIL (73.2s) [p8A4StGq]
    2023-10-10 18:00 FAIL (73.2s) [p8A4StGq]
    2023-10-12 07:00 FAIL (73.2s) [p8A4StGq]
    2023-10-11 20:00 FAIL (73.2s) [p8A4StGq]
    2023-10-11 18:00 FAIL (73.2s) [p8A4StGq]
    2023-10-11 15:00 FAIL (73.2s) [p8A4StGq]
    2023-10-12 15:00 FAIL (73.2s) [p8A4StGq]
    2023-10-11 07:00 FAIL (73.2s) [p8A4StGq]
    2023-10-11 19:00 FAIL (73.2s) [p8A4StGq]
    2023-10-12 06:00 FAIL (73.2s) [p8A4StGq]
    2023-10-13 06:00 FAIL (73.2s) [p8A4StGq]
    2023-10-12 18:00 FAIL (73.2s) [p8A4StGq]
    2023-10-13 19:00 FAIL (73.2s) [p8A4StGq]
    2023-10-12 20:00 FAIL (73.2s) [p8A4StGq]
    2023-10-12 19:00 FAIL (73.2s) [p8A4StGq]
    2023-10-13 15:00 FAIL (73.2s) [p8A4StGq]
    2023-10-13 18:00 FAIL (73.2s) [p8A4StGq]
    2023-10-13 07:00 FAIL (73.2s) [p8A4StGq]
  [3440/7865] 경과 5170s | 속도 39.9 hr/min | 사용 1.85GB
    2023-10-14 06:00 FAIL (73.2s) [p8A4StGq]
    2023-10-14 18:00 FAIL (73.2s) [p8A4StGq]
    2023-10-14 15:00 FAIL (73.2s) [p8A4StGq]
    2023-10-13 20:00 FAIL (73.2s) [p8A4StGq]
    2023-10-14 20:00 FAIL (73.2s) [p8A4StGq]
    2023-10-15 06:00 FAIL (73.2s) [p8A4StGq]
    2023-10-14 19:00 FAIL (73.2s) [p8A4StGq]
    2023-10-14 07:00 FAIL (73.2s) [p8A4StGq]
    2023-10-16 07:00 FAIL (73.2s) [p8A4StGq]
    2023-10-15 07:00 FAIL (73.2s) [p8A4StGq]
    2023-10-15 18:00 FAIL (73.2s) [p8A4StGq]
    2023-10-15 20:00 FAIL (73.2s) [p8A4StGq]
    2023-10-15 19:00 FAIL (73.2s) [p8A4StGq]
    2023-10-15 15:00 FAIL (73.2s) [p8A4StGq]
    2023-10-16 15:00 FAIL (73.2s) [p8A4StGq]
    2023-10-16 06:00 FAIL (73.2s) [p8A4StGq]
  [3460/7865] 경과 5320s | 속도 39.0 hr/min | 사용 1.85GB
    2023-10-17 19:00 FAIL (73.2s) [p8A4StGq]
    2023-10-17 15:00 FAIL (73.2s) [p8A4StGq]
    2023-10-16 20:00 FAIL (73.2s) [p8A4StGq]
    2023-10-17 18:00 FAIL (73.2s) [p8A4StGq]
    2023-10-16 18:00 FAIL (73.2s) [p8A4StGq]
    2023-10-17 07:00 FAIL (73.2s) [p8A4StGq]
    2023-10-16 19:00 FAIL (73.2s) [p8A4StGq]
    2023-10-17 06:00 FAIL (73.2s) [p8A4StGq]
    2023-10-18 15:00 FAIL (73.2s) [p8A4StGq]
    2023-10-18 17:00 FAIL (73.2s) [p8A4StGq]
    2023-10-18 20:00 FAIL (73.2s) [p8A4StGq]
    2023-10-18 06:00 FAIL (73.2s) [p8A4StGq]
    2023-10-18 18:00 FAIL (73.2s) [p8A4StGq]
    2023-10-18 19:00 FAIL (73.2s) [p8A4StGq]
    2023-10-18 07:00 FAIL (73.2s) [p8A4StGq]
    2023-10-17 20:00 FAIL (73.2s) [p8A4StGq]
    2023-10-19 06:00 FAIL (73.2s) [p8A4StGq]
    2023-10-20 06:00 FAIL (73.2s) [p8A4StGq]
    2023-10-19 07:00 FAIL (73.2s) [p8A4StGq]
    2023-10-19 17:00 FAIL (73.2s) [p8A4StGq]
    2023-10-19 15:00 FAIL (73.2s) [p8A4StGq]
    2023-10-19 19:00 FAIL (73.2s) [p8A4StGq]
    2023-10-19 18:00 FAIL (73.2s) [p8A4StGq]
    2023-10-19 20:00 FAIL (73.2s) [p8A4StGq]
  [3480/7865] 경과 5546s | 속도 37.6 hr/min | 사용 1.85GB
    2023-10-20 17:00 FAIL (73.2s) [p8A4StGq]
    2023-10-20 19:00 FAIL (73.2s) [p8A4StGq]
    2023-10-21 06:00 FAIL (73.2s) [p8A4StGq]
    2023-10-21 07:00 FAIL (73.2s) [p8A4StGq]
    2023-10-20 20:00 FAIL (73.2s) [p8A4StGq]
    2023-10-20 15:00 FAIL (73.2s) [p8A4StGq]
    2023-10-20 07:00 FAIL (73.2s) [p8A4StGq]
    2023-10-20 18:00 FAIL (73.2s) [p8A4StGq]
    2023-10-21 17:00 FAIL (73.2s) [p8A4StGq]
    2023-10-21 19:00 FAIL (73.2s) [p8A4StGq]
    2023-10-22 06:00 FAIL (73.2s) [p8A4StGq]
    2023-10-22 15:00 FAIL (73.2s) [p8A4StGq]
    2023-10-21 18:00 FAIL (73.2s) [p8A4StGq]
    2023-10-22 07:00 FAIL (73.2s) [p8A4StGq]
    2023-10-21 15:00 FAIL (73.2s) [p8A4StGq]
    2023-10-21 20:00 FAIL (73.2s) [p8A4StGq]
  [3500/7865] 경과 5696s | 속도 36.9 hr/min | 사용 1.85GB
    2023-10-22 20:00 FAIL (73.1s) [p8A4StGq]
    2023-10-23 17:00 FAIL (73.1s) [p8A4StGq]
    2023-10-22 17:00 FAIL (73.1s) [p8A4StGq]
    2023-10-22 19:00 FAIL (73.1s) [p8A4StGq]
    2023-10-23 15:00 FAIL (73.1s) [p8A4StGq]
    2023-10-22 18:00 FAIL (73.1s) [p8A4StGq]
    2023-10-23 06:00 FAIL (73.1s) [p8A4StGq]
    2023-10-23 07:00 FAIL (73.1s) [p8A4StGq]
    2023-10-24 06:00 FAIL (73.2s) [p8A4StGq]
    2023-10-24 15:00 FAIL (73.2s) [p8A4StGq]
    2023-10-23 20:00 FAIL (73.2s) [p8A4StGq]
    2023-10-23 18:00 FAIL (73.2s) [p8A4StGq]
    2023-10-24 18:00 FAIL (73.2s) [p8A4StGq]
    2023-10-24 17:00 FAIL (73.2s) [p8A4StGq]
    2023-10-23 19:00 FAIL (73.2s) [p8A4StGq]
    2023-10-24 07:00 FAIL (73.2s) [p8A4StGq]
    2023-10-24 20:00 FAIL (73.2s) [p8A4StGq]
    2023-10-25 15:00 FAIL (73.2s) [p8A4StGq]
    2023-10-25 18:00 FAIL (73.2s) [p8A4StGq]
    2023-10-25 06:00 FAIL (73.2s) [p8A4StGq]
    2023-10-25 19:00 FAIL (73.2s) [p8A4StGq]
    2023-10-25 17:00 FAIL (73.2s) [p8A4StGq]
    2023-10-25 07:00 FAIL (73.2s) [p8A4StGq]
    2023-10-24 19:00 FAIL (73.2s) [p8A4StGq]
  [3520/7865] 경과 5922s | 속도 35.7 hr/min | 사용 1.85GB
    2023-10-26 15:00 FAIL (73.1s) [p8A4StGq]
    2023-10-26 20:00 FAIL (73.2s) [p8A4StGq]
    2023-10-25 20:00 FAIL (73.2s) [p8A4StGq]
    2023-10-26 19:00 FAIL (73.2s) [p8A4StGq]
    2023-10-26 06:00 FAIL (73.2s) [p8A4StGq]
    2023-10-26 07:00 FAIL (73.2s) [p8A4StGq]
    2023-10-26 17:00 FAIL (73.2s) [p8A4StGq]
    2023-10-26 18:00 FAIL (73.2s) [p8A4StGq]
    2023-10-27 18:00 FAIL (73.2s) [p8A4StGq]
    2023-10-27 20:00 FAIL (73.2s) [p8A4StGq]
    2023-10-28 06:00 FAIL (73.2s) [p8A4StGq]
    2023-10-27 07:00 FAIL (73.2s) [p8A4StGq]
    2023-10-27 06:00 FAIL (73.2s) [p8A4StGq]
    2023-10-27 15:00 FAIL (73.2s) [p8A4StGq]
    2023-10-27 17:00 FAIL (73.2s) [p8A4StGq]
    2023-10-27 19:00 FAIL (73.2s) [p8A4StGq]
  [3540/7865] 경과 6072s | 속도 35.0 hr/min | 사용 1.85GB
    2023-10-29 06:00 FAIL (73.2s) [p8A4StGq]
    2023-10-28 15:00 FAIL (73.2s) [p8A4StGq]
    2023-10-28 18:00 FAIL (73.2s) [p8A4StGq]
    2023-10-28 20:00 FAIL (73.2s) [p8A4StGq]
    2023-10-29 07:00 FAIL (73.2s) [p8A4StGq]
    2023-10-28 19:00 FAIL (73.2s) [p8A4StGq]
    2023-10-28 17:00 FAIL (73.2s) [p8A4StGq]
    2023-10-28 07:00 FAIL (73.2s) [p8A4StGq]
    2023-10-29 20:00 FAIL (73.1s) [p8A4StGq]
    2023-10-30 06:00 FAIL (73.1s) [p8A4StGq]
    2023-10-29 19:00 FAIL (73.1s) [p8A4StGq]
    2023-10-29 17:00 FAIL (73.2s) [p8A4StGq]
    2023-10-29 18:00 FAIL (73.2s) [p8A4StGq]
    2023-10-30 15:00 FAIL (73.2s) [p8A4StGq]
    2023-10-29 15:00 FAIL (73.2s) [p8A4StGq]
    2023-10-30 07:00 FAIL (73.2s) [p8A4StGq]
    2023-10-30 17:00 FAIL (73.2s) [p8A4StGq]
    2023-10-31 07:00 FAIL (73.2s) [p8A4StGq]
    2023-10-30 18:00 FAIL (73.2s) [p8A4StGq]
    2023-10-31 06:00 FAIL (73.2s) [p8A4StGq]
    2023-10-30 19:00 FAIL (73.2s) [p8A4StGq]
    2023-10-31 17:00 FAIL (73.1s) [p8A4StGq]
    2023-10-30 20:00 FAIL (73.2s) [p8A4StGq]
    2023-10-31 15:00 FAIL (73.2s) [p8A4StGq]
  [3560/7865] 경과 6298s | 속도 33.9 hr/min | 사용 1.85GB
    2023-11-01 10:00 FAIL (73.2s) [p8A4StGq]
    2023-11-01 15:00 FAIL (73.2s) [p8A4StGq]
    2023-11-01 09:00 FAIL (73.2s) [p8A4StGq]
    2023-10-31 18:00 FAIL (73.2s) [p8A4StGq]
    2023-10-31 20:00 FAIL (73.2s) [p8A4StGq]
    2023-11-01 06:00 FAIL (73.2s) [p8A4StGq]
    2023-10-31 19:00 FAIL (73.2s) [p8A4StGq]
    2023-11-01 07:00 FAIL (73.2s) [p8A4StGq]
    2023-11-02 06:00 FAIL (73.2s) [p8A4StGq]
    2023-11-01 20:00 FAIL (73.2s) [p8A4StGq]
    2023-11-02 15:00 FAIL (73.2s) [p8A4StGq]
    2023-11-01 19:00 FAIL (73.2s) [p8A4StGq]
    2023-11-01 17:00 FAIL (73.2s) [p8A4StGq]
    2023-11-02 07:00 FAIL (73.2s) [p8A4StGq]
    2023-11-01 18:00 FAIL (73.2s) [p8A4StGq]
    2023-11-02 17:00 FAIL (73.2s) [p8A4StGq]
  [3580/7865] 경과 6448s | 속도 33.3 hr/min | 사용 1.85GB
    2023-11-02 18:00 FAIL (73.2s) [p8A4StGq]
    2023-11-02 20:00 FAIL (73.2s) [p8A4StGq]
    2023-11-03 07:00 FAIL (73.2s) [p8A4StGq]
    2023-11-03 15:00 FAIL (73.2s) [p8A4StGq]
    2023-11-02 19:00 FAIL (73.2s) [p8A4StGq]
    2023-11-03 06:00 FAIL (73.2s) [p8A4StGq]
    2023-11-03 17:00 FAIL (73.2s) [p8A4StGq]
    2023-11-03 18:00 FAIL (73.2s) [p8A4StGq]
    2023-11-04 07:00 FAIL (73.1s) [p8A4StGq]
    2023-11-04 15:00 FAIL (73.1s) [p8A4StGq]
    2023-11-04 17:00 FAIL (73.1s) [p8A4StGq]
    2023-11-04 19:00 FAIL (73.1s) [p8A4StGq]
    2023-11-03 20:00 FAIL (73.2s) [p8A4StGq]
    2023-11-04 18:00 FAIL (73.1s) [p8A4StGq]
    2023-11-04 06:00 FAIL (73.1s) [p8A4StGq]
    2023-11-03 19:00 FAIL (73.2s) [p8A4StGq]
    2023-11-04 20:00 FAIL (73.1s) [p8A4StGq]
    2023-11-05 20:00 FAIL (73.1s) [p8A4StGq]
    2023-11-05 07:00 FAIL (73.1s) [p8A4StGq]
    2023-11-05 19:00 FAIL (73.1s) [p8A4StGq]
    2023-11-05 17:00 FAIL (73.1s) [p8A4StGq]
    2023-11-05 06:00 FAIL (73.2s) [p8A4StGq]
    2023-11-05 18:00 FAIL (73.2s) [p8A4StGq]
    2023-11-05 15:00 FAIL (73.2s) [p8A4StGq]
  [3600/7865] 경과 6674s | 속도 32.4 hr/min | 사용 1.85GB
    2023-11-06 07:00 FAIL (73.2s) [p8A4StGq]
    2023-11-06 18:00 FAIL (73.2s) [p8A4StGq]
    2023-11-06 17:00 FAIL (73.2s) [p8A4StGq]
    2023-11-06 20:00 FAIL (73.2s) [p8A4StGq]
    2023-11-06 06:00 FAIL (73.2s) [p8A4StGq]
    2023-11-06 19:00 FAIL (73.2s) [p8A4StGq]
    2023-11-06 15:00 FAIL (73.2s) [p8A4StGq]
    2023-11-07 06:00 FAIL (73.2s) [p8A4StGq]
    2023-11-07 07:00 FAIL (73.2s) [p8A4StGq]
    2023-11-07 15:00 FAIL (73.2s) [p8A4StGq]
    2023-11-07 17:00 FAIL (73.2s) [p8A4StGq]
    2023-11-08 07:00 FAIL (73.2s) [p8A4StGq]
    2023-11-08 06:00 FAIL (73.2s) [p8A4StGq]
    2023-11-07 18:00 FAIL (73.2s) [p8A4StGq]
    2023-11-07 19:00 FAIL (73.2s) [p8A4StGq]
    2023-11-07 20:00 FAIL (73.2s) [p8A4StGq]
  [3620/7865] 경과 6824s | 속도 31.8 hr/min | 사용 1.85GB
