tm,stnId,stnNm,ta,hm,ws,wd,rn,pa,ps,ss,icsr,dc10Tca,dc10LmcsCa,ts
2024-01-01 00:00,112,인천,0.7,91,0.6,50,,1017.7,1026.5,,,0,0,0.0
2024-01-01 01:00,112,인천,0.6,92,1.1,70,,1018.1,1026.9,,,0,0,-0.1
2024-01-01 02:00,112,인천,0.3,93,1.8,360,,1018.5,1027.3,,,3,3,-0.1
2024-01-01 03:00,112,인천,0.5,93,0.7,320,,1019.0,1027.8,,,8,8,-0.1
2024-01-01 04:00,112,인천,0.4,94,1.5,70,,1019.2,1028.0,,,1,1,-0.2
2024-01-01 05:00,112,인천,0.8,95,1.3,70,,1019.4,1028.2,,,8,8,-0.1
2024-01-01 06:00,112,인천,0.7,95,2.3,110,,1019.4,1028.2,,,0,0,-0.2
2024-01-01 07:00,112,인천,0.4,95,1.0,230,,1020.1,1028.9,,,0,0,-0.2
2024-01-01 08:00,112,인천,0.4,95,0.5,270,,1020.5,1029.3,0.0,0.0,3,3,-0.2
2024-01-01 09:00,112,인천,1.5,96,0.9,90,,1020.5,1029.3,0.5,0.2,0,0,-0.1
2024-01-01 10:00,112,인천,1.8,93,0.7,290,,1021.1,1029.9,1.0,0.71,0,0,0.0
2024-01-01 11:00,112,인천,2.8,92,0.6,290,,1020.9,1029.6,1.0,1.22,0,0,0.0
2024-01-01 12:00,112,인천,4.6,85,1.2,230,,1020.3,1028.9,0.7,1.35,9,9,0.1
2024-01-01 13:00,112,인천,5.0,81,2.2,230,,1019.2,1027.8,0.1,1.2,9,9,0.4
2024-01-01 14:00,112,인천,5.0,79,1.9,230,,1018.5,1027.1,0.0,0.95,9,9,1.8
2024-01-01 15:00,112,인천,4.9,76,1.9,200,,1018.2,1026.8,0.0,0.61,9,9,2.1
2024-01-01 16:00,112,인천,4.5,78,2.2,230,,1018.0,1026.6,0.0,0.16,9,9,1.6
2024-01-01 17:00,112,인천,4.2,78,1.1,230,,1017.7,1026.3,0.0,0.09,9,9,1.1
2024-01-01 18:00,112,인천,4.0,78,1.4,230,,1017.6,1026.2,0.0,0.0,9,9,0.9
2024-01-01 19:00,112,인천,3.8,79,1.6,230,,1017.3,1025.9,,,9,9,0.7
2024-01-01 20:00,112,인천,3.8,81,1.6,250,,1017.4,1026.0,,,9,9,0.7
2024-01-01 21:00,112,인천,3.6,85,1.4,290,,1017.2,1025.8,,,9,9,0.7
2024-01-01 22:00,112,인천,3.5,86,1.2,290,,1017.3,1026.0,,,9,4,0.7
2024-01-01 23:00,112,인천,3.3,88,2.1,320,,1016.9,1025.6,,,10,8,0.8
2024-01-02 00:00,112,인천,3.1,89,1.8,340,0.0,1016.8,1025.5,,,9,9,0.7
2024-01-02 01:00,112,인천,2.9,86,1.1,290,,1016.4,1025.1,,,9,9,0.7
2024-01-02 02:00,112,인천,2.8,83,2.5,320,,1016.1,1024.8,,,9,4,0.7
2024-01-02 03:00,112,인천,2.4,85,1.9,320,,1016.1,1024.8,,,8,8,0.2
2024-01-02 04:00,112,인천,2.3,84,1.4,320,,1015.7,1024.4,,,8,8,0.1
2024-01-02 05:00,112,인천,2.2,86,1.5,320,,1015.1,1023.8,,,9,9,0.1
2024-01-02 06:00,112,인천,1.9,84,0.8,20,,1014.6,1023.3,,,8,8,0.0
2024-01-02 07:00,112,인천,2.0,85,1.7,320,,1015.1,1023.8,,,8,8,0.3
2024-01-02 08:00,112,인천,1.8,82,1.5,360,,1014.9,1023.6,0.0,0.0,7,7,0.2
2024-01-02 09:00,112,인천,1.9,79,1.0,320,,1015.1,1023.8,0.0,0.09,9,9,0.6
2024-01-02 10:00,112,인천,2.5,76,1.9,320,,1015.4,1024.1,0.3,0.47,9,9,1.7
2024-01-02 11:00,112,인천,2.7,70,2.0,290,,1015.0,1023.7,0.0,0.53,9,9,2.8
2024-01-02 12:00,112,인천,3.1,70,1.9,290,,1014.5,1023.1,0.0,0.69,9,9,3.9
2024-01-02 13:00,112,인천,3.7,66,3.3,290,,1014.1,1022.7,0.3,1.18,8,8,6.4
2024-01-02 14:00,112,인천,3.6,64,3.1,290,,1013.5,1022.1,0.1,0.84,9,9,5.1
2024-01-02 15:00,112,인천,3.9,60,2.0,270,,1013.2,1021.8,0.3,0.7,9,9,5.4
2024-01-02 16:00,112,인천,3.6,62,2.0,250,,1013.2,1021.8,0.0,0.44,9,9,4.2
2024-01-02 17:00,112,인천,3.2,65,1.5,230,,1013.0,1021.6,0.0,0.18,9,9,3.2
2024-01-02 18:00,112,인천,2.9,68,2.3,250,,1013.0,1021.6,0.0,0.02,9,7,2.3
2024-01-02 19:00,112,인천,2.9,69,1.3,290,,1012.9,1021.5,,,10,9,1.9
2024-01-02 20:00,112,인천,2.7,68,1.6,270,,1013.0,1021.6,,,10,8,1.5
2024-01-02 21:00,112,인천,2.5,70,0.8,270,,1013.1,1021.8,,,9,9,1.3
2024-01-02 22:00,112,인천,2.5,71,0.7,290,,1012.7,1021.4,,,10,9,1.1
2024-01-02 23:00,112,인천,2.4,73,1.9,290,,1012.5,1021.2,,,10,7,1.0
2024-01-03 00:00,112,인천,2.2,75,1.8,320,,1012.2,1020.9,,,9,4,0.8
2024-01-03 01:00,112,인천,2.2,75,1.6,340,,1011.9,1020.6,,,10,9,1.1
2024-01-03 02:00,112,인천,2.3,76,1.2,340,,1011.4,1020.0,,,10,10,1.2
2024-01-03 03:00,112,인천,2.3,78,1.6,320,,1011.4,1020.0,,,9,9,1.2
2024-01-03 04:00,112,인천,2.2,77,0.1,0,,1010.9,1019.5,,,10,8,1.3
2024-01-03 05:00,112,인천,2.2,77,0.5,290,,1010.5,1019.1,,,10,9,1.3
2024-01-03 06:00,112,인천,2.3,79,1.0,230,0.0,1010.2,1018.8,,,10,9,1.3
2024-01-03 07:00,112,인천,2.4,81,1.4,230,,1010.3,1018.9,,,10,8,1.4
2024-01-03 08:00,112,인천,2.3,85,1.6,230,,1010.5,1019.1,0.0,0.0,10,6,1.5
2024-01-03 09:00,112,인천,2.2,85,0.0,0,0.0,1010.7,1019.3,0.0,0.03,10,4,1.6
2024-01-03 10:00,112,인천,2.7,86,2.0,180,,1010.6,1019.2,0.0,0.28,10,9,2.7
2024-01-03 11:00,112,인천,3.4,85,1.9,180,,1010.2,1018.8,0.0,0.56,9,9,4.2
2024-01-03 12:00,112,인천,4.4,81,1.8,230,0.0,1009.9,1018.5,0.1,1.08,9,9,6.8
2024-01-03 13:00,112,인천,3.8,81,2.3,230,,1009.4,1018.0,0.1,0.71,10,6,5.2
2024-01-03 14:00,112,인천,3.3,86,4.4,320,,1009.3,1017.9,0.0,0.4,10,7,4.8
2024-01-03 15:00,112,인천,3.1,84,3.1,360,0.0,1009.5,1018.1,0.0,0.58,9,9,5.3
2024-01-03 16:00,112,인천,3.2,77,3.2,320,,1010.0,1018.6,0.4,0.6,2,2,5.4
2024-01-03 17:00,112,인천,2.8,80,2.5,290,,1010.6,1019.2,0.6,0.32,1,1,3.5
2024-01-03 18:00,112,인천,1.9,84,2.8,270,,1011.5,1020.2,0.0,0.03,1,1,1.9
2024-01-03 19:00,112,인천,1.6,76,3.4,290,,1012.1,1020.8,,,0,0,1.1
2024-01-03 20:00,112,인천,1.0,69,2.9,290,,1012.6,1021.3,,,0,0,0.4
2024-01-03 21:00,112,인천,0.6,71,2.7,290,,1013.1,1021.8,,,0,0,0.3
2024-01-03 22:00,112,인천,0.3,69,2.7,290,,1013.6,1022.3,,,0,0,0.2
2024-01-03 23:00,112,인천,0.1,62,4.2,320,,1013.6,1022.4,,,0,0,0.1
2024-01-04 00:00,112,인천,-0.4,66,2.4,320,,1013.9,1022.7,,,0,0,0.1
2024-01-04 01:00,112,인천,-0.6,66,2.1,270,,1014.1,1022.9,,,0,0,0.0
2024-01-04 02:00,112,인천,-0.9,68,2.1,290,,1014.1,1022.9,,,0,0,-0.1
2024-01-04 03:00,112,인천,-1.0,71,1.7,290,,1014.2,1023.0,,,0,0,0.1
2024-01-04 04:00,112,인천,-1.3,71,1.2,70,,1013.8,1022.6,,,0,0,-0.2
2024-01-04 05:00,112,인천,-1.8,72,0.8,110,,1013.9,1022.7,,,0,0,-0.4
2024-01-04 06:00,112,인천,-1.9,70,1.3,140,,1014.3,1023.1,,,0,0,-0.2
2024-01-04 07:00,112,인천,-1.6,72,1.7,140,,1014.5,1023.3,,,8,8,0.2
2024-01-04 08:00,112,인천,-1.0,69,2.5,160,,1014.9,1023.7,0.0,0.0,9,9,-0.4
2024-01-04 09:00,112,인천,-0.5,69,2.3,140,,1015.1,1023.9,0.0,0.12,8,8,-0.1
2024-01-04 10:00,112,인천,0.5,69,2.9,160,,1015.5,1024.3,0.0,0.39,8,8,0.0
2024-01-04 11:00,112,인천,2.8,63,2.3,140,,1015.4,1024.1,0.9,1.21,1,1,0.2
2024-01-04 12:00,112,인천,4.1,60,3.4,140,,1014.7,1023.3,0.8,1.44,7,7,0.6
2024-01-04 13:00,112,인천,3.9,60,3.7,160,,1013.9,1022.5,0.2,1.15,7,7,3.5
2024-01-04 14:00,112,인천,5.0,60,3.9,180,,1013.1,1021.7,0.7,1.47,4,4,6.1
2024-01-04 15:00,112,인천,4.6,63,3.9,180,,1012.4,1021.0,0.3,0.81,8,8,5.0
2024-01-04 16:00,112,인천,4.6,65,4.2,180,,1012.2,1020.8,0.0,0.38,7,7,4.3
2024-01-04 17:00,112,인천,4.7,68,3.6,200,,1012.5,1021.1,0.0,0.13,9,9,3.5
2024-01-04 18:00,112,인천,4.6,68,4.5,180,,1012.0,1020.6,0.0,0.02,8,8,2.6
2024-01-04 19:00,112,인천,4.5,71,3.9,180,,1011.8,1020.4,,,9,9,2.4
2024-01-04 20:00,112,인천,4.4,72,4.0,160,,1011.8,1020.4,,,7,7,2.2
2024-01-04 21:00,112,인천,4.5,72,4.5,160,,1011.5,1020.1,,,9,9,2.2
2024-01-04 22:00,112,인천,4.3,73,3.7,160,,1011.1,1019.7,,,8,8,2.1
2024-01-04 23:00,112,인천,4.0,73,5.1,180,,1011.0,1019.6,,,7,6,1.5
2024-01-05 00:00,112,인천,3.8,75,3.7,160,,1011.2,1019.8,,,7,7,1.5
2024-01-05 01:00,112,인천,4.1,77,4.3,180,,1010.9,1019.5,,,7,7,1.7
2024-01-05 02:00,112,인천,4.3,78,4.0,160,,1010.9,1019.5,,,8,8,2.1
2024-01-05 03:00,112,인천,4.5,81,3.6,160,,1010.8,1019.4,,,8,8,2.2
2024-01-05 04:00,112,인천,4.8,83,3.9,160,,1010.6,1019.1,,,9,9,2.6
2024-01-05 05:00,112,인천,5.0,84,2.5,180,,1010.5,1019.1,,,9,9,2.8
2024-01-05 06:00,112,인천,6.0,87,3.1,250,0.0,1010.8,1019.3,,,9,9,3.1
2024-01-05 07:00,112,인천,5.6,87,3.3,230,,1011.4,1019.9,,,7,7,2.6
2024-01-05 08:00,112,인천,5.6,87,3.4,270,,1011.7,1020.3,0.0,0.0,9,9,2.9
2024-01-05 09:00,112,인천,5.8,86,3.5,250,,1012.2,1020.7,0.0,0.09,9,9,3.4
2024-01-05 10:00,112,인천,5.9,81,3.2,250,,1012.5,1021.0,0.2,0.4,2,2,3.9
2024-01-05 11:00,112,인천,6.9,75,2.3,250,,1012.9,1021.4,1.0,1.07,0,0,5.6
2024-01-05 12:00,112,인천,7.3,69,4.2,250,,1012.4,1020.9,1.0,1.46,0,0,7.4
2024-01-05 13:00,112,인천,7.6,68,3.8,250,,1011.6,1020.1,1.0,1.69,0,0,8.9
2024-01-05 14:00,112,인천,7.4,67,3.7,270,,1011.1,1019.6,1.0,1.63,1,1,9.5
2024-01-05 15:00,112,인천,7.0,68,3.6,250,,1011.1,1019.6,1.0,1.32,1,1,8.9
2024-01-05 16:00,112,인천,6.3,71,3.4,250,,1011.2,1019.7,1.0,0.86,1,1,7.6
2024-01-05 17:00,112,인천,5.3,70,3.0,270,,1011.4,1020.0,0.9,0.36,0,0,5.4
2024-01-05 18:00,112,인천,4.3,78,3.0,250,,1011.6,1020.2,0.0,0.03,0,0,4.0
2024-01-05 19:00,112,인천,3.9,81,3.4,270,,1011.7,1020.3,,,0,0,3.1
2024-01-05 20:00,112,인천,3.6,80,4.2,270,,1012.1,1020.7,,,0,0,2.6
2024-01-05 21:00,112,인천,3.0,70,2.0,290,,1012.5,1021.1,,,0,0,2.0
2024-01-05 22:00,112,인천,1.9,74,3.3,320,,1012.7,1021.4,,,0,0,1.4
2024-01-05 23:00,112,인천,1.0,69,3.0,290,,1012.9,1021.6,,,0,0,0.9
2024-01-06 00:00,112,인천,0.3,78,2.0,290,,1012.9,1021.6,,,0,0,0.6
2024-01-06 01:00,112,인천,-0.2,82,1.8,290,,1013.0,1021.7,,,0,0,0.5
2024-01-06 02:00,112,인천,-0.7,80,2.2,290,,1013.2,1022.0,,,0,0,0.4
2024-01-06 03:00,112,인천,-0.9,83,2.6,320,,1013.6,1022.4,,,0,0,0.4
2024-01-06 04:00,112,인천,-1.3,81,1.5,290,,1013.5,1022.3,,,0,0,0.4
2024-01-06 05:00,112,인천,-1.5,81,2.3,340,,1013.5,1022.3,,,0,0,0.3
2024-01-06 06:00,112,인천,-1.7,78,2.7,340,,1013.7,1022.5,,,0,0,0.2
2024-01-06 07:00,112,인천,-2.0,74,2.3,340,,1014.1,1022.9,,,0,0,0.4
2024-01-06 08:00,112,인천,-2.1,70,1.8,320,,1014.4,1023.2,0.0,0.0,0,0,0.0
2024-01-06 09:00,112,인천,-1.5,70,1.4,290,,1015.0,1023.8,0.6,0.23,0,0,0.1
2024-01-06 10:00,112,인천,-0.3,62,1.1,270,,1015.1,1023.9,1.0,0.84,0,0,0.1
2024-01-06 11:00,112,인천,0.6,51,2.2,290,,1014.7,1023.4,1.0,1.37,0,0,0.2
2024-01-06 12:00,112,인천,1.2,46,2.8,290,,1014.4,1023.1,1.0,1.73,0,0,2.4
2024-01-06 13:00,112,인천,3.1,49,1.9,270,,1014.0,1022.6,1.0,1.85,0,0,5.8
2024-01-06 14:00,112,인천,3.2,42,2.2,320,,1013.1,1021.7,1.0,1.78,0,0,7.3
2024-01-06 15:00,112,인천,4.1,44,3.5,230,,1013.1,1021.7,1.0,1.49,0,0,7.4
2024-01-06 16:00,112,인천,3.4,46,3.0,230,,1012.9,1021.5,1.0,0.98,0,0,5.6
2024-01-06 17:00,112,인천,2.4,47,2.6,200,,1013.1,1021.8,0.8,0.38,2,2,3.5
2024-01-06 18:00,112,인천,2.0,60,3.3,250,0.0,1013.6,1022.3,0.0,0.03,9,9,2.5
2024-01-06 19:00,112,인천,0.7,84,0.8,270,,1013.6,1022.3,,,9,9,1.9
2024-01-06 20:00,112,인천,0.9,88,1.4,250,,1013.6,1022.3,,,9,9,1.8
2024-01-06 21:00,112,인천,0.1,90,3.3,290,2.1,1013.8,1022.6,,,7,7,1.3
2024-01-06 22:00,112,인천,0.0,90,3.9,320,,1014.0,1022.8,,,4,4,1.4
2024-01-06 23:00,112,인천,-0.8,89,3.7,290,,1014.6,1023.4,,,0,0,1.3
2024-01-07 00:00,112,인천,-1.6,79,3.7,320,,1015.1,1023.9,,,0,0,1.2
2024-01-07 01:00,112,인천,-2.0,74,4.1,320,,1015.1,1023.9,,,0,0,0.9
2024-01-07 02:00,112,인천,-2.4,75,1.9,360,,1015.1,1023.9,,,0,0,0.6
2024-01-07 03:00,112,인천,-2.4,75,2.3,270,,1015.6,1024.4,,,0,0,0.4
2024-01-07 04:00,112,인천,-2.6,77,3.0,270,,1015.8,1024.7,,,0,0,0.6
2024-01-07 05:00,112,인천,-2.9,74,3.6,290,,1015.8,1024.7,,,1,1,0.6
2024-01-07 06:00,112,인천,-3.6,61,3.9,340,,1016.3,1025.2,,,0,0,0.4
2024-01-07 07:00,112,인천,-4.1,55,5.1,320,,1017.1,1026.0,,,0,0,0.3
2024-01-07 08:00,112,인천,-4.5,57,4.0,320,,1017.9,1026.8,0.0,0.0,0,0,0.0
2024-01-07 09:00,112,인천,-4.2,54,3.6,320,,1018.9,1027.8,0.6,0.31,0,0,0.1
2024-01-07 10:00,112,인천,-4.0,46,4.5,270,,1019.3,1028.2,1.0,1.07,0,0,0.1
2024-01-07 11:00,112,인천,-3.7,48,5.1,290,,1019.3,1028.2,1.0,1.57,0,0,0.2
2024-01-07 12:00,112,인천,-3.3,51,4.1,290,,1019.1,1028.0,1.0,1.86,0,0,0.6
2024-01-07 13:00,112,인천,-3.2,52,4.2,290,,1018.6,1027.5,1.0,1.99,0,0,1.3
2024-01-07 14:00,112,인천,-3.0,53,4.1,320,,1018.4,1027.3,1.0,1.92,0,0,1.9
2024-01-07 15:00,112,인천,-3.3,51,5.6,320,,1018.3,1027.2,1.0,1.6,0,0,2.2
2024-01-07 16:00,112,인천,-3.4,50,4.1,290,,1018.5,1027.4,1.0,1.11,0,0,1.8
2024-01-07 17:00,112,인천,-4.3,39,4.9,320,,1018.7,1027.6,1.0,0.52,0,0,0.5
2024-01-07 18:00,112,인천,-5.0,46,5.2,320,,1019.2,1028.2,0.3,0.04,0,0,0.3
2024-01-07 19:00,112,인천,-5.4,47,4.7,290,,1019.5,1028.5,,,0,0,-0.2
2024-01-07 20:00,112,인천,-6.2,51,3.4,320,,1020.1,1029.1,,,2,0,-0.4
2024-01-07 21:00,112,인천,-6.8,54,5.7,340,,1020.5,1029.5,,,0,0,0.1
2024-01-07 22:00,112,인천,-7.5,59,3.4,340,,1020.4,1029.5,,,0,0,-0.4
2024-01-07 23:00,112,인천,-8.0,61,3.8,270,,1020.5,1029.6,,,0,0,-0.6
2024-01-08 00:00,112,인천,-8.2,60,2.6,320,,1020.6,1029.7,,,0,0,-1.0
2024-01-08 01:00,112,인천,-8.4,59,4.1,270,,1020.2,1029.3,,,1,0,-0.7
2024-01-08 02:00,112,인천,-8.7,60,2.5,50,,1020.4,1029.5,,,0,0,-0.9
2024-01-08 03:00,112,인천,-8.9,59,3.6,50,,1020.4,1029.5,,,0,0,-0.6
2024-01-08 04:00,112,인천,-9.3,62,2.4,20,,1020.1,1029.2,,,0,0,-1.0
2024-01-08 05:00,112,인천,-9.3,58,2.6,20,,1019.9,1029.0,,,0,0,-1.3
2024-01-08 06:00,112,인천,-9.6,60,1.2,50,,1020.0,1029.1,,,0,0,-1.3
2024-01-08 07:00,112,인천,-9.9,63,0.9,110,,1020.0,1029.1,,,0,0,-1.4
2024-01-08 08:00,112,인천,-9.6,65,1.5,180,,1020.0,1029.1,0.0,0.0,0,0,-1.3
2024-01-08 09:00,112,인천,-7.1,58,2.3,140,,1020.4,1029.4,0.7,0.24,0,0,-1.3
2024-01-08 10:00,112,인천,-5.2,49,2.1,140,,1020.5,1029.5,1.0,0.88,0,0,-0.6
2024-01-08 11:00,112,인천,-3.9,48,0.9,140,,1020.5,1029.4,1.0,1.4,0,0,-0.1
2024-01-08 12:00,112,인천,-3.4,48,2.0,230,,1019.6,1028.5,1.0,1.77,0,0,-0.1
2024-01-08 13:00,112,인천,-2.9,53,1.5,290,,1018.8,1027.7,1.0,1.95,0,0,0.0
2024-01-08 14:00,112,인천,-1.4,53,2.2,200,,1018.1,1026.9,1.0,1.86,0,0,0.1
2024-01-08 15:00,112,인천,-1.6,57,2.2,230,,1017.6,1026.4,1.0,1.39,8,0,0.2
2024-01-08 16:00,112,인천,-2.1,60,1.6,200,,1017.0,1025.8,1.0,0.86,8,0,0.0
2024-01-08 17:00,112,인천,-2.3,63,1.4,200,,1017.3,1026.2,0.2,0.35,8,0,0.0
2024-01-08 18:00,112,인천,-2.8,64,2.2,180,,1017.1,1026.0,0.0,0.05,8,0,-0.1
2024-01-08 19:00,112,인천,-3.0,64,2.0,140,,1016.8,1025.7,,,7,7,-0.2
2024-01-08 20:00,112,인천,-3.0,67,2.2,140,,1016.3,1025.2,,,6,2,-0.3
2024-01-08 21:00,112,인천,-2.6,65,2.6,140,,1016.1,1025.0,,,8,8,-0.3
2024-01-08 22:00,112,인천,-2.6,64,2.3,140,,1015.7,1024.6,,,9,7,-0.4
2024-01-08 23:00,112,인천,-2.3,62,2.5,160,,1015.6,1024.4,,,9,5,-0.5
2024-01-09 00:00,112,인천,-2.5,63,1.6,110,,1015.6,1024.4,,,7,7,-0.5
2024-01-09 01:00,112,인천,-2.3,64,2.0,140,,1014.8,1023.6,,,9,9,-0.3
2024-01-09 02:00,112,인천,-1.8,63,2.7,140,,1014.2,1023.0,,,10,10,-0.2
2024-01-09 03:00,112,인천,-1.5,64,3.2,160,,1013.6,1022.4,,,9,9,-0.2
2024-01-09 04:00,112,인천,-1.1,65,2.7,140,,1012.9,1021.7,,,9,9,-0.2
2024-01-09 05:00,112,인천,-0.8,70,2.9,160,,1012.2,1021.0,,,9,9,-0.2
2024-01-09 06:00,112,인천,-0.9,75,3.1,160,0.0,1011.9,1020.7,,,9,9,-0.1
2024-01-09 07:00,112,인천,-1.0,81,2.8,160,,1011.7,1020.5,,,9,9,-0.1
2024-01-09 08:00,112,인천,-0.9,84,0.8,140,,1012.0,1020.8,0.0,0.0,10,10,-0.1
2024-01-09 09:00,112,인천,-1.1,88,2.7,160,0.5,1012.2,1021.0,0.0,0.02,10,7,-0.1
2024-01-09 10:00,112,인천,-0.7,88,1.4,140,,1012.3,1021.1,0.0,0.16,10,8,0.0
2024-01-09 11:00,112,인천,-0.4,89,2.3,140,,1012.0,1020.7,0.0,0.24,10,9,-0.1
2024-01-09 12:00,112,인천,0.3,90,1.8,140,0.6,1011.1,1019.8,0.0,0.3,10,9,-0.1
2024-01-09 13:00,112,인천,0.6,89,0.8,90,,1010.2,1018.9,0.0,0.37,10,9,-0.1
2024-01-09 14:00,112,인천,0.8,90,0.7,90,,1009.5,1018.2,0.0,0.23,10,9,0.0
2024-01-09 15:00,112,인천,1.0,89,0.7,180,0.6,1009.6,1018.3,0.0,0.23,10,9,0.0
2024-01-09 16:00,112,인천,1.1,89,0.5,320,,1009.7,1018.4,0.0,0.12,10,9,0.0
2024-01-09 17:00,112,인천,0.6,92,2.5,360,,1009.8,1018.5,0.0,0.08,10,8,-0.1
2024-01-09 18:00,112,인천,0.6,91,0.4,0,0.1,1010.0,1018.7,0.0,0.02,10,5,0.0
2024-01-09 19:00,112,인천,0.5,92,2.3,340,,1010.3,1019.0,,,10,5,0.0
2024-01-09 20:00,112,인천,0.6,91,1.3,20,,1010.4,1019.1,,,10,5,0.0
2024-01-09 21:00,112,인천,0.3,91,1.6,290,0.0,1010.6,1019.3,,,10,10,0.0
2024-01-09 22:00,112,인천,-0.2,93,2.5,290,,1011.1,1019.8,,,10,9,0.0
2024-01-09 23:00,112,인천,-0.2,92,1.7,340,,1011.0,1019.7,,,9,0,0.0
2024-01-10 00:00,112,인천,-0.8,91,3.1,320,,1011.0,1019.7,,,0,0,-0.1
2024-01-10 01:00,112,인천,-1.1,90,3.0,340,,1010.9,1019.7,,,0,0,-0.1
2024-01-10 02:00,112,인천,-1.5,88,2.5,270,,1011.1,1019.9,,,3,0,-0.2
2024-01-10 03:00,112,인천,-2.2,86,3.8,20,,1011.4,1020.2,,,0,0,-0.3
2024-01-10 04:00,112,인천,-2.6,84,3.7,340,,1011.4,1020.2,,,0,0,-0.4
2024-01-10 05:00,112,인천,-2.9,85,3.4,50,,1011.4,1020.2,,,0,0,-0.1
2024-01-10 06:00,112,인천,-3.4,86,3.3,50,,1011.6,1020.4,,,0,0,-0.4
2024-01-10 07:00,112,인천,-3.8,87,3.0,50,,1011.7,1020.6,,,0,0,-0.7
2024-01-10 08:00,112,인천,-4.1,88,2.7,20,,1012.4,1021.3,0.0,0.0,2,2,-0.4
2024-01-10 09:00,112,인천,-3.9,87,1.6,340,,1012.9,1021.8,0.0,0.12,6,6,-0.3
2024-01-10 10:00,112,인천,-2.6,87,1.5,340,,1013.6,1022.4,0.2,0.56,7,7,-0.1
2024-01-10 11:00,112,인천,-2.1,88,1.7,320,,1013.9,1022.7,0.0,0.5,9,9,-0.1
2024-01-10 12:00,112,인천,-0.8,85,1.6,290,,1013.1,1021.9,0.4,1.21,6,6,0.0
2024-01-10 13:00,112,인천,-0.3,82,1.2,290,,1012.9,1021.6,0.1,1.04,8,8,0.0
2024-01-10 14:00,112,인천,0.1,79,1.6,270,,1012.7,1021.4,0.3,1.22,7,7,0.0
2024-01-10 15:00,112,인천,1.2,76,1.3,230,,1012.6,1021.3,0.9,1.34,1,1,0.0
2024-01-10 16:00,112,인천,1.0,75,2.4,250,,1012.9,1021.6,1.0,0.92,1,1,0.0
2024-01-10 17:00,112,인천,0.0,80,2.3,200,,1012.6,1021.3,1.0,0.4,0,0,-0.1
2024-01-10 18:00,112,인천,-0.8,84,2.9,250,,1013.4,1022.2,0.0,0.04,0,0,-0.1
2024-01-10 19:00,112,인천,-0.9,85,1.9,250,,1013.7,1022.5,,,0,0,-0.1
2024-01-10 20:00,112,인천,-1.3,86,1.5,200,,1013.7,1022.5,,,0,0,0.0
2024-01-10 21:00,112,인천,-1.4,87,1.8,180,,1013.6,1022.4,,,0,0,-0.1
2024-01-10 22:00,112,인천,-1.6,89,2.6,160,,1013.3,1022.1,,,0,0,-0.3
2024-01-10 23:00,112,인천,-1.8,89,2.4,160,,1013.1,1021.9,,,0,0,-0.3
2024-01-11 00:00,112,인천,-1.8,89,2.0,180,,1013.2,1022.0,,,7,7,-0.2
2024-01-11 01:00,112,인천,-1.9,88,2.8,180,,1013.0,1021.8,,,9,4,-0.4
2024-01-11 02:00,112,인천,-2.3,88,2.5,160,,1012.8,1021.6,,,5,0,-0.4
2024-01-11 03:00,112,인천,-2.7,89,2.9,140,,1012.5,1021.3,,,1,1,-0.5
2024-01-11 04:00,112,인천,-2.5,90,2.3,140,,1012.7,1021.5,,,9,9,-0.3
2024-01-11 05:00,112,인천,-2.4,89,2.0,160,,1012.5,1021.3,,,8,8,-0.3
2024-01-11 06:00,112,인천,-2.1,89,2.2,140,,1011.7,1020.5,,,9,9,-0.3
2024-01-11 07:00,112,인천,-1.8,87,3.0,160,,1011.5,1020.3,,,9,9,-0.3
2024-01-11 08:00,112,인천,-1.7,87,2.9,140,,1011.3,1020.1,0.0,0.0,8,8,-0.2
2024-01-11 09:00,112,인천,-1.1,86,2.5,140,,1011.3,1020.1,0.3,0.2,8,8,-0.3
2024-01-11 10:00,112,인천,-0.4,83,3.0,160,,1011.0,1019.7,0.2,0.44,6,6,-0.1
2024-01-11 11:00,112,인천,2.0,75,2.0,180,,1010.6,1019.3,0.8,1.28,7,7,-0.1
2024-01-11 12:00,112,인천,2.9,73,3.5,180,,1009.6,1018.2,0.8,1.51,3,3,0.0
2024-01-11 13:00,112,인천,3.6,71,3.8,200,,1009.1,1017.7,0.7,1.56,6,6,0.1
2024-01-11 14:00,112,인천,4.0,68,4.1,250,,1008.5,1017.1,0.1,0.74,9,9,0.5
2024-01-11 15:00,112,인천,4.6,69,4.4,200,,1007.8,1016.3,0.0,0.7,9,9,0.7
2024-01-11 16:00,112,인천,4.7,73,3.4,200,,1007.7,1016.2,0.0,0.41,9,9,1.1
2024-01-11 17:00,112,인천,4.7,74,2.8,230,,1007.5,1016.0,0.0,0.15,9,9,0.9
2024-01-11 18:00,112,인천,4.6,77,3.4,250,,1007.6,1016.1,0.0,0.02,3,3,0.5
2024-01-11 19:00,112,인천,4.5,78,4.0,250,,1007.7,1016.2,,,5,4,0.3
2024-01-11 20:00,112,인천,4.4,80,3.5,270,,1007.7,1016.2,,,8,8,0.7
2024-01-11 21:00,112,인천,4.3,81,3.5,250,,1007.6,1016.1,,,2,2,0.3
2024-01-11 22:00,112,인천,4.0,84,3.9,270,,1007.6,1016.2,,,0,0,0.2
2024-01-11 23:00,112,인천,3.9,84,2.5,270,,1007.7,1016.3,,,7,7,0.4
2024-01-12 00:00,112,인천,3.3,79,2.7,290,,1008.0,1016.6,,,9,9,0.2
2024-01-12 01:00,112,인천,2.9,77,2.6,270,,1008.4,1017.0,,,1,1,0.1
2024-01-12 02:00,112,인천,2.3,81,3.0,290,,1008.8,1017.4,,,0,0,0.1
2024-01-12 03:00,112,인천,1.5,86,3.1,320,,1009.2,1017.9,,,0,0,0.1
2024-01-12 04:00,112,인천,1.1,85,3.0,320,,1009.3,1018.0,,,0,0,0.0
2024-01-12 05:00,112,인천,0.6,81,2.3,340,,1009.1,1017.8,,,0,0,-0.1
2024-01-12 06:00,112,인천,0.3,86,2.3,340,,1009.5,1018.2,,,0,0,-0.1
2024-01-12 07:00,112,인천,0.0,79,3.2,320,,1010.0,1018.7,,,0,0,-0.1
2024-01-12 08:00,112,인천,-0.3,78,2.6,290,,1010.4,1019.1,0.0,0.0,0,0,-0.2
2024-01-12 09:00,112,인천,-0.1,77,2.3,290,,1010.9,1019.6,0.5,0.22,0,0,-0.2
2024-01-12 10:00,112,인천,0.6,68,3.3,320,,1011.5,1020.2,1.0,0.84,0,0,0.0
2024-01-12 11:00,112,인천,1.4,55,2.5,290,,1011.5,1020.2,1.0,1.41,0,0,0.0
2024-01-12 12:00,112,인천,2.1,48,3.6,320,,1011.1,1019.8,1.0,1.81,0,0,1.1
2024-01-12 13:00,112,인천,2.6,41,3.0,290,,1010.9,1019.5,1.0,1.97,0,0,5.5
2024-01-12 14:00,112,인천,2.9,42,3.4,320,,1010.7,1019.3,1.0,1.91,0,0,6.7
2024-01-12 15:00,112,인천,2.7,39,4.6,320,,1010.9,1019.5,1.0,1.61,0,0,6.2
2024-01-12 16:00,112,인천,2.5,41,2.9,290,,1011.1,1019.7,1.0,1.11,0,0,4.7
2024-01-12 17:00,112,인천,2.0,45,2.7,290,,1011.7,1020.4,1.0,0.52,0,0,2.0
2024-01-12 18:00,112,인천,1.2,52,2.1,290,,1011.7,1020.4,0.3,0.06,0,0,0.6
2024-01-12 19:00,112,인천,1.1,55,2.0,270,,1012.3,1021.0,,,0,0,0.3
2024-01-12 20:00,112,인천,1.2,51,2.6,250,,1012.6,1021.3,,,0,0,0.1
2024-01-12 21:00,112,인천,0.9,46,2.7,290,,1012.7,1021.4,,,0,0,0.0
2024-01-12 22:00,112,인천,0.4,49,2.9,320,,1012.9,1021.6,,,0,0,-0.1
2024-01-12 23:00,112,인천,-0.1,45,2.9,290,,1013.1,1021.9,,,0,0,-0.2
2024-01-13 00:00,112,인천,-0.3,44,3.0,320,,1013.7,1022.5,,,0,0,-0.2
2024-01-13 01:00,112,인천,-1.0,50,1.9,320,,1013.6,1022.4,,,0,0,-0.8
2024-01-13 02:00,112,인천,-1.4,49,1.5,290,,1013.5,1022.3,,,0,0,-0.7
2024-01-13 03:00,112,인천,-1.6,54,2.0,290,,1013.7,1022.5,,,0,0,-0.7
2024-01-13 04:00,112,인천,-1.4,50,2.1,290,,1014.0,1022.8,,,0,0,-1.1
2024-01-13 05:00,112,인천,-1.6,60,2.1,320,,1014.5,1023.3,,,0,0,-1.0
2024-01-13 06:00,112,인천,-1.5,59,2.2,320,,1015.0,1023.8,,,0,0,-0.9
2024-01-13 07:00,112,인천,-1.3,52,3.4,340,,1016.0,1024.8,,,0,0,-1.4
2024-01-13 08:00,112,인천,-1.6,55,1.6,290,,1016.4,1025.2,0.0,0.0,0,0,-1.4
2024-01-13 09:00,112,인천,-1.2,54,2.6,320,,1016.9,1025.7,0.5,0.23,0,0,-0.8
2024-01-13 10:00,112,인천,0.1,49,3.1,320,,1017.6,1026.4,1.0,0.88,0,0,-0.2
2024-01-13 11:00,112,인천,0.9,41,3.1,20,,1018.0,1026.8,1.0,1.4,0,0,0.1
2024-01-13 12:00,112,인천,1.5,36,2.2,360,,1017.6,1026.3,1.0,1.8,0,0,0.5
2024-01-13 13:00,112,인천,2.5,36,2.6,360,,1017.0,1025.7,1.0,1.94,0,0,1.2
2024-01-13 14:00,112,인천,3.4,33,2.1,290,,1016.6,1025.3,1.0,1.88,0,0,4.3
2024-01-13 15:00,112,인천,3.6,32,2.0,320,,1016.6,1025.2,1.0,1.59,1,0,5.0
2024-01-13 16:00,112,인천,3.8,31,1.3,320,,1016.6,1025.2,1.0,1.13,2,0,4.4
2024-01-13 17:00,112,인천,3.1,38,2.7,230,,1016.9,1025.6,1.0,0.54,0,0,1.7
2024-01-13 18:00,112,인천,1.6,44,1.5,230,,1016.8,1025.5,0.3,0.06,1,0,0.5
2024-01-13 19:00,112,인천,0.9,48,0.8,180,,1017.0,1025.7,,,0,0,0.2
2024-01-13 20:00,112,인천,0.4,50,1.7,160,,1017.0,1025.8,,,0,0,0.0
2024-01-13 21:00,112,인천,0.5,56,1.8,160,,1017.4,1026.2,,,0,0,-0.1
2024-01-13 22:00,112,인천,0.2,60,1.7,140,,1017.3,1026.1,,,0,0,-0.1
2024-01-13 23:00,112,인천,0.0,61,2.5,140,,1016.4,1025.2,,,0,0,-0.2
2024-01-14 00:00,112,인천,-0.1,65,0.9,110,,1016.2,1025.0,,,0,0,-0.3
2024-01-14 01:00,112,인천,0.0,66,1.5,160,,1015.8,1024.6,,,0,0,-0.4
2024-01-14 02:00,112,인천,-0.1,68,2.1,140,,1015.9,1024.7,,,6,1,-0.5
2024-01-14 03:00,112,인천,-0.2,67,1.5,140,,1015.7,1024.5,,,0,0,-0.6
2024-01-14 04:00,112,인천,-0.1,65,1.2,160,,1015.2,1024.0,,,0,0,-0.6
2024-01-14 05:00,112,인천,-0.2,64,1.9,140,,1014.7,1023.5,,,0,0,-0.7
2024-01-14 06:00,112,인천,-0.5,65,2.5,140,,1014.0,1022.8,,,1,0,-0.8
2024-01-14 07:00,112,인천,-0.1,67,1.5,160,,1014.1,1022.9,,,4,0,-0.7
2024-01-14 08:00,112,인천,-0.3,67,0.7,160,,1014.4,1023.2,0.0,0.0,3,1,-0.8
2024-01-14 09:00,112,인천,0.8,64,3.1,140,,1013.0,1021.7,0.1,0.13,9,9,-0.2
2024-01-14 10:00,112,인천,2.1,66,4.5,160,,1012.1,1020.8,0.0,0.12,9,9,-0.1
2024-01-14 11:00,112,인천,3.2,63,6.3,160,,1011.3,1019.9,0.0,0.18,10,7,-0.1
2024-01-14 12:00,112,인천,3.3,75,4.3,180,0.0,1010.3,1018.9,0.0,0.11,10,8,0.0
2024-01-14 13:00,112,인천,3.3,86,3.3,200,,1010.5,1019.1,0.0,0.07,10,8,0.0
2024-01-14 14:00,112,인천,3.1,90,3.0,360,,1010.2,1018.8,0.0,0.15,10,8,0.0
2024-01-14 15:00,112,인천,2.2,91,2.0,20,1.9,1010.1,1018.7,0.0,0.18,10,9,0.2
2024-01-14 16:00,112,인천,2.1,90,3.6,290,,1011.1,1019.8,0.4,0.68,9,9,0.4
2024-01-14 17:00,112,인천,1.8,89,5.0,320,,1012.0,1020.7,0.0,0.18,9,9,0.2
2024-01-14 18:00,112,인천,0.6,84,3.5,340,,1013.0,1021.7,0.0,0.01,3,3,0.0
2024-01-14 19:00,112,인천,-0.4,79,4.7,320,,1013.8,1022.6,,,1,1,0.0
2024-01-14 20:00,112,인천,-1.1,77,4.5,340,,1014.5,1023.3,,,0,0,-0.1
2024-01-14 21:00,112,인천,-1.7,73,3.8,50,,1015.1,1023.9,,,0,0,-0.1
2024-01-14 22:00,112,인천,-2.4,60,6.2,360,,1015.4,1024.2,,,0,0,-0.8
2024-01-14 23:00,112,인천,-2.9,56,5.3,290,,1015.8,1024.7,,,0,0,-1.3
2024-01-15 00:00,112,인천,-3.4,54,4.8,320,,1016.1,1025.0,,,0,0,-1.3
2024-01-15 01:00,112,인천,-3.8,53,5.4,320,,1016.4,1025.3,,,0,0,-1.7
2024-01-15 02:00,112,인천,-4.2,50,5.1,320,,1016.8,1025.7,,,0,0,-1.8
2024-01-15 03:00,112,인천,-4.6,50,5.3,320,,1017.4,1026.3,,,0,0,-1.5
2024-01-15 04:00,112,인천,-5.0,49,5.6,320,,1017.6,1026.6,,,0,0,-1.8
2024-01-15 05:00,112,인천,-5.3,48,5.4,20,,1018.1,1027.1,,,0,0,-1.9
2024-01-15 06:00,112,인천,-5.6,48,4.0,290,,1018.5,1027.5,,,0,0,-2.0
2024-01-15 07:00,112,인천,-6.1,49,4.0,90,,1019.1,1028.1,,,0,0,-2.4
2024-01-15 08:00,112,인천,-6.0,49,3.9,340,,1019.8,1028.8,0.0,0.0,0,0,-2.1
2024-01-15 09:00,112,인천,-5.7,45,4.0,320,,1020.6,1029.6,0.8,0.25,0,0,-1.9
2024-01-15 10:00,112,인천,-5.1,43,5.0,340,,1021.0,1030.0,1.0,0.93,0,0,-1.2
2024-01-15 11:00,112,인천,-4.3,41,4.8,320,,1021.1,1030.1,1.0,1.48,0,0,-0.1
2024-01-15 12:00,112,인천,-3.3,40,4.4,320,,1020.5,1029.4,1.0,1.85,0,0,0.1
2024-01-15 13:00,112,인천,-2.4,42,3.4,290,,1019.9,1028.8,1.0,2.05,0,0,0.7
2024-01-15 14:00,112,인천,-1.6,38,3.7,290,,1019.7,1028.6,1.0,1.98,0,0,0.7
2024-01-15 15:00,112,인천,-0.6,37,2.0,270,,1019.5,1028.3,1.0,1.7,0,0,0.9
2024-01-15 16:00,112,인천,-0.3,35,2.7,290,,1019.8,1028.6,1.0,1.22,0,0,0.3
2024-01-15 17:00,112,인천,-0.8,41,2.1,320,,1020.2,1029.0,1.0,0.6,0,0,0.0
2024-01-15 18:00,112,인천,-1.6,46,2.7,290,,1020.9,1029.8,0.4,0.08,0,0,-0.1
2024-01-15 19:00,112,인천,-2.0,52,3.3,290,,1021.3,1030.2,,,0,0,-0.5
2024-01-15 20:00,112,인천,-2.5,48,3.6,320,,1021.6,1030.5,,,0,0,-0.4
2024-01-15 21:00,112,인천,-3.2,46,3.1,50,,1022.3,1031.2,,,0,0,-1.1
2024-01-15 22:00,112,인천,-4.0,50,2.6,20,,1022.5,1031.5,,,0,0,-1.3
2024-01-15 23:00,112,인천,-4.6,49,3.2,70,,1023.0,1032.0,,,0,0,-1.4
2024-01-16 00:00,112,인천,-5.0,50,3.6,340,,1022.8,1031.8,,,0,0,-1.6
2024-01-16 01:00,112,인천,-5.2,51,2.3,20,,1022.4,1031.4,,,0,0,-2.0
2024-01-16 02:00,112,인천,-5.3,51,2.6,320,,1023.0,1032.0,,,0,0,-1.7
2024-01-16 03:00,112,인천,-5.4,54,3.4,20,,1023.0,1032.0,,,0,0,-1.9
2024-01-16 04:00,112,인천,-5.6,52,3.6,20,,1022.7,1031.7,,,0,0,-2.2
2024-01-16 05:00,112,인천,-5.8,53,2.5,20,,1023.0,1032.0,,,0,0,-2.0
2024-01-16 06:00,112,인천,-6.2,52,0.9,250,,1023.9,1032.9,,,0,0,-2.0
2024-01-16 07:00,112,인천,-6.0,52,1.9,320,,1024.3,1033.3,,,0,0,-2.4
2024-01-16 08:00,112,인천,-6.0,52,2.2,20,,1024.6,1033.6,0.0,0.0,3,0,-2.3
2024-01-16 09:00,112,인천,-4.5,47,3.1,70,,1024.8,1033.8,0.8,0.26,7,0,-1.7
2024-01-16 10:00,112,인천,-3.1,41,3.5,70,,1025.0,1034.0,1.0,0.92,6,0,-0.9
2024-01-16 11:00,112,인천,-1.6,36,2.5,50,,1025.6,1034.5,1.0,1.46,4,0,-0.1
2024-01-16 12:00,112,인천,-0.6,36,0.7,70,,1025.2,1034.1,1.0,1.74,3,0,0.1
2024-01-16 13:00,112,인천,0.7,36,1.1,270,,1024.5,1033.3,1.0,1.85,8,0,1.5
2024-01-16 14:00,112,인천,0.6,38,2.0,320,,1024.1,1032.9,1.0,1.57,8,0,1.5
2024-01-16 15:00,112,인천,1.2,37,2.5,290,,1023.8,1032.6,1.0,1.34,8,0,1.5
2024-01-16 16:00,112,인천,1.8,36,2.1,290,,1023.4,1032.2,1.0,1.03,8,0,0.7
2024-01-16 17:00,112,인천,1.1,36,2.5,290,,1023.6,1032.4,0.5,0.45,8,0,0.0
2024-01-16 18:00,112,인천,0.4,36,2.3,340,,1023.8,1032.6,0.1,0.07,8,0,-0.1
2024-01-16 19:00,112,인천,0.0,37,1.6,320,,1023.9,1032.7,,,8,8,-0.1
2024-01-16 20:00,112,인천,-0.3,49,1.1,290,,1023.8,1032.6,,,6,6,-0.2
2024-01-16 21:00,112,인천,-0.6,58,1.2,290,,1023.8,1032.7,,,2,0,-0.3
2024-01-16 22:00,112,인천,-1.3,54,0.0,0,,1023.3,1032.2,,,1,0,-0.6
2024-01-16 23:00,112,인천,-1.2,55,0.7,320,,1022.9,1031.8,,,0,0,-0.7
2024-01-17 00:00,112,인천,-1.6,55,0.8,160,,1022.8,1031.7,,,0,0,-0.9
2024-01-17 01:00,112,인천,-1.4,59,0.7,90,,1022.0,1030.9,,,0,0,-0.6
2024-01-17 02:00,112,인천,-0.9,56,0.5,340,,1021.8,1030.6,,,9,9,-0.4
2024-01-17 03:00,112,인천,-1.1,64,1.4,320,,1021.5,1030.3,,,8,8,-0.4
2024-01-17 04:00,112,인천,-1.1,62,1.5,320,,1021.0,1029.8,,,8,8,-0.5
2024-01-17 05:00,112,인천,-1.3,64,2.1,320,,1020.9,1029.8,,,9,9,-0.5
2024-01-17 06:00,112,인천,-0.6,62,1.2,70,,1020.4,1029.2,,,9,9,-0.4
2024-01-17 07:00,112,인천,-0.3,59,1.8,90,,1020.1,1028.9,,,9,9,-0.4
2024-01-17 08:00,112,인천,-0.3,59,1.1,50,,1020.0,1028.8,0.0,0.0,10,4,-0.4
2024-01-17 09:00,112,인천,0.3,59,1.3,140,,1019.8,1028.6,0.0,0.1,10,3,-0.2
2024-01-17 10:00,112,인천,0.7,64,1.1,270,,1020.4,1029.2,0.0,0.22,10,3,-0.1
2024-01-17 11:00,112,인천,0.6,70,2.0,140,,1019.7,1028.5,0.0,0.19,10,9,0.0
2024-01-17 12:00,112,인천,0.9,79,1.4,140,0.7,1018.7,1027.5,0.0,0.25,10,9,-0.1
2024-01-17 13:00,112,인천,0.8,87,2.7,90,,1017.5,1026.3,0.0,0.32,10,9,0.0
2024-01-17 14:00,112,인천,0.8,90,2.7,70,,1016.4,1025.1,0.0,0.21,10,9,0.0
2024-01-17 15:00,112,인천,0.7,91,2.8,70,2.7,1016.0,1024.7,0.0,0.14,10,8,0.0
2024-01-17 16:00,112,인천,0.8,92,3.3,70,,1015.2,1023.9,0.0,0.15,10,8,0.0
2024-01-17 17:00,112,인천,0.9,94,2.5,70,,1014.8,1023.5,0.0,0.07,10,8,0.0
2024-01-17 18:00,112,인천,1.1,94,2.7,70,1.9,1014.5,1023.2,0.0,0.01,10,8,0.0
2024-01-17 19:00,112,인천,1.1,94,1.8,360,,1014.9,1023.6,,,10,6,0.0
2024-01-17 20:00,112,인천,0.8,95,2.3,20,,1014.3,1023.0,,,10,9,0.0
2024-01-17 21:00,112,인천,1.0,96,2.8,20,1.3,1013.7,1022.4,,,10,9,0.0
2024-01-17 22:00,112,인천,0.8,96,2.1,140,,1013.8,1022.5,,,10,9,0.0
2024-01-17 23:00,112,인천,0.8,97,3.5,20,,1013.1,1021.8,,,10,9,0.0
2024-01-18 00:00,112,인천,0.8,97,2.7,180,3.3,1012.9,1021.6,,,10,9,0.0
2024-01-18 01:00,112,인천,0.9,97,3.7,20,,1012.5,1021.2,,,10,10,0.0
2024-01-18 02:00,112,인천,0.9,97,3.6,20,,1012.3,1021.0,,,10,10,0.0
2024-01-18 03:00,112,인천,1.3,96,3.6,90,0.1,1012.6,1021.3,,,9,9,-0.1
2024-01-18 04:00,112,인천,1.2,94,3.5,70,,1012.4,1021.1,,,9,9,0.0
2024-01-18 05:00,112,인천,0.9,93,2.9,320,,1012.5,1021.2,,,9,9,0.0
2024-01-18 06:00,112,인천,1.0,92,3.6,270,,1013.0,1021.7,,,9,9,0.0
2024-01-18 07:00,112,인천,1.0,90,3.3,140,,1013.4,1022.1,,,7,7,0.0
2024-01-18 08:00,112,인천,1.0,87,3.2,320,,1014.1,1022.8,0.0,0.01,9,9,0.0
2024-01-18 09:00,112,인천,1.0,86,4.3,20,,1014.7,1023.4,0.2,0.17,7,3,-0.1
2024-01-18 10:00,112,인천,1.3,85,3.1,320,,1015.4,1024.1,0.9,0.57,4,0,0.0
2024-01-18 11:00,112,인천,2.7,82,3.2,20,,1015.4,1024.1,1.0,1.31,3,0,0.1
2024-01-18 12:00,112,인천,3.6,76,3.2,50,,1014.7,1023.3,1.0,1.76,5,0,1.4
2024-01-18 13:00,112,인천,4.9,74,2.6,50,,1014.4,1023.0,1.0,1.89,2,0,3.2
2024-01-18 14:00,112,인천,6.1,71,2.9,20,,1013.9,1022.4,1.0,1.8,3,0,5.1
2024-01-18 15:00,112,인천,7.2,69,3.1,90,,1013.8,1022.3,1.0,1.47,3,0,5.7
2024-01-18 16:00,112,인천,7.6,68,2.5,90,,1014.1,1022.6,1.0,1.07,2,1,5.3
2024-01-18 17:00,112,인천,7.5,68,0.7,50,,1014.6,1023.1,0.8,0.48,2,1,2.8
2024-01-18 18:00,112,인천,6.9,71,1.8,20,,1015.1,1023.6,0.3,0.07,7,7,1.9
2024-01-18 19:00,112,인천,5.8,75,2.4,320,,1016.3,1024.9,,,7,7,1.7
2024-01-18 20:00,112,인천,6.4,68,4.8,70,,1016.5,1025.1,,,5,5,1.0
2024-01-18 21:00,112,인천,5.8,69,5.7,70,,1017.1,1025.7,,,4,4,0.6
2024-01-18 22:00,112,인천,5.7,67,5.8,70,,1017.8,1026.4,,,8,7,1.3
2024-01-18 23:00,112,인천,5.5,68,3.9,70,,1018.1,1026.7,,,9,6,1.4
2024-01-19 00:00,112,인천,5.3,68,4.6,70,,1018.4,1027.0,,,8,8,1.6
2024-01-19 01:00,112,인천,5.1,69,3.4,50,,1018.5,1027.1,,,9,9,1.6
2024-01-19 02:00,112,인천,4.9,69,3.7,70,,1018.5,1027.1,,,9,9,1.6
2024-01-19 03:00,112,인천,4.8,69,4.4,70,,1018.7,1027.3,,,9,9,1.7
2024-01-19 04:00,112,인천,4.8,70,3.8,50,,1018.9,1027.5,,,8,8,1.7
2024-01-19 05:00,112,인천,4.8,69,4.2,70,,1018.8,1027.4,,,8,8,1.7
2024-01-19 06:00,112,인천,4.8,68,3.9,70,,1018.8,1027.4,,,9,9,1.7
2024-01-19 07:00,112,인천,4.9,67,4.7,70,,1019.1,1027.7,,,8,8,1.6
2024-01-19 08:00,112,인천,4.7,68,3.7,70,,1019.5,1028.1,0.0,0.0,7,5,1.2
2024-01-19 09:00,112,인천,5.0,66,4.6,70,,1019.9,1028.5,0.4,0.21,4,1,1.1
2024-01-19 10:00,112,인천,5.5,63,4.6,70,,1020.3,1028.9,1.0,0.87,4,1,2.3
2024-01-19 11:00,112,인천,6.8,59,3.8,70,,1020.5,1029.1,1.0,1.41,6,0,5.9
2024-01-19 12:00,112,인천,6.8,59,3.7,90,,1019.7,1028.3,0.7,1.14,8,0,6.3
2024-01-19 13:00,112,인천,7.4,56,4.7,90,,1018.7,1027.2,0.6,1.32,8,0,8.7
2024-01-19 14:00,112,인천,7.5,55,5.3,90,,1018.1,1026.6,0.6,1.13,8,0,8.5
2024-01-19 15:00,112,인천,8.1,55,3.7,70,,1017.7,1026.2,0.8,1.38,8,3,9.2
2024-01-19 16:00,112,인천,7.9,54,4.5,70,,1018.1,1026.6,0.8,1.14,8,3,7.9
2024-01-19 17:00,112,인천,7.5,53,4.8,70,,1018.2,1026.7,0.5,0.47,8,3,5.8
2024-01-19 18:00,112,인천,6.6,56,4.8,70,,1018.7,1027.3,0.0,0.05,7,3,4.0
2024-01-19 19:00,112,인천,5.7,57,5.2,70,,1019.1,1027.7,,,6,6,3.1
2024-01-19 20:00,112,인천,5.0,58,6.1,70,,1019.7,1028.3,,,8,8,2.6
2024-01-19 21:00,112,인천,4.7,60,5.8,90,,1019.8,1028.4,,,6,6,2.2
2024-01-19 22:00,112,인천,4.4,61,5.1,70,,1019.9,1028.5,,,5,3,1.8
2024-01-19 23:00,112,인천,4.4,60,4.8,70,,1019.9,1028.5,,,8,3,1.8
2024-01-20 00:00,112,인천,4.3,60,5.0,70,,1019.8,1028.4,,,6,6,1.4
2024-01-20 01:00,112,인천,4.3,60,6.3,70,,1019.6,1028.2,,,9,1,1.7
2024-01-20 02:00,112,인천,4.2,61,4.5,70,,1019.5,1028.1,,,8,3,1.9
2024-01-20 03:00,112,인천,4.1,62,5.4,70,,1019.1,1027.7,,,8,8,1.9
2024-01-20 04:00,112,인천,4.0,62,5.6,70,,1018.8,1027.4,,,9,1,1.8
2024-01-20 05:00,112,인천,3.9,62,5.5,70,,1018.1,1026.7,,,9,3,1.9
2024-01-20 06:00,112,인천,3.8,61,6.0,70,,1017.9,1026.5,,,9,4,1.9
2024-01-20 07:00,112,인천,3.9,61,5.2,90,,1017.8,1026.4,,,10,7,1.8
2024-01-20 08:00,112,인천,3.9,60,6.5,70,,1017.5,1026.1,0.0,0.0,10,3,1.8
2024-01-20 09:00,112,인천,4.1,59,6.0,70,,1018.2,1026.8,0.0,0.08,10,10,2.2
2024-01-20 10:00,112,인천,4.2,57,5.2,70,,1018.3,1026.9,0.0,0.12,10,10,2.5
2024-01-20 11:00,112,인천,4.5,55,4.9,70,,1018.3,1026.9,0.0,0.29,10,4,3.3
2024-01-20 12:00,112,인천,4.5,57,6.9,70,0.0,1017.3,1025.9,0.0,0.37,10,7,3.8
2024-01-20 13:00,112,인천,4.2,64,5.9,70,,1016.4,1025.0,0.0,0.55,10,8,4.7
2024-01-20 14:00,112,인천,4.3,66,6.2,70,,1015.5,1024.1,0.0,0.68,10,9,5.5
2024-01-20 15:00,112,인천,4.2,67,5.3,70,0.0,1015.1,1023.7,0.0,0.49,10,6,4.9
2024-01-20 16:00,112,인천,4.2,70,4.4,90,,1015.5,1024.1,0.0,0.23,10,8,4.3
2024-01-20 17:00,112,인천,2.9,83,5.2,70,,1015.5,1024.2,0.0,0.1,10,9,3.5
2024-01-20 18:00,112,인천,2.5,84,5.4,70,0.2,1015.5,1024.2,0.0,0.03,10,9,3.0
2024-01-20 19:00,112,인천,2.1,86,5.5,70,,1015.8,1024.5,,,10,9,2.5
2024-01-20 20:00,112,인천,1.8,88,5.3,70,,1016.1,1024.8,,,10,5,2.3
2024-01-20 21:00,112,인천,1.8,85,4.8,70,0.2,1016.5,1025.2,,,10,6,2.2
2024-01-20 22:00,112,인천,1.8,88,2.5,20,,1016.5,1025.2,,,9,6,2.1
2024-01-20 23:00,112,인천,1.2,90,3.2,20,,1016.2,1024.9,,,7,7,1.9
2024-01-21 00:00,112,인천,1.0,87,3.7,20,0.0,1016.0,1024.7,,,9,9,1.8
2024-01-21 01:00,112,인천,1.0,83,3.4,20,,1015.7,1024.4,,,9,4,1.5
2024-01-21 02:00,112,인천,1.1,78,3.4,20,,1015.8,1024.5,,,9,9,1.5
2024-01-21 03:00,112,인천,1.1,76,3.8,70,0.0,1016.0,1024.7,,,9,9,1.5
2024-01-21 04:00,112,인천,1.1,71,3.2,20,,1015.5,1024.2,,,9,9,1.4
2024-01-21 05:00,112,인천,1.1,70,4.2,20,,1015.9,1024.6,,,9,9,1.3
2024-01-21 06:00,112,인천,1.0,70,3.8,20,0.0,1016.1,1024.8,,,9,9,1.3
2024-01-21 07:00,112,인천,1.0,71,3.7,20,,1016.6,1025.3,,,9,9,1.2
2024-01-21 08:00,112,인천,1.0,71,3.3,50,,1017.2,1025.9,0.0,0.0,9,9,1.2
2024-01-21 09:00,112,인천,1.3,72,3.6,50,0.0,1017.3,1026.0,0.0,0.13,9,7,1.7
2024-01-21 10:00,112,인천,1.1,80,3.0,20,,1017.9,1026.6,0.0,0.18,10,10,2.0
2024-01-21 11:00,112,인천,1.3,84,2.5,200,,1017.9,1026.6,0.0,0.44,10,10,3.4
2024-01-21 12:00,112,인천,1.9,85,2.2,360,0.0,1017.5,1026.2,0.0,0.56,10,10,4.5
2024-01-21 13:00,112,인천,2.2,84,2.1,320,,1017.2,1025.9,0.0,0.68,10,10,5.6
2024-01-21 14:00,112,인천,1.9,86,2.8,290,,1017.1,1025.8,0.0,0.64,10,10,5.1
2024-01-21 15:00,112,인천,1.5,92,3.1,290,0.1,1017.0,1025.7,0.0,0.43,10,10,4.5
2024-01-21 16:00,112,인천,1.8,88,2.8,290,,1017.1,1025.8,0.0,0.41,10,8,4.7
2024-01-21 17:00,112,인천,1.8,86,4.2,320,,1017.6,1026.3,0.0,0.12,10,9,3.4
2024-01-21 18:00,112,인천,1.1,86,4.6,320,0.0,1018.2,1027.0,0.0,0.02,10,5,2.5
2024-01-21 19:00,112,인천,0.0,86,4.4,290,,1018.1,1026.9,,,9,8,1.9
2024-01-21 20:00,112,인천,-0.9,84,4.1,290,,1018.6,1027.4,,,10,9,1.4
2024-01-21 21:00,112,인천,-1.7,80,3.9,290,,1019.0,1027.8,,,9,9,0.8
2024-01-21 22:00,112,인천,-2.7,78,4.8,270,,1019.0,1027.9,,,10,9,0.3
2024-01-21 23:00,112,인천,-3.3,76,4.8,270,,1019.0,1027.9,,,9,9,0.2
2024-01-22 00:00,112,인천,-3.7,73,5.3,290,,1019.0,1027.9,,,10,9,-0.2
2024-01-22 01:00,112,인천,-4.1,74,5.2,320,,1019.3,1028.2,,,10,8,0.1
2024-01-22 02:00,112,인천,-5.0,73,4.6,290,,1019.5,1028.5,,,10,8,0.0
2024-01-22 03:00,112,인천,-6.0,73,7.1,320,0.0,1020.0,1029.0,,,10,8,0.1
2024-01-22 04:00,112,인천,-7.1,68,5.0,270,,1020.3,1029.3,,,9,9,-0.7
2024-01-22 05:00,112,인천,-7.6,72,4.7,290,,1020.2,1029.3,,,9,9,-0.8
2024-01-22 06:00,112,인천,-8.0,72,4.4,270,0.0,1020.2,1029.3,,,9,9,-0.8
2024-01-22 07:00,112,인천,-8.6,68,4.8,270,,1020.2,1029.3,,,9,9,-1.3
2024-01-22 08:00,112,인천,-9.1,71,6.1,290,,1020.3,1029.4,0.0,0.0,8,8,-1.9
2024-01-22 09:00,112,인천,-9.5,65,6.5,290,0.0,1020.6,1029.7,0.2,0.17,4,4,-1.7
2024-01-22 10:00,112,인천,-9.5,64,5.7,290,,1021.2,1030.3,0.5,0.6,7,7,-1.6
2024-01-22 11:00,112,인천,-9.2,63,6.2,290,,1020.9,1030.0,0.2,0.82,6,6,-1.0
2024-01-22 12:00,112,인천,-9.0,68,6.6,290,,1020.3,1029.4,0.5,1.41,8,8,0.1
2024-01-22 13:00,112,인천,-8.3,65,4.5,270,,1019.9,1029.0,0.4,1.3,8,8,-0.1
2024-01-22 14:00,112,인천,-8.4,63,5.2,270,,1019.5,1028.6,0.4,1.22,8,8,-0.5
2024-01-22 15:00,112,인천,-8.5,65,6.0,270,0.0,1019.1,1028.2,0.6,1.28,9,9,-0.2
2024-01-22 16:00,112,인천,-8.7,66,4.0,290,,1019.1,1028.2,0.1,0.6,7,7,-0.6
2024-01-22 17:00,112,인천,-9.0,60,4.3,320,,1019.5,1028.6,0.4,0.48,4,4,-1.7
2024-01-22 18:00,112,인천,-9.9,64,5.4,320,0.0,1020.0,1029.1,0.0,0.07,2,2,-2.3
2024-01-22 19:00,112,인천,-10.4,66,5.4,290,,1021.0,1030.2,,,2,2,-2.9
2024-01-22 20:00,112,인천,-10.8,65,4.5,320,,1021.4,1030.6,,,2,2,-2.5
2024-01-22 21:00,112,인천,-11.3,65,5.7,290,,1021.4,1030.6,,,4,4,-2.9
2024-01-22 22:00,112,인천,-11.4,65,6.7,290,,1021.2,1030.4,,,1,1,-2.9
2024-01-22 23:00,112,인천,-11.4,63,5.3,290,,1020.7,1029.9,,,0,0,-2.9
2024-01-23 00:00,112,인천,-11.8,60,6.6,320,,1020.0,1029.2,,,1,1,-4.1
2024-01-23 01:00,112,인천,-12.3,56,6.3,320,,1019.9,1029.1,,,1,1,-4.1
2024-01-23 02:00,112,인천,-12.6,56,5.9,320,,1019.9,1029.1,,,0,0,-4.5
2024-01-23 03:00,112,인천,-12.8,56,5.3,340,,1019.8,1029.0,,,1,1,-4.3
2024-01-23 04:00,112,인천,-13.0,56,4.3,290,,1019.6,1028.9,,,0,0,-4.6
2024-01-23 05:00,112,인천,-13.1,59,5.4,320,,1019.3,1028.6,,,0,0,-4.9
2024-01-23 06:00,112,인천,-13.3,57,5.8,320,,1019.4,1028.7,,,1,1,-5.0
2024-01-23 07:00,112,인천,-13.4,62,3.6,320,,1019.4,1028.7,,,1,1,-5.2
2024-01-23 08:00,112,인천,-13.6,66,4.1,340,,1019.5,1028.8,0.0,0.0,1,1,-5.1
2024-01-23 09:00,112,인천,-13.1,60,5.6,320,,1019.4,1028.7,0.5,0.29,1,1,-4.8
2024-01-23 10:00,112,인천,-12.4,56,4.4,290,,1019.5,1028.7,1.0,0.96,1,1,-4.1
2024-01-23 11:00,112,인천,-12.0,57,4.8,320,,1019.7,1028.9,0.9,1.48,2,2,-1.8
2024-01-23 12:00,112,인천,-11.2,55,4.5,290,,1018.5,1027.7,0.9,1.89,1,1,-0.2
2024-01-23 13:00,112,인천,-10.4,54,4.8,290,,1017.4,1026.5,1.0,2.18,3,3,-0.2
2024-01-23 14:00,112,인천,-10.0,54,5.7,290,,1016.6,1025.7,0.7,1.83,2,2,0.0
2024-01-23 15:00,112,인천,-10.1,57,5.2,270,,1015.9,1025.0,0.7,1.28,6,6,0.0
2024-01-23 16:00,112,인천,-9.9,58,5.2,290,,1015.9,1025.0,0.7,0.7,3,3,-2.0
2024-01-23 17:00,112,인천,-10.0,58,6.2,320,,1015.7,1024.8,0.0,0.22,2,2,-3.6
2024-01-23 18:00,112,인천,-10.4,60,5.7,320,,1016.0,1025.1,0.0,0.06,2,2,-4.4
2024-01-23 19:00,112,인천,-10.8,61,7.9,320,,1016.9,1026.0,,,7,1,-4.6
2024-01-23 20:00,112,인천,-11.2,58,6.8,320,,1017.4,1026.6,,,7,3,-5.4
2024-01-23 21:00,112,인천,-11.3,56,4.9,290,,1017.7,1026.9,,,1,1,-5.3
2024-01-23 22:00,112,인천,-10.9,55,4.6,290,,1017.8,1027.0,,,0,0,-5.3
2024-01-23 23:00,112,인천,-10.4,53,6.2,290,,1017.7,1026.8,,,0,0,-5.3
2024-01-24 00:00,112,인천,-10.0,57,5.6,320,,1017.3,1026.4,,,1,1,-4.9
2024-01-24 01:00,112,인천,-9.6,60,4.8,320,,1017.0,1026.1,,,0,0,-5.4
2024-01-24 02:00,112,인천,-9.3,59,6.5,290,,1017.2,1026.3,,,1,0,-5.5
2024-01-24 03:00,112,인천,-9.4,60,5.6,320,,1017.3,1026.4,,,0,0,-5.2
2024-01-24 04:00,112,인천,-9.4,60,4.4,290,,1017.1,1026.2,,,0,0,-5.2
2024-01-24 05:00,112,인천,-9.7,60,5.1,290,,1016.9,1026.0,,,0,0,-5.4
2024-01-24 06:00,112,인천,-10.1,57,5.8,290,,1017.3,1026.4,,,0,0,-5.5
2024-01-24 07:00,112,인천,-10.2,59,5.7,290,,1018.0,1027.1,,,0,0,-5.8
2024-01-24 08:00,112,인천,-10.3,59,4.6,270,,1018.2,1027.3,0.0,0.0,0,0,-5.5
2024-01-24 09:00,112,인천,-9.7,57,6.3,290,,1018.2,1027.3,0.8,0.31,0,0,-5.2
2024-01-24 10:00,112,인천,-8.8,52,8.4,320,,1018.8,1027.9,1.0,0.98,0,0,-3.7
2024-01-24 11:00,112,인천,-7.9,50,6.5,320,,1019.3,1028.4,1.0,1.58,0,0,-1.1
2024-01-24 12:00,112,인천,-6.8,48,6.1,290,,1018.0,1027.0,1.0,1.99,0,0,-0.2
2024-01-24 13:00,112,인천,-6.1,46,5.8,290,,1017.9,1026.9,1.0,2.15,0,0,0.5
2024-01-24 14:00,112,인천,-5.4,44,5.8,270,,1017.5,1026.5,1.0,2.09,0,0,1.1
2024-01-24 15:00,112,인천,-4.8,43,6.0,290,,1017.0,1025.9,1.0,1.76,0,0,0.8
2024-01-24 16:00,112,인천,-4.9,45,6.0,320,,1016.9,1025.8,1.0,1.32,0,0,0.2
2024-01-24 17:00,112,인천,-5.3,49,5.5,290,,1017.1,1026.1,1.0,0.69,0,0,-0.2
2024-01-24 18:00,112,인천,-6.1,50,5.8,290,,1017.7,1026.7,0.6,0.13,0,0,-1.7
2024-01-24 19:00,112,인천,-6.5,50,6.6,320,,1018.5,1027.5,,,0,0,-3.2
2024-01-24 20:00,112,인천,-6.8,54,7.7,320,,1019.1,1028.1,,,0,0,-4.1
2024-01-24 21:00,112,인천,-7.0,52,6.6,290,,1019.2,1028.2,,,0,0,-4.4
2024-01-24 22:00,112,인천,-7.0,52,3.7,290,,1019.4,1028.4,,,0,0,-4.5
2024-01-24 23:00,112,인천,-6.9,51,4.1,320,,1019.8,1028.8,,,0,0,-4.7
2024-01-25 00:00,112,인천,-6.7,52,4.3,340,,1019.6,1028.6,,,0,0,-4.8
2024-01-25 01:00,112,인천,-6.7,49,4.9,320,,1019.6,1028.6,,,5,0,-4.8
2024-01-25 02:00,112,인천,-6.8,48,5.2,320,,1019.7,1028.7,,,1,0,-5.0
2024-01-25 03:00,112,인천,-7.1,46,3.7,320,,1019.7,1028.7,,,0,0,-5.1
2024-01-25 04:00,112,인천,-7.4,46,4.0,320,,1019.6,1028.7,,,0,0,-5.0
2024-01-25 05:00,112,인천,-7.9,46,3.4,70,,1019.9,1029.0,,,0,0,-5.5
2024-01-25 06:00,112,인천,-8.3,46,3.0,70,,1019.8,1028.9,,,0,0,-5.1
2024-01-25 07:00,112,인천,-8.4,46,4.0,160,,1020.2,1029.3,,,0,0,-5.6
2024-01-25 08:00,112,인천,-8.2,45,3.9,320,,1021.0,1030.1,0.0,0.0,0,0,-5.6
2024-01-25 09:00,112,인천,-7.5,43,4.2,320,,1021.0,1030.1,0.8,0.31,0,0,-4.7
2024-01-25 10:00,112,인천,-6.7,42,3.4,320,,1021.4,1030.4,1.0,0.99,0,0,-3.0
2024-01-25 11:00,112,인천,-5.4,38,2.7,340,,1021.1,1030.1,1.0,1.54,0,0,-0.3
2024-01-25 12:00,112,인천,-4.4,36,3.1,320,,1020.7,1029.7,1.0,1.95,0,0,1.3
2024-01-25 13:00,112,인천,-3.6,38,2.4,290,,1020.1,1029.0,1.0,2.13,0,0,3.0
2024-01-25 14:00,112,인천,-2.7,38,1.4,290,,1019.7,1028.6,1.0,2.07,0,0,3.0
2024-01-25 15:00,112,인천,-1.7,39,1.9,270,,1019.7,1028.6,1.0,1.79,0,0,2.1
2024-01-25 16:00,112,인천,-1.5,37,3.0,290,,1019.9,1028.8,1.0,1.32,0,0,1.3
2024-01-25 17:00,112,인천,-1.7,43,3.0,290,,1020.2,1029.1,1.0,0.7,0,0,-0.1
2024-01-25 18:00,112,인천,-2.5,46,2.6,290,,1020.4,1029.3,0.6,0.13,0,0,-0.1
2024-01-25 19:00,112,인천,-2.6,51,4.6,320,,1020.5,1029.4,,,0,0,-0.5
2024-01-25 20:00,112,인천,-2.9,50,3.1,320,,1020.7,1029.6,,,2,0,-1.2
2024-01-25 21:00,112,인천,-2.9,52,2.9,290,,1021.0,1029.9,,,0,0,-1.8
2024-01-25 22:00,112,인천,-3.3,57,1.9,290,,1021.0,1029.9,,,2,0,-2.5
2024-01-25 23:00,112,인천,-3.4,53,3.0,290,,1020.9,1029.8,,,0,0,-2.8
2024-01-26 00:00,112,인천,-4.1,53,2.1,90,,1021.0,1030.0,,,0,0,-3.0
2024-01-26 01:00,112,인천,-4.6,55,1.3,340,,1021.1,1030.1,,,2,0,-3.2
2024-01-26 02:00,112,인천,-4.7,57,1.1,320,,1021.1,1030.1,,,2,0,-3.7
2024-01-26 03:00,112,인천,-4.6,61,1.6,360,,1021.1,1030.1,,,0,0,-3.7
2024-01-26 04:00,112,인천,-4.6,59,1.3,340,,1020.9,1029.9,,,0,0,-3.8
2024-01-26 05:00,112,인천,-4.9,61,1.2,90,,1020.9,1029.9,,,0,0,-4.0
2024-01-26 06:00,112,인천,-5.4,62,1.3,110,,1020.6,1029.6,,,0,0,-4.1
2024-01-26 07:00,112,인천,-5.3,62,1.6,140,,1020.8,1029.8,,,0,0,-4.1
2024-01-26 08:00,112,인천,-5.3,62,1.9,140,,1020.9,1029.9,0.0,0.0,3,0,-4.1
2024-01-26 09:00,112,인천,-4.4,61,0.9,160,,1021.3,1030.3,0.0,0.19,9,9,-2.2
2024-01-26 10:00,112,인천,-2.8,59,1.3,230,,1021.8,1030.7,0.0,0.51,9,9,-0.6
2024-01-26 11:00,112,인천,-1.8,54,1.6,230,,1022.2,1031.1,0.0,0.67,9,9,-0.2
2024-01-26 12:00,112,인천,0.3,47,1.4,140,,1021.0,1029.8,0.5,1.39,0,0,1.0
2024-01-26 13:00,112,인천,2.2,44,2.7,200,,1020.4,1029.1,1.0,2.02,3,0,3.8
2024-01-26 14:00,112,인천,2.5,46,2.0,200,,1019.9,1028.6,1.0,1.92,4,0,3.7
2024-01-26 15:00,112,인천,2.4,49,3.0,200,,1020.2,1028.9,1.0,1.57,4,0,3.0
2024-01-26 16:00,112,인천,2.8,52,2.2,230,,1020.0,1028.7,1.0,1.23,2,0,2.4
2024-01-26 17:00,112,인천,1.6,62,2.4,200,,1020.0,1028.7,1.0,0.65,2,0,-0.2
2024-01-26 18:00,112,인천,0.7,71,2.8,250,,1020.1,1028.9,0.4,0.11,0,0,0.0
2024-01-26 19:00,112,인천,0.4,76,2.3,270,,1020.4,1029.2,,,0,0,0.0
2024-01-26 20:00,112,인천,-0.1,76,1.6,270,,1020.2,1029.0,,,0,0,-0.3
2024-01-26 21:00,112,인천,-0.3,78,1.4,270,,1020.2,1029.0,,,0,0,-0.4
2024-01-26 22:00,112,인천,-0.4,79,2.0,250,,1020.4,1029.2,,,2,0,-0.6
2024-01-26 23:00,112,인천,-0.5,80,1.9,250,,1020.2,1029.0,,,2,2,-0.7
2024-01-27 00:00,112,인천,-0.5,82,1.6,250,,1020.1,1028.9,,,3,0,-0.8
2024-01-27 01:00,112,인천,-0.6,84,1.7,290,,1019.8,1028.6,,,0,0,-1.2
2024-01-27 02:00,112,인천,-1.5,88,2.3,320,,1019.9,1028.8,,,0,0,-1.5
2024-01-27 03:00,112,인천,-2.1,92,2.7,340,,1019.8,1028.7,,,0,0,-1.7
2024-01-27 04:00,112,인천,-2.8,86,2.6,20,,1019.5,1028.4,,,0,0,-2.2
2024-01-27 05:00,112,인천,-3.3,82,2.1,320,,1019.6,1028.5,,,0,0,-2.5
2024-01-27 06:00,112,인천,-3.1,82,2.4,320,,1019.5,1028.4,,,0,0,-2.5
2024-01-27 07:00,112,인천,-3.5,80,1.4,290,,1020.0,1028.9,,,0,0,-2.8
2024-01-27 08:00,112,인천,-3.8,75,0.8,20,,1020.0,1028.9,0.0,0.01,0,0,-3.0
2024-01-27 09:00,112,인천,-3.1,65,2.2,20,,1020.4,1029.3,0.7,0.3,0,0,-2.2
2024-01-27 10:00,112,인천,-1.5,56,2.2,20,,1020.7,1029.6,1.0,0.9,0,0,-0.9
2024-01-27 11:00,112,인천,0.0,53,0.8,320,,1020.7,1029.5,1.0,1.43,1,0,0.1
2024-01-27 12:00,112,인천,1.3,45,1.2,290,,1019.9,1028.7,1.0,1.83,1,0,1.7
2024-01-27 13:00,112,인천,2.7,42,2.9,230,,1019.4,1028.1,0.8,1.8,7,2,3.4
2024-01-27 14:00,112,인천,3.6,47,2.5,250,,1018.6,1027.3,1.0,1.99,6,6,4.9
2024-01-27 15:00,112,인천,3.6,48,2.5,250,,1018.2,1026.9,1.0,1.75,7,1,3.9
2024-01-27 16:00,112,인천,3.1,56,1.8,290,,1018.2,1026.9,0.9,1.12,8,1,2.5
2024-01-27 17:00,112,인천,2.0,61,2.0,270,,1018.0,1026.7,0.4,0.52,6,1,0.2
2024-01-27 18:00,112,인천,0.9,65,2.7,270,,1018.1,1026.9,0.2,0.12,5,0,-0.1
2024-01-27 19:00,112,인천,0.3,70,1.7,270,,1017.9,1026.7,,,0,0,0.0
2024-01-27 20:00,112,인천,0.0,76,2.4,270,,1017.7,1026.5,,,0,0,-0.1
2024-01-27 21:00,112,인천,0.0,80,2.9,250,,1017.6,1026.4,,,2,0,-0.3
2024-01-27 22:00,112,인천,-0.4,74,2.1,290,,1017.9,1026.7,,,0,0,-0.4
2024-01-27 23:00,112,인천,-1.2,61,2.8,290,,1017.8,1026.6,,,0,0,-0.8
2024-01-28 00:00,112,인천,-2.1,73,2.5,290,,1018.2,1027.1,,,0,0,-0.9
2024-01-28 01:00,112,인천,-2.8,76,2.0,270,,1018.2,1027.1,,,0,0,-1.2
2024-01-28 02:00,112,인천,-3.5,77,2.4,290,,1018.2,1027.1,,,5,1,-1.4
2024-01-28 03:00,112,인천,-3.8,76,2.2,340,,1018.5,1027.4,,,7,0,-1.7
2024-01-28 04:00,112,인천,-4.3,72,1.8,20,,1018.3,1027.2,,,3,0,-1.8
2024-01-28 05:00,112,인천,-4.5,63,2.2,50,,1018.1,1027.0,,,0,0,-2.5
2024-01-28 06:00,112,인천,-4.9,63,0.4,0,,1018.3,1027.3,,,0,0,-2.9
2024-01-28 07:00,112,인천,-4.8,68,1.4,200,,1018.9,1027.9,,,0,0,-3.0
2024-01-28 08:00,112,인천,-5.0,68,0.6,160,,1019.5,1028.5,0.0,0.0,1,1,-3.0
2024-01-28 09:00,112,인천,-2.9,67,0.6,180,,1020.0,1028.9,0.6,0.32,3,3,-2.0
2024-01-28 10:00,112,인천,-1.9,65,0.7,250,,1020.5,1029.4,0.3,0.7,8,8,-0.3
2024-01-28 11:00,112,인천,-0.8,61,1.0,290,,1021.0,1029.8,0.2,1.02,7,7,0.0
2024-01-28 12:00,112,인천,-0.4,56,0.7,50,,1021.0,1029.8,0.0,1.15,7,7,0.5
2024-01-28 13:00,112,인천,1.4,54,2.1,230,,1020.6,1029.4,0.7,1.73,2,2,2.8
2024-01-28 14:00,112,인천,2.6,55,1.9,230,,1020.0,1028.7,1.0,2.17,2,2,5.3
2024-01-28 15:00,112,인천,1.3,54,1.7,50,,1019.9,1028.7,0.5,1.36,4,4,1.4
2024-01-28 16:00,112,인천,1.8,54,1.8,160,,1020.1,1028.8,0.5,0.94,1,1,3.3
2024-01-28 17:00,112,인천,0.8,53,3.7,270,,1020.7,1029.5,1.0,0.78,1,1,0.0
2024-01-28 18:00,112,인천,-0.4,57,1.6,270,,1021.1,1029.9,0.7,0.15,0,0,-0.1
2024-01-28 19:00,112,인천,-1.1,65,2.7,250,,1021.7,1030.6,,,0,0,-0.2
2024-01-28 20:00,112,인천,-1.4,65,1.2,290,,1021.7,1030.6,,,0,0,-0.4
2024-01-28 21:00,112,인천,-1.7,69,1.9,270,,1022.1,1031.0,,,0,0,-0.6
2024-01-28 22:00,112,인천,-1.7,72,1.3,270,,1022.3,1031.2,,,0,0,-0.8
2024-01-28 23:00,112,인천,-1.9,73,0.7,250,,1022.2,1031.1,,,0,0,-1.1
2024-01-29 00:00,112,인천,-2.3,74,0.0,0,,1022.2,1031.1,,,1,1,-1.3
2024-01-29 01:00,112,인천,-2.4,75,1.2,230,,1022.0,1030.9,,,0,0,-1.4
2024-01-29 02:00,112,인천,-2.6,76,1.4,180,,1021.9,1030.8,,,0,0,-1.5
2024-01-29 03:00,112,인천,-2.8,77,1.7,200,,1022.0,1030.9,,,0,0,-2.1
2024-01-29 04:00,112,인천,-2.9,81,2.1,230,,1022.0,1030.9,,,0,0,-2.3
2024-01-29 05:00,112,인천,-2.9,85,1.7,230,,1022.0,1030.9,,,0,0,-2.5
2024-01-29 06:00,112,인천,-3.3,86,1.4,200,,1022.5,1031.4,,,0,0,-2.8
2024-01-29 07:00,112,인천,-3.6,90,1.5,20,,1022.7,1031.7,,,0,0,-2.9
2024-01-29 08:00,112,인천,-3.9,87,0.3,0,,1023.4,1032.4,0.0,0.01,0,0,-3.1
2024-01-29 09:00,112,인천,-2.2,86,0.6,140,,1023.3,1032.2,0.6,0.33,0,0,-2.0
2024-01-29 10:00,112,인천,-0.6,74,0.7,180,,1023.5,1032.3,1.0,0.9,2,2,-0.6
2024-01-29 11:00,112,인천,-0.1,79,1.4,270,,1023.9,1032.7,1.0,1.39,5,5,0.1
2024-01-29 12:00,112,인천,1.2,61,1.1,250,,1023.6,1032.4,0.6,1.53,7,7,1.0
2024-01-29 13:00,112,인천,2.4,52,1.9,290,,1022.9,1031.6,0.9,1.98,1,1,3.6
2024-01-29 14:00,112,인천,3.0,51,2.7,250,,1022.4,1031.1,1.0,2.03,1,1,4.9
2024-01-29 15:00,112,인천,3.1,50,2.4,290,,1022.1,1030.8,1.0,1.76,1,1,4.2
2024-01-29 16:00,112,인천,3.1,49,2.4,290,,1021.9,1030.6,1.0,1.31,1,1,3.3
2024-01-29 17:00,112,인천,2.5,53,2.9,250,,1022.3,1031.0,1.0,0.68,2,1,0.1
2024-01-29 18:00,112,인천,1.3,58,1.8,290,,1022.6,1031.4,0.5,0.14,2,1,-0.1
2024-01-29 19:00,112,인천,0.3,62,1.5,320,,1022.6,1031.4,,,0,0,0.0
2024-01-29 20:00,112,인천,0.0,69,2.7,320,,1022.7,1031.5,,,0,0,-0.1
2024-01-29 21:00,112,인천,-0.3,73,1.5,290,,1022.8,1031.6,,,7,0,-0.3
2024-01-29 22:00,112,인천,-0.6,73,1.0,320,,1023.1,1031.9,,,6,5,-0.6
2024-01-29 23:00,112,인천,-0.9,71,2.1,50,,1022.9,1031.8,,,5,3,-0.6
2024-01-30 00:00,112,인천,-1.2,72,1.4,20,,1022.9,1031.8,,,0,0,-0.8
2024-01-30 01:00,112,인천,-1.0,73,0.7,360,,1022.8,1031.7,,,0,0,-1.1
2024-01-30 02:00,112,인천,-1.0,75,0.8,20,,1022.7,1031.6,,,0,0,-1.1
2024-01-30 03:00,112,인천,-1.6,77,0.8,20,,1023.1,1032.0,,,0,0,-1.4
2024-01-30 04:00,112,인천,-1.8,79,2.3,20,,1022.5,1031.4,,,0,0,-1.5
2024-01-30 05:00,112,인천,-1.9,80,2.1,20,,1022.1,1031.0,,,0,0,-1.8
2024-01-30 06:00,112,인천,-2.2,80,0.7,90,,1022.2,1031.1,,,0,0,-2.0
2024-01-30 07:00,112,인천,-2.5,81,0.7,110,,1022.2,1031.1,,,0,0,-2.3
2024-01-30 08:00,112,인천,-2.6,84,1.3,20,,1022.6,1031.5,0.0,0.01,0,0,-2.3
2024-01-30 09:00,112,인천,-2.0,82,1.1,360,,1023.0,1031.9,0.6,0.35,0,0,-1.6
2024-01-30 10:00,112,인천,-0.9,80,1.1,320,,1022.9,1031.8,1.0,1.0,0,0,-0.5
2024-01-30 11:00,112,인천,0.1,78,2.0,320,,1022.6,1031.4,1.0,1.42,2,0,0.1
2024-01-30 12:00,112,인천,2.9,51,1.9,50,,1021.2,1029.9,1.0,1.88,2,0,2.1
2024-01-30 13:00,112,인천,4.6,36,1.7,90,,1020.5,1029.1,1.0,2.16,4,0,4.7
2024-01-30 14:00,112,인천,4.5,39,2.8,290,,1019.2,1027.8,1.0,2.04,4,0,5.9
2024-01-30 15:00,112,인천,5.0,38,2.3,290,,1018.4,1027.0,1.0,1.71,3,0,4.7
2024-01-30 16:00,112,인천,5.5,40,2.6,230,,1018.4,1027.0,1.0,1.18,6,0,3.1
2024-01-30 17:00,112,인천,5.3,45,1.9,230,,1018.4,1027.0,1.0,0.68,2,0,0.7
2024-01-30 18:00,112,인천,3.9,50,1.2,290,,1018.4,1027.0,0.6,0.15,2,0,0.0
2024-01-30 19:00,112,인천,2.7,59,2.4,340,,1018.5,1027.2,,,0,0,-0.1
2024-01-30 20:00,112,인천,2.1,56,1.6,20,,1017.8,1026.5,,,0,0,-0.1
2024-01-30 21:00,112,인천,1.6,58,3.3,340,,1018.6,1027.3,,,0,0,-0.1
2024-01-30 22:00,112,인천,1.5,56,1.7,50,,1017.9,1026.6,,,2,0,-0.3
2024-01-30 23:00,112,인천,2.1,55,1.6,90,,1017.5,1026.2,,,0,0,-0.5
2024-01-31 00:00,112,인천,2.1,54,1.3,70,,1017.3,1026.0,,,9,9,-0.2
2024-01-31 01:00,112,인천,0.9,71,2.0,290,,1017.4,1026.2,,,10,10,-0.2
2024-01-31 02:00,112,인천,0.7,67,2.4,340,,1018.0,1026.8,,,10,10,-0.2
2024-01-31 03:00,112,인천,1.4,60,1.5,90,,1017.3,1026.0,,,8,8,-0.2
2024-01-31 04:00,112,인천,1.5,58,0.7,140,,1016.6,1025.3,,,8,8,-0.3
2024-01-31 05:00,112,인천,0.9,65,1.2,50,,1016.4,1025.1,,,9,9,-0.2
2024-01-31 06:00,112,인천,1.3,66,1.7,140,,1016.2,1024.9,,,8,8,-0.2
2024-01-31 07:00,112,인천,1.7,64,0.4,0,,1016.7,1025.4,,,9,9,-0.1
2024-01-31 08:00,112,인천,0.8,72,2.8,320,,1017.1,1025.9,0.0,0.01,8,8,-0.2
2024-01-31 09:00,112,인천,1.8,62,1.4,360,,1017.3,1026.0,0.4,0.3,7,7,-0.1
2024-01-31 10:00,112,인천,4.0,53,0.6,140,,1017.2,1025.8,1.0,0.92,0,0,0.1
2024-01-31 11:00,112,인천,4.7,52,1.2,270,,1017.3,1025.9,1.0,1.41,0,0,0.7
2024-01-31 12:00,112,인천,5.9,42,1.5,290,,1016.5,1025.1,1.0,1.81,0,0,3.2
2024-01-31 13:00,112,인천,6.9,31,2.3,320,,1015.6,1024.1,1.0,2.03,0,0,7.3
2024-01-31 14:00,112,인천,7.8,29,2.9,320,,1014.7,1023.2,1.0,2.02,0,0,7.6
2024-01-31 15:00,112,인천,8.3,34,1.7,320,,1014.5,1023.0,1.0,1.7,0,0,6.4
2024-01-31 16:00,112,인천,7.7,38,2.5,320,,1014.7,1023.2,1.0,1.23,0,0,5.0
2024-01-31 17:00,112,인천,6.5,43,3.4,320,,1014.6,1023.1,1.0,0.67,0,0,1.8
2024-01-31 18:00,112,인천,4.9,56,5.7,340,,1014.8,1023.4,0.5,0.15,0,0,-0.1
2024-01-31 19:00,112,인천,3.6,66,3.1,320,,1015.5,1024.1,,,0,0,0.0
2024-01-31 20:00,112,인천,3.6,68,2.7,290,,1016.0,1024.6,,,0,0,0.0
2024-01-31 21:00,112,인천,3.6,69,2.6,290,,1015.8,1024.4,,,0,0,0.0
2024-01-31 22:00,112,인천,3.0,72,2.6,320,,1015.8,1024.5,,,0,0,0.0
2024-01-31 23:00,112,인천,2.3,81,2.7,340,,1015.6,1024.3,,,0,0,-0.1
2024-01-01 00:00,136,안동,0.1,91,0.5,110,,1009.9,1027.8,,,1,1,-0.7
2024-01-01 01:00,136,안동,-1.0,93,0.1,0,,1010.1,1028.1,,,3,3,-0.5
2024-01-01 02:00,136,안동,-0.9,94,0.1,0,,1010.8,1028.8,,,9,9,-0.5
2024-01-01 03:00,136,안동,-0.7,93,0.2,0,,1011.3,1029.3,,,8,8,-0.4
2024-01-01 04:00,136,안동,-0.7,94,0.5,340,,1011.4,1029.4,,,8,8,-0.5
2024-01-01 05:00,136,안동,-0.5,94,0.0,0,,1012.0,1030.0,,,8,8,-0.4
2024-01-01 06:00,136,안동,-0.5,92,0.2,0,,1012.3,1030.3,,,8,8,-0.4
2024-01-01 07:00,136,안동,-0.7,94,0.0,0,,1013.1,1031.1,,,8,8,-0.4
2024-01-01 08:00,136,안동,0.2,93,0.5,140,,1013.2,1031.2,0.0,0.0,5,5,-0.4
2024-01-01 09:00,136,안동,0.0,93,0.7,270,,1013.5,1031.5,0.0,0.1,8,8,-0.3
2024-01-01 10:00,136,안동,1.7,89,0.7,250,,1013.8,1031.7,0.0,0.5,8,8,0.5
2024-01-01 11:00,136,안동,3.8,87,0.3,0,,1013.9,1031.6,0.0,0.63,7,7,1.4
2024-01-01 12:00,136,안동,6.3,63,2.7,110,,1012.9,1030.4,0.9,1.65,6,6,10.0
2024-01-01 13:00,136,안동,6.3,60,1.4,110,,1011.8,1029.3,0.8,1.21,7,7,8.4
2024-01-01 14:00,136,안동,7.5,54,1.7,160,,1010.9,1028.3,1.0,1.6,8,8,13.3
2024-01-01 15:00,136,안동,7.5,56,1.2,140,,1010.5,1027.9,0.6,0.87,7,7,10.0
2024-01-01 16:00,136,안동,7.1,57,0.9,160,,1010.2,1027.6,0.8,1.02,8,8,7.1
2024-01-01 17:00,136,안동,6.6,58,0.0,0,,1010.0,1027.5,0.0,0.13,9,9,5.1
2024-01-01 18:00,136,안동,6.1,61,0.6,110,,1010.0,1027.5,0.0,0.0,8,8,4.0
2024-01-01 19:00,136,안동,5.5,63,0.4,0,,1009.7,1027.2,,,5,5,3.2
2024-01-01 20:00,136,안동,4.7,68,0.0,0,,1009.5,1027.1,,,0,0,2.4
2024-01-01 21:00,136,안동,4.3,74,0.5,110,,1009.0,1026.6,,,0,0,2.1
2024-01-01 22:00,136,안동,4.0,76,0.6,140,,1009.1,1026.7,,,0,0,2.0
2024-01-01 23:00,136,안동,3.5,78,0.2,0,,1008.8,1026.4,,,7,7,1.7
2024-01-02 00:00,136,안동,2.3,81,0.0,0,,1008.3,1026.0,,,9,9,1.2
2024-01-02 01:00,136,안동,2.2,80,0.0,0,,1008.0,1025.7,,,0,0,0.8
2024-01-02 02:00,136,안동,2.5,81,0.4,0,,1007.7,1025.4,,,0,0,0.6
2024-01-02 03:00,136,안동,1.2,84,0.3,0,,1007.3,1025.1,,,9,9,-0.2
2024-01-02 04:00,136,안동,1.8,84,0.0,0,,1007.2,1024.9,,,6,6,0.2
2024-01-02 05:00,136,안동,1.3,84,0.7,340,,1006.5,1024.3,,,5,5,-0.3
2024-01-02 06:00,136,안동,2.0,84,0.7,320,,1006.8,1024.5,,,6,6,0.5
2024-01-02 07:00,136,안동,2.3,84,0.5,90,,1006.8,1024.5,,,6,6,0.6
2024-01-02 08:00,136,안동,2.0,83,0.9,320,,1006.6,1024.3,0.0,0.0,9,9,0.8
2024-01-02 09:00,136,안동,3.0,81,0.3,0,,1006.7,1024.3,0.0,0.04,9,9,1.6
2024-01-02 10:00,136,안동,3.9,77,0.9,320,,1006.7,1024.3,0.0,0.22,9,9,3.5
2024-01-02 11:00,136,안동,4.3,75,1.4,320,,1006.6,1024.1,0.0,0.31,9,9,4.0
2024-01-02 12:00,136,안동,5.0,72,2.1,290,,1005.6,1023.1,0.0,0.36,9,9,5.4
2024-01-02 13:00,136,안동,5.5,69,2.9,290,,1004.6,1022.1,0.0,0.67,9,9,6.9
2024-01-02 14:00,136,안동,6.5,64,3.1,270,,1003.9,1021.3,0.8,1.34,8,8,11.1
2024-01-02 15:00,136,안동,6.9,61,3.7,290,,1003.8,1021.1,0.3,0.73,6,6,9.0
2024-01-02 16:00,136,안동,6.4,58,3.0,290,,1003.7,1021.1,0.2,0.54,9,9,6.6
2024-01-02 17:00,136,안동,5.5,60,1.9,320,,1004.0,1021.4,0.0,0.13,9,9,4.5
2024-01-02 18:00,136,안동,4.8,63,1.3,320,,1004.3,1021.8,0.0,0.0,9,9,3.0
2024-01-02 19:00,136,안동,4.1,66,2.0,290,,1004.4,1021.9,,,10,3,2.2
2024-01-02 20:00,136,안동,4.0,67,0.7,340,,1004.2,1021.7,,,10,9,1.8
2024-01-02 21:00,136,안동,2.9,71,0.9,270,,1004.0,1021.6,,,7,4,1.0
2024-01-02 22:00,136,안동,2.2,73,1.1,320,,1003.9,1021.5,,,10,4,0.8
2024-01-02 23:00,136,안동,2.5,71,0.4,0,,1003.5,1021.1,,,10,2,0.6
2024-01-03 00:00,136,안동,1.5,76,0.8,320,,1003.8,1021.5,,,9,5,0.5
2024-01-03 01:00,136,안동,0.9,78,0.5,320,,1003.3,1021.0,,,10,6,0.5
2024-01-03 02:00,136,안동,1.6,76,0.0,0,,1002.7,1020.4,,,10,9,0.8
2024-01-03 03:00,136,안동,1.3,79,0.4,0,,1003.1,1020.8,,,9,5,0.8
2024-01-03 04:00,136,안동,1.2,80,0.8,340,,1002.8,1020.5,,,10,3,0.8
2024-01-03 05:00,136,안동,1.5,79,0.1,0,,1002.5,1020.2,,,10,6,0.8
2024-01-03 06:00,136,안동,1.2,81,1.4,270,,1002.3,1020.0,,,10,7,0.8
2024-01-03 07:00,136,안동,0.5,88,0.4,0,,1002.1,1019.8,,,10,8,0.4
2024-01-03 08:00,136,안동,0.2,94,0.4,0,,1002.0,1019.8,0.0,0.0,10,8,0.1
2024-01-03 09:00,136,안동,0.5,92,1.4,270,0.0,1002.3,1020.1,0.0,0.06,10,8,1.2
2024-01-03 10:00,136,안동,1.4,88,1.2,290,,1002.3,1020.0,0.0,0.37,6,6,4.9
2024-01-03 11:00,136,안동,3.5,72,3.1,290,,1001.7,1019.2,0.9,1.35,7,7,8.6
2024-01-03 12:00,136,안동,4.5,66,2.7,270,,1000.9,1018.3,0.3,1.03,8,8,9.6
2024-01-03 13:00,136,안동,5.3,59,3.7,290,,1000.1,1017.5,0.5,1.31,8,8,11.3
2024-01-03 14:00,136,안동,5.0,59,3.5,290,,999.9,1017.3,0.4,0.97,8,8,8.1
2024-01-03 15:00,136,안동,5.4,57,3.8,290,,1000.0,1017.4,0.1,0.59,9,9,7.5
2024-01-03 16:00,136,안동,5.5,53,2.9,290,,1000.7,1018.1,0.8,0.74,7,7,6.8
2024-01-03 17:00,136,안동,4.0,57,3.9,290,,1001.1,1018.6,0.3,0.24,5,5,3.0
2024-01-03 18:00,136,안동,3.4,63,1.9,290,,1001.7,1019.2,0.0,0.0,7,7,1.9
2024-01-03 19:00,136,안동,3.0,70,2.4,270,,1002.3,1019.9,,,0,0,1.7
2024-01-03 20:00,136,안동,2.2,77,1.3,270,,1002.8,1020.4,,,0,0,1.0
2024-01-03 21:00,136,안동,1.6,78,1.6,320,,1003.3,1021.0,,,0,0,0.8
2024-01-03 22:00,136,안동,1.1,78,2.5,290,,1003.8,1021.5,,,2,2,-0.5
2024-01-03 23:00,136,안동,1.2,73,2.3,290,,1004.1,1021.8,,,0,0,-0.3
2024-01-04 00:00,136,안동,1.3,69,2.2,290,,1004.4,1022.1,,,2,2,-0.3
2024-01-04 01:00,136,안동,0.4,70,1.3,290,,1004.8,1022.6,,,0,0,-0.7
2024-01-04 02:00,136,안동,-0.5,74,1.4,320,,1005.0,1022.8,,,0,0,-0.9
2024-01-04 03:00,136,안동,-0.8,74,1.3,320,,1005.2,1023.1,,,0,0,-1.1
2024-01-04 04:00,136,안동,-1.9,77,0.3,0,,1005.4,1023.4,,,0,0,-1.4
2024-01-04 05:00,136,안동,-2.6,82,0.3,0,,1005.6,1023.6,,,0,0,-1.8
2024-01-04 06:00,136,안동,-3.0,84,0.5,110,,1006.2,1024.3,,,0,0,-2.3
2024-01-04 07:00,136,안동,-3.5,88,0.0,0,,1006.8,1024.9,,,0,0,-2.8
2024-01-04 08:00,136,안동,-3.8,86,0.3,0,,1007.3,1025.4,0.0,0.01,0,0,-2.8
2024-01-04 09:00,136,안동,-2.8,86,0.5,270,,1007.9,1026.0,0.5,0.5,0,0,-1.3
2024-01-04 10:00,136,안동,-0.6,77,0.1,0,,1008.1,1026.0,1.0,1.23,0,0,1.7
2024-01-04 11:00,136,안동,1.3,61,1.9,270,,1008.1,1025.9,1.0,1.56,0,0,3.9
2024-01-04 12:00,136,안동,3.0,50,1.3,250,,1007.0,1024.6,1.0,1.85,0,0,9.7
2024-01-04 13:00,136,안동,4.9,41,2.6,290,,1006.0,1023.5,1.0,2.0,0,0,12.8
2024-01-04 14:00,136,안동,5.7,39,2.8,270,,1005.4,1022.8,1.0,1.88,0,0,12.5
2024-01-04 15:00,136,안동,5.9,38,3.4,270,,1004.7,1022.1,1.0,1.54,0,0,7.8
2024-01-04 16:00,136,안동,6.0,41,3.0,270,,1004.9,1022.3,1.0,1.02,0,0,5.0
2024-01-04 17:00,136,안동,5.0,44,2.2,270,,1004.9,1022.4,1.0,0.38,0,0,1.8
2024-01-04 18:00,136,안동,3.5,51,1.5,270,,1005.1,1022.7,0.1,0.02,0,0,-0.5
2024-01-04 19:00,136,안동,1.4,60,0.3,0,,1005.2,1022.9,,,0,0,-0.7
2024-01-04 20:00,136,안동,0.8,65,0.3,0,,1005.5,1023.3,,,0,0,-0.9
2024-01-04 21:00,136,안동,-0.6,71,0.0,0,,1005.7,1023.6,,,0,0,-1.0
2024-01-04 22:00,136,안동,-0.9,75,0.5,140,,1005.4,1023.3,,,0,0,-1.3
2024-01-04 23:00,136,안동,-1.8,77,0.5,140,,1005.2,1023.1,,,0,0,-1.4
2024-01-05 00:00,136,안동,-2.8,82,0.2,0,,1005.1,1023.1,,,0,0,-1.8
2024-01-05 01:00,136,안동,-2.5,82,0.8,110,,1005.1,1023.1,,,0,0,-1.8
2024-01-05 02:00,136,안동,-3.1,85,0.1,0,,1004.7,1022.7,,,0,0,-2.3
2024-01-05 03:00,136,안동,-4.5,89,0.6,320,,1005.0,1023.1,,,0,0,-1.9
2024-01-05 04:00,136,안동,-3.3,87,0.0,0,,1004.8,1022.9,,,0,0,-2.5
2024-01-05 05:00,136,안동,-3.7,85,0.3,0,,1004.6,1022.7,,,0,0,-2.8
2024-01-05 06:00,136,안동,-3.0,91,1.0,340,,1004.5,1022.5,,,0,0,-3.0
2024-01-05 07:00,136,안동,-1.5,82,1.2,320,,1004.8,1022.7,,,0,0,-2.2
2024-01-05 08:00,136,안동,-1.0,83,0.6,340,,1004.9,1022.8,0.0,0.0,0,0,-1.3
2024-01-05 09:00,136,안동,0.1,82,1.0,340,,1005.2,1023.0,0.0,0.15,9,9,-0.4
2024-01-05 10:00,136,안동,1.6,80,1.3,340,,1005.3,1023.0,0.0,0.26,9,9,-0.2
2024-01-05 11:00,136,안동,3.7,76,1.2,320,,1005.2,1022.8,0.0,0.44,9,9,0.8
2024-01-05 12:00,136,안동,5.0,74,2.1,320,,1004.5,1022.0,0.0,0.52,9,9,1.1
2024-01-05 13:00,136,안동,6.6,70,1.7,320,,1003.7,1021.0,0.0,0.48,9,9,2.4
2024-01-05 14:00,136,안동,8.5,64,2.9,270,,1002.9,1020.1,0.1,0.83,8,8,4.6
2024-01-05 15:00,136,안동,8.8,62,3.4,270,,1002.8,1020.0,0.2,0.73,8,8,6.3
2024-01-05 16:00,136,안동,8.8,61,2.8,270,,1002.6,1019.8,0.2,0.51,6,6,5.6
2024-01-05 17:00,136,안동,8.0,64,2.5,270,,1002.7,1019.9,0.1,0.27,6,6,3.4
2024-01-05 18:00,136,안동,7.0,68,1.4,320,,1003.0,1020.3,0.0,0.01,6,6,2.0
2024-01-05 19:00,136,안동,5.8,71,0.7,340,,1003.1,1020.5,,,2,2,0.2
2024-01-05 20:00,136,안동,5.6,72,0.5,290,,1003.3,1020.7,,,0,0,0.2
2024-01-05 21:00,136,안동,4.4,75,0.8,340,,1003.3,1020.8,,,7,7,-0.5
2024-01-05 22:00,136,안동,4.8,77,0.8,340,,1003.6,1021.1,,,1,1,0.8
2024-01-05 23:00,136,안동,5.0,76,1.9,320,,1003.5,1021.0,,,0,0,0.5
2024-01-06 00:00,136,안동,3.8,79,1.3,320,,1003.5,1021.0,,,0,0,-0.5
2024-01-06 01:00,136,안동,3.2,78,1.2,320,,1003.5,1021.1,,,0,0,-0.5
2024-01-06 02:00,136,안동,2.1,78,1.5,320,,1003.7,1021.4,,,0,0,-0.7
2024-01-06 03:00,136,안동,1.3,76,1.9,290,,1003.9,1021.6,,,0,0,-0.9
2024-01-06 04:00,136,안동,0.7,73,1.0,320,,1003.7,1021.5,,,0,0,-1.3
2024-01-06 05:00,136,안동,-0.3,73,1.2,320,,1003.6,1021.4,,,0,0,-1.4
2024-01-06 06:00,136,안동,-0.5,70,1.6,320,,1004.0,1021.8,,,0,0,-1.8
2024-01-06 07:00,136,안동,-1.0,72,1.7,290,,1004.4,1022.3,,,0,0,-2.3
2024-01-06 08:00,136,안동,-1.2,75,1.8,320,,1005.0,1022.9,0.0,0.01,0,0,-2.3
2024-01-06 09:00,136,안동,0.4,69,1.7,290,,1005.6,1023.4,0.7,0.37,0,0,-0.9
2024-01-06 10:00,136,안동,2.0,58,3.6,270,,1005.5,1023.2,1.0,1.03,0,0,2.1
2024-01-06 11:00,136,안동,3.1,47,3.5,290,,1005.4,1023.0,1.0,1.56,0,0,4.2
2024-01-06 12:00,136,안동,4.1,46,3.5,270,,1004.6,1022.1,1.0,1.89,0,0,10.1
2024-01-06 13:00,136,안동,5.5,39,3.4,270,,1003.7,1021.1,1.0,1.99,0,0,13.1
2024-01-06 14:00,136,안동,6.1,33,3.5,270,,1003.1,1020.5,1.0,1.88,0,0,12.8
2024-01-06 15:00,136,안동,6.5,30,4.4,270,,1003.2,1020.5,1.0,1.54,2,2,8.1
2024-01-06 16:00,136,안동,6.0,30,4.0,270,,1003.5,1020.9,1.0,1.03,2,2,4.9
2024-01-06 17:00,136,안동,4.8,31,2.8,290,,1004.0,1021.5,1.0,0.41,0,0,1.6
2024-01-06 18:00,136,안동,3.0,36,2.2,290,,1004.4,1022.0,0.2,0.01,0,0,-0.9
2024-01-06 19:00,136,안동,2.0,39,1.4,320,,1004.8,1022.5,,,0,0,-0.9
2024-01-06 20:00,136,안동,1.0,43,1.8,290,,1005.1,1022.9,,,0,0,-1.0
2024-01-06 21:00,136,안동,0.6,47,1.5,320,,1005.3,1023.1,,,0,0,-1.3
2024-01-06 22:00,136,안동,0.0,49,0.6,320,,1005.1,1022.9,,,7,1,-1.4
2024-01-06 23:00,136,안동,-0.5,52,1.2,320,,1005.4,1023.3,,,8,8,-0.7
2024-01-07 00:00,136,안동,0.1,59,0.9,320,0.0,1005.3,1023.1,,,8,8,-0.7
2024-01-07 01:00,136,안동,-0.3,68,1.0,320,,1004.9,1022.8,,,3,3,-1.5
2024-01-07 02:00,136,안동,-0.9,75,2.0,320,,1005.0,1022.9,,,9,9,-0.7
2024-01-07 03:00,136,안동,-1.7,83,1.7,290,0.0,1005.1,1023.0,,,7,7,-1.7
2024-01-07 04:00,136,안동,-1.7,71,2.9,290,,1005.2,1023.1,,,0,0,-2.1
2024-01-07 05:00,136,안동,-2.0,66,1.6,270,,1005.1,1023.1,,,0,0,-2.8
2024-01-07 06:00,136,안동,-2.5,63,1.9,290,,1005.7,1023.7,,,0,0,-3.3
2024-01-07 07:00,136,안동,-3.1,63,1.7,290,,1006.2,1024.3,,,0,0,-3.8
2024-01-07 08:00,136,안동,-3.0,63,2.6,290,,1006.6,1024.7,0.0,0.01,0,0,-3.8
2024-01-07 09:00,136,안동,-2.0,59,3.0,290,,1007.4,1025.4,0.6,0.35,0,0,-2.3
2024-01-07 10:00,136,안동,-0.9,49,3.5,290,,1007.6,1025.5,1.0,1.0,0,0,0.7
2024-01-07 11:00,136,안동,-0.5,40,5.6,270,,1007.5,1025.4,1.0,1.55,0,0,2.9
2024-01-07 12:00,136,안동,0.2,36,5.4,290,,1006.9,1024.8,1.0,1.89,0,0,5.4
2024-01-07 13:00,136,안동,0.6,30,5.0,290,,1006.7,1024.5,1.0,2.03,0,0,8.1
2024-01-07 14:00,136,안동,0.3,32,6.1,290,,1006.4,1024.2,1.0,1.93,0,0,7.5
2024-01-07 15:00,136,안동,0.2,32,5.7,290,,1006.6,1024.5,1.0,1.6,0,0,3.8
2024-01-07 16:00,136,안동,-0.1,32,5.7,290,,1007.0,1024.9,1.0,1.08,0,0,0.8
2024-01-07 17:00,136,안동,-1.2,31,5.9,290,,1007.3,1025.2,1.0,0.45,0,0,-0.4
2024-01-07 18:00,136,안동,-2.3,33,5.0,290,,1007.7,1025.7,0.2,0.03,0,0,-1.4
2024-01-07 19:00,136,안동,-3.0,36,3.7,290,,1008.7,1026.8,,,0,0,-1.9
2024-01-07 20:00,136,안동,-3.8,40,4.1,290,,1008.9,1027.1,,,0,0,-2.6
2024-01-07 21:00,136,안동,-4.2,42,3.9,290,,1009.5,1027.7,,,0,0,-3.3
2024-01-07 22:00,136,안동,-5.0,46,1.5,270,,1009.8,1028.1,,,0,0,-4.1
2024-01-07 23:00,136,안동,-5.5,48,2.9,290,,1010.1,1028.4,,,0,0,-4.6
2024-01-08 00:00,136,안동,-6.2,50,1.4,270,,1010.6,1028.9,,,0,0,-5.3
2024-01-08 01:00,136,안동,-7.0,52,1.8,290,,1011.0,1029.4,,,0,0,-5.9
2024-01-08 02:00,136,안동,-7.4,53,1.2,290,,1011.0,1029.4,,,0,0,-6.2
2024-01-08 03:00,136,안동,-8.0,56,0.9,320,,1011.3,1029.8,,,0,0,-6.7
2024-01-08 04:00,136,안동,-8.0,54,1.1,320,,1010.9,1029.4,,,0,0,-7.1
2024-01-08 05:00,136,안동,-8.7,58,1.0,320,,1011.0,1029.5,,,0,0,-7.5
2024-01-08 06:00,136,안동,-9.3,62,0.7,320,,1011.1,1029.7,,,0,0,-8.0
2024-01-08 07:00,136,안동,-10.1,68,0.7,320,,1011.7,1030.4,,,0,0,-8.4
2024-01-08 08:00,136,안동,-11.2,75,0.2,0,,1012.1,1030.8,0.0,0.01,0,0,-8.4
2024-01-08 09:00,136,안동,-7.9,68,0.7,140,,1012.5,1031.0,0.8,0.41,0,0,-5.7
2024-01-08 10:00,136,안동,-6.2,56,1.4,250,,1012.4,1030.8,1.0,1.05,0,0,-0.3
2024-01-08 11:00,136,안동,-4.6,50,1.2,290,,1011.9,1030.2,1.0,1.59,0,0,3.7
2024-01-08 12:00,136,안동,-2.7,43,1.0,200,,1010.5,1028.6,1.0,1.95,0,0,6.4
2024-01-08 13:00,136,안동,-1.2,36,1.5,250,,1009.5,1027.5,1.0,2.08,0,0,8.8
2024-01-08 14:00,136,안동,0.3,29,2.6,270,,1008.6,1026.5,1.0,1.98,0,0,8.6
2024-01-08 15:00,136,안동,0.8,28,2.6,290,,1008.0,1025.8,1.0,1.65,1,1,4.0
2024-01-08 16:00,136,안동,1.2,28,2.1,290,,1007.9,1025.7,1.0,1.11,0,0,0.6
2024-01-08 17:00,136,안동,0.8,28,1.4,320,,1007.8,1025.6,1.0,0.47,2,0,-0.3
2024-01-08 18:00,136,안동,-1.3,34,0.6,320,,1007.9,1025.9,0.3,0.02,1,0,-1.5
2024-01-08 19:00,136,안동,-2.8,40,0.0,0,,1008.3,1026.4,,,0,0,-2.1
2024-01-08 20:00,136,안동,-3.0,47,0.4,0,,1008.0,1026.1,,,5,0,-2.8
2024-01-08 21:00,136,안동,-3.5,46,0.9,290,,1008.2,1026.3,,,0,0,-3.5
2024-01-08 22:00,136,안동,-3.3,43,0.8,320,,1007.9,1026.0,,,6,0,-4.1
2024-01-08 23:00,136,안동,-4.6,50,0.0,0,,1007.8,1026.0,,,0,0,-4.9
2024-01-09 00:00,136,안동,-5.8,56,0.1,0,,1007.7,1026.0,,,0,0,-5.4
2024-01-09 01:00,136,안동,-6.9,63,0.0,0,,1007.4,1025.7,,,0,0,-5.6
2024-01-09 02:00,136,안동,-6.3,60,0.0,0,,1007.0,1025.3,,,0,0,-5.9
2024-01-09 03:00,136,안동,-6.4,61,0.0,0,,1006.4,1024.7,,,0,0,-6.0
2024-01-09 04:00,136,안동,-7.4,66,0.0,0,,1005.8,1024.1,,,0,0,-6.1
2024-01-09 05:00,136,안동,-8.0,71,0.0,0,,1005.6,1024.0,,,4,4,-5.8
2024-01-09 06:00,136,안동,-7.3,70,0.0,0,,1005.6,1023.9,,,7,7,-5.2
2024-01-09 07:00,136,안동,-6.5,65,0.4,0,,1005.4,1023.7,,,7,7,-5.5
2024-01-09 08:00,136,안동,-5.3,62,0.1,0,,1005.5,1023.7,0.0,0.0,8,8,-3.5
2024-01-09 09:00,136,안동,-4.4,61,0.7,140,,1005.7,1023.8,0.0,0.05,9,9,-2.5
2024-01-09 10:00,136,안동,-3.8,63,0.3,0,,1005.8,1023.9,0.0,0.21,9,5,-0.9
2024-01-09 11:00,136,안동,-1.8,60,0.6,250,,1005.0,1022.9,0.0,0.42,9,9,-0.3
2024-01-09 12:00,136,안동,-1.3,61,1.0,290,,1004.1,1022.0,0.0,0.48,9,6,0.4
2024-01-09 13:00,136,안동,-1.0,62,0.6,290,,1003.3,1021.2,0.0,0.24,9,6,0.1
2024-01-09 14:00,136,안동,-0.7,65,0.4,0,,1002.6,1020.4,0.0,0.21,10,7,0.2
2024-01-09 15:00,136,안동,-1.3,78,0.2,0,0.0,1002.4,1020.3,0.0,0.24,10,8,0.0
2024-01-09 16:00,136,안동,-1.2,86,0.2,0,,1002.1,1019.9,0.0,0.17,10,9,0.3
2024-01-09 17:00,136,안동,-0.9,88,0.2,0,,1002.0,1019.8,0.0,0.11,10,8,-0.3
2024-01-09 18:00,136,안동,-0.9,90,0.4,0,0.0,1001.9,1019.7,0.0,0.01,10,8,-0.4
2024-01-09 19:00,136,안동,-0.9,90,0.4,0,,1002.4,1020.2,,,10,9,-0.4
2024-01-09 20:00,136,안동,-0.9,91,1.0,320,,1002.2,1020.0,,,10,8,-0.4
2024-01-09 21:00,136,안동,-1.2,92,0.9,290,0.4,1002.2,1020.1,,,10,9,-0.4
2024-01-09 22:00,136,안동,-1.2,93,0.2,0,,1002.0,1019.8,,,10,9,-0.4
2024-01-09 23:00,136,안동,-1.2,94,0.5,360,,1002.0,1019.8,,,10,9,-0.4
2024-01-10 00:00,136,안동,-1.2,94,0.3,0,0.6,1001.9,1019.7,,,10,9,-0.3
2024-01-10 01:00,136,안동,-1.2,95,0.0,0,,1001.4,1019.2,,,10,8,-0.3
2024-01-10 02:00,136,안동,-1.2,95,0.0,0,,1001.5,1019.3,,,8,8,-0.4
2024-01-10 03:00,136,안동,-0.9,95,0.2,0,0.0,1001.5,1019.3,,,10,8,-0.4
2024-01-10 04:00,136,안동,-1.3,95,1.2,320,,1001.6,1019.4,,,10,8,-0.5
2024-01-10 05:00,136,안동,-1.7,96,1.1,290,,1001.7,1019.6,,,10,10,-0.5
2024-01-10 06:00,136,안동,-1.7,97,0.1,0,,1002.5,1020.4,,,10,10,-0.5
2024-01-10 07:00,136,안동,-1.5,97,0.7,320,,1003.1,1021.0,,,9,9,-0.5
2024-01-10 08:00,136,안동,-1.8,97,0.2,0,,1003.5,1021.4,0.0,0.0,9,9,-0.5
2024-01-10 09:00,136,안동,-1.8,97,0.5,290,,1004.1,1022.0,0.0,0.05,9,9,-0.4
2024-01-10 10:00,136,안동,-1.5,94,0.5,270,,1004.4,1022.3,0.0,0.29,9,9,-0.3
2024-01-10 11:00,136,안동,-0.7,87,0.5,290,,1004.3,1022.2,0.1,0.87,9,9,-0.3
2024-01-10 12:00,136,안동,0.4,86,1.7,250,,1003.6,1021.4,0.5,1.49,8,8,2.5
2024-01-10 13:00,136,안동,0.9,85,2.3,290,,1003.1,1020.8,1.0,1.83,1,1,6.3
2024-01-10 14:00,136,안동,3.2,76,1.0,290,,1002.8,1020.4,1.0,1.85,1,1,8.3
2024-01-10 15:00,136,안동,4.9,68,1.7,290,,1002.9,1020.4,1.0,1.53,3,3,6.7
2024-01-10 16:00,136,안동,5.3,60,2.2,320,,1002.8,1020.2,1.0,1.0,1,1,3.3
2024-01-10 17:00,136,안동,5.1,62,1.2,270,,1002.8,1020.3,1.0,0.47,5,5,1.4
2024-01-10 18:00,136,안동,4.0,66,0.6,320,,1003.5,1021.0,0.2,0.03,7,7,-0.2
2024-01-10 19:00,136,안동,2.1,71,1.3,320,,1003.9,1021.6,,,0,0,-0.3
2024-01-10 20:00,136,안동,1.2,76,1.1,320,,1004.2,1021.9,,,0,0,-0.7
2024-01-10 21:00,136,안동,0.8,80,1.0,290,,1004.6,1022.4,,,0,0,-0.7
2024-01-10 22:00,136,안동,-0.1,83,0.7,340,,1004.5,1022.3,,,,,-0.9
2024-01-10 23:00,136,안동,-1.0,84,1.7,340,,1004.4,1022.3,,,0,0,-1.2
2024-01-11 00:00,136,안동,-1.7,85,1.3,320,,1004.2,1022.1,,,0,0,-1.3
2024-01-11 01:00,136,안동,-2.0,88,1.3,320,,1004.0,1021.9,,,0,0,-1.7
2024-01-11 02:00,136,안동,-2.7,88,0.7,340,,1004.1,1022.1,,,0,0,-2.1
2024-01-11 03:00,136,안동,-3.7,91,1.0,320,,1003.9,1022.0,,,0,0,-2.5
2024-01-11 04:00,136,안동,-4.9,93,0.4,0,,1003.8,1022.0,,,10,10,-3.0
2024-01-11 05:00,136,안동,-4.5,94,0.1,0,,1003.3,1021.4,,,10,10,-2.1
2024-01-11 06:00,136,안동,-5.0,93,0.7,320,,1003.4,1021.6,,,10,10,-1.9
2024-01-11 07:00,136,안동,-4.9,93,1.0,290,,1003.5,1021.6,,,10,10,-2.3
2024-01-11 08:00,136,안동,-5.2,93,0.9,320,,1004.0,1022.2,0.0,0.0,9,9,-3.5
2024-01-11 09:00,136,안동,-4.3,95,1.9,290,,1004.2,1022.3,0.3,0.4,0,0,-2.2
2024-01-11 10:00,136,안동,-2.0,75,3.0,270,,1004.0,1021.9,1.0,1.06,0,0,-0.2
2024-01-11 11:00,136,안동,-0.4,69,4.1,270,,1003.3,1021.1,1.0,1.64,1,1,2.9
2024-01-11 12:00,136,안동,1.0,62,4.8,270,,1002.2,1019.9,1.0,1.89,1,1,3.9
2024-01-11 13:00,136,안동,2.5,58,4.8,270,,1001.1,1018.7,1.0,2.01,0,0,7.1
2024-01-11 14:00,136,안동,3.8,55,4.6,290,,1000.3,1017.8,1.0,1.94,0,0,8.8
2024-01-11 15:00,136,안동,3.8,54,5.4,270,,1000.1,1017.6,1.0,1.61,0,0,5.5
2024-01-11 16:00,136,안동,3.2,58,3.2,290,,1000.3,1017.8,0.9,1.05,4,4,3.4
2024-01-11 17:00,136,안동,2.4,63,3.3,290,,1000.0,1017.6,0.0,0.19,4,4,0.4
2024-01-11 18:00,136,안동,2.2,64,2.0,290,,1000.1,1017.7,0.0,0.01,7,7,-0.4
2024-01-11 19:00,136,안동,2.2,67,3.0,290,,1000.2,1017.8,,,0,0,-0.4
2024-01-11 20:00,136,안동,2.4,68,2.0,290,,1000.0,1017.6,,,1,1,-0.3
2024-01-11 21:00,136,안동,2.0,71,0.6,290,,999.6,1017.2,,,5,5,-0.3
2024-01-11 22:00,136,안동,2.2,73,1.0,320,,999.3,1016.9,,,8,8,-0.3
2024-01-11 23:00,136,안동,0.6,79,1.2,290,,999.3,1017.0,,,0,0,-0.5
2024-01-12 00:00,136,안동,2.8,74,0.5,360,,999.2,1016.7,,,0,0,-0.4
2024-01-12 01:00,136,안동,2.1,77,0.7,340,,999.3,1016.9,,,1,1,-0.3
2024-01-12 02:00,136,안동,3.5,73,2.1,320,,999.5,1017.0,,,0,0,-0.3
2024-01-12 03:00,136,안동,4.0,69,2.0,290,,999.5,1016.9,,,2,2,-0.3
2024-01-12 04:00,136,안동,4.0,67,2.4,270,,999.4,1016.8,,,2,2,-0.3
2024-01-12 05:00,136,안동,3.5,69,2.4,270,,999.5,1017.0,,,4,4,-0.4
2024-01-12 06:00,136,안동,3.4,69,3.8,290,,999.8,1017.3,,,2,2,-0.5
2024-01-12 07:00,136,안동,2.7,68,3.6,290,,1000.2,1017.7,,,0,0,-0.6
2024-01-12 08:00,136,안동,2.0,70,1.3,270,,1001.1,1018.7,0.0,0.0,0,0,-0.7
2024-01-12 09:00,136,안동,3.0,65,3.3,290,,1001.3,1018.8,0.4,0.34,0,0,-0.3
2024-01-12 10:00,136,안동,4.3,54,3.6,290,,1001.6,1019.0,1.0,0.94,0,0,1.9
2024-01-12 11:00,136,안동,5.5,47,3.7,270,,1001.4,1018.8,1.0,1.47,0,0,9.0
2024-01-12 12:00,136,안동,6.7,36,2.6,290,,1000.8,1018.1,1.0,1.85,0,0,13.5
2024-01-12 13:00,136,안동,7.1,30,4.3,270,,1000.3,1017.5,1.0,2.01,0,0,14.3
2024-01-12 14:00,136,안동,7.8,26,4.5,270,,1000.0,1017.2,1.0,1.93,0,0,13.5
2024-01-12 15:00,136,안동,7.5,24,5.3,290,,1000.0,1017.2,1.0,1.61,0,0,9.3
2024-01-12 16:00,136,안동,7.4,24,4.9,270,,1000.2,1017.4,1.0,1.09,0,0,5.8
2024-01-12 17:00,136,안동,6.1,25,4.0,290,,1000.5,1017.8,1.0,0.46,0,0,2.5
2024-01-12 18:00,136,안동,4.5,28,2.9,290,,1001.3,1018.7,0.2,0.03,0,0,0.2
2024-01-12 19:00,136,안동,3.1,38,2.6,290,,1001.7,1019.2,,,0,0,-0.3
2024-01-12 20:00,136,안동,2.2,41,2.3,290,,1002.2,1019.8,,,0,0,-0.7
2024-01-12 21:00,136,안동,1.6,42,1.8,290,,1002.4,1020.1,,,0,0,-0.9
2024-01-12 22:00,136,안동,1.1,37,1.4,320,,1002.9,1020.6,,,0,0,-1.3
2024-01-12 23:00,136,안동,0.6,34,2.6,290,,1003.1,1020.9,,,0,0,-1.4
2024-01-13 00:00,136,안동,-0.3,36,2.1,320,,1003.2,1021.0,,,0,0,-1.7
2024-01-13 01:00,136,안동,-0.7,42,3.2,290,,1003.5,1021.3,,,0,0,-1.8
2024-01-13 02:00,136,안동,-0.9,44,1.7,290,,1003.6,1021.5,,,0,0,-2.3
2024-01-13 03:00,136,안동,-1.3,46,0.9,340,,1003.8,1021.7,,,0,0,-2.8
2024-01-13 04:00,136,안동,-2.5,50,1.3,320,,1003.8,1021.8,,,0,0,-3.3
2024-01-13 05:00,136,안동,-2.3,51,0.5,290,,1004.1,1022.1,,,0,0,-3.6
2024-01-13 06:00,136,안동,-2.3,50,1.2,320,,1004.9,1022.9,,,0,0,-4.0
2024-01-13 07:00,136,안동,-2.9,51,0.5,290,,1005.7,1023.7,,,0,0,-4.5
2024-01-13 08:00,136,안동,-2.1,49,1.9,290,,1006.7,1024.7,0.0,0.01,0,0,-4.3
2024-01-13 09:00,136,안동,-0.2,44,2.9,290,,1007.5,1025.4,0.9,0.41,0,0,-1.9
2024-01-13 10:00,136,안동,1.7,38,3.1,290,,1008.1,1025.9,1.0,1.05,0,0,2.4
2024-01-13 11:00,136,안동,3.0,33,2.0,270,,1008.6,1026.3,1.0,1.57,0,0,3.5
2024-01-13 12:00,136,안동,4.4,29,1.8,230,,1008.4,1026.0,1.0,1.92,0,0,7.8
2024-01-13 13:00,136,안동,5.0,27,2.0,320,,1008.4,1026.0,1.0,2.07,0,0,11.2
2024-01-13 14:00,136,안동,4.9,24,1.5,200,,1008.3,1025.9,1.0,1.95,0,0,11.6
2024-01-13 15:00,136,안동,5.4,25,1.6,320,,1008.5,1026.0,1.0,1.63,0,0,8.0
2024-01-13 16:00,136,안동,5.8,23,0.9,90,,1008.8,1026.3,1.0,1.11,0,0,4.2
2024-01-13 17:00,136,안동,5.4,24,0.7,270,,1009.2,1026.7,1.0,0.48,0,0,0.8
2024-01-13 18:00,136,안동,2.9,32,0.2,0,,1009.5,1027.2,0.3,0.03,0,0,-0.9
2024-01-13 19:00,136,안동,0.1,39,0.4,0,,1009.7,1027.6,,,0,0,-1.2
2024-01-13 20:00,136,안동,-0.1,44,0.6,110,,1010.2,1028.1,,,0,0,-1.4
2024-01-13 21:00,136,안동,-2.2,52,0.7,320,,1010.3,1028.4,,,0,0,-1.9
2024-01-13 22:00,136,안동,-3.0,59,0.1,0,,1010.7,1028.8,,,0,0,-2.3
2024-01-13 23:00,136,안동,-3.3,64,0.3,0,,1010.3,1028.4,,,0,0,-2.6
2024-01-14 00:00,136,안동,-3.1,66,0.6,110,,1009.7,1027.8,,,0,0,-3.1
2024-01-14 01:00,136,안동,-3.6,68,0.2,0,,1009.4,1027.6,,,0,0,-3.5
2024-01-14 02:00,136,안동,-5.1,75,0.2,0,,1009.2,1027.5,,,0,0,-4.0
2024-01-14 03:00,136,안동,-4.7,75,0.9,140,,1009.2,1027.4,,,0,0,-4.4
2024-01-14 04:00,136,안동,-6.0,79,0.2,0,,1008.7,1027.0,,,0,0,-4.7
2024-01-14 05:00,136,안동,-7.2,84,0.0,0,,1008.7,1027.1,,,0,0,-5.0
2024-01-14 06:00,136,안동,-6.0,82,0.5,140,,1008.2,1026.5,,,0,0,-5.2
2024-01-14 07:00,136,안동,-7.7,85,0.4,0,,1008.1,1026.5,,,0,0,-5.5
2024-01-14 08:00,136,안동,-7.1,83,0.0,0,,1008.0,1026.4,0.0,0.01,0,0,-5.4
2024-01-14 09:00,136,안동,-5.4,80,0.5,290,,1007.8,1026.0,0.7,0.45,0,0,-3.0
2024-01-14 10:00,136,안동,-2.8,71,0.5,250,,1007.3,1025.4,1.0,1.06,0,0,1.3
2024-01-14 11:00,136,안동,0.2,56,1.2,290,,1006.5,1024.3,1.0,1.51,0,0,4.0
2024-01-14 12:00,136,안동,3.9,50,1.1,270,,1005.2,1022.7,1.0,1.85,0,0,8.3
2024-01-14 13:00,136,안동,7.0,45,0.9,270,,1003.6,1020.9,1.0,1.93,3,3,11.4
2024-01-14 14:00,136,안동,8.8,47,1.8,290,,1002.0,1019.1,0.8,1.5,7,7,9.2
2024-01-14 15:00,136,안동,8.3,52,1.7,290,,1001.4,1018.6,0.0,0.26,8,8,4.7
2024-01-14 16:00,136,안동,6.3,71,1.1,360,,1001.3,1018.6,0.0,0.15,10,8,3.5
2024-01-14 17:00,136,안동,5.8,72,0.9,320,,1001.5,1018.9,0.0,0.05,10,8,2.5
2024-01-14 18:00,136,안동,4.7,87,1.5,320,0.5,1001.9,1019.4,0.0,0.0,10,8,2.2
2024-01-14 19:00,136,안동,4.3,92,0.3,0,,1002.3,1019.8,,,10,8,1.8
2024-01-14 20:00,136,안동,4.2,92,1.0,360,,1002.8,1020.3,,,8,8,1.3
2024-01-14 21:00,136,안동,3.5,94,1.6,290,0.4,1003.2,1020.7,,,6,6,0.0
2024-01-14 22:00,136,안동,2.4,93,0.2,0,,1003.4,1021.0,,,0,0,-0.3
2024-01-14 23:00,136,안동,1.6,95,0.8,290,,1003.7,1021.4,,,0,0,-1.0
2024-01-15 00:00,136,안동,1.1,93,0.8,340,,1004.1,1021.8,,,0,0,-1.2
2024-01-15 01:00,136,안동,-0.5,88,1.5,320,,1004.6,1022.4,,,0,0,-1.4
2024-01-15 02:00,136,안동,-0.9,88,1.5,290,,1005.2,1023.1,,,0,0,-1.7
2024-01-15 03:00,136,안동,-0.9,83,1.4,290,,1005.8,1023.7,,,2,2,-1.8
2024-01-15 04:00,136,안동,-1.7,83,1.8,290,,1006.1,1024.1,,,1,1,-2.0
2024-01-15 05:00,136,안동,-2.3,83,1.5,320,,1006.6,1024.6,,,0,0,-2.5
2024-01-15 06:00,136,안동,-2.8,80,2.0,290,,1007.5,1025.6,,,0,0,-2.8
2024-01-15 07:00,136,안동,-3.0,79,1.3,290,,1008.1,1026.2,,,0,0,-3.3
2024-01-15 08:00,136,안동,-3.1,77,1.8,290,,1008.9,1027.0,0.0,0.01,0,0,-3.3
2024-01-15 09:00,136,안동,-2.3,75,1.7,290,,1009.6,1027.7,0.5,0.34,0,0,-1.7
2024-01-15 10:00,136,안동,-1.7,71,3.4,270,,1010.2,1028.2,1.0,0.97,0,0,0.9
2024-01-15 11:00,136,안동,-0.6,68,3.2,270,,1010.0,1027.9,1.0,1.51,0,0,2.9
2024-01-15 12:00,136,안동,0.6,60,3.0,270,,1009.4,1027.3,1.0,1.9,0,0,5.5
2024-01-15 13:00,136,안동,1.7,52,3.5,270,,1008.3,1026.1,1.0,2.09,0,0,9.6
2024-01-15 14:00,136,안동,2.9,45,4.0,270,,1008.1,1025.8,1.0,1.99,0,0,10.6
2024-01-15 15:00,136,안동,3.8,39,3.6,270,,1007.8,1025.4,1.0,1.69,0,0,7.3
2024-01-15 16:00,136,안동,3.8,37,4.2,270,,1007.9,1025.5,1.0,1.17,0,0,3.5
2024-01-15 17:00,136,안동,2.5,38,4.5,270,,1008.9,1026.6,1.0,0.52,0,0,0.3
2024-01-15 18:00,136,안동,1.1,39,3.3,270,,1009.7,1027.5,0.4,0.05,0,0,-0.4
2024-01-15 19:00,136,안동,-0.1,42,2.2,290,,1010.5,1028.4,,,0,0,-1.2
2024-01-15 20:00,136,안동,-1.0,42,1.9,290,,1011.1,1029.1,,,0,0,-1.7
2024-01-15 21:00,136,안동,-1.8,43,2.0,320,,1011.4,1029.5,,,0,0,-2.0
2024-01-15 22:00,136,안동,-2.2,44,1.8,320,,1012.2,1030.3,,,0,0,-2.5
2024-01-15 23:00,136,안동,-2.8,48,2.2,290,,1012.4,1030.6,,,0,0,-3.0
2024-01-16 00:00,136,안동,-3.2,50,0.9,340,,1012.5,1030.7,,,0,0,-3.5
2024-01-16 01:00,136,안동,-3.8,51,1.4,320,,1012.7,1030.9,,,0,0,-4.0
2024-01-16 02:00,136,안동,-4.2,55,0.5,290,,1013.5,1031.8,,,0,0,-4.6
2024-01-16 03:00,136,안동,-5.4,67,0.7,140,,1013.9,1032.2,,,0,0,-5.0
2024-01-16 04:00,136,안동,-7.3,73,0.1,0,,1014.1,1032.6,,,0,0,-5.5
2024-01-16 05:00,136,안동,-6.7,74,0.9,110,,1014.1,1032.5,,,0,0,-6.0
2024-01-16 06:00,136,안동,-8.5,80,0.5,270,,1015.0,1033.6,,,0,0,-6.4
2024-01-16 07:00,136,안동,-9.2,82,0.0,0,,1015.9,1034.6,,,0,0,-6.7
2024-01-16 08:00,136,안동,-7.9,82,0.0,0,,1016.9,1035.5,0.0,0.01,0,0,-6.6
2024-01-16 09:00,136,안동,-6.2,73,1.1,160,,1017.7,1036.2,0.9,0.46,0,0,-4.2
2024-01-16 10:00,136,안동,-3.5,65,1.2,180,,1018.1,1036.4,1.0,1.07,0,0,0.2
2024-01-16 11:00,136,안동,-1.5,54,1.2,250,,1018.2,1036.4,1.0,1.61,0,0,4.0
2024-01-16 12:00,136,안동,0.9,45,0.9,200,,1017.1,1035.1,1.0,1.98,0,0,6.9
2024-01-16 13:00,136,안동,2.9,42,1.2,230,,1016.1,1033.9,1.0,2.1,0,0,10.0
2024-01-16 14:00,136,안동,3.7,41,1.4,250,,1015.4,1033.1,1.0,1.79,0,0,9.1
2024-01-16 15:00,136,안동,4.3,38,0.9,320,,1015.3,1033.0,1.0,1.29,6,0,5.5
2024-01-16 16:00,136,안동,4.6,35,1.3,290,,1015.3,1033.0,1.0,1.06,5,0,3.5
2024-01-16 17:00,136,안동,3.7,39,1.8,290,,1015.6,1033.3,0.5,0.34,7,0,0.2
2024-01-16 18:00,136,안동,2.2,44,0.2,0,,1015.5,1033.4,0.0,0.04,7,0,-0.3
2024-01-16 19:00,136,안동,0.3,50,0.0,0,,1016.2,1034.2,,,5,5,-1.0
2024-01-16 20:00,136,안동,-0.5,59,0.0,0,,1016.3,1034.4,,,6,6,-1.3
2024-01-16 21:00,136,안동,-1.4,60,0.0,0,,1016.2,1034.3,,,7,0,-1.5
2024-01-16 22:00,136,안동,-2.9,66,0.0,0,,1015.9,1034.1,,,1,1,-2.0
2024-01-16 23:00,136,안동,-3.0,70,0.0,0,,1015.6,1033.8,,,0,0,-2.5
2024-01-17 00:00,136,안동,-4.3,75,0.0,0,,1015.4,1033.7,,,0,0,-3.0
2024-01-17 01:00,136,안동,-5.1,78,0.0,0,,1015.3,1033.7,,,0,0,-3.5
2024-01-17 02:00,136,안동,-4.5,77,0.6,140,,1015.0,1033.3,,,1,1,-3.6
2024-01-17 03:00,136,안동,-4.9,79,0.3,0,,1014.8,1033.2,,,9,9,-2.3
2024-01-17 04:00,136,안동,-4.3,80,0.2,0,,1013.6,1031.9,,,9,9,-1.9
2024-01-17 05:00,136,안동,-4.0,75,0.4,0,,1013.5,1031.8,,,7,5,-1.8
2024-01-17 06:00,136,안동,-3.5,76,0.4,0,,1013.7,1031.9,,,9,9,-1.8
2024-01-17 07:00,136,안동,-3.0,75,1.1,140,,1013.3,1031.5,,,9,9,-2.3
2024-01-17 08:00,136,안동,-3.8,79,0.0,0,,1013.0,1031.2,0.0,0.0,6,6,-2.2
2024-01-17 09:00,136,안동,-2.3,76,0.6,140,,1013.1,1031.2,0.0,0.18,8,8,-0.5
2024-01-17 10:00,136,안동,-1.3,74,0.2,0,,1013.1,1031.2,0.0,0.32,9,9,-0.3
2024-01-17 11:00,136,안동,-0.4,65,1.4,270,,1013.1,1031.1,0.0,0.51,9,9,0.8
2024-01-17 12:00,136,안동,1.2,64,1.1,180,0.0,1011.0,1028.8,0.0,0.49,10,8,1.1
2024-01-17 13:00,136,안동,2.2,59,0.2,0,,1010.0,1027.8,0.0,0.73,10,7,1.6
2024-01-17 14:00,136,안동,3.2,58,1.5,320,,1009.1,1026.8,0.0,0.74,10,6,1.7
2024-01-17 15:00,136,안동,3.5,58,1.0,320,0.0,1008.5,1026.1,0.0,0.45,10,8,1.2
2024-01-17 16:00,136,안동,3.4,64,0.4,0,,1008.1,1025.7,0.0,0.13,10,8,1.0
2024-01-17 17:00,136,안동,3.0,71,0.8,290,,1008.2,1025.9,0.0,0.07,10,8,0.4
2024-01-17 18:00,136,안동,2.0,83,0.5,320,0.0,1007.7,1025.4,0.0,0.0,10,8,0.1
2024-01-17 19:00,136,안동,1.8,82,1.3,320,,1008.2,1026.0,,,10,8,0.1
2024-01-17 20:00,136,안동,1.4,88,0.5,340,,1007.8,1025.6,,,10,9,0.2
2024-01-17 21:00,136,안동,1.0,91,0.7,340,0.9,1007.4,1025.2,,,10,9,0.2
2024-01-17 22:00,136,안동,1.1,93,0.3,0,,1007.0,1024.8,,,10,9,0.2
2024-01-17 23:00,136,안동,0.9,95,0.2,0,,1006.3,1024.1,,,10,9,0.2
2024-01-18 00:00,136,안동,1.0,95,0.9,290,1.6,1005.7,1023.5,,,10,9,0.3
2024-01-18 01:00,136,안동,1.0,96,0.6,320,,1004.9,1022.7,,,10,9,0.5
2024-01-18 02:00,136,안동,1.1,96,0.2,0,,1004.5,1022.2,,,10,9,0.6
2024-01-18 03:00,136,안동,1.5,96,0.0,0,1.3,1004.2,1021.9,,,10,9,0.8
2024-01-18 04:00,136,안동,1.2,96,1.4,320,,1004.3,1022.0,,,10,9,0.8
2024-01-18 05:00,136,안동,1.5,97,0.3,0,,1003.7,1021.4,,,10,9,1.0
2024-01-18 06:00,136,안동,1.5,96,0.1,0,1.3,1004.3,1022.0,,,10,9,1.1
2024-01-18 07:00,136,안동,1.7,96,0.3,0,,1004.3,1022.0,,,10,9,1.1
2024-01-18 08:00,136,안동,1.7,96,0.0,0,,1005.0,1022.7,0.0,0.0,10,9,1.2
2024-01-18 09:00,136,안동,1.7,97,0.5,290,0.9,1005.6,1023.3,0.0,0.01,10,8,1.6
2024-01-18 10:00,136,안동,2.4,97,0.1,0,,1006.4,1024.1,0.0,0.06,10,8,2.0
2024-01-18 11:00,136,안동,3.0,97,0.3,0,,1006.1,1023.7,0.0,0.11,10,8,3.1
2024-01-18 12:00,136,안동,4.0,95,0.0,0,,1005.9,1023.4,0.0,0.43,10,8,6.4
2024-01-18 13:00,136,안동,4.5,95,0.7,320,,1005.6,1023.1,0.0,0.5,10,8,6.0
2024-01-18 14:00,136,안동,5.0,95,0.0,0,,1005.7,1023.2,0.0,0.19,10,8,5.4
2024-01-18 15:00,136,안동,5.4,94,0.9,160,,1006.1,1023.6,0.0,0.18,10,8,5.4
2024-01-18 16:00,136,안동,5.4,95,1.0,140,,1006.9,1024.4,0.0,0.08,10,8,4.9
2024-01-18 17:00,136,안동,5.9,96,0.1,0,,1007.6,1025.1,0.0,0.05,10,8,4.4
2024-01-18 18:00,136,안동,6.3,81,3.0,110,,1008.6,1026.1,0.0,0.0,10,8,4.1
2024-01-18 19:00,136,안동,6.0,79,3.0,110,,1009.6,1027.1,,,7,7,3.9
2024-01-18 20:00,136,안동,5.8,77,2.5,110,,1010.2,1027.7,,,9,9,3.5
2024-01-18 21:00,136,안동,5.5,74,2.1,90,,1010.7,1028.3,,,9,9,3.4
2024-01-18 22:00,136,안동,5.5,71,2.7,110,,1011.3,1028.9,,,9,9,3.4
2024-01-18 23:00,136,안동,5.5,72,2.2,90,,1011.7,1029.3,,,7,7,3.2
2024-01-19 00:00,136,안동,5.5,71,2.8,110,,1011.8,1029.4,,,9,9,3.3
2024-01-19 01:00,136,안동,5.4,72,2.3,110,,1011.6,1029.2,,,0,0,3.2
2024-01-19 02:00,136,안동,5.1,73,2.0,110,,1012.1,1029.7,,,5,5,3.2
2024-01-19 03:00,136,안동,5.0,73,2.8,90,,1012.5,1030.1,,,7,7,3.2
2024-01-19 04:00,136,안동,4.5,74,2.9,110,,1012.6,1030.2,,,6,6,3.0
2024-01-19 05:00,136,안동,4.4,74,2.0,110,,1012.5,1030.1,,,5,5,2.9
2024-01-19 06:00,136,안동,4.3,74,2.2,110,,1012.9,1030.5,,,9,9,2.7
2024-01-19 07:00,136,안동,4.3,74,2.5,110,,1013.3,1030.9,,,9,9,2.7
2024-01-19 08:00,136,안동,4.2,74,2.1,110,,1013.8,1031.5,0.0,0.0,9,9,2.7
2024-01-19 09:00,136,안동,4.4,73,3.3,110,,1014.4,1032.1,0.0,0.08,9,9,3.4
2024-01-19 10:00,136,안동,4.5,71,3.4,110,,1014.4,1032.1,0.0,0.24,9,9,4.5
2024-01-19 11:00,136,안동,4.6,70,4.2,110,,1014.4,1032.0,0.0,0.01,9,9,5.2
2024-01-19 12:00,136,안동,5.0,68,2.5,110,,1013.9,1031.6,0.0,0.48,9,9,6.0
2024-01-19 13:00,136,안동,5.0,68,3.3,110,,1013.0,1030.6,0.0,0.45,9,9,5.9
2024-01-19 14:00,136,안동,5.1,67,3.5,110,,1012.5,1030.1,0.0,0.47,9,9,6.1
2024-01-19 15:00,136,안동,4.7,68,3.2,110,,1012.7,1030.4,0.0,0.26,9,9,4.8
2024-01-19 16:00,136,안동,4.4,68,3.4,110,,1013.1,1030.7,0.0,0.1,9,9,4.0
2024-01-19 17:00,136,안동,4.3,68,2.1,110,,1013.3,1030.9,0.0,0.05,9,9,3.5
2024-01-19 18:00,136,안동,4.0,69,0.8,90,,1013.1,1030.8,0.0,0.01,9,9,3.0
2024-01-19 19:00,136,안동,4.0,70,2.1,110,,1013.3,1031.0,,,10,10,2.7
2024-01-19 20:00,136,안동,4.0,70,2.6,110,,1013.5,1031.2,,,9,9,2.7
2024-01-19 21:00,136,안동,4.0,71,2.3,110,,1013.4,1031.1,,,10,8,2.7
2024-01-19 22:00,136,안동,4.0,73,1.4,140,,1013.2,1030.9,,,9,9,2.5
2024-01-19 23:00,136,안동,4.4,71,1.7,110,,1013.7,1031.3,,,0,0,2.7
2024-01-20 00:00,136,안동,4.3,71,1.4,90,,1013.2,1030.8,,,10,7,2.5
2024-01-20 01:00,136,안동,4.0,74,1.2,90,,1013.1,1030.8,,,7,7,2.2
2024-01-20 02:00,136,안동,4.1,74,1.9,90,,1012.6,1030.3,,,10,10,2.4
2024-01-20 03:00,136,안동,3.7,76,0.8,70,,1012.6,1030.3,,,10,7,1.7
2024-01-20 04:00,136,안동,3.7,76,1.0,90,,1012.0,1029.7,,,10,3,1.7
2024-01-20 05:00,136,안동,3.5,79,0.4,0,,1011.7,1029.4,,,10,3,1.7
2024-01-20 06:00,136,안동,2.0,85,0.2,0,,1011.7,1029.5,,,10,7,1.7
2024-01-20 07:00,136,안동,4.8,75,2.1,110,,1011.4,1029.0,,,10,7,2.2
2024-01-20 08:00,136,안동,4.9,76,3.4,110,,1011.5,1029.1,0.0,0.0,10,8,2.7
2024-01-20 09:00,136,안동,5.0,74,3.1,110,,1011.5,1029.1,0.0,0.12,10,8,3.6
2024-01-20 10:00,136,안동,5.6,74,2.5,110,,1011.5,1029.1,0.0,0.41,10,8,6.0
2024-01-20 11:00,136,안동,6.1,70,3.3,110,,1011.3,1028.8,0.0,0.57,10,8,6.6
2024-01-20 12:00,136,안동,5.8,74,1.4,90,0.0,1010.3,1027.8,0.0,0.28,10,9,5.5
2024-01-20 13:00,136,안동,4.6,84,1.3,90,,1009.4,1027.0,0.0,0.19,10,9,5.0
2024-01-20 14:00,136,안동,4.1,86,1.2,90,,1008.9,1026.5,0.0,0.18,10,9,4.9
2024-01-20 15:00,136,안동,3.7,88,2.1,110,2.3,1008.2,1025.8,0.0,0.17,10,9,4.5
2024-01-20 16:00,136,안동,3.7,89,0.9,90,,1008.1,1025.7,0.0,0.12,10,9,4.2
2024-01-20 17:00,136,안동,3.7,89,0.6,90,,1008.3,1025.9,0.0,0.04,10,9,3.7
2024-01-20 18:00,136,안동,3.2,89,1.1,90,2.0,1008.1,1025.7,0.0,0.0,10,9,3.2
2024-01-20 19:00,136,안동,3.0,90,0.8,50,,1007.8,1025.5,,,10,9,3.0
2024-01-20 20:00,136,안동,2.7,91,0.5,320,,1007.6,1025.3,,,10,8,2.7
2024-01-20 21:00,136,안동,2.6,94,0.7,340,0.8,1008.0,1025.7,,,10,8,2.7
2024-01-20 22:00,136,안동,2.7,92,0.2,0,,1007.6,1025.3,,,10,8,2.7
2024-01-20 23:00,136,안동,2.7,93,0.2,0,,1007.1,1024.8,,,10,8,2.5
2024-01-21 00:00,136,안동,3.2,90,1.3,50,0.4,1007.1,1024.7,,,10,6,2.2
2024-01-21 01:00,136,안동,2.5,93,0.8,90,,1006.7,1024.4,,,9,1,1.7
2024-01-21 02:00,136,안동,1.2,94,0.1,0,,1006.3,1024.1,,,7,7,0.2
2024-01-21 03:00,136,안동,1.7,96,0.0,0,,1006.5,1024.2,,,7,7,1.2
2024-01-21 04:00,136,안동,1.7,96,0.0,0,,1006.5,1024.2,,,4,4,1.3
2024-01-21 05:00,136,안동,2.0,97,0.0,0,,1006.2,1023.9,,,6,3,1.7
2024-01-21 06:00,136,안동,2.7,84,0.6,50,,1006.1,1023.7,,,7,5,1.2
2024-01-21 07:00,136,안동,1.2,95,0.3,0,,1007.3,1025.1,,,7,5,1.3
2024-01-21 08:00,136,안동,1.3,95,0.6,320,,1007.8,1025.6,0.0,0.0,7,5,1.6
2024-01-21 09:00,136,안동,1.8,95,1.1,320,,1008.5,1026.3,0.0,0.15,9,9,3.2
2024-01-21 10:00,136,안동,3.2,91,1.0,320,,1008.8,1026.5,0.0,0.49,9,9,6.8
2024-01-21 11:00,136,안동,4.0,85,1.0,290,,1009.1,1026.7,0.0,0.64,9,9,7.5
2024-01-21 12:00,136,안동,6.0,72,1.3,160,,1008.2,1025.7,0.2,1.12,8,3,13.1
2024-01-21 13:00,136,안동,7.4,66,0.8,160,,1007.5,1024.8,0.4,1.37,8,5,13.6
2024-01-21 14:00,136,안동,7.6,61,2.0,110,,1006.4,1023.7,0.8,1.43,8,5,14.6
2024-01-21 15:00,136,안동,7.5,61,1.0,320,,1006.9,1024.2,0.1,0.8,10,6,11.2
2024-01-21 16:00,136,안동,7.4,63,1.2,320,,1007.1,1024.4,0.0,0.33,10,6,8.8
2024-01-21 17:00,136,안동,6.6,71,1.5,290,,1007.3,1024.7,0.0,0.15,10,8,7.0
2024-01-21 18:00,136,안동,6.4,72,0.6,90,,1007.7,1025.1,0.0,0.01,10,8,5.8
2024-01-21 19:00,136,안동,5.9,75,1.5,140,,1008.1,1025.6,,,10,8,5.3
2024-01-21 20:00,136,안동,4.9,85,0.4,0,,1008.0,1025.6,,,10,7,4.7
2024-01-21 21:00,136,안동,4.5,89,0.5,200,0.0,1008.3,1025.8,,,10,8,4.5
2024-01-21 22:00,136,안동,4.0,92,1.5,270,,1007.9,1025.5,,,10,8,4.3
2024-01-21 23:00,136,안동,3.4,87,1.9,290,,1007.9,1025.5,,,10,8,3.7
2024-01-22 00:00,136,안동,2.9,88,1.3,270,0.0,1007.3,1025.0,,,10,7,3.4
2024-01-22 01:00,136,안동,2.7,83,3.1,290,,1007.2,1024.9,,,6,6,2.9
2024-01-22 02:00,136,안동,1.9,80,2.9,270,,1007.4,1025.1,,,8,8,2.4
2024-01-22 03:00,136,안동,1.0,79,4.2,290,,1007.4,1025.2,,,9,9,1.6
2024-01-22 04:00,136,안동,-0.3,76,4.3,270,,1007.8,1025.7,,,9,9,0.8
2024-01-22 05:00,136,안동,-1.0,71,5.2,290,,1007.9,1025.8,,,9,9,0.1
2024-01-22 06:00,136,안동,-1.5,71,3.7,290,,1007.7,1025.7,,,9,9,-0.3
2024-01-22 07:00,136,안동,-2.5,64,5.9,290,,1007.6,1025.6,,,9,9,-0.4
2024-01-22 08:00,136,안동,-3.5,63,5.7,290,,1007.9,1026.0,0.0,0.0,4,4,-1.0
2024-01-22 09:00,136,안동,-3.8,63,4.7,290,,1008.5,1026.7,0.1,0.25,8,8,-0.7
2024-01-22 10:00,136,안동,-4.1,56,5.9,270,,1009.1,1027.3,0.7,0.97,7,7,0.8
2024-01-22 11:00,136,안동,-3.8,54,5.7,290,,1008.9,1027.1,1.0,1.61,8,8,5.8
2024-01-22 12:00,136,안동,-3.5,53,6.4,290,,1007.4,1025.5,0.9,1.94,7,7,9.0
2024-01-22 13:00,136,안동,-3.1,50,6.1,290,,1006.8,1024.9,1.0,2.16,6,6,10.5
2024-01-22 14:00,136,안동,-3.3,47,6.9,290,,1006.1,1024.2,1.0,2.17,4,4,9.6
2024-01-22 15:00,136,안동,-3.9,46,7.5,290,,1005.9,1024.0,1.0,1.79,4,4,4.7
2024-01-22 16:00,136,안동,-4.5,45,7.7,290,,1006.5,1024.7,1.0,1.26,3,3,0.6
2024-01-22 17:00,136,안동,-5.4,51,4.4,290,,1006.9,1025.1,0.9,0.56,1,1,-1.0
2024-01-22 18:00,136,안동,-6.7,54,5.0,290,,1007.9,1026.2,0.3,0.09,0,0,-2.5
2024-01-22 19:00,136,안동,-7.2,54,3.5,290,,1008.3,1026.7,,,0,0,-3.0
2024-01-22 20:00,136,안동,-7.6,54,3.3,270,,1008.3,1026.7,,,0,0,-3.6
2024-01-22 21:00,136,안동,-8.0,57,4.6,270,,1008.6,1027.0,,,0,0,-4.2
2024-01-22 22:00,136,안동,-8.5,59,3.4,290,,1009.1,1027.6,,,0,0,-4.7
2024-01-22 23:00,136,안동,-9.0,59,3.2,290,,1008.9,1027.4,,,0,0,-5.4
2024-01-23 00:00,136,안동,-9.4,59,3.2,270,,1008.6,1027.2,,,0,0,-5.9
2024-01-23 01:00,136,안동,-9.7,58,3.2,290,,1008.1,1026.7,,,0,0,-6.4
2024-01-23 02:00,136,안동,-10.4,61,2.0,290,,1008.5,1027.1,,,0,0,-6.8
2024-01-23 03:00,136,안동,-10.9,60,3.4,290,,1008.9,1027.5,,,0,0,-7.4
2024-01-23 04:00,136,안동,-11.4,61,3.3,290,,1008.4,1027.1,,,0,0,-8.0
2024-01-23 05:00,136,안동,-11.9,62,3.7,270,,1008.3,1027.0,,,0,0,-8.4
2024-01-23 06:00,136,안동,-12.2,60,4.7,290,,1008.5,1027.2,,,0,0,-8.9
2024-01-23 07:00,136,안동,-12.4,58,4.4,290,,1008.7,1027.5,,,0,0,-9.2
2024-01-23 08:00,136,안동,-12.4,59,3.0,290,,1008.6,1027.4,0.0,0.01,0,0,-8.9
2024-01-23 09:00,136,안동,-11.0,56,3.6,270,,1008.7,1027.4,1.0,0.45,4,0,-6.7
2024-01-23 10:00,136,안동,-9.3,49,4.3,290,,1008.4,1026.9,1.0,1.15,3,0,-0.5
2024-01-23 11:00,136,안동,-8.0,46,4.3,290,,1007.6,1026.0,1.0,1.72,3,0,2.7
2024-01-23 12:00,136,안동,-7.6,44,5.1,270,,1006.6,1025.0,1.0,2.11,0,0,3.1
2024-01-23 13:00,136,안동,-6.4,42,5.3,270,,1005.1,1023.4,1.0,2.31,0,0,4.3
2024-01-23 14:00,136,안동,-6.8,43,6.6,290,,1004.6,1022.9,1.0,2.24,0,0,4.3
2024-01-23 15:00,136,안동,-6.7,44,7.2,290,,1004.0,1022.3,1.0,1.9,2,2,1.0
2024-01-23 16:00,136,안동,-7.1,46,6.1,270,,1003.8,1022.1,1.0,1.26,0,0,-0.5
2024-01-23 17:00,136,안동,-8.0,48,6.2,270,,1004.2,1022.6,1.0,0.59,0,0,-2.5
2024-01-23 18:00,136,안동,-9.2,55,3.9,270,,1004.7,1023.2,0.3,0.07,0,0,-3.8
2024-01-23 19:00,136,안동,-9.5,58,4.5,290,,1005.0,1023.5,,,0,0,-5.0
2024-01-23 20:00,136,안동,-9.9,56,4.1,320,,1005.1,1023.6,,,0,0,-6.4
2024-01-23 21:00,136,안동,-10.4,57,3.0,320,,1005.7,1024.3,,,0,0,-7.1
2024-01-23 22:00,136,안동,-10.7,59,2.7,290,,1005.9,1024.5,,,0,0,-7.6
2024-01-23 23:00,136,안동,-10.7,57,3.9,290,,1006.3,1024.9,,,7,0,-8.2
2024-01-24 00:00,136,안동,-11.1,60,3.7,290,,1006.4,1025.0,,,0,0,-8.4
2024-01-24 01:00,136,안동,-11.7,57,3.4,290,,1006.3,1025.0,,,0,0,-8.9
2024-01-24 02:00,136,안동,-12.2,53,3.2,290,,1006.9,1025.6,,,0,0,-9.2
2024-01-24 03:00,136,안동,-12.4,55,3.2,290,,1006.9,1025.6,,,0,0,-9.5
2024-01-24 04:00,136,안동,-12.4,55,2.0,290,,1006.7,1025.4,,,0,0,-9.7
2024-01-24 05:00,136,안동,-12.2,54,3.0,290,,1006.7,1025.4,,,0,0,-9.9
2024-01-24 06:00,136,안동,-11.9,55,3.2,290,,1006.9,1025.6,,,0,0,-9.9
2024-01-24 07:00,136,안동,-11.7,56,2.0,290,,1007.2,1025.9,,,0,0,-9.9
2024-01-24 08:00,136,안동,-11.4,58,2.8,290,,1007.0,1025.7,0.1,0.01,0,0,-9.5
2024-01-24 09:00,136,안동,-9.7,54,4.0,290,,1007.2,1025.8,1.0,0.46,0,0,-7.2
2024-01-24 10:00,136,안동,-8.2,49,3.8,290,,1007.5,1025.9,1.0,1.15,2,2,-0.7
2024-01-24 11:00,136,안동,-6.2,46,4.1,290,,1007.8,1026.1,1.0,1.72,4,4,2.2
2024-01-24 12:00,136,안동,-5.8,41,5.5,290,,1007.1,1025.4,1.0,2.13,4,4,3.7
2024-01-24 13:00,136,안동,-5.0,42,4.4,290,,1006.3,1024.5,1.0,2.26,2,2,6.1
2024-01-24 14:00,136,안동,-3.5,38,3.3,290,,1006.1,1024.2,1.0,2.12,2,2,6.5
2024-01-24 15:00,136,안동,-3.4,37,5.4,290,,1005.7,1023.8,1.0,1.83,0,0,2.7
2024-01-24 16:00,136,안동,-3.5,37,4.0,290,,1006.2,1024.3,1.0,1.31,0,0,-0.3
2024-01-24 17:00,136,안동,-4.4,37,4.4,290,,1006.5,1024.7,1.0,0.65,0,0,-1.4
2024-01-24 18:00,136,안동,-5.5,44,3.0,290,,1007.2,1025.4,0.5,0.08,0,0,-2.3
2024-01-24 19:00,136,안동,-6.2,50,3.1,290,,1008.0,1026.3,,,0,0,-3.3
2024-01-24 20:00,136,안동,-7.0,53,2.2,290,,1008.4,1026.8,,,0,0,-4.5
2024-01-24 21:00,136,안동,-7.5,57,2.2,290,,1008.9,1027.3,,,0,0,-5.5
2024-01-24 22:00,136,안동,-7.9,59,1.7,320,,1009.5,1028.0,,,4,0,-6.4
2024-01-24 23:00,136,안동,-8.7,63,1.7,320,,1009.7,1028.2,,,0,0,-7.2
2024-01-25 00:00,136,안동,-8.8,64,1.1,320,,1010.0,1028.5,,,0,0,-7.9
2024-01-25 01:00,136,안동,-9.0,63,1.2,340,,1010.1,1028.7,,,5,0,-8.4
2024-01-25 02:00,136,안동,-9.6,65,1.5,290,,1010.2,1028.8,,,0,0,-8.7
2024-01-25 03:00,136,안동,-9.3,61,1.3,320,,1010.5,1029.1,,,0,0,-8.9
2024-01-25 04:00,136,안동,-9.5,60,2.5,290,,1010.4,1029.0,,,4,0,-9.0
2024-01-25 05:00,136,안동,-9.7,61,1.4,290,,1010.3,1028.9,,,0,0,-9.2
2024-01-25 06:00,136,안동,-10.2,62,1.2,320,,1010.5,1029.2,,,0,0,-9.4
2024-01-25 07:00,136,안동,-10.3,64,0.7,340,,1010.8,1029.5,,,0,0,-9.7
2024-01-25 08:00,136,안동,-10.7,69,0.2,0,,1011.3,1030.0,0.0,0.01,0,0,-9.4
2024-01-25 09:00,136,안동,-9.1,66,0.0,0,,1011.9,1030.5,1.0,0.45,0,0,-6.9
2024-01-25 10:00,136,안동,-7.2,55,2.5,250,,1012.1,1030.5,1.0,1.13,0,0,-0.5
2024-01-25 11:00,136,안동,-5.2,48,2.6,290,,1011.7,1030.0,1.0,1.7,0,0,2.6
2024-01-25 12:00,136,안동,-4.0,40,3.1,270,,1010.9,1029.1,1.0,2.08,0,0,5.1
2024-01-25 13:00,136,안동,-2.3,36,3.3,250,,1009.9,1028.0,1.0,2.24,0,0,7.8
2024-01-25 14:00,136,안동,-0.9,31,3.6,270,,1009.4,1027.4,1.0,2.15,0,0,8.1
2024-01-25 15:00,136,안동,0.6,29,3.0,270,,1009.3,1027.2,1.0,1.82,0,0,5.0
2024-01-25 16:00,136,안동,0.6,27,3.7,270,,1009.1,1027.0,1.0,1.31,0,0,0.8
2024-01-25 17:00,136,안동,0.1,29,3.3,270,,1009.5,1027.4,1.0,0.65,0,0,-0.7
2024-01-25 18:00,136,안동,-1.3,33,3.1,290,,1009.8,1027.8,0.5,0.09,0,0,-1.3
2024-01-25 19:00,136,안동,-2.3,37,1.6,290,,1010.4,1028.5,,,0,0,-1.7
2024-01-25 20:00,136,안동,-3.0,42,1.0,320,,1010.9,1029.0,,,0,0,-2.5
2024-01-25 21:00,136,안동,-3.5,44,0.5,290,,1011.3,1029.5,,,0,0,-3.1
2024-01-25 22:00,136,안동,-4.0,48,2.6,290,,1011.5,1029.7,,,0,0,-3.8
2024-01-25 23:00,136,안동,-4.7,50,1.5,320,,1011.4,1029.7,,,0,0,-4.5
2024-01-26 00:00,136,안동,-5.0,49,1.1,340,,1011.7,1030.0,,,0,0,-5.4
2024-01-26 01:00,136,안동,-5.9,53,0.9,340,,1011.5,1029.8,,,0,0,-6.1
2024-01-26 02:00,136,안동,-6.1,58,0.1,0,,1012.0,1030.4,,,0,0,-6.6
2024-01-26 03:00,136,안동,-6.7,62,0.2,0,,1012.3,1030.7,,,0,0,-7.1
2024-01-26 04:00,136,안동,-7.2,66,0.1,0,,1011.9,1030.3,,,0,0,-7.5
2024-01-26 05:00,136,안동,-8.5,69,0.0,0,,1011.8,1030.3,,,0,0,-8.0
2024-01-26 06:00,136,안동,-9.4,73,0.4,0,,1012.0,1030.6,,,0,0,-8.2
2024-01-26 07:00,136,안동,-10.0,77,0.0,0,,1012.5,1031.2,,,0,0,-8.4
2024-01-26 08:00,136,안동,-8.8,76,0.0,0,,1012.6,1031.2,0.1,0.01,0,0,-8.2
2024-01-26 09:00,136,안동,-7.0,73,0.0,0,,1013.0,1031.5,1.0,0.46,0,0,-5.6
2024-01-26 10:00,136,안동,-4.0,62,0.4,0,,1013.1,1031.4,1.0,1.14,0,0,-0.2
2024-01-26 11:00,136,안동,-1.2,49,2.4,270,,1013.2,1031.2,1.0,1.7,0,0,3.5
2024-01-26 12:00,136,안동,1.5,40,2.8,270,,1012.0,1029.8,1.0,2.09,0,0,8.2
2024-01-26 13:00,136,안동,3.4,36,2.6,270,,1010.7,1028.4,1.0,2.24,0,0,12.3
2024-01-26 14:00,136,안동,4.6,30,2.9,290,,1009.9,1027.5,1.0,2.16,0,0,12.3
2024-01-26 15:00,136,안동,5.6,28,2.7,290,,1009.8,1027.3,1.0,1.83,0,0,7.8
2024-01-26 16:00,136,안동,5.0,29,4.0,270,,1009.7,1027.3,1.0,1.32,0,0,3.0
2024-01-26 17:00,136,안동,4.1,36,3.5,270,,1009.9,1027.5,1.0,0.67,0,0,0.0
2024-01-26 18:00,136,안동,2.5,46,2.6,290,,1010.6,1028.3,0.4,0.08,0,0,-0.7
2024-01-26 19:00,136,안동,1.1,54,2.1,270,,1010.8,1028.7,,,0,0,-0.9
2024-01-26 20:00,136,안동,0.1,60,2.2,290,,1011.5,1029.4,,,0,0,-1.0
2024-01-26 21:00,136,안동,-0.8,63,1.8,290,,1011.6,1029.6,,,0,0,-1.3
2024-01-26 22:00,136,안동,-1.0,66,1.2,320,,1011.6,1029.6,,,0,0,-1.7
2024-01-26 23:00,136,안동,-1.9,68,1.6,320,,1011.6,1029.7,,,0,0,-2.1
2024-01-27 00:00,136,안동,-1.3,68,0.6,250,,1011.4,1029.4,,,0,0,-2.5
2024-01-27 01:00,136,안동,-1.8,70,0.3,0,,1011.1,1029.2,,,3,3,-2.8
2024-01-27 02:00,136,안동,-2.9,76,0.9,320,,1011.3,1029.4,,,6,3,-3.3
2024-01-27 03:00,136,안동,-4.1,80,0.9,320,,1011.1,1029.3,,,0,0,-3.8
2024-01-27 04:00,136,안동,-4.0,81,0.9,110,,1010.7,1028.9,,,0,0,-4.4
2024-01-27 05:00,136,안동,-4.5,83,0.3,0,,1010.7,1028.9,,,0,0,-4.9
2024-01-27 06:00,136,안동,-5.6,87,0.4,0,,1010.8,1029.1,,,0,0,-5.4
2024-01-27 07:00,136,안동,-5.7,87,0.6,110,,1011.6,1029.9,,,0,0,-5.9
2024-01-27 08:00,136,안동,-6.8,87,0.0,0,,1011.9,1030.3,0.0,0.01,0,0,-5.8
2024-01-27 09:00,136,안동,-4.4,84,0.8,160,,1011.7,1030.0,0.8,0.55,0,0,-3.4
2024-01-27 10:00,136,안동,-1.7,76,0.3,0,,1012.0,1030.1,1.0,1.3,0,0,0.9
2024-01-27 11:00,136,안동,1.3,63,1.2,250,,1011.8,1029.7,1.0,1.79,0,0,4.3
2024-01-27 12:00,136,안동,2.7,53,2.8,270,,1010.9,1028.6,1.0,2.04,0,0,9.1
2024-01-27 13:00,136,안동,4.5,44,2.6,250,,1009.4,1027.0,1.0,2.22,0,0,12.5
2024-01-27 14:00,136,안동,5.6,40,1.8,290,,1008.4,1025.9,1.0,2.12,0,0,13.3
2024-01-27 15:00,136,안동,6.3,35,2.8,270,,1008.2,1025.6,1.0,1.82,0,0,9.1
2024-01-27 16:00,136,안동,6.4,32,3.2,270,,1008.1,1025.5,1.0,1.28,0,0,4.1
2024-01-27 17:00,136,안동,5.5,32,3.5,290,,1008.1,1025.6,1.0,0.68,0,0,0.8
2024-01-27 18:00,136,안동,3.5,34,2.7,290,,1008.7,1026.3,0.4,0.1,0,0,-0.7
2024-01-27 19:00,136,안동,1.7,41,1.6,320,,1008.8,1026.6,,,0,0,-0.5
2024-01-27 20:00,136,안동,0.8,46,1.1,320,,1008.7,1026.5,,,0,0,-1.0
2024-01-27 21:00,136,안동,0.0,49,1.7,320,,1008.7,1026.6,,,0,0,-1.3
2024-01-27 22:00,136,안동,-0.7,52,1.9,320,,1009.4,1027.3,,,6,2,-1.7
2024-01-27 23:00,136,안동,-1.7,58,1.1,140,,1009.3,1027.3,,,8,8,-1.8
2024-01-28 00:00,136,안동,-2.2,61,0.2,0,,1009.3,1027.4,,,6,6,-1.9
2024-01-28 01:00,136,안동,-2.5,63,0.0,0,,1009.3,1027.4,,,8,8,-1.9
2024-01-28 02:00,136,안동,-2.5,66,0.4,0,,1009.3,1027.4,,,10,9,-2.3
2024-01-28 03:00,136,안동,-3.1,69,0.1,0,,1009.4,1027.5,,,7,7,-3.0
2024-01-28 04:00,136,안동,-3.8,73,0.1,0,,1009.3,1027.5,,,8,8,-2.6
2024-01-28 05:00,136,안동,-3.4,73,0.0,0,,1009.3,1027.4,,,8,8,-2.8
2024-01-28 06:00,136,안동,-3.3,73,0.0,0,,1009.4,1027.5,,,8,8,-3.1
2024-01-28 07:00,136,안동,-4.0,78,0.1,0,,1010.0,1028.2,,,3,3,-4.2
2024-01-28 08:00,136,안동,-4.0,80,0.1,0,,1010.8,1029.0,0.0,0.01,2,0,-4.5
2024-01-28 09:00,136,안동,-2.6,74,0.9,270,,1011.4,1029.5,0.7,0.4,0,0,-2.3
2024-01-28 10:00,136,안동,-0.2,57,2.7,250,,1011.8,1029.8,1.0,1.1,0,0,1.9
2024-01-28 11:00,136,안동,1.8,44,2.9,290,,1011.6,1029.4,1.0,1.69,0,0,5.2
2024-01-28 12:00,136,안동,2.7,43,3.2,290,,1011.5,1029.2,1.0,2.06,0,0,9.7
2024-01-28 13:00,136,안동,3.1,43,4.8,270,,1010.9,1028.6,1.0,2.24,0,0,11.4
2024-01-28 14:00,136,안동,3.8,41,4.4,270,,1010.5,1028.1,1.0,2.18,0,0,12.0
2024-01-28 15:00,136,안동,4.1,40,4.2,270,,1010.8,1028.4,1.0,1.83,0,0,8.5
2024-01-28 16:00,136,안동,3.7,42,4.3,270,,1010.9,1028.6,1.0,1.32,0,0,3.6
2024-01-28 17:00,136,안동,3.2,43,2.9,270,,1011.3,1029.0,1.0,0.68,0,0,0.1
2024-01-28 18:00,136,안동,1.5,48,2.3,290,,1012.1,1029.9,0.5,0.1,0,0,-0.3
2024-01-28 19:00,136,안동,0.4,54,1.4,320,,1013.0,1030.9,,,0,0,-0.7
2024-01-28 20:00,136,안동,-0.5,59,0.1,0,,1013.5,1031.5,,,0,0,-1.2
2024-01-28 21:00,136,안동,-0.9,63,0.1,0,,1013.6,1031.6,,,0,0,-1.5
2024-01-28 22:00,136,안동,-2.5,67,0.1,0,,1013.7,1031.9,,,0,0,-2.1
2024-01-28 23:00,136,안동,-3.5,72,0.0,0,,1013.7,1031.9,,,0,0,-2.6
2024-01-29 00:00,136,안동,-4.0,74,0.4,0,,1014.0,1032.3,,,0,0,-3.1
2024-01-29 01:00,136,안동,-5.0,81,0.0,0,,1013.9,1032.2,,,0,0,-3.6
2024-01-29 02:00,136,안동,-4.9,78,0.5,140,,1013.9,1032.2,,,0,0,-4.0
2024-01-29 03:00,136,안동,-6.2,82,0.0,0,,1013.8,1032.2,,,0,0,-4.5
2024-01-29 04:00,136,안동,-6.0,84,0.8,140,,1013.8,1032.2,,,0,0,-5.0
2024-01-29 05:00,136,안동,-7.5,88,0.1,0,,1014.3,1032.8,,,0,0,-5.5
2024-01-29 06:00,136,안동,-8.0,87,0.0,0,,1014.4,1033.0,,,0,0,-5.9
2024-01-29 07:00,136,안동,-8.1,87,0.0,0,,1014.7,1033.3,,,0,0,-6.2
2024-01-29 08:00,136,안동,-8.4,87,0.0,0,,1015.3,1033.9,0.0,0.02,0,0,-6.1
2024-01-29 09:00,136,안동,-5.8,84,0.9,160,,1015.5,1033.9,0.9,0.66,0,0,-3.9
2024-01-29 10:00,136,안동,-3.5,79,0.3,0,,1015.6,1033.9,1.0,1.57,0,0,-0.3
2024-01-29 11:00,136,안동,-0.8,68,2.3,270,,1015.3,1033.4,1.0,2.12,0,0,2.5
2024-01-29 12:00,136,안동,1.1,56,2.5,270,,1014.6,1032.5,1.0,2.23,0,0,7.3
2024-01-29 13:00,136,안동,2.7,53,2.5,250,,1013.6,1031.4,1.0,2.27,0,0,10.2
2024-01-29 14:00,136,안동,3.7,46,2.8,270,,1013.0,1030.7,1.0,2.21,0,0,11.1
2024-01-29 15:00,136,안동,4.6,44,1.8,290,,1012.5,1030.1,1.0,1.87,0,0,8.8
2024-01-29 16:00,136,안동,5.0,40,1.8,250,,1012.4,1030.0,1.0,1.34,0,0,4.0
2024-01-29 17:00,136,안동,4.5,40,1.7,250,,1012.6,1030.2,1.0,0.69,0,0,0.5
2024-01-29 18:00,136,안동,3.0,40,1.9,290,,1013.3,1031.0,0.5,0.11,0,0,-0.3
2024-01-29 19:00,136,안동,0.8,46,1.1,320,,1013.4,1031.3,,,0,0,-0.7
2024-01-29 20:00,136,안동,-0.1,54,0.3,0,,1013.7,1031.7,,,0,0,-1.2
2024-01-29 21:00,136,안동,-1.6,60,0.1,0,,1013.8,1031.9,,,0,0,-1.7
2024-01-29 22:00,136,안동,-2.2,62,0.2,0,,1014.4,1032.5,,,0,0,-2.1
2024-01-29 23:00,136,안동,-3.0,67,0.5,140,,1014.3,1032.5,,,0,0,-2.6
2024-01-30 00:00,136,안동,-3.7,71,0.6,140,,1014.6,1032.9,,,0,0,-3.1
2024-01-30 01:00,136,안동,-4.3,73,0.2,0,,1014.9,1033.2,,,5,5,-3.3
2024-01-30 02:00,136,안동,-5.0,77,0.1,0,,1014.6,1033.0,,,0,0,-4.0
2024-01-30 03:00,136,안동,-6.5,80,0.0,0,,1014.9,1033.3,,,0,0,-4.6
2024-01-30 04:00,136,안동,-7.1,80,0.1,0,,1014.7,1033.2,,,0,0,-5.0
2024-01-30 05:00,136,안동,-6.4,80,0.8,140,,1014.6,1033.0,,,0,0,-5.5
2024-01-30 06:00,136,안동,-6.6,84,0.8,160,,1014.7,1033.2,,,0,0,-5.7
2024-01-30 07:00,136,안동,-7.7,84,0.4,0,,1015.0,1033.5,,,0,0,-6.2
2024-01-30 08:00,136,안동,-8.0,87,0.6,290,,1015.6,1034.2,0.0,0.02,0,0,-5.8
2024-01-30 09:00,136,안동,-6.1,84,0.3,0,,1015.9,1034.3,1.0,0.53,0,0,-3.8
2024-01-30 10:00,136,안동,-3.1,76,0.9,180,,1015.8,1034.0,1.0,1.4,0,0,-0.2
2024-01-30 11:00,136,안동,0.8,63,1.0,180,,1015.3,1033.3,1.0,1.9,0,0,3.2
2024-01-30 12:00,136,안동,3.0,55,1.1,200,,1014.0,1031.8,1.0,1.93,4,0,6.6
2024-01-30 13:00,136,안동,4.6,42,1.3,290,,1013.2,1030.8,1.0,2.2,5,0,11.3
2024-01-30 14:00,136,안동,6.5,39,1.0,230,,1012.1,1029.6,1.0,2.16,4,0,12.3
2024-01-30 15:00,136,안동,7.5,37,1.6,200,,1011.3,1028.7,1.0,1.83,0,0,10.0
2024-01-30 16:00,136,안동,7.7,37,1.1,290,,1011.3,1028.7,1.0,1.28,0,0,5.5
2024-01-30 17:00,136,안동,7.5,37,0.6,320,,1011.2,1028.6,1.0,0.65,0,0,1.7
2024-01-30 18:00,136,안동,5.9,40,0.1,0,,1011.1,1028.6,0.4,0.09,0,0,-0.5
2024-01-30 19:00,136,안동,2.7,52,0.3,0,,1011.3,1029.0,,,0,0,-0.7
2024-01-30 20:00,136,안동,1.2,58,0.0,0,,1011.4,1029.3,,,0,0,-2.8
2024-01-30 21:00,136,안동,0.2,62,0.8,110,,1011.4,1029.3,,,0,0,-2.9
2024-01-30 22:00,136,안동,-0.9,66,0.1,0,,1011.0,1029.0,,,0,0,-3.3
2024-01-30 23:00,136,안동,-1.3,67,0.7,140,,1011.3,1029.3,,,0,0,-3.5
2024-01-31 00:00,136,안동,-1.7,71,0.4,0,,1010.4,1028.4,,,7,2,-3.4
2024-01-31 01:00,136,안동,-1.8,72,0.8,140,,1010.1,1028.1,,,9,7,-2.6
2024-01-31 02:00,136,안동,-2.0,75,0.2,0,,1010.3,1028.4,,,10,10,-1.8
2024-01-31 03:00,136,안동,-1.3,75,0.9,340,,1010.0,1028.0,,,10,10,-1.3
2024-01-31 04:00,136,안동,-1.4,73,1.0,290,,1009.7,1027.7,,,10,7,-1.2
2024-01-31 05:00,136,안동,-1.0,72,0.5,270,,1009.5,1027.5,,,10,7,-0.9
2024-01-31 06:00,136,안동,-0.5,72,0.4,0,0.0,1009.1,1027.0,,,8,8,-0.9
2024-01-31 07:00,136,안동,-0.3,74,0.6,160,,1009.1,1027.0,,,9,9,-0.7
2024-01-31 08:00,136,안동,-0.7,76,0.7,320,,1009.5,1027.4,0.0,0.02,9,9,-0.9
2024-01-31 09:00,136,안동,1.1,68,0.5,250,,1009.9,1027.7,0.4,0.45,9,6,3.5
2024-01-31 10:00,136,안동,2.8,64,0.6,230,,1009.5,1027.2,0.3,0.77,6,3,8.1
2024-01-31 11:00,136,안동,6.1,54,1.0,180,,1009.0,1026.5,1.0,1.68,2,2,18.3
2024-01-31 12:00,136,안동,7.8,50,1.2,270,,1008.2,1025.5,1.0,2.08,1,1,24.2
2024-01-31 13:00,136,안동,10.1,42,2.0,230,,1006.4,1023.6,1.0,2.22,0,0,26.1
2024-01-31 14:00,136,안동,11.2,38,1.6,180,,1005.3,1022.4,1.0,2.14,0,0,26.9
2024-01-31 15:00,136,안동,12.2,34,1.6,270,,1004.8,1021.8,1.0,1.81,0,0,24.2
2024-01-31 16:00,136,안동,12.5,32,0.4,0,,1004.6,1021.6,1.0,1.26,0,0,12.8
2024-01-31 17:00,136,안동,12.0,35,1.3,270,,1004.6,1021.6,1.0,0.68,0,0,6.3
2024-01-31 18:00,136,안동,9.8,41,0.0,0,,1004.8,1022.0,0.5,0.11,0,0,0.8
2024-01-31 19:00,136,안동,6.9,49,0.2,0,,1005.2,1022.5,,,0,0,-1.1
2024-01-31 20:00,136,안동,4.5,54,0.0,0,,1005.6,1023.1,,,0,0,-1.5
2024-01-31 21:00,136,안동,3.9,59,0.0,0,,1006.0,1023.6,,,0,0,-0.7
2024-01-31 22:00,136,안동,3.2,62,0.8,110,,1006.2,1023.8,,,6,6,-0.8
2024-01-31 23:00,136,안동,2.5,67,0.5,160,,1006.4,1024.1,,,10,9,-0.3
2024-01-01 00:00,155,창원,3.9,65,0.8,360,,1020.6,1025.0,,,0,0,1.7
2024-01-01 01:00,155,창원,2.8,71,0.7,230,,1021.4,1025.8,,,0,0,1.0
2024-01-01 02:00,155,창원,2.3,75,0.3,0,,1021.8,1026.2,,,0,0,0.3
2024-01-01 03:00,155,창원,2.0,77,0.3,0,,1022.3,1026.7,,,0,0,0.1
2024-01-01 04:00,155,창원,1.7,78,0.2,0,,1022.6,1027.0,,,0,0,0.6
2024-01-01 05:00,155,창원,1.9,80,0.7,230,,1022.5,1026.9,,,0,0,0.5
2024-01-01 06:00,155,창원,2.2,76,1.1,20,,1022.9,1027.3,,,0,0,0.4
2024-01-01 07:00,155,창원,2.2,77,0.5,20,,1023.6,1028.0,,,0,0,0.4
2024-01-01 08:00,155,창원,1.2,82,0.5,230,,1024.3,1028.8,0.0,0.0,0,0,0.3
2024-01-01 09:00,155,창원,3.4,76,0.6,230,,1024.5,1028.9,1.0,0.3,0,0,0.7
2024-01-01 10:00,155,창원,5.0,66,1.7,50,,1025.0,1029.4,1.0,0.84,0,0,3.4
2024-01-01 11:00,155,창원,6.4,59,2.7,50,,1024.8,1029.2,1.0,1.32,0,0,8.3
2024-01-01 12:00,155,창원,7.8,51,1.6,360,,1023.8,1028.1,1.0,1.64,0,0,8.6
2024-01-01 13:00,155,창원,8.9,48,1.3,360,,1023.0,1027.3,1.0,1.77,2,2,8.2
2024-01-01 14:00,155,창원,9.5,42,1.0,50,,1022.1,1026.4,0.8,1.49,8,8,10.5
2024-01-01 15:00,155,창원,9.9,40,1.0,20,,1021.8,1026.1,0.7,1.1,7,7,10.6
2024-01-01 16:00,155,창원,9.3,46,0.5,70,,1021.6,1025.9,0.3,0.56,9,9,9.2
2024-01-01 17:00,155,창원,7.9,50,0.8,180,,1021.6,1025.9,0.1,0.19,9,9,6.9
2024-01-01 18:00,155,창원,7.7,58,0.8,160,,1021.6,1025.9,0.0,0.0,6,6,5.9
2024-01-01 19:00,155,창원,6.7,65,0.8,200,,1021.6,1025.9,,,5,5,4.3
2024-01-01 20:00,155,창원,5.9,64,0.7,250,,1021.2,1025.6,,,1,0,3.2
2024-01-01 21:00,155,창원,5.9,65,0.6,250,,1021.7,1026.1,,,9,9,3.5
2024-01-01 22:00,155,창원,5.3,68,0.7,270,,1021.3,1025.7,,,9,9,3.5
2024-01-01 23:00,155,창원,5.1,67,0.5,270,,1021.1,1025.5,,,5,5,3.4
2024-01-02 00:00,155,창원,5.0,67,0.0,0,,1020.6,1025.0,,,8,8,3.3
2024-01-02 01:00,155,창원,5.0,68,0.2,0,,1020.2,1024.6,,,7,7,3.7
2024-01-02 02:00,155,창원,5.4,70,0.0,0,,1019.8,1024.2,,,6,4,3.8
2024-01-02 03:00,155,창원,5.3,72,0.6,340,,1019.5,1023.9,,,9,9,3.8
2024-01-02 04:00,155,창원,5.0,73,0.9,360,,1019.1,1023.5,,,8,8,3.8
2024-01-02 05:00,155,창원,4.8,73,0.3,0,,1018.7,1023.1,,,10,8,3.5
2024-01-02 06:00,155,창원,4.7,75,0.3,0,0.0,1018.6,1023.0,,,9,9,3.5
2024-01-02 07:00,155,창원,5.0,75,0.0,0,,1018.6,1023.0,,,8,8,3.8
2024-01-02 08:00,155,창원,4.9,76,0.5,360,,1018.6,1023.0,0.0,0.0,7,7,3.9
2024-01-02 09:00,155,창원,6.1,69,0.2,0,0.0,1018.1,1022.4,0.7,0.25,0,0,4.0
2024-01-02 10:00,155,창원,7.5,65,1.3,50,,1018.4,1022.7,1.0,0.78,0,0,7.6
2024-01-02 11:00,155,창원,9.6,48,1.3,110,,1017.9,1022.2,1.0,1.27,1,1,10.0
2024-01-02 12:00,155,창원,10.3,43,1.0,250,,1016.9,1021.2,1.0,1.39,1,1,9.8
2024-01-02 13:00,155,창원,9.5,46,2.1,20,,1015.5,1019.8,1.0,1.66,0,0,9.6
2024-01-02 14:00,155,창원,10.6,39,1.2,320,,1014.8,1019.1,1.0,1.52,0,0,10.6
2024-01-02 15:00,155,창원,10.8,41,1.1,20,,1014.2,1018.5,1.0,1.25,0,0,11.3
2024-01-02 16:00,155,창원,10.4,40,2.2,270,,1014.6,1018.9,1.0,0.78,0,0,9.0
2024-01-02 17:00,155,창원,9.4,43,1.1,290,,1014.9,1019.2,0.5,0.23,2,0,6.7
2024-01-02 18:00,155,창원,8.6,45,0.7,270,,1015.3,1019.6,0.0,0.0,6,4,5.2
2024-01-02 19:00,155,창원,8.0,46,1.2,320,,1015.6,1019.9,,,6,6,4.9
2024-01-02 20:00,155,창원,7.4,48,0.5,270,,1015.6,1019.9,,,8,8,4.7
2024-01-02 21:00,155,창원,5.7,56,0.6,250,,1015.3,1019.6,,,8,4,3.9
2024-01-02 22:00,155,창원,5.8,54,0.6,270,,1015.0,1019.3,,,9,5,3.5
2024-01-02 23:00,155,창원,6.1,56,1.0,340,,1014.5,1018.8,,,10,10,3.5
2024-01-03 00:00,155,창원,5.6,58,0.7,320,,1014.5,1018.8,,,9,5,3.5
2024-01-03 01:00,155,창원,5.7,57,0.8,320,,1013.9,1018.2,,,10,9,3.7
2024-01-03 02:00,155,창원,5.7,57,1.1,340,,1013.8,1018.1,,,10,10,3.7
2024-01-03 03:00,155,창원,5.2,60,0.6,250,,1013.9,1018.2,,,10,10,3.7
2024-01-03 04:00,155,창원,5.1,61,1.2,360,,1013.9,1018.2,,,10,10,3.8
2024-01-03 05:00,155,창원,4.5,63,1.5,50,,1012.8,1017.1,,,10,10,3.5
2024-01-03 06:00,155,창원,3.9,70,1.5,360,,1013.1,1017.5,,,10,10,3.4
2024-01-03 07:00,155,창원,3.2,75,1.9,20,,1013.5,1017.9,,,10,2,3.3
2024-01-03 08:00,155,창원,2.3,81,1.2,320,,1013.7,1018.1,0.0,0.0,10,8,3.3
2024-01-03 09:00,155,창원,2.4,82,0.8,360,0.0,1014.1,1018.5,0.0,0.05,10,8,3.7
2024-01-03 10:00,155,창원,2.8,80,2.2,50,,1013.8,1018.2,0.0,0.38,10,3,4.9
2024-01-03 11:00,155,창원,3.2,77,2.7,50,,1013.5,1017.9,0.4,0.94,7,3,7.0
2024-01-03 12:00,155,창원,4.4,73,4.5,50,0.0,1012.6,1016.9,0.9,1.52,7,6,7.5
2024-01-03 13:00,155,창원,5.5,54,1.9,20,,1011.9,1016.2,0.6,1.01,6,6,6.8
2024-01-03 14:00,155,창원,6.3,52,1.2,270,,1011.7,1016.0,0.4,0.92,7,7,7.0
2024-01-03 15:00,155,창원,6.9,51,1.3,360,,1011.6,1015.9,0.9,1.3,2,2,9.1
2024-01-03 16:00,155,창원,6.9,46,1.0,230,,1012.3,1016.6,1.0,0.78,3,3,7.1
2024-01-03 17:00,155,창원,6.3,43,1.5,290,,1012.9,1017.2,0.5,0.3,3,3,5.3
2024-01-03 18:00,155,창원,5.3,45,1.1,270,,1013.5,1017.8,0.0,0.01,0,0,3.2
2024-01-03 19:00,155,창원,4.9,49,1.1,270,,1014.2,1018.5,,,0,0,2.4
2024-01-03 20:00,155,창원,4.6,51,1.5,290,,1014.9,1019.2,,,0,0,1.7
2024-01-03 21:00,155,창원,4.4,50,1.3,270,,1015.2,1019.6,,,0,0,1.5
2024-01-03 22:00,155,창원,3.6,53,0.6,270,,1015.7,1020.1,,,0,0,1.1
2024-01-03 23:00,155,창원,3.0,55,1.2,270,,1016.1,1020.5,,,0,0,0.6
2024-01-04 00:00,155,창원,3.2,53,1.4,270,,1016.0,1020.4,,,0,0,0.3
2024-01-04 01:00,155,창원,2.4,63,2.0,20,,1016.3,1020.7,,,0,0,0.3
2024-01-04 02:00,155,창원,1.6,64,1.1,20,,1017.0,1021.4,,,0,0,0.4
2024-01-04 03:00,155,창원,1.3,62,0.8,320,,1017.3,1021.7,,,0,0,0.3
2024-01-04 04:00,155,창원,1.0,62,0.8,360,,1017.2,1021.6,,,0,0,0.1
2024-01-04 05:00,155,창원,0.8,64,1.8,340,,1017.2,1021.6,,,0,0,-0.1
2024-01-04 06:00,155,창원,0.6,63,2.2,340,,1017.6,1022.0,,,0,0,-0.2
2024-01-04 07:00,155,창원,0.1,62,1.0,320,,1018.2,1022.6,,,0,0,-0.3
2024-01-04 08:00,155,창원,-0.6,60,0.6,270,,1018.9,1023.4,0.0,0.0,0,0,-0.7
2024-01-04 09:00,155,창원,1.5,57,0.4,0,,1019.5,1023.9,1.0,0.32,0,0,-0.3
2024-01-04 10:00,155,창원,3.3,43,2.9,50,,1019.9,1024.3,1.0,0.93,0,0,0.2
2024-01-04 11:00,155,창원,5.0,39,2.1,90,,1019.7,1024.1,1.0,1.42,0,0,6.2
2024-01-04 12:00,155,창원,5.2,33,2.1,20,,1019.1,1023.5,1.0,1.77,0,0,6.6
2024-01-04 13:00,155,창원,7.2,33,1.6,70,,1018.4,1022.7,1.0,1.88,0,0,5.9
2024-01-04 14:00,155,창원,7.5,33,1.6,70,,1017.6,1021.9,1.0,1.76,0,0,8.1
2024-01-04 15:00,155,창원,8.1,31,2.3,110,,1016.8,1021.1,1.0,1.47,0,0,9.9
2024-01-04 16:00,155,창원,7.6,33,2.2,140,,1017.1,1021.4,1.0,0.96,0,0,6.7
2024-01-04 17:00,155,창원,6.2,33,2.0,180,,1017.3,1021.6,0.6,0.27,0,0,4.1
2024-01-04 18:00,155,창원,4.3,45,1.1,230,,1017.3,1021.7,0.0,0.01,0,0,2.4
2024-01-04 19:00,155,창원,4.2,50,0.6,250,,1017.7,1022.1,,,0,0,1.1
2024-01-04 20:00,155,창원,3.3,54,0.5,200,,1017.9,1022.3,,,0,0,0.9
2024-01-04 21:00,155,창원,2.5,58,0.4,0,,1017.7,1022.1,,,0,0,0.5
2024-01-04 22:00,155,창원,2.3,62,0.2,0,,1017.7,1022.1,,,0,0,0.2
2024-01-04 23:00,155,창원,1.8,64,0.6,250,,1017.6,1022.0,,,0,0,-0.1
2024-01-05 00:00,155,창원,1.3,67,0.6,230,,1017.5,1021.9,,,0,0,-0.4
2024-01-05 01:00,155,창원,1.6,64,0.5,70,,1017.5,1021.9,,,0,0,-0.6
2024-01-05 02:00,155,창원,1.0,70,0.4,0,,1017.3,1021.7,,,0,0,-0.9
2024-01-05 03:00,155,창원,0.8,73,0.0,0,,1017.3,1021.7,,,0,0,-1.2
2024-01-05 04:00,155,창원,1.0,72,0.7,290,,1017.1,1021.5,,,0,0,-1.4
2024-01-05 05:00,155,창원,0.7,76,0.9,290,,1017.1,1021.5,,,0,0,-1.5
2024-01-05 06:00,155,창원,1.3,74,0.3,0,,1017.3,1021.7,,,0,0,-1.4
2024-01-05 07:00,155,창원,1.5,77,0.6,290,,1017.8,1022.2,,,0,0,-1.4
2024-01-05 08:00,155,창원,0.7,79,0.4,0,,1018.1,1022.5,0.0,0.0,0,0,-1.4
2024-01-05 09:00,155,창원,2.9,74,0.3,0,,1018.2,1022.6,0.9,0.3,0,0,-0.7
2024-01-05 10:00,155,창원,5.8,67,0.8,90,,1018.4,1022.8,1.0,0.83,0,0,0.2
2024-01-05 11:00,155,창원,8.8,58,1.0,70,,1017.9,1022.2,1.0,1.31,0,0,7.9
2024-01-05 12:00,155,창원,12.0,43,2.5,250,,1016.6,1020.8,1.0,1.62,1,1,9.0
2024-01-05 13:00,155,창원,12.8,41,2.0,250,,1015.8,1020.0,1.0,1.79,1,1,9.0
2024-01-05 14:00,155,창원,13.3,38,1.5,250,,1015.0,1019.2,1.0,1.69,2,2,10.6
2024-01-05 15:00,155,창원,13.1,37,1.8,270,,1014.5,1018.7,1.0,1.35,3,0,12.0
2024-01-05 16:00,155,창원,12.9,38,1.0,230,,1014.3,1018.5,1.0,0.88,1,0,9.6
2024-01-05 17:00,155,창원,11.2,41,1.3,250,,1014.7,1018.9,0.6,0.26,1,0,7.1
2024-01-05 18:00,155,창원,9.3,48,0.8,250,,1015.1,1019.4,0.0,0.01,0,0,5.0
2024-01-05 19:00,155,창원,8.9,49,0.7,270,,1015.4,1019.7,,,0,0,3.7
2024-01-05 20:00,155,창원,7.1,56,0.3,0,,1015.6,1019.9,,,0,0,2.8
2024-01-05 21:00,155,창원,7.6,55,0.5,250,,1015.6,1019.9,,,0,0,2.5
2024-01-05 22:00,155,창원,6.0,63,0.2,0,,1015.5,1019.8,,,0,0,1.9
2024-01-05 23:00,155,창원,5.4,65,0.1,0,,1015.2,1019.5,,,0,0,1.6
2024-01-06 00:00,155,창원,4.8,69,0.8,250,,1015.2,1019.5,,,0,0,1.1
2024-01-06 01:00,155,창원,4.8,68,0.6,270,,1015.1,1019.4,,,0,0,0.7
2024-01-06 02:00,155,창원,4.1,73,0.2,0,,1015.1,1019.5,,,0,0,0.5
2024-01-06 03:00,155,창원,3.8,74,0.3,0,,1015.0,1019.4,,,0,0,0.6
2024-01-06 04:00,155,창원,3.3,77,0.2,0,,1014.8,1019.2,,,0,0,0.5
2024-01-06 05:00,155,창원,5.0,65,0.8,320,,1014.8,1019.2,,,0,0,0.5
2024-01-06 06:00,155,창원,4.2,66,0.8,320,,1015.2,1019.6,,,0,0,0.5
2024-01-06 07:00,155,창원,3.5,69,1.0,270,,1015.6,1020.0,,,0,0,0.4
2024-01-06 08:00,155,창원,3.7,68,0.7,340,,1016.2,1020.6,0.0,0.0,0,0,0.3
2024-01-06 09:00,155,창원,4.9,62,1.1,340,,1016.9,1021.2,0.9,0.29,0,0,0.8
2024-01-06 10:00,155,창원,5.7,43,3.6,70,,1017.1,1021.4,1.0,0.86,0,0,3.9
2024-01-06 11:00,155,창원,6.5,37,1.9,50,,1017.0,1021.3,1.0,1.38,0,0,7.1
2024-01-06 12:00,155,창원,7.1,34,2.9,50,,1016.2,1020.5,1.0,1.72,0,0,7.2
2024-01-06 13:00,155,창원,8.4,28,3.4,50,,1015.3,1019.6,1.0,1.86,0,0,6.4
2024-01-06 14:00,155,창원,9.1,21,3.8,50,,1014.5,1018.8,1.0,1.73,1,0,7.7
2024-01-06 15:00,155,창원,9.4,20,1.9,50,,1014.5,1018.8,1.0,1.23,7,0,9.2
2024-01-06 16:00,155,창원,8.6,23,0.9,140,,1014.9,1019.2,0.1,0.52,8,0,7.4
2024-01-06 17:00,155,창원,7.6,24,0.7,320,,1015.6,1019.9,0.0,0.19,3,0,5.3
2024-01-06 18:00,155,창원,5.8,28,0.8,250,,1015.8,1020.1,0.0,0.0,1,0,3.0
2024-01-06 19:00,155,창원,5.4,27,0.4,0,,1016.3,1020.6,,,0,0,1.6
2024-01-06 20:00,155,창원,4.4,36,0.5,270,,1016.5,1020.9,,,0,0,1.0
2024-01-06 21:00,155,창원,3.4,36,0.2,0,,1016.8,1021.2,,,0,0,0.5
2024-01-06 22:00,155,창원,4.4,27,0.7,320,,1017.2,1021.6,,,0,0,0.3
2024-01-06 23:00,155,창원,3.6,30,1.4,250,,1017.4,1021.8,,,0,0,0.1
2024-01-07 00:00,155,창원,2.9,36,1.4,270,,1017.5,1021.9,,,0,0,0.0
2024-01-07 01:00,155,창원,3.3,43,2.5,290,,1017.1,1021.5,,,0,0,0.0
2024-01-07 02:00,155,창원,3.0,48,1.6,290,,1017.3,1021.7,,,2,0,0.0
2024-01-07 03:00,155,창원,2.6,51,1.5,270,,1017.1,1021.5,,,1,1,-0.1
2024-01-07 04:00,155,창원,2.3,51,2.4,290,,1017.3,1021.7,,,3,3,-0.1
2024-01-07 05:00,155,창원,1.8,49,1.3,270,,1017.4,1021.8,,,4,4,-0.2
2024-01-07 06:00,155,창원,1.4,44,1.0,270,,1017.6,1022.0,,,2,2,-0.4
2024-01-07 07:00,155,창원,1.0,42,1.9,250,,1018.2,1022.6,,,2,2,-0.5
2024-01-07 08:00,155,창원,0.4,50,2.0,70,,1019.1,1023.5,0.0,0.0,2,2,-0.5
2024-01-07 09:00,155,창원,1.5,45,0.9,250,,1019.7,1024.1,1.0,0.3,1,1,-0.1
2024-01-07 10:00,155,창원,2.5,43,2.1,70,,1019.9,1024.3,0.9,0.71,1,1,0.2
2024-01-07 11:00,155,창원,2.5,41,0.7,110,,1019.7,1024.1,0.9,1.15,2,2,4.1
2024-01-07 12:00,155,창원,4.8,33,1.1,250,,1018.8,1023.2,0.7,1.16,4,4,4.3
2024-01-07 13:00,155,창원,4.6,25,2.0,290,,1018.2,1022.6,1.0,1.91,1,1,4.3
2024-01-07 14:00,155,창원,5.1,23,1.5,270,,1018.1,1022.5,1.0,1.82,0,0,6.0
2024-01-07 15:00,155,창원,3.5,23,2.9,290,,1018.4,1022.8,1.0,1.47,0,0,6.9
2024-01-07 16:00,155,창원,2.8,17,2.8,290,,1018.7,1023.1,1.0,0.99,0,0,4.2
2024-01-07 17:00,155,창원,1.8,21,2.1,270,,1019.6,1024.0,0.6,0.3,0,0,1.8
2024-01-07 18:00,155,창원,1.0,23,1.5,250,,1020.1,1024.5,0.0,0.0,0,0,0.5
2024-01-07 19:00,155,창원,-0.6,30,0.7,270,,1020.7,1025.2,,,0,0,0.1
2024-01-07 20:00,155,창원,-0.8,30,1.1,290,,1021.2,1025.7,,,0,0,-0.5
2024-01-07 21:00,155,창원,-1.1,31,0.7,270,,1021.8,1026.3,,,0,0,-1.0
2024-01-07 22:00,155,창원,-1.3,33,1.1,340,,1021.8,1026.3,,,0,0,-1.4
2024-01-07 23:00,155,창원,-2.5,36,0.7,230,,1022.4,1026.9,,,0,0,-1.7
2024-01-08 00:00,155,창원,-2.6,37,0.7,270,,1022.3,1026.8,,,0,0,-1.9
2024-01-08 01:00,155,창원,-2.9,38,1.6,290,,1022.4,1026.9,,,0,0,-2.0
2024-01-08 02:00,155,창원,-3.8,41,0.8,250,,1023.0,1027.5,,,0,0,-2.3
2024-01-08 03:00,155,창원,-3.8,44,1.3,340,,1022.7,1027.2,,,0,0,-2.4
2024-01-08 04:00,155,창원,-4.6,43,0.7,320,,1022.4,1026.9,,,0,0,-2.7
2024-01-08 05:00,155,창원,-4.7,44,0.8,360,,1022.1,1026.6,,,0,0,-2.9
2024-01-08 06:00,155,창원,-4.9,44,1.9,360,,1022.4,1027.0,,,0,0,-2.9
2024-01-08 07:00,155,창원,-5.0,45,1.0,360,,1023.3,1027.9,,,0,0,-3.2
2024-01-08 08:00,155,창원,-5.4,44,0.8,230,,1023.7,1028.3,0.0,0.0,0,0,-3.3
2024-01-08 09:00,155,창원,-3.4,40,2.6,20,,1023.8,1028.3,1.0,0.35,0,0,-2.2
2024-01-08 10:00,155,창원,-2.4,35,2.9,50,,1023.8,1028.3,1.0,0.98,0,0,-1.1
2024-01-08 11:00,155,창원,-0.9,26,3.4,50,,1023.5,1028.0,1.0,1.5,0,0,-0.5
2024-01-08 12:00,155,창원,0.9,21,2.1,50,,1022.3,1026.7,1.0,1.84,0,0,-0.1
2024-01-08 13:00,155,창원,2.6,19,1.4,50,,1021.3,1025.7,1.0,1.98,0,0,-0.2
2024-01-08 14:00,155,창원,3.4,15,1.7,20,,1020.3,1024.7,1.0,1.87,0,0,1.0
2024-01-08 15:00,155,창원,3.7,23,1.9,90,,1019.9,1024.3,1.0,1.54,0,0,5.2
2024-01-08 16:00,155,창원,3.7,18,2.5,180,,1019.9,1024.3,1.0,1.05,0,0,3.5
2024-01-08 17:00,155,창원,2.0,32,2.1,200,,1020.3,1024.7,0.6,0.29,2,0,1.0
2024-01-08 18:00,155,창원,0.6,33,1.0,250,,1020.3,1024.7,0.0,0.01,6,0,0.1
2024-01-08 19:00,155,창원,0.2,43,1.6,250,,1020.4,1024.9,,,6,5,-0.3
2024-01-08 20:00,155,창원,-0.8,50,0.7,250,,1020.0,1024.5,,,0,0,-0.8
2024-01-08 21:00,155,창원,-0.9,52,0.7,320,,1020.0,1024.5,,,0,0,-1.3
2024-01-08 22:00,155,창원,-1.5,46,0.8,320,,1019.6,1024.1,,,0,0,-1.8
2024-01-08 23:00,155,창원,-1.9,53,0.0,0,,1019.1,1023.6,,,0,0,-2.2
2024-01-09 00:00,155,창원,-2.1,53,0.5,290,,1019.1,1023.6,,,0,0,-2.5
2024-01-09 01:00,155,창원,-1.8,53,0.7,290,,1019.0,1023.5,,,0,0,-2.6
2024-01-09 02:00,155,창원,-1.9,52,0.5,290,,1018.7,1023.2,,,0,0,-2.7
2024-01-09 03:00,155,창원,-2.3,56,0.4,0,,1018.2,1022.7,,,0,0,-2.9
2024-01-09 04:00,155,창원,-3.4,57,0.4,0,,1017.9,1022.4,,,0,0,-3.0
2024-01-09 05:00,155,창원,-3.3,47,0.4,0,,1018.2,1022.7,,,0,0,-3.2
2024-01-09 06:00,155,창원,-2.5,42,1.5,340,,1018.4,1022.9,,,0,0,-2.9
2024-01-09 07:00,155,창원,-3.2,45,0.6,340,,1018.1,1022.6,,,1,1,-3.2
2024-01-09 08:00,155,창원,-2.9,49,0.3,0,,1018.4,1022.9,0.0,0.01,7,7,-2.9
2024-01-09 09:00,155,창원,-0.9,46,1.1,340,,1018.5,1023.0,0.8,0.32,5,2,-1.5
2024-01-09 10:00,155,창원,-0.3,43,0.2,0,,1018.3,1022.7,0.2,0.41,10,10,-1.0
2024-01-09 11:00,155,창원,1.0,39,0.6,110,,1017.8,1022.2,0.0,0.46,10,10,-0.8
2024-01-09 12:00,155,창원,2.2,39,0.4,0,,1016.7,1021.1,0.0,0.56,10,10,-0.5
2024-01-09 13:00,155,창원,3.7,39,1.0,110,,1015.9,1020.3,0.0,0.62,10,10,0.1
2024-01-09 14:00,155,창원,4.1,37,1.0,110,,1014.9,1019.3,0.0,0.59,10,10,2.8
2024-01-09 15:00,155,창원,4.7,37,0.9,140,,1014.4,1018.7,0.0,0.42,10,3,3.6
2024-01-09 16:00,155,창원,4.2,42,1.7,140,,1014.2,1018.6,0.0,0.25,10,1,3.2
2024-01-09 17:00,155,창원,3.9,45,1.1,140,,1013.6,1018.0,0.0,0.07,10,10,2.6
2024-01-09 18:00,155,창원,3.2,48,0.1,0,,1013.5,1017.9,0.0,0.01,6,1,1.6
2024-01-09 19:00,155,창원,3.4,50,0.0,0,,1013.7,1018.1,,,10,10,1.6
2024-01-09 20:00,155,창원,3.5,54,1.1,340,,1013.2,1017.6,,,10,8,1.8
2024-01-09 21:00,155,창원,2.1,77,0.7,360,0.0,1012.5,1016.9,,,10,8,1.8
2024-01-09 22:00,155,창원,1.7,85,1.7,90,,1012.9,1017.3,,,10,9,1.7
2024-01-09 23:00,155,창원,1.6,87,2.0,50,,1012.6,1017.0,,,10,8,1.7
2024-01-10 00:00,155,창원,1.5,88,0.9,230,5.0,1011.9,1016.3,,,9,9,1.7
2024-01-10 01:00,155,창원,1.3,87,0.7,290,,1011.7,1016.1,,,8,5,1.6
2024-01-10 02:00,155,창원,1.1,87,2.5,320,,1011.4,1015.8,,,8,1,0.3
2024-01-10 03:00,155,창원,1.1,87,2.7,340,,1011.9,1016.3,,,2,2,-0.2
2024-01-10 04:00,155,창원,1.2,86,1.8,320,,1012.0,1016.4,,,3,3,-0.4
2024-01-10 05:00,155,창원,0.9,86,1.5,250,,1011.8,1016.2,,,0,0,-0.1
2024-01-10 06:00,155,창원,1.5,80,1.5,200,,1012.4,1016.8,,,0,0,-0.1
2024-01-10 07:00,155,창원,0.7,82,1.7,140,,1013.2,1017.6,,,1,1,-0.1
2024-01-10 08:00,155,창원,1.0,81,0.9,160,,1013.8,1018.2,0.0,0.0,8,8,-0.1
2024-01-10 09:00,155,창원,2.2,75,1.7,20,,1014.0,1018.4,0.8,0.28,1,1,0.1
2024-01-10 10:00,155,창원,3.2,70,1.5,20,,1014.5,1018.9,1.0,0.74,2,2,1.8
2024-01-10 11:00,155,창원,3.7,67,1.5,90,,1014.5,1018.9,0.7,0.84,6,6,3.9
2024-01-10 12:00,155,창원,4.3,64,1.6,340,,1013.8,1018.1,0.8,1.23,8,8,6.3
2024-01-10 13:00,155,창원,5.7,61,1.6,160,,1013.3,1017.6,0.4,1.24,7,7,7.5
2024-01-10 14:00,155,창원,5.3,59,1.8,50,,1013.1,1017.4,0.4,1.16,7,7,7.7
2024-01-10 15:00,155,창원,5.5,58,2.0,20,,1013.2,1017.5,0.2,0.88,8,8,7.6
2024-01-10 16:00,155,창원,5.9,58,1.5,50,,1013.2,1017.5,0.4,0.63,7,7,6.8
2024-01-10 17:00,155,창원,5.3,57,1.2,20,,1013.7,1018.0,0.4,0.29,8,8,5.0
2024-01-10 18:00,155,창원,4.9,58,1.0,250,,1014.2,1018.5,0.0,0.0,7,7,3.5
2024-01-10 19:00,155,창원,4.0,60,1.0,230,,1015.0,1019.4,,,0,0,1.9
2024-01-10 20:00,155,창원,3.8,58,1.3,250,,1015.0,1019.4,,,0,0,1.0
2024-01-10 21:00,155,창원,3.6,59,0.9,250,,1015.2,1019.6,,,0,0,0.4
2024-01-10 22:00,155,창원,3.8,59,0.9,270,,1015.3,1019.7,,,0,0,0.1
2024-01-10 23:00,155,창원,2.5,64,1.0,250,,1015.3,1019.7,,,0,0,-0.2
2024-01-11 00:00,155,창원,2.4,65,1.4,20,,1015.3,1019.7,,,0,0,-0.6
2024-01-11 01:00,155,창원,2.3,65,1.5,360,,1015.0,1019.4,,,0,0,0.1
2024-01-11 02:00,155,창원,0.9,72,0.6,200,,1015.2,1019.6,,,0,0,0.1
2024-01-11 03:00,155,창원,0.5,73,0.2,0,,1014.7,1019.1,,,0,0,0.1
2024-01-11 04:00,155,창원,0.4,74,0.7,270,,1014.8,1019.2,,,0,0,0.0
2024-01-11 05:00,155,창원,0.5,73,2.6,20,,1014.5,1018.9,,,0,0,-0.1
2024-01-11 06:00,155,창원,0.0,76,1.1,360,,1014.7,1019.1,,,0,0,-0.3
2024-01-11 07:00,155,창원,-0.7,79,0.4,0,,1014.9,1019.3,,,0,0,-0.6
2024-01-11 08:00,155,창원,-1.1,80,0.9,250,,1015.0,1019.4,0.0,0.0,0,0,-0.9
2024-01-11 09:00,155,창원,1.2,72,0.6,50,,1015.0,1019.4,1.0,0.31,0,0,-0.5
2024-01-11 10:00,155,창원,1.9,66,1.3,50,,1015.0,1019.4,1.0,0.91,0,0,-0.2
2024-01-11 11:00,155,창원,2.9,59,3.2,50,,1014.5,1018.9,1.0,1.44,0,0,4.7
2024-01-11 12:00,155,창원,3.8,55,2.0,20,,1013.8,1018.2,1.0,1.76,0,0,6.1
2024-01-11 13:00,155,창원,5.9,50,1.9,50,,1012.6,1016.9,1.0,1.89,0,0,5.3
2024-01-11 14:00,155,창원,6.6,36,1.6,50,,1011.8,1016.1,1.0,1.8,0,0,7.7
2024-01-11 15:00,155,창원,7.5,37,1.2,50,,1011.3,1015.6,1.0,1.49,0,0,10.0
2024-01-11 16:00,155,창원,7.7,38,0.5,90,,1011.1,1015.4,1.0,0.98,0,0,7.8
2024-01-11 17:00,155,창원,5.5,45,0.7,230,,1011.1,1015.4,0.5,0.3,0,0,4.2
2024-01-11 18:00,155,창원,5.5,41,0.8,320,,1011.6,1015.9,0.0,0.0,0,0,1.9
2024-01-11 19:00,155,창원,4.6,46,1.5,340,,1012.0,1016.3,,,0,0,0.9
2024-01-11 20:00,155,창원,4.2,46,1.2,320,,1012.4,1016.7,,,0,0,0.3
2024-01-11 21:00,155,창원,2.1,57,0.4,0,,1012.3,1016.7,,,0,0,0.1
2024-01-11 22:00,155,창원,2.4,55,0.6,270,,1012.4,1016.8,,,0,0,0.3
2024-01-11 23:00,155,창원,1.8,61,0.6,270,,1012.3,1016.7,,,0,0,0.2
2024-01-12 00:00,155,창원,1.8,63,0.8,320,,1012.3,1016.7,,,0,0,0.0
2024-01-12 01:00,155,창원,0.5,69,0.5,270,,1012.3,1016.7,,,0,0,-0.3
2024-01-12 02:00,155,창원,0.8,73,0.2,0,,1012.4,1016.8,,,0,0,-0.6
2024-01-12 03:00,155,창원,-0.1,77,0.5,270,,1012.4,1016.8,,,0,0,-1.0
2024-01-12 04:00,155,창원,0.2,78,0.5,290,,1012.4,1016.8,,,0,0,-1.4
2024-01-12 05:00,155,창원,-0.2,80,0.6,290,,1012.3,1016.7,,,0,0,-1.7
2024-01-12 06:00,155,창원,-0.4,80,0.5,340,,1012.6,1017.0,,,0,0,-1.9
2024-01-12 07:00,155,창원,0.0,80,0.4,0,,1012.8,1017.2,,,0,0,-2.1
2024-01-12 08:00,155,창원,-0.3,80,0.1,0,,1012.9,1017.3,0.0,0.0,0,0,-2.1
2024-01-12 09:00,155,창원,1.6,75,0.3,0,,1013.4,1017.8,0.9,0.29,0,0,-1.1
2024-01-12 10:00,155,창원,3.7,67,1.0,340,,1014.0,1018.4,1.0,0.81,0,0,-0.5
2024-01-12 11:00,155,창원,6.8,58,1.5,50,,1013.7,1018.0,1.0,1.28,0,0,4.8
2024-01-12 12:00,155,창원,8.0,52,2.2,50,,1013.1,1017.4,1.0,1.62,0,0,7.6
2024-01-12 13:00,155,창원,9.9,43,2.0,90,,1012.5,1016.7,1.0,1.75,0,0,7.4
2024-01-12 14:00,155,창원,10.2,40,1.1,90,,1012.2,1016.5,1.0,1.64,0,0,9.5
2024-01-12 15:00,155,창원,9.9,43,2.4,110,,1011.6,1015.8,1.0,1.37,0,0,10.5
2024-01-12 16:00,155,창원,9.6,44,2.0,140,,1011.8,1016.0,1.0,0.93,0,0,8.3
2024-01-12 17:00,155,창원,8.3,50,0.4,0,,1011.9,1016.2,0.5,0.31,0,0,5.5
2024-01-12 18:00,155,창원,7.8,53,1.3,340,,1012.8,1017.1,0.0,0.01,0,0,3.4
2024-01-12 19:00,155,창원,6.7,43,0.8,270,,1013.1,1017.4,,,0,0,2.0
2024-01-12 20:00,155,창원,7.0,26,1.2,290,,1013.9,1018.2,,,0,0,1.1
2024-01-12 21:00,155,창원,5.7,28,1.1,230,,1014.0,1018.3,,,0,0,0.4
2024-01-12 22:00,155,창원,5.3,31,1.2,270,,1014.3,1018.6,,,0,0,-0.2
2024-01-12 23:00,155,창원,4.4,37,1.3,320,,1014.8,1019.2,,,0,0,-0.5
2024-01-13 00:00,155,창원,3.3,44,2.0,360,,1015.0,1019.4,,,0,0,0.1
2024-01-13 01:00,155,창원,3.0,47,1.6,20,,1015.1,1019.5,,,0,0,0.2
2024-01-13 02:00,155,창원,2.8,48,2.5,20,,1015.8,1020.2,,,0,0,0.1
2024-01-13 03:00,155,창원,1.9,41,2.5,20,,1015.9,1020.3,,,0,0,0.0
2024-01-13 04:00,155,창원,1.6,37,1.5,360,,1016.0,1020.4,,,0,0,-0.2
2024-01-13 05:00,155,창원,0.7,42,1.1,340,,1016.3,1020.7,,,0,0,-0.6
2024-01-13 06:00,155,창원,0.6,39,1.5,360,,1017.1,1021.5,,,0,0,-1.1
2024-01-13 07:00,155,창원,-0.4,37,0.8,20,,1017.8,1022.2,,,0,0,-1.7
2024-01-13 08:00,155,창원,-0.2,37,0.8,270,,1018.7,1023.1,0.0,0.0,0,0,-1.9
2024-01-13 09:00,155,창원,2.5,31,0.7,270,,1019.6,1024.0,1.0,0.34,0,0,-1.0
2024-01-13 10:00,155,창원,3.9,28,2.5,50,,1020.2,1024.6,1.0,0.93,0,0,-0.5
2024-01-13 11:00,155,창원,4.9,28,2.1,50,,1020.4,1024.8,1.0,1.45,0,0,1.4
2024-01-13 12:00,155,창원,5.0,29,3.4,50,,1020.2,1024.6,1.0,1.8,0,0,4.8
2024-01-13 13:00,155,창원,6.3,27,3.1,50,,1020.0,1024.3,1.0,1.94,0,0,4.1
2024-01-13 14:00,155,창원,7.1,24,3.4,50,,1019.5,1023.8,1.0,1.85,0,0,6.1
2024-01-13 15:00,155,창원,8.1,20,1.6,50,,1020.1,1024.4,1.0,1.54,0,0,8.3
2024-01-13 16:00,155,창원,7.6,16,1.6,20,,1020.5,1024.8,1.0,1.05,0,0,5.8
2024-01-13 17:00,155,창원,7.0,15,1.2,360,,1020.5,1024.8,0.5,0.32,0,0,2.6
2024-01-13 18:00,155,창원,5.0,36,1.8,160,,1021.4,1025.8,0.0,0.01,0,0,1.0
2024-01-13 19:00,155,창원,4.4,39,1.3,180,,1022.0,1026.4,,,0,0,0.1
2024-01-13 20:00,155,창원,3.3,41,0.8,230,,1022.3,1026.7,,,0,0,0.3
2024-01-13 21:00,155,창원,2.8,43,0.6,270,,1022.4,1026.8,,,0,0,0.2
2024-01-13 22:00,155,창원,1.1,51,0.0,0,,1022.3,1026.7,,,0,0,-0.1
2024-01-13 23:00,155,창원,1.2,55,0.2,0,,1022.1,1026.5,,,0,0,-0.4
2024-01-14 00:00,155,창원,1.1,59,0.6,270,,1021.8,1026.2,,,0,0,-0.8
2024-01-14 01:00,155,창원,0.4,62,0.6,290,,1021.8,1026.3,,,0,0,-1.2
2024-01-14 02:00,155,창원,-0.1,64,0.2,0,,1021.8,1026.3,,,0,0,-1.5
2024-01-14 03:00,155,창원,-0.3,64,0.5,320,,1021.2,1025.7,,,0,0,-1.8
2024-01-14 04:00,155,창원,-0.1,65,0.6,340,,1020.7,1025.2,,,0,0,-2.0
2024-01-14 05:00,155,창원,-1.0,70,0.5,250,,1020.6,1025.1,,,0,0,-2.2
2024-01-14 06:00,155,창원,-0.8,66,0.9,360,,1020.6,1025.1,,,0,0,-2.4
2024-01-14 07:00,155,창원,-0.9,67,1.0,360,,1020.5,1025.0,,,0,0,-2.5
2024-01-14 08:00,155,창원,-0.7,69,0.3,0,,1020.3,1024.8,0.0,0.0,0,0,-2.5
2024-01-14 09:00,155,창원,1.7,66,0.6,90,,1020.0,1024.4,1.0,0.32,0,0,-1.3
2024-01-14 10:00,155,창원,4.3,59,0.9,110,,1019.7,1024.1,1.0,0.89,0,0,-0.6
2024-01-14 11:00,155,창원,6.7,51,1.1,90,,1018.6,1022.9,1.0,1.39,0,0,2.9
2024-01-14 12:00,155,창원,12.0,50,2.2,160,,1017.3,1021.5,1.0,1.72,0,0,8.0
2024-01-14 13:00,155,창원,13.1,51,1.8,200,,1015.8,1020.0,1.0,1.86,1,1,7.9
2024-01-14 14:00,155,창원,13.3,49,2.6,180,,1014.8,1019.0,1.0,1.66,2,2,9.8
2024-01-14 15:00,155,창원,13.5,49,3.8,160,,1014.0,1018.2,1.0,1.45,1,1,12.0
2024-01-14 16:00,155,창원,13.2,50,3.1,140,,1013.4,1017.6,1.0,1.08,1,1,9.8
2024-01-14 17:00,155,창원,12.1,54,1.1,200,,1013.5,1017.7,0.5,0.32,0,0,7.4
2024-01-14 18:00,155,창원,11.1,58,2.2,230,,1013.6,1017.8,0.0,0.02,1,1,5.9
2024-01-14 19:00,155,창원,9.1,66,1.0,230,,1013.5,1017.8,,,6,1,5.1
2024-01-14 20:00,155,창원,9.7,66,1.3,200,,1013.6,1017.9,,,6,6,5.3
2024-01-14 21:00,155,창원,10.9,62,0.8,250,0.0,1013.5,1017.7,,,10,8,5.9
2024-01-14 22:00,155,창원,10.6,63,0.9,340,,1013.6,1017.9,,,6,6,6.0
2024-01-14 23:00,155,창원,10.9,62,1.3,230,,1013.6,1017.8,,,6,6,6.2
2024-01-15 00:00,155,창원,9.0,68,1.5,140,,1013.7,1018.0,,,4,4,5.2
2024-01-15 01:00,155,창원,7.3,70,4.0,50,,1014.2,1018.5,,,6,1,4.3
2024-01-15 02:00,155,창원,5.5,65,3.0,360,,1015.0,1019.3,,,7,0,3.4
2024-01-15 03:00,155,창원,4.6,60,1.9,230,,1015.3,1019.6,,,0,0,2.3
2024-01-15 04:00,155,창원,3.5,52,2.5,360,,1015.9,1020.3,,,0,0,1.4
2024-01-15 05:00,155,창원,2.6,44,2.3,180,,1016.9,1021.3,,,0,0,0.3
2024-01-15 06:00,155,창원,1.5,46,1.4,160,,1017.7,1022.1,,,0,0,0.2
2024-01-15 07:00,155,창원,1.1,41,1.6,250,,1018.5,1022.9,,,0,0,0.2
2024-01-15 08:00,155,창원,0.5,39,2.7,270,,1019.4,1023.8,0.0,0.0,0,0,-0.1
2024-01-15 09:00,155,창원,1.4,38,1.9,320,,1020.2,1024.6,1.0,0.37,0,0,0.1
2024-01-15 10:00,155,창원,2.5,31,3.0,50,,1021.0,1025.4,1.0,0.99,0,0,0.4
2024-01-15 11:00,155,창원,3.2,26,5.9,50,,1020.8,1025.2,1.0,1.54,0,0,5.0
2024-01-15 12:00,155,창원,4.3,20,6.0,50,,1020.2,1024.6,1.0,1.91,0,0,4.7
2024-01-15 13:00,155,창원,5.4,24,3.9,50,,1019.3,1023.7,1.0,2.06,0,0,3.7
2024-01-15 14:00,155,창원,6.5,26,3.0,20,,1019.0,1023.3,1.0,1.96,0,0,6.7
2024-01-15 15:00,155,창원,7.0,27,2.7,50,,1018.8,1023.1,1.0,1.63,0,0,9.5
2024-01-15 16:00,155,창원,7.1,26,2.7,50,,1018.8,1023.1,1.0,1.13,0,0,7.2
2024-01-15 17:00,155,창원,5.9,30,1.3,360,,1019.7,1024.1,0.5,0.35,0,0,3.9
2024-01-15 18:00,155,창원,4.7,29,0.9,230,,1020.9,1025.3,0.0,0.01,0,0,2.1
2024-01-15 19:00,155,창원,4.0,28,1.1,180,,1021.6,1026.0,,,0,0,0.6
2024-01-15 20:00,155,창원,3.3,24,1.5,200,,1022.1,1026.5,,,0,0,0.4
2024-01-15 21:00,155,창원,2.7,25,1.9,110,,1023.1,1027.5,,,0,0,0.1
2024-01-15 22:00,155,창원,1.8,25,1.2,180,,1023.3,1027.7,,,0,0,-0.2
2024-01-15 23:00,155,창원,0.9,27,1.4,340,,1023.2,1027.7,,,0,0,-0.5
2024-01-16 00:00,155,창원,1.5,23,2.9,360,,1023.4,1027.8,,,0,0,-0.8
2024-01-16 01:00,155,창원,1.3,22,2.5,340,,1023.4,1027.8,,,0,0,-1.0
2024-01-16 02:00,155,창원,1.1,17,1.7,320,,1023.6,1028.1,,,0,0,-1.2
2024-01-16 03:00,155,창원,0.5,23,4.3,50,,1023.8,1028.3,,,0,0,-1.3
2024-01-16 04:00,155,창원,0.4,22,2.9,50,,1024.0,1028.5,,,0,0,-1.5
2024-01-16 05:00,155,창원,0.1,25,2.4,70,,1024.8,1029.3,,,0,0,-1.7
2024-01-16 06:00,155,창원,-0.3,28,1.9,360,,1025.8,1030.3,,,0,0,-2.0
2024-01-16 07:00,155,창원,-0.8,32,2.3,360,,1026.5,1031.0,,,0,0,-2.1
2024-01-16 08:00,155,창원,-1.0,31,3.4,50,,1027.3,1031.8,0.0,0.0,0,0,-2.3
2024-01-16 09:00,155,창원,-0.2,30,1.1,360,,1027.8,1032.3,1.0,0.38,0,0,-1.4
2024-01-16 10:00,155,창원,1.8,29,1.0,20,,1028.4,1032.9,1.0,0.98,0,0,-0.5
2024-01-16 11:00,155,창원,3.8,23,1.4,20,,1028.2,1032.6,1.0,1.49,1,0,3.5
2024-01-16 12:00,155,창원,5.5,27,1.0,360,,1027.9,1032.3,1.0,1.82,1,0,6.8
2024-01-16 13:00,155,창원,7.2,29,1.5,50,,1027.2,1031.6,1.0,1.94,1,0,5.8
2024-01-16 14:00,155,창원,8.5,36,2.3,90,,1026.8,1031.1,1.0,1.89,3,0,9.0
2024-01-16 15:00,155,창원,8.0,37,2.6,110,,1026.7,1031.0,1.0,1.26,6,0,9.8
2024-01-16 16:00,155,창원,8.0,38,1.6,110,,1026.7,1031.0,1.0,0.88,6,0,8.1
2024-01-16 17:00,155,창원,6.7,43,1.7,140,,1027.1,1031.5,0.5,0.41,6,0,5.7
2024-01-16 18:00,155,창원,5.0,49,1.0,230,,1027.7,1032.1,0.0,0.02,6,0,2.8
2024-01-16 19:00,155,창원,4.3,55,0.1,0,,1028.0,1032.4,,,5,5,1.5
2024-01-16 20:00,155,창원,3.9,58,0.4,0,,1028.2,1032.6,,,6,6,0.6
2024-01-16 21:00,155,창원,3.3,61,0.1,0,,1028.1,1032.5,,,0,0,0.1
2024-01-16 22:00,155,창원,2.4,67,0.2,0,,1027.8,1032.2,,,2,0,0.0
2024-01-16 23:00,155,창원,2.1,70,0.5,270,,1027.3,1031.7,,,0,0,-0.2
2024-01-17 00:00,155,창원,2.6,68,0.2,0,,1027.0,1031.4,,,4,4,-0.2
2024-01-17 01:00,155,창원,2.3,71,0.8,340,,1026.9,1031.3,,,8,3,-0.2
2024-01-17 02:00,155,창원,3.0,65,0.8,320,,1026.4,1030.8,,,9,9,-0.1
2024-01-17 03:00,155,창원,2.9,67,0.5,360,,1026.3,1030.7,,,9,9,0.0
2024-01-17 04:00,155,창원,2.4,67,1.1,360,,1025.4,1029.8,,,0,0,0.0
2024-01-17 05:00,155,창원,2.7,65,0.2,0,,1025.1,1029.5,,,9,9,0.1
2024-01-17 06:00,155,창원,2.5,67,0.4,0,,1025.0,1029.4,,,9,9,0.3
2024-01-17 07:00,155,창원,2.0,69,0.8,340,,1024.8,1029.2,,,5,5,0.2
2024-01-17 08:00,155,창원,1.9,70,0.3,0,,1024.7,1029.1,0.0,0.01,6,6,0.2
2024-01-17 09:00,155,창원,3.1,67,0.7,340,,1024.7,1029.1,0.2,0.21,8,8,2.4
2024-01-17 10:00,155,창원,4.3,62,0.5,340,,1025.1,1029.5,0.0,0.35,10,10,4.4
2024-01-17 11:00,155,창원,5.2,59,0.5,250,,1024.6,1029.0,0.0,0.36,10,10,5.2
2024-01-17 12:00,155,창원,5.9,58,0.4,0,,1023.0,1027.4,0.0,0.32,10,10,5.7
2024-01-17 13:00,155,창원,6.4,58,0.2,0,,1021.5,1025.9,0.0,0.27,10,10,6.1
2024-01-17 14:00,155,창원,6.9,57,1.0,360,,1020.5,1024.8,0.0,0.49,10,10,7.2
2024-01-17 15:00,155,창원,8.1,55,0.4,0,0.0,1020.1,1024.4,0.1,0.47,10,10,8.4
2024-01-17 16:00,155,창원,7.9,58,0.6,320,,1020.0,1024.3,0.0,0.22,10,9,7.2
2024-01-17 17:00,155,창원,7.9,58,0.2,0,,1019.6,1023.9,0.0,0.02,10,9,6.3
2024-01-17 18:00,155,창원,7.4,60,0.5,270,,1019.3,1023.6,0.0,0.01,10,5,5.3
2024-01-17 19:00,155,창원,7.3,62,0.3,0,,1019.3,1023.6,,,10,6,5.2
2024-01-17 20:00,155,창원,7.6,60,0.1,0,,1019.1,1023.4,,,7,7,5.2
2024-01-17 21:00,155,창원,7.7,62,0.4,0,0.0,1018.6,1022.9,,,10,6,5.2
2024-01-17 22:00,155,창원,7.1,71,0.3,0,,1018.6,1022.9,,,10,8,5.3
2024-01-17 23:00,155,창원,5.9,85,0.4,0,,1017.8,1022.1,,,10,8,5.3
2024-01-18 00:00,155,창원,5.9,86,0.2,0,0.2,1017.1,1021.4,,,9,7,5.3
2024-01-18 01:00,155,창원,6.4,85,0.1,0,,1016.4,1020.7,,,10,6,5.5
2024-01-18 02:00,155,창원,6.5,86,0.4,0,,1016.0,1020.3,,,10,2,5.4
2024-01-18 03:00,155,창원,6.8,89,0.2,0,0.0,1015.8,1020.1,,,10,6,5.5
2024-01-18 04:00,155,창원,7.4,88,0.1,0,,1015.3,1019.6,,,10,5,5.5
2024-01-18 05:00,155,창원,9.4,87,0.2,0,,1014.8,1019.1,,,10,6,6.0
2024-01-18 06:00,155,창원,10.4,89,0.8,200,0.0,1014.8,1019.1,,,10,2,6.4
2024-01-18 07:00,155,창원,11.5,84,0.8,230,,1014.9,1019.1,,,10,10,6.7
2024-01-18 08:00,155,창원,11.4,85,1.3,230,,1014.8,1019.0,0.0,0.0,10,10,7.0
2024-01-18 09:00,155,창원,13.3,76,1.2,250,0.0,1015.3,1019.5,0.0,0.06,10,2,8.2
2024-01-18 10:00,155,창원,12.9,74,1.0,290,,1015.9,1020.1,0.0,0.18,10,5,9.3
2024-01-18 11:00,155,창원,12.2,80,0.4,0,,1015.9,1020.1,0.0,0.23,10,7,9.9
2024-01-18 12:00,155,창원,11.5,84,0.8,340,0.0,1015.7,1019.9,0.0,0.43,10,10,11.5
2024-01-18 13:00,155,창원,10.4,87,1.9,50,,1015.3,1019.6,0.0,0.24,10,8,10.4
2024-01-18 14:00,155,창원,8.6,87,1.4,20,,1015.3,1019.6,0.0,0.09,10,8,9.3
2024-01-18 15:00,155,창원,8.0,91,1.0,70,4.3,1015.8,1020.1,0.0,0.02,10,8,8.6
2024-01-18 16:00,155,창원,7.8,92,1.0,360,,1016.2,1020.5,0.0,0.01,10,7,8.1
2024-01-18 17:00,155,창원,8.8,91,1.0,320,,1017.0,1021.3,0.0,0.0,10,8,8.0
2024-01-18 18:00,155,창원,8.2,88,1.6,20,6.1,1018.1,1022.4,0.0,0.0,10,8,7.8
2024-01-18 19:00,155,창원,7.6,89,1.7,20,,1019.2,1023.5,,,10,8,7.4
2024-01-18 20:00,155,창원,7.1,88,0.8,360,,1020.0,1024.3,,,10,4,7.0
2024-01-18 21:00,155,창원,6.9,87,1.5,360,2.1,1020.2,1024.5,,,10,8,6.8
2024-01-18 22:00,155,창원,7.0,86,1.6,20,,1020.7,1025.0,,,10,10,6.6
2024-01-18 23:00,155,창원,6.7,87,1.9,360,,1021.1,1025.4,,,10,10,6.5
2024-01-19 00:00,155,창원,6.6,84,1.8,360,0.4,1021.4,1025.7,,,10,10,6.3
2024-01-19 01:00,155,창원,6.5,82,1.6,50,,1021.5,1025.8,,,10,10,6.1
2024-01-19 02:00,155,창원,6.2,80,2.4,50,,1021.9,1026.3,,,10,10,5.9
2024-01-19 03:00,155,창원,6.1,78,2.3,50,0.0,1022.2,1026.6,,,10,9,5.7
2024-01-19 04:00,155,창원,6.0,76,1.4,50,,1022.2,1026.6,,,10,6,5.5
2024-01-19 05:00,155,창원,6.0,72,2.8,20,,1022.3,1026.7,,,10,6,5.4
2024-01-19 06:00,155,창원,5.9,71,1.8,50,,1022.5,1026.9,,,9,9,5.1
2024-01-19 07:00,155,창원,5.8,70,2.3,20,,1023.1,1027.5,,,8,8,5.0
2024-01-19 08:00,155,창원,5.8,70,2.4,20,,1023.6,1028.0,0.0,0.0,9,9,5.0
2024-01-19 09:00,155,창원,6.1,69,2.8,50,,1023.8,1028.2,0.0,0.18,8,4,5.8
2024-01-19 10:00,155,창원,6.3,65,2.8,50,,1024.4,1028.8,0.0,0.41,10,5,6.5
2024-01-19 11:00,155,창원,6.6,63,4.9,50,,1024.1,1028.5,0.0,0.66,8,3,8.0
2024-01-19 12:00,155,창원,7.3,60,3.9,50,,1023.5,1027.8,0.0,0.81,9,4,8.5
2024-01-19 13:00,155,창원,8.0,57,3.8,50,,1022.6,1026.9,0.0,1.06,9,3,9.4
2024-01-19 14:00,155,창원,7.7,57,4.0,50,,1022.3,1026.6,0.0,0.75,9,3,8.9
2024-01-19 15:00,155,창원,7.5,57,4.1,50,,1022.1,1026.4,0.0,0.57,9,4,8.3
2024-01-19 16:00,155,창원,7.6,56,4.5,50,,1022.2,1026.5,0.0,0.51,10,8,8.1
2024-01-19 17:00,155,창원,7.1,58,4.3,50,,1022.3,1026.6,0.0,0.16,10,8,6.7
2024-01-19 18:00,155,창원,6.7,61,3.0,50,,1022.5,1026.8,0.0,0.01,10,8,5.9
2024-01-19 19:00,155,창원,6.4,62,2.3,50,,1022.9,1027.3,,,9,9,5.5
2024-01-19 20:00,155,창원,6.3,64,1.9,50,,1023.1,1027.5,,,10,10,5.4
2024-01-19 21:00,155,창원,6.4,65,1.8,50,,1023.1,1027.5,,,10,8,5.3
2024-01-19 22:00,155,창원,6.4,66,0.9,20,,1023.2,1027.6,,,10,10,5.3
2024-01-19 23:00,155,창원,6.5,68,1.2,360,,1023.0,1027.4,,,8,8,5.3
2024-01-20 00:00,155,창원,6.7,68,1.5,20,,1022.5,1026.8,,,10,9,5.4
2024-01-20 01:00,155,창원,6.8,69,1.5,50,,1022.6,1026.9,,,10,10,5.4
2024-01-20 02:00,155,창원,6.7,70,0.7,230,,1022.4,1026.7,,,10,8,5.4
2024-01-20 03:00,155,창원,7.0,69,1.6,50,,1021.9,1026.2,,,10,9,5.4
2024-01-20 04:00,155,창원,7.0,68,1.2,50,,1021.6,1025.9,,,10,9,5.5
2024-01-20 05:00,155,창원,6.9,69,1.2,20,,1021.2,1025.5,,,10,9,5.4
2024-01-20 06:00,155,창원,6.6,72,0.9,360,0.0,1021.0,1025.3,,,10,9,5.4
2024-01-20 07:00,155,창원,6.5,74,1.5,340,,1020.9,1025.2,,,10,9,5.4
2024-01-20 08:00,155,창원,6.3,75,0.6,290,,1020.8,1025.2,0.0,0.0,10,8,5.4
2024-01-20 09:00,155,창원,7.0,71,1.5,360,0.0,1020.6,1024.9,0.0,0.04,10,8,5.9
2024-01-20 10:00,155,창원,7.4,69,2.0,20,,1020.6,1024.9,0.0,0.09,10,9,6.2
2024-01-20 11:00,155,창원,7.8,70,4.5,50,,1020.2,1024.5,0.0,0.07,10,9,6.3
2024-01-20 12:00,155,창원,7.2,76,2.9,20,0.3,1019.6,1023.9,0.0,0.11,10,9,6.6
2024-01-20 13:00,155,창원,6.6,82,2.2,20,,1018.0,1022.3,0.0,0.13,10,8,6.8
2024-01-20 14:00,155,창원,6.4,83,1.7,50,,1017.2,1021.5,0.0,0.14,10,8,6.8
2024-01-20 15:00,155,창원,6.3,83,1.9,20,3.6,1016.7,1021.0,0.0,0.15,10,9,6.8
2024-01-20 16:00,155,창원,6.1,83,2.0,50,,1016.8,1021.1,0.0,0.07,10,8,6.5
2024-01-20 17:00,155,창원,5.8,83,2.1,20,,1016.6,1020.9,0.0,0.02,10,8,6.1
2024-01-20 18:00,155,창원,5.4,83,2.1,20,2.7,1016.1,1020.4,0.0,0.0,10,7,5.7
2024-01-20 19:00,155,창원,5.0,83,0.7,320,,1016.3,1020.7,,,10,8,5.4
2024-01-20 20:00,155,창원,4.8,83,1.1,360,,1016.5,1020.8,,,10,8,5.2
2024-01-20 21:00,155,창원,4.5,83,1.6,90,4.0,1016.6,1021.0,,,10,8,4.9
2024-01-20 22:00,155,창원,4.3,84,1.1,180,,1016.5,1020.9,,,10,8,4.7
2024-01-20 23:00,155,창원,4.3,84,1.3,180,,1016.3,1020.7,,,10,8,4.6
2024-01-21 00:00,155,창원,4.5,82,1.0,200,2.8,1016.2,1020.6,,,10,8,4.6
2024-01-21 01:00,155,창원,4.9,79,1.6,20,,1016.1,1020.4,,,10,8,4.6
2024-01-21 02:00,155,창원,4.6,80,0.7,50,,1015.8,1020.2,,,8,3,4.2
2024-01-21 03:00,155,창원,4.7,80,1.7,70,0.4,1015.8,1020.1,,,8,2,4.0
2024-01-21 04:00,155,창원,5.0,77,1.5,50,,1015.8,1020.2,,,8,5,4.1
2024-01-21 05:00,155,창원,5.4,75,1.6,50,,1016.2,1020.5,,,10,7,4.3
2024-01-21 06:00,155,창원,5.7,73,1.5,360,,1016.5,1020.8,,,10,4,4.4
2024-01-21 07:00,155,창원,5.3,74,1.4,50,,1017.0,1021.4,,,8,8,4.2
2024-01-21 08:00,155,창원,4.8,78,0.7,290,,1017.9,1022.3,0.0,0.0,8,3,4.2
2024-01-21 09:00,155,창원,5.9,71,1.0,340,,1018.9,1023.3,0.0,0.21,9,9,5.3
2024-01-21 10:00,155,창원,6.7,70,1.0,70,,1019.4,1023.7,0.0,0.54,9,9,7.6
2024-01-21 11:00,155,창원,7.2,69,2.8,50,,1019.8,1024.1,0.3,1.02,9,9,10.3
2024-01-21 12:00,155,창원,7.5,67,2.9,50,,1018.8,1023.1,0.0,1.1,9,9,10.6
2024-01-21 13:00,155,창원,9.3,64,1.5,50,,1018.2,1022.5,0.4,1.59,8,8,12.6
2024-01-21 14:00,155,창원,8.9,62,1.7,50,,1017.6,1021.9,0.6,1.41,8,4,12.9
2024-01-21 15:00,155,창원,9.0,63,1.6,70,,1017.9,1022.2,0.2,0.98,10,7,12.2
2024-01-21 16:00,155,창원,8.5,65,2.0,50,,1018.5,1022.8,0.0,0.28,10,8,10.1
2024-01-21 17:00,155,창원,7.8,68,2.1,50,,1019.0,1023.3,0.0,0.08,10,7,8.6
2024-01-21 18:00,155,창원,7.2,73,0.1,0,0.0,1019.5,1023.8,0.0,0.0,10,6,7.7
2024-01-21 19:00,155,창원,7.0,77,0.9,140,,1019.7,1024.0,,,10,10,7.2
2024-01-21 20:00,155,창원,6.5,81,0.8,90,,1020.1,1024.4,,,10,8,6.9
2024-01-21 21:00,155,창원,5.6,88,0.8,340,0.3,1019.6,1024.0,,,10,8,6.7
2024-01-21 22:00,155,창원,5.5,90,0.4,0,,1019.4,1023.8,,,6,4,6.4
2024-01-21 23:00,155,창원,5.6,91,0.1,0,,1019.4,1023.8,,,10,9,6.3
2024-01-22 00:00,155,창원,5.3,91,0.9,340,0.6,1019.0,1023.4,,,10,8,6.2
2024-01-22 01:00,155,창원,5.0,90,0.7,200,,1018.8,1023.2,,,10,8,6.0
2024-01-22 02:00,155,창원,4.5,85,1.0,270,,1018.7,1023.1,,,10,8,5.8
2024-01-22 03:00,155,창원,4.0,82,0.8,270,0.4,1018.6,1023.0,,,10,7,5.3
2024-01-22 04:00,155,창원,3.6,79,0.7,290,,1017.8,1022.2,,,8,8,4.9
2024-01-22 05:00,155,창원,2.6,78,1.1,250,,1017.9,1022.3,,,9,9,4.3
2024-01-22 06:00,155,창원,1.7,71,1.2,230,0.1,1018.3,1022.7,,,4,2,3.6
2024-01-22 07:00,155,창원,0.7,62,1.3,270,,1018.0,1022.4,,,3,0,1.8
2024-01-22 08:00,155,창원,-0.1,54,2.1,290,,1018.3,1022.7,0.0,0.0,1,0,1.1
2024-01-22 09:00,155,창원,0.4,53,2.3,320,,1019.2,1023.6,1.0,0.34,0,0,1.4
2024-01-22 10:00,155,창원,1.4,51,2.2,250,,1019.4,1023.8,1.0,0.92,0,0,4.3
2024-01-22 11:00,155,창원,1.0,44,2.4,290,,1019.1,1023.5,1.0,1.45,0,0,7.4
2024-01-22 12:00,155,창원,1.0,40,3.6,290,,1018.3,1022.7,1.0,1.86,1,0,6.9
2024-01-22 13:00,155,창원,0.3,38,3.2,290,,1018.2,1022.6,1.0,1.78,3,0,4.3
2024-01-22 14:00,155,창원,1.2,38,1.8,200,,1017.7,1022.1,1.0,1.67,3,0,5.3
2024-01-22 15:00,155,창원,0.2,35,1.7,340,,1017.9,1022.3,1.0,1.74,1,0,7.7
2024-01-22 16:00,155,창원,-0.5,36,2.1,270,,1018.3,1022.8,1.0,1.23,2,0,5.8
2024-01-22 17:00,155,창원,-1.6,35,2.6,270,,1019.0,1023.5,0.6,0.47,6,0,2.1
2024-01-22 18:00,155,창원,-2.8,38,1.3,270,,1019.8,1024.3,0.0,0.03,0,0,1.3
2024-01-22 19:00,155,창원,-3.4,41,1.3,290,,1020.5,1025.0,,,2,0,0.4
2024-01-22 20:00,155,창원,-4.3,42,1.9,290,,1020.5,1025.0,,,0,0,-0.7
2024-01-22 21:00,155,창원,-4.9,44,1.5,250,,1021.2,1025.7,,,0,0,-2.3
2024-01-22 22:00,155,창원,-5.4,45,1.1,250,,1021.4,1025.9,,,0,0,-3.6
2024-01-22 23:00,155,창원,-5.9,44,1.0,290,,1021.2,1025.8,,,3,3,-4.3
2024-01-23 00:00,155,창원,-6.2,42,2.5,270,,1020.5,1025.1,,,0,0,-4.9
2024-01-23 01:00,155,창원,-6.7,44,1.1,250,,1020.6,1025.2,,,0,0,-5.6
2024-01-23 02:00,155,창원,-7.1,45,0.8,270,,1021.0,1025.6,,,0,0,-6.4
2024-01-23 03:00,155,창원,-7.4,46,1.0,270,,1021.0,1025.6,,,0,0,-6.9
2024-01-23 04:00,155,창원,-7.4,44,1.4,290,,1020.6,1025.2,,,0,0,-7.1
2024-01-23 05:00,155,창원,-7.6,46,1.8,270,,1020.3,1024.9,,,4,0,-7.1
2024-01-23 06:00,155,창원,-7.8,46,1.9,250,,1020.6,1025.2,,,0,0,-7.5
2024-01-23 07:00,155,창원,-8.4,46,0.8,270,,1020.4,1025.0,,,0,0,-7.9
2024-01-23 08:00,155,창원,-7.8,42,0.6,250,,1020.6,1025.2,0.3,0.01,0,0,-8.0
2024-01-23 09:00,155,창원,-6.5,41,2.3,290,,1020.8,1025.4,1.0,0.41,0,0,-4.2
2024-01-23 10:00,155,창원,-4.8,38,1.5,290,,1020.7,1025.2,1.0,1.06,0,0,-1.3
2024-01-23 11:00,155,창원,-4.0,34,1.8,250,,1019.9,1024.4,1.0,1.6,0,0,-0.8
2024-01-23 12:00,155,창원,-2.2,31,1.9,270,,1018.5,1023.0,1.0,1.97,0,0,0.2
2024-01-23 13:00,155,창원,-1.8,33,2.4,290,,1017.3,1021.8,1.0,2.1,1,1,-0.5
2024-01-23 14:00,155,창원,-2.0,33,3.3,290,,1015.9,1020.4,1.0,2.11,1,1,0.8
2024-01-23 15:00,155,창원,-2.3,31,2.8,270,,1015.6,1020.1,1.0,1.74,1,1,3.5
2024-01-23 16:00,155,창원,-2.8,32,2.4,250,,1015.7,1020.2,1.0,1.26,1,1,2.5
2024-01-23 17:00,155,창원,-4.0,36,1.8,320,,1016.3,1020.8,0.7,0.52,1,1,0.4
2024-01-23 18:00,155,창원,-5.4,39,1.8,270,,1016.8,1021.3,0.0,0.02,0,0,-0.6
2024-01-23 19:00,155,창원,-5.9,40,2.5,270,,1017.1,1021.6,,,0,0,-1.7
2024-01-23 20:00,155,창원,-6.3,38,1.7,290,,1017.5,1022.0,,,0,0,-3.4
2024-01-23 21:00,155,창원,-6.6,41,2.3,290,,1017.7,1022.3,,,0,0,-4.4
2024-01-23 22:00,155,창원,-6.8,42,1.3,270,,1018.0,1022.6,,,0,0,-5.1
2024-01-23 23:00,155,창원,-6.8,40,0.9,290,,1018.1,1022.7,,,0,0,-6.0
2024-01-24 00:00,155,창원,-6.4,37,3.3,250,,1017.5,1022.1,,,0,0,-6.1
2024-01-24 01:00,155,창원,-6.4,35,1.6,270,,1017.5,1022.1,,,0,0,-6.2
2024-01-24 02:00,155,창원,-6.3,35,3.7,270,,1017.5,1022.0,,,0,0,-6.2
2024-01-24 03:00,155,창원,-6.6,39,2.2,360,,1018.0,1022.6,,,0,0,-6.4
2024-01-24 04:00,155,창원,-6.3,40,2.2,270,,1017.6,1022.1,,,0,0,-6.7
2024-01-24 05:00,155,창원,-7.0,42,1.3,230,,1018.1,1022.7,,,0,0,-6.8
2024-01-24 06:00,155,창원,-7.8,47,0.8,200,,1018.2,1022.8,,,0,0,-7.2
2024-01-24 07:00,155,창원,-8.3,49,0.9,50,,1018.8,1023.4,,,0,0,-7.5
2024-01-24 08:00,155,창원,-8.5,54,0.3,0,,1019.1,1023.7,0.3,0.01,0,0,-7.5
2024-01-24 09:00,155,창원,-5.4,45,1.2,140,,1019.4,1023.9,1.0,0.4,0,0,-4.2
2024-01-24 10:00,155,창원,-3.4,40,2.2,50,,1019.3,1023.8,1.0,1.04,0,0,-1.4
2024-01-24 11:00,155,창원,-2.6,36,2.3,20,,1019.3,1023.8,1.0,1.6,0,0,-0.7
2024-01-24 12:00,155,창원,-0.6,33,2.3,290,,1018.1,1022.6,1.0,1.99,0,0,0.5
2024-01-24 13:00,155,창원,-0.4,32,3.8,20,,1017.6,1022.0,1.0,2.14,0,0,-0.5
2024-01-24 14:00,155,창원,-0.1,31,3.3,50,,1017.0,1021.4,1.0,2.04,0,0,1.1
2024-01-24 15:00,155,창원,-0.1,30,1.9,90,,1017.0,1021.4,1.0,1.75,0,0,2.4
2024-01-24 16:00,155,창원,0.4,31,1.6,70,,1017.0,1021.4,1.0,1.24,0,0,0.9
2024-01-24 17:00,155,창원,0.1,27,1.4,270,,1017.6,1022.0,0.7,0.5,0,0,-0.3
2024-01-24 18:00,155,창원,-1.1,28,1.3,360,,1018.4,1022.9,0.0,0.02,0,0,-0.6
2024-01-24 19:00,155,창원,-1.7,33,1.1,340,,1019.3,1023.8,,,0,0,-1.0
2024-01-24 20:00,155,창원,-2.7,36,1.3,270,,1019.9,1024.4,,,0,0,-2.0
2024-01-24 21:00,155,창원,-3.4,38,1.7,290,,1020.4,1024.9,,,0,0,-2.9
2024-01-24 22:00,155,창원,-4.1,41,0.9,270,,1020.7,1025.2,,,0,0,-3.7
2024-01-24 23:00,155,창원,-4.8,45,1.2,360,,1021.2,1025.7,,,0,0,-4.2
2024-01-25 00:00,155,창원,-5.4,47,1.1,70,,1021.6,1026.1,,,0,0,-4.6
2024-01-25 01:00,155,창원,-5.8,50,1.2,360,,1021.6,1026.2,,,0,0,-5.0
2024-01-25 02:00,155,창원,-6.2,51,1.6,20,,1021.8,1026.4,,,0,0,-5.3
2024-01-25 03:00,155,창원,-6.5,54,1.9,50,,1022.2,1026.8,,,0,0,-5.5
2024-01-25 04:00,155,창원,-6.9,54,2.3,50,,1022.0,1026.6,,,0,0,-5.8
2024-01-25 05:00,155,창원,-7.0,57,3.1,50,,1021.9,1026.5,,,0,0,-6.0
2024-01-25 06:00,155,창원,-7.2,55,2.6,20,,1022.4,1027.0,,,0,0,-6.2
2024-01-25 07:00,155,창원,-7.4,51,1.9,360,,1023.1,1027.7,,,0,0,-6.4
2024-01-25 08:00,155,창원,-7.2,47,1.6,340,,1023.5,1028.1,0.3,0.01,0,0,-6.3
2024-01-25 09:00,155,창원,-5.5,45,1.0,340,,1023.6,1028.2,1.0,0.4,0,0,-3.6
2024-01-25 10:00,155,창원,-4.1,43,2.3,50,,1023.7,1028.2,1.0,1.02,0,0,-1.4
2024-01-25 11:00,155,창원,-2.8,41,2.3,20,,1023.4,1027.9,1.0,1.55,6,0,-0.8
2024-01-25 12:00,155,창원,-1.5,38,3.3,50,,1022.7,1027.2,1.0,1.72,7,0,-0.1
2024-01-25 13:00,155,창원,-0.1,33,2.5,50,,1021.9,1026.4,1.0,1.9,7,0,0.2
2024-01-25 14:00,155,창원,1.1,30,2.6,50,,1021.2,1025.6,1.0,1.86,6,0,1.3
2024-01-25 15:00,155,창원,2.1,28,3.2,50,,1020.9,1025.3,1.0,1.82,3,0,3.0
2024-01-25 16:00,155,창원,2.6,28,3.0,50,,1020.7,1025.1,1.0,1.38,4,0,3.6
2024-01-25 17:00,155,창원,2.0,29,1.1,360,,1021.2,1025.6,0.7,0.51,0,0,0.6
2024-01-25 18:00,155,창원,0.6,32,1.1,270,,1021.6,1026.1,0.0,0.03,0,0,-0.1
2024-01-25 19:00,155,창원,0.0,31,0.8,270,,1022.2,1026.7,,,0,0,-0.6
2024-01-25 20:00,155,창원,-1.1,43,0.9,20,,1022.2,1026.7,,,0,0,-0.9
2024-01-25 21:00,155,창원,-0.7,35,1.0,270,,1022.5,1027.0,,,0,0,-1.4
2024-01-25 22:00,155,창원,-1.0,35,0.9,270,,1022.8,1027.3,,,0,0,-2.1
2024-01-25 23:00,155,창원,-1.7,41,1.0,360,,1023.1,1027.6,,,0,0,-2.6
2024-01-26 00:00,155,창원,-1.6,43,1.5,340,,1023.3,1027.8,,,0,0,-3.0
2024-01-26 01:00,155,창원,-2.1,46,1.2,340,,1023.1,1027.6,,,0,0,-3.2
2024-01-26 02:00,155,창원,-2.3,45,1.5,250,,1023.4,1027.9,,,0,0,-3.4
2024-01-26 03:00,155,창원,-2.2,47,2.3,340,,1023.1,1027.6,,,0,0,-3.6
2024-01-26 04:00,155,창원,-2.4,45,1.7,290,,1022.8,1027.3,,,0,0,-3.4
2024-01-26 05:00,155,창원,-2.9,45,0.9,290,,1022.8,1027.3,,,0,0,-4.0
2024-01-26 06:00,155,창원,-3.2,45,0.8,270,,1023.4,1027.9,,,0,0,-4.2
2024-01-26 07:00,155,창원,-3.2,45,1.0,230,,1023.6,1028.1,,,0,0,-4.5
2024-01-26 08:00,155,창원,-2.1,42,2.7,340,,1023.8,1028.3,0.3,0.01,0,0,-3.8
2024-01-26 09:00,155,창원,-0.1,35,1.7,180,,1023.8,1028.3,1.0,0.42,0,0,-2.1
2024-01-26 10:00,155,창원,1.3,36,2.5,20,,1024.2,1028.6,1.0,1.04,0,0,-0.9
2024-01-26 11:00,155,창원,2.5,37,1.9,20,,1024.1,1028.5,1.0,1.58,0,0,-0.3
2024-01-26 12:00,155,창원,3.4,35,3.4,50,,1023.7,1028.1,1.0,1.95,0,0,0.1
2024-01-26 13:00,155,창원,4.3,33,3.0,50,,1022.4,1026.8,1.0,2.1,0,0,-0.1
2024-01-26 14:00,155,창원,5.3,32,3.1,50,,1021.7,1026.1,1.0,2.03,0,0,
2024-01-26 15:00,155,창원,6.2,31,2.1,50,,1021.8,1026.2,1.0,1.71,0,0,
2024-01-26 16:00,155,창원,6.3,32,1.9,20,,1021.8,1026.2,1.0,1.22,0,0,
2024-01-26 17:00,155,창원,5.2,38,0.9,250,,1021.7,1026.1,0.7,0.5,0,0,
2024-01-26 18:00,155,창원,3.2,47,0.8,250,,1022.1,1026.5,0.0,0.03,0,0,-0.9
2024-01-26 19:00,155,창원,2.3,54,0.2,0,,1022.7,1027.1,,,0,0,-1.3
2024-01-26 20:00,155,창원,1.5,58,0.0,0,,1022.7,1027.1,,,0,0,-1.9
2024-01-26 21:00,155,창원,1.8,55,0.9,360,,1022.5,1026.9,,,0,0,-2.1
2024-01-26 22:00,155,창원,2.0,51,1.6,320,,1022.8,1027.2,,,0,0,-1.9
2024-01-26 23:00,155,창원,1.1,54,1.1,270,,1023.0,1027.4,,,0,0,-2.3
2024-01-27 00:00,155,창원,0.9,55,0.4,0,,1023.0,1027.5,,,0,0,-2.7
2024-01-27 01:00,155,창원,0.6,59,1.0,340,,1022.7,1027.2,,,0,0,-2.6
2024-01-27 02:00,155,창원,-0.3,61,1.3,230,,1022.7,1027.2,,,0,0,-2.9
2024-01-27 03:00,155,창원,-0.4,61,1.3,200,,1022.6,1027.1,,,0,0,-3.1
2024-01-27 04:00,155,창원,-0.1,60,1.9,360,,1022.3,1026.8,,,0,0,-3.0
2024-01-27 05:00,155,창원,-0.3,62,2.3,340,,1022.4,1026.9,,,0,0,-3.0
2024-01-27 06:00,155,창원,-0.9,63,1.1,250,,1022.5,1027.0,,,0,0,-3.8
2024-01-27 07:00,155,창원,-0.6,61,1.5,270,,1022.8,1027.3,,,0,0,-3.6
2024-01-27 08:00,155,창원,0.0,61,2.8,340,,1022.9,1027.4,0.2,0.01,0,0,-2.8
2024-01-27 09:00,155,창원,1.1,57,1.9,320,,1022.9,1027.3,1.0,0.41,0,0,-0.8
2024-01-27 10:00,155,창원,2.9,51,2.2,50,,1022.9,1027.3,1.0,1.03,0,0,3.2
2024-01-27 11:00,155,창원,3.4,49,4.3,20,,1023.0,1027.4,1.0,1.58,0,0,7.1
2024-01-27 12:00,155,창원,5.2,42,2.4,50,,1022.2,1026.6,1.0,1.95,0,0,7.0
2024-01-27 13:00,155,창원,6.3,31,3.8,50,,1020.7,1025.1,1.0,2.11,0,0,5.3
2024-01-27 14:00,155,창원,7.0,27,4.3,20,,1020.0,1024.3,1.0,2.06,2,0,11.3
2024-01-27 15:00,155,창원,8.6,26,1.6,110,,1019.6,1023.9,1.0,1.72,1,0,13.2
2024-01-27 16:00,155,창원,8.7,27,1.1,200,,1019.3,1023.6,1.0,1.2,1,0,11.0
2024-01-27 17:00,155,창원,6.4,39,1.2,250,,1019.3,1023.6,0.6,0.45,0,0,3.2
2024-01-27 18:00,155,창원,5.0,43,0.5,320,,1019.4,1023.8,0.0,0.04,0,0,0.0
2024-01-27 19:00,155,창원,4.2,50,0.2,0,,1019.7,1024.1,,,0,0,-0.9
2024-01-27 20:00,155,창원,2.7,57,0.5,270,,1019.6,1024.0,,,0,0,-1.3
2024-01-27 21:00,155,창원,1.9,58,1.2,270,,1020.0,1024.4,,,0,0,-1.7
2024-01-27 22:00,155,창원,2.5,53,0.4,0,,1020.4,1024.8,,,10,3,-1.2
2024-01-27 23:00,155,창원,3.2,38,1.4,320,,1020.3,1024.7,,,9,9,-1.0
2024-01-28 00:00,155,창원,2.4,38,1.0,250,,1020.7,1025.1,,,8,8,-1.7
2024-01-28 01:00,155,창원,2.2,38,0.8,340,,1020.3,1024.7,,,4,4,-2.0
2024-01-28 02:00,155,창원,1.1,42,0.6,230,,1020.1,1024.5,,,4,4,-2.5
2024-01-28 03:00,155,창원,1.5,41,1.1,340,,1020.2,1024.6,,,7,7,-2.3
2024-01-28 04:00,155,창원,1.4,44,1.9,20,,1019.9,1024.3,,,8,8,-1.6
2024-01-28 05:00,155,창원,1.1,48,1.9,200,,1020.1,1024.5,,,3,3,-2.3
2024-01-28 06:00,155,창원,0.6,55,2.1,340,,1020.3,1024.7,,,0,0,-2.4
2024-01-28 07:00,155,창원,0.1,56,1.8,340,,1020.9,1025.4,,,1,1,-2.8
2024-01-28 08:00,155,창원,0.3,57,3.5,50,,1021.7,1026.2,0.1,0.01,0,0,-2.4
2024-01-28 09:00,155,창원,1.2,56,3.1,50,,1022.7,1027.1,1.0,0.4,0,0,-0.7
2024-01-28 10:00,155,창원,1.9,53,3.1,50,,1022.8,1027.2,1.0,1.03,0,0,2.9
2024-01-28 11:00,155,창원,3.3,49,3.2,50,,1022.8,1027.2,1.0,1.55,0,0,8.0
2024-01-28 12:00,155,창원,4.5,42,3.1,50,,1022.6,1027.0,1.0,1.94,0,0,6.4
2024-01-28 13:00,155,창원,5.5,36,1.3,200,,1022.2,1026.6,1.0,2.08,0,0,5.9
2024-01-28 14:00,155,창원,5.9,36,1.8,70,,1021.7,1026.1,1.0,2.04,0,0,12.7
2024-01-28 15:00,155,창원,6.1,32,3.0,50,,1021.5,1025.9,1.0,1.73,0,0,12.0
2024-01-28 16:00,155,창원,6.5,29,1.2,360,,1022.2,1026.6,1.0,1.24,0,0,10.1
2024-01-28 17:00,155,창원,5.7,32,1.1,90,,1022.4,1026.8,0.6,0.54,0,0,2.5
2024-01-28 18:00,155,창원,4.1,37,0.9,270,,1023.3,1027.7,0.0,0.04,0,0,-0.6
2024-01-28 19:00,155,창원,3.7,36,0.8,270,,1024.0,1028.4,,,0,0,-1.1
2024-01-28 20:00,155,창원,2.1,46,0.2,0,,1024.5,1028.9,,,0,0,-1.7
2024-01-28 21:00,155,창원,2.2,44,0.9,180,,1024.5,1028.9,,,0,0,-1.9
2024-01-28 22:00,155,창원,1.4,46,0.6,250,,1024.9,1029.4,,,0,0,-2.3
2024-01-28 23:00,155,창원,0.7,51,0.5,200,,1025.4,1029.9,,,0,0,-2.7
2024-01-29 00:00,155,창원,0.2,56,0.4,0,,1025.4,1029.9,,,0,0,-3.0
2024-01-29 01:00,155,창원,-0.2,56,0.9,340,,1025.1,1029.6,,,0,0,-3.3
2024-01-29 02:00,155,창원,0.4,55,1.9,360,,1025.0,1029.5,,,0,0,-3.3
2024-01-29 03:00,155,창원,-0.2,60,1.4,20,,1025.0,1029.5,,,0,0,-3.6
2024-01-29 04:00,155,창원,-0.4,60,1.9,20,,1025.0,1029.5,,,0,0,-3.7
2024-01-29 05:00,155,창원,-0.6,61,2.2,20,,1025.2,1029.7,,,0,0,-3.8
2024-01-29 06:00,155,창원,-0.9,63,1.9,360,,1025.2,1029.7,,,0,0,-4.0
2024-01-29 07:00,155,창원,-0.9,63,1.6,360,,1025.7,1030.2,,,0,0,-4.1
2024-01-29 08:00,155,창원,-1.0,64,2.1,20,,1026.0,1030.5,0.2,0.02,0,0,-3.5
2024-01-29 09:00,155,창원,-0.3,63,3.2,20,,1026.2,1030.7,1.0,0.4,0,0,-1.0
2024-01-29 10:00,155,창원,0.6,59,3.2,20,,1026.1,1030.6,1.0,1.02,0,0,2.6
2024-01-29 11:00,155,창원,2.0,54,2.6,50,,1026.0,1030.4,1.0,1.58,0,0,8.4
2024-01-29 12:00,155,창원,3.9,50,2.9,20,,1025.6,1030.0,1.0,1.95,0,0,7.1
2024-01-29 13:00,155,창원,4.8,46,2.9,20,,1024.6,1029.0,1.0,2.11,0,0,5.4
2024-01-29 14:00,155,창원,5.8,42,2.5,50,,1024.0,1028.4,1.0,2.03,0,0,13.9
2024-01-29 15:00,155,창원,6.3,40,2.5,50,,1023.7,1028.1,1.0,1.71,0,0,13.7
2024-01-29 16:00,155,창원,6.8,38,1.7,70,,1023.7,1028.1,1.0,1.21,0,0,10.6
2024-01-29 17:00,155,창원,6.1,37,1.2,50,,1023.9,1028.3,0.6,0.54,0,0,2.9
2024-01-29 18:00,155,창원,5.0,33,0.8,270,,1024.1,1028.5,0.0,0.03,0,0,-0.3
2024-01-29 19:00,155,창원,4.0,35,0.4,0,,1024.6,1029.0,,,0,0,-1.1
2024-01-29 20:00,155,창원,3.3,35,1.0,290,,1024.8,1029.2,,,0,0,-1.6
2024-01-29 21:00,155,창원,2.4,39,0.8,270,,1025.3,1029.7,,,0,0,-2.2
2024-01-29 22:00,155,창원,1.4,44,0.9,270,,1025.5,1030.0,,,0,0,-2.6
2024-01-29 23:00,155,창원,0.9,48,0.4,0,,1025.9,1030.4,,,0,0,-3.1
2024-01-30 00:00,155,창원,-0.2,51,0.4,0,,1025.9,1030.4,,,0,0,-3.5
2024-01-30 01:00,155,창원,0.1,49,0.4,0,,1026.0,1030.5,,,0,0,-3.7
2024-01-30 02:00,155,창원,0.3,51,0.5,290,,1025.9,1030.4,,,0,0,-4.2
2024-01-30 03:00,155,창원,0.0,51,1.0,50,,1026.0,1030.5,,,0,0,-4.0
2024-01-30 04:00,155,창원,-0.5,53,0.5,50,,1025.6,1030.1,,,0,0,-4.6
2024-01-30 05:00,155,창원,-0.6,54,1.3,20,,1025.3,1029.8,,,0,0,-4.4
2024-01-30 06:00,155,창원,-0.9,57,0.7,20,,1025.8,1030.3,,,4,0,-4.8
2024-01-30 07:00,155,창원,-1.8,58,0.9,340,,1026.4,1030.9,,,2,0,-5.2
2024-01-30 08:00,155,창원,-1.3,56,1.5,340,,1026.6,1031.1,0.0,0.0,1,0,-4.5
2024-01-30 09:00,155,창원,-0.1,55,0.9,360,,1027.0,1031.5,0.8,0.29,3,0,-1.2
2024-01-30 10:00,155,창원,1.1,50,2.7,50,,1026.7,1031.2,1.0,0.76,2,0,1.8
2024-01-30 11:00,155,창원,3.6,44,2.0,50,,1026.2,1030.6,1.0,1.48,1,0,8.7
2024-01-30 12:00,155,창원,5.9,40,1.4,50,,1025.5,1029.9,1.0,1.82,0,0,8.9
2024-01-30 13:00,155,창원,8.5,42,1.1,50,,1024.0,1028.3,1.0,2.06,0,0,7.8
2024-01-30 14:00,155,창원,9.8,47,2.3,110,,1023.3,1027.6,1.0,2.0,0,0,15.7
2024-01-30 15:00,155,창원,9.9,45,2.0,140,,1023.1,1027.4,1.0,1.54,4,0,15.7
2024-01-30 16:00,155,창원,9.1,47,2.3,140,,1023.1,1027.4,0.8,1.11,7,7,11.1
2024-01-30 17:00,155,창원,8.4,52,1.6,230,,1023.2,1027.5,0.2,0.3,9,9,6.8
2024-01-30 18:00,155,창원,7.6,56,0.1,0,,1023.0,1027.3,0.0,0.02,9,9,4.7
2024-01-30 19:00,155,창원,7.0,59,0.4,0,,1023.2,1027.5,,,10,9,4.1
2024-01-30 20:00,155,창원,6.9,62,0.1,0,,1023.1,1027.4,,,9,9,3.6
2024-01-30 21:00,155,창원,6.7,64,0.1,0,,1022.9,1027.3,,,10,10,3.5
2024-01-30 22:00,155,창원,6.7,65,0.0,0,,1022.6,1027.0,,,10,10,3.4
2024-01-30 23:00,155,창원,6.3,69,0.7,50,,1021.9,1026.3,,,9,9,3.7
2024-01-31 00:00,155,창원,6.8,67,0.1,0,0.0,1021.5,1025.8,,,10,10,3.7
2024-01-31 01:00,155,창원,5.9,74,0.0,0,,1021.4,1025.8,,,10,10,3.8
2024-01-31 02:00,155,창원,5.5,79,0.6,270,,1021.7,1026.1,,,10,6,4.0
2024-01-31 03:00,155,창원,5.3,82,0.9,320,0.0,1021.1,1025.5,,,10,7,4.1
2024-01-31 04:00,155,창원,5.1,80,1.2,20,,1020.6,1025.0,,,10,6,4.0
2024-01-31 05:00,155,창원,4.8,83,0.9,360,,1020.3,1024.7,,,10,8,4.0
2024-01-31 06:00,155,창원,4.6,79,0.9,50,0.8,1020.0,1024.4,,,10,6,3.8
2024-01-31 07:00,155,창원,4.7,80,1.5,20,,1020.3,1024.7,,,10,8,3.9
2024-01-31 08:00,155,창원,5.0,78,0.9,50,,1020.5,1024.9,0.0,0.0,10,9,4.4
2024-01-31 09:00,155,창원,4.9,77,1.9,20,0.0,1020.8,1025.2,0.0,0.04,10,9,4.6
2024-01-31 10:00,155,창원,5.7,72,2.7,50,,1020.1,1024.5,0.0,0.39,10,1,7.4
2024-01-31 11:00,155,창원,7.1,65,1.0,20,,1020.2,1024.5,0.0,0.69,9,2,11.8
2024-01-31 12:00,155,창원,8.4,65,1.4,360,,1019.4,1023.7,0.4,1.39,9,9,15.8
2024-01-31 13:00,155,창원,11.2,58,1.0,340,,1018.0,1022.3,1.0,2.11,2,2,12.6
2024-01-31 14:00,155,창원,12.9,52,1.3,90,,1017.3,1021.5,1.0,1.83,6,6,18.8
2024-01-31 15:00,155,창원,13.0,52,1.5,110,,1016.1,1020.3,1.0,1.66,0,0,18.9
2024-01-31 16:00,155,창원,11.4,58,1.5,140,,1016.1,1020.3,0.9,1.06,6,0,11.7
2024-01-31 17:00,155,창원,10.0,66,1.0,160,,1016.6,1020.9,0.6,0.53,0,0,8.5
2024-01-31 18:00,155,창원,8.8,70,0.2,0,,1016.8,1021.1,0.0,0.04,0,0,5.4
2024-01-31 19:00,155,창원,8.8,70,1.0,250,,1017.3,1021.6,,,7,4,5.5
2024-01-31 20:00,155,창원,8.0,75,0.3,0,,1017.2,1021.5,,,9,8,5.9
2024-01-31 21:00,155,창원,7.8,77,0.2,0,,1017.6,1021.9,,,8,8,5.6
2024-01-31 22:00,155,창원,7.8,75,0.4,0,,1017.4,1021.7,,,8,5,5.2
2024-01-31 23:00,155,창원,7.6,77,0.0,0,,1017.3,1021.6,,,10,4,5.5
2024-01-01 00:00,156,광주,4.8,81,0.4,0,,1017.7,1026.5,,,10,10,4.2
2024-01-01 01:00,156,광주,4.6,84,0.3,0,,1018.0,1026.8,,,10,10,4.2
2024-01-01 02:00,156,광주,4.7,84,0.3,0,,1018.2,1027.0,,,10,10,4.2
2024-01-01 03:00,156,광주,3.7,89,0.1,0,,1018.5,1027.3,,,5,5,2.3
2024-01-01 04:00,156,광주,3.1,96,0.6,90,,1018.6,1027.4,,,2,2,1.4
2024-01-01 05:00,156,광주,2.5,98,0.7,140,,1018.8,1027.7,,,0,0,1.3
2024-01-01 06:00,156,광주,2.0,99,0.5,70,,1019.2,1028.1,,,0,0,1.2
2024-01-01 07:00,156,광주,1.5,99,0.1,0,,1019.7,1028.6,,,0,0,1.1
2024-01-01 08:00,156,광주,1.4,99,0.8,50,,1020.2,1029.1,0.0,0.07,0,0,0.9
2024-01-01 09:00,156,광주,2.5,99,0.1,0,,1020.4,1029.3,0.7,0.38,0,0,1.1
2024-01-01 10:00,156,광주,4.0,94,0.2,0,,1020.9,1029.7,1.0,0.96,0,0,3.5
2024-01-01 11:00,156,광주,6.2,87,0.7,250,,1021.0,1029.8,1.0,1.48,1,1,11.8
2024-01-01 12:00,156,광주,6.5,79,1.2,250,,1020.5,1029.2,0.6,1.45,9,9,12.3
2024-01-01 13:00,156,광주,7.1,73,1.4,250,,1019.6,1028.3,0.0,0.84,9,9,11.2
2024-01-01 14:00,156,광주,8.1,65,1.1,90,,1018.3,1027.0,0.5,1.41,8,8,13.9
2024-01-01 15:00,156,광주,8.8,63,1.6,270,,1018.1,1026.7,0.5,1.19,7,7,13.1
2024-01-01 16:00,156,광주,8.6,66,1.2,270,,1017.7,1026.3,0.0,0.48,9,9,10.1
2024-01-01 17:00,156,광주,8.0,69,1.4,230,,1017.4,1026.1,0.0,0.27,8,8,8.3
2024-01-01 18:00,156,광주,7.5,71,0.9,250,,1017.6,1026.3,0.0,0.09,8,8,6.5
2024-01-01 19:00,156,광주,7.4,73,0.6,200,,1017.5,1026.2,,,0,0,6.3
2024-01-01 20:00,156,광주,7.0,76,0.9,230,,1017.6,1026.3,,,0,0,6.0
2024-01-01 21:00,156,광주,6.7,75,1.5,270,,1017.8,1026.5,,,9,9,5.7
2024-01-01 22:00,156,광주,6.4,73,0.4,0,,1018.0,1026.7,,,0,0,5.5
2024-01-01 23:00,156,광주,5.8,75,0.5,230,,1017.7,1026.5,,,0,0,4.9
2024-01-02 00:00,156,광주,5.9,77,0.3,0,,1017.5,1026.2,,,9,9,5.0
2024-01-02 01:00,156,광주,5.7,76,0.6,250,,1017.0,1025.8,,,10,9,4.7
2024-01-02 02:00,156,광주,5.3,76,0.5,270,,1016.7,1025.5,,,8,8,3.8
2024-01-02 03:00,156,광주,5.2,78,0.0,0,,1016.5,1025.3,,,9,9,4.3
2024-01-02 04:00,156,광주,5.0,81,0.4,0,,1016.3,1025.1,,,8,8,3.6
2024-01-02 05:00,156,광주,3.8,93,0.3,0,,1015.9,1024.7,,,5,5,1.7
2024-01-02 06:00,156,광주,4.3,93,0.3,0,,1015.6,1024.4,,,9,9,3.3
2024-01-02 07:00,156,광주,4.7,92,0.3,0,,1015.6,1024.4,,,9,9,3.8
2024-01-02 08:00,156,광주,4.4,95,0.7,320,,1015.3,1024.1,0.0,0.07,9,9,3.9
2024-01-02 09:00,156,광주,4.8,95,0.4,0,,1015.7,1024.5,0.0,0.14,9,9,4.8
2024-01-02 10:00,156,광주,5.1,90,0.5,200,,1015.8,1024.6,0.0,0.29,9,9,6.4
2024-01-02 11:00,156,광주,6.0,81,0.5,200,,1015.4,1024.1,0.0,0.57,9,9,8.4
2024-01-02 12:00,156,광주,6.8,77,0.7,290,,1014.5,1023.2,0.1,0.96,9,9,11.3
2024-01-02 13:00,156,광주,7.2,76,0.8,320,,1013.8,1022.5,0.0,0.82,9,9,11.1
2024-01-02 14:00,156,광주,7.7,73,0.6,270,,1012.9,1021.5,0.0,0.85,8,8,12.5
2024-01-02 15:00,156,광주,8.0,65,1.4,290,,1012.8,1021.4,0.2,0.73,8,8,11.0
2024-01-02 16:00,156,광주,7.8,64,1.1,360,,1012.7,1021.3,0.0,0.49,8,8,9.3
2024-01-02 17:00,156,광주,7.3,65,1.1,360,,1012.8,1021.4,0.0,0.19,9,9,7.5
2024-01-02 18:00,156,광주,6.8,69,0.9,50,,1012.8,1021.5,0.0,0.08,9,9,5.8
2024-01-02 19:00,156,광주,6.1,68,0.6,50,,1012.7,1021.4,,,9,1,4.5
2024-01-02 20:00,156,광주,6.0,74,0.6,340,,1012.6,1021.3,,,8,7,4.1
2024-01-02 21:00,156,광주,5.2,82,0.5,290,,1012.6,1021.3,,,10,10,3.9
2024-01-02 22:00,156,광주,5.3,86,0.4,0,,1012.1,1020.8,,,10,8,4.2
2024-01-02 23:00,156,광주,5.1,87,0.3,0,,1012.2,1020.9,,,10,9,4.4
2024-01-03 00:00,156,광주,5.0,88,1.1,50,,1011.7,1020.4,,,10,9,4.5
2024-01-03 01:00,156,광주,5.0,88,0.8,320,,1012.0,1020.7,,,10,2,4.4
2024-01-03 02:00,156,광주,3.8,97,2.0,50,,1011.9,1020.7,,,10,8,4.4
2024-01-03 03:00,156,광주,3.0,99,0.7,180,1.6,1012.0,1020.8,,,10,9,4.3
2024-01-03 04:00,156,광주,2.4,99,0.7,230,,1011.6,1020.4,,,10,9,4.0
2024-01-03 05:00,156,광주,2.3,99,0.2,0,,1011.0,1019.8,,,10,9,4.0
2024-01-03 06:00,156,광주,2.1,99,0.4,0,2.9,1010.6,1019.4,,,10,8,3.9
2024-01-03 07:00,156,광주,2.3,99,0.2,0,,1010.8,1019.6,,,10,9,3.9
2024-01-03 08:00,156,광주,2.7,99,0.4,0,,1011.0,1019.8,0.0,0.06,10,7,4.1
2024-01-03 09:00,156,광주,2.8,99,0.5,50,0.3,1011.6,1020.4,0.0,0.14,9,9,4.7
2024-01-03 10:00,156,광주,3.3,99,0.4,0,,1011.8,1020.6,0.0,0.3,10,7,6.2
2024-01-03 11:00,156,광주,3.9,99,0.8,340,,1011.7,1020.5,0.0,0.55,9,9,8.2
2024-01-03 12:00,156,광주,5.1,98,0.7,290,,1011.3,1020.0,0.3,1.23,8,8,12.4
2024-01-03 13:00,156,광주,6.4,79,1.3,290,,1010.5,1019.2,0.9,1.66,9,9,15.4
2024-01-03 14:00,156,광주,6.3,70,1.7,20,,1010.2,1018.9,0.5,1.02,8,8,11.8
2024-01-03 15:00,156,광주,6.4,66,2.5,320,,1010.6,1019.3,0.4,1.08,9,9,9.8
2024-01-03 16:00,156,광주,6.7,61,1.2,290,,1011.0,1019.7,0.3,0.62,8,8,8.6
2024-01-03 17:00,156,광주,5.8,61,1.8,340,,1011.8,1020.5,0.2,0.33,6,6,5.9
2024-01-03 18:00,156,광주,5.1,65,1.4,320,0.0,1012.2,1020.9,0.0,0.08,2,2,3.4
2024-01-03 19:00,156,광주,4.6,67,1.3,320,,1012.8,1021.5,,,1,1,2.2
2024-01-03 20:00,156,광주,4.4,75,0.9,340,,1013.1,1021.8,,,4,4,2.0
2024-01-03 21:00,156,광주,4.2,77,1.7,20,,1013.6,1022.4,,,2,2,1.4
2024-01-03 22:00,156,광주,3.6,81,0.7,20,,1014.1,1022.9,,,0,0,1.0
2024-01-03 23:00,156,광주,3.7,78,1.8,50,,1014.3,1023.1,,,4,4,1.4
2024-01-04 00:00,156,광주,3.5,73,1.1,50,,1014.2,1023.0,,,4,4,2.2
2024-01-04 01:00,156,광주,3.1,75,1.4,50,,1014.4,1023.2,,,8,8,1.0
2024-01-04 02:00,156,광주,2.3,77,1.7,50,,1014.5,1023.3,,,0,0,1.0
2024-01-04 03:00,156,광주,1.6,80,1.4,70,,1014.4,1023.3,,,0,0,1.0
2024-01-04 04:00,156,광주,0.7,86,1.1,50,,1014.5,1023.4,,,0,0,0.7
2024-01-04 05:00,156,광주,1.3,86,0.3,0,,1014.7,1023.6,,,3,3,0.1
2024-01-04 06:00,156,광주,0.3,94,0.7,90,,1014.9,1023.8,,,0,0,-0.9
2024-01-04 07:00,156,광주,0.0,93,1.0,50,,1015.1,1024.0,,,0,0,-1.4
2024-01-04 08:00,156,광주,-0.3,94,0.8,50,,1015.6,1024.5,0.0,0.07,0,0,-1.7
2024-01-04 09:00,156,광주,1.4,90,0.6,270,,1016.0,1024.9,0.8,0.4,0,0,-0.2
2024-01-04 10:00,156,광주,2.4,82,1.7,270,,1016.8,1025.7,1.0,1.01,0,0,0.2
2024-01-04 11:00,156,광주,3.7,71,1.0,270,,1016.6,1025.4,1.0,1.54,0,0,8.9
2024-01-04 12:00,156,광주,6.0,65,0.9,230,,1015.9,1024.6,1.0,1.91,0,0,14.1
2024-01-04 13:00,156,광주,6.5,60,1.8,270,,1015.5,1024.2,1.0,2.05,0,0,16.1
2024-01-04 14:00,156,광주,7.5,57,0.7,70,,1014.6,1023.3,1.0,1.95,0,0,16.3
2024-01-04 15:00,156,광주,7.5,56,1.0,250,,1014.1,1022.8,1.0,1.6,0,0,14.8
2024-01-04 16:00,156,광주,8.0,57,0.8,230,,1013.9,1022.5,1.0,0.96,0,0,11.3
2024-01-04 17:00,156,광주,7.0,59,2.0,270,,1014.2,1022.9,1.0,0.51,0,0,6.9
2024-01-04 18:00,156,광주,5.8,66,0.6,270,,1014.3,1023.0,0.0,0.09,0,0,4.0
2024-01-04 19:00,156,광주,5.4,72,0.6,250,,1014.3,1023.0,,,0,0,2.4
2024-01-04 20:00,156,광주,3.9,81,0.8,140,,1014.3,1023.1,,,0,0,1.3
2024-01-04 21:00,156,광주,3.7,86,0.6,140,,1014.3,1023.1,,,0,0,1.4
2024-01-04 22:00,156,광주,3.6,86,0.4,0,,1014.2,1023.0,,,0,0,1.3
2024-01-04 23:00,156,광주,2.8,94,0.5,50,,1014.0,1022.8,,,0,0,1.2
2024-01-05 00:00,156,광주,2.3,96,0.3,0,,1013.9,1022.7,,,0,0,1.1
2024-01-05 01:00,156,광주,2.0,97,0.2,0,,1013.6,1022.4,,,0,0,0.9
2024-01-05 02:00,156,광주,1.5,98,0.0,0,,1013.8,1022.7,,,0,0,0.4
2024-01-05 03:00,156,광주,1.8,99,0.1,0,,1014.0,1022.9,,,0,0,0.4
2024-01-05 04:00,156,광주,1.8,98,0.6,50,,1014.0,1022.9,,,8,8,0.4
2024-01-05 05:00,156,광주,1.8,98,0.1,0,,1014.0,1022.9,,,8,8,0.4
2024-01-05 06:00,156,광주,2.1,98,0.3,0,,1013.9,1022.7,,,7,7,0.7
2024-01-05 07:00,156,광주,2.3,98,0.3,0,,1014.1,1022.9,,,9,9,1.0
2024-01-05 08:00,156,광주,2.0,98,0.0,0,,1014.2,1023.0,0.0,0.07,3,3,1.0
2024-01-05 09:00,156,광주,3.7,97,0.6,290,,1014.6,1023.4,0.3,0.39,9,9,1.3
2024-01-05 10:00,156,광주,5.8,87,0.7,200,,1015.0,1023.7,0.9,0.97,9,9,7.2
2024-01-05 11:00,156,광주,7.8,80,0.4,0,,1014.9,1023.5,0.4,0.96,9,9,11.6
2024-01-05 12:00,156,광주,9.7,71,0.4,0,,1014.0,1022.6,0.9,1.73,2,2,15.6
2024-01-05 13:00,156,광주,10.9,67,1.4,200,,1013.2,1021.7,0.6,1.25,7,7,14.5
2024-01-05 14:00,156,광주,11.7,59,2.0,270,,1012.2,1020.7,0.8,1.51,7,7,15.3
2024-01-05 15:00,156,광주,11.7,57,2.8,270,,1011.8,1020.3,0.5,1.12,9,9,13.5
2024-01-05 16:00,156,광주,11.4,58,2.1,270,,1011.6,1020.1,0.4,0.75,7,7,11.6
2024-01-05 17:00,156,광주,10.7,60,2.5,270,,1011.7,1020.2,0.2,0.33,9,9,9.2
2024-01-05 18:00,156,광주,10.3,63,0.5,290,,1012.1,1020.7,0.0,0.1,9,9,7.9
2024-01-05 19:00,156,광주,9.4,68,1.1,290,,1012.2,1020.8,,,0,0,6.1
2024-01-05 20:00,156,광주,8.6,73,0.4,0,,1012.4,1021.0,,,0,0,4.6
2024-01-05 21:00,156,광주,8.7,74,0.3,0,,1012.7,1021.3,,,9,9,5.3
2024-01-05 22:00,156,광주,8.3,81,0.2,0,,1012.9,1021.5,,,0,0,5.9
2024-01-05 23:00,156,광주,7.9,87,0.2,0,,1012.9,1021.5,,,7,7,5.9
2024-01-06 00:00,156,광주,7.3,90,0.7,20,,1013.0,1021.7,,,7,7,5.0
2024-01-06 01:00,156,광주,6.4,92,0.4,0,,1012.9,1021.6,,,0,0,3.1
2024-01-06 02:00,156,광주,5.6,97,0.7,290,,1012.9,1021.6,,,6,6,2.1
2024-01-06 03:00,156,광주,4.9,97,1.0,340,,1013.2,1022.0,,,0,0,1.6
2024-01-06 04:00,156,광주,4.1,97,0.6,340,,1013.0,1021.8,,,0,0,1.2
2024-01-06 05:00,156,광주,3.1,95,0.9,50,,1013.1,1021.9,,,0,0,1.3
2024-01-06 06:00,156,광주,2.2,93,0.8,70,,1013.2,1022.0,,,0,0,1.1
2024-01-06 07:00,156,광주,2.0,93,1.1,50,,1013.7,1022.5,,,0,0,0.9
2024-01-06 08:00,156,광주,1.6,94,1.0,50,,1014.3,1023.2,0.0,0.07,0,0,0.2
2024-01-06 09:00,156,광주,2.9,84,2.1,50,,1014.9,1023.7,0.8,0.4,0,0,0.8
2024-01-06 10:00,156,광주,4.4,69,1.9,70,,1014.9,1023.7,1.0,1.06,0,0,3.9
2024-01-06 11:00,156,광주,5.3,56,1.6,20,,1014.6,1023.3,1.0,1.6,0,0,11.4
2024-01-06 12:00,156,광주,7.0,47,1.2,70,,1013.7,1022.4,1.0,1.97,0,0,15.5
2024-01-06 13:00,156,광주,7.3,41,1.3,50,,1013.5,1022.2,1.0,2.09,0,0,16.7
2024-01-06 14:00,156,광주,7.2,32,1.7,50,,1012.9,1021.6,0.9,1.72,5,0,12.8
2024-01-06 15:00,156,광주,7.8,32,1.8,340,,1012.9,1021.5,0.7,1.19,7,0,12.0
2024-01-06 16:00,156,광주,7.5,29,1.4,20,,1012.9,1021.5,1.0,1.17,0,0,10.0
2024-01-06 17:00,156,광주,6.2,37,1.0,340,,1013.5,1022.2,1.0,0.59,0,0,5.6
2024-01-06 18:00,156,광주,5.2,45,0.6,20,,1014.0,1022.7,0.4,0.12,0,0,2.9
2024-01-06 19:00,156,광주,3.8,66,1.6,320,,1014.9,1023.7,,,0,0,1.7
2024-01-06 20:00,156,광주,2.9,74,0.6,320,,1015.1,1023.9,,,0,0,1.5
2024-01-06 21:00,156,광주,2.6,78,0.2,0,,1015.2,1024.0,,,0,0,1.3
2024-01-06 22:00,156,광주,3.0,80,0.3,0,,1015.2,1024.0,,,2,1,1.3
2024-01-06 23:00,156,광주,3.2,81,0.3,0,,1015.3,1024.1,,,9,9,1.3
2024-01-07 00:00,156,광주,2.4,86,1.2,290,0.0,1015.6,1024.4,,,9,9,1.2
2024-01-07 01:00,156,광주,2.2,93,0.9,290,,1015.5,1024.3,,,8,8,1.2
2024-01-07 02:00,156,광주,2.5,88,0.9,320,,1015.4,1024.2,,,0,0,1.1
2024-01-07 03:00,156,광주,2.4,62,1.4,320,0.0,1015.7,1024.5,,,0,0,0.8
2024-01-07 04:00,156,광주,2.5,53,1.0,270,,1015.4,1024.2,,,8,8,0.5
2024-01-07 05:00,156,광주,2.4,57,2.0,360,,1015.5,1024.3,,,6,6,0.4
2024-01-07 06:00,156,광주,1.2,85,1.2,340,0.0,1015.8,1024.7,,,8,8,0.6
2024-01-07 07:00,156,광주,0.9,87,1.1,20,,1016.3,1025.2,,,4,4,0.7
2024-01-07 08:00,156,광주,0.9,90,1.1,20,,1017.0,1025.9,0.0,0.06,7,7,0.8
2024-01-07 09:00,156,광주,0.0,97,2.9,50,0.0,1018.0,1027.0,0.0,0.16,9,9,1.0
2024-01-07 10:00,156,광주,1.1,63,3.6,50,,1018.8,1027.7,0.5,0.59,7,7,1.2
2024-01-07 11:00,156,광주,1.2,52,3.7,50,,1019.0,1027.9,0.9,1.19,3,3,4.9
2024-01-07 12:00,156,광주,2.7,46,2.7,50,0.0,1018.6,1027.5,1.0,2.01,6,6,11.7
2024-01-07 13:00,156,광주,3.0,48,1.9,360,,1018.2,1027.0,1.0,2.08,6,6,13.4
2024-01-07 14:00,156,광주,3.2,49,3.2,50,,1017.7,1026.5,1.0,2.29,7,7,14.2
2024-01-07 15:00,156,광주,2.1,53,3.2,50,,1017.9,1026.8,0.6,1.2,7,7,8.6
2024-01-07 16:00,156,광주,1.9,56,1.6,340,,1017.9,1026.8,0.6,0.85,7,7,7.2
2024-01-07 17:00,156,광주,1.0,62,1.7,20,,1018.4,1027.3,0.6,0.48,5,5,3.8
2024-01-07 18:00,156,광주,0.3,68,2.7,50,,1018.8,1027.8,0.0,0.09,2,2,1.9
2024-01-07 19:00,156,광주,-0.1,67,2.4,50,,1019.3,1028.3,,,4,2,1.1
2024-01-07 20:00,156,광주,-0.3,62,2.3,50,,1019.5,1028.5,,,0,0,0.5
2024-01-07 21:00,156,광주,-0.6,58,2.9,50,,1019.6,1028.6,,,1,1,-0.2
2024-01-07 22:00,156,광주,-1.2,59,1.7,50,,1020.0,1029.0,,,0,0,-0.9
2024-01-07 23:00,156,광주,-1.5,60,2.1,50,,1020.1,1029.1,,,0,0,-1.4
2024-01-08 00:00,156,광주,-1.8,63,1.2,50,,1020.0,1029.0,,,0,0,-1.8
2024-01-08 01:00,156,광주,-2.5,65,1.9,50,,1020.3,1029.4,,,0,0,-2.0
2024-01-08 02:00,156,광주,-3.3,70,1.6,70,,1019.9,1029.0,,,0,0,-2.4
2024-01-08 03:00,156,광주,-3.6,70,1.2,70,,1020.1,1029.2,,,0,0,-2.8
2024-01-08 04:00,156,광주,-3.9,70,1.5,70,,1019.7,1028.8,,,0,0,-3.0
2024-01-08 05:00,156,광주,-4.2,72,1.1,50,,1019.7,1028.8,,,0,0,-3.4
2024-01-08 06:00,156,광주,-4.5,71,1.5,50,,1019.8,1028.9,,,0,0,-3.6
2024-01-08 07:00,156,광주,-4.6,70,1.1,50,,1020.1,1029.2,,,0,0,-3.9
2024-01-08 08:00,156,광주,-4.9,72,1.7,70,,1020.0,1029.1,0.0,0.07,0,0,-4.0
2024-01-08 09:00,156,광주,-3.1,65,1.6,70,,1020.5,1029.6,0.8,0.43,0,0,-2.0
2024-01-08 10:00,156,광주,-1.7,61,1.4,70,,1020.4,1029.4,1.0,1.13,0,0,0.0
2024-01-08 11:00,156,광주,-0.4,48,1.1,90,,1020.0,1029.0,1.0,1.68,0,0,2.0
2024-01-08 12:00,156,광주,1.2,40,0.9,340,,1019.1,1028.0,1.0,2.06,0,0,6.3
2024-01-08 13:00,156,광주,2.1,39,1.0,320,,1018.2,1027.1,1.0,2.21,0,0,12.2
2024-01-08 14:00,156,광주,3.4,36,0.8,360,,1017.1,1025.9,1.0,2.11,0,0,12.9
2024-01-08 15:00,156,광주,4.2,34,0.9,320,,1016.7,1025.5,1.0,1.79,0,0,12.2
2024-01-08 16:00,156,광주,4.0,38,1.1,250,,1016.8,1025.6,1.0,1.21,0,0,8.7
2024-01-08 17:00,156,광주,3.1,36,0.9,250,,1016.8,1025.6,0.8,0.57,6,0,4.3
2024-01-08 18:00,156,광주,2.4,41,0.7,290,,1016.9,1025.8,0.1,0.11,6,0,1.7
2024-01-08 19:00,156,광주,0.9,57,0.7,290,,1017.5,1026.4,,,0,0,0.8
2024-01-08 20:00,156,광주,0.0,64,0.6,250,,1017.5,1026.5,,,0,0,0.1
2024-01-08 21:00,156,광주,-0.2,63,0.6,230,,1017.2,1026.1,,,0,0,-0.7
2024-01-08 22:00,156,광주,-0.8,66,0.1,0,,1016.9,1025.9,,,4,0,-1.2
2024-01-08 23:00,156,광주,-1.3,69,1.0,70,,1016.2,1025.2,,,0,0,-1.6
2024-01-09 00:00,156,광주,-1.2,68,1.0,70,,1016.1,1025.1,,,1,1,-1.0
2024-01-09 01:00,156,광주,-1.4,68,1.0,50,,1015.6,1024.6,,,0,0,-1.5
2024-01-09 02:00,156,광주,-1.9,69,1.0,50,,1015.0,1024.0,,,0,0,-2.0
2024-01-09 03:00,156,광주,-1.5,69,0.4,0,,1014.7,1023.7,,,9,9,-1.2
2024-01-09 04:00,156,광주,-1.2,66,0.0,0,,1014.8,1023.8,,,9,9,-0.5
2024-01-09 05:00,156,광주,-1.0,67,0.2,0,,1014.7,1023.7,,,9,9,-0.5
2024-01-09 06:00,156,광주,-1.3,70,0.3,0,,1014.4,1023.4,,,9,9,-1.0
2024-01-09 07:00,156,광주,-0.7,69,0.3,0,,1014.1,1023.0,,,9,9,-0.5
2024-01-09 08:00,156,광주,-0.6,70,1.6,70,,1013.6,1022.5,0.0,0.07,9,9,-0.2
2024-01-09 09:00,156,광주,0.0,68,0.9,70,,1013.8,1022.7,0.0,0.15,9,9,0.0
2024-01-09 10:00,156,광주,0.9,63,0.2,0,,1013.9,1022.8,0.0,0.35,9,9,0.1
2024-01-09 11:00,156,광주,1.8,64,1.2,70,,1013.6,1022.4,0.0,0.41,9,9,0.2
2024-01-09 12:00,156,광주,3.0,61,0.6,20,,1012.6,1021.4,0.0,0.58,10,8,2.5
2024-01-09 13:00,156,광주,4.3,59,0.9,50,,1011.2,1019.9,0.0,1.01,10,8,7.8
2024-01-09 14:00,156,광주,5.1,60,0.5,70,,1010.4,1019.1,0.0,0.64,10,8,7.3
2024-01-09 15:00,156,광주,5.8,60,0.3,0,,1009.7,1018.4,0.0,0.54,10,9,7.2
2024-01-09 16:00,156,광주,6.1,63,1.3,70,,1009.2,1017.9,0.0,0.38,10,8,6.8
2024-01-09 17:00,156,광주,5.9,71,0.1,0,,1009.0,1017.7,0.0,0.19,10,7,5.5
2024-01-09 18:00,156,광주,4.6,93,0.3,0,0.0,1008.9,1017.6,0.0,0.07,10,9,4.6
2024-01-09 19:00,156,광주,3.9,99,0.9,110,,1009.2,1017.9,,,10,8,4.3
2024-01-09 20:00,156,광주,3.8,99,0.7,90,,1009.2,1017.9,,,10,8,4.2
2024-01-09 21:00,156,광주,3.6,99,0.4,0,2.1,1009.1,1017.8,,,10,5,4.1
2024-01-09 22:00,156,광주,3.8,99,0.2,0,,1009.2,1017.9,,,9,9,4.1
2024-01-09 23:00,156,광주,3.8,99,0.5,340,,1008.9,1017.6,,,0,0,4.1
2024-01-10 00:00,156,광주,3.6,99,0.4,0,0.0,1009.0,1017.7,,,9,9,4.1
2024-01-10 01:00,156,광주,3.7,99,0.4,0,,1009.3,1018.0,,,0,0,4.0
2024-01-10 02:00,156,광주,3.4,99,0.0,0,,1009.4,1018.1,,,0,0,3.8
2024-01-10 03:00,156,광주,2.9,99,0.4,0,,1009.9,1018.7,,,9,9,3.6
2024-01-10 04:00,156,광주,2.6,99,1.3,20,,1010.0,1018.8,,,9,9,3.2
2024-01-10 05:00,156,광주,2.4,99,2.4,50,,1010.0,1018.8,,,8,8,2.7
2024-01-10 06:00,156,광주,2.2,99,1.3,50,,1010.4,1019.2,,,9,9,2.7
2024-01-10 07:00,156,광주,2.0,96,2.4,50,,1010.7,1019.5,,,9,9,2.2
2024-01-10 08:00,156,광주,0.8,97,2.2,70,,1011.3,1020.2,0.0,0.08,3,3,0.9
2024-01-10 09:00,156,광주,1.4,88,2.7,70,,1011.7,1020.5,0.7,0.37,0,0,1.2
2024-01-10 10:00,156,광주,2.8,72,1.9,50,,1012.3,1021.1,1.0,1.02,0,0,6.1
2024-01-10 11:00,156,광주,4.1,60,1.3,70,,1012.5,1021.2,1.0,1.55,0,0,10.9
2024-01-10 12:00,156,광주,4.9,54,1.4,340,,1011.8,1020.5,1.0,1.94,0,0,14.3
2024-01-10 13:00,156,광주,5.7,55,1.1,360,,1011.2,1019.9,1.0,2.07,0,0,15.3
2024-01-10 14:00,156,광주,5.4,55,1.4,290,,1010.9,1019.6,1.0,1.98,0,0,13.7
2024-01-10 15:00,156,광주,6.2,48,1.4,360,,1011.1,1019.8,1.0,1.67,0,0,12.9
2024-01-10 16:00,156,광주,5.3,54,1.1,320,,1011.2,1019.9,1.0,1.15,0,0,9.6
2024-01-10 17:00,156,광주,4.3,58,1.5,360,,1011.6,1020.3,1.0,0.56,0,0,5.4
2024-01-10 18:00,156,광주,2.7,68,1.7,320,,1012.5,1021.3,0.3,0.13,0,0,2.4
2024-01-10 19:00,156,광주,1.9,73,0.9,360,,1013.5,1022.3,,,0,0,1.4
2024-01-10 20:00,156,광주,1.1,78,0.8,20,,1013.7,1022.6,,,0,0,1.3
2024-01-10 21:00,156,광주,0.0,81,1.3,70,,1013.7,1022.6,,,0,0,0.7
2024-01-10 22:00,156,광주,0.0,84,0.9,70,,1013.5,1022.4,,,0,0,0.0
2024-01-10 23:00,156,광주,-0.7,86,0.5,50,,1013.8,1022.7,,,0,0,-1.0
2024-01-11 00:00,156,광주,-1.1,86,0.9,70,,1013.1,1022.0,,,0,0,-1.6
2024-01-11 01:00,156,광주,-1.3,91,0.4,0,,1013.6,1022.6,,,0,0,-2.0
2024-01-11 02:00,156,광주,-2.1,97,0.5,200,,1013.7,1022.7,,,0,0,-2.5
2024-01-11 03:00,156,광주,-2.0,97,0.5,250,,1013.5,1022.5,,,1,1,-2.8
2024-01-11 04:00,156,광주,-2.2,97,0.7,50,,1013.3,1022.3,,,0,0,-3.0
2024-01-11 05:00,156,광주,-2.6,98,0.9,90,,1013.2,1022.2,,,0,0,-3.4
2024-01-11 06:00,156,광주,-2.4,97,0.5,70,,1013.2,1022.2,,,0,0,-3.5
2024-01-11 07:00,156,광주,-2.1,97,0.2,0,,1013.5,1022.5,,,9,9,-2.7
2024-01-11 08:00,156,광주,-2.0,97,0.2,0,,1013.2,1022.2,0.0,0.07,7,7,-1.9
2024-01-11 09:00,156,광주,-1.0,94,0.7,290,,1013.3,1022.2,0.0,0.24,8,8,-0.2
2024-01-11 10:00,156,광주,-0.1,91,1.1,270,,1013.4,1022.3,0.0,0.55,8,8,0.1
2024-01-11 11:00,156,광주,1.6,84,0.9,250,,1013.1,1022.0,0.5,1.17,5,5,1.9
2024-01-11 12:00,156,광주,3.7,67,0.8,270,,1012.2,1021.0,1.0,1.85,6,6,9.4
2024-01-11 13:00,156,광주,5.0,60,1.8,250,,1011.3,1020.0,1.0,2.07,4,4,13.7
2024-01-11 14:00,156,광주,5.1,62,1.6,250,,1010.5,1019.2,1.0,1.96,3,3,14.1
2024-01-11 15:00,156,광주,6.1,59,2.5,270,,1010.2,1018.9,0.8,1.37,3,3,10.9
2024-01-11 16:00,156,광주,6.4,58,0.9,340,,1010.3,1019.0,1.0,1.22,6,6,10.1
2024-01-11 17:00,156,광주,5.8,62,1.0,270,,1010.3,1019.0,0.1,0.33,9,9,6.8
2024-01-11 18:00,156,광주,5.6,64,1.3,270,,1010.1,1018.8,0.0,0.08,9,9,5.2
2024-01-11 19:00,156,광주,5.2,70,0.9,230,,1009.9,1018.6,,,0,0,4.2
2024-01-11 20:00,156,광주,4.4,74,1.3,200,,1009.8,1018.5,,,0,0,2.1
2024-01-11 21:00,156,광주,4.4,76,0.7,180,,1009.8,1018.5,,,8,8,2.1
2024-01-11 22:00,156,광주,4.5,79,0.8,180,,1009.9,1018.6,,,2,2,3.0
2024-01-11 23:00,156,광주,4.8,80,0.4,0,,1009.8,1018.5,,,5,5,3.3
2024-01-12 00:00,156,광주,4.9,80,0.5,270,,1009.8,1018.5,,,9,9,3.4
2024-01-12 01:00,156,광주,4.8,80,0.6,250,,1009.7,1018.4,,,0,0,3.6
2024-01-12 02:00,156,광주,4.8,82,0.1,0,,1009.8,1018.5,,,1,1,3.7
2024-01-12 03:00,156,광주,4.8,83,0.4,0,,1009.9,1018.6,,,9,9,3.8
2024-01-12 04:00,156,광주,4.8,84,0.3,0,,1009.7,1018.4,,,8,8,3.8
2024-01-12 05:00,156,광주,4.6,86,0.2,0,,1009.4,1018.1,,,8,8,3.7
2024-01-12 06:00,156,광주,4.4,88,0.2,0,,1009.5,1018.2,,,7,7,3.4
2024-01-12 07:00,156,광주,3.9,92,0.3,0,,1009.7,1018.4,,,2,2,1.6
2024-01-12 08:00,156,광주,3.2,94,0.2,0,,1010.3,1019.1,0.0,0.07,0,0,1.1
2024-01-12 09:00,156,광주,3.6,96,0.1,0,,1010.8,1019.6,0.0,0.27,0,0,1.4
2024-01-12 10:00,156,광주,5.4,86,0.1,0,,1011.1,1019.8,0.7,0.76,0,0,6.1
2024-01-12 11:00,156,광주,7.1,73,1.1,20,,1011.1,1019.7,1.0,1.37,0,0,11.2
2024-01-12 12:00,156,광주,7.9,63,1.2,270,,1010.7,1019.3,1.0,1.68,0,0,14.4
2024-01-12 13:00,156,광주,9.1,37,1.3,290,,1010.4,1019.0,1.0,1.96,0,0,16.1
2024-01-12 14:00,156,광주,10.0,31,1.7,340,,1010.2,1018.8,1.0,2.04,0,0,16.1
2024-01-12 15:00,156,광주,9.6,35,1.7,50,,1009.9,1018.4,1.0,1.7,0,0,14.6
2024-01-12 16:00,156,광주,9.2,41,1.3,320,,1010.0,1018.6,1.0,1.16,0,0,11.5
2024-01-12 17:00,156,광주,7.7,38,2.0,50,,1010.7,1019.3,1.0,0.54,0,0,6.8
2024-01-12 18:00,156,광주,6.2,29,1.8,50,,1011.3,1020.0,0.4,0.13,0,0,3.3
2024-01-12 19:00,156,광주,4.9,32,0.8,50,,1012.1,1020.8,,,0,0,1.9
2024-01-12 20:00,156,광주,4.1,39,0.4,0,,1012.4,1021.1,,,0,0,1.5
2024-01-12 21:00,156,광주,3.5,41,1.3,50,,1012.8,1021.6,,,0,0,0.9
2024-01-12 22:00,156,광주,2.8,43,0.9,50,,1012.9,1021.7,,,0,0,0.5
2024-01-12 23:00,156,광주,2.4,44,0.5,90,,1013.1,1021.9,,,0,0,-0.1
2024-01-13 00:00,156,광주,1.7,48,0.8,50,,1013.3,1022.1,,,0,0,-0.8
2024-01-13 01:00,156,광주,0.9,51,1.4,50,,1013.5,1022.4,,,0,0,-1.2
2024-01-13 02:00,156,광주,1.1,49,0.6,50,,1013.9,1022.8,,,0,0,-1.4
2024-01-13 03:00,156,광주,1.1,51,0.9,20,,1014.0,1022.9,,,0,0,-1.7
2024-01-13 04:00,156,광주,-0.3,53,0.6,50,,1013.8,1022.7,,,0,0,-1.9
2024-01-13 05:00,156,광주,0.1,50,0.3,0,,1014.2,1023.1,,,0,0,-2.2
2024-01-13 06:00,156,광주,-0.2,53,1.4,50,,1014.7,1023.6,,,0,0,-2.4
2024-01-13 07:00,156,광주,-0.4,53,1.2,50,,1015.5,1024.4,,,0,0,-2.6
2024-01-13 08:00,156,광주,-0.8,60,1.1,50,,1016.3,1025.3,0.0,0.07,0,0,-2.6
2024-01-13 09:00,156,광주,1.0,56,0.6,340,,1017.0,1025.9,0.7,0.41,0,0,-1.0
2024-01-13 10:00,156,광주,3.6,46,1.3,50,,1017.7,1026.5,1.0,1.06,0,0,0.2
2024-01-13 11:00,156,광주,4.6,42,0.6,360,,1018.0,1026.8,1.0,1.61,0,0,3.2
2024-01-13 12:00,156,광주,6.2,36,1.1,50,,1017.4,1026.1,1.0,2.01,0,0,12.3
2024-01-13 13:00,156,광주,7.5,34,1.1,320,,1016.9,1025.6,1.0,2.16,0,0,14.8
2024-01-13 14:00,156,광주,8.1,33,0.9,360,,1016.5,1025.1,1.0,2.09,0,0,15.3
2024-01-13 15:00,156,광주,8.2,33,1.1,320,,1016.5,1025.1,1.0,1.79,0,0,12.9
2024-01-13 16:00,156,광주,7.7,33,0.8,340,,1016.7,1025.4,1.0,1.29,0,0,10.8
2024-01-13 17:00,156,광주,6.8,38,1.0,320,,1016.7,1025.4,1.0,0.65,0,0,5.8
2024-01-13 18:00,156,광주,5.6,41,0.8,320,,1016.9,1025.7,0.5,0.14,0,0,2.5
2024-01-13 19:00,156,광주,4.8,46,0.1,0,,1017.3,1026.1,,,0,0,1.6
2024-01-13 20:00,156,광주,4.0,52,0.4,0,,1018.0,1026.8,,,0,0,1.0
2024-01-13 21:00,156,광주,2.9,56,1.0,180,,1017.8,1026.6,,,0,0,0.4
2024-01-13 22:00,156,광주,2.6,57,0.2,0,,1018.0,1026.9,,,0,0,-0.1
2024-01-13 23:00,156,광주,1.9,63,0.5,200,,1017.4,1026.3,,,0,0,-0.7
2024-01-14 00:00,156,광주,1.2,67,0.3,0,,1017.4,1026.3,,,0,0,-1.0
2024-01-14 01:00,156,광주,0.7,67,0.2,0,,1017.3,1026.2,,,0,0,-1.2
2024-01-14 02:00,156,광주,0.3,70,0.8,70,,1016.7,1025.6,,,0,0,-1.3
2024-01-14 03:00,156,광주,0.1,72,0.1,0,,1016.4,1025.3,,,0,0,-1.5
2024-01-14 04:00,156,광주,-0.4,71,0.1,0,,1016.6,1025.5,,,0,0,-1.6
2024-01-14 05:00,156,광주,-0.4,79,0.3,0,,1016.3,1025.2,,,0,0,-1.6
2024-01-14 06:00,156,광주,-0.2,74,0.3,0,,1015.4,1024.3,,,0,0,-1.6
2024-01-14 07:00,156,광주,-0.6,79,0.4,0,,1015.3,1024.2,,,0,0,-1.7
2024-01-14 08:00,156,광주,-0.8,84,0.3,0,,1015.5,1024.5,0.0,0.08,0,0,-1.7
2024-01-14 09:00,156,광주,1.0,77,0.0,0,,1015.6,1024.5,0.7,0.39,0,0,-0.5
2024-01-14 10:00,156,광주,3.2,71,0.3,0,,1015.2,1024.0,0.8,0.92,3,3,0.2
2024-01-14 11:00,156,광주,6.3,61,0.5,270,,1014.9,1023.6,1.0,1.47,0,0,5.0
2024-01-14 12:00,156,광주,9.5,56,0.7,270,,1014.0,1022.6,1.0,1.89,2,2,13.7
2024-01-14 13:00,156,광주,12.6,59,1.7,270,,1012.8,1021.3,1.0,1.73,1,1,15.6
2024-01-14 14:00,156,광주,14.0,57,2.2,270,,1011.7,1020.1,1.0,1.84,2,2,16.8
2024-01-14 15:00,156,광주,13.3,63,3.6,270,,1010.9,1019.3,0.5,1.01,8,8,12.7
2024-01-14 16:00,156,광주,12.6,72,2.6,270,,1010.7,1019.2,0.0,0.29,10,8,10.3
2024-01-14 17:00,156,광주,11.4,86,1.5,250,,1010.7,1019.2,0.0,0.11,10,9,9.0
2024-01-14 18:00,156,광주,10.1,98,1.9,320,0.6,1011.2,1019.8,0.0,0.06,10,9,8.5
2024-01-14 19:00,156,광주,7.9,99,1.1,320,,1012.0,1020.6,,,10,8,7.5
2024-01-14 20:00,156,광주,6.8,98,1.2,360,,1012.7,1021.4,,,10,8,6.6
2024-01-14 21:00,156,광주,6.2,94,1.1,20,0.1,1013.2,1021.9,,,10,9,6.0
2024-01-14 22:00,156,광주,5.0,95,1.5,360,,1013.5,1022.2,,,0,0,4.4
2024-01-14 23:00,156,광주,3.9,91,1.6,50,,1014.0,1022.8,,,7,7,3.0
2024-01-15 00:00,156,광주,3.0,92,1.1,340,,1014.4,1023.2,,,8,8,3.0
2024-01-15 01:00,156,광주,2.1,91,1.1,50,,1014.7,1023.5,,,5,4,1.3
2024-01-15 02:00,156,광주,1.4,90,1.1,50,,1015.2,1024.1,,,0,0,1.0
2024-01-15 03:00,156,광주,0.5,85,1.3,20,,1015.9,1024.8,,,2,2,0.9
2024-01-15 04:00,156,광주,-0.4,73,0.8,50,,1016.4,1025.3,,,1,1,0.3
2024-01-15 05:00,156,광주,-0.7,67,2.2,50,,1016.6,1025.6,,,0,0,-0.5
2024-01-15 06:00,156,광주,-1.8,79,1.6,70,,1017.1,1026.1,,,0,0,-1.3
2024-01-15 07:00,156,광주,-2.0,76,1.0,90,,1018.0,1027.0,,,0,0,-1.8
2024-01-15 08:00,156,광주,-2.4,76,1.9,70,,1018.7,1027.7,0.0,0.07,0,0,-2.2
2024-01-15 09:00,156,광주,-1.3,72,1.5,70,,1019.6,1028.6,0.7,0.43,0,0,-1.1
2024-01-15 10:00,156,광주,0.2,60,1.6,70,,1020.4,1029.4,1.0,1.13,0,0,0.1
2024-01-15 11:00,156,광주,1.3,49,0.9,50,,1020.3,1029.2,1.0,1.71,0,0,5.1
2024-01-15 12:00,156,광주,2.7,35,0.8,340,,1019.7,1028.6,1.0,2.09,0,0,12.5
2024-01-15 13:00,156,광주,4.0,29,1.6,360,,1018.8,1027.6,1.0,2.3,0,0,14.2
2024-01-15 14:00,156,광주,4.1,31,1.5,20,,1018.5,1027.3,1.0,2.21,0,0,14.0
2024-01-15 15:00,156,광주,4.9,35,1.2,50,,1018.5,1027.3,1.0,1.89,0,0,13.3
2024-01-15 16:00,156,광주,4.4,37,1.0,320,,1019.1,1027.9,1.0,1.38,0,0,9.9
2024-01-15 17:00,156,광주,3.2,35,1.7,340,,1019.8,1028.6,1.0,0.73,0,0,4.5
2024-01-15 18:00,156,광주,2.1,43,1.6,20,,1020.5,1029.4,0.6,0.16,0,0,2.0
2024-01-15 19:00,156,광주,1.4,47,1.5,50,,1021.3,1030.2,,,0,0,1.0
2024-01-15 20:00,156,광주,0.8,51,1.1,50,,1021.7,1030.7,,,0,0,0.2
2024-01-15 21:00,156,광주,-0.5,59,1.3,70,,1021.9,1030.9,,,0,0,-0.5
2024-01-15 22:00,156,광주,-0.6,63,0.5,50,,1022.2,1031.2,,,0,0,-1.0
2024-01-15 23:00,156,광주,-0.8,65,0.9,70,,1022.2,1031.2,,,0,0,-1.4
2024-01-16 00:00,156,광주,-1.5,67,2.1,50,,1022.2,1031.2,,,0,0,-1.7
2024-01-16 01:00,156,광주,-1.9,62,1.5,70,,1021.8,1030.8,,,0,0,-2.2
2024-01-16 02:00,156,광주,-1.9,56,1.9,70,,1021.7,1030.7,,,0,0,-2.5
2024-01-16 03:00,156,광주,-2.0,55,0.9,70,,1022.2,1031.3,,,0,0,-2.8
2024-01-16 04:00,156,광주,-2.2,57,0.9,20,,1022.5,1031.6,,,0,0,-3.1
2024-01-16 05:00,156,광주,-2.6,61,2.0,70,,1022.5,1031.6,,,0,0,-3.3
2024-01-16 06:00,156,광주,-2.7,60,1.4,50,,1022.8,1031.9,,,0,0,-3.5
2024-01-16 07:00,156,광주,-2.8,59,2.0,50,,1022.9,1032.0,,,0,0,-3.5
2024-01-16 08:00,156,광주,-2.6,58,1.9,50,,1023.2,1032.3,0.0,0.07,0,0,-3.7
2024-01-16 09:00,156,광주,-1.2,58,0.7,20,,1023.2,1032.2,0.7,0.46,0,0,-2.0
2024-01-16 10:00,156,광주,1.2,49,0.7,340,,1023.8,1032.8,1.0,1.19,7,0,0.2
2024-01-16 11:00,156,광주,2.3,40,1.7,270,,1024.3,1033.2,1.0,1.54,2,0,3.8
2024-01-16 12:00,156,광주,4.0,34,1.9,200,,1024.0,1032.9,1.0,2.08,6,0,8.8
2024-01-16 13:00,156,광주,5.1,35,1.0,50,,1022.9,1031.7,1.0,2.07,8,0,12.9
2024-01-16 14:00,156,광주,7.0,31,1.1,290,,1022.5,1031.2,0.9,1.8,8,0,14.1
2024-01-16 15:00,156,광주,8.4,28,1.0,270,,1022.7,1031.4,1.0,1.4,9,0,12.9
2024-01-16 16:00,156,광주,7.8,29,0.7,230,,1022.4,1031.1,0.8,1.13,7,2,10.0
2024-01-16 17:00,156,광주,7.6,29,0.6,270,,1022.6,1031.3,0.7,0.6,8,4,7.0
2024-01-16 18:00,156,광주,5.3,40,0.8,230,,1023.2,1032.0,0.0,0.11,6,2,3.2
2024-01-16 19:00,156,광주,5.0,43,0.8,270,,1023.5,1032.3,,,7,6,1.9
2024-01-16 20:00,156,광주,5.1,43,0.7,250,,1023.6,1032.4,,,7,4,1.5
2024-01-16 21:00,156,광주,4.4,48,0.1,0,,1023.8,1032.6,,,6,6,0.8
2024-01-16 22:00,156,광주,3.6,53,0.4,0,,1023.4,1032.3,,,6,6,0.8
2024-01-16 23:00,156,광주,2.5,58,0.2,0,,1023.1,1032.0,,,5,5,0.4
2024-01-17 00:00,156,광주,3.3,55,0.4,0,,1022.8,1031.7,,,9,9,0.7
2024-01-17 01:00,156,광주,3.3,55,0.2,0,,1022.4,1031.3,,,10,10,0.8
2024-01-17 02:00,156,광주,3.2,57,0.6,50,,1021.6,1030.5,,,1,1,0.9
2024-01-17 03:00,156,광주,3.2,58,0.4,0,,1021.8,1030.7,,,8,8,1.2
2024-01-17 04:00,156,광주,3.4,60,0.3,0,,1020.9,1029.7,,,6,6,1.7
2024-01-17 05:00,156,광주,3.3,62,0.2,0,,1020.6,1029.5,,,6,6,1.8
2024-01-17 06:00,156,광주,3.6,63,0.4,0,,1020.6,1029.4,,,7,7,1.9
2024-01-17 07:00,156,광주,3.7,64,0.0,0,,1020.2,1029.0,,,9,9,1.9
2024-01-17 08:00,156,광주,3.9,67,0.0,0,,1020.4,1029.2,0.0,0.07,10,10,2.5
2024-01-17 09:00,156,광주,4.8,64,0.4,0,,1020.2,1029.0,0.0,0.23,10,3,4.5
2024-01-17 10:00,156,광주,5.4,66,0.2,0,,1020.3,1029.1,0.0,0.27,10,5,4.8
2024-01-17 11:00,156,광주,6.8,65,0.4,0,,1018.7,1027.4,0.0,0.5,10,2,8.3
2024-01-17 12:00,156,광주,7.1,71,0.2,0,0.0,1017.8,1026.5,0.0,0.43,10,4,7.7
2024-01-17 13:00,156,광주,7.6,76,0.4,0,,1016.8,1025.5,0.0,0.3,10,4,7.8
2024-01-17 14:00,156,광주,8.3,75,0.4,0,,1015.8,1024.4,0.0,0.38,10,8,8.2
2024-01-17 15:00,156,광주,8.6,75,0.6,70,0.0,1015.2,1023.8,0.0,0.26,10,8,7.8
2024-01-17 16:00,156,광주,9.6,75,0.8,90,,1014.6,1023.2,0.0,0.37,10,7,8.9
2024-01-17 17:00,156,광주,9.3,77,0.3,0,,1014.2,1022.8,0.0,0.17,10,8,7.8
2024-01-17 18:00,156,광주,8.9,82,0.7,70,0.0,1014.3,1022.9,0.0,0.08,10,8,7.0
2024-01-17 19:00,156,광주,8.0,95,0.4,0,,1014.5,1023.1,,,10,9,6.7
2024-01-17 20:00,156,광주,7.8,99,0.5,340,,1014.1,1022.7,,,10,9,6.7
2024-01-17 21:00,156,광주,7.6,99,0.6,90,0.3,1013.8,1022.4,,,10,5,6.6
2024-01-17 22:00,156,광주,7.6,99,0.3,0,,1013.6,1022.2,,,10,9,6.6
2024-01-17 23:00,156,광주,7.7,99,0.5,20,,1013.0,1021.6,,,10,9,6.8
2024-01-18 00:00,156,광주,7.7,99,0.4,0,0.6,1012.4,1021.0,,,10,9,6.9
2024-01-18 01:00,156,광주,7.7,99,0.2,0,,1012.4,1021.0,,,10,9,7.1
2024-01-18 02:00,156,광주,8.1,99,0.0,0,,1012.2,1020.8,,,10,9,7.2
2024-01-18 03:00,156,광주,9.0,99,1.1,160,0.2,1011.9,1020.5,,,10,9,7.3
2024-01-18 04:00,156,광주,8.5,99,1.1,270,,1011.8,1020.4,,,10,9,7.6
2024-01-18 05:00,156,광주,8.9,99,1.1,160,,1011.8,1020.4,,,10,10,7.5
2024-01-18 06:00,156,광주,9.2,99,1.3,200,2.3,1012.1,1020.7,,,10,9,7.5
2024-01-18 07:00,156,광주,9.2,99,1.3,270,,1012.8,1021.4,,,10,9,7.5
2024-01-18 08:00,156,광주,9.0,99,0.3,0,,1013.0,1021.6,0.0,0.06,10,9,7.5
2024-01-18 09:00,156,광주,8.9,99,0.1,0,0.7,1013.2,1021.8,0.0,0.1,10,2,7.7
2024-01-18 10:00,156,광주,9.0,99,1.2,270,,1013.6,1022.2,0.0,0.16,10,8,8.5
2024-01-18 11:00,156,광주,9.1,99,0.3,0,,1013.4,1022.0,0.0,0.34,10,8,10.1
2024-01-18 12:00,156,광주,9.0,99,0.9,320,0.5,1013.1,1021.7,0.0,0.4,10,8,10.2
2024-01-18 13:00,156,광주,8.1,99,1.0,320,,1012.9,1021.5,0.0,0.41,10,8,10.1
2024-01-18 14:00,156,광주,8.0,99,1.0,340,,1012.3,1020.9,0.0,0.33,10,10,9.9
2024-01-18 15:00,156,광주,8.1,99,0.9,50,0.4,1011.9,1020.5,0.0,0.28,10,10,9.9
2024-01-18 16:00,156,광주,8.7,99,1.9,70,,1012.5,1021.1,0.0,0.4,10,7,10.1
2024-01-18 17:00,156,광주,8.4,99,1.8,70,,1012.6,1021.2,0.0,0.25,10,2,9.1
2024-01-18 18:00,156,광주,8.1,99,1.2,50,,1013.5,1022.1,0.0,0.09,10,9,8.1
2024-01-18 19:00,156,광주,7.7,99,0.3,0,,1014.0,1022.6,,,9,9,7.8
2024-01-18 20:00,156,광주,7.6,99,1.6,70,,1014.0,1022.6,,,10,10,7.6
2024-01-18 21:00,156,광주,7.7,99,0.5,70,,1014.6,1023.2,,,10,8,7.4
2024-01-18 22:00,156,광주,7.7,99,0.5,70,,1015.1,1023.8,,,10,9,7.4
2024-01-18 23:00,156,광주,7.8,99,0.2,0,,1015.2,1023.9,,,10,8,7.3
2024-01-19 00:00,156,광주,7.7,99,0.2,0,,1015.2,1023.9,,,10,10,7.3
2024-01-19 01:00,156,광주,7.7,99,0.2,0,,1015.4,1024.1,,,10,10,7.3
2024-01-19 02:00,156,광주,7.5,99,0.8,70,,1015.4,1024.1,,,10,10,7.2
2024-01-19 03:00,156,광주,7.6,99,2.5,70,0.0,1015.8,1024.5,,,10,10,7.0
2024-01-19 04:00,156,광주,7.0,99,1.9,70,,1015.7,1024.4,,,10,10,6.9
2024-01-19 05:00,156,광주,6.9,99,1.9,70,,1015.7,1024.4,,,10,8,6.8
2024-01-19 06:00,156,광주,7.0,99,2.2,70,0.1,1016.0,1024.7,,,10,7,6.7
2024-01-19 07:00,156,광주,6.9,99,1.8,70,,1016.6,1025.3,,,10,6,6.6
2024-01-19 08:00,156,광주,6.8,99,3.3,70,,1017.0,1025.7,0.0,0.07,10,6,6.6
2024-01-19 09:00,156,광주,6.9,98,2.5,70,,1017.7,1026.4,0.0,0.16,10,7,7.3
2024-01-19 10:00,156,광주,7.1,97,2.5,70,,1017.9,1026.6,0.0,0.24,10,7,7.8
2024-01-19 11:00,156,광주,8.4,95,2.2,70,,1018.0,1026.7,0.0,0.5,10,6,10.2
2024-01-19 12:00,156,광주,8.5,89,1.8,70,,1017.5,1026.1,0.0,0.71,10,7,11.1
2024-01-19 13:00,156,광주,8.4,92,2.5,70,,1016.6,1025.2,0.0,0.41,10,8,10.3
2024-01-19 14:00,156,광주,8.8,89,1.6,70,,1016.1,1024.7,0.0,0.44,10,6,10.4
2024-01-19 15:00,156,광주,9.2,86,1.8,70,,1015.7,1024.3,0.0,0.37,10,4,10.2
2024-01-19 16:00,156,광주,8.9,87,3.1,70,,1015.6,1024.2,0.0,0.28,10,8,9.5
2024-01-19 17:00,156,광주,8.3,86,3.3,70,,1015.8,1024.4,0.0,0.17,10,8,8.3
2024-01-19 18:00,156,광주,7.8,85,3.3,70,0.0,1016.0,1024.7,0.0,0.08,10,5,7.4
2024-01-19 19:00,156,광주,7.1,87,2.9,70,,1016.2,1024.9,,,10,7,6.8
2024-01-19 20:00,156,광주,6.7,88,2.7,70,,1016.8,1025.5,,,10,8,6.5
2024-01-19 21:00,156,광주,6.2,98,3.1,70,0.0,1016.5,1025.2,,,10,7,6.2
2024-01-19 22:00,156,광주,6.0,97,3.3,70,,1016.9,1025.6,,,10,8,6.0
2024-01-19 23:00,156,광주,5.9,97,3.5,70,,1016.8,1025.5,,,10,8,5.9
2024-01-20 00:00,156,광주,5.9,94,3.0,70,0.0,1016.8,1025.5,,,10,8,5.8
2024-01-20 01:00,156,광주,5.4,99,1.8,70,,1016.7,1025.5,,,10,7,5.7
2024-01-20 02:00,156,광주,5.6,99,2.9,70,,1016.1,1024.8,,,10,6,5.7
2024-01-20 03:00,156,광주,5.7,98,4.0,70,0.1,1015.9,1024.6,,,10,6,5.7
2024-01-20 04:00,156,광주,6.0,98,3.7,70,,1014.9,1023.6,,,10,8,5.6
2024-01-20 05:00,156,광주,6.3,96,5.0,70,,1014.2,1022.9,,,10,7,5.7
2024-01-20 06:00,156,광주,6.4,95,5.2,70,0.0,1013.9,1022.6,,,10,6,5.8
2024-01-20 07:00,156,광주,5.9,99,4.0,70,,1013.9,1022.6,,,10,9,5.8
2024-01-20 08:00,156,광주,5.5,99,4.9,70,,1013.9,1022.6,0.0,0.06,10,8,5.8
2024-01-20 09:00,156,광주,5.7,99,5.5,70,2.5,1013.7,1022.4,0.0,0.15,10,9,6.5
2024-01-20 10:00,156,광주,6.0,99,3.9,70,,1013.8,1022.5,0.0,0.23,10,9,7.0
2024-01-20 11:00,156,광주,6.0,99,4.9,70,,1013.4,1022.1,0.0,0.22,10,8,7.3
2024-01-20 12:00,156,광주,6.5,99,4.6,70,2.8,1012.3,1021.0,0.0,0.44,10,4,8.9
2024-01-20 13:00,156,광주,6.7,99,4.7,70,,1011.1,1019.8,0.0,0.46,10,5,9.1
2024-01-20 14:00,156,광주,6.5,99,5.4,70,,1010.0,1018.7,0.0,0.45,10,7,9.2
2024-01-20 15:00,156,광주,6.3,99,4.3,70,2.6,1009.9,1018.6,0.0,0.33,10,7,8.5
2024-01-20 16:00,156,광주,6.1,99,4.2,70,,1010.1,1018.8,0.0,0.25,10,6,8.0
2024-01-20 17:00,156,광주,5.8,99,4.1,70,,1010.3,1019.0,0.0,0.16,10,5,7.1
2024-01-20 18:00,156,광주,5.4,99,4.2,70,3.7,1010.5,1019.2,0.0,0.08,10,4,6.4
2024-01-20 19:00,156,광주,5.2,99,3.6,70,,1010.9,1019.6,,,10,7,6.0
2024-01-20 20:00,156,광주,5.0,99,5.8,70,,1011.4,1020.1,,,10,8,5.7
2024-01-20 21:00,156,광주,4.8,99,4.5,70,3.4,1011.7,1020.4,,,10,6,5.5
2024-01-20 22:00,156,광주,4.7,99,4.2,70,,1011.8,1020.5,,,10,6,5.4
2024-01-20 23:00,156,광주,4.6,99,3.7,70,,1011.8,1020.5,,,10,4,5.2
2024-01-21 00:00,156,광주,4.6,99,2.5,70,0.6,1012.0,1020.7,,,10,5,5.1
2024-01-21 01:00,156,광주,4.5,99,1.7,70,,1011.8,1020.5,,,10,10,4.9
2024-01-21 02:00,156,광주,4.8,99,0.5,90,,1012.3,1021.0,,,10,4,5.0
2024-01-21 03:00,156,광주,4.9,99,0.0,0,0.0,1012.6,1021.3,,,10,5,5.0
2024-01-21 04:00,156,광주,4.9,99,0.1,0,,1012.7,1021.4,,,10,7,5.0
2024-01-21 05:00,156,광주,4.9,99,0.3,0,,1013.0,1021.7,,,9,9,4.9
2024-01-21 06:00,156,광주,5.0,99,0.1,0,0.1,1013.4,1022.1,,,10,10,4.9
2024-01-21 07:00,156,광주,4.9,99,0.1,0,,1014.0,1022.8,,,9,9,4.2
2024-01-21 08:00,156,광주,5.2,99,0.1,0,,1014.6,1023.4,0.0,0.08,8,8,4.8
2024-01-21 09:00,156,광주,5.5,99,0.5,270,0.1,1015.3,1024.0,0.0,0.24,8,8,6.7
2024-01-21 10:00,156,광주,6.5,99,0.6,250,,1016.0,1024.7,0.0,0.6,9,9,9.7
2024-01-21 11:00,156,광주,8.0,98,0.7,230,,1015.6,1024.2,0.8,1.48,4,4,15.8
2024-01-21 12:00,156,광주,8.2,94,2.1,270,,1015.5,1024.1,0.3,1.21,8,8,13.9
2024-01-21 13:00,156,광주,8.7,92,1.7,230,,1014.9,1023.5,0.0,1.03,9,9,14.6
2024-01-21 14:00,156,광주,7.5,92,1.4,270,,1014.8,1023.5,0.0,0.56,10,7,10.7
2024-01-21 15:00,156,광주,6.4,97,1.0,320,0.0,1015.3,1024.0,0.0,0.24,10,9,9.0
2024-01-21 16:00,156,광주,5.4,96,1.3,320,0.0,1016.1,1024.9,0.0,0.22,10,9,7.6
2024-01-21 17:00,156,광주,4.9,97,0.8,320,,1016.6,1025.4,0.0,0.12,10,9,6.5
2024-01-21 18:00,156,광주,4.7,97,1.6,340,0.0,1017.6,1026.4,0.0,0.08,10,7,5.8
2024-01-21 19:00,156,광주,4.1,99,1.1,50,,1017.8,1026.6,,,10,8,5.5
2024-01-21 20:00,156,광주,4.0,97,1.6,50,,1018.4,1027.2,,,5,5,5.1
2024-01-21 21:00,156,광주,3.5,94,2.6,50,0.0,1018.9,1027.7,,,9,9,4.6
2024-01-21 22:00,156,광주,3.1,94,2.0,20,,1019.3,1028.1,,,0,0,4.3
2024-01-21 23:00,156,광주,2.5,90,1.9,20,,1019.3,1028.2,,,0,0,3.8
2024-01-22 00:00,156,광주,2.0,90,1.5,20,,1019.2,1028.1,,,9,9,3.4
2024-01-22 01:00,156,광주,1.7,86,1.4,360,,1019.7,1028.6,,,2,2,3.0
2024-01-22 02:00,156,광주,1.3,79,1.9,360,,1019.8,1028.7,,,10,9,2.5
2024-01-22 03:00,156,광주,0.8,74,2.8,340,,1020.1,1029.0,,,10,9,2.0
2024-01-22 04:00,156,광주,0.4,78,1.4,340,,1020.1,1029.1,,,9,9,1.8
2024-01-22 05:00,156,광주,-0.4,81,1.9,20,,1019.8,1028.8,,,9,9,1.3
2024-01-22 06:00,156,광주,-0.9,83,2.0,340,0.0,1019.7,1028.7,,,9,9,1.0
2024-01-22 07:00,156,광주,-1.7,95,2.8,50,,1019.6,1028.6,,,10,9,0.9
2024-01-22 08:00,156,광주,-2.2,90,1.9,360,,1020.2,1029.2,0.0,0.06,10,8,0.9
2024-01-22 09:00,156,광주,-2.9,94,2.0,360,0.0,1020.8,1029.9,0.0,0.23,10,9,1.3
2024-01-22 10:00,156,광주,-1.8,77,2.3,360,,1020.7,1029.7,0.6,0.88,8,8,4.7
2024-01-22 11:00,156,광주,-2.2,68,3.3,50,,1020.6,1029.6,0.6,1.07,8,8,6.3
2024-01-22 12:00,156,광주,-2.4,68,4.0,20,0.0,1020.1,1029.1,0.4,1.16,7,7,6.3
2024-01-22 13:00,156,광주,-2.6,73,2.9,50,,1019.7,1028.8,0.2,1.02,9,9,6.0
2024-01-22 14:00,156,광주,-1.8,66,2.9,50,,1018.9,1027.9,0.3,1.17,7,7,7.4
2024-01-22 15:00,156,광주,-2.8,71,3.3,20,0.0,1019.1,1028.2,0.3,0.99,9,9,4.8
2024-01-22 16:00,156,광주,-3.3,81,2.5,20,,1018.9,1028.0,0.3,0.74,9,9,3.5
2024-01-22 17:00,156,광주,-3.0,71,2.0,20,,1019.5,1028.6,0.0,0.34,9,9,1.6
2024-01-22 18:00,156,광주,-3.6,76,1.6,50,0.0,1019.9,1029.0,0.0,0.14,9,9,0.8
2024-01-22 19:00,156,광주,-4.2,91,1.2,340,,1020.2,1029.3,,,9,9,0.9
2024-01-22 20:00,156,광주,-4.0,85,1.9,20,,1019.9,1029.0,,,9,9,0.8
2024-01-22 21:00,156,광주,-4.6,95,2.0,50,0.0,1020.5,1029.6,,,9,9,0.9
2024-01-22 22:00,156,광주,-4.6,91,2.4,50,,1020.0,1029.1,,,9,9,0.9
2024-01-22 23:00,156,광주,-4.7,88,1.6,20,,1019.9,1029.0,,,9,9,0.9
2024-01-23 00:00,156,광주,-5.0,89,1.9,20,0.0,1019.1,1028.2,,,9,9,0.9
2024-01-23 01:00,156,광주,-5.2,93,1.8,50,,1019.0,1028.1,,,9,9,0.9
2024-01-23 02:00,156,광주,-5.5,97,1.2,50,,1019.5,1028.6,,,9,9,1.0
2024-01-23 03:00,156,광주,-5.8,98,0.8,360,0.0,1019.7,1028.9,,,9,9,1.1
2024-01-23 04:00,156,광주,-5.8,97,1.2,360,,1019.2,1028.4,,,9,9,1.1
2024-01-23 05:00,156,광주,-6.0,96,0.9,20,,1019.1,1028.3,,,9,9,1.2
2024-01-23 06:00,156,광주,-6.1,96,0.6,360,0.0,1019.1,1028.3,,,9,9,1.3
2024-01-23 07:00,156,광주,-6.4,97,1.9,50,,1019.2,1028.4,,,9,9,1.3
2024-01-23 08:00,156,광주,-6.4,96,1.4,50,,1019.2,1028.4,0.0,0.07,8,8,1.4
2024-01-23 09:00,156,광주,-6.0,89,1.2,360,0.0,1019.5,1028.7,0.0,0.19,9,9,1.5
2024-01-23 10:00,156,광주,-5.7,92,1.9,50,,1019.6,1028.8,0.0,0.32,9,9,1.6
2024-01-23 11:00,156,광주,-5.0,92,1.5,50,,1019.5,1028.6,0.0,0.41,9,9,1.5
2024-01-23 12:00,156,광주,-4.5,88,1.5,50,0.1,1018.8,1027.9,0.0,0.59,9,9,1.6
2024-01-23 13:00,156,광주,-3.8,89,1.5,340,,1017.6,1026.7,0.0,0.54,9,9,1.9
2024-01-23 14:00,156,광주,-3.8,85,2.0,50,,1016.9,1026.0,0.0,0.45,9,9,2.5
2024-01-23 15:00,156,광주,-4.3,84,1.9,320,0.0,1016.6,1025.7,0.2,0.42,9,9,2.2
2024-01-23 16:00,156,광주,-4.7,95,1.3,340,,1016.5,1025.6,0.0,0.34,9,9,1.6
2024-01-23 17:00,156,광주,-4.5,92,2.3,20,,1016.3,1025.4,0.1,0.22,7,7,1.2
2024-01-23 18:00,156,광주,-4.7,85,1.4,360,0.2,1016.6,1025.7,0.0,0.09,8,8,0.8
2024-01-23 19:00,156,광주,-5.3,97,0.7,360,,1016.8,1025.9,,,8,8,1.0
2024-01-23 20:00,156,광주,-5.2,98,0.6,20,,1017.1,1026.2,,,9,9,1.2
2024-01-23 21:00,156,광주,-4.8,98,1.3,360,0.9,1017.4,1026.5,,,9,9,1.3
2024-01-23 22:00,156,광주,-5.1,98,1.5,50,,1017.7,1026.8,,,8,8,1.4
2024-01-23 23:00,156,광주,-4.9,95,1.5,360,,1017.8,1026.9,,,9,9,1.4
2024-01-24 00:00,156,광주,-5.1,97,1.8,50,0.1,1017.2,1026.3,,,6,6,1.4
2024-01-24 01:00,156,광주,-6.1,97,2.7,70,,1017.2,1026.3,,,7,7,1.4
2024-01-24 02:00,156,광주,-6.8,97,1.8,70,,1017.2,1026.4,,,5,5,1.3
2024-01-24 03:00,156,광주,-7.0,95,1.1,70,0.0,1017.6,1026.8,,,2,2,1.2
2024-01-24 04:00,156,광주,-6.6,95,1.7,70,,1017.5,1026.7,,,7,7,1.2
2024-01-24 05:00,156,광주,-6.8,97,0.5,50,,1017.3,1026.5,,,7,7,1.2
2024-01-24 06:00,156,광주,-6.3,97,1.5,270,0.0,1017.3,1026.5,,,8,8,1.2
2024-01-24 07:00,156,광주,-5.4,98,1.0,20,,1017.1,1026.2,,,1,1,1.2
2024-01-24 08:00,156,광주,-5.7,97,0.7,70,,1017.5,1026.6,0.0,0.07,8,8,1.3
2024-01-24 09:00,156,광주,-5.0,98,1.0,70,0.0,1018.0,1027.1,0.0,0.13,7,7,1.3
2024-01-24 10:00,156,광주,-3.4,93,1.8,50,,1018.7,1027.8,0.0,0.29,3,3,1.4
2024-01-24 11:00,156,광주,-2.5,81,2.3,50,,1019.1,1028.1,0.3,0.58,3,3,1.6
2024-01-24 12:00,156,광주,-1.9,76,3.2,50,0.0,1018.7,1027.7,1.0,0.91,4,4,5.1
2024-01-24 13:00,156,광주,-1.9,72,2.8,50,,1017.9,1026.9,0.8,0.82,7,7,5.9
2024-01-24 14:00,156,광주,-1.9,65,4.3,50,,1017.4,1026.4,0.2,0.25,3,3,4.3
2024-01-24 15:00,156,광주,-1.9,59,4.6,50,0.0,1017.5,1026.5,0.9,1.49,4,4,5.1
2024-01-24 16:00,156,광주,-1.8,66,2.8,50,,1017.5,1026.5,0.6,0.88,5,5,2.2
2024-01-24 17:00,156,광주,-2.1,66,1.9,360,,1017.8,1026.8,0.3,0.44,7,7,0.9
2024-01-24 18:00,156,광주,-2.3,70,1.3,50,,1018.3,1027.3,0.1,0.16,8,8,0.7
2024-01-24 19:00,156,광주,-2.4,67,1.3,20,,1018.9,1027.9,,,2,2,0.5
2024-01-24 20:00,156,광주,-2.3,68,0.9,50,,1019.0,1028.0,,,0,0,0.3
2024-01-24 21:00,156,광주,-2.3,69,1.3,20,,1019.0,1028.0,,,7,7,-0.4
2024-01-24 22:00,156,광주,-2.2,69,1.8,50,,1019.3,1028.3,,,9,9,-0.9
2024-01-24 23:00,156,광주,-2.4,71,2.4,50,,1019.7,1028.7,,,0,0,-1.5
2024-01-25 00:00,156,광주,-3.1,73,1.4,50,,1020.1,1029.2,,,6,6,-1.9
2024-01-25 01:00,156,광주,-3.6,74,1.4,20,,1020.0,1029.1,,,2,2,-1.8
2024-01-25 02:00,156,광주,-4.0,71,2.9,50,,1019.9,1029.0,,,2,2,-2.4
2024-01-25 03:00,156,광주,-4.9,73,2.5,70,,1019.7,1028.8,,,1,1,-3.6
2024-01-25 04:00,156,광주,-5.4,74,2.4,70,,1019.7,1028.8,,,4,4,-3.9
2024-01-25 05:00,156,광주,-5.1,71,1.5,70,,1019.5,1028.6,,,8,8,-3.5
2024-01-25 06:00,156,광주,-4.5,69,0.6,70,,1020.0,1029.1,,,9,9,-2.2
2024-01-25 07:00,156,광주,-4.8,72,0.8,70,,1020.5,1029.6,,,8,8,-3.3
2024-01-25 08:00,156,광주,-4.6,73,1.2,70,,1020.8,1029.9,0.0,0.08,4,4,-3.4
2024-01-25 09:00,156,광주,-3.2,69,0.3,0,,1021.2,1030.3,0.4,0.4,1,1,-2.0
2024-01-25 10:00,156,광주,-1.9,61,0.4,0,,1021.5,1030.5,1.0,1.09,0,0,0.0
2024-01-25 11:00,156,광주,-0.3,59,1.6,50,,1021.6,1030.6,1.0,1.66,1,0,1.9
2024-01-25 12:00,156,광주,0.5,54,1.6,360,,1021.0,1030.0,1.0,1.92,6,0,3.1
2024-01-25 13:00,156,광주,1.8,47,1.3,50,,1020.2,1029.1,1.0,2.11,4,0,9.0
2024-01-25 14:00,156,광주,1.6,43,2.0,340,,1019.5,1028.4,1.0,2.18,0,0,12.0
2024-01-25 15:00,156,광주,2.1,44,2.3,20,,1019.4,1028.3,1.0,1.89,0,0,11.1
2024-01-25 16:00,156,광주,1.9,49,1.5,360,,1019.8,1028.7,1.0,1.4,0,0,8.9
2024-01-25 17:00,156,광주,0.6,58,1.3,20,,1020.6,1029.6,1.0,0.76,0,0,3.7
2024-01-25 18:00,156,광주,-0.3,66,1.2,320,,1021.0,1030.0,0.6,0.19,0,0,1.1
2024-01-25 19:00,156,광주,-0.8,67,1.0,50,,1021.5,1030.5,,,0,0,0.8
2024-01-25 20:00,156,광주,-0.8,70,2.2,50,,1021.5,1030.5,,,0,0,0.4
2024-01-25 21:00,156,광주,-1.7,74,1.0,70,,1021.6,1030.6,,,1,1,0.0
2024-01-25 22:00,156,광주,-1.6,77,0.5,90,,1021.7,1030.7,,,0,0,-1.0
2024-01-25 23:00,156,광주,-1.8,79,0.0,0,,1022.0,1031.0,,,0,0,-1.7
2024-01-26 00:00,156,광주,-1.8,81,0.6,70,,1022.1,1031.1,,,0,0,-2.1
2024-01-26 01:00,156,광주,-2.4,87,0.9,70,,1021.8,1030.9,,,0,0,-2.6
2024-01-26 02:00,156,광주,-2.6,88,1.5,70,,1021.7,1030.8,,,0,0,-2.9
2024-01-26 03:00,156,광주,-2.5,85,2.0,70,,1021.3,1030.4,,,0,0,-3.2
2024-01-26 04:00,156,광주,-2.4,81,1.2,50,,1021.0,1030.1,,,0,0,-3.5
2024-01-26 05:00,156,광주,-3.4,88,0.9,50,,1021.0,1030.1,,,2,2,-3.7
2024-01-26 06:00,156,광주,-2.5,87,1.2,70,,1021.0,1030.1,,,9,9,-2.3
2024-01-26 07:00,156,광주,-2.5,84,2.2,70,,1021.3,1030.4,,,0,0,-3.8
2024-01-26 08:00,156,광주,-2.5,87,1.5,70,,1021.3,1030.4,0.0,0.08,2,2,-3.7
2024-01-26 09:00,156,광주,-0.5,82,1.4,50,,1021.5,1030.5,0.7,0.47,0,0,-0.8
2024-01-26 10:00,156,광주,2.1,70,1.5,70,,1021.8,1030.7,1.0,1.14,0,0,0.1
2024-01-26 11:00,156,광주,3.1,67,1.2,270,,1021.8,1030.7,1.0,1.71,0,0,2.0
2024-01-26 12:00,156,광주,4.6,58,1.2,20,,1021.0,1029.8,1.0,2.1,1,1,7.7
2024-01-26 13:00,156,광주,5.5,56,2.3,50,,1020.3,1029.1,1.0,2.13,2,2,13.6
2024-01-26 14:00,156,광주,5.7,54,1.8,360,,1019.9,1028.7,1.0,2.24,2,2,14.8
2024-01-26 15:00,156,광주,6.1,56,1.6,320,,1019.8,1028.6,1.0,1.8,1,1,13.4
2024-01-26 16:00,156,광주,4.9,59,1.3,20,,1020.0,1028.8,0.8,1.09,2,2,9.1
2024-01-26 17:00,156,광주,4.4,61,1.2,20,,1020.1,1028.9,0.8,0.61,2,2,6.0
2024-01-26 18:00,156,광주,3.7,65,1.7,20,,1020.6,1029.4,0.0,0.13,2,2,2.7
2024-01-26 19:00,156,광주,2.7,67,1.6,50,,1020.9,1029.8,,,3,0,1.0
2024-01-26 20:00,156,광주,1.7,74,0.9,70,,1020.8,1029.7,,,2,0,0.9
2024-01-26 21:00,156,광주,1.6,77,0.8,70,,1020.8,1029.7,,,6,6,0.9
2024-01-26 22:00,156,광주,0.9,79,1.1,70,,1020.8,1029.7,,,0,0,0.7
2024-01-26 23:00,156,광주,0.4,82,1.5,70,,1020.7,1029.7,,,0,0,0.6
2024-01-27 00:00,156,광주,0.7,81,1.0,50,,1020.4,1029.3,,,0,0,0.1
2024-01-27 01:00,156,광주,-0.1,89,1.1,290,,1020.4,1029.4,,,0,0,-0.5
2024-01-27 02:00,156,광주,-0.6,94,0.1,0,,1020.0,1029.0,,,0,0,-1.0
2024-01-27 03:00,156,광주,-0.9,97,0.0,0,,1019.9,1028.9,,,7,7,-1.2
2024-01-27 04:00,156,광주,-0.6,94,0.4,0,,1019.6,1028.6,,,7,7,-0.8
2024-01-27 05:00,156,광주,-0.6,97,0.2,0,,1019.6,1028.6,,,8,8,-1.2
2024-01-27 06:00,156,광주,-0.6,97,0.4,0,,1019.8,1028.8,,,9,9,-0.3
2024-01-27 07:00,156,광주,-0.3,97,0.2,0,,1020.0,1029.0,,,9,9,-0.2
2024-01-27 08:00,156,광주,0.3,97,0.1,0,,1020.1,1029.1,0.0,0.08,9,9,-0.1
2024-01-27 09:00,156,광주,0.6,97,0.1,0,,1020.4,1029.4,0.0,0.23,9,9,0.2
2024-01-27 10:00,156,광주,1.9,88,0.7,360,,1020.6,1029.5,0.1,0.68,8,8,0.5
2024-01-27 11:00,156,광주,4.4,71,0.7,250,,1020.8,1029.6,0.8,1.48,5,0,4.3
2024-01-27 12:00,156,광주,5.8,58,1.3,50,,1020.0,1028.8,1.0,2.05,2,0,12.9
2024-01-27 13:00,156,광주,6.4,55,1.8,320,,1018.7,1027.4,0.9,2.07,5,5,15.3
2024-01-27 14:00,156,광주,6.5,52,1.7,320,,1018.2,1026.9,1.0,2.11,7,1,14.2
2024-01-27 15:00,156,광주,6.9,52,1.7,290,,1017.6,1026.3,1.0,1.84,0,0,13.4
2024-01-27 16:00,156,광주,6.5,46,1.3,290,,1017.4,1026.1,1.0,1.42,0,0,11.1
2024-01-27 17:00,156,광주,5.4,52,1.6,340,,1017.3,1026.1,1.0,0.79,0,0,6.8
2024-01-27 18:00,156,광주,4.3,48,1.0,20,,1017.7,1026.5,0.6,0.17,0,0,3.2
2024-01-27 19:00,156,광주,3.3,56,0.9,20,,1017.8,1026.6,,,0,0,1.3
2024-01-27 20:00,156,광주,2.4,61,0.6,50,,1018.2,1027.1,,,5,0,1.2
2024-01-27 21:00,156,광주,2.3,64,1.5,50,,1018.1,1027.0,,,7,7,1.2
2024-01-27 22:00,156,광주,1.1,68,1.2,70,,1018.1,1027.0,,,0,0,1.0
2024-01-27 23:00,156,광주,1.5,68,1.2,50,,1018.1,1027.0,,,8,8,0.9
2024-01-28 00:00,156,광주,0.8,75,0.3,0,,1018.4,1027.3,,,6,4,0.7
2024-01-28 01:00,156,광주,0.4,76,0.7,50,,1018.2,1027.1,,,8,8,0.5
2024-01-28 02:00,156,광주,0.9,79,0.6,360,,1018.0,1026.9,,,6,6,0.1
2024-01-28 03:00,156,광주,0.4,81,0.6,320,,1018.3,1027.2,,,8,8,0.0
2024-01-28 04:00,156,광주,0.0,84,0.6,90,,1018.2,1027.2,,,1,1,0.1
2024-01-28 05:00,156,광주,0.3,87,0.2,0,,1018.4,1027.3,,,8,8,-0.1
2024-01-28 06:00,156,광주,0.2,87,0.8,20,,1018.6,1027.6,,,1,1,-0.8
2024-01-28 07:00,156,광주,0.0,67,3.3,50,,1019.7,1028.7,,,0,0,-1.4
2024-01-28 08:00,156,광주,-1.0,71,2.1,70,,1020.2,1029.2,0.0,0.09,0,0,-1.7
2024-01-28 09:00,156,광주,0.4,64,1.9,70,,1020.5,1029.5,0.6,0.44,0,0,-0.3
2024-01-28 10:00,156,광주,2.2,61,1.7,70,,1021.1,1030.0,1.0,1.14,0,0,0.2
2024-01-28 11:00,156,광주,3.2,58,0.8,90,,1021.6,1030.5,0.8,1.4,3,3,3.2
2024-01-28 12:00,156,광주,4.8,54,0.7,360,,1021.3,1030.1,1.0,2.13,7,7,13.1
2024-01-28 13:00,156,광주,4.9,52,1.3,20,,1020.7,1029.5,0.4,1.27,8,8,10.9
2024-01-28 14:00,156,광주,4.9,53,1.4,360,,1019.9,1028.7,0.7,1.65,8,8,12.0
2024-01-28 15:00,156,광주,4.9,54,1.5,290,,1019.8,1028.6,0.5,1.13,7,7,9.8
2024-01-28 16:00,156,광주,4.7,55,1.9,20,,1020.4,1029.2,0.7,1.16,7,7,9.5
2024-01-28 17:00,156,광주,4.3,56,2.1,290,,1020.9,1029.7,0.6,0.6,8,8,6.1
2024-01-28 18:00,156,광주,2.7,60,1.3,340,,1021.5,1030.4,0.4,0.21,0,0,2.5
2024-01-28 19:00,156,광주,2.3,60,1.0,360,,1021.8,1030.7,,,0,0,1.1
2024-01-28 20:00,156,광주,1.7,62,1.2,320,,1022.3,1031.2,,,0,0,1.1
2024-01-28 21:00,156,광주,1.3,65,1.2,50,,1022.4,1031.3,,,0,0,0.8
2024-01-28 22:00,156,광주,0.7,68,1.0,20,,1022.6,1031.6,,,0,0,0.3
2024-01-28 23:00,156,광주,-0.1,73,0.8,50,,1022.6,1031.6,,,0,0,-0.5
2024-01-29 00:00,156,광주,-0.4,74,1.1,50,,1022.7,1031.7,,,0,0,-1.2
2024-01-29 01:00,156,광주,-1.0,79,0.7,50,,1022.2,1031.2,,,0,0,-1.7
2024-01-29 02:00,156,광주,-1.6,87,0.4,0,,1022.1,1031.1,,,0,0,-2.0
2024-01-29 03:00,156,광주,-2.0,91,0.8,290,,1022.5,1031.6,,,0,0,-2.3
2024-01-29 04:00,156,광주,-2.0,94,0.2,0,,1022.8,1031.9,,,7,7,-2.2
2024-01-29 05:00,156,광주,-1.7,93,0.8,70,,1022.5,1031.5,,,9,9,-1.6
2024-01-29 06:00,156,광주,-1.4,89,0.7,50,,1022.6,1031.6,,,9,9,-1.2
2024-01-29 07:00,156,광주,-0.9,82,1.1,70,,1023.0,1032.0,,,9,9,-1.0
2024-01-29 08:00,156,광주,-0.5,78,1.8,70,,1023.3,1032.3,0.0,0.08,9,9,-1.2
2024-01-29 09:00,156,광주,0.7,70,1.1,70,,1023.6,1032.6,0.1,0.38,9,9,-0.1
2024-01-29 10:00,156,광주,1.7,65,2.4,70,,1023.4,1032.3,0.2,0.85,8,8,0.1
2024-01-29 11:00,156,광주,3.4,59,1.7,70,,1023.8,1032.7,0.8,1.41,7,7,2.1
2024-01-29 12:00,156,광주,3.7,56,2.3,70,,1023.3,1032.2,1.0,2.09,4,4,10.8
2024-01-29 13:00,156,광주,4.9,54,1.1,360,,1022.4,1031.2,1.0,2.39,0,0,15.2
2024-01-29 14:00,156,광주,4.9,49,1.5,360,,1021.6,1030.4,1.0,2.33,0,0,15.8
2024-01-29 15:00,156,광주,5.5,44,1.3,290,,1021.5,1030.3,1.0,2.01,0,0,14.0
2024-01-29 16:00,156,광주,5.2,42,1.0,290,,1021.5,1030.3,1.0,1.47,2,0,11.2
2024-01-29 17:00,156,광주,4.6,45,1.9,50,,1021.2,1030.0,1.0,0.86,0,0,6.4
2024-01-29 18:00,156,광주,3.6,53,1.4,50,,1021.3,1030.1,0.7,0.18,0,0,2.6
2024-01-29 19:00,156,광주,2.0,56,1.5,70,,1021.7,1030.6,,,0,0,1.4
2024-01-29 20:00,156,광주,1.0,61,1.8,70,,1022.2,1031.2,,,0,0,1.1
2024-01-29 21:00,156,광주,1.4,60,0.9,90,,1022.6,1031.5,,,0,0,0.7
2024-01-29 22:00,156,광주,0.2,65,1.4,70,,1022.4,1031.4,,,0,0,-0.1
2024-01-29 23:00,156,광주,0.0,69,1.1,70,,1022.5,1031.5,,,0,0,-0.8
2024-01-30 00:00,156,광주,-0.4,74,1.2,50,,1022.5,1031.5,,,0,0,-1.3
2024-01-30 01:00,156,광주,-0.8,76,1.2,50,,1022.2,1031.2,,,0,0,-1.6
2024-01-30 02:00,156,광주,-1.6,78,0.1,0,,1022.1,1031.1,,,0,0,-2.0
2024-01-30 03:00,156,광주,-1.8,83,1.0,70,,1021.6,1030.6,,,3,3,-2.3
2024-01-30 04:00,156,광주,-1.6,83,1.2,70,,1021.3,1030.3,,,3,3,-2.4
2024-01-30 05:00,156,광주,-1.6,82,0.4,0,,1021.2,1030.2,,,3,3,-2.2
2024-01-30 06:00,156,광주,-2.0,87,0.2,0,,1021.2,1030.2,,,1,1,-2.7
2024-01-30 07:00,156,광주,-1.9,91,0.5,270,,1022.1,1031.1,,,9,9,-2.1
2024-01-30 08:00,156,광주,-1.5,85,0.7,110,,1022.0,1031.0,0.0,0.08,9,9,-1.4
2024-01-30 09:00,156,광주,-0.5,77,0.4,0,,1022.1,1031.1,0.1,0.31,8,8,-0.5
2024-01-30 10:00,156,광주,1.4,65,0.8,90,,1021.7,1030.6,1.0,1.1,0,0,0.2
2024-01-30 11:00,156,광주,4.4,54,0.4,0,,1021.5,1030.3,1.0,1.81,0,0,4.6
2024-01-30 12:00,156,광주,7.0,41,1.3,70,,1020.1,1028.8,1.0,2.22,0,0,13.5
2024-01-30 13:00,156,광주,9.0,38,1.0,320,,1019.3,1027.9,1.0,2.41,0,0,17.3
2024-01-30 14:00,156,광주,9.8,35,0.9,270,,1018.6,1027.2,1.0,2.2,0,0,17.7
2024-01-30 15:00,156,광주,9.7,32,0.7,270,,1017.8,1026.4,0.5,1.27,8,8,12.8
2024-01-30 16:00,156,광주,9.7,38,1.1,270,,1017.9,1026.5,0.0,0.57,8,8,10.2
2024-01-30 17:00,156,광주,9.0,43,0.9,250,,1018.3,1026.9,0.0,0.29,10,10,8.1
2024-01-30 18:00,156,광주,8.5,46,0.7,250,,1018.4,1027.0,0.0,0.11,10,10,6.4
2024-01-30 19:00,156,광주,8.3,41,2.0,200,,1018.4,1027.1,,,9,8,5.3
2024-01-30 20:00,156,광주,7.7,42,1.0,180,,1018.3,1027.0,,,10,10,4.9
2024-01-30 21:00,156,광주,7.6,45,0.1,0,,1017.7,1026.4,,,10,10,4.9
2024-01-30 22:00,156,광주,7.5,51,0.4,0,,1017.8,1026.5,,,10,10,4.9
2024-01-30 23:00,156,광주,6.9,57,0.6,270,,1017.7,1026.4,,,10,8,4.9
2024-01-31 00:00,156,광주,5.1,84,0.1,0,0.2,1017.4,1026.2,,,10,8,4.9
2024-01-31 01:00,156,광주,5.0,95,0.5,250,,1017.7,1026.5,,,10,8,4.9
2024-01-31 02:00,156,광주,4.8,98,0.5,90,,1017.3,1026.1,,,10,9,4.9
2024-01-31 03:00,156,광주,4.8,97,1.8,70,0.3,1017.1,1025.9,,,10,9,4.9
2024-01-31 04:00,156,광주,4.3,99,1.7,70,,1016.2,1025.0,,,10,9,4.7
2024-01-31 05:00,156,광주,4.6,99,2.0,70,,1016.1,1024.9,,,10,8,4.7
2024-01-31 06:00,156,광주,4.2,99,2.5,70,0.0,1016.2,1025.0,,,10,10,4.7
2024-01-31 07:00,156,광주,3.9,99,2.9,70,,1015.9,1024.7,,,10,10,4.5
2024-01-31 08:00,156,광주,4.4,99,1.6,70,,1016.5,1025.3,0.0,0.08,9,9,4.6
2024-01-31 09:00,156,광주,5.3,99,1.1,70,0.3,1016.5,1025.3,0.0,0.26,9,9,6.1
2024-01-31 10:00,156,광주,7.3,96,2.2,70,,1016.5,1025.2,0.7,1.04,8,8,10.5
2024-01-31 11:00,156,광주,10.1,82,2.4,70,,1016.1,1024.7,0.6,1.4,7,7,15.4
2024-01-31 12:00,156,광주,11.9,69,1.6,70,,1015.3,1023.8,1.0,2.18,0,0,19.2
2024-01-31 13:00,156,광주,13.5,61,0.6,110,,1014.1,1022.5,1.0,2.32,0,0,21.4
2024-01-31 14:00,156,광주,14.6,58,1.4,70,,1012.7,1021.1,1.0,2.23,0,0,21.7
2024-01-31 15:00,156,광주,15.7,57,1.9,230,,1012.3,1020.7,1.0,1.94,0,0,20.2
2024-01-31 16:00,156,광주,14.4,60,1.5,290,,1012.7,1021.1,0.9,1.42,0,0,17.5
2024-01-31 17:00,156,광주,13.4,60,1.4,20,,1012.6,1021.0,0.1,0.36,7,7,12.5
2024-01-31 18:00,156,광주,11.9,56,1.5,340,,1013.1,1021.6,0.1,0.17,6,6,9.2
2024-01-31 19:00,156,광주,10.9,57,0.8,20,,1013.5,1022.0,,,8,8,8.3
2024-01-31 20:00,156,광주,10.0,56,1.4,70,,1013.8,1022.4,,,10,3,7.8
2024-01-31 21:00,156,광주,10.4,53,0.8,20,0.0,1014.1,1022.7,,,10,7,7.7
2024-01-31 22:00,156,광주,8.4,74,0.6,340,,1014.6,1023.2,,,10,8,7.4
2024-01-31 23:00,156,광주,7.2,89,1.4,50,,1014.4,1023.1,,,10,8,7.1
2024-01-01 00:00,168,여수,4.2,74,2.8,340,,1017.3,1025.5,,,0,0,1.1
2024-01-01 01:00,168,여수,3.9,75,1.0,50,,1017.8,1026.1,,,0,0,0.3
2024-01-01 02:00,168,여수,3.3,76,1.2,50,,1018.1,1026.4,,,0,0,-0.7
2024-01-01 03:00,168,여수,3.1,83,1.8,90,,1018.5,1026.8,,,0,0,-0.4
2024-01-01 04:00,168,여수,4.0,73,3.0,90,,1018.6,1026.9,,,0,0,0.0
2024-01-01 05:00,168,여수,4.4,70,3.4,70,,1018.7,1026.9,,,0,0,0.4
2024-01-01 06:00,168,여수,4.5,69,3.7,70,,1019.1,1027.3,,,0,0,0.6
2024-01-01 07:00,168,여수,4.6,68,4.4,70,,1019.6,1027.8,,,0,0,0.8
2024-01-01 08:00,168,여수,4.6,69,5.0,90,,1020.1,1028.3,0.0,0.01,0,0,1.2
2024-01-01 09:00,168,여수,5.2,65,4.6,90,,1020.4,1028.7,0.6,0.36,5,5,4.1
2024-01-01 10:00,168,여수,5.7,65,6.7,90,,1020.9,1029.1,0.5,0.77,7,7,6.2
2024-01-01 11:00,168,여수,6.6,63,4.4,90,,1020.8,1029.0,0.7,1.4,5,3,12.1
2024-01-01 12:00,168,여수,7.5,58,4.1,90,,1020.2,1028.4,1.0,1.93,2,2,15.8
2024-01-01 13:00,168,여수,8.5,54,2.8,90,,1019.3,1027.4,1.0,1.98,3,0,18.0
2024-01-01 14:00,168,여수,9.2,52,2.8,90,,1018.5,1026.6,1.0,1.9,3,3,18.8
2024-01-01 15:00,168,여수,9.3,52,2.0,70,,1018.2,1026.3,0.7,1.31,3,3,15.5
2024-01-01 16:00,168,여수,9.5,54,0.9,180,,1018.0,1026.1,0.5,0.8,6,6,12.8
2024-01-01 17:00,168,여수,8.8,55,1.5,140,,1017.9,1026.0,0.9,0.45,2,0,8.1
2024-01-01 18:00,168,여수,7.8,60,1.0,290,,1017.9,1026.0,0.1,0.03,2,2,4.7
2024-01-01 19:00,168,여수,7.3,63,0.2,0,,1017.8,1026.0,,,7,6,5.6
2024-01-01 20:00,168,여수,7.3,62,1.5,270,,1018.0,1026.2,,,9,9,5.4
2024-01-01 21:00,168,여수,7.3,62,1.7,320,,1017.9,1026.1,,,9,9,5.6
2024-01-01 22:00,168,여수,7.0,64,2.0,290,,1017.8,1026.0,,,7,5,4.5
2024-01-01 23:00,168,여수,7.1,61,2.8,340,,1017.7,1025.9,,,8,7,4.7
2024-01-02 00:00,168,여수,7.2,64,1.4,250,,1017.1,1025.3,,,9,9,5.5
2024-01-02 01:00,168,여수,7.2,64,3.5,340,,1016.7,1024.8,,,10,10,5.5
2024-01-02 02:00,168,여수,6.9,68,3.6,20,,1016.5,1024.7,,,10,7,5.2
2024-01-02 03:00,168,여수,6.7,71,3.2,340,0.1,1016.4,1024.6,,,10,8,5.2
2024-01-02 04:00,168,여수,6.5,73,1.4,320,,1015.9,1024.1,,,8,8,5.0
2024-01-02 05:00,168,여수,6.6,71,1.6,250,,1015.4,1023.6,,,9,9,5.2
2024-01-02 06:00,168,여수,6.2,66,2.7,290,0.1,1015.5,1023.7,,,6,6,3.8
2024-01-02 07:00,168,여수,5.9,64,4.7,320,,1015.6,1023.8,,,2,2,2.6
2024-01-02 08:00,168,여수,5.3,65,1.1,290,,1015.4,1023.6,0.0,0.01,3,3,1.7
2024-01-02 09:00,168,여수,6.0,63,3.8,270,,1015.2,1023.4,0.7,0.34,2,2,4.9
2024-01-02 10:00,168,여수,7.5,59,3.4,270,,1015.5,1023.6,1.0,0.93,0,0,9.4
2024-01-02 11:00,168,여수,8.6,54,4.0,320,,1015.0,1023.1,1.0,1.43,0,0,13.6
2024-01-02 12:00,168,여수,9.4,52,6.1,340,,1013.9,1021.9,1.0,1.78,0,0,16.3
2024-01-02 13:00,168,여수,10.1,48,6.7,290,,1013.0,1021.0,1.0,1.92,2,2,17.8
2024-01-02 14:00,168,여수,10.3,47,5.8,290,,1012.1,1020.1,1.0,1.79,5,5,18.0
2024-01-02 15:00,168,여수,10.4,47,5.2,320,,1012.0,1020.0,1.0,1.48,4,4,15.9
2024-01-02 16:00,168,여수,9.9,48,5.5,290,,1012.1,1020.1,1.0,0.97,3,3,12.4
2024-01-02 17:00,168,여수,8.9,52,4.9,290,,1012.4,1020.4,0.8,0.4,7,3,9.0
2024-01-02 18:00,168,여수,7.9,54,3.2,320,,1012.7,1020.8,0.0,0.03,6,6,6.3
2024-01-02 19:00,168,여수,7.7,54,4.9,320,,1013.0,1021.1,,,9,8,6.6
2024-01-02 20:00,168,여수,7.5,55,2.7,270,,1012.5,1020.6,,,9,9,6.3
2024-01-02 21:00,168,여수,7.3,56,4.0,290,,1012.6,1020.7,,,7,7,5.9
2024-01-02 22:00,168,여수,6.9,55,5.7,320,,1011.7,1019.8,,,7,7,5.0
2024-01-02 23:00,168,여수,6.6,58,1.8,270,,1011.7,1019.8,,,8,6,4.5
2024-01-03 00:00,168,여수,6.3,59,1.9,270,,1011.2,1019.3,,,10,5,4.7
2024-01-03 01:00,168,여수,6.3,59,4.4,320,,1011.0,1019.1,,,10,9,4.9
2024-01-03 02:00,168,여수,5.9,62,7.4,290,,1010.7,1018.8,,,10,2,4.7
2024-01-03 03:00,168,여수,5.8,62,6.7,320,,1010.8,1019.0,,,10,8,4.7
2024-01-03 04:00,168,여수,5.6,63,6.7,320,,1010.5,1018.7,,,10,7,4.5
2024-01-03 05:00,168,여수,5.3,65,9.5,320,,1009.7,1017.9,,,10,7,4.5
2024-01-03 06:00,168,여수,4.8,69,7.7,340,0.0,1010.1,1018.3,,,10,6,4.2
2024-01-03 07:00,168,여수,4.1,77,4.2,340,,1010.4,1018.6,,,10,8,3.8
2024-01-03 08:00,168,여수,4.1,79,1.9,320,,1010.7,1018.9,0.0,0.0,10,9,3.9
2024-01-03 09:00,168,여수,4.4,78,2.1,340,0.1,1010.7,1018.9,0.0,0.1,10,8,5.1
2024-01-03 10:00,168,여수,4.7,73,5.0,340,,1010.8,1019.0,0.0,0.45,7,7,6.4
2024-01-03 11:00,168,여수,5.6,66,5.3,340,,1010.3,1018.5,0.2,0.94,7,2,8.8
2024-01-03 12:00,168,여수,6.8,55,8.7,340,0.0,1009.6,1017.7,0.5,1.35,5,5,13.4
2024-01-03 13:00,168,여수,7.5,51,8.1,320,,1009.1,1017.2,0.9,1.86,4,4,15.3
2024-01-03 14:00,168,여수,7.2,53,9.1,340,,1009.0,1017.1,1.0,1.93,3,3,15.0
2024-01-03 15:00,168,여수,7.7,50,7.2,320,,1009.1,1017.2,0.7,1.39,5,5,14.8
2024-01-03 16:00,168,여수,7.2,49,9.0,320,,1009.7,1017.8,1.0,1.02,3,3,9.8
2024-01-03 17:00,168,여수,6.7,50,8.1,340,,1010.5,1018.6,0.9,0.42,3,3,6.6
2024-01-03 18:00,168,여수,6.0,52,6.7,320,,1011.3,1019.4,0.0,0.06,2,2,4.3
2024-01-03 19:00,168,여수,5.4,51,4.8,320,,1012.0,1020.2,,,0,0,2.8
2024-01-03 20:00,168,여수,4.9,52,4.4,320,,1012.3,1020.5,,,3,0,2.1
2024-01-03 21:00,168,여수,4.8,52,7.5,320,,1012.9,1021.1,,,3,0,2.2
2024-01-03 22:00,168,여수,4.5,56,6.3,320,,1013.3,1021.5,,,0,0,1.7
2024-01-03 23:00,168,여수,4.1,58,4.7,320,,1013.4,1021.6,,,6,1,1.2
2024-01-04 00:00,168,여수,3.7,61,3.9,340,,1013.5,1021.7,,,2,2,0.9
2024-01-04 01:00,168,여수,3.1,58,2.9,290,,1014.0,1022.3,,,0,0,0.0
2024-01-04 02:00,168,여수,2.9,57,6.3,360,,1013.9,1022.2,,,0,0,-0.1
2024-01-04 03:00,168,여수,2.8,57,4.0,50,,1013.9,1022.2,,,0,0,-0.3
2024-01-04 04:00,168,여수,2.5,58,6.8,340,,1013.6,1021.9,,,0,0,-0.5
2024-01-04 05:00,168,여수,1.9,59,5.0,340,,1014.1,1022.4,,,0,0,-1.0
2024-01-04 06:00,168,여수,1.6,60,3.8,360,,1014.5,1022.8,,,0,0,-1.4
2024-01-04 07:00,168,여수,1.3,64,5.3,340,,1014.6,1022.9,,,0,0,-1.5
2024-01-04 08:00,168,여수,0.7,66,3.4,320,,1015.5,1023.9,0.0,0.01,0,0,-2.1
2024-01-04 09:00,168,여수,1.9,60,5.1,340,,1016.2,1024.5,0.7,0.38,0,0,1.5
2024-01-04 10:00,168,여수,3.6,53,2.7,320,,1016.5,1024.8,1.0,1.05,0,0,7.6
2024-01-04 11:00,168,여수,5.1,51,1.9,230,,1016.6,1024.8,1.0,1.59,0,0,13.2
2024-01-04 12:00,168,여수,6.4,43,3.0,200,,1015.9,1024.1,1.0,1.96,0,0,16.8
2024-01-04 13:00,168,여수,7.7,42,4.5,250,,1014.8,1022.9,1.0,2.11,0,0,18.3
2024-01-04 14:00,168,여수,8.7,41,5.2,250,,1014.2,1022.3,1.0,2.0,0,0,18.3
2024-01-04 15:00,168,여수,9.2,43,4.8,250,,1013.8,1021.8,1.0,1.68,0,0,16.3
2024-01-04 16:00,168,여수,8.6,49,4.2,250,,1014.1,1022.2,1.0,1.15,0,0,12.6
2024-01-04 17:00,168,여수,8.0,53,5.0,250,,1014.1,1022.2,1.0,0.5,0,0,7.2
2024-01-04 18:00,168,여수,7.0,60,3.9,250,,1014.4,1022.5,0.3,0.04,0,0,4.5
2024-01-04 19:00,168,여수,6.6,56,4.3,270,,1014.5,1022.7,,,0,0,3.4
2024-01-04 20:00,168,여수,5.7,58,2.7,320,,1014.6,1022.8,,,0,0,2.1
2024-01-04 21:00,168,여수,5.1,59,2.7,290,,1014.9,1023.1,,,0,0,1.2
2024-01-04 22:00,168,여수,4.6,62,0.8,270,,1015.0,1023.2,,,0,0,0.4
2024-01-04 23:00,168,여수,4.0,67,2.4,360,,1015.0,1023.2,,,0,0,0.1
2024-01-05 00:00,168,여수,4.4,65,3.6,290,,1014.6,1022.8,,,0,0,0.7
2024-01-05 01:00,168,여수,4.2,73,2.1,250,,1014.3,1022.5,,,0,0,0.2
2024-01-05 02:00,168,여수,4.3,74,2.5,230,,1014.1,1022.3,,,0,0,0.1
2024-01-05 03:00,168,여수,3.8,77,1.6,230,,1014.1,1022.3,,,0,0,-0.7
2024-01-05 04:00,168,여수,3.6,78,2.1,250,,1014.0,1022.2,,,0,0,-0.7
2024-01-05 05:00,168,여수,3.8,79,4.1,320,,1014.0,1022.2,,,0,0,-0.3
2024-01-05 06:00,168,여수,5.5,76,5.1,320,,1014.2,1022.4,,,6,6,1.9
2024-01-05 07:00,168,여수,6.2,76,4.6,290,,1014.5,1022.7,,,8,8,2.8
2024-01-05 08:00,168,여수,5.8,77,2.6,290,,1014.7,1022.9,0.0,0.01,6,6,3.1
2024-01-05 09:00,168,여수,6.5,76,2.3,270,,1015.0,1023.2,0.0,0.16,7,7,5.1
2024-01-05 10:00,168,여수,7.4,75,2.7,230,,1015.2,1023.3,0.0,0.36,9,9,7.6
2024-01-05 11:00,168,여수,9.2,66,3.7,290,,1014.9,1023.0,0.1,0.75,6,6,11.3
2024-01-05 12:00,168,여수,11.1,57,5.3,320,,1013.8,1021.8,1.0,1.75,3,0,17.5
2024-01-05 13:00,168,여수,11.5,54,8.4,320,,1013.0,1021.0,1.0,1.77,3,0,18.0
2024-01-05 14:00,168,여수,12.4,52,4.8,290,,1012.3,1020.2,1.0,1.5,4,0,18.4
2024-01-05 15:00,168,여수,12.5,51,5.6,320,,1011.8,1019.7,1.0,1.37,5,2,16.3
2024-01-05 16:00,168,여수,11.9,52,5.3,290,,1011.6,1019.6,0.6,0.72,6,2,12.3
2024-01-05 17:00,168,여수,11.4,54,3.3,290,,1011.9,1019.9,0.1,0.26,6,6,9.7
2024-01-05 18:00,168,여수,10.8,58,2.3,270,,1012.3,1020.3,0.0,0.04,7,7,7.5
2024-01-05 19:00,168,여수,10.1,59,2.7,320,,1012.3,1020.3,,,0,0,5.9
2024-01-05 20:00,168,여수,9.1,66,1.6,200,,1012.5,1020.5,,,5,0,4.5
2024-01-05 21:00,168,여수,8.2,70,1.8,270,,1012.6,1020.7,,,0,0,3.9
2024-01-05 22:00,168,여수,8.2,67,3.6,290,,1012.5,1020.6,,,0,0,3.8
2024-01-05 23:00,168,여수,7.9,68,3.8,290,,1012.2,1020.3,,,0,0,3.4
2024-01-06 00:00,168,여수,8.2,66,4.0,290,,1012.3,1020.4,,,0,0,3.5
2024-01-06 01:00,168,여수,8.1,65,5.1,320,,1012.1,1020.2,,,0,0,3.6
2024-01-06 02:00,168,여수,7.2,68,2.7,290,,1012.0,1020.1,,,0,0,2.6
2024-01-06 03:00,168,여수,7.0,68,3.2,320,,1011.9,1020.0,,,0,0,2.6
2024-01-06 04:00,168,여수,6.5,68,5.2,340,,1011.7,1019.8,,,0,0,2.6
2024-01-06 05:00,168,여수,6.0,66,5.9,320,,1011.7,1019.9,,,0,0,2.2
2024-01-06 06:00,168,여수,5.4,64,4.9,340,,1011.8,1020.0,,,0,0,1.7
2024-01-06 07:00,168,여수,4.8,59,4.2,320,,1012.4,1020.6,,,0,0,0.8
2024-01-06 08:00,168,여수,4.6,44,6.1,340,,1013.0,1021.2,0.0,0.01,0,0,0.8
2024-01-06 09:00,168,여수,5.0,38,4.3,340,,1013.4,1021.6,0.7,0.37,0,0,3.6
2024-01-06 10:00,168,여수,6.4,33,4.5,320,,1013.7,1021.9,1.0,1.04,0,0,9.0
2024-01-06 11:00,168,여수,7.6,27,6.7,320,,1013.4,1021.5,1.0,1.59,0,0,13.3
2024-01-06 12:00,168,여수,8.1,31,3.0,90,,1012.7,1020.8,1.0,1.95,0,0,18.4
2024-01-06 13:00,168,여수,8.6,34,2.2,110,,1011.9,1020.0,1.0,1.96,2,0,19.0
2024-01-06 14:00,168,여수,9.8,30,1.3,110,,1011.6,1019.6,1.0,1.95,0,0,20.9
2024-01-06 15:00,168,여수,10.9,17,5.5,320,,1011.5,1019.5,1.0,1.75,4,0,18.4
2024-01-06 16:00,168,여수,9.4,21,7.7,320,,1011.9,1019.9,0.7,0.96,7,0,12.4
2024-01-06 17:00,168,여수,8.5,22,5.8,340,,1012.3,1020.4,0.1,0.29,8,0,7.8
2024-01-06 18:00,168,여수,7.3,26,7.1,320,,1012.9,1021.0,0.1,0.04,3,0,5.2
2024-01-06 19:00,168,여수,6.6,29,5.9,320,,1013.3,1021.4,,,4,1,3.8
2024-01-06 20:00,168,여수,5.8,29,4.9,340,,1013.7,1021.9,,,5,4,2.8
2024-01-06 21:00,168,여수,5.2,30,5.8,320,,1014.3,1022.5,,,0,0,2.1
2024-01-06 22:00,168,여수,4.3,38,4.5,320,,1015.0,1023.2,,,0,0,1.2
2024-01-06 23:00,168,여수,3.5,46,3.1,320,,1015.3,1023.5,,,0,0,0.6
2024-01-07 00:00,168,여수,2.8,52,1.5,270,,1015.2,1023.5,,,0,0,-0.7
2024-01-07 01:00,168,여수,2.6,54,2.8,320,,1015.0,1023.3,,,3,0,-0.5
2024-01-07 02:00,168,여수,2.4,62,3.9,320,,1014.7,1023.0,,,8,1,-0.4
2024-01-07 03:00,168,여수,2.3,64,3.5,320,,1015.0,1023.3,,,4,1,-0.4
2024-01-07 04:00,168,여수,2.3,60,6.9,340,,1014.7,1023.0,,,4,0,-0.3
2024-01-07 05:00,168,여수,2.3,55,8.7,320,,1014.7,1023.0,,,0,0,-0.2
2024-01-07 06:00,168,여수,2.0,53,7.4,320,,1014.9,1023.2,,,3,0,-0.6
2024-01-07 07:00,168,여수,1.8,59,5.4,320,,1015.7,1024.0,,,7,7,0.2
2024-01-07 08:00,168,여수,1.3,65,5.3,320,,1016.3,1024.6,0.0,0.01,6,6,0.0
2024-01-07 09:00,168,여수,1.4,63,5.8,320,,1016.7,1025.0,0.3,0.22,4,4,1.2
2024-01-07 10:00,168,여수,1.9,57,5.8,320,,1017.4,1025.7,0.3,0.57,6,6,5.0
2024-01-07 11:00,168,여수,2.4,55,4.4,320,,1017.5,1025.8,0.5,1.18,8,8,7.7
2024-01-07 12:00,168,여수,2.5,49,3.0,360,,1017.0,1025.3,0.2,0.9,6,6,12.2
2024-01-07 13:00,168,여수,3.3,37,4.7,320,,1016.5,1024.8,0.8,1.89,3,3,13.2
2024-01-07 14:00,168,여수,3.2,36,5.6,360,,1016.0,1024.3,1.0,1.99,0,0,14.3
2024-01-07 15:00,168,여수,3.2,35,8.5,20,,1016.0,1024.3,1.0,1.68,0,0,11.5
2024-01-07 16:00,168,여수,2.9,34,6.6,50,,1016.3,1024.6,1.0,1.21,0,0,8.1
2024-01-07 17:00,168,여수,2.4,37,4.6,20,,1017.4,1025.7,1.0,0.57,0,0,3.2
2024-01-07 18:00,168,여수,1.3,41,7.4,360,,1017.9,1026.3,0.4,0.06,0,0,0.6
2024-01-07 19:00,168,여수,0.7,45,6.2,340,,1018.4,1026.8,,,0,0,-0.5
2024-01-07 20:00,168,여수,0.1,47,6.7,320,,1018.7,1027.1,,,0,0,-1.3
2024-01-07 21:00,168,여수,-0.4,46,5.9,320,,1018.8,1027.2,,,0,0,-2.1
2024-01-07 22:00,168,여수,-1.0,47,6.4,320,,1018.9,1027.3,,,0,0,-2.7
2024-01-07 23:00,168,여수,-1.5,49,7.3,320,,1018.9,1027.3,,,0,0,-3.0
2024-01-08 00:00,168,여수,-1.8,45,6.4,340,,1019.1,1027.6,,,0,0,-3.0
2024-01-08 01:00,168,여수,-2.1,41,8.3,340,,1019.4,1027.9,,,0,0,-3.1
2024-01-08 02:00,168,여수,-2.5,44,5.6,20,,1018.9,1027.4,,,0,0,-3.4
2024-01-08 03:00,168,여수,-2.9,46,6.3,340,,1019.0,1027.5,,,0,0,-3.6
2024-01-08 04:00,168,여수,-3.1,44,7.5,340,,1018.8,1027.3,,,0,0,-3.8
2024-01-08 05:00,168,여수,-3.4,45,6.9,340,,1018.4,1026.9,,,0,0,-4.0
2024-01-08 06:00,168,여수,-3.6,44,4.5,360,,1019.0,1027.5,,,0,0,-4.2
2024-01-08 07:00,168,여수,-4.0,46,3.8,340,,1019.6,1028.1,,,0,0,-4.6
2024-01-08 08:00,168,여수,-4.2,48,4.1,340,,1019.7,1028.2,0.0,0.01,0,0,-4.5
2024-01-08 09:00,168,여수,-3.2,46,2.9,320,,1020.2,1028.7,0.7,0.37,3,0,-1.2
2024-01-08 10:00,168,여수,-1.2,46,1.1,90,,1020.3,1028.7,1.0,1.09,0,0,4.1
2024-01-08 11:00,168,여수,-0.2,45,2.2,90,,1019.7,1028.1,1.0,1.63,0,0,9.0
2024-01-08 12:00,168,여수,1.2,43,1.4,90,,1018.9,1027.3,1.0,2.01,0,0,14.5
2024-01-08 13:00,168,여수,3.3,43,2.0,160,,1018.0,1026.3,1.0,2.15,0,0,16.8
2024-01-08 14:00,168,여수,4.3,45,2.0,200,,1017.2,1025.4,1.0,2.04,0,0,17.4
2024-01-08 15:00,168,여수,3.8,44,3.0,230,,1017.0,1025.3,1.0,1.72,0,0,14.0
2024-01-08 16:00,168,여수,3.8,36,3.5,230,,1017.1,1025.4,1.0,1.21,0,0,9.8
2024-01-08 17:00,168,여수,2.8,46,3.0,230,,1017.0,1025.3,0.6,0.47,6,0,3.4
2024-01-08 18:00,168,여수,2.2,49,3.7,250,,1017.1,1025.4,0.0,0.04,6,0,1.1
2024-01-08 19:00,168,여수,1.9,51,2.8,270,,1017.1,1025.4,,,5,1,-0.3
2024-01-08 20:00,168,여수,1.3,52,2.6,290,,1016.9,1025.2,,,0,0,-1.5
2024-01-08 21:00,168,여수,1.3,54,3.1,290,,1016.9,1025.2,,,0,0,-1.7
2024-01-08 22:00,168,여수,0.9,47,3.5,320,,1016.6,1025.0,,,0,0,-2.4
2024-01-08 23:00,168,여수,0.5,50,3.7,290,,1016.1,1024.5,,,0,0,-2.6
2024-01-09 00:00,168,여수,0.0,53,2.7,270,,1015.9,1024.3,,,0,0,-3.1
2024-01-09 01:00,168,여수,-0.5,54,1.7,230,,1015.7,1024.1,,,3,0,-2.9
2024-01-09 02:00,168,여수,-0.5,53,1.9,200,,1015.0,1023.4,,,0,0,-2.9
2024-01-09 03:00,168,여수,0.1,54,2.8,230,,1014.7,1023.1,,,0,0,-2.6
2024-01-09 04:00,168,여수,0.6,55,2.4,250,,1014.4,1022.7,,,6,6,-1.6
2024-01-09 05:00,168,여수,1.0,54,2.4,320,,1014.4,1022.7,,,10,10,-0.7
2024-01-09 06:00,168,여수,0.8,57,2.9,320,,1014.4,1022.7,,,10,10,-1.2
2024-01-09 07:00,168,여수,0.7,61,3.1,320,,1014.6,1022.9,,,2,0,-1.9
2024-01-09 08:00,168,여수,0.4,64,1.4,50,,1014.4,1022.8,0.0,0.01,8,8,-0.8
2024-01-09 09:00,168,여수,1.1,65,1.3,90,,1014.3,1022.6,0.0,0.13,9,9,1.1
2024-01-09 10:00,168,여수,2.3,67,1.8,70,,1014.7,1023.0,0.0,0.47,9,4,5.3
2024-01-09 11:00,168,여수,2.8,64,3.6,90,,1014.2,1022.5,0.0,0.63,10,4,7.0
2024-01-09 12:00,168,여수,3.3,62,1.0,70,,1013.2,1021.4,0.0,0.51,10,6,6.4
2024-01-09 13:00,168,여수,3.3,67,0.4,0,,1012.3,1020.5,0.0,0.24,10,8,5.1
2024-01-09 14:00,168,여수,3.5,72,0.7,270,,1011.5,1019.7,0.0,0.25,10,8,6.0
2024-01-09 15:00,168,여수,3.7,75,1.2,90,0.2,1011.0,1019.2,0.0,0.31,10,8,5.9
2024-01-09 16:00,168,여수,3.4,82,2.2,90,,1010.6,1018.8,0.0,0.16,10,7,4.8
2024-01-09 17:00,168,여수,3.4,85,1.0,90,,1009.7,1017.9,0.0,0.1,10,8,4.5
2024-01-09 18:00,168,여수,3.6,87,1.8,90,0.8,1009.9,1018.1,0.0,0.02,10,8,4.0
2024-01-09 19:00,168,여수,4.0,88,0.8,70,,1009.8,1018.0,,,10,9,4.1
2024-01-09 20:00,168,여수,4.6,91,1.9,50,,1009.2,1017.4,,,10,7,4.4
2024-01-09 21:00,168,여수,4.8,92,1.0,90,2.3,1009.1,1017.3,,,10,9,4.5
2024-01-09 22:00,168,여수,4.7,93,1.1,90,,1008.8,1017.0,,,10,7,4.6
2024-01-09 23:00,168,여수,4.7,93,2.6,320,,1008.5,1016.7,,,10,4,4.4
2024-01-10 00:00,168,여수,4.5,91,1.2,290,2.1,1008.1,1016.3,,,5,5,2.7
2024-01-10 01:00,168,여수,5.0,89,4.9,340,,1007.7,1015.9,,,7,2,2.5
2024-01-10 02:00,168,여수,4.5,89,1.3,70,,1008.1,1016.3,,,4,0,1.4
2024-01-10 03:00,168,여수,4.6,87,4.1,20,,1008.6,1016.8,,,3,3,1.6
2024-01-10 04:00,168,여수,4.1,86,1.6,20,,1008.4,1016.6,,,2,2,1.0
2024-01-10 05:00,168,여수,3.6,87,3.0,360,,1008.3,1016.5,,,3,0,0.6
2024-01-10 06:00,168,여수,3.6,81,5.8,20,,1008.5,1016.7,,,5,0,0.7
2024-01-10 07:00,168,여수,3.3,80,3.0,20,,1009.3,1017.5,,,8,8,1.2
2024-01-10 08:00,168,여수,3.4,82,2.8,20,,1009.9,1018.1,0.0,0.0,9,9,2.3
2024-01-10 09:00,168,여수,3.7,82,0.5,20,,1010.7,1018.9,0.1,0.15,8,8,3.7
2024-01-10 10:00,168,여수,3.9,73,5.6,50,,1011.3,1019.5,0.4,0.61,8,8,6.4
2024-01-10 11:00,168,여수,4.7,69,5.4,90,,1011.0,1019.2,1.0,1.5,3,3,10.1
2024-01-10 12:00,168,여수,5.6,63,5.4,50,,1010.3,1018.5,0.9,1.85,5,5,12.3
2024-01-10 13:00,168,여수,5.8,64,4.4,90,,1009.7,1017.8,0.3,1.28,8,8,9.8
2024-01-10 14:00,168,여수,6.1,62,3.8,70,,1009.8,1017.9,0.0,0.96,8,8,9.9
2024-01-10 15:00,168,여수,6.4,60,4.1,70,,1009.9,1018.0,0.1,0.93,8,8,9.4
2024-01-10 16:00,168,여수,6.5,59,4.5,90,,1009.9,1018.0,0.7,0.97,7,7,8.3
2024-01-10 17:00,168,여수,6.4,58,4.1,50,,1010.2,1018.3,0.8,0.44,7,7,5.4
2024-01-10 18:00,168,여수,6.0,57,3.1,50,,1010.9,1019.0,0.0,0.05,6,6,3.1
2024-01-10 19:00,168,여수,5.6,60,3.3,360,,1011.5,1019.7,,,6,6,2.2
2024-01-10 20:00,168,여수,4.7,62,6.5,340,,1012.0,1020.2,,,3,0,1.6
2024-01-10 21:00,168,여수,3.7,66,8.3,340,,1012.0,1020.2,,,0,0,0.9
2024-01-10 22:00,168,여수,3.0,68,6.6,340,,1012.2,1020.4,,,0,0,0.3
2024-01-10 23:00,168,여수,2.6,71,3.4,340,,1012.2,1020.5,,,0,0,-0.3
2024-01-11 00:00,168,여수,2.2,71,2.5,20,,1012.2,1020.5,,,0,0,-0.6
2024-01-11 01:00,168,여수,1.8,73,3.3,290,,1011.8,1020.1,,,0,0,-1.1
2024-01-11 02:00,168,여수,1.8,71,1.4,160,,1011.7,1020.0,,,0,0,-1.3
2024-01-11 03:00,168,여수,1.4,73,5.4,340,,1011.9,1020.2,,,0,0,-1.3
2024-01-11 04:00,168,여수,1.0,74,5.0,340,,1011.8,1020.1,,,0,0,-0.2
2024-01-11 05:00,168,여수,0.8,66,5.1,320,,1011.4,1019.7,,,0,0,-0.2
2024-01-11 06:00,168,여수,0.2,63,4.4,320,,1011.8,1020.1,,,0,0,-0.8
2024-01-11 07:00,168,여수,-0.6,64,3.3,290,,1012.1,1020.5,,,0,0,-1.7
2024-01-11 08:00,168,여수,-0.8,58,3.1,290,,1011.9,1020.3,0.0,0.01,0,0,-2.1
2024-01-11 09:00,168,여수,-0.4,58,4.7,290,,1012.3,1020.7,0.6,0.35,0,0,-0.7
2024-01-11 10:00,168,여수,1.5,56,1.3,290,,1012.0,1020.3,1.0,1.08,0,0,0.6
2024-01-11 11:00,168,여수,2.7,53,6.9,340,,1012.1,1020.4,1.0,1.67,0,0,5.6
2024-01-11 12:00,168,여수,4.7,51,5.1,290,,1011.2,1019.4,1.0,2.02,0,0,11.5
2024-01-11 13:00,168,여수,6.0,50,5.2,290,,1010.3,1018.4,1.0,2.18,0,0,13.8
2024-01-11 14:00,168,여수,6.7,47,5.6,290,,1009.4,1017.5,1.0,2.08,0,0,13.7
2024-01-11 15:00,168,여수,7.4,45,6.0,290,,1009.1,1017.2,1.0,1.77,0,0,12.4
2024-01-11 16:00,168,여수,8.0,43,5.4,320,,1009.0,1017.1,1.0,1.27,0,0,9.7
2024-01-11 17:00,168,여수,7.2,43,6.8,290,,1008.9,1017.0,1.0,0.59,0,0,4.7
2024-01-11 18:00,168,여수,5.5,53,5.9,290,,1009.6,1017.8,0.4,0.08,0,0,2.2
2024-01-11 19:00,168,여수,4.8,58,4.5,320,,1010.0,1018.2,,,0,0,1.3
2024-01-11 20:00,168,여수,4.6,58,4.8,320,,1009.8,1018.0,,,2,0,1.0
2024-01-11 21:00,168,여수,4.5,60,3.3,270,,1009.6,1017.8,,,0,0,0.4
2024-01-11 22:00,168,여수,4.0,64,1.3,340,,1009.8,1018.0,,,0,0,-0.3
2024-01-11 23:00,168,여수,4.4,68,3.5,270,,1009.9,1018.1,,,4,4,0.7
2024-01-12 00:00,168,여수,4.4,69,3.5,270,,1009.6,1017.8,,,5,5,0.7
2024-01-12 01:00,168,여수,4.6,70,2.4,270,,1009.5,1017.7,,,7,7,1.1
2024-01-12 02:00,168,여수,5.2,69,3.0,270,,1009.5,1017.7,,,8,8,2.3
2024-01-12 03:00,168,여수,5.4,70,3.0,270,,1009.5,1017.7,,,9,9,2.9
2024-01-12 04:00,168,여수,5.7,69,1.9,320,,1009.4,1017.5,,,9,9,3.3
2024-01-12 05:00,168,여수,6.1,70,4.2,250,,1009.2,1017.3,,,9,9,3.6
2024-01-12 06:00,168,여수,5.7,70,1.9,290,,1009.3,1017.4,,,7,7,2.0
2024-01-12 07:00,168,여수,5.8,72,1.3,320,,1009.4,1017.5,,,6,6,1.4
2024-01-12 08:00,168,여수,5.4,73,2.5,320,,1009.7,1017.9,0.0,0.01,1,1,1.2
2024-01-12 09:00,168,여수,6.1,72,4.6,290,,1010.2,1018.3,0.6,0.3,2,0,4.4
2024-01-12 10:00,168,여수,7.5,63,4.9,340,,1010.7,1018.8,1.0,0.9,0,0,8.7
2024-01-12 11:00,168,여수,8.6,56,4.5,340,,1010.5,1018.5,1.0,1.48,2,0,12.4
2024-01-12 12:00,168,여수,9.7,54,3.9,270,,1009.9,1017.9,1.0,1.85,0,0,15.7
2024-01-12 13:00,168,여수,10.5,47,4.7,290,,1009.4,1017.4,1.0,2.03,0,0,16.8
2024-01-12 14:00,168,여수,11.1,43,5.0,290,,1009.2,1017.2,1.0,1.95,0,0,17.4
2024-01-12 15:00,168,여수,11.4,41,4.5,290,,1009.0,1017.0,1.0,1.66,0,0,15.6
2024-01-12 16:00,168,여수,11.1,39,5.2,250,,1008.9,1016.9,1.0,1.13,0,0,12.2
2024-01-12 17:00,168,여수,10.5,36,4.1,270,,1009.3,1017.3,1.0,0.52,0,0,7.6
2024-01-12 18:00,168,여수,9.0,40,4.2,270,,1009.8,1017.8,0.3,0.07,0,0,4.6
2024-01-12 19:00,168,여수,7.9,33,3.6,360,,1010.6,1018.7,,,0,0,3.0
2024-01-12 20:00,168,여수,7.1,33,7.0,320,,1010.9,1019.0,,,0,0,2.5
2024-01-12 21:00,168,여수,6.0,31,6.5,340,,1011.3,1019.4,,,0,0,1.5
2024-01-12 22:00,168,여수,5.1,37,9.1,320,,1011.5,1019.7,,,0,0,1.1
2024-01-12 23:00,168,여수,4.4,40,6.9,340,,1011.8,1020.0,,,0,0,0.5
2024-01-13 00:00,168,여수,4.1,39,9.1,340,,1011.8,1020.0,,,0,0,0.5
2024-01-13 01:00,168,여수,4.0,33,9.8,340,,1011.6,1019.8,,,0,0,0.3
2024-01-13 02:00,168,여수,3.9,31,9.1,340,,1012.2,1020.4,,,0,0,0.0
2024-01-13 03:00,168,여수,3.1,34,4.1,360,,1012.5,1020.7,,,0,0,-1.3
2024-01-13 04:00,168,여수,3.1,34,5.2,340,,1012.6,1020.8,,,0,0,-1.3
2024-01-13 05:00,168,여수,3.0,35,3.9,340,,1012.9,1021.1,,,0,0,-1.5
2024-01-13 06:00,168,여수,2.1,36,2.2,290,,1013.5,1021.8,,,0,0,-1.1
2024-01-13 07:00,168,여수,2.2,35,1.9,320,,1014.3,1022.6,,,0,0,-1.5
2024-01-13 08:00,168,여수,2.1,35,3.1,360,,1015.2,1023.5,0.0,0.01,0,0,-1.3
2024-01-13 09:00,168,여수,3.5,32,5.1,340,,1015.5,1023.8,0.6,0.36,0,0,0.4
2024-01-13 10:00,168,여수,5.2,31,3.5,50,,1016.4,1024.6,1.0,1.06,0,0,6.8
2024-01-13 11:00,168,여수,6.9,39,2.6,270,,1016.9,1025.1,1.0,1.63,0,0,12.4
2024-01-13 12:00,168,여수,6.8,38,2.4,110,,1016.5,1024.7,1.0,1.98,0,0,16.5
2024-01-13 13:00,168,여수,7.5,39,2.8,90,,1016.2,1024.3,1.0,2.13,0,0,18.8
2024-01-13 14:00,168,여수,8.0,33,2.6,90,,1015.7,1023.8,1.0,2.06,0,0,19.7
2024-01-13 15:00,168,여수,8.7,32,1.8,110,,1016.2,1024.3,1.0,1.73,0,0,17.6
2024-01-13 16:00,168,여수,9.0,32,1.1,70,,1016.5,1024.6,1.0,1.23,0,0,14.2
2024-01-13 17:00,168,여수,8.5,36,2.8,140,,1016.7,1024.8,1.0,0.61,0,0,7.7
2024-01-13 18:00,168,여수,6.9,40,1.8,90,,1017.4,1025.6,0.5,0.07,0,0,3.8
2024-01-13 19:00,168,여수,6.2,45,0.7,90,,1017.9,1026.1,,,1,0,2.0
2024-01-13 20:00,168,여수,5.7,47,0.8,90,,1018.4,1026.6,,,0,0,0.9
2024-01-13 21:00,168,여수,6.0,46,2.1,140,,1018.6,1026.8,,,0,0,1.0
2024-01-13 22:00,168,여수,5.5,50,1.0,110,,1018.8,1027.0,,,0,0,0.2
2024-01-13 23:00,168,여수,5.1,54,1.0,90,,1018.3,1026.5,,,0,0,-0.3
2024-01-14 00:00,168,여수,4.9,58,1.1,90,,1017.9,1026.1,,,0,0,-0.7
2024-01-14 01:00,168,여수,4.6,62,1.8,90,,1018.0,1026.2,,,0,0,-0.5
2024-01-14 02:00,168,여수,4.0,68,2.1,110,,1017.7,1026.0,,,0,0,-0.5
2024-01-14 03:00,168,여수,3.6,68,1.7,70,,1017.4,1025.7,,,0,0,-0.9
2024-01-14 04:00,168,여수,3.6,69,2.6,90,,1016.9,1025.2,,,0,0,-0.7
2024-01-14 05:00,168,여수,3.3,70,1.7,110,,1016.9,1025.2,,,0,0,-1.4
2024-01-14 06:00,168,여수,3.2,75,1.4,110,,1016.5,1024.8,,,0,0,-1.2
2024-01-14 07:00,168,여수,3.0,77,2.4,90,,1016.5,1024.8,,,0,0,-1.1
2024-01-14 08:00,168,여수,3.1,78,1.1,90,,1016.3,1024.6,0.0,0.01,0,0,-0.8
2024-01-14 09:00,168,여수,3.9,79,2.7,90,,1016.3,1024.5,0.5,0.34,0,0,3.5
2024-01-14 10:00,168,여수,6.1,73,0.4,0,,1016.2,1024.4,1.0,1.01,0,0,10.1
2024-01-14 11:00,168,여수,8.7,63,0.8,200,,1015.5,1023.6,1.0,1.55,0,0,15.2
2024-01-14 12:00,168,여수,10.1,61,2.5,230,,1014.4,1022.5,1.0,1.93,0,0,18.9
2024-01-14 13:00,168,여수,11.9,58,4.3,230,,1013.3,1021.3,1.0,2.06,3,1,21.0
2024-01-14 14:00,168,여수,12.8,58,5.2,250,,1012.3,1020.2,1.0,1.98,2,1,21.6
2024-01-14 15:00,168,여수,13.2,58,5.3,230,,1011.5,1019.4,1.0,1.65,0,0,19.4
2024-01-14 16:00,168,여수,12.8,61,5.6,230,,1010.8,1018.7,1.0,1.12,0,0,15.8
2024-01-14 17:00,168,여수,12.4,64,6.5,250,,1010.8,1018.7,0.8,0.5,3,3,11.2
2024-01-14 18:00,168,여수,12.3,65,4.7,250,,1011.0,1018.9,0.0,0.04,10,8,10.3
2024-01-14 19:00,168,여수,11.8,70,5.0,250,,1010.7,1018.7,,,7,7,9.7
2024-01-14 20:00,168,여수,11.8,73,4.9,250,,1010.8,1018.8,,,7,6,9.4
2024-01-14 21:00,168,여수,11.9,74,5.4,320,,1010.9,1018.9,,,7,7,9.6
2024-01-14 22:00,168,여수,10.5,75,6.7,340,,1011.2,1019.2,,,9,9,9.1
2024-01-14 23:00,168,여수,9.0,66,6.6,340,,1011.3,1019.3,,,7,4,6.7
2024-01-15 00:00,168,여수,7.7,69,6.7,320,,1011.5,1019.6,,,0,0,5.1
2024-01-15 01:00,168,여수,6.3,67,7.5,340,,1011.6,1019.7,,,0,0,3.8
2024-01-15 02:00,168,여수,5.1,64,5.9,340,,1012.3,1020.5,,,0,0,2.6
2024-01-15 03:00,168,여수,4.1,60,8.9,340,,1012.4,1020.6,,,0,0,2.0
2024-01-15 04:00,168,여수,3.2,58,9.2,340,,1012.8,1021.0,,,0,0,1.1
2024-01-15 05:00,168,여수,2.4,56,10.8,340,,1013.3,1021.6,,,0,0,0.5
2024-01-15 06:00,168,여수,1.7,52,10.2,360,,1014.0,1022.3,,,0,0,-0.3
2024-01-15 07:00,168,여수,1.3,46,11.8,340,,1014.8,1023.1,,,0,0,-0.7
2024-01-15 08:00,168,여수,0.7,44,8.7,340,,1016.0,1024.4,0.0,0.01,0,0,-1.2
2024-01-15 09:00,168,여수,1.2,40,8.2,340,,1016.9,1025.2,0.5,0.36,0,0,1.7
2024-01-15 10:00,168,여수,2.3,37,8.6,340,,1017.7,1026.0,1.0,1.13,0,0,6.5
2024-01-15 11:00,168,여수,3.7,37,5.9,340,,1018.1,1026.4,1.0,1.71,0,0,11.7
2024-01-15 12:00,168,여수,5.0,31,5.7,340,,1017.3,1025.5,1.0,2.1,0,0,15.7
2024-01-15 13:00,168,여수,6.0,24,6.1,320,,1016.6,1024.8,1.0,2.26,0,0,17.6
2024-01-15 14:00,168,여수,6.8,22,7.2,340,,1016.2,1024.4,1.0,2.15,0,0,17.7
2024-01-15 15:00,168,여수,7.6,19,7.4,320,,1015.8,1023.9,1.0,1.87,0,0,15.8
2024-01-15 16:00,168,여수,7.6,19,7.6,320,,1015.8,1023.9,1.0,1.35,0,0,12.0
2024-01-15 17:00,168,여수,6.7,22,9.3,340,,1016.7,1024.9,1.0,0.71,0,0,6.3
2024-01-15 18:00,168,여수,5.2,26,7.2,360,,1017.4,1025.6,0.6,0.11,0,0,3.5
2024-01-15 19:00,168,여수,4.1,31,11.4,340,,1017.9,1026.1,,,0,0,2.6
2024-01-15 20:00,168,여수,3.2,34,8.8,340,,1018.8,1027.1,,,0,0,1.5
2024-01-15 21:00,168,여수,2.6,35,10.5,340,,1019.4,1027.7,,,0,0,1.0
2024-01-15 22:00,168,여수,2.0,39,9.4,340,,1019.8,1028.1,,,0,0,0.2
2024-01-15 23:00,168,여수,1.7,39,9.1,340,,1019.7,1028.1,,,0,0,-0.4
2024-01-16 00:00,168,여수,1.3,41,7.4,340,,1019.9,1028.3,,,0,0,-0.9
2024-01-16 01:00,168,여수,0.8,42,6.1,340,,1019.8,1028.2,,,0,0,-1.8
2024-01-16 02:00,168,여수,0.3,45,3.3,320,,1020.1,1028.5,,,0,0,-2.6
2024-01-16 03:00,168,여수,0.1,42,0.7,340,,1020.7,1029.1,,,0,0,-2.5
2024-01-16 04:00,168,여수,-0.5,46,1.9,290,,1020.7,1029.1,,,0,0,-2.9
2024-01-16 05:00,168,여수,-0.8,50,1.3,50,,1021.2,1029.6,,,0,0,-3.2
2024-01-16 06:00,168,여수,-0.4,49,1.5,70,,1021.9,1030.3,,,0,0,-3.4
2024-01-16 07:00,168,여수,-0.3,51,2.5,70,,1022.4,1030.8,,,0,0,-3.2
2024-01-16 08:00,168,여수,0.2,55,4.3,70,,1022.8,1031.2,0.0,0.01,0,0,-2.4
2024-01-16 09:00,168,여수,1.2,39,4.4,90,,1023.3,1031.7,0.5,0.36,0,0,0.1
2024-01-16 10:00,168,여수,2.4,43,4.0,90,,1024.0,1032.4,1.0,1.13,0,0,5.8
2024-01-16 11:00,168,여수,3.3,41,2.6,70,,1024.6,1032.9,1.0,1.71,0,0,12.2
2024-01-16 12:00,168,여수,4.6,35,3.4,90,,1024.3,1032.6,1.0,2.09,0,0,16.8
2024-01-16 13:00,168,여수,5.8,31,4.3,90,,1023.6,1031.9,1.0,2.24,0,0,18.6
2024-01-16 14:00,168,여수,6.6,32,3.6,90,,1023.2,1031.4,1.0,2.03,3,0,19.3
2024-01-16 15:00,168,여수,6.9,31,2.2,140,,1023.3,1031.5,1.0,1.45,8,0,14.6
2024-01-16 16:00,168,여수,6.7,37,0.6,20,,1023.4,1031.6,0.1,0.58,9,0,8.9
2024-01-16 17:00,168,여수,7.1,50,0.6,290,,1023.7,1031.9,0.7,0.48,7,0,7.3
2024-01-16 18:00,168,여수,6.2,58,1.1,270,,1024.0,1032.2,0.0,0.07,5,0,3.8
2024-01-16 19:00,168,여수,5.5,60,1.4,290,,1024.3,1032.6,,,6,4,2.2
2024-01-16 20:00,168,여수,5.4,63,0.8,90,,1024.2,1032.5,,,8,5,2.1
2024-01-16 21:00,168,여수,5.0,63,1.6,90,,1024.3,1032.6,,,7,7,1.2
2024-01-16 22:00,168,여수,4.7,62,2.6,90,,1023.8,1032.1,,,7,2,1.1
2024-01-16 23:00,168,여수,4.2,63,0.7,70,,1023.6,1031.9,,,6,2,0.2
2024-01-17 00:00,168,여수,4.5,63,1.5,90,,1023.3,1031.6,,,8,8,2.2
2024-01-17 01:00,168,여수,4.8,62,1.8,90,,1023.0,1031.3,,,9,9,2.9
2024-01-17 02:00,168,여수,4.8,63,1.2,90,,1022.5,1030.8,,,9,9,2.8
2024-01-17 03:00,168,여수,4.8,64,3.3,70,,1022.0,1030.3,,,6,6,2.3
2024-01-17 04:00,168,여수,4.6,65,0.8,230,,1021.7,1030.0,,,8,8,2.9
2024-01-17 05:00,168,여수,5.0,66,2.0,110,,1021.3,1029.6,,,10,10,3.2
2024-01-17 06:00,168,여수,4.8,67,0.5,110,,1021.1,1029.4,,,7,7,1.5
2024-01-17 07:00,168,여수,4.9,69,0.9,90,,1021.0,1029.3,,,8,8,2.1
2024-01-17 08:00,168,여수,5.2,69,0.5,140,,1021.0,1029.3,0.0,0.01,9,9,3.0
2024-01-17 09:00,168,여수,5.7,72,1.0,110,,1021.1,1029.3,0.0,0.18,10,10,5.6
2024-01-17 10:00,168,여수,6.4,71,2.4,90,,1021.2,1029.4,0.0,0.45,10,5,8.3
2024-01-17 11:00,168,여수,7.1,70,2.1,90,,1020.5,1028.7,0.0,0.54,10,3,10.5
2024-01-17 12:00,168,여수,7.7,66,1.8,70,,1019.2,1027.3,0.2,0.72,10,5,10.9
2024-01-17 13:00,168,여수,8.4,66,1.6,90,,1017.5,1025.6,0.0,0.56,10,6,10.8
2024-01-17 14:00,168,여수,8.7,67,1.4,70,,1016.8,1024.9,0.0,0.34,10,6,10.5
2024-01-17 15:00,168,여수,8.8,67,1.5,70,0.0,1016.3,1024.4,0.0,0.38,10,7,10.1
2024-01-17 16:00,168,여수,9.2,68,1.3,70,,1015.9,1024.0,0.0,0.27,10,6,9.8
2024-01-17 17:00,168,여수,8.9,69,2.2,90,,1015.5,1023.6,0.0,0.14,10,8,8.6
2024-01-17 18:00,168,여수,8.5,72,1.3,50,,1015.7,1023.8,0.0,0.04,10,7,7.5
2024-01-17 19:00,168,여수,8.5,72,2.3,90,,1015.4,1023.5,,,9,1,7.1
2024-01-17 20:00,168,여수,9.0,71,1.0,90,,1015.4,1023.5,,,8,7,7.3
2024-01-17 21:00,168,여수,8.8,71,0.3,0,,1015.0,1023.1,,,10,3,6.9
2024-01-17 22:00,168,여수,9.0,76,1.0,320,,1015.0,1023.1,,,9,1,7.1
2024-01-17 23:00,168,여수,8.8,76,0.2,0,,1014.4,1022.5,,,9,6,7.1
2024-01-18 00:00,168,여수,8.7,78,0.6,320,,1013.8,1021.9,,,10,3,7.0
2024-01-18 01:00,168,여수,8.8,80,0.3,0,,1013.4,1021.5,,,10,2,7.0
2024-01-18 02:00,168,여수,8.6,81,1.8,290,,1012.9,1021.0,,,10,4,7.1
2024-01-18 03:00,168,여수,8.1,80,2.6,250,0.1,1012.7,1020.8,,,10,2,6.9
2024-01-18 04:00,168,여수,8.3,81,2.6,290,,1012.3,1020.4,,,10,5,7.0
2024-01-18 05:00,168,여수,9.2,87,2.8,230,,1011.9,1019.9,,,10,5,7.6
2024-01-18 06:00,168,여수,9.0,89,3.2,230,0.3,1011.8,1019.8,,,10,10,7.4
2024-01-18 07:00,168,여수,9.2,88,3.0,230,,1011.9,1019.9,,,10,2,7.6
2024-01-18 08:00,168,여수,9.8,90,2.9,250,,1012.3,1020.3,0.0,0.0,10,6,7.9
2024-01-18 09:00,168,여수,11.8,86,6.3,320,0.0,1012.5,1020.5,0.0,0.14,10,3,10.1
2024-01-18 10:00,168,여수,11.3,84,3.2,250,,1013.1,1021.1,0.0,0.28,10,2,11.3
2024-01-18 11:00,168,여수,11.2,84,5.5,290,,1013.0,1021.0,0.0,0.32,10,4,11.0
2024-01-18 12:00,168,여수,11.3,84,4.2,290,0.3,1012.4,1020.4,0.0,0.37,10,2,12.3
2024-01-18 13:00,168,여수,10.9,85,1.7,20,,1012.0,1020.0,0.0,0.27,10,2,11.2
2024-01-18 14:00,168,여수,10.7,86,3.3,320,,1011.7,1019.7,0.0,0.34,10,3,10.9
2024-01-18 15:00,168,여수,10.4,88,1.3,160,0.0,1011.3,1019.3,0.0,0.19,10,2,10.9
2024-01-18 16:00,168,여수,9.8,90,0.4,0,,1011.9,1019.9,0.0,0.17,10,7,10.2
2024-01-18 17:00,168,여수,9.9,91,1.1,250,,1012.8,1020.8,0.0,0.05,10,7,9.5
2024-01-18 18:00,168,여수,9.8,91,4.5,70,2.5,1013.5,1021.5,0.0,0.01,10,9,9.2
2024-01-18 19:00,168,여수,9.3,93,3.8,90,,1014.5,1022.6,,,10,8,8.8
2024-01-18 20:00,168,여수,9.0,94,7.4,90,,1014.5,1022.6,,,10,9,8.6
2024-01-18 21:00,168,여수,9.0,91,7.2,90,4.6,1015.0,1023.1,,,10,9,8.3
2024-01-18 22:00,168,여수,8.4,90,7.8,90,,1015.6,1023.7,,,10,9,8.0
2024-01-18 23:00,168,여수,7.8,91,5.7,70,,1015.9,1024.0,,,10,9,7.6
2024-01-19 00:00,168,여수,7.4,91,7.9,90,1.3,1016.3,1024.4,,,10,9,7.2
2024-01-19 01:00,168,여수,7.2,90,8.0,90,,1016.2,1024.3,,,10,8,6.9
2024-01-19 02:00,168,여수,7.0,87,8.4,90,,1016.3,1024.5,,,10,9,6.5
2024-01-19 03:00,168,여수,6.5,88,7.8,70,0.1,1016.8,1025.0,,,10,9,6.2
2024-01-19 04:00,168,여수,6.4,89,8.2,90,,1017.2,1025.4,,,10,9,6.1
2024-01-19 05:00,168,여수,6.1,90,7.3,90,,1017.1,1025.3,,,10,9,5.9
2024-01-19 06:00,168,여수,6.1,86,7.9,90,0.4,1017.4,1025.6,,,10,9,5.7
2024-01-19 07:00,168,여수,6.4,79,7.4,90,,1017.9,1026.1,,,10,8,5.5
2024-01-19 08:00,168,여수,6.4,77,7.9,90,,1018.4,1026.6,0.0,0.0,10,6,5.4
2024-01-19 09:00,168,여수,6.5,74,7.5,90,0.0,1019.1,1027.3,0.0,0.07,10,8,5.7
2024-01-19 10:00,168,여수,6.5,74,7.4,90,,1019.5,1027.7,0.0,0.28,10,8,6.6
2024-01-19 11:00,168,여수,6.6,74,7.8,90,,1019.3,1027.5,0.0,0.34,10,6,6.7
2024-01-19 12:00,168,여수,6.7,73,7.2,90,,1018.9,1027.1,0.0,0.29,10,5,6.8
2024-01-19 13:00,168,여수,6.9,72,8.2,90,,1018.2,1026.4,0.0,0.4,10,5,7.2
2024-01-19 14:00,168,여수,6.9,72,6.9,90,,1017.7,1025.9,0.0,0.39,10,8,7.1
2024-01-19 15:00,168,여수,6.8,75,7.6,90,0.2,1016.9,1025.1,0.0,0.33,10,7,7.2
2024-01-19 16:00,168,여수,7.1,73,7.6,90,,1017.0,1025.2,0.0,0.37,10,3,7.2
2024-01-19 17:00,168,여수,7.3,71,8.4,90,,1017.2,1025.3,0.0,0.18,10,8,6.3
2024-01-19 18:00,168,여수,7.3,68,8.3,90,0.0,1017.3,1025.4,0.0,0.05,10,5,5.5
2024-01-19 19:00,168,여수,7.2,67,7.0,90,,1018.0,1026.2,,,10,5,5.2
2024-01-19 20:00,168,여수,7.1,66,7.5,90,,1018.0,1026.2,,,9,7,5.1
2024-01-19 21:00,168,여수,6.9,69,9.2,90,,1017.7,1025.9,,,10,4,5.0
2024-01-19 22:00,168,여수,6.7,71,8.8,90,,1017.8,1026.0,,,10,2,4.9
2024-01-19 23:00,168,여수,6.7,71,8.6,90,,1017.6,1025.8,,,10,1,4.9
2024-01-20 00:00,168,여수,6.9,72,8.3,90,,1017.6,1025.8,,,10,6,5.1
2024-01-20 01:00,168,여수,7.0,72,7.9,90,,1017.7,1025.9,,,9,2,5.2
2024-01-20 02:00,168,여수,7.0,73,8.2,90,,1017.2,1025.4,,,10,1,5.3
2024-01-20 03:00,168,여수,7.1,73,9.1,90,,1016.9,1025.1,,,10,3,5.3
2024-01-20 04:00,168,여수,6.8,77,9.3,90,,1016.3,1024.5,,,10,8,5.3
2024-01-20 05:00,168,여수,6.8,79,8.1,90,,1015.8,1024.0,,,10,5,5.4
2024-01-20 06:00,168,여수,6.9,77,8.9,90,0.0,1015.6,1023.7,,,10,3,5.5
2024-01-20 07:00,168,여수,6.8,76,8.8,90,,1015.4,1023.6,,,10,5,5.4
2024-01-20 08:00,168,여수,6.9,77,9.1,90,,1015.3,1023.4,0.0,0.0,10,5,5.5
2024-01-20 09:00,168,여수,6.9,79,7.9,90,0.1,1015.5,1023.6,0.0,0.06,10,7,5.9
2024-01-20 10:00,168,여수,6.8,82,8.7,90,,1015.1,1023.2,0.0,0.12,10,8,6.1
2024-01-20 11:00,168,여수,6.6,85,9.3,90,,1014.6,1022.8,0.0,0.16,10,6,6.3
2024-01-20 12:00,168,여수,6.4,87,12.2,90,4.1,1013.5,1021.7,0.0,0.24,10,7,6.5
2024-01-20 13:00,168,여수,6.6,86,9.9,90,,1012.1,1020.2,0.0,0.3,10,6,6.7
2024-01-20 14:00,168,여수,6.3,88,9.1,90,,1011.5,1019.6,0.0,0.25,10,8,6.5
2024-01-20 15:00,168,여수,6.2,87,8.5,70,3.8,1010.9,1019.0,0.0,0.2,10,9,6.2
2024-01-20 16:00,168,여수,5.8,88,8.3,70,,1011.2,1019.4,0.0,0.11,10,8,5.7
2024-01-20 17:00,168,여수,5.6,89,8.4,70,,1011.2,1019.4,0.0,0.05,10,9,5.4
2024-01-20 18:00,168,여수,5.3,89,8.9,70,7.4,1010.8,1019.0,0.0,0.01,10,7,5.0
2024-01-20 19:00,168,여수,5.0,88,9.0,70,,1011.3,1019.5,,,10,8,4.7
2024-01-20 20:00,168,여수,5.0,86,9.9,50,,1011.3,1019.5,,,10,8,4.5
2024-01-20 21:00,168,여수,4.8,86,10.7,50,6.9,1011.3,1019.5,,,10,8,4.3
2024-01-20 22:00,168,여수,4.9,85,10.6,50,,1011.6,1019.8,,,10,6,4.2
2024-01-20 23:00,168,여수,4.9,85,9.6,50,,1011.9,1020.1,,,10,7,4.2
2024-01-21 00:00,168,여수,5.2,83,9.4,50,1.8,1011.4,1019.6,,,10,8,4.3
2024-01-21 01:00,168,여수,5.5,79,9.7,50,,1011.6,1019.8,,,10,6,4.3
2024-01-21 02:00,168,여수,5.8,77,7.6,70,,1011.7,1019.9,,,10,3,4.2
2024-01-21 03:00,168,여수,6.1,75,7.0,50,0.0,1011.7,1019.8,,,10,10,4.4
2024-01-21 04:00,168,여수,6.3,76,6.7,70,,1011.9,1020.0,,,10,2,4.5
2024-01-21 05:00,168,여수,6.5,74,8.1,50,,1012.5,1020.6,,,10,5,4.6
2024-01-21 06:00,168,여수,6.6,74,7.2,50,,1012.9,1021.0,,,10,8,4.7
2024-01-21 07:00,168,여수,6.6,74,4.9,50,,1013.6,1021.7,,,10,8,4.7
2024-01-21 08:00,168,여수,6.6,74,3.8,50,,1014.4,1022.6,0.0,0.01,7,7,4.9
2024-01-21 09:00,168,여수,6.9,74,2.0,70,,1015.3,1023.4,0.0,0.15,10,7,6.1
2024-01-21 10:00,168,여수,7.3,71,3.8,50,,1016.0,1024.1,0.0,0.26,10,9,7.1
2024-01-21 11:00,168,여수,7.6,71,4.0,90,,1016.0,1024.1,0.0,0.59,10,9,8.7
2024-01-21 12:00,168,여수,7.9,69,4.7,70,,1015.4,1023.5,0.0,0.77,9,9,9.7
2024-01-21 13:00,168,여수,8.4,69,2.9,70,,1014.7,1022.8,0.0,1.11,9,9,12.5
2024-01-21 14:00,168,여수,9.0,66,0.8,70,,1014.3,1022.4,0.0,0.92,9,9,12.6
2024-01-21 15:00,168,여수,9.0,67,3.2,230,,1014.7,1022.8,0.0,0.68,9,9,11.4
2024-01-21 16:00,168,여수,9.1,70,2.7,270,,1015.2,1023.3,0.0,0.47,10,9,10.7
2024-01-21 17:00,168,여수,8.4,77,4.7,290,,1015.6,1023.7,0.0,0.26,10,9,8.7
2024-01-21 18:00,168,여수,7.8,81,2.9,340,0.0,1016.1,1024.2,0.0,0.03,10,8,7.5
2024-01-21 19:00,168,여수,7.4,83,4.6,320,,1016.3,1024.4,,,10,10,7.0
2024-01-21 20:00,168,여수,7.0,85,2.1,140,,1016.3,1024.5,,,10,8,6.7
2024-01-21 21:00,168,여수,6.6,79,3.1,290,,1016.5,1024.7,,,10,7,6.0
2024-01-21 22:00,168,여수,5.7,76,7.0,320,,1016.2,1024.4,,,10,8,5.3
2024-01-21 23:00,168,여수,5.1,76,4.0,320,,1016.5,1024.7,,,10,10,4.8
2024-01-22 00:00,168,여수,4.2,77,6.8,340,,1016.4,1024.6,,,10,8,4.1
2024-01-22 01:00,168,여수,3.5,77,8.4,320,,1016.3,1024.6,,,9,9,3.5
2024-01-22 02:00,168,여수,2.7,73,13.3,340,,1015.7,1024.0,,,9,9,2.5
2024-01-22 03:00,168,여수,2.0,74,11.5,320,,1015.6,1023.9,,,7,7,1.3
2024-01-22 04:00,168,여수,1.4,72,10.2,320,,1015.8,1024.1,,,7,7,0.7
2024-01-22 05:00,168,여수,1.0,66,10.5,340,,1016.1,1024.4,,,8,8,0.1
2024-01-22 06:00,168,여수,0.4,63,10.4,340,,1016.0,1024.4,,,6,6,0.1
2024-01-22 07:00,168,여수,-0.1,58,8.1,320,,1016.4,1024.8,,,5,5,-0.1
2024-01-22 08:00,168,여수,-0.5,63,7.7,340,,1015.9,1024.3,0.0,0.02,2,2,-0.6
2024-01-22 09:00,168,여수,-0.9,56,11.8,340,,1017.2,1025.6,0.3,0.25,3,1,-0.6
2024-01-22 10:00,168,여수,-1.1,52,13.3,340,,1017.4,1025.8,0.8,0.85,6,3,0.0
2024-01-22 11:00,168,여수,-1.1,52,10.9,340,,1017.7,1026.1,1.0,1.58,5,1,1.9
2024-01-22 12:00,168,여수,-1.2,51,9.7,320,0.0,1017.7,1026.1,0.9,1.83,6,6,5.7
2024-01-22 13:00,168,여수,-1.0,47,11.0,340,,1017.0,1025.4,0.8,2.06,3,3,7.1
2024-01-22 14:00,168,여수,-0.7,48,8.3,360,,1016.4,1024.8,1.0,2.28,5,5,8.4
2024-01-22 15:00,168,여수,-1.1,45,10.7,340,,1016.4,1024.8,0.7,1.53,5,5,5.8
2024-01-22 16:00,168,여수,-2.0,52,6.6,340,,1017.3,1025.7,0.6,1.01,6,6,2.2
2024-01-22 17:00,168,여수,-1.8,50,4.7,340,,1017.5,1025.9,1.0,0.79,6,6,1.3
2024-01-22 18:00,168,여수,-2.9,54,5.8,320,0.0,1018.3,1026.8,0.1,0.14,4,4,-0.5
2024-01-22 19:00,168,여수,-3.5,61,5.7,340,,1019.0,1027.5,,,5,5,-1.7
2024-01-22 20:00,168,여수,-3.7,56,6.6,340,,1018.2,1026.7,,,6,6,-2.3
2024-01-22 21:00,168,여수,-4.1,59,9.9,340,,1019.2,1027.7,,,6,6,-2.9
2024-01-22 22:00,168,여수,-4.3,54,6.8,340,,1018.8,1027.3,,,6,6,-3.4
2024-01-22 23:00,168,여수,-4.6,54,5.5,340,,1018.7,1027.3,,,6,6,-3.8
2024-01-23 00:00,168,여수,-4.9,61,5.5,340,,1018.0,1026.6,,,5,5,-3.9
2024-01-23 01:00,168,여수,-5.0,60,4.7,340,,1018.4,1027.0,,,6,6,-4.1
2024-01-23 02:00,168,여수,-5.3,61,7.4,340,,1018.4,1027.0,,,6,6,-4.6
2024-01-23 03:00,168,여수,-5.5,62,6.4,340,,1018.5,1027.1,,,4,4,-5.3
2024-01-23 04:00,168,여수,-5.8,60,5.9,320,,1018.0,1026.6,,,3,3,-5.9
2024-01-23 05:00,168,여수,-5.8,59,5.2,340,,1017.7,1026.3,,,6,6,-6.1
2024-01-23 06:00,168,여수,-6.0,62,4.3,340,,1017.7,1026.3,,,3,3,-6.3
2024-01-23 07:00,168,여수,-6.1,61,3.6,340,,1017.9,1026.5,,,3,3,-6.6
2024-01-23 08:00,168,여수,-6.3,60,5.6,320,,1018.1,1026.7,0.0,0.02,4,4,-6.1
2024-01-23 09:00,168,여수,-5.7,59,5.1,320,,1018.4,1027.0,0.3,0.34,3,3,-3.6
2024-01-23 10:00,168,여수,-4.8,56,7.5,340,,1018.2,1026.8,0.8,0.84,2,2,-0.7
2024-01-23 11:00,168,여수,-3.9,51,9.0,340,,1017.9,1026.4,1.0,1.75,3,3,1.5
2024-01-23 12:00,168,여수,-2.8,47,9.6,320,,1016.6,1025.1,0.8,1.96,3,3,4.1
2024-01-23 13:00,168,여수,-2.6,47,12.6,320,,1015.6,1024.1,1.0,2.39,2,2,3.9
2024-01-23 14:00,168,여수,-2.6,49,11.4,320,,1014.8,1023.2,0.7,1.86,5,5,2.4
2024-01-23 15:00,168,여수,-1.9,47,10.0,340,,1014.3,1022.7,0.8,1.61,4,4,3.6
2024-01-23 16:00,168,여수,-2.4,46,12.7,320,,1014.2,1022.6,0.9,1.38,4,2,0.8
2024-01-23 17:00,168,여수,-3.5,49,13.2,340,,1014.3,1022.8,0.9,0.77,2,2,-1.3
2024-01-23 18:00,168,여수,-4.1,53,10.9,320,0.0,1014.7,1023.2,0.3,0.12,3,3,-3.1
2024-01-23 19:00,168,여수,-4.5,56,11.0,340,,1015.3,1023.8,,,7,5,-3.4
2024-01-23 20:00,168,여수,-4.7,59,8.7,320,,1015.6,1024.1,,,6,6,-3.6
2024-01-23 21:00,168,여수,-4.8,60,12.2,320,,1015.5,1024.0,,,7,7,-4.3
2024-01-23 22:00,168,여수,-4.8,62,11.0,340,,1015.8,1024.3,,,8,8,-4.5
2024-01-23 23:00,168,여수,-4.7,58,10.1,320,,1015.7,1024.2,,,7,7,-4.7
2024-01-24 00:00,168,여수,-4.8,58,9.1,340,,1015.6,1024.1,,,3,0,-5.1
2024-01-24 01:00,168,여수,-5.3,61,6.2,320,,1015.1,1023.6,,,0,0,-5.6
2024-01-24 02:00,168,여수,-5.6,61,9.7,320,,1015.1,1023.6,,,0,0,-5.9
2024-01-24 03:00,168,여수,-5.8,62,10.6,320,,1015.6,1024.2,,,0,0,-6.0
2024-01-24 04:00,168,여수,-5.9,62,9.6,340,,1015.7,1024.3,,,0,0,-6.3
2024-01-24 05:00,168,여수,-5.8,62,7.2,320,,1015.6,1024.2,,,4,0,-6.3
2024-01-24 06:00,168,여수,-5.6,61,9.6,320,,1015.9,1024.5,,,0,0,-6.2
2024-01-24 07:00,168,여수,-5.4,62,8.2,320,,1016.3,1024.8,,,3,0,-6.2
2024-01-24 08:00,168,여수,-5.4,63,8.9,320,,1016.5,1025.0,0.0,0.02,5,5,-5.8
2024-01-24 09:00,168,여수,-4.8,60,11.8,320,,1016.4,1024.9,0.3,0.31,3,3,-3.7
2024-01-24 10:00,168,여수,-3.7,58,8.0,320,,1017.1,1025.6,1.0,1.12,3,3,0.4
2024-01-24 11:00,168,여수,-2.7,55,7.2,340,,1017.3,1025.8,1.0,1.58,2,2,1.9
2024-01-24 12:00,168,여수,-2.0,50,10.6,340,,1016.6,1025.0,0.9,1.9,3,3,4.2
2024-01-24 13:00,168,여수,-0.6,44,7.5,320,,1015.5,1023.9,1.0,2.27,2,0,7.5
2024-01-24 14:00,168,여수,-0.3,41,12.0,320,,1014.8,1023.2,1.0,2.27,2,0,7.2
2024-01-24 15:00,168,여수,-0.4,40,11.3,320,,1014.9,1023.3,1.0,1.97,0,0,4.8
2024-01-24 16:00,168,여수,-0.7,39,10.6,320,,1015.5,1023.9,1.0,1.46,0,0,3.0
2024-01-24 17:00,168,여수,-1.5,43,9.0,340,,1016.1,1024.5,1.0,0.8,0,0,-0.8
2024-01-24 18:00,168,여수,-2.3,48,6.6,320,,1016.7,1025.2,0.7,0.16,2,0,-2.1
2024-01-24 19:00,168,여수,-2.9,55,8.1,320,,1017.2,1025.7,,,2,0,-2.9
2024-01-24 20:00,168,여수,-3.2,56,8.4,320,,1017.4,1025.9,,,0,0,-3.3
2024-01-24 21:00,168,여수,-3.3,57,7.5,320,,1017.6,1026.1,,,0,0,-3.6
2024-01-24 22:00,168,여수,-3.4,59,3.4,270,,1018.0,1026.5,,,0,0,-4.2
2024-01-24 23:00,168,여수,-3.4,59,5.0,320,,1018.1,1026.6,,,0,0,-4.4
2024-01-25 00:00,168,여수,-3.2,58,8.5,320,,1018.1,1026.6,,,0,0,-4.3
2024-01-25 01:00,168,여수,-3.7,59,3.2,290,,1018.3,1026.8,,,0,0,-4.9
2024-01-25 02:00,168,여수,-4.1,60,4.3,290,,1018.2,1026.7,,,0,0,-5.3
2024-01-25 03:00,168,여수,-4.4,58,6.8,340,,1018.5,1027.0,,,0,0,-5.4
2024-01-25 04:00,168,여수,-4.7,57,9.4,320,,1018.2,1026.8,,,0,0,-5.5
2024-01-25 05:00,168,여수,-4.6,57,9.0,340,,1018.0,1026.5,,,0,0,-5.6
2024-01-25 06:00,168,여수,-4.5,57,11.4,320,,1018.6,1027.1,,,0,0,-5.4
2024-01-25 07:00,168,여수,-4.3,59,10.9,320,,1019.1,1027.6,,,0,0,-5.4
2024-01-25 08:00,168,여수,-4.1,59,11.0,340,,1019.3,1027.8,0.0,0.02,0,0,-5.0
2024-01-25 09:00,168,여수,-3.3,57,8.8,340,,1020.0,1028.5,0.3,0.32,0,0,-2.4
2024-01-25 10:00,168,여수,-2.2,50,10.5,340,,1019.7,1028.2,1.0,1.17,0,0,1.7
2024-01-25 11:00,168,여수,-0.9,39,11.7,340,,1019.6,1028.0,1.0,1.71,2,0,3.5
2024-01-25 12:00,168,여수,0.6,31,11.2,320,,1019.0,1027.4,1.0,2.04,4,0,6.4
2024-01-25 13:00,168,여수,2.0,26,8.0,340,,1018.2,1026.5,1.0,2.22,6,0,9.7
2024-01-25 14:00,168,여수,2.8,27,7.0,320,,1017.7,1026.0,1.0,2.01,6,0,8.5
2024-01-25 15:00,168,여수,3.7,26,5.7,320,,1017.5,1025.8,1.0,1.67,5,0,8.3
2024-01-25 16:00,168,여수,4.3,22,7.5,340,,1017.4,1025.6,1.0,1.47,2,0,7.4
2024-01-25 17:00,168,여수,3.8,24,7.4,320,,1017.9,1026.2,1.0,0.81,0,0,2.3
2024-01-25 18:00,168,여수,2.4,23,8.8,340,,1018.2,1026.5,0.7,0.17,0,0,-0.5
2024-01-25 19:00,168,여수,1.3,28,11.1,340,,1018.7,1027.1,,,0,0,-0.8
2024-01-25 20:00,168,여수,0.5,34,10.7,340,,1019.0,1027.4,,,0,0,-1.3
2024-01-25 21:00,168,여수,-0.3,42,7.1,20,,1019.1,1027.5,,,0,0,-1.9
2024-01-25 22:00,168,여수,-0.8,45,8.7,340,,1020.3,1028.7,,,0,0,-2.3
2024-01-25 23:00,168,여수,-1.1,52,9.0,340,,1020.0,1028.4,,,0,0,-2.5
2024-01-26 00:00,168,여수,-1.0,54,8.6,340,,1020.2,1028.6,,,0,0,-2.6
2024-01-26 01:00,168,여수,-1.2,54,6.5,340,,1019.9,1028.3,,,0,0,-3.0
2024-01-26 02:00,168,여수,-1.2,50,4.3,320,,1020.3,1028.7,,,0,0,-3.4
2024-01-26 03:00,168,여수,-0.9,46,5.8,340,,1019.7,1028.1,,,0,0,-3.4
2024-01-26 04:00,168,여수,-0.8,44,2.6,340,,1019.8,1028.2,,,2,0,-3.7
2024-01-26 05:00,168,여수,-1.1,45,1.7,180,,1019.6,1028.0,,,0,0,-4.4
2024-01-26 06:00,168,여수,-0.9,46,2.1,140,,1019.5,1027.9,,,0,0,-4.5
2024-01-26 07:00,168,여수,-0.4,53,2.5,320,,1019.9,1028.3,,,0,0,-4.3
2024-01-26 08:00,168,여수,-0.1,55,3.6,20,,1020.1,1028.5,0.0,0.02,0,0,-3.5
2024-01-26 09:00,168,여수,0.5,56,2.1,340,,1020.8,1029.2,0.3,0.31,0,0,0.0
2024-01-26 10:00,168,여수,1.7,54,1.3,90,,1020.9,1029.3,1.0,1.12,0,0,5.6
2024-01-26 11:00,168,여수,2.8,49,1.4,90,,1020.9,1029.2,1.0,1.7,0,0,8.7
2024-01-26 12:00,168,여수,3.7,48,2.3,90,,1020.2,1028.5,1.0,2.05,0,0,13.7
2024-01-26 13:00,168,여수,5.2,48,2.1,140,,1019.1,1027.3,1.0,2.24,0,0,16.9
2024-01-26 14:00,168,여수,6.3,47,2.6,360,,1018.7,1026.9,1.0,2.18,0,0,18.3
2024-01-26 15:00,168,여수,8.1,38,3.8,290,,1018.6,1026.7,1.0,1.89,0,0,15.2
2024-01-26 16:00,168,여수,7.9,38,4.4,320,,1018.6,1026.7,1.0,1.39,0,0,12.9
2024-01-26 17:00,168,여수,7.0,40,4.9,340,,1018.5,1026.7,1.0,0.77,0,0,6.7
2024-01-26 18:00,168,여수,5.8,43,6.7,340,,1019.0,1027.2,0.6,0.15,0,0,3.1
2024-01-26 19:00,168,여수,4.7,49,9.5,340,,1019.4,1027.6,,,0,0,2.0
2024-01-26 20:00,168,여수,3.6,54,7.8,340,,1019.1,1027.4,,,0,0,1.0
2024-01-26 21:00,168,여수,2.9,58,8.9,340,,1019.2,1027.5,,,0,0,0.5
2024-01-26 22:00,168,여수,2.2,61,9.3,340,,1019.6,1027.9,,,0,0,-0.1
2024-01-26 23:00,168,여수,1.9,63,7.9,340,,1019.7,1028.0,,,0,0,-0.6
2024-01-27 00:00,168,여수,1.5,64,6.6,340,,1019.4,1027.8,,,0,0,-0.6
2024-01-27 01:00,168,여수,1.4,63,5.4,340,,1019.5,1027.9,,,4,0,-0.9
2024-01-27 02:00,168,여수,1.1,63,2.5,20,,1019.3,1027.7,,,0,0,-1.5
2024-01-27 03:00,168,여수,1.3,61,1.7,90,,1019.0,1027.4,,,0,0,-1.9
2024-01-27 04:00,168,여수,1.2,64,3.5,20,,1018.8,1027.2,,,0,0,-2.0
2024-01-27 05:00,168,여수,1.1,63,1.5,20,,1019.0,1027.4,,,0,0,-2.5
2024-01-27 06:00,168,여수,0.8,64,2.6,50,,1019.0,1027.4,,,0,0,-2.7
2024-01-27 07:00,168,여수,0.9,65,3.1,340,,1019.5,1027.9,,,0,0,-2.5
2024-01-27 08:00,168,여수,0.7,66,2.1,20,,1019.5,1027.9,0.0,0.02,0,0,-2.4
2024-01-27 09:00,168,여수,1.5,65,0.8,70,,1019.8,1028.2,0.3,0.32,0,0,0.0
2024-01-27 10:00,168,여수,3.2,64,1.6,110,,1019.9,1028.2,1.0,1.07,2,0,4.8
2024-01-27 11:00,168,여수,4.6,59,2.0,200,,1020.1,1028.3,1.0,1.61,0,0,10.4
2024-01-27 12:00,168,여수,5.2,56,2.0,110,,1019.2,1027.4,1.0,2.02,0,0,16.0
2024-01-27 13:00,168,여수,7.4,47,1.7,290,,1017.7,1025.8,1.0,2.22,0,0,18.6
2024-01-27 14:00,168,여수,8.2,41,5.0,290,,1017.0,1025.1,1.0,2.19,0,0,18.6
2024-01-27 15:00,168,여수,8.6,39,5.3,290,,1016.3,1024.4,1.0,1.92,4,0,15.5
2024-01-27 16:00,168,여수,8.9,40,4.3,250,,1016.2,1024.3,1.0,1.34,2,0,13.4
2024-01-27 17:00,168,여수,8.3,38,4.5,340,,1016.1,1024.2,1.0,0.74,0,0,7.7
2024-01-27 18:00,168,여수,6.9,39,6.2,340,,1016.1,1024.3,0.6,0.16,0,0,3.9
2024-01-27 19:00,168,여수,5.8,39,6.3,320,,1016.5,1024.7,,,0,0,2.3
2024-01-27 20:00,168,여수,5.0,32,8.8,340,,1016.4,1024.6,,,0,0,1.8
2024-01-27 21:00,168,여수,4.0,35,6.1,360,,1016.6,1024.8,,,7,0,1.3
2024-01-27 22:00,168,여수,3.7,39,7.6,340,,1016.7,1025.0,,,9,9,1.7
2024-01-27 23:00,168,여수,3.2,42,6.9,340,,1016.7,1025.0,,,7,5,0.7
2024-01-28 00:00,168,여수,2.7,43,6.6,340,,1016.9,1025.2,,,8,4,0.1
2024-01-28 01:00,168,여수,2.2,42,5.4,320,,1017.2,1025.5,,,7,7,-0.4
2024-01-28 02:00,168,여수,2.0,44,7.3,340,,1017.1,1025.4,,,8,7,-0.1
2024-01-28 03:00,168,여수,2.0,48,6.5,340,,1017.1,1025.4,,,8,8,0.2
2024-01-28 04:00,168,여수,1.8,52,4.8,340,,1016.9,1025.2,,,4,4,-0.8
2024-01-28 05:00,168,여수,1.8,57,4.9,20,,1016.6,1024.9,,,0,0,-1.0
2024-01-28 06:00,168,여수,1.6,60,3.2,340,,1017.0,1025.3,,,0,0,-1.3
2024-01-28 07:00,168,여수,1.5,59,2.4,50,,1017.6,1025.9,,,0,0,-1.6
2024-01-28 08:00,168,여수,1.4,57,6.2,320,,1018.5,1026.9,0.0,0.02,0,0,-1.2
2024-01-28 09:00,168,여수,1.7,56,8.4,340,,1018.9,1027.2,0.3,0.34,0,0,0.3
2024-01-28 10:00,168,여수,2.6,46,6.7,320,,1019.7,1028.0,1.0,1.15,0,0,5.6
2024-01-28 11:00,168,여수,3.9,42,6.7,340,,1020.1,1028.4,1.0,1.73,0,0,10.6
2024-01-28 12:00,168,여수,4.6,41,9.7,340,,1019.8,1028.0,1.0,2.13,0,0,13.5
2024-01-28 13:00,168,여수,5.5,41,4.9,340,,1019.4,1027.6,1.0,2.33,0,0,16.5
2024-01-28 14:00,168,여수,5.9,40,5.5,20,,1018.9,1027.1,1.0,2.23,0,0,17.9
2024-01-28 15:00,168,여수,6.5,39,4.9,20,,1018.8,1027.0,1.0,1.94,0,0,14.8
2024-01-28 16:00,168,여수,6.7,39,3.7,20,,1018.7,1026.9,1.0,1.49,0,0,13.4
2024-01-28 17:00,168,여수,6.3,41,5.4,340,,1019.6,1027.8,1.0,0.82,0,0,6.7
2024-01-28 18:00,168,여수,5.2,43,5.0,320,,1020.4,1028.7,0.7,0.16,0,0,3.0
2024-01-28 19:00,168,여수,4.0,48,5.6,360,,1020.5,1028.8,,,0,0,1.4
2024-01-28 20:00,168,여수,3.1,52,5.8,340,,1021.0,1029.3,,,0,0,0.5
2024-01-28 21:00,168,여수,2.5,53,5.9,340,,1021.4,1029.7,,,0,0,-0.1
2024-01-28 22:00,168,여수,1.9,55,6.3,340,,1021.7,1030.1,,,0,0,-0.4
2024-01-28 23:00,168,여수,1.5,58,7.6,340,,1021.9,1030.3,,,0,0,-0.8
2024-01-29 00:00,168,여수,1.0,60,7.1,340,,1021.6,1030.0,,,0,0,-1.1
2024-01-29 01:00,168,여수,0.6,63,1.9,340,,1021.7,1030.1,,,0,0,-1.7
2024-01-29 02:00,168,여수,0.0,65,0.6,180,,1021.5,1029.9,,,0,0,-2.5
2024-01-29 03:00,168,여수,-0.1,66,5.3,340,,1021.7,1030.1,,,0,0,-2.1
2024-01-29 04:00,168,여수,-0.3,66,5.8,340,,1021.8,1030.2,,,0,0,-2.2
2024-01-29 05:00,168,여수,-0.4,67,5.0,340,,1021.6,1030.0,,,0,0,-2.5
2024-01-29 06:00,168,여수,-0.8,69,2.1,320,,1021.8,1030.2,,,0,0,-3.1
2024-01-29 07:00,168,여수,-0.9,70,4.4,320,,1022.3,1030.8,,,0,0,-3.1
2024-01-29 08:00,168,여수,-0.9,69,5.0,320,,1022.7,1031.2,0.0,0.02,0,0,-2.7
2024-01-29 09:00,168,여수,-0.1,65,5.8,340,,1022.8,1031.2,0.3,0.34,0,0,-0.5
2024-01-29 10:00,168,여수,1.4,60,4.8,340,,1022.8,1031.2,1.0,1.18,0,0,4.9
2024-01-29 11:00,168,여수,2.8,52,4.9,320,,1022.8,1031.1,1.0,1.78,0,0,9.8
2024-01-29 12:00,168,여수,4.2,43,5.6,320,,1022.4,1030.7,1.0,2.15,0,0,15.2
2024-01-29 13:00,168,여수,6.2,46,2.7,250,,1021.5,1029.7,1.0,2.34,0,0,19.2
2024-01-29 14:00,168,여수,6.8,40,4.0,290,,1020.9,1029.1,1.0,2.28,0,0,20.1
2024-01-29 15:00,168,여수,7.5,38,4.7,250,,1020.5,1028.7,1.0,1.98,0,0,16.0
2024-01-29 16:00,168,여수,7.6,37,5.2,290,,1020.7,1028.9,1.0,1.5,0,0,14.0
2024-01-29 17:00,168,여수,7.3,38,3.0,270,,1020.4,1028.6,1.0,0.83,0,0,7.7
2024-01-29 18:00,168,여수,5.9,44,3.7,250,,1020.9,1029.1,0.7,0.19,0,0,3.2
2024-01-29 19:00,168,여수,4.7,48,3.6,320,,1021.1,1029.4,,,0,0,1.2
2024-01-29 20:00,168,여수,3.7,52,1.0,230,,1021.4,1029.7,,,0,0,-1.0
2024-01-29 21:00,168,여수,3.3,49,4.3,320,,1021.8,1030.1,,,0,0,-0.8
2024-01-29 22:00,168,여수,2.7,49,1.4,140,,1021.8,1030.1,,,0,0,-1.9
2024-01-29 23:00,168,여수,1.9,53,1.2,270,,1022.1,1030.5,,,0,0,-2.0
2024-01-30 00:00,168,여수,1.4,55,0.3,0,,1022.1,1030.5,,,0,0,-2.5
2024-01-30 01:00,168,여수,0.8,60,1.2,270,,1022.3,1030.7,,,0,0,-2.6
2024-01-30 02:00,168,여수,1.6,61,3.7,70,,1022.1,1030.5,,,0,0,-1.9
2024-01-30 03:00,168,여수,1.6,59,4.2,90,,1021.8,1030.2,,,0,0,-1.8
2024-01-30 04:00,168,여수,1.6,57,5.4,90,,1021.3,1029.7,,,0,0,-1.7
2024-01-30 05:00,168,여수,1.3,57,4.2,90,,1021.5,1029.9,,,5,0,-2.0
2024-01-30 06:00,168,여수,1.2,59,5.1,90,,1021.4,1029.8,,,4,0,-1.9
2024-01-30 07:00,168,여수,1.2,59,3.4,70,,1022.1,1030.5,,,7,7,-1.3
2024-01-30 08:00,168,여수,1.4,57,5.3,90,,1022.2,1030.6,0.0,0.01,4,3,-1.5
2024-01-30 09:00,168,여수,1.8,55,4.9,90,,1022.5,1030.9,0.3,0.25,4,4,-0.1
2024-01-30 10:00,168,여수,2.9,54,5.8,90,,1022.1,1030.4,0.8,0.82,3,3,5.0
2024-01-30 11:00,168,여수,3.7,54,4.0,70,,1022.4,1030.7,1.0,1.65,3,0,10.7
2024-01-30 12:00,168,여수,5.2,49,4.3,70,,1021.2,1029.5,1.0,2.13,0,0,16.9
2024-01-30 13:00,168,여수,6.6,48,2.5,90,,1020.4,1028.6,1.0,2.35,0,0,21.0
2024-01-30 14:00,168,여수,8.2,45,2.0,140,,1020.1,1028.2,0.9,2.03,6,4,22.9
2024-01-30 15:00,168,여수,7.7,49,1.8,140,,1019.5,1027.7,0.3,0.9,10,10,12.2
2024-01-30 16:00,168,여수,7.3,46,1.9,110,,1019.5,1027.7,0.0,0.47,10,10,10.5
2024-01-30 17:00,168,여수,7.3,50,0.1,0,,1020.0,1028.2,0.0,0.23,10,10,8.2
2024-01-30 18:00,168,여수,7.0,51,1.2,50,,1019.7,1027.9,0.0,0.04,10,10,6.5
2024-01-30 19:00,168,여수,7.0,56,1.2,70,,1019.7,1027.9,,,9,9,5.7
2024-01-30 20:00,168,여수,7.2,51,1.9,70,,1019.5,1027.7,,,8,3,5.4
2024-01-30 21:00,168,여수,7.0,60,2.7,90,,1019.2,1027.4,,,10,7,4.9
2024-01-30 22:00,168,여수,7.1,53,2.4,90,,1018.7,1026.9,,,9,3,5.3
2024-01-30 23:00,168,여수,6.8,54,1.9,90,,1018.3,1026.5,,,10,8,4.7
2024-01-31 00:00,168,여수,6.5,68,1.8,110,0.4,1018.2,1026.4,,,10,9,4.7
2024-01-31 01:00,168,여수,6.1,72,1.2,90,,1018.0,1026.2,,,10,9,5.0
2024-01-31 02:00,168,여수,5.9,82,1.3,360,,1018.0,1026.2,,,10,8,5.0
2024-01-31 03:00,168,여수,5.4,80,2.5,70,1.7,1017.2,1025.4,,,10,9,4.8
2024-01-31 04:00,168,여수,4.6,87,4.0,70,,1016.6,1024.8,,,10,7,4.5
2024-01-31 05:00,168,여수,4.7,87,4.1,70,,1016.0,1024.2,,,10,9,4.4
2024-01-31 06:00,168,여수,5.5,84,4.6,70,0.6,1015.9,1024.1,,,10,9,4.8
2024-01-31 07:00,168,여수,5.2,89,6.5,70,,1015.8,1024.0,,,10,9,4.8
2024-01-31 08:00,168,여수,5.5,91,4.2,70,,1016.3,1024.5,0.0,0.01,10,9,5.2
2024-01-31 09:00,168,여수,5.7,86,4.6,90,0.1,1016.5,1024.7,0.0,0.1,9,9,5.8
2024-01-31 10:00,168,여수,6.1,82,4.9,70,,1016.6,1024.8,0.0,0.21,9,9,6.8
2024-01-31 11:00,168,여수,7.1,79,3.3,90,,1016.5,1024.6,0.0,0.69,9,9,10.5
2024-01-31 12:00,168,여수,7.7,71,4.6,90,,1015.8,1023.9,0.4,1.54,8,8,12.8
2024-01-31 13:00,168,여수,8.9,67,3.5,70,,1014.6,1022.7,0.3,1.54,6,6,15.8
2024-01-31 14:00,168,여수,10.4,64,1.9,90,,1013.7,1021.7,1.0,2.18,0,0,20.2
2024-01-31 15:00,168,여수,11.2,61,1.0,110,,1013.0,1021.0,1.0,1.87,0,0,17.2
2024-01-31 16:00,168,여수,11.8,63,1.3,160,,1013.3,1021.3,1.0,1.27,3,0,16.0
2024-01-31 17:00,168,여수,10.9,69,0.9,200,,1013.3,1021.3,0.4,0.46,6,0,11.0
2024-01-31 18:00,168,여수,9.6,74,1.0,20,,1013.6,1021.6,0.3,0.16,6,3,7.5
2024-01-31 19:00,168,여수,9.1,79,2.3,250,,1013.7,1021.8,,,8,8,7.5
2024-01-31 20:00,168,여수,8.3,83,1.9,270,,1013.8,1021.9,,,6,3,5.6
2024-01-31 21:00,168,여수,8.4,85,2.3,270,,1014.1,1022.2,,,10,10,6.8
2024-01-31 22:00,168,여수,8.4,86,1.1,250,,1014.1,1022.2,,,10,8,6.9
2024-01-31 23:00,168,여수,8.1,90,2.7,250,,1014.1,1022.2,,,10,8,7.1
2024-01-01 00:00,192,진주,-0.7,89,0.0,0,,1022.3,1026.1,,,0,0,-0.4
2024-01-01 01:00,192,진주,-1.5,91,0.0,0,,1022.9,1026.7,,,0,0,-0.7
2024-01-01 02:00,192,진주,-1.9,92,0.0,0,,1023.3,1027.1,,,0,0,-0.9
2024-01-01 03:00,192,진주,-2.2,93,0.0,0,,1024.0,1027.8,,,0,0,-1.0
2024-01-01 04:00,192,진주,-2.7,93,0.0,0,,1024.2,1028.0,,,0,0,-1.2
2024-01-01 05:00,192,진주,-2.8,93,0.0,0,,1024.3,1028.1,,,0,0,-1.3
2024-01-01 06:00,192,진주,-3.0,93,0.2,0,,1024.7,1028.5,,,0,0,-1.2
2024-01-01 07:00,192,진주,-3.1,94,0.3,0,,1025.3,1029.1,,,0,0,-1.3
2024-01-01 08:00,192,진주,-3.3,94,0.5,50,,1025.8,1029.6,0.0,0.01,0,0,-1.3
2024-01-01 09:00,192,진주,-1.0,92,0.0,0,,1026.3,1030.1,0.7,0.43,0,0,-0.2
2024-01-01 10:00,192,진주,3.3,86,0.0,0,,1026.7,1030.4,1.0,1.04,0,0,2.2
2024-01-01 11:00,192,진주,5.8,68,0.8,180,,1026.2,1029.9,1.0,1.44,0,0,9.0
2024-01-01 12:00,192,진주,8.1,56,1.6,70,,1025.3,1028.9,0.6,1.46,5,5,11.8
2024-01-01 13:00,192,진주,9.5,49,1.9,90,,1024.3,1027.9,0.4,1.56,8,8,15.6
2024-01-01 14:00,192,진주,10.5,44,1.2,50,,1023.3,1026.9,1.0,1.82,6,2,12.3
2024-01-01 15:00,192,진주,10.5,44,0.8,250,,1022.9,1026.5,0.9,1.27,8,8,13.1
2024-01-01 16:00,192,진주,10.3,46,0.9,320,,1022.6,1026.2,0.7,0.76,8,8,9.5
2024-01-01 17:00,192,진주,8.6,55,0.0,0,,1022.6,1026.2,0.4,0.29,7,6,7.4
2024-01-01 18:00,192,진주,7.0,63,0.0,0,,1022.4,1026.0,0.0,0.01,7,7,5.7
2024-01-01 19:00,192,진주,5.3,73,0.4,0,,1022.4,1026.1,,,0,0,3.2
2024-01-01 20:00,192,진주,5.9,72,0.3,0,,1022.6,1026.3,,,0,0,4.4
2024-01-01 21:00,192,진주,5.0,73,0.0,0,,1022.7,1026.4,,,10,10,4.3
2024-01-01 22:00,192,진주,4.5,77,0.0,0,,1022.6,1026.3,,,1,1,3.8
2024-01-01 23:00,192,진주,3.2,82,0.0,0,,1022.4,1026.1,,,0,0,3.0
2024-01-02 00:00,192,진주,3.0,82,0.0,0,,1021.9,1025.6,,,8,8,3.0
2024-01-02 01:00,192,진주,4.0,80,0.5,340,,1021.6,1025.3,,,2,2,3.9
2024-01-02 02:00,192,진주,4.3,84,0.6,320,,1021.2,1024.9,,,3,3,4.0
2024-01-02 03:00,192,진주,4.4,80,0.9,340,0.0,1021.1,1024.8,,,0,0,3.9
2024-01-02 04:00,192,진주,3.4,90,0.2,0,,1020.6,1024.3,,,6,6,3.9
2024-01-02 05:00,192,진주,3.7,90,0.4,0,,1020.2,1023.9,,,5,5,3.9
2024-01-02 06:00,192,진주,3.2,89,0.0,0,0.0,1019.8,1023.5,,,0,0,3.9
2024-01-02 07:00,192,진주,3.0,86,0.0,0,,1020.1,1023.8,,,7,7,2.9
2024-01-02 08:00,192,진주,1.0,93,0.0,0,,1020.0,1023.7,0.0,0.01,0,0,1.0
2024-01-02 09:00,192,진주,3.5,90,1.1,320,,1019.9,1023.6,0.7,0.32,1,0,3.3
2024-01-02 10:00,192,진주,5.5,79,1.0,290,,1020.4,1024.1,1.0,0.89,2,2,9.4
2024-01-02 11:00,192,진주,8.1,65,0.7,320,,1019.7,1023.3,1.0,1.37,1,1,13.5
2024-01-02 12:00,192,진주,9.2,54,1.0,320,,1018.4,1022.0,1.0,1.7,3,3,17.2
2024-01-02 13:00,192,진주,10.2,49,1.0,320,,1017.2,1020.8,1.0,1.83,6,1,17.0
2024-01-02 14:00,192,진주,11.2,46,1.3,320,,1016.5,1020.1,1.0,1.7,4,0,14.0
2024-01-02 15:00,192,진주,11.0,46,0.8,230,,1016.0,1019.6,1.0,1.37,0,0,12.6
2024-01-02 16:00,192,진주,11.1,44,0.6,290,,1016.1,1019.7,1.0,0.88,0,0,10.3
2024-01-02 17:00,192,진주,9.1,49,1.5,360,,1016.5,1020.1,0.6,0.32,1,1,7.2
2024-01-02 18:00,192,진주,7.4,55,0.4,0,,1016.9,1020.5,0.0,0.01,7,1,5.0
2024-01-02 19:00,192,진주,5.7,68,0.0,0,,1017.1,1020.7,,,7,7,4.4
2024-01-02 20:00,192,진주,4.7,73,0.3,0,,1017.0,1020.7,,,9,9,4.0
2024-01-02 21:00,192,진주,3.7,76,0.0,0,,1016.9,1020.6,,,9,9,3.5
2024-01-02 22:00,192,진주,2.9,80,0.0,0,,1016.5,1020.2,,,7,7,3.0
2024-01-02 23:00,192,진주,2.6,81,0.0,0,,1016.2,1019.9,,,9,9,2.9
2024-01-03 00:00,192,진주,2.7,81,0.2,0,,1015.7,1019.4,,,10,10,3.0
2024-01-03 01:00,192,진주,2.9,82,0.0,0,,1015.5,1019.2,,,10,10,3.2
2024-01-03 02:00,192,진주,2.7,81,0.0,0,,1015.3,1019.0,,,10,10,3.4
2024-01-03 03:00,192,진주,2.8,82,0.6,200,,1015.6,1019.3,,,10,10,3.4
2024-01-03 04:00,192,진주,3.5,80,0.2,0,,1015.4,1019.1,,,10,10,3.5
2024-01-03 05:00,192,진주,2.9,82,0.2,0,,1014.9,1018.6,,,10,10,3.5
2024-01-03 06:00,192,진주,3.7,78,0.3,0,,1014.8,1018.5,,,10,2,3.7
2024-01-03 07:00,192,진주,2.9,87,0.2,0,,1015.2,1018.9,,,10,3,3.6
2024-01-03 08:00,192,진주,2.5,91,0.0,0,,1015.4,1019.1,0.0,0.0,9,1,3.7
2024-01-03 09:00,192,진주,2.9,92,0.0,0,0.9,1015.7,1019.4,0.0,0.1,7,7,4.9
2024-01-03 10:00,192,진주,3.9,88,0.1,0,,1015.4,1019.1,0.1,0.54,7,7,9.1
2024-01-03 11:00,192,진주,5.0,85,0.9,250,,1015.1,1018.8,0.7,0.98,5,5,11.9
2024-01-03 12:00,192,진주,6.7,74,0.8,270,,1014.1,1017.7,1.0,1.81,7,5,17.2
2024-01-03 13:00,192,진주,8.4,46,3.0,360,,1013.4,1017.0,0.8,1.9,6,5,17.0
2024-01-03 14:00,192,진주,9.1,43,2.0,340,,1012.9,1016.5,0.8,1.46,2,2,13.3
2024-01-03 15:00,192,진주,9.1,42,2.5,360,,1013.0,1016.6,1.0,1.57,2,1,11.0
2024-01-03 16:00,192,진주,8.0,44,2.4,360,,1013.9,1017.5,0.9,0.91,5,1,7.9
2024-01-03 17:00,192,진주,6.7,47,2.1,360,,1014.5,1018.1,0.6,0.32,2,1,5.5
2024-01-03 18:00,192,진주,5.7,52,1.3,290,,1015.2,1018.8,0.0,0.02,0,0,3.4
2024-01-03 19:00,192,진주,1.9,68,0.4,0,,1015.9,1019.6,,,0,0,1.7
2024-01-03 20:00,192,진주,0.9,76,0.1,0,,1016.6,1020.3,,,0,0,1.2
2024-01-03 21:00,192,진주,1.4,76,0.3,0,,1016.9,1020.6,,,1,1,1.6
2024-01-03 22:00,192,진주,0.4,80,0.1,0,,1017.3,1021.0,,,1,1,0.6
2024-01-03 23:00,192,진주,-0.5,81,0.2,0,,1017.6,1021.3,,,0,0,-0.2
2024-01-04 00:00,192,진주,-1.4,83,0.2,0,,1017.7,1021.4,,,0,0,-0.7
2024-01-04 01:00,192,진주,-1.5,86,0.2,0,,1017.9,1021.6,,,0,0,-1.0
2024-01-04 02:00,192,진주,-1.2,82,0.7,320,,1018.4,1022.1,,,0,0,-1.3
2024-01-04 03:00,192,진주,-1.8,87,1.0,360,,1018.7,1022.5,,,0,0,-1.3
2024-01-04 04:00,192,진주,-3.1,89,0.2,0,,1018.8,1022.6,,,0,0,-1.8
2024-01-04 05:00,192,진주,-3.8,90,0.0,0,,1018.9,1022.7,,,0,0,-2.0
2024-01-04 06:00,192,진주,-4.2,91,0.2,0,,1019.4,1023.2,,,0,0,-2.3
2024-01-04 07:00,192,진주,-4.5,91,0.1,0,,1020.0,1023.8,,,0,0,-2.5
2024-01-04 08:00,192,진주,-4.8,90,0.4,0,,1020.5,1024.3,0.0,0.01,0,0,-2.3
2024-01-04 09:00,192,진주,-2.3,88,0.2,0,,1021.0,1024.8,0.8,0.49,0,0,-0.5
2024-01-04 10:00,192,진주,1.7,73,0.3,0,,1021.7,1025.4,1.0,1.2,0,0,2.9
2024-01-04 11:00,192,진주,3.9,52,1.4,270,,1021.3,1025.0,1.0,1.63,0,0,7.0
2024-01-04 12:00,192,진주,5.7,44,1.5,290,,1020.6,1024.3,1.0,1.95,0,0,13.9
2024-01-04 13:00,192,진주,7.4,39,1.1,340,,1019.5,1023.1,1.0,2.07,0,0,14.3
2024-01-04 14:00,192,진주,8.6,37,1.0,250,,1018.6,1022.2,1.0,1.95,0,0,10.1
2024-01-04 15:00,192,진주,9.3,38,1.2,160,,1018.1,1021.7,1.0,1.6,0,0,9.7
2024-01-04 16:00,192,진주,8.7,40,1.2,180,,1018.2,1021.8,1.0,1.04,0,0,7.1
2024-01-04 17:00,192,진주,7.1,44,0.6,140,,1018.2,1021.8,0.7,0.39,0,0,4.5
2024-01-04 18:00,192,진주,4.1,61,0.4,0,,1018.4,1022.1,0.0,0.02,0,0,2.0
2024-01-04 19:00,192,진주,5.1,59,1.1,160,,1018.7,1022.4,,,0,0,1.3
2024-01-04 20:00,192,진주,1.9,77,0.5,360,,1019.0,1022.7,,,0,0,0.2
2024-01-04 21:00,192,진주,-1.0,81,0.0,0,,1019.0,1022.7,,,0,0,-0.7
2024-01-04 22:00,192,진주,-2.0,86,0.1,0,,1019.2,1023.0,,,0,0,-1.1
2024-01-04 23:00,192,진주,-2.8,88,0.0,0,,1019.2,1023.0,,,0,0,-1.4
2024-01-05 00:00,192,진주,-3.3,88,0.0,0,,1019.2,1023.0,,,0,0,-1.8
2024-01-05 01:00,192,진주,-3.7,90,0.2,0,,1018.8,1022.6,,,0,0,-1.8
2024-01-05 02:00,192,진주,-4.1,91,0.0,0,,1018.9,1022.7,,,0,0,-2.0
2024-01-05 03:00,192,진주,-4.2,91,0.0,0,,1019.0,1022.8,,,0,0,-2.1
2024-01-05 04:00,192,진주,-4.9,90,0.0,0,,1018.7,1022.5,,,0,0,-2.3
2024-01-05 05:00,192,진주,-5.0,91,0.0,0,,1018.8,1022.6,,,0,0,-2.5
2024-01-05 06:00,192,진주,-5.0,91,0.0,0,,1019.0,1022.8,,,0,0,-2.5
2024-01-05 07:00,192,진주,-5.5,91,0.1,0,,1019.4,1023.2,,,0,0,-2.6
2024-01-05 08:00,192,진주,-5.1,91,0.0,0,,1019.5,1023.3,0.0,0.01,0,0,-2.1
2024-01-05 09:00,192,진주,-2.8,90,0.0,0,,1019.9,1023.7,0.6,0.34,0,0,-0.4
2024-01-05 10:00,192,진주,0.8,82,0.4,0,,1019.9,1023.6,1.0,0.98,0,0,2.3
2024-01-05 11:00,192,진주,5.3,68,0.3,0,,1019.4,1023.1,1.0,1.45,0,0,4.6
2024-01-05 12:00,192,진주,7.8,63,0.8,290,,1018.3,1021.9,1.0,1.79,1,1,11.8
2024-01-05 13:00,192,진주,12.3,47,3.3,250,,1017.2,1020.8,1.0,1.97,3,1,14.3
2024-01-05 14:00,192,진주,12.9,44,3.5,270,,1016.5,1020.0,1.0,1.89,2,1,11.5
2024-01-05 15:00,192,진주,12.7,45,2.9,250,,1016.0,1019.5,1.0,1.53,0,0,11.1
2024-01-05 16:00,192,진주,12.3,48,2.8,270,,1015.9,1019.4,1.0,0.97,0,0,8.8
2024-01-05 17:00,192,진주,11.3,50,2.5,270,,1016.0,1019.6,0.7,0.35,0,0,6.5
2024-01-05 18:00,192,진주,7.7,62,0.3,0,,1016.4,1020.0,0.0,0.02,0,0,3.9
2024-01-05 19:00,192,진주,5.5,72,0.1,0,,1016.7,1020.3,,,0,0,2.2
2024-01-05 20:00,192,진주,4.0,77,0.2,0,,1016.7,1020.4,,,0,0,1.2
2024-01-05 21:00,192,진주,3.0,82,0.1,0,,1017.0,1020.7,,,0,0,0.8
2024-01-05 22:00,192,진주,1.9,88,0.2,0,,1016.8,1020.5,,,0,0,0.3
2024-01-05 23:00,192,진주,2.4,90,0.9,320,,1016.8,1020.5,,,0,0,0.2
2024-01-06 00:00,192,진주,-0.1,89,0.1,0,,1016.8,1020.5,,,0,0,-0.4
2024-01-06 01:00,192,진주,-0.8,92,0.2,0,,1016.8,1020.5,,,0,0,-0.7
2024-01-06 02:00,192,진주,-1.6,92,0.0,0,,1016.6,1020.3,,,0,0,-1.0
2024-01-06 03:00,192,진주,-1.8,93,0.0,0,,1016.7,1020.4,,,0,0,-1.3
2024-01-06 04:00,192,진주,-2.3,94,0.0,0,,1016.5,1020.3,,,0,0,-1.5
2024-01-06 05:00,192,진주,-2.8,93,0.0,0,,1016.4,1020.2,,,0,0,-1.7
2024-01-06 06:00,192,진주,-3.0,93,0.0,0,,1016.7,1020.5,,,0,0,-1.8
2024-01-06 07:00,192,진주,-3.5,93,0.1,0,,1017.1,1020.9,,,0,0,-2.1
2024-01-06 08:00,192,진주,-3.7,93,0.0,0,,1017.8,1021.6,0.0,0.01,0,0,-2.0
2024-01-06 09:00,192,진주,-1.0,94,0.0,0,,1018.5,1022.2,0.7,0.43,0,0,-0.2
2024-01-06 10:00,192,진주,2.8,89,0.0,0,,1018.6,1022.3,1.0,1.1,0,0,2.3
2024-01-06 11:00,192,진주,7.0,49,0.5,200,,1018.1,1021.7,1.0,1.53,0,0,8.8
2024-01-06 12:00,192,진주,9.3,30,1.2,200,,1017.1,1020.7,1.0,1.91,0,0,14.9
2024-01-06 13:00,192,진주,10.4,23,1.5,270,,1016.3,1019.9,1.0,2.05,0,0,15.1
2024-01-06 14:00,192,진주,11.3,19,1.4,250,,1015.7,1019.3,1.0,1.94,2,2,11.3
2024-01-06 15:00,192,진주,11.1,19,1.3,340,,1015.8,1019.4,0.7,1.32,8,8,11.6
2024-01-06 16:00,192,진주,9.8,22,1.6,340,,1016.2,1019.8,0.3,0.61,8,8,7.8
2024-01-06 17:00,192,진주,8.8,24,0.9,340,,1016.7,1020.3,0.4,0.24,4,4,4.6
2024-01-06 18:00,192,진주,3.7,47,0.1,0,,1017.1,1020.8,0.0,0.02,4,4,1.0
2024-01-06 19:00,192,진주,1.6,50,0.2,0,,1017.8,1021.5,,,0,0,-0.2
2024-01-06 20:00,192,진주,0.2,57,0.2,0,,1018.0,1021.7,,,0,0,-0.9
2024-01-06 21:00,192,진주,0.7,59,1.2,290,,1018.6,1022.3,,,0,0,-1.2
2024-01-06 22:00,192,진주,-1.8,66,0.1,0,,1019.1,1022.9,,,0,0,-1.8
2024-01-06 23:00,192,진주,-2.6,68,0.1,0,,1019.5,1023.3,,,0,0,-2.0
2024-01-07 00:00,192,진주,-3.1,71,0.1,0,,1019.3,1023.1,,,2,0,-2.1
2024-01-07 01:00,192,진주,-2.3,70,0.4,0,,1019.1,1022.9,,,1,1,-1.4
2024-01-07 02:00,192,진주,-1.5,71,0.4,0,,1019.0,1022.8,,,1,1,-1.0
2024-01-07 03:00,192,진주,-0.9,69,0.2,0,,1019.0,1022.7,,,3,3,-0.7
2024-01-07 04:00,192,진주,-2.3,74,0.1,0,,1019.0,1022.8,,,0,0,-1.9
2024-01-07 05:00,192,진주,-2.8,77,0.5,20,,1019.0,1022.8,,,3,1,-2.0
2024-01-07 06:00,192,진주,-3.6,81,0.1,0,,1019.3,1023.1,,,3,1,-2.5
2024-01-07 07:00,192,진주,-3.3,84,0.1,0,,1019.8,1023.6,,,0,0,-2.5
2024-01-07 08:00,192,진주,-1.2,65,0.9,340,,1020.5,1024.3,0.0,0.01,4,2,-1.9
2024-01-07 09:00,192,진주,2.4,49,2.0,360,,1021.1,1024.8,0.8,0.37,5,1,-0.2
2024-01-07 10:00,192,진주,3.6,44,0.9,340,,1021.5,1025.2,1.0,1.08,5,1,3.3
2024-01-07 11:00,192,진주,3.5,40,1.8,320,,1021.3,1025.0,0.8,1.33,5,4,1.9
2024-01-07 12:00,192,진주,4.4,34,3.6,320,,1020.7,1024.4,0.8,1.65,1,1,10.8
2024-01-07 13:00,192,진주,4.1,29,4.2,340,,1020.3,1024.0,1.0,2.08,1,1,10.6
2024-01-07 14:00,192,진주,4.0,25,4.4,340,,1020.3,1024.0,1.0,2.02,0,0,6.5
2024-01-07 15:00,192,진주,4.2,26,3.8,340,,1020.5,1024.2,1.0,1.71,0,0,5.9
2024-01-07 16:00,192,진주,3.5,27,2.8,290,,1020.9,1024.6,1.0,1.16,0,0,3.5
2024-01-07 17:00,192,진주,2.2,32,2.2,320,,1021.5,1025.2,0.8,0.46,0,0,1.1
2024-01-07 18:00,192,진주,1.1,31,1.3,20,,1022.1,1025.8,0.0,0.02,0,0,-0.3
2024-01-07 19:00,192,진주,0.6,33,1.6,360,,1022.5,1026.2,,,0,0,-0.9
2024-01-07 20:00,192,진주,-0.4,36,2.1,360,,1022.9,1026.7,,,0,0,-1.3
2024-01-07 21:00,192,진주,-0.8,38,0.9,20,,1023.3,1027.1,,,0,0,-1.8
2024-01-07 22:00,192,진주,-1.3,36,1.8,340,,1023.4,1027.2,,,0,0,-1.9
2024-01-07 23:00,192,진주,-3.3,42,0.9,110,,1023.8,1027.6,,,0,0,-2.8
2024-01-08 00:00,192,진주,-4.0,48,0.4,0,,1023.9,1027.7,,,0,0,-3.5
2024-01-08 01:00,192,진주,-5.4,56,0.3,0,,1024.0,1027.8,,,0,0,-3.9
2024-01-08 02:00,192,진주,-6.0,59,0.5,20,,1024.2,1028.0,,,0,0,-3.9
2024-01-08 03:00,192,진주,-6.8,64,0.2,0,,1024.3,1028.1,,,0,0,-4.1
2024-01-08 04:00,192,진주,-8.4,69,0.4,0,,1024.0,1027.9,,,0,0,-4.4
2024-01-08 05:00,192,진주,-8.7,74,0.0,0,,1023.7,1027.6,,,0,0,-5.1
2024-01-08 06:00,192,진주,-9.4,75,0.0,0,,1024.2,1028.1,,,0,0,-5.3
2024-01-08 07:00,192,진주,-9.7,76,0.0,0,,1024.7,1028.6,,,0,0,-5.5
2024-01-08 08:00,192,진주,-9.2,71,0.5,70,,1025.0,1028.9,0.0,0.01,0,0,-4.9
2024-01-08 09:00,192,진주,-6.0,62,0.0,0,,1025.6,1029.4,0.8,0.49,0,0,-2.5
2024-01-08 10:00,192,진주,-2.1,47,0.5,140,,1025.6,1029.4,1.0,1.15,0,0,4.8
2024-01-08 11:00,192,진주,-0.8,32,0.9,50,,1025.0,1028.8,1.0,1.66,0,0,4.5
2024-01-08 12:00,192,진주,0.9,30,1.2,250,,1023.9,1027.6,1.0,2.02,0,0,8.3
2024-01-08 13:00,192,진주,2.8,27,1.5,320,,1022.8,1026.5,1.0,2.14,0,0,8.4
2024-01-08 14:00,192,진주,4.2,24,1.0,270,,1021.6,1025.3,1.0,2.04,0,0,5.3
2024-01-08 15:00,192,진주,5.0,23,0.8,340,,1021.3,1025.0,1.0,1.71,0,0,4.3
2024-01-08 16:00,192,진주,4.5,28,1.8,230,,1021.1,1024.8,1.0,1.18,0,0,2.0
2024-01-08 17:00,192,진주,2.7,40,1.1,110,,1021.4,1025.1,0.8,0.45,0,0,0.4
2024-01-08 18:00,192,진주,0.8,55,0.5,90,,1021.5,1025.2,0.0,0.03,6,6,-0.6
2024-01-08 19:00,192,진주,-1.3,64,0.7,140,,1021.7,1025.5,,,1,1,-1.2
2024-01-08 20:00,192,진주,-2.6,70,0.0,0,,1021.4,1025.2,,,0,0,-1.8
2024-01-08 21:00,192,진주,-3.6,71,0.1,0,,1021.3,1025.1,,,0,0,-2.3
2024-01-08 22:00,192,진주,-4.5,74,0.0,0,,1021.2,1025.0,,,0,0,-2.5
2024-01-08 23:00,192,진주,-5.1,78,0.0,0,,1020.7,1024.5,,,0,0,-2.8
2024-01-09 00:00,192,진주,-5.4,80,0.2,0,,1020.6,1024.4,,,0,0,-2.8
2024-01-09 01:00,192,진주,-6.1,81,0.5,70,,1020.5,1024.3,,,0,0,-2.8
2024-01-09 02:00,192,진주,-6.0,84,0.3,0,,1020.4,1024.2,,,0,0,-3.0
2024-01-09 03:00,192,진주,-6.3,83,0.3,0,,1019.9,1023.7,,,0,0,-3.0
2024-01-09 04:00,192,진주,-6.5,83,0.5,70,,1019.4,1023.2,,,0,0,-3.1
2024-01-09 05:00,192,진주,-6.4,83,0.4,0,,1019.5,1023.3,,,0,0,-2.5
2024-01-09 06:00,192,진주,-5.9,80,0.5,50,,1019.7,1023.5,,,0,0,-2.8
2024-01-09 07:00,192,진주,-6.5,82,0.4,0,,1019.9,1023.7,,,0,0,-3.1
2024-01-09 08:00,192,진주,-6.1,82,0.3,0,,1019.9,1023.7,0.0,0.02,5,5,-2.8
2024-01-09 09:00,192,진주,-4.1,77,0.4,0,,1019.9,1023.7,0.0,0.17,9,9,-0.7
2024-01-09 10:00,192,진주,-2.1,73,0.5,70,,1019.8,1023.6,0.0,0.3,9,9,0.3
2024-01-09 11:00,192,진주,-0.5,65,0.5,270,,1019.6,1023.3,0.0,0.53,9,2,1.2
2024-01-09 12:00,192,진주,1.3,52,0.4,0,,1018.2,1021.9,0.0,0.88,10,9,2.7
2024-01-09 13:00,192,진주,2.2,47,0.6,180,,1017.0,1020.7,0.0,0.62,10,8,2.5
2024-01-09 14:00,192,진주,3.4,45,0.4,0,,1016.2,1019.9,0.0,0.75,10,8,3.4
2024-01-09 15:00,192,진주,3.8,47,0.4,0,,1015.6,1019.3,0.0,0.56,10,10,1.5
2024-01-09 16:00,192,진주,4.2,53,0.1,0,,1015.4,1019.1,0.0,0.29,10,10,1.8
2024-01-09 17:00,192,진주,4.0,58,0.3,0,,1014.7,1018.4,0.1,0.25,9,9,0.8
2024-01-09 18:00,192,진주,3.2,65,0.2,0,,1014.9,1018.6,0.0,0.02,10,8,0.5
2024-01-09 19:00,192,진주,2.7,63,0.0,0,,1014.9,1018.6,,,10,10,1.1
2024-01-09 20:00,192,진주,1.2,88,0.0,0,,1014.6,1018.3,,,10,10,1.2
2024-01-09 21:00,192,진주,1.1,91,0.1,0,1.7,1014.5,1018.2,,,10,10,1.3
2024-01-09 22:00,192,진주,1.0,93,0.1,0,,1014.5,1018.2,,,10,9,1.5
2024-01-09 23:00,192,진주,1.1,94,0.3,0,,1013.8,1017.5,,,6,6,1.5
2024-01-10 00:00,192,진주,1.1,93,0.8,50,2.1,1013.5,1017.2,,,1,1,1.5
2024-01-10 01:00,192,진주,0.1,94,0.4,0,,1013.5,1017.2,,,0,0,0.0
2024-01-10 02:00,192,진주,-0.9,95,0.5,340,,1013.4,1017.1,,,0,0,-0.5
2024-01-10 03:00,192,진주,-0.3,96,0.6,270,,1013.7,1017.4,,,1,1,-0.7
2024-01-10 04:00,192,진주,-1.3,95,0.4,0,,1013.3,1017.0,,,0,0,-0.9
2024-01-10 05:00,192,진주,-1.4,96,0.4,0,,1013.5,1017.2,,,3,3,-0.5
2024-01-10 06:00,192,진주,-1.0,96,0.4,0,,1014.1,1017.8,,,3,3,-0.3
2024-01-10 07:00,192,진주,-1.5,96,0.4,0,,1014.4,1018.1,,,0,0,-0.5
2024-01-10 08:00,192,진주,-1.8,96,0.0,0,,1015.4,1019.1,0.0,0.01,0,0,-0.6
2024-01-10 09:00,192,진주,0.1,97,0.1,0,,1016.0,1019.7,0.5,0.33,1,1,0.3
2024-01-10 10:00,192,진주,2.8,92,0.6,20,,1016.4,1020.1,0.9,0.86,1,1,4.4
2024-01-10 11:00,192,진주,4.6,76,0.9,360,,1016.2,1019.9,0.5,1.13,8,8,8.1
2024-01-10 12:00,192,진주,5.4,66,1.6,20,,1015.6,1019.2,0.1,1.13,8,8,10.1
2024-01-10 13:00,192,진주,6.2,60,1.8,50,,1015.1,1018.7,0.3,1.29,8,8,11.9
2024-01-10 14:00,192,진주,6.0,58,2.2,20,,1015.0,1018.6,0.2,1.0,8,8,8.8
2024-01-10 15:00,192,진주,6.4,58,1.6,360,,1015.0,1018.6,0.0,0.5,9,9,8.6
2024-01-10 16:00,192,진주,6.5,55,1.2,20,,1015.0,1018.6,0.0,0.45,8,8,7.4
2024-01-10 17:00,192,진주,6.0,55,0.7,50,,1015.2,1018.8,0.0,0.26,7,1,4.9
2024-01-10 18:00,192,진주,3.9,65,0.0,0,,1015.8,1019.5,0.0,0.03,5,5,2.2
2024-01-10 19:00,192,진주,1.6,79,0.3,0,,1016.5,1020.2,,,0,0,0.3
2024-01-10 20:00,192,진주,0.4,81,0.8,70,,1016.9,1020.6,,,0,0,0.0
2024-01-10 21:00,192,진주,-1.1,87,0.1,0,,1016.9,1020.6,,,0,0,-0.7
2024-01-10 22:00,192,진주,-1.7,89,0.0,0,,1017.2,1020.9,,,0,0,-1.2
2024-01-10 23:00,192,진주,-2.4,91,0.0,0,,1017.2,1021.0,,,0,0,-1.4
2024-01-11 00:00,192,진주,-2.9,92,0.1,0,,1017.0,1020.8,,,0,0,-1.5
2024-01-11 01:00,192,진주,-3.2,93,0.4,0,,1016.5,1020.3,,,0,0,-1.8
2024-01-11 02:00,192,진주,-3.5,93,0.1,0,,1017.0,1020.8,,,0,0,-2.0
2024-01-11 03:00,192,진주,-4.2,93,0.2,0,,1016.8,1020.6,,,0,0,-2.2
2024-01-11 04:00,192,진주,-4.5,93,0.0,0,,1016.6,1020.4,,,0,0,-2.6
2024-01-11 05:00,192,진주,-4.8,93,0.2,0,,1016.3,1020.1,,,0,0,-2.6
2024-01-11 06:00,192,진주,-5.1,92,0.0,0,,1016.6,1020.4,,,0,0,-3.0
2024-01-11 07:00,192,진주,-5.2,92,0.4,0,,1016.6,1020.4,,,0,0,-2.9
2024-01-11 08:00,192,진주,-5.6,92,0.3,0,,1016.8,1020.6,0.0,0.01,0,0,-3.0
2024-01-11 09:00,192,진주,-3.3,94,0.0,0,,1017.0,1020.8,0.7,0.32,0,0,-0.5
2024-01-11 10:00,192,진주,0.3,89,0.2,0,,1016.9,1020.6,1.0,0.93,0,0,2.8
2024-01-11 11:00,192,진주,2.7,64,1.0,230,,1016.5,1020.2,1.0,1.79,0,0,3.8
2024-01-11 12:00,192,진주,4.6,52,1.1,270,,1015.6,1019.2,1.0,1.95,0,0,8.5
2024-01-11 13:00,192,진주,5.9,50,0.9,340,,1014.4,1018.0,1.0,2.08,0,0,12.2
2024-01-11 14:00,192,진주,7.1,44,0.9,320,,1013.4,1017.0,1.0,1.92,0,0,10.6
2024-01-11 15:00,192,진주,8.1,44,1.1,320,,1013.0,1016.6,1.0,1.62,0,0,8.0
2024-01-11 16:00,192,진주,8.4,40,0.8,320,,1012.9,1016.5,1.0,1.09,0,0,6.1
2024-01-11 17:00,192,진주,5.0,59,0.7,180,,1012.7,1016.3,0.8,0.48,0,0,3.2
2024-01-11 18:00,192,진주,2.8,71,0.0,0,,1013.1,1016.8,0.0,0.02,0,0,0.6
2024-01-11 19:00,192,진주,0.8,76,0.3,0,,1013.8,1017.5,,,0,0,-0.3
2024-01-11 20:00,192,진주,-0.9,81,0.2,0,,1014.0,1017.7,,,0,0,-0.9
2024-01-11 21:00,192,진주,-1.8,85,0.0,0,,1013.8,1017.5,,,0,0,-1.3
2024-01-11 22:00,192,진주,-2.3,87,0.0,0,,1013.8,1017.5,,,0,0,-1.2
2024-01-11 23:00,192,진주,-3.0,89,0.0,0,,1013.9,1017.7,,,0,0,-1.7
2024-01-12 00:00,192,진주,-3.5,90,0.0,0,,1013.8,1017.6,,,0,0,-1.8
2024-01-12 01:00,192,진주,-3.8,91,0.1,0,,1013.8,1017.6,,,0,0,-1.8
2024-01-12 02:00,192,진주,-4.0,91,0.1,0,,1014.0,1017.8,,,0,0,-1.9
2024-01-12 03:00,192,진주,-4.4,91,0.4,0,,1014.0,1017.8,,,0,0,-1.9
2024-01-12 04:00,192,진주,-4.5,92,0.4,0,,1013.9,1017.7,,,1,0,-1.9
2024-01-12 05:00,192,진주,-4.6,91,0.2,0,,1013.8,1017.6,,,0,0,-2.0
2024-01-12 06:00,192,진주,-4.8,92,0.1,0,,1013.9,1017.7,,,0,0,-2.3
2024-01-12 07:00,192,진주,-5.1,92,0.0,0,,1014.4,1018.2,,,0,0,-2.3
2024-01-12 08:00,192,진주,-5.2,92,0.0,0,,1014.7,1018.5,0.0,0.01,0,0,-2.0
2024-01-12 09:00,192,진주,-2.7,91,0.0,0,,1015.1,1018.9,0.7,0.32,0,0,-0.2
2024-01-12 10:00,192,진주,1.3,87,0.0,0,,1015.6,1019.3,1.0,0.93,0,0,1.8
2024-01-12 11:00,192,진주,4.4,74,0.4,0,,1015.4,1019.1,1.0,1.49,0,0,4.5
2024-01-12 12:00,192,진주,7.6,62,0.8,270,,1014.4,1018.0,1.0,1.82,0,0,8.7
2024-01-12 13:00,192,진주,10.0,46,1.2,320,,1013.8,1017.4,1.0,1.96,0,0,12.8
2024-01-12 14:00,192,진주,11.6,44,1.0,180,,1013.3,1016.8,1.0,1.84,0,0,13.3
2024-01-12 15:00,192,진주,11.3,47,1.0,200,,1012.9,1016.5,1.0,1.48,0,0,10.3
2024-01-12 16:00,192,진주,10.8,45,1.4,140,,1012.8,1016.4,1.0,0.98,0,0,7.8
2024-01-12 17:00,192,진주,8.5,53,0.0,0,,1013.2,1016.8,0.9,0.44,0,0,5.2
2024-01-12 18:00,192,진주,8.7,29,2.0,360,,1014.1,1017.7,0.0,0.04,0,0,2.9
2024-01-12 19:00,192,진주,5.5,37,0.3,0,,1014.7,1018.3,,,0,0,0.6
2024-01-12 20:00,192,진주,2.0,53,0.2,0,,1015.2,1018.9,,,0,0,-0.4
2024-01-12 21:00,192,진주,0.8,60,0.4,0,,1015.5,1019.2,,,0,0,-0.9
2024-01-12 22:00,192,진주,-0.8,68,0.6,320,,1015.9,1019.6,,,0,0,-1.1
2024-01-12 23:00,192,진주,-1.0,73,0.3,0,,1016.4,1020.1,,,0,0,-1.4
2024-01-13 00:00,192,진주,-1.3,80,0.8,270,,1016.5,1020.2,,,0,0,-1.5
2024-01-13 01:00,192,진주,-2.8,85,0.0,0,,1016.8,1020.6,,,0,0,-2.0
2024-01-13 02:00,192,진주,-3.4,86,0.2,0,,1017.1,1020.9,,,0,0,-2.1
2024-01-13 03:00,192,진주,-3.7,87,0.2,0,,1017.1,1020.9,,,0,0,-2.3
2024-01-13 04:00,192,진주,-3.4,88,0.2,0,,1017.2,1021.0,,,0,0,-2.3
2024-01-13 05:00,192,진주,-3.9,87,0.2,0,,1017.7,1021.5,,,0,0,-2.3
2024-01-13 06:00,192,진주,-4.6,88,0.3,0,,1018.4,1022.2,,,0,0,-2.5
2024-01-13 07:00,192,진주,-3.6,88,0.9,200,,1019.0,1022.8,,,0,0,-2.5
2024-01-13 08:00,192,진주,-4.6,86,0.3,0,,1019.9,1023.7,0.0,0.01,0,0,-2.3
2024-01-13 09:00,192,진주,-1.6,79,0.5,160,,1020.8,1024.6,0.8,0.62,0,0,0.0
2024-01-13 10:00,192,진주,2.3,59,0.3,0,,1021.4,1025.1,1.0,1.42,0,0,2.2
2024-01-13 11:00,192,진주,6.3,31,1.4,200,,1021.5,1025.2,1.0,1.65,0,0,4.9
2024-01-13 12:00,192,진주,7.8,26,1.5,270,,1021.1,1024.7,1.0,1.97,0,0,9.1
2024-01-13 13:00,192,진주,9.2,24,1.2,230,,1020.6,1024.2,1.0,2.13,0,0,13.0
2024-01-13 14:00,192,진주,10.1,21,1.1,200,,1020.2,1023.8,1.0,2.01,0,0,13.5
2024-01-13 15:00,192,진주,10.0,25,1.8,200,,1020.5,1024.1,1.0,1.67,0,0,9.3
2024-01-13 16:00,192,진주,9.6,26,1.7,110,,1021.1,1024.7,1.0,1.15,0,0,6.5
2024-01-13 17:00,192,진주,7.0,36,0.7,140,,1021.4,1025.0,0.9,0.49,0,0,3.9
2024-01-13 18:00,192,진주,3.2,49,0.3,0,,1022.1,1025.8,0.0,0.03,0,0,0.7
2024-01-13 19:00,192,진주,1.0,57,0.0,0,,1022.7,1026.4,,,0,0,-0.4
2024-01-13 20:00,192,진주,-0.4,65,0.4,0,,1023.3,1027.1,,,0,0,-0.9
2024-01-13 21:00,192,진주,-1.6,69,0.0,0,,1023.6,1027.4,,,0,0,-1.3
2024-01-13 22:00,192,진주,-2.5,70,0.0,0,,1023.7,1027.5,,,0,0,-1.6
2024-01-13 23:00,192,진주,-3.0,73,0.2,0,,1023.4,1027.2,,,0,0,-1.7
2024-01-14 00:00,192,진주,-3.5,75,0.0,0,,1023.2,1027.0,,,0,0,-1.9
2024-01-14 01:00,192,진주,-3.9,78,0.0,0,,1023.5,1027.3,,,0,0,-2.0
2024-01-14 02:00,192,진주,-4.7,79,0.0,0,,1023.0,1026.8,,,0,0,-2.3
2024-01-14 03:00,192,진주,-5.0,82,0.0,0,,1022.7,1026.5,,,0,0,-2.3
2024-01-14 04:00,192,진주,-5.2,83,0.1,0,,1022.3,1026.1,,,0,0,-2.5
2024-01-14 05:00,192,진주,-5.2,84,0.2,0,,1022.2,1026.0,,,0,0,-2.4
2024-01-14 06:00,192,진주,-5.5,86,0.1,0,,1021.8,1025.6,,,0,0,-2.5
2024-01-14 07:00,192,진주,-5.7,86,0.0,0,,1021.7,1025.5,,,0,0,-2.6
2024-01-14 08:00,192,진주,-5.5,87,0.0,0,,1021.7,1025.5,0.0,0.01,0,0,-2.3
2024-01-14 09:00,192,진주,-2.4,77,0.0,0,,1021.7,1025.5,0.8,0.52,0,0,-0.2
2024-01-14 10:00,192,진주,1.7,64,0.5,340,,1021.2,1024.9,1.0,1.23,0,0,2.0
2024-01-14 11:00,192,진주,5.0,58,0.2,0,,1020.1,1023.8,1.0,1.54,0,0,4.6
2024-01-14 12:00,192,진주,11.3,54,1.7,160,,1018.4,1022.0,1.0,1.86,0,0,8.8
2024-01-14 13:00,192,진주,12.1,56,2.8,180,,1016.9,1020.5,1.0,1.98,2,1,13.0
2024-01-14 14:00,192,진주,13.4,54,2.4,230,,1015.8,1019.3,1.0,1.83,1,1,14.1
2024-01-14 15:00,192,진주,14.3,50,2.9,250,,1015.0,1018.5,1.0,1.51,0,0,11.0
2024-01-14 16:00,192,진주,14.0,53,1.7,250,,1014.2,1017.7,0.6,0.58,1,1,8.8
2024-01-14 17:00,192,진주,13.3,55,2.0,250,,1014.3,1017.8,0.9,0.42,5,1,7.5
2024-01-14 18:00,192,진주,12.3,59,1.4,250,,1014.4,1017.9,0.0,0.03,7,7,6.5
2024-01-14 19:00,192,진주,11.7,64,0.7,160,,1014.5,1018.1,,,3,3,6.4
2024-01-14 20:00,192,진주,11.9,65,1.4,200,,1015.0,1018.6,,,0,0,6.6
2024-01-14 21:00,192,진주,9.9,73,0.5,290,,1014.8,1018.4,,,7,7,6.1
2024-01-14 22:00,192,진주,8.9,78,0.9,340,,1015.1,1018.7,,,0,0,5.5
2024-01-14 23:00,192,진주,7.0,84,0.1,0,,1015.1,1018.7,,,6,6,3.7
2024-01-15 00:00,192,진주,7.3,72,0.5,340,,1015.6,1019.2,,,6,6,3.2
2024-01-15 01:00,192,진주,6.0,68,0.7,50,,1016.0,1019.6,,,0,0,1.7
2024-01-15 02:00,192,진주,6.0,56,2.2,360,,1016.6,1020.2,,,0,0,1.0
2024-01-15 03:00,192,진주,4.9,51,1.8,360,,1017.1,1020.8,,,0,0,0.4
2024-01-15 04:00,192,진주,4.3,43,1.4,20,,1017.5,1021.2,,,0,0,-0.1
2024-01-15 05:00,192,진주,0.7,58,0.2,0,,1018.3,1022.0,,,0,0,-0.9
2024-01-15 06:00,192,진주,0.4,55,0.9,20,,1019.1,1022.8,,,0,0,-1.3
2024-01-15 07:00,192,진주,1.2,50,0.7,50,,1020.0,1023.7,,,0,0,-1.3
2024-01-15 08:00,192,진주,0.3,54,0.8,70,,1021.0,1024.7,0.0,0.01,0,0,-1.3
2024-01-15 09:00,192,진주,1.8,50,1.7,90,,1021.8,1025.5,0.8,0.42,0,0,0.9
2024-01-15 10:00,192,진주,3.3,46,2.1,90,,1022.6,1026.3,1.0,1.12,0,0,3.1
2024-01-15 11:00,192,진주,4.9,38,1.3,70,,1022.7,1026.4,1.0,1.67,0,0,10.5
2024-01-15 12:00,192,진주,6.0,36,1.5,200,,1022.0,1025.7,1.0,2.03,0,0,14.8
2024-01-15 13:00,192,진주,7.3,33,1.2,270,,1020.8,1024.4,1.0,2.18,0,0,17.0
2024-01-15 14:00,192,진주,9.2,25,2.1,250,,1020.3,1023.9,1.0,2.12,0,0,16.5
2024-01-15 15:00,192,진주,10.4,18,1.3,250,,1020.1,1023.7,1.0,1.8,0,0,11.3
2024-01-15 16:00,192,진주,10.0,19,2.5,340,,1020.1,1023.7,1.0,1.27,0,0,7.4
2024-01-15 17:00,192,진주,7.9,25,2.2,340,,1021.3,1024.9,0.9,0.59,0,0,4.5
2024-01-15 18:00,192,진주,6.4,27,2.6,340,,1022.5,1026.2,0.0,0.03,0,0,2.5
2024-01-15 19:00,192,진주,4.3,30,0.7,50,,1023.3,1027.0,,,0,0,0.5
2024-01-15 20:00,192,진주,3.4,28,1.0,20,,1023.9,1027.6,,,0,0,-0.2
2024-01-15 21:00,192,진주,2.1,30,0.6,20,,1024.8,1028.5,,,0,0,-0.7
2024-01-15 22:00,192,진주,0.2,35,0.3,0,,1024.6,1028.4,,,0,0,-1.4
2024-01-15 23:00,192,진주,-1.8,44,0.4,0,,1024.9,1028.7,,,0,0,-1.9
2024-01-16 00:00,192,진주,-2.7,49,0.6,70,,1025.1,1028.9,,,0,0,-2.0
2024-01-16 01:00,192,진주,-3.8,54,0.0,0,,1024.9,1028.7,,,0,0,-2.5
2024-01-16 02:00,192,진주,-4.7,59,0.1,0,,1025.3,1029.1,,,0,0,-3.0
2024-01-16 03:00,192,진주,-5.5,64,0.3,0,,1025.6,1029.4,,,0,0,-3.0
2024-01-16 04:00,192,진주,-5.9,69,0.0,0,,1025.8,1029.6,,,0,0,-3.3
2024-01-16 05:00,192,진주,-6.7,73,0.0,0,,1026.4,1030.3,,,0,0,-3.6
2024-01-16 06:00,192,진주,-7.1,75,0.0,0,,1027.5,1031.4,,,0,0,-3.8
2024-01-16 07:00,192,진주,-7.5,78,0.0,0,,1028.3,1032.2,,,0,0,-4.2
2024-01-16 08:00,192,진주,-7.5,77,0.0,0,,1028.6,1032.5,0.0,0.01,0,0,-3.9
2024-01-16 09:00,192,진주,-3.5,64,0.2,0,,1029.0,1032.8,0.8,0.55,0,0,-0.2
2024-01-16 10:00,192,진주,0.3,44,0.8,160,,1029.6,1033.4,1.0,1.2,0,0,2.5
2024-01-16 11:00,192,진주,3.1,30,1.1,90,,1029.7,1033.4,1.0,1.65,0,0,5.1
2024-01-16 12:00,192,진주,5.3,29,1.3,50,,1029.5,1033.2,1.0,2.07,1,1,7.6
2024-01-16 13:00,192,진주,6.6,26,1.8,290,,1028.9,1032.6,1.0,2.12,0,0,11.0
2024-01-16 14:00,192,진주,8.0,24,1.6,290,,1028.2,1031.8,1.0,1.97,4,4,12.7
2024-01-16 15:00,192,진주,8.4,22,0.7,360,,1027.8,1031.4,1.0,1.46,4,4,9.3
2024-01-16 16:00,192,진주,9.3,22,0.9,290,,1027.7,1031.3,1.0,0.95,7,7,8.0
2024-01-16 17:00,192,진주,6.7,29,0.4,0,,1028.1,1031.8,0.8,0.55,5,5,3.2
2024-01-16 18:00,192,진주,4.0,43,0.5,200,,1028.7,1032.4,0.0,0.02,5,5,0.6
2024-01-16 19:00,192,진주,1.1,57,0.5,50,,1029.2,1033.0,,,6,6,-0.4
2024-01-16 20:00,192,진주,-0.4,62,0.0,0,,1029.3,1033.1,,,2,2,-1.0
2024-01-16 21:00,192,진주,-1.7,65,0.0,0,,1029.5,1033.3,,,0,0,-1.3
2024-01-16 22:00,192,진주,-2.3,69,0.2,0,,1029.4,1033.2,,,0,0,-1.4
2024-01-16 23:00,192,진주,-2.7,70,0.0,0,,1028.8,1032.6,,,0,0,-1.7
2024-01-17 00:00,192,진주,-3.0,72,0.2,0,,1028.7,1032.5,,,2,2,-1.5
2024-01-17 01:00,192,진주,-2.3,72,0.2,0,,1028.3,1032.1,,,7,7,-0.7
2024-01-17 02:00,192,진주,-1.5,69,0.3,0,,1028.0,1031.8,,,10,10,-0.5
2024-01-17 03:00,192,진주,-0.9,66,0.0,0,,1027.3,1031.1,,,10,10,-0.7
2024-01-17 04:00,192,진주,-1.5,67,0.0,0,,1026.8,1030.6,,,5,5,-0.7
2024-01-17 05:00,192,진주,-0.9,67,0.0,0,,1026.4,1030.2,,,10,10,-0.5
2024-01-17 06:00,192,진주,-0.7,67,0.2,0,,1026.7,1030.5,,,10,10,-0.5
2024-01-17 07:00,192,진주,-1.2,68,0.3,0,,1026.4,1030.2,,,7,7,-0.8
2024-01-17 08:00,192,진주,-0.4,66,0.0,0,,1026.4,1030.2,0.0,0.01,8,2,-0.3
2024-01-17 09:00,192,진주,1.4,65,0.3,0,,1026.5,1030.2,0.0,0.17,9,9,0.2
2024-01-17 10:00,192,진주,2.7,58,0.1,0,,1026.7,1030.4,0.0,0.26,10,10,0.8
2024-01-17 11:00,192,진주,3.8,57,0.2,0,,1026.0,1029.7,0.0,0.5,10,10,3.7
2024-01-17 12:00,192,진주,4.1,59,1.0,270,,1024.4,1028.1,0.0,0.41,10,10,5.4
2024-01-17 13:00,192,진주,5.9,53,0.7,270,,1022.8,1026.5,0.0,0.77,9,9,8.8
2024-01-17 14:00,192,진주,5.8,57,0.4,0,,1021.6,1025.3,0.0,0.33,10,10,7.4
2024-01-17 15:00,192,진주,6.5,57,0.7,290,0.0,1021.1,1024.7,0.0,0.54,9,6,7.1
2024-01-17 16:00,192,진주,7.3,56,0.0,0,,1021.0,1024.6,0.0,0.21,9,9,6.3
2024-01-17 17:00,192,진주,6.5,59,0.8,290,,1020.5,1024.1,0.0,0.07,9,9,5.6
2024-01-17 18:00,192,진주,6.2,62,0.4,0,0.0,1020.3,1024.0,0.0,0.03,9,9,4.3
2024-01-17 19:00,192,진주,6.1,63,0.6,290,,1020.5,1024.2,,,8,8,4.5
2024-01-17 20:00,192,진주,5.9,67,0.2,0,,1020.3,1024.0,,,7,7,4.5
2024-01-17 21:00,192,진주,5.1,79,0.3,0,0.0,1020.0,1023.7,,,10,10,4.5
2024-01-17 22:00,192,진주,4.8,83,0.7,290,,1019.8,1023.5,,,10,10,4.4
2024-01-17 23:00,192,진주,4.1,91,0.2,0,,1019.2,1022.9,,,9,9,3.7
2024-01-18 00:00,192,진주,4.0,93,0.0,0,0.7,1018.4,1022.1,,,9,9,4.0
2024-01-18 01:00,192,진주,4.3,94,0.0,0,,1017.7,1021.4,,,9,9,4.2
2024-01-18 02:00,192,진주,4.4,94,0.4,0,,1017.3,1021.0,,,10,9,4.5
2024-01-18 03:00,192,진주,4.8,95,0.4,0,0.0,1016.9,1020.6,,,10,8,4.5
2024-01-18 04:00,192,진주,5.1,95,0.0,0,,1016.5,1020.2,,,9,9,5.0
2024-01-18 05:00,192,진주,5.2,95,0.4,0,,1016.0,1019.7,,,10,8,4.9
2024-01-18 06:00,192,진주,5.2,95,0.0,0,0.1,1015.8,1019.5,,,9,9,4.9
2024-01-18 07:00,192,진주,5.5,96,0.1,0,,1016.1,1019.7,,,10,10,4.8
2024-01-18 08:00,192,진주,6.0,96,0.6,250,,1016.7,1020.3,0.0,0.0,10,10,5.3
2024-01-18 09:00,192,진주,6.6,96,0.2,0,0.0,1016.9,1020.5,0.0,0.1,9,9,6.3
2024-01-18 10:00,192,진주,7.3,96,0.2,0,,1017.1,1020.7,0.0,0.18,10,9,7.4
2024-01-18 11:00,192,진주,8.0,95,0.5,290,,1017.4,1021.0,0.0,0.26,9,9,8.2
2024-01-18 12:00,192,진주,7.8,95,0.4,0,0.2,1016.9,1020.5,0.0,0.24,9,9,8.1
2024-01-18 13:00,192,진주,7.9,96,0.0,0,,1016.5,1020.1,0.0,0.13,10,10,8.1
2024-01-18 14:00,192,진주,8.1,96,0.0,0,,1016.6,1020.2,0.0,0.1,10,10,8.0
2024-01-18 15:00,192,진주,9.5,97,0.2,0,1.7,1016.6,1020.2,0.0,0.19,10,9,9.1
2024-01-18 16:00,192,진주,9.5,95,0.8,50,,1017.3,1020.9,0.0,0.13,10,10,8.5
2024-01-18 17:00,192,진주,9.1,94,0.5,50,,1018.0,1021.6,0.0,0.03,10,10,7.9
2024-01-18 18:00,192,진주,8.6,94,0.2,0,1.0,1019.1,1022.7,0.0,0.01,10,9,7.5
2024-01-18 19:00,192,진주,8.1,95,0.3,0,,1019.9,1023.5,,,10,10,7.1
2024-01-18 20:00,192,진주,8.0,94,0.7,20,,1020.9,1024.5,,,10,10,7.0
2024-01-18 21:00,192,진주,7.5,94,1.0,20,2.7,1021.3,1024.9,,,10,8,6.8
2024-01-18 22:00,192,진주,7.1,94,0.7,360,,1021.9,1025.5,,,10,10,6.5
2024-01-18 23:00,192,진주,7.0,93,1.0,360,,1022.4,1026.0,,,10,10,6.4
2024-01-19 00:00,192,진주,6.8,92,1.3,360,0.5,1022.7,1026.3,,,10,10,6.1
2024-01-19 01:00,192,진주,6.3,92,1.0,360,,1022.9,1026.6,,,10,10,6.0
2024-01-19 02:00,192,진주,6.0,93,1.1,340,,1023.3,1027.0,,,9,9,5.8
2024-01-19 03:00,192,진주,5.8,93,0.9,360,0.2,1023.5,1027.2,,,10,10,5.6
2024-01-19 04:00,192,진주,5.8,91,1.0,360,,1023.5,1027.2,,,3,3,5.5
2024-01-19 05:00,192,진주,5.5,90,0.5,340,,1023.6,1027.3,,,8,8,5.4
2024-01-19 06:00,192,진주,5.4,87,1.0,360,0.1,1023.8,1027.5,,,4,4,5.1
2024-01-19 07:00,192,진주,5.5,84,0.9,360,,1024.3,1028.0,,,2,2,5.0
2024-01-19 08:00,192,진주,5.3,85,0.9,360,,1025.0,1028.7,0.0,0.0,5,5,5.1
2024-01-19 09:00,192,진주,6.2,79,1.7,360,0.0,1025.3,1029.0,0.0,0.26,7,7,6.6
2024-01-19 10:00,192,진주,6.8,77,1.9,360,,1025.6,1029.3,0.0,0.37,9,9,8.5
2024-01-19 11:00,192,진주,7.5,74,1.6,20,,1025.4,1029.0,0.0,0.62,9,9,9.9
2024-01-19 12:00,192,진주,8.0,69,2.1,20,,1024.9,1028.5,0.0,1.0,9,9,11.6
2024-01-19 13:00,192,진주,8.3,63,2.3,50,,1024.0,1027.6,0.0,0.97,9,8,11.7
2024-01-19 14:00,192,진주,8.5,61,1.7,50,,1023.5,1027.1,0.0,0.98,9,9,12.1
2024-01-19 15:00,192,진주,8.1,65,2.3,360,,1023.4,1027.0,0.0,0.67,10,10,10.8
2024-01-19 16:00,192,진주,8.3,60,1.7,50,,1023.3,1026.9,0.0,0.56,9,9,10.2
2024-01-19 17:00,192,진주,7.9,61,1.6,50,,1023.7,1027.3,0.0,0.3,10,10,8.3
2024-01-19 18:00,192,진주,7.1,65,1.3,360,,1023.9,1027.5,0.0,0.03,10,10,6.8
2024-01-19 19:00,192,진주,6.8,66,1.4,360,,1024.1,1027.8,,,10,9,6.3
2024-01-19 20:00,192,진주,6.5,67,1.1,360,,1024.4,1028.1,,,8,8,6.0
2024-01-19 21:00,192,진주,6.4,67,1.9,360,,1024.5,1028.2,,,9,9,5.8
2024-01-19 22:00,192,진주,6.3,68,1.2,360,,1024.7,1028.4,,,10,10,5.6
2024-01-19 23:00,192,진주,6.3,71,1.5,360,,1024.3,1028.0,,,8,8,5.5
2024-01-20 00:00,192,진주,6.1,74,1.5,360,,1024.3,1028.0,,,10,10,5.5
2024-01-20 01:00,192,진주,6.3,74,1.3,20,,1024.1,1027.8,,,10,10,5.5
2024-01-20 02:00,192,진주,6.3,75,1.1,360,,1023.9,1027.6,,,10,10,5.5
2024-01-20 03:00,192,진주,6.4,76,2.0,340,,1023.7,1027.4,,,10,9,5.5
2024-01-20 04:00,192,진주,6.1,78,1.2,340,,1022.9,1026.6,,,9,9,5.4
2024-01-20 05:00,192,진주,6.0,80,1.1,360,,1022.6,1026.3,,,9,9,5.3
2024-01-20 06:00,192,진주,6.0,80,1.6,360,0.0,1022.4,1026.1,,,10,7,5.3
2024-01-20 07:00,192,진주,5.9,83,1.8,360,,1022.1,1025.8,,,10,10,5.1
2024-01-20 08:00,192,진주,6.1,80,1.3,360,,1022.1,1025.8,0.0,0.0,10,9,5.3
2024-01-20 09:00,192,진주,6.5,79,1.4,360,0.0,1022.2,1025.9,0.0,0.06,9,9,5.9
2024-01-20 10:00,192,진주,6.5,82,1.4,360,,1022.0,1025.7,0.0,0.13,10,10,6.3
2024-01-20 11:00,192,진주,6.0,89,1.0,340,,1021.7,1025.4,0.0,0.15,10,10,6.5
2024-01-20 12:00,192,진주,6.0,92,1.6,340,2.7,1020.7,1024.4,0.0,0.21,9,9,7.0
2024-01-20 13:00,192,진주,5.9,91,2.2,340,,1019.4,1023.1,0.0,0.19,10,10,6.8
2024-01-20 14:00,192,진주,5.9,91,1.4,340,,1018.8,1022.5,0.0,0.22,9,9,7.1
2024-01-20 15:00,192,진주,5.8,91,1.6,360,6.0,1018.2,1021.8,0.0,0.23,9,9,7.0
2024-01-20 16:00,192,진주,5.4,91,2.1,360,,1018.3,1022.0,0.0,0.14,9,9,6.4
2024-01-20 17:00,192,진주,4.8,90,2.0,360,,1018.4,1022.1,0.0,0.06,10,10,5.5
2024-01-20 18:00,192,진주,4.3,90,2.1,360,4.1,1018.0,1021.7,0.0,0.01,10,10,5.0
2024-01-20 19:00,192,진주,3.9,91,1.4,360,,1018.2,1021.9,,,10,10,4.6
2024-01-20 20:00,192,진주,3.7,92,1.0,340,,1018.7,1022.4,,,10,10,4.5
2024-01-20 21:00,192,진주,3.5,91,1.7,360,3.1,1018.9,1022.6,,,10,10,4.3
2024-01-20 22:00,192,진주,3.5,91,1.7,340,,1018.6,1022.3,,,10,10,4.1
2024-01-20 23:00,192,진주,3.7,90,1.0,360,,1018.5,1022.2,,,10,10,4.3
2024-01-21 00:00,192,진주,4.0,90,1.1,360,1.1,1018.3,1022.0,,,9,9,4.1
2024-01-21 01:00,192,진주,4.1,88,1.5,360,,1018.1,1021.8,,,6,6,3.9
2024-01-21 02:00,192,진주,4.4,87,1.2,360,,1018.0,1021.7,,,8,8,4.0
2024-01-21 03:00,192,진주,5.0,85,1.2,340,,1017.9,1021.6,,,0,0,4.3
2024-01-21 04:00,192,진주,5.2,83,0.9,360,,1018.0,1021.7,,,2,2,4.4
2024-01-21 05:00,192,진주,5.6,80,1.6,340,,1018.3,1022.0,,,9,9,4.5
2024-01-21 06:00,192,진주,5.6,80,1.4,340,,1018.5,1022.2,,,2,2,4.5
2024-01-21 07:00,192,진주,5.5,80,0.8,340,,1019.0,1022.7,,,1,1,4.3
2024-01-21 08:00,192,진주,4.6,90,0.7,340,,1019.8,1023.5,0.0,0.01,8,8,4.4
2024-01-21 09:00,192,진주,5.6,85,0.1,0,,1020.4,1024.1,0.0,0.16,7,7,5.9
2024-01-21 10:00,192,진주,6.7,82,0.9,290,,1021.1,1024.7,0.0,0.48,9,9,9.3
2024-01-21 11:00,192,진주,8.2,71,1.7,360,,1021.4,1025.0,0.0,0.79,10,9,11.2
2024-01-21 12:00,192,진주,10.2,65,1.4,20,,1020.4,1024.0,0.8,1.92,7,5,19.5
2024-01-21 13:00,192,진주,10.3,62,1.5,20,,1019.6,1023.2,1.0,2.07,6,6,17.8
2024-01-21 14:00,192,진주,11.1,61,0.9,110,,1018.9,1022.5,1.0,1.73,8,5,17.8
2024-01-21 15:00,192,진주,10.1,63,0.4,0,,1019.1,1022.7,0.0,0.57,9,8,13.0
2024-01-21 16:00,192,진주,9.4,67,1.1,20,,1019.7,1023.3,0.0,0.26,10,9,10.2
2024-01-21 17:00,192,진주,8.6,73,0.6,20,,1020.2,1023.8,0.0,0.06,10,10,9.1
2024-01-21 18:00,192,진주,8.0,78,0.0,0,,1020.6,1024.2,0.0,0.01,0,0,8.3
2024-01-21 19:00,192,진주,7.1,86,0.9,320,,1021.0,1024.6,,,0,0,7.6
2024-01-21 20:00,192,진주,6.8,88,0.3,0,,1021.0,1024.6,,,0,0,7.3
2024-01-21 21:00,192,진주,6.3,91,0.2,0,0.0,1020.9,1024.6,,,0,0,7.0
2024-01-21 22:00,192,진주,6.0,93,0.6,320,,1021.0,1024.7,,,0,0,6.8
2024-01-21 23:00,192,진주,5.8,93,0.3,0,,1020.9,1024.6,,,0,0,6.5
2024-01-22 00:00,192,진주,5.0,91,0.5,340,0.8,1020.7,1024.4,,,9,9,6.0
2024-01-22 01:00,192,진주,4.5,88,0.6,270,,1020.6,1024.3,,,0,0,5.8
2024-01-22 02:00,192,진주,3.7,89,0.5,250,,1020.7,1024.4,,,6,6,5.4
2024-01-22 03:00,192,진주,3.4,85,1.2,340,0.8,1020.7,1024.4,,,9,9,5.1
2024-01-22 04:00,192,진주,2.5,77,2.4,340,,1020.2,1023.9,,,8,8,4.3
2024-01-22 05:00,192,진주,1.7,69,1.8,360,,1020.3,1024.0,,,8,8,3.5
2024-01-22 06:00,192,진주,0.8,65,1.2,360,,1020.1,1023.8,,,6,4,1.7
2024-01-22 07:00,192,진주,-0.3,68,0.6,360,,1020.0,1023.7,,,5,5,0.6
2024-01-22 08:00,192,진주,-0.3,63,1.2,340,,1020.4,1024.1,0.0,0.01,0,0,0.5
2024-01-22 09:00,192,진주,0.4,55,2.1,360,,1021.2,1024.9,0.6,0.34,0,0,2.4
2024-01-22 10:00,192,진주,1.0,48,2.6,340,,1021.6,1025.3,0.9,0.93,3,1,6.8
2024-01-22 11:00,192,진주,1.4,42,3.0,360,,1021.3,1025.0,1.0,1.61,0,0,10.0
2024-01-22 12:00,192,진주,1.5,41,2.3,360,,1020.7,1024.4,0.9,1.92,6,1,11.6
2024-01-22 13:00,192,진주,1.2,38,3.5,360,,1020.4,1024.1,1.0,2.28,6,5,12.6
2024-01-22 14:00,192,진주,0.7,37,4.4,360,,1020.0,1023.7,1.0,2.23,3,0,11.4
2024-01-22 15:00,192,진주,0.2,38,4.1,360,,1020.2,1023.9,1.0,1.89,2,0,6.9
2024-01-22 16:00,192,진주,-0.5,39,3.6,360,,1020.6,1024.3,1.0,1.35,1,0,3.2
2024-01-22 17:00,192,진주,-1.3,40,2.2,360,,1021.3,1025.1,1.0,0.67,0,0,1.3
2024-01-22 18:00,192,진주,-2.8,43,2.4,360,,1022.0,1025.8,0.1,0.06,0,0,-0.4
2024-01-22 19:00,192,진주,-3.5,44,1.7,360,,1022.6,1026.4,,,2,0,-0.5
2024-01-22 20:00,192,진주,-4.1,47,2.1,360,,1022.5,1026.3,,,5,0,-0.9
2024-01-22 21:00,192,진주,-4.5,48,1.9,20,,1023.2,1027.0,,,3,0,-1.4
2024-01-22 22:00,192,진주,-4.7,48,1.8,360,,1023.2,1027.0,,,6,0,-1.7
2024-01-22 23:00,192,진주,-5.2,48,1.6,20,,1022.8,1026.6,,,3,1,-1.9
2024-01-23 00:00,192,진주,-5.7,50,1.0,20,,1022.1,1025.9,,,1,1,-2.1
2024-01-23 01:00,192,진주,-5.7,48,0.8,360,,1022.2,1026.0,,,0,0,-2.3
2024-01-23 02:00,192,진주,-6.8,55,0.0,0,,1022.5,1026.3,,,0,0,-2.5
2024-01-23 03:00,192,진주,-8.2,67,0.2,0,,1022.5,1026.4,,,0,0,-2.8
2024-01-23 04:00,192,진주,-8.7,71,0.4,0,,1022.2,1026.1,,,7,6,-3.1
2024-01-23 05:00,192,진주,-8.9,74,0.5,70,,1022.0,1025.9,,,0,0,-3.3
2024-01-23 06:00,192,진주,-9.5,77,0.1,0,,1022.1,1026.0,,,0,0,-3.8
2024-01-23 07:00,192,진주,-9.6,77,0.1,0,,1021.9,1025.8,,,0,0,-3.9
2024-01-23 08:00,192,진주,-9.2,78,0.4,0,,1022.2,1026.1,0.0,0.01,0,0,-3.8
2024-01-23 09:00,192,진주,-6.1,61,0.5,180,,1022.4,1026.2,0.9,0.58,2,0,-0.3
2024-01-23 10:00,192,진주,-3.8,47,0.8,180,,1022.3,1026.1,1.0,1.23,3,0,3.4
2024-01-23 11:00,192,진주,-2.8,41,1.3,200,,1021.8,1025.6,1.0,1.76,4,0,3.7
2024-01-23 12:00,192,진주,-1.5,38,1.2,320,,1020.6,1024.4,1.0,2.09,6,0,5.5
2024-01-23 13:00,192,진주,-0.9,36,2.8,320,,1019.4,1023.1,1.0,2.22,6,1,6.6
2024-01-23 14:00,192,진주,-0.9,35,3.8,340,,1018.3,1022.0,1.0,2.26,1,1,7.2
2024-01-23 15:00,192,진주,-1.3,34,4.4,270,,1018.0,1021.7,1.0,1.82,2,1,2.7
2024-01-23 16:00,192,진주,-1.3,37,3.5,290,,1017.9,1021.6,1.0,1.41,0,0,0.8
2024-01-23 17:00,192,진주,-3.0,38,2.3,340,,1018.6,1022.4,1.0,0.74,2,2,-0.3
2024-01-23 18:00,192,진주,-4.3,44,1.6,360,,1019.1,1022.9,0.1,0.07,7,2,-1.0
2024-01-23 19:00,192,진주,-4.7,46,3.4,340,,1019.5,1023.3,,,5,0,-1.8
2024-01-23 20:00,192,진주,-4.9,46,1.8,340,,1019.5,1023.3,,,1,1,-2.0
2024-01-23 21:00,192,진주,-4.9,43,1.7,20,,1019.6,1023.4,,,0,0,-2.1
2024-01-23 22:00,192,진주,-5.6,50,1.4,160,,1019.6,1023.4,,,0,0,-2.3
2024-01-23 23:00,192,진주,-6.0,51,1.0,140,,1019.9,1023.7,,,3,3,-2.5
2024-01-24 00:00,192,진주,-4.5,44,1.7,340,,1020.0,1023.8,,,0,0,-2.6
2024-01-24 01:00,192,진주,-5.0,45,1.8,20,,1019.5,1023.3,,,5,0,-2.9
2024-01-24 02:00,192,진주,-4.9,47,2.4,360,,1019.3,1023.1,,,1,1,-3.1
2024-01-24 03:00,192,진주,-4.2,46,2.6,20,,1019.3,1023.1,,,5,1,-3.1
2024-01-24 04:00,192,진주,-4.7,49,1.3,50,,1019.4,1023.2,,,6,3,-3.3
2024-01-24 05:00,192,진주,-4.5,46,2.3,360,,1019.6,1023.4,,,0,0,-3.5
2024-01-24 06:00,192,진주,-4.9,48,2.8,340,,1019.9,1023.7,,,0,0,-3.8
2024-01-24 07:00,192,진주,-4.4,48,4.2,360,,1019.9,1023.7,,,5,1,-3.8
2024-01-24 08:00,192,진주,-4.7,48,2.9,20,,1020.2,1024.0,0.0,0.02,6,1,-3.5
2024-01-24 09:00,192,진주,-3.1,46,2.8,140,,1020.5,1024.3,0.9,0.49,7,1,-0.2
2024-01-24 10:00,192,진주,-1.3,41,1.3,250,,1020.8,1024.6,0.9,0.99,4,2,4.0
2024-01-24 11:00,192,진주,-0.4,38,1.1,160,,1020.8,1024.5,0.9,1.52,5,3,2.8
2024-01-24 12:00,192,진주,0.9,33,3.0,320,,1020.0,1023.7,0.8,1.73,0,0,4.9
2024-01-24 13:00,192,진주,1.4,29,2.7,360,,1019.2,1022.9,1.0,2.31,0,0,7.5
2024-01-24 14:00,192,진주,1.2,30,3.8,20,,1019.1,1022.8,1.0,2.23,0,0,6.9
2024-01-24 15:00,192,진주,1.4,29,3.1,360,,1018.9,1022.6,1.0,1.91,0,0,4.4
2024-01-24 16:00,192,진주,1.1,31,2.8,360,,1019.2,1022.9,1.0,1.4,0,0,0.8
2024-01-24 17:00,192,진주,0.2,34,2.3,20,,1019.8,1023.5,1.0,0.73,0,0,-0.2
2024-01-24 18:00,192,진주,-1.3,37,2.2,20,,1020.6,1024.4,0.1,0.06,0,0,-0.7
2024-01-24 19:00,192,진주,-1.8,37,1.6,340,,1021.1,1024.9,,,0,0,-1.2
2024-01-24 20:00,192,진주,-2.6,39,1.0,50,,1021.5,1025.3,,,0,0,-1.4
2024-01-24 21:00,192,진주,-4.5,50,0.4,0,,1021.6,1025.4,,,0,0,-1.8
2024-01-24 22:00,192,진주,-5.7,57,0.2,0,,1022.1,1025.9,,,0,0,-2.2
2024-01-24 23:00,192,진주,-5.6,58,0.6,20,,1022.6,1026.4,,,0,0,-2.3
2024-01-25 00:00,192,진주,-6.9,67,0.1,0,,1022.8,1026.6,,,0,0,-2.5
2024-01-25 01:00,192,진주,-7.5,70,0.7,50,,1022.7,1026.6,,,0,0,-2.8
2024-01-25 02:00,192,진주,-8.3,75,0.2,0,,1023.2,1027.1,,,0,0,-3.0
2024-01-25 03:00,192,진주,-9.0,77,0.3,0,,1023.3,1027.2,,,0,0,-3.5
2024-01-25 04:00,192,진주,-9.4,80,0.1,0,,1023.2,1027.1,,,0,0,-3.8
2024-01-25 05:00,192,진주,-9.9,82,0.3,0,,1023.2,1027.1,,,0,0,-4.1
2024-01-25 06:00,192,진주,-10.0,82,0.2,0,,1023.7,1027.6,,,0,0,-4.4
2024-01-25 07:00,192,진주,-10.4,83,0.1,0,,1024.7,1028.6,,,0,0,-4.6
2024-01-25 08:00,192,진주,-10.0,83,0.0,0,,1024.9,1028.8,0.0,0.02,0,0,-4.4
2024-01-25 09:00,192,진주,-6.2,77,0.0,0,,1025.2,1029.0,1.0,0.74,0,0,-0.7
2024-01-25 10:00,192,진주,-3.5,60,0.4,0,,1025.3,1029.1,1.0,1.51,4,1,2.8
2024-01-25 11:00,192,진주,-1.1,47,1.3,340,,1024.9,1028.7,1.0,1.93,7,3,4.4
2024-01-25 12:00,192,진주,-0.3,39,1.0,320,,1024.2,1028.0,0.8,1.63,8,8,3.3
2024-01-25 13:00,192,진주,1.1,32,0.9,340,,1023.3,1027.0,0.3,1.42,8,8,4.0
2024-01-25 14:00,192,진주,2.7,33,0.5,270,,1022.6,1026.3,0.5,1.17,7,7,4.5
2024-01-25 15:00,192,진주,4.5,24,1.4,250,,1022.2,1025.9,1.0,1.65,4,4,5.6
2024-01-25 16:00,192,진주,5.0,25,1.0,230,,1021.7,1025.4,1.0,1.36,4,4,1.8
2024-01-25 17:00,192,진주,3.5,32,0.3,0,,1022.4,1026.1,1.0,0.64,0,0,-0.2
2024-01-25 18:00,192,진주,-0.6,44,0.0,0,,1022.9,1026.7,0.1,0.07,0,0,-0.5
2024-01-25 19:00,192,진주,-0.4,45,0.7,360,,1023.5,1027.3,,,0,0,-0.9
2024-01-25 20:00,192,진주,-1.8,49,0.6,20,,1023.9,1027.7,,,3,3,-1.2
2024-01-25 21:00,192,진주,-0.7,42,0.8,20,,1023.9,1027.7,,,0,0,-1.3
2024-01-25 22:00,192,진주,0.5,36,1.4,360,,1024.5,1028.2,,,0,0,-1.2
2024-01-25 23:00,192,진주,-0.2,38,2.1,20,,1024.8,1028.6,,,0,0,-1.3
2024-01-26 00:00,192,진주,-3.0,52,0.4,0,,1025.0,1028.8,,,0,0,-1.8
2024-01-26 01:00,192,진주,-4.0,60,0.3,0,,1024.9,1028.7,,,0,0,-2.0
2024-01-26 02:00,192,진주,-5.0,66,0.6,20,,1025.1,1028.9,,,0,0,-2.3
2024-01-26 03:00,192,진주,-6.0,70,0.1,0,,1024.9,1028.7,,,0,0,-2.5
2024-01-26 04:00,192,진주,-6.5,75,0.0,0,,1024.7,1028.5,,,0,0,-2.8
2024-01-26 05:00,192,진주,-6.9,80,0.1,0,,1024.6,1028.5,,,0,0,-3.0
2024-01-26 06:00,192,진주,-7.6,82,0.4,0,,1024.8,1028.7,,,0,0,-3.3
2024-01-26 07:00,192,진주,-7.4,86,0.0,0,,1025.1,1029.0,,,0,0,-3.6
2024-01-26 08:00,192,진주,-7.7,84,0.0,0,,1025.5,1029.4,0.0,0.02,0,0,-3.3
2024-01-26 09:00,192,진주,-3.3,78,0.0,0,,1025.7,1029.5,1.0,0.78,0,0,-0.3
2024-01-26 10:00,192,진주,0.9,49,0.0,0,,1025.9,1029.6,1.0,1.48,0,0,2.7
2024-01-26 11:00,192,진주,3.1,41,0.6,290,,1026.0,1029.7,1.0,1.76,0,0,5.5
2024-01-26 12:00,192,진주,4.5,37,1.2,270,,1025.1,1028.8,1.0,2.15,0,0,8.3
2024-01-26 13:00,192,진주,6.6,33,1.2,270,,1023.7,1027.4,1.0,2.33,0,0,10.4
2024-01-26 14:00,192,진주,7.7,31,0.5,320,,1023.0,1026.6,1.0,2.23,0,0,10.8
2024-01-26 15:00,192,진주,8.3,31,1.8,230,,1022.9,1026.5,1.0,1.92,0,0,8.7
2024-01-26 16:00,192,진주,7.6,36,1.6,230,,1023.0,1026.6,1.0,1.36,0,0,4.4
2024-01-26 17:00,192,진주,7.0,38,0.9,270,,1022.9,1026.5,1.0,0.7,0,0,2.5
2024-01-26 18:00,192,진주,3.8,53,0.5,270,,1023.4,1027.1,0.1,0.08,0,0,-0.3
2024-01-26 19:00,192,진주,1.0,64,0.2,0,,1024.0,1027.7,,,0,0,-0.5
2024-01-26 20:00,192,진주,-0.7,70,0.0,0,,1024.1,1027.9,,,0,0,-0.7
2024-01-26 21:00,192,진주,-1.9,74,0.0,0,,1024.3,1028.1,,,0,0,-1.0
2024-01-26 22:00,192,진주,-2.0,76,0.0,0,,1024.5,1028.3,,,0,0,-1.3
2024-01-26 23:00,192,진주,-2.9,77,0.3,0,,1024.7,1028.5,,,0,0,-1.3
2024-01-27 00:00,192,진주,-3.6,82,0.1,0,,1024.8,1028.6,,,0,0,-1.7
2024-01-27 01:00,192,진주,-4.2,84,0.1,0,,1024.5,1028.3,,,0,0,-1.7
2024-01-27 02:00,192,진주,-5.0,86,0.0,0,,1024.4,1028.2,,,0,0,-2.0
2024-01-27 03:00,192,진주,-5.5,88,0.0,0,,1024.2,1028.0,,,0,0,-2.1
2024-01-27 04:00,192,진주,-6.1,89,0.1,0,,1023.8,1027.6,,,0,0,-2.3
2024-01-27 05:00,192,진주,-6.0,90,0.2,0,,1024.0,1027.8,,,0,0,-2.5
2024-01-27 06:00,192,진주,-6.2,90,0.0,0,,1024.3,1028.1,,,0,0,-2.6
2024-01-27 07:00,192,진주,-6.1,91,0.1,0,,1024.8,1028.6,,,0,0,-3.0
2024-01-27 08:00,192,진주,-6.1,91,0.2,0,,1024.8,1028.6,0.0,0.02,0,0,-2.5
2024-01-27 09:00,192,진주,-3.0,88,0.1,0,,1024.8,1028.6,1.0,0.57,0,0,0.9
2024-01-27 10:00,192,진주,1.5,72,0.4,0,,1024.8,1028.5,1.0,1.31,0,0,2.1
2024-01-27 11:00,192,진주,4.2,53,0.9,250,,1024.7,1028.4,1.0,1.77,0,0,5.1
2024-01-27 12:00,192,진주,6.0,46,0.7,50,,1023.6,1027.3,1.0,2.09,0,0,8.0
2024-01-27 13:00,192,진주,7.8,38,1.6,270,,1022.1,1025.7,1.0,2.3,0,0,11.0
2024-01-27 14:00,192,진주,9.0,36,1.1,200,,1021.4,1025.0,1.0,2.26,2,2,13.1
2024-01-27 15:00,192,진주,8.6,39,2.1,200,,1020.9,1024.5,1.0,1.88,0,0,10.7
2024-01-27 16:00,192,진주,8.7,41,1.7,200,,1020.6,1024.2,1.0,1.29,0,0,6.6
2024-01-27 17:00,192,진주,7.5,46,1.0,140,,1020.4,1024.0,1.0,0.65,0,0,4.3
2024-01-27 18:00,192,진주,4.1,57,0.4,0,,1020.7,1024.4,0.1,0.09,0,0,1.0
2024-01-27 19:00,192,진주,1.7,69,0.2,0,,1020.8,1024.5,,,0,0,-0.4
2024-01-27 20:00,192,진주,-0.4,75,0.5,160,,1021.0,1024.7,,,0,0,-0.7
2024-01-27 21:00,192,진주,-1.3,78,0.1,0,,1021.7,1025.5,,,3,2,-0.9
2024-01-27 22:00,192,진주,-0.8,75,0.1,0,,1021.8,1025.6,,,9,8,-0.5
2024-01-27 23:00,192,진주,-1.5,77,0.3,0,,1022.0,1025.8,,,7,7,-0.9
2024-01-28 00:00,192,진주,-1.8,79,0.1,0,,1022.4,1026.2,,,8,8,-0.7
2024-01-28 01:00,192,진주,-2.3,79,0.0,0,,1022.0,1025.8,,,7,7,-1.0
2024-01-28 02:00,192,진주,-2.6,80,0.0,0,,1022.2,1026.0,,,7,7,-0.9
2024-01-28 03:00,192,진주,-2.5,77,0.0,0,,1022.3,1026.1,,,8,8,-0.9
2024-01-28 04:00,192,진주,-2.5,77,0.1,0,,1021.8,1025.6,,,10,10,-0.9
2024-01-28 05:00,192,진주,-3.5,80,0.2,0,,1021.8,1025.6,,,6,6,-1.3
2024-01-28 06:00,192,진주,-4.4,82,0.1,0,,1022.2,1026.0,,,0,0,-1.7
2024-01-28 07:00,192,진주,-5.0,84,0.4,0,,1022.5,1026.3,,,0,0,-1.9
2024-01-28 08:00,192,진주,-5.3,85,0.3,0,,1023.6,1027.4,0.0,0.02,0,0,-1.7
2024-01-28 09:00,192,진주,-1.6,80,0.5,160,,1024.3,1028.1,1.0,0.69,0,0,1.0
2024-01-28 10:00,192,진주,3.6,49,2.2,20,,1024.6,1028.3,1.0,1.37,0,0,2.1
2024-01-28 11:00,192,진주,4.9,36,2.5,20,,1024.6,1028.3,1.0,1.76,0,0,5.1
2024-01-28 12:00,192,진주,6.3,33,1.5,290,,1024.5,1028.2,1.0,2.15,0,0,11.0
2024-01-28 13:00,192,진주,6.8,31,1.5,270,,1023.7,1027.4,1.0,2.32,0,0,14.6
2024-01-28 14:00,192,진주,7.9,31,0.6,360,,1023.1,1026.7,1.0,2.24,0,0,15.1
2024-01-28 15:00,192,진주,7.9,30,1.9,340,,1022.8,1026.4,1.0,1.93,0,0,12.3
2024-01-28 16:00,192,진주,7.8,32,2.1,360,,1023.5,1027.1,1.0,1.4,0,0,7.0
2024-01-28 17:00,192,진주,6.8,36,2.4,360,,1023.8,1027.5,1.0,0.76,0,0,4.6
2024-01-28 18:00,192,진주,4.3,42,0.9,50,,1025.0,1028.7,0.2,0.1,0,0,1.9
2024-01-28 19:00,192,진주,1.4,53,0.3,0,,1025.4,1029.1,,,0,0,-0.3
2024-01-28 20:00,192,진주,-0.6,62,0.2,0,,1025.7,1029.5,,,0,0,-0.9
2024-01-28 21:00,192,진주,-2.0,70,0.2,0,,1026.4,1030.2,,,0,0,-1.0
2024-01-28 22:00,192,진주,-2.8,71,0.3,0,,1026.7,1030.5,,,0,0,-1.0
2024-01-28 23:00,192,진주,-3.1,75,0.3,0,,1027.0,1030.8,,,0,0,-1.3
2024-01-29 00:00,192,진주,-4.1,77,0.0,0,,1027.1,1030.9,,,0,0,-1.6
2024-01-29 01:00,192,진주,-4.5,80,0.6,50,,1026.6,1030.4,,,0,0,-1.8
2024-01-29 02:00,192,진주,-5.2,83,0.1,0,,1026.8,1030.6,,,0,0,-1.9
2024-01-29 03:00,192,진주,-5.9,83,0.2,0,,1026.7,1030.5,,,0,0,-2.0
2024-01-29 04:00,192,진주,-6.4,86,0.0,0,,1027.1,1031.0,,,0,0,-2.3
2024-01-29 05:00,192,진주,-6.5,88,0.4,0,,1026.9,1030.8,,,0,0,-2.3
2024-01-29 06:00,192,진주,-6.7,88,0.0,0,,1027.1,1031.0,,,0,0,-2.6
2024-01-29 07:00,192,진주,-6.6,89,0.6,70,,1027.5,1031.4,,,0,0,-2.8
2024-01-29 08:00,192,진주,-7.0,89,0.1,0,,1028.0,1031.9,0.0,0.02,0,0,-2.6
2024-01-29 09:00,192,진주,-3.3,82,0.0,0,,1028.1,1031.9,1.0,0.61,0,0,-0.2
2024-01-29 10:00,192,진주,0.4,66,0.2,0,,1028.2,1032.0,1.0,1.21,0,0,2.0
2024-01-29 11:00,192,진주,2.4,57,1.3,270,,1027.9,1031.6,1.0,2.04,0,0,5.0
2024-01-29 12:00,192,진주,4.2,50,1.3,200,,1027.4,1031.1,1.0,2.17,0,0,7.9
2024-01-29 13:00,192,진주,5.6,45,1.2,250,,1026.0,1029.7,1.0,2.33,0,0,11.8
2024-01-29 14:00,192,진주,6.9,39,1.4,270,,1025.4,1029.1,1.0,2.27,0,0,13.7
2024-01-29 15:00,192,진주,7.7,36,1.3,290,,1025.1,1028.7,1.0,1.97,0,0,11.8
2024-01-29 16:00,192,진주,8.3,31,1.3,270,,1025.2,1028.8,1.0,1.41,0,0,6.9
2024-01-29 17:00,192,진주,7.2,40,1.0,230,,1025.2,1028.9,1.0,0.75,0,0,4.4
2024-01-29 18:00,192,진주,3.6,55,0.2,0,,1025.2,1028.9,0.2,0.1,0,0,1.1
2024-01-29 19:00,192,진주,2.2,61,0.9,320,,1025.9,1029.6,,,0,0,0.0
2024-01-29 20:00,192,진주,-0.8,69,0.2,0,,1026.0,1029.8,,,0,0,-0.5
2024-01-29 21:00,192,진주,-1.9,72,0.3,0,,1026.7,1030.5,,,0,0,-0.9
2024-01-29 22:00,192,진주,-2.8,76,0.5,50,,1027.2,1031.0,,,0,0,-0.9
2024-01-29 23:00,192,진주,-3.5,77,0.1,0,,1027.4,1031.2,,,0,0,-1.3
2024-01-30 00:00,192,진주,-4.2,81,0.0,0,,1027.6,1031.4,,,0,0,-1.5
2024-01-30 01:00,192,진주,-4.9,80,0.1,0,,1027.6,1031.4,,,0,0,-1.8
2024-01-30 02:00,192,진주,-5.4,82,0.1,0,,1027.6,1031.4,,,0,0,-1.9
2024-01-30 03:00,192,진주,-5.9,85,0.0,0,,1027.5,1031.3,,,0,0,-2.0
2024-01-30 04:00,192,진주,-6.2,85,0.0,0,,1027.2,1031.1,,,0,0,-2.3
2024-01-30 05:00,192,진주,-6.5,86,0.0,0,,1027.0,1030.9,,,0,0,-2.3
2024-01-30 06:00,192,진주,-5.9,85,0.0,0,,1027.3,1031.1,,,10,9,-2.1
2024-01-30 07:00,192,진주,-6.4,87,0.2,0,,1027.8,1031.7,,,0,0,-2.5
2024-01-30 08:00,192,진주,-6.5,88,0.1,0,,1028.3,1032.2,0.0,0.01,0,0,-2.5
2024-01-30 09:00,192,진주,-3.6,80,0.2,0,,1028.5,1032.3,0.9,0.47,0,0,-0.4
2024-01-30 10:00,192,진주,0.4,67,0.5,230,,1028.4,1032.2,1.0,1.29,0,0,2.0
2024-01-30 11:00,192,진주,3.7,52,1.3,230,,1027.7,1031.4,1.0,1.92,0,0,5.0
2024-01-30 12:00,192,진주,6.5,41,0.9,20,,1026.6,1030.3,1.0,2.14,0,0,8.1
2024-01-30 13:00,192,진주,8.0,41,1.1,360,,1025.1,1028.7,1.0,2.32,0,0,12.6
2024-01-30 14:00,192,진주,9.8,38,1.7,290,,1024.5,1028.1,1.0,2.23,0,0,14.5
2024-01-30 15:00,192,진주,10.2,34,1.5,340,,1023.9,1027.5,1.0,1.71,0,0,12.6
2024-01-30 16:00,192,진주,9.1,43,1.2,180,,1023.9,1027.5,0.5,0.72,9,9,8.3
2024-01-30 17:00,192,진주,8.5,44,1.3,180,,1024.2,1027.8,0.0,0.23,9,9,6.4
2024-01-30 18:00,192,진주,7.6,45,1.1,270,,1024.5,1028.1,0.0,0.04,10,10,4.8
2024-01-30 19:00,192,진주,6.3,54,0.2,0,,1024.5,1028.2,,,9,2,4.1
2024-01-30 20:00,192,진주,5.0,63,0.5,360,,1024.6,1028.3,,,10,10,3.7
2024-01-30 21:00,192,진주,4.5,67,0.1,0,,1024.2,1027.9,,,9,9,3.3
2024-01-30 22:00,192,진주,4.5,66,0.0,0,,1023.6,1027.3,,,10,9,3.2
2024-01-30 23:00,192,진주,4.3,71,0.4,0,,1023.2,1026.9,,,9,9,3.2
2024-01-31 00:00,192,진주,4.5,71,0.3,0,0.0,1023.2,1026.9,,,9,9,3.2
2024-01-31 01:00,192,진주,3.9,79,0.3,0,,1022.9,1026.6,,,9,5,3.2
2024-01-31 02:00,192,진주,3.4,86,0.0,0,,1023.1,1026.8,,,10,10,3.5
2024-01-31 03:00,192,진주,3.2,92,0.2,0,0.5,1022.7,1026.4,,,10,10,3.5
2024-01-31 04:00,192,진주,3.0,93,0.1,0,,1022.0,1025.7,,,10,10,3.5
2024-01-31 05:00,192,진주,2.9,92,0.1,0,,1021.6,1025.3,,,9,9,3.5
2024-01-31 06:00,192,진주,3.2,92,0.8,320,0.3,1021.7,1025.4,,,10,10,3.5
2024-01-31 07:00,192,진주,3.2,92,0.4,0,,1021.9,1025.6,,,7,7,3.5
2024-01-31 08:00,192,진주,3.4,93,0.1,0,,1021.9,1025.6,0.0,0.01,9,9,4.0
2024-01-31 09:00,192,진주,4.3,89,0.5,290,,1022.2,1025.9,0.0,0.22,9,9,5.6
2024-01-31 10:00,192,진주,5.6,83,1.1,230,,1022.0,1025.7,0.0,0.44,9,8,7.4
2024-01-31 11:00,192,진주,6.6,75,0.6,290,,1021.8,1025.4,0.0,0.58,9,9,9.6
2024-01-31 12:00,192,진주,9.0,69,0.7,250,,1020.8,1024.4,0.2,1.53,8,8,16.0
2024-01-31 13:00,192,진주,11.6,57,0.4,0,,1019.3,1022.9,0.9,2.08,0,0,20.0
2024-01-31 14:00,192,진주,13.1,53,0.6,360,,1018.1,1021.6,1.0,1.95,5,5,19.9
2024-01-31 15:00,192,진주,14.5,52,1.2,20,,1016.7,1020.2,1.0,1.85,0,0,18.1
2024-01-31 16:00,192,진주,14.6,52,1.3,290,,1017.2,1020.7,1.0,1.35,0,0,13.5
2024-01-31 17:00,192,진주,13.8,55,1.6,200,,1017.3,1020.8,1.0,0.71,0,0,11.5
2024-01-31 18:00,192,진주,11.4,65,1.3,180,,1017.5,1021.1,0.3,0.11,0,0,8.6
2024-01-31 19:00,192,진주,10.6,69,0.7,230,,1018.1,1021.7,,,7,7,7.9
2024-01-31 20:00,192,진주,8.6,76,0.8,140,,1018.4,1022.0,,,6,6,6.6
2024-01-31 21:00,192,진주,7.4,83,0.4,0,,1018.7,1022.3,,,7,7,6.0
2024-01-31 22:00,192,진주,7.3,85,0.3,0,,1018.6,1022.2,,,10,8,6.3
2024-01-31 23:00,192,진주,6.8,89,0.0,0,,1018.6,1022.2,,,10,6,6.0
2024-01-01 00:00,221,제천,0.2,100,0.0,0,,994.2,1027.4,,,0,0,0.2
2024-01-01 01:00,221,제천,-0.2,100,0.1,0,,994.3,1027.6,,,0,0,0.2
2024-01-01 02:00,221,제천,-0.1,100,0.1,0,,994.8,1028.1,,,0,0,0.2
2024-01-01 03:00,221,제천,0.0,100,0.2,0,,995.1,1028.4,,,1,1,0.2
2024-01-01 04:00,221,제천,-1.1,100,0.4,0,,995.4,1028.8,,,10,3,0.2
2024-01-01 05:00,221,제천,-0.8,100,0.4,0,,995.7,1029.1,,,7,7,0.2
2024-01-01 06:00,221,제천,-0.9,100,0.1,0,,996.3,1029.7,,,3,3,0.2
2024-01-01 07:00,221,제천,-0.8,100,0.1,0,,996.7,1030.1,,,0,0,0.2
2024-01-01 08:00,221,제천,-0.7,100,0.2,0,,996.6,1030.0,0.0,,8,8,0.2
2024-01-01 09:00,221,제천,-0.7,100,0.6,110,,997.2,1030.6,0.0,,8,8,0.2
2024-01-01 10:00,221,제천,-0.2,100,0.2,0,,997.7,1031.1,0.0,,8,5,0.2
2024-01-01 11:00,221,제천,1.3,100,0.2,0,,997.6,1030.8,0.0,,8,8,0.2
2024-01-01 12:00,221,제천,4.1,94,1.4,50,,996.6,1029.3,0.7,,7,3,0.6
2024-01-01 13:00,221,제천,5.1,71,1.4,50,,995.6,1028.3,1.0,,8,0,1.5
2024-01-01 14:00,221,제천,5.1,68,0.8,90,,994.8,1027.4,0.3,,7,5,1.2
2024-01-01 15:00,221,제천,5.4,65,0.7,70,,994.3,1026.9,0.1,,9,9,1.7
2024-01-01 16:00,221,제천,4.5,73,1.2,70,,994.0,1026.7,0.0,,10,10,0.9
2024-01-01 17:00,221,제천,3.5,81,0.5,20,,993.8,1026.5,0.0,,10,10,0.4
2024-01-01 18:00,221,제천,2.3,91,0.0,0,,993.9,1026.8,0.0,,0,0,0.2
2024-01-01 19:00,221,제천,0.9,98,0.5,20,,993.6,1026.7,,,0,0,0.2
2024-01-01 20:00,221,제천,0.8,99,0.0,0,,993.3,1026.4,,,1,1,0.2
2024-01-01 21:00,221,제천,0.7,99,0.1,0,,992.8,1025.9,,,7,7,0.2
2024-01-01 22:00,221,제천,1.0,98,0.2,0,,993.1,1026.2,,,0,0,0.2
2024-01-01 23:00,221,제천,0.9,100,0.1,0,,993.1,1026.2,,,0,0,0.2
2024-01-02 00:00,221,제천,0.8,100,0.1,0,,992.8,1025.9,,,0,0,0.2
2024-01-02 01:00,221,제천,0.7,100,0.6,200,,992.1,1025.2,,,0,0,0.2
2024-01-02 02:00,221,제천,0.5,100,0.1,0,,991.8,1024.9,,,0,0,0.2
2024-01-02 03:00,221,제천,1.2,100,0.4,0,,991.7,1024.7,,,0,0,0.2
2024-01-02 04:00,221,제천,2.2,89,1.2,250,,991.3,1024.1,,,0,0,0.2
2024-01-02 05:00,221,제천,2.1,89,1.0,250,,991.0,1023.9,,,4,3,0.2
2024-01-02 06:00,221,제천,1.7,90,0.8,270,,990.7,1023.6,,,0,0,0.2
2024-01-02 07:00,221,제천,1.5,93,0.6,270,,990.6,1023.5,,,6,6,0.2
2024-01-02 08:00,221,제천,0.9,97,0.2,0,,990.8,1023.8,0.0,,4,4,0.2
2024-01-02 09:00,221,제천,1.1,97,0.2,0,,990.8,1023.8,0.0,,9,2,0.2
2024-01-02 10:00,221,제천,2.1,90,0.0,0,,990.9,1023.7,0.0,,9,4,0.2
2024-01-02 11:00,221,제천,2.8,84,1.1,230,,990.8,1023.5,0.0,,9,8,1.8
2024-01-02 12:00,221,제천,3.4,81,1.5,200,,989.9,1022.5,0.0,,10,1,2.9
2024-01-02 13:00,221,제천,3.3,80,2.2,230,,989.2,1021.8,0.0,,9,4,2.0
2024-01-02 14:00,221,제천,3.5,77,2.1,250,,988.7,1021.3,0.0,,9,3,2.0
2024-01-02 15:00,221,제천,3.5,72,2.1,250,,988.7,1021.3,0.0,,9,6,1.4
2024-01-02 16:00,221,제천,3.3,72,1.3,270,,988.8,1021.4,0.0,,10,7,1.2
2024-01-02 17:00,221,제천,2.8,74,0.7,250,,988.7,1021.4,0.0,,9,9,0.3
2024-01-02 18:00,221,제천,2.2,80,1.2,230,,988.7,1021.5,0.0,,10,10,0.1
2024-01-02 19:00,221,제천,1.9,82,0.9,230,,988.8,1021.6,,,10,9,0.0
2024-01-02 20:00,221,제천,0.8,88,0.3,0,,988.8,1021.8,,,10,9,0.2
2024-01-02 21:00,221,제천,-0.5,97,0.3,0,,988.6,1021.8,,,10,1,0.2
2024-01-02 22:00,221,제천,-0.4,98,0.1,0,,988.6,1021.7,,,10,8,0.2
2024-01-02 23:00,221,제천,-0.7,98,0.0,0,,988.0,1021.1,,,10,6,0.2
2024-01-03 00:00,221,제천,-1.1,100,0.0,0,,988.0,1021.2,,,10,3,0.2
2024-01-03 01:00,221,제천,-0.8,99,0.3,0,,987.7,1020.8,,,10,4,0.2
2024-01-03 02:00,221,제천,-0.7,98,0.1,0,,987.1,1020.2,,,10,1,0.2
2024-01-03 03:00,221,제천,-0.5,98,0.7,290,,987.5,1020.6,,,10,1,0.2
2024-01-03 04:00,221,제천,-0.5,97,0.1,0,,987.1,1020.2,,,10,10,0.2
2024-01-03 05:00,221,제천,-0.7,99,0.3,0,,986.7,1019.8,,,10,3,0.1
2024-01-03 06:00,221,제천,-0.6,99,0.5,20,,986.4,1019.5,,,10,9,0.2
2024-01-03 07:00,221,제천,-0.8,100,0.0,0,,986.2,1019.3,,,10,7,0.2
2024-01-03 08:00,221,제천,-0.6,100,0.0,0,,986.2,1019.3,0.0,,10,10,0.2
2024-01-03 09:00,221,제천,-0.1,96,0.0,0,,986.5,1019.5,0.0,,10,3,0.2
2024-01-03 10:00,221,제천,0.4,88,1.2,250,,986.7,1019.7,0.0,,10,2,0.2
2024-01-03 11:00,221,제천,1.3,81,1.8,230,,986.3,1019.1,0.0,,9,7,0.3
2024-01-03 12:00,221,제천,2.2,77,2.0,250,,985.7,1018.4,0.1,,9,6,0.7
2024-01-03 13:00,221,제천,1.7,88,1.8,230,,985.1,1017.8,0.0,,9,3,2.7
2024-01-03 14:00,221,제천,1.9,87,1.7,230,,984.8,1017.5,0.0,,8,5,3.2
2024-01-03 15:00,221,제천,2.5,81,1.9,250,,985.0,1017.6,0.1,,8,2,3.2
2024-01-03 16:00,221,제천,2.0,80,1.9,230,,985.4,1018.1,0.0,,9,1,1.2
2024-01-03 17:00,221,제천,1.3,91,1.3,250,,985.8,1018.6,0.0,,8,8,0.5
2024-01-03 18:00,221,제천,1.1,93,1.3,250,0.0,986.3,1019.1,0.0,,0,0,0.2
2024-01-03 19:00,221,제천,0.3,100,1.6,230,,986.6,1019.6,,,3,2,0.2
2024-01-03 20:00,221,제천,0.5,90,2.3,250,,987.0,1020.0,,,0,0,0.2
2024-01-03 21:00,221,제천,-0.3,93,1.9,230,0.3,987.8,1020.9,,,2,1,0.2
2024-01-03 22:00,221,제천,-0.1,89,1.3,230,,988.4,1021.5,,,0,0,0.2
2024-01-03 23:00,221,제천,-0.5,89,0.6,230,,988.9,1022.1,,,2,2,0.1
2024-01-04 00:00,221,제천,-1.5,94,0.3,0,,989.0,1022.3,,,6,3,0.1
2024-01-04 01:00,221,제천,-1.6,98,0.3,0,,989.4,1022.7,,,9,6,0.1
2024-01-04 02:00,221,제천,-2.0,94,0.3,0,,989.4,1022.7,,,1,1,-0.1
2024-01-04 03:00,221,제천,-3.0,95,1.0,270,,989.7,1023.2,,,0,0,-0.4
2024-01-04 04:00,221,제천,-2.7,93,1.0,270,,989.9,1023.3,,,1,1,-0.5
2024-01-04 05:00,221,제천,-4.5,95,0.7,20,,990.0,1023.7,,,1,0,-0.7
2024-01-04 06:00,221,제천,-5.5,99,0.2,0,,990.2,1024.0,,,0,0,-0.9
2024-01-04 07:00,221,제천,-5.6,99,0.2,0,,991.0,1024.9,,,0,0,-1.0
2024-01-04 08:00,221,제천,-6.1,98,0.1,0,,991.4,1025.3,0.0,,0,0,-1.1
2024-01-04 09:00,221,제천,-4.6,98,0.0,0,,991.8,1025.6,0.6,,0,0,-0.7
2024-01-04 10:00,221,제천,-1.9,90,0.3,0,,992.4,1025.8,1.0,,0,0,-0.4
2024-01-04 11:00,221,제천,-0.7,72,0.9,270,,992.1,1025.3,1.0,,0,0,0.1
2024-01-04 12:00,221,제천,1.1,67,1.6,230,,991.3,1024.3,1.0,,0,0,0.2
2024-01-04 13:00,221,제천,1.8,62,1.9,250,,990.4,1023.3,1.0,,0,0,1.0
2024-01-04 14:00,221,제천,2.4,59,2.7,230,,989.8,1022.6,1.0,,0,0,0.6
2024-01-04 15:00,221,제천,2.4,60,3.2,230,,989.3,1022.1,1.0,,1,0,0.2
2024-01-04 16:00,221,제천,2.3,61,2.8,200,,989.3,1022.1,1.0,,1,0,0.2
2024-01-04 17:00,221,제천,1.6,65,1.9,200,,989.5,1022.4,0.9,,0,0,0.2
2024-01-04 18:00,221,제천,-1.0,81,0.4,0,,989.7,1022.9,0.0,,0,0,0.2
2024-01-04 19:00,221,제천,-1.5,87,0.7,20,,989.6,1022.9,,,3,3,0.1
2024-01-04 20:00,221,제천,-1.0,86,0.0,0,,989.6,1022.8,,,0,0,0.1
2024-01-04 21:00,221,제천,-0.8,90,0.0,0,,989.8,1023.0,,,0,0,0.1
2024-01-04 22:00,221,제천,-0.7,89,0.2,0,,989.4,1022.6,,,4,4,0.1
2024-01-04 23:00,221,제천,-0.8,91,0.1,0,,989.2,1022.4,,,2,2,0.1
2024-01-05 00:00,221,제천,-0.6,92,0.0,0,,989.1,1022.3,,,1,1,0.1
2024-01-05 01:00,221,제천,-0.7,92,0.0,0,,988.8,1021.9,,,0,0,0.0
2024-01-05 02:00,221,제천,-0.3,87,0.1,0,,988.7,1021.8,,,8,5,0.1
2024-01-05 03:00,221,제천,-0.2,90,0.1,0,,988.7,1021.8,,,9,2,0.1
2024-01-05 04:00,221,제천,0.2,89,0.5,250,,988.4,1021.4,,,9,4,0.1
2024-01-05 05:00,221,제천,0.7,86,0.9,270,,988.3,1021.3,,,0,0,0.1
2024-01-05 06:00,221,제천,1.8,84,1.2,250,,988.3,1021.1,,,10,6,0.2
2024-01-05 07:00,221,제천,2.1,86,1.0,250,,988.5,1021.3,,,1,1,0.2
2024-01-05 08:00,221,제천,2.1,93,0.7,270,,988.7,1021.5,0.0,,9,1,0.2
2024-01-05 09:00,221,제천,2.5,95,1.2,250,0.0,989.0,1021.7,0.0,,10,2,0.2
2024-01-05 10:00,221,제천,2.7,96,1.3,230,,989.3,1022.0,0.0,,9,2,0.2
2024-01-05 11:00,221,제천,3.8,92,1.6,270,,989.4,1022.0,0.0,,9,7,0.3
2024-01-05 12:00,221,제천,4.1,91,1.7,250,0.0,988.8,1021.3,0.0,,9,5,0.4
2024-01-05 13:00,221,제천,5.2,86,3.3,230,,987.8,1020.2,0.0,,9,1,1.0
2024-01-05 14:00,221,제천,5.9,78,3.1,250,,987.1,1019.4,0.3,,9,1,1.0
2024-01-05 15:00,221,제천,6.0,74,2.9,250,,987.0,1019.2,0.2,,7,0,1.0
2024-01-05 16:00,221,제천,6.4,70,2.0,250,,986.9,1019.1,0.1,,6,0,1.0
2024-01-05 17:00,221,제천,5.8,74,2.0,250,,986.9,1019.2,0.0,,5,0,0.5
2024-01-05 18:00,221,제천,2.1,89,0.1,0,,987.1,1019.8,0.0,,3,0,0.2
2024-01-05 19:00,221,제천,4.0,86,1.2,230,,987.2,1019.7,,,0,0,0.2
2024-01-05 20:00,221,제천,4.9,77,3.0,250,,987.5,1019.9,,,1,0,0.2
2024-01-05 21:00,221,제천,4.4,75,2.6,250,,987.8,1020.3,,,1,0,0.2
2024-01-05 22:00,221,제천,3.7,68,2.8,230,,987.8,1020.3,,,3,0,0.2
2024-01-05 23:00,221,제천,1.5,76,0.8,320,,988.2,1021.0,,,0,0,0.0
2024-01-06 00:00,221,제천,-0.8,86,0.7,360,,988.1,1021.2,,,0,0,-0.2
2024-01-06 01:00,221,제천,-2.1,92,1.1,20,,988.1,1021.4,,,0,0,-0.4
2024-01-06 02:00,221,제천,-2.9,96,0.1,0,,988.1,1021.5,,,0,0,-0.6
2024-01-06 03:00,221,제천,-3.3,95,0.3,0,,988.4,1021.9,,,5,0,-0.7
2024-01-06 04:00,221,제천,-3.2,97,0.9,20,,988.2,1021.7,,,0,0,-0.9
2024-01-06 05:00,221,제천,-3.6,98,1.0,20,,988.2,1021.7,,,0,0,-1.0
2024-01-06 06:00,221,제천,-4.6,99,0.0,0,,988.4,1022.1,,,0,0,-1.2
2024-01-06 07:00,221,제천,-5.0,100,0.0,0,,988.8,1022.5,,,5,0,-1.4
2024-01-06 08:00,221,제천,-4.0,98,0.2,0,,989.4,1023.0,0.0,,0,0,-1.4
2024-01-06 09:00,221,제천,-1.7,89,1.5,230,,989.9,1023.2,0.8,,0,0,-1.0
2024-01-06 10:00,221,제천,-0.4,69,2.3,250,,989.8,1023.0,1.0,,0,0,-0.6
2024-01-06 11:00,221,제천,1.0,58,2.8,230,,989.7,1022.7,1.0,,0,0,0.2
2024-01-06 12:00,221,제천,2.2,53,2.3,230,,988.8,1021.6,1.0,,0,0,0.2
2024-01-06 13:00,221,제천,3.0,47,1.9,230,,988.1,1020.7,1.0,,0,0,0.6
2024-01-06 14:00,221,제천,4.2,31,2.7,290,,987.7,1020.1,1.0,,0,0,0.7
2024-01-06 15:00,221,제천,3.8,32,3.0,270,,987.7,1020.2,1.0,,0,0,0.2
2024-01-06 16:00,221,제천,3.0,39,3.6,250,,988.0,1020.6,1.0,,0,0,0.2
2024-01-06 17:00,221,제천,2.1,42,2.2,250,,988.3,1021.1,1.0,,0,0,0.2
2024-01-06 18:00,221,제천,0.4,53,0.8,250,,988.7,1021.7,0.1,,0,0,0.0
2024-01-06 19:00,221,제천,-2.3,76,0.0,0,,988.9,1022.3,,,6,1,-0.2
2024-01-06 20:00,221,제천,-2.8,79,0.0,0,,988.9,1022.3,,,6,5,-0.2
2024-01-06 21:00,221,제천,-1.9,77,0.1,0,,988.9,1022.2,,,8,4,-0.2
2024-01-06 22:00,221,제천,-1.8,93,2.1,230,,989.4,1022.7,,,8,1,0.0
2024-01-06 23:00,221,제천,-1.7,93,0.6,200,,989.3,1022.6,,,5,5,0.0
2024-01-07 00:00,221,제천,-2.5,96,0.6,250,0.4,989.2,1022.6,,,1,1,0.0
2024-01-07 01:00,221,제천,-4.1,97,0.3,0,,989.2,1022.8,,,0,0,-0.1
2024-01-07 02:00,221,제천,-4.0,99,0.7,270,,989.2,1022.8,,,0,0,-0.2
2024-01-07 03:00,221,제천,-3.2,93,0.6,250,0.0,989.5,1023.0,,,5,2,-0.2
2024-01-07 04:00,221,제천,-2.7,91,1.0,230,,989.5,1022.9,,,1,1,-0.1
2024-01-07 05:00,221,제천,-3.4,71,1.9,270,,989.7,1023.2,,,0,0,-0.3
2024-01-07 06:00,221,제천,-4.2,72,1.5,250,0.0,989.8,1023.5,,,0,0,-0.4
2024-01-07 07:00,221,제천,-3.8,68,2.0,270,,990.6,1024.2,,,4,4,-0.4
2024-01-07 08:00,221,제천,-4.6,69,1.4,250,,991.1,1024.9,0.0,,0,0,-0.4
2024-01-07 09:00,221,제천,-4.0,59,3.4,270,,991.6,1025.3,0.7,,7,2,-0.4
2024-01-07 10:00,221,제천,-3.5,47,3.2,270,,992.0,1025.6,1.0,,0,0,-0.4
2024-01-07 11:00,221,제천,-3.3,41,3.9,270,,992.3,1025.9,1.0,,0,0,0.0
2024-01-07 12:00,221,제천,-2.8,43,3.9,270,,991.9,1025.4,1.0,,0,0,0.2
2024-01-07 13:00,221,제천,-2.2,40,4.4,270,,991.3,1024.7,1.0,,0,0,0.2
2024-01-07 14:00,221,제천,-2.1,33,4.3,270,,991.1,1024.5,1.0,,0,0,0.3
2024-01-07 15:00,221,제천,-2.1,32,4.4,250,,991.2,1024.6,1.0,,0,0,0.2
2024-01-07 16:00,221,제천,-2.5,28,5.5,270,,991.4,1024.9,1.0,,0,0,0.1
2024-01-07 17:00,221,제천,-3.1,33,4.5,270,,991.7,1025.3,1.0,,0,0,-0.8
2024-01-07 18:00,221,제천,-4.0,41,2.9,270,,992.2,1025.9,0.1,,0,0,-1.5
2024-01-07 19:00,221,제천,-4.7,40,2.9,230,,992.8,1026.6,,,0,0,-1.9
2024-01-07 20:00,221,제천,-5.3,38,3.7,270,,993.2,1027.1,,,0,0,-2.3
2024-01-07 21:00,221,제천,-6.1,41,1.0,250,,993.9,1027.9,,,0,0,-2.5
2024-01-07 22:00,221,제천,-7.1,48,0.7,230,,994.0,1028.2,,,0,0,-2.8
2024-01-07 23:00,221,제천,-8.8,60,0.1,0,,994.1,1028.5,,,0,0,-3.1
2024-01-08 00:00,221,제천,-10.1,70,0.2,0,,994.4,1029.0,,,3,0,-3.5
2024-01-08 01:00,221,제천,-10.2,75,0.6,360,,994.6,1029.2,,,0,0,-4.0
2024-01-08 02:00,221,제천,-11.1,84,0.3,0,,994.8,1029.5,,,0,0,-4.3
2024-01-08 03:00,221,제천,-11.0,80,0.4,0,,995.0,1029.7,,,0,0,-4.6
2024-01-08 04:00,221,제천,-11.5,81,0.3,0,,994.8,1029.6,,,0,0,-5.0
2024-01-08 05:00,221,제천,-12.0,85,0.2,0,,994.8,1029.6,,,1,0,-5.3
2024-01-08 06:00,221,제천,-12.3,87,0.0,0,,994.9,1029.8,,,0,0,-5.5
2024-01-08 07:00,221,제천,-12.9,88,0.0,0,,995.5,1030.5,,,9,0,-5.8
2024-01-08 08:00,221,제천,-12.6,89,0.0,0,,995.7,1030.7,0.0,,0,0,-5.9
2024-01-08 09:00,221,제천,-10.3,76,0.0,0,,996.0,1030.7,1.0,,0,0,-5.4
2024-01-08 10:00,221,제천,-7.9,64,0.5,200,,995.8,1030.1,1.0,,0,0,-4.4
2024-01-08 11:00,221,제천,-6.7,58,1.3,140,,995.5,1029.6,1.0,,0,0,-1.5
2024-01-08 12:00,221,제천,-4.8,50,1.0,160,,994.4,1028.3,1.0,,0,0,-0.3
2024-01-08 13:00,221,제천,-2.9,41,1.7,230,,993.5,1027.1,1.0,,0,0,0.3
2024-01-08 14:00,221,제천,-1.3,39,1.9,200,,992.3,1025.6,1.0,,0,0,0.7
2024-01-08 15:00,221,제천,-0.9,35,2.3,250,,991.8,1025.1,1.0,,0,0,0.2
2024-01-08 16:00,221,제천,-1.1,36,2.1,230,,991.8,1025.1,1.0,,0,0,0.0
2024-01-08 17:00,221,제천,-1.7,36,2.9,250,,992.1,1025.5,1.0,,5,0,-0.6
2024-01-08 18:00,221,제천,-2.7,43,1.4,230,,992.5,1026.0,0.1,,6,0,-1.6
2024-01-08 19:00,221,제천,-5.0,61,0.2,0,,992.7,1026.6,,,6,0,-2.4
2024-01-08 20:00,221,제천,-6.2,67,0.2,0,,992.7,1026.7,,,6,0,-3.0
2024-01-08 21:00,221,제천,-7.6,77,0.3,0,,992.7,1026.9,,,3,0,-3.6
2024-01-08 22:00,221,제천,-7.8,68,0.7,20,,992.3,1026.5,,,0,0,-4.1
2024-01-08 23:00,221,제천,-8.1,70,0.7,20,,992.1,1026.3,,,0,0,-4.3
2024-01-09 00:00,221,제천,-7.1,70,0.0,0,,991.7,1025.8,,,2,2,-3.4
2024-01-09 01:00,221,제천,-6.5,71,0.0,0,,991.7,1025.7,,,6,6,-3.2
2024-01-09 02:00,221,제천,-6.0,65,0.1,0,,991.3,1025.2,,,1,1,-2.7
2024-01-09 03:00,221,제천,-5.5,64,0.2,0,,990.5,1024.4,,,7,7,-2.5
2024-01-09 04:00,221,제천,-5.0,64,0.1,0,,989.4,1023.2,,,0,0,-2.4
2024-01-09 05:00,221,제천,-5.2,66,0.7,250,,989.3,1023.1,,,4,4,-2.6
2024-01-09 06:00,221,제천,-4.8,65,0.2,0,,989.0,1022.7,,,1,1,-2.4
2024-01-09 07:00,221,제천,-4.3,67,0.1,0,,989.0,1022.6,,,10,10,-2.0
2024-01-09 08:00,221,제천,-4.0,66,0.2,0,,988.9,1022.5,0.0,,9,9,-1.8
2024-01-09 09:00,221,제천,-3.5,66,0.4,0,,989.0,1022.5,0.0,,9,9,-1.4
2024-01-09 10:00,221,제천,-2.9,63,0.3,0,,989.2,1022.7,0.0,,9,9,-1.0
2024-01-09 11:00,221,제천,-2.7,70,0.4,0,,988.8,1022.2,0.0,,9,9,-0.5
2024-01-09 12:00,221,제천,-2.5,77,0.4,0,0.0,987.9,1021.3,0.0,,10,10,-0.1
2024-01-09 13:00,221,제천,-2.4,82,0.5,50,,987.1,1020.4,0.0,,10,9,-0.1
2024-01-09 14:00,221,제천,-2.4,95,0.0,0,,986.4,1019.7,0.0,,10,0,0.0
2024-01-09 15:00,221,제천,-1.7,97,0.0,0,1.3,986.1,1019.3,0.0,,10,0,0.0
2024-01-09 16:00,221,제천,-1.5,99,0.2,0,,986.1,1019.3,0.0,,10,0,0.0
2024-01-09 17:00,221,제천,-1.3,99,0.3,0,,986.0,1019.1,0.0,,4,0,-0.1
2024-01-09 18:00,221,제천,-1.3,99,0.1,0,1.6,986.0,1019.1,0.0,,10,0,-0.1
2024-01-09 19:00,221,제천,-1.3,100,0.0,0,,986.3,1019.4,,,10,0,-0.1
2024-01-09 20:00,221,제천,-1.4,100,0.0,0,,986.3,1019.5,,,10,0,-0.1
2024-01-09 21:00,221,제천,-1.5,100,0.4,0,1.3,986.4,1019.6,,,8,0,-0.1
2024-01-09 22:00,221,제천,-1.5,100,0.0,0,,986.3,1019.5,,,10,0,-0.1
2024-01-09 23:00,221,제천,-1.5,100,0.0,0,,986.2,1019.4,,,9,0,-0.1
2024-01-10 00:00,221,제천,-2.2,100,0.0,0,0.6,986.0,1019.2,,,7,0,-0.2
2024-01-10 01:00,221,제천,-2.1,100,0.0,0,,985.8,1019.0,,,6,6,-0.2
2024-01-10 02:00,221,제천,-1.9,100,0.1,0,,985.9,1019.1,,,0,0,-0.2
2024-01-10 03:00,221,제천,-1.8,100,0.4,0,,986.3,1019.5,,,8,8,-0.2
2024-01-10 04:00,221,제천,-2.1,100,0.2,0,,986.4,1019.6,,,8,8,-0.2
2024-01-10 05:00,221,제천,-2.2,100,0.9,290,,986.5,1019.8,,,0,0,-0.2
2024-01-10 06:00,221,제천,-2.4,99,0.1,0,,986.9,1020.2,,,2,2,-0.2
2024-01-10 07:00,221,제천,-3.6,98,0.0,0,,987.5,1021.0,,,0,0,-0.2
2024-01-10 08:00,221,제천,-6.5,98,0.4,0,,988.1,1022.0,0.0,,4,3,-0.3
2024-01-10 09:00,221,제천,-5.6,100,0.2,0,,988.5,1022.3,0.3,,0,0,-0.5
2024-01-10 10:00,221,제천,-3.1,95,0.1,0,,988.7,1022.2,0.9,,0,0,-0.5
2024-01-10 11:00,221,제천,-0.7,86,0.2,0,,988.7,1021.8,1.0,,0,0,-0.4
2024-01-10 12:00,221,제천,1.3,73,0.9,180,,987.9,1020.8,1.0,,0,0,-0.3
2024-01-10 13:00,221,제천,3.3,64,1.2,110,,987.3,1019.9,1.0,,0,0,-0.1
2024-01-10 14:00,221,제천,3.6,60,1.5,110,,987.1,1019.6,1.0,,0,0,0.0
2024-01-10 15:00,221,제천,3.5,58,0.9,250,,987.4,1019.9,1.0,,0,0,0.0
2024-01-10 16:00,221,제천,3.7,60,0.9,200,,987.2,1019.7,1.0,,0,0,0.0
2024-01-10 17:00,221,제천,2.0,76,2.1,250,,987.5,1020.3,1.0,,0,0,0.0
2024-01-10 18:00,221,제천,0.2,87,1.3,270,,988.3,1021.3,0.1,,0,0,-0.1
2024-01-10 19:00,221,제천,-2.0,96,0.2,0,,988.9,1022.2,,,0,0,-0.2
2024-01-10 20:00,221,제천,-3.0,99,0.4,0,,989.1,1022.6,,,0,0,-0.4
2024-01-10 21:00,221,제천,-3.9,99,0.7,20,,989.3,1022.9,,,0,0,-0.4
2024-01-10 22:00,221,제천,-3.7,99,0.2,0,,988.8,1022.3,,,6,0,-0.5
2024-01-10 23:00,221,제천,-1.6,99,0.9,250,,988.8,1022.1,,,9,9,-0.3
2024-01-11 00:00,221,제천,-1.6,95,0.3,0,,988.7,1022.0,,,4,4,-0.3
2024-01-11 01:00,221,제천,-1.8,92,1.1,230,,988.7,1022.0,,,5,5,-0.2
2024-01-11 02:00,221,제천,-1.9,91,0.6,230,,988.5,1021.8,,,0,0,-0.2
2024-01-11 03:00,221,제천,-2.0,88,1.4,200,,988.5,1021.8,,,1,1,-0.2
2024-01-11 04:00,221,제천,-2.3,83,1.6,270,,988.0,1021.3,,,0,0,-0.3
2024-01-11 05:00,221,제천,-2.7,83,1.6,250,,987.9,1021.3,,,0,0,-0.3
2024-01-11 06:00,221,제천,-3.3,83,2.2,230,,987.7,1021.2,,,0,0,-0.4
2024-01-11 07:00,221,제천,-3.5,82,2.6,230,,987.9,1021.4,,,0,0,-0.4
2024-01-11 08:00,221,제천,-3.8,78,2.3,230,,988.2,1021.7,0.0,,9,7,-0.4
2024-01-11 09:00,221,제천,-3.5,81,2.0,200,,988.2,1021.7,0.0,,8,8,-0.5
2024-01-11 10:00,221,제천,-3.1,85,1.7,200,,988.3,1021.8,0.0,,9,6,-0.3
2024-01-11 11:00,221,제천,-2.2,81,1.3,230,,987.6,1020.9,0.0,,10,8,-0.2
2024-01-11 12:00,221,제천,-1.2,74,1.8,230,,986.4,1019.5,0.0,,9,9,0.0
2024-01-11 13:00,221,제천,-0.5,72,3.0,230,,985.7,1018.8,0.0,,8,7,0.0
2024-01-11 14:00,221,제천,0.2,72,2.7,230,,985.2,1018.1,0.0,,9,6,0.1
2024-01-11 15:00,221,제천,0.3,72,3.1,230,,984.9,1017.8,0.0,,9,2,0.1
2024-01-11 16:00,221,제천,0.4,77,1.9,230,,984.7,1017.6,0.0,,10,1,0.1
2024-01-11 17:00,221,제천,0.2,81,1.8,230,,984.5,1017.4,0.0,,10,5,0.1
2024-01-11 18:00,221,제천,0.1,85,1.9,200,,984.5,1017.4,0.0,,6,6,0.1
2024-01-11 19:00,221,제천,0.4,84,2.0,200,,984.3,1017.2,,,0,0,0.0
2024-01-11 20:00,221,제천,0.6,85,2.3,200,,984.1,1016.9,,,0,0,0.0
2024-01-11 21:00,221,제천,0.9,85,1.7,230,,983.9,1016.7,,,4,1,0.0
2024-01-11 22:00,221,제천,1.4,83,2.2,250,,983.8,1016.5,,,0,0,0.0
2024-01-11 23:00,221,제천,1.7,84,2.0,230,,983.9,1016.6,,,7,5,0.0
2024-01-12 00:00,221,제천,1.7,85,1.4,230,,983.7,1016.4,,,0,0,0.0
2024-01-12 01:00,221,제천,2.0,85,1.5,250,,983.8,1016.4,,,10,2,0.1
2024-01-12 02:00,221,제천,2.3,84,2.1,230,,984.1,1016.7,,,10,2,0.1
2024-01-12 03:00,221,제천,2.6,80,2.5,250,,984.2,1016.8,,,0,0,0.1
2024-01-12 04:00,221,제천,2.5,68,2.2,290,,984.2,1016.8,,,0,0,0.1
2024-01-12 05:00,221,제천,1.3,74,1.5,270,,984.3,1017.0,,,0,0,0.0
2024-01-12 06:00,221,제천,0.0,82,1.2,290,,984.4,1017.3,,,2,0,-0.1
2024-01-12 07:00,221,제천,-2.5,91,0.1,0,,985.0,1018.3,,,0,0,-0.3
2024-01-12 08:00,221,제천,-4.3,96,0.3,0,,985.6,1019.1,0.0,,0,0,-0.5
2024-01-12 09:00,221,제천,-1.7,92,0.3,0,,985.9,1019.1,0.8,,0,0,-0.6
2024-01-12 10:00,221,제천,1.7,65,1.2,230,,986.1,1018.8,1.0,,0,0,-0.4
2024-01-12 11:00,221,제천,3.0,57,2.2,230,,985.8,1018.4,1.0,,0,0,-0.1
2024-01-12 12:00,221,제천,3.9,43,2.4,250,,985.2,1017.6,1.0,,0,0,0.0
2024-01-12 13:00,221,제천,4.4,34,3.0,250,,984.9,1017.3,1.0,,0,0,0.0
2024-01-12 14:00,221,제천,4.6,37,4.3,230,,984.7,1017.1,1.0,,0,0,0.1
2024-01-12 15:00,221,제천,4.6,35,3.9,270,,984.8,1017.2,1.0,,0,0,0.1
2024-01-12 16:00,221,제천,4.1,33,3.9,250,,985.1,1017.5,1.0,,0,0,0.1
2024-01-12 17:00,221,제천,3.2,40,2.6,250,,985.6,1018.1,1.0,,0,0,0.2
2024-01-12 18:00,221,제천,1.9,45,0.6,200,,986.1,1018.8,0.1,,0,0,0.1
2024-01-12 19:00,221,제천,0.3,48,0.4,0,,986.7,1019.7,,,0,0,-0.2
2024-01-12 20:00,221,제천,0.2,42,1.9,250,,987.2,1020.2,,,0,0,-0.4
2024-01-12 21:00,221,제천,-0.7,43,1.3,270,,987.4,1020.5,,,0,0,-0.6
2024-01-12 22:00,221,제천,-1.3,48,1.0,270,,987.6,1020.8,,,0,0,-0.8
2024-01-12 23:00,221,제천,-1.6,49,2.1,230,,987.9,1021.1,,,0,0,-0.9
2024-01-13 00:00,221,제천,-2.3,54,1.1,230,,988.3,1021.6,,,0,0,-1.1
2024-01-13 01:00,221,제천,-4.9,73,0.4,0,,988.2,1021.9,,,0,0,-1.4
2024-01-13 02:00,221,제천,-5.8,82,0.1,0,,988.3,1022.1,,,0,0,-1.7
2024-01-13 03:00,221,제천,-6.4,81,0.1,0,,988.4,1022.3,,,0,0,-1.9
2024-01-13 04:00,221,제천,-6.3,79,0.6,320,,988.7,1022.6,,,0,0,-2.0
2024-01-13 05:00,221,제천,-5.2,68,0.9,20,,989.0,1022.8,,,0,0,-2.1
2024-01-13 06:00,221,제천,-5.2,65,1.0,320,,989.6,1023.4,,,0,0,-2.3
2024-01-13 07:00,221,제천,-5.7,65,0.2,0,,990.4,1024.2,,,0,0,-2.4
2024-01-13 08:00,221,제천,-4.0,55,1.7,270,,991.3,1025.0,0.0,,0,0,-2.4
2024-01-13 09:00,221,제천,-2.8,57,0.9,90,,992.1,1025.6,1.0,,0,0,-2.2
2024-01-13 10:00,221,제천,-1.2,49,0.4,0,,992.8,1026.1,1.0,,0,0,-1.7
2024-01-13 11:00,221,제천,0.5,36,2.1,250,,993.2,1026.4,1.0,,0,0,-0.8
2024-01-13 12:00,221,제천,1.8,39,1.4,160,,992.9,1025.9,1.0,,0,0,-0.4
2024-01-13 13:00,221,제천,2.1,34,1.6,160,,992.7,1025.6,1.0,,0,0,-0.1
2024-01-13 14:00,221,제천,2.6,32,0.6,140,,992.5,1025.3,1.0,,0,0,0.0
2024-01-13 15:00,221,제천,3.2,31,0.7,160,,992.5,1025.2,1.0,,0,0,0.0
2024-01-13 16:00,221,제천,3.4,33,0.9,250,,992.8,1025.5,1.0,,0,0,0.0
2024-01-13 17:00,221,제천,2.2,40,0.7,230,,993.1,1026.0,1.0,,0,0,-0.3
2024-01-13 18:00,221,제천,-1.0,56,1.1,20,,993.2,1026.5,0.2,,0,0,-0.6
2024-01-13 19:00,221,제천,-3.4,71,0.9,50,,993.4,1027.1,,,0,0,-0.9
2024-01-13 20:00,221,제천,-4.9,77,0.0,0,,994.1,1028.0,,,0,0,-1.2
2024-01-13 21:00,221,제천,-5.6,80,0.4,0,,994.0,1028.0,,,0,0,-1.4
2024-01-13 22:00,221,제천,-5.7,80,0.7,20,,994.3,1028.3,,,0,0,-1.6
2024-01-13 23:00,221,제천,-7.1,86,0.0,0,,993.8,1027.9,,,0,0,-1.9
2024-01-14 00:00,221,제천,-7.0,83,1.0,20,,993.5,1027.6,,,0,0,-2.1
2024-01-14 01:00,221,제천,-7.7,88,0.0,0,,993.0,1027.2,,,0,0,-2.3
2024-01-14 02:00,221,제천,-7.9,89,0.4,0,,992.8,1027.0,,,0,0,-2.5
2024-01-14 03:00,221,제천,-8.4,91,0.3,0,,993.0,1027.3,,,0,0,-2.6
2024-01-14 04:00,221,제천,-8.6,92,0.0,0,,992.6,1026.9,,,0,0,-2.8
2024-01-14 05:00,221,제천,-8.7,91,0.4,0,,992.2,1026.5,,,0,0,-2.9
2024-01-14 06:00,221,제천,-9.2,93,0.1,0,,991.7,1026.1,,,0,0,-3.1
2024-01-14 07:00,221,제천,-9.1,93,0.0,0,,991.4,1025.8,,,0,0,-3.2
2024-01-14 08:00,221,제천,-9.0,92,0.3,0,,991.5,1025.8,0.0,,0,0,-3.3
2024-01-14 09:00,221,제천,-6.6,82,0.2,0,,991.5,1025.5,0.9,,0,0,-3.0
2024-01-14 10:00,221,제천,-3.5,70,0.4,0,,991.0,1024.6,1.0,,0,0,-2.3
2024-01-14 11:00,221,제천,-0.8,59,0.6,160,,990.6,1023.8,1.0,,2,0,-1.1
2024-01-14 12:00,221,제천,2.4,52,0.6,360,,988.8,1021.5,0.7,,6,1,-0.4
2024-01-14 13:00,221,제천,3.3,52,0.8,50,,987.2,1019.8,0.0,,10,10,-0.2
2024-01-14 14:00,221,제천,1.5,77,0.4,0,,985.9,1018.7,0.0,,9,9,-0.2
2024-01-14 15:00,221,제천,0.9,97,0.1,0,2.1,985.7,1018.6,0.0,,10,0,0.2
2024-01-14 16:00,221,제천,1.2,100,0.4,0,,986.2,1019.0,0.0,,9,0,0.2
2024-01-14 17:00,221,제천,3.2,99,2.1,230,,986.8,1019.4,0.0,,10,0,0.2
2024-01-14 18:00,221,제천,3.2,97,1.8,230,2.4,986.8,1019.4,0.0,,7,1,0.2
2024-01-14 19:00,221,제천,2.7,99,1.0,270,,987.1,1019.7,,,0,0,0.2
2024-01-14 20:00,221,제천,2.5,95,0.5,290,,987.9,1020.6,,,6,6,0.2
2024-01-14 21:00,221,제천,1.7,93,2.2,230,,988.4,1021.2,,,8,5,0.2
2024-01-14 22:00,221,제천,0.7,81,1.9,290,,988.8,1021.8,,,0,0,0.2
2024-01-14 23:00,221,제천,0.0,77,2.6,320,,989.2,1022.3,,,0,0,0.2
2024-01-15 00:00,221,제천,-0.6,82,1.7,230,,989.4,1022.6,,,9,0,-0.2
2024-01-15 01:00,221,제천,-0.9,81,1.7,270,,989.9,1023.1,,,10,3,-0.5
2024-01-15 02:00,221,제천,-1.1,79,2.3,270,,990.3,1023.5,,,0,0,-0.6
2024-01-15 03:00,221,제천,-1.7,79,2.2,270,,990.9,1024.2,,,4,4,-0.7
2024-01-15 04:00,221,제천,-2.3,81,2.6,250,,990.8,1024.2,,,0,0,-1.0
2024-01-15 05:00,221,제천,-2.6,82,2.8,250,,991.3,1024.8,,,0,0,-1.2
2024-01-15 06:00,221,제천,-3.1,83,2.8,270,,991.9,1025.5,,,2,2,-1.7
2024-01-15 07:00,221,제천,-3.5,83,3.6,250,,992.5,1026.1,,,1,1,-2.1
2024-01-15 08:00,221,제천,-3.9,84,2.5,250,,993.3,1027.0,0.0,,8,2,-2.3
2024-01-15 09:00,221,제천,-3.7,78,3.0,250,,994.0,1027.7,0.2,,7,3,-1.7
2024-01-15 10:00,221,제천,-3.2,72,2.2,250,,994.6,1028.3,1.0,,7,7,-0.5
2024-01-15 11:00,221,제천,-2.9,73,2.7,230,,994.7,1028.3,1.0,,7,5,0.0
2024-01-15 12:00,221,제천,-2.0,62,2.5,230,,993.9,1027.4,1.0,,1,1,0.1
2024-01-15 13:00,221,제천,-1.2,55,3.2,200,,993.4,1026.8,1.0,,0,0,0.1
2024-01-15 14:00,221,제천,-0.6,51,4.0,230,,993.1,1026.4,1.0,,0,0,0.2
2024-01-15 15:00,221,제천,0.0,47,3.0,230,,993.2,1026.4,1.0,,0,0,0.2
2024-01-15 16:00,221,제천,0.1,40,3.2,230,,993.4,1026.6,1.0,,0,0,0.2
2024-01-15 17:00,221,제천,-0.3,39,2.0,250,,994.0,1027.3,1.0,,0,0,0.2
2024-01-15 18:00,221,제천,-1.5,47,1.1,250,,994.7,1028.1,0.3,,0,0,-0.3
2024-01-15 19:00,221,제천,-3.4,60,0.7,200,,995.6,1029.3,,,0,0,-0.9
2024-01-15 20:00,221,제천,-5.4,78,0.2,0,,995.7,1029.7,,,0,0,-1.4
2024-01-15 21:00,221,제천,-6.0,84,0.1,0,,996.5,1030.6,,,0,0,-1.8
2024-01-15 22:00,221,제천,-4.6,63,1.4,250,,997.0,1031.0,,,0,0,-2.2
2024-01-15 23:00,221,제천,-6.7,75,0.3,0,,997.1,1031.3,,,0,0,-2.6
2024-01-16 00:00,221,제천,-7.3,80,1.1,20,,997.1,1031.4,,,0,0,-3.0
2024-01-16 01:00,221,제천,-8.0,84,0.7,20,,997.4,1031.8,,,0,0,-3.3
2024-01-16 02:00,221,제천,-9.3,88,0.1,0,,997.9,1032.5,,,0,0,-3.6
2024-01-16 03:00,221,제천,-9.6,90,0.2,0,,998.1,1032.8,,,0,0,-3.9
2024-01-16 04:00,221,제천,-10.0,92,0.0,0,,998.1,1032.8,,,0,0,-4.1
2024-01-16 05:00,221,제천,-10.0,91,0.2,0,,998.3,1033.0,,,0,0,-4.4
2024-01-16 06:00,221,제천,-10.3,92,0.3,0,,998.5,1033.3,,,0,0,-4.6
2024-01-16 07:00,221,제천,-10.3,90,0.0,0,,999.5,1034.3,,,0,0,-4.8
2024-01-16 08:00,221,제천,-10.3,91,0.3,0,,1000.4,1035.2,0.0,,0,0,-5.0
2024-01-16 09:00,221,제천,-7.9,84,0.9,90,,1001.3,1035.8,1.0,,0,0,-4.6
2024-01-16 10:00,221,제천,-5.3,69,2.1,90,,1001.5,1035.7,1.0,,0,0,-3.4
2024-01-16 11:00,221,제천,-3.7,61,2.5,90,,1001.6,1035.6,1.0,,0,0,-1.3
2024-01-16 12:00,221,제천,-1.0,54,1.8,90,,1000.3,1033.9,1.0,,0,0,-0.3
2024-01-16 13:00,221,제천,1.2,43,1.2,140,,999.5,1032.8,1.0,,0,0,0.1
2024-01-16 14:00,221,제천,2.5,42,1.1,180,,998.7,1031.7,1.0,,0,0,0.1
2024-01-16 15:00,221,제천,3.5,36,0.6,270,,998.9,1031.8,1.0,,0,0,0.1
2024-01-16 16:00,221,제천,3.5,38,1.7,230,,998.9,1031.8,1.0,,0,0,0.1
2024-01-16 17:00,221,제천,2.6,44,1.3,230,,999.2,1032.3,0.9,,0,0,0.2
2024-01-16 18:00,221,제천,-0.9,69,0.7,20,,999.3,1032.8,0.1,,4,0,0.0
2024-01-16 19:00,221,제천,-2.5,76,0.6,20,,999.7,1033.5,,,5,0,-0.6
2024-01-16 20:00,221,제천,-3.5,79,0.4,0,,999.9,1033.8,,,6,0,-1.1
2024-01-16 21:00,221,제천,-4.8,88,0.0,0,,999.6,1033.7,,,6,0,-1.5
2024-01-16 22:00,221,제천,-5.2,89,0.5,20,,999.7,1033.8,,,2,0,-2.0
2024-01-16 23:00,221,제천,-6.1,90,0.5,50,,999.3,1033.5,,,0,0,-2.5
2024-01-17 00:00,221,제천,-7.0,92,0.0,0,,999.3,1033.6,,,0,0,-2.9
2024-01-17 01:00,221,제천,-6.7,93,0.2,0,,999.0,1033.3,,,0,0,-3.1
2024-01-17 02:00,221,제천,-6.9,94,0.0,0,,998.8,1033.1,,,0,0,-3.3
2024-01-17 03:00,221,제천,-5.2,92,0.1,0,,998.5,1032.6,,,4,4,-2.4
2024-01-17 04:00,221,제천,-4.7,90,0.1,0,,997.7,1031.7,,,9,9,-2.0
2024-01-17 05:00,221,제천,-4.0,86,0.0,0,,997.2,1031.1,,,9,9,-1.8
2024-01-17 06:00,221,제천,-3.7,84,0.1,0,,997.6,1031.4,,,10,10,-1.6
2024-01-17 07:00,221,제천,-3.5,81,0.4,0,,997.5,1031.3,,,10,10,-1.5
2024-01-17 08:00,221,제천,-3.2,79,0.1,0,,997.0,1030.8,0.0,,10,10,-1.4
2024-01-17 09:00,221,제천,-2.4,72,0.6,90,,996.9,1030.5,0.2,,8,8,-1.0
2024-01-17 10:00,221,제천,-1.4,69,0.6,90,,997.0,1030.5,0.0,,10,7,-0.2
2024-01-17 11:00,221,제천,-0.5,65,0.8,180,,996.8,1030.2,0.0,,9,9,0.0
2024-01-17 12:00,221,제천,-0.1,68,0.3,0,0.0,995.4,1028.7,0.0,,10,9,0.1
2024-01-17 13:00,221,제천,0.8,74,0.8,50,,993.7,1026.8,0.0,,10,4,0.2
2024-01-17 14:00,221,제천,1.4,74,0.2,0,,992.9,1025.9,0.0,,10,7,0.2
2024-01-17 15:00,221,제천,1.6,79,0.3,0,0.0,992.4,1025.4,0.0,,10,10,0.2
2024-01-17 16:00,221,제천,1.2,90,0.1,0,,992.1,1025.1,0.0,,10,6,0.2
2024-01-17 17:00,221,제천,1.0,97,0.0,0,,991.9,1024.9,0.0,,10,0,0.2
2024-01-17 18:00,221,제천,0.7,100,0.2,0,1.2,991.8,1024.9,0.0,,2,0,0.2
2024-01-17 19:00,221,제천,0.7,100,0.2,0,,991.8,1024.9,,,9,0,0.2
2024-01-17 20:00,221,제천,0.7,100,0.2,0,,991.5,1024.6,,,10,0,0.2
2024-01-17 21:00,221,제천,0.7,100,0.5,230,2.2,991.0,1024.1,,,10,0,0.2
2024-01-17 22:00,221,제천,0.7,100,0.2,0,,990.4,1023.4,,,9,0,0.2
2024-01-17 23:00,221,제천,0.8,100,0.1,0,,989.6,1022.6,,,9,0,0.2
2024-01-18 00:00,221,제천,0.9,100,0.0,0,2.0,989.0,1022.0,,,10,0,0.2
2024-01-18 01:00,221,제천,1.0,100,0.2,0,,988.4,1021.3,,,9,0,0.2
2024-01-18 02:00,221,제천,1.1,100,0.0,0,,988.1,1021.0,,,10,0,0.2
2024-01-18 03:00,221,제천,1.2,100,0.0,0,4.0,988.2,1021.1,,,10,0,0.2
2024-01-18 04:00,221,제천,1.3,100,0.3,0,,987.9,1020.8,,,10,0,0.2
2024-01-18 05:00,221,제천,1.3,100,0.3,0,,987.9,1020.8,,,10,0,0.2
2024-01-18 06:00,221,제천,1.2,100,0.1,0,3.9,988.4,1021.3,,,8,0,0.2
2024-01-18 07:00,221,제천,1.4,100,0.1,0,,989.0,1021.9,,,10,2,0.2
2024-01-18 08:00,221,제천,1.3,100,0.0,0,,989.3,1022.2,0.0,,10,4,0.2
2024-01-18 09:00,221,제천,1.7,100,0.4,0,0.3,990.0,1022.9,0.0,,10,0,0.2
2024-01-18 10:00,221,제천,2.5,100,0.3,0,,990.6,1023.4,0.0,,8,3,0.2
2024-01-18 11:00,221,제천,3.3,100,0.1,0,,990.8,1023.5,0.0,,9,9,0.4
2024-01-18 12:00,221,제천,3.6,100,0.3,0,,990.5,1023.1,0.0,,10,5,0.5
2024-01-18 13:00,221,제천,4.0,100,0.0,0,,990.5,1023.1,0.0,,9,6,0.7
2024-01-18 14:00,221,제천,5.2,98,1.5,90,,990.4,1022.9,0.0,,9,9,0.9
2024-01-18 15:00,221,제천,5.7,86,2.2,70,,990.7,1023.1,0.0,,8,8,1.3
2024-01-18 16:00,221,제천,5.8,76,3.2,70,,991.1,1023.5,0.0,,9,9,1.2
2024-01-18 17:00,221,제천,5.0,80,4.5,50,,992.1,1024.7,0.0,,9,9,0.9
2024-01-18 18:00,221,제천,4.5,81,3.4,50,,992.8,1025.5,0.0,,10,10,0.7
2024-01-18 19:00,221,제천,4.2,82,3.3,50,,993.7,1026.3,,,2,2,0.7
2024-01-18 20:00,221,제천,4.2,80,4.7,50,,994.3,1027.0,,,8,8,0.7
2024-01-18 21:00,221,제천,4.1,80,3.5,50,,994.7,1027.4,,,9,9,0.6
2024-01-18 22:00,221,제천,4.0,79,3.1,50,,995.2,1027.9,,,0,0,0.6
2024-01-18 23:00,221,제천,3.8,78,3.1,50,,995.6,1028.4,,,7,7,0.6
2024-01-19 00:00,221,제천,3.5,79,2.8,50,,995.7,1028.5,,,1,1,0.5
2024-01-19 01:00,221,제천,3.4,79,3.0,50,,995.7,1028.5,,,4,4,0.5
2024-01-19 02:00,221,제천,3.3,80,2.7,70,,996.0,1028.8,,,0,0,0.5
2024-01-19 03:00,221,제천,3.1,81,2.4,70,,996.3,1029.2,,,0,0,0.4
2024-01-19 04:00,221,제천,3.0,82,2.6,70,,996.3,1029.2,,,0,0,0.4
2024-01-19 05:00,221,제천,2.9,79,2.6,70,,996.4,1029.3,,,0,0,0.4
2024-01-19 06:00,221,제천,2.8,78,2.8,50,,996.6,1029.5,,,0,0,0.4
2024-01-19 07:00,221,제천,2.5,78,2.9,50,,996.9,1029.9,,,0,0,0.3
2024-01-19 08:00,221,제천,2.3,78,2.8,70,,997.5,1030.5,0.0,,0,0,0.3
2024-01-19 09:00,221,제천,2.6,76,3.1,70,,998.0,1031.0,0.0,,9,9,0.7
2024-01-19 10:00,221,제천,3.0,75,3.3,70,,997.9,1030.9,0.0,,8,8,1.6
2024-01-19 11:00,221,제천,3.5,72,3.7,70,,998.0,1030.9,0.0,,9,9,2.5
2024-01-19 12:00,221,제천,3.9,71,3.0,70,,997.7,1030.5,0.0,,9,9,3.0
2024-01-19 13:00,221,제천,4.0,67,4.9,70,,996.7,1029.5,0.0,,9,9,3.3
2024-01-19 14:00,221,제천,4.3,65,4.7,70,,996.2,1028.9,0.0,,10,10,3.8
2024-01-19 15:00,221,제천,3.9,65,4.1,50,,996.1,1028.9,0.0,,9,9,2.6
2024-01-19 16:00,221,제천,3.5,66,3.1,50,,996.6,1029.4,0.0,,9,9,1.9
2024-01-19 17:00,221,제천,3.0,68,3.5,50,,996.8,1029.7,0.0,,9,9,0.9
2024-01-19 18:00,221,제천,2.7,70,3.4,50,,996.9,1029.9,0.0,,10,10,0.4
2024-01-19 19:00,221,제천,2.6,70,3.0,50,,997.2,1030.2,,,10,10,0.3
2024-01-19 20:00,221,제천,2.6,70,3.1,50,,997.3,1030.3,,,9,9,0.3
2024-01-19 21:00,221,제천,2.6,69,4.8,50,,997.3,1030.3,,,9,9,0.3
2024-01-19 22:00,221,제천,2.5,70,4.8,50,,997.1,1030.1,,,8,8,0.3
2024-01-19 23:00,221,제천,2.7,69,5.1,70,,997.3,1030.3,,,9,9,0.3
2024-01-20 00:00,221,제천,2.6,70,4.4,50,,997.1,1030.1,,,10,9,0.2
2024-01-20 01:00,221,제천,2.6,70,4.7,70,,996.9,1029.9,,,9,7,0.2
2024-01-20 02:00,221,제천,2.5,71,3.8,50,,996.8,1029.8,,,10,10,0.2
2024-01-20 03:00,221,제천,2.5,69,4.9,70,,996.8,1029.8,,,8,2,-0.1
2024-01-20 04:00,221,제천,2.4,71,4.4,70,,996.2,1029.2,,,10,8,0.0
2024-01-20 05:00,221,제천,2.5,72,4.5,70,,995.9,1028.9,,,9,8,0.1
2024-01-20 06:00,221,제천,2.7,69,4.4,70,,995.5,1028.4,,,8,7,0.0
2024-01-20 07:00,221,제천,2.8,67,4.1,70,,995.3,1028.2,,,10,4,0.2
2024-01-20 08:00,221,제천,3.0,66,5.0,70,,995.3,1028.2,0.0,,9,4,0.2
2024-01-20 09:00,221,제천,3.3,66,4.1,70,,995.5,1028.3,0.0,,9,4,0.2
2024-01-20 10:00,221,제천,3.7,65,4.3,70,,995.6,1028.4,0.0,,10,3,1.1
2024-01-20 11:00,221,제천,4.1,64,4.8,70,,995.3,1028.0,0.0,,9,0,1.7
2024-01-20 12:00,221,제천,3.6,71,4.4,70,,994.6,1027.4,0.0,,9,0,2.0
2024-01-20 13:00,221,제천,3.4,73,4.3,70,,993.7,1026.5,0.0,,10,0,1.8
2024-01-20 14:00,221,제천,2.6,81,3.5,70,,993.0,1025.8,0.0,,10,0,1.6
2024-01-20 15:00,221,제천,2.4,84,2.9,70,,992.5,1025.4,0.0,,10,0,1.5
2024-01-20 16:00,221,제천,2.4,83,2.7,70,,992.4,1025.3,0.0,,10,0,1.3
2024-01-20 17:00,221,제천,2.2,83,3.3,70,,992.4,1025.3,0.0,,10,0,0.9
2024-01-20 18:00,221,제천,1.5,91,2.9,70,0.2,992.3,1025.3,0.0,,10,0,0.5
2024-01-20 19:00,221,제천,1.1,94,2.8,70,,992.2,1025.2,,,10,0,0.3
2024-01-20 20:00,221,제천,1.0,94,2.3,70,,992.5,1025.6,,,10,0,0.2
2024-01-20 21:00,221,제천,1.0,92,2.7,50,0.8,992.8,1025.9,,,10,0,0.2
2024-01-20 22:00,221,제천,1.1,88,2.8,50,,992.4,1025.4,,,9,0,0.2
2024-01-20 23:00,221,제천,1.4,82,1.9,50,,991.9,1024.9,,,9,0,0.2
2024-01-21 00:00,221,제천,1.7,76,1.7,50,0.1,991.7,1024.6,,,9,0,0.2
2024-01-21 01:00,221,제천,1.7,75,2.0,50,,991.4,1024.3,,,8,2,0.2
2024-01-21 02:00,221,제천,1.9,74,1.9,50,,991.4,1024.3,,,9,9,0.2
2024-01-21 03:00,221,제천,1.8,73,2.4,70,,991.5,1024.4,,,1,1,0.2
2024-01-21 04:00,221,제천,1.9,72,3.1,50,,991.3,1024.2,,,8,8,0.2
2024-01-21 05:00,221,제천,1.7,72,2.9,50,,991.1,1024.0,,,0,0,0.2
2024-01-21 06:00,221,제천,1.8,71,2.4,50,,991.4,1024.3,,,0,0,0.2
2024-01-21 07:00,221,제천,1.7,71,3.4,50,,992.1,1025.0,,,6,6,0.2
2024-01-21 08:00,221,제천,1.7,70,3.0,50,,992.6,1025.6,0.0,,0,0,0.2
2024-01-21 09:00,221,제천,2.0,70,1.7,50,,993.2,1026.1,0.0,,9,2,0.2
2024-01-21 10:00,221,제천,2.4,68,2.2,70,,993.3,1026.2,0.0,,10,10,0.3
2024-01-21 11:00,221,제천,3.6,64,2.6,70,,993.1,1025.8,0.1,,8,8,3.2
2024-01-21 12:00,221,제천,4.3,65,1.9,70,,992.5,1025.1,0.0,,10,10,5.5
2024-01-21 13:00,221,제천,5.0,60,1.0,90,,991.6,1024.1,0.0,,10,10,7.2
2024-01-21 14:00,221,제천,5.3,61,1.0,230,,991.3,1023.8,0.0,,10,8,6.8
2024-01-21 15:00,221,제천,5.3,64,1.4,270,,991.7,1024.2,0.0,,10,9,5.8
2024-01-21 16:00,221,제천,4.8,65,1.7,180,,991.7,1024.3,0.0,,10,8,4.8
2024-01-21 17:00,221,제천,4.3,73,2.1,250,,991.8,1024.4,0.0,,10,10,3.8
2024-01-21 18:00,221,제천,3.7,75,2.0,250,,992.4,1025.1,0.0,,0,0,2.9
2024-01-21 19:00,221,제천,3.0,81,1.9,250,,992.6,1025.4,,,0,0,2.4
2024-01-21 20:00,221,제천,2.2,87,2.4,230,,992.5,1025.4,,,6,6,2.0
2024-01-21 21:00,221,제천,1.9,88,2.2,230,,992.7,1025.6,,,1,1,1.7
2024-01-21 22:00,221,제천,1.6,92,2.4,230,,992.6,1025.6,,,0,0,1.6
2024-01-21 23:00,221,제천,1.3,90,2.0,250,,992.3,1025.3,,,0,0,1.4
2024-01-22 00:00,221,제천,0.6,94,2.7,250,,991.9,1025.0,,,0,0,1.1
2024-01-22 01:00,221,제천,-0.4,96,3.3,250,,991.9,1025.1,,,0,0,0.6
2024-01-22 02:00,221,제천,-1.8,83,4.1,270,,992.5,1025.9,,,0,0,0.3
2024-01-22 03:00,221,제천,-2.7,74,4.0,250,0.1,992.9,1026.5,,,4,4,0.2
2024-01-22 04:00,221,제천,-3.3,75,4.3,270,,992.7,1026.3,,,9,8,0.0
2024-01-22 05:00,221,제천,-3.8,74,3.6,270,,992.9,1026.6,,,9,6,-0.3
2024-01-22 06:00,221,제천,-4.6,71,4.4,250,,992.5,1026.3,,,10,9,-0.6
2024-01-22 07:00,221,제천,-5.9,72,5.1,270,,992.9,1026.8,,,10,3,-0.9
2024-01-22 08:00,221,제천,-6.8,71,6.5,250,,992.7,1026.8,0.0,,10,6,-1.2
2024-01-22 09:00,221,제천,-7.7,66,4.0,250,,993.3,1027.5,0.0,,9,2,-1.5
2024-01-22 10:00,221,제천,-7.9,62,5.2,270,,993.8,1028.1,0.3,,9,0,-1.7
2024-01-22 11:00,221,제천,-7.1,59,5.7,270,,993.6,1027.7,0.9,,7,0,-0.1
2024-01-22 12:00,221,제천,-6.5,56,4.7,250,,992.3,1026.3,1.0,,7,0,0.2
2024-01-22 13:00,221,제천,-6.2,50,5.7,250,,991.5,1025.4,1.0,,7,1,0.2
2024-01-22 14:00,221,제천,-6.2,48,4.7,250,,991.2,1025.1,1.0,,3,1,0.3
2024-01-22 15:00,221,제천,-6.5,56,4.0,250,,991.1,1025.1,1.0,,3,1,0.2
2024-01-22 16:00,221,제천,-6.4,53,3.6,270,,991.0,1025.0,0.8,,7,1,0.0
2024-01-22 17:00,221,제천,-7.5,54,3.4,250,,991.4,1025.5,1.0,,5,1,-1.2
2024-01-22 18:00,221,제천,-8.6,64,4.5,250,,992.3,1026.6,0.1,,8,1,-2.0
2024-01-22 19:00,221,제천,-9.1,61,4.3,250,,992.9,1027.3,,,7,4,-2.3
2024-01-22 20:00,221,제천,-9.4,63,2.3,270,,993.0,1027.5,,,8,2,-2.1
2024-01-22 21:00,221,제천,-9.9,61,3.5,290,,993.0,1027.5,,,4,2,-2.9
2024-01-22 22:00,221,제천,-10.3,72,3.4,250,,993.2,1027.8,,,8,2,-2.9
2024-01-22 23:00,221,제천,-11.0,67,2.7,290,,992.9,1027.5,,,6,4,-3.5
2024-01-23 00:00,221,제천,-11.9,65,2.1,290,,992.8,1027.6,,,8,7,-4.2
2024-01-23 01:00,221,제천,-12.5,62,3.4,290,,992.5,1027.3,,,9,2,-5.1
2024-01-23 02:00,221,제천,-13.1,67,2.3,290,,992.9,1027.8,,,8,1,-5.3
2024-01-23 03:00,221,제천,-13.2,68,1.6,250,,993.0,1028.0,,,8,4,-5.5
2024-01-23 04:00,221,제천,-13.6,65,1.7,270,,992.7,1027.7,,,9,1,-6.0
2024-01-23 05:00,221,제천,-13.6,70,1.7,250,,992.6,1027.6,,,0,0,-6.3
2024-01-23 06:00,221,제천,-13.8,71,2.6,250,,992.7,1027.7,,,0,0,-6.7
2024-01-23 07:00,221,제천,-14.0,67,2.2,270,,992.8,1027.9,,,1,0,-7.4
2024-01-23 08:00,221,제천,-14.3,62,2.6,250,,992.6,1027.7,0.0,,8,0,-8.0
2024-01-23 09:00,221,제천,-13.6,57,3.1,250,,992.7,1027.7,1.0,,2,0,-7.6
2024-01-23 10:00,221,제천,-12.6,53,4.6,230,,992.5,1027.4,1.0,,0,0,-6.7
2024-01-23 11:00,221,제천,-11.6,49,4.5,250,,992.0,1026.7,1.0,,0,0,-3.2
2024-01-23 12:00,221,제천,-10.6,49,5.0,250,,990.6,1025.1,1.0,,0,0,-1.5
2024-01-23 13:00,221,제천,-8.9,44,3.9,270,,989.2,1023.4,1.0,,0,0,-0.1
2024-01-23 14:00,221,제천,-8.7,41,5.3,270,,988.4,1022.6,0.9,,0,0,-0.6
2024-01-23 15:00,221,제천,-8.9,46,4.6,250,,988.2,1022.4,1.0,,0,0,-1.1
2024-01-23 16:00,221,제천,-9.2,48,4.3,250,,988.0,1022.2,0.9,,0,0,-2.9
2024-01-23 17:00,221,제천,-10.3,54,4.5,250,,988.2,1022.6,0.4,,1,0,-4.3
2024-01-23 18:00,221,제천,-10.7,56,4.2,270,,988.6,1023.0,0.0,,8,0,-5.8
2024-01-23 19:00,221,제천,-11.3,63,4.4,270,,988.9,1023.4,,,8,0,-6.6
2024-01-23 20:00,221,제천,-11.7,71,4.0,270,,989.4,1024.0,,,1,1,-7.0
2024-01-23 21:00,221,제천,-11.8,70,2.1,270,,989.8,1024.4,,,1,1,-6.9
2024-01-23 22:00,221,제천,-12.3,58,3.2,270,,990.5,1025.2,,,9,0,-7.5
2024-01-23 23:00,221,제천,-13.1,63,3.3,270,,990.8,1025.7,,,9,3,-7.8
2024-01-24 00:00,221,제천,-13.4,62,2.8,270,,990.8,1025.7,,,9,0,-8.4
2024-01-24 01:00,221,제천,-13.4,60,1.9,270,,990.7,1025.6,,,8,0,-8.4
2024-01-24 02:00,221,제천,-13.6,57,0.9,250,,990.8,1025.7,,,7,0,-8.9
2024-01-24 03:00,221,제천,-14.4,70,1.0,200,,990.8,1025.9,,,7,0,-9.2
2024-01-24 04:00,221,제천,-14.2,71,0.7,110,,990.8,1025.8,,,0,0,-9.4
2024-01-24 05:00,221,제천,-14.6,73,0.5,20,,990.6,1025.7,,,9,0,-9.6
2024-01-24 06:00,221,제천,-14.9,77,0.5,50,,991.1,1026.2,,,1,0,-9.7
2024-01-24 07:00,221,제천,-14.7,76,0.6,20,,991.0,1026.1,,,0,0,-9.9
2024-01-24 08:00,221,제천,-14.5,76,0.2,0,,991.1,1026.2,0.1,,0,0,-9.8
2024-01-24 09:00,221,제천,-11.6,57,1.8,200,,991.3,1026.0,1.0,,0,0,-8.5
2024-01-24 10:00,221,제천,-10.5,51,2.8,250,,991.9,1026.5,1.0,,0,0,-6.2
2024-01-24 11:00,221,제천,-9.0,48,3.0,270,,992.1,1026.5,1.0,,0,0,-2.7
2024-01-24 12:00,221,제천,-8.2,46,3.3,290,,991.5,1025.7,0.9,,0,0,-0.9
2024-01-24 13:00,221,제천,-7.2,43,3.6,290,,990.8,1024.9,1.0,,0,0,0.2
2024-01-24 14:00,221,제천,-6.4,42,2.3,320,,990.6,1024.5,1.0,,0,0,0.3
2024-01-24 15:00,221,제천,-6.3,38,3.9,320,,990.3,1024.2,1.0,,0,0,-0.2
2024-01-24 16:00,221,제천,-5.8,40,2.6,270,,990.6,1024.5,1.0,,0,0,-1.8
2024-01-24 17:00,221,제천,-6.2,40,2.3,250,,990.9,1024.8,1.0,,0,0,-3.0
2024-01-24 18:00,221,제천,-7.0,44,1.7,290,,991.3,1025.3,0.4,,0,0,-4.4
2024-01-24 19:00,221,제천,-7.5,48,1.9,250,,991.9,1026.0,,,9,0,-5.3
2024-01-24 20:00,221,제천,-9.5,62,0.4,0,,992.2,1026.6,,,0,0,-6.1
2024-01-24 21:00,221,제천,-10.7,72,0.8,20,,992.7,1027.3,,,0,0,-6.8
2024-01-24 22:00,221,제천,-11.0,72,0.7,20,,993.3,1027.9,,,0,0,-7.5
2024-01-24 23:00,221,제천,-12.2,83,0.1,0,,993.6,1028.4,,,0,0,-8.0
2024-01-25 00:00,221,제천,-12.2,80,0.3,0,,993.8,1028.6,,,0,0,-8.5
2024-01-25 01:00,221,제천,-11.0,68,1.0,250,,993.9,1028.6,,,0,0,-8.7
2024-01-25 02:00,221,제천,-12.4,77,0.4,0,,994.0,1028.9,,,0,0,-9.0
2024-01-25 03:00,221,제천,-12.6,78,0.3,0,,994.3,1029.2,,,0,0,-9.2
2024-01-25 04:00,221,제천,-13.4,83,0.0,0,,994.0,1029.0,,,1,0,-9.5
2024-01-25 05:00,221,제천,-13.6,85,0.0,0,,994.2,1029.3,,,0,0,-9.7
2024-01-25 06:00,221,제천,-14.2,86,0.0,0,,994.4,1029.6,,,0,0,-9.9
2024-01-25 07:00,221,제천,-14.2,87,0.2,0,,994.6,1029.8,,,0,0,-10.0
2024-01-25 08:00,221,제천,-14.1,87,0.1,0,,995.2,1030.4,0.1,,1,0,-10.0
2024-01-25 09:00,221,제천,-11.4,80,0.4,0,,995.7,1030.5,1.0,,2,0,-8.9
2024-01-25 10:00,221,제천,-9.1,67,0.3,0,,995.9,1030.4,1.0,,0,0,-7.0
2024-01-25 11:00,221,제천,-6.9,51,2.1,200,,995.5,1029.7,1.0,,0,0,-2.0
2024-01-25 12:00,221,제천,-5.6,48,2.6,230,,994.7,1028.7,1.0,,0,0,-0.1
2024-01-25 13:00,221,제천,-4.3,42,3.1,200,,994.0,1027.8,1.0,,0,0,1.2
2024-01-25 14:00,221,제천,-3.0,38,3.2,230,,993.6,1027.2,1.0,,0,0,1.1
2024-01-25 15:00,221,제천,-2.1,36,3.5,230,,993.4,1026.9,1.0,,0,0,0.4
2024-01-25 16:00,221,제천,-1.9,33,3.5,230,,993.7,1027.2,1.0,,0,0,0.1
2024-01-25 17:00,221,제천,-2.4,34,2.6,250,,994.1,1027.6,1.0,,0,0,-0.9
2024-01-25 18:00,221,제천,-3.3,38,2.0,250,,994.5,1028.2,0.5,,0,0,-2.3
2024-01-25 19:00,221,제천,-5.5,54,0.3,0,,994.9,1028.9,,,0,0,-3.3
2024-01-25 20:00,221,제천,-4.5,47,1.8,250,,995.5,1029.4,,,0,0,-4.0
2024-01-25 21:00,221,제천,-5.6,54,0.4,0,,995.7,1029.8,,,0,0,-4.6
2024-01-25 22:00,221,제천,-8.3,72,0.0,0,,996.0,1030.4,,,0,0,-5.4
2024-01-25 23:00,221,제천,-8.3,68,0.8,20,,995.4,1029.8,,,0,0,-6.0
2024-01-26 00:00,221,제천,-9.6,79,0.3,0,,995.8,1030.4,,,0,0,-6.5
2024-01-26 01:00,221,제천,-10.5,84,0.5,20,,995.8,1030.5,,,0,0,-6.9
2024-01-26 02:00,221,제천,-10.7,84,0.0,0,,996.0,1030.7,,,0,0,-7.3
2024-01-26 03:00,221,제천,-11.3,87,0.2,0,,996.5,1031.3,,,0,0,-7.6
2024-01-26 04:00,221,제천,-11.2,88,0.7,20,,996.3,1031.1,,,0,0,-8.0
2024-01-26 05:00,221,제천,-11.9,88,0.0,0,,996.2,1031.1,,,0,0,-8.2
2024-01-26 06:00,221,제천,-11.9,90,0.1,0,,996.4,1031.3,,,0,0,-8.5
2024-01-26 07:00,221,제천,-12.3,88,0.0,0,,996.9,1031.9,,,0,0,-8.6
2024-01-26 08:00,221,제천,-12.0,90,0.0,0,,996.9,1031.8,0.1,,0,0,-8.6
2024-01-26 09:00,221,제천,-8.6,80,0.1,0,,996.9,1031.4,1.0,,0,0,-7.6
2024-01-26 10:00,221,제천,-6.4,67,0.2,0,,997.4,1031.6,1.0,,0,0,-5.9
2024-01-26 11:00,221,제천,-3.4,59,1.0,140,,997.2,1031.0,1.0,,0,0,-1.5
2024-01-26 12:00,221,제천,-1.3,46,1.8,250,,996.5,1030.0,1.0,,0,0,-0.2
2024-01-26 13:00,221,제천,0.5,40,1.1,200,,994.7,1027.9,1.0,,0,0,1.2
2024-01-26 14:00,221,제천,2.3,35,2.9,200,,994.2,1027.1,1.0,,0,0,1.0
2024-01-26 15:00,221,제천,2.4,33,3.6,230,,994.2,1027.1,1.0,,0,0,0.7
2024-01-26 16:00,221,제천,2.3,31,3.2,250,,994.5,1027.4,1.0,,0,0,0.2
2024-01-26 17:00,221,제천,1.7,36,2.4,290,,994.8,1027.8,1.0,,0,0,0.2
2024-01-26 18:00,221,제천,0.2,49,1.0,250,,995.0,1028.3,0.4,,0,0,0.0
2024-01-26 19:00,221,제천,-2.9,68,0.2,0,,995.2,1028.9,,,0,0,-0.6
2024-01-26 20:00,221,제천,-1.3,67,1.4,200,,995.6,1029.0,,,0,0,-1.4
2024-01-26 21:00,221,제천,-4.0,79,0.3,0,,995.7,1029.5,,,0,0,-2.1
2024-01-26 22:00,221,제천,-5.0,86,0.2,0,,995.7,1029.7,,,0,0,-2.9
2024-01-26 23:00,221,제천,-6.0,89,0.6,20,,995.8,1029.9,,,0,0,-3.4
2024-01-27 00:00,221,제천,-6.2,92,0.3,0,,995.6,1029.7,,,9,0,-3.8
2024-01-27 01:00,221,제천,-7.0,94,0.3,0,,995.2,1029.4,,,10,0,-4.3
2024-01-27 02:00,221,제천,-7.5,94,0.1,0,,995.5,1029.8,,,0,0,-4.9
2024-01-27 03:00,221,제천,-8.2,94,0.2,0,,995.5,1029.9,,,0,0,-5.4
2024-01-27 04:00,221,제천,-8.9,94,0.0,0,,995.0,1029.4,,,0,0,-5.9
2024-01-27 05:00,221,제천,-9.1,95,0.2,0,,995.0,1029.5,,,0,0,-6.3
2024-01-27 06:00,221,제천,-9.6,94,0.3,0,,995.0,1029.6,,,0,0,-6.7
2024-01-27 07:00,221,제천,-9.4,94,0.0,0,,995.8,1030.3,,,10,1,-6.8
2024-01-27 08:00,221,제천,-9.5,93,0.0,0,,995.8,1030.4,0.0,,10,0,-6.9
2024-01-27 09:00,221,제천,-7.3,93,0.1,0,,995.9,1030.1,0.5,,0,0,-5.8
2024-01-27 10:00,221,제천,-5.1,88,0.5,250,,996.2,1030.2,0.6,,9,3,-3.2
2024-01-27 11:00,221,제천,-1.7,81,0.5,180,,996.1,1029.6,0.6,,5,2,-0.8
2024-01-27 12:00,221,제천,0.3,67,2.5,230,,995.2,1028.5,1.0,,2,0,0.0
2024-01-27 13:00,221,제천,1.4,58,2.0,200,,994.1,1027.2,1.0,,0,0,1.1
2024-01-27 14:00,221,제천,2.6,56,2.3,230,,992.9,1025.7,1.0,,0,0,1.5
2024-01-27 15:00,221,제천,2.8,50,3.3,230,,992.9,1025.7,1.0,,0,0,1.0
2024-01-27 16:00,221,제천,3.1,36,2.6,250,,992.9,1025.7,1.0,,0,0,0.1
2024-01-27 17:00,221,제천,1.9,43,1.6,270,,992.8,1025.7,0.4,,6,0,0.2
2024-01-27 18:00,221,제천,0.5,52,1.1,270,,993.3,1026.5,0.0,,8,0,0.2
2024-01-27 19:00,221,제천,-2.4,68,0.6,20,,993.2,1026.7,,,6,0,0.1
2024-01-27 20:00,221,제천,-3.9,79,0.0,0,,993.1,1026.8,,,4,0,-0.6
2024-01-27 21:00,221,제천,-4.2,80,0.5,50,,993.1,1026.9,,,9,0,-1.3
2024-01-27 22:00,221,제천,-3.7,81,0.1,0,,993.5,1027.2,,,10,0,-1.4
2024-01-27 23:00,221,제천,-3.3,81,0.5,20,,993.4,1027.1,,,10,0,-1.6
2024-01-28 00:00,221,제천,-4.0,86,0.0,0,,993.2,1026.9,,,10,0,-2.1
2024-01-28 01:00,221,제천,-3.9,86,0.0,0,,993.4,1027.1,,,10,0,-2.1
2024-01-28 02:00,221,제천,-3.0,77,1.1,270,,993.4,1027.0,,,10,1,-2.5
2024-01-28 03:00,221,제천,-2.9,80,0.6,230,,993.4,1027.0,,,10,0,-2.4
2024-01-28 04:00,221,제천,-3.3,81,1.0,290,,993.3,1026.9,,,10,1,-2.7
2024-01-28 05:00,221,제천,-4.2,88,0.2,0,,993.3,1027.1,,,8,3,-3.0
2024-01-28 06:00,221,제천,-3.8,89,0.4,0,,993.6,1027.3,,,8,5,-2.7
2024-01-28 07:00,221,제천,-3.9,90,0.6,250,,993.9,1027.7,,,6,3,-3.3
2024-01-28 08:00,221,제천,-3.7,67,1.6,250,,994.8,1028.6,0.0,,0,0,-3.9
2024-01-28 09:00,221,제천,-2.9,65,1.3,250,,995.6,1029.3,0.8,,0,0,-3.7
2024-01-28 10:00,221,제천,-1.8,56,1.2,230,,995.7,1029.2,1.0,,0,0,-2.6
2024-01-28 11:00,221,제천,0.0,51,2.1,230,,995.8,1029.1,1.0,,0,0,-0.3
2024-01-28 12:00,221,제천,0.9,48,3.2,250,,995.5,1028.7,1.0,,0,0,0.2
2024-01-28 13:00,221,제천,1.2,45,4.2,230,,995.0,1028.1,1.0,,2,0,1.3
2024-01-28 14:00,221,제천,1.3,46,3.9,250,,995.2,1028.3,1.0,,4,0,1.7
2024-01-28 15:00,221,제천,1.5,46,2.9,250,,995.1,1028.2,1.0,,0,0,1.1
2024-01-28 16:00,221,제천,1.3,46,3.2,250,,995.2,1028.3,1.0,,0,0,0.1
2024-01-28 17:00,221,제천,0.9,49,2.8,230,,995.5,1028.7,1.0,,0,0,0.2
2024-01-28 18:00,221,제천,-0.3,56,1.6,230,,996.3,1029.7,0.4,,0,0,0.1
2024-01-28 19:00,221,제천,-1.4,63,0.9,230,,997.0,1030.5,,,0,0,-0.1
2024-01-28 20:00,221,제천,-3.8,77,0.6,20,,997.4,1031.3,,,0,0,-0.9
2024-01-28 21:00,221,제천,-5.2,85,0.2,0,,997.6,1031.7,,,0,0,-1.8
2024-01-28 22:00,221,제천,-5.7,88,0.4,0,,997.5,1031.6,,,0,0,-2.5
2024-01-28 23:00,221,제천,-6.0,90,0.3,0,,997.8,1031.9,,,0,0,-3.1
2024-01-29 00:00,221,제천,-6.4,90,0.1,0,,997.9,1032.1,,,0,0,-3.6
2024-01-29 01:00,221,제천,-7.3,91,0.5,20,,997.8,1032.1,,,0,0,-4.2
2024-01-29 02:00,221,제천,-7.8,93,0.5,20,,997.7,1032.1,,,0,0,-4.8
2024-01-29 03:00,221,제천,-8.4,94,0.0,0,,997.6,1032.1,,,0,0,-5.3
2024-01-29 04:00,221,제천,-8.8,94,0.1,0,,997.7,1032.2,,,0,0,-5.7
2024-01-29 05:00,221,제천,-9.2,94,0.2,0,,998.0,1032.6,,,10,1,-6.1
2024-01-29 06:00,221,제천,-9.1,93,0.0,0,,998.3,1032.9,,,10,5,-6.2
2024-01-29 07:00,221,제천,-9.3,94,0.0,0,,998.6,1033.2,,,10,0,-6.6
2024-01-29 08:00,221,제천,-9.2,94,0.2,0,,999.2,1033.8,0.0,,9,2,-6.4
2024-01-29 09:00,221,제천,-6.7,94,0.0,0,,999.6,1033.9,0.7,,0,0,-5.7
2024-01-29 10:00,221,제천,-4.1,84,0.5,180,,999.7,1033.7,1.0,,5,0,-3.4
2024-01-29 11:00,221,제천,-2.1,74,0.5,140,,999.5,1033.2,0.8,,0,0,-0.5
2024-01-29 12:00,221,제천,-0.2,65,1.3,180,,999.0,1032.5,1.0,,4,2,0.8
2024-01-29 13:00,221,제천,1.4,60,1.3,160,,997.9,1031.1,1.0,,0,0,2.0
2024-01-29 14:00,221,제천,2.0,54,2.2,230,,997.0,1030.1,1.0,,0,0,2.5
2024-01-29 15:00,221,제천,2.6,51,2.5,200,,996.9,1029.9,1.0,,0,0,1.7
2024-01-29 16:00,221,제천,2.8,39,2.5,230,,996.6,1029.5,1.0,,0,0,0.2
2024-01-29 17:00,221,제천,2.2,38,2.4,230,,997.0,1030.0,1.0,,0,0,0.2
2024-01-29 18:00,221,제천,0.6,43,1.6,230,,997.5,1030.8,0.5,,0,0,0.0
2024-01-29 19:00,221,제천,-1.9,59,0.6,360,,997.9,1031.5,,,0,0,-0.2
2024-01-29 20:00,221,제천,-3.5,69,1.1,20,,998.0,1031.8,,,0,0,-0.6
2024-01-29 21:00,221,제천,-5.0,79,0.4,0,,998.1,1032.1,,,0,0,-1.5
2024-01-29 22:00,221,제천,-6.0,84,0.4,0,,998.4,1032.5,,,0,0,-2.3
2024-01-29 23:00,221,제천,-5.7,81,0.8,20,,998.5,1032.6,,,5,0,-2.9
2024-01-30 00:00,221,제천,-6.5,85,0.0,0,,998.8,1033.0,,,4,0,-3.4
2024-01-30 01:00,221,제천,-6.9,90,0.4,0,,998.6,1032.9,,,0,0,-4.0
2024-01-30 02:00,221,제천,-7.8,92,0.0,0,,998.5,1032.9,,,0,0,-4.6
2024-01-30 03:00,221,제천,-8.6,91,0.1,0,,998.7,1033.2,,,0,0,-5.2
2024-01-30 04:00,221,제천,-9.0,92,0.0,0,,998.5,1033.1,,,0,0,-5.7
2024-01-30 05:00,221,제천,-9.2,92,0.1,0,,998.3,1032.9,,,0,0,-6.2
2024-01-30 06:00,221,제천,-9.6,93,0.2,0,,998.4,1033.1,,,0,0,-6.6
2024-01-30 07:00,221,제천,-9.8,93,0.0,0,,998.8,1033.5,,,0,0,-7.0
2024-01-30 08:00,221,제천,-9.8,93,0.1,0,,998.9,1033.6,0.1,,0,0,-7.1
2024-01-30 09:00,221,제천,-6.2,87,0.1,0,,999.2,1033.4,1.0,,0,0,-5.9
2024-01-30 10:00,221,제천,-3.4,71,1.5,110,,999.1,1033.0,1.0,,0,0,-3.9
2024-01-30 11:00,221,제천,-0.2,58,1.3,110,,998.7,1032.1,1.0,,0,0,-0.4
2024-01-30 12:00,221,제천,2.2,49,1.7,140,,997.4,1030.5,1.0,,0,0,0.3
2024-01-30 13:00,221,제천,4.2,41,1.0,140,,996.6,1029.3,1.0,,0,0,1.6
2024-01-30 14:00,221,제천,5.6,32,1.0,110,,995.4,1028.0,1.0,,0,0,3.3
2024-01-30 15:00,221,제천,6.2,31,0.6,140,,994.6,1027.1,1.0,,6,0,2.1
2024-01-30 16:00,221,제천,6.6,29,0.1,0,,994.7,1027.1,1.0,,6,0,1.0
2024-01-30 17:00,221,제천,5.8,31,0.3,0,,994.6,1027.1,0.4,,6,0,0.0
2024-01-30 18:00,221,제천,1.7,52,0.5,360,,994.6,1027.6,0.5,,0,0,0.1
2024-01-30 19:00,221,제천,-2.0,69,0.3,0,,994.9,1028.4,,,0,0,0.1
2024-01-30 20:00,221,제천,-2.8,73,0.6,50,,995.0,1028.6,,,0,0,-0.1
2024-01-30 21:00,221,제천,-4.0,83,0.3,0,,994.5,1028.3,,,0,0,-0.5
2024-01-30 22:00,221,제천,-3.8,75,1.0,20,,995.0,1028.8,,,0,0,-1.2
2024-01-30 23:00,221,제천,-5.0,85,0.1,0,,994.7,1028.6,,,0,0,-1.9
2024-01-31 00:00,221,제천,-5.6,87,0.3,0,,994.2,1028.2,,,0,0,-2.5
2024-01-31 01:00,221,제천,-4.6,85,0.0,0,,994.0,1027.9,,,7,7,-2.3
2024-01-31 02:00,221,제천,-3.8,88,0.0,0,,993.8,1027.5,,,9,2,-1.9
2024-01-31 03:00,221,제천,-2.8,83,0.1,0,,994.4,1028.0,,,10,2,-1.5
2024-01-31 04:00,221,제천,-2.2,83,0.1,0,,994.1,1027.6,,,10,2,-1.3
2024-01-31 05:00,221,제천,-2.1,81,0.4,0,,993.4,1026.9,,,10,1,-1.5
2024-01-31 06:00,221,제천,-1.9,81,0.0,0,,993.2,1026.7,,,10,8,-1.2
2024-01-31 07:00,221,제천,-3.1,85,0.1,0,,993.3,1026.9,,,0,0,-2.3
2024-01-31 08:00,221,제천,-4.1,89,0.0,0,,993.7,1027.5,0.0,,0,0,-2.6
2024-01-31 09:00,221,제천,-2.2,81,0.0,0,,993.8,1027.3,0.1,,9,3,-1.6
2024-01-31 10:00,221,제천,1.2,59,0.5,230,,993.5,1026.6,0.8,,0,0,-1.1
2024-01-31 11:00,221,제천,4.5,51,0.7,180,,993.2,1025.9,1.0,,0,0,0.0
2024-01-31 12:00,221,제천,6.9,46,0.6,140,,992.2,1024.5,1.0,,0,0,1.1
2024-01-31 13:00,221,제천,9.0,40,1.6,180,,990.9,1022.8,1.0,,0,0,4.0
2024-01-31 14:00,221,제천,9.8,37,2.5,230,,989.9,1021.8,1.0,,0,0,4.8
2024-01-31 15:00,221,제천,9.9,33,2.7,230,,989.4,1021.3,1.0,,0,0,3.7
2024-01-31 16:00,221,제천,10.4,30,1.9,230,,989.2,1021.0,1.0,,0,0,1.9
2024-01-31 17:00,221,제천,9.5,31,2.5,250,,989.5,1021.4,1.0,,0,0,0.9
2024-01-31 18:00,221,제천,7.4,39,1.8,250,,989.5,1021.6,0.5,,0,0,0.1
2024-01-31 19:00,221,제천,1.9,61,0.3,0,,990.2,1023.1,,,0,0,0.1
2024-01-31 20:00,221,제천,1.4,60,1.0,360,,990.6,1023.5,,,0,0,0.0
2024-01-31 21:00,221,제천,-0.2,67,0.5,360,,990.8,1024.0,,,0,0,0.0
2024-01-31 22:00,221,제천,0.5,64,1.2,290,,991.1,1024.2,,,0,0,-0.2
2024-01-31 23:00,221,제천,-2.6,82,0.6,20,,991.1,1024.6,,,0,0,-0.3
2024-01-01 00:00,261,해남,5.9,69,2.1,340,,1024.6,1026.6,,,10,9,5.4
2024-01-01 01:00,261,해남,5.7,70,3.3,20,,1024.4,1026.4,,,10,10,5.4
2024-01-01 02:00,261,해남,5.4,71,3.0,360,,1025.2,1027.3,,,9,9,5.3
2024-01-01 03:00,261,해남,4.7,73,2.0,360,,1025.5,1027.6,,,10,10,4.6
2024-01-01 04:00,261,해남,2.2,85,0.4,0,,1025.4,1027.5,,,2,0,2.9
2024-01-01 05:00,261,해남,0.6,92,1.0,70,,1025.7,1027.8,,,0,0,1.8
2024-01-01 06:00,261,해남,-0.6,97,0.7,90,,1026.3,1028.4,,,2,2,1.7
2024-01-01 07:00,261,해남,-0.8,99,0.3,0,,1026.7,1028.8,,,3,0,1.0
2024-01-01 08:00,261,해남,-1.3,99,0.2,0,,1027.1,1029.2,0.0,,5,4,1.4
2024-01-01 09:00,261,해남,0.6,98,0.3,0,,1027.3,1029.4,0.3,,3,3,3.3
2024-01-01 10:00,261,해남,2.7,89,0.9,230,,1027.9,1030.0,0.1,,7,7,5.9
2024-01-01 11:00,261,해남,5.7,76,0.7,340,,1027.8,1029.9,0.0,,9,9,7.8
2024-01-01 12:00,261,해남,6.6,67,1.0,270,,1027.2,1029.2,0.0,,9,9,9.6
2024-01-01 13:00,261,해남,8.0,60,0.5,20,,1026.2,1028.2,0.2,,8,8,12.2
2024-01-01 14:00,261,해남,8.2,62,1.6,290,,1025.5,1027.5,0.7,,5,1,12.2
2024-01-01 15:00,261,해남,8.4,63,1.4,290,,1025.1,1027.1,0.0,,10,9,10.4
2024-01-01 16:00,261,해남,8.3,63,1.7,290,,1024.6,1026.6,0.1,,9,9,9.7
2024-01-01 17:00,261,해남,8.0,65,0.3,0,,1024.3,1026.3,0.1,,6,6,8.4
2024-01-01 18:00,261,해남,6.9,77,0.8,270,,1024.5,1026.5,0.0,,9,9,7.2
2024-01-01 19:00,261,해남,6.5,79,0.8,270,,1024.6,1026.6,,,9,5,7.0
2024-01-01 20:00,261,해남,6.5,74,0.4,0,,1025.0,1027.0,,,9,9,6.5
2024-01-01 21:00,261,해남,5.6,80,0.0,0,,1025.0,1027.0,,,9,9,5.7
2024-01-01 22:00,261,해남,5.6,82,0.2,0,,1024.9,1026.9,,,9,8,6.2
2024-01-01 23:00,261,해남,5.5,84,0.4,0,,1024.8,1026.8,,,10,10,6.2
2024-01-02 00:00,261,해남,4.4,89,0.1,0,0.0,1024.3,1026.4,,,9,9,5.5
2024-01-02 01:00,261,해남,3.3,90,0.4,0,,1023.8,1025.9,,,6,5,4.5
2024-01-02 02:00,261,해남,3.1,95,0.8,90,,1023.7,1025.8,,,9,9,4.7
2024-01-02 03:00,261,해남,1.4,96,0.4,0,,1023.5,1025.6,,,0,0,2.8
2024-01-02 04:00,261,해남,0.4,98,0.0,0,,1023.1,1025.2,,,0,0,2.1
2024-01-02 05:00,261,해남,-0.9,98,0.9,90,,1022.8,1024.9,,,5,0,1.6
2024-01-02 06:00,261,해남,0.3,99,0.6,70,,1022.8,1024.9,,,9,8,3.1
2024-01-02 07:00,261,해남,0.9,99,0.2,0,,1022.6,1024.7,,,9,9,3.6
2024-01-02 08:00,261,해남,0.2,99,0.1,0,,1022.3,1024.4,0.0,,0,0,2.1
2024-01-02 09:00,261,해남,2.0,98,0.6,230,,1022.5,1024.6,0.8,,4,0,3.2
2024-01-02 10:00,261,해남,4.1,88,0.9,50,,1022.8,1024.9,0.5,,9,8,6.2
2024-01-02 11:00,261,해남,6.6,71,0.1,0,,1022.2,1024.2,0.0,,9,9,8.8
2024-01-02 12:00,261,해남,8.2,66,2.4,290,,1021.5,1023.5,0.3,,9,7,11.4
2024-01-02 13:00,261,해남,7.8,68,1.7,320,,1020.4,1022.4,0.0,,10,5,9.8
2024-01-02 14:00,261,해남,7.8,67,1.9,290,,1020.0,1022.0,0.0,,10,8,10.9
2024-01-02 15:00,261,해남,8.1,67,1.4,340,,1019.6,1021.6,0.3,,9,8,11.8
2024-01-02 16:00,261,해남,7.8,69,2.6,290,,1019.6,1021.6,0.0,,9,6,9.6
2024-01-02 17:00,261,해남,7.3,72,1.2,50,,1019.6,1021.6,0.2,,8,8,8.0
2024-01-02 18:00,261,해남,6.4,74,0.6,290,,1020.0,1022.0,0.0,,8,1,6.2
2024-01-02 19:00,261,해남,5.3,82,0.6,290,,1019.8,1021.8,,,9,3,5.8
2024-01-02 20:00,261,해남,4.4,89,0.0,0,,1019.9,1021.9,,,10,2,5.3
2024-01-02 21:00,261,해남,4.2,91,0.4,0,,1019.7,1021.7,,,8,0,5.4
2024-01-02 22:00,261,해남,3.6,95,0.3,0,,1019.2,1021.2,,,9,1,4.9
2024-01-02 23:00,261,해남,3.5,96,0.3,0,,1019.0,1021.0,,,10,7,5.1
2024-01-03 00:00,261,해남,3.5,94,0.7,250,,1019.2,1021.2,,,10,4,5.1
2024-01-03 01:00,261,해남,3.7,93,0.2,0,,1019.0,1021.0,,,10,1,5.1
2024-01-03 02:00,261,해남,4.0,92,0.9,230,,1018.9,1020.9,,,10,2,5.4
2024-01-03 03:00,261,해남,4.9,86,0.8,50,0.0,1018.7,1020.7,,,10,9,5.4
2024-01-03 04:00,261,해남,4.3,89,1.1,360,,1018.2,1020.2,,,10,10,5.4
2024-01-03 05:00,261,해남,3.9,92,0.6,290,,1017.8,1019.8,,,10,10,5.3
2024-01-03 06:00,261,해남,4.0,91,0.3,0,2.7,1017.6,1019.6,,,10,9,5.3
2024-01-03 07:00,261,해남,3.7,97,0.7,270,,1017.8,1019.8,,,10,9,5.4
2024-01-03 08:00,261,해남,3.6,97,0.7,250,,1018.2,1020.2,0.0,,10,7,5.3
2024-01-03 09:00,261,해남,3.9,95,1.5,270,0.6,1018.5,1020.5,0.0,,9,6,5.6
2024-01-03 10:00,261,해남,4.5,96,1.2,250,,1018.7,1020.7,0.1,,7,0,5.5
2024-01-03 11:00,261,해남,6.6,80,3.3,270,,1018.5,1020.5,0.8,,8,1,9.6
2024-01-03 12:00,261,해남,7.2,76,3.1,320,,1018.1,1020.1,0.7,,8,4,11.8
2024-01-03 13:00,261,해남,6.9,66,3.3,290,,1017.4,1019.4,0.4,,7,5,10.4
2024-01-03 14:00,261,해남,7.9,55,4.9,290,,1017.1,1019.1,0.9,,5,4,12.9
2024-01-03 15:00,261,해남,7.2,57,4.0,360,,1017.5,1019.5,1.0,,5,3,10.5
2024-01-03 16:00,261,해남,6.8,58,6.0,270,,1018.2,1020.2,0.5,,3,1,7.4
2024-01-03 17:00,261,해남,6.2,58,5.2,270,,1019.0,1021.0,0.4,,3,0,5.6
2024-01-03 18:00,261,해남,5.8,62,4.5,290,,1019.7,1021.7,0.0,,1,1,4.6
2024-01-03 19:00,261,해남,5.4,62,2.6,270,,1019.9,1021.9,,,0,0,3.9
2024-01-03 20:00,261,해남,5.6,61,2.3,340,,1020.0,1022.0,,,1,1,4.0
2024-01-03 21:00,261,해남,4.9,62,2.5,290,,1020.6,1022.6,,,0,0,3.2
2024-01-03 22:00,261,해남,4.9,64,2.5,270,,1020.8,1022.8,,,0,0,2.9
2024-01-03 23:00,261,해남,4.2,73,1.4,50,,1021.5,1023.5,,,1,1,3.0
2024-01-04 00:00,261,해남,2.9,79,1.0,230,,1021.4,1023.5,,,0,0,2.4
2024-01-04 01:00,261,해남,0.9,89,1.0,270,,1021.5,1023.6,,,0,0,1.8
2024-01-04 02:00,261,해남,0.4,94,0.6,270,,1021.5,1023.6,,,7,2,2.1
2024-01-04 03:00,261,해남,-0.6,97,0.2,0,,1021.6,1023.7,,,0,0,1.1
2024-01-04 04:00,261,해남,-1.9,98,0.4,0,,1021.7,1023.8,,,0,0,0.7
2024-01-04 05:00,261,해남,-1.9,99,0.6,50,,1021.7,1023.8,,,0,0,0.4
2024-01-04 06:00,261,해남,-2.9,99,0.0,0,,1021.7,1023.8,,,0,0,0.2
2024-01-04 07:00,261,해남,-3.4,98,0.9,70,,1022.1,1024.2,,,0,0,0.0
2024-01-04 08:00,261,해남,-3.2,99,0.0,0,,1022.8,1024.9,0.0,,0,0,-0.1
2024-01-04 09:00,261,해남,-1.2,98,0.4,0,,1023.4,1025.5,1.0,,0,0,0.5
2024-01-04 10:00,261,해남,2.9,87,0.0,0,,1023.9,1026.0,1.0,,0,0,1.7
2024-01-04 11:00,261,해남,6.1,67,0.6,140,,1023.6,1025.6,1.0,,0,0,5.9
2024-01-04 12:00,261,해남,7.5,57,1.8,250,,1022.9,1024.9,1.0,,0,0,12.4
2024-01-04 13:00,261,해남,8.1,59,3.7,250,,1022.1,1024.1,1.0,,1,0,14.3
2024-01-04 14:00,261,해남,8.9,55,2.4,230,,1021.5,1023.5,1.0,,1,0,15.3
2024-01-04 15:00,261,해남,9.1,57,2.2,270,,1021.1,1023.1,1.0,,1,1,13.6
2024-01-04 16:00,261,해남,8.4,57,2.6,270,,1021.1,1023.1,1.0,,0,0,9.8
2024-01-04 17:00,261,해남,7.5,61,1.1,250,,1021.3,1023.3,1.0,,0,0,7.2
2024-01-04 18:00,261,해남,4.4,80,0.1,0,,1021.3,1023.3,0.1,,0,0,4.9
2024-01-04 19:00,261,해남,2.0,92,0.0,0,,1021.3,1023.4,,,3,3,3.6
2024-01-04 20:00,261,해남,1.1,95,1.1,90,,1021.3,1023.4,,,0,0,2.7
2024-01-04 21:00,261,해남,0.6,96,0.4,0,,1021.7,1023.8,,,0,0,1.9
2024-01-04 22:00,261,해남,-0.2,97,0.2,0,,1021.5,1023.6,,,0,0,1.5
2024-01-04 23:00,261,해남,-1.1,98,0.2,0,,1021.4,1023.5,,,0,0,1.4
2024-01-05 00:00,261,해남,-1.2,98,0.0,0,,1021.1,1023.2,,,0,0,1.1
2024-01-05 01:00,261,해남,-1.5,98,0.8,90,,1020.9,1023.0,,,0,0,1.0
2024-01-05 02:00,261,해남,-1.8,99,0.3,0,,1020.8,1022.9,,,0,0,0.8
2024-01-05 03:00,261,해남,-1.0,99,0.3,0,,1020.9,1023.0,,,0,0,0.8
2024-01-05 04:00,261,해남,-1.5,98,0.0,0,,1020.9,1023.0,,,0,0,0.8
2024-01-05 05:00,261,해남,-0.4,99,0.1,0,,1020.8,1022.9,,,10,7,1.6
2024-01-05 06:00,261,해남,-0.1,99,0.5,90,,1020.7,1022.8,,,9,8,1.9
2024-01-05 07:00,261,해남,0.7,97,0.4,0,,1020.9,1023.0,,,9,6,2.8
2024-01-05 08:00,261,해남,2.0,97,0.2,0,,1021.1,1023.2,0.0,,9,9,3.2
2024-01-05 09:00,261,해남,3.6,97,0.4,0,,1021.4,1023.5,0.1,,9,7,4.2
2024-01-05 10:00,261,해남,7.7,91,1.0,70,,1021.6,1023.6,0.4,,8,8,7.5
2024-01-05 11:00,261,해남,11.6,66,1.3,270,,1021.5,1023.5,0.3,,7,7,10.5
2024-01-05 12:00,261,해남,12.3,63,2.7,270,,1020.5,1022.5,1.0,,6,1,14.1
2024-01-05 13:00,261,해남,12.6,57,3.3,270,,1019.7,1021.7,1.0,,7,6,15.2
2024-01-05 14:00,261,해남,13.7,53,2.8,320,,1018.8,1020.8,0.8,,6,1,17.0
2024-01-05 15:00,261,해남,12.7,57,3.8,270,,1018.4,1020.4,0.7,,7,7,14.6
2024-01-05 16:00,261,해남,12.3,58,2.7,290,,1018.3,1020.3,0.5,,6,4,12.4
2024-01-05 17:00,261,해남,11.1,61,1.9,360,,1018.5,1020.5,0.0,,6,6,10.0
2024-01-05 18:00,261,해남,9.5,66,1.1,340,,1019.1,1021.1,0.0,,7,3,7.2
2024-01-05 19:00,261,해남,6.8,80,0.3,0,,1019.1,1021.1,,,1,0,5.5
2024-01-05 20:00,261,해남,5.3,87,0.0,0,,1019.5,1021.5,,,0,0,4.5
2024-01-05 21:00,261,해남,2.7,94,0.0,0,,1019.7,1021.8,,,0,0,3.8
2024-01-05 22:00,261,해남,1.7,97,0.0,0,,1019.8,1021.9,,,0,0,3.2
2024-01-05 23:00,261,해남,1.1,98,0.1,0,,1019.8,1021.9,,,1,0,2.9
2024-01-06 00:00,261,해남,1.4,99,0.3,0,,1019.9,1022.0,,,6,0,2.9
2024-01-06 01:00,261,해남,0.9,99,0.3,0,,1019.9,1022.0,,,8,0,2.5
2024-01-06 02:00,261,해남,1.4,98,0.0,0,,1019.7,1021.8,,,2,0,2.1
2024-01-06 03:00,261,해남,5.3,86,3.0,340,,1019.6,1021.6,,,0,0,2.5
2024-01-06 04:00,261,해남,4.1,92,2.7,290,,1019.7,1021.7,,,0,0,2.5
2024-01-06 05:00,261,해남,3.5,91,1.1,290,,1019.7,1021.8,,,4,0,2.4
2024-01-06 06:00,261,해남,4.5,78,3.6,360,,1019.9,1021.9,,,5,1,2.2
2024-01-06 07:00,261,해남,4.1,77,3.7,340,,1020.7,1022.7,,,0,0,2.1
2024-01-06 08:00,261,해남,3.1,83,1.8,340,,1021.1,1023.2,0.0,,0,0,1.8
2024-01-06 09:00,261,해남,4.6,75,2.2,360,,1021.6,1023.6,1.0,,0,0,2.8
2024-01-06 10:00,261,해남,5.1,71,3.7,20,,1021.8,1023.8,1.0,,0,0,3.6
2024-01-06 11:00,261,해남,6.2,63,2.4,50,,1021.5,1023.5,1.0,,0,0,7.0
2024-01-06 12:00,261,해남,7.1,55,1.1,20,,1020.6,1022.6,1.0,,0,0,13.5
2024-01-06 13:00,261,해남,8.0,53,3.7,290,,1020.2,1022.2,1.0,,0,0,15.8
2024-01-06 14:00,261,해남,8.2,50,4.9,270,,1019.9,1021.9,1.0,,6,0,16.0
2024-01-06 15:00,261,해남,7.4,51,3.6,290,,1020.1,1022.1,0.9,,8,1,13.0
2024-01-06 16:00,261,해남,6.6,55,3.2,290,,1020.2,1022.2,0.5,,6,0,8.9
2024-01-06 17:00,261,해남,5.6,59,3.4,320,,1020.7,1022.7,0.4,,5,0,6.2
2024-01-06 18:00,261,해남,4.4,65,3.1,320,,1021.6,1023.6,0.1,,4,1,4.2
2024-01-06 19:00,261,해남,3.6,70,2.1,290,,1022.0,1024.1,,,6,0,3.4
2024-01-06 20:00,261,해남,1.9,81,0.2,0,,1022.3,1024.4,,,0,0,2.4
2024-01-06 21:00,261,해남,0.8,87,0.0,0,,1022.5,1024.6,,,0,0,1.6
2024-01-06 22:00,261,해남,-0.9,93,0.0,0,,1022.6,1024.7,,,0,0,1.2
2024-01-06 23:00,261,해남,-1.8,94,0.0,0,,1022.8,1024.9,,,0,0,1.1
2024-01-07 00:00,261,해남,-2.0,97,0.0,0,,1022.9,1025.0,,,1,1,0.7
2024-01-07 01:00,261,해남,-2.5,97,0.0,0,,1022.7,1024.8,,,0,0,0.4
2024-01-07 02:00,261,해남,0.9,87,0.7,340,,1022.8,1024.9,,,2,2,1.5
2024-01-07 03:00,261,해남,3.2,71,1.9,270,0.0,1022.9,1025.0,,,9,9,2.6
2024-01-07 04:00,261,해남,3.4,56,1.6,290,,1022.7,1024.8,,,3,3,1.6
2024-01-07 05:00,261,해남,3.3,56,2.4,270,,1022.7,1024.8,,,6,2,1.3
2024-01-07 06:00,261,해남,3.4,55,2.7,270,,1022.7,1024.8,,,9,8,2.2
2024-01-07 07:00,261,해남,3.4,55,2.0,250,,1023.3,1025.4,,,9,9,2.4
2024-01-07 08:00,261,해남,3.0,59,2.3,270,,1023.9,1026.0,0.0,,6,6,1.9
2024-01-07 09:00,261,해남,3.5,62,4.0,270,,1024.6,1026.7,0.8,,8,7,3.1
2024-01-07 10:00,261,해남,2.5,72,2.3,50,,1025.5,1027.6,0.1,,9,8,4.5
2024-01-07 11:00,261,해남,3.1,50,3.1,20,,1025.6,1027.7,0.9,,7,7,7.4
2024-01-07 12:00,261,해남,4.4,48,3.1,360,0.0,1025.2,1027.3,0.9,,4,2,12.2
2024-01-07 13:00,261,해남,3.8,51,3.2,340,,1024.8,1026.9,0.9,,7,3,11.7
2024-01-07 14:00,261,해남,2.9,56,2.4,340,,1024.5,1026.6,0.3,,7,7,8.8
2024-01-07 15:00,261,해남,2.9,56,3.1,270,,1024.4,1026.5,0.7,,7,7,8.3
2024-01-07 16:00,261,해남,2.6,61,4.4,270,,1024.9,1027.0,0.9,,5,2,5.7
2024-01-07 17:00,261,해남,2.3,62,1.6,110,,1025.3,1027.4,0.7,,4,3,4.4
2024-01-07 18:00,261,해남,1.1,77,1.5,200,,1025.7,1027.8,0.0,,9,9,3.5
2024-01-07 19:00,261,해남,0.7,77,1.9,360,,1026.5,1028.6,,,8,8,2.7
2024-01-07 20:00,261,해남,0.3,78,0.7,340,,1026.6,1028.7,,,7,4,1.7
2024-01-07 21:00,261,해남,0.0,76,2.2,360,,1026.7,1028.8,,,7,2,1.6
2024-01-07 22:00,261,해남,0.0,72,2.5,20,,1026.8,1028.9,,,0,0,1.0
2024-01-07 23:00,261,해남,-0.4,63,2.1,20,,1027.2,1029.3,,,0,0,0.2
2024-01-08 00:00,261,해남,-0.9,59,1.1,360,,1027.4,1029.5,,,0,0,-0.1
2024-01-08 01:00,261,해남,-1.2,63,2.0,360,,1027.3,1029.4,,,0,0,-0.2
2024-01-08 02:00,261,해남,-3.0,75,0.1,0,,1027.3,1029.4,,,0,0,-0.3
2024-01-08 03:00,261,해남,-3.2,76,0.4,0,,1027.3,1029.4,,,0,0,-0.4
2024-01-08 04:00,261,해남,-4.4,83,1.1,250,,1026.7,1028.8,,,0,0,-0.5
2024-01-08 05:00,261,해남,-5.0,84,0.1,0,,1026.7,1028.8,,,0,0,-0.7
2024-01-08 06:00,261,해남,-5.2,86,0.4,0,,1026.9,1029.0,,,0,0,-0.9
2024-01-08 07:00,261,해남,-5.6,85,0.2,0,,1026.9,1029.0,,,0,0,-1.0
2024-01-08 08:00,261,해남,-5.7,92,0.1,0,,1027.0,1029.1,0.0,,0,0,-1.1
2024-01-08 09:00,261,해남,-2.3,76,0.0,0,,1027.5,1029.6,1.0,,0,0,-0.6
2024-01-08 10:00,261,해남,0.5,60,0.9,70,,1027.5,1029.6,1.0,,0,0,-0.3
2024-01-08 11:00,261,해남,1.8,56,2.2,20,,1026.8,1028.9,1.0,,0,0,0.3
2024-01-08 12:00,261,해남,2.5,52,2.2,20,,1025.8,1027.9,1.0,,0,0,10.4
2024-01-08 13:00,261,해남,3.6,52,1.1,360,,1024.9,1027.0,1.0,,0,0,14.9
2024-01-08 14:00,261,해남,3.2,48,3.4,290,,1024.3,1026.4,1.0,,0,0,14.7
2024-01-08 15:00,261,해남,3.9,49,2.6,270,,1024.3,1026.4,1.0,,1,0,12.8
2024-01-08 16:00,261,해남,3.2,53,1.8,290,,1024.1,1026.2,0.9,,0,0,6.9
2024-01-08 17:00,261,해남,2.3,58,1.9,320,,1024.4,1026.5,0.2,,6,0,4.4
2024-01-08 18:00,261,해남,0.8,68,0.8,290,,1024.6,1026.7,0.0,,7,0,2.3
2024-01-08 19:00,261,해남,-1.5,81,0.1,0,,1024.8,1026.9,,,0,0,0.9
2024-01-08 20:00,261,해남,-2.3,87,0.0,0,,1024.5,1026.6,,,0,0,0.2
2024-01-08 21:00,261,해남,-3.1,91,0.0,0,,1024.0,1026.1,,,2,0,-0.2
2024-01-08 22:00,261,해남,-3.5,93,0.0,0,,1023.7,1025.8,,,0,0,-0.3
2024-01-08 23:00,261,해남,-4.4,95,0.0,0,,1023.3,1025.4,,,0,0,-0.4
2024-01-09 00:00,261,해남,-3.9,96,0.0,0,,1023.1,1025.2,,,7,3,-0.2
2024-01-09 01:00,261,해남,-3.5,94,0.0,0,,1022.2,1024.3,,,7,7,-0.3
2024-01-09 02:00,261,해남,-3.9,95,0.0,0,,1021.8,1023.9,,,0,0,-0.5
2024-01-09 03:00,261,해남,-4.7,96,0.0,0,,1021.9,1024.0,,,0,0,-0.6
2024-01-09 04:00,261,해남,-3.9,96,0.0,0,,1021.9,1024.0,,,8,8,-0.3
2024-01-09 05:00,261,해남,-3.8,96,0.0,0,,1021.6,1023.7,,,7,6,-0.5
2024-01-09 06:00,261,해남,-2.9,97,0.9,50,,1021.3,1023.4,,,8,4,-0.2
2024-01-09 07:00,261,해남,-2.3,96,0.0,0,,1020.7,1022.8,,,9,9,-0.1
2024-01-09 08:00,261,해남,-1.4,94,0.1,0,,1020.4,1022.5,0.0,,9,5,0.2
2024-01-09 09:00,261,해남,0.2,91,0.1,0,,1020.3,1022.4,0.0,,9,3,2.4
2024-01-09 10:00,261,해남,2.1,80,0.0,0,,1020.3,1022.4,0.0,,8,4,4.9
2024-01-09 11:00,261,해남,3.8,77,0.0,0,,1020.1,1022.1,0.0,,9,9,5.4
2024-01-09 12:00,261,해남,4.1,77,0.1,0,0.0,1019.4,1021.4,0.0,,10,10,5.4
2024-01-09 13:00,261,해남,4.4,83,0.1,0,,1018.1,1020.1,0.0,,10,8,5.5
2024-01-09 14:00,261,해남,5.9,88,0.3,0,,1016.7,1018.7,0.0,,10,5,6.7
2024-01-09 15:00,261,해남,7.4,81,1.5,90,0.0,1016.1,1018.1,0.0,,10,9,7.8
2024-01-09 16:00,261,해남,7.5,84,0.1,0,,1015.6,1017.6,0.0,,10,9,7.5
2024-01-09 17:00,261,해남,6.8,86,1.3,70,,1015.2,1017.2,0.0,,9,9,6.2
2024-01-09 18:00,261,해남,6.7,89,1.3,110,0.0,1015.4,1017.4,0.0,,3,3,5.7
2024-01-09 19:00,261,해남,5.6,98,0.1,0,,1015.6,1017.6,,,10,10,5.5
2024-01-09 20:00,261,해남,5.5,99,1.6,290,,1015.8,1017.8,,,9,5,5.5
2024-01-09 21:00,261,해남,4.7,99,2.3,270,1.2,1015.9,1017.9,,,7,3,5.4
2024-01-09 22:00,261,해남,3.9,99,0.0,0,,1015.7,1017.7,,,8,2,3.8
2024-01-09 23:00,261,해남,3.6,99,0.2,0,,1015.6,1017.6,,,8,4,4.2
2024-01-10 00:00,261,해남,3.7,99,0.4,0,,1015.4,1017.4,,,8,8,4.6
2024-01-10 01:00,261,해남,4.2,99,2.9,320,,1015.8,1017.8,,,8,6,4.6
2024-01-10 02:00,261,해남,4.6,97,1.0,360,,1016.2,1018.2,,,8,8,4.8
2024-01-10 03:00,261,해남,4.1,91,1.1,360,,1016.7,1018.7,,,7,7,4.2
2024-01-10 04:00,261,해남,3.9,84,1.9,50,,1016.5,1018.5,,,7,7,3.8
2024-01-10 05:00,261,해남,3.3,84,2.2,360,,1016.7,1018.7,,,8,8,3.7
2024-01-10 06:00,261,해남,3.3,80,3.3,360,,1016.9,1018.9,,,10,8,3.7
2024-01-10 07:00,261,해남,2.7,81,1.1,340,,1017.2,1019.3,,,9,1,2.6
2024-01-10 08:00,261,해남,2.8,75,4.2,340,,1017.8,1019.9,0.0,,7,1,1.9
2024-01-10 09:00,261,해남,2.8,74,2.7,360,,1018.6,1020.7,0.7,,1,1,2.6
2024-01-10 10:00,261,해남,3.5,71,3.3,360,,1019.5,1021.6,1.0,,0,0,3.5
2024-01-10 11:00,261,해남,4.5,61,2.0,360,,1019.4,1021.4,1.0,,1,0,6.5
2024-01-10 12:00,261,해남,5.0,59,3.0,340,,1018.8,1020.8,1.0,,0,0,12.0
2024-01-10 13:00,261,해남,5.8,60,3.5,320,,1018.1,1020.1,1.0,,2,0,14.0
2024-01-10 14:00,261,해남,5.6,53,4.2,290,,1018.1,1020.1,1.0,,1,0,13.6
2024-01-10 15:00,261,해남,5.3,53,3.5,320,,1018.2,1020.2,1.0,,0,0,12.2
2024-01-10 16:00,261,해남,4.8,58,6.6,290,,1018.5,1020.5,1.0,,1,0,7.7
2024-01-10 17:00,261,해남,3.7,62,4.9,290,,1018.9,1020.9,1.0,,0,0,4.7
2024-01-10 18:00,261,해남,2.5,67,1.9,290,,1019.8,1021.9,0.4,,0,0,2.9
2024-01-10 19:00,261,해남,1.8,72,0.8,360,,1020.6,1022.7,,,0,0,2.3
2024-01-10 20:00,261,해남,1.4,72,1.1,340,,1020.7,1022.8,,,0,0,1.4
2024-01-10 21:00,261,해남,0.6,75,1.3,160,,1020.7,1022.8,,,0,0,0.7
2024-01-10 22:00,261,해남,0.9,71,1.2,20,,1020.7,1022.8,,,0,0,0.5
2024-01-10 23:00,261,해남,-1.3,80,1.0,230,,1020.8,1022.9,,,0,0,0.0
2024-01-11 00:00,261,해남,-1.8,84,1.0,270,,1020.3,1022.4,,,0,0,-0.2
2024-01-11 01:00,261,해남,-3.9,92,0.9,160,,1020.5,1022.6,,,0,0,-0.3
2024-01-11 02:00,261,해남,-3.1,91,0.6,180,,1020.5,1022.6,,,0,0,-0.5
2024-01-11 03:00,261,해남,-3.8,93,0.3,0,,1020.0,1022.1,,,0,0,-0.6
2024-01-11 04:00,261,해남,-2.9,91,0.8,250,,1020.2,1022.3,,,0,0,-0.7
2024-01-11 05:00,261,해남,-3.5,93,1.1,250,,1020.2,1022.3,,,0,0,-0.8
2024-01-11 06:00,261,해남,-3.7,92,0.5,230,,1020.3,1022.4,,,0,0,-0.8
2024-01-11 07:00,261,해남,-4.1,94,0.3,0,,1020.2,1022.3,,,0,0,-0.9
2024-01-11 08:00,261,해남,-4.9,96,0.1,0,,1020.1,1022.2,0.0,,4,0,-0.9
2024-01-11 09:00,261,해남,-1.9,92,0.2,0,,1020.1,1022.2,1.0,,0,0,-0.4
2024-01-11 10:00,261,해남,1.6,81,1.9,270,,1020.5,1022.6,0.9,,7,2,-0.1
2024-01-11 11:00,261,해남,4.2,65,2.4,270,,1020.3,1022.3,0.7,,7,7,3.8
2024-01-11 12:00,261,해남,4.9,61,3.1,320,,1019.5,1021.5,0.3,,8,8,8.1
2024-01-11 13:00,261,해남,5.3,60,2.0,290,,1018.3,1020.3,0.5,,4,4,10.3
2024-01-11 14:00,261,해남,7.0,57,3.4,250,,1017.4,1019.4,1.0,,1,1,14.8
2024-01-11 15:00,261,해남,8.0,56,3.7,270,,1017.2,1019.2,1.0,,0,0,13.5
2024-01-11 16:00,261,해남,6.3,62,2.7,290,,1017.4,1019.4,0.5,,4,2,6.7
2024-01-11 17:00,261,해남,6.6,62,1.4,290,,1017.0,1019.0,0.5,,6,6,6.3
2024-01-11 18:00,261,해남,6.2,66,1.5,290,,1017.2,1019.2,0.0,,9,9,5.1
2024-01-11 19:00,261,해남,5.6,69,0.9,270,,1017.0,1019.0,,,7,7,3.8
2024-01-11 20:00,261,해남,2.9,82,0.1,0,,1016.9,1019.0,,,0,0,1.4
2024-01-11 21:00,261,해남,0.4,92,0.0,0,,1016.9,1019.0,,,0,0,0.5
2024-01-11 22:00,261,해남,-0.8,96,0.3,0,,1017.2,1019.3,,,6,0,0.3
2024-01-11 23:00,261,해남,0.2,95,0.0,0,,1017.1,1019.2,,,9,9,2.1
2024-01-12 00:00,261,해남,0.5,96,0.5,50,,1017.0,1019.1,,,9,8,2.2
2024-01-12 01:00,261,해남,0.7,96,0.0,0,,1017.0,1019.1,,,9,8,2.6
2024-01-12 02:00,261,해남,1.3,95,0.0,0,,1016.8,1018.9,,,9,9,2.8
2024-01-12 03:00,261,해남,1.7,95,0.0,0,,1016.8,1018.9,,,9,9,3.2
2024-01-12 04:00,261,해남,2.0,95,0.2,0,,1016.5,1018.6,,,9,9,3.3
2024-01-12 05:00,261,해남,2.2,95,0.2,0,,1016.4,1018.5,,,9,3,3.3
2024-01-12 06:00,261,해남,3.2,91,0.6,250,,1016.7,1018.7,,,9,1,3.4
2024-01-12 07:00,261,해남,5.5,83,1.7,250,,1016.8,1018.8,,,9,0,3.1
2024-01-12 08:00,261,해남,2.8,93,0.5,270,,1017.1,1019.2,0.0,,0,0,1.7
2024-01-12 09:00,261,해남,5.1,88,0.9,320,,1017.5,1019.5,0.3,,0,0,3.0
2024-01-12 10:00,261,해남,7.7,74,1.5,290,,1017.9,1019.9,1.0,,0,0,5.4
2024-01-12 11:00,261,해남,9.0,65,1.4,320,,1018.0,1020.0,1.0,,1,0,9.4
2024-01-12 12:00,261,해남,8.7,65,3.4,290,,1017.7,1019.7,1.0,,0,0,13.5
2024-01-12 13:00,261,해남,9.7,60,3.0,290,,1017.3,1019.3,1.0,,2,0,15.6
2024-01-12 14:00,261,해남,9.7,45,4.1,290,,1017.0,1019.0,1.0,,0,0,15.0
2024-01-12 15:00,261,해남,10.2,45,3.4,290,,1016.9,1018.9,1.0,,0,0,14.0
2024-01-12 16:00,261,해남,9.4,46,3.0,290,,1017.1,1019.1,1.0,,0,0,10.1
2024-01-12 17:00,261,해남,8.0,55,3.0,290,,1017.5,1019.5,1.0,,0,0,6.6
2024-01-12 18:00,261,해남,6.3,58,2.0,320,,1018.0,1020.0,0.4,,0,0,4.1
2024-01-12 19:00,261,해남,5.3,67,4.2,340,,1018.9,1020.9,,,0,0,3.2
2024-01-12 20:00,261,해남,4.9,52,4.4,320,,1019.3,1021.3,,,0,0,2.2
2024-01-12 21:00,261,해남,4.4,39,3.2,320,,1019.7,1021.7,,,0,0,1.2
2024-01-12 22:00,261,해남,3.7,39,2.1,340,,1020.0,1022.0,,,0,0,0.6
2024-01-12 23:00,261,해남,1.9,52,1.2,320,,1020.4,1022.5,,,0,0,0.1
2024-01-13 00:00,261,해남,2.2,53,2.3,320,,1020.4,1022.5,,,0,0,-0.1
2024-01-13 01:00,261,해남,2.6,58,2.1,360,,1020.5,1022.6,,,0,0,-0.1
2024-01-13 02:00,261,해남,1.4,62,2.1,320,,1020.6,1022.7,,,0,0,-0.2
2024-01-13 03:00,261,해남,0.6,67,1.5,290,,1021.0,1023.1,,,0,0,-0.3
2024-01-13 04:00,261,해남,0.0,62,1.2,320,,1021.1,1023.2,,,0,0,-0.4
2024-01-13 05:00,261,해남,-2.5,77,0.9,230,,1021.3,1023.4,,,0,0,-0.7
2024-01-13 06:00,261,해남,-3.6,84,0.5,230,,1021.7,1023.8,,,0,0,-0.9
2024-01-13 07:00,261,해남,-3.9,84,0.2,0,,1022.5,1024.6,,,0,0,-1.1
2024-01-13 08:00,261,해남,-4.0,83,0.3,0,,1023.4,1025.5,0.0,,0,0,-1.2
2024-01-13 09:00,261,해남,-0.5,71,0.2,0,,1024.0,1026.1,1.0,,0,0,-0.6
2024-01-13 10:00,261,해남,4.4,49,1.3,320,,1024.9,1027.0,1.0,,2,0,-0.2
2024-01-13 11:00,261,해남,6.0,43,1.3,270,,1025.1,1027.1,1.0,,0,0,3.9
2024-01-13 12:00,261,해남,6.9,41,1.8,340,,1024.4,1026.4,1.0,,1,0,13.5
2024-01-13 13:00,261,해남,7.1,43,2.9,290,,1024.0,1026.0,1.0,,0,0,15.4
2024-01-13 14:00,261,해남,7.9,44,4.1,290,,1023.9,1025.9,1.0,,0,0,15.6
2024-01-13 15:00,261,해남,7.9,46,3.3,290,,1023.9,1025.9,1.0,,0,0,14.0
2024-01-13 16:00,261,해남,7.6,48,3.1,290,,1023.8,1025.8,1.0,,0,0,9.7
2024-01-13 17:00,261,해남,6.7,53,2.5,320,,1023.8,1025.8,1.0,,0,0,5.9
2024-01-13 18:00,261,해남,4.1,64,0.9,20,,1024.0,1026.1,0.5,,0,0,3.1
2024-01-13 19:00,261,해남,2.7,74,0.5,140,,1024.3,1026.4,,,0,0,1.1
2024-01-13 20:00,261,해남,-0.8,88,1.5,140,,1025.2,1027.3,,,0,0,0.3
2024-01-13 21:00,261,해남,-1.0,88,0.2,0,,1025.1,1027.2,,,0,0,-0.3
2024-01-13 22:00,261,해남,-2.5,94,0.4,0,,1024.8,1026.9,,,0,0,-0.5
2024-01-13 23:00,261,해남,-2.7,95,0.1,0,,1024.3,1026.4,,,0,0,-0.7
2024-01-14 00:00,261,해남,-3.2,96,0.5,70,,1024.2,1026.3,,,0,0,-0.9
2024-01-14 01:00,261,해남,-3.5,97,0.1,0,,1024.0,1026.1,,,0,0,-1.1
2024-01-14 02:00,261,해남,-4.5,95,1.0,110,,1023.5,1025.6,,,0,0,-1.1
2024-01-14 03:00,261,해남,-3.0,92,0.7,90,,1023.3,1025.4,,,0,0,-1.1
2024-01-14 04:00,261,해남,-1.3,88,0.2,0,,1023.0,1025.1,,,0,0,-1.0
2024-01-14 05:00,261,해남,-1.6,94,0.4,0,,1022.8,1024.9,,,0,0,-1.0
2024-01-14 06:00,261,해남,-2.7,91,0.4,0,,1022.2,1024.3,,,0,0,-1.0
2024-01-14 07:00,261,해남,-3.1,93,0.2,0,,1022.0,1024.1,,,0,0,-1.0
2024-01-14 08:00,261,해남,-1.9,94,0.7,90,,1021.9,1024.0,0.0,,0,0,-0.8
2024-01-14 09:00,261,해남,1.4,93,0.7,90,,1022.1,1024.2,0.8,,0,0,-0.3
2024-01-14 10:00,261,해남,11.0,73,0.7,320,,1022.0,1024.0,1.0,,0,0,0.0
2024-01-14 11:00,261,해남,13.5,64,2.1,230,,1021.5,1023.5,1.0,,1,0,9.2
2024-01-14 12:00,261,해남,14.4,62,5.6,250,,1020.6,1022.6,0.9,,4,1,15.2
2024-01-14 13:00,261,해남,14.8,57,7.2,230,,1019.6,1021.6,1.0,,5,0,17.5
2024-01-14 14:00,261,해남,14.8,61,5.8,230,,1018.7,1020.7,1.0,,0,0,17.6
2024-01-14 15:00,261,해남,14.1,67,5.0,230,,1018.4,1020.4,0.9,,8,4,14.6
2024-01-14 16:00,261,해남,13.3,74,3.7,230,,1017.8,1019.8,0.1,,9,9,11.4
2024-01-14 17:00,261,해남,13.0,77,2.8,250,,1017.9,1019.9,0.0,,9,7,10.1
2024-01-14 18:00,261,해남,12.8,79,3.2,230,,1017.8,1019.8,0.0,,8,6,9.6
2024-01-14 19:00,261,해남,7.5,91,4.2,320,,1019.0,1021.0,,,9,8,7.9
2024-01-14 20:00,261,해남,6.7,86,3.7,340,,1019.7,1021.7,,,9,3,6.7
2024-01-14 21:00,261,해남,6.3,82,2.1,290,0.0,1020.0,1022.0,,,9,3,6.1
2024-01-14 22:00,261,해남,5.5,84,3.2,320,,1020.5,1022.5,,,9,2,5.2
2024-01-14 23:00,261,해남,4.5,80,3.3,320,,1020.9,1022.9,,,10,10,4.7
2024-01-15 00:00,261,해남,3.4,79,4.8,290,,1021.4,1023.5,,,0,0,2.9
2024-01-15 01:00,261,해남,2.7,77,1.4,340,,1021.7,1023.8,,,7,7,2.6
2024-01-15 02:00,261,해남,2.0,74,3.5,320,,1022.2,1024.3,,,7,2,1.1
2024-01-15 03:00,261,해남,1.6,74,1.5,340,,1022.9,1025.0,,,7,5,0.8
2024-01-15 04:00,261,해남,1.4,71,1.9,50,,1023.1,1025.2,,,9,8,0.8
2024-01-15 05:00,261,해남,0.8,71,1.6,320,,1023.3,1025.4,,,0,0,-0.2
2024-01-15 06:00,261,해남,0.5,71,1.9,340,,1024.1,1026.2,,,0,0,-0.2
2024-01-15 07:00,261,해남,0.0,74,0.9,250,,1024.9,1027.0,,,0,0,-0.5
2024-01-15 08:00,261,해남,0.1,73,0.8,160,,1025.7,1027.8,0.0,,0,0,-0.6
2024-01-15 09:00,261,해남,1.0,68,2.0,20,,1026.5,1028.6,1.0,,0,0,-0.2
2024-01-15 10:00,261,해남,2.2,66,1.6,50,,1027.1,1029.2,1.0,,0,0,0.5
2024-01-15 11:00,261,해남,3.8,60,2.1,360,,1027.3,1029.4,1.0,,1,0,7.1
2024-01-15 12:00,261,해남,4.1,54,1.5,340,,1026.7,1028.8,1.0,,0,0,14.3
2024-01-15 13:00,261,해남,4.3,49,2.0,340,,1025.9,1028.0,1.0,,0,0,16.7
2024-01-15 14:00,261,해남,4.5,52,4.3,290,,1025.4,1027.5,1.0,,0,0,15.9
2024-01-15 15:00,261,해남,4.9,51,4.0,320,,1025.4,1027.5,1.0,,0,0,13.9
2024-01-15 16:00,261,해남,4.0,44,5.6,290,,1026.3,1028.4,1.0,,0,0,8.5
2024-01-15 17:00,261,해남,3.3,55,2.9,320,,1026.5,1028.6,1.0,,0,0,4.3
2024-01-15 18:00,261,해남,1.7,56,2.2,290,,1027.7,1029.8,0.5,,0,0,1.5
2024-01-15 19:00,261,해남,1.5,55,5.0,320,,1028.0,1030.1,,,0,0,0.4
2024-01-15 20:00,261,해남,1.0,55,4.2,340,,1028.6,1030.7,,,0,0,-0.2
2024-01-15 21:00,261,해남,1.0,52,4.0,340,,1028.8,1030.9,,,0,0,-0.6
2024-01-15 22:00,261,해남,0.9,55,5.7,360,,1028.7,1030.8,,,0,0,-0.8
2024-01-15 23:00,261,해남,0.6,59,4.2,360,,1028.7,1030.8,,,0,0,-0.9
2024-01-16 00:00,261,해남,0.4,60,3.8,360,,1028.3,1030.4,,,0,0,-1.1
2024-01-16 01:00,261,해남,0.8,53,4.5,360,,1027.8,1029.9,,,0,0,-0.9
2024-01-16 02:00,261,해남,0.4,53,3.6,360,,1028.4,1030.5,,,0,0,-1.0
2024-01-16 03:00,261,해남,0.2,60,3.5,360,,1028.9,1031.0,,,0,0,-0.9
2024-01-16 04:00,261,해남,0.0,63,3.1,360,,1029.0,1031.1,,,0,0,-1.0
2024-01-16 05:00,261,해남,-0.4,62,2.1,340,,1029.0,1031.1,,,0,0,-1.2
2024-01-16 06:00,261,해남,-2.3,68,3.1,270,,1029.6,1031.7,,,0,0,-1.4
2024-01-16 07:00,261,해남,-2.8,69,1.7,270,,1030.1,1032.2,,,0,0,-1.6
2024-01-16 08:00,261,해남,-4.3,79,0.8,70,,1029.9,1032.0,0.0,,0,0,-1.9
2024-01-16 09:00,261,해남,-1.2,69,0.4,0,,1030.5,1032.6,1.0,,0,0,-1.0
2024-01-16 10:00,261,해남,2.0,51,0.6,140,,1031.4,1033.5,1.0,,6,0,-0.4
2024-01-16 11:00,261,해남,3.8,46,1.2,230,,1031.4,1033.5,1.0,,0,0,3.6
2024-01-16 12:00,261,해남,5.8,38,1.4,270,,1030.2,1032.3,1.0,,4,4,14.2
2024-01-16 13:00,261,해남,6.5,37,3.0,270,,1029.6,1031.6,0.9,,6,6,13.0
2024-01-16 14:00,261,해남,8.0,33,3.0,270,,1029.4,1031.4,1.0,,8,6,17.2
2024-01-16 15:00,261,해남,8.1,33,2.6,290,,1029.3,1031.3,1.0,,7,7,14.6
2024-01-16 16:00,261,해남,7.2,36,2.5,290,,1029.6,1031.6,0.4,,9,9,9.7
2024-01-16 17:00,261,해남,6.7,38,0.5,320,,1029.8,1031.8,0.1,,10,9,7.2
2024-01-16 18:00,261,해남,5.2,54,1.2,70,,1030.0,1032.1,0.0,,9,9,5.3
2024-01-16 19:00,261,해남,4.0,59,0.7,290,,1030.7,1032.8,,,8,8,3.8
2024-01-16 20:00,261,해남,2.4,69,0.4,0,,1030.5,1032.6,,,7,7,2.6
2024-01-16 21:00,261,해남,2.8,69,1.3,50,,1030.3,1032.4,,,7,7,2.1
2024-01-16 22:00,261,해남,2.5,74,0.9,70,,1029.9,1032.0,,,8,8,3.2
2024-01-16 23:00,261,해남,4.5,61,1.1,20,,1029.7,1031.8,,,10,10,3.7
2024-01-17 00:00,261,해남,5.7,59,1.0,50,,1029.2,1031.3,,,10,10,4.0
2024-01-17 01:00,261,해남,4.8,72,1.1,50,,1029.0,1031.1,,,9,9,4.0
2024-01-17 02:00,261,해남,6.0,69,1.5,50,,1027.9,1030.0,,,7,7,2.9
2024-01-17 03:00,261,해남,6.2,74,1.5,50,,1027.8,1029.8,,,3,3,3.4
2024-01-17 04:00,261,해남,7.1,72,1.8,20,,1027.7,1029.7,,,10,2,4.0
2024-01-17 05:00,261,해남,6.2,77,1.6,50,,1026.9,1028.9,,,9,7,4.0
2024-01-17 06:00,261,해남,5.5,79,0.5,90,,1026.7,1028.8,,,9,9,4.2
2024-01-17 07:00,261,해남,6.1,79,0.5,20,,1026.9,1028.9,,,10,3,4.5
2024-01-17 08:00,261,해남,6.1,82,0.7,70,,1026.9,1028.9,0.0,,9,9,4.9
2024-01-17 09:00,261,해남,7.6,74,1.6,50,,1026.7,1028.7,0.0,,9,2,5.7
2024-01-17 10:00,261,해남,9.2,72,1.5,50,,1026.6,1028.6,0.0,,9,2,7.3
2024-01-17 11:00,261,해남,9.1,81,3.6,110,,1025.5,1027.5,0.0,,10,0,7.7
2024-01-17 12:00,261,해남,9.2,83,4.5,110,0.7,1024.1,1026.1,0.0,,9,9,8.4
2024-01-17 13:00,261,해남,10.2,78,2.3,110,,1023.2,1025.2,0.0,,9,9,9.4
2024-01-17 14:00,261,해남,11.4,75,1.8,50,,1022.0,1024.0,0.0,,9,3,11.1
2024-01-17 15:00,261,해남,11.6,75,2.4,90,,1021.5,1023.5,0.0,,9,3,10.2
2024-01-17 16:00,261,해남,12.8,72,1.5,90,,1021.3,1023.3,0.1,,9,3,12.9
2024-01-17 17:00,261,해남,13.0,70,0.7,90,,1020.7,1022.7,0.9,,7,1,10.6
2024-01-17 18:00,261,해남,10.3,80,1.1,160,,1020.8,1022.8,0.0,,9,1,7.8
2024-01-17 19:00,261,해남,9.6,85,0.8,90,,1021.1,1023.1,,,9,8,7.7
2024-01-17 20:00,261,해남,9.9,85,0.4,0,,1020.9,1022.9,,,10,8,7.8
2024-01-17 21:00,261,해남,9.6,89,0.7,20,,1020.8,1022.8,,,9,7,7.6
2024-01-17 22:00,261,해남,8.6,92,0.2,0,,1020.6,1022.6,,,9,0,6.9
2024-01-17 23:00,261,해남,8.4,94,0.4,0,,1019.9,1021.9,,,9,2,7.2
2024-01-18 00:00,261,해남,10.5,96,0.3,0,,1019.5,1021.5,,,8,5,7.6
2024-01-18 01:00,261,해남,10.2,92,0.6,270,,1019.5,1021.5,,,10,6,8.0
2024-01-18 02:00,261,해남,13.3,91,1.9,230,,1019.2,1021.2,,,10,7,8.8
2024-01-18 03:00,261,해남,13.5,90,2.5,230,0.0,1019.1,1021.1,,,10,5,9.8
2024-01-18 04:00,261,해남,12.5,94,3.3,270,,1018.9,1020.9,,,10,10,10.2
2024-01-18 05:00,261,해남,11.6,97,2.9,270,,1018.7,1020.7,,,9,9,9.8
2024-01-18 06:00,261,해남,10.4,96,1.3,290,1.1,1019.1,1021.1,,,10,10,9.0
2024-01-18 07:00,261,해남,10.2,95,1.2,270,,1019.4,1021.4,,,9,9,8.6
2024-01-18 08:00,261,해남,9.4,98,1.8,320,,1019.9,1021.9,0.0,,8,8,8.6
2024-01-18 09:00,261,해남,9.4,97,1.6,270,,1020.3,1022.3,0.0,,7,7,9.0
2024-01-18 10:00,261,해남,9.7,96,1.4,290,,1020.5,1022.5,0.0,,10,8,10.3
2024-01-18 11:00,261,해남,9.3,95,2.5,270,,1020.5,1022.5,0.0,,9,9,9.7
2024-01-18 12:00,261,해남,7.9,96,2.8,290,0.3,1020.3,1022.3,0.0,,10,8,9.3
2024-01-18 13:00,261,해남,7.3,96,2.7,320,,1019.6,1021.6,0.0,,10,9,10.0
2024-01-18 14:00,261,해남,7.0,96,2.0,290,,1019.2,1021.2,0.0,,10,9,9.8
2024-01-18 15:00,261,해남,6.7,94,2.2,290,0.1,1018.8,1020.8,0.0,,10,10,8.9
2024-01-18 16:00,261,해남,6.7,95,2.6,290,,1019.4,1021.4,0.0,,10,10,8.3
2024-01-18 17:00,261,해남,6.2,95,2.1,290,,1019.9,1021.9,0.0,,10,10,7.5
2024-01-18 18:00,261,해남,6.1,94,0.9,250,0.5,1020.5,1022.5,0.0,,10,10,7.1
2024-01-18 19:00,261,해남,6.1,94,0.4,0,,1020.4,1022.4,,,10,10,6.9
2024-01-18 20:00,261,해남,5.8,93,1.4,270,,1020.9,1022.9,,,10,9,6.7
2024-01-18 21:00,261,해남,6.0,95,0.7,290,0.1,1021.7,1023.7,,,10,9,6.7
2024-01-18 22:00,261,해남,5.9,97,0.0,0,,1022.0,1024.0,,,10,1,6.8
2024-01-18 23:00,261,해남,5.8,97,0.2,0,,1021.9,1023.9,,,10,1,6.8
2024-01-19 00:00,261,해남,5.6,99,1.1,250,0.3,1021.8,1023.8,,,9,9,6.6
2024-01-19 01:00,261,해남,5.7,99,0.2,0,,1021.8,1023.8,,,10,1,6.7
2024-01-19 02:00,261,해남,5.8,99,0.6,290,,1021.9,1023.9,,,10,1,6.7
2024-01-19 03:00,261,해남,7.9,98,3.8,70,1.1,1022.3,1024.3,,,8,1,7.0
2024-01-19 04:00,261,해남,7.7,91,4.5,70,,1021.9,1023.9,,,8,1,7.0
2024-01-19 05:00,261,해남,7.7,86,5.6,90,,1021.8,1023.8,,,9,1,6.9
2024-01-19 06:00,261,해남,7.8,84,5.9,70,0.0,1022.1,1024.1,,,9,1,6.9
2024-01-19 07:00,261,해남,7.6,84,5.8,70,,1022.8,1024.8,,,8,8,6.8
2024-01-19 08:00,261,해남,7.3,86,5.6,70,,1023.3,1025.3,0.0,,8,3,6.7
2024-01-19 09:00,261,해남,7.2,86,5.2,70,,1023.8,1025.8,0.0,,9,4,7.3
2024-01-19 10:00,261,해남,7.2,85,5.2,90,,1024.0,1026.0,0.0,,9,4,7.8
2024-01-19 11:00,261,해남,7.0,86,4.9,90,,1024.3,1026.3,0.0,,10,10,7.6
2024-01-19 12:00,261,해남,6.7,89,6.2,90,0.9,1023.7,1025.7,0.0,,10,10,8.4
2024-01-19 13:00,261,해남,7.2,88,4.9,90,,1022.8,1024.8,0.0,,9,9,9.7
2024-01-19 14:00,261,해남,7.3,86,5.6,90,,1022.3,1024.3,0.0,,10,9,9.4
2024-01-19 15:00,261,해남,7.6,82,6.0,90,1.1,1021.8,1023.8,0.0,,10,8,9.5
2024-01-19 16:00,261,해남,7.3,82,5.3,90,,1022.1,1024.1,0.0,,9,9,8.2
2024-01-19 17:00,261,해남,7.3,81,4.4,90,,1022.6,1024.6,0.0,,10,9,7.5
2024-01-19 18:00,261,해남,7.4,77,5.2,90,0.1,1022.4,1024.4,0.0,,10,10,6.9
2024-01-19 19:00,261,해남,7.4,75,6.0,70,,1022.7,1024.7,,,9,9,6.6
2024-01-19 20:00,261,해남,7.5,74,5.1,90,,1022.6,1024.6,,,8,2,6.4
2024-01-19 21:00,261,해남,7.6,72,6.2,90,,1022.7,1024.7,,,9,1,6.3
2024-01-19 22:00,261,해남,7.6,74,5.2,90,,1022.9,1024.9,,,8,5,6.3
2024-01-19 23:00,261,해남,7.8,74,4.8,70,,1023.0,1025.0,,,8,8,6.3
2024-01-20 00:00,261,해남,7.9,75,6.9,70,0.0,1022.8,1024.8,,,9,9,6.4
2024-01-20 01:00,261,해남,8.1,73,6.6,90,,1022.1,1024.1,,,9,9,6.3
2024-01-20 02:00,261,해남,8.2,74,7.0,90,,1021.8,1023.8,,,10,10,6.4
2024-01-20 03:00,261,해남,8.3,72,7.5,90,,1021.2,1023.2,,,10,9,6.4
2024-01-20 04:00,261,해남,8.4,72,7.4,90,,1020.3,1022.3,,,10,10,6.5
2024-01-20 05:00,261,해남,7.8,78,7.9,90,,1019.8,1021.8,,,10,10,6.5
2024-01-20 06:00,261,해남,7.6,82,6.9,90,0.4,1019.7,1021.7,,,10,10,6.5
2024-01-20 07:00,261,해남,7.4,85,6.5,90,,1019.5,1021.5,,,10,10,6.5
2024-01-20 08:00,261,해남,7.4,85,6.9,90,,1019.2,1021.2,0.0,,10,1,6.5
2024-01-20 09:00,261,해남,7.4,84,7.8,90,1.9,1019.4,1021.4,0.0,,10,1,6.7
2024-01-20 10:00,261,해남,7.4,85,7.8,90,,1019.5,1021.5,0.0,,10,2,6.9
2024-01-20 11:00,261,해남,7.6,86,6.9,90,,1019.0,1021.0,0.0,,10,2,7.5
2024-01-20 12:00,261,해남,7.5,88,5.9,90,4.8,1018.0,1020.0,0.0,,10,5,7.8
2024-01-20 13:00,261,해남,7.4,90,6.9,90,,1016.8,1018.8,0.0,,10,5,7.5
2024-01-20 14:00,261,해남,7.6,88,7.6,90,,1015.8,1017.8,0.0,,10,1,7.7
2024-01-20 15:00,261,해남,7.4,90,5.4,70,6.7,1015.8,1017.8,0.0,,9,2,7.8
2024-01-20 16:00,261,해남,7.0,89,5.8,90,,1016.2,1018.2,0.0,,10,4,7.4
2024-01-20 17:00,261,해남,6.9,90,5.3,70,,1016.0,1018.0,0.0,,10,4,7.0
2024-01-20 18:00,261,해남,6.7,91,4.5,70,3.5,1016.5,1018.5,0.0,,10,5,6.7
2024-01-20 19:00,261,해남,6.4,95,4.0,90,,1017.0,1019.0,,,10,6,6.5
2024-01-20 20:00,261,해남,6.4,94,3.5,90,,1017.5,1019.5,,,10,7,6.5
2024-01-20 21:00,261,해남,6.3,96,3.9,90,5.8,1017.7,1019.7,,,9,9,6.4
2024-01-20 22:00,261,해남,6.4,95,0.6,50,,1018.0,1020.0,,,9,9,6.4
2024-01-20 23:00,261,해남,6.2,98,1.6,270,,1018.5,1020.5,,,8,1,6.3
2024-01-21 00:00,261,해남,5.9,99,0.4,0,1.1,1018.5,1020.5,,,5,5,6.3
2024-01-21 01:00,261,해남,5.7,99,0.2,0,,1018.7,1020.7,,,7,6,6.3
2024-01-21 02:00,261,해남,5.6,99,0.3,0,,1019.2,1021.2,,,0,0,6.3
2024-01-21 03:00,261,해남,5.5,99,0.1,0,,1019.4,1021.4,,,4,4,6.2
2024-01-21 04:00,261,해남,5.3,99,0.4,0,,1019.7,1021.7,,,9,4,6.1
2024-01-21 05:00,261,해남,5.4,97,0.9,270,,1020.1,1022.1,,,10,9,6.1
2024-01-21 06:00,261,해남,5.4,98,0.2,0,0.2,1020.5,1022.5,,,8,8,6.1
2024-01-21 07:00,261,해남,5.5,99,0.8,290,,1021.1,1023.1,,,0,0,6.1
2024-01-21 08:00,261,해남,5.7,95,1.4,290,,1021.9,1023.9,0.0,,1,1,6.1
2024-01-21 09:00,261,해남,5.7,95,2.1,290,,1022.5,1024.5,0.0,,8,8,6.7
2024-01-21 10:00,261,해남,5.9,92,2.2,270,,1023.2,1025.2,0.0,,7,7,7.3
2024-01-21 11:00,261,해남,6.3,89,2.2,270,,1023.0,1025.0,0.0,,9,9,9.6
2024-01-21 12:00,261,해남,6.5,86,1.7,290,,1022.7,1024.7,0.0,,9,9,9.7
2024-01-21 13:00,261,해남,6.8,85,2.2,290,,1022.4,1024.4,0.0,,8,8,9.7
2024-01-21 14:00,261,해남,6.7,82,4.5,290,,1022.4,1024.4,0.0,,8,8,8.7
2024-01-21 15:00,261,해남,6.5,81,4.3,290,,1022.6,1024.6,0.0,,10,7,9.4
2024-01-21 16:00,261,해남,6.2,79,1.8,340,,1023.3,1025.3,0.0,,10,7,8.4
2024-01-21 17:00,261,해남,5.7,79,1.8,20,,1024.0,1026.0,0.0,,9,7,7.3
2024-01-21 18:00,261,해남,5.3,78,1.8,360,,1024.5,1026.6,0.0,,9,9,6.3
2024-01-21 19:00,261,해남,5.1,80,2.4,20,,1024.8,1026.9,,,10,10,5.8
2024-01-21 20:00,261,해남,4.7,82,2.7,20,,1025.1,1027.2,,,4,4,5.5
2024-01-21 21:00,261,해남,4.4,81,3.5,20,0.1,1025.6,1027.7,,,8,8,5.1
2024-01-21 22:00,261,해남,4.0,78,3.6,20,,1025.7,1027.8,,,9,9,4.9
2024-01-21 23:00,261,해남,3.3,75,3.1,340,,1026.1,1028.2,,,10,10,4.3
2024-01-22 00:00,261,해남,2.8,75,2.3,320,,1026.3,1028.4,,,10,10,3.9
2024-01-22 01:00,261,해남,2.3,73,2.8,320,,1026.8,1028.9,,,10,10,3.5
2024-01-22 02:00,261,해남,1.9,68,3.1,270,,1026.7,1028.8,,,10,10,2.7
2024-01-22 03:00,261,해남,1.4,68,3.1,290,,1027.0,1029.1,,,10,10,2.4
2024-01-22 04:00,261,해남,0.9,69,3.7,290,,1026.9,1029.0,,,0,0,1.9
2024-01-22 05:00,261,해남,0.4,72,3.6,320,,1026.1,1028.2,,,10,10,1.7
2024-01-22 06:00,261,해남,-0.1,76,2.6,340,,1026.6,1028.7,,,10,8,1.6
2024-01-22 07:00,261,해남,-0.6,69,2.8,290,,1026.7,1028.8,,,10,7,0.6
2024-01-22 08:00,261,해남,-1.0,70,3.7,270,,1026.8,1028.9,0.0,,9,4,0.3
2024-01-22 09:00,261,해남,-1.5,74,3.2,270,,1027.2,1029.3,0.2,,7,2,0.8
2024-01-22 10:00,261,해남,-1.5,76,2.9,270,,1027.9,1030.0,0.6,,9,5,2.6
2024-01-22 11:00,261,해남,-0.3,62,5.7,290,,1027.5,1029.6,0.5,,9,9,4.2
2024-01-22 12:00,261,해남,-0.7,57,2.9,320,,1027.0,1029.1,0.9,,8,3,7.4
2024-01-22 13:00,261,해남,-1.5,66,4.3,270,,1026.5,1028.6,0.7,,8,6,6.1
2024-01-22 14:00,261,해남,-0.7,60,5.1,270,,1025.9,1028.0,0.6,,10,6,6.5
2024-01-22 15:00,261,해남,-2.0,85,5.3,290,,1025.9,1028.0,0.5,,10,9,3.7
2024-01-22 16:00,261,해남,-2.0,78,2.3,250,,1026.1,1028.2,0.2,,10,8,4.0
2024-01-22 17:00,261,해남,-2.4,73,2.7,110,,1026.6,1028.7,0.1,,10,9,2.3
2024-01-22 18:00,261,해남,-2.6,74,2.4,20,0.0,1027.2,1029.3,0.0,,8,8,1.0
2024-01-22 19:00,261,해남,-2.3,64,2.1,360,,1027.3,1029.4,,,7,7,0.1
2024-01-22 20:00,261,해남,-2.6,65,1.6,50,,1027.5,1029.6,,,9,4,0.0
2024-01-22 21:00,261,해남,-2.5,69,2.4,360,,1027.7,1029.8,,,10,9,-0.2
2024-01-22 22:00,261,해남,-3.3,84,2.8,20,,1027.7,1029.8,,,10,8,-0.2
2024-01-22 23:00,261,해남,-3.1,79,2.1,340,,1027.0,1029.1,,,9,1,0.1
2024-01-23 00:00,261,해남,-3.1,76,3.3,270,0.4,1026.1,1028.2,,,10,1,0.5
2024-01-23 01:00,261,해남,-3.3,76,3.7,250,,1026.3,1028.4,,,9,1,1.0
2024-01-23 02:00,261,해남,-3.1,74,3.0,320,,1026.7,1028.8,,,9,1,0.9
2024-01-23 03:00,261,해남,-3.5,84,2.2,180,0.2,1027.0,1029.1,,,10,1,1.3
2024-01-23 04:00,261,해남,-3.5,79,3.2,290,,1026.1,1028.2,,,10,1,1.3
2024-01-23 05:00,261,해남,-3.5,75,4.1,290,,1026.1,1028.2,,,10,1,0.9
2024-01-23 06:00,261,해남,-3.7,78,2.1,270,0.1,1026.1,1028.2,,,9,1,0.9
2024-01-23 07:00,261,해남,-3.6,76,3.8,270,,1026.3,1028.4,,,8,8,0.5
2024-01-23 08:00,261,해남,-3.8,81,2.2,360,,1026.5,1028.6,0.0,,8,8,1.0
2024-01-23 09:00,261,해남,-4.0,86,3.3,270,0.1,1026.7,1028.8,0.0,,8,8,1.5
2024-01-23 10:00,261,해남,-2.9,77,2.8,250,,1026.8,1028.9,0.3,,7,7,1.8
2024-01-23 11:00,261,해남,-1.7,64,4.5,290,,1026.6,1028.7,0.6,,8,6,3.6
2024-01-23 12:00,261,해남,-1.9,67,4.1,290,0.1,1026.0,1028.1,0.2,,8,8,5.1
2024-01-23 13:00,261,해남,-1.9,69,4.4,270,,1024.7,1026.8,0.0,,8,8,2.9
2024-01-23 14:00,261,해남,-3.1,89,5.1,270,,1024.1,1026.2,0.0,,10,8,0.5
2024-01-23 15:00,261,해남,-3.0,90,4.1,270,1.0,1023.9,1026.0,0.0,,9,2,1.3
2024-01-23 16:00,261,해남,-3.0,84,4.3,290,,1023.5,1025.6,0.3,,8,1,1.4
2024-01-23 17:00,261,해남,-3.3,90,4.0,270,,1023.5,1025.6,0.0,,8,1,1.1
2024-01-23 18:00,261,해남,-3.2,86,3.6,290,0.9,1024.0,1026.1,0.0,,7,1,1.2
2024-01-23 19:00,261,해남,-3.4,84,3.8,270,,1023.9,1026.0,,,8,1,1.2
2024-01-23 20:00,261,해남,-3.3,88,6.1,290,,1024.3,1026.4,,,7,1,1.3
2024-01-23 21:00,261,해남,-3.4,90,5.5,270,0.7,1024.6,1026.7,,,8,1,1.2
2024-01-23 22:00,261,해남,-3.2,90,3.0,250,,1024.6,1026.7,,,9,1,1.1
2024-01-23 23:00,261,해남,-3.0,86,3.4,230,,1024.8,1026.9,,,8,1,1.1
2024-01-24 00:00,261,해남,-2.9,88,3.1,270,0.5,1024.5,1026.6,,,6,1,1.1
2024-01-24 01:00,261,해남,-2.6,82,2.1,270,,1023.7,1025.8,,,6,1,1.1
2024-01-24 02:00,261,해남,-1.7,74,3.6,290,,1023.7,1025.8,,,8,1,1.1
2024-01-24 03:00,261,해남,-2.3,87,4.5,290,0.0,1023.9,1026.0,,,9,1,1.1
2024-01-24 04:00,261,해남,-2.3,89,2.8,140,,1023.8,1025.9,,,9,1,0.9
2024-01-24 05:00,261,해남,-2.3,85,3.4,340,,1024.1,1026.2,,,9,1,0.9
2024-01-24 06:00,261,해남,-3.2,88,2.4,250,0.7,1024.3,1026.4,,,9,1,0.9
2024-01-24 07:00,261,해남,-2.9,88,2.6,290,,1024.2,1026.3,,,9,2,0.9
2024-01-24 08:00,261,해남,-2.5,90,3.0,270,,1024.5,1026.6,0.0,,9,1,0.9
2024-01-24 09:00,261,해남,-1.7,87,3.4,270,0.2,1024.9,1027.0,0.1,,8,3,0.9
2024-01-24 10:00,261,해남,-0.4,82,4.0,290,,1025.1,1027.2,0.2,,9,1,0.9
2024-01-24 11:00,261,해남,-0.6,83,3.3,50,,1025.4,1027.5,0.0,,9,2,0.9
2024-01-24 12:00,261,해남,-0.4,77,2.1,70,0.2,1025.6,1027.7,0.1,,10,1,0.9
2024-01-24 13:00,261,해남,-0.2,77,2.1,340,,1024.8,1026.9,0.5,,9,8,0.9
2024-01-24 14:00,261,해남,0.0,61,3.3,20,,1024.4,1026.5,0.6,,7,7,0.9
2024-01-24 15:00,261,해남,0.2,62,3.0,50,,1024.3,1026.4,0.9,,7,7,0.8
2024-01-24 16:00,261,해남,0.1,62,2.2,320,,1024.6,1026.7,0.6,,7,7,0.8
2024-01-24 17:00,261,해남,-0.1,66,2.7,20,,1024.9,1027.0,0.4,,9,9,0.9
2024-01-24 18:00,261,해남,-0.6,68,2.5,20,,1025.1,1027.2,0.0,,6,6,0.9
2024-01-24 19:00,261,해남,-0.7,66,2.3,70,,1026.0,1028.1,,,8,8,1.0
2024-01-24 20:00,261,해남,-0.6,66,2.1,360,,1025.8,1027.9,,,8,8,1.1
2024-01-24 21:00,261,해남,-0.5,64,2.6,230,,1026.0,1028.1,,,8,8,1.3
2024-01-24 22:00,261,해남,-0.3,64,2.4,340,,1026.1,1028.2,,,8,8,1.5
2024-01-24 23:00,261,해남,-0.5,64,1.7,140,,1026.6,1028.7,,,9,9,1.6
2024-01-25 00:00,261,해남,-0.6,64,2.8,70,,1026.6,1028.7,,,8,8,1.7
2024-01-25 01:00,261,해남,-0.9,65,2.8,340,,1026.2,1028.3,,,9,9,1.8
2024-01-25 02:00,261,해남,-1.2,65,1.7,20,,1026.5,1028.6,,,9,9,1.9
2024-01-25 03:00,261,해남,-1.3,65,2.2,340,,1026.9,1029.0,,,9,9,1.9
2024-01-25 04:00,261,해남,-1.4,65,1.6,320,,1026.9,1029.0,,,9,9,1.9
2024-01-25 05:00,261,해남,-1.9,68,1.3,20,,1026.7,1028.8,,,9,9,2.1
2024-01-25 06:00,261,해남,-2.7,74,0.9,270,,1026.7,1028.8,,,9,9,2.1
2024-01-25 07:00,261,해남,-3.0,77,1.7,290,,1027.5,1029.6,,,9,9,2.1
2024-01-25 08:00,261,해남,-3.3,76,2.1,270,,1027.9,1030.0,0.0,,9,5,2.1
2024-01-25 09:00,261,해남,-2.7,73,1.9,270,,1028.2,1030.3,0.1,,10,8,2.2
2024-01-25 10:00,261,해남,-1.0,70,2.9,270,,1028.5,1030.6,0.8,,8,1,2.2
2024-01-25 11:00,261,해남,0.3,65,1.9,290,,1028.7,1030.8,1.0,,6,0,2.6
2024-01-25 12:00,261,해남,1.8,62,1.3,360,,1027.9,1030.0,1.0,,5,1,3.0
2024-01-25 13:00,261,해남,1.9,57,3.4,340,,1027.3,1029.4,1.0,,3,1,5.8
2024-01-25 14:00,261,해남,2.6,59,4.6,290,,1026.6,1028.7,1.0,,2,0,8.2
2024-01-25 15:00,261,해남,2.3,58,5.5,320,,1026.8,1028.9,1.0,,0,0,9.4
2024-01-25 16:00,261,해남,2.2,60,4.5,270,,1026.9,1029.0,1.0,,0,0,7.5
2024-01-25 17:00,261,해남,1.7,60,2.0,290,,1027.6,1029.7,1.0,,1,0,3.9
2024-01-25 18:00,261,해남,0.7,66,1.4,340,,1028.0,1030.1,0.1,,9,4,1.9
2024-01-25 19:00,261,해남,0.9,65,1.0,290,,1028.5,1030.6,,,9,9,1.8
2024-01-25 20:00,261,해남,0.9,67,1.7,50,,1028.2,1030.3,,,9,9,2.1
2024-01-25 21:00,261,해남,1.0,68,2.2,340,,1028.8,1030.9,,,9,9,1.7
2024-01-25 22:00,261,해남,1.0,69,1.1,250,,1028.9,1031.0,,,9,9,1.7
2024-01-25 23:00,261,해남,1.2,66,0.9,50,,1028.8,1030.9,,,9,9,1.6
2024-01-26 00:00,261,해남,1.0,66,2.7,20,,1028.7,1030.8,,,3,3,0.3
2024-01-26 01:00,261,해남,0.5,67,1.6,340,,1028.4,1030.5,,,0,0,-0.2
2024-01-26 02:00,261,해남,0.1,71,1.5,320,,1028.6,1030.7,,,3,0,0.0
2024-01-26 03:00,261,해남,0.7,68,2.7,340,,1028.3,1030.4,,,10,8,0.4
2024-01-26 04:00,261,해남,0.2,71,1.4,290,,1028.0,1030.1,,,10,10,0.7
2024-01-26 05:00,261,해남,-0.1,73,2.8,290,,1028.0,1030.1,,,10,10,0.8
2024-01-26 06:00,261,해남,-0.3,75,2.8,270,,1027.9,1030.0,,,9,9,0.9
2024-01-26 07:00,261,해남,-0.2,76,2.2,290,,1028.1,1030.2,,,9,9,1.0
2024-01-26 08:00,261,해남,-0.9,78,0.9,250,,1028.3,1030.4,0.0,,0,0,0.1
2024-01-26 09:00,261,해남,0.1,70,3.0,290,,1028.9,1031.0,0.6,,9,6,1.5
2024-01-26 10:00,261,해남,2.2,67,2.3,270,,1028.8,1030.9,0.6,,2,2,2.1
2024-01-26 11:00,261,해남,4.1,63,2.2,270,,1028.7,1030.8,1.0,,1,0,6.6
2024-01-26 12:00,261,해남,5.1,58,3.3,270,,1028.2,1030.3,1.0,,0,0,12.3
2024-01-26 13:00,261,해남,6.0,57,4.1,290,,1027.3,1029.3,1.0,,1,1,14.7
2024-01-26 14:00,261,해남,6.5,54,5.0,270,,1026.9,1028.9,1.0,,6,3,14.0
2024-01-26 15:00,261,해남,6.2,55,4.9,320,,1027.1,1029.1,1.0,,4,1,12.9
2024-01-26 16:00,261,해남,5.6,58,3.9,290,,1027.2,1029.3,0.7,,4,1,8.7
2024-01-26 17:00,261,해남,5.0,59,2.1,290,,1027.3,1029.4,0.3,,3,0,5.3
2024-01-26 18:00,261,해남,4.4,62,1.6,340,,1027.6,1029.7,0.5,,0,0,3.4
2024-01-26 19:00,261,해남,2.9,71,1.0,340,,1027.6,1029.7,,,0,0,2.2
2024-01-26 20:00,261,해남,2.7,69,1.0,320,,1027.6,1029.7,,,0,0,1.3
2024-01-26 21:00,261,해남,2.4,68,1.6,320,,1027.5,1029.6,,,0,0,0.8
2024-01-26 22:00,261,해남,0.9,79,1.5,270,,1027.7,1029.8,,,0,0,0.2
2024-01-26 23:00,261,해남,0.7,78,1.2,320,,1027.9,1030.0,,,0,0,0.2
2024-01-27 00:00,261,해남,-1.3,89,0.9,230,,1027.8,1029.9,,,0,0,0.0
2024-01-27 01:00,261,해남,-2.0,95,0.0,0,,1027.5,1029.6,,,0,0,-0.3
2024-01-27 02:00,261,해남,-3.1,97,0.5,230,,1027.3,1029.4,,,0,0,-0.7
2024-01-27 03:00,261,해남,-3.0,97,1.2,50,,1027.0,1029.1,,,0,0,-1.0
2024-01-27 04:00,261,해남,-3.8,97,0.0,0,,1026.9,1029.0,,,0,0,-1.6
2024-01-27 05:00,261,해남,-4.3,98,0.3,0,,1026.7,1028.8,,,0,0,-1.6
2024-01-27 06:00,261,해남,-4.4,97,0.5,110,,1026.8,1028.9,,,0,0,-1.7
2024-01-27 07:00,261,해남,-4.5,97,0.4,0,,1027.1,1029.2,,,0,0,-1.9
2024-01-27 08:00,261,해남,-4.5,97,0.1,0,,1027.4,1029.5,0.0,,0,0,-2.0
2024-01-27 09:00,261,해남,-2.4,96,0.1,0,,1027.8,1029.9,0.8,,2,0,-0.4
2024-01-27 10:00,261,해남,1.5,86,0.4,0,,1027.8,1029.9,1.0,,4,0,0.0
2024-01-27 11:00,261,해남,5.4,64,1.9,270,,1027.8,1029.9,1.0,,5,0,2.6
2024-01-27 12:00,261,해남,6.1,53,4.2,290,,1027.0,1029.0,1.0,,2,0,9.3
2024-01-27 13:00,261,해남,6.8,54,3.2,320,,1025.8,1027.8,0.8,,2,1,13.9
2024-01-27 14:00,261,해남,7.6,51,3.3,290,,1025.0,1027.0,1.0,,0,0,15.1
2024-01-27 15:00,261,해남,7.6,53,3.3,290,,1024.7,1026.7,1.0,,0,0,14.1
2024-01-27 16:00,261,해남,6.8,55,2.8,290,,1024.1,1026.1,1.0,,0,0,10.8
2024-01-27 17:00,261,해남,5.6,61,3.5,270,,1024.6,1026.6,0.9,,0,0,5.9
2024-01-27 18:00,261,해남,4.4,65,2.3,320,,1025.2,1027.3,0.5,,0,0,3.4
2024-01-27 19:00,261,해남,3.4,67,1.1,360,,1024.9,1027.0,,,0,0,1.9
2024-01-27 20:00,261,해남,2.6,72,1.5,270,,1025.0,1027.1,,,8,7,2.1
2024-01-27 21:00,261,해남,2.7,71,1.1,290,,1025.1,1027.2,,,10,9,2.4
2024-01-27 22:00,261,해남,3.0,65,2.6,320,,1024.7,1026.8,,,10,10,2.2
2024-01-27 23:00,261,해남,1.8,77,2.5,270,,1025.4,1027.5,,,9,9,1.8
2024-01-28 00:00,261,해남,1.6,77,1.5,290,,1025.7,1027.8,,,8,5,1.9
2024-01-28 01:00,261,해남,2.0,71,1.6,290,,1025.1,1027.2,,,9,2,1.8
2024-01-28 02:00,261,해남,1.7,73,2.1,290,,1025.2,1027.3,,,9,2,1.3
2024-01-28 03:00,261,해남,1.0,80,1.4,290,,1025.5,1027.6,,,8,7,1.4
2024-01-28 04:00,261,해남,2.3,69,2.1,320,,1025.3,1027.4,,,8,7,1.7
2024-01-28 05:00,261,해남,2.5,73,3.5,20,,1025.2,1027.3,,,7,4,2.1
2024-01-28 06:00,261,해남,2.3,80,1.6,340,,1025.4,1027.5,,,9,9,2.4
2024-01-28 07:00,261,해남,1.8,73,2.1,20,,1026.2,1028.3,,,0,0,0.3
2024-01-28 08:00,261,해남,1.2,68,2.5,360,,1027.1,1029.2,0.0,,0,0,0.0
2024-01-28 09:00,261,해남,2.7,60,1.0,360,,1027.5,1029.6,1.0,,0,0,1.0
2024-01-28 10:00,261,해남,3.8,61,1.5,270,,1028.1,1030.2,1.0,,0,0,2.3
2024-01-28 11:00,261,해남,4.4,59,3.6,290,,1028.5,1030.6,1.0,,0,0,7.8
2024-01-28 12:00,261,해남,5.6,54,3.8,290,,1028.1,1030.2,1.0,,4,1,13.1
2024-01-28 13:00,261,해남,6.3,50,2.0,20,,1027.6,1029.6,0.9,,6,6,15.4
2024-01-28 14:00,261,해남,6.2,48,4.5,290,,1027.0,1029.0,0.8,,3,3,14.6
2024-01-28 15:00,261,해남,6.2,50,4.9,290,,1026.7,1028.7,1.0,,0,0,13.8
2024-01-28 16:00,261,해남,5.8,54,5.9,290,,1027.4,1029.5,1.0,,0,0,10.4
2024-01-28 17:00,261,해남,4.9,55,3.8,290,,1028.1,1030.2,1.0,,1,0,5.6
2024-01-28 18:00,261,해남,3.4,58,3.0,290,,1028.4,1030.5,0.6,,0,0,2.7
2024-01-28 19:00,261,해남,2.4,63,1.7,290,,1029.0,1031.1,,,0,0,1.3
2024-01-28 20:00,261,해남,2.2,64,1.3,320,,1029.3,1031.4,,,0,0,0.6
2024-01-28 21:00,261,해남,0.0,76,1.1,290,,1029.4,1031.5,,,0,0,0.1
2024-01-28 22:00,261,해남,-1.3,81,0.6,270,,1029.5,1031.6,,,0,0,-0.3
2024-01-28 23:00,261,해남,-1.8,82,0.9,230,,1029.8,1031.9,,,0,0,-0.7
2024-01-29 00:00,261,해남,-2.8,89,1.0,90,,1029.4,1031.5,,,0,0,-1.1
2024-01-29 01:00,261,해남,-3.4,94,0.6,160,,1029.3,1031.4,,,0,0,-1.3
2024-01-29 02:00,261,해남,-3.9,94,0.3,0,,1029.2,1031.3,,,0,0,-1.8
2024-01-29 03:00,261,해남,-4.1,96,0.0,0,,1029.6,1031.7,,,0,0,-2.2
2024-01-29 04:00,261,해남,-4.7,96,0.0,0,,1029.6,1031.7,,,0,0,-2.2
2024-01-29 05:00,261,해남,-5.0,97,0.0,0,,1029.4,1031.5,,,0,0,-2.4
2024-01-29 06:00,261,해남,-5.3,96,0.5,50,,1029.6,1031.7,,,0,0,-2.3
2024-01-29 07:00,261,해남,-5.3,96,0.2,0,,1029.9,1032.0,,,0,0,-2.6
2024-01-29 08:00,261,해남,-5.6,96,0.0,0,,1030.3,1032.4,0.0,,0,0,-2.3
2024-01-29 09:00,261,해남,-2.1,93,0.2,0,,1030.4,1032.5,1.0,,0,0,-1.0
2024-01-29 10:00,261,해남,2.3,75,1.0,230,,1030.5,1032.6,1.0,,0,0,-0.3
2024-01-29 11:00,261,해남,4.6,61,1.8,290,,1030.4,1032.5,1.0,,0,0,2.3
2024-01-29 12:00,261,해남,4.7,53,2.3,20,,1029.8,1031.9,1.0,,0,0,13.8
2024-01-29 13:00,261,해남,5.8,52,1.9,360,,1029.5,1031.6,1.0,,0,0,16.5
2024-01-29 14:00,261,해남,5.7,51,2.8,320,,1028.8,1030.9,1.0,,0,0,16.4
2024-01-29 15:00,261,해남,6.3,48,3.7,290,,1028.6,1030.6,1.0,,0,0,14.5
2024-01-29 16:00,261,해남,6.2,48,4.0,290,,1028.3,1030.3,1.0,,0,0,11.3
2024-01-29 17:00,261,해남,5.7,51,3.5,290,,1028.3,1030.4,1.0,,0,0,6.3
2024-01-29 18:00,261,해남,3.6,57,1.8,320,,1028.9,1031.0,0.6,,0,0,2.8
2024-01-29 19:00,261,해남,2.6,60,3.6,320,,1028.8,1030.9,,,0,0,1.3
2024-01-29 20:00,261,해남,1.0,70,0.6,200,,1029.3,1031.4,,,3,0,0.3
2024-01-29 21:00,261,해남,-0.6,77,0.7,160,,1029.4,1031.5,,,5,4,-0.2
2024-01-29 22:00,261,해남,-1.2,82,1.1,250,,1029.6,1031.7,,,0,0,-0.6
2024-01-29 23:00,261,해남,-2.4,87,0.6,290,,1029.5,1031.6,,,0,0,-1.1
2024-01-30 00:00,261,해남,-3.5,92,0.2,0,,1029.6,1031.7,,,0,0,-1.5
2024-01-30 01:00,261,해남,-4.2,94,0.4,0,,1029.4,1031.5,,,0,0,-1.9
2024-01-30 02:00,261,해남,-4.0,96,0.3,0,,1029.0,1031.1,,,0,0,-2.1
2024-01-30 03:00,261,해남,-5.0,95,0.2,0,,1028.7,1030.8,,,0,0,-2.4
2024-01-30 04:00,261,해남,-5.0,96,0.6,20,,1028.3,1030.4,,,0,0,-2.5
2024-01-30 05:00,261,해남,-5.3,96,0.1,0,,1028.4,1030.5,,,9,3,-2.3
2024-01-30 06:00,261,해남,-4.8,96,0.5,70,,1028.1,1030.2,,,8,8,-1.7
2024-01-30 07:00,261,해남,-4.4,95,0.7,70,,1028.6,1030.7,,,6,6,-1.6
2024-01-30 08:00,261,해남,-4.7,96,0.3,0,,1028.7,1030.8,0.0,,6,5,-2.0
2024-01-30 09:00,261,해남,-2.8,94,0.0,0,,1028.7,1030.8,0.6,,2,0,-1.1
2024-01-30 10:00,261,해남,2.0,78,0.2,0,,1028.3,1030.4,1.0,,0,0,-0.4
2024-01-30 11:00,261,해남,6.2,54,1.4,250,,1028.0,1030.0,1.0,,0,0,2.8
2024-01-30 12:00,261,해남,9.6,35,0.8,160,,1027.3,1029.3,1.0,,0,0,15.3
2024-01-30 13:00,261,해남,8.8,39,2.1,160,,1026.2,1028.2,0.5,,9,2,11.6
2024-01-30 14:00,261,해남,9.0,38,2.8,140,,1025.4,1027.4,0.0,,9,4,10.7
2024-01-30 15:00,261,해남,8.9,52,2.9,140,,1025.1,1027.1,0.0,,9,4,10.7
2024-01-30 16:00,261,해남,8.7,57,3.2,90,,1025.2,1027.2,0.0,,9,4,9.6
2024-01-30 17:00,261,해남,8.2,63,2.5,110,,1025.3,1027.3,0.0,,9,8,7.4
2024-01-30 18:00,261,해남,7.3,70,1.7,90,0.0,1025.4,1027.4,0.0,,9,7,5.9
2024-01-30 19:00,261,해남,6.1,83,2.0,90,,1025.3,1027.3,0.0,,10,5,5.4
2024-01-30 20:00,261,해남,5.7,82,2.4,50,,1025.0,1027.0,,,10,5,5.2
2024-01-30 21:00,261,해남,6.2,78,3.7,50,0.5,1024.4,1026.4,,,9,3,5.1
2024-01-30 22:00,261,해남,5.8,85,2.4,50,,1024.3,1026.3,,,9,6,5.2
2024-01-30 23:00,261,해남,5.5,87,2.3,50,,1023.9,1025.9,,,9,8,5.1
2024-01-31 00:00,261,해남,5.3,89,3.5,70,1.0,1023.7,1025.7,,,9,9,5.1
2024-01-31 01:00,261,해남,5.7,89,3.8,70,,1023.9,1025.9,,,10,10,5.1
2024-01-31 02:00,261,해남,6.0,90,2.7,70,,1023.6,1025.6,,,9,8,5.2
2024-01-31 03:00,261,해남,6.2,91,3.6,70,1.1,1022.7,1024.7,,,9,6,5.4
2024-01-31 04:00,261,해남,6.6,91,3.7,70,,1021.7,1023.7,,,9,6,5.6
2024-01-31 05:00,261,해남,6.9,90,3.3,70,,1021.7,1023.7,,,9,5,5.7
2024-01-31 06:00,261,해남,7.2,90,1.5,90,,1021.6,1023.6,,,9,4,5.8
2024-01-31 07:00,261,해남,7.2,90,0.6,70,,1021.7,1023.7,,,7,7,5.9
2024-01-31 08:00,261,해남,6.2,96,1.9,270,,1022.4,1024.4,0.0,,7,7,6.1
2024-01-31 09:00,261,해남,7.0,94,0.5,290,,1022.8,1024.8,0.0,,9,9,6.9
2024-01-31 10:00,261,해남,7.9,91,0.8,250,,1022.8,1024.8,0.0,,10,10,8.0
2024-01-31 11:00,261,해남,8.9,88,0.4,0,,1022.4,1024.4,0.0,,9,9,10.9
2024-01-31 12:00,261,해남,10.8,84,2.5,270,,1022.0,1024.0,0.4,,9,6,14.5
2024-01-31 13:00,261,해남,13.3,74,0.6,50,,1020.7,1022.7,0.4,,8,7,21.7
2024-01-31 14:00,261,해남,13.3,78,2.1,270,,1020.0,1022.0,0.6,,8,3,16.2
2024-01-31 15:00,261,해남,12.6,80,2.5,270,,1019.6,1021.6,0.0,,9,4,14.2
2024-01-31 16:00,261,해남,12.8,78,0.8,270,,1019.5,1021.5,0.0,,9,8,13.4
2024-01-31 17:00,261,해남,12.2,77,2.3,290,,1019.7,1021.7,0.1,,8,6,11.4
2024-01-31 18:00,261,해남,10.2,77,2.4,290,,1020.3,1022.3,0.0,,8,1,9.0
2024-01-31 19:00,261,해남,8.8,83,0.8,90,,1020.5,1022.5,0.0,,8,0,8.0
2024-01-31 20:00,261,해남,8.1,78,1.2,270,,1020.9,1022.9,,,10,8,7.6
2024-01-31 21:00,261,해남,7.2,89,0.3,0,0.1,1021.1,1023.1,,,10,10,7.4
2024-01-31 22:00,261,해남,6.8,96,0.6,50,,1021.2,1023.2,,,10,9,7.2
2024-01-31 23:00,261,해남,6.1,95,1.1,290,,1020.7,1022.7,,,10,10,6.9
2024-01-01 00:00,266,광양시,3.2,78,1.2,320,,1014.9,1026.0,,,0,0,-0.2
2024-01-01 01:00,266,광양시,2.6,82,1.4,320,,1015.4,1026.5,,,0,0,0.2
2024-01-01 02:00,266,광양시,2.0,85,0.5,290,,1015.6,1026.7,,,0,0,-0.1
2024-01-01 03:00,266,광양시,1.4,87,0.2,0,,1016.1,1027.3,,,0,0,-0.8
2024-01-01 04:00,266,광양시,1.3,87,1.0,70,,1016.4,1027.6,,,0,0,-1.2
2024-01-01 05:00,266,광양시,2.2,81,0.8,250,,1016.5,1027.6,,,0,0,-1.2
2024-01-01 06:00,266,광양시,2.4,78,1.2,160,,1016.9,1028.0,,,0,0,-1.3
2024-01-01 07:00,266,광양시,2.6,76,1.4,90,,1017.2,1028.3,,,0,0,-1.3
2024-01-01 08:00,266,광양시,2.7,76,1.1,140,,1017.9,1029.0,0.0,0.01,0,0,-1.2
2024-01-01 09:00,266,광양시,4.1,70,2.2,70,,1018.1,1029.2,0.1,0.19,0,0,0.0
2024-01-01 10:00,266,광양시,6.3,61,2.6,70,,1018.6,1029.6,0.7,0.63,2,2,3.8
2024-01-01 11:00,266,광양시,8.0,54,2.0,50,,1018.3,1029.2,0.6,1.19,6,5,12.3
2024-01-01 12:00,266,광양시,9.0,52,2.3,70,,1017.9,1028.7,0.7,1.65,8,8,13.4
2024-01-01 13:00,266,광양시,9.6,49,0.7,50,,1016.9,1027.7,0.2,1.32,8,8,13.4
2024-01-01 14:00,266,광양시,9.8,47,0.8,320,,1016.1,1026.9,0.0,0.84,9,9,12.9
2024-01-01 15:00,266,광양시,11.9,44,1.2,180,,1015.7,1026.4,0.8,1.43,7,3,14.9
2024-01-01 16:00,266,광양시,11.5,44,1.2,250,,1015.4,1026.1,1.0,1.04,6,3,11.6
2024-01-01 17:00,266,광양시,9.6,50,1.0,200,,1015.3,1026.1,0.2,0.26,8,8,8.0
2024-01-01 18:00,266,광양시,7.7,57,1.0,70,,1015.3,1026.2,0.0,0.04,4,4,4.3
2024-01-01 19:00,266,광양시,6.6,63,0.6,290,,1015.3,1026.2,,,0,0,4.1
2024-01-01 20:00,266,광양시,6.6,63,1.2,270,,1015.6,1026.5,,,7,6,4.8
2024-01-01 21:00,266,광양시,6.5,65,1.0,320,,1015.5,1026.4,,,6,6,4.9
2024-01-01 22:00,266,광양시,6.9,60,1.5,320,,1015.4,1026.3,,,1,1,4.5
2024-01-01 23:00,266,광양시,6.7,62,1.1,320,,1015.2,1026.1,,,3,3,4.7
2024-01-02 00:00,266,광양시,6.4,66,1.0,290,,1014.7,1025.6,,,8,4,4.3
2024-01-02 01:00,266,광양시,6.2,70,1.7,270,,1014.4,1025.3,,,9,9,4.2
2024-01-02 02:00,266,광양시,6.4,70,2.7,290,,1014.0,1024.9,,,3,3,4.5
2024-01-02 03:00,266,광양시,6.2,72,1.6,270,0.0,1014.0,1024.9,,,4,3,4.6
2024-01-02 04:00,266,광양시,6.0,72,0.8,250,,1013.4,1024.3,,,3,3,4.5
2024-01-02 05:00,266,광양시,5.7,72,0.4,0,,1013.0,1023.9,,,3,3,4.5
2024-01-02 06:00,266,광양시,4.9,75,0.7,320,,1012.8,1023.8,,,3,3,3.6
2024-01-02 07:00,266,광양시,4.5,72,0.9,230,,1012.9,1023.9,,,2,2,1.0
2024-01-02 08:00,266,광양시,2.9,79,2.2,270,,1012.6,1023.6,0.0,0.01,3,0,0.3
2024-01-02 09:00,266,광양시,4.4,74,1.7,270,,1012.4,1023.4,0.1,0.21,3,0,3.0
2024-01-02 10:00,266,광양시,7.6,59,3.0,290,,1012.7,1023.5,1.0,0.78,5,0,9.7
2024-01-02 11:00,266,광양시,9.6,50,3.4,290,,1012.3,1023.0,1.0,1.39,5,1,14.6
2024-01-02 12:00,266,광양시,10.1,49,2.7,290,,1011.2,1022.0,0.9,1.48,4,0,16.6
2024-01-02 13:00,266,광양시,10.7,47,4.5,290,,1010.5,1021.2,1.0,1.85,5,0,18.0
2024-01-02 14:00,266,광양시,10.0,48,2.7,290,,1009.7,1020.4,1.0,1.68,5,1,15.8
2024-01-02 15:00,266,광양시,10.5,47,3.7,270,,1009.4,1020.1,1.0,1.46,4,1,14.4
2024-01-02 16:00,266,광양시,10.3,49,1.5,250,,1009.6,1020.3,0.8,0.82,5,3,11.7
2024-01-02 17:00,266,광양시,8.2,54,2.2,290,,1010.0,1020.8,0.5,0.36,6,5,7.3
2024-01-02 18:00,266,광양시,6.6,61,2.6,290,,1010.1,1021.0,0.0,0.03,7,1,4.7
2024-01-02 19:00,266,광양시,7.1,57,3.8,320,,1010.2,1021.0,,,9,9,5.7
2024-01-02 20:00,266,광양시,6.7,58,1.5,320,,1009.7,1020.6,,,10,8,4.7
2024-01-02 21:00,266,광양시,6.3,61,2.5,290,,1010.0,1020.9,,,9,1,4.2
2024-01-02 22:00,266,광양시,5.7,63,1.5,270,,1009.5,1020.4,,,8,3,3.3
2024-01-02 23:00,266,광양시,4.8,69,1.7,270,,1009.3,1020.3,,,8,4,3.4
2024-01-03 00:00,266,광양시,5.3,66,1.7,320,,1008.6,1019.5,,,10,9,3.8
2024-01-03 01:00,266,광양시,5.2,66,0.5,250,,1008.4,1019.3,,,10,9,3.9
2024-01-03 02:00,266,광양시,5.4,64,2.6,290,,1008.2,1019.1,,,10,6,3.8
2024-01-03 03:00,266,광양시,5.4,63,2.5,290,,1007.9,1018.8,,,10,5,3.9
2024-01-03 04:00,266,광양시,4.9,67,1.9,270,,1008.1,1019.0,,,10,1,3.7
2024-01-03 05:00,266,광양시,4.7,67,1.6,290,,1007.7,1018.6,,,10,7,3.6
2024-01-03 06:00,266,광양시,4.5,69,2.1,290,,1007.5,1018.4,,,10,5,3.7
2024-01-03 07:00,266,광양시,3.7,79,1.1,320,,1008.0,1019.0,,,10,10,3.6
2024-01-03 08:00,266,광양시,3.5,84,0.5,290,,1008.0,1019.0,0.0,0.0,10,5,3.7
2024-01-03 09:00,266,광양시,3.7,85,0.8,290,0.1,1008.1,1019.1,0.0,0.14,9,6,6.1
2024-01-03 10:00,266,광양시,5.1,71,2.3,270,,1008.1,1019.0,0.2,0.54,7,4,7.7
2024-01-03 11:00,266,광양시,6.9,57,5.0,270,,1007.5,1018.3,0.5,1.01,6,1,13.1
2024-01-03 12:00,266,광양시,8.0,46,3.7,290,,1007.2,1018.0,1.0,1.83,5,0,16.5
2024-01-03 13:00,266,광양시,7.7,48,6.7,290,,1006.5,1017.3,1.0,1.9,4,0,15.4
2024-01-03 14:00,266,광양시,7.0,52,4.7,290,,1006.4,1017.2,0.8,1.56,4,0,12.4
2024-01-03 15:00,266,광양시,8.6,48,3.2,320,,1006.7,1017.4,1.0,1.61,4,0,14.9
2024-01-03 16:00,266,광양시,7.4,52,3.8,290,,1007.4,1018.2,1.0,1.11,4,2,10.2
2024-01-03 17:00,266,광양시,5.8,58,2.9,290,,1008.1,1019.0,0.6,0.4,2,0,5.6
2024-01-03 18:00,266,광양시,4.7,62,1.8,270,,1008.9,1019.8,0.0,0.03,0,0,2.9
2024-01-03 19:00,266,광양시,3.8,63,1.2,270,,1009.5,1020.5,,,0,0,1.3
2024-01-03 20:00,266,광양시,4.2,59,2.0,290,,1009.7,1020.7,,,3,3,1.7
2024-01-03 21:00,266,광양시,3.6,63,1.7,290,,1010.4,1021.4,,,7,3,1.3
2024-01-03 22:00,266,광양시,3.9,61,2.8,290,,1010.8,1021.8,,,0,0,1.5
2024-01-03 23:00,266,광양시,3.4,65,3.6,290,,1010.9,1021.9,,,0,0,0.7
2024-01-04 00:00,266,광양시,2.9,64,2.7,270,,1010.9,1021.9,,,2,0,0.1
2024-01-04 01:00,266,광양시,2.8,59,3.7,290,,1011.0,1022.0,,,2,0,-0.2
2024-01-04 02:00,266,광양시,2.3,62,3.6,290,,1011.2,1022.3,,,0,0,-0.7
2024-01-04 03:00,266,광양시,1.8,60,1.6,340,,1011.4,1022.5,,,0,0,-0.8
2024-01-04 04:00,266,광양시,1.2,58,0.4,0,,1011.3,1022.4,,,0,0,-1.4
2024-01-04 05:00,266,광양시,0.7,64,2.5,290,,1011.5,1022.6,,,0,0,-1.8
2024-01-04 06:00,266,광양시,0.6,65,3.7,290,,1011.9,1023.1,,,0,0,-1.7
2024-01-04 07:00,266,광양시,-0.4,67,1.0,90,,1012.1,1023.3,,,0,0,-2.6
2024-01-04 08:00,266,광양시,-0.9,68,0.9,340,,1012.9,1024.1,0.0,0.01,0,0,-3.0
2024-01-04 09:00,266,광양시,0.2,65,0.3,0,,1013.7,1024.9,0.3,0.19,0,0,-1.3
2024-01-04 10:00,266,광양시,4.0,54,1.1,90,,1014.1,1025.1,1.0,0.84,0,0,3.3
2024-01-04 11:00,266,광양시,6.1,43,1.3,200,,1014.1,1025.0,1.0,1.53,0,0,12.5
2024-01-04 12:00,266,광양시,7.8,37,1.0,250,,1013.2,1024.0,1.0,1.92,0,0,17.4
2024-01-04 13:00,266,광양시,9.6,34,1.3,160,,1012.1,1022.8,1.0,2.08,0,0,19.3
2024-01-04 14:00,266,광양시,10.6,31,2.3,250,,1011.4,1022.1,1.0,1.97,0,0,18.2
2024-01-04 15:00,266,광양시,10.9,38,3.0,250,,1010.8,1021.5,1.0,1.64,0,0,15.1
2024-01-04 16:00,266,광양시,9.7,43,2.8,250,,1011.2,1021.9,1.0,1.09,0,0,10.9
2024-01-04 17:00,266,광양시,8.6,48,2.0,250,,1011.4,1022.2,1.0,0.47,0,0,6.3
2024-01-04 18:00,266,광양시,6.2,57,2.2,270,,1011.6,1022.5,0.3,0.04,0,0,3.1
2024-01-04 19:00,266,광양시,4.3,58,2.8,290,,1011.8,1022.8,,,0,0,1.1
2024-01-04 20:00,266,광양시,4.4,59,3.1,270,,1012.1,1023.1,,,0,0,0.6
2024-01-04 21:00,266,광양시,3.6,65,1.8,270,,1012.2,1023.2,,,0,0,-0.2
2024-01-04 22:00,266,광양시,2.9,70,1.5,270,,1012.2,1023.2,,,0,0,-0.7
2024-01-04 23:00,266,광양시,2.4,74,1.5,290,,1012.4,1023.5,,,0,0,-0.9
2024-01-05 00:00,266,광양시,2.4,77,0.8,320,,1012.3,1023.4,,,0,0,-1.0
2024-01-05 01:00,266,광양시,3.7,72,2.1,290,,1011.8,1022.8,,,0,0,-0.5
2024-01-05 02:00,266,광양시,3.2,76,1.5,250,,1011.7,1022.7,,,0,0,-0.7
2024-01-05 03:00,266,광양시,2.5,81,0.8,250,,1011.8,1022.9,,,1,1,-0.9
2024-01-05 04:00,266,광양시,2.4,85,1.1,290,,1011.4,1022.5,,,0,0,-1.3
2024-01-05 05:00,266,광양시,2.5,90,1.1,320,,1011.6,1022.7,,,0,0,-1.1
2024-01-05 06:00,266,광양시,2.4,86,1.2,160,,1011.7,1022.8,,,6,2,-1.2
2024-01-05 07:00,266,광양시,3.5,84,0.3,0,,1011.9,1022.9,,,3,3,-0.2
2024-01-05 08:00,266,광양시,3.5,85,0.4,0,,1012.1,1023.1,0.0,0.01,3,3,-0.1
2024-01-05 09:00,266,광양시,4.4,80,0.1,0,,1012.4,1023.4,0.0,0.24,6,3,0.7
2024-01-05 10:00,266,광양시,6.3,76,0.8,270,,1012.7,1023.6,0.0,0.46,7,7,7.2
2024-01-05 11:00,266,광양시,9.8,63,1.1,250,,1012.3,1023.1,0.3,0.97,7,7,15.2
2024-01-05 12:00,266,광양시,12.4,53,3.1,270,,1011.4,1022.0,0.9,1.83,7,6,19.0
2024-01-05 13:00,266,광양시,12.8,47,3.3,290,,1010.5,1021.1,0.8,1.82,5,4,20.0
2024-01-05 14:00,266,광양시,13.6,44,2.8,290,,1009.7,1020.3,1.0,2.0,6,6,21.6
2024-01-05 15:00,266,광양시,14.0,42,2.8,290,,1009.2,1019.7,1.0,1.77,5,5,20.5
2024-01-05 16:00,266,광양시,12.9,46,3.3,290,,1009.1,1019.7,0.9,1.12,0,0,14.1
2024-01-05 17:00,266,광양시,11.1,52,2.6,290,,1009.3,1020.0,0.1,0.32,6,6,10.1
2024-01-05 18:00,266,광양시,9.6,57,2.7,270,,1009.8,1020.5,0.0,0.03,2,2,6.2
2024-01-05 19:00,266,광양시,9.5,58,2.4,290,,1009.8,1020.5,,,0,0,5.9
2024-01-05 20:00,266,광양시,8.2,63,1.9,290,,1010.0,1020.8,,,5,5,5.7
2024-01-05 21:00,266,광양시,7.2,68,2.5,290,,1010.1,1020.9,,,3,1,3.2
2024-01-05 22:00,266,광양시,6.6,70,1.1,270,,1010.0,1020.9,,,0,0,2.1
2024-01-05 23:00,266,광양시,6.2,73,1.8,290,,1009.8,1020.7,,,1,0,1.7
2024-01-06 00:00,266,광양시,6.4,71,0.7,160,,1009.8,1020.7,,,0,0,1.3
2024-01-06 01:00,266,광양시,5.6,75,0.3,0,,1009.7,1020.6,,,4,0,0.5
2024-01-06 02:00,266,광양시,5.7,74,1.9,290,,1009.5,1020.4,,,1,0,0.6
2024-01-06 03:00,266,광양시,6.0,73,3.5,290,,1009.3,1020.2,,,0,0,1.7
2024-01-06 04:00,266,광양시,5.1,73,2.2,290,,1009.3,1020.2,,,0,0,0.4
2024-01-06 05:00,266,광양시,5.3,65,3.4,320,,1009.0,1019.9,,,0,0,1.2
2024-01-06 06:00,266,광양시,4.7,61,3.1,290,,1009.2,1020.1,,,0,0,0.3
2024-01-06 07:00,266,광양시,3.9,55,2.7,290,,1009.8,1020.8,,,0,0,-0.2
2024-01-06 08:00,266,광양시,3.0,54,2.1,290,,1010.5,1021.5,0.0,0.01,0,0,-0.7
2024-01-06 09:00,266,광양시,4.1,43,1.7,290,,1011.0,1022.0,0.3,0.2,0,0,0.1
2024-01-06 10:00,266,광양시,7.0,34,1.4,340,,1011.2,1022.1,1.0,0.84,0,0,9.2
2024-01-06 11:00,266,광양시,8.9,39,1.6,110,,1011.0,1021.8,1.0,1.54,0,0,15.6
2024-01-06 12:00,266,광양시,10.1,33,1.4,90,,1010.2,1020.9,1.0,1.88,1,0,19.6
2024-01-06 13:00,266,광양시,11.1,25,1.8,140,,1009.1,1019.8,1.0,2.04,0,0,22.1
2024-01-06 14:00,266,광양시,11.9,25,1.1,20,,1009.0,1019.6,1.0,1.82,2,1,19.6
2024-01-06 15:00,266,광양시,9.7,22,2.8,270,,1008.9,1019.6,0.6,1.23,8,3,12.7
2024-01-06 16:00,266,광양시,9.7,23,2.8,270,,1009.4,1020.1,0.6,0.9,8,2,12.3
2024-01-06 17:00,266,광양시,7.3,25,2.9,290,,1010.0,1020.8,0.4,0.36,6,0,5.5
2024-01-06 18:00,266,광양시,5.9,32,2.0,270,,1010.5,1021.4,0.0,0.02,3,1,2.8
2024-01-06 19:00,266,광양시,4.9,37,2.1,290,,1011.2,1022.2,,,0,0,1.2
2024-01-06 20:00,266,광양시,4.4,37,2.9,290,,1011.5,1022.5,,,0,0,0.6
2024-01-06 21:00,266,광양시,2.9,44,2.6,270,,1012.1,1023.1,,,0,0,-0.8
2024-01-06 22:00,266,광양시,2.9,51,3.8,270,,1012.6,1023.6,,,0,0,-0.4
2024-01-06 23:00,266,광양시,1.7,58,1.3,290,,1012.7,1023.8,,,0,0,-0.8
2024-01-07 00:00,266,광양시,1.0,65,0.9,270,,1012.6,1023.7,,,4,0,-1.4
2024-01-07 01:00,266,광양시,0.3,71,1.3,320,,1012.3,1023.5,,,1,1,-1.2
2024-01-07 02:00,266,광양시,1.2,81,2.8,270,,1012.4,1023.5,,,10,6,-0.1
2024-01-07 03:00,266,광양시,1.0,76,2.4,270,,1012.4,1023.5,,,5,1,-0.9
2024-01-07 04:00,266,광양시,0.6,75,1.6,250,,1012.2,1023.4,,,7,3,-1.3
2024-01-07 05:00,266,광양시,0.7,70,1.3,290,,1012.2,1023.4,,,2,2,-0.6
2024-01-07 06:00,266,광양시,0.9,69,1.2,250,,1012.4,1023.5,,,3,3,-0.4
2024-01-07 07:00,266,광양시,0.7,71,2.6,290,,1013.1,1024.3,,,5,5,-0.8
2024-01-07 08:00,266,광양시,0.5,70,2.7,290,,1013.7,1024.9,0.0,0.01,2,2,-0.9
2024-01-07 09:00,266,광양시,1.2,64,2.8,290,,1014.2,1025.3,0.2,0.26,6,3,-0.2
2024-01-07 10:00,266,광양시,2.3,57,3.6,290,,1014.7,1025.8,1.0,0.85,6,0,6.3
2024-01-07 11:00,266,광양시,2.6,56,3.5,290,,1015.0,1026.1,0.7,1.37,7,4,10.4
2024-01-07 12:00,266,광양시,3.4,44,4.2,290,,1014.3,1025.3,0.8,1.66,5,1,14.1
2024-01-07 13:00,266,광양시,3.9,37,3.8,290,,1013.9,1024.9,1.0,2.07,0,0,16.6
2024-01-07 14:00,266,광양시,4.0,34,3.3,290,,1013.5,1024.5,1.0,2.0,0,0,14.9
2024-01-07 15:00,266,광양시,4.3,34,4.2,270,,1013.5,1024.5,1.0,1.72,0,0,12.1
2024-01-07 16:00,266,광양시,4.0,34,2.5,270,,1013.9,1024.9,1.0,1.2,0,0,8.5
2024-01-07 17:00,266,광양시,2.1,38,3.5,290,,1014.7,1025.8,1.0,0.55,0,0,2.5
2024-01-07 18:00,266,광양시,0.4,47,3.2,290,,1015.2,1026.4,0.2,0.04,0,0,-0.6
2024-01-07 19:00,266,광양시,-0.4,49,3.4,290,,1015.8,1027.0,,,0,0,-1.8
2024-01-07 20:00,266,광양시,-0.9,53,2.8,290,,1016.2,1027.5,,,0,0,-1.7
2024-01-07 21:00,266,광양시,-1.7,55,3.2,270,,1016.2,1027.5,,,0,0,-2.2
2024-01-07 22:00,266,광양시,-2.2,53,3.0,270,,1016.3,1027.6,,,0,0,-2.7
2024-01-07 23:00,266,광양시,-2.2,48,3.7,290,,1016.5,1027.8,,,0,0,-3.1
2024-01-08 00:00,266,광양시,-2.5,45,3.8,290,,1016.5,1027.8,,,0,0,-3.3
2024-01-08 01:00,266,광양시,-2.9,44,3.5,290,,1016.9,1028.3,,,0,0,-3.6
2024-01-08 02:00,266,광양시,-3.5,44,3.0,290,,1016.6,1028.0,,,0,0,-4.0
2024-01-08 03:00,266,광양시,-4.0,42,2.7,290,,1016.7,1028.1,,,0,0,-4.3
2024-01-08 04:00,266,광양시,-4.6,44,1.1,270,,1016.5,1027.9,,,0,0,-4.7
2024-01-08 05:00,266,광양시,-4.8,44,2.3,320,,1016.1,1027.5,,,0,0,-4.9
2024-01-08 06:00,266,광양시,-5.4,44,0.9,320,,1016.5,1028.0,,,0,0,-5.4
2024-01-08 07:00,266,광양시,-5.5,44,1.4,340,,1017.1,1028.6,,,0,0,-5.5
2024-01-08 08:00,266,광양시,-6.1,50,1.2,270,,1017.4,1028.9,0.0,0.0,0,0,-5.5
2024-01-08 09:00,266,광양시,-4.4,42,0.3,0,,1017.6,1029.0,0.6,0.2,0,0,-3.6
2024-01-08 10:00,266,광양시,-0.4,32,0.9,110,,1017.8,1029.1,1.0,0.89,0,0,3.2
2024-01-08 11:00,266,광양시,1.6,33,1.2,90,,1017.2,1028.4,1.0,1.59,0,0,9.5
2024-01-08 12:00,266,광양시,2.8,31,1.7,140,,1016.3,1027.4,1.0,1.96,0,0,13.1
2024-01-08 13:00,266,광양시,4.7,25,1.6,180,,1015.3,1026.3,1.0,2.14,0,0,16.4
2024-01-08 14:00,266,광양시,5.6,25,1.8,160,,1014.2,1025.2,1.0,2.01,0,0,15.7
2024-01-08 15:00,266,광양시,6.1,20,1.3,180,,1014.0,1024.9,1.0,1.7,0,0,12.8
2024-01-08 16:00,266,광양시,5.9,29,2.1,230,,1014.0,1024.9,1.0,1.18,0,0,8.6
2024-01-08 17:00,266,광양시,3.9,30,2.2,230,,1014.2,1025.2,0.9,0.53,6,0,2.9
2024-01-08 18:00,266,광양시,1.6,40,2.0,290,,1014.5,1025.6,0.0,0.04,6,0,-0.9
2024-01-08 19:00,266,광양시,0.6,46,0.8,320,,1014.7,1025.9,,,0,0,-1.6
2024-01-08 20:00,266,광양시,-0.7,55,1.3,320,,1014.4,1025.6,,,0,0,-2.2
2024-01-08 21:00,266,광양시,-0.3,55,2.4,290,,1014.1,1025.3,,,0,0,-2.4
2024-01-08 22:00,266,광양시,-2.1,56,2.3,270,,1013.9,1025.2,,,0,0,-3.4
2024-01-08 23:00,266,광양시,-0.3,48,4.1,290,,1013.4,1024.6,,,0,0,-2.9
2024-01-09 00:00,266,광양시,-0.8,49,2.6,290,,1013.1,1024.3,,,0,0,-3.1
2024-01-09 01:00,266,광양시,-1.6,52,1.1,320,,1013.0,1024.3,,,0,0,-3.4
2024-01-09 02:00,266,광양시,-2.0,56,0.6,320,,1012.4,1023.7,,,0,0,-3.7
2024-01-09 03:00,266,광양시,-2.6,59,1.1,270,,1012.2,1023.5,,,0,0,-3.8
2024-01-09 04:00,266,광양시,-2.3,59,1.6,290,,1011.9,1023.2,,,0,0,-3.5
2024-01-09 05:00,266,광양시,-1.6,59,0.6,320,,1011.9,1023.1,,,6,6,-3.3
2024-01-09 06:00,266,광양시,-1.7,63,1.4,320,,1012.0,1023.2,,,4,4,-3.4
2024-01-09 07:00,266,광양시,-1.6,63,0.4,0,,1012.1,1023.3,,,3,3,-3.5
2024-01-09 08:00,266,광양시,-1.7,67,0.6,320,,1011.8,1023.0,0.0,0.01,5,4,-1.8
2024-01-09 09:00,266,광양시,-0.6,62,0.3,0,,1011.9,1023.1,0.0,0.13,9,9,-0.1
2024-01-09 10:00,266,광양시,1.2,55,0.8,180,,1012.2,1023.3,0.0,0.43,9,9,2.6
2024-01-09 11:00,266,광양시,2.5,52,0.8,70,,1011.8,1022.9,0.0,0.57,9,4,3.5
2024-01-09 12:00,266,광양시,3.0,49,0.4,0,,1010.7,1021.7,0.0,0.38,10,9,2.7
2024-01-09 13:00,266,광양시,3.4,49,0.4,0,,1009.6,1020.6,0.0,0.3,9,2,4.5
2024-01-09 14:00,266,광양시,4.1,54,0.3,0,,1009.0,1020.0,0.0,0.42,10,3,5.3
2024-01-09 15:00,266,광양시,4.4,60,0.4,0,,1008.5,1019.4,0.0,0.35,10,9,5.8
2024-01-09 16:00,266,광양시,4.7,62,0.4,0,,1008.0,1018.9,0.0,0.26,9,3,5.8
2024-01-09 17:00,266,광양시,4.7,62,0.7,70,,1007.3,1018.2,0.0,0.2,10,3,4.3
2024-01-09 18:00,266,광양시,4.3,64,0.2,0,,1007.3,1018.2,0.0,0.01,10,6,3.5
2024-01-09 19:00,266,광양시,3.9,75,0.5,270,,1007.4,1018.3,,,10,4,3.4
2024-01-09 20:00,266,광양시,3.2,93,0.6,290,,1007.0,1018.0,,,10,4,3.3
2024-01-09 21:00,266,광양시,3.0,96,0.6,160,3.9,1006.8,1017.8,,,10,5,3.2
2024-01-09 22:00,266,광양시,2.9,97,0.4,0,,1006.6,1017.6,,,10,1,3.2
2024-01-09 23:00,266,광양시,3.2,97,0.4,0,,1006.2,1017.2,,,7,6,3.3
2024-01-10 00:00,266,광양시,2.6,97,0.5,180,1.3,1005.9,1016.9,,,3,2,1.0
2024-01-10 01:00,266,광양시,2.3,99,0.6,290,,1005.7,1016.7,,,5,4,1.0
2024-01-10 02:00,266,광양시,2.3,100,0.7,20,,1005.8,1016.8,,,1,1,1.1
2024-01-10 03:00,266,광양시,1.8,100,1.3,250,,1006.2,1017.2,,,7,2,0.4
2024-01-10 04:00,266,광양시,2.0,100,0.6,140,,1005.8,1016.8,,,5,0,0.1
2024-01-10 05:00,266,광양시,1.4,100,0.4,0,,1005.9,1016.9,,,3,3,0.1
2024-01-10 06:00,266,광양시,1.2,100,1.1,20,,1006.4,1017.5,,,3,0,-0.6
2024-01-10 07:00,266,광양시,1.7,100,1.7,320,,1006.8,1017.8,,,3,3,0.4
2024-01-10 08:00,266,광양시,1.9,100,0.7,340,,1007.5,1018.5,0.0,0.0,9,9,0.7
2024-01-10 09:00,266,광양시,2.2,97,0.7,320,,1008.2,1019.2,0.0,0.14,8,6,1.2
2024-01-10 10:00,266,광양시,4.5,90,1.2,90,,1009.0,1019.9,0.4,0.72,3,3,10.5
2024-01-10 11:00,266,광양시,5.6,77,2.2,290,,1008.7,1019.6,0.9,1.44,1,1,13.1
2024-01-10 12:00,266,광양시,7.4,59,2.6,70,,1008.0,1018.8,0.8,1.68,7,3,14.2
2024-01-10 13:00,266,광양시,7.7,59,2.5,70,,1007.4,1018.2,0.5,1.47,8,5,12.6
2024-01-10 14:00,266,광양시,7.7,55,2.7,70,,1007.3,1018.1,0.4,1.18,8,5,10.9
2024-01-10 15:00,266,광양시,7.0,59,1.3,70,,1007.6,1018.4,0.0,0.39,9,9,8.8
2024-01-10 16:00,266,광양시,7.0,57,2.3,70,,1007.6,1018.4,0.0,0.53,8,8,8.6
2024-01-10 17:00,266,광양시,6.3,59,1.6,90,,1007.9,1018.8,0.0,0.3,6,6,5.6
2024-01-10 18:00,266,광양시,4.8,68,1.8,290,,1008.6,1019.5,0.0,0.04,6,2,2.2
2024-01-10 19:00,266,광양시,4.1,66,1.7,340,,1009.1,1020.1,,,0,0,1.2
2024-01-10 20:00,266,광양시,3.0,69,1.5,290,,1009.6,1020.6,,,0,0,0.3
2024-01-10 21:00,266,광양시,2.7,72,2.1,270,,1009.7,1020.7,,,0,0,0.1
2024-01-10 22:00,266,광양시,1.9,75,2.3,290,,1009.9,1021.0,,,0,0,-0.5
2024-01-10 23:00,266,광양시,1.3,77,1.2,290,,1009.9,1021.0,,,0,0,-0.1
2024-01-11 00:00,266,광양시,0.6,80,2.0,290,,1010.1,1021.2,,,0,0,-0.8
2024-01-11 01:00,266,광양시,0.2,80,1.2,290,,1009.4,1020.5,,,0,0,-1.7
2024-01-11 02:00,266,광양시,-0.1,82,1.3,320,,1009.7,1020.9,,,0,0,-2.1
2024-01-11 03:00,266,광양시,-1.1,87,1.3,290,,1009.4,1020.6,,,0,0,-3.3
2024-01-11 04:00,266,광양시,-0.9,84,1.5,20,,1009.4,1020.6,,,0,0,-3.3
2024-01-11 05:00,266,광양시,-1.5,86,1.5,290,,1008.9,1020.1,,,0,0,-4.8
2024-01-11 06:00,266,광양시,-1.7,81,1.5,290,,1009.4,1020.6,,,0,0,-5.4
2024-01-11 07:00,266,광양시,-2.3,81,1.2,320,,1009.6,1020.8,,,0,0,-5.8
2024-01-11 08:00,266,광양시,-2.5,80,1.4,270,,1009.4,1020.7,0.0,0.01,0,0,-5.7
2024-01-11 09:00,266,광양시,-1.5,74,1.7,270,,1009.7,1020.9,0.3,0.22,0,0,-3.5
2024-01-11 10:00,266,광양시,1.1,61,1.5,270,,1009.5,1020.6,1.0,0.88,0,0,1.7
2024-01-11 11:00,266,광양시,4.3,52,2.9,270,,1009.5,1020.4,1.0,1.58,0,0,8.3
2024-01-11 12:00,266,광양시,5.5,49,3.4,290,,1008.6,1019.5,1.0,1.98,0,0,14.4
2024-01-11 13:00,266,광양시,7.1,44,3.3,290,,1007.7,1018.5,1.0,2.15,0,0,16.3
2024-01-11 14:00,266,광양시,8.1,42,2.5,290,,1006.8,1017.6,1.0,2.06,0,0,15.5
2024-01-11 15:00,266,광양시,8.7,42,3.4,290,,1006.5,1017.2,1.0,1.74,0,0,13.2
2024-01-11 16:00,266,광양시,8.1,42,4.5,270,,1006.4,1017.2,1.0,1.23,0,0,9.3
2024-01-11 17:00,266,광양시,6.8,45,3.8,270,,1006.5,1017.3,1.0,0.58,0,0,4.8
2024-01-11 18:00,266,광양시,4.7,56,1.9,270,,1007.0,1017.9,0.3,0.05,0,0,1.6
2024-01-11 19:00,266,광양시,4.1,59,3.0,290,,1007.3,1018.2,,,1,0,0.8
2024-01-11 20:00,266,광양시,3.6,62,1.7,230,,1007.3,1018.3,,,3,1,-0.4
2024-01-11 21:00,266,광양시,2.6,69,0.9,270,,1007.0,1018.0,,,0,0,-0.3
2024-01-11 22:00,266,광양시,2.4,72,1.2,270,,1007.2,1018.2,,,0,0,-0.3
2024-01-11 23:00,266,광양시,3.1,73,1.8,250,,1007.1,1018.1,,,5,4,-0.3
2024-01-12 00:00,266,광양시,2.8,74,1.4,200,,1006.8,1017.8,,,6,6,-0.5
2024-01-12 01:00,266,광양시,2.9,75,0.8,180,,1006.7,1017.7,,,2,2,0.0
2024-01-12 02:00,266,광양시,3.3,76,0.5,180,,1006.8,1017.8,,,4,4,0.4
2024-01-12 03:00,266,광양시,3.7,76,0.5,160,,1006.9,1017.8,,,3,3,1.3
2024-01-12 04:00,266,광양시,4.0,78,0.7,90,,1006.6,1017.5,,,3,3,2.0
2024-01-12 05:00,266,광양시,4.4,76,1.0,110,,1006.4,1017.3,,,7,7,1.5
2024-01-12 06:00,266,광양시,4.6,76,1.5,200,,1006.6,1017.5,,,3,3,0.2
2024-01-12 07:00,266,광양시,4.1,79,0.7,250,,1006.9,1017.8,,,2,2,-0.2
2024-01-12 08:00,266,광양시,4.0,80,0.2,0,,1007.2,1018.1,0.0,0.01,0,0,-0.3
2024-01-12 09:00,266,광양시,5.3,75,2.0,290,,1007.5,1018.4,0.1,0.24,0,0,2.6
2024-01-12 10:00,266,광양시,7.3,62,3.9,290,,1007.9,1018.7,0.8,0.79,0,0,9.3
2024-01-12 11:00,266,광양시,9.1,55,2.6,270,,1008.0,1018.7,1.0,1.4,0,0,14.4
2024-01-12 12:00,266,광양시,10.9,44,2.7,250,,1007.2,1017.9,1.0,1.78,1,0,18.1
2024-01-12 13:00,266,광양시,12.1,35,1.7,230,,1006.6,1017.2,1.0,1.98,0,0,20.2
2024-01-12 14:00,266,광양시,12.0,28,4.0,290,,1006.4,1017.0,1.0,2.0,0,0,18.7
2024-01-12 15:00,266,광양시,11.9,28,3.8,290,,1006.4,1017.0,1.0,1.66,0,0,15.7
2024-01-12 16:00,266,광양시,12.1,30,2.2,290,,1006.4,1017.0,1.0,1.12,0,0,12.6
2024-01-12 17:00,266,광양시,10.3,27,2.9,320,,1006.9,1017.6,1.0,0.55,0,0,7.3
2024-01-12 18:00,266,광양시,7.9,29,3.1,290,,1007.6,1018.4,0.3,0.06,0,0,3.3
2024-01-12 19:00,266,광양시,6.7,35,4.2,290,,1008.1,1018.9,,,0,0,2.1
2024-01-12 20:00,266,광양시,5.5,38,4.2,290,,1008.4,1019.3,,,0,0,1.2
2024-01-12 21:00,266,광양시,4.8,45,4.3,290,,1008.5,1019.4,,,0,0,0.8
2024-01-12 22:00,266,광양시,3.6,49,1.8,320,,1009.1,1020.1,,,0,0,-0.4
2024-01-12 23:00,266,광양시,3.1,47,2.7,290,,1009.4,1020.4,,,0,0,-0.7
2024-01-13 00:00,266,광양시,2.6,46,2.2,290,,1009.4,1020.4,,,0,0,-0.6
2024-01-13 01:00,266,광양시,2.0,42,1.6,320,,1009.5,1020.6,,,0,0,-1.2
2024-01-13 02:00,266,광양시,1.3,41,0.9,50,,1009.7,1020.8,,,0,0,-1.6
2024-01-13 03:00,266,광양시,1.6,38,1.2,290,,1010.0,1021.1,,,0,0,-2.1
2024-01-13 04:00,266,광양시,1.3,39,1.4,320,,1010.0,1021.1,,,0,0,-2.6
2024-01-13 05:00,266,광양시,0.6,43,1.7,290,,1010.3,1021.4,,,0,0,-3.1
2024-01-13 06:00,266,광양시,0.7,42,1.2,20,,1010.9,1022.0,,,0,0,-3.3
2024-01-13 07:00,266,광양시,0.8,40,0.7,20,,1011.8,1022.9,,,0,0,-3.8
2024-01-13 08:00,266,광양시,-0.2,50,0.4,0,,1012.7,1023.9,0.0,0.01,0,0,-3.8
2024-01-13 09:00,266,광양시,1.4,46,0.8,360,,1013.1,1024.2,0.4,0.19,0,0,-2.0
2024-01-13 10:00,266,광양시,5.0,42,1.2,160,,1013.9,1024.9,1.0,0.88,0,0,3.8
2024-01-13 11:00,266,광양시,7.0,34,1.5,110,,1014.3,1025.2,1.0,1.58,0,0,11.6
2024-01-13 12:00,266,광양시,8.4,29,2.0,110,,1013.9,1024.7,1.0,1.94,0,0,17.0
2024-01-13 13:00,266,광양시,9.5,24,2.5,140,,1013.4,1024.2,1.0,2.1,0,0,19.2
2024-01-13 14:00,266,광양시,10.5,22,2.3,140,,1013.1,1023.9,1.0,2.04,0,0,18.9
2024-01-13 15:00,266,광양시,11.4,22,1.7,180,,1013.5,1024.2,1.0,1.73,0,0,16.7
2024-01-13 16:00,266,광양시,11.4,20,1.3,200,,1013.9,1024.6,1.0,1.22,0,0,12.4
2024-01-13 17:00,266,광양시,10.1,23,0.8,110,,1014.1,1024.9,1.0,0.57,0,0,7.0
2024-01-13 18:00,266,광양시,7.0,34,0.7,320,,1014.7,1025.6,0.4,0.07,0,0,2.0
2024-01-13 19:00,266,광양시,5.3,48,1.5,110,,1015.2,1026.2,,,0,0,0.5
2024-01-13 20:00,266,광양시,4.5,48,1.3,70,,1015.8,1026.8,,,0,0,-0.5
2024-01-13 21:00,266,광양시,3.5,50,0.6,340,,1016.2,1027.3,,,0,0,-0.8
2024-01-13 22:00,266,광양시,3.3,52,0.9,290,,1016.2,1027.3,,,0,0,-1.0
2024-01-13 23:00,266,광양시,2.6,54,1.0,290,,1015.9,1027.0,,,0,0,-1.3
2024-01-14 00:00,266,광양시,2.3,57,1.3,290,,1015.6,1026.7,,,0,0,-1.5
2024-01-14 01:00,266,광양시,1.7,61,1.7,320,,1015.7,1026.8,,,0,0,-1.8
2024-01-14 02:00,266,광양시,1.6,63,0.5,160,,1015.3,1026.4,,,0,0,-2.1
2024-01-14 03:00,266,광양시,1.8,67,0.7,290,,1015.1,1026.2,,,0,0,-2.4
2024-01-14 04:00,266,광양시,1.1,73,0.9,250,,1014.7,1025.9,,,0,0,-2.6
2024-01-14 05:00,266,광양시,0.9,78,1.1,230,,1014.6,1025.8,,,0,0,-2.5
2024-01-14 06:00,266,광양시,0.8,79,0.1,0,,1014.2,1025.4,,,0,0,-2.7
2024-01-14 07:00,266,광양시,1.0,80,0.8,110,,1014.1,1025.3,,,0,0,-2.7
2024-01-14 08:00,266,광양시,1.1,83,1.3,290,,1014.1,1025.3,0.0,0.01,0,0,-2.3
2024-01-14 09:00,266,광양시,2.7,78,0.0,0,,1014.0,1025.1,0.2,0.19,4,0,-0.7
2024-01-14 10:00,266,광양시,6.6,64,0.6,140,,1013.6,1024.5,0.9,0.84,0,0,5.1
2024-01-14 11:00,266,광양시,9.3,58,1.2,270,,1013.0,1023.8,1.0,1.51,0,0,14.6
2024-01-14 12:00,266,광양시,12.6,51,2.5,250,,1011.9,1022.5,1.0,1.96,2,2,21.0
2024-01-14 13:00,266,광양시,13.6,52,4.1,250,,1010.5,1021.1,0.6,1.81,6,6,20.4
2024-01-14 14:00,266,광양시,14.4,52,3.3,250,,1009.5,1020.0,1.0,1.96,2,0,20.3
2024-01-14 15:00,266,광양시,14.4,53,4.2,270,,1008.3,1018.8,1.0,1.59,4,0,17.2
2024-01-14 16:00,266,광양시,13.9,55,3.8,270,,1008.0,1018.5,0.9,1.07,5,3,14.1
2024-01-14 17:00,266,광양시,12.6,60,2.8,270,,1008.0,1018.6,0.4,0.34,6,3,9.8
2024-01-14 18:00,266,광양시,12.6,59,3.2,290,,1008.0,1018.6,0.0,0.03,8,8,9.1
2024-01-14 19:00,266,광양시,11.7,70,3.3,270,,1008.0,1018.6,,,7,5,8.4
2024-01-14 20:00,266,광양시,11.0,78,3.1,270,,1008.4,1019.1,,,3,3,8.4
2024-01-14 21:00,266,광양시,10.2,83,3.9,270,0.1,1008.5,1019.2,,,2,2,8.1
2024-01-14 22:00,266,광양시,8.5,74,4.4,290,,1008.5,1019.3,,,3,1,5.6
2024-01-14 23:00,266,광양시,7.4,74,2.8,290,,1008.6,1019.4,,,5,0,4.0
2024-01-15 00:00,266,광양시,5.6,75,2.2,320,,1009.0,1019.9,,,5,0,2.4
2024-01-15 01:00,266,광양시,5.1,69,4.6,320,,1009.1,1020.0,,,0,0,1.7
2024-01-15 02:00,266,광양시,3.8,69,4.7,290,,1009.5,1020.5,,,0,0,1.0
2024-01-15 03:00,266,광양시,2.7,70,3.1,270,,1010.2,1021.2,,,0,0,-0.5
2024-01-15 04:00,266,광양시,2.0,66,2.1,290,,1010.7,1021.8,,,0,0,-0.4
2024-01-15 05:00,266,광양시,1.1,64,2.1,290,,1011.3,1022.4,,,0,0,-1.1
2024-01-15 06:00,266,광양시,0.3,59,1.2,290,,1012.0,1023.2,,,0,0,-1.8
2024-01-15 07:00,266,광양시,-0.1,55,2.4,320,,1013.0,1024.2,,,0,0,-2.4
2024-01-15 08:00,266,광양시,-0.3,51,2.4,270,,1013.7,1024.9,0.0,0.01,0,0,-2.6
2024-01-15 09:00,266,광양시,0.7,48,1.9,320,,1014.5,1025.7,0.5,0.16,0,0,-1.7
2024-01-15 10:00,266,광양시,2.9,42,1.7,320,,1015.3,1026.4,1.0,0.93,0,0,3.2
2024-01-15 11:00,266,광양시,6.2,32,1.3,180,,1015.4,1026.3,1.0,1.66,0,0,13.4
2024-01-15 12:00,266,광양시,8.0,27,1.8,290,,1014.7,1025.6,1.0,2.04,0,0,18.4
2024-01-15 13:00,266,광양시,8.9,26,0.7,180,,1013.9,1024.7,1.0,2.21,0,0,20.6
2024-01-15 14:00,266,광양시,8.6,24,4.7,290,,1013.4,1024.2,1.0,2.14,0,0,18.9
2024-01-15 15:00,266,광양시,9.0,22,4.9,290,,1013.3,1024.1,1.0,1.83,0,0,15.7
2024-01-15 16:00,266,광양시,8.1,22,5.0,270,,1013.5,1024.3,1.0,1.33,0,0,11.1
2024-01-15 17:00,266,광양시,6.1,24,4.4,270,,1014.4,1025.3,1.0,0.68,0,0,5.5
2024-01-15 18:00,266,광양시,3.9,30,6.4,290,,1015.1,1026.1,0.5,0.09,0,0,1.8
2024-01-15 19:00,266,광양시,2.9,34,2.5,290,,1016.1,1027.2,,,0,0,0.3
2024-01-15 20:00,266,광양시,2.1,37,3.6,290,,1016.7,1027.8,,,0,0,-0.7
2024-01-15 21:00,266,광양시,1.3,40,1.7,320,,1017.2,1028.4,,,0,0,-1.2
2024-01-15 22:00,266,광양시,0.9,40,1.5,290,,1017.5,1028.7,,,0,0,-1.6
2024-01-15 23:00,266,광양시,0.7,42,3.0,270,,1017.6,1028.8,,,0,0,-1.8
2024-01-16 00:00,266,광양시,0.0,44,2.1,290,,1017.7,1028.9,,,0,0,-2.4
2024-01-16 01:00,266,광양시,-0.6,45,1.2,320,,1017.5,1028.8,,,0,0,-3.1
2024-01-16 02:00,266,광양시,-1.2,45,1.4,290,,1017.7,1029.0,,,0,0,-3.6
2024-01-16 03:00,266,광양시,-1.7,48,1.2,290,,1018.1,1029.4,,,0,0,-4.0
2024-01-16 04:00,266,광양시,-2.2,46,1.5,270,,1018.0,1029.3,,,0,0,-4.1
2024-01-16 05:00,266,광양시,-2.0,47,1.4,290,,1018.9,1030.2,,,0,0,-4.2
2024-01-16 06:00,266,광양시,-2.4,47,0.4,0,,1019.5,1030.9,,,0,0,-4.4
2024-01-16 07:00,266,광양시,-2.5,50,0.7,340,,1020.0,1031.4,,,0,0,-4.5
2024-01-16 08:00,266,광양시,-2.6,48,1.2,270,,1020.4,1031.8,0.0,0.01,0,0,-4.4
2024-01-16 09:00,266,광양시,-0.7,48,0.4,0,,1020.9,1032.2,0.5,0.17,0,0,-3.0
2024-01-16 10:00,266,광양시,3.6,30,1.0,140,,1021.8,1032.9,1.0,0.92,0,0,3.4
2024-01-16 11:00,266,광양시,4.7,25,2.9,90,,1022.0,1033.1,1.0,1.7,1,0,10.5
2024-01-16 12:00,266,광양시,6.3,24,2.4,70,,1021.9,1032.9,1.0,2.05,1,0,15.7
2024-01-16 13:00,266,광양시,7.7,21,2.1,90,,1021.3,1032.2,1.0,2.23,0,0,19.2
2024-01-16 14:00,266,광양시,8.3,22,2.7,90,,1020.7,1031.6,1.0,2.13,5,2,19.1
2024-01-16 15:00,266,광양시,8.0,25,1.9,70,,1020.5,1031.4,1.0,1.33,6,4,12.8
2024-01-16 16:00,266,광양시,7.9,29,1.7,90,,1020.9,1031.8,0.3,0.78,6,6,11.5
2024-01-16 17:00,266,광양시,7.6,30,1.8,70,,1021.1,1032.0,0.7,0.59,6,3,6.9
2024-01-16 18:00,266,광양시,5.7,35,0.5,90,,1021.4,1032.4,0.0,0.07,6,5,2.2
2024-01-16 19:00,266,광양시,4.0,39,0.9,290,,1021.9,1033.0,,,5,5,-0.1
2024-01-16 20:00,266,광양시,3.9,39,0.9,360,,1021.7,1032.8,,,7,7,0.0
2024-01-16 21:00,266,광양시,3.4,41,1.1,320,,1021.9,1033.0,,,5,3,-1.0
2024-01-16 22:00,266,광양시,2.9,45,0.9,290,,1021.6,1032.7,,,7,7,-1.3
2024-01-16 23:00,266,광양시,2.8,50,1.1,290,,1021.3,1032.4,,,5,5,-2.0
2024-01-17 00:00,266,광양시,2.6,58,0.6,290,,1020.9,1032.1,,,5,5,-0.4
2024-01-17 01:00,266,광양시,3.1,59,0.8,110,,1020.3,1031.4,,,9,9,1.1
2024-01-17 02:00,266,광양시,3.2,57,1.0,290,,1020.2,1031.3,,,10,10,1.1
2024-01-17 03:00,266,광양시,2.8,64,0.5,250,,1019.7,1030.8,,,8,5,-0.6
2024-01-17 04:00,266,광양시,3.0,67,0.3,0,,1019.3,1030.4,,,10,9,1.5
2024-01-17 05:00,266,광양시,3.2,70,0.6,270,,1018.9,1030.0,,,3,3,1.4
2024-01-17 06:00,266,광양시,2.9,71,0.2,0,,1018.8,1029.9,,,8,3,-0.4
2024-01-17 07:00,266,광양시,3.1,74,0.6,50,,1018.3,1029.4,,,9,3,0.9
2024-01-17 08:00,266,광양시,3.4,77,0.6,360,,1018.5,1029.6,0.0,0.01,9,6,2.1
2024-01-17 09:00,266,광양시,4.5,72,0.0,0,,1018.9,1029.9,0.0,0.18,8,5,4.8
2024-01-17 10:00,266,광양시,5.7,68,0.1,0,,1018.9,1029.9,0.0,0.32,10,5,8.5
2024-01-17 11:00,266,광양시,7.8,60,0.7,90,,1018.2,1029.1,0.0,0.7,10,4,12.6
2024-01-17 12:00,266,광양시,8.5,61,0.3,0,,1016.6,1027.4,0.0,0.55,10,10,10.7
2024-01-17 13:00,266,광양시,9.4,56,0.1,0,,1015.2,1026.0,0.0,0.66,10,8,10.7
2024-01-17 14:00,266,광양시,9.7,57,0.2,0,,1014.1,1024.9,0.0,0.26,10,9,10.4
2024-01-17 15:00,266,광양시,9.8,56,0.1,0,,1013.7,1024.5,0.0,0.29,10,5,9.8
2024-01-17 16:00,266,광양시,9.5,59,0.3,0,,1013.5,1024.3,0.0,0.17,9,6,8.8
2024-01-17 17:00,266,광양시,9.3,63,0.4,0,,1013.1,1023.9,0.0,0.14,9,9,8.1
2024-01-17 18:00,266,광양시,8.9,66,0.6,160,,1013.2,1024.0,0.0,0.03,10,3,6.5
2024-01-17 19:00,266,광양시,8.5,69,0.7,320,,1013.1,1023.9,,,9,8,6.3
2024-01-17 20:00,266,광양시,8.6,70,0.3,0,,1013.0,1023.8,,,10,4,6.5
2024-01-17 21:00,266,광양시,8.2,79,1.0,270,,1012.5,1023.3,,,10,3,6.2
2024-01-17 22:00,266,광양시,8.2,87,0.5,110,,1012.5,1023.3,,,2,2,6.5
2024-01-17 23:00,266,광양시,8.2,93,1.5,270,,1011.8,1022.6,,,9,4,6.4
2024-01-18 00:00,266,광양시,8.5,95,1.0,290,0.3,1011.3,1022.1,,,10,5,6.5
2024-01-18 01:00,266,광양시,8.8,95,1.5,270,,1010.9,1021.7,,,10,2,7.1
2024-01-18 02:00,266,광양시,9.3,96,0.4,0,,1010.5,1021.2,,,10,4,7.2
2024-01-18 03:00,266,광양시,9.8,95,1.4,270,0.1,1010.1,1020.9,,,10,2,7.6
2024-01-18 04:00,266,광양시,10.0,96,1.8,270,,1009.7,1020.4,,,10,6,8.1
2024-01-18 05:00,266,광양시,10.4,94,1.7,250,,1009.3,1020.0,,,10,1,7.9
2024-01-18 06:00,266,광양시,10.0,95,2.0,290,0.7,1009.2,1019.9,,,10,1,7.8
2024-01-18 07:00,266,광양시,9.9,95,2.0,270,,1009.4,1020.1,,,9,9,7.4
2024-01-18 08:00,266,광양시,10.7,94,2.3,270,,1009.8,1020.5,0.0,0.01,8,7,8.4
2024-01-18 09:00,266,광양시,11.7,87,2.6,290,,1009.9,1020.6,0.0,0.16,9,2,10.2
2024-01-18 10:00,266,광양시,11.6,87,1.3,50,,1010.2,1020.9,0.0,0.24,10,8,10.8
2024-01-18 11:00,266,광양시,11.6,92,0.8,200,,1010.2,1020.9,0.0,0.3,10,8,12.5
2024-01-18 12:00,266,광양시,11.8,88,0.9,200,0.5,1009.8,1020.4,0.0,0.48,10,3,12.8
2024-01-18 13:00,266,광양시,11.2,91,0.9,230,,1009.3,1020.0,0.0,0.24,10,3,11.3
2024-01-18 14:00,266,광양시,10.9,93,1.5,290,,1009.2,1019.9,0.0,0.16,10,5,10.7
2024-01-18 15:00,266,광양시,10.9,94,0.4,0,0.6,1009.0,1019.7,0.0,0.18,10,3,11.2
2024-01-18 16:00,266,광양시,10.9,95,1.5,70,,1009.6,1020.3,0.0,0.16,10,5,10.9
2024-01-18 17:00,266,광양시,10.6,90,2.5,70,,1010.2,1020.9,0.0,0.08,10,2,9.8
2024-01-18 18:00,266,광양시,10.0,96,2.1,90,1.4,1011.1,1021.9,0.0,0.0,10,5,9.3
2024-01-18 19:00,266,광양시,8.9,93,3.0,90,,1011.8,1022.6,,,10,4,8.5
2024-01-18 20:00,266,광양시,8.3,95,4.1,70,,1012.3,1023.1,,,10,2,8.1
2024-01-18 21:00,266,광양시,8.1,93,4.6,70,3.1,1012.7,1023.5,,,10,3,7.8
2024-01-18 22:00,266,광양시,8.0,88,4.6,70,,1013.3,1024.1,,,10,3,7.4
2024-01-18 23:00,266,광양시,7.5,91,3.8,70,,1013.8,1024.7,,,10,4,7.1
2024-01-19 00:00,266,광양시,7.0,93,4.5,90,0.7,1014.0,1024.9,,,10,5,6.8
2024-01-19 01:00,266,광양시,6.6,93,4.9,70,,1014.1,1025.0,,,10,2,6.5
2024-01-19 02:00,266,광양시,6.2,92,4.2,70,,1014.3,1025.2,,,10,4,6.2
2024-01-19 03:00,266,광양시,6.2,89,4.7,70,0.5,1014.7,1025.6,,,10,3,6.0
2024-01-19 04:00,266,광양시,6.1,88,4.7,70,,1015.1,1026.1,,,6,4,5.8
2024-01-19 05:00,266,광양시,5.9,86,4.1,70,,1015.0,1026.0,,,3,3,5.6
2024-01-19 06:00,266,광양시,5.9,80,3.9,70,,1015.2,1026.2,,,3,3,5.4
2024-01-19 07:00,266,광양시,5.9,79,3.1,70,,1015.8,1026.8,,,7,7,5.3
2024-01-19 08:00,266,광양시,5.9,77,3.2,50,,1016.3,1027.3,0.0,0.01,4,4,5.4
2024-01-19 09:00,266,광양시,6.2,76,3.0,70,,1016.9,1027.9,0.0,0.13,9,9,6.4
2024-01-19 10:00,266,광양시,6.3,76,3.6,70,,1017.1,1028.1,0.0,0.19,9,9,6.8
2024-01-19 11:00,266,광양시,6.5,74,2.9,70,,1017.2,1028.2,0.0,0.26,9,9,7.3
2024-01-19 12:00,266,광양시,7.0,72,3.1,70,,1016.5,1027.4,0.0,0.39,10,10,8.8
2024-01-19 13:00,266,광양시,7.3,69,3.9,90,,1015.9,1026.8,0.0,0.49,8,8,9.2
2024-01-19 14:00,266,광양시,7.6,69,3.6,70,,1015.4,1026.3,0.0,0.56,9,9,9.3
2024-01-19 15:00,266,광양시,7.6,70,3.3,70,0.0,1014.9,1025.8,0.0,0.4,10,9,8.7
2024-01-19 16:00,266,광양시,7.1,70,3.5,70,,1014.8,1025.7,0.0,0.4,8,6,7.8
2024-01-19 17:00,266,광양시,6.6,70,4.2,70,,1015.0,1025.9,0.0,0.14,7,5,6.1
2024-01-19 18:00,266,광양시,6.5,67,5.4,70,0.1,1015.0,1025.9,0.0,0.01,10,3,5.3
2024-01-19 19:00,266,광양시,6.5,66,5.7,70,,1015.5,1026.4,,,9,6,5.1
2024-01-19 20:00,266,광양시,6.0,72,4.6,70,,1015.8,1026.8,,,9,6,4.8
2024-01-19 21:00,266,광양시,5.7,77,4.3,70,0.1,1015.9,1026.9,,,10,3,4.8
2024-01-19 22:00,266,광양시,6.2,73,4.2,70,,1015.9,1026.9,,,9,3,4.9
2024-01-19 23:00,266,광양시,6.4,74,4.8,70,,1015.5,1026.4,,,10,2,4.9
2024-01-20 00:00,266,광양시,6.5,76,5.0,70,,1015.6,1026.5,,,10,2,5.1
2024-01-20 01:00,266,광양시,6.2,80,4.6,70,,1015.8,1026.8,,,10,2,5.1
2024-01-20 02:00,266,광양시,6.6,76,3.5,70,,1015.4,1026.3,,,10,4,5.2
2024-01-20 03:00,266,광양시,6.8,75,4.7,70,0.1,1014.9,1025.8,,,10,2,5.3
2024-01-20 04:00,266,광양시,6.9,76,4.0,70,,1014.3,1025.2,,,9,3,5.4
2024-01-20 05:00,266,광양시,6.7,79,4.4,70,,1013.6,1024.5,,,10,8,5.4
2024-01-20 06:00,266,광양시,7.0,75,4.6,70,,1013.4,1024.3,,,10,10,5.4
2024-01-20 07:00,266,광양시,6.9,74,4.1,70,,1013.3,1024.2,,,10,10,5.4
2024-01-20 08:00,266,광양시,6.9,74,4.3,90,,1013.1,1024.0,0.0,0.0,10,10,5.5
2024-01-20 09:00,266,광양시,6.7,78,5.1,70,,1013.3,1024.2,0.0,0.06,9,7,5.8
2024-01-20 10:00,266,광양시,6.2,87,4.0,90,,1013.2,1024.1,0.0,0.11,9,9,6.1
2024-01-20 11:00,266,광양시,6.0,90,3.5,90,,1012.5,1023.4,0.0,0.17,9,2,6.5
2024-01-20 12:00,266,광양시,5.8,91,5.7,70,3.8,1011.5,1022.4,0.0,0.23,9,4,6.6
2024-01-20 13:00,266,광양시,5.8,89,7.0,70,,1010.1,1021.0,0.0,0.32,10,2,6.8
2024-01-20 14:00,266,광양시,5.5,90,5.0,70,,1009.6,1020.5,0.0,0.27,10,5,6.9
2024-01-20 15:00,266,광양시,5.5,89,6.0,70,2.4,1009.1,1020.0,0.0,0.27,10,5,6.5
2024-01-20 16:00,266,광양시,5.4,91,6.3,70,,1009.1,1020.0,0.0,0.16,10,3,6.0
2024-01-20 17:00,266,광양시,5.2,91,5.5,70,,1009.2,1020.1,0.0,0.08,10,5,5.5
2024-01-20 18:00,266,광양시,5.0,90,6.2,70,3.4,1008.9,1019.8,0.0,0.02,10,5,5.0
2024-01-20 19:00,266,광양시,4.9,90,5.1,70,,1009.3,1020.2,,,10,8,4.9
2024-01-20 20:00,266,광양시,4.8,90,6.0,70,,1009.5,1020.5,,,10,5,4.7
2024-01-20 21:00,266,광양시,4.8,90,5.2,70,3.4,1009.6,1020.6,,,10,8,4.7
2024-01-20 22:00,266,광양시,4.9,89,5.3,70,,1009.7,1020.7,,,10,5,4.6
2024-01-20 23:00,266,광양시,5.4,85,6.3,50,,1009.7,1020.6,,,9,3,4.8
2024-01-21 00:00,266,광양시,5.7,81,5.4,70,1.4,1009.6,1020.5,,,8,4,4.5
2024-01-21 01:00,266,광양시,5.8,79,5.1,70,,1009.6,1020.5,,,7,4,4.1
2024-01-21 02:00,266,광양시,5.9,78,4.9,70,,1009.6,1020.5,,,8,2,4.0
2024-01-21 03:00,266,광양시,6.4,75,3.4,90,,1009.6,1020.5,,,9,6,4.5
2024-01-21 04:00,266,광양시,6.7,73,4.5,70,,1009.7,1020.6,,,3,3,4.8
2024-01-21 05:00,266,광양시,6.9,71,4.1,70,,1010.4,1021.3,,,3,3,4.9
2024-01-21 06:00,266,광양시,6.6,74,2.2,70,,1010.9,1021.8,,,0,0,4.9
2024-01-21 07:00,266,광양시,6.7,72,1.9,90,,1011.3,1022.2,,,1,1,4.9
2024-01-21 08:00,266,광양시,6.9,72,1.8,70,,1012.1,1023.0,0.0,0.0,6,6,5.1
2024-01-21 09:00,266,광양시,7.3,69,1.6,50,,1013.0,1023.9,0.0,0.13,2,2,6.5
2024-01-21 10:00,266,광양시,8.2,67,2.5,70,,1013.6,1024.4,0.0,0.4,9,9,8.9
2024-01-21 11:00,266,광양시,8.9,65,2.2,90,,1013.6,1024.4,0.0,0.75,10,7,11.4
2024-01-21 12:00,266,광양시,10.0,60,2.9,90,,1012.8,1023.6,0.2,1.32,7,5,15.8
2024-01-21 13:00,266,광양시,11.3,57,1.8,70,,1012.2,1022.9,0.8,1.9,7,7,17.7
2024-01-21 14:00,266,광양시,10.5,60,1.5,180,,1011.7,1022.4,0.0,0.94,9,9,13.9
2024-01-21 15:00,266,광양시,9.9,64,1.2,230,,1012.1,1022.9,0.0,0.45,10,5,11.6
2024-01-21 16:00,266,광양시,8.7,77,2.0,290,,1012.7,1023.5,0.0,0.23,10,4,9.9
2024-01-21 17:00,266,광양시,7.7,87,2.0,290,,1013.2,1024.0,0.0,0.14,10,5,8.5
2024-01-21 18:00,266,광양시,7.1,91,2.1,270,,1013.6,1024.5,0.0,0.01,3,3,7.6
2024-01-21 19:00,266,광양시,6.7,88,1.7,290,,1013.8,1024.7,,,3,3,7.0
2024-01-21 20:00,266,광양시,6.0,84,3.6,270,,1013.8,1024.7,,,3,3,6.2
2024-01-21 21:00,266,광양시,5.5,82,2.9,290,,1013.9,1024.9,,,3,3,5.8
2024-01-21 22:00,266,광양시,5.0,79,3.5,290,,1013.9,1024.9,,,3,3,5.5
2024-01-21 23:00,266,광양시,4.3,80,4.8,320,,1013.8,1024.8,,,3,3,4.8
2024-01-22 00:00,266,광양시,3.7,80,3.7,320,,1013.8,1024.8,,,3,3,4.4
2024-01-22 01:00,266,광양시,2.8,80,5.8,320,,1013.8,1024.9,,,8,8,3.7
2024-01-22 02:00,266,광양시,1.8,81,3.1,270,,1014.0,1025.1,,,9,5,2.1
2024-01-22 03:00,266,광양시,1.3,79,5.9,270,,1013.8,1024.9,,,8,0,1.1
2024-01-22 04:00,266,광양시,0.7,76,5.3,290,,1013.6,1024.8,,,7,4,0.8
2024-01-22 05:00,266,광양시,0.3,71,4.5,290,,1013.6,1024.8,,,8,5,0.3
2024-01-22 06:00,266,광양시,-0.3,68,3.4,320,,1013.7,1024.9,,,6,1,0.2
2024-01-22 07:00,266,광양시,-0.8,67,5.3,290,,1013.6,1024.8,,,6,0,-1.4
2024-01-22 08:00,266,광양시,-1.2,67,4.3,270,,1013.9,1025.1,0.0,0.01,4,2,-1.9
2024-01-22 09:00,266,광양시,-1.1,61,3.1,270,,1014.8,1026.0,0.2,0.26,2,2,-1.2
2024-01-22 10:00,266,광양시,-1.0,54,5.1,290,,1015.1,1026.3,0.9,0.85,4,0,1.9
2024-01-22 11:00,266,광양시,-0.9,53,2.9,290,,1015.6,1026.8,0.9,1.46,6,2,6.6
2024-01-22 12:00,266,광양시,-0.8,51,6.0,320,,1014.8,1026.0,0.9,1.96,7,2,10.7
2024-01-22 13:00,266,광양시,-0.8,56,4.5,290,,1014.7,1025.9,1.0,2.31,7,2,12.1
2024-01-22 14:00,266,광양시,-1.0,50,5.3,270,,1013.7,1024.9,1.0,2.14,7,5,10.7
2024-01-22 15:00,266,광양시,-1.7,57,5.5,270,,1013.9,1025.2,0.9,1.55,7,7,6.3
2024-01-22 16:00,266,광양시,-2.1,55,5.3,290,,1014.3,1025.6,0.7,0.98,7,2,3.0
2024-01-22 17:00,266,광양시,-3.7,74,3.2,290,,1015.0,1026.4,0.0,0.37,5,5,0.0
2024-01-22 18:00,266,광양시,-4.0,63,4.4,290,,1015.6,1027.0,0.0,0.05,3,3,-2.5
2024-01-22 19:00,266,광양시,-4.4,65,4.7,290,,1016.1,1027.5,,,7,5,-3.7
2024-01-22 20:00,266,광양시,-4.7,63,3.6,270,,1015.6,1027.0,,,7,7,-4.4
2024-01-22 21:00,266,광양시,-4.9,63,3.7,290,,1016.4,1027.8,,,6,3,-4.8
2024-01-22 22:00,266,광양시,-5.1,64,3.7,320,,1016.2,1027.7,,,6,3,-5.2
2024-01-22 23:00,266,광양시,-5.3,67,3.0,320,,1016.0,1027.4,,,7,4,-4.6
2024-01-23 00:00,266,광양시,-5.7,66,2.9,320,,1015.2,1026.7,,,7,7,-5.3
2024-01-23 01:00,266,광양시,-6.1,67,2.1,250,,1015.6,1027.1,,,6,6,-5.9
2024-01-23 02:00,266,광양시,-6.2,66,3.4,270,,1015.8,1027.3,,,3,3,-6.0
2024-01-23 03:00,266,광양시,-6.3,64,3.8,290,,1015.9,1027.4,,,6,6,-6.0
2024-01-23 04:00,266,광양시,-6.4,65,3.8,290,,1015.3,1026.8,,,6,6,-6.3
2024-01-23 05:00,266,광양시,-6.6,64,3.4,290,,1015.2,1026.7,,,6,5,-6.5
2024-01-23 06:00,266,광양시,-6.9,65,2.6,270,,1015.2,1026.7,,,0,0,-7.2
2024-01-23 07:00,266,광양시,-7.2,66,3.1,290,,1015.2,1026.7,,,0,0,-7.1
2024-01-23 08:00,266,광양시,-7.2,65,4.0,290,,1015.4,1026.9,0.0,0.01,2,2,-6.8
2024-01-23 09:00,266,광양시,-6.5,61,5.1,320,,1015.6,1027.1,0.3,0.24,4,1,-5.5
2024-01-23 10:00,266,광양시,-5.1,55,4.1,290,,1015.6,1027.0,1.0,0.95,6,2,0.3
2024-01-23 11:00,266,광양시,-3.7,51,3.3,270,,1015.4,1026.8,1.0,1.66,2,0,0.6
2024-01-23 12:00,266,광양시,-2.8,49,4.2,270,,1014.2,1025.5,1.0,2.04,6,0,5.7
2024-01-23 13:00,266,광양시,-2.8,50,4.2,270,,1013.0,1024.3,0.9,2.15,7,2,6.0
2024-01-23 14:00,266,광양시,-3.2,52,7.4,290,,1012.0,1023.3,0.8,1.74,7,3,2.6
2024-01-23 15:00,266,광양시,-2.5,51,7.3,320,,1011.8,1023.1,0.9,1.75,7,7,4.1
2024-01-23 16:00,266,광양시,-3.2,55,5.3,290,,1011.9,1023.2,0.8,1.13,7,7,0.8
2024-01-23 17:00,266,광양시,-4.0,56,4.2,270,,1011.6,1022.9,0.5,0.45,6,3,-1.7
2024-01-23 18:00,266,광양시,-5.1,60,4.4,270,,1012.3,1023.7,0.1,0.13,8,6,-4.5
2024-01-23 19:00,266,광양시,-5.6,68,4.1,270,,1012.6,1024.0,,,8,7,-5.1
2024-01-23 20:00,266,광양시,-5.6,66,4.7,290,,1012.8,1024.2,,,8,3,-5.6
2024-01-23 21:00,266,광양시,-5.7,70,3.9,290,,1012.9,1024.3,,,3,2,-5.8
2024-01-23 22:00,266,광양시,-5.5,67,4.0,290,,1013.1,1024.5,,,7,7,-5.8
2024-01-23 23:00,266,광양시,-5.5,64,4.5,270,,1013.0,1024.4,,,5,2,-6.8
2024-01-24 00:00,266,광양시,-5.9,64,4.0,270,,1012.8,1024.2,,,5,2,-7.5
2024-01-24 01:00,266,광양시,-6.0,61,3.5,290,,1012.2,1023.6,,,4,0,-7.9
2024-01-24 02:00,266,광양시,-5.5,59,3.9,290,,1012.0,1023.4,,,2,0,-7.8
2024-01-24 03:00,266,광양시,-5.6,61,3.3,290,,1012.4,1023.8,,,1,0,-7.8
2024-01-24 04:00,266,광양시,-5.6,60,5.7,270,,1012.5,1023.9,,,0,0,-7.8
2024-01-24 05:00,266,광양시,-5.7,61,4.7,270,,1012.7,1024.1,,,5,0,-7.5
2024-01-24 06:00,266,광양시,-5.9,63,4.5,290,,1012.7,1024.1,,,1,0,-7.8
2024-01-24 07:00,266,광양시,-5.9,65,4.4,290,,1013.2,1024.6,,,0,0,-7.7
2024-01-24 08:00,266,광양시,-5.7,65,4.2,290,,1013.2,1024.6,0.0,0.01,4,1,-6.7
2024-01-24 09:00,266,광양시,-4.7,62,3.4,270,,1013.4,1024.8,0.3,0.24,8,0,-4.9
2024-01-24 10:00,266,광양시,-2.8,55,3.8,270,,1013.9,1025.2,0.9,0.88,7,0,2.0
2024-01-24 11:00,266,광양시,-2.5,54,4.7,270,,1014.5,1025.8,0.8,1.39,7,4,1.8
2024-01-24 12:00,266,광양시,-1.2,48,4.2,290,,1013.7,1024.9,0.9,1.8,7,2,5.3
2024-01-24 13:00,266,광양시,0.4,41,5.6,290,,1012.6,1023.8,1.0,2.31,0,0,8.4
2024-01-24 14:00,266,광양시,0.6,42,4.2,290,,1012.5,1023.7,1.0,2.24,2,1,7.8
2024-01-24 15:00,266,광양시,1.1,41,3.7,270,,1012.6,1023.7,1.0,1.89,1,1,7.9
2024-01-24 16:00,266,광양시,0.1,42,4.3,270,,1013.0,1024.2,1.0,1.45,0,0,3.8
2024-01-24 17:00,266,광양시,-1.0,45,3.7,270,,1013.4,1024.6,1.0,0.78,0,0,-0.3
2024-01-24 18:00,266,광양시,-3.0,55,6.0,290,,1014.1,1025.4,0.6,0.13,0,0,-3.2
2024-01-24 19:00,266,광양시,-3.8,60,3.4,290,,1014.7,1026.1,,,1,0,-4.6
2024-01-24 20:00,266,광양시,-3.8,59,5.9,290,,1015.0,1026.4,,,1,0,-5.4
2024-01-24 21:00,266,광양시,-3.8,62,4.9,290,,1014.9,1026.3,,,3,0,-5.7
2024-01-24 22:00,266,광양시,-4.0,64,5.2,270,,1015.0,1026.4,,,3,0,-6.1
2024-01-24 23:00,266,광양시,-3.9,63,4.9,290,,1015.2,1026.6,,,1,0,-6.2
2024-01-25 00:00,266,광양시,-4.1,62,4.4,290,,1015.4,1026.8,,,3,0,-6.5
2024-01-25 01:00,266,광양시,-4.5,63,3.3,290,,1015.4,1026.8,,,0,0,-7.0
2024-01-25 02:00,266,광양시,-4.9,61,3.3,290,,1015.4,1026.8,,,0,0,-7.7
2024-01-25 03:00,266,광양시,-4.9,57,5.5,270,,1015.5,1026.9,,,2,0,-7.1
2024-01-25 04:00,266,광양시,-5.0,57,4.3,290,,1015.6,1027.0,,,0,0,-7.6
2024-01-25 05:00,266,광양시,-5.2,60,1.9,290,,1015.4,1026.8,,,3,0,-8.2
2024-01-25 06:00,266,광양시,-5.6,63,1.4,320,,1016.1,1027.6,,,0,0,-9.5
2024-01-25 07:00,266,광양시,-5.1,64,2.1,320,,1016.8,1028.3,,,3,0,-8.2
2024-01-25 08:00,266,광양시,-5.0,64,1.5,290,,1016.9,1028.4,0.0,0.01,0,0,-7.7
2024-01-25 09:00,266,광양시,-3.2,57,1.9,270,,1017.5,1028.9,0.4,0.23,0,0,-4.9
2024-01-25 10:00,266,광양시,-1.1,47,3.2,290,,1017.3,1028.6,1.0,0.96,2,0,2.0
2024-01-25 11:00,266,광양시,0.0,38,4.5,290,,1017.1,1028.3,1.0,1.72,2,0,3.0
2024-01-25 12:00,266,광양시,2.4,32,3.1,290,,1016.7,1027.8,1.0,2.18,4,0,8.7
2024-01-25 13:00,266,광양시,4.5,24,3.3,290,,1015.6,1026.6,1.0,2.42,5,2,11.5
2024-01-25 14:00,266,광양시,4.3,25,3.8,270,,1014.9,1025.9,1.0,2.1,5,1,9.3
2024-01-25 15:00,266,광양시,5.6,22,4.1,270,,1014.6,1025.6,1.0,1.91,0,0,10.1
2024-01-25 16:00,266,광양시,5.4,22,3.2,270,,1014.6,1025.6,1.0,1.44,0,0,7.3
2024-01-25 17:00,266,광양시,3.4,27,4.1,290,,1015.3,1026.4,1.0,0.79,0,0,2.2
2024-01-25 18:00,266,광양시,1.2,33,3.8,290,,1015.9,1027.1,0.6,0.16,0,0,-0.6
2024-01-25 19:00,266,광양시,0.4,37,3.7,290,,1016.4,1027.6,,,0,0,-1.9
2024-01-25 20:00,266,광양시,-0.4,45,3.5,270,,1016.9,1028.1,,,0,0,-2.6
2024-01-25 21:00,266,광양시,-0.9,48,4.6,290,,1017.0,1028.3,,,0,0,-3.0
2024-01-25 22:00,266,광양시,-1.2,51,4.7,270,,1017.6,1028.9,,,0,0,-3.5
2024-01-25 23:00,266,광양시,-1.4,51,3.3,290,,1017.7,1029.0,,,0,0,-4.0
2024-01-26 00:00,266,광양시,-1.6,54,2.9,290,,1017.6,1028.9,,,0,0,-4.6
2024-01-26 01:00,266,광양시,-1.8,51,1.6,290,,1017.4,1028.7,,,0,0,-5.1
2024-01-26 02:00,266,광양시,-2.5,51,0.2,0,,1017.7,1029.0,,,2,0,-6.8
2024-01-26 03:00,266,광양시,-2.9,53,0.8,360,,1017.4,1028.8,,,2,0,-7.9
2024-01-26 04:00,266,광양시,-3.3,55,0.5,20,,1017.4,1028.8,,,2,0,-8.3
2024-01-26 05:00,266,광양시,-3.7,58,0.9,320,,1017.1,1028.5,,,0,0,-8.6
2024-01-26 06:00,266,광양시,-3.7,61,0.6,50,,1017.0,1028.4,,,0,0,-8.8
2024-01-26 07:00,266,광양시,-3.8,59,0.7,320,,1017.4,1028.8,,,0,0,-8.8
2024-01-26 08:00,266,광양시,-3.5,58,0.3,0,,1017.7,1029.1,0.0,0.01,0,0,-7.8
2024-01-26 09:00,266,광양시,-1.2,54,1.1,270,,1018.2,1029.5,0.5,0.23,0,0,-4.4
2024-01-26 10:00,266,광양시,2.5,45,0.7,160,,1018.4,1029.5,1.0,0.92,1,0,3.4
2024-01-26 11:00,266,광양시,4.5,43,1.6,160,,1018.4,1029.4,1.0,1.67,0,0,5.4
2024-01-26 12:00,266,광양시,6.0,41,2.1,140,,1017.5,1028.5,1.0,2.08,0,0,11.4
2024-01-26 13:00,266,광양시,7.2,39,1.7,90,,1016.2,1027.1,1.0,2.26,1,0,14.5
2024-01-26 14:00,266,광양시,8.6,37,1.3,180,,1016.0,1026.8,1.0,2.17,0,0,15.4
2024-01-26 15:00,266,광양시,9.0,36,3.5,270,,1015.9,1026.7,1.0,1.87,0,0,13.1
2024-01-26 16:00,266,광양시,9.0,37,2.7,270,,1015.9,1026.7,1.0,1.36,0,0,10.8
2024-01-26 17:00,266,광양시,7.3,40,2.8,270,,1016.1,1027.0,1.0,0.72,0,0,5.9
2024-01-26 18:00,266,광양시,4.7,50,3.9,290,,1016.4,1027.4,0.6,0.14,0,0,1.5
2024-01-26 19:00,266,광양시,3.5,56,4.7,320,,1016.8,1027.9,,,0,0,0.4
2024-01-26 20:00,266,광양시,2.5,61,3.7,290,,1016.8,1027.9,,,0,0,-0.3
2024-01-26 21:00,266,광양시,1.7,64,3.1,290,,1017.0,1028.2,,,0,0,-0.5
2024-01-26 22:00,266,광양시,0.9,67,1.9,290,,1017.2,1028.4,,,0,0,-1.3
2024-01-26 23:00,266,광양시,0.8,68,3.0,290,,1017.3,1028.5,,,0,0,-1.6
2024-01-27 00:00,266,광양시,0.6,68,2.4,320,,1017.1,1028.3,,,0,0,-1.9
2024-01-27 01:00,266,광양시,0.3,68,2.2,290,,1017.1,1028.3,,,2,0,-2.5
2024-01-27 02:00,266,광양시,0.0,69,2.1,290,,1016.9,1028.1,,,2,2,-3.0
2024-01-27 03:00,266,광양시,-0.9,71,1.0,70,,1016.7,1028.0,,,0,0,-4.4
2024-01-27 04:00,266,광양시,-1.1,72,0.3,0,,1016.2,1027.5,,,0,0,-5.1
2024-01-27 05:00,266,광양시,-1.8,76,0.4,0,,1016.4,1027.7,,,0,0,-5.5
2024-01-27 06:00,266,광양시,-2.1,76,0.7,90,,1016.6,1027.9,,,0,0,-5.9
2024-01-27 07:00,266,광양시,-2.1,79,0.9,320,,1017.0,1028.3,,,0,0,-6.2
2024-01-27 08:00,266,광양시,-2.0,79,1.0,340,,1017.1,1028.4,0.0,0.02,0,0,-5.6
2024-01-27 09:00,266,광양시,0.3,71,0.4,0,,1017.4,1028.6,0.4,0.23,0,0,-2.4
2024-01-27 10:00,266,광양시,4.0,58,1.1,180,,1017.5,1028.6,1.0,0.92,1,0,3.2
2024-01-27 11:00,266,광양시,5.5,51,1.7,230,,1017.5,1028.5,1.0,1.67,2,0,7.7
2024-01-27 12:00,266,광양시,7.0,46,1.9,140,,1016.3,1027.2,1.0,2.06,0,0,13.8
2024-01-27 13:00,266,광양시,9.1,38,2.5,200,,1015.1,1025.9,1.0,2.23,0,0,15.5
2024-01-27 14:00,266,광양시,10.3,33,3.2,290,,1014.2,1025.0,1.0,2.18,0,0,15.4
2024-01-27 15:00,266,광양시,9.7,32,3.4,290,,1013.7,1024.5,1.0,1.89,0,0,13.1
2024-01-27 16:00,266,광양시,10.0,34,2.7,290,,1013.6,1024.4,1.0,1.37,2,0,10.7
2024-01-27 17:00,266,광양시,8.1,35,3.3,290,,1013.5,1024.3,1.0,0.74,0,0,6.2
2024-01-27 18:00,266,광양시,6.0,39,3.8,290,,1013.6,1024.5,0.6,0.16,0,0,2.1
2024-01-27 19:00,266,광양시,4.8,37,4.4,290,,1013.8,1024.8,,,0,0,0.8
2024-01-27 20:00,266,광양시,3.7,36,3.6,290,,1013.8,1024.8,,,0,0,-0.2
2024-01-27 21:00,266,광양시,2.9,39,1.7,320,,1014.1,1025.2,,,8,1,0.2
2024-01-27 22:00,266,광양시,2.8,39,1.2,320,,1014.4,1025.5,,,9,9,0.2
2024-01-27 23:00,266,광양시,1.9,42,0.6,20,,1014.2,1025.3,,,7,3,-0.7
2024-01-28 00:00,266,광양시,1.9,44,1.3,290,,1014.6,1025.7,,,8,8,-0.3
2024-01-28 01:00,266,광양시,0.8,49,1.7,290,,1014.9,1026.1,,,7,6,-1.1
2024-01-28 02:00,266,광양시,1.1,46,0.7,360,,1014.6,1025.8,,,9,3,-0.6
2024-01-28 03:00,266,광양시,0.9,51,1.1,340,,1014.6,1025.8,,,7,7,-1.0
2024-01-28 04:00,266,광양시,0.8,55,1.9,320,,1014.3,1025.5,,,2,2,-1.8
2024-01-28 05:00,266,광양시,-0.1,59,0.6,270,,1014.5,1025.7,,,0,0,-2.5
2024-01-28 06:00,266,광양시,-0.1,63,0.9,270,,1014.5,1025.7,,,0,0,-3.0
2024-01-28 07:00,266,광양시,0.7,61,2.2,270,,1015.1,1026.3,,,0,0,-2.9
2024-01-28 08:00,266,광양시,0.4,61,1.9,290,,1015.9,1027.1,0.0,0.02,0,0,-2.8
2024-01-28 09:00,266,광양시,1.8,54,3.2,320,,1016.7,1027.8,0.5,0.24,0,0,-1.2
2024-01-28 10:00,266,광양시,4.0,39,1.4,290,,1017.2,1028.2,1.0,0.96,0,0,2.0
2024-01-28 11:00,266,광양시,4.9,38,3.3,270,,1017.4,1028.4,1.0,1.71,0,0,8.4
2024-01-28 12:00,266,광양시,6.1,39,4.1,270,,1017.4,1028.4,1.0,2.14,0,0,12.9
2024-01-28 13:00,266,광양시,6.6,38,4.6,270,,1016.8,1027.7,1.0,2.31,0,0,14.1
2024-01-28 14:00,266,광양시,7.2,38,2.5,320,,1016.3,1027.2,1.0,2.24,0,0,14.1
2024-01-28 15:00,266,광양시,8.1,37,3.6,290,,1016.1,1027.0,1.0,1.92,0,0,13.4
2024-01-28 16:00,266,광양시,7.4,36,4.9,290,,1016.2,1027.1,1.0,1.46,0,0,10.0
2024-01-28 17:00,266,광양시,5.7,41,4.1,320,,1017.0,1028.0,1.0,0.82,0,0,5.5
2024-01-28 18:00,266,광양시,3.8,48,3.8,290,,1017.8,1028.9,0.7,0.16,0,0,1.6
2024-01-28 19:00,266,광양시,2.9,54,4.2,270,,1018.0,1029.1,,,0,0,0.3
2024-01-28 20:00,266,광양시,1.7,58,1.5,290,,1018.5,1029.7,,,0,0,-0.9
2024-01-28 21:00,266,광양시,1.2,60,2.2,320,,1018.9,1030.1,,,0,0,-0.8
2024-01-28 22:00,266,광양시,0.8,62,1.8,290,,1019.2,1030.4,,,0,0,-1.3
2024-01-28 23:00,266,광양시,0.4,64,1.9,320,,1019.5,1030.7,,,0,0,-1.8
2024-01-29 00:00,266,광양시,-0.3,66,1.0,290,,1019.5,1030.8,,,0,0,-2.4
2024-01-29 01:00,266,광양시,-0.8,68,1.3,290,,1019.1,1030.4,,,0,0,-2.9
2024-01-29 02:00,266,광양시,-1.0,69,1.6,320,,1019.1,1030.4,,,0,0,-3.4
2024-01-29 03:00,266,광양시,-1.2,69,2.1,320,,1019.3,1030.6,,,0,0,-3.7
2024-01-29 04:00,266,광양시,-1.4,70,1.3,340,,1019.5,1030.8,,,0,0,-4.4
2024-01-29 05:00,266,광양시,-1.9,72,0.9,290,,1019.2,1030.5,,,0,0,-5.1
2024-01-29 06:00,266,광양시,-1.8,72,1.6,320,,1019.3,1030.6,,,0,0,-4.9
2024-01-29 07:00,266,광양시,-2.8,77,1.0,290,,1019.7,1031.1,,,0,0,-6.1
2024-01-29 08:00,266,광양시,-2.3,76,1.3,320,,1020.3,1031.7,0.0,0.02,0,0,-5.4
2024-01-29 09:00,266,광양시,-0.5,68,0.3,0,,1020.4,1031.7,0.4,0.23,0,0,-2.7
2024-01-29 10:00,266,광양시,2.1,60,1.1,250,,1020.6,1031.8,1.0,0.97,0,0,2.7
2024-01-29 11:00,266,광양시,4.4,51,1.4,70,,1020.3,1031.4,1.0,1.73,0,0,7.5
2024-01-29 12:00,266,광양시,5.8,43,1.5,110,,1019.8,1030.8,1.0,2.12,0,0,14.3
2024-01-29 13:00,266,광양시,6.4,41,1.6,70,,1018.6,1029.6,1.0,2.31,0,0,16.3
2024-01-29 14:00,266,광양시,8.2,33,2.5,270,,1018.2,1029.1,1.0,2.27,0,0,16.6
2024-01-29 15:00,266,광양시,9.3,31,2.3,270,,1017.8,1028.6,1.0,1.98,0,0,14.9
2024-01-29 16:00,266,광양시,8.8,32,3.0,320,,1017.9,1028.7,1.0,1.46,0,0,11.5
2024-01-29 17:00,266,광양시,7.4,29,3.0,290,,1017.8,1028.7,1.0,0.82,0,0,6.6
2024-01-29 18:00,266,광양시,5.1,36,1.6,290,,1018.2,1029.2,0.7,0.17,0,0,1.5
2024-01-29 19:00,266,광양시,3.6,44,1.8,320,,1018.5,1029.6,,,0,0,0.6
2024-01-29 20:00,266,광양시,3.0,48,1.6,290,,1018.7,1029.8,,,0,0,0.0
2024-01-29 21:00,266,광양시,2.0,51,1.1,290,,1019.4,1030.6,,,0,0,-0.4
2024-01-29 22:00,266,광양시,1.9,51,1.4,320,,1019.4,1030.6,,,0,0,-1.0
2024-01-29 23:00,266,광양시,0.1,59,0.9,290,,1019.7,1031.0,,,2,0,-1.8
2024-01-30 00:00,266,광양시,-0.1,60,1.0,270,,1019.8,1031.1,,,0,0,-2.2
2024-01-30 01:00,266,광양시,-0.2,60,0.8,270,,1019.7,1031.0,,,0,0,-2.6
2024-01-30 02:00,266,광양시,-0.7,63,0.5,230,,1019.6,1030.9,,,0,0,-3.2
2024-01-30 03:00,266,광양시,-1.0,63,0.9,270,,1019.4,1030.7,,,0,0,-3.6
2024-01-30 04:00,266,광양시,-1.3,67,1.1,250,,1019.0,1030.3,,,0,0,-4.0
2024-01-30 05:00,266,광양시,-1.8,70,0.6,50,,1019.0,1030.3,,,0,0,-4.4
2024-01-30 06:00,266,광양시,-2.0,70,1.3,270,,1019.2,1030.5,,,3,2,-4.5
2024-01-30 07:00,266,광양시,-1.8,67,0.8,340,,1019.7,1031.0,,,7,1,-4.5
2024-01-30 08:00,266,광양시,-1.8,67,0.2,0,,1019.9,1031.2,0.0,0.01,0,0,-4.2
2024-01-30 09:00,266,광양시,0.3,64,0.5,200,,1020.2,1031.5,0.4,0.22,5,0,-2.0
2024-01-30 10:00,266,광양시,3.1,53,1.7,70,,1020.1,1031.2,0.9,0.92,0,0,1.3
2024-01-30 11:00,266,광양시,6.7,39,2.1,90,,1020.0,1031.0,1.0,1.74,0,0,7.0
2024-01-30 12:00,266,광양시,7.7,36,3.1,90,,1018.6,1029.5,1.0,2.06,0,0,11.6
2024-01-30 13:00,266,광양시,9.2,33,2.0,90,,1017.7,1028.5,1.0,2.33,0,0,14.5
2024-01-30 14:00,266,광양시,9.4,36,1.5,90,,1017.3,1028.1,0.6,1.83,8,4,12.9
2024-01-30 15:00,266,광양시,10.2,32,1.5,90,,1016.8,1027.6,0.7,1.59,7,7,12.8
2024-01-30 16:00,266,광양시,8.8,39,2.4,90,,1016.7,1027.5,0.2,0.72,9,8,10.1
2024-01-30 17:00,266,광양시,8.0,43,1.2,110,,1017.3,1028.2,0.0,0.24,10,7,7.6
2024-01-30 18:00,266,광양시,7.4,43,0.9,70,,1017.1,1028.0,0.0,0.05,10,9,5.5
2024-01-30 19:00,266,광양시,6.7,46,0.2,0,,1017.3,1028.2,,,9,7,4.4
2024-01-30 20:00,266,광양시,6.5,49,0.5,50,,1017.1,1028.1,,,10,9,4.5
2024-01-30 21:00,266,광양시,6.5,48,0.2,0,,1016.7,1027.6,,,9,3,4.4
2024-01-30 22:00,266,광양시,6.4,43,0.5,70,,1016.2,1027.1,,,9,8,4.4
2024-01-30 23:00,266,광양시,6.5,45,0.8,290,,1015.8,1026.7,,,9,9,4.5
2024-01-31 00:00,266,광양시,5.9,57,0.6,340,0.0,1015.6,1026.6,,,10,2,4.3
2024-01-31 01:00,266,광양시,5.1,71,0.8,290,,1015.6,1026.6,,,10,4,4.2
2024-01-31 02:00,266,광양시,4.3,82,1.6,290,,1015.9,1026.9,,,10,6,4.0
2024-01-31 03:00,266,광양시,3.8,84,0.4,0,0.6,1015.1,1026.1,,,10,2,4.1
2024-01-31 04:00,266,광양시,3.7,93,0.7,320,,1014.6,1025.6,,,9,4,4.1
2024-01-31 05:00,266,광양시,4.0,94,1.0,270,,1013.9,1024.9,,,9,6,4.3
2024-01-31 06:00,266,광양시,4.3,96,1.1,200,0.7,1014.0,1025.0,,,9,2,4.5
2024-01-31 07:00,266,광양시,4.5,96,0.2,0,,1013.7,1024.7,,,8,8,4.6
2024-01-31 08:00,266,광양시,4.6,94,0.1,0,,1014.3,1025.3,0.0,0.01,9,5,4.9
2024-01-31 09:00,266,광양시,5.3,94,0.4,0,,1014.2,1025.2,0.0,0.16,9,9,7.5
2024-01-31 10:00,266,광양시,6.9,82,0.4,0,,1014.4,1025.3,0.0,0.58,8,4,12.4
2024-01-31 11:00,266,광양시,9.4,66,0.9,90,,1014.2,1025.0,0.1,1.07,8,5,16.8
2024-01-31 12:00,266,광양시,12.2,57,0.8,110,,1013.3,1024.0,0.9,1.91,7,2,23.3
2024-01-31 13:00,266,광양시,13.1,55,1.4,110,,1012.1,1022.7,0.8,2.2,0,0,27.3
2024-01-31 14:00,266,광양시,13.9,56,2.1,140,,1011.0,1021.6,1.0,2.14,0,0,29.1
2024-01-31 15:00,266,광양시,14.7,57,1.5,140,,1010.1,1020.6,1.0,1.86,0,0,29.7
2024-01-31 16:00,266,광양시,14.5,56,1.3,180,,1010.5,1021.0,1.0,1.25,0,0,25.4
2024-01-31 17:00,266,광양시,13.7,58,0.9,180,,1010.5,1021.1,0.9,0.66,6,0,16.7
2024-01-31 18:00,266,광양시,11.3,70,0.9,200,,1011.0,1021.7,0.3,0.12,4,1,8.5
2024-01-31 19:00,266,광양시,10.4,74,0.3,0,,1011.0,1021.7,,,10,7,8.6
2024-01-31 20:00,266,광양시,9.3,80,1.4,250,,1011.4,1022.2,,,0,0,5.7
2024-01-31 21:00,266,광양시,9.2,79,0.6,270,,1011.5,1022.3,,,10,10,7.5
2024-01-31 22:00,266,광양시,9.0,83,0.5,230,,1011.6,1022.4,,,10,6,7.4
2024-01-31 23:00,266,광양시,8.6,88,0.3,0,,1011.6,1022.4,,,10,4,7.3
2024-01-01 00:00,279,구미,2.0,84,0.1,0,,1020.5,1026.7,,,0,0,0.5
2024-01-01 01:00,279,구미,1.7,87,0.2,0,,1021.0,1027.2,,,9,6,1.0
2024-01-01 02:00,279,구미,1.1,88,0.2,0,,1021.5,1027.8,,,1,1,0.3
2024-01-01 03:00,279,구미,-0.3,90,0.3,0,,1022.1,1028.4,,,6,0,0.1
2024-01-01 04:00,279,구미,-0.4,92,0.5,270,,1022.5,1028.8,,,0,0,0.0
2024-01-01 05:00,279,구미,-1.2,92,0.2,0,,1022.7,1029.0,,,0,0,-0.4
2024-01-01 06:00,279,구미,-0.8,92,0.1,0,,1023.1,1029.4,,,2,2,-0.1
2024-01-01 07:00,279,구미,-0.5,92,0.0,0,,1023.9,1030.2,,,6,6,-0.1
2024-01-01 08:00,279,구미,-0.9,92,0.4,0,,1024.0,1030.3,0.0,,0,0,-0.7
2024-01-01 09:00,279,구미,-0.1,92,0.1,0,,1024.4,1030.7,0.0,,6,0,-0.2
2024-01-01 10:00,279,구미,2.5,82,0.7,290,,1024.7,1030.9,0.9,,0,0,0.2
2024-01-01 11:00,279,구미,4.6,70,0.4,0,,1024.4,1030.6,1.0,,0,0,1.6
2024-01-01 12:00,279,구미,6.5,64,0.8,110,,1023.5,1029.6,1.0,,1,0,9.6
2024-01-01 13:00,279,구미,8.1,53,0.8,110,,1022.5,1028.6,1.0,,4,0,12.6
2024-01-01 14:00,279,구미,8.2,51,1.5,90,,1021.4,1027.5,0.9,,6,0,11.8
2024-01-01 15:00,279,구미,8.3,51,0.2,0,,1021.1,1027.2,0.2,,7,5,8.7
2024-01-01 16:00,279,구미,8.7,48,0.6,90,,1020.5,1026.6,0.1,,7,7,7.9
2024-01-01 17:00,279,구미,8.0,51,0.1,0,,1020.3,1026.4,0.0,,10,10,6.4
2024-01-01 18:00,279,구미,6.6,62,0.5,270,,1020.6,1026.7,0.0,,7,7,5.2
2024-01-01 19:00,279,구미,5.2,67,0.5,250,,1020.3,1026.5,,,3,3,3.5
2024-01-01 20:00,279,구미,4.5,72,0.1,0,,1020.0,1026.2,,,0,0,2.7
2024-01-01 21:00,279,구미,3.3,78,0.5,270,,1019.9,1026.1,,,0,0,1.5
2024-01-01 22:00,279,구미,3.6,76,0.2,0,,1019.9,1026.1,,,4,4,2.6
2024-01-01 23:00,279,구미,3.5,78,1.2,270,,1019.6,1025.8,,,2,2,2.6
2024-01-02 00:00,279,구미,4.1,75,0.5,50,,1019.5,1025.7,,,0,0,2.6
2024-01-02 01:00,279,구미,4.1,75,0.0,0,,1019.1,1025.3,,,0,0,2.5
2024-01-02 02:00,279,구미,3.2,78,0.1,0,,1018.4,1024.6,,,4,3,1.7
2024-01-02 03:00,279,구미,3.2,80,0.1,0,,1018.6,1024.8,,,9,8,2.1
2024-01-02 04:00,279,구미,1.9,84,0.6,270,,1018.0,1024.2,,,0,0,0.5
2024-01-02 05:00,279,구미,2.2,85,0.1,0,,1017.8,1024.0,,,0,0,1.1
2024-01-02 06:00,279,구미,2.7,83,0.1,0,,1017.7,1023.9,,,0,0,1.8
2024-01-02 07:00,279,구미,3.1,81,0.1,0,,1017.6,1023.8,,,2,2,1.7
2024-01-02 08:00,279,구미,3.2,82,0.4,0,,1017.5,1023.7,0.0,,3,3,1.7
2024-01-02 09:00,279,구미,4.4,76,0.0,0,,1017.4,1023.5,0.0,,9,9,3.3
2024-01-02 10:00,279,구미,5.7,70,0.4,0,,1017.7,1023.8,0.2,,7,7,5.3
2024-01-02 11:00,279,구미,6.8,60,0.3,0,,1017.0,1023.1,0.0,,9,9,6.7
2024-01-02 12:00,279,구미,8.3,54,0.9,290,,1016.3,1022.3,0.1,,9,9,9.5
2024-01-02 13:00,279,구미,9.8,45,2.0,340,,1015.1,1021.1,0.7,,9,9,14.0
2024-01-02 14:00,279,구미,8.5,50,2.2,320,,1014.6,1020.6,0.9,,9,9,12.7
2024-01-02 15:00,279,구미,8.3,50,2.2,320,,1014.4,1020.4,0.0,,9,9,9.5
2024-01-02 16:00,279,구미,8.1,53,1.4,290,,1014.6,1020.6,0.0,,10,10,8.4
2024-01-02 17:00,279,구미,7.5,52,1.2,290,,1014.9,1021.0,0.0,,10,10,6.7
2024-01-02 18:00,279,구미,6.7,58,0.9,340,,1015.1,1021.2,0.0,,9,9,5.2
2024-01-02 19:00,279,구미,6.1,61,0.4,0,,1015.2,1021.3,,,10,8,4.4
2024-01-02 20:00,279,구미,5.2,67,0.3,0,,1014.8,1020.9,,,10,2,3.8
2024-01-02 21:00,279,구미,4.8,69,0.8,270,,1014.6,1020.7,,,10,10,3.5
2024-01-02 22:00,279,구미,4.3,73,0.1,0,,1014.6,1020.7,,,10,10,3.3
2024-01-02 23:00,279,구미,4.4,72,1.1,270,,1014.2,1020.3,,,10,10,3.1
2024-01-03 00:00,279,구미,4.2,73,0.1,0,,1014.2,1020.3,,,10,10,3.0
2024-01-03 01:00,279,구미,3.9,74,0.2,0,,1013.9,1020.0,,,10,10,3.0
2024-01-03 02:00,279,구미,3.9,73,0.2,0,,1013.8,1019.9,,,10,10,3.0
2024-01-03 03:00,279,구미,4.2,67,0.5,290,,1013.9,1020.0,,,10,10,2.9
2024-01-03 04:00,279,구미,4.0,67,0.4,0,,1013.7,1019.8,,,10,9,2.9
2024-01-03 05:00,279,구미,2.3,84,1.2,320,,1013.6,1019.8,,,10,8,2.6
2024-01-03 06:00,279,구미,1.3,90,0.8,290,1.5,1013.5,1019.7,,,10,10,1.8
2024-01-03 07:00,279,구미,0.8,92,0.1,0,,1013.2,1019.4,,,10,8,1.0
2024-01-03 08:00,279,구미,0.9,92,0.0,0,,1013.4,1019.6,0.0,,10,4,1.3
2024-01-03 09:00,279,구미,1.4,91,0.6,320,1.1,1013.6,1019.8,0.0,,10,1,2.5
2024-01-03 10:00,279,구미,2.6,90,0.8,320,,1013.5,1019.7,0.1,,9,1,4.8
2024-01-03 11:00,279,구미,4.0,74,1.8,290,,1013.1,1019.2,0.5,,7,4,7.4
2024-01-03 12:00,279,구미,4.6,68,1.8,290,,1012.5,1018.6,0.1,,9,9,8.9
2024-01-03 13:00,279,구미,5.9,60,2.1,290,,1011.5,1017.6,0.9,,7,2,11.8
2024-01-03 14:00,279,구미,5.6,58,1.8,290,,1011.2,1017.3,0.6,,8,7,9.3
2024-01-03 15:00,279,구미,6.9,53,1.5,290,,1011.2,1017.2,0.7,,8,8,10.4
2024-01-03 16:00,279,구미,5.6,59,1.9,340,,1011.9,1018.0,0.0,,9,9,7.2
2024-01-03 17:00,279,구미,4.6,67,0.7,320,,1012.4,1018.5,0.0,,6,6,4.8
2024-01-03 18:00,279,구미,4.4,65,0.7,320,0.0,1012.8,1018.9,0.0,,0,0,3.1
2024-01-03 19:00,279,구미,3.5,80,1.0,290,,1013.7,1019.8,,,0,0,3.4
2024-01-03 20:00,279,구미,3.4,77,0.7,340,,1014.0,1020.1,,,4,4,2.5
2024-01-03 21:00,279,구미,3.6,72,2.0,290,0.0,1014.7,1020.8,,,0,0,2.4
2024-01-03 22:00,279,구미,3.0,68,1.2,320,,1015.2,1021.4,,,0,0,0.8
2024-01-03 23:00,279,구미,2.7,65,1.0,320,,1015.8,1022.0,,,0,0,0.7
2024-01-04 00:00,279,구미,2.2,63,0.8,320,,1016.0,1022.2,,,0,0,0.4
2024-01-04 01:00,279,구미,0.5,74,1.2,270,,1015.9,1022.1,,,0,0,0.2
2024-01-04 02:00,279,구미,1.3,67,1.2,320,,1016.2,1022.4,,,0,0,-0.1
2024-01-04 03:00,279,구미,-0.3,74,0.3,0,,1016.4,1022.6,,,0,0,-0.7
2024-01-04 04:00,279,구미,-0.6,73,0.5,320,,1016.8,1023.1,,,0,0,-1.3
2024-01-04 05:00,279,구미,-1.1,72,0.4,0,,1016.7,1023.0,,,0,0,-1.8
2024-01-04 06:00,279,구미,-1.0,72,0.4,0,,1017.2,1023.5,,,0,0,-2.1
2024-01-04 07:00,279,구미,-1.9,77,0.5,270,,1017.8,1024.1,,,0,0,-2.5
2024-01-04 08:00,279,구미,-2.1,79,0.6,290,,1018.4,1024.7,0.0,,0,0,-2.5
2024-01-04 09:00,279,구미,-0.1,70,0.6,270,,1018.7,1025.0,0.0,,0,0,-1.7
2024-01-04 10:00,279,구미,3.2,53,1.0,320,,1019.1,1025.3,0.9,,0,0,0.1
2024-01-04 11:00,279,구미,4.2,46,1.7,340,,1019.0,1025.2,1.0,,0,0,0.8
2024-01-04 12:00,279,구미,5.5,41,1.4,340,,1018.0,1024.1,1.0,,0,0,3.9
2024-01-04 13:00,279,구미,6.6,38,2.2,320,,1017.1,1023.2,1.0,,0,0,10.0
2024-01-04 14:00,279,구미,7.6,35,1.5,320,,1016.1,1022.2,1.0,,0,0,11.9
2024-01-04 15:00,279,구미,8.1,36,1.3,320,,1015.4,1021.4,1.0,,0,0,11.2
2024-01-04 16:00,279,구미,7.1,38,1.0,290,,1015.7,1021.8,1.0,,0,0,7.7
2024-01-04 17:00,279,구미,4.8,49,0.8,230,,1015.8,1021.9,0.2,,0,0,3.5
2024-01-04 18:00,279,구미,2.7,62,0.7,270,,1016.0,1022.2,0.0,,0,0,1.0
2024-01-04 19:00,279,구미,1.3,68,0.9,270,,1016.1,1022.3,,,0,0,0.5
2024-01-04 20:00,279,구미,0.6,71,0.6,250,,1016.1,1022.3,,,0,0,0.3
2024-01-04 21:00,279,구미,-0.2,76,0.5,270,,1016.6,1022.8,,,0,0,0.0
2024-01-04 22:00,279,구미,-0.8,80,0.6,270,,1016.2,1022.5,,,0,0,-0.6
2024-01-04 23:00,279,구미,-1.3,83,0.4,0,,1016.1,1022.4,,,0,0,-1.2
2024-01-05 00:00,279,구미,-1.7,86,0.2,0,,1016.1,1022.4,,,0,0,-1.6
2024-01-05 01:00,279,구미,-2.3,88,0.6,270,,1016.0,1022.3,,,0,0,-2.0
2024-01-05 02:00,279,구미,-2.8,89,0.4,0,,1016.0,1022.3,,,0,0,-2.4
2024-01-05 03:00,279,구미,-3.3,89,0.1,0,,1016.3,1022.6,,,0,0,-2.6
2024-01-05 04:00,279,구미,-3.3,89,0.2,0,,1016.3,1022.6,,,0,0,-2.9
2024-01-05 05:00,279,구미,-3.3,90,0.2,0,,1016.0,1022.3,,,0,0,-3.0
2024-01-05 06:00,279,구미,-3.3,90,0.4,0,,1015.8,1022.1,,,0,0,-3.1
2024-01-05 07:00,279,구미,-3.6,90,0.2,0,,1016.0,1022.3,,,0,0,-3.2
2024-01-05 08:00,279,구미,-3.1,90,0.1,0,,1016.2,1022.5,0.0,,1,1,-2.9
2024-01-05 09:00,279,구미,-1.7,87,0.3,0,,1016.6,1022.9,0.0,,3,1,-1.5
2024-01-05 10:00,279,구미,1.5,76,0.1,0,,1016.8,1023.0,0.9,,9,2,0.1
2024-01-05 11:00,279,구미,4.3,61,0.1,0,,1016.7,1022.8,0.8,,9,9,2.2
2024-01-05 12:00,279,구미,7.5,52,0.5,90,,1015.6,1021.7,0.9,,9,9,4.5
2024-01-05 13:00,279,구미,8.5,49,0.9,90,,1014.6,1020.6,0.4,,9,9,6.6
2024-01-05 14:00,279,구미,10.6,47,0.7,290,,1013.7,1019.7,0.2,,9,9,8.3
2024-01-05 15:00,279,구미,10.9,47,0.9,290,,1013.6,1019.6,0.1,,9,9,8.4
2024-01-05 16:00,279,구미,10.6,49,1.3,270,,1013.5,1019.5,0.1,,8,8,7.5
2024-01-05 17:00,279,구미,9.6,53,0.5,270,,1013.6,1019.6,0.0,,8,8,5.8
2024-01-05 18:00,279,구미,7.2,63,0.3,0,,1013.9,1020.0,0.0,,0,0,3.5
2024-01-05 19:00,279,구미,5.5,71,0.4,0,,1014.2,1020.3,,,0,0,1.8
2024-01-05 20:00,279,구미,4.4,76,1.0,250,,1014.2,1020.3,,,0,0,1.1
2024-01-05 21:00,279,구미,3.8,78,0.8,290,,1014.4,1020.5,,,2,2,1.4
2024-01-05 22:00,279,구미,3.5,80,0.9,270,,1014.5,1020.6,,,6,6,1.2
2024-01-05 23:00,279,구미,3.4,82,0.2,0,,1014.5,1020.6,,,5,5,1.2
2024-01-06 00:00,279,구미,2.9,85,0.3,0,,1014.3,1020.5,,,0,0,0.8
2024-01-06 01:00,279,구미,5.8,66,1.0,270,,1014.2,1020.3,,,0,0,0.4
2024-01-06 02:00,279,구미,5.8,64,1.5,290,,1014.3,1020.4,,,0,0,0.4
2024-01-06 03:00,279,구미,4.9,66,1.1,340,,1014.6,1020.7,,,0,0,0.3
2024-01-06 04:00,279,구미,3.5,70,0.5,360,,1014.5,1020.6,,,0,0,0.2
2024-01-06 05:00,279,구미,3.6,61,1.2,290,,1014.4,1020.5,,,0,0,0.0
2024-01-06 06:00,279,구미,3.5,54,1.8,320,,1015.0,1021.1,,,0,0,-0.2
2024-01-06 07:00,279,구미,1.8,63,2.0,340,,1015.6,1021.8,,,0,0,-0.7
2024-01-06 08:00,279,구미,1.9,57,1.4,290,,1016.3,1022.5,0.0,,0,0,-1.0
2024-01-06 09:00,279,구미,2.8,54,1.0,290,,1016.9,1023.1,0.0,,0,0,-0.6
2024-01-06 10:00,279,구미,4.2,50,1.1,320,,1017.2,1023.3,0.9,,0,0,0.2
2024-01-06 11:00,279,구미,5.1,44,1.3,290,,1016.7,1022.8,1.0,,0,0,0.9
2024-01-06 12:00,279,구미,6.1,35,2.2,290,,1015.7,1021.8,1.0,,0,0,8.2
2024-01-06 13:00,279,구미,7.2,32,2.2,290,,1015.0,1021.1,1.0,,0,0,11.5
2024-01-06 14:00,279,구미,6.9,29,2.3,290,,1014.5,1020.6,1.0,,6,4,10.9
2024-01-06 15:00,279,구미,8.1,25,1.9,320,,1014.5,1020.5,1.0,,5,4,10.6
2024-01-06 16:00,279,구미,7.0,27,1.6,290,,1014.7,1020.8,1.0,,0,0,7.3
2024-01-06 17:00,279,구미,5.4,30,1.3,290,,1015.2,1021.3,0.3,,0,0,3.1
2024-01-06 18:00,279,구미,3.4,39,0.8,270,,1015.5,1021.7,0.0,,0,0,0.7
2024-01-06 19:00,279,구미,1.4,49,0.6,270,,1015.9,1022.1,,,0,0,0.5
2024-01-06 20:00,279,구미,0.7,52,1.0,270,,1016.2,1022.4,,,0,0,0.1
2024-01-06 21:00,279,구미,-0.3,60,0.3,0,,1016.5,1022.7,,,0,0,-0.6
2024-01-06 22:00,279,구미,-0.6,61,0.6,270,,1016.5,1022.8,,,4,1,-1.3
2024-01-06 23:00,279,구미,0.0,62,0.3,0,,1016.5,1022.8,,,5,4,-0.4
2024-01-07 00:00,279,구미,1.4,65,1.1,290,,1016.8,1023.0,,,9,9,-0.1
2024-01-07 01:00,279,구미,0.5,80,0.8,320,,1016.5,1022.7,,,8,8,-0.5
2024-01-07 02:00,279,구미,1.6,62,1.3,320,,1016.4,1022.6,,,0,0,-1.0
2024-01-07 03:00,279,구미,2.0,55,1.7,320,0.0,1016.7,1022.9,,,1,1,-0.4
2024-01-07 04:00,279,구미,1.0,65,1.6,320,,1016.8,1023.0,,,4,4,-0.9
2024-01-07 05:00,279,구미,0.5,55,1.5,290,,1017.0,1023.2,,,6,6,-1.2
2024-01-07 06:00,279,구미,0.1,51,1.8,290,0.0,1017.4,1023.7,,,0,0,-1.6
2024-01-07 07:00,279,구미,-0.2,55,2.0,320,,1018.0,1024.3,,,0,0,-1.7
2024-01-07 08:00,279,구미,-0.7,60,1.6,290,,1018.5,1024.8,0.0,,0,0,-2.3
2024-01-07 09:00,279,구미,0.2,50,1.5,320,,1019.2,1025.5,0.0,,0,0,-1.9
2024-01-07 10:00,279,구미,1.0,42,3.2,320,,1019.7,1025.9,0.9,,0,0,0.0
2024-01-07 11:00,279,구미,1.0,32,3.6,290,,1020.0,1026.2,1.0,,1,1,0.7
2024-01-07 12:00,279,구미,1.8,27,3.5,290,,1019.6,1025.8,1.0,,0,0,2.0
2024-01-07 13:00,279,구미,1.7,27,3.7,320,,1019.1,1025.3,1.0,,0,0,5.2
2024-01-07 14:00,279,구미,2.0,27,3.3,340,,1018.7,1024.9,1.0,,0,0,7.9
2024-01-07 15:00,279,구미,2.1,30,2.8,290,,1018.5,1024.7,1.0,,0,0,6.6
2024-01-07 16:00,279,구미,1.3,30,3.4,320,,1018.6,1024.8,1.0,,0,0,3.6
2024-01-07 17:00,279,구미,0.2,34,2.4,320,,1019.2,1025.5,0.3,,0,0,-0.5
2024-01-07 18:00,279,구미,-0.8,42,2.0,290,,1019.5,1025.8,0.0,,0,0,0.0
2024-01-07 19:00,279,구미,-0.9,40,2.4,320,,1020.0,1026.3,,,0,0,-1.3
2024-01-07 20:00,279,구미,-1.3,41,1.5,320,,1020.6,1026.9,,,0,0,-2.1
2024-01-07 21:00,279,구미,-1.7,42,2.1,290,,1021.0,1027.3,,,0,0,-2.7
2024-01-07 22:00,279,구미,-3.0,44,1.1,340,,1021.3,1027.6,,,0,0,-3.4
2024-01-07 23:00,279,구미,-2.8,44,1.7,320,,1021.3,1027.6,,,0,0,-3.9
2024-01-08 00:00,279,구미,-3.9,47,0.7,290,,1021.8,1028.2,,,0,0,-4.3
2024-01-08 01:00,279,구미,-4.5,50,0.5,340,,1022.1,1028.5,,,0,0,-4.7
2024-01-08 02:00,279,구미,-4.8,52,0.6,320,,1022.3,1028.7,,,0,0,-5.1
2024-01-08 03:00,279,구미,-6.5,64,0.5,340,,1022.7,1029.1,,,0,0,-5.5
2024-01-08 04:00,279,구미,-7.0,65,1.0,340,,1021.9,1028.3,,,0,0,-5.9
2024-01-08 05:00,279,구미,-6.4,60,0.2,0,,1022.3,1028.7,,,0,0,-6.2
2024-01-08 06:00,279,구미,-7.2,67,0.4,0,,1022.4,1028.9,,,0,0,-6.5
2024-01-08 07:00,279,구미,-6.0,61,1.6,270,,1022.8,1029.2,,,0,0,-6.5
2024-01-08 08:00,279,구미,-7.0,68,0.3,0,,1023.2,1029.7,0.0,,0,0,-6.6
2024-01-08 09:00,279,구미,-5.0,60,0.1,0,,1023.4,1029.8,0.0,,0,0,-5.6
2024-01-08 10:00,279,구미,-2.1,43,0.7,340,,1023.2,1029.5,0.9,,0,0,-1.8
2024-01-08 11:00,279,구미,-1.4,39,1.0,70,,1022.7,1029.0,1.0,,0,0,0.4
2024-01-08 12:00,279,구미,0.7,32,0.8,50,,1021.5,1027.8,1.0,,0,0,2.9
2024-01-08 13:00,279,구미,0.9,29,1.1,140,,1020.5,1026.8,1.0,,0,0,5.2
2024-01-08 14:00,279,구미,2.0,24,0.9,70,,1019.6,1025.8,1.0,,0,0,6.8
2024-01-08 15:00,279,구미,2.1,23,0.7,140,,1019.0,1025.2,1.0,,0,0,6.0
2024-01-08 16:00,279,구미,3.0,22,0.9,110,,1018.8,1025.0,1.0,,0,0,2.5
2024-01-08 17:00,279,구미,0.7,29,0.6,200,,1018.8,1025.0,0.3,,1,1,0.1
2024-01-08 18:00,279,구미,-1.1,38,0.4,0,,1019.0,1025.3,0.0,,0,0,-0.7
2024-01-08 19:00,279,구미,-1.7,40,0.7,250,,1019.2,1025.5,,,0,0,-1.4
2024-01-08 20:00,279,구미,-2.7,47,0.6,290,,1019.4,1025.7,,,0,0,-2.2
2024-01-08 21:00,279,구미,-2.8,45,0.4,0,,1019.4,1025.7,,,6,1,-2.7
2024-01-08 22:00,279,구미,-3.2,50,0.5,290,,1019.0,1025.3,,,5,3,-3.2
2024-01-08 23:00,279,구미,-3.4,51,0.5,270,,1018.9,1025.2,,,0,0,-3.6
2024-01-09 00:00,279,구미,-4.3,56,0.5,270,,1018.8,1025.2,,,0,0,-3.9
2024-01-09 01:00,279,구미,-4.6,60,0.4,0,,1018.8,1025.2,,,0,0,-4.0
2024-01-09 02:00,279,구미,-4.8,62,0.2,0,,1018.4,1024.8,,,0,0,-4.1
2024-01-09 03:00,279,구미,-5.3,66,0.2,0,,1017.7,1024.1,,,0,0,-4.3
2024-01-09 04:00,279,구미,-5.2,66,0.5,270,,1017.3,1023.7,,,0,0,-3.8
2024-01-09 05:00,279,구미,-4.3,60,0.1,0,,1017.0,1023.4,,,0,0,-2.7
2024-01-09 06:00,279,구미,-3.7,63,0.5,50,,1016.8,1023.1,,,0,0,-2.8
2024-01-09 07:00,279,구미,-3.1,60,0.1,0,,1016.8,1023.1,,,0,0,-1.8
2024-01-09 08:00,279,구미,-2.4,57,0.2,0,,1016.5,1022.8,0.0,,1,1,-1.3
2024-01-09 09:00,279,구미,-1.7,55,0.0,0,,1016.7,1023.0,0.0,,9,9,-0.4
2024-01-09 10:00,279,구미,-0.8,51,0.1,0,,1016.4,1022.7,0.0,,9,9,0.1
2024-01-09 11:00,279,구미,0.3,48,0.1,0,,1015.7,1021.9,0.0,,9,8,0.4
2024-01-09 12:00,279,구미,2.3,42,0.2,0,,1014.7,1020.9,0.3,,9,3,0.9
2024-01-09 13:00,279,구미,2.5,39,1.0,90,,1013.8,1020.0,0.0,,9,9,1.2
2024-01-09 14:00,279,구미,4.1,40,0.5,70,,1013.1,1019.2,0.1,,9,9,3.0
2024-01-09 15:00,279,구미,3.9,40,0.5,290,,1012.3,1018.4,0.2,,10,10,1.5
2024-01-09 16:00,279,구미,4.1,42,0.6,270,,1012.2,1018.3,0.0,,10,10,1.0
2024-01-09 17:00,279,구미,3.7,45,0.1,0,,1012.2,1018.3,0.0,,9,9,0.5
2024-01-09 18:00,279,구미,3.2,50,0.2,0,,1012.3,1018.4,0.0,,9,9,0.3
2024-01-09 19:00,279,구미,3.0,49,0.3,0,,1012.4,1018.5,,,10,10,0.3
2024-01-09 20:00,279,구미,2.5,59,0.4,0,,1012.6,1018.8,,,9,9,0.2
2024-01-09 21:00,279,구미,1.0,79,0.3,0,0.2,1013.0,1019.2,,,10,3,0.2
2024-01-09 22:00,279,구미,0.2,90,0.1,0,,1013.1,1019.3,,,10,10,0.2
2024-01-09 23:00,279,구미,0.3,91,0.0,0,,1013.0,1019.2,,,10,5,0.2
2024-01-10 00:00,279,구미,0.1,91,0.0,0,1.7,1012.4,1018.6,,,9,3,0.2
2024-01-10 01:00,279,구미,-0.2,91,0.4,0,,1012.2,1018.4,,,7,7,0.2
2024-01-10 02:00,279,구미,0.1,92,0.0,0,,1012.3,1018.5,,,6,6,0.2
2024-01-10 03:00,279,구미,0.0,91,0.4,0,0.1,1012.1,1018.3,,,3,3,0.2
2024-01-10 04:00,279,구미,0.2,91,0.2,0,,1012.2,1018.4,,,6,6,0.2
2024-01-10 05:00,279,구미,-0.2,91,0.1,0,,1012.5,1018.7,,,0,0,0.2
2024-01-10 06:00,279,구미,0.1,91,0.1,0,,1013.2,1019.4,,,0,0,0.2
2024-01-10 07:00,279,구미,0.5,84,0.8,290,,1013.7,1019.9,,,0,0,0.2
2024-01-10 08:00,279,구미,-0.4,84,0.6,340,,1014.1,1020.3,0.0,,0,0,0.2
2024-01-10 09:00,279,구미,0.1,82,0.5,320,,1014.7,1020.9,0.0,,4,1,0.2
2024-01-10 10:00,279,구미,1.8,75,1.1,340,,1015.1,1021.3,0.9,,0,0,0.2
2024-01-10 11:00,279,구미,3.0,66,1.0,320,,1015.1,1021.3,1.0,,0,0,0.2
2024-01-10 12:00,279,구미,4.5,61,0.8,340,,1014.4,1020.5,1.0,,0,0,0.3
2024-01-10 13:00,279,구미,5.3,55,0.8,290,,1013.6,1019.7,1.0,,0,0,2.3
2024-01-10 14:00,279,구미,5.7,52,0.7,270,,1013.5,1019.6,1.0,,0,0,9.5
2024-01-10 15:00,279,구미,5.9,50,1.3,270,,1013.7,1019.8,1.0,,1,0,9.2
2024-01-10 16:00,279,구미,6.5,47,0.3,0,,1013.4,1019.5,1.0,,0,0,7.0
2024-01-10 17:00,279,구미,3.9,64,0.5,250,,1013.6,1019.7,0.3,,2,0,3.1
2024-01-10 18:00,279,구미,3.4,66,1.3,270,,1014.5,1020.6,0.0,,0,0,0.9
2024-01-10 19:00,279,구미,2.7,71,1.4,290,,1015.0,1021.2,,,0,0,0.5
2024-01-10 20:00,279,구미,2.1,71,1.2,320,,1015.1,1021.3,,,0,0,0.3
2024-01-10 21:00,279,구미,2.0,70,2.2,320,,1015.4,1021.6,,,0,0,0.1
2024-01-10 22:00,279,구미,0.9,74,1.7,340,,1015.5,1021.7,,,0,0,-0.2
2024-01-10 23:00,279,구미,0.5,76,1.5,340,,1015.2,1021.4,,,0,0,-0.6
2024-01-11 00:00,279,구미,0.1,79,2.1,340,,1015.0,1021.2,,,0,0,-1.0
2024-01-11 01:00,279,구미,-1.1,84,0.2,0,,1014.9,1021.2,,,0,0,-1.5
2024-01-11 02:00,279,구미,-1.7,86,0.0,0,,1014.9,1021.2,,,0,0,-2.0
2024-01-11 03:00,279,구미,-1.6,85,1.5,340,,1015.0,1021.3,,,0,0,-2.2
2024-01-11 04:00,279,구미,-0.8,79,2.0,340,,1014.6,1020.8,,,0,0,-2.4
2024-01-11 05:00,279,구미,-0.7,73,1.2,320,,1014.4,1020.6,,,0,0,-2.9
2024-01-11 06:00,279,구미,-2.4,82,1.2,340,,1014.2,1020.5,,,0,0,-3.4
2024-01-11 07:00,279,구미,-3.1,82,1.4,340,,1014.8,1021.1,,,0,0,-3.8
2024-01-11 08:00,279,구미,-2.7,79,1.1,360,,1015.2,1021.5,0.0,,0,0,-3.8
2024-01-11 09:00,279,구미,-0.6,66,1.7,290,,1015.4,1021.6,0.0,,0,0,-2.2
2024-01-11 10:00,279,구미,0.7,61,1.9,340,,1015.5,1021.7,0.9,,5,1,0.0
2024-01-11 11:00,279,구미,2.3,56,1.8,320,,1014.4,1020.6,1.0,,6,2,0.5
2024-01-11 12:00,279,구미,3.6,50,1.9,320,,1013.4,1019.5,1.0,,6,1,2.5
2024-01-11 13:00,279,구미,4.9,50,2.1,290,,1012.6,1018.7,1.0,,3,1,5.3
2024-01-11 14:00,279,구미,5.2,46,2.7,320,,1011.6,1017.7,1.0,,1,1,8.5
2024-01-11 15:00,279,구미,5.5,46,2.1,290,,1011.3,1017.4,1.0,,1,1,8.4
2024-01-11 16:00,279,구미,5.1,49,1.8,320,,1011.4,1017.5,1.0,,4,1,5.8
2024-01-11 17:00,279,구미,4.6,51,1.4,320,,1011.2,1017.3,0.3,,6,3,2.7
2024-01-11 18:00,279,구미,4.1,54,1.1,290,,1011.1,1017.2,0.0,,0,0,1.1
2024-01-11 19:00,279,구미,3.5,59,0.6,320,,1011.3,1017.4,,,0,0,0.0
2024-01-11 20:00,279,구미,2.6,65,1.3,270,,1011.3,1017.4,,,1,1,0.4
2024-01-11 21:00,279,구미,2.1,68,0.1,0,,1010.9,1017.1,,,4,4,0.4
2024-01-11 22:00,279,구미,1.9,70,0.1,0,,1010.4,1016.6,,,0,0,0.3
2024-01-11 23:00,279,구미,1.3,73,0.5,180,,1010.4,1016.6,,,0,0,0.3
2024-01-12 00:00,279,구미,0.6,78,0.2,0,,1010.5,1016.7,,,0,0,0.2
2024-01-12 01:00,279,구미,0.6,77,0.1,0,,1010.7,1016.9,,,0,0,0.2
2024-01-12 02:00,279,구미,1.0,75,0.5,140,,1010.7,1016.9,,,1,1,0.1
2024-01-12 03:00,279,구미,2.9,65,0.8,70,,1010.6,1016.7,,,3,3,0.2
2024-01-12 04:00,279,구미,2.7,69,0.9,70,,1010.4,1016.5,,,2,2,0.2
2024-01-12 05:00,279,구미,5.9,64,1.6,290,,1010.5,1016.6,,,0,0,0.2
2024-01-12 06:00,279,구미,5.9,63,2.2,320,,1010.9,1017.0,,,0,0,0.2
2024-01-12 07:00,279,구미,5.2,62,1.6,320,,1011.6,1017.7,,,0,0,0.2
2024-01-12 08:00,279,구미,4.4,61,1.5,290,,1011.9,1018.0,0.0,,0,0,0.0
2024-01-12 09:00,279,구미,4.7,63,1.1,340,,1012.6,1018.7,0.0,,0,0,0.1
2024-01-12 10:00,279,구미,6.5,50,1.1,320,,1012.9,1019.0,1.0,,0,0,0.5
2024-01-12 11:00,279,구미,7.4,36,1.9,290,,1012.7,1018.7,1.0,,0,0,2.6
2024-01-12 12:00,279,구미,8.0,31,2.1,290,,1012.1,1018.1,1.0,,0,0,9.2
2024-01-12 13:00,279,구미,8.8,30,2.1,320,,1011.7,1017.7,1.0,,0,0,11.8
2024-01-12 14:00,279,구미,9.1,23,2.6,290,,1011.4,1017.4,1.0,,0,0,12.4
2024-01-12 15:00,279,구미,9.3,21,2.0,320,,1011.1,1017.1,1.0,,0,0,11.2
2024-01-12 16:00,279,구미,8.4,21,2.0,290,,1011.6,1017.6,1.0,,0,0,8.0
2024-01-12 17:00,279,구미,7.3,24,1.9,290,,1011.8,1017.8,0.3,,0,0,4.0
2024-01-12 18:00,279,구미,6.5,30,1.6,290,,1012.4,1018.5,0.0,,0,0,1.7
2024-01-12 19:00,279,구미,5.9,30,1.9,290,,1012.8,1018.9,,,0,0,0.5
2024-01-12 20:00,279,구미,4.9,36,1.6,290,,1013.1,1019.2,,,0,0,-0.3
2024-01-12 21:00,279,구미,3.5,39,1.2,320,,1013.8,1019.9,,,0,0,0.4
2024-01-12 22:00,279,구미,3.7,33,1.7,320,,1014.0,1020.1,,,0,0,0.0
2024-01-12 23:00,279,구미,2.1,37,0.9,340,,1014.6,1020.8,,,0,0,-0.9
2024-01-13 00:00,279,구미,2.0,36,1.2,290,,1014.8,1021.0,,,0,0,-1.2
2024-01-13 01:00,279,구미,1.5,37,1.5,290,,1014.9,1021.1,,,0,0,-1.6
2024-01-13 02:00,279,구미,1.4,37,1.5,290,,1015.1,1021.3,,,0,0,-1.8
2024-01-13 03:00,279,구미,1.4,39,2.2,290,,1015.1,1021.3,,,0,0,-1.9
2024-01-13 04:00,279,구미,1.1,40,1.6,290,,1015.2,1021.4,,,0,0,-2.2
2024-01-13 05:00,279,구미,1.2,38,2.0,290,,1015.5,1021.7,,,0,0,-2.2
2024-01-13 06:00,279,구미,1.2,37,2.3,290,,1016.0,1022.2,,,0,0,-2.4
2024-01-13 07:00,279,구미,0.7,37,1.0,290,,1017.2,1023.4,,,0,0,-3.0
2024-01-13 08:00,279,구미,1.0,35,1.3,320,,1018.1,1024.3,0.0,,0,0,-3.0
2024-01-13 09:00,279,구미,2.4,32,1.5,320,,1018.9,1025.1,0.0,,0,0,-1.9
2024-01-13 10:00,279,구미,3.5,30,2.3,290,,1019.3,1025.5,1.0,,0,0,0.1
2024-01-13 11:00,279,구미,4.9,27,2.3,320,,1019.8,1026.0,1.0,,0,0,1.5
2024-01-13 12:00,279,구미,5.9,24,2.4,320,,1019.3,1025.4,1.0,,0,0,3.9
2024-01-13 13:00,279,구미,6.8,23,1.8,290,,1019.3,1025.4,1.0,,0,0,7.2
2024-01-13 14:00,279,구미,7.4,23,1.7,290,,1019.1,1025.2,1.0,,0,0,10.3
2024-01-13 15:00,279,구미,7.1,18,1.2,290,,1019.3,1025.4,1.0,,0,0,9.9
2024-01-13 16:00,279,구미,7.1,20,0.8,320,,1019.4,1025.5,1.0,,0,0,7.5
2024-01-13 17:00,279,구미,4.8,27,0.7,200,,1019.7,1025.8,0.3,,0,0,2.6
2024-01-13 18:00,279,구미,2.2,39,1.1,250,,1020.2,1026.4,0.0,,0,0,0.2
2024-01-13 19:00,279,구미,0.7,45,1.1,270,,1020.3,1026.6,,,0,0,0.3
2024-01-13 20:00,279,구미,-0.6,50,0.8,270,,1020.8,1027.1,,,0,0,-0.5
2024-01-13 21:00,279,구미,-1.3,55,1.1,290,,1021.3,1027.6,,,0,0,-1.3
2024-01-13 22:00,279,구미,-1.5,55,0.5,230,,1021.1,1027.4,,,0,0,-1.9
2024-01-13 23:00,279,구미,-2.3,57,0.8,270,,1020.9,1027.2,,,0,0,-2.3
2024-01-14 00:00,279,구미,-2.8,62,1.0,290,,1020.9,1027.2,,,0,0,-2.8
2024-01-14 01:00,279,구미,-3.3,65,0.8,270,,1020.2,1026.5,,,0,0,-3.2
2024-01-14 02:00,279,구미,-4.4,68,0.2,0,,1019.9,1026.3,,,0,0,-3.6
2024-01-14 03:00,279,구미,-4.8,72,0.1,0,,1019.9,1026.3,,,0,0,-3.9
2024-01-14 04:00,279,구미,-4.8,74,0.3,0,,1019.6,1026.0,,,0,0,-4.0
2024-01-14 05:00,279,구미,-5.2,74,0.1,0,,1019.7,1026.1,,,0,0,-4.2
2024-01-14 06:00,279,구미,-5.3,77,0.3,0,,1019.2,1025.6,,,0,0,-4.4
2024-01-14 07:00,279,구미,-5.4,78,0.1,0,,1018.9,1025.3,,,0,0,-4.6
2024-01-14 08:00,279,구미,-5.4,78,0.2,0,,1019.0,1025.4,0.0,,0,0,-4.4
2024-01-14 09:00,279,구미,-3.3,70,0.5,340,,1018.8,1025.1,0.0,,0,0,-3.1
2024-01-14 10:00,279,구미,-0.4,54,0.1,0,,1018.0,1024.3,1.0,,0,0,-0.1
2024-01-14 11:00,279,구미,2.6,46,0.3,0,,1017.2,1023.4,1.0,,0,0,1.0
2024-01-14 12:00,279,구미,5.6,41,0.3,0,,1015.8,1021.9,1.0,,0,0,4.2
2024-01-14 13:00,279,구미,8.8,37,0.7,20,,1014.5,1020.5,1.0,,0,0,8.0
2024-01-14 14:00,279,구미,10.1,37,1.1,110,,1012.8,1018.8,1.0,,5,1,9.3
2024-01-14 15:00,279,구미,11.7,35,1.1,70,,1011.9,1017.8,1.0,,6,0,9.8
2024-01-14 16:00,279,구미,9.4,47,1.1,270,,1011.9,1017.9,0.1,,10,8,5.8
2024-01-14 17:00,279,구미,7.4,68,0.3,0,,1012.2,1018.2,0.0,,10,10,4.7
2024-01-14 18:00,279,구미,6.4,79,0.9,270,0.0,1012.4,1018.5,0.0,,0,0,4.1
2024-01-14 19:00,279,구미,6.1,89,0.4,0,,1013.4,1019.5,,,4,4,4.1
2024-01-14 20:00,279,구미,6.6,88,0.9,290,,1013.7,1019.8,,,8,4,4.1
2024-01-14 21:00,279,구미,6.5,84,1.4,290,1.1,1014.0,1020.1,,,3,3,4.0
2024-01-14 22:00,279,구미,5.9,79,0.4,0,,1014.6,1020.7,,,0,0,2.9
2024-01-14 23:00,279,구미,4.8,74,1.8,320,,1015.0,1021.1,,,5,4,1.4
2024-01-15 00:00,279,구미,3.1,76,1.0,290,,1015.4,1021.6,,,0,0,0.6
2024-01-15 01:00,279,구미,2.4,67,1.8,290,,1015.9,1022.1,,,0,0,0.4
2024-01-15 02:00,279,구미,1.2,65,1.8,340,,1016.5,1022.7,,,0,0,0.2
2024-01-15 03:00,279,구미,0.2,67,1.2,340,,1017.1,1023.3,,,6,1,-0.4
2024-01-15 04:00,279,구미,-0.4,67,1.3,290,,1017.7,1024.0,,,0,0,-1.1
2024-01-15 05:00,279,구미,-0.8,62,2.4,290,,1018.4,1024.7,,,0,0,-1.5
2024-01-15 06:00,279,구미,-1.5,63,1.4,320,,1019.1,1025.4,,,0,0,-2.0
2024-01-15 07:00,279,구미,-1.7,59,1.3,320,,1019.7,1026.0,,,0,0,-2.5
2024-01-15 08:00,279,구미,-2.2,58,1.3,320,,1020.5,1026.8,0.0,,0,0,-2.8
2024-01-15 09:00,279,구미,-0.9,51,1.8,290,,1021.1,1027.4,0.0,,0,0,-2.3
2024-01-15 10:00,279,구미,0.7,43,1.2,290,,1021.8,1028.1,1.0,,0,0,-0.1
2024-01-15 11:00,279,구미,1.8,37,1.7,320,,1021.4,1027.6,1.0,,0,0,1.0
2024-01-15 12:00,279,구미,3.1,36,1.8,340,,1020.7,1026.9,1.0,,0,0,3.1
2024-01-15 13:00,279,구미,3.5,30,2.2,290,,1020.0,1026.2,1.0,,0,0,6.7
2024-01-15 14:00,279,구미,4.5,27,2.0,290,,1019.4,1025.5,1.0,,0,0,9.3
2024-01-15 15:00,279,구미,4.7,25,1.8,290,,1019.2,1025.3,1.0,,0,0,9.0
2024-01-15 16:00,279,구미,4.1,24,1.9,270,,1020.0,1026.2,1.0,,0,0,6.0
2024-01-15 17:00,279,구미,3.0,28,0.9,320,,1020.5,1026.7,0.3,,0,0,1.4
2024-01-15 18:00,279,구미,2.3,30,1.2,320,,1021.4,1027.6,0.0,,0,0,0.5
2024-01-15 19:00,279,구미,1.5,30,1.0,320,,1021.9,1028.1,,,0,0,0.1
2024-01-15 20:00,279,구미,0.4,35,0.6,320,,1022.5,1028.8,,,0,0,-0.8
2024-01-15 21:00,279,구미,-0.2,36,0.8,290,,1023.1,1029.4,,,0,0,-1.6
2024-01-15 22:00,279,구미,-0.7,38,0.8,320,,1023.6,1029.9,,,0,0,-2.1
2024-01-15 23:00,279,구미,0.2,29,1.3,320,,1023.6,1029.9,,,0,0,-2.5
2024-01-16 00:00,279,구미,-1.1,34,1.1,320,,1023.9,1030.2,,,0,0,-3.0
2024-01-16 01:00,279,구미,-1.0,34,1.6,290,,1024.0,1030.3,,,0,0,-3.4
2024-01-16 02:00,279,구미,-1.5,38,1.1,320,,1024.4,1030.7,,,0,0,-3.7
2024-01-16 03:00,279,구미,-2.8,47,1.3,340,,1024.7,1031.1,,,0,0,-4.0
2024-01-16 04:00,279,구미,-3.0,49,1.2,320,,1024.7,1031.1,,,0,0,-4.3
2024-01-16 05:00,279,구미,-4.2,56,0.2,0,,1025.1,1031.5,,,0,0,-4.7
2024-01-16 06:00,279,구미,-4.9,62,0.2,0,,1025.9,1032.3,,,0,0,-5.1
2024-01-16 07:00,279,구미,-4.8,61,0.4,0,,1026.8,1033.2,,,0,0,-5.3
2024-01-16 08:00,279,구미,-5.3,68,0.8,290,,1027.5,1033.9,0.0,,0,0,-5.2
2024-01-16 09:00,279,구미,-3.0,57,0.1,0,,1028.2,1034.6,0.0,,0,0,-4.2
2024-01-16 10:00,279,구미,-0.6,41,0.3,0,,1028.6,1034.9,1.0,,0,0,-0.4
2024-01-16 11:00,279,구미,0.8,36,0.9,90,,1028.6,1034.9,1.0,,0,0,1.5
2024-01-16 12:00,279,구미,2.0,28,0.5,160,,1027.9,1034.2,1.0,,0,0,3.5
2024-01-16 13:00,279,구미,2.9,29,0.5,230,,1026.7,1032.9,1.0,,6,5,4.9
2024-01-16 14:00,279,구미,4.7,29,0.3,0,,1025.9,1032.1,1.0,,3,3,6.6
2024-01-16 15:00,279,구미,5.4,30,0.3,0,,1025.9,1032.1,1.0,,4,4,5.9
2024-01-16 16:00,279,구미,5.9,30,0.4,0,,1025.8,1032.0,1.0,,0,0,3.2
2024-01-16 17:00,279,구미,4.6,35,0.3,0,,1025.9,1032.1,0.4,,2,2,1.1
2024-01-16 18:00,279,구미,2.5,44,0.6,250,,1026.3,1032.5,0.0,,5,5,0.2
2024-01-16 19:00,279,구미,1.2,52,0.7,270,,1026.9,1033.2,,,5,5,0.1
2024-01-16 20:00,279,구미,-0.1,59,0.5,270,,1027.0,1033.3,,,6,6,-0.3
2024-01-16 21:00,279,구미,-0.9,61,0.9,270,,1027.0,1033.3,,,5,5,-0.8
2024-01-16 22:00,279,구미,-1.6,66,0.5,270,,1026.7,1033.0,,,6,6,-1.3
2024-01-16 23:00,279,구미,-2.3,68,0.5,290,,1026.6,1033.0,,,6,6,-1.8
2024-01-17 00:00,279,구미,-2.7,71,0.4,0,,1026.2,1032.6,,,1,1,-2.2
2024-01-17 01:00,279,구미,-3.0,73,0.0,0,,1026.0,1032.4,,,3,2,-2.3
2024-01-17 02:00,279,구미,-1.8,67,0.1,0,,1025.8,1032.1,,,10,8,-1.0
2024-01-17 03:00,279,구미,-1.5,68,0.0,0,,1025.4,1031.7,,,10,10,-0.8
2024-01-17 04:00,279,구미,-1.7,66,0.1,0,,1024.6,1030.9,,,10,10,-1.3
2024-01-17 05:00,279,구미,-1.5,68,0.0,0,,1024.6,1030.9,,,6,6,-0.9
2024-01-17 06:00,279,구미,-1.2,67,0.3,0,,1024.7,1031.0,,,9,9,-0.9
2024-01-17 07:00,279,구미,-1.3,71,0.7,90,,1024.5,1030.8,,,10,10,-1.8
2024-01-17 08:00,279,구미,-1.3,71,0.0,0,,1024.1,1030.4,0.0,,1,1,-1.4
2024-01-17 09:00,279,구미,0.3,63,0.2,0,,1024.0,1030.3,0.0,,9,9,0.0
2024-01-17 10:00,279,구미,1.5,56,0.1,0,,1024.2,1030.5,0.0,,10,10,0.5
2024-01-17 11:00,279,구미,1.8,54,0.3,0,,1023.4,1029.6,0.0,,10,10,0.4
2024-01-17 12:00,279,구미,2.8,49,0.5,70,,1022.2,1028.4,0.0,,9,3,0.8
2024-01-17 13:00,279,구미,3.2,49,0.1,0,,1020.7,1026.9,0.0,,10,10,1.1
2024-01-17 14:00,279,구미,3.9,48,0.1,0,,1019.7,1025.9,0.0,,9,9,1.0
2024-01-17 15:00,279,구미,4.7,45,0.1,0,,1019.2,1025.3,0.0,,9,9,2.1
2024-01-17 16:00,279,구미,2.8,76,0.2,0,,1019.1,1025.3,0.0,,10,2,1.0
2024-01-17 17:00,279,구미,2.9,86,0.2,0,,1018.3,1024.5,0.0,,9,2,1.1
2024-01-17 18:00,279,구미,2.6,87,0.6,270,1.0,1018.2,1024.4,0.0,,10,10,1.0
2024-01-17 19:00,279,구미,2.7,88,0.0,0,,1018.6,1024.8,,,9,4,1.2
2024-01-17 20:00,279,구미,2.7,90,0.3,0,,1018.3,1024.5,,,3,3,1.5
2024-01-17 21:00,279,구미,2.6,91,0.1,0,0.7,1018.0,1024.2,,,10,10,1.6
2024-01-17 22:00,279,구미,2.6,90,0.2,0,,1017.7,1023.9,,,10,6,1.7
2024-01-17 23:00,279,구미,2.6,90,0.1,0,,1017.2,1023.4,,,10,10,1.9
2024-01-18 00:00,279,구미,2.4,91,0.6,320,0.9,1016.4,1022.6,,,10,8,1.9
2024-01-18 01:00,279,구미,2.4,91,0.0,0,,1015.4,1021.6,,,10,4,2.0
2024-01-18 02:00,279,구미,2.6,92,0.0,0,,1015.3,1021.5,,,6,3,2.2
2024-01-18 03:00,279,구미,2.6,91,0.0,0,0.3,1014.9,1021.1,,,3,3,2.3
2024-01-18 04:00,279,구미,2.7,91,0.6,290,,1014.8,1021.0,,,10,5,2.4
2024-01-18 05:00,279,구미,2.7,92,0.5,320,,1014.6,1020.8,,,10,5,2.5
2024-01-18 06:00,279,구미,2.9,92,0.1,0,0.4,1015.0,1021.2,,,9,9,2.6
2024-01-18 07:00,279,구미,3.0,92,0.1,0,,1015.1,1021.3,,,7,7,2.7
2024-01-18 08:00,279,구미,3.2,92,0.0,0,,1015.6,1021.8,0.0,,2,2,2.7
2024-01-18 09:00,279,구미,3.4,92,0.3,0,0.5,1016.0,1022.2,0.0,,10,8,3.0
2024-01-18 10:00,279,구미,3.8,92,0.0,0,,1016.7,1022.8,0.0,,10,9,3.6
2024-01-18 11:00,279,구미,4.1,91,0.0,0,,1017.0,1023.1,0.0,,9,6,3.9
2024-01-18 12:00,279,구미,4.3,90,0.0,0,0.4,1016.0,1022.1,0.0,,10,9,4.6
2024-01-18 13:00,279,구미,5.2,88,0.1,0,,1015.8,1021.9,0.0,,10,8,6.7
2024-01-18 14:00,279,구미,6.3,86,0.1,0,,1015.9,1022.0,0.0,,10,2,7.7
2024-01-18 15:00,279,구미,7.5,83,0.4,0,,1016.3,1022.4,0.0,,9,8,8.5
2024-01-18 16:00,279,구미,7.8,82,0.2,0,,1016.6,1022.7,0.0,,10,8,7.7
2024-01-18 17:00,279,구미,7.2,87,0.5,50,,1017.8,1023.9,0.0,,9,9,6.5
2024-01-18 18:00,279,구미,6.9,90,0.5,160,0.2,1018.5,1024.6,0.0,,9,9,5.9
2024-01-18 19:00,279,구미,7.0,85,0.1,0,,1019.7,1025.8,,,10,10,5.5
2024-01-18 20:00,279,구미,6.7,88,0.2,0,,1020.3,1026.4,,,10,10,5.3
2024-01-18 21:00,279,구미,6.6,84,1.0,70,0.0,1020.9,1027.0,,,10,10,5.2
2024-01-18 22:00,279,구미,6.5,82,0.1,0,,1021.4,1027.5,,,10,10,5.0
2024-01-18 23:00,279,구미,6.4,81,0.3,0,,1021.9,1028.0,,,10,10,4.8
2024-01-19 00:00,279,구미,5.8,85,0.1,0,0.0,1021.9,1028.0,,,9,9,4.6
2024-01-19 01:00,279,구미,6.0,80,0.2,0,,1021.9,1028.0,,,9,9,4.5
2024-01-19 02:00,279,구미,6.2,73,0.1,0,,1022.4,1028.5,,,7,7,4.3
2024-01-19 03:00,279,구미,6.1,70,0.1,0,,1022.5,1028.6,,,0,0,4.1
2024-01-19 04:00,279,구미,5.9,71,0.2,0,,1022.7,1028.8,,,0,0,4.0
2024-01-19 05:00,279,구미,6.1,68,0.7,110,,1022.8,1028.9,,,6,6,4.0
2024-01-19 06:00,279,구미,6.0,69,1.3,90,,1023.1,1029.2,,,7,7,3.9
2024-01-19 07:00,279,구미,5.8,70,1.2,90,,1023.4,1029.6,,,8,8,3.9
2024-01-19 08:00,279,구미,5.6,69,0.7,70,,1024.2,1030.4,0.0,,3,3,3.8
2024-01-19 09:00,279,구미,5.8,67,1.1,70,,1024.5,1030.7,0.0,,9,9,4.2
2024-01-19 10:00,279,구미,6.0,68,1.1,70,,1024.7,1030.9,0.0,,9,9,4.8
2024-01-19 11:00,279,구미,6.8,63,1.2,90,,1024.6,1030.7,0.0,,9,9,7.2
2024-01-19 12:00,279,구미,6.5,62,1.0,90,,1024.0,1030.1,0.0,,10,10,6.3
2024-01-19 13:00,279,구미,6.9,59,1.1,90,,1023.2,1029.3,0.0,,10,10,7.1
2024-01-19 14:00,279,구미,7.0,58,1.6,70,,1022.6,1028.7,0.0,,9,9,7.6
2024-01-19 15:00,279,구미,6.7,58,2.1,70,,1022.6,1028.7,0.0,,9,9,7.0
2024-01-19 16:00,279,구미,6.5,60,1.6,70,,1023.1,1029.2,0.0,,9,9,6.0
2024-01-19 17:00,279,구미,6.2,62,2.0,90,,1023.0,1029.1,0.0,,10,10,5.3
2024-01-19 18:00,279,구미,5.8,64,0.8,90,,1023.2,1029.4,0.0,,10,10,4.6
2024-01-19 19:00,279,구미,5.4,65,1.0,70,,1023.7,1029.9,,,8,8,4.3
2024-01-19 20:00,279,구미,5.3,65,1.1,70,,1023.8,1030.0,,,8,8,4.1
2024-01-19 21:00,279,구미,5.3,65,0.3,0,,1024.0,1030.2,,,7,7,4.0
2024-01-19 22:00,279,구미,5.2,66,0.3,0,,1024.1,1030.3,,,7,7,3.9
2024-01-19 23:00,279,구미,5.1,69,0.1,0,,1024.0,1030.2,,,10,10,3.9
2024-01-20 00:00,279,구미,5.1,69,0.2,0,0.0,1023.7,1029.9,,,10,10,3.9
2024-01-20 01:00,279,구미,5.3,70,0.5,90,,1023.5,1029.7,,,10,10,3.9
2024-01-20 02:00,279,구미,5.2,74,0.5,70,,1023.3,1029.5,,,10,10,4.0
2024-01-20 03:00,279,구미,5.2,74,0.3,0,0.0,1023.0,1029.2,,,10,10,4.0
2024-01-20 04:00,279,구미,4.9,78,0.3,0,,1022.6,1028.8,,,9,9,3.9
2024-01-20 05:00,279,구미,4.6,84,0.7,250,,1022.2,1028.4,,,9,9,3.8
2024-01-20 06:00,279,구미,5.2,77,0.3,0,0.1,1021.8,1028.0,,,10,10,3.8
2024-01-20 07:00,279,구미,5.3,76,0.3,0,,1021.8,1028.0,,,10,10,3.8
2024-01-20 08:00,279,구미,5.3,76,0.4,0,,1021.6,1027.8,0.0,,10,9,3.8
2024-01-20 09:00,279,구미,5.2,81,0.3,0,0.1,1021.7,1027.9,0.0,,9,9,4.5
2024-01-20 10:00,279,구미,5.5,81,0.6,200,,1021.7,1027.9,0.0,,10,10,5.6
2024-01-20 11:00,279,구미,5.6,82,0.4,0,,1021.3,1027.4,0.0,,9,9,5.7
2024-01-20 12:00,279,구미,5.5,87,0.3,0,1.8,1020.4,1026.5,0.0,,10,10,5.9
2024-01-20 13:00,279,구미,5.5,87,0.2,0,,1019.6,1025.7,0.0,,10,6,6.0
2024-01-20 14:00,279,구미,5.3,88,0.8,70,,1018.9,1025.0,0.0,,10,10,6.1
2024-01-20 15:00,279,구미,4.9,88,0.9,70,5.4,1018.4,1024.5,0.0,,10,10,6.1
2024-01-20 16:00,279,구미,4.8,87,0.7,70,,1018.5,1024.6,0.0,,10,10,5.6
2024-01-20 17:00,279,구미,4.4,89,0.3,0,,1018.6,1024.7,0.0,,10,9,5.1
2024-01-20 18:00,279,구미,4.3,88,0.8,70,3.3,1018.4,1024.5,0.0,,10,10,4.6
2024-01-20 19:00,279,구미,3.9,89,0.1,0,,1017.9,1024.1,,,10,9,4.3
2024-01-20 20:00,279,구미,3.9,91,0.6,270,,1018.2,1024.4,,,10,9,4.1
2024-01-20 21:00,279,구미,3.7,91,0.9,270,3.1,1018.6,1024.8,,,10,5,4.0
2024-01-20 22:00,279,구미,3.4,91,0.7,290,,1018.2,1024.4,,,9,9,3.8
2024-01-20 23:00,279,구미,3.3,91,0.8,290,,1018.0,1024.2,,,10,10,3.7
2024-01-21 00:00,279,구미,3.1,90,0.7,270,2.8,1017.9,1024.1,,,9,9,3.5
2024-01-21 01:00,279,구미,2.8,91,0.3,0,,1017.6,1023.8,,,7,7,3.4
2024-01-21 02:00,279,구미,2.4,92,0.6,320,,1017.1,1023.3,,,6,4,2.4
2024-01-21 03:00,279,구미,2.5,91,0.5,320,0.1,1017.2,1023.4,,,1,1,2.7
2024-01-21 04:00,279,구미,2.8,90,0.9,340,,1017.2,1023.4,,,7,7,2.8
2024-01-21 05:00,279,구미,2.7,91,0.2,0,,1016.9,1023.1,,,4,4,2.7
2024-01-21 06:00,279,구미,2.7,90,0.9,340,,1017.1,1023.3,,,9,2,2.6
2024-01-21 07:00,279,구미,3.0,89,1.5,320,,1018.2,1024.4,,,1,1,2.7
2024-01-21 08:00,279,구미,2.9,90,0.4,0,,1018.4,1024.6,0.0,,0,0,2.8
2024-01-21 09:00,279,구미,3.6,88,0.8,340,,1019.0,1025.2,0.0,,6,6,4.2
2024-01-21 10:00,279,구미,5.2,82,0.8,320,,1019.6,1025.7,0.0,,9,9,7.1
2024-01-21 11:00,279,구미,6.0,73,0.6,320,,1019.9,1026.0,0.0,,9,9,8.5
2024-01-21 12:00,279,구미,6.8,64,0.1,0,,1018.7,1024.8,0.2,,8,8,12.3
2024-01-21 13:00,279,구미,7.4,61,0.4,0,,1018.3,1024.4,0.3,,8,4,13.2
2024-01-21 14:00,279,구미,7.9,62,0.9,70,,1017.5,1023.6,0.2,,9,7,13.1
2024-01-21 15:00,279,구미,8.1,62,0.9,290,,1017.9,1024.0,0.0,,10,10,10.5
2024-01-21 16:00,279,구미,8.2,62,0.3,0,,1017.9,1024.0,0.0,,10,10,9.2
2024-01-21 17:00,279,구미,7.8,68,0.1,0,,1017.9,1024.0,0.0,,10,10,8.0
2024-01-21 18:00,279,구미,7.1,72,0.6,270,,1018.4,1024.5,0.0,,0,0,6.9
2024-01-21 19:00,279,구미,6.7,75,0.4,0,,1018.7,1024.8,,,0,0,6.4
2024-01-21 20:00,279,구미,6.5,80,1.1,290,,1018.9,1025.0,,,0,0,6.1
2024-01-21 21:00,279,구미,5.3,81,1.6,290,0.0,1019.4,1025.5,,,0,0,5.7
2024-01-21 22:00,279,구미,4.8,81,1.8,290,,1019.4,1025.5,,,0,0,5.1
2024-01-21 23:00,279,구미,4.2,78,2.0,290,,1019.2,1025.4,,,1,1,4.5
2024-01-22 00:00,279,구미,3.7,74,2.0,270,0.0,1018.9,1025.1,,,6,6,3.9
2024-01-22 01:00,279,구미,3.4,74,1.6,290,,1018.6,1024.8,,,0,0,3.6
2024-01-22 02:00,279,구미,3.1,77,2.1,290,,1018.7,1024.9,,,9,9,3.3
2024-01-22 03:00,279,구미,2.0,77,1.9,290,,1018.9,1025.1,,,9,9,2.9
2024-01-22 04:00,279,구미,1.1,70,2.3,320,,1019.3,1025.5,,,9,9,2.1
2024-01-22 05:00,279,구미,0.3,66,2.1,320,,1019.4,1025.7,,,10,10,1.5
2024-01-22 06:00,279,구미,-0.1,60,1.7,320,,1019.2,1025.5,,,9,8,0.7
2024-01-22 07:00,279,구미,-0.2,58,2.8,290,,1018.9,1025.2,,,9,9,0.6
2024-01-22 08:00,279,구미,-1.3,58,3.3,290,,1019.5,1025.8,0.0,,3,3,0.5
2024-01-22 09:00,279,구미,-2.0,52,3.1,290,,1020.1,1026.4,0.1,,9,9,0.5
2024-01-22 10:00,279,구미,-1.6,46,3.0,290,,1020.9,1027.2,0.9,,8,8,0.8
2024-01-22 11:00,279,구미,-1.7,45,3.0,290,,1020.4,1026.7,1.0,,7,7,3.5
2024-01-22 12:00,279,구미,-1.5,44,2.9,290,,1019.6,1025.9,1.0,,7,7,5.1
2024-01-22 13:00,279,구미,-1.2,40,2.5,290,,1018.9,1025.2,0.9,,7,7,7.9
2024-01-22 14:00,279,구미,-2.2,39,2.9,290,,1018.4,1024.7,0.6,,6,6,3.9
2024-01-22 15:00,279,구미,-2.4,42,3.0,290,,1017.9,1024.2,0.5,,4,4,1.6
2024-01-22 16:00,279,구미,-1.9,40,2.6,290,,1018.2,1024.5,1.0,,5,1,3.3
2024-01-22 17:00,279,구미,-3.2,45,2.3,290,,1018.8,1025.1,0.4,,0,0,0.5
2024-01-22 18:00,279,구미,-4.0,45,1.8,290,,1019.4,1025.8,0.0,,4,4,-0.5
2024-01-22 19:00,279,구미,-4.4,47,2.5,290,,1020.2,1026.6,,,0,0,-1.5
2024-01-22 20:00,279,구미,-4.9,49,1.5,290,,1020.4,1026.8,,,5,5,-2.0
2024-01-22 21:00,279,구미,-5.7,49,2.0,290,,1020.6,1027.0,,,0,0,-2.9
2024-01-22 22:00,279,구미,-5.9,53,1.9,290,,1020.9,1027.3,,,3,1,-3.4
2024-01-22 23:00,279,구미,-6.1,52,2.0,290,,1020.3,1026.7,,,0,0,-3.6
2024-01-23 00:00,279,구미,-7.0,62,1.6,320,,1020.2,1026.6,,,4,4,-3.9
2024-01-23 01:00,279,구미,-7.2,65,1.8,320,,1020.0,1026.4,,,0,0,-3.6
2024-01-23 02:00,279,구미,-7.6,67,1.0,290,,1020.5,1027.0,,,1,1,-3.8
2024-01-23 03:00,279,구미,-8.2,62,1.2,320,0.0,1020.7,1027.2,,,8,8,-4.8
2024-01-23 04:00,279,구미,-8.5,62,1.0,320,,1020.5,1027.0,,,5,5,-5.0
2024-01-23 05:00,279,구미,-8.6,60,1.6,320,,1020.2,1026.7,,,0,0,-5.6
2024-01-23 06:00,279,구미,-8.9,59,1.4,320,,1020.5,1027.0,,,0,0,-6.1
2024-01-23 07:00,279,구미,-8.5,56,1.6,290,,1020.2,1026.7,,,0,0,-6.4
2024-01-23 08:00,279,구미,-8.5,55,2.0,290,,1020.0,1026.5,0.0,,5,1,-6.5
2024-01-23 09:00,279,구미,-7.3,49,2.4,290,,1020.1,1026.5,0.1,,5,1,-5.7
2024-01-23 10:00,279,구미,-6.2,45,2.6,290,,1020.1,1026.5,1.0,,0,0,-2.5
2024-01-23 11:00,279,구미,-5.2,41,2.4,290,,1019.6,1026.0,1.0,,4,1,0.3
2024-01-23 12:00,279,구미,-4.1,37,2.9,320,,1018.2,1024.6,1.0,,6,1,1.7
2024-01-23 13:00,279,구미,-3.8,37,2.5,290,,1016.8,1023.1,1.0,,6,1,3.0
2024-01-23 14:00,279,구미,-3.9,38,2.8,290,,1015.9,1022.2,1.0,,6,5,1.9
2024-01-23 15:00,279,구미,-4.4,37,3.0,320,,1015.4,1021.7,0.8,,6,3,0.3
2024-01-23 16:00,279,구미,-4.3,37,2.5,320,,1015.8,1022.1,0.8,,7,5,0.2
2024-01-23 17:00,279,구미,-5.2,37,2.6,290,,1016.1,1022.5,0.3,,5,5,-0.3
2024-01-23 18:00,279,구미,-6.2,44,2.4,290,,1016.5,1022.9,0.0,,6,2,-1.7
2024-01-23 19:00,279,구미,-6.8,44,2.9,290,,1016.7,1023.1,,,0,0,-3.3
2024-01-23 20:00,279,구미,-7.0,46,2.8,290,,1016.7,1023.1,,,2,1,-4.3
2024-01-23 21:00,279,구미,-7.0,48,3.7,290,,1017.1,1023.5,,,6,2,-4.8
2024-01-23 22:00,279,구미,-7.0,49,2.7,290,,1017.2,1023.6,,,6,1,-5.1
2024-01-23 23:00,279,구미,-7.0,48,2.9,290,,1017.7,1024.1,,,0,0,-5.2
2024-01-24 00:00,279,구미,-7.2,50,2.2,290,,1018.1,1024.5,,,0,0,-5.2
2024-01-24 01:00,279,구미,-8.4,61,1.5,320,,1018.2,1024.7,,,4,4,-5.5
2024-01-24 02:00,279,구미,-8.7,58,1.7,320,,1018.5,1025.0,,,0,0,-6.2
2024-01-24 03:00,279,구미,-8.2,53,1.6,320,,1018.6,1025.1,,,0,0,-6.4
2024-01-24 04:00,279,구미,-8.0,54,1.9,290,,1018.2,1024.7,,,0,0,-6.4
2024-01-24 05:00,279,구미,-8.1,55,1.6,320,,1018.1,1024.6,,,0,0,-6.6
2024-01-24 06:00,279,구미,-7.8,56,2.0,290,,1018.2,1024.6,,,0,0,-6.6
2024-01-24 07:00,279,구미,-7.7,57,1.4,320,,1018.2,1024.6,,,0,0,-6.8
2024-01-24 08:00,279,구미,-7.4,59,1.7,290,,1018.1,1024.5,0.0,,0,0,-6.6
2024-01-24 09:00,279,구미,-6.1,57,1.7,290,,1018.6,1025.0,0.1,,7,6,-5.0
2024-01-24 10:00,279,구미,-4.4,47,2.6,290,,1018.4,1024.8,1.0,,6,4,-2.1
2024-01-24 11:00,279,구미,-3.0,42,2.1,320,,1018.8,1025.1,1.0,,6,2,0.7
2024-01-24 12:00,279,구미,-2.7,38,3.1,320,,1018.7,1025.0,1.0,,6,1,1.1
2024-01-24 13:00,279,구미,-1.4,37,2.1,290,,1017.8,1024.1,1.0,,6,1,4.8
2024-01-24 14:00,279,구미,-0.8,33,2.3,320,,1017.2,1023.5,1.0,,0,0,5.6
2024-01-24 15:00,279,구미,-0.7,33,2.2,290,,1017.3,1023.6,1.0,,0,0,4.4
2024-01-24 16:00,279,구미,-1.5,34,2.2,340,,1017.6,1023.9,1.0,,0,0,2.1
2024-01-24 17:00,279,구미,-3.1,41,1.8,320,,1017.9,1024.2,0.7,,0,0,-0.1
2024-01-24 18:00,279,구미,-3.9,47,1.4,320,,1018.4,1024.8,0.0,,0,0,-1.0
2024-01-24 19:00,279,구미,-4.4,51,0.8,290,,1019.2,1025.6,,,0,0,-2.0
2024-01-24 20:00,279,구미,-4.7,52,1.1,270,,1019.7,1026.1,,,0,0,-2.8
2024-01-24 21:00,279,구미,-4.9,52,1.0,290,,1020.4,1026.8,,,1,1,-3.5
2024-01-24 22:00,279,구미,-5.6,56,0.3,0,,1020.7,1027.1,,,0,0,-4.0
2024-01-24 23:00,279,구미,-5.5,57,0.8,290,,1021.1,1027.5,,,0,0,-4.1
2024-01-25 00:00,279,구미,-5.7,55,0.8,290,,1021.7,1028.1,,,0,0,-4.9
2024-01-25 01:00,279,구미,-6.0,50,1.4,290,,1021.7,1028.1,,,0,0,-5.6
2024-01-25 02:00,279,구미,-6.8,54,1.2,320,,1021.6,1028.0,,,0,0,-6.1
2024-01-25 03:00,279,구미,-6.6,49,1.2,320,,1021.9,1028.3,,,0,0,-6.5
2024-01-25 04:00,279,구미,-6.9,49,1.4,320,,1021.8,1028.2,,,0,0,-6.8
2024-01-25 05:00,279,구미,-7.3,50,1.7,320,,1021.5,1028.0,,,0,0,-7.0
2024-01-25 06:00,279,구미,-7.4,52,0.7,320,,1021.7,1028.2,,,0,0,-7.2
2024-01-25 07:00,279,구미,-9.2,63,0.5,50,,1022.2,1028.7,,,0,0,-7.6
2024-01-25 08:00,279,구미,-8.8,64,0.0,0,,1022.8,1029.3,0.0,,0,0,-7.5
2024-01-25 09:00,279,구미,-5.6,51,0.2,0,,1022.9,1029.3,0.1,,0,0,-6.3
2024-01-25 10:00,279,구미,-3.1,42,1.9,320,,1023.0,1029.4,1.0,,0,0,-1.9
2024-01-25 11:00,279,구미,-1.7,36,2.5,320,,1022.8,1029.1,1.0,,0,0,1.1
2024-01-25 12:00,279,구미,0.1,32,1.9,320,,1022.1,1028.4,1.0,,0,0,1.8
2024-01-25 13:00,279,구미,0.9,28,1.9,320,,1021.0,1027.3,1.0,,1,1,6.5
2024-01-25 14:00,279,구미,1.7,24,2.5,290,,1020.6,1026.8,1.0,,0,0,7.3
2024-01-25 15:00,279,구미,2.6,23,2.0,290,,1020.4,1026.6,1.0,,0,0,5.9
2024-01-25 16:00,279,구미,2.7,21,1.7,290,,1020.4,1026.6,1.0,,0,0,3.5
2024-01-25 17:00,279,구미,1.1,26,0.9,320,,1020.8,1027.0,0.8,,0,0,0.1
2024-01-25 18:00,279,구미,0.3,29,1.5,340,,1021.1,1027.4,0.0,,0,0,-0.2
2024-01-25 19:00,279,구미,-0.1,34,1.3,340,,1021.5,1027.8,,,0,0,-1.2
2024-01-25 20:00,279,구미,0.0,37,1.1,290,,1022.1,1028.4,,,0,,-1.8
2024-01-25 21:00,279,구미,0.0,43,2.2,290,,1022.1,1028.4,,,0,0,-2.0
2024-01-25 22:00,279,구미,-1.4,41,1.1,290,,1022.7,1029.0,,,0,0,-2.6
2024-01-25 23:00,279,구미,-2.3,40,0.4,0,,1022.8,1029.1,,,4,4,-3.2
2024-01-26 00:00,279,구미,-3.0,44,0.8,340,,1023.1,1029.5,,,0,0,-3.8
2024-01-26 01:00,279,구미,-2.3,47,0.4,0,,1022.9,1029.2,,,0,0,-4.2
2024-01-26 02:00,279,구미,-2.6,51,0.4,0,,1023.3,1029.6,,,0,0,-4.4
2024-01-26 03:00,279,구미,-2.8,53,0.6,340,,1023.6,1030.0,,,0,0,-4.8
2024-01-26 04:00,279,구미,-2.8,53,0.4,0,,1023.1,1029.5,,,0,0,-5.1
2024-01-26 05:00,279,구미,-3.8,57,0.3,0,,1023.1,1029.5,,,0,0,-5.5
2024-01-26 06:00,279,구미,-4.4,61,0.4,0,,1022.9,1029.3,,,0,0,-5.8
2024-01-26 07:00,279,구미,-4.1,62,0.4,0,,1023.5,1029.9,,,0,0,-6.1
2024-01-26 08:00,279,구미,-4.4,62,0.0,0,,1023.8,1030.2,0.0,,0,0,-5.9
2024-01-26 09:00,279,구미,-0.8,53,1.3,340,,1023.7,1030.0,0.2,,0,0,-4.4
2024-01-26 10:00,279,구미,2.4,46,1.6,320,,1023.8,1030.0,1.0,,0,0,-0.4
2024-01-26 11:00,279,구미,3.4,44,2.2,290,,1023.5,1029.7,1.0,,0,0,2.2
2024-01-26 12:00,279,구미,4.7,42,2.8,320,,1022.8,1029.0,1.0,,1,0,4.5
2024-01-26 13:00,279,구미,5.5,39,1.8,320,,1021.8,1028.0,1.0,,1,0,8.9
2024-01-26 14:00,279,구미,6.0,39,1.9,290,,1020.9,1027.0,1.0,,0,0,9.7
2024-01-26 15:00,279,구미,5.8,38,1.7,340,,1021.3,1027.4,1.0,,0,0,8.1
2024-01-26 16:00,279,구미,5.3,37,1.4,320,,1021.4,1027.6,1.0,,0,0,5.3
2024-01-26 17:00,279,구미,3.8,45,1.3,290,,1021.6,1027.8,0.8,,0,0,0.4
2024-01-26 18:00,279,구미,2.6,52,0.9,290,,1022.1,1028.3,0.0,,0,0,0.0
2024-01-26 19:00,279,구미,1.6,56,0.8,320,,1022.6,1028.8,,,0,0,-0.4
2024-01-26 20:00,279,구미,0.4,62,0.3,0,,1023.1,1029.4,,,0,0,-1.0
2024-01-26 21:00,279,구미,-1.0,69,0.1,0,,1023.0,1029.3,,,0,0,-1.6
2024-01-26 22:00,279,구미,-1.5,73,0.1,0,,1022.8,1029.1,,,0,0,-2.1
2024-01-26 23:00,279,구미,-2.5,76,0.1,0,,1023.0,1029.3,,,0,0,-2.5
2024-01-27 00:00,279,구미,-2.0,75,0.0,0,,1022.5,1028.8,,,3,2,-2.8
2024-01-27 01:00,279,구미,-1.5,71,0.2,0,,1022.1,1028.4,,,6,6,-2.7
2024-01-27 02:00,279,구미,-1.7,74,0.0,0,,1022.4,1028.7,,,9,6,-2.6
2024-01-27 03:00,279,구미,-2.8,79,0.1,0,,1022.0,1028.3,,,0,0,-3.2
2024-01-27 04:00,279,구미,-2.7,80,0.2,0,,1021.6,1027.9,,,2,2,-3.5
2024-01-27 05:00,279,구미,-3.1,82,0.0,0,,1021.8,1028.2,,,0,0,-4.0
2024-01-27 06:00,279,구미,-3.6,84,0.0,0,,1021.8,1028.2,,,0,0,-4.3
2024-01-27 07:00,279,구미,-4.1,86,0.1,0,,1022.4,1028.8,,,0,0,-4.6
2024-01-27 08:00,279,구미,-4.0,87,0.0,0,,1022.7,1029.1,0.0,,0,0,-4.5
2024-01-27 09:00,279,구미,-1.5,78,0.0,0,,1022.7,1029.0,0.3,,0,0,-3.2
2024-01-27 10:00,279,구미,2.3,62,0.7,70,,1022.7,1028.9,1.0,,0,0,-0.2
2024-01-27 11:00,279,구미,4.2,44,1.9,290,,1022.7,1028.9,1.0,,0,0,2.8
2024-01-27 12:00,279,구미,5.8,33,2.0,320,,1021.7,1027.8,1.0,,0,0,5.8
2024-01-27 13:00,279,구미,6.6,30,1.8,290,,1020.1,1026.2,1.0,,0,0,10.0
2024-01-27 14:00,279,구미,7.9,26,1.6,320,,1019.3,1025.4,1.0,,0,0,11.0
2024-01-27 15:00,279,구미,7.7,23,1.9,290,,1018.9,1025.0,1.0,,0,0,9.7
2024-01-27 16:00,279,구미,7.4,25,1.8,320,,1018.9,1025.0,1.0,,0,0,6.6
2024-01-27 17:00,279,구미,5.5,29,1.1,320,,1019.3,1025.4,0.8,,0,0,1.1
2024-01-27 18:00,279,구미,3.8,34,0.9,290,,1019.6,1025.8,0.0,,2,2,0.1
2024-01-27 19:00,279,구미,1.6,42,1.4,270,,1019.7,1025.9,,,0,0,-0.4
2024-01-27 20:00,279,구미,1.7,40,1.5,270,,1019.8,1026.0,,,0,0,-0.9
2024-01-27 21:00,279,구미,0.8,44,0.7,320,,1019.9,1026.1,,,0,0,-1.6
2024-01-27 22:00,279,구미,0.6,44,0.7,320,,1020.5,1026.8,,,8,2,-1.8
2024-01-27 23:00,279,구미,-0.4,51,0.1,0,,1020.3,1026.6,,,7,7,-2.0
2024-01-28 00:00,279,구미,-1.1,57,0.4,0,,1020.6,1026.9,,,3,3,-2.5
2024-01-28 01:00,279,구미,-1.9,64,0.4,0,,1020.5,1026.8,,,7,7,-2.8
2024-01-28 02:00,279,구미,-2.1,67,0.1,0,,1020.5,1026.8,,,6,6,-2.5
2024-01-28 03:00,279,구미,-1.5,65,0.7,320,,1020.5,1026.8,,,7,7,-2.7
2024-01-28 04:00,279,구미,-0.7,64,1.5,340,,1020.2,1026.5,,,7,7,-2.7
2024-01-28 05:00,279,구미,-0.3,64,1.3,340,,1020.2,1026.5,,,8,8,-2.4
2024-01-28 06:00,279,구미,-1.6,71,1.0,340,,1020.5,1026.8,,,0,0,-3.1
2024-01-28 07:00,279,구미,-1.2,70,1.4,320,,1021.3,1027.6,,,0,0,-3.4
2024-01-28 08:00,279,구미,-1.1,65,0.5,340,,1022.1,1028.4,0.0,,0,0,-3.4
2024-01-28 09:00,279,구미,0.6,54,1.3,340,,1022.9,1029.2,0.3,,0,0,-2.3
2024-01-28 10:00,279,구미,2.1,47,0.8,320,,1022.9,1029.1,1.0,,0,0,0.0
2024-01-28 11:00,279,구미,2.7,46,1.8,290,,1023.3,1029.5,1.0,,0,0,2.9
2024-01-28 12:00,279,구미,4.5,39,1.9,290,,1022.7,1028.9,1.0,,0,0,6.0
2024-01-28 13:00,279,구미,5.1,35,2.4,320,,1022.1,1028.3,1.0,,2,0,9.6
2024-01-28 14:00,279,구미,5.4,34,1.9,290,,1021.8,1028.0,1.0,,0,0,10.0
2024-01-28 15:00,279,구미,5.8,34,1.8,290,,1021.5,1027.6,1.0,,0,0,9.0
2024-01-28 16:00,279,구미,5.8,36,1.2,320,,1021.6,1027.7,1.0,,0,0,6.6
2024-01-28 17:00,279,구미,4.1,41,1.0,290,,1022.3,1028.5,0.8,,0,0,1.6
2024-01-28 18:00,279,구미,2.9,46,1.1,270,,1023.1,1029.3,0.0,,0,0,0.0
2024-01-28 19:00,279,구미,0.6,57,0.8,250,,1023.9,1030.2,,,0,0,-0.6
2024-01-28 20:00,279,구미,-0.4,62,0.4,0,,1024.4,1030.7,,,0,0,-1.3
2024-01-28 21:00,279,구미,-1.2,67,0.4,0,,1024.5,1030.8,,,0,0,-1.9
2024-01-28 22:00,279,구미,-1.6,71,0.1,0,,1024.6,1030.9,,,0,0,-2.5
2024-01-28 23:00,279,구미,-2.3,73,0.1,0,,1024.7,1031.1,,,0,0,-2.9
2024-01-29 00:00,279,구미,-3.1,78,0.1,0,,1025.1,1031.5,,,0,0,-3.3
2024-01-29 01:00,279,구미,-3.9,80,0.0,0,,1025.0,1031.4,,,0,0,-3.6
2024-01-29 02:00,279,구미,-3.7,80,0.0,0,,1024.8,1031.2,,,0,0,-3.9
2024-01-29 03:00,279,구미,-4.7,83,0.0,0,,1024.9,1031.3,,,0,0,-4.3
2024-01-29 04:00,279,구미,-4.5,83,0.5,340,,1024.8,1031.2,,,0,0,-4.6
2024-01-29 05:00,279,구미,-5.2,85,0.1,0,,1025.3,1031.7,,,0,0,-4.8
2024-01-29 06:00,279,구미,-5.2,87,0.1,0,,1025.3,1031.7,,,0,0,-5.1
2024-01-29 07:00,279,구미,-6.0,87,0.0,0,,1025.8,1032.2,,,0,0,-5.4
2024-01-29 08:00,279,구미,-5.6,87,0.2,0,,1026.4,1032.8,0.0,,0,0,-5.2
2024-01-29 09:00,279,구미,-3.0,81,0.7,340,,1026.6,1033.0,0.3,,2,1,-3.6
2024-01-29 10:00,279,구미,0.7,62,1.0,320,,1026.5,1032.8,1.0,,0,0,-0.1
2024-01-29 11:00,279,구미,2.1,54,1.8,320,,1026.3,1032.6,1.0,,0,0,3.2
2024-01-29 12:00,279,구미,3.4,47,1.5,320,,1025.8,1032.0,1.0,,2,1,6.1
2024-01-29 13:00,279,구미,4.4,38,2.0,340,,1024.8,1031.0,1.0,,0,0,10.4
2024-01-29 14:00,279,구미,5.3,36,1.7,320,,1024.0,1030.2,1.0,,0,0,10.8
2024-01-29 15:00,279,구미,5.7,31,1.4,320,,1023.4,1029.6,1.0,,0,0,9.5
2024-01-29 16:00,279,구미,5.8,32,1.0,340,,1023.6,1029.8,1.0,,0,0,6.5
2024-01-29 17:00,279,구미,4.6,35,0.9,320,,1023.9,1030.1,0.8,,0,0,1.6
2024-01-29 18:00,279,구미,2.9,41,0.9,270,,1024.1,1030.3,0.0,,0,0,0.0
2024-01-29 19:00,279,구미,1.1,47,1.0,250,,1024.6,1030.9,,,0,0,-0.5
2024-01-29 20:00,279,구미,-0.4,55,0.9,290,,1024.7,1031.0,,,0,0,-1.2
2024-01-29 21:00,279,구미,-0.8,58,0.6,270,,1025.1,1031.4,,,0,0,-1.9
2024-01-29 22:00,279,구미,-1.4,60,0.3,0,,1025.5,1031.8,,,0,0,-2.4
2024-01-29 23:00,279,구미,-2.5,68,0.0,0,,1025.5,1031.9,,,0,0,-2.9
2024-01-30 00:00,279,구미,-2.8,70,0.0,0,,1025.7,1032.1,,,6,3,-3.1
2024-01-30 01:00,279,구미,-3.2,71,0.1,0,,1025.6,1032.0,,,0,0,-3.6
2024-01-30 02:00,279,구미,-4.1,78,0.0,0,,1025.4,1031.8,,,0,0,-3.9
2024-01-30 03:00,279,구미,-4.7,81,0.1,0,,1025.7,1032.1,,,0,0,-4.3
2024-01-30 04:00,279,구미,-5.1,80,0.0,0,,1025.5,1031.9,,,0,0,-4.6
2024-01-30 05:00,279,구미,-5.5,83,0.0,0,,1025.2,1031.6,,,0,0,-4.8
2024-01-30 06:00,279,구미,-5.4,85,0.3,0,,1025.4,1031.8,,,0,0,-5.0
2024-01-30 07:00,279,구미,-5.5,84,0.8,270,,1026.0,1032.4,,,0,0,-5.2
2024-01-30 08:00,279,구미,-5.7,85,0.4,0,,1026.7,1033.1,0.0,,0,0,-5.0
2024-01-30 09:00,279,구미,-3.4,77,0.0,0,,1026.7,1033.1,0.3,,0,0,-3.5
2024-01-30 10:00,279,구미,-0.8,63,0.4,0,,1026.5,1032.8,1.0,,2,2,-0.1
2024-01-30 11:00,279,구미,1.2,53,0.5,110,,1026.0,1032.3,1.0,,2,2,2.9
2024-01-30 12:00,279,구미,3.0,46,0.5,160,,1025.1,1031.3,1.0,,4,4,5.5
2024-01-30 13:00,279,구미,5.1,38,0.5,90,,1023.8,1030.0,1.0,,0,0,9.9
2024-01-30 14:00,279,구미,6.3,34,0.5,140,,1022.4,1028.5,1.0,,0,0,10.5
2024-01-30 15:00,279,구미,8.1,35,0.5,50,,1021.8,1027.9,1.0,,0,0,9.4
2024-01-30 16:00,279,구미,8.8,33,0.2,0,,1021.7,1027.8,1.0,,0,0,7.2
2024-01-30 17:00,279,구미,6.7,41,0.2,0,,1021.5,1027.6,0.8,,0,0,2.4
2024-01-30 18:00,279,구미,4.3,50,0.6,250,,1021.6,1027.8,0.0,,0,0,-0.6
2024-01-30 19:00,279,구미,2.8,57,0.7,270,,1021.8,1028.0,,,0,0,0.0
2024-01-30 20:00,279,구미,2.1,60,0.4,0,,1021.9,1028.1,,,8,8,0.0
2024-01-30 21:00,279,구미,2.0,61,0.4,0,,1021.8,1028.0,,,8,8,0.0
2024-01-30 22:00,279,구미,1.2,67,1.0,270,,1021.5,1027.7,,,6,6,-0.3
2024-01-30 23:00,279,구미,1.3,68,0.0,0,,1021.5,1027.7,,,9,9,-0.3
2024-01-31 00:00,279,구미,1.1,72,0.5,290,,1020.7,1026.9,,,9,9,-0.1
2024-01-31 01:00,279,구미,1.5,69,0.2,0,,1020.6,1026.8,,,10,10,0.1
2024-01-31 02:00,279,구미,2.0,64,0.0,0,,1020.9,1027.1,,,10,2,0.1
2024-01-31 03:00,279,구미,2.3,66,0.1,0,0.0,1021.0,1027.2,,,10,10,0.2
2024-01-31 04:00,279,구미,2.3,66,0.1,0,,1020.3,1026.5,,,10,10,0.2
2024-01-31 05:00,279,구미,2.5,63,0.6,290,,1020.3,1026.5,,,9,9,0.2
2024-01-31 06:00,279,구미,2.4,60,0.4,0,0.0,1020.2,1026.4,,,9,8,0.2
2024-01-31 07:00,279,구미,1.4,66,0.2,0,,1020.0,1026.2,,,8,2,0.1
2024-01-31 08:00,279,구미,1.9,66,0.1,0,,1020.1,1026.3,0.0,,8,8,0.1
2024-01-31 09:00,279,구미,2.9,62,0.1,0,,1020.3,1026.5,0.2,,8,2,0.2
2024-01-31 10:00,279,구미,4.5,54,0.1,0,,1020.1,1026.3,0.2,,8,5,0.8
2024-01-31 11:00,279,구미,7.2,43,0.8,90,,1019.6,1025.7,1.0,,0,0,7.7
2024-01-31 12:00,279,구미,9.4,39,0.4,0,,1018.4,1024.4,1.0,,0,0,11.9
2024-01-31 13:00,279,구미,10.9,35,1.4,110,,1017.0,1023.0,1.0,,0,0,15.7
2024-01-31 14:00,279,구미,12.3,29,1.2,90,,1015.8,1021.7,1.0,,0,0,16.5
2024-01-31 15:00,279,구미,14.1,26,1.0,70,,1015.1,1021.0,1.0,,0,0,15.7
2024-01-31 16:00,279,구미,11.9,32,0.5,250,,1015.1,1021.1,0.7,,0,0,11.1
2024-01-31 17:00,279,구미,10.2,38,0.3,0,,1015.3,1021.3,0.4,,0,0,7.7
2024-01-31 18:00,279,구미,7.7,47,0.6,250,,1015.6,1021.7,0.0,,7,0,4.9
2024-01-31 19:00,279,구미,7.2,51,0.4,0,,1015.9,1022.0,,,7,7,4.3
2024-01-31 20:00,279,구미,6.1,54,0.5,270,,1016.5,1022.6,,,6,5,2.8
2024-01-31 21:00,279,구미,5.9,52,0.1,0,,1016.4,1022.5,,,7,7,1.8
2024-01-31 22:00,279,구미,6.8,46,1.4,270,,1016.8,1022.9,,,9,1,2.4
2024-01-31 23:00,279,구미,6.3,50,0.3,0,,1017.1,1023.2,,,9,9,2.6
2024-01-01 00:00,295,남해,3.0,79,1.3,270,,1019.9,1025.7,,,0,0,0.1
2024-01-01 01:00,295,남해,2.9,78,1.4,250,,1020.4,1026.2,,,0,0,-0.1
2024-01-01 02:00,295,남해,2.9,80,1.6,250,,1020.8,1026.6,,,0,0,-0.5
2024-01-01 03:00,295,남해,2.3,83,1.3,270,,1021.3,1027.1,,,0,0,-0.8
2024-01-01 04:00,295,남해,2.1,86,1.4,270,,1021.6,1027.4,,,0,0,-0.8
2024-01-01 05:00,295,남해,2.1,86,1.3,250,,1021.8,1027.6,,,1,0,-1.1
2024-01-01 06:00,295,남해,1.5,89,1.2,270,,1022.3,1028.1,,,3,0,-1.2
2024-01-01 07:00,295,남해,1.0,89,1.3,290,,1022.8,1028.6,,,0,0,-1.5
2024-01-01 08:00,295,남해,2.0,90,1.6,290,,1023.3,1029.1,0.0,,3,3,-0.4
2024-01-01 09:00,295,남해,3.5,82,0.5,50,,1023.7,1029.5,0.4,,2,1,1.1
2024-01-01 10:00,295,남해,4.3,77,0.4,0,,1024.2,1029.9,0.5,,5,5,5.0
2024-01-01 11:00,295,남해,6.0,66,1.2,320,,1024.0,1029.7,0.9,,5,0,13.8
2024-01-01 12:00,295,남해,7.5,60,1.8,360,,1023.1,1028.8,1.0,,6,3,19.7
2024-01-01 13:00,295,남해,8.8,56,1.5,20,,1022.1,1027.7,0.9,,5,2,19.8
2024-01-01 14:00,295,남해,9.6,53,1.4,20,,1021.2,1026.8,1.0,,4,0,18.1
2024-01-01 15:00,295,남해,9.3,52,1.0,360,,1020.9,1026.5,1.0,,6,4,14.1
2024-01-01 16:00,295,남해,9.7,50,0.5,50,,1020.4,1026.0,1.0,,6,0,10.1
2024-01-01 17:00,295,남해,7.9,65,0.6,140,,1020.3,1025.9,0.0,,8,8,7.7
2024-01-01 18:00,295,남해,5.9,67,2.0,270,,1020.2,1025.9,0.0,,0,0,3.9
2024-01-01 19:00,295,남해,5.6,69,1.1,250,,1020.4,1026.1,,,0,0,3.4
2024-01-01 20:00,295,남해,6.4,68,1.2,270,,1020.5,1026.2,,,9,9,4.9
2024-01-01 21:00,295,남해,5.8,70,0.4,0,,1020.4,1026.1,,,9,9,5.0
2024-01-01 22:00,295,남해,6.1,70,1.5,270,,1020.2,1025.9,,,5,2,3.4
2024-01-01 23:00,295,남해,6.3,69,0.8,250,,1020.2,1025.9,,,7,7,3.9
2024-01-02 00:00,295,남해,5.7,71,0.3,0,,1019.8,1025.5,,,9,9,4.9
2024-01-02 01:00,295,남해,6.0,75,0.3,0,,1019.3,1025.0,,,10,10,5.3
2024-01-02 02:00,295,남해,6.1,74,0.5,290,,1018.9,1024.6,,,9,9,4.6
2024-01-02 03:00,295,남해,5.5,83,0.1,0,0.1,1018.8,1024.5,,,10,10,4.8
2024-01-02 04:00,295,남해,5.2,87,0.3,0,,1018.4,1024.1,,,10,8,4.3
2024-01-02 05:00,295,남해,5.4,91,0.4,0,,1017.7,1023.4,,,10,9,4.8
2024-01-02 06:00,295,남해,5.5,80,1.0,270,0.0,1017.7,1023.4,,,10,3,2.7
2024-01-02 07:00,295,남해,6.5,66,2.5,290,,1017.8,1023.5,,,7,2,2.3
2024-01-02 08:00,295,남해,4.9,70,0.8,270,,1017.6,1023.3,0.0,,2,0,1.4
2024-01-02 09:00,295,남해,7.6,55,1.8,290,,1017.4,1023.0,0.7,,2,0,5.4
2024-01-02 10:00,295,남해,8.6,53,2.8,320,,1017.9,1023.5,1.0,,3,0,11.6
2024-01-02 11:00,295,남해,9.3,50,2.9,290,,1017.3,1022.9,1.0,,4,0,15.6
2024-01-02 12:00,295,남해,10.2,48,1.9,320,,1016.1,1021.7,1.0,,3,0,20.2
2024-01-02 13:00,295,남해,10.4,48,3.3,290,,1015.2,1020.8,1.0,,1,0,20.6
2024-01-02 14:00,295,남해,10.4,48,3.3,320,,1014.3,1019.9,1.0,,2,0,18.3
2024-01-02 15:00,295,남해,10.3,49,3.2,270,,1014.3,1019.9,1.0,,5,0,14.9
2024-01-02 16:00,295,남해,9.7,50,2.4,290,,1014.3,1019.9,1.0,,4,1,10.4
2024-01-02 17:00,295,남해,8.7,53,3.4,270,,1014.4,1020.0,0.3,,5,0,6.7
2024-01-02 18:00,295,남해,7.9,56,2.0,290,,1014.9,1020.5,0.0,,6,4,4.8
2024-01-02 19:00,295,남해,7.9,56,2.4,270,,1014.9,1020.5,,,8,8,5.9
2024-01-02 20:00,295,남해,7.7,57,1.6,270,,1014.6,1020.2,,,9,9,5.9
2024-01-02 21:00,295,남해,7.4,57,1.7,270,,1014.7,1020.3,,,10,5,5.2
2024-01-02 22:00,295,남해,7.2,59,2.4,270,,1014.1,1019.7,,,8,8,4.9
2024-01-02 23:00,295,남해,6.7,60,1.5,270,,1013.9,1019.5,,,8,8,4.3
2024-01-03 00:00,295,남해,7.2,58,2.1,290,,1013.3,1018.9,,,10,10,4.8
2024-01-03 01:00,295,남해,7.0,59,2.1,290,,1013.0,1018.6,,,10,10,4.9
2024-01-03 02:00,295,남해,6.6,62,2.1,250,,1013.2,1018.8,,,10,10,4.8
2024-01-03 03:00,295,남해,6.3,62,2.2,320,,1013.0,1018.6,,,10,10,4.6
2024-01-03 04:00,295,남해,6.2,63,2.9,320,,1013.0,1018.6,,,10,9,4.5
2024-01-03 05:00,295,남해,5.9,66,2.9,290,,1012.3,1018.0,,,10,7,4.5
2024-01-03 06:00,295,남해,5.6,68,1.4,320,,1012.3,1018.0,,,10,6,4.6
2024-01-03 07:00,295,남해,4.3,83,1.1,270,,1012.9,1018.6,,,10,8,4.5
2024-01-03 08:00,295,남해,4.3,83,1.1,340,,1013.1,1018.8,0.0,,10,10,4.6
2024-01-03 09:00,295,남해,4.2,86,0.7,20,0.2,1013.2,1018.9,0.0,,10,10,5.7
2024-01-03 10:00,295,남해,4.7,84,1.2,20,,1013.2,1018.9,0.0,,8,8,8.8
2024-01-03 11:00,295,남해,5.6,83,1.5,20,,1012.8,1018.5,0.3,,7,7,16.1
2024-01-03 12:00,295,남해,5.3,79,1.4,50,,1012.1,1017.8,0.4,,6,4,11.8
2024-01-03 13:00,295,남해,7.2,70,1.3,50,,1011.3,1016.9,0.6,,4,2,19.6
2024-01-03 14:00,295,남해,9.1,45,2.6,320,,1010.9,1016.5,1.0,,3,0,18.5
2024-01-03 15:00,295,남해,8.2,47,3.6,320,,1011.3,1016.9,1.0,,0,0,13.2
2024-01-03 16:00,295,남해,7.2,49,4.5,320,,1012.2,1017.8,0.8,,2,0,7.5
2024-01-03 17:00,295,남해,6.8,52,1.7,360,,1012.8,1018.4,0.2,,1,0,5.1
2024-01-03 18:00,295,남해,6.4,53,3.6,320,,1013.9,1019.5,0.0,,0,0,3.7
2024-01-03 19:00,295,남해,5.5,56,1.1,270,,1014.2,1019.9,,,0,0,2.5
2024-01-03 20:00,295,남해,5.7,53,3.1,290,,1014.6,1020.3,,,6,6,2.7
2024-01-03 21:00,295,남해,5.4,56,2.3,290,,1015.0,1020.7,,,7,4,3.0
2024-01-03 22:00,295,남해,5.0,57,2.4,290,,1015.4,1021.1,,,0,0,1.2
2024-01-03 23:00,295,남해,4.6,56,2.3,290,,1015.7,1021.4,,,0,0,0.7
2024-01-04 00:00,295,남해,4.2,59,3.1,290,,1015.7,1021.4,,,0,0,0.1
2024-01-04 01:00,295,남해,3.9,61,2.3,270,,1015.9,1021.6,,,0,0,-0.1
2024-01-04 02:00,295,남해,3.6,55,2.8,290,,1016.0,1021.7,,,0,0,-0.1
2024-01-04 03:00,295,남해,2.6,60,2.2,290,,1016.3,1022.0,,,0,0,-0.4
2024-01-04 04:00,295,남해,1.0,66,1.0,250,,1016.2,1022.0,,,0,0,-0.8
2024-01-04 05:00,295,남해,0.4,68,0.8,270,,1016.6,1022.4,,,0,0,-1.2
2024-01-04 06:00,295,남해,0.5,66,0.9,250,,1016.9,1022.7,,,0,0,-1.5
2024-01-04 07:00,295,남해,-0.8,77,0.4,0,,1017.5,1023.3,,,0,0,-2.1
2024-01-04 08:00,295,남해,-0.3,73,1.0,250,,1018.1,1023.9,0.0,,0,0,-1.8
2024-01-04 09:00,295,남해,1.6,69,0.6,250,,1018.7,1024.5,0.7,,0,0,0.2
2024-01-04 10:00,295,남해,3.1,65,1.1,70,,1019.4,1025.1,1.0,,0,0,5.3
2024-01-04 11:00,295,남해,4.3,57,0.9,360,,1019.1,1024.8,1.0,,0,0,13.3
2024-01-04 12:00,295,남해,5.4,53,1.1,50,,1018.4,1024.1,1.0,,0,0,18.5
2024-01-04 13:00,295,남해,6.7,49,1.3,20,,1017.4,1023.1,1.0,,0,0,20.3
2024-01-04 14:00,295,남해,7.7,47,1.1,70,,1016.6,1022.2,1.0,,0,0,18.5
2024-01-04 15:00,295,남해,9.0,41,1.1,90,,1016.2,1021.8,1.0,,0,0,14.4
2024-01-04 16:00,295,남해,8.8,42,2.0,270,,1016.2,1021.8,1.0,,0,0,9.2
2024-01-04 17:00,295,남해,6.6,54,1.3,230,,1016.3,1022.0,0.4,,0,0,4.4
2024-01-04 18:00,295,남해,6.2,57,1.5,230,,1016.7,1022.4,0.0,,0,0,2.3
2024-01-04 19:00,295,남해,5.3,62,0.9,290,,1016.7,1022.4,,,0,0,0.6
2024-01-04 20:00,295,남해,5.0,62,0.7,270,,1016.7,1022.4,,,0,0,0.1
2024-01-04 21:00,295,남해,5.2,63,0.7,270,,1017.0,1022.7,,,0,0,-0.2
2024-01-04 22:00,295,남해,3.3,71,0.5,270,,1017.1,1022.8,,,0,0,-0.5
2024-01-04 23:00,295,남해,5.1,68,0.9,290,,1017.2,1022.9,,,0,0,-0.4
2024-01-05 00:00,295,남해,5.0,69,1.2,20,,1016.9,1022.6,,,0,0,-0.3
2024-01-05 01:00,295,남해,6.4,68,1.4,290,,1016.6,1022.3,,,0,0,-0.2
2024-01-05 02:00,295,남해,5.8,73,0.8,90,,1016.4,1022.1,,,0,0,-0.3
2024-01-05 03:00,295,남해,4.2,80,0.6,360,,1016.5,1022.2,,,0,0,-0.4
2024-01-05 04:00,295,남해,2.7,86,0.4,0,,1016.3,1022.0,,,0,0,-0.6
2024-01-05 05:00,295,남해,2.9,91,0.3,0,,1016.3,1022.0,,,0,0,-0.7
2024-01-05 06:00,295,남해,5.2,80,0.8,290,,1016.6,1022.3,,,7,6,-0.3
2024-01-05 07:00,295,남해,7.1,73,1.2,290,,1016.9,1022.5,,,8,8,0.1
2024-01-05 08:00,295,남해,6.8,73,0.8,20,,1017.0,1022.7,0.0,,7,4,0.1
2024-01-05 09:00,295,남해,8.3,70,0.8,140,,1017.3,1022.9,0.0,,5,5,3.8
2024-01-05 10:00,295,남해,10.4,62,2.5,270,,1017.5,1023.1,0.2,,7,7,12.8
2024-01-05 11:00,295,남해,11.5,55,2.4,270,,1017.2,1022.8,0.9,,7,2,17.3
2024-01-05 12:00,295,남해,12.4,51,2.2,270,,1016.2,1021.7,1.0,,5,0,21.6
2024-01-05 13:00,295,남해,12.5,50,2.7,290,,1015.3,1020.8,1.0,,3,1,22.5
2024-01-05 14:00,295,남해,12.7,50,2.5,320,,1014.6,1020.1,0.8,,5,1,18.6
2024-01-05 15:00,295,남해,11.9,53,2.0,270,,1014.0,1019.5,0.3,,6,4,12.3
2024-01-05 16:00,295,남해,12.2,52,1.5,290,,1013.9,1019.4,0.5,,5,1,10.7
2024-01-05 17:00,295,남해,11.4,56,0.3,0,,1014.1,1019.6,0.1,,6,4,9.3
2024-01-05 18:00,295,남해,9.5,65,0.6,270,,1014.6,1020.2,0.0,,6,6,6.5
2024-01-05 19:00,295,남해,7.9,70,1.5,270,,1014.7,1020.3,,,0,0,4.1
2024-01-05 20:00,295,남해,7.3,72,0.9,250,,1014.8,1020.4,,,5,2,3.0
2024-01-05 21:00,295,남해,7.0,74,1.1,270,,1014.9,1020.5,,,3,0,2.6
2024-01-05 22:00,295,남해,6.8,76,1.0,250,,1014.9,1020.5,,,0,0,2.1
2024-01-05 23:00,295,남해,6.3,76,1.0,290,,1014.5,1020.2,,,0,0,1.5
2024-01-06 00:00,295,남해,6.1,75,0.8,290,,1014.6,1020.3,,,0,0,1.3
2024-01-06 01:00,295,남해,5.7,75,1.0,290,,1014.5,1020.2,,,0,0,0.6
2024-01-06 02:00,295,남해,7.5,67,1.5,290,,1014.2,1019.8,,,0,0,0.6
2024-01-06 03:00,295,남해,5.4,75,1.1,290,,1014.1,1019.8,,,0,0,0.1
2024-01-06 04:00,295,남해,4.3,77,0.6,270,,1013.9,1019.6,,,0,0,-0.2
2024-01-06 05:00,295,남해,4.5,72,1.3,290,,1013.9,1019.6,,,0,0,-0.4
2024-01-06 06:00,295,남해,3.3,80,0.7,270,,1014.1,1019.8,,,0,0,-0.5
2024-01-06 07:00,295,남해,3.1,77,0.8,250,,1014.8,1020.5,,,1,0,-0.7
2024-01-06 08:00,295,남해,3.3,75,1.7,270,,1015.4,1021.1,0.0,,0,0,-0.6
2024-01-06 09:00,295,남해,4.2,75,0.4,0,,1015.9,1021.6,0.7,,0,0,0.6
2024-01-06 10:00,295,남해,6.2,70,0.8,140,,1016.4,1022.1,1.0,,0,0,9.7
2024-01-06 11:00,295,남해,7.5,48,1.1,70,,1016.2,1021.8,1.0,,0,0,15.1
2024-01-06 12:00,295,남해,8.4,29,1.3,50,,1015.3,1020.9,1.0,,0,0,20.2
2024-01-06 13:00,295,남해,9.2,30,1.2,50,,1014.5,1020.1,1.0,,1,0,22.5
2024-01-06 14:00,295,남해,9.7,28,1.3,70,,1014.0,1019.6,1.0,,1,0,20.4
2024-01-06 15:00,295,남해,10.3,33,1.7,140,,1013.9,1019.5,1.0,,6,0,17.2
2024-01-06 16:00,295,남해,9.9,24,2.1,290,,1014.2,1019.8,0.6,,8,0,11.7
2024-01-06 17:00,295,남해,8.2,28,2.5,270,,1014.5,1020.1,0.1,,8,0,6.3
2024-01-06 18:00,295,남해,7.3,28,2.5,270,,1015.2,1020.8,0.0,,6,0,3.0
2024-01-06 19:00,295,남해,6.6,31,2.1,270,,1015.6,1021.3,,,6,3,1.5
2024-01-06 20:00,295,남해,5.9,37,1.9,270,,1015.8,1021.5,,,6,0,0.7
2024-01-06 21:00,295,남해,5.6,35,2.3,290,,1016.5,1022.2,,,0,0,0.0
2024-01-06 22:00,295,남해,4.5,40,1.9,270,,1017.0,1022.7,,,0,0,-0.5
2024-01-06 23:00,295,남해,4.3,46,2.2,320,,1017.6,1023.3,,,0,0,-0.3
2024-01-07 00:00,295,남해,2.8,55,0.5,180,,1017.4,1023.1,,,0,0,-0.9
2024-01-07 01:00,295,남해,2.2,62,1.2,270,,1017.3,1023.1,,,0,0,-1.0
2024-01-07 02:00,295,남해,3.9,65,3.6,320,,1017.1,1022.8,,,7,5,0.1
2024-01-07 03:00,295,남해,3.3,65,2.5,290,,1017.2,1022.9,,,6,6,0.0
2024-01-07 04:00,295,남해,3.1,56,2.9,320,,1017.0,1022.7,,,0,0,-0.3
2024-01-07 05:00,295,남해,2.6,55,1.9,320,,1017.2,1022.9,,,1,1,-0.7
2024-01-07 06:00,295,남해,2.5,57,1.8,290,,1017.4,1023.2,,,6,6,-0.4
2024-01-07 07:00,295,남해,2.0,62,2.2,290,,1017.9,1023.7,,,5,5,-0.7
2024-01-07 08:00,295,남해,1.7,63,2.3,270,,1018.5,1024.3,0.0,,1,0,-0.7
2024-01-07 09:00,295,남해,2.7,57,2.7,290,,1019.1,1024.9,0.7,,2,1,1.2
2024-01-07 10:00,295,남해,3.7,51,1.9,320,,1019.5,1025.2,1.0,,1,0,9.7
2024-01-07 11:00,295,남해,3.7,46,3.4,320,,1019.4,1025.1,1.0,,3,0,13.3
2024-01-07 12:00,295,남해,4.0,43,3.4,290,,1018.8,1024.5,0.9,,2,1,17.4
2024-01-07 13:00,295,남해,4.1,36,3.7,320,,1018.3,1024.0,1.0,,1,0,18.9
2024-01-07 14:00,295,남해,4.3,27,4.8,340,,1018.0,1023.7,1.0,,0,0,15.7
2024-01-07 15:00,295,남해,4.3,32,4.2,320,,1018.3,1024.0,1.0,,0,0,10.8
2024-01-07 16:00,295,남해,3.5,30,4.5,320,,1018.8,1024.5,1.0,,0,0,5.4
2024-01-07 17:00,295,남해,2.7,32,3.7,340,,1019.4,1025.2,0.4,,0,0,1.3
2024-01-07 18:00,295,남해,2.1,33,3.4,320,,1019.9,1025.7,0.0,,0,0,-0.7
2024-01-07 19:00,295,남해,1.6,38,3.2,320,,1020.4,1026.2,,,0,0,-1.6
2024-01-07 20:00,295,남해,0.7,42,2.4,270,,1020.9,1026.7,,,1,0,-1.6
2024-01-07 21:00,295,남해,0.2,46,3.4,290,,1020.9,1026.7,,,0,0,-1.9
2024-01-07 22:00,295,남해,-0.4,46,2.9,290,,1021.4,1027.2,,,0,0,-2.3
2024-01-07 23:00,295,남해,-1.0,47,2.5,290,,1021.6,1027.5,,,0,0,-2.7
2024-01-08 00:00,295,남해,-1.5,47,1.1,290,,1021.6,1027.5,,,0,0,-3.4
2024-01-08 01:00,295,남해,-3.1,55,1.3,270,,1022.0,1027.9,,,0,0,-3.6
2024-01-08 02:00,295,남해,-2.3,49,0.9,320,,1021.7,1027.6,,,0,0,-3.9
2024-01-08 03:00,295,남해,-3.9,56,0.5,250,,1021.7,1027.6,,,0,0,-4.2
2024-01-08 04:00,295,남해,-4.2,56,1.2,250,,1021.4,1027.3,,,0,0,-4.5
2024-01-08 05:00,295,남해,-4.7,59,1.0,270,,1021.2,1027.1,,,0,0,-4.8
2024-01-08 06:00,295,남해,-4.6,54,1.4,270,,1021.6,1027.5,,,0,0,-4.8
2024-01-08 07:00,295,남해,-4.3,52,1.1,250,,1022.3,1028.2,,,0,0,-4.9
2024-01-08 08:00,295,남해,-4.5,57,1.0,270,,1022.5,1028.4,0.0,,0,0,-4.7
2024-01-08 09:00,295,남해,-2.5,53,0.9,250,,1023.0,1028.9,0.7,,0,0,-1.0
2024-01-08 10:00,295,남해,-0.8,42,1.1,20,,1023.2,1029.1,1.0,,0,0,4.6
2024-01-08 11:00,295,남해,0.1,37,1.2,50,,1022.6,1028.4,1.0,,0,0,9.0
2024-01-08 12:00,295,남해,1.0,37,1.1,50,,1021.6,1027.4,1.0,,0,0,15.0
2024-01-08 13:00,295,남해,2.5,37,1.3,50,,1020.6,1026.4,1.0,,0,0,19.1
2024-01-08 14:00,295,남해,4.1,38,1.5,20,,1019.5,1025.2,1.0,,0,0,17.5
2024-01-08 15:00,295,남해,4.5,45,1.9,160,,1019.2,1024.9,1.0,,0,0,12.9
2024-01-08 16:00,295,남해,3.2,49,1.5,180,,1019.4,1025.1,1.0,,0,0,6.5
2024-01-08 17:00,295,남해,1.7,57,0.8,200,,1019.4,1025.2,0.4,,6,0,1.6
2024-01-08 18:00,295,남해,0.6,58,0.5,250,,1019.6,1025.4,0.0,,6,0,-1.3
2024-01-08 19:00,295,남해,0.1,54,1.1,270,,1019.6,1025.4,,,3,0,-1.7
2024-01-08 20:00,295,남해,-0.9,57,0.6,160,,1019.4,1025.2,,,0,0,-2.2
2024-01-08 21:00,295,남해,-0.9,64,0.4,0,,1019.1,1024.9,,,0,0,-2.6
2024-01-08 22:00,295,남해,-1.0,63,0.5,50,,1018.7,1024.5,,,0,0,-3.1
2024-01-08 23:00,295,남해,0.9,53,0.9,270,,1018.3,1024.1,,,0,0,-3.1
2024-01-09 00:00,295,남해,1.7,43,1.3,270,,1018.1,1023.9,,,0,0,-2.7
2024-01-09 01:00,295,남해,1.5,43,1.1,340,,1018.0,1023.8,,,5,0,-2.8
2024-01-09 02:00,295,남해,-1.3,56,0.7,250,,1017.6,1023.4,,,0,0,-3.4
2024-01-09 03:00,295,남해,-1.7,64,0.7,270,,1017.3,1023.1,,,0,0,-3.4
2024-01-09 04:00,295,남해,-1.8,70,0.9,250,,1017.0,1022.8,,,0,0,-3.3
2024-01-09 05:00,295,남해,-0.9,69,0.4,0,,1017.0,1022.8,,,8,8,-1.9
2024-01-09 06:00,295,남해,-1.8,70,1.0,270,,1017.2,1023.0,,,6,4,-3.0
2024-01-09 07:00,295,남해,-1.9,71,0.9,230,,1017.4,1023.3,,,8,8,-2.9
2024-01-09 08:00,295,남해,-1.7,73,1.2,270,,1017.3,1023.1,0.0,,2,2,-1.8
2024-01-09 09:00,295,남해,0.3,65,0.1,0,,1017.3,1023.1,0.0,,9,9,0.1
2024-01-09 10:00,295,남해,1.3,60,0.7,340,,1017.6,1023.4,0.0,,9,9,3.3
2024-01-09 11:00,295,남해,1.5,61,1.0,70,,1017.0,1022.8,0.0,,9,2,6.2
2024-01-09 12:00,295,남해,2.0,58,0.6,90,,1015.9,1021.7,0.0,,10,10,7.4
2024-01-09 13:00,295,남해,2.3,58,0.4,0,,1014.8,1020.5,0.0,,9,9,5.6
2024-01-09 14:00,295,남해,2.4,69,0.2,0,,1014.1,1019.8,0.0,,10,9,5.7
2024-01-09 15:00,295,남해,2.9,74,0.3,0,0.1,1013.6,1019.3,0.0,,9,9,5.8
2024-01-09 16:00,295,남해,3.1,80,0.1,0,,1013.2,1018.9,0.0,,10,2,5.7
2024-01-09 17:00,295,남해,2.8,89,0.2,0,,1012.2,1017.9,0.0,,6,4,4.7
2024-01-09 18:00,295,남해,2.8,91,0.6,250,0.3,1012.5,1018.2,0.0,,10,10,3.9
2024-01-09 19:00,295,남해,3.2,91,0.5,270,,1012.4,1018.1,,,10,10,3.8
2024-01-09 20:00,295,남해,3.2,94,0.6,270,,1012.0,1017.7,,,10,10,3.9
2024-01-09 21:00,295,남해,3.1,96,1.1,320,1.5,1012.1,1017.8,,,10,7,3.7
2024-01-09 22:00,295,남해,2.9,96,0.3,0,,1011.9,1017.6,,,10,7,3.7
2024-01-09 23:00,295,남해,2.7,97,1.6,340,,1011.4,1017.1,,,7,7,3.6
2024-01-10 00:00,295,남해,2.4,97,0.2,0,3.3,1010.9,1016.6,,,9,9,3.0
2024-01-10 01:00,295,남해,2.6,95,0.7,230,,1010.9,1016.6,,,7,7,1.8
2024-01-10 02:00,295,남해,2.2,96,1.1,290,,1011.1,1016.8,,,5,1,1.1
2024-01-10 03:00,295,남해,2.7,93,0.8,320,,1011.4,1017.1,,,6,6,1.8
2024-01-10 04:00,295,남해,2.0,93,1.2,290,,1011.0,1016.7,,,5,5,0.6
2024-01-10 05:00,295,남해,1.8,95,1.1,270,,1010.8,1016.5,,,7,7,1.5
2024-01-10 06:00,295,남해,1.9,96,0.6,200,,1011.4,1017.1,,,8,8,2.3
2024-01-10 07:00,295,남해,2.9,93,0.6,320,,1011.9,1017.6,,,8,8,2.8
2024-01-10 08:00,295,남해,2.9,90,0.9,340,,1012.7,1018.4,0.0,,8,8,2.8
2024-01-10 09:00,295,남해,2.9,87,1.3,340,,1013.5,1019.2,0.6,,2,0,3.6
2024-01-10 10:00,295,남해,3.6,84,1.8,320,,1014.0,1019.7,0.9,,0,0,8.5
2024-01-10 11:00,295,남해,4.0,79,1.7,20,,1013.9,1019.6,1.0,,0,0,11.2
2024-01-10 12:00,295,남해,4.6,75,1.2,20,,1013.2,1018.9,0.5,,6,6,13.0
2024-01-10 13:00,295,남해,5.6,66,2.9,20,,1012.6,1018.3,0.2,,8,8,13.1
2024-01-10 14:00,295,남해,6.0,65,1.9,20,,1012.6,1018.3,0.0,,8,8,11.6
2024-01-10 15:00,295,남해,6.7,64,1.8,50,,1012.7,1018.3,0.1,,8,8,11.5
2024-01-10 16:00,295,남해,6.4,63,1.3,20,,1012.6,1018.2,0.1,,8,5,8.2
2024-01-10 17:00,295,남해,6.3,62,1.5,360,,1012.9,1018.5,0.0,,8,8,6.7
2024-01-10 18:00,295,남해,3.9,73,1.4,270,,1013.6,1019.3,0.0,,0,0,3.2
2024-01-10 19:00,295,남해,2.9,75,1.3,250,,1014.0,1019.7,,,0,0,1.6
2024-01-10 20:00,295,남해,3.1,72,1.2,250,,1014.4,1020.1,,,0,0,0.8
2024-01-10 21:00,295,남해,2.7,71,1.1,270,,1014.5,1020.2,,,0,0,0.1
2024-01-10 22:00,295,남해,2.3,77,1.6,270,,1014.9,1020.6,,,0,0,-0.1
2024-01-10 23:00,295,남해,1.7,78,1.2,250,,1014.8,1020.6,,,0,0,-0.3
2024-01-11 00:00,295,남해,1.3,79,1.3,250,,1014.7,1020.5,,,0,0,-0.7
2024-01-11 01:00,295,남해,-0.1,87,0.1,0,,1014.2,1020.0,,,0,0,-1.4
2024-01-11 02:00,295,남해,0.9,81,0.9,270,,1014.5,1020.3,,,0,0,-1.4
2024-01-11 03:00,295,남해,-0.5,89,0.2,0,,1014.3,1020.1,,,0,0,-2.1
2024-01-11 04:00,295,남해,-1.2,91,0.2,0,,1014.2,1020.0,,,0,0,-2.5
2024-01-11 05:00,295,남해,-1.5,93,0.2,0,,1013.9,1019.7,,,0,0,-2.5
2024-01-11 06:00,295,남해,-1.2,89,0.9,250,,1014.1,1019.9,,,0,0,-2.7
2024-01-11 07:00,295,남해,-1.5,92,1.3,270,,1014.2,1020.0,,,0,0,-3.2
2024-01-11 08:00,295,남해,-2.7,93,0.4,0,,1014.3,1020.2,0.0,,0,0,-3.6
2024-01-11 09:00,295,남해,-0.1,90,0.3,0,,1014.5,1020.3,0.7,,0,0,0.1
2024-01-11 10:00,295,남해,1.7,71,0.8,90,,1014.4,1020.2,1.0,,0,0,2.2
2024-01-11 11:00,295,남해,3.2,60,0.8,90,,1014.3,1020.0,1.0,,0,0,7.9
2024-01-11 12:00,295,남해,4.9,51,1.5,90,,1013.3,1019.0,1.0,,0,0,15.2
2024-01-11 13:00,295,남해,6.2,48,3.2,270,,1012.3,1017.9,1.0,,0,0,18.1
2024-01-11 14:00,295,남해,7.5,41,3.9,270,,1011.3,1016.9,1.0,,0,0,16.9
2024-01-11 15:00,295,남해,7.6,45,4.8,290,,1011.0,1016.6,1.0,,0,0,12.0
2024-01-11 16:00,295,남해,7.8,47,3.4,290,,1011.2,1016.8,1.0,,0,0,8.2
2024-01-11 17:00,295,남해,7.2,47,3.1,290,,1011.0,1016.6,0.5,,0,0,4.0
2024-01-11 18:00,295,남해,6.1,49,4.0,290,,1011.3,1016.9,0.0,,0,0,2.1
2024-01-11 19:00,295,남해,5.5,55,3.3,290,,1012.0,1017.7,,,0,0,1.4
2024-01-11 20:00,295,남해,5.3,56,2.0,290,,1012.0,1017.7,,,0,0,0.9
2024-01-11 21:00,295,남해,5.5,57,3.7,290,,1011.7,1017.4,,,0,0,0.8
2024-01-11 22:00,295,남해,5.4,60,3.4,290,,1011.9,1017.6,,,0,0,0.6
2024-01-11 23:00,295,남해,5.7,61,3.7,290,,1011.9,1017.6,,,0,0,0.9
2024-01-12 00:00,295,남해,5.5,65,2.4,290,,1011.9,1017.6,,,1,0,0.9
2024-01-12 01:00,295,남해,5.9,65,1.9,270,,1011.7,1017.3,,,2,2,1.3
2024-01-12 02:00,295,남해,6.3,65,1.9,290,,1011.7,1017.3,,,6,6,1.9
2024-01-12 03:00,295,남해,6.7,65,1.6,270,,1011.8,1017.4,,,6,6,2.8
2024-01-12 04:00,295,남해,7.0,66,1.3,270,,1011.7,1017.3,,,8,8,3.6
2024-01-12 05:00,295,남해,6.7,69,1.2,200,,1011.6,1017.2,,,8,8,4.0
2024-01-12 06:00,295,남해,6.5,70,0.7,230,,1011.6,1017.2,,,6,6,3.5
2024-01-12 07:00,295,남해,6.2,71,1.7,250,,1011.8,1017.4,,,1,1,2.8
2024-01-12 08:00,295,남해,6.7,68,2.1,290,,1011.9,1017.5,0.0,,0,0,1.8
2024-01-12 09:00,295,남해,7.4,64,3.6,290,,1012.2,1017.8,0.6,,1,0,4.5
2024-01-12 10:00,295,남해,6.9,71,1.7,20,,1013.0,1018.6,0.9,,1,0,10.2
2024-01-12 11:00,295,남해,8.6,62,1.3,70,,1013.0,1018.6,1.0,,1,0,14.9
2024-01-12 12:00,295,남해,8.6,66,1.4,90,,1012.3,1017.9,1.0,,0,0,18.8
2024-01-12 13:00,295,남해,11.1,44,1.7,270,,1011.7,1017.2,1.0,,1,0,20.9
2024-01-12 14:00,295,남해,11.5,45,1.7,270,,1011.5,1017.0,1.0,,1,0,19.7
2024-01-12 15:00,295,남해,11.8,28,2.4,290,,1011.1,1016.6,1.0,,1,0,15.7
2024-01-12 16:00,295,남해,11.0,32,3.4,270,,1011.2,1016.7,1.0,,0,0,10.6
2024-01-12 17:00,295,남해,9.6,35,1.7,270,,1011.5,1017.1,0.5,,0,0,5.8
2024-01-12 18:00,295,남해,9.7,25,3.9,270,,1011.9,1017.5,0.0,,0,0,3.7
2024-01-12 19:00,295,남해,7.8,32,2.2,290,,1012.5,1018.1,,,0,0,1.9
2024-01-12 20:00,295,남해,7.6,33,4.1,290,,1013.0,1018.6,,,0,0,1.7
2024-01-12 21:00,295,남해,6.4,37,2.6,290,,1013.3,1018.9,,,0,0,0.6
2024-01-12 22:00,295,남해,3.8,49,0.9,250,,1013.6,1019.3,,,0,0,-0.1
2024-01-12 23:00,295,남해,3.7,48,1.0,270,,1014.1,1019.8,,,0,0,-0.6
2024-01-13 00:00,295,남해,1.4,59,0.5,250,,1014.1,1019.9,,,0,0,-1.1
2024-01-13 01:00,295,남해,1.0,61,0.6,270,,1014.3,1020.1,,,0,0,-1.5
2024-01-13 02:00,295,남해,0.6,62,0.5,270,,1014.6,1020.4,,,0,0,-1.8
2024-01-13 03:00,295,남해,-0.4,66,0.5,230,,1015.0,1020.8,,,0,0,-2.0
2024-01-13 04:00,295,남해,-0.4,63,0.3,0,,1015.1,1020.9,,,0,0,-2.4
2024-01-13 05:00,295,남해,0.2,55,1.0,270,,1015.3,1021.1,,,0,0,-2.6
2024-01-13 06:00,295,남해,-0.4,56,0.9,270,,1016.0,1021.8,,,0,0,-2.8
2024-01-13 07:00,295,남해,0.2,56,1.3,270,,1016.9,1022.7,,,0,0,-2.8
2024-01-13 08:00,295,남해,-0.3,56,1.0,270,,1017.7,1023.5,0.0,,0,0,-2.7
2024-01-13 09:00,295,남해,2.1,54,0.4,0,,1018.1,1023.9,0.7,,0,0,0.1
2024-01-13 10:00,295,남해,4.2,45,0.3,0,,1019.2,1024.9,1.0,,0,0,4.4
2024-01-13 11:00,295,남해,5.7,34,1.1,70,,1019.6,1025.3,1.0,,0,0,11.5
2024-01-13 12:00,295,남해,6.7,37,1.1,70,,1019.3,1025.0,1.0,,0,0,17.9
2024-01-13 13:00,295,남해,8.1,28,1.2,20,,1018.8,1024.4,1.0,,0,0,20.4
2024-01-13 14:00,295,남해,8.7,29,1.6,50,,1018.3,1023.9,1.0,,0,0,19.0
2024-01-13 15:00,295,남해,9.3,28,1.1,90,,1018.7,1024.3,1.0,,0,0,14.8
2024-01-13 16:00,295,남해,8.9,33,0.9,140,,1019.0,1024.6,1.0,,0,0,9.9
2024-01-13 17:00,295,남해,6.7,44,0.4,0,,1019.1,1024.8,0.5,,0,0,4.0
2024-01-13 18:00,295,남해,4.9,47,0.5,320,,1020.1,1025.8,0.0,,0,0,0.8
2024-01-13 19:00,295,남해,3.4,52,0.6,270,,1020.4,1026.1,,,0,0,-0.1
2024-01-13 20:00,295,남해,3.3,51,0.4,0,,1020.9,1026.7,,,0,0,-0.6
2024-01-13 21:00,295,남해,2.9,56,1.1,270,,1021.1,1026.9,,,0,0,-0.8
2024-01-13 22:00,295,남해,1.6,65,0.4,0,,1021.2,1027.0,,,0,0,-1.2
2024-01-13 23:00,295,남해,1.7,69,0.5,270,,1020.8,1026.6,,,0,0,-1.3
2024-01-14 00:00,295,남해,1.0,73,0.6,230,,1020.7,1026.5,,,0,0,-1.5
2024-01-14 01:00,295,남해,1.2,73,0.8,270,,1020.8,1026.6,,,0,0,-1.6
2024-01-14 02:00,295,남해,0.8,77,1.0,270,,1020.5,1026.3,,,0,0,-1.7
2024-01-14 03:00,295,남해,0.5,82,1.0,270,,1020.1,1025.9,,,0,0,-1.9
2024-01-14 04:00,295,남해,0.4,85,1.0,270,,1019.7,1025.5,,,0,0,-1.9
2024-01-14 05:00,295,남해,-0.1,87,0.7,270,,1019.7,1025.5,,,0,0,-2.1
2024-01-14 06:00,295,남해,-0.5,89,0.7,270,,1019.4,1025.2,,,0,0,-2.1
2024-01-14 07:00,295,남해,-0.5,90,0.8,270,,1019.4,1025.2,,,0,0,-2.2
2024-01-14 08:00,295,남해,-0.2,92,0.7,250,,1019.1,1024.9,0.0,,0,0,-1.7
2024-01-14 09:00,295,남해,2.3,84,0.3,0,,1019.1,1024.9,0.6,,0,0,0.2
2024-01-14 10:00,295,남해,4.4,79,0.6,20,,1018.9,1024.6,1.0,,1,0,5.2
2024-01-14 11:00,295,남해,6.2,73,0.8,70,,1018.1,1023.8,1.0,,0,0,14.4
2024-01-14 12:00,295,남해,8.6,63,1.6,110,,1016.7,1022.3,1.0,,0,0,19.8
2024-01-14 13:00,295,남해,13.1,57,4.0,270,,1015.5,1021.0,1.0,,0,0,22.5
2024-01-14 14:00,295,남해,13.4,56,4.9,270,,1014.4,1019.9,1.0,,6,0,20.7
2024-01-14 15:00,295,남해,13.9,54,3.3,270,,1013.8,1019.3,1.0,,4,0,17.4
2024-01-14 16:00,295,남해,13.7,55,2.3,250,,1013.0,1018.5,1.0,,2,0,13.0
2024-01-14 17:00,295,남해,13.0,61,3.3,250,,1012.9,1018.4,0.5,,5,0,9.3
2024-01-14 18:00,295,남해,12.7,63,2.5,250,,1012.9,1018.4,0.0,,6,2,8.1
2024-01-14 19:00,295,남해,12.9,65,3.5,250,,1012.6,1018.1,,,6,2,8.5
2024-01-14 20:00,295,남해,12.7,69,2.9,270,,1012.8,1018.3,,,7,1,8.0
2024-01-14 21:00,295,남해,12.4,73,2.8,290,0.0,1013.0,1018.5,,,9,8,8.2
2024-01-14 22:00,295,남해,11.2,75,3.5,320,,1013.1,1018.6,,,9,9,8.5
2024-01-14 23:00,295,남해,9.9,67,2.6,290,,1013.2,1018.8,,,6,3,5.8
2024-01-15 00:00,295,남해,8.2,70,2.3,290,,1013.5,1019.1,,,3,0,3.9
2024-01-15 01:00,295,남해,7.1,67,3.1,290,,1013.6,1019.2,,,6,0,3.1
2024-01-15 02:00,295,남해,5.5,71,1.1,320,,1014.1,1019.8,,,0,0,1.5
2024-01-15 03:00,295,남해,3.9,75,1.3,290,,1014.7,1020.4,,,0,0,0.2
2024-01-15 04:00,295,남해,2.9,81,1.2,270,,1015.0,1020.7,,,0,0,-0.2
2024-01-15 05:00,295,남해,2.2,80,0.4,0,,1015.9,1021.6,,,0,0,-0.7
2024-01-15 06:00,295,남해,0.7,81,0.9,270,,1016.7,1022.5,,,0,0,-1.2
2024-01-15 07:00,295,남해,0.1,77,0.8,250,,1017.7,1023.5,,,0,0,-1.6
2024-01-15 08:00,295,남해,-0.5,77,0.6,250,,1018.6,1024.4,0.0,,0,0,-1.8
2024-01-15 09:00,295,남해,2.0,60,0.5,250,,1019.7,1025.5,0.7,,0,0,0.2
2024-01-15 10:00,295,남해,3.6,53,2.0,20,,1020.3,1026.0,1.0,,0,0,7.7
2024-01-15 11:00,295,남해,4.5,49,1.2,20,,1020.5,1026.2,1.0,,0,0,14.4
2024-01-15 12:00,295,남해,5.2,46,2.3,50,,1019.6,1025.3,1.0,,0,0,18.9
2024-01-15 13:00,295,남해,5.6,45,0.9,50,,1018.9,1024.6,1.0,,0,0,21.7
2024-01-15 14:00,295,남해,7.1,38,1.3,110,,1018.5,1024.2,1.0,,0,0,20.2
2024-01-15 15:00,295,남해,8.0,35,1.1,140,,1018.3,1023.9,1.0,,0,0,16.4
2024-01-15 16:00,295,남해,8.0,25,2.2,270,,1018.2,1023.8,1.0,,0,0,10.1
2024-01-15 17:00,295,남해,6.7,27,2.5,270,,1019.0,1024.7,0.6,,0,0,3.7
2024-01-15 18:00,295,남해,5.7,27,1.7,290,,1019.8,1025.5,0.0,,0,0,0.9
2024-01-15 19:00,295,남해,3.1,42,1.0,250,,1020.7,1026.5,,,0,0,-0.6
2024-01-15 20:00,295,남해,1.8,46,1.3,250,,1021.4,1027.2,,,0,0,-1.0
2024-01-15 21:00,295,남해,1.0,50,0.7,250,,1022.1,1027.9,,,0,0,-1.4
2024-01-15 22:00,295,남해,0.8,48,1.2,270,,1022.5,1028.3,,,0,0,-1.7
2024-01-15 23:00,295,남해,1.0,45,1.0,250,,1022.5,1028.3,,,0,0,-2.0
2024-01-16 00:00,295,남해,0.1,50,1.2,270,,1022.8,1028.6,,,0,0,-2.4
2024-01-16 01:00,295,남해,0.1,49,1.3,270,,1022.6,1028.4,,,0,0,-2.8
2024-01-16 02:00,295,남해,-0.6,52,1.4,270,,1022.8,1028.7,,,0,0,-3.1
2024-01-16 03:00,295,남해,0.1,47,1.4,250,,1023.3,1029.1,,,0,0,-3.1
2024-01-16 04:00,295,남해,-1.0,47,1.7,270,,1023.2,1029.1,,,0,0,-3.5
2024-01-16 05:00,295,남해,-1.2,46,1.5,270,,1023.9,1029.8,,,0,0,-3.7
2024-01-16 06:00,295,남해,-0.1,38,1.9,270,,1024.7,1030.6,,,0,0,-3.7
2024-01-16 07:00,295,남해,-1.0,40,1.4,250,,1025.5,1031.4,,,2,0,-3.8
2024-01-16 08:00,295,남해,-1.5,53,1.5,270,,1025.9,1031.8,0.0,,1,0,-3.6
2024-01-16 09:00,295,남해,0.9,45,1.7,320,,1026.4,1032.2,0.7,,0,0,-0.1
2024-01-16 10:00,295,남해,2.2,39,1.5,360,,1027.2,1033.0,1.0,,1,0,5.7
2024-01-16 11:00,295,남해,3.2,38,1.4,320,,1027.7,1033.5,1.0,,3,0,11.7
2024-01-16 12:00,295,남해,4.3,35,1.7,20,,1027.3,1033.1,1.0,,0,0,18.4
2024-01-16 13:00,295,남해,5.7,33,1.3,50,,1026.5,1032.2,1.0,,0,0,22.0
2024-01-16 14:00,295,남해,6.4,34,0.9,50,,1026.2,1031.9,1.0,,5,0,19.0
2024-01-16 15:00,295,남해,6.8,36,1.2,20,,1025.5,1031.2,1.0,,5,0,14.1
2024-01-16 16:00,295,남해,8.0,40,0.5,250,,1025.9,1031.6,0.6,,8,6,13.4
2024-01-16 17:00,295,남해,5.9,50,0.4,0,,1026.1,1031.8,0.5,,6,0,6.0
2024-01-16 18:00,295,남해,4.3,56,0.7,250,,1026.5,1032.3,0.0,,6,0,1.4
2024-01-16 19:00,295,남해,4.5,58,1.2,250,,1026.9,1032.7,,,3,1,0.9
2024-01-16 20:00,295,남해,3.3,63,0.6,250,,1026.9,1032.7,,,6,4,0.3
2024-01-16 21:00,295,남해,2.5,73,0.5,290,,1027.0,1032.8,,,6,6,-0.4
2024-01-16 22:00,295,남해,2.5,75,0.6,270,,1026.7,1032.5,,,5,5,-0.1
2024-01-16 23:00,295,남해,2.0,74,1.0,270,,1026.4,1032.2,,,6,6,-0.7
2024-01-17 00:00,295,남해,2.4,79,1.4,270,,1026.2,1032.0,,,6,5,-0.2
2024-01-17 01:00,295,남해,3.0,77,0.6,290,,1025.8,1031.6,,,9,9,1.6
2024-01-17 02:00,295,남해,3.2,74,0.9,270,,1025.4,1031.2,,,9,9,2.0
2024-01-17 03:00,295,남해,1.8,78,1.2,270,,1025.0,1030.8,,,7,6,0.2
2024-01-17 04:00,295,남해,2.2,74,0.3,0,,1024.6,1030.4,,,8,8,1.3
2024-01-17 05:00,295,남해,2.7,75,0.8,290,,1024.2,1030.0,,,10,10,2.0
2024-01-17 06:00,295,남해,1.9,77,0.4,0,,1024.0,1029.8,,,9,9,0.2
2024-01-17 07:00,295,남해,1.7,75,0.6,270,,1023.8,1029.6,,,8,8,0.5
2024-01-17 08:00,295,남해,2.7,71,0.4,0,,1023.9,1029.7,0.0,,9,9,2.3
2024-01-17 09:00,295,남해,3.8,67,0.4,0,,1024.2,1030.0,0.0,,7,7,5.0
2024-01-17 10:00,295,남해,4.3,65,0.4,0,,1024.3,1030.0,0.0,,10,10,7.3
2024-01-17 11:00,295,남해,5.4,55,0.8,70,,1023.6,1029.3,0.0,,9,9,10.6
2024-01-17 12:00,295,남해,6.5,57,0.5,50,,1021.9,1027.6,0.1,,9,1,12.0
2024-01-17 13:00,295,남해,7.3,56,0.5,90,,1020.0,1025.7,0.0,,9,9,16.0
2024-01-17 14:00,295,남해,6.8,61,0.5,20,,1019.4,1025.1,0.0,,10,10,10.2
2024-01-17 15:00,295,남해,7.0,62,0.7,50,0.0,1019.0,1024.7,0.0,,10,8,10.7
2024-01-17 16:00,295,남해,7.0,62,0.5,70,,1018.7,1024.4,0.0,,10,10,9.5
2024-01-17 17:00,295,남해,7.2,64,0.2,0,,1018.4,1024.1,0.0,,8,8,8.3
2024-01-17 18:00,295,남해,7.0,67,0.5,290,,1018.2,1023.9,0.0,,9,9,6.7
2024-01-17 19:00,295,남해,6.9,70,0.1,0,,1018.0,1023.7,,,9,9,6.7
2024-01-17 20:00,295,남해,7.1,71,0.1,0,,1018.1,1023.8,,,7,7,6.6
2024-01-17 21:00,295,남해,7.2,73,0.5,230,,1017.4,1023.0,,,10,1,6.2
2024-01-17 22:00,295,남해,7.4,74,0.5,270,,1017.6,1023.2,,,6,3,6.3
2024-01-17 23:00,295,남해,6.8,81,0.5,230,,1016.8,1022.5,,,9,2,5.7
2024-01-18 00:00,295,남해,6.6,79,0.3,0,0.0,1016.1,1021.8,,,9,8,5.9
2024-01-18 01:00,295,남해,6.4,83,0.8,20,,1015.7,1021.4,,,10,1,5.9
2024-01-18 02:00,295,남해,6.5,86,0.8,110,,1015.1,1020.8,,,10,2,6.0
2024-01-18 03:00,295,남해,8.0,85,0.9,110,0.1,1014.8,1020.4,,,10,2,6.4
2024-01-18 04:00,295,남해,15.3,75,4.0,270,,1014.3,1019.8,,,10,6,9.7
2024-01-18 05:00,295,남해,11.0,88,0.6,360,,1014.0,1019.6,,,10,5,8.8
2024-01-18 06:00,295,남해,14.2,82,2.6,250,0.4,1013.9,1019.4,,,10,1,9.3
2024-01-18 07:00,295,남해,14.4,78,2.9,270,,1014.0,1019.5,,,10,1,9.6
2024-01-18 08:00,295,남해,13.7,82,1.4,290,,1014.5,1020.0,0.0,,8,5,9.6
2024-01-18 09:00,295,남해,13.7,81,1.5,270,,1014.8,1020.3,0.0,,9,8,11.5
2024-01-18 10:00,295,남해,13.8,77,1.7,290,,1015.1,1020.6,0.0,,9,1,11.9
2024-01-18 11:00,295,남해,13.4,76,2.6,290,,1015.1,1020.6,0.0,,10,1,12.8
2024-01-18 12:00,295,남해,12.9,82,1.8,270,0.2,1014.4,1019.9,0.0,,8,6,13.4
2024-01-18 13:00,295,남해,12.4,83,1.6,340,,1014.0,1019.5,0.0,,9,3,11.9
2024-01-18 14:00,295,남해,12.1,83,1.7,340,,1014.0,1019.5,0.0,,10,9,11.7
2024-01-18 15:00,295,남해,11.0,93,0.8,160,0.2,1014.0,1019.6,0.0,,10,8,10.9
2024-01-18 16:00,295,남해,10.9,94,0.5,50,,1014.6,1020.2,0.0,,10,10,10.8
2024-01-18 17:00,295,남해,10.0,96,1.1,290,,1015.6,1021.2,0.0,,10,10,9.8
2024-01-18 18:00,295,남해,9.3,95,2.3,290,3.5,1016.5,1022.1,0.0,,10,9,9.1
2024-01-18 19:00,295,남해,8.9,97,1.1,340,,1017.5,1023.1,,,10,10,8.9
2024-01-18 20:00,295,남해,8.7,98,1.0,70,,1017.8,1023.4,,,10,6,8.7
2024-01-18 21:00,295,남해,8.4,98,1.4,50,6.4,1018.3,1023.9,,,10,10,8.5
2024-01-18 22:00,295,남해,7.7,96,3.0,360,,1019.0,1024.6,,,10,10,8.0
2024-01-18 23:00,295,남해,7.4,97,3.0,360,,1019.4,1025.1,,,10,8,7.7
2024-01-19 00:00,295,남해,7.1,98,2.0,20,2.0,1019.7,1025.4,,,9,6,7.5
2024-01-19 01:00,295,남해,6.8,98,2.8,20,,1019.8,1025.5,,,10,10,7.3
2024-01-19 02:00,295,남해,6.5,98,2.9,20,,1020.2,1025.9,,,10,10,7.0
2024-01-19 03:00,295,남해,6.2,98,2.8,20,1.6,1020.5,1026.2,,,10,9,6.8
2024-01-19 04:00,295,남해,6.0,98,3.0,20,,1020.8,1026.5,,,10,9,6.6
2024-01-19 05:00,295,남해,5.9,98,2.7,20,,1020.7,1026.4,,,9,9,6.4
2024-01-19 06:00,295,남해,6.1,94,2.5,20,1.2,1021.0,1026.7,,,9,9,6.3
2024-01-19 07:00,295,남해,6.1,89,2.2,20,,1021.6,1027.3,,,9,9,6.2
2024-01-19 08:00,295,남해,6.1,87,2.3,20,,1022.0,1027.7,0.0,,9,9,6.2
2024-01-19 09:00,295,남해,6.2,84,2.4,20,,1022.6,1028.3,0.0,,9,9,6.6
2024-01-19 10:00,295,남해,6.4,84,2.6,20,,1022.7,1028.4,0.0,,10,10,7.2
2024-01-19 11:00,295,남해,6.8,82,2.2,20,,1022.7,1028.4,0.0,,10,10,8.4
2024-01-19 12:00,295,남해,7.2,77,2.7,50,,1022.2,1027.9,0.0,,10,10,9.2
2024-01-19 13:00,295,남해,7.4,76,2.0,50,,1021.3,1027.0,0.0,,10,10,9.0
2024-01-19 14:00,295,남해,7.7,73,1.5,50,,1020.8,1026.5,0.0,,9,9,9.6
2024-01-19 15:00,295,남해,7.6,76,1.2,70,0.0,1020.4,1026.1,0.0,,9,9,9.1
2024-01-19 16:00,295,남해,7.7,78,1.3,70,,1020.3,1026.0,0.0,,9,5,9.3
2024-01-19 17:00,295,남해,7.5,74,2.7,50,,1020.6,1026.3,0.0,,8,8,7.4
2024-01-19 18:00,295,남해,7.2,74,2.3,50,0.5,1020.8,1026.5,0.0,,10,10,6.6
2024-01-19 19:00,295,남해,7.0,74,2.6,20,,1021.3,1027.0,,,9,9,6.3
2024-01-19 20:00,295,남해,6.9,73,2.9,20,,1021.5,1027.2,,,9,9,6.2
2024-01-19 21:00,295,남해,6.7,74,3.2,20,,1021.6,1027.3,,,10,10,6.0
2024-01-19 22:00,295,남해,6.5,73,3.7,20,,1021.8,1027.5,,,10,10,5.7
2024-01-19 23:00,295,남해,6.5,74,3.1,20,,1021.5,1027.2,,,10,10,5.7
2024-01-20 00:00,295,남해,6.4,74,3.4,20,,1021.5,1027.2,,,9,9,5.6
2024-01-20 01:00,295,남해,6.3,78,2.5,20,,1021.2,1026.9,,,8,8,5.7
2024-01-20 02:00,295,남해,6.3,80,2.2,20,,1020.9,1026.6,,,9,9,5.7
2024-01-20 03:00,295,남해,6.4,80,2.5,20,,1020.8,1026.5,,,10,10,5.7
2024-01-20 04:00,295,남해,6.1,84,1.8,20,,1020.1,1025.8,,,9,9,5.6
2024-01-20 05:00,295,남해,6.1,85,2.8,20,,1019.6,1025.3,,,10,10,5.6
2024-01-20 06:00,295,남해,6.2,84,3.4,20,0.2,1019.5,1025.2,,,10,10,5.7
2024-01-20 07:00,295,남해,6.2,86,3.0,20,,1019.2,1024.9,,,10,10,5.7
2024-01-20 08:00,295,남해,6.3,85,2.7,20,,1019.2,1024.9,0.0,,10,10,5.7
2024-01-20 09:00,295,남해,6.4,85,2.5,20,0.0,1019.3,1025.0,0.0,,9,9,6.0
2024-01-20 10:00,295,남해,6.4,87,2.3,20,,1019.1,1024.8,0.0,,10,10,6.4
2024-01-20 11:00,295,남해,6.0,91,3.6,20,,1018.5,1024.2,0.0,,10,9,6.3
2024-01-20 12:00,295,남해,6.0,95,3.3,20,5.0,1017.8,1023.5,0.0,,9,9,6.6
2024-01-20 13:00,295,남해,6.1,96,3.6,20,,1016.2,1021.9,0.0,,10,10,6.9
2024-01-20 14:00,295,남해,6.2,94,3.3,20,,1015.7,1021.4,0.0,,10,10,7.0
2024-01-20 15:00,295,남해,6.1,95,3.7,20,5.1,1014.9,1020.6,0.0,,10,10,6.7
2024-01-20 16:00,295,남해,5.8,94,4.2,20,,1015.2,1020.9,0.0,,10,10,6.3
2024-01-20 17:00,295,남해,5.5,94,4.0,360,,1015.2,1020.9,0.0,,10,10,5.9
2024-01-20 18:00,295,남해,5.0,94,4.4,20,9.2,1015.2,1020.9,0.0,,10,9,5.4
2024-01-20 19:00,295,남해,4.8,94,3.6,20,,1015.2,1020.9,,,10,10,5.1
2024-01-20 20:00,295,남해,4.5,94,4.1,360,,1015.6,1021.3,,,10,10,4.9
2024-01-20 21:00,295,남해,4.2,93,4.0,360,5.5,1015.9,1021.6,,,10,10,4.7
2024-01-20 22:00,295,남해,4.2,93,2.7,360,,1015.9,1021.6,,,10,10,4.6
2024-01-20 23:00,295,남해,4.3,93,2.2,340,,1015.8,1021.5,,,10,10,4.7
2024-01-21 00:00,295,남해,4.4,93,1.7,360,3.0,1015.8,1021.5,,,9,8,4.7
2024-01-21 01:00,295,남해,4.5,92,1.2,360,,1015.6,1021.3,,,7,7,4.5
2024-01-21 02:00,295,남해,4.6,91,1.0,290,,1015.8,1021.5,,,7,6,4.5
2024-01-21 03:00,295,남해,4.7,92,1.2,320,0.1,1015.4,1021.1,,,6,1,4.7
2024-01-21 04:00,295,남해,5.1,90,1.0,290,,1015.6,1021.3,,,8,5,4.8
2024-01-21 05:00,295,남해,5.3,88,0.7,320,,1016.0,1021.7,,,3,3,4.9
2024-01-21 06:00,295,남해,5.6,85,0.9,290,,1016.2,1021.9,,,5,5,5.0
2024-01-21 07:00,295,남해,5.8,85,1.1,270,,1016.6,1022.3,,,8,8,4.8
2024-01-21 08:00,295,남해,6.2,81,1.0,270,,1017.3,1023.0,0.0,,7,7,5.2
2024-01-21 09:00,295,남해,6.3,82,0.9,290,,1018.2,1023.9,0.0,,5,5,6.5
2024-01-21 10:00,295,남해,6.7,81,0.6,340,,1018.9,1024.6,0.0,,10,10,8.3
2024-01-21 11:00,295,남해,7.4,78,1.1,340,,1019.0,1024.7,0.0,,9,9,12.0
2024-01-21 12:00,295,남해,8.0,73,1.3,360,,1018.2,1023.8,0.0,,8,8,15.1
2024-01-21 13:00,295,남해,9.5,69,1.5,360,,1017.4,1023.0,0.7,,6,3,21.5
2024-01-21 14:00,295,남해,9.2,66,0.9,70,,1016.8,1022.4,0.8,,6,6,16.4
2024-01-21 15:00,295,남해,10.0,64,0.7,20,,1017.0,1022.6,0.0,,10,10,14.4
2024-01-21 16:00,295,남해,9.6,68,0.9,20,,1017.6,1023.2,0.0,,9,9,12.2
2024-01-21 17:00,295,남해,8.9,75,0.9,290,,1018.0,1023.6,0.0,,9,9,9.9
2024-01-21 18:00,295,남해,8.6,78,0.9,270,,1018.5,1024.1,0.0,,10,10,8.7
2024-01-21 19:00,295,남해,7.9,84,1.1,290,,1018.7,1024.3,,,10,9,8.2
2024-01-21 20:00,295,남해,7.5,88,1.1,270,,1018.5,1024.1,,,10,9,7.7
2024-01-21 21:00,295,남해,7.3,85,1.3,320,0.2,1018.6,1024.3,,,10,10,7.5
2024-01-21 22:00,295,남해,6.5,82,2.2,290,,1018.6,1024.3,,,10,10,7.0
2024-01-21 23:00,295,남해,5.8,81,2.5,290,,1018.7,1024.4,,,10,10,6.6
2024-01-22 00:00,295,남해,4.9,86,2.5,290,0.0,1018.5,1024.2,,,7,7,5.9
2024-01-22 01:00,295,남해,4.2,85,3.3,270,,1018.6,1024.3,,,4,4,5.5
2024-01-22 02:00,295,남해,3.3,81,4.0,270,,1018.5,1024.2,,,8,8,4.8
2024-01-22 03:00,295,남해,2.8,77,2.9,290,0.4,1018.2,1023.9,,,9,9,3.9
2024-01-22 04:00,295,남해,2.4,76,2.2,270,,1017.9,1023.7,,,8,1,2.9
2024-01-22 05:00,295,남해,1.8,72,2.7,290,,1018.1,1023.9,,,6,2,2.2
2024-01-22 06:00,295,남해,1.2,65,1.3,320,,1017.9,1023.7,,,6,6,1.1
2024-01-22 07:00,295,남해,0.7,62,2.6,320,,1018.0,1023.8,,,6,0,0.1
2024-01-22 08:00,295,남해,0.5,59,1.8,320,,1018.2,1024.0,0.0,,6,0,0.1
2024-01-22 09:00,295,남해,0.5,56,2.3,320,,1019.0,1024.8,0.8,,4,0,2.3
2024-01-22 10:00,295,남해,0.7,50,5.2,290,,1019.1,1024.9,1.0,,3,0,6.9
2024-01-22 11:00,295,남해,0.8,48,4.7,320,,1019.6,1025.4,1.0,,3,0,11.0
2024-01-22 12:00,295,남해,0.3,46,3.3,320,,1019.6,1025.4,1.0,,3,0,14.8
2024-01-22 13:00,295,남해,0.3,45,4.3,320,,1019.1,1024.9,1.0,,6,1,14.9
2024-01-22 14:00,295,남해,0.0,48,4.6,320,,1018.5,1024.3,0.9,,6,0,13.8
2024-01-22 15:00,295,남해,-0.5,47,4.7,290,,1018.7,1024.5,0.9,,3,0,9.5
2024-01-22 16:00,295,남해,-1.3,48,3.9,320,,1019.0,1024.8,1.0,,6,0,4.8
2024-01-22 17:00,295,남해,-1.8,51,3.3,320,,1019.7,1025.6,0.7,,5,0,1.1
2024-01-22 18:00,295,남해,-2.6,54,3.2,320,,1020.6,1026.5,0.0,,3,1,-1.0
2024-01-22 19:00,295,남해,-3.0,55,2.4,290,,1021.0,1026.9,,,3,3,-1.4
2024-01-22 20:00,295,남해,-3.4,54,3.2,320,,1020.4,1026.3,,,3,2,-2.2
2024-01-22 21:00,295,남해,-3.4,54,3.7,320,,1021.3,1027.2,,,3,0,-2.7
2024-01-22 22:00,295,남해,-3.7,53,3.5,320,,1021.0,1026.9,,,5,0,-3.2
2024-01-22 23:00,295,남해,-3.9,53,3.6,320,,1020.8,1026.7,,,4,0,-3.8
2024-01-23 00:00,295,남해,-4.1,54,3.1,320,,1020.1,1026.0,,,5,0,-4.1
2024-01-23 01:00,295,남해,-4.4,56,2.1,320,,1020.5,1026.4,,,6,0,-4.3
2024-01-23 02:00,295,남해,-4.6,56,3.5,290,,1020.7,1026.6,,,0,0,-4.7
2024-01-23 03:00,295,남해,-4.6,53,3.3,320,,1020.9,1026.8,,,3,0,-4.8
2024-01-23 04:00,295,남해,-4.7,53,3.9,320,,1020.4,1026.3,,,1,1,-4.9
2024-01-23 05:00,295,남해,-4.8,52,2.9,340,,1020.3,1026.2,,,4,3,-4.8
2024-01-23 06:00,295,남해,-5.0,53,3.1,340,,1020.6,1026.5,,,0,0,-5.1
2024-01-23 07:00,295,남해,-5.2,54,2.3,320,,1020.5,1026.4,,,2,1,-5.4
2024-01-23 08:00,295,남해,-5.5,55,1.0,270,,1020.4,1026.3,0.0,,1,0,-4.7
2024-01-23 09:00,295,남해,-4.4,52,1.7,270,,1020.8,1026.7,0.9,,1,1,0.3
2024-01-23 10:00,295,남해,-3.6,48,2.8,290,,1020.7,1026.6,1.0,,1,1,2.2
2024-01-23 11:00,295,남해,-3.0,46,2.2,320,,1020.2,1026.1,0.8,,3,1,4.3
2024-01-23 12:00,295,남해,-2.2,43,4.6,320,,1018.8,1024.7,0.9,,4,1,8.2
2024-01-23 13:00,295,남해,-2.2,44,6.8,340,,1017.9,1023.8,0.8,,6,0,6.2
2024-01-23 14:00,295,남해,-1.3,44,5.1,320,,1016.8,1022.6,0.7,,6,4,10.5
2024-01-23 15:00,295,남해,-1.4,44,5.5,320,,1016.4,1022.2,0.9,,6,6,7.8
2024-01-23 16:00,295,남해,-1.7,46,4.2,340,,1016.6,1022.4,0.7,,6,6,4.7
2024-01-23 17:00,295,남해,-2.9,48,5.5,340,,1016.7,1022.6,0.6,,5,5,-0.3
2024-01-23 18:00,295,남해,-3.5,46,6.2,320,,1017.3,1023.2,0.0,,5,4,-2.0
2024-01-23 19:00,295,남해,-4.0,51,3.5,340,,1017.8,1023.7,,,4,1,-2.4
2024-01-23 20:00,295,남해,-4.2,55,4.1,320,,1017.9,1023.8,,,6,6,-3.0
2024-01-23 21:00,295,남해,-4.3,57,4.8,320,,1017.7,1023.6,,,5,5,-3.6
2024-01-23 22:00,295,남해,-4.1,55,5.2,320,,1018.2,1024.1,,,6,2,-3.9
2024-01-23 23:00,295,남해,-3.8,52,4.5,320,,1018.1,1024.0,,,1,1,-4.2
2024-01-24 00:00,295,남해,-3.8,50,4.2,320,,1018.0,1023.9,,,0,0,-4.6
2024-01-24 01:00,295,남해,-3.7,47,3.4,340,,1017.4,1023.3,,,0,0,-4.7
2024-01-24 02:00,295,남해,-3.4,48,2.7,320,,1017.1,1023.0,,,0,0,-4.7
2024-01-24 03:00,295,남해,-2.9,46,4.2,320,,1017.2,1023.1,,,0,0,-4.6
2024-01-24 04:00,295,남해,-3.3,49,4.6,320,,1016.9,1022.8,,,0,0,-4.8
2024-01-24 05:00,295,남해,-4.1,54,1.8,270,,1017.6,1023.5,,,1,0,-5.2
2024-01-24 06:00,295,남해,-4.1,53,2.1,290,,1017.9,1023.8,,,0,0,-5.3
2024-01-24 07:00,295,남해,-3.3,49,4.2,320,,1018.1,1024.0,,,2,0,-5.0
2024-01-24 08:00,295,남해,-3.2,51,4.7,320,,1018.1,1024.0,0.0,,5,0,-4.4
2024-01-24 09:00,295,남해,-2.3,49,4.9,320,,1018.3,1024.2,0.9,,4,0,-0.1
2024-01-24 10:00,295,남해,-1.4,47,5.6,320,,1018.5,1024.3,1.0,,5,0,2.4
2024-01-24 11:00,295,남해,-0.9,44,5.8,290,,1018.9,1024.7,1.0,,5,0,6.5
2024-01-24 12:00,295,남해,-0.1,43,3.7,320,,1018.3,1024.1,1.0,,2,0,10.6
2024-01-24 13:00,295,남해,1.0,37,3.3,320,,1017.1,1022.9,1.0,,0,0,13.1
2024-01-24 14:00,295,남해,1.7,35,3.2,320,,1016.8,1022.6,1.0,,0,0,14.1
2024-01-24 15:00,295,남해,0.8,37,3.2,320,,1016.9,1022.7,1.0,,0,0,10.6
2024-01-24 16:00,295,남해,0.7,38,3.5,320,,1017.4,1023.2,1.0,,0,0,4.9
2024-01-24 17:00,295,남해,-0.5,38,3.0,320,,1017.6,1023.4,0.7,,0,0,-0.3
2024-01-24 18:00,295,남해,-1.4,45,4.1,290,,1018.7,1024.5,0.0,,2,0,-1.3
2024-01-24 19:00,295,남해,-2.1,51,3.2,290,,1019.4,1025.3,,,0,0,-2.1
2024-01-24 20:00,295,남해,-2.7,53,2.2,270,,1019.8,1025.7,,,0,0,-2.8
2024-01-24 21:00,295,남해,-2.7,53,2.9,270,,1019.7,1025.6,,,0,0,-3.4
2024-01-24 22:00,295,남해,-2.7,55,3.5,270,,1020.1,1026.0,,,1,0,-3.6
2024-01-24 23:00,295,남해,-2.4,53,4.7,290,,1020.2,1026.1,,,0,0,-3.8
2024-01-25 00:00,295,남해,-2.8,57,2.7,290,,1020.5,1026.4,,,0,0,-4.2
2024-01-25 01:00,295,남해,-3.0,57,1.3,290,,1020.4,1026.3,,,0,0,-4.4
2024-01-25 02:00,295,남해,-3.4,59,1.2,290,,1020.6,1026.5,,,0,0,-4.7
2024-01-25 03:00,295,남해,-3.8,59,1.6,290,,1020.8,1026.7,,,1,0,-4.9
2024-01-25 04:00,295,남해,-4.0,57,1.8,290,,1020.9,1026.8,,,0,0,-5.1
2024-01-25 05:00,295,남해,-4.6,61,1.5,290,,1020.8,1026.7,,,0,0,-5.4
2024-01-25 06:00,295,남해,-4.8,63,1.4,290,,1021.4,1027.3,,,2,0,-5.8
2024-01-25 07:00,295,남해,-4.5,64,1.1,290,,1022.1,1028.0,,,0,0,-5.7
2024-01-25 08:00,295,남해,-5.4,70,1.1,270,,1022.4,1028.4,0.0,,0,0,-5.1
2024-01-25 09:00,295,남해,-3.3,62,0.8,160,,1022.8,1028.7,0.9,,0,0,-0.5
2024-01-25 10:00,295,남해,-1.9,53,1.4,90,,1022.7,1028.6,1.0,,0,0,2.8
2024-01-25 11:00,295,남해,-0.4,47,1.2,140,,1022.5,1028.3,1.0,,0,0,7.0
2024-01-25 12:00,295,남해,1.0,43,1.5,70,,1021.8,1027.6,1.0,,2,0,10.9
2024-01-25 13:00,295,남해,1.6,42,1.7,110,,1020.9,1026.7,1.0,,6,0,11.1
2024-01-25 14:00,295,남해,3.0,39,1.6,90,,1020.2,1026.0,1.0,,5,1,13.4
2024-01-25 15:00,295,남해,4.3,32,1.4,50,,1019.9,1025.6,1.0,,1,1,12.3
2024-01-25 16:00,295,남해,4.9,26,2.1,270,,1019.9,1025.6,1.0,,0,0,7.4
2024-01-25 17:00,295,남해,3.5,28,1.2,290,,1020.4,1026.1,0.7,,0,0,1.5
2024-01-25 18:00,295,남해,2.2,31,1.6,270,,1020.8,1026.6,0.0,,0,0,-0.3
2024-01-25 19:00,295,남해,1.6,32,1.8,250,,1021.3,1027.1,,,0,0,-0.8
2024-01-25 20:00,295,남해,1.0,39,2.8,270,,1021.7,1027.5,,,0,0,-1.3
2024-01-25 21:00,295,남해,-0.4,47,1.3,270,,1021.6,1027.4,,,0,0,-2.2
2024-01-25 22:00,295,남해,-1.7,55,1.0,230,,1022.5,1028.4,,,0,0,-2.8
2024-01-25 23:00,295,남해,-1.7,56,1.5,270,,1022.6,1028.5,,,0,0,-3.0
2024-01-26 00:00,295,남해,-1.3,54,0.6,230,,1022.6,1028.5,,,0,0,-3.4
2024-01-26 01:00,295,남해,-2.3,59,0.5,270,,1022.5,1028.4,,,0,0,-3.9
2024-01-26 02:00,295,남해,-3.6,67,0.3,0,,1022.7,1028.6,,,0,0,-4.2
2024-01-26 03:00,295,남해,-3.2,64,1.8,270,,1022.4,1028.3,,,0,0,-4.3
2024-01-26 04:00,295,남해,-3.0,64,1.7,270,,1022.5,1028.4,,,0,0,-4.3
2024-01-26 05:00,295,남해,-2.6,61,1.5,270,,1022.3,1028.2,,,0,0,-4.3
2024-01-26 06:00,295,남해,-2.7,63,1.1,250,,1022.2,1028.1,,,0,0,-4.7
2024-01-26 07:00,295,남해,-2.7,60,1.1,250,,1022.7,1028.6,,,0,0,-4.6
2024-01-26 08:00,295,남해,-3.3,64,0.4,0,,1023.1,1029.0,0.0,,0,0,-4.3
2024-01-26 09:00,295,남해,-0.1,47,1.3,250,,1023.6,1029.5,0.9,,0,0,0.0
2024-01-26 10:00,295,남해,1.7,37,1.0,90,,1023.6,1029.4,1.0,,0,0,2.4
2024-01-26 11:00,295,남해,2.9,40,1.3,20,,1023.7,1029.5,1.0,,0,0,6.6
2024-01-26 12:00,295,남해,4.0,39,1.3,20,,1023.0,1028.7,1.0,,0,0,13.0
2024-01-26 13:00,295,남해,5.1,38,1.0,70,,1021.6,1027.3,1.0,,0,0,17.1
2024-01-26 14:00,295,남해,6.1,36,1.4,90,,1021.2,1026.9,1.0,,0,0,17.0
2024-01-26 15:00,295,남해,7.1,39,1.2,70,,1021.1,1026.8,1.0,,0,0,14.2
2024-01-26 16:00,295,남해,7.4,41,0.9,340,,1021.1,1026.8,1.0,,0,0,9.8
2024-01-26 17:00,295,남해,6.3,49,0.6,360,,1021.0,1026.7,0.7,,0,0,4.3
2024-01-26 18:00,295,남해,5.1,49,1.7,290,,1021.2,1026.9,0.0,,0,0,1.4
2024-01-26 19:00,295,남해,4.6,52,2.5,270,,1021.7,1027.4,,,0,0,0.4
2024-01-26 20:00,295,남해,2.1,61,0.8,250,,1021.6,1027.4,,,0,0,-0.1
2024-01-26 21:00,295,남해,1.4,66,1.2,270,,1021.9,1027.7,,,0,0,-0.7
2024-01-26 22:00,295,남해,1.4,66,1.0,250,,1022.2,1028.0,,,0,0,-0.7
2024-01-26 23:00,295,남해,0.4,71,0.7,270,,1022.3,1028.1,,,0,0,-1.3
2024-01-27 00:00,295,남해,0.4,71,0.3,0,,1022.0,1027.8,,,0,0,-1.6
2024-01-27 01:00,295,남해,-0.9,79,0.6,270,,1022.0,1027.9,,,0,0,-2.3
2024-01-27 02:00,295,남해,-1.3,79,1.0,270,,1021.8,1027.7,,,7,4,-2.5
2024-01-27 03:00,295,남해,-0.8,77,1.2,270,,1021.8,1027.6,,,0,0,-2.5
2024-01-27 04:00,295,남해,-1.2,78,1.0,290,,1021.5,1027.4,,,0,0,-2.9
2024-01-27 05:00,295,남해,-1.2,76,1.4,270,,1021.7,1027.6,,,0,0,-3.0
2024-01-27 06:00,295,남해,-1.4,74,0.8,250,,1021.7,1027.6,,,0,0,-3.3
2024-01-27 07:00,295,남해,-1.4,75,1.3,270,,1022.2,1028.1,,,0,0,-3.2
2024-01-27 08:00,295,남해,-1.2,74,1.0,250,,1022.2,1028.1,0.0,,0,0,-2.8
2024-01-27 09:00,295,남해,1.2,65,1.0,250,,1022.5,1028.3,0.9,,0,0,0.2
2024-01-27 10:00,295,남해,2.5,59,1.1,360,,1022.7,1028.5,1.0,,1,0,2.9
2024-01-27 11:00,295,남해,4.0,54,1.1,90,,1022.8,1028.5,1.0,,0,0,8.5
2024-01-27 12:00,295,남해,4.7,52,1.5,90,,1021.6,1027.3,1.0,,0,0,15.1
2024-01-27 13:00,295,남해,6.5,48,1.5,70,,1020.3,1026.0,1.0,,0,0,18.0
2024-01-27 14:00,295,남해,7.9,46,1.1,50,,1019.4,1025.0,1.0,,0,0,17.8
2024-01-27 15:00,295,남해,8.3,45,1.5,70,,1018.8,1024.4,1.0,,4,0,14.8
2024-01-27 16:00,295,남해,8.1,44,0.7,160,,1018.7,1024.3,1.0,,3,0,10.4
2024-01-27 17:00,295,남해,7.4,44,0.4,0,,1018.5,1024.1,0.8,,0,0,5.2
2024-01-27 18:00,295,남해,5.4,48,1.8,270,,1018.5,1024.2,0.0,,0,0,1.8
2024-01-27 19:00,295,남해,5.7,42,2.1,270,,1018.6,1024.3,,,0,0,0.8
2024-01-27 20:00,295,남해,5.2,40,3.1,270,,1018.5,1024.2,,,0,0,0.3
2024-01-27 21:00,295,남해,4.2,39,1.6,270,,1019.0,1024.7,,,4,1,-0.4
2024-01-27 22:00,295,남해,2.7,55,0.9,270,,1019.1,1024.9,,,10,10,0.9
2024-01-27 23:00,295,남해,1.3,59,0.6,180,,1019.2,1025.0,,,7,7,-0.2
2024-01-28 00:00,295,남해,2.3,55,1.4,270,,1019.7,1025.5,,,8,8,0.2
2024-01-28 01:00,295,남해,2.4,52,2.0,270,,1019.6,1025.4,,,8,8,0.2
2024-01-28 02:00,295,남해,2.3,48,1.3,290,,1019.6,1025.4,,,7,7,0.1
2024-01-28 03:00,295,남해,1.5,54,1.6,270,,1019.7,1025.5,,,8,7,-0.1
2024-01-28 04:00,295,남해,1.2,57,0.9,290,,1019.2,1025.0,,,8,8,-0.1
2024-01-28 05:00,295,남해,-0.3,65,0.6,290,,1019.6,1025.4,,,0,0,-1.0
2024-01-28 06:00,295,남해,0.7,56,1.2,290,,1019.7,1025.5,,,0,0,-1.4
2024-01-28 07:00,295,남해,-0.6,63,0.8,290,,1020.2,1026.0,,,0,0,-2.0
2024-01-28 08:00,295,남해,-1.1,69,0.6,250,,1021.1,1027.0,0.0,,0,0,-1.9
2024-01-28 09:00,295,남해,2.0,57,0.8,340,,1021.9,1027.7,0.9,,0,0,0.2
2024-01-28 10:00,295,남해,3.0,59,1.9,20,,1022.3,1028.1,1.0,,0,0,4.8
2024-01-28 11:00,295,남해,3.7,50,1.5,70,,1022.6,1028.4,1.0,,0,0,12.3
2024-01-28 12:00,295,남해,5.8,43,1.5,70,,1022.1,1027.8,1.0,,0,0,17.8
2024-01-28 13:00,295,남해,6.8,37,2.4,320,,1021.5,1027.2,1.0,,0,0,20.1
2024-01-28 14:00,295,남해,6.9,38,3.3,290,,1021.1,1026.8,1.0,,0,0,19.0
2024-01-28 15:00,295,남해,7.2,38,3.0,270,,1021.0,1026.7,1.0,,0,0,15.6
2024-01-28 16:00,295,남해,7.4,37,2.3,340,,1021.1,1026.8,1.0,,0,0,10.5
2024-01-28 17:00,295,남해,5.8,41,2.9,270,,1022.0,1027.7,0.8,,0,0,4.5
2024-01-28 18:00,295,남해,5.0,46,2.9,290,,1022.8,1028.5,0.0,,0,0,1.8
2024-01-28 19:00,295,남해,3.5,50,1.6,290,,1022.9,1028.7,,,0,0,0.0
2024-01-28 20:00,295,남해,1.4,60,0.7,250,,1023.3,1029.1,,,0,0,-0.5
2024-01-28 21:00,295,남해,1.0,61,1.1,250,,1023.8,1029.6,,,0,0,-0.7
2024-01-28 22:00,295,남해,0.9,63,1.4,270,,1024.3,1030.1,,,0,0,-1.0
2024-01-28 23:00,295,남해,0.2,66,0.9,250,,1024.5,1030.3,,,0,0,-1.4
2024-01-29 00:00,295,남해,-0.1,71,1.0,290,,1024.5,1030.4,,,0,0,-1.8
2024-01-29 01:00,295,남해,-0.3,71,1.2,270,,1024.1,1030.0,,,0,0,-2.0
2024-01-29 02:00,295,남해,-0.7,70,0.8,250,,1024.2,1030.1,,,0,0,-2.3
2024-01-29 03:00,295,남해,-0.9,69,0.9,270,,1024.4,1030.3,,,0,0,-2.5
2024-01-29 04:00,295,남해,-1.0,70,0.9,270,,1024.5,1030.4,,,0,0,-2.8
2024-01-29 05:00,295,남해,-2.1,75,0.6,250,,1024.3,1030.2,,,0,0,-3.1
2024-01-29 06:00,295,남해,-2.2,74,0.6,270,,1024.5,1030.4,,,0,0,-3.4
2024-01-29 07:00,295,남해,-2.2,74,0.9,250,,1024.9,1030.8,,,0,0,-3.6
2024-01-29 08:00,295,남해,-1.6,78,1.0,230,,1025.5,1031.4,0.0,,0,0,-2.9
2024-01-29 09:00,295,남해,0.5,66,0.6,250,,1025.7,1031.5,0.9,,0,0,0.2
2024-01-29 10:00,295,남해,1.8,61,1.2,50,,1025.6,1031.4,1.0,,0,0,5.5
2024-01-29 11:00,295,남해,2.3,63,1.5,70,,1025.4,1031.2,1.0,,0,0,10.6
2024-01-29 12:00,295,남해,3.7,54,1.8,70,,1025.1,1030.9,1.0,,0,0,16.9
2024-01-29 13:00,295,남해,5.2,52,1.6,50,,1023.9,1029.6,1.0,,0,0,19.4
2024-01-29 14:00,295,남해,5.7,49,1.5,50,,1023.5,1029.2,1.0,,0,0,18.7
2024-01-29 15:00,295,남해,5.8,45,1.5,90,,1023.2,1028.9,1.0,,0,0,15.4
2024-01-29 16:00,295,남해,6.6,42,1.3,90,,1023.1,1028.8,1.0,,0,0,10.2
2024-01-29 17:00,295,남해,4.8,51,0.5,200,,1023.0,1028.7,0.8,,0,0,4.1
2024-01-29 18:00,295,남해,3.3,53,1.1,250,,1023.2,1029.0,0.0,,0,0,0.8
2024-01-29 19:00,295,남해,3.2,53,1.5,270,,1023.5,1029.3,,,0,0,-0.1
2024-01-29 20:00,295,남해,1.9,59,0.9,250,,1023.6,1029.4,,,0,0,-0.6
2024-01-29 21:00,295,남해,1.8,60,0.8,250,,1024.3,1030.1,,,0,0,-1.0
2024-01-29 22:00,295,남해,0.9,62,1.0,250,,1024.6,1030.4,,,0,0,-1.4
2024-01-29 23:00,295,남해,1.6,61,1.3,250,,1024.7,1030.5,,,2,2,-1.5
2024-01-30 00:00,295,남해,0.8,64,1.2,270,,1024.9,1030.7,,,0,0,-1.9
2024-01-30 01:00,295,남해,0.4,61,1.0,270,,1025.1,1030.9,,,0,0,-2.1
2024-01-30 02:00,295,남해,0.1,59,1.5,270,,1024.9,1030.8,,,0,0,-2.4
2024-01-30 03:00,295,남해,-0.3,61,1.7,270,,1024.9,1030.8,,,0,0,-2.7
2024-01-30 04:00,295,남해,-0.8,65,1.2,270,,1024.4,1030.3,,,0,0,-2.9
2024-01-30 05:00,295,남해,-0.7,64,1.4,270,,1024.5,1030.4,,,0,0,-3.0
2024-01-30 06:00,295,남해,-1.0,64,1.6,270,,1024.6,1030.5,,,7,0,-3.0
2024-01-30 07:00,295,남해,-1.0,66,1.2,270,,1025.1,1031.0,,,7,2,-3.1
2024-01-30 08:00,295,남해,-0.7,67,1.4,270,,1025.5,1031.4,0.0,,0,0,-2.8
2024-01-30 09:00,295,남해,1.0,64,1.1,290,,1025.6,1031.4,0.7,,4,0,-0.1
2024-01-30 10:00,295,남해,2.0,57,1.6,320,,1025.6,1031.4,0.9,,4,2,4.1
2024-01-30 11:00,295,남해,3.5,49,2.0,320,,1025.5,1031.3,1.0,,0,0,12.0
2024-01-30 12:00,295,남해,4.7,47,1.6,50,,1024.3,1030.0,1.0,,0,0,18.8
2024-01-30 13:00,295,남해,7.1,41,1.0,360,,1023.0,1028.7,1.0,,0,0,22.1
2024-01-30 14:00,295,남해,8.1,43,1.2,50,,1022.5,1028.2,0.9,,7,3,22.0
2024-01-30 15:00,295,남해,7.9,46,1.1,70,,1021.9,1027.6,0.6,,8,6,13.4
2024-01-30 16:00,295,남해,7.9,49,0.7,70,,1021.9,1027.6,0.0,,10,10,10.6
2024-01-30 17:00,295,남해,7.5,53,0.1,0,,1022.3,1028.0,0.0,,10,10,8.2
2024-01-30 18:00,295,남해,6.8,56,0.6,250,0.0,1022.2,1027.9,0.0,,10,2,6.2
2024-01-30 19:00,295,남해,6.1,55,1.0,250,,1022.2,1027.9,,,8,8,5.1
2024-01-30 20:00,295,남해,6.4,56,0.6,250,,1022.3,1028.0,,,9,1,5.1
2024-01-30 21:00,295,남해,5.8,60,0.2,0,,1021.9,1027.6,,,9,2,4.7
2024-01-30 22:00,295,남해,5.9,55,0.8,270,,1021.3,1027.0,,,9,3,4.6
2024-01-30 23:00,295,남해,5.3,60,0.9,290,,1020.9,1026.6,,,9,6,4.5
2024-01-31 00:00,295,남해,5.0,82,0.4,0,0.1,1020.9,1026.6,,,9,9,4.8
2024-01-31 01:00,295,남해,4.4,89,0.6,270,,1020.7,1026.4,,,9,9,4.9
2024-01-31 02:00,295,남해,4.8,86,1.0,250,,1020.7,1026.4,,,10,9,4.9
2024-01-31 03:00,295,남해,4.1,90,1.6,270,0.9,1020.2,1025.9,,,10,9,4.7
2024-01-31 04:00,295,남해,4.0,93,0.5,340,,1019.7,1025.4,,,10,8,4.7
2024-01-31 05:00,295,남해,4.0,90,1.0,320,,1019.2,1024.9,,,9,9,4.8
2024-01-31 06:00,295,남해,4.0,92,1.2,290,1.6,1019.2,1024.9,,,9,9,4.8
2024-01-31 07:00,295,남해,4.1,92,0.7,340,,1019.2,1024.9,,,9,9,4.9
2024-01-31 08:00,295,남해,4.8,87,1.1,290,,1019.6,1025.3,0.0,,9,9,4.9
2024-01-31 09:00,295,남해,5.4,88,1.0,320,,1019.4,1025.1,0.0,,9,9,6.6
2024-01-31 10:00,295,남해,6.1,78,0.8,320,,1019.6,1025.3,0.0,,9,9,8.5
2024-01-31 11:00,295,남해,6.9,71,1.0,290,,1019.6,1025.3,0.0,,9,9,12.8
2024-01-31 12:00,295,남해,8.8,65,1.4,320,,1018.6,1024.2,0.4,,8,8,21.4
2024-01-31 13:00,295,남해,9.8,61,1.1,20,,1017.3,1022.9,0.5,,6,6,20.9
2024-01-31 14:00,295,남해,11.2,57,0.7,320,,1016.4,1022.0,1.0,,0,0,22.1
2024-01-31 15:00,295,남해,11.9,59,1.0,70,,1015.0,1020.5,1.0,,0,0,20.5
2024-01-31 16:00,295,남해,11.9,63,1.3,50,,1015.4,1020.9,1.0,,0,0,14.9
2024-01-31 17:00,295,남해,10.4,75,0.5,250,,1015.5,1021.1,0.4,,8,0,10.1
2024-01-31 18:00,295,남해,9.2,80,0.6,250,,1015.7,1021.3,0.0,,0,0,7.3
2024-01-31 19:00,295,남해,8.9,82,0.4,0,,1016.1,1021.7,,,10,10,7.9
2024-01-31 20:00,295,남해,7.6,85,0.6,230,,1016.1,1021.7,,,0,0,5.6
2024-01-31 21:00,295,남해,7.8,87,0.6,290,,1016.5,1022.1,,,10,8,6.5
2024-01-31 22:00,295,남해,8.0,89,0.7,230,,1016.4,1022.0,,,9,3,6.7
2024-01-31 23:00,295,남해,8.2,93,0.7,250,,1016.3,1021.9,,,10,2,7.1
2024-01-01 00:00,262,고흥,2.7,81,0.4,0,,1019.4,1025.9,,,0,0,-0.6
2024-01-01 01:00,262,고흥,1.6,88,0.2,0,,1019.5,1026.1,,,0,0,-0.5
2024-01-01 02:00,262,고흥,0.7,92,0.0,0,,1020.1,1026.7,,,0,0,-1.1
2024-01-01 03:00,262,고흥,0.0,94,0.0,0,,1020.3,1026.9,,,0,0,-1.7
2024-01-01 04:00,262,고흥,-0.4,96,0.0,0,,1020.6,1027.2,,,0,0,-2.2
2024-01-01 05:00,262,고흥,-0.8,97,0.2,0,,1020.7,1027.3,,,0,0,-2.5
2024-01-01 06:00,262,고흥,-1.1,97,0.0,0,,1021.2,1027.8,,,0,0,-2.9
2024-01-01 07:00,262,고흥,-1.2,97,0.0,0,,1021.7,1028.4,,,1,0,-3.4
2024-01-01 08:00,262,고흥,-1.1,97,0.0,0,,1022.0,1028.7,0.0,,5,5,-2.1
2024-01-01 09:00,262,고흥,0.5,97,0.0,0,,1022.3,1028.9,0.1,,5,5,-0.4
2024-01-01 10:00,262,고흥,7.1,69,1.2,20,,1022.6,1029.1,0.7,,5,5,4.7
2024-01-01 11:00,262,고흥,8.9,59,1.4,50,,1022.5,1028.9,1.0,,3,3,11.7
2024-01-01 12:00,262,고흥,9.3,57,1.0,70,,1021.9,1028.3,0.7,,7,4,14.1
2024-01-01 13:00,262,고흥,9.8,58,1.0,360,,1021.1,1027.5,0.1,,10,10,13.9
2024-01-01 14:00,262,고흥,11.0,53,1.5,340,,1020.1,1026.4,0.9,,7,7,18.9
2024-01-01 15:00,262,고흥,10.8,54,1.5,270,,1019.8,1026.1,0.6,,6,3,12.9
2024-01-01 16:00,262,고흥,10.5,55,1.9,290,,1019.5,1025.9,0.4,,8,7,11.7
2024-01-01 17:00,262,고흥,8.7,61,1.0,340,,1019.4,1025.8,0.5,,6,0,5.3
2024-01-01 18:00,262,고흥,6.8,73,0.2,0,,1019.4,1025.8,0.0,,7,7,4.2
2024-01-01 19:00,262,고흥,6.0,78,0.4,0,,1019.7,1026.2,,,8,8,3.9
2024-01-01 20:00,262,고흥,6.5,78,0.0,0,,1019.8,1026.3,,,10,7,4.5
2024-01-01 21:00,262,고흥,6.3,80,0.1,0,,1019.6,1026.1,,,10,10,4.6
2024-01-01 22:00,262,고흥,6.5,80,0.0,0,,1019.7,1026.2,,,9,9,4.7
2024-01-01 23:00,262,고흥,6.1,81,0.8,250,,1019.7,1026.2,,,9,9,3.9
2024-01-02 00:00,262,고흥,6.6,85,0.3,0,0.0,1019.2,1025.6,,,9,9,4.1
2024-01-02 01:00,262,고흥,6.8,82,0.2,0,,1018.7,1025.1,,,9,8,4.5
2024-01-02 02:00,262,고흥,6.2,86,0.1,0,,1018.5,1025.0,,,10,10,4.5
2024-01-02 03:00,262,고흥,5.8,87,0.0,0,,1018.2,1024.7,,,9,8,3.7
2024-01-02 04:00,262,고흥,5.6,88,0.0,0,,1017.9,1024.4,,,9,9,3.8
2024-01-02 05:00,262,고흥,3.9,90,0.0,0,,1017.6,1024.1,,,6,1,0.6
2024-01-02 06:00,262,고흥,2.4,91,0.2,0,,1017.8,1024.3,,,4,0,-0.6
2024-01-02 07:00,262,고흥,2.0,93,0.0,0,,1017.6,1024.1,,,0,0,-0.7
2024-01-02 08:00,262,고흥,1.3,94,0.0,0,,1017.3,1023.9,0.0,,4,0,-0.8
2024-01-02 09:00,262,고흥,3.2,90,0.0,0,,1017.2,1023.7,0.4,,7,0,0.8
2024-01-02 10:00,262,고흥,8.8,59,1.3,320,,1017.3,1023.7,1.0,,6,0,8.3
2024-01-02 11:00,262,고흥,9.7,57,2.4,320,,1017.1,1023.4,1.0,,5,0,11.8
2024-01-02 12:00,262,고흥,10.2,55,2.4,250,,1016.0,1022.3,1.0,,6,0,16.6
2024-01-02 13:00,262,고흥,11.3,54,2.8,320,,1015.1,1021.4,0.3,,8,8,19.3
2024-01-02 14:00,262,고흥,10.0,57,3.0,340,,1014.5,1020.8,0.4,,8,8,12.0
2024-01-02 15:00,262,고흥,10.0,57,3.0,320,,1014.4,1020.7,0.4,,7,6,11.5
2024-01-02 16:00,262,고흥,9.9,57,3.2,320,,1014.2,1020.5,0.4,,7,5,9.6
2024-01-02 17:00,262,고흥,9.2,59,2.2,340,,1014.4,1020.7,0.3,,8,6,6.4
2024-01-02 18:00,262,고흥,7.3,68,0.6,340,,1014.5,1020.9,0.0,,6,3,2.9
2024-01-02 19:00,262,고흥,5.6,77,0.2,0,,1014.6,1021.0,,,8,3,2.6
2024-01-02 20:00,262,고흥,5.7,78,0.4,0,,1014.5,1020.9,,,10,4,2.9
2024-01-02 21:00,262,고흥,5.4,80,0.2,0,,1014.5,1021.0,,,9,9,3.2
2024-01-02 22:00,262,고흥,5.4,79,0.2,0,,1013.7,1020.1,,,7,2,1.9
2024-01-02 23:00,262,고흥,6.2,78,0.9,340,,1013.7,1020.1,,,9,7,3.1
2024-01-03 00:00,262,고흥,5.9,78,0.6,340,,1013.4,1019.8,,,10,9,3.0
2024-01-03 01:00,262,고흥,6.6,73,2.5,320,,1013.3,1019.7,,,10,6,3.6
2024-01-03 02:00,262,고흥,6.4,74,1.4,340,,1013.1,1019.5,,,9,4,3.6
2024-01-03 03:00,262,고흥,6.5,72,1.6,340,,1013.6,1020.0,,,10,4,3.7
2024-01-03 04:00,262,고흥,6.1,72,1.0,340,,1012.7,1019.1,,,10,5,3.4
2024-01-03 05:00,262,고흥,5.9,75,1.8,320,,1012.3,1018.7,,,10,7,3.5
2024-01-03 06:00,262,고흥,4.7,91,1.4,320,1.1,1012.3,1018.7,,,10,10,3.5
2024-01-03 07:00,262,고흥,4.3,94,0.7,340,,1012.5,1019.0,,,10,9,3.4
2024-01-03 08:00,262,고흥,4.0,94,0.5,360,,1012.5,1019.0,0.0,,10,6,3.5
2024-01-03 09:00,262,고흥,4.4,92,1.4,320,0.3,1013.1,1019.6,0.0,,7,6,4.3
2024-01-03 10:00,262,고흥,5.3,86,3.2,290,,1013.2,1019.6,0.2,,7,3,7.4
2024-01-03 11:00,262,고흥,6.1,81,2.5,320,,1012.9,1019.3,0.7,,6,6,10.3
2024-01-03 12:00,262,고흥,8.0,67,4.1,320,,1012.4,1018.8,1.0,,5,0,15.8
2024-01-03 13:00,262,고흥,8.3,61,4.3,340,,1011.6,1017.9,1.0,,5,1,15.8
2024-01-03 14:00,262,고흥,8.4,59,4.1,320,,1011.4,1017.7,0.8,,7,7,11.4
2024-01-03 15:00,262,고흥,8.9,59,3.1,340,,1011.5,1017.8,0.5,,6,2,12.7
2024-01-03 16:00,262,고흥,8.8,54,3.6,320,,1012.2,1018.5,0.9,,6,2,9.7
2024-01-03 17:00,262,고흥,7.5,52,3.8,340,,1012.9,1019.3,0.5,,1,1,4.0
2024-01-03 18:00,262,고흥,6.8,58,3.0,320,,1013.9,1020.3,0.0,,1,1,2.4
2024-01-03 19:00,262,고흥,5.9,58,2.2,340,,1014.4,1020.8,,,0,0,1.2
2024-01-03 20:00,262,고흥,5.8,59,1.3,320,,1014.7,1021.1,,,0,0,0.9
2024-01-03 21:00,262,고흥,5.3,64,2.1,320,,1015.0,1021.5,,,0,0,0.5
2024-01-03 22:00,262,고흥,5.2,65,2.4,320,,1015.5,1022.0,,,1,1,0.6
2024-01-03 23:00,262,고흥,4.8,65,0.9,360,,1016.0,1022.5,,,0,0,-0.2
2024-01-04 00:00,262,고흥,3.9,69,1.6,320,,1016.0,1022.5,,,0,0,-0.9
2024-01-04 01:00,262,고흥,3.8,69,1.0,360,,1016.4,1022.9,,,0,0,-1.1
2024-01-04 02:00,262,고흥,2.5,73,0.9,360,,1016.2,1022.7,,,0,0,-0.7
2024-01-04 03:00,262,고흥,0.3,86,0.3,0,,1016.0,1022.6,,,0,0,-1.4
2024-01-04 04:00,262,고흥,0.0,86,0.2,0,,1016.4,1023.0,,,0,0,-2.0
2024-01-04 05:00,262,고흥,-0.5,87,0.1,0,,1016.4,1023.0,,,0,0,-2.7
2024-01-04 06:00,262,고흥,-1.0,90,0.4,0,,1016.5,1023.1,,,0,0,-3.2
2024-01-04 07:00,262,고흥,-1.2,93,0.1,0,,1017.2,1023.8,,,0,0,-3.6
2024-01-04 08:00,262,고흥,-0.8,88,0.7,160,,1017.7,1024.3,0.0,,0,0,-3.1
2024-01-04 09:00,262,고흥,1.3,84,0.2,0,,1018.3,1024.9,0.4,,0,0,-1.3
2024-01-04 10:00,262,고흥,5.2,61,0.6,320,,1018.4,1024.9,1.0,,0,0,1.6
2024-01-04 11:00,262,고흥,6.4,58,2.0,270,,1018.5,1024.9,1.0,,0,0,9.8
2024-01-04 12:00,262,고흥,7.5,55,2.6,290,,1017.7,1024.1,1.0,,0,0,16.4
2024-01-04 13:00,262,고흥,8.1,54,2.9,270,,1016.9,1023.3,1.0,,1,0,18.4
2024-01-04 14:00,262,고흥,9.2,50,2.5,250,,1016.3,1022.6,1.0,,0,0,18.7
2024-01-04 15:00,262,고흥,9.9,45,2.4,290,,1015.7,1022.1,1.0,,1,0,17.0
2024-01-04 16:00,262,고흥,9.9,46,2.5,270,,1015.8,1022.2,1.0,,0,0,12.1
2024-01-04 17:00,262,고흥,8.9,51,0.7,250,,1016.0,1022.4,0.6,,0,0,5.0
2024-01-04 18:00,262,고흥,6.5,62,0.9,290,,1016.3,1022.7,0.0,,0,0,1.6
2024-01-04 19:00,262,고흥,5.4,68,0.5,20,,1016.5,1023.0,,,0,0,0.4
2024-01-04 20:00,262,고흥,2.6,82,0.5,110,,1016.5,1023.0,,,0,0,-0.6
2024-01-04 21:00,262,고흥,1.7,87,0.1,0,,1016.8,1023.4,,,0,0,-0.9
2024-01-04 22:00,262,고흥,0.8,91,0.0,0,,1016.9,1023.5,,,0,0,-1.3
2024-01-04 23:00,262,고흥,0.0,94,0.0,0,,1016.8,1023.4,,,0,0,-1.6
2024-01-05 00:00,262,고흥,-0.5,95,0.0,0,,1016.4,1023.0,,,0,0,-1.9
2024-01-05 01:00,262,고흥,-0.9,96,0.1,0,,1016.1,1022.7,,,0,0,-2.2
2024-01-05 02:00,262,고흥,-1.2,96,0.2,0,,1015.9,1022.5,,,0,0,-2.4
2024-01-05 03:00,262,고흥,-0.9,96,0.1,0,,1016.1,1022.7,,,0,0,-2.5
2024-01-05 04:00,262,고흥,-1.4,96,0.2,0,,1016.0,1022.6,,,0,0,-2.7
2024-01-05 05:00,262,고흥,-0.9,97,0.1,0,,1015.9,1022.5,,,0,0,-2.4
2024-01-05 06:00,262,고흥,-0.4,97,0.1,0,,1016.2,1022.8,,,9,6,-1.6
2024-01-05 07:00,262,고흥,-0.3,97,0.1,0,,1016.5,1023.1,,,6,6,-1.8
2024-01-05 08:00,262,고흥,0.2,97,0.4,0,,1016.5,1023.1,0.0,,7,7,-0.9
2024-01-05 09:00,262,고흥,2.0,97,0.2,0,,1016.9,1023.4,0.0,,9,9,0.1
2024-01-05 10:00,262,고흥,5.3,94,0.0,0,,1016.9,1023.4,0.1,,9,9,6.3
2024-01-05 11:00,262,고흥,10.8,73,0.4,0,,1016.6,1022.9,0.6,,6,4,14.2
2024-01-05 12:00,262,고흥,12.9,59,1.9,230,,1015.7,1022.0,1.0,,5,3,19.2
2024-01-05 13:00,262,고흥,12.7,59,2.2,250,,1014.9,1021.2,1.0,,5,3,17.1
2024-01-05 14:00,262,고흥,13.4,55,2.2,230,,1013.9,1020.1,1.0,,7,2,18.6
2024-01-05 15:00,262,고흥,14.0,54,1.6,230,,1013.4,1019.6,0.6,,8,4,18.7
2024-01-05 16:00,262,고흥,13.1,56,1.7,250,,1013.4,1019.6,0.4,,6,6,12.4
2024-01-05 17:00,262,고흥,12.5,59,0.6,360,,1013.6,1019.9,0.0,,7,7,8.7
2024-01-05 18:00,262,고흥,9.7,72,1.0,360,,1014.1,1020.4,0.0,,7,7,6.0
2024-01-05 19:00,262,고흥,7.7,78,0.0,0,,1014.1,1020.5,,,6,2,2.8
2024-01-05 20:00,262,고흥,5.8,87,0.3,0,,1014.4,1020.8,,,1,0,1.7
2024-01-05 21:00,262,고흥,4.4,92,0.1,0,,1014.6,1021.1,,,0,0,0.8
2024-01-05 22:00,262,고흥,3.8,95,0.1,0,,1014.5,1021.0,,,0,0,0.2
2024-01-05 23:00,262,고흥,3.2,97,0.0,0,,1014.4,1020.9,,,0,0,-0.2
2024-01-06 00:00,262,고흥,2.1,96,0.2,0,,1014.4,1020.9,,,0,0,-0.3
2024-01-06 01:00,262,고흥,1.9,95,0.2,0,,1014.4,1020.9,,,0,0,-0.5
2024-01-06 02:00,262,고흥,3.1,98,0.3,0,,1014.2,1020.7,,,0,0,-0.6
2024-01-06 03:00,262,고흥,3.3,92,0.6,20,,1014.2,1020.7,,,0,0,-0.7
2024-01-06 04:00,262,고흥,5.8,81,0.9,340,,1014.1,1020.5,,,0,0,-0.5
2024-01-06 05:00,262,고흥,3.4,90,0.2,0,,1014.1,1020.6,,,0,0,-0.8
2024-01-06 06:00,262,고흥,5.1,83,2.9,320,,1014.1,1020.6,,,0,0,-0.5
2024-01-06 07:00,262,고흥,4.1,85,1.3,340,,1014.9,1021.4,,,0,0,-0.9
2024-01-06 08:00,262,고흥,4.0,71,1.7,340,,1015.5,1022.0,0.0,,0,0,-0.9
2024-01-06 09:00,262,고흥,5.2,63,2.6,320,,1016.0,1022.5,0.4,,0,0,0.0
2024-01-06 10:00,262,고흥,6.5,52,1.6,340,,1016.2,1022.6,1.0,,0,0,6.5
2024-01-06 11:00,262,고흥,7.6,48,3.2,270,,1015.9,1022.3,1.0,,0,0,11.7
2024-01-06 12:00,262,고흥,9.0,39,3.4,290,,1014.8,1021.1,1.0,,1,0,17.9
2024-01-06 13:00,262,고흥,9.7,33,2.4,270,,1014.2,1020.5,1.0,,3,0,21.3
2024-01-06 14:00,262,고흥,10.4,34,3.6,320,,1013.8,1020.1,1.0,,5,0,19.5
2024-01-06 15:00,262,고흥,10.4,34,5.8,290,,1013.7,1020.0,1.0,,7,0,15.3
2024-01-06 16:00,262,고흥,9.2,33,4.6,290,,1014.1,1020.4,0.9,,6,0,9.1
2024-01-06 17:00,262,고흥,8.8,35,2.5,320,,1014.6,1021.0,0.3,,7,0,5.8
2024-01-06 18:00,262,고흥,6.6,43,2.3,320,,1015.4,1021.8,0.0,,7,1,2.0
2024-01-06 19:00,262,고흥,5.8,44,2.7,320,,1015.9,1022.3,,,5,2,1.0
2024-01-06 20:00,262,고흥,5.5,51,3.1,320,,1016.3,1022.8,,,4,2,0.6
2024-01-06 21:00,262,고흥,4.0,61,1.7,320,,1017.0,1023.5,,,0,0,-0.9
2024-01-06 22:00,262,고흥,2.9,63,1.0,320,,1017.3,1023.8,,,0,0,-1.2
2024-01-06 23:00,262,고흥,2.3,70,0.3,0,,1017.4,1023.9,,,0,0,-1.6
2024-01-07 00:00,262,고흥,1.5,79,0.4,0,,1017.3,1023.9,,,0,0,-1.6
2024-01-07 01:00,262,고흥,0.6,84,0.3,0,,1017.1,1023.7,,,0,0,-1.6
2024-01-07 02:00,262,고흥,4.2,72,2.1,340,,1017.2,1023.7,,,9,6,-0.4
2024-01-07 03:00,262,고흥,3.4,75,2.1,340,,1017.2,1023.7,,,7,7,-0.6
2024-01-07 04:00,262,고흥,3.3,64,2.7,320,,1017.0,1023.5,,,0,0,-0.8
2024-01-07 05:00,262,고흥,3.4,54,2.9,340,,1017.1,1023.6,,,0,0,-1.0
2024-01-07 06:00,262,고흥,3.1,54,1.9,320,,1017.2,1023.7,,,1,1,-1.4
2024-01-07 07:00,262,고흥,3.1,52,2.0,340,,1017.7,1024.2,,,3,0,-1.6
2024-01-07 08:00,262,고흥,2.8,63,2.2,340,,1018.5,1025.0,0.0,,9,6,-1.0
2024-01-07 09:00,262,고흥,3.3,65,2.7,340,,1018.9,1025.4,0.4,,4,0,0.1
2024-01-07 10:00,262,고흥,3.6,67,4.5,320,,1019.5,1026.0,0.5,,9,8,6.4
2024-01-07 11:00,262,고흥,3.3,68,2.6,340,,1019.9,1026.4,0.7,,8,8,9.2
2024-01-07 12:00,262,고흥,4.6,46,6.3,290,,1019.5,1026.0,0.9,,7,6,14.9
2024-01-07 13:00,262,고흥,4.4,39,5.7,320,,1018.9,1025.4,1.0,,2,1,15.7
2024-01-07 14:00,262,고흥,4.9,39,5.4,320,,1018.4,1024.9,1.0,,1,0,16.1
2024-01-07 15:00,262,고흥,4.5,43,6.2,320,,1018.5,1025.0,1.0,,0,0,12.5
2024-01-07 16:00,262,고흥,3.9,45,4.2,340,,1019.0,1025.5,0.9,,0,0,4.8
2024-01-07 17:00,262,고흥,3.0,49,4.2,320,,1019.6,1026.1,0.3,,3,0,1.2
2024-01-07 18:00,262,고흥,2.2,53,3.3,320,,1020.1,1026.7,0.0,,3,2,-0.7
2024-01-07 19:00,262,고흥,1.4,58,3.5,320,,1020.6,1027.2,,,0,0,-1.9
2024-01-07 20:00,262,고흥,1.2,59,2.8,320,,1020.8,1027.4,,,5,1,-1.8
2024-01-07 21:00,262,고흥,0.9,57,3.6,320,,1021.2,1027.8,,,0,0,-2.1
2024-01-07 22:00,262,고흥,0.3,56,3.1,340,,1021.4,1028.0,,,0,0,-2.5
2024-01-07 23:00,262,고흥,-0.8,59,0.9,340,,1021.5,1028.1,,,0,0,-3.3
2024-01-08 00:00,262,고흥,-0.8,58,0.7,20,,1021.7,1028.3,,,0,0,-3.7
2024-01-08 01:00,262,고흥,-1.4,62,1.3,340,,1022.0,1028.7,,,0,0,-4.1
2024-01-08 02:00,262,고흥,-1.9,62,1.1,340,,1021.7,1028.4,,,0,0,-4.6
2024-01-08 03:00,262,고흥,-3.1,67,0.5,200,,1021.7,1028.4,,,0,0,-5.1
2024-01-08 04:00,262,고흥,-3.7,70,1.1,340,,1021.2,1027.9,,,0,0,-5.6
2024-01-08 05:00,262,고흥,-2.5,64,0.5,20,,1021.1,1027.8,,,0,0,-5.5
2024-01-08 06:00,262,고흥,-3.2,67,0.4,0,,1021.5,1028.2,,,0,0,-5.6
2024-01-08 07:00,262,고흥,-3.0,68,2.7,320,,1021.6,1028.3,,,0,0,-5.5
2024-01-08 08:00,262,고흥,-3.0,66,0.6,70,,1022.0,1028.7,0.0,,0,0,-5.2
2024-01-08 09:00,262,고흥,-1.0,58,1.2,360,,1022.1,1028.8,0.4,,0,0,-3.0
2024-01-08 10:00,262,고흥,0.1,46,1.9,320,,1022.0,1028.6,1.0,,0,0,1.8
2024-01-08 11:00,262,고흥,1.6,38,2.3,290,,1021.6,1028.2,1.0,,0,0,7.4
2024-01-08 12:00,262,고흥,3.7,34,1.4,270,,1020.6,1027.1,1.0,,0,0,16.6
2024-01-08 13:00,262,고흥,5.2,29,1.6,320,,1019.3,1025.8,1.0,,0,0,21.0
2024-01-08 14:00,262,고흥,6.2,25,1.8,160,,1018.7,1025.2,1.0,,0,0,21.5
2024-01-08 15:00,262,고흥,6.0,24,1.8,270,,1018.5,1025.0,1.0,,1,0,18.5
2024-01-08 16:00,262,고흥,6.1,30,1.3,250,,1018.5,1025.0,1.0,,0,0,13.2
2024-01-08 17:00,262,고흥,4.2,41,0.6,250,,1018.6,1025.1,0.4,,5,0,2.9
2024-01-08 18:00,262,고흥,1.9,53,0.6,70,,1018.9,1025.5,0.0,,5,1,-0.5
2024-01-08 19:00,262,고흥,1.5,57,0.6,290,,1019.0,1025.6,,,6,4,-1.9
2024-01-08 20:00,262,고흥,-0.6,69,0.5,320,,1019.1,1025.7,,,0,0,-2.7
2024-01-08 21:00,262,고흥,0.6,64,1.9,320,,1018.9,1025.5,,,0,0,-2.6
2024-01-08 22:00,262,고흥,0.0,70,0.8,340,,1018.7,1025.3,,,0,0,-3.1
2024-01-08 23:00,262,고흥,-1.7,77,0.2,0,,1018.3,1024.9,,,0,0,-4.0
2024-01-09 00:00,262,고흥,-2.4,80,0.0,0,,1017.9,1024.6,,,0,0,-4.2
2024-01-09 01:00,262,고흥,-2.9,83,0.3,0,,1017.5,1024.2,,,6,0,-4.2
2024-01-09 02:00,262,고흥,-3.3,87,0.1,0,,1017.1,1023.8,,,0,0,-4.5
2024-01-09 03:00,262,고흥,-3.4,88,0.0,0,,1016.7,1023.4,,,0,0,-3.3
2024-01-09 04:00,262,고흥,-2.8,88,0.1,0,,1016.6,1023.3,,,8,5,-3.4
2024-01-09 05:00,262,고흥,-1.7,85,0.2,0,,1016.5,1023.1,,,8,8,-2.3
2024-01-09 06:00,262,고흥,-1.7,87,0.4,0,,1016.7,1023.3,,,8,8,-3.5
2024-01-09 07:00,262,고흥,-1.9,87,0.2,0,,1016.3,1022.9,,,3,2,-2.7
2024-01-09 08:00,262,고흥,-1.0,87,0.3,0,,1016.0,1022.6,0.0,,9,9,-1.4
2024-01-09 09:00,262,고흥,0.8,82,0.2,0,,1015.9,1022.5,0.0,,9,2,0.0
2024-01-09 10:00,262,고흥,3.8,72,0.7,320,,1015.9,1022.4,0.0,,8,5,3.6
2024-01-09 11:00,262,고흥,4.6,69,0.7,320,,1015.7,1022.2,0.0,,9,9,6.6
2024-01-09 12:00,262,고흥,5.0,68,1.3,320,,1014.8,1021.3,0.0,,9,9,6.1
2024-01-09 13:00,262,고흥,3.9,86,1.1,340,,1014.0,1020.5,0.0,,10,10,4.5
2024-01-09 14:00,262,고흥,4.4,86,1.0,180,,1013.0,1019.5,0.0,,10,10,5.3
2024-01-09 15:00,262,고흥,4.8,90,0.6,180,0.0,1012.2,1018.6,0.0,,10,8,5.2
2024-01-09 16:00,262,고흥,3.6,95,1.2,320,,1012.0,1018.5,0.0,,10,5,4.2
2024-01-09 17:00,262,고흥,4.3,95,0.2,0,,1011.3,1017.7,0.0,,9,2,4.2
2024-01-09 18:00,262,고흥,3.9,96,0.2,0,0.0,1011.2,1017.7,0.0,,10,4,3.3
2024-01-09 19:00,262,고흥,3.8,96,0.5,360,,1011.3,1017.8,,,10,8,3.3
2024-01-09 20:00,262,고흥,3.7,97,0.8,360,,1011.2,1017.7,,,10,10,3.1
2024-01-09 21:00,262,고흥,4.0,97,1.0,20,2.5,1010.6,1017.0,,,9,9,3.1
2024-01-09 22:00,262,고흥,3.8,98,1.9,340,,1010.6,1017.1,,,9,3,3.1
2024-01-09 23:00,262,고흥,3.6,98,0.2,0,,1010.2,1016.7,,,9,9,2.2
2024-01-10 00:00,262,고흥,3.4,99,0.2,0,0.1,1010.2,1016.7,,,8,8,2.5
2024-01-10 01:00,262,고흥,3.0,99,0.5,320,,1010.0,1016.5,,,7,3,1.5
2024-01-10 02:00,262,고흥,2.2,99,0.2,0,,1010.3,1016.8,,,8,4,0.8
2024-01-10 03:00,262,고흥,5.3,99,1.2,320,,1010.7,1017.1,,,9,9,2.9
2024-01-10 04:00,262,고흥,4.3,98,1.3,320,,1010.4,1016.8,,,6,6,1.2
2024-01-10 05:00,262,고흥,4.1,94,2.4,320,,1010.3,1016.7,,,7,0,0.5
2024-01-10 06:00,262,고흥,4.2,88,2.4,340,,1010.9,1017.3,,,8,7,1.7
2024-01-10 07:00,262,고흥,3.7,86,2.7,340,,1011.3,1017.8,,,9,9,1.4
2024-01-10 08:00,262,고흥,3.0,84,1.7,340,,1011.8,1018.3,0.0,,8,6,0.1
2024-01-10 09:00,262,고흥,3.7,80,1.9,320,,1012.7,1019.2,0.1,,5,5,2.3
2024-01-10 10:00,262,고흥,4.3,74,2.5,320,,1013.4,1019.9,0.0,,8,8,5.4
2024-01-10 11:00,262,고흥,4.9,69,2.3,320,,1013.3,1019.8,0.2,,9,9,6.4
2024-01-10 12:00,262,고흥,7.4,59,2.2,320,,1012.4,1018.8,0.8,,3,3,15.7
2024-01-10 13:00,262,고흥,8.2,52,3.4,320,,1011.7,1018.0,1.0,,3,0,16.2
2024-01-10 14:00,262,고흥,9.5,46,2.4,340,,1011.4,1017.7,0.9,,4,4,16.0
2024-01-10 15:00,262,고흥,9.3,45,4.2,320,,1011.5,1017.8,0.7,,7,7,15.1
2024-01-10 16:00,262,고흥,8.6,46,3.1,340,,1011.8,1018.1,0.8,,7,7,9.0
2024-01-10 17:00,262,고흥,7.3,49,3.7,320,,1012.1,1018.5,0.6,,6,6,5.1
2024-01-10 18:00,262,고흥,5.3,59,2.0,320,,1013.2,1019.6,0.0,,1,1,1.7
2024-01-10 19:00,262,고흥,4.1,64,1.8,340,,1014.0,1020.5,,,0,0,0.5
2024-01-10 20:00,262,고흥,3.3,67,1.2,360,,1014.4,1020.9,,,0,0,-0.4
2024-01-10 21:00,262,고흥,2.1,71,0.7,360,,1014.7,1021.2,,,0,0,-1.2
2024-01-10 22:00,262,고흥,-0.1,85,0.1,0,,1014.8,1021.4,,,0,0,-0.8
2024-01-10 23:00,262,고흥,-0.9,87,0.5,70,,1014.9,1021.5,,,0,0,-1.5
2024-01-11 00:00,262,고흥,-1.0,88,0.4,0,,1014.6,1021.2,,,0,0,-2.5
2024-01-11 01:00,262,고흥,-1.7,92,0.3,0,,1014.4,1021.0,,,0,0,-3.5
2024-01-11 02:00,262,고흥,-2.5,93,0.4,0,,1014.7,1021.3,,,0,0,-4.4
2024-01-11 03:00,262,고흥,-2.7,93,0.3,0,,1014.3,1020.9,,,0,0,-5.1
2024-01-11 04:00,262,고흥,-2.9,93,0.2,0,,1014.4,1021.1,,,0,0,-6.1
2024-01-11 05:00,262,고흥,-2.7,90,0.7,360,,1014.0,1020.6,,,0,0,-6.5
2024-01-11 06:00,262,고흥,-2.1,89,0.5,50,,1014.4,1021.0,,,0,0,-6.4
2024-01-11 07:00,262,고흥,-2.7,92,0.4,0,,1014.7,1021.3,,,0,0,-7.1
2024-01-11 08:00,262,고흥,-3.5,93,0.4,0,,1014.6,1021.3,0.0,,0,0,-7.1
2024-01-11 09:00,262,고흥,1.5,76,2.5,340,,1014.6,1021.1,0.4,,0,0,-2.4
2024-01-11 10:00,262,고흥,3.1,68,3.6,320,,1014.7,1021.2,1.0,,0,0,1.2
2024-01-11 11:00,262,고흥,4.6,62,2.1,340,,1014.6,1021.1,1.0,,0,0,8.0
2024-01-11 12:00,262,고흥,6.1,55,4.2,340,,1013.6,1020.0,1.0,,1,0,15.8
2024-01-11 13:00,262,고흥,6.9,53,3.7,290,,1012.5,1018.9,1.0,,0,0,18.0
2024-01-11 14:00,262,고흥,7.6,49,3.2,250,,1011.8,1018.2,1.0,,2,0,18.0
2024-01-11 15:00,262,고흥,8.1,48,3.6,250,,1011.5,1017.9,1.0,,0,0,15.2
2024-01-11 16:00,262,고흥,8.7,46,2.5,270,,1011.5,1017.8,1.0,,0,0,12.7
2024-01-11 17:00,262,고흥,7.3,54,2.1,340,,1011.5,1017.9,0.7,,0,0,3.9
2024-01-11 18:00,262,고흥,6.3,61,4.0,320,,1011.8,1018.2,0.0,,0,0,1.9
2024-01-11 19:00,262,고흥,6.3,62,2.3,320,,1011.9,1018.3,,,5,0,1.1
2024-01-11 20:00,262,고흥,5.7,64,1.9,320,,1011.9,1018.3,,,0,0,0.3
2024-01-11 21:00,262,고흥,2.3,81,0.2,0,,1011.8,1018.3,,,0,0,-1.6
2024-01-11 22:00,262,고흥,1.1,87,0.4,0,,1011.9,1018.4,,,6,0,-0.9
2024-01-11 23:00,262,고흥,2.0,85,0.8,270,,1012.0,1018.5,,,7,7,-0.3
2024-01-12 00:00,262,고흥,5.6,72,0.9,340,,1011.7,1018.1,,,9,9,0.7
2024-01-12 01:00,262,고흥,7.3,65,1.9,290,,1011.5,1017.9,,,9,8,2.2
2024-01-12 02:00,262,고흥,7.6,67,1.7,270,,1011.5,1017.9,,,9,9,2.0
2024-01-12 03:00,262,고흥,7.6,68,0.7,250,,1011.5,1017.9,,,9,9,2.4
2024-01-12 04:00,262,고흥,7.9,68,1.5,270,,1011.4,1017.8,,,9,9,3.7
2024-01-12 05:00,262,고흥,7.8,69,1.1,290,,1011.2,1017.6,,,9,9,3.8
2024-01-12 06:00,262,고흥,8.2,68,1.4,230,,1011.3,1017.6,,,9,9,3.6
2024-01-12 07:00,262,고흥,6.0,80,1.0,340,,1011.5,1017.9,,,3,3,0.5
2024-01-12 08:00,262,고흥,3.7,88,0.2,0,,1011.8,1018.3,0.0,,0,0,-0.1
2024-01-12 09:00,262,고흥,5.5,85,0.2,0,,1012.3,1018.7,0.4,,0,0,3.2
2024-01-12 10:00,262,고흥,8.8,70,3.1,290,,1012.7,1019.0,1.0,,1,1,9.0
2024-01-12 11:00,262,고흥,9.4,64,3.6,320,,1012.6,1018.9,1.0,,0,0,12.5
2024-01-12 12:00,262,고흥,9.8,61,2.9,320,,1012.1,1018.4,1.0,,0,0,18.6
2024-01-12 13:00,262,고흥,11.0,53,3.3,270,,1011.6,1017.9,1.0,,0,0,20.0
2024-01-12 14:00,262,고흥,11.9,39,3.3,290,,1011.3,1017.6,1.0,,0,0,21.0
2024-01-12 15:00,262,고흥,12.1,32,4.2,320,,1011.1,1017.4,1.0,,0,0,18.2
2024-01-12 16:00,262,고흥,11.8,33,2.6,320,,1011.3,1017.6,1.0,,0,0,14.6
2024-01-12 17:00,262,고흥,10.6,33,3.0,340,,1011.5,1017.8,0.7,,0,0,6.1
2024-01-12 18:00,262,고흥,8.8,40,1.2,360,,1012.0,1018.3,0.0,,0,0,2.4
2024-01-12 19:00,262,고흥,5.9,51,0.8,340,,1013.0,1019.4,,,0,0,0.0
2024-01-12 20:00,262,고흥,5.0,61,1.6,320,,1013.5,1020.0,,,0,0,-0.5
2024-01-12 21:00,262,고흥,4.7,52,1.5,340,,1013.8,1020.2,,,0,0,-1.4
2024-01-12 22:00,262,고흥,4.6,43,1.8,340,,1014.2,1020.7,,,0,0,-1.0
2024-01-12 23:00,262,고흥,2.0,54,0.4,0,,1014.5,1021.0,,,0,0,-1.8
2024-01-13 00:00,262,고흥,0.2,63,0.2,0,,1014.6,1021.2,,,0,0,-2.5
2024-01-13 01:00,262,고흥,1.3,57,0.4,0,,1014.4,1020.9,,,0,0,-2.9
2024-01-13 02:00,262,고흥,2.9,43,1.6,340,,1014.9,1021.4,,,0,0,-2.5
2024-01-13 03:00,262,고흥,2.2,47,1.8,340,,1015.0,1021.5,,,0,0,-2.9
2024-01-13 04:00,262,고흥,1.9,48,1.4,340,,1015.3,1021.8,,,0,0,-3.3
2024-01-13 05:00,262,고흥,1.5,49,1.2,340,,1015.5,1022.0,,,0,0,-3.4
2024-01-13 06:00,262,고흥,1.2,51,1.5,340,,1016.1,1022.7,,,0,0,-3.7
2024-01-13 07:00,262,고흥,1.6,49,1.1,360,,1016.9,1023.5,,,0,0,-3.8
2024-01-13 08:00,262,고흥,0.8,55,0.7,20,,1017.8,1024.4,0.0,,0,0,-3.9
2024-01-13 09:00,262,고흥,3.6,44,3.4,320,,1018.2,1024.7,0.4,,0,0,-0.9
2024-01-13 10:00,262,고흥,5.4,39,2.3,320,,1019.1,1025.6,1.0,,0,0,3.5
2024-01-13 11:00,262,고흥,6.7,35,2.7,320,,1019.2,1025.6,1.0,,0,0,12.6
2024-01-13 12:00,262,고흥,7.4,33,2.6,290,,1018.8,1025.2,1.0,,0,0,18.5
2024-01-13 13:00,262,고흥,8.8,30,2.3,320,,1018.1,1024.5,1.0,,0,0,22.1
2024-01-13 14:00,262,고흥,10.0,29,1.9,270,,1018.0,1024.4,1.0,,0,0,21.9
2024-01-13 15:00,262,고흥,10.0,29,3.6,320,,1018.2,1024.6,1.0,,0,0,18.7
2024-01-13 16:00,262,고흥,10.0,29,3.8,320,,1018.2,1024.6,1.0,,0,0,14.2
2024-01-13 17:00,262,고흥,9.0,30,1.7,250,,1018.4,1024.8,0.7,,0,0,5.0
2024-01-13 18:00,262,고흥,4.8,51,0.5,320,,1018.5,1025.0,0.0,,0,0,0.2
2024-01-13 19:00,262,고흥,2.8,57,0.4,0,,1019.5,1026.0,,,0,0,-1.8
2024-01-13 20:00,262,고흥,0.9,70,0.0,0,,1019.7,1026.3,,,0,0,-1.8
2024-01-13 21:00,262,고흥,0.2,68,0.4,0,,1020.3,1026.9,,,0,0,-2.1
2024-01-13 22:00,262,고흥,-0.8,73,0.0,0,,1020.2,1026.8,,,0,0,-2.7
2024-01-13 23:00,262,고흥,-1.2,76,0.0,0,,1019.8,1026.4,,,0,0,-3.0
2024-01-14 00:00,262,고흥,-1.4,77,0.0,0,,1019.8,1026.4,,,0,0,-3.3
2024-01-14 01:00,262,고흥,-1.6,80,0.0,0,,1019.8,1026.5,,,0,0,-3.5
2024-01-14 02:00,262,고흥,-2.2,88,0.0,0,,1019.2,1025.9,,,0,0,-3.7
2024-01-14 03:00,262,고흥,-2.0,85,0.1,0,,1019.3,1026.0,,,0,0,-3.8
2024-01-14 04:00,262,고흥,-2.5,90,0.0,0,,1018.5,1025.2,,,0,0,-3.9
2024-01-14 05:00,262,고흥,-2.6,89,0.0,0,,1018.5,1025.2,,,0,0,-3.9
2024-01-14 06:00,262,고흥,-1.9,90,0.0,0,,1018.1,1024.8,,,0,0,-3.9
2024-01-14 07:00,262,고흥,-2.1,91,0.1,0,,1018.1,1024.8,,,0,0,-4.0
2024-01-14 08:00,262,고흥,-1.9,92,0.3,0,,1018.1,1024.8,0.0,,0,0,-3.5
2024-01-14 09:00,262,고흥,0.5,83,0.0,0,,1017.9,1024.5,0.4,,0,0,-1.3
2024-01-14 10:00,262,고흥,6.8,66,0.2,0,,1017.7,1024.1,1.0,,0,0,3.5
2024-01-14 11:00,262,고흥,10.3,56,1.5,320,,1017.0,1023.3,1.0,,0,0,14.8
2024-01-14 12:00,262,고흥,14.1,52,1.1,250,,1016.0,1022.2,0.8,,7,7,21.6
2024-01-14 13:00,262,고흥,14.1,55,3.4,290,,1014.8,1021.0,1.0,,4,0,23.9
2024-01-14 14:00,262,고흥,15.3,56,3.5,230,,1014.1,1020.3,1.0,,0,0,23.3
2024-01-14 15:00,262,고흥,15.6,55,3.2,290,,1013.2,1019.4,1.0,,3,0,20.9
2024-01-14 16:00,262,고흥,15.1,61,1.3,270,,1012.8,1019.0,0.7,,6,6,16.0
2024-01-14 17:00,262,고흥,14.0,66,1.2,200,,1012.9,1019.1,0.5,,4,4,10.7
2024-01-14 18:00,262,고흥,13.6,73,1.2,160,,1012.8,1019.0,0.0,,8,8,9.0
2024-01-14 19:00,262,고흥,13.4,76,1.1,200,,1012.7,1018.9,,,8,8,8.5
2024-01-14 20:00,262,고흥,13.1,79,1.6,270,,1012.9,1019.1,,,8,8,8.8
2024-01-14 21:00,262,고흥,10.6,79,3.8,320,0.0,1013.5,1019.8,,,9,9,7.7
2024-01-14 22:00,262,고흥,8.9,80,3.6,290,,1013.7,1020.0,,,9,6,5.8
2024-01-14 23:00,262,고흥,7.7,80,4.1,290,,1014.1,1020.5,,,8,4,4.4
2024-01-15 00:00,262,고흥,6.8,77,2.9,290,,1014.7,1021.1,,,8,8,3.8
2024-01-15 01:00,262,고흥,5.3,77,3.2,320,,1014.8,1021.3,,,0,0,1.6
2024-01-15 02:00,262,고흥,4.0,77,2.9,320,,1015.5,1022.0,,,0,0,0.3
2024-01-15 03:00,262,고흥,3.3,76,3.5,290,,1015.9,1022.4,,,0,0,-0.4
2024-01-15 04:00,262,고흥,2.5,75,4.2,320,,1016.4,1022.9,,,0,0,-1.1
2024-01-15 05:00,262,고흥,1.6,74,4.1,320,,1016.9,1023.5,,,0,0,-1.1
2024-01-15 06:00,262,고흥,0.7,74,4.1,320,,1017.5,1024.1,,,0,0,-1.8
2024-01-15 07:00,262,고흥,0.6,68,4.7,320,,1018.5,1025.1,,,0,0,-2.3
2024-01-15 08:00,262,고흥,0.0,66,3.2,320,,1019.4,1026.0,0.0,,0,0,-2.6
2024-01-15 09:00,262,고흥,1.0,60,3.5,320,,1020.4,1027.0,0.4,,0,0,-1.2
2024-01-15 10:00,262,고흥,2.1,50,4.8,320,,1020.5,1027.1,1.0,,0,0,1.6
2024-01-15 11:00,262,고흥,4.1,41,2.2,290,,1020.9,1027.4,1.0,,0,0,13.1
2024-01-15 12:00,262,고흥,4.9,38,4.2,320,,1019.9,1026.4,1.0,,0,0,16.1
2024-01-15 13:00,262,고흥,6.9,32,4.3,320,,1019.4,1025.8,1.0,,0,0,19.9
2024-01-15 14:00,262,고흥,6.9,31,3.2,290,,1019.1,1025.5,1.0,,1,0,20.4
2024-01-15 15:00,262,고흥,7.4,28,5.8,290,,1018.7,1025.1,1.0,,0,0,15.6
2024-01-15 16:00,262,고흥,7.4,27,6.6,320,,1018.8,1025.2,1.0,,0,0,11.7
2024-01-15 17:00,262,고흥,5.9,32,5.3,320,,1019.7,1026.2,0.8,,0,0,3.2
2024-01-15 18:00,262,고흥,4.9,33,2.8,340,,1020.7,1027.2,0.0,,0,0,0.4
2024-01-15 19:00,262,고흥,4.2,33,2.9,340,,1021.5,1028.0,,,0,0,-0.7
2024-01-15 20:00,262,고흥,3.3,36,0.8,340,,1022.2,1028.7,,,0,0,-1.6
2024-01-15 21:00,262,고흥,1.8,42,0.8,360,,1022.8,1029.4,,,0,0,-2.2
2024-01-15 22:00,262,고흥,2.0,43,1.6,340,,1022.6,1029.2,,,0,0,-2.3
2024-01-15 23:00,262,고흥,1.4,45,1.3,360,,1022.6,1029.2,,,0,0,-2.8
2024-01-16 00:00,262,고흥,-0.9,57,0.6,320,,1022.7,1029.4,,,0,0,-3.5
2024-01-16 01:00,262,고흥,0.1,50,0.6,340,,1022.0,1028.6,,,0,0,-3.9
2024-01-16 02:00,262,고흥,-0.9,54,0.5,70,,1022.3,1029.0,,,0,0,-4.2
2024-01-16 03:00,262,고흥,-1.6,57,0.5,360,,1022.6,1029.3,,,0,0,-4.6
2024-01-16 04:00,262,고흥,-2.7,64,0.3,0,,1022.9,1029.6,,,0,0,-5.1
2024-01-16 05:00,262,고흥,-2.8,66,0.0,0,,1023.2,1029.9,,,0,0,-5.4
2024-01-16 06:00,262,고흥,-4.0,75,0.1,0,,1023.8,1030.5,,,1,0,-5.8
2024-01-16 07:00,262,고흥,-4.8,80,0.0,0,,1024.2,1031.0,,,0,0,-5.9
2024-01-16 08:00,262,고흥,-4.8,76,0.1,0,,1024.6,1031.4,0.0,,0,0,-5.7
2024-01-16 09:00,262,고흥,-1.3,65,0.1,0,,1025.1,1031.8,0.4,,0,0,-3.1
2024-01-16 10:00,262,고흥,4.4,36,0.8,140,,1025.8,1032.3,1.0,,1,0,2.6
2024-01-16 11:00,262,고흥,6.8,27,1.2,200,,1026.1,1032.6,1.0,,3,0,12.5
2024-01-16 12:00,262,고흥,8.0,32,1.8,320,,1025.7,1032.1,1.0,,0,0,20.4
2024-01-16 13:00,262,고흥,8.8,30,2.9,340,,1024.6,1031.0,1.0,,5,0,22.5
2024-01-16 14:00,262,고흥,8.3,31,2.3,340,,1024.4,1030.8,0.9,,6,1,13.6
2024-01-16 15:00,262,고흥,9.0,29,1.0,20,,1024.6,1031.0,0.7,,10,7,16.4
2024-01-16 16:00,262,고흥,8.8,30,0.7,50,,1024.9,1031.3,0.6,,8,3,10.9
2024-01-16 17:00,262,고흥,8.0,32,1.0,110,,1025.3,1031.7,0.3,,8,1,5.8
2024-01-16 18:00,262,고흥,5.5,49,0.0,0,,1025.7,1032.2,0.0,,7,5,2.9
2024-01-16 19:00,262,고흥,3.9,51,0.0,0,,1025.8,1032.3,,,6,5,0.1
2024-01-16 20:00,262,고흥,2.1,57,0.1,0,,1026.0,1032.6,,,8,8,-1.2
2024-01-16 21:00,262,고흥,0.6,66,0.6,340,,1026.1,1032.7,,,3,0,-1.6
2024-01-16 22:00,262,고흥,0.1,68,0.0,0,,1025.6,1032.3,,,5,2,-1.9
2024-01-16 23:00,262,고흥,-0.1,74,0.0,0,,1025.4,1032.1,,,0,0,-1.3
2024-01-17 00:00,262,고흥,1.1,73,0.1,0,,1024.8,1031.4,,,9,9,-0.5
2024-01-17 01:00,262,고흥,2.9,62,0.2,0,,1024.6,1031.2,,,9,9,0.9
2024-01-17 02:00,262,고흥,2.6,68,0.1,0,,1023.8,1030.4,,,10,9,0.3
2024-01-17 03:00,262,고흥,2.6,67,0.5,180,,1023.7,1030.3,,,3,3,-0.6
2024-01-17 04:00,262,고흥,1.7,72,0.2,0,,1023.0,1029.6,,,4,4,-0.8
2024-01-17 05:00,262,고흥,2.7,68,0.4,0,,1022.9,1029.5,,,9,2,0.1
2024-01-17 06:00,262,고흥,3.3,70,0.8,180,,1022.6,1029.1,,,9,3,0.8
2024-01-17 07:00,262,고흥,3.6,72,0.0,0,,1022.3,1028.8,,,9,8,1.5
2024-01-17 08:00,262,고흥,4.4,71,0.8,180,,1022.4,1028.9,0.0,,9,1,2.1
2024-01-17 09:00,262,고흥,5.5,69,0.4,0,,1022.4,1028.9,0.0,,9,0,4.7
2024-01-17 10:00,262,고흥,7.6,65,0.1,0,,1022.7,1029.1,0.0,,10,10,6.6
2024-01-17 11:00,262,고흥,9.5,62,0.4,0,,1022.0,1028.4,0.0,,10,10,10.9
2024-01-17 12:00,262,고흥,9.0,71,0.5,250,0.0,1020.5,1026.9,0.0,,10,10,7.7
2024-01-17 13:00,262,고흥,9.6,71,0.7,230,,1019.1,1025.5,0.0,,9,9,10.5
2024-01-17 14:00,262,고흥,8.9,75,1.4,340,,1018.1,1024.5,0.0,,10,2,11.0
2024-01-17 15:00,262,고흥,9.6,74,0.9,340,0.0,1017.7,1024.0,0.0,,9,8,9.6
2024-01-17 16:00,262,고흥,9.8,74,0.6,20,,1017.2,1023.5,0.0,,9,9,8.1
2024-01-17 17:00,262,고흥,9.9,73,1.3,50,,1016.9,1023.3,0.0,,8,8,8.3
2024-01-17 18:00,262,고흥,9.7,73,0.3,0,,1017.0,1023.3,0.0,,8,8,6.1
2024-01-17 19:00,262,고흥,8.9,77,0.1,0,,1017.1,1023.5,,,9,4,5.5
2024-01-17 20:00,262,고흥,9.6,76,0.7,90,,1016.9,1023.2,,,10,10,5.8
2024-01-17 21:00,262,고흥,8.4,81,0.1,0,,1016.5,1022.9,,,10,4,5.4
2024-01-17 22:00,262,고흥,8.3,83,0.0,0,,1016.5,1022.9,,,9,9,5.3
2024-01-17 23:00,262,고흥,8.1,85,0.0,0,,1015.9,1022.3,,,10,0,5.2
2024-01-18 00:00,262,고흥,7.8,86,0.1,0,,1015.3,1021.7,,,10,10,5.3
2024-01-18 01:00,262,고흥,7.8,88,0.1,0,,1015.2,1021.6,,,10,3,5.5
2024-01-18 02:00,262,고흥,8.0,89,0.0,0,,1014.5,1020.9,,,10,1,5.5
2024-01-18 03:00,262,고흥,8.1,89,0.3,0,0.0,1014.2,1020.6,,,10,2,5.9
2024-01-18 04:00,262,고흥,8.4,91,0.7,140,,1014.0,1020.4,,,10,8,6.1
2024-01-18 05:00,262,고흥,10.1,95,0.3,0,,1013.6,1019.9,,,10,2,6.5
2024-01-18 06:00,262,고흥,11.7,96,1.3,70,0.0,1013.6,1019.9,,,8,3,6.9
2024-01-18 07:00,262,고흥,13.2,89,2.3,250,,1013.9,1020.1,,,9,2,9.0
2024-01-18 08:00,262,고흥,11.9,90,1.5,320,,1014.5,1020.8,0.0,,10,9,8.5
2024-01-18 09:00,262,고흥,11.0,92,0.2,0,0.0,1014.5,1020.8,0.0,,10,2,8.9
2024-01-18 10:00,262,고흥,12.0,86,0.7,250,,1015.2,1021.5,0.0,,10,1,9.4
2024-01-18 11:00,262,고흥,12.0,87,2.2,290,,1014.8,1021.1,0.0,,10,4,11.1
2024-01-18 12:00,262,고흥,11.5,88,2.4,290,0.0,1014.5,1020.8,0.0,,10,6,10.4
2024-01-18 13:00,262,고흥,11.3,89,2.1,270,,1014.1,1020.4,0.0,,10,2,10.9
2024-01-18 14:00,262,고흥,11.1,91,1.4,320,,1013.6,1019.9,0.0,,10,4,11.2
2024-01-18 15:00,262,고흥,11.6,86,0.5,320,0.0,1013.2,1019.5,0.0,,10,3,12.4
2024-01-18 16:00,262,고흥,11.0,89,0.8,340,,1013.6,1019.9,0.0,,9,2,9.5
2024-01-18 17:00,262,고흥,10.4,93,1.2,200,,1014.5,1020.8,0.0,,10,2,8.6
2024-01-18 18:00,262,고흥,9.8,96,0.8,340,0.3,1014.7,1021.0,0.0,,10,9,7.8
2024-01-18 19:00,262,고흥,9.8,97,1.5,110,,1015.3,1021.6,,,10,10,7.8
2024-01-18 20:00,262,고흥,10.1,98,0.3,0,,1015.5,1021.8,,,10,8,7.8
2024-01-18 21:00,262,고흥,10.2,98,0.5,340,2.3,1016.4,1022.7,,,10,10,7.9
2024-01-18 22:00,262,고흥,10.6,96,1.0,70,,1016.8,1023.1,,,10,10,8.0
2024-01-18 23:00,262,고흥,9.6,96,1.8,20,,1017.2,1023.5,,,10,9,7.6
2024-01-19 00:00,262,고흥,9.1,95,2.2,50,0.9,1017.5,1023.9,,,10,9,7.2
2024-01-19 01:00,262,고흥,9.0,91,3.3,70,,1017.4,1023.8,,,10,9,6.8
2024-01-19 02:00,262,고흥,8.6,90,2.3,50,,1017.7,1024.1,,,10,10,6.5
2024-01-19 03:00,262,고흥,8.3,90,2.2,70,,1018.2,1024.6,,,10,10,6.3
2024-01-19 04:00,262,고흥,7.8,92,2.0,70,,1018.3,1024.7,,,7,7,6.0
2024-01-19 05:00,262,고흥,7.5,90,2.5,70,,1018.2,1024.6,,,9,5,5.7
2024-01-19 06:00,262,고흥,7.3,91,2.4,50,0.4,1018.5,1024.9,,,9,6,5.6
2024-01-19 07:00,262,고흥,7.2,89,3.3,50,,1019.0,1025.4,,,9,6,5.4
2024-01-19 08:00,262,고흥,7.2,85,3.2,70,,1019.9,1026.3,0.0,,9,2,5.3
2024-01-19 09:00,262,고흥,7.2,84,2.8,90,,1020.3,1026.7,0.0,,10,10,5.9
2024-01-19 10:00,262,고흥,7.8,78,2.4,70,,1020.4,1026.8,0.0,,9,9,7.4
2024-01-19 11:00,262,고흥,8.2,77,1.7,70,,1020.5,1026.9,0.0,,10,9,8.6
2024-01-19 12:00,262,고흥,7.9,79,1.4,50,0.0,1020.2,1026.6,0.0,,10,10,7.9
2024-01-19 13:00,262,고흥,8.2,81,1.7,50,,1019.3,1025.7,0.0,,9,9,10.1
2024-01-19 14:00,262,고흥,8.5,77,1.9,70,,1018.5,1024.9,0.0,,10,9,11.4
2024-01-19 15:00,262,고흥,8.9,75,2.4,50,0.0,1018.1,1024.5,0.0,,10,1,11.8
2024-01-19 16:00,262,고흥,8.5,74,2.7,70,,1018.1,1024.5,0.0,,10,1,8.3
2024-01-19 17:00,262,고흥,8.5,71,1.4,70,,1018.4,1024.8,0.0,,10,10,7.3
2024-01-19 18:00,262,고흥,8.3,70,2.5,90,0.0,1018.6,1025.0,0.0,,9,9,5.8
2024-01-19 19:00,262,고흥,8.4,68,2.5,90,,1019.1,1025.5,,,9,7,5.7
2024-01-19 20:00,262,고흥,8.3,67,2.1,70,,1019.1,1025.5,,,10,6,5.4
2024-01-19 21:00,262,고흥,8.3,67,2.3,70,,1019.2,1025.6,,,10,4,5.4
2024-01-19 22:00,262,고흥,8.0,71,2.1,70,,1019.2,1025.6,,,8,1,5.1
2024-01-19 23:00,262,고흥,7.9,73,2.5,50,,1019.0,1025.4,,,10,1,5.3
2024-01-20 00:00,262,고흥,8.2,72,3.1,70,,1019.1,1025.5,,,10,9,5.4
2024-01-20 01:00,262,고흥,8.3,72,2.4,50,,1018.9,1025.3,,,10,10,5.3
2024-01-20 02:00,262,고흥,8.4,73,2.2,50,,1018.6,1025.0,,,10,9,5.4
2024-01-20 03:00,262,고흥,8.4,75,2.3,50,,1018.3,1024.7,,,10,10,5.5
2024-01-20 04:00,262,고흥,8.3,76,2.4,50,,1017.3,1023.7,,,10,10,5.4
2024-01-20 05:00,262,고흥,8.5,75,2.5,70,,1016.8,1023.2,,,10,10,5.5
2024-01-20 06:00,262,고흥,8.5,75,3.1,70,0.0,1016.4,1022.8,,,10,10,5.6
2024-01-20 07:00,262,고흥,8.4,76,2.2,50,,1016.3,1022.7,,,10,10,5.4
2024-01-20 08:00,262,고흥,8.0,81,1.5,70,,1016.5,1022.9,0.0,,10,10,5.5
2024-01-20 09:00,262,고흥,7.9,83,1.9,70,0.0,1016.2,1022.6,0.0,,10,4,6.1
2024-01-20 10:00,262,고흥,7.7,86,2.2,50,,1016.3,1022.7,0.0,,10,2,6.3
2024-01-20 11:00,262,고흥,7.7,89,2.6,50,,1016.1,1022.5,0.0,,9,4,7.2
2024-01-20 12:00,262,고흥,7.8,89,3.0,70,3.1,1014.5,1020.9,0.0,,9,9,7.8
2024-01-20 13:00,262,고흥,7.7,91,2.3,50,,1013.7,1020.1,0.0,,10,10,7.5
2024-01-20 14:00,262,고흥,7.4,92,2.7,70,,1012.6,1019.0,0.0,,10,10,6.6
2024-01-20 15:00,262,고흥,7.1,91,4.4,70,6.6,1012.4,1018.8,0.0,,9,9,6.1
2024-01-20 16:00,262,고흥,7.0,91,3.0,70,,1012.7,1019.1,0.0,,10,10,5.8
2024-01-20 17:00,262,고흥,6.7,92,3.1,50,,1012.4,1018.8,0.0,,10,10,5.5
2024-01-20 18:00,262,고흥,6.7,91,3.5,70,7.8,1012.4,1018.8,0.0,,10,10,5.2
2024-01-20 19:00,262,고흥,6.5,90,3.5,70,,1012.5,1018.9,,,10,9,4.9
2024-01-20 20:00,262,고흥,6.2,93,2.6,20,,1013.0,1019.4,,,10,2,4.7
2024-01-20 21:00,262,고흥,6.2,92,3.1,50,8.2,1013.2,1019.6,,,10,4,4.7
2024-01-20 22:00,262,고흥,6.4,89,2.2,50,,1013.6,1020.0,,,10,10,4.7
2024-01-20 23:00,262,고흥,6.5,88,2.7,50,,1013.7,1020.1,,,10,9,4.6
2024-01-21 00:00,262,고흥,6.5,89,1.5,50,0.7,1013.6,1020.0,,,9,9,4.6
2024-01-21 01:00,262,고흥,6.8,86,2.7,70,,1013.5,1019.9,,,2,2,4.7
2024-01-21 02:00,262,고흥,6.9,85,0.7,360,,1014.0,1020.4,,,8,4,4.8
2024-01-21 03:00,262,고흥,7.1,83,1.7,360,,1014.0,1020.4,,,8,8,4.8
2024-01-21 04:00,262,고흥,7.1,83,0.8,20,,1014.1,1020.5,,,7,7,4.8
2024-01-21 05:00,262,고흥,6.2,95,0.1,0,,1014.7,1021.1,,,10,10,4.9
2024-01-21 06:00,262,고흥,5.9,97,0.0,0,0.6,1015.0,1021.4,,,10,10,4.7
2024-01-21 07:00,262,고흥,5.8,98,0.0,0,,1015.6,1022.0,,,0,0,4.6
2024-01-21 08:00,262,고흥,6.0,99,0.1,0,,1016.5,1022.9,0.0,,7,7,4.9
2024-01-21 09:00,262,고흥,6.6,99,0.1,0,0.0,1017.3,1023.7,0.0,,5,5,6.1
2024-01-21 10:00,262,고흥,7.9,95,0.2,0,,1017.8,1024.2,0.0,,9,8,9.4
2024-01-21 11:00,262,고흥,9.5,87,0.3,0,,1017.6,1023.9,0.0,,9,9,11.8
2024-01-21 12:00,262,고흥,10.7,69,0.9,340,,1016.8,1023.1,0.2,,8,7,16.1
2024-01-21 13:00,262,고흥,10.6,73,1.8,340,,1016.4,1022.7,0.2,,8,2,13.2
2024-01-21 14:00,262,고흥,9.9,77,1.7,290,,1016.4,1022.8,0.0,,9,9,10.2
2024-01-21 15:00,262,고흥,9.5,81,2.6,290,,1016.8,1023.1,0.0,,9,9,9.4
2024-01-21 16:00,262,고흥,8.0,89,2.6,320,,1017.3,1023.7,0.0,,9,7,8.3
2024-01-21 17:00,262,고흥,8.1,85,3.8,320,,1017.6,1024.0,0.0,,9,9,7.0
2024-01-21 18:00,262,고흥,7.5,86,1.6,320,,1018.3,1024.7,0.0,,6,6,6.3
2024-01-21 19:00,262,고흥,6.8,83,3.2,290,,1018.6,1025.0,,,9,2,5.5
2024-01-21 20:00,262,고흥,6.0,84,2.2,340,,1018.7,1025.2,,,9,9,5.1
2024-01-21 21:00,262,고흥,5.7,84,2.6,320,,1019.3,1025.8,,,8,8,4.7
2024-01-21 22:00,262,고흥,5.5,83,3.6,320,,1019.5,1026.0,,,10,10,4.3
2024-01-21 23:00,262,고흥,4.8,82,3.1,320,,1019.5,1026.0,,,9,9,3.8
2024-01-22 00:00,262,고흥,4.3,79,4.0,340,,1019.5,1026.0,,,10,10,3.4
2024-01-22 01:00,262,고흥,3.6,79,3.4,340,,1019.8,1026.3,,,10,10,2.9
2024-01-22 02:00,262,고흥,2.9,77,3.9,340,,1019.8,1026.3,,,9,9,2.3
2024-01-22 03:00,262,고흥,2.5,72,4.0,340,,1020.0,1026.5,,,9,9,1.4
2024-01-22 04:00,262,고흥,2.3,66,5.4,320,,1019.8,1026.4,,,9,9,0.7
2024-01-22 05:00,262,고흥,1.7,65,6.4,320,,1019.7,1026.3,,,9,9,-0.1
2024-01-22 06:00,262,고흥,1.3,65,4.9,340,,1019.6,1026.2,,,8,8,0.0
2024-01-22 07:00,262,고흥,0.7,65,4.9,340,,1019.5,1026.1,,,4,4,-0.4
2024-01-22 08:00,262,고흥,0.5,66,5.0,340,,1020.0,1026.6,0.0,,10,8,-0.3
2024-01-22 09:00,262,고흥,0.2,67,4.8,340,,1020.5,1027.1,0.0,,8,8,0.4
2024-01-22 10:00,262,고흥,0.0,66,4.0,340,,1020.9,1027.5,0.2,,9,9,1.1
2024-01-22 11:00,262,고흥,0.4,59,4.8,320,,1021.2,1027.8,0.9,,9,7,5.7
2024-01-22 12:00,262,고흥,-0.1,57,5.0,340,,1020.4,1027.0,0.7,,8,8,4.5
2024-01-22 13:00,262,고흥,0.5,53,6.2,320,,1019.7,1026.3,0.8,,8,8,7.9
2024-01-22 14:00,262,고흥,-0.2,54,6.0,340,,1019.2,1025.8,0.7,,9,9,5.2
2024-01-22 15:00,262,고흥,-0.4,54,5.6,340,,1019.4,1026.0,0.5,,9,6,2.9
2024-01-22 16:00,262,고흥,-0.9,53,5.2,340,,1019.7,1026.3,0.2,,9,9,0.4
2024-01-22 17:00,262,고흥,-1.0,54,5.2,320,,1020.1,1026.7,0.3,,8,8,-0.3
2024-01-22 18:00,262,고흥,-1.9,64,4.4,340,,1021.3,1028.0,0.0,,2,2,-1.2
2024-01-22 19:00,262,고흥,-2.0,60,4.6,340,,1021.3,1028.0,,,3,3,-1.8
2024-01-22 20:00,262,고흥,-2.3,66,3.1,340,,1020.9,1027.6,,,8,8,-2.0
2024-01-22 21:00,262,고흥,-2.4,71,3.4,340,,1021.5,1028.2,,,10,10,-1.9
2024-01-22 22:00,262,고흥,-2.6,75,3.7,340,,1021.2,1027.9,,,10,10,-2.0
2024-01-22 23:00,262,고흥,-2.7,76,4.4,320,,1020.9,1027.6,,,10,10,-1.4
2024-01-23 00:00,262,고흥,-2.9,71,2.9,340,,1020.1,1026.8,,,10,9,-1.6
2024-01-23 01:00,262,고흥,-2.9,66,3.5,320,,1020.6,1027.3,,,9,6,-1.9
2024-01-23 02:00,262,고흥,-2.9,63,3.9,340,,1020.8,1027.5,,,7,2,-3.3
2024-01-23 03:00,262,고흥,-3.2,67,3.1,340,,1020.8,1027.5,,,8,3,-4.4
2024-01-23 04:00,262,고흥,-3.4,78,2.4,340,,1020.4,1027.1,,,9,9,-3.2
2024-01-23 05:00,262,고흥,-3.8,72,3.2,340,,1020.2,1026.9,,,8,8,-3.9
2024-01-23 06:00,262,고흥,-4.0,78,1.6,360,,1020.1,1026.8,,,7,7,-3.7
2024-01-23 07:00,262,고흥,-3.7,70,2.7,340,,1020.2,1026.9,,,8,8,-4.8
2024-01-23 08:00,262,고흥,-3.5,67,2.7,340,,1020.3,1027.0,0.0,,7,7,-3.9
2024-01-23 09:00,262,고흥,-2.9,66,3.2,340,,1020.6,1027.3,0.4,,8,8,-1.9
2024-01-23 10:00,262,고흥,-2.9,67,4.8,320,,1020.6,1027.3,0.4,,8,8,-0.8
2024-01-23 11:00,262,고흥,-1.6,65,4.4,340,,1020.6,1027.3,0.8,,8,8,1.7
2024-01-23 12:00,262,고흥,-1.8,60,4.5,320,,1019.6,1026.3,0.5,,8,8,2.8
2024-01-23 13:00,262,고흥,-1.1,57,4.8,340,,1018.4,1025.0,0.5,,8,8,4.0
2024-01-23 14:00,262,고흥,-0.8,57,4.7,320,,1017.4,1024.0,0.4,,8,8,3.8
2024-01-23 15:00,262,고흥,-0.7,59,4.1,340,,1017.3,1023.9,0.6,,8,8,7.5
2024-01-23 16:00,262,고흥,-1.2,56,4.7,340,,1017.3,1023.9,0.7,,6,6,3.4
2024-01-23 17:00,262,고흥,-2.1,59,4.6,340,,1017.4,1024.1,0.4,,6,6,-1.2
2024-01-23 18:00,262,고흥,-2.5,66,3.0,340,,1017.7,1024.4,0.0,,4,4,-1.6
2024-01-23 19:00,262,고흥,-3.0,75,3.2,340,,1018.1,1024.8,,,6,6,-2.4
2024-01-23 20:00,262,고흥,-2.6,74,3.0,340,,1018.1,1024.8,,,5,5,-2.9
2024-01-23 21:00,262,고흥,-2.4,71,3.9,340,,1018.1,1024.8,,,6,6,-3.4
2024-01-23 22:00,262,고흥,-2.4,67,4.3,340,,1018.2,1024.9,,,6,6,-4.5
2024-01-23 23:00,262,고흥,-2.5,66,3.5,340,,1018.7,1025.4,,,7,7,-4.5
2024-01-24 00:00,262,고흥,-2.6,69,3.5,340,,1018.6,1025.3,,,6,6,-4.2
2024-01-24 01:00,262,고흥,-2.8,70,4.1,340,,1017.8,1024.5,,,2,2,-5.2
2024-01-24 02:00,262,고흥,-2.8,71,3.9,340,,1018.1,1024.8,,,2,2,-4.9
2024-01-24 03:00,262,고흥,-3.1,70,3.9,320,,1018.2,1024.9,,,0,0,-6.1
2024-01-24 04:00,262,고흥,-3.2,70,4.0,320,,1018.3,1025.0,,,4,4,-5.7
2024-01-24 05:00,262,고흥,-3.5,71,4.1,320,,1018.2,1024.9,,,3,1,-6.6
2024-01-24 06:00,262,고흥,-3.4,73,4.3,320,,1018.2,1024.9,,,4,2,-6.5
2024-01-24 07:00,262,고흥,-3.4,73,4.1,320,,1018.5,1025.2,,,6,6,-6.3
2024-01-24 08:00,262,고흥,-2.7,72,5.3,320,,1018.7,1025.4,0.0,,0,0,-5.5
2024-01-24 09:00,262,고흥,-1.7,70,5.2,320,,1019.0,1025.7,0.3,,6,6,-2.5
2024-01-24 10:00,262,고흥,-0.8,66,5.0,320,,1019.4,1026.0,0.8,,7,6,1.0
2024-01-24 11:00,262,고흥,0.0,63,4.3,340,,1019.8,1026.4,0.9,,7,7,0.9
2024-01-24 12:00,262,고흥,0.1,57,5.8,340,,1019.0,1025.6,0.9,,7,5,3.2
2024-01-24 13:00,262,고흥,1.1,53,5.8,320,,1018.3,1024.9,1.0,,6,6,10.9
2024-01-24 14:00,262,고흥,1.5,49,4.1,340,,1017.7,1024.3,1.0,,6,4,10.6
2024-01-24 15:00,262,고흥,1.0,48,3.7,340,,1017.8,1024.4,1.0,,5,2,7.3
2024-01-24 16:00,262,고흥,0.7,50,5.2,320,,1018.2,1024.8,1.0,,3,0,5.8
2024-01-24 17:00,262,고흥,-0.4,56,3.9,320,,1018.8,1025.4,0.7,,3,1,-0.9
2024-01-24 18:00,262,고흥,-0.8,57,5.1,320,,1019.3,1025.9,0.0,,6,3,-2.1
2024-01-24 19:00,262,고흥,-1.0,63,3.6,320,,1020.0,1026.6,,,2,2,-3.2
2024-01-24 20:00,262,고흥,-1.1,64,4.3,320,,1019.9,1026.5,,,6,5,-3.6
2024-01-24 21:00,262,고흥,-1.0,63,2.8,340,,1019.8,1026.4,,,3,3,-4.3
2024-01-24 22:00,262,고흥,-1.0,62,2.0,360,,1020.2,1026.8,,,0,0,-4.4
2024-01-24 23:00,262,고흥,-0.9,61,3.1,340,,1020.6,1027.2,,,1,1,-4.7
2024-01-25 00:00,262,고흥,-1.0,62,3.0,340,,1020.7,1027.3,,,2,2,-5.0
2024-01-25 01:00,262,고흥,-1.2,61,3.5,340,,1020.4,1027.0,,,0,0,-5.2
2024-01-25 02:00,262,고흥,-1.8,61,2.1,340,,1020.8,1027.5,,,1,0,-6.1
2024-01-25 03:00,262,고흥,-2.6,64,1.7,340,,1021.2,1027.9,,,0,0,-6.8
2024-01-25 04:00,262,고흥,-3.2,64,1.2,340,,1021.2,1027.9,,,0,0,-7.7
2024-01-25 05:00,262,고흥,-4.0,69,0.4,0,,1021.1,1027.8,,,0,0,-8.0
2024-01-25 06:00,262,고흥,-2.9,66,2.2,320,,1021.4,1028.1,,,7,7,-6.7
2024-01-25 07:00,262,고흥,-3.0,68,1.5,340,,1021.8,1028.5,,,1,1,-7.6
2024-01-25 08:00,262,고흥,-3.0,69,1.3,340,,1022.1,1028.8,0.0,,0,0,-7.4
2024-01-25 09:00,262,고흥,-0.9,61,1.7,340,,1022.6,1029.3,0.5,,1,0,-2.5
2024-01-25 10:00,262,고흥,0.6,57,2.6,340,,1022.7,1029.3,1.0,,4,0,0.6
2024-01-25 11:00,262,고흥,2.0,53,4.2,320,,1022.4,1029.0,1.0,,3,0,3.3
2024-01-25 12:00,262,고흥,2.8,46,4.6,320,,1021.7,1028.3,1.0,,5,0,11.8
2024-01-25 13:00,262,고흥,4.3,43,3.9,290,,1020.9,1027.4,1.0,,1,0,14.9
2024-01-25 14:00,262,고흥,4.3,41,5.7,290,,1020.1,1026.6,1.0,,2,0,13.6
2024-01-25 15:00,262,고흥,4.5,38,5.4,290,,1020.3,1026.8,1.0,,1,1,11.7
2024-01-25 16:00,262,고흥,4.6,37,4.7,290,,1020.1,1026.6,1.0,,0,0,9.1
2024-01-25 17:00,262,고흥,3.4,42,3.5,320,,1020.8,1027.3,0.9,,0,0,1.3
2024-01-25 18:00,262,고흥,1.8,50,1.8,320,,1021.7,1028.3,0.0,,0,0,-1.2
2024-01-25 19:00,262,고흥,0.5,59,1.8,320,,1022.3,1028.9,,,0,0,-1.9
2024-01-25 20:00,262,고흥,0.1,62,2.7,320,,1022.6,1029.2,,,0,0,-2.8
2024-01-25 21:00,262,고흥,0.0,63,3.4,340,,1022.6,1029.2,,,0,0,-3.2
2024-01-25 22:00,262,고흥,0.1,64,3.1,320,,1023.2,1029.8,,,0,0,-3.5
2024-01-25 23:00,262,고흥,0.0,67,2.9,340,,1023.1,1029.7,,,0,0,-3.9
2024-01-26 00:00,262,고흥,-0.7,69,0.6,340,,1023.1,1029.8,,,0,0,-5.1
2024-01-26 01:00,262,고흥,-0.4,68,2.7,320,,1022.8,1029.4,,,0,0,-4.6
2024-01-26 02:00,262,고흥,-0.9,70,0.7,360,,1023.1,1029.8,,,0,0,-5.8
2024-01-26 03:00,262,고흥,0.0,60,1.5,340,,1022.6,1029.2,,,0,0,-5.3
2024-01-26 04:00,262,고흥,-1.1,67,0.6,180,,1022.4,1029.1,,,0,0,-6.4
2024-01-26 05:00,262,고흥,-1.2,69,0.2,0,,1022.2,1028.9,,,0,0,-6.8
2024-01-26 06:00,262,고흥,-0.2,64,0.6,360,,1022.1,1028.7,,,0,0,-6.1
2024-01-26 07:00,262,고흥,0.0,67,3.2,320,,1022.5,1029.1,,,0,0,-5.3
2024-01-26 08:00,262,고흥,0.7,69,2.5,340,,1022.4,1029.0,0.0,,0,0,-4.1
2024-01-26 09:00,262,고흥,2.2,65,2.0,320,,1023.0,1029.6,0.5,,0,0,-1.5
2024-01-26 10:00,262,고흥,3.9,58,2.6,340,,1023.0,1029.5,1.0,,0,0,1.3
2024-01-26 11:00,262,고흥,5.3,52,3.1,320,,1022.9,1029.4,1.0,,0,0,11.8
2024-01-26 12:00,262,고흥,6.6,48,2.3,340,,1022.2,1028.7,1.0,,0,0,17.4
2024-01-26 13:00,262,고흥,6.9,48,3.7,290,,1021.2,1027.6,1.0,,0,0,18.1
2024-01-26 14:00,262,고흥,7.5,47,5.5,290,,1020.9,1027.3,1.0,,0,0,16.4
2024-01-26 15:00,262,고흥,7.7,49,6.4,290,,1020.9,1027.3,1.0,,1,0,14.1
2024-01-26 16:00,262,고흥,7.6,49,6.0,290,,1020.9,1027.3,1.0,,1,0,10.7
2024-01-26 17:00,262,고흥,6.7,52,3.7,320,,1021.0,1027.5,0.9,,0,0,4.2
2024-01-26 18:00,262,고흥,5.3,56,2.6,320,,1021.7,1028.2,0.0,,0,0,0.9
2024-01-26 19:00,262,고흥,4.4,60,2.1,340,,1022.1,1028.6,,,0,0,-0.4
2024-01-26 20:00,262,고흥,3.2,66,1.4,340,,1021.8,1028.3,,,0,0,-1.1
2024-01-26 21:00,262,고흥,2.9,68,1.3,340,,1022.0,1028.6,,,0,0,-1.2
2024-01-26 22:00,262,고흥,2.8,66,1.9,340,,1022.1,1028.7,,,0,0,-1.4
2024-01-26 23:00,262,고흥,2.8,64,1.7,360,,1022.3,1028.9,,,0,0,-1.7
2024-01-27 00:00,262,고흥,1.4,70,1.4,340,,1022.0,1028.6,,,0,0,-2.6
2024-01-27 01:00,262,고흥,-0.6,80,0.3,0,,1021.8,1028.4,,,0,0,-3.6
2024-01-27 02:00,262,고흥,0.9,76,1.2,340,,1021.8,1028.4,,,0,0,-3.7
2024-01-27 03:00,262,고흥,1.7,70,1.0,340,,1021.4,1028.0,,,0,0,-3.7
2024-01-27 04:00,262,고흥,-0.6,81,0.3,0,,1021.4,1028.0,,,0,0,-4.5
2024-01-27 05:00,262,고흥,-1.8,88,0.3,0,,1021.3,1028.0,,,0,0,-5.0
2024-01-27 06:00,262,고흥,-2.0,88,0.3,0,,1021.4,1028.1,,,0,0,-5.3
2024-01-27 07:00,262,고흥,-1.3,88,0.3,0,,1021.8,1028.5,,,0,0,-5.5
2024-01-27 08:00,262,고흥,0.2,82,0.2,0,,1021.8,1028.4,0.0,,0,0,-4.6
2024-01-27 09:00,262,고흥,3.5,66,1.6,340,,1021.9,1028.4,0.5,,6,0,-0.8
2024-01-27 10:00,262,고흥,4.8,60,3.2,290,,1022.1,1028.6,1.0,,0,0,1.5
2024-01-27 11:00,262,고흥,6.2,54,4.0,290,,1022.2,1028.7,1.0,,0,0,11.6
2024-01-27 12:00,262,고흥,7.1,49,2.9,340,,1021.4,1027.8,1.0,,0,0,17.3
2024-01-27 13:00,262,고흥,8.4,46,3.6,320,,1020.0,1026.4,1.0,,0,0,18.8
2024-01-27 14:00,262,고흥,8.8,44,4.7,290,,1019.1,1025.5,1.0,,0,0,18.4
2024-01-27 15:00,262,고흥,9.1,42,3.5,340,,1018.7,1025.1,1.0,,5,0,17.8
2024-01-27 16:00,262,고흥,8.5,46,3.9,320,,1018.5,1024.9,1.0,,0,0,13.3
2024-01-27 17:00,262,고흥,7.6,47,3.6,320,,1018.5,1024.9,0.9,,0,0,5.3
2024-01-27 18:00,262,고흥,5.9,53,2.7,320,,1018.8,1025.3,0.0,,0,0,1.4
2024-01-27 19:00,262,고흥,5.6,51,3.7,320,,1019.3,1025.8,,,0,0,0.5
2024-01-27 20:00,262,고흥,4.4,58,1.7,340,,1019.2,1025.7,,,0,0,-0.8
2024-01-27 21:00,262,고흥,3.9,60,1.9,340,,1019.3,1025.8,,,6,4,-0.6
2024-01-27 22:00,262,고흥,3.6,60,1.6,340,,1019.1,1025.6,,,9,2,0.1
2024-01-27 23:00,262,고흥,2.4,63,0.4,0,,1019.1,1025.6,,,7,6,-1.5
2024-01-28 00:00,262,고흥,3.5,58,3.8,290,,1019.6,1026.1,,,6,4,-0.6
2024-01-28 01:00,262,고흥,2.4,62,2.8,320,,1019.7,1026.3,,,3,3,-1.4
2024-01-28 02:00,262,고흥,2.5,60,1.1,360,,1019.6,1026.1,,,7,7,-1.3
2024-01-28 03:00,262,고흥,0.0,76,0.1,0,,1019.8,1026.4,,,3,3,-2.3
2024-01-28 04:00,262,고흥,1.9,67,1.9,320,,1019.5,1026.1,,,0,0,-2.4
2024-01-28 05:00,262,고흥,1.5,70,1.0,360,,1019.3,1025.9,,,0,0,-3.0
2024-01-28 06:00,262,고흥,1.7,69,1.1,360,,1019.3,1025.9,,,0,0,-3.2
2024-01-28 07:00,262,고흥,2.0,71,2.9,290,,1020.3,1026.9,,,0,0,-2.7
2024-01-28 08:00,262,고흥,1.7,73,3.5,320,,1021.4,1028.0,0.0,,0,0,-2.1
2024-01-28 09:00,262,고흥,2.4,56,3.7,320,,1021.9,1028.5,0.5,,0,0,-0.8
2024-01-28 10:00,262,고흥,4.0,46,3.9,320,,1022.5,1029.0,1.0,,0,0,1.2
2024-01-28 11:00,262,고흥,5.4,46,2.9,340,,1022.6,1029.1,1.0,,0,0,13.8
2024-01-28 12:00,262,고흥,6.2,46,5.6,340,,1022.2,1028.7,1.0,,0,0,15.6
2024-01-28 13:00,262,고흥,6.6,46,4.8,320,,1021.6,1028.1,1.0,,0,0,17.2
2024-01-28 14:00,262,고흥,7.2,46,5.5,290,,1021.2,1027.6,1.0,,0,0,17.6
2024-01-28 15:00,262,고흥,7.9,41,4.5,320,,1020.8,1027.2,1.0,,0,0,17.1
2024-01-28 16:00,262,고흥,7.8,38,3.9,340,,1021.0,1027.4,1.0,,0,0,13.7
2024-01-28 17:00,262,고흥,6.7,45,3.2,340,,1022.2,1028.7,0.9,,0,0,4.8
2024-01-28 18:00,262,고흥,5.1,51,1.9,340,,1022.8,1029.3,0.0,,0,0,0.9
2024-01-28 19:00,262,고흥,4.0,56,3.5,320,,1023.2,1029.7,,,0,0,-0.4
2024-01-28 20:00,262,고흥,3.3,58,2.7,320,,1023.8,1030.4,,,0,0,-1.2
2024-01-28 21:00,262,고흥,2.1,64,1.9,320,,1023.9,1030.5,,,0,0,-1.6
2024-01-28 22:00,262,고흥,1.5,65,0.9,320,,1024.3,1030.9,,,0,0,-2.3
2024-01-28 23:00,262,고흥,0.5,68,0.7,360,,1024.4,1031.0,,,0,0,-3.0
2024-01-29 00:00,262,고흥,-1.4,80,0.1,0,,1024.2,1030.9,,,0,0,-3.9
2024-01-29 01:00,262,고흥,-1.2,78,0.1,0,,1023.6,1030.3,,,0,0,-4.3
2024-01-29 02:00,262,고흥,-2.4,84,0.0,0,,1023.8,1030.5,,,0,0,-5.1
2024-01-29 03:00,262,고흥,-2.7,88,0.3,0,,1024.0,1030.7,,,0,0,-5.2
2024-01-29 04:00,262,고흥,-3.0,87,0.2,0,,1024.2,1030.9,,,0,0,-5.6
2024-01-29 05:00,262,고흥,-2.7,84,0.1,0,,1023.9,1030.6,,,0,0,-5.9
2024-01-29 06:00,262,고흥,-0.7,76,0.7,340,,1024.0,1030.7,,,0,0,-5.5
2024-01-29 07:00,262,고흥,-0.7,75,0.5,340,,1024.5,1031.2,,,0,0,-5.6
2024-01-29 08:00,262,고흥,-0.3,73,1.0,340,,1025.0,1031.7,0.0,,0,0,-4.8
2024-01-29 09:00,262,고흥,1.6,65,3.2,320,,1025.0,1031.6,0.5,,0,0,-1.7
2024-01-29 10:00,262,고흥,2.9,59,3.5,320,,1025.1,1031.7,1.0,,0,0,0.8
2024-01-29 11:00,262,고흥,4.2,55,3.7,320,,1025.1,1031.6,1.0,,0,0,10.4
2024-01-29 12:00,262,고흥,5.2,49,3.2,290,,1024.4,1030.9,1.0,,0,0,16.7
2024-01-29 13:00,262,고흥,6.8,43,4.0,290,,1023.5,1030.0,1.0,,0,0,19.1
2024-01-29 14:00,262,고흥,7.3,42,4.2,290,,1023.0,1029.4,1.0,,0,0,19.7
2024-01-29 15:00,262,고흥,8.0,40,4.1,320,,1022.8,1029.2,1.0,,0,0,18.1
2024-01-29 16:00,262,고흥,8.2,40,3.5,290,,1022.5,1028.9,1.0,,0,0,14.6
2024-01-29 17:00,262,고흥,7.3,44,3.2,320,,1022.6,1029.0,0.9,,0,0,5.6
2024-01-29 18:00,262,고흥,5.5,46,1.6,340,,1022.9,1029.4,0.0,,0,0,0.8
2024-01-29 19:00,262,고흥,3.5,53,0.9,360,,1023.2,1029.7,,,0,0,-1.8
2024-01-29 20:00,262,고흥,0.5,69,0.4,0,,1023.8,1030.4,,,0,0,-2.1
2024-01-29 21:00,262,고흥,-0.5,73,0.2,0,,1024.0,1030.7,,,0,0,-3.0
2024-01-29 22:00,262,고흥,-1.5,80,0.3,0,,1024.1,1030.8,,,0,0,-3.6
2024-01-29 23:00,262,고흥,-2.4,82,0.2,0,,1024.1,1030.8,,,0,0,-4.3
2024-01-30 00:00,262,고흥,-2.9,87,0.1,0,,1024.1,1030.8,,,0,0,-4.8
2024-01-30 01:00,262,고흥,-3.1,86,0.4,0,,1023.9,1030.6,,,0,0,-5.1
2024-01-30 02:00,262,고흥,-3.8,87,0.0,0,,1023.8,1030.5,,,0,0,-5.7
2024-01-30 03:00,262,고흥,-4.1,90,0.0,0,,1023.8,1030.5,,,0,0,-6.0
2024-01-30 04:00,262,고흥,-4.0,91,0.1,0,,1023.3,1030.0,,,3,0,-6.1
2024-01-30 05:00,262,고흥,-4.7,92,0.1,0,,1023.2,1030.0,,,9,0,-6.0
2024-01-30 06:00,262,고흥,-3.9,90,0.0,0,,1023.0,1029.7,,,8,3,-4.8
2024-01-30 07:00,262,고흥,-3.1,89,0.2,0,,1023.7,1030.4,,,6,6,-5.2
2024-01-30 08:00,262,고흥,-3.4,90,0.1,0,,1024.0,1030.7,0.0,,7,1,-4.9
2024-01-30 09:00,262,고흥,-1.5,86,0.3,0,,1024.2,1030.9,0.2,,6,4,-2.5
2024-01-30 10:00,262,고흥,4.1,53,1.5,70,,1024.0,1030.5,1.0,,0,0,1.0
2024-01-30 11:00,262,고흥,7.6,46,1.0,90,,1023.5,1029.9,1.0,,0,0,13.0
2024-01-30 12:00,262,고흥,9.5,43,1.5,340,,1022.7,1029.1,1.0,,0,0,20.1
2024-01-30 13:00,262,고흥,10.0,32,1.0,200,,1021.9,1028.3,0.9,,6,0,17.6
2024-01-30 14:00,262,고흥,9.2,36,1.8,160,,1021.3,1027.7,0.0,,9,8,11.2
2024-01-30 15:00,262,고흥,8.7,44,1.5,160,,1020.9,1027.3,0.0,,10,9,10.4
2024-01-30 16:00,262,고흥,8.9,34,0.9,140,,1021.1,1027.5,0.1,,10,9,9.1
2024-01-30 17:00,262,고흥,8.4,47,1.0,180,,1021.0,1027.4,0.0,,10,2,6.8
2024-01-30 18:00,262,고흥,7.7,51,0.4,0,,1021.2,1027.6,0.0,,9,1,4.5
2024-01-30 19:00,262,고흥,6.6,56,0.1,0,,1021.2,1027.7,,,9,0,3.8
2024-01-30 20:00,262,고흥,6.1,64,0.3,0,,1021.0,1027.5,,,10,2,3.4
2024-01-30 21:00,262,고흥,5.7,72,0.0,0,,1020.7,1027.2,,,10,4,3.7
2024-01-30 22:00,262,고흥,6.3,65,0.2,0,,1020.1,1026.6,,,9,9,3.8
2024-01-30 23:00,262,고흥,5.2,88,0.3,0,,1020.0,1026.5,,,9,9,3.7
2024-01-31 00:00,262,고흥,4.7,95,0.4,0,0.4,1019.2,1025.7,,,9,9,3.8
2024-01-31 01:00,262,고흥,5.1,91,1.1,340,,1019.7,1026.2,,,10,10,3.7
2024-01-31 02:00,262,고흥,4.9,91,0.8,340,,1019.6,1026.1,,,10,10,3.6
2024-01-31 03:00,262,고흥,5.0,93,1.0,250,3.0,1019.0,1025.5,,,9,5,3.7
2024-01-31 04:00,262,고흥,5.0,91,0.7,140,,1018.0,1024.5,,,8,8,3.8
2024-01-31 05:00,262,고흥,5.3,89,0.4,0,,1017.4,1023.9,,,7,7,3.8
2024-01-31 06:00,262,고흥,5.7,90,0.8,180,,1017.6,1024.1,,,9,9,4.0
2024-01-31 07:00,262,고흥,6.2,90,1.0,320,,1017.7,1024.1,,,9,9,4.2
2024-01-31 08:00,262,고흥,6.5,90,0.9,50,,1018.2,1024.6,0.0,,9,9,4.5
2024-01-31 09:00,262,고흥,6.8,94,1.2,290,0.0,1018.2,1024.6,0.0,,9,6,5.4
2024-01-31 10:00,262,고흥,7.4,94,0.4,0,,1018.3,1024.7,0.0,,10,5,6.5
2024-01-31 11:00,262,고흥,8.5,89,0.9,360,,1018.0,1024.4,0.0,,10,3,10.9
2024-01-31 12:00,262,고흥,9.8,83,0.8,20,,1017.3,1023.6,0.0,,9,3,14.0
2024-01-31 13:00,262,고흥,12.4,71,1.1,140,,1016.3,1022.6,0.4,,8,7,20.5
2024-01-31 14:00,262,고흥,14.8,68,0.9,20,,1014.6,1020.8,1.0,,0,0,22.6
2024-01-31 15:00,262,고흥,14.6,66,1.5,320,,1014.4,1020.6,1.0,,8,0,20.2
2024-01-31 16:00,262,고흥,13.6,71,2.0,270,,1014.8,1021.0,0.9,,7,0,13.1
2024-01-31 17:00,262,고흥,13.2,75,0.7,180,,1014.6,1020.8,0.4,,6,5,11.3
2024-01-31 18:00,262,고흥,10.9,86,0.1,0,,1015.0,1021.3,0.0,,7,4,8.4
2024-01-31 19:00,262,고흥,9.5,91,0.1,0,,1015.5,1021.8,,,7,3,6.3
2024-01-31 20:00,262,고흥,8.9,94,0.5,70,,1015.7,1022.1,,,7,2,6.4
2024-01-31 21:00,262,고흥,9.0,96,0.0,0,0.1,1015.7,1022.1,,,10,0,6.7
2024-01-31 22:00,262,고흥,8.6,97,0.1,0,,1016.0,1022.4,,,10,8,6.6
2024-01-31 23:00,262,고흥,8.7,98,0.3,0,,1015.7,1022.1,,,10,10,6.5
