tm,stnId,stnNm,ta,hm,ws,wd,rn,pa,ps,ss,icsr,dc10Tca,dc10LmcsCa,ts
2025-06-01 00:00,112,인천,16.6,86,2.4,230,,1002.8,1010.9,,,6,0,17.7
2025-06-01 01:00,112,인천,16.2,87,2.9,230,,1002.7,1010.8,,,7,7,17.3
2025-06-01 02:00,112,인천,15.9,87,1.0,200,,1002.8,1011.0,,,7,7,17.0
2025-06-01 03:00,112,인천,15.9,89,1.5,180,,1002.8,1011.0,,,8,0,16.9
2025-06-01 04:00,112,인천,16.1,88,1.8,230,,1002.8,1010.9,,,9,8,16.8
2025-06-01 05:00,112,인천,16.1,89,1.9,200,,1003.2,1011.4,,,7,5,16.8
2025-06-01 06:00,112,인천,15.7,89,0.8,160,,1003.5,1011.7,0.1,0.05,3,3,16.4
2025-06-01 07:00,112,인천,16.7,88,1.3,160,,1003.4,1011.5,1.0,0.46,3,3,17.9
2025-06-01 08:00,112,인천,18.9,82,0.8,230,,1003.3,1011.4,1.0,1.1,1,0,20.3
2025-06-01 09:00,112,인천,18.6,78,2.8,230,,1003.6,1011.7,1.0,1.78,4,0,22.8
2025-06-01 10:00,112,인천,19.7,75,2.4,250,,1003.3,1011.3,1.0,2.38,4,0,27.0
2025-06-01 11:00,112,인천,21.3,69,1.8,230,,1003.1,1011.1,1.0,2.95,3,0,30.2
2025-06-01 12:00,112,인천,23.0,61,1.8,230,,1002.4,1010.3,1.0,3.31,2,0,32.5
2025-06-01 13:00,112,인천,23.6,59,2.4,230,,1001.8,1009.7,1.0,3.44,0,0,33.2
2025-06-01 14:00,112,인천,23.4,58,3.2,230,,1001.6,1009.5,1.0,3.37,3,0,32.8
2025-06-01 15:00,112,인천,23.8,61,3.5,230,,1001.3,1009.2,1.0,2.93,6,0,31.2
2025-06-01 16:00,112,인천,24.3,52,3.3,290,,1001.2,1009.1,1.0,2.44,5,0,29.2
2025-06-01 17:00,112,인천,23.3,55,2.5,290,,1000.7,1008.6,0.7,1.58,8,0,27.0
2025-06-01 18:00,112,인천,22.0,58,1.8,290,,1000.2,1008.1,0.2,0.75,8,0,24.9
2025-06-01 19:00,112,인천,21.4,58,0.3,0,,1000.1,1008.1,0.2,0.39,8,0,23.1
2025-06-01 20:00,112,인천,20.4,62,0.9,290,,1000.6,1008.6,0.0,0.06,7,0,21.4
2025-06-01 21:00,112,인천,19.6,71,2.5,230,,1000.3,1008.3,,,7,0,20.4
2025-06-01 22:00,112,인천,18.6,64,0.9,250,,1000.9,1009.0,,,9,0,19.4
2025-06-01 23:00,112,인천,18.3,60,1.5,250,,1000.5,1008.6,,,10,2,19.1
2025-06-02 00:00,112,인천,18.0,68,1.3,20,,999.8,1007.8,,,9,0,18.7
2025-06-02 01:00,112,인천,18.2,65,1.6,180,,999.2,1007.3,,,10,1,18.7
2025-06-02 02:00,112,인천,18.2,74,1.2,200,,999.0,1007.1,,,10,2,18.5
2025-06-02 03:00,112,인천,17.8,81,1.3,230,,998.6,1006.7,,,9,0,18.5
2025-06-02 04:00,112,인천,17.5,80,0.9,180,,998.5,1006.6,,,9,0,18.4
2025-06-02 05:00,112,인천,17.4,80,0.8,200,,998.3,1006.4,,,9,5,18.3
2025-06-02 06:00,112,인천,17.3,75,1.6,180,,998.4,1006.5,0.0,0.0,9,3,18.2
2025-06-02 07:00,112,인천,17.8,77,0.3,0,,998.2,1006.3,0.0,0.08,9,5,18.6
2025-06-02 08:00,112,인천,17.9,73,1.3,290,,997.8,1005.9,0.0,0.22,9,5,18.9
2025-06-02 09:00,112,인천,18.3,78,2.1,230,,998.2,1006.2,0.0,0.35,9,3,19.6
2025-06-02 10:00,112,인천,18.5,70,1.3,250,0.0,997.9,1005.9,0.0,0.57,10,3,20.4
2025-06-02 11:00,112,인천,18.8,66,1.4,340,0.0,997.8,1005.8,0.0,0.52,10,2,20.7
2025-06-02 12:00,112,인천,20.3,64,2.4,20,0.0,996.7,1004.7,0.0,0.9,10,2,22.3
2025-06-02 13:00,112,인천,21.4,54,0.6,160,0.0,996.9,1004.8,0.0,1.0,10,3,22.7
2025-06-02 14:00,112,인천,21.9,56,0.9,320,0.0,995.8,1003.7,0.0,0.94,9,3,23.4
2025-06-02 15:00,112,인천,22.2,57,1.0,270,,995.3,1003.2,0.0,0.92,10,10,22.9
2025-06-02 16:00,112,인천,19.5,72,2.7,200,,995.0,1003.0,0.0,0.58,10,10,21.7
2025-06-02 17:00,112,인천,19.9,68,1.9,340,,994.4,1002.4,0.0,0.4,10,10,21.5
2025-06-02 18:00,112,인천,19.6,67,0.8,320,,994.1,1002.1,0.0,0.38,10,10,21.0
2025-06-02 19:00,112,인천,19.5,67,0.4,0,,993.7,1001.7,0.0,0.26,10,7,20.6
2025-06-02 20:00,112,인천,18.7,70,1.5,200,,994.1,1002.1,0.0,0.07,10,7,19.6
2025-06-02 21:00,112,인천,18.3,71,1.4,230,,994.1,1002.1,,,10,10,19.2
2025-06-02 22:00,112,인천,18.4,68,1.5,320,,994.2,1002.2,,,10,10,18.9
2025-06-02 23:00,112,인천,18.2,72,2.0,320,,993.7,1001.7,,,10,10,18.7
2025-06-03 00:00,112,인천,18.3,74,0.8,90,,993.2,1001.1,,,10,10,18.6
2025-06-03 01:00,112,인천,18.6,75,0.9,320,,992.5,1000.5,,,10,10,18.5
2025-06-03 02:00,112,인천,18.5,79,1.4,290,,992.6,1000.6,,,10,10,18.4
2025-06-03 03:00,112,인천,18.1,77,0.7,270,,992.1,1000.1,,,9,9,18.1
2025-06-03 04:00,112,인천,17.6,82,1.5,20,,991.9,999.9,,,3,3,17.3
2025-06-03 05:00,112,인천,17.5,84,2.2,290,,992.2,1000.2,,,0,0,16.9
2025-06-03 06:00,112,인천,17.0,82,1.9,320,,992.4,1000.4,0.0,0.05,0,0,16.8
2025-06-03 07:00,112,인천,17.8,80,0.7,320,,992.6,1000.6,0.9,0.47,0,0,18.1
2025-06-03 08:00,112,인천,19.1,71,1.8,250,,992.7,1000.7,1.0,1.14,0,0,19.9
2025-06-03 09:00,112,인천,20.4,57,2.2,290,,992.4,1000.3,1.0,1.91,0,0,23.1
2025-06-03 10:00,112,인천,21.7,56,3.0,230,,992.3,1000.2,1.0,2.58,0,0,27.7
2025-06-03 11:00,112,인천,21.8,54,3.6,230,,992.3,1000.2,1.0,3.11,0,0,30.2
2025-06-03 12:00,112,인천,20.5,69,4.7,230,,992.3,1000.2,1.0,3.43,1,1,31.9
2025-06-03 13:00,112,인천,20.4,76,4.6,230,,992.2,1000.1,1.0,3.49,1,1,32.7
2025-06-03 14:00,112,인천,20.4,75,4.6,200,,991.8,999.7,0.9,3.3,2,2,33.1
2025-06-03 15:00,112,인천,20.4,78,4.0,200,,991.6,999.5,0.8,2.98,2,2,31.8
2025-06-03 16:00,112,인천,20.4,76,3.7,200,,991.6,999.5,1.0,2.8,0,0,29.4
2025-06-03 17:00,112,인천,20.0,73,4.6,230,,991.5,999.4,1.0,2.12,0,0,27.9
2025-06-03 18:00,112,인천,21.2,49,5.7,230,,991.6,999.5,1.0,1.41,1,0,25.0
2025-06-03 19:00,112,인천,19.3,60,6.2,230,,992.3,1000.3,1.0,0.69,0,0,21.7
2025-06-03 20:00,112,인천,18.3,57,6.5,250,,993.3,1001.3,0.6,0.13,5,0,19.8
2025-06-03 21:00,112,인천,17.6,69,4.0,270,,993.8,1001.8,,,5,0,18.8
2025-06-03 22:00,112,인천,17.0,70,3.9,250,,994.3,1002.4,,,0,0,18.0
2025-06-03 23:00,112,인천,16.9,72,3.1,250,,994.4,1002.5,,,0,0,17.5
2025-06-04 00:00,112,인천,16.3,79,4.1,250,,994.3,1002.4,,,0,0,17.0
2025-06-04 01:00,112,인천,16.0,82,3.2,250,,994.1,1002.2,,,0,0,16.6
2025-06-04 02:00,112,인천,16.0,82,2.5,230,,994.2,1002.3,,,0,0,16.4
2025-06-04 03:00,112,인천,15.5,77,3.0,200,,994.3,1002.4,,,0,0,16.1
2025-06-04 04:00,112,인천,15.6,80,3.0,200,,994.2,1002.3,,,0,0,15.7
2025-06-04 05:00,112,인천,15.5,82,2.4,200,,994.4,1002.5,,,0,0,15.6
2025-06-04 06:00,112,인천,15.6,82,2.8,200,,994.7,1002.8,0.1,0.06,0,0,15.6
2025-06-04 07:00,112,인천,16.6,78,3.0,180,,994.9,1003.0,1.0,0.54,0,0,17.1
2025-06-04 08:00,112,인천,17.9,72,4.2,180,,995.1,1003.1,1.0,1.24,0,0,19.6
2025-06-04 09:00,112,인천,19.1,68,3.4,230,,995.4,1003.4,1.0,1.96,0,0,23.0
2025-06-04 10:00,112,인천,20.1,69,2.7,200,,995.5,1003.5,1.0,2.6,0,0,27.4
2025-06-04 11:00,112,인천,21.1,66,3.5,200,,995.5,1003.4,1.0,3.14,0,0,30.8
2025-06-04 12:00,112,인천,21.2,66,3.3,200,,995.6,1003.5,1.0,3.51,0,0,33.4
2025-06-04 13:00,112,인천,21.4,63,4.3,230,,995.6,1003.5,1.0,3.64,0,0,34.9
2025-06-04 14:00,112,인천,22.6,39,6.9,250,,995.5,1003.4,1.0,3.58,0,0,35.0
2025-06-04 15:00,112,인천,22.1,46,5.9,250,,995.7,1003.6,1.0,3.28,0,0,33.5
2025-06-04 16:00,112,인천,22.3,49,3.8,270,,995.9,1003.8,1.0,2.79,0,0,30.7
2025-06-04 17:00,112,인천,22.6,47,3.9,250,,996.4,1004.3,1.0,2.15,0,0,29.3
2025-06-04 18:00,112,인천,21.9,48,4.3,270,,997.0,1004.9,1.0,1.43,1,1,26.3
2025-06-04 19:00,112,인천,21.0,55,3.6,250,,997.8,1005.8,1.0,0.69,0,0,23.1
2025-06-04 20:00,112,인천,19.2,65,2.8,250,,998.8,1006.8,0.6,0.12,0,0,21.2
2025-06-04 21:00,112,인천,18.9,66,2.6,250,,999.8,1007.8,,,0,0,20.1
2025-06-04 22:00,112,인천,18.9,62,2.3,290,,1000.6,1008.6,,,0,0,19.3
2025-06-04 23:00,112,인천,18.5,63,1.8,270,,1001.2,1009.3,,,0,0,18.5
2025-06-05 00:00,112,인천,17.9,65,2.1,320,,1001.3,1009.3,,,0,0,18.0
2025-06-05 01:00,112,인천,17.2,71,3.2,250,,1001.6,1009.7,,,0,0,17.4
2025-06-05 02:00,112,인천,16.5,74,2.1,230,,1001.9,1010.0,,,0,0,17.0
2025-06-05 03:00,112,인천,16.2,75,0.7,70,,1001.8,1009.9,,,0,0,16.5
2025-06-05 04:00,112,인천,15.9,84,2.1,200,,1002.2,1010.4,,,0,0,16.3
2025-06-05 05:00,112,인천,15.8,86,2.5,180,,1002.4,1010.6,,,0,0,16.1
2025-06-05 06:00,112,인천,15.8,88,2.0,180,,1002.8,1011.0,0.1,0.06,0,0,16.1
2025-06-05 07:00,112,인천,16.7,83,1.5,160,,1003.2,1011.3,1.0,0.57,0,0,17.8
2025-06-05 08:00,112,인천,18.1,80,2.4,230,,1003.8,1011.9,1.0,1.24,0,0,20.3
2025-06-05 09:00,112,인천,20.1,68,2.3,200,,1003.9,1011.9,1.0,1.97,0,0,24.1
2025-06-05 10:00,112,인천,20.9,62,3.3,200,,1004.1,1012.1,1.0,2.61,0,0,27.8
2025-06-05 11:00,112,인천,21.0,66,2.8,200,,1004.6,1012.6,1.0,3.14,4,0,31.9
2025-06-05 12:00,112,인천,21.7,54,3.9,180,,1004.3,1012.3,1.0,3.45,2,0,34.7
2025-06-05 13:00,112,인천,22.4,47,3.5,200,,1003.9,1011.9,1.0,3.59,6,0,36.0
2025-06-05 14:00,112,인천,23.1,47,2.4,200,,1003.2,1011.1,1.0,3.42,7,0,36.3
2025-06-05 15:00,112,인천,23.1,41,3.4,200,,1002.8,1010.7,0.9,2.59,7,0,33.7
2025-06-05 16:00,112,인천,23.2,39,3.2,200,,1002.2,1010.1,1.0,2.48,7,0,31.3
2025-06-05 17:00,112,인천,22.8,38,2.8,200,,1001.7,1009.6,0.7,1.67,8,0,29.2
2025-06-05 18:00,112,인천,21.7,42,2.3,200,,1001.4,1009.4,0.6,0.97,7,0,26.4
2025-06-05 19:00,112,인천,21.0,43,3.3,230,,1001.9,1009.9,1.0,0.67,0,0,23.8
2025-06-05 20:00,112,인천,20.0,49,1.8,180,,1001.9,1009.9,0.4,0.13,6,0,21.8
2025-06-05 21:00,112,인천,19.7,49,2.1,180,,1001.8,1009.8,,,2,0,20.7
2025-06-05 22:00,112,인천,19.8,44,2.5,160,,1002.2,1010.2,,,0,0,19.7
2025-06-05 23:00,112,인천,20.0,46,3.0,160,,1001.7,1009.7,,,0,0,19.1
2025-06-06 00:00,112,인천,19.7,46,3.3,160,,1001.5,1009.5,,,0,0,18.7
2025-06-06 01:00,112,인천,19.8,40,3.1,180,,1001.3,1009.3,,,9,2,18.7
2025-06-06 02:00,112,인천,19.6,40,2.4,160,,1001.3,1009.3,,,8,5,18.6
2025-06-06 03:00,112,인천,19.4,44,2.9,160,,1000.7,1008.7,,,7,0,18.3
2025-06-06 04:00,112,인천,19.0,45,2.6,160,,1000.8,1008.8,,,7,0,17.7
2025-06-06 05:00,112,인천,18.8,47,2.3,160,,1000.4,1008.4,,,7,0,17.5
2025-06-06 06:00,112,인천,18.8,48,1.9,140,,1000.8,1008.8,0.0,0.06,8,0,17.8
2025-06-06 07:00,112,인천,20.1,47,2.7,160,,1001.0,1009.0,0.2,0.42,8,0,19.4
2025-06-06 08:00,112,인천,21.7,45,2.8,160,,1001.0,1009.0,0.6,0.98,8,0,21.8
2025-06-06 09:00,112,인천,23.2,44,3.5,180,,1000.9,1008.8,1.0,1.65,7,0,25.0
2025-06-06 10:00,112,인천,24.6,43,4.1,180,,1000.7,1008.6,1.0,2.45,7,0,29.5
2025-06-06 11:00,112,인천,25.5,43,4.0,200,,1000.6,1008.4,1.0,3.04,6,0,33.2
2025-06-06 12:00,112,인천,26.0,42,4.7,200,,1000.4,1008.2,1.0,3.47,6,0,36.6
2025-06-06 13:00,112,인천,26.3,41,5.2,200,,1000.1,1007.9,1.0,3.56,7,0,37.9
2025-06-06 14:00,112,인천,26.1,40,6.0,200,,999.5,1007.3,1.0,3.46,6,0,38.1
2025-06-06 15:00,112,인천,26.1,40,5.6,200,,999.3,1007.1,1.0,3.22,6,0,36.5
2025-06-06 16:00,112,인천,25.7,43,5.4,200,,999.5,1007.3,1.0,2.7,6,0,33.7
2025-06-06 17:00,112,인천,25.0,47,3.7,200,,999.3,1007.1,1.0,1.9,6,0,31.4
2025-06-06 18:00,112,인천,24.6,48,3.3,230,,999.8,1007.7,1.0,1.32,3,0,28.8
2025-06-06 19:00,112,인천,23.6,50,3.7,200,,999.8,1007.7,1.0,0.61,3,0,25.7
2025-06-06 20:00,112,인천,22.9,51,3.9,200,,1000.1,1008.0,0.2,0.1,0,0,23.7
2025-06-06 21:00,112,인천,22.2,54,2.7,200,,1000.4,1008.3,,,0,0,22.5
2025-06-06 22:00,112,인천,22.3,51,3.8,180,,1000.5,1008.4,,,6,0,21.6
2025-06-06 23:00,112,인천,21.8,48,3.6,180,,1000.5,1008.5,,,0,0,20.9
2025-06-07 00:00,112,인천,21.5,46,3.7,180,,1000.2,1008.1,,,0,0,20.4
2025-06-07 01:00,112,인천,21.4,47,3.2,200,,1000.3,1008.3,,,4,0,19.9
2025-06-07 02:00,112,인천,21.1,50,3.1,180,,1000.4,1008.4,,,4,0,19.6
2025-06-07 03:00,112,인천,20.8,52,2.9,160,,1000.2,1008.2,,,0,0,19.4
2025-06-07 04:00,112,인천,20.6,56,3.6,160,,999.8,1007.8,,,7,0,19.1
2025-06-07 05:00,112,인천,20.3,62,3.7,160,,999.9,1007.9,,,8,0,18.9
2025-06-07 06:00,112,인천,20.2,66,2.5,160,,1000.1,1008.1,0.0,0.07,8,0,19.1
2025-06-07 07:00,112,인천,20.8,68,2.1,160,,1000.3,1008.3,0.0,0.39,8,0,20.6
2025-06-07 08:00,112,인천,22.0,67,1.4,230,,1001.1,1009.1,0.6,0.85,9,9,23.0
2025-06-07 09:00,112,인천,23.3,68,2.0,180,,1001.3,1009.2,0.4,1.33,7,3,26.1
2025-06-07 10:00,112,인천,23.7,68,2.7,200,,1001.0,1008.9,0.1,1.25,8,5,27.3
2025-06-07 11:00,112,인천,24.8,66,3.0,200,,1000.6,1008.5,0.6,2.29,9,2,31.0
2025-06-07 12:00,112,인천,24.9,64,4.1,180,,1001.0,1008.9,0.7,2.6,8,5,32.8
2025-06-07 13:00,112,인천,25.6,64,2.7,200,,1000.7,1008.5,0.3,2.42,8,2,34.0
2025-06-07 14:00,112,인천,24.4,69,3.8,230,,1000.4,1008.3,0.5,2.65,7,2,34.4
2025-06-07 15:00,112,인천,24.1,74,4.4,200,,1000.1,1008.0,0.5,2.16,7,3,33.4
2025-06-07 16:00,112,인천,23.7,74,4.6,230,,999.9,1007.8,0.9,2.49,4,4,32.8
2025-06-07 17:00,112,인천,22.0,83,4.5,230,,1000.0,1007.9,0.6,1.54,9,9,29.7
2025-06-07 18:00,112,인천,21.6,83,2.6,230,,999.8,1007.8,0.0,0.49,10,10,27.2
2025-06-07 19:00,112,인천,20.9,88,3.5,200,,999.6,1007.6,0.0,0.14,7,6,25.1
2025-06-07 20:00,112,인천,20.8,89,2.9,200,,1000.1,1008.1,0.0,0.02,7,7,23.9
2025-06-07 21:00,112,인천,20.6,90,2.7,250,0.0,1000.4,1008.4,,,10,10,23.2
2025-06-07 22:00,112,인천,20.6,91,1.7,200,0.0,1001.0,1009.0,,,10,10,22.7
2025-06-07 23:00,112,인천,20.0,92,1.7,200,0.0,1001.0,1009.0,,,10,10,21.9
2025-06-08 00:00,112,인천,19.6,92,2.0,230,0.0,1001.1,1009.1,,,10,10,21.7
2025-06-08 01:00,112,인천,19.6,91,1.5,200,,1001.0,1009.0,,,7,7,21.6
2025-06-08 02:00,112,인천,19.9,93,1.2,200,0.0,1000.4,1008.4,,,10,10,21.5
2025-06-08 03:00,112,인천,20.1,93,0.9,180,0.0,1000.2,1008.2,,,10,10,21.2
2025-06-08 04:00,112,인천,19.9,93,1.2,290,,1000.1,1008.1,,,9,9,21.1
2025-06-08 05:00,112,인천,20.1,93,0.4,0,,1000.2,1008.2,,,9,9,20.9
2025-06-08 06:00,112,인천,20.3,93,0.6,290,,1000.2,1008.2,0.0,0.04,9,8,21.1
2025-06-08 07:00,112,인천,20.3,94,1.1,290,,1000.3,1008.3,0.0,0.22,9,9,21.9
2025-06-08 08:00,112,인천,21.1,93,1.3,320,,1000.6,1008.6,0.0,0.54,9,9,23.4
2025-06-08 09:00,112,인천,22.5,88,1.4,270,,1000.6,1008.5,0.1,1.2,9,9,26.8
2025-06-08 10:00,112,인천,23.9,82,1.7,290,,1000.4,1008.3,0.5,2.09,7,7,30.1
2025-06-08 11:00,112,인천,25.6,75,1.5,250,,1000.2,1008.0,0.8,2.63,3,3,34.1
2025-06-08 12:00,112,인천,25.9,73,3.2,250,,1000.1,1007.9,1.0,3.54,2,2,38.2
2025-06-08 13:00,112,인천,25.7,71,3.0,250,,999.8,1007.6,0.9,3.25,8,1,37.4
2025-06-08 14:00,112,인천,26.2,71,2.9,250,,999.5,1007.3,0.9,2.87,7,0,38.1
2025-06-08 15:00,112,인천,26.1,68,3.1,230,,999.4,1007.2,1.0,3.01,4,0,37.9
2025-06-08 16:00,112,인천,26.5,65,2.9,250,,999.1,1006.9,1.0,2.75,5,0,36.0
2025-06-08 17:00,112,인천,26.2,70,2.2,250,,999.0,1006.8,1.0,1.88,3,0,34.2
2025-06-08 18:00,112,인천,25.6,69,2.6,250,,999.3,1007.1,1.0,1.33,2,0,31.2
2025-06-08 19:00,112,인천,25.2,71,1.9,320,,999.3,1007.1,1.0,0.66,0,0,28.0
2025-06-08 20:00,112,인천,23.5,78,1.9,250,,999.5,1007.4,0.5,0.13,0,0,25.6
2025-06-08 21:00,112,인천,22.4,84,1.9,230,,1000.2,1008.1,,,3,3,24.3
2025-06-08 22:00,112,인천,22.2,85,1.3,200,,1000.6,1008.5,,,5,5,23.6
2025-06-08 23:00,112,인천,22.3,86,2.1,230,,1000.9,1008.8,,,4,4,23.7
2025-06-09 00:00,112,인천,21.7,90,2.7,200,0.0,1000.9,1008.8,,,10,10,23.3
2025-06-09 01:00,112,인천,20.5,92,2.8,200,0.0,1000.9,1008.9,,,10,10,22.8
2025-06-09 02:00,112,인천,19.4,96,2.5,230,0.0,1001.1,1009.1,,,10,10,22.0
2025-06-09 03:00,112,인천,19.0,95,1.9,200,0.0,1000.8,1008.8,,,10,10,21.6
2025-06-09 04:00,112,인천,19.0,94,1.6,200,,1000.5,1008.5,,,9,9,21.3
2025-06-09 05:00,112,인천,18.7,91,1.2,180,,1000.5,1008.5,,,8,8,20.9
2025-06-09 06:00,112,인천,18.8,89,1.1,230,,1000.5,1008.5,0.0,0.05,9,9,20.8
2025-06-09 07:00,112,인천,19.3,85,1.3,200,,1000.6,1008.6,0.0,0.27,9,9,22.0
2025-06-09 08:00,112,인천,20.1,80,2.1,200,,1000.8,1008.8,0.1,0.55,8,8,23.2
2025-06-09 09:00,112,인천,21.0,80,1.1,200,,1000.8,1008.8,0.1,1.1,8,8,25.3
2025-06-09 10:00,112,인천,23.0,76,2.0,200,,1000.1,1008.0,0.8,2.25,6,6,29.8
2025-06-09 11:00,112,인천,24.5,68,2.6,200,,1000.0,1007.9,0.7,2.55,6,3,34.4
2025-06-09 12:00,112,인천,24.4,70,3.1,250,,999.8,1007.7,1.0,3.34,6,1,38.4
2025-06-09 13:00,112,인천,24.7,68,3.4,230,,999.6,1007.5,1.0,3.55,5,0,39.5
2025-06-09 14:00,112,인천,25.1,68,3.0,200,,999.0,1006.8,1.0,3.38,4,0,40.8
2025-06-09 15:00,112,인천,24.8,69,3.4,200,,998.7,1006.5,1.0,3.19,2,0,39.4
2025-06-09 16:00,112,인천,24.5,73,3.5,230,,998.6,1006.5,1.0,2.73,0,0,35.5
2025-06-09 17:00,112,인천,24.1,71,3.8,250,,998.5,1006.4,1.0,2.06,1,0,34.0
2025-06-09 18:00,112,인천,22.5,79,3.4,250,,998.2,1006.1,1.0,1.17,5,0,30.0
2025-06-09 19:00,112,인천,21.5,84,2.3,200,,998.0,1005.9,0.3,0.47,4,4,27.3
2025-06-09 20:00,112,인천,20.2,89,2.7,230,,997.4,1005.4,0.0,0.06,7,5,24.9
2025-06-09 21:00,112,인천,19.6,91,1.4,200,,997.6,1005.6,,,3,3,23.4
2025-06-09 22:00,112,인천,19.4,91,1.5,230,,998.6,1006.6,,,0,0,22.9
2025-06-09 23:00,112,인천,19.1,93,1.1,250,,999.4,1007.4,,,7,5,22.5
2025-06-10 00:00,112,인천,19.1,92,0.6,50,,999.2,1007.2,,,0,0,21.8
2025-06-10 01:00,112,인천,19.2,94,3.1,320,,999.4,1007.4,,,7,4,21.7
2025-06-10 02:00,112,인천,19.1,94,2.2,290,,1000.5,1008.5,,,6,6,21.7
2025-06-10 03:00,112,인천,19.1,94,2.0,290,0.0,999.9,1007.9,,,10,10,21.6
2025-06-10 04:00,112,인천,19.0,94,2.5,160,,998.7,1006.7,,,4,4,20.9
2025-06-10 05:00,112,인천,19.1,93,1.7,160,,998.0,1006.0,,,7,0,20.6
2025-06-10 06:00,112,인천,19.3,93,2.6,160,,997.0,1005.0,0.0,0.06,7,0,20.9
2025-06-10 07:00,112,인천,19.6,91,3.0,180,,997.0,1005.0,0.1,0.32,8,8,21.9
2025-06-10 08:00,112,인천,19.4,92,1.9,250,,997.8,1005.8,0.2,0.7,9,9,23.5
2025-06-10 09:00,112,인천,19.4,93,2.4,250,,998.3,1006.3,0.0,0.65,9,9,24.1
2025-06-10 10:00,112,인천,19.5,91,2.2,250,,998.8,1006.8,0.0,0.67,9,9,24.3
2025-06-10 11:00,112,인천,19.0,91,3.1,250,,999.6,1007.6,0.0,0.64,9,9,24.4
2025-06-10 12:00,112,인천,18.7,94,3.5,200,0.0,999.9,1007.9,0.0,0.61,9,9,24.5
2025-06-10 13:00,112,인천,18.8,93,2.9,200,,999.8,1007.8,0.0,0.78,9,9,24.6
2025-06-10 14:00,112,인천,20.3,89,3.4,230,,999.5,1007.5,0.2,1.65,8,8,29.8
2025-06-10 15:00,112,인천,20.7,86,3.3,200,,999.0,1007.0,0.5,2.25,7,7,30.9
2025-06-10 16:00,112,인천,20.5,84,3.4,200,,999.2,1007.2,0.8,2.45,6,6,30.0
2025-06-10 17:00,112,인천,21.4,77,2.3,230,,999.0,1007.0,1.0,2.1,7,0,30.0
2025-06-10 18:00,112,인천,20.5,78,3.6,200,,998.9,1006.9,1.0,1.49,4,0,27.0
2025-06-10 19:00,112,인천,19.4,82,3.4,200,,999.6,1007.6,0.9,0.65,7,0,24.4
2025-06-10 20:00,112,인천,18.4,82,2.7,200,,999.9,1008.0,0.5,0.18,8,0,22.1
2025-06-10 21:00,112,인천,18.4,84,3.1,230,,1000.4,1008.5,,,4,0,21.0
2025-06-10 22:00,112,인천,19.1,73,2.7,290,,1001.0,1009.0,,,8,0,20.4
2025-06-10 23:00,112,인천,18.7,71,1.9,290,,1001.6,1009.7,,,7,0,19.8
2025-06-11 00:00,112,인천,18.0,71,1.8,320,,1001.9,1009.9,,,6,0,19.2
2025-06-11 01:00,112,인천,17.7,74,1.4,270,,1001.9,1010.0,,,5,0,18.7
2025-06-11 02:00,112,인천,17.2,77,1.2,290,,1001.8,1009.9,,,0,0,17.9
2025-06-11 03:00,112,인천,17.1,79,1.4,320,,1001.9,1010.0,,,0,0,17.6
2025-06-11 04:00,112,인천,16.9,81,1.0,340,,1001.9,1010.0,,,0,0,17.0
2025-06-11 05:00,112,인천,16.5,85,1.3,200,,1002.4,1010.5,,,0,0,17.1
2025-06-11 06:00,112,인천,16.6,87,1.1,290,,1003.0,1011.1,0.1,0.06,0,0,17.3
2025-06-11 07:00,112,인천,17.9,83,1.5,290,,1003.4,1011.5,1.0,0.56,0,0,19.1
2025-06-11 08:00,112,인천,19.3,78,0.9,320,,1004.0,1012.1,1.0,1.24,0,0,22.7
2025-06-11 09:00,112,인천,20.7,72,1.8,230,,1004.5,1012.5,1.0,1.95,0,0,26.1
2025-06-11 10:00,112,인천,21.2,71,3.4,200,,1004.3,1012.3,1.0,2.61,0,0,30.1
2025-06-11 11:00,112,인천,22.2,69,2.7,250,,1005.0,1013.0,1.0,3.14,0,0,34.9
2025-06-11 12:00,112,인천,23.4,64,3.1,230,,1005.0,1012.9,1.0,3.46,0,0,39.1
2025-06-11 13:00,112,인천,23.0,66,4.8,230,,1004.8,1012.7,1.0,3.58,0,0,39.6
2025-06-11 14:00,112,인천,23.2,56,4.6,230,,1004.6,1012.5,1.0,3.52,0,0,40.3
2025-06-11 15:00,112,인천,23.8,52,3.6,230,,1003.8,1011.7,1.0,3.23,0,0,38.5
2025-06-11 16:00,112,인천,23.5,54,3.3,230,,1003.6,1011.5,1.0,2.76,0,0,34.9
2025-06-11 17:00,112,인천,23.6,51,4.2,230,,1003.7,1011.6,1.0,2.11,2,0,33.3
2025-06-11 18:00,112,인천,22.1,62,3.6,230,,1003.7,1011.7,1.0,1.34,6,0,29.5
2025-06-11 19:00,112,인천,21.6,63,2.8,200,,1003.9,1011.9,0.9,0.67,4,0,26.4
2025-06-11 20:00,112,인천,20.1,66,3.1,200,,1004.4,1012.4,0.5,0.14,6,0,24.0
2025-06-11 21:00,112,인천,19.5,69,2.6,200,,1004.8,1012.9,,,6,0,22.4
2025-06-11 22:00,112,인천,19.0,73,2.9,180,,1005.4,1013.5,,,6,0,21.6
2025-06-11 23:00,112,인천,18.6,77,3.2,180,,1005.9,1014.0,,,8,0,20.9
2025-06-12 00:00,112,인천,18.3,79,2.2,180,,1005.8,1013.8,,,8,0,20.4
2025-06-12 01:00,112,인천,18.2,82,2.4,230,,1006.0,1014.1,,,8,0,20.1
2025-06-12 02:00,112,인천,18.1,86,1.3,200,,1006.2,1014.3,,,8,0,19.8
2025-06-12 03:00,112,인천,17.9,87,1.8,180,,1006.0,1014.1,,,6,0,19.3
2025-06-12 04:00,112,인천,17.7,87,1.5,200,,1006.4,1014.5,,,7,0,18.9
2025-06-12 05:00,112,인천,17.5,86,1.1,70,,1006.4,1014.5,,,5,0,18.4
2025-06-12 06:00,112,인천,17.4,86,0.4,0,,1007.1,1015.2,0.0,0.06,3,0,18.8
2025-06-12 07:00,112,인천,18.9,83,1.0,160,,1007.4,1015.5,1.0,0.49,2,0,20.6
2025-06-12 08:00,112,인천,21.4,74,1.3,110,,1007.7,1015.7,1.0,1.2,0,0,24.2
2025-06-12 09:00,112,인천,23.1,69,1.1,270,,1007.5,1015.5,1.0,1.93,0,0,28.5
2025-06-12 10:00,112,인천,24.0,64,1.8,270,,1007.4,1015.3,1.0,2.54,0,0,33.1
2025-06-12 11:00,112,인천,25.8,55,1.6,270,,1007.1,1015.0,1.0,3.04,2,0,37.1
2025-06-12 12:00,112,인천,27.3,52,2.5,230,,1006.5,1014.3,1.0,3.28,7,0,40.8
2025-06-12 13:00,112,인천,27.8,49,3.3,250,,1006.1,1013.9,1.0,3.34,1,0,42.5
2025-06-12 14:00,112,인천,28.0,49,3.6,230,,1005.9,1013.7,1.0,3.21,0,0,42.3
2025-06-12 15:00,112,인천,28.7,47,3.1,250,,1005.6,1013.4,1.0,3.04,0,0,40.9
2025-06-12 16:00,112,인천,27.9,50,4.4,250,,1005.5,1013.3,1.0,2.63,6,0,37.2
2025-06-12 17:00,112,인천,27.7,47,3.1,250,,1005.7,1013.5,1.0,1.97,8,0,35.1
2025-06-12 18:00,112,인천,27.3,48,2.4,250,,1005.8,1013.6,0.9,1.29,8,0,32.4
2025-06-12 19:00,112,인천,25.7,50,2.0,320,,1005.8,1013.7,0.4,0.49,7,0,29.5
2025-06-12 20:00,112,인천,24.1,62,1.9,200,,1006.3,1014.2,0.1,0.15,8,0,26.9
2025-06-12 21:00,112,인천,22.7,66,1.6,200,,1006.6,1014.6,,,9,0,25.2
2025-06-12 22:00,112,인천,22.3,66,1.7,200,,1006.5,1014.5,,,8,0,23.9
2025-06-12 23:00,112,인천,21.8,71,0.8,230,,1006.4,1014.4,,,9,0,23.4
2025-06-13 00:00,112,인천,20.7,66,2.6,200,,1006.5,1014.5,,,9,0,22.4
2025-06-13 01:00,112,인천,20.8,68,1.2,290,,1007.0,1015.0,,,5,0,21.8
2025-06-13 02:00,112,인천,20.4,81,0.9,320,,1007.0,1015.0,,,7,0,21.5
2025-06-13 03:00,112,인천,19.9,78,1.3,320,,1007.2,1015.3,,,8,0,21.1
2025-06-13 04:00,112,인천,19.8,74,0.9,320,,1007.1,1015.2,,,9,0,20.8
2025-06-13 05:00,112,인천,19.4,74,1.2,160,,1006.9,1015.0,,,9,0,20.5
2025-06-13 06:00,112,인천,19.8,82,1.9,180,,1006.7,1014.8,0.0,0.03,8,0,20.7
2025-06-13 07:00,112,인천,20.3,75,2.6,180,,1006.4,1014.4,0.0,0.27,9,0,21.7
2025-06-13 08:00,112,인천,21.8,64,2.0,180,,1006.5,1014.5,0.4,0.87,8,0,25.2
2025-06-13 09:00,112,인천,23.5,62,1.6,200,,1006.3,1014.2,0.5,1.45,7,0,28.6
2025-06-13 10:00,112,인천,23.8,62,3.0,230,,1006.6,1014.5,0.7,1.78,10,0,30.6
2025-06-13 11:00,112,인천,23.9,61,2.4,230,,1007.0,1014.9,0.2,1.88,10,0,31.9
2025-06-13 12:00,112,인천,23.5,59,2.9,250,,1006.5,1014.4,0.0,1.65,10,0,31.9
2025-06-13 13:00,112,인천,23.7,62,2.9,270,,1006.2,1014.1,0.0,1.69,10,0,31.7
2025-06-13 14:00,112,인천,24.1,62,1.8,290,,1004.9,1012.8,0.0,1.39,10,0,31.3
2025-06-13 15:00,112,인천,23.6,62,1.5,290,,1003.8,1011.7,0.0,0.85,10,10,29.4
2025-06-13 16:00,112,인천,22.9,65,2.7,250,,1003.5,1011.4,0.0,0.52,10,10,27.7
2025-06-13 17:00,112,인천,22.0,71,2.6,200,0.0,1002.4,1010.4,0.0,0.24,10,2,25.7
2025-06-13 18:00,112,인천,21.3,79,2.4,180,0.0,1002.6,1010.6,0.0,0.13,10,7,23.6
2025-06-13 19:00,112,인천,20.8,80,1.1,110,0.2,1002.3,1010.3,0.0,0.05,10,5,22.6
2025-06-13 20:00,112,인천,20.6,81,0.6,70,0.2,1002.2,1010.2,0.0,0.02,10,7,22.2
2025-06-13 21:00,112,인천,20.6,86,1.3,70,0.4,1002.7,1010.7,,,10,7,21.8
2025-06-13 22:00,112,인천,19.9,91,2.5,110,0.4,1001.4,1009.4,,,10,7,21.5
2025-06-13 23:00,112,인천,19.7,89,2.1,110,0.0,1001.3,1009.3,,,9,7,21.1
2025-06-14 00:00,112,인천,20.0,87,1.5,110,,999.9,1007.9,,,9,3,20.9
2025-06-14 01:00,112,인천,20.2,87,1.0,110,,999.1,1007.1,,,10,6,20.8
2025-06-14 02:00,112,인천,20.3,89,1.5,320,,998.6,1006.6,,,10,3,20.7
2025-06-14 03:00,112,인천,20.3,88,1.4,50,,998.3,1006.3,,,9,5,20.6
2025-06-14 04:00,112,인천,20.4,87,1.9,50,,997.4,1005.4,,,9,6,20.6
2025-06-14 05:00,112,인천,20.1,86,1.6,70,,996.7,1004.7,,,9,5,20.5
2025-06-14 06:00,112,인천,20.2,86,1.2,90,,996.5,1004.5,0.0,0.03,8,7,20.7
2025-06-14 07:00,112,인천,20.6,86,2.2,50,,995.9,1003.9,0.0,0.14,9,5,21.2
2025-06-14 08:00,112,인천,21.4,83,1.4,50,,995.4,1003.3,0.0,0.47,9,9,22.9
2025-06-14 09:00,112,인천,22.1,82,1.7,290,,995.8,1003.7,0.1,0.84,7,5,24.6
2025-06-14 10:00,112,인천,24.1,76,1.9,290,,995.4,1003.2,0.5,2.02,8,8,28.9
2025-06-14 11:00,112,인천,25.3,70,1.7,270,,994.6,1002.4,0.4,2.14,4,4,32.1
2025-06-14 12:00,112,인천,26.8,65,2.8,290,,994.2,1002.0,0.9,3.27,2,2,35.9
2025-06-14 13:00,112,인천,27.9,61,2.6,290,,993.5,1001.2,1.0,3.52,1,1,38.8
2025-06-14 14:00,112,인천,28.8,59,3.5,290,,992.7,1000.4,1.0,3.42,1,1,39.6
2025-06-14 15:00,112,인천,29.2,56,3.5,320,,992.0,999.7,1.0,3.11,1,1,39.0
2025-06-14 16:00,112,인천,29.7,56,3.0,270,,991.6,999.3,1.0,2.61,1,1,36.7
2025-06-14 17:00,112,인천,28.9,57,2.3,270,,991.2,998.9,1.0,2.0,0,0,35.0
2025-06-14 18:00,112,인천,27.4,60,2.4,270,,991.5,999.2,1.0,1.3,0,0,32.1
2025-06-14 19:00,112,인천,24.6,70,2.9,230,,991.8,999.6,1.0,0.62,0,0,28.5
2025-06-14 20:00,112,인천,23.3,73,3.9,250,,992.8,1000.6,0.3,0.12,0,0,26.2
2025-06-14 21:00,112,인천,22.8,75,3.0,250,,993.7,1001.6,,,0,0,24.7
2025-06-14 22:00,112,인천,22.3,77,1.7,250,,994.3,1002.2,,,0,0,23.9
2025-06-14 23:00,112,인천,21.7,78,1.7,180,,993.9,1001.8,,,0,0,23.2
2025-06-15 00:00,112,인천,21.7,79,2.2,180,,993.1,1001.0,,,0,0,22.6
2025-06-15 01:00,112,인천,21.4,83,1.7,200,,993.0,1000.9,,,0,0,22.3
2025-06-15 02:00,112,인천,20.1,88,2.9,200,,993.1,1001.0,,,0,0,21.7
2025-06-15 03:00,112,인천,19.7,89,1.1,200,,993.0,1001.0,,,0,0,21.2
2025-06-15 04:00,112,인천,19.4,91,2.1,200,,993.4,1001.4,,,0,0,20.8
2025-06-15 05:00,112,인천,19.1,91,1.2,200,,993.3,1001.3,,,2,0,20.4
2025-06-15 06:00,112,인천,19.3,93,2.2,180,,993.6,1001.6,0.0,0.09,7,0,20.7
2025-06-15 07:00,112,인천,19.4,91,2.8,200,,994.0,1002.0,1.0,0.51,8,2,22.0
2025-06-15 08:00,112,인천,20.2,88,2.2,180,,993.7,1001.6,0.8,1.29,7,0,25.8
2025-06-15 09:00,112,인천,21.5,84,1.6,230,,993.2,1001.1,1.0,1.91,4,0,28.9
2025-06-15 10:00,112,인천,23.8,76,1.8,200,,992.9,1000.7,1.0,2.37,3,0,33.2
2025-06-15 11:00,112,인천,25.6,69,2.5,230,,992.1,999.9,1.0,2.87,6,2,36.9
2025-06-15 12:00,112,인천,28.3,61,2.3,140,,990.9,998.6,0.9,3.19,7,0,41.5
2025-06-15 13:00,112,인천,29.1,56,3.0,230,,990.6,998.3,1.0,3.46,3,0,43.1
2025-06-15 14:00,112,인천,29.6,54,4.5,230,,990.1,997.7,1.0,3.41,6,0,42.8
2025-06-15 15:00,112,인천,28.2,60,2.4,230,,989.9,997.6,0.4,2.18,9,3,39.3
2025-06-15 16:00,112,인천,25.5,68,2.8,200,,989.7,997.5,0.0,0.96,10,3,33.3
2025-06-15 17:00,112,인천,25.7,70,1.6,200,,988.9,996.6,0.0,0.63,10,8,32.5
2025-06-15 18:00,112,인천,23.8,85,3.7,200,0.3,989.1,996.9,0.0,0.27,10,8,27.4
2025-06-15 19:00,112,인천,24.0,88,4.5,200,,989.2,997.0,0.0,0.09,10,3,26.0
2025-06-15 20:00,112,인천,23.2,93,5.0,200,0.2,989.1,996.9,0.0,0.01,10,8,25.1
2025-06-15 21:00,112,인천,21.6,96,3.1,200,1.5,989.5,997.4,,,10,7,24.0
2025-06-15 22:00,112,인천,21.1,98,4.4,230,1.5,989.9,997.8,,,10,7,23.2
2025-06-15 23:00,112,인천,20.6,97,3.3,230,1.3,989.9,997.8,,,10,8,23.0
2025-06-16 00:00,112,인천,20.5,99,2.6,200,4.1,989.7,997.6,,,10,8,22.1
2025-06-16 01:00,112,인천,20.9,98,2.5,160,4.8,988.8,996.7,,,10,7,22.4
2025-06-16 02:00,112,인천,21.2,99,1.8,200,0.0,988.7,996.6,,,10,6,22.6
2025-06-16 03:00,112,인천,21.4,98,2.9,200,0.1,988.4,996.3,,,10,8,22.6
2025-06-16 04:00,112,인천,21.1,98,2.4,230,0.1,988.6,996.5,,,10,5,22.6
2025-06-16 05:00,112,인천,20.8,99,2.2,180,0.3,988.9,996.8,,,10,10,22.4
2025-06-16 06:00,112,인천,20.6,99,2.6,200,0.1,989.5,997.4,0.0,0.01,10,10,22.3
2025-06-16 07:00,112,인천,20.6,99,1.9,180,0.0,989.7,997.6,0.0,0.06,10,10,22.4
2025-06-16 08:00,112,인천,20.9,99,1.8,200,0.2,989.5,997.4,0.0,0.13,10,10,22.7
2025-06-16 09:00,112,인천,21.7,99,2.1,160,0.0,989.0,996.9,0.0,0.32,10,10,23.5
2025-06-16 10:00,112,인천,21.9,99,3.4,180,0.1,989.3,997.2,0.0,0.4,10,10,23.9
2025-06-16 11:00,112,인천,22.2,99,2.3,180,,989.9,997.8,0.0,0.35,10,10,23.7
2025-06-16 12:00,112,인천,22.8,98,2.4,200,,989.6,997.4,0.0,0.57,10,10,25.0
2025-06-16 13:00,112,인천,21.8,98,4.0,250,0.4,989.8,997.7,0.0,0.35,10,9,23.8
2025-06-16 14:00,112,인천,22.2,98,3.2,180,6.9,989.4,997.3,0.0,1.09,9,9,25.7
2025-06-16 15:00,112,인천,21.3,98,3.5,200,,989.7,997.6,0.0,0.36,10,10,24.1
2025-06-16 16:00,112,인천,21.4,98,4.9,200,,990.1,998.0,0.0,0.38,10,10,24.0
2025-06-16 17:00,112,인천,21.8,95,5.7,200,,990.3,998.2,0.1,0.9,8,8,24.8
2025-06-16 18:00,112,인천,21.7,94,4.3,200,,990.6,998.5,0.0,0.44,9,9,23.7
2025-06-16 19:00,112,인천,21.5,94,4.6,200,,990.8,998.7,0.0,0.08,10,10,22.9
2025-06-16 20:00,112,인천,21.2,94,4.6,200,,991.1,999.0,0.0,0.04,7,7,22.4
2025-06-16 21:00,112,인천,21.0,94,4.1,200,,992.3,1000.2,,,9,9,21.9
2025-06-16 22:00,112,인천,20.6,94,3.2,180,,993.2,1001.1,,,4,4,21.6
2025-06-16 23:00,112,인천,20.7,94,3.5,180,,993.4,1001.3,,,6,6,21.5
2025-06-17 00:00,112,인천,20.8,94,3.0,200,,993.7,1001.6,,,9,9,21.5
2025-06-17 01:00,112,인천,20.9,96,4.1,200,,993.5,1001.4,,,3,3,21.3
2025-06-17 02:00,112,인천,20.3,93,4.4,200,,993.6,1001.5,,,3,3,21.1
2025-06-17 03:00,112,인천,20.5,96,3.9,200,,993.9,1001.8,,,9,9,21.0
2025-06-17 04:00,112,인천,20.6,96,2.8,200,,994.3,1002.2,,,9,9,21.1
2025-06-17 05:00,112,인천,20.5,96,2.6,180,,995.1,1003.0,,,9,9,21.1
2025-06-17 06:00,112,인천,20.6,95,3.8,180,,995.6,1003.5,0.0,0.03,9,9,21.2
2025-06-17 07:00,112,인천,20.8,95,3.7,180,,995.7,1003.6,0.0,0.22,9,9,21.8
2025-06-17 08:00,112,인천,21.1,95,2.1,180,,996.1,1004.0,0.0,0.41,9,9,22.4
2025-06-17 09:00,112,인천,21.3,93,2.2,200,,996.4,1004.3,0.0,0.48,9,9,23.4
2025-06-17 10:00,112,인천,22.3,92,2.2,200,,996.9,1004.8,0.1,1.13,8,8,26.2
2025-06-17 11:00,112,인천,23.1,87,2.7,230,,997.2,1005.1,0.8,2.42,8,2,28.9
2025-06-17 12:00,112,인천,24.1,82,2.9,230,,997.5,1005.4,1.0,3.2,8,4,31.6
2025-06-17 13:00,112,인천,24.3,82,3.3,200,,997.4,1005.3,1.0,3.19,8,0,32.2
2025-06-17 14:00,112,인천,25.0,76,3.2,230,,997.2,1005.0,1.0,3.25,7,0,32.5
2025-06-17 15:00,112,인천,25.2,75,3.3,230,,997.4,1005.2,1.0,3.11,0,0,32.5
2025-06-17 16:00,112,인천,25.9,75,2.7,230,,997.2,1005.0,1.0,2.58,0,0,30.8
2025-06-17 17:00,112,인천,25.7,75,2.4,230,,997.5,1005.3,1.0,1.99,0,0,29.8
2025-06-17 18:00,112,인천,25.1,76,2.7,230,,997.5,1005.3,1.0,1.3,0,0,27.9
2025-06-17 19:00,112,인천,23.8,81,2.4,230,,997.7,1005.6,1.0,0.61,0,0,26.0
2025-06-17 20:00,112,인천,22.9,85,1.5,230,,998.0,1005.9,0.2,0.11,0,0,24.6
2025-06-17 21:00,112,인천,22.4,88,0.8,230,,998.7,1006.6,,,0,0,23.6
2025-06-17 22:00,112,인천,22.0,89,1.0,180,,999.6,1007.5,,,0,0,22.9
2025-06-17 23:00,112,인천,21.5,91,1.3,290,,999.7,1007.7,,,0,0,22.5
2025-06-18 00:00,112,인천,21.1,93,1.3,290,,999.8,1007.7,,,9,9,22.3
2025-06-18 01:00,112,인천,20.5,95,1.2,290,,1000.3,1008.3,,,10,10,22.5
2025-06-18 02:00,112,인천,20.6,95,2.3,230,,1000.5,1008.5,,,10,4,22.3
2025-06-18 03:00,112,인천,20.5,95,1.5,230,,1000.8,1008.8,,,9,9,22.2
2025-06-18 04:00,112,인천,19.5,95,2.4,250,,1001.2,1009.2,,,10,10,21.8
2025-06-18 05:00,112,인천,19.4,97,1.7,200,,1001.8,1009.8,,,10,10,21.7
2025-06-18 06:00,112,인천,19.1,96,1.9,230,,1002.3,1010.3,0.0,0.02,10,10,21.6
2025-06-18 07:00,112,인천,19.2,97,0.8,180,,1002.5,1010.5,0.0,0.12,10,10,21.8
2025-06-18 08:00,112,인천,19.8,93,2.5,180,,1002.8,1010.8,0.0,0.56,9,9,23.3
2025-06-18 09:00,112,인천,20.3,93,1.8,230,,1003.4,1011.4,0.0,0.86,9,9,24.6
2025-06-18 10:00,112,인천,21.7,85,2.3,230,,1003.6,1011.6,0.8,2.28,3,3,27.9
2025-06-18 11:00,112,인천,22.9,80,3.0,250,,1003.9,1011.8,1.0,2.96,0,0,30.3
2025-06-18 12:00,112,인천,23.5,78,3.4,250,,1003.8,1011.7,1.0,3.29,1,0,37.2
2025-06-18 13:00,112,인천,23.9,78,2.3,230,,1003.9,1011.8,1.0,3.44,4,0,42.8
2025-06-18 14:00,112,인천,24.9,74,2.8,230,,1003.8,1011.7,1.0,3.38,4,0,42.3
2025-06-18 15:00,112,인천,25.4,72,2.4,230,,1003.5,1011.4,1.0,3.07,0,0,41.7
2025-06-18 16:00,112,인천,25.8,64,3.1,230,,1003.5,1011.4,1.0,2.57,1,0,36.5
2025-06-18 17:00,112,인천,26.4,60,2.3,250,,1003.3,1011.1,1.0,1.95,2,0,34.1
2025-06-18 18:00,112,인천,25.4,59,2.6,270,,1003.2,1011.1,0.9,0.96,6,0,29.3
2025-06-18 19:00,112,인천,24.2,58,2.6,250,,1003.1,1011.0,0.0,0.37,8,0,26.4
2025-06-18 20:00,112,인천,23.5,57,1.4,250,,1003.3,1011.2,0.0,0.1,8,0,24.4
2025-06-18 21:00,112,인천,23.1,59,1.6,250,,1004.1,1012.0,,,8,0,23.3
2025-06-18 22:00,112,인천,22.6,62,1.3,230,,1004.4,1012.4,,,7,0,22.7
2025-06-18 23:00,112,인천,22.2,64,0.2,0,,1004.7,1012.7,,,4,0,21.9
2025-06-19 00:00,112,인천,22.0,67,0.5,320,,1005.1,1013.0,,,6,0,21.4
2025-06-19 01:00,112,인천,21.9,70,0.4,0,,1005.2,1013.2,,,6,0,21.2
2025-06-19 02:00,112,인천,21.4,70,1.1,110,,1004.9,1012.9,,,7,0,20.9
2025-06-19 03:00,112,인천,21.3,69,2.1,160,,1005.1,1013.1,,,0,0,20.4
2025-06-19 04:00,112,인천,21.0,68,0.3,0,,1005.3,1013.3,,,0,0,20.0
2025-06-19 05:00,112,인천,20.8,70,1.0,140,,1005.4,1013.4,,,2,0,19.7
2025-06-19 06:00,112,인천,20.8,78,1.7,200,,1005.4,1013.4,0.0,0.07,6,0,20.3
2025-06-19 07:00,112,인천,20.3,88,2.7,200,,1005.7,1013.7,0.7,0.45,3,0,21.4
2025-06-19 08:00,112,인천,21.3,85,1.7,180,,1005.6,1013.6,1.0,1.05,7,0,25.1
2025-06-19 09:00,112,인천,23.3,79,1.1,180,,1005.5,1013.4,1.0,1.63,6,0,29.7
2025-06-19 10:00,112,인천,24.7,74,1.3,200,,1005.1,1013.0,1.0,2.36,7,0,37.3
2025-06-19 11:00,112,인천,27.2,64,1.6,200,,1005.0,1012.8,1.0,2.89,7,0,43.3
2025-06-19 12:00,112,인천,27.7,63,2.6,200,,1004.9,1012.7,1.0,3.24,3,0,46.0
2025-06-19 13:00,112,인천,29.0,60,2.6,230,,1004.2,1012.0,0.9,3.3,7,7,43.2
2025-06-19 14:00,112,인천,28.9,58,3.1,230,,1004.1,1011.9,0.4,2.34,8,8,38.8
2025-06-19 15:00,112,인천,28.7,59,1.8,230,,1003.7,1011.5,0.1,1.41,10,10,35.2
2025-06-19 16:00,112,인천,29.0,60,2.9,200,0.0,1003.4,1011.2,0.0,1.05,10,3,34.3
2025-06-19 17:00,112,인천,29.2,65,3.7,180,0.0,1002.9,1010.7,0.4,1.29,8,4,33.6
2025-06-19 18:00,112,인천,29.6,62,2.5,160,0.0,1002.4,1010.1,0.8,1.17,4,1,31.7
2025-06-19 19:00,112,인천,29.1,64,2.6,180,,1002.4,1010.2,0.4,0.4,8,1,28.5
2025-06-19 20:00,112,인천,28.5,66,2.6,160,,1002.2,1010.0,0.0,0.09,6,2,26.9
2025-06-19 21:00,112,인천,26.6,76,2.5,230,,1003.0,1010.8,,,9,9,26.0
2025-06-19 22:00,112,인천,26.0,78,1.5,200,,1002.5,1010.3,,,9,2,25.5
2025-06-19 23:00,112,인천,26.3,80,1.9,180,,1002.0,1009.8,,,10,5,25.4
2025-06-20 00:00,112,인천,25.8,86,3.1,200,0.2,1001.4,1009.2,,,10,7,24.9
2025-06-20 01:00,112,인천,23.0,99,4.4,200,22.8,1001.6,1009.5,,,10,8,23.5
2025-06-20 02:00,112,인천,23.3,99,2.8,160,1.0,1000.9,1008.8,,,10,6,23.8
2025-06-20 03:00,112,인천,23.8,99,4.2,160,0.7,999.8,1007.7,,,10,7,24.0
2025-06-20 04:00,112,인천,23.7,99,5.1,160,12.1,998.3,1006.2,,,10,8,23.9
2025-06-20 05:00,112,인천,22.2,100,4.5,250,30.8,998.6,1006.5,,,10,9,22.7
2025-06-20 06:00,112,인천,23.2,100,6.2,180,15.1,998.8,1006.7,0.0,0.01,10,7,23.4
2025-06-20 07:00,112,인천,23.4,100,6.6,180,3.2,998.3,1006.2,0.0,0.04,10,8,23.7
2025-06-20 08:00,112,인천,23.7,98,7.3,160,0.5,997.9,1005.8,0.0,0.18,10,7,24.2
2025-06-20 09:00,112,인천,23.8,99,5.5,160,0.4,997.1,1005.0,0.0,0.26,10,4,24.5
2025-06-20 10:00,112,인천,23.8,100,5.4,160,1.9,996.6,1004.5,0.0,0.27,10,8,24.5
2025-06-20 11:00,112,인천,23.8,99,6.3,160,3.7,996.4,1004.3,0.0,0.27,10,8,25.1
2025-06-20 12:00,112,인천,23.9,97,6.7,160,0.4,995.6,1003.4,0.0,0.55,10,6,24.8
2025-06-20 13:00,112,인천,23.9,98,5.9,160,0.9,994.2,1002.0,0.0,0.44,10,8,24.8
2025-06-20 14:00,112,인천,23.2,99,7.6,200,5.5,994.5,1002.4,0.0,0.22,10,8,24.1
2025-06-20 15:00,112,인천,22.4,100,4.6,200,2.4,994.0,1001.9,0.0,0.21,10,8,23.7
2025-06-20 16:00,112,인천,22.3,99,8.3,200,4.6,993.2,1001.1,0.0,0.23,10,8,23.3
2025-06-20 17:00,112,인천,22.3,100,7.7,180,5.3,992.6,1000.5,0.0,0.14,10,8,23.1
2025-06-20 18:00,112,인천,22.1,99,7.8,200,1.6,992.5,1000.4,0.0,0.07,10,7,22.8
2025-06-20 19:00,112,인천,21.5,100,5.8,200,0.5,993.4,1001.3,0.0,0.02,10,8,22.5
2025-06-20 20:00,112,인천,21.2,99,7.5,200,0.1,994.2,1002.1,0.0,0.01,10,8,22.2
2025-06-20 21:00,112,인천,20.5,100,4.2,230,0.0,994.8,1002.7,,,10,8,21.9
2025-06-20 22:00,112,인천,20.6,99,4.3,200,0.0,995.3,1003.2,,,10,7,21.8
2025-06-20 23:00,112,인천,20.4,99,4.6,200,0.0,995.5,1003.5,,,10,10,21.7
2025-06-21 00:00,112,인천,20.0,99,4.0,200,,995.5,1003.5,,,10,10,21.5
2025-06-21 01:00,112,인천,19.5,99,1.8,230,0.1,995.1,1003.1,,,10,10,21.3
2025-06-21 02:00,112,인천,19.5,99,2.2,200,0.0,995.1,1003.1,,,10,10,21.3
2025-06-21 03:00,112,인천,19.3,99,2.5,200,,995.0,1003.0,,,10,10,21.1
2025-06-21 04:00,112,인천,19.3,99,0.5,230,,994.4,1002.4,,,10,10,21.3
2025-06-21 05:00,112,인천,19.4,99,0.6,250,,994.7,1002.7,,,10,10,21.2
2025-06-21 06:00,112,인천,19.5,99,1.4,160,,995.2,1003.2,0.0,0.02,9,9,21.3
2025-06-21 07:00,112,인천,19.9,99,1.7,230,,995.5,1003.5,0.0,0.22,9,9,22.1
2025-06-21 08:00,112,인천,20.0,99,1.4,200,,996.1,1004.1,0.0,0.3,10,10,22.7
2025-06-21 09:00,112,인천,20.0,99,2.3,200,,997.2,1005.2,0.0,0.66,10,10,23.6
2025-06-21 10:00,112,인천,20.2,99,1.6,160,,996.2,1004.2,0.0,0.49,10,10,23.6
2025-06-21 11:00,112,인천,20.7,99,1.2,200,,996.5,1004.5,0.0,0.63,10,10,24.9
2025-06-21 12:00,112,인천,20.8,99,1.7,230,,996.7,1004.7,0.0,0.67,10,10,24.8
2025-06-21 13:00,112,인천,20.3,99,2.3,200,,996.6,1004.6,0.0,0.36,10,10,24.1
2025-06-21 14:00,112,인천,20.4,99,1.5,160,0.0,996.1,1004.1,0.0,0.42,10,10,24.2
2025-06-21 15:00,112,인천,20.8,99,2.1,200,0.0,996.2,1004.1,0.0,0.75,10,5,25.0
2025-06-21 16:00,112,인천,20.7,98,2.8,200,0.0,996.3,1004.3,0.0,1.01,10,6,25.7
2025-06-21 17:00,112,인천,20.4,98,2.7,180,,996.3,1004.3,0.0,0.85,10,8,25.1
2025-06-21 18:00,112,인천,20.2,98,2.0,200,,996.2,1004.2,0.0,0.7,10,7,24.3
2025-06-21 19:00,112,인천,19.6,97,2.1,200,,996.6,1004.6,0.0,0.16,9,0,22.8
2025-06-21 20:00,112,인천,19.3,96,2.4,180,,996.5,1004.5,0.0,0.04,10,4,21.9
2025-06-21 21:00,112,인천,19.2,98,1.9,200,,997.2,1005.2,,,9,0,21.3
2025-06-21 22:00,112,인천,18.9,96,2.5,230,,997.7,1005.7,,,8,0,20.6
2025-06-21 23:00,112,인천,18.7,97,2.6,250,,997.7,1005.7,,,9,0,20.4
2025-06-22 00:00,112,인천,18.3,97,1.7,200,,997.5,1005.5,,,9,0,20.0
2025-06-22 01:00,112,인천,18.2,98,1.6,200,,997.4,1005.4,,,7,0,19.7
2025-06-22 02:00,112,인천,17.9,98,2.0,200,,997.4,1005.4,,,4,0,19.2
2025-06-22 03:00,112,인천,17.6,98,1.6,200,,997.4,1005.5,,,0,0,18.8
2025-06-22 04:00,112,인천,17.4,99,1.9,200,,997.6,1005.7,,,0,0,18.4
2025-06-22 05:00,112,인천,17.3,99,1.9,180,,997.9,1006.0,,,0,0,18.1
2025-06-22 06:00,112,인천,17.3,99,2.7,180,,998.1,1006.2,0.0,0.06,0,0,18.3
2025-06-22 07:00,112,인천,18.1,98,2.4,160,,998.7,1006.8,1.0,0.54,0,0,19.9
2025-06-22 08:00,112,인천,19.1,96,2.1,180,,999.2,1007.2,1.0,1.23,0,0,23.1
2025-06-22 09:00,112,인천,20.4,90,2.8,230,,999.6,1007.6,1.0,1.91,1,1,26.7
2025-06-22 10:00,112,인천,21.1,83,2.7,200,,999.5,1007.5,1.0,2.58,0,0,30.4
2025-06-22 11:00,112,인천,22.0,83,3.0,230,,999.8,1007.7,1.0,3.09,0,0,32.8
2025-06-22 12:00,112,인천,22.5,82,2.8,230,,999.5,1007.4,1.0,3.44,0,0,34.6
2025-06-22 13:00,112,인천,22.4,79,3.1,250,,999.5,1007.4,1.0,3.58,0,0,34.9
2025-06-22 14:00,112,인천,22.8,79,2.9,200,,999.0,1006.9,1.0,3.49,0,0,34.6
2025-06-22 15:00,112,인천,22.6,82,4.1,200,,998.8,1006.7,1.0,3.2,0,0,32.3
2025-06-22 16:00,112,인천,22.7,84,4.3,230,,998.7,1006.6,1.0,2.72,0,0,29.9
2025-06-22 17:00,112,인천,22.8,84,3.5,200,,998.6,1006.5,1.0,2.1,0,0,28.8
2025-06-22 18:00,112,인천,22.5,83,2.5,200,,998.7,1006.6,1.0,1.39,0,0,26.6
2025-06-22 19:00,112,인천,21.8,86,2.9,200,,998.9,1006.8,1.0,0.68,0,0,24.4
2025-06-22 20:00,112,인천,20.4,90,2.5,180,,999.1,1007.1,0.6,0.15,0,0,23.1
2025-06-22 21:00,112,인천,19.6,93,1.7,200,,999.6,1007.6,,,0,0,22.1
2025-06-22 22:00,112,인천,19.3,94,2.0,200,,1000.0,1008.0,,,0,0,21.4
2025-06-22 23:00,112,인천,19.1,94,1.1,200,,1000.2,1008.2,,,0,0,20.9
2025-06-23 00:00,112,인천,19.0,95,2.1,180,,1000.1,1008.1,,,0,0,20.5
2025-06-23 01:00,112,인천,18.6,96,2.3,200,,1000.0,1008.0,,,0,0,20.2
2025-06-23 02:00,112,인천,18.7,96,1.3,200,,1000.1,1008.1,,,4,4,20.5
2025-06-23 03:00,112,인천,18.8,96,2.0,180,,1000.3,1008.3,,,8,8,20.5
2025-06-23 04:00,112,인천,18.7,96,2.0,200,,1000.5,1008.5,,,7,7,20.4
2025-06-23 05:00,112,인천,18.7,96,1.1,200,,1000.5,1008.5,,,4,4,20.3
2025-06-23 06:00,112,인천,18.7,96,1.1,230,,1000.5,1008.5,0.0,0.05,3,3,20.4
2025-06-23 07:00,112,인천,19.3,96,0.2,0,,1000.8,1008.8,0.0,0.37,8,8,21.8
2025-06-23 08:00,112,인천,20.3,93,1.1,290,,1000.9,1008.9,0.9,1.1,1,1,24.9
2025-06-23 09:00,112,인천,21.6,90,1.7,320,,1000.9,1008.9,1.0,1.8,0,0,27.9
2025-06-23 10:00,112,인천,22.8,86,1.8,270,,1000.8,1008.7,1.0,2.43,0,0,31.8
2025-06-23 11:00,112,인천,24.0,81,2.2,250,,1000.7,1008.6,1.0,2.96,0,0,34.3
2025-06-23 12:00,112,인천,25.6,77,2.1,250,,1000.4,1008.2,1.0,3.29,0,0,36.3
2025-06-23 13:00,112,인천,25.4,75,3.1,250,,1000.0,1007.8,1.0,3.42,0,0,36.4
2025-06-23 14:00,112,인천,25.7,75,2.8,230,,999.7,1007.5,1.0,3.35,0,0,35.9
2025-06-23 15:00,112,인천,26.3,74,2.6,230,,999.4,1007.2,1.0,3.05,0,0,34.4
2025-06-23 16:00,112,인천,28.2,69,2.2,290,,998.8,1006.6,1.0,2.63,0,0,33.0
2025-06-23 17:00,112,인천,28.5,67,2.1,320,,998.3,1006.0,1.0,2.04,0,0,31.7
2025-06-23 18:00,112,인천,28.2,68,1.6,290,,998.2,1005.9,1.0,1.35,0,0,29.5
2025-06-23 19:00,112,인천,27.2,70,2.3,290,,998.4,1006.2,1.0,0.65,4,0,27.5
2025-06-23 20:00,112,인천,25.8,74,1.9,270,,998.8,1006.6,0.4,0.13,7,0,26.0
2025-06-23 21:00,112,인천,24.8,77,1.7,290,,999.4,1007.3,,,6,0,24.9
2025-06-23 22:00,112,인천,24.4,78,1.6,340,,999.7,1007.6,,,0,0,24.3
2025-06-23 23:00,112,인천,23.8,77,2.2,320,,999.7,1007.6,,,0,0,23.7
2025-06-24 00:00,112,인천,23.3,79,1.1,290,,999.7,1007.5,,,0,0,23.2
2025-06-24 01:00,112,인천,22.6,82,1.5,320,,999.6,1007.5,,,5,0,22.8
2025-06-24 02:00,112,인천,22.6,87,1.9,320,,999.4,1007.3,,,7,0,22.6
2025-06-24 03:00,112,인천,23.0,89,1.5,50,,999.5,1007.4,,,8,0,22.5
2025-06-24 04:00,112,인천,23.0,88,1.0,250,,999.9,1007.8,,,8,3,22.6
2025-06-24 05:00,112,인천,22.9,88,1.5,340,,1000.2,1008.1,,,9,0,22.4
2025-06-24 06:00,112,인천,23.2,89,0.6,360,,1000.4,1008.3,0.0,0.03,9,0,22.7
2025-06-24 07:00,112,인천,23.6,89,1.4,50,,1000.9,1008.8,0.0,0.21,9,0,23.6
2025-06-24 08:00,112,인천,24.1,83,1.9,70,,1000.9,1008.8,0.0,0.32,9,0,24.3
2025-06-24 09:00,112,인천,24.6,76,2.2,90,,1000.9,1008.8,0.0,0.46,9,0,25.0
2025-06-24 10:00,112,인천,25.2,71,2.1,70,,1000.7,1008.6,0.0,0.6,9,0,25.9
2025-06-24 11:00,112,인천,26.7,63,2.0,70,,1000.6,1008.4,0.3,1.65,9,0,29.6
2025-06-24 12:00,112,인천,27.0,62,2.3,110,,1000.2,1008.0,0.0,1.27,9,0,29.7
2025-06-24 13:00,112,인천,28.0,60,2.2,70,,1000.0,1007.8,0.1,1.8,9,0,30.9
2025-06-24 14:00,112,인천,27.8,59,1.7,90,,1000.0,1007.8,0.0,1.17,9,0,29.4
2025-06-24 15:00,112,인천,27.0,50,3.1,70,,999.4,1007.2,0.0,0.63,9,0,27.5
2025-06-24 16:00,112,인천,26.8,51,2.9,70,,998.3,1006.1,0.0,0.55,9,7,26.5
2025-06-24 17:00,112,인천,26.7,51,2.2,70,,998.6,1006.4,0.0,0.55,9,7,26.5
2025-06-24 18:00,112,인천,26.5,52,2.7,50,,998.9,1006.7,0.0,0.47,10,10,26.0
2025-06-24 19:00,112,인천,26.0,57,1.8,20,,999.3,1007.1,0.0,0.17,10,8,24.9
2025-06-24 20:00,112,인천,25.5,57,2.2,70,0.0,999.2,1007.0,0.0,0.02,10,2,24.3
2025-06-24 21:00,112,인천,25.1,62,2.8,90,0.0,999.3,1007.1,,,10,6,23.7
2025-06-24 22:00,112,인천,22.3,86,2.5,90,1.7,1000.0,1007.9,,,10,6,23.1
2025-06-24 23:00,112,인천,20.8,91,4.0,70,0.4,999.8,1007.8,,,10,2,22.5
2025-06-25 00:00,112,인천,20.8,88,3.1,70,,999.4,1007.4,,,10,2,22.2
2025-06-25 01:00,112,인천,20.8,84,2.8,70,0.0,999.2,1007.2,,,10,10,22.1
2025-06-25 02:00,112,인천,20.9,80,3.6,90,0.0,998.6,1006.6,,,10,8,21.7
2025-06-25 03:00,112,인천,20.6,81,4.1,70,0.3,998.0,1006.0,,,10,8,21.5
2025-06-25 04:00,112,인천,20.4,82,2.9,70,0.0,997.8,1005.8,,,10,6,21.3
2025-06-25 05:00,112,인천,20.5,80,3.0,70,,998.1,1006.1,,,9,9,21.3
2025-06-25 06:00,112,인천,20.5,82,2.0,70,0.0,998.1,1006.1,0.0,0.02,10,8,21.5
2025-06-25 07:00,112,인천,19.8,90,2.6,70,0.1,998.1,1006.1,0.0,0.08,10,7,21.5
2025-06-25 08:00,112,인천,19.7,92,2.3,50,0.3,998.5,1006.5,0.0,0.16,10,7,21.8
2025-06-25 09:00,112,인천,20.0,92,2.7,70,0.3,998.8,1006.8,0.0,0.31,10,4,22.7
2025-06-25 10:00,112,인천,20.6,92,2.3,70,0.0,998.5,1006.5,0.0,0.55,10,2,23.6
2025-06-25 11:00,112,인천,20.9,90,2.8,70,,998.4,1006.4,0.0,0.49,10,6,23.6
2025-06-25 12:00,112,인천,21.3,89,2.5,70,0.0,998.2,1006.1,0.0,0.47,10,8,24.5
2025-06-25 13:00,112,인천,21.5,89,2.3,70,0.0,998.4,1006.3,0.0,0.64,10,7,24.3
2025-06-25 14:00,112,인천,21.7,91,2.0,90,0.0,998.1,1006.0,0.0,0.82,10,5,25.1
2025-06-25 15:00,112,인천,21.4,93,2.2,70,1.1,998.0,1005.9,0.0,0.35,10,5,24.3
2025-06-25 16:00,112,인천,21.6,94,1.0,90,0.1,998.1,1006.0,0.0,0.32,10,7,24.1
2025-06-25 17:00,112,인천,21.2,95,2.6,50,1.0,997.9,1005.8,0.0,0.16,10,6,23.6
2025-06-25 18:00,112,인천,21.3,95,2.3,50,0.8,997.7,1005.6,0.0,0.14,10,6,23.4
2025-06-25 19:00,112,인천,21.3,96,0.6,110,0.7,998.1,1006.0,0.0,0.1,10,10,23.0
2025-06-25 20:00,112,인천,21.1,95,0.9,230,0.2,998.4,1006.4,0.0,0.03,10,10,22.7
2025-06-25 21:00,112,인천,20.7,96,1.2,180,0.4,999.4,1007.4,,,10,10,22.2
2025-06-25 22:00,112,인천,20.2,96,2.8,270,2.1,999.7,1007.7,,,10,10,21.9
2025-06-25 23:00,112,인천,19.7,96,2.7,320,0.4,999.8,1007.8,,,10,10,21.6
2025-06-26 00:00,112,인천,19.7,96,0.9,20,0.0,999.8,1007.7,,,10,10,21.5
2025-06-26 01:00,112,인천,19.9,97,1.1,180,0.0,999.9,1007.9,,,9,9,21.3
2025-06-26 02:00,112,인천,19.8,97,2.2,270,,1000.5,1008.5,,,10,9,21.3
2025-06-26 03:00,112,인천,19.8,97,0.6,270,0.0,1000.7,1008.7,,,10,10,21.3
2025-06-26 04:00,112,인천,19.7,98,2.6,250,0.1,1000.6,1008.6,,,10,10,21.1
2025-06-26 05:00,112,인천,19.8,98,2.4,250,0.2,1000.7,1008.7,,,10,10,21.1
2025-06-26 06:00,112,인천,19.8,98,2.3,250,,1000.9,1008.9,0.0,0.01,10,10,21.1
2025-06-26 07:00,112,인천,19.9,98,1.1,250,,1000.9,1008.9,0.0,0.12,10,10,21.7
2025-06-26 08:00,112,인천,20.4,97,1.9,270,,1001.4,1009.4,0.0,0.49,10,10,23.5
2025-06-26 09:00,112,인천,21.2,95,1.4,230,,1001.6,1009.6,0.0,1.01,9,9,25.4
2025-06-26 10:00,112,인천,22.4,91,2.2,200,,1001.5,1009.4,0.4,1.98,8,8,30.5
2025-06-26 11:00,112,인천,22.8,89,3.4,230,,1001.7,1009.6,0.8,2.97,7,7,34.0
2025-06-26 12:00,112,인천,22.1,88,3.2,230,,1001.6,1009.6,0.5,2.87,8,8,30.6
2025-06-26 13:00,112,인천,22.5,84,2.9,230,,1001.4,1009.3,0.0,2.03,9,9,30.5
2025-06-26 14:00,112,인천,21.7,88,2.7,230,,1001.6,1009.6,0.0,0.8,9,9,27.0
2025-06-26 15:00,112,인천,22.2,86,2.9,230,,1001.4,1009.3,0.0,0.89,9,9,27.5
2025-06-26 16:00,112,인천,23.8,77,2.8,200,,1001.3,1009.2,0.8,2.48,7,2,29.1
2025-06-26 17:00,112,인천,23.7,77,3.0,200,,1001.3,1009.2,1.0,2.09,6,0,28.0
2025-06-26 18:00,112,인천,23.2,78,2.5,250,,1001.3,1009.2,0.6,0.95,8,0,26.3
2025-06-26 19:00,112,인천,23.0,79,2.4,250,,1001.3,1009.2,0.8,0.61,7,0,24.8
2025-06-26 20:00,112,인천,22.1,83,1.6,230,,1001.3,1009.2,0.4,0.16,7,0,23.5
2025-06-26 21:00,112,인천,21.2,87,1.4,290,,1001.1,1009.1,,,2,0,22.6
2025-06-26 22:00,112,인천,20.9,87,0.6,290,,1001.3,1009.3,,,8,0,22.1
2025-06-26 23:00,112,인천,20.7,89,0.8,290,,1001.4,1009.4,,,9,0,21.9
2025-06-27 00:00,112,인천,20.7,89,1.2,320,,1001.4,1009.4,,,6,0,21.7
2025-06-27 01:00,112,인천,20.6,90,1.1,320,,1001.7,1009.7,,,10,7,21.7
2025-06-27 02:00,112,인천,20.4,91,1.0,320,,1001.4,1009.4,,,10,4,21.4
2025-06-27 03:00,112,인천,20.5,92,0.7,360,0.0,1001.0,1009.0,,,9,2,21.5
2025-06-27 04:00,112,인천,20.5,92,0.5,20,0.0,1000.8,1008.8,,,9,1,21.5
2025-06-27 05:00,112,인천,20.8,92,0.8,230,,1001.2,1009.2,,,9,9,21.7
2025-06-27 06:00,112,인천,20.9,92,1.3,250,,1001.3,1009.3,0.0,0.02,9,9,21.9
2025-06-27 07:00,112,인천,21.0,93,0.6,200,,1001.7,1009.7,0.0,0.15,10,3,22.3
2025-06-27 08:00,112,인천,21.3,93,1.8,230,,1002.0,1010.0,0.0,0.32,10,5,23.0
2025-06-27 09:00,112,인천,21.3,92,1.4,200,0.0,1001.7,1009.7,0.0,0.4,10,6,23.6
2025-06-27 10:00,112,인천,22.5,90,0.9,230,0.0,1002.1,1010.0,0.0,0.82,10,3,25.7
2025-06-27 11:00,112,인천,23.3,86,1.0,290,0.0,1001.9,1009.8,0.1,1.29,10,4,29.0
2025-06-27 12:00,112,인천,24.0,84,1.5,340,,1001.4,1009.3,0.0,1.35,10,4,28.5
2025-06-27 13:00,112,인천,25.4,78,2.6,90,0.0,1000.7,1008.5,0.0,1.57,10,2,29.6
2025-06-27 14:00,112,인천,27.3,73,1.8,110,,1000.2,1008.0,0.4,2.41,8,0,34.1
2025-06-27 15:00,112,인천,27.4,72,3.3,230,,999.8,1007.6,0.7,2.65,5,0,33.2
2025-06-27 16:00,112,인천,26.9,74,3.0,230,,999.5,1007.3,0.9,2.37,4,0,31.3
2025-06-27 17:00,112,인천,26.8,74,2.8,250,,999.4,1007.2,1.0,1.92,5,0,30.2
2025-06-27 18:00,112,인천,26.6,74,2.4,250,,999.3,1007.1,1.0,1.18,3,0,28.2
2025-06-27 19:00,112,인천,26.2,76,1.8,320,,999.4,1007.2,0.4,0.44,6,1,26.8
2025-06-27 20:00,112,인천,25.5,79,1.4,320,,999.7,1007.5,0.0,0.04,10,6,25.8
2025-06-27 21:00,112,인천,25.2,80,0.8,230,,1000.1,1007.9,,,7,7,25.2
2025-06-27 22:00,112,인천,24.3,84,2.5,230,,1000.6,1008.5,,,10,3,24.6
2025-06-27 23:00,112,인천,24.5,84,0.9,320,,1000.6,1008.5,,,10,2,24.4
2025-06-28 00:00,112,인천,24.0,84,0.0,0,,1000.8,1008.6,,,9,5,24.1
2025-06-28 01:00,112,인천,24.1,85,1.0,140,,1000.5,1008.4,,,10,3,24.1
2025-06-28 02:00,112,인천,24.3,85,1.3,200,0.0,1000.6,1008.5,,,10,7,24.1
2025-06-28 03:00,112,인천,24.3,87,2.0,160,0.0,1000.1,1008.0,,,10,6,24.1
2025-06-28 04:00,112,인천,24.4,87,2.7,160,,999.9,1007.8,,,10,6,23.9
2025-06-28 05:00,112,인천,24.5,92,2.9,200,0.0,1000.2,1008.1,,,10,8,23.9
2025-06-28 06:00,112,인천,23.9,93,1.7,200,0.0,1000.3,1008.2,0.0,0.0,10,7,23.9
2025-06-28 07:00,112,인천,23.9,96,2.4,160,0.5,1000.4,1008.3,0.0,0.05,10,8,24.1
2025-06-28 08:00,112,인천,24.0,97,2.4,160,0.0,1000.4,1008.3,0.0,0.14,10,8,24.4
2025-06-28 09:00,112,인천,24.1,97,2.2,160,0.0,1000.3,1008.2,0.0,0.17,10,8,24.6
2025-06-28 10:00,112,인천,24.3,96,2.6,200,0.0,1000.1,1008.0,0.0,0.19,10,8,24.8
2025-06-28 11:00,112,인천,24.1,96,1.9,200,0.0,1000.0,1007.9,0.0,0.32,10,8,25.5
2025-06-28 12:00,112,인천,24.9,96,2.3,200,0.0,999.9,1007.8,0.0,0.78,10,7,28.2
2025-06-28 13:00,112,인천,24.9,94,1.7,250,0.0,999.8,1007.7,0.0,0.9,10,5,27.6
2025-06-28 14:00,112,인천,25.1,93,1.4,200,0.0,999.4,1007.2,0.0,0.84,10,5,28.7
2025-06-28 15:00,112,인천,25.6,91,2.4,230,,999.3,1007.1,0.0,1.51,10,3,29.8
2025-06-28 16:00,112,인천,25.4,91,2.2,230,,999.1,1006.9,0.0,0.89,9,9,28.7
2025-06-28 17:00,112,인천,25.3,91,1.6,230,,998.9,1006.7,0.0,0.96,9,9,28.8
2025-06-28 18:00,112,인천,24.8,91,1.9,230,,998.8,1006.6,0.2,0.71,10,6,27.4
2025-06-28 19:00,112,인천,25.0,91,1.2,200,0.0,998.8,1006.6,0.0,0.41,10,4,26.8
2025-06-28 20:00,112,인천,24.7,92,1.2,200,0.0,998.7,1006.6,0.0,0.06,10,5,25.7
2025-06-28 21:00,112,인천,24.4,94,1.5,230,0.0,999.2,1007.1,,,9,9,25.2
2025-06-28 22:00,112,인천,24.3,94,0.6,250,,999.2,1007.1,,,7,7,25.0
2025-06-28 23:00,112,인천,24.1,94,1.2,180,,998.8,1006.7,,,7,6,24.8
2025-06-29 00:00,112,인천,24.2,96,1.7,180,,998.7,1006.5,,,9,9,24.7
2025-06-29 01:00,112,인천,24.0,96,2.0,180,0.0,998.9,1006.8,,,10,10,24.5
2025-06-29 02:00,112,인천,23.6,97,1.8,180,0.0,999.1,1007.0,,,10,10,24.4
2025-06-29 03:00,112,인천,23.6,97,1.4,200,0.0,999.4,1007.3,,,10,10,24.3
2025-06-29 04:00,112,인천,23.6,98,2.2,180,0.3,999.3,1007.2,,,10,10,24.1
2025-06-29 05:00,112,인천,23.5,98,2.5,180,0.0,999.6,1007.5,,,10,10,24.0
2025-06-29 06:00,112,인천,23.4,97,2.4,180,,1000.0,1007.9,0.0,0.01,9,9,23.9
2025-06-29 07:00,112,인천,23.6,96,2.9,160,,1000.2,1008.1,0.0,0.1,9,9,24.2
2025-06-29 08:00,112,인천,23.8,96,2.4,160,0.0,1000.6,1008.5,0.0,0.24,10,10,24.9
2025-06-29 09:00,112,인천,24.0,96,1.9,180,0.0,1000.6,1008.5,0.0,0.36,10,10,25.5
2025-06-29 10:00,112,인천,25.8,91,2.9,180,,1000.9,1008.7,0.2,1.29,9,7,30.6
2025-06-29 11:00,112,인천,26.3,86,3.2,180,,1000.8,1008.6,0.1,1.62,10,5,30.0
2025-06-29 12:00,112,인천,26.2,87,3.1,200,,1000.5,1008.3,0.0,1.06,10,5,28.9
2025-06-29 13:00,112,인천,26.5,86,3.3,230,,1000.3,1008.1,0.1,2.03,10,6,31.0
2025-06-29 14:00,112,인천,25.7,88,2.5,230,,1000.0,1007.8,0.0,0.82,9,9,29.4
2025-06-29 15:00,112,인천,27.3,83,2.7,230,,1000.3,1008.1,0.3,2.26,7,7,33.2
2025-06-29 16:00,112,인천,28.2,78,3.0,200,,1000.0,1007.8,1.0,2.67,2,2,32.3
2025-06-29 17:00,112,인천,28.1,76,3.5,230,,1000.1,1007.9,1.0,2.1,1,1,31.2
2025-06-29 18:00,112,인천,27.8,76,2.1,230,,1000.1,1007.9,1.0,1.45,3,3,29.3
2025-06-29 19:00,112,인천,27.2,77,2.2,230,,1000.2,1008.0,1.0,0.74,2,0,27.2
2025-06-29 20:00,112,인천,26.1,81,1.6,230,,1000.2,1008.0,0.6,0.15,0,0,26.0
2025-06-29 21:00,112,인천,25.5,84,2.5,230,,1001.0,1008.8,,,6,6,25.2
2025-06-29 22:00,112,인천,25.4,87,2.1,160,,1001.3,1009.2,,,0,0,25.1
2025-06-29 23:00,112,인천,25.5,89,2.6,180,,1001.6,1009.5,,,0,0,24.6
2025-06-30 00:00,112,인천,25.4,90,2.3,180,,1002.0,1009.9,,,9,9,24.7
2025-06-30 01:00,112,인천,25.3,91,2.5,200,,1002.2,1010.1,,,0,0,24.9
2025-06-30 02:00,112,인천,24.8,94,2.5,180,,1002.1,1010.0,,,0,0,24.8
2025-06-30 03:00,112,인천,24.8,93,2.5,180,,1001.9,1009.8,,,9,9,24.7
2025-06-30 04:00,112,인천,24.8,93,2.3,160,,1002.1,1010.0,,,8,8,24.4
2025-06-30 05:00,112,인천,25.0,93,2.1,160,,1002.2,1010.1,,,9,9,24.4
2025-06-30 06:00,112,인천,25.1,94,2.9,160,,1002.6,1010.5,0.0,0.04,9,9,24.7
2025-06-30 07:00,112,인천,25.4,92,3.1,160,,1002.8,1010.7,0.0,0.29,9,9,25.7
2025-06-30 08:00,112,인천,25.7,91,3.6,180,,1003.0,1010.9,0.2,0.61,9,9,26.5
2025-06-30 09:00,112,인천,26.2,86,2.7,180,,1003.0,1010.8,0.0,0.59,9,9,27.1
2025-06-30 10:00,112,인천,27.7,83,3.9,180,,1003.1,1010.9,0.3,1.63,8,4,33.0
2025-06-30 11:00,112,인천,28.2,80,4.2,200,,1003.2,1011.0,0.4,2.01,8,3,33.4
2025-06-30 12:00,112,인천,27.5,81,2.5,250,,1003.2,1011.0,0.2,1.93,9,9,31.8
2025-06-30 13:00,112,인천,27.7,81,2.8,230,,1003.4,1011.2,0.0,1.93,9,3,33.5
2025-06-30 14:00,112,인천,28.3,79,2.6,230,,1003.2,1011.0,0.6,2.5,9,1,35.4
2025-06-30 15:00,112,인천,28.2,79,3.0,250,,1003.0,1010.8,0.6,2.42,7,3,35.1
2025-06-30 16:00,112,인천,27.8,80,2.9,200,,1002.9,1010.7,0.4,1.95,9,2,32.9
2025-06-30 17:00,112,인천,27.3,84,1.9,200,,1002.6,1010.4,0.1,1.03,7,1,30.9
2025-06-30 18:00,112,인천,27.9,82,2.2,200,,1002.3,1010.1,0.4,1.01,7,1,30.2
2025-06-30 19:00,112,인천,27.7,82,2.5,200,,1002.5,1010.3,1.0,0.82,3,0,28.1
2025-06-30 20:00,112,인천,26.6,85,1.8,200,,1002.4,1010.2,0.2,0.1,6,1,26.8
2025-06-30 21:00,112,인천,26.2,86,1.9,180,,1002.7,1010.5,,,6,0,26.1
2025-06-30 22:00,112,인천,25.9,87,2.0,200,,1003.6,1011.5,,,4,0,25.6
2025-06-30 23:00,112,인천,26.0,87,2.6,180,,1003.6,1011.5,,,6,6,25.5
2025-06-01 00:00,136,안동,16.1,68,0.0,0,,994.8,1011.4,,,0,0,17.1
2025-06-01 01:00,136,안동,16.5,68,0.5,110,,994.8,1011.4,,,2,2,16.3
2025-06-01 02:00,136,안동,15.6,73,0.7,110,,994.8,1011.4,,,0,0,15.6
2025-06-01 03:00,136,안동,14.2,81,0.1,0,,995.1,1011.8,,,0,0,15.0
2025-06-01 04:00,136,안동,13.4,83,0.5,110,,995.3,1012.1,,,0,0,14.4
2025-06-01 05:00,136,안동,12.1,89,0.1,0,,995.6,1012.5,,,7,0,14.3
2025-06-01 06:00,136,안동,14.1,83,0.6,140,,995.9,1012.7,0.0,0.09,8,0,15.6
2025-06-01 07:00,136,안동,14.6,82,0.5,290,,996.3,1013.0,0.5,0.45,4,0,17.9
2025-06-01 08:00,136,안동,17.7,70,0.7,90,,996.2,1012.7,1.0,1.28,2,0,25.7
2025-06-01 09:00,136,안동,19.7,65,1.1,270,,995.8,1012.2,1.0,2.0,0,0,33.1
2025-06-01 10:00,136,안동,22.0,60,1.1,270,,995.4,1011.6,1.0,2.62,0,0,39.8
2025-06-01 11:00,136,안동,23.9,53,1.3,250,,994.8,1010.9,1.0,3.15,0,0,45.0
2025-06-01 12:00,136,안동,26.0,48,1.1,360,,994.3,1010.3,1.0,3.46,0,0,49.0
2025-06-01 13:00,136,안동,27.7,33,2.5,250,,993.2,1009.1,1.0,3.61,0,0,50.4
2025-06-01 14:00,136,안동,29.2,28,2.2,250,,992.4,1008.2,1.0,3.49,0,0,50.0
2025-06-01 15:00,136,안동,30.3,25,1.6,270,,992.0,1007.7,1.0,3.17,0,0,49.0
2025-06-01 16:00,136,안동,29.7,24,1.5,270,,991.5,1007.2,1.0,2.49,3,0,41.3
2025-06-01 17:00,136,안동,29.4,28,1.8,290,,991.3,1007.0,1.0,1.8,5,0,34.1
2025-06-01 18:00,136,안동,28.6,29,1.7,290,,991.2,1007.0,0.9,1.02,2,0,29.8
2025-06-01 19:00,136,안동,26.9,36,1.0,320,,991.3,1007.2,0.0,0.33,6,0,27.0
2025-06-01 20:00,136,안동,25.3,42,0.7,110,,991.4,1007.4,0.0,0.03,9,0,24.2
2025-06-01 21:00,136,안동,22.3,57,0.5,360,,992.1,1008.3,,,8,0,22.7
2025-06-01 22:00,136,안동,21.9,63,0.8,140,,992.2,1008.4,,,10,0,21.7
2025-06-01 23:00,136,안동,21.7,62,0.5,90,,992.2,1008.4,,,7,0,20.7
2025-06-02 00:00,136,안동,19.4,74,0.1,0,,992.0,1008.2,,,8,0,19.7
2025-06-02 01:00,136,안동,19.8,72,0.5,140,,991.8,1008.1,,,9,0,19.7
2025-06-02 02:00,136,안동,18.1,80,0.0,0,,991.5,1007.9,,,10,0,19.5
2025-06-02 03:00,136,안동,17.9,84,0.7,360,,991.4,1007.8,,,9,0,19.1
2025-06-02 04:00,136,안동,17.7,84,0.1,0,,991.0,1007.4,,,9,0,18.9
2025-06-02 05:00,136,안동,17.2,87,0.0,0,,991.0,1007.5,,,8,0,17.8
2025-06-02 06:00,136,안동,17.7,83,0.4,0,,991.1,1007.5,0.0,0.03,8,0,19.0
2025-06-02 07:00,136,안동,18.7,82,0.8,180,,990.9,1007.3,0.0,0.25,9,0,21.1
2025-06-02 08:00,136,안동,20.0,78,0.7,180,,990.5,1006.8,0.0,0.61,9,0,23.5
2025-06-02 09:00,136,안동,20.4,76,0.7,290,,990.3,1006.6,0.0,0.76,9,7,25.2
2025-06-02 10:00,136,안동,20.7,77,0.8,290,,990.1,1006.3,0.0,0.56,9,9,25.2
2025-06-02 11:00,136,안동,21.2,73,0.8,270,,989.8,1006.0,0.0,0.51,10,5,25.5
2025-06-02 12:00,136,안동,21.9,74,0.6,360,,988.7,1004.8,0.0,0.85,10,7,29.4
2025-06-02 13:00,136,안동,22.3,69,0.8,270,,988.8,1004.9,0.0,1.28,10,5,30.7
2025-06-02 14:00,136,안동,22.1,74,1.6,320,0.0,988.5,1004.6,0.0,0.89,10,8,27.3
2025-06-02 15:00,136,안동,23.4,64,1.6,270,0.0,987.6,1003.6,0.2,1.57,10,8,32.4
2025-06-02 16:00,136,안동,22.5,69,0.2,0,,987.1,1003.2,0.0,0.5,10,8,25.7
2025-06-02 17:00,136,안동,22.1,74,1.2,70,,986.6,1002.7,0.0,0.3,10,6,25.6
2025-06-02 18:00,136,안동,22.0,72,0.7,70,,986.1,1002.2,0.0,0.26,10,4,24.4
2025-06-02 19:00,136,안동,21.6,78,0.8,140,,986.5,1002.6,0.0,0.08,10,10,22.6
2025-06-02 20:00,136,안동,21.2,77,0.8,160,,986.5,1002.6,0.0,0.0,10,1,21.7
2025-06-02 21:00,136,안동,20.3,70,0.8,290,,986.7,1002.9,,,10,8,21.1
2025-06-02 22:00,136,안동,19.6,75,0.1,0,,986.5,1002.7,,,10,4,20.7
2025-06-02 23:00,136,안동,19.7,79,0.8,140,,986.0,1002.2,,,10,10,20.3
2025-06-03 00:00,136,안동,18.6,84,0.0,0,,985.1,1001.3,,,10,8,20.2
2025-06-03 01:00,136,안동,18.5,83,0.1,0,,984.8,1001.1,,,10,10,20.2
2025-06-03 02:00,136,안동,18.2,86,0.6,290,,984.3,1000.6,,,10,10,19.8
2025-06-03 03:00,136,안동,17.8,90,1.0,320,,983.8,1000.1,,,9,9,19.6
2025-06-03 04:00,136,안동,17.8,89,0.0,0,,983.5,999.8,,,9,9,19.3
2025-06-03 05:00,136,안동,17.8,82,0.1,0,,983.7,1000.0,,,8,4,19.1
2025-06-03 06:00,136,안동,17.6,87,0.3,0,,983.7,1000.0,0.0,0.04,8,4,19.2
2025-06-03 07:00,136,안동,18.2,83,0.2,0,,984.2,1000.5,0.0,0.37,8,2,21.3
2025-06-03 08:00,136,안동,19.9,70,1.7,140,,983.9,1000.1,1.0,1.29,6,6,28.4
2025-06-03 09:00,136,안동,21.3,64,0.6,160,,984.0,1000.1,0.9,1.88,6,6,31.8
2025-06-03 10:00,136,안동,22.6,60,1.4,140,,983.7,999.7,0.4,2.14,7,7,39.6
2025-06-03 11:00,136,안동,24.3,55,2.4,270,,983.0,998.9,0.8,2.96,4,4,45.5
2025-06-03 12:00,136,안동,25.8,51,3.1,270,,982.6,998.4,0.7,3.11,4,4,49.0
2025-06-03 13:00,136,안동,25.8,48,4.2,290,,982.3,998.1,0.9,3.52,4,4,47.5
2025-06-03 14:00,136,안동,27.3,41,4.1,270,,981.7,997.4,0.6,2.58,4,4,47.9
2025-06-03 15:00,136,안동,27.6,38,4.5,290,,981.5,997.2,0.9,3.05,4,4,46.0
2025-06-03 16:00,136,안동,27.0,39,5.0,290,,981.5,997.2,0.9,2.5,4,4,38.2
2025-06-03 17:00,136,안동,25.8,42,5.3,290,,981.7,997.5,0.7,1.59,3,3,31.7
2025-06-03 18:00,136,안동,25.1,39,5.0,290,,982.2,998.0,1.0,1.26,2,2,27.7
2025-06-03 19:00,136,안동,23.6,40,4.5,290,,983.1,999.0,0.2,0.53,3,0,24.4
2025-06-03 20:00,136,안동,21.9,29,4.2,290,,984.4,1000.5,0.0,0.06,0,0,21.0
2025-06-03 21:00,136,안동,20.3,31,2.6,320,,985.5,1001.7,,,2,2,19.0
2025-06-03 22:00,136,안동,18.5,38,1.1,340,,986.2,1002.5,,,0,0,17.3
2025-06-03 23:00,136,안동,18.1,39,1.5,340,,986.4,1002.7,,,9,0,18.1
2025-06-04 00:00,136,안동,16.9,42,2.2,320,,986.4,1002.7,,,0,0,15.8
2025-06-04 01:00,136,안동,16.3,45,1.2,320,,986.4,1002.9,,,0,0,14.8
2025-06-04 02:00,136,안동,15.6,52,1.3,320,,986.6,1003.1,,,0,0,14.1
2025-06-04 03:00,136,안동,15.1,54,1.9,290,,987.0,1003.5,,,0,0,13.8
2025-06-04 04:00,136,안동,14.5,57,1.1,320,,987.5,1004.1,,,0,0,13.3
2025-06-04 05:00,136,안동,13.6,60,0.8,340,,987.7,1004.4,,,0,0,12.6
2025-06-04 06:00,136,안동,13.4,64,0.1,0,,988.3,1005.0,0.2,0.07,0,0,13.1
2025-06-04 07:00,136,안동,15.1,61,1.3,320,,988.5,1005.1,1.0,0.67,0,0,17.0
2025-06-04 08:00,136,안동,19.1,50,1.8,250,,988.6,1004.9,1.0,1.41,0,0,27.2
2025-06-04 09:00,136,안동,21.1,41,2.5,270,,988.2,1004.4,1.0,2.17,0,0,35.1
2025-06-04 10:00,136,안동,22.6,39,3.7,270,,987.9,1004.0,1.0,2.81,0,0,41.0
2025-06-04 11:00,136,안동,24.7,32,4.4,270,,987.6,1003.5,1.0,3.31,0,0,45.8
2025-06-04 12:00,136,안동,25.9,29,5.3,270,,987.1,1003.0,1.0,3.6,0,0,48.3
2025-06-04 13:00,136,안동,26.6,28,5.6,270,,986.8,1002.6,0.7,3.1,3,3,46.7
2025-06-04 14:00,136,안동,25.6,29,6.8,290,,986.6,1002.5,0.8,3.27,5,5,41.8
2025-06-04 15:00,136,안동,27.0,26,5.2,290,,986.2,1002.0,0.8,2.96,4,4,44.5
2025-06-04 16:00,136,안동,26.8,25,6.0,290,,986.2,1002.0,1.0,2.72,2,2,38.2
2025-06-04 17:00,136,안동,25.9,25,6.4,290,,986.6,1002.5,1.0,2.06,2,2,30.3
2025-06-04 18:00,136,안동,25.0,27,4.5,290,,987.3,1003.2,1.0,1.29,0,0,26.6
2025-06-04 19:00,136,안동,23.3,29,5.1,290,,988.2,1004.2,1.0,0.58,0,0,23.7
2025-06-04 20:00,136,안동,21.6,35,2.5,290,,989.7,1005.9,0.1,0.05,0,0,20.8
2025-06-04 21:00,136,안동,20.4,38,2.9,290,,990.6,1006.9,,,0,0,19.3
2025-06-04 22:00,136,안동,19.5,43,2.8,320,,991.9,1008.2,,,0,0,18.5
2025-06-04 23:00,136,안동,17.7,50,1.7,320,,992.7,1009.2,,,0,0,17.1
2025-06-05 00:00,136,안동,16.8,55,1.6,320,,992.9,1009.4,,,0,0,16.1
2025-06-05 01:00,136,안동,16.6,59,1.0,320,,993.7,1010.3,,,0,0,15.3
2025-06-05 02:00,136,안동,16.0,61,1.0,320,,993.7,1010.3,,,0,0,14.6
2025-06-05 03:00,136,안동,15.5,63,1.1,320,,994.4,1011.0,,,0,0,14.1
2025-06-05 04:00,136,안동,14.1,68,0.6,360,,994.6,1011.3,,,0,0,13.6
2025-06-05 05:00,136,안동,13.5,74,0.2,0,,995.0,1011.8,,,0,0,12.8
2025-06-05 06:00,136,안동,13.1,77,0.3,0,,996.1,1012.9,0.2,0.08,0,0,13.3
2025-06-05 07:00,136,안동,15.3,69,1.0,320,,996.4,1013.1,1.0,0.67,0,0,17.5
2025-06-05 08:00,136,안동,17.8,58,1.5,290,,996.6,1013.1,1.0,1.35,0,0,28.2
2025-06-05 09:00,136,안동,20.2,53,2.0,270,,996.5,1012.9,1.0,2.18,0,0,36.3
2025-06-05 10:00,136,안동,22.2,47,2.1,290,,995.6,1011.8,1.0,2.84,0,0,43.2
2025-06-05 11:00,136,안동,24.0,45,3.8,270,,995.7,1011.8,1.0,3.31,0,0,47.6
2025-06-05 12:00,136,안동,25.4,43,3.2,270,,995.8,1011.8,1.0,3.58,0,0,50.4
2025-06-05 13:00,136,안동,26.3,39,3.2,270,,995.0,1011.0,1.0,3.65,0,0,52.2
2025-06-05 14:00,136,안동,28.0,31,3.4,250,,994.3,1010.2,1.0,3.55,0,0,51.3
2025-06-05 15:00,136,안동,28.3,31,3.2,270,,993.6,1009.4,1.0,3.2,3,0,49.1
2025-06-05 16:00,136,안동,28.0,32,3.4,290,,993.5,1009.4,1.0,2.55,5,0,41.3
2025-06-05 17:00,136,안동,26.9,35,2.4,290,,993.4,1009.3,0.7,1.59,8,0,34.4
2025-06-05 18:00,136,안동,26.2,38,2.3,290,,992.9,1008.8,0.3,0.96,7,0,30.1
2025-06-05 19:00,136,안동,24.8,43,1.6,290,,993.5,1009.5,0.0,0.33,7,0,26.6
2025-06-05 20:00,136,안동,23.5,48,1.6,320,,994.0,1010.1,0.0,0.03,8,1,23.7
2025-06-05 21:00,136,안동,22.2,51,0.8,320,,994.6,1010.8,,,6,0,21.7
2025-06-05 22:00,136,안동,21.2,56,0.8,290,,994.5,1010.8,,,8,3,20.8
2025-06-05 23:00,136,안동,20.8,57,1.4,320,,994.4,1010.7,,,7,0,19.6
2025-06-06 00:00,136,안동,20.1,59,0.6,340,,994.4,1010.7,,,7,0,18.7
2025-06-06 01:00,136,안동,19.2,63,0.3,0,,994.6,1011.0,,,6,6,18.1
2025-06-06 02:00,136,안동,18.3,66,0.0,0,,994.4,1010.9,,,8,2,17.1
2025-06-06 03:00,136,안동,17.2,72,0.0,0,,994.1,1010.6,,,7,0,16.2
2025-06-06 04:00,136,안동,15.0,80,0.0,0,,994.2,1010.9,,,8,0,15.8
2025-06-06 05:00,136,안동,15.3,80,0.1,0,,994.5,1011.2,,,8,0,16.0
2025-06-06 06:00,136,안동,16.0,77,1.1,140,,994.8,1011.4,0.0,0.04,9,0,17.2
2025-06-06 07:00,136,안동,16.3,79,0.2,0,,994.8,1011.4,0.0,0.25,9,0,19.5
2025-06-06 08:00,136,안동,17.5,75,0.8,320,,995.2,1011.7,0.0,0.55,9,3,22.5
2025-06-06 09:00,136,안동,19.1,67,1.1,290,,995.0,1011.4,0.0,0.78,8,4,26.0
2025-06-06 10:00,136,안동,21.6,56,1.1,290,,995.1,1011.4,0.0,1.56,9,5,33.5
2025-06-06 11:00,136,안동,24.0,50,0.8,50,,994.9,1011.0,0.2,2.01,9,0,37.0
2025-06-06 12:00,136,안동,25.1,40,0.9,320,,994.2,1010.2,0.2,2.05,8,0,37.8
2025-06-06 13:00,136,안동,27.7,37,2.4,270,,993.5,1009.4,0.5,2.6,8,0,47.4
2025-06-06 14:00,136,안동,28.0,34,3.5,290,,992.6,1008.4,1.0,3.21,7,0,48.2
2025-06-06 15:00,136,안동,29.3,33,3.2,290,,992.1,1007.9,1.0,2.99,6,0,46.8
2025-06-06 16:00,136,안동,29.2,34,2.9,290,,991.8,1007.6,0.3,1.64,8,0,38.5
2025-06-06 17:00,136,안동,29.6,34,3.4,270,,991.8,1007.5,0.1,1.22,8,0,34.9
2025-06-06 18:00,136,안동,28.7,30,4.0,290,,992.1,1007.9,0.6,1.16,7,0,31.1
2025-06-06 19:00,136,안동,26.7,35,1.7,270,,992.9,1008.8,0.1,0.42,7,0,26.5
2025-06-06 20:00,136,안동,25.4,36,1.3,290,,993.2,1009.2,0.0,0.05,9,0,23.4
2025-06-06 21:00,136,안동,22.5,44,0.1,0,,993.3,1009.5,,,4,0,20.7
2025-06-06 22:00,136,안동,20.6,52,0.6,360,,993.8,1010.1,,,7,0,19.2
2025-06-06 23:00,136,안동,20.1,55,0.0,0,,994.0,1010.3,,,8,0,18.5
2025-06-07 00:00,136,안동,18.9,59,0.6,110,,994.0,1010.3,,,3,0,17.3
2025-06-07 01:00,136,안동,16.4,70,0.1,0,,993.8,1010.4,,,0,0,16.7
2025-06-07 02:00,136,안동,16.0,73,0.3,0,,993.9,1010.5,,,0,0,16.2
2025-06-07 03:00,136,안동,15.6,75,0.0,0,,994.0,1010.6,,,3,0,15.6
2025-06-07 04:00,136,안동,14.9,79,0.0,0,,993.8,1010.5,,,8,0,15.5
2025-06-07 05:00,136,안동,15.2,77,0.1,0,,993.9,1010.6,,,9,0,15.6
2025-06-07 06:00,136,안동,15.3,79,0.4,0,,993.8,1010.4,0.0,0.05,9,0,16.8
2025-06-07 07:00,136,안동,16.2,80,0.2,0,,993.8,1010.4,0.0,0.34,8,0,19.8
2025-06-07 08:00,136,안동,18.3,74,0.7,290,,994.1,1010.6,0.0,0.74,8,0,24.0
2025-06-07 09:00,136,안동,20.6,63,0.6,320,,994.1,1010.4,0.2,1.28,7,0,30.1
2025-06-07 10:00,136,안동,23.3,56,0.9,290,,994.1,1010.2,1.0,2.13,6,0,40.2
2025-06-07 11:00,136,안동,26.4,42,1.6,270,,993.7,1009.6,1.0,3.16,5,0,48.6
2025-06-07 12:00,136,안동,27.9,33,3.4,320,,993.2,1009.1,1.0,3.3,5,0,50.8
2025-06-07 13:00,136,안동,28.7,31,3.7,320,,992.2,1008.0,1.0,3.23,5,0,49.5
2025-06-07 14:00,136,안동,30.0,32,3.2,290,,991.8,1007.5,1.0,3.11,3,0,52.5
2025-06-07 15:00,136,안동,30.3,32,3.5,320,,991.3,1007.0,1.0,3.19,2,0,50.3
2025-06-07 16:00,136,안동,30.6,32,3.1,320,,990.8,1006.5,0.9,2.51,5,0,43.3
2025-06-07 17:00,136,안동,30.6,30,2.8,290,,990.8,1006.5,1.0,1.93,7,0,36.2
2025-06-07 18:00,136,안동,29.8,33,2.1,270,,990.7,1006.4,0.6,1.0,7,0,32.5
2025-06-07 19:00,136,안동,28.1,39,1.3,320,,991.1,1006.9,0.0,0.43,8,1,28.8
2025-06-07 20:00,136,안동,25.4,46,0.6,340,,991.2,1007.2,0.0,0.03,9,0,25.4
2025-06-07 21:00,136,안동,24.2,52,0.0,0,,991.9,1007.9,,,9,0,23.9
2025-06-07 22:00,136,안동,22.8,57,0.1,0,,992.5,1008.6,,,9,0,22.8
2025-06-07 23:00,136,안동,21.2,64,0.7,320,,993.0,1009.3,,,9,2,22.2
2025-06-08 00:00,136,안동,21.9,64,0.7,360,,993.0,1009.1,,,9,0,21.6
2025-06-08 01:00,136,안동,21.2,67,0.0,0,,992.9,1009.2,,,9,0,20.8
2025-06-08 02:00,136,안동,21.6,68,0.1,0,,992.8,1009.0,,,8,0,20.2
2025-06-08 03:00,136,안동,20.2,74,1.2,320,,992.8,1009.1,,,8,0,19.8
2025-06-08 04:00,136,안동,20.1,76,0.1,0,,992.9,1009.2,,,8,0,19.5
2025-06-08 05:00,136,안동,20.0,76,0.8,140,,992.9,1009.2,,,7,0,19.2
2025-06-08 06:00,136,안동,18.9,83,0.0,0,,993.1,1009.5,0.0,0.05,9,0,20.0
2025-06-08 07:00,136,안동,20.6,76,0.2,0,,993.6,1009.9,0.0,0.32,8,0,22.6
2025-06-08 08:00,136,안동,23.0,68,0.4,0,,993.8,1010.0,0.5,0.98,7,0,29.0
2025-06-08 09:00,136,안동,24.4,63,1.2,140,,993.8,1009.9,0.4,1.51,8,3,37.5
2025-06-08 10:00,136,안동,25.5,59,1.4,160,,993.5,1009.5,0.6,2.37,8,5,41.6
2025-06-08 11:00,136,안동,26.0,59,0.6,20,,993.3,1009.3,0.0,1.51,8,5,37.5
2025-06-08 12:00,136,안동,27.5,53,1.2,230,,992.9,1008.8,0.0,1.99,7,5,45.1
2025-06-08 13:00,136,안동,28.5,50,2.0,290,,992.3,1008.1,0.9,3.35,7,5,51.0
2025-06-08 14:00,136,안동,29.7,48,1.9,270,,991.5,1007.2,0.9,3.02,6,2,51.7
2025-06-08 15:00,136,안동,30.0,47,1.6,250,,991.1,1006.8,0.9,2.77,4,4,49.7
2025-06-08 16:00,136,안동,30.9,44,2.7,250,,990.9,1006.6,0.9,2.36,2,2,44.4
2025-06-08 17:00,136,안동,30.7,42,1.9,270,,990.4,1006.1,1.0,1.98,1,1,36.7
2025-06-08 18:00,136,안동,30.1,41,2.1,270,,990.7,1006.4,1.0,1.22,1,1,32.6
2025-06-08 19:00,136,안동,29.1,46,0.5,20,,991.1,1006.9,0.2,0.5,0,0,29.3
2025-06-08 20:00,136,안동,25.7,55,2.1,90,,991.5,1007.5,0.0,0.05,0,0,25.9
2025-06-08 21:00,136,안동,24.2,58,1.9,90,,992.2,1008.3,,,5,0,24.2
2025-06-08 22:00,136,안동,23.3,60,1.7,90,,992.8,1008.9,,,0,0,23.1
2025-06-08 23:00,136,안동,22.7,64,0.9,70,,993.2,1009.4,,,0,0,22.5
2025-06-09 00:00,136,안동,22.1,66,0.6,70,,993.2,1009.3,,,7,2,21.9
2025-06-09 01:00,136,안동,20.3,72,0.2,0,,993.1,1009.4,,,0,0,20.8
2025-06-09 02:00,136,안동,20.6,73,0.6,110,,993.1,1009.4,,,0,0,20.1
2025-06-09 03:00,136,안동,20.2,74,0.7,140,,993.2,1009.5,,,7,5,20.1
2025-06-09 04:00,136,안동,19.0,82,0.1,0,,993.0,1009.4,,,9,1,19.7
2025-06-09 05:00,136,안동,18.5,83,0.0,0,,993.1,1009.5,,,8,0,19.2
2025-06-09 06:00,136,안동,19.2,80,0.9,140,,993.3,1009.7,0.0,0.07,8,0,20.2
2025-06-09 07:00,136,안동,20.0,78,0.7,140,,993.5,1009.8,0.0,0.36,9,0,22.9
2025-06-09 08:00,136,안동,21.4,76,0.4,0,,993.6,1009.8,0.0,0.69,9,0,26.7
2025-06-09 09:00,136,안동,22.5,73,0.8,320,,993.4,1009.6,0.0,0.99,8,0,30.4
2025-06-09 10:00,136,안동,24.7,67,1.0,270,,992.9,1008.9,0.7,2.16,7,0,42.7
2025-06-09 11:00,136,안동,27.7,57,1.7,250,,992.6,1008.5,1.0,3.16,5,0,51.9
2025-06-09 12:00,136,안동,29.0,52,2.1,200,,991.8,1007.6,1.0,3.42,5,0,55.0
2025-06-09 13:00,136,안동,30.6,45,2.3,230,,991.0,1006.7,1.0,3.4,5,0,54.8
2025-06-09 14:00,136,안동,31.8,41,2.8,230,,990.4,1006.0,0.9,3.35,5,3,55.3
2025-06-09 15:00,136,안동,31.2,40,2.6,290,,989.7,1005.3,0.9,2.8,4,2,51.8
2025-06-09 16:00,136,안동,31.6,41,2.6,290,,989.1,1004.7,1.0,2.69,5,3,47.3
2025-06-09 17:00,136,안동,31.2,39,3.2,320,,988.9,1004.5,1.0,1.9,4,2,38.4
2025-06-09 18:00,136,안동,30.7,40,2.5,290,,988.9,1004.5,0.9,1.27,4,2,33.8
2025-06-09 19:00,136,안동,29.6,43,1.5,320,,989.3,1005.0,0.2,0.53,4,0,30.2
2025-06-09 20:00,136,안동,28.2,48,0.6,320,,989.2,1005.0,0.0,0.05,0,0,26.9
2025-06-09 21:00,136,안동,25.4,57,0.6,20,,989.4,1005.3,,,0,0,25.2
2025-06-09 22:00,136,안동,24.7,62,1.4,320,,989.7,1005.7,,,0,0,24.1
2025-06-09 23:00,136,안동,24.6,66,0.5,290,,990.6,1006.6,,,0,0,23.1
2025-06-10 00:00,136,안동,21.6,78,1.0,320,,991.0,1007.1,,,0,0,22.1
2025-06-10 01:00,136,안동,20.9,80,0.0,0,,991.0,1007.2,,,0,0,21.2
2025-06-10 02:00,136,안동,20.0,83,0.6,340,,990.8,1007.1,,,0,0,20.5
2025-06-10 03:00,136,안동,20.8,79,0.7,320,,990.8,1007.0,,,0,0,20.1
2025-06-10 04:00,136,안동,19.1,87,0.8,320,,991.0,1007.4,,,0,0,19.6
2025-06-10 05:00,136,안동,19.7,83,0.5,340,,990.6,1006.9,,,0,0,19.0
2025-06-10 06:00,136,안동,19.7,84,1.0,320,,990.6,1006.9,0.0,0.06,0,0,20.0
2025-06-10 07:00,136,안동,21.2,81,1.2,290,,990.6,1006.8,0.5,0.47,8,6,23.7
2025-06-10 08:00,136,안동,22.3,77,0.9,320,,990.4,1006.5,0.0,0.65,7,3,26.8
2025-06-10 09:00,136,안동,25.2,65,1.8,270,,989.9,1005.9,1.0,1.85,4,0,39.9
2025-06-10 10:00,136,안동,26.8,58,2.3,270,,989.8,1005.7,1.0,2.33,5,0,44.8
2025-06-10 11:00,136,안동,28.7,48,2.2,270,,990.0,1005.8,1.0,3.16,0,0,51.1
2025-06-10 12:00,136,안동,30.1,42,4.0,290,,989.7,1005.4,1.0,3.3,5,3,54.9
2025-06-10 13:00,136,안동,29.7,43,3.9,290,,989.5,1005.2,0.8,3.12,5,3,51.6
2025-06-10 14:00,136,안동,30.0,43,3.0,290,,989.2,1004.9,0.4,2.14,5,3,45.5
2025-06-10 15:00,136,안동,29.8,42,3.3,290,,988.9,1004.6,0.1,1.46,6,4,41.0
2025-06-10 16:00,136,안동,29.2,44,4.0,290,,989.0,1004.7,0.1,1.38,7,4,38.4
2025-06-10 17:00,136,안동,28.9,43,3.4,270,,988.8,1004.5,0.1,1.06,6,4,35.2
2025-06-10 18:00,136,안동,27.7,52,3.4,290,,988.8,1004.6,0.0,0.58,7,4,31.7
2025-06-10 19:00,136,안동,26.7,53,3.2,270,,989.6,1005.5,0.0,0.32,8,1,28.5
2025-06-10 20:00,136,안동,25.6,53,2.3,290,,990.1,1006.0,0.0,0.04,9,0,25.7
2025-06-10 21:00,136,안동,24.7,55,1.5,270,,990.9,1006.9,,,8,2,24.2
2025-06-10 22:00,136,안동,24.1,60,2.4,290,,992.0,1008.1,,,9,0,23.6
2025-06-10 23:00,136,안동,23.0,64,2.0,290,,992.4,1008.5,,,9,0,22.4
2025-06-11 00:00,136,안동,21.7,66,1.9,290,,992.7,1008.9,,,7,0,20.7
2025-06-11 01:00,136,안동,20.4,65,1.4,290,,992.8,1009.1,,,7,0,19.2
2025-06-11 02:00,136,안동,19.6,63,2.1,290,,992.8,1009.1,,,8,0,18.5
2025-06-11 03:00,136,안동,18.7,59,2.3,290,,993.0,1009.4,,,7,0,17.7
2025-06-11 04:00,136,안동,18.0,61,1.6,320,,993.0,1009.5,,,9,0,17.6
2025-06-11 05:00,136,안동,17.5,65,1.7,290,,993.4,1009.9,,,9,0,17.2
2025-06-11 06:00,136,안동,17.2,70,2.2,290,,994.2,1010.7,0.0,0.05,8,0,17.6
2025-06-11 07:00,136,안동,18.2,68,1.5,290,,995.0,1011.5,0.3,0.42,8,0,20.8
2025-06-11 08:00,136,안동,19.9,63,1.7,270,,995.6,1012.0,0.9,1.22,3,0,30.6
2025-06-11 09:00,136,안동,21.6,58,1.6,320,,995.9,1012.2,1.0,2.16,2,0,40.1
2025-06-11 10:00,136,안동,23.1,51,1.3,360,,995.7,1011.9,1.0,2.79,2,0,47.4
2025-06-11 11:00,136,안동,24.7,45,1.8,250,,996.0,1012.1,1.0,3.28,0,0,52.4
2025-06-11 12:00,136,안동,27.2,39,3.2,290,,995.5,1011.4,1.0,3.57,0,0,55.8
2025-06-11 13:00,136,안동,28.6,32,4.8,290,,995.0,1010.8,1.0,3.71,0,0,55.8
2025-06-11 14:00,136,안동,28.9,31,4.6,290,,994.5,1010.3,1.0,3.56,0,0,55.5
2025-06-11 15:00,136,안동,28.8,32,3.6,290,,994.3,1010.1,1.0,3.2,0,0,51.4
2025-06-11 16:00,136,안동,29.5,33,3.2,290,,994.3,1010.1,1.0,2.69,0,0,44.9
2025-06-11 17:00,136,안동,29.0,33,3.4,290,,994.2,1010.0,1.0,2.01,0,0,36.6
2025-06-11 18:00,136,안동,28.4,36,2.8,290,,994.6,1010.4,0.9,1.21,0,0,32.2
2025-06-11 19:00,136,안동,26.3,41,1.8,320,,995.2,1011.2,0.2,0.29,5,0,27.8
2025-06-11 20:00,136,안동,25.1,45,0.7,360,,995.6,1011.7,0.0,0.03,7,0,24.7
2025-06-11 21:00,136,안동,23.6,49,1.6,320,,996.4,1012.6,,,6,0,23.6
2025-06-11 22:00,136,안동,22.8,50,1.2,340,,997.3,1013.5,,,9,0,22.7
2025-06-11 23:00,136,안동,22.1,52,0.2,0,,997.6,1013.9,,,9,0,21.8
2025-06-12 00:00,136,안동,20.4,57,0.3,0,,998.1,1014.5,,,8,0,21.1
2025-06-12 01:00,136,안동,19.5,62,0.0,0,,998.2,1014.6,,,9,0,20.3
2025-06-12 02:00,136,안동,18.9,67,0.3,0,,998.3,1014.8,,,8,0,19.6
2025-06-12 03:00,136,안동,18.7,70,0.1,0,,998.2,1014.7,,,8,0,19.2
2025-06-12 04:00,136,안동,18.6,70,0.6,110,,998.9,1015.4,,,8,0,18.7
2025-06-12 05:00,136,안동,17.7,71,0.0,0,,998.9,1015.5,,,8,0,18.2
2025-06-12 06:00,136,안동,16.3,78,0.0,0,,999.5,1016.2,0.0,0.05,8,0,18.3
2025-06-12 07:00,136,안동,19.5,67,1.0,110,,1000.0,1016.5,0.5,0.52,7,0,22.4
2025-06-12 08:00,136,안동,21.0,59,1.0,140,,1000.4,1016.8,0.7,1.11,7,0,29.4
2025-06-12 09:00,136,안동,23.1,51,0.8,160,,1000.1,1016.3,0.5,1.46,7,0,33.2
2025-06-12 10:00,136,안동,25.1,43,0.5,50,,999.7,1015.8,0.8,2.13,7,0,44.1
2025-06-12 11:00,136,안동,26.5,41,1.5,160,,999.5,1015.5,0.7,2.56,7,0,46.3
2025-06-12 12:00,136,안동,28.1,38,1.7,160,,999.2,1015.1,0.2,2.32,7,0,48.7
2025-06-12 13:00,136,안동,29.7,35,1.3,270,,998.6,1014.4,0.8,3.37,6,0,55.5
2025-06-12 14:00,136,안동,30.4,34,1.4,140,,998.4,1014.2,1.0,3.31,5,0,54.0
2025-06-12 15:00,136,안동,31.3,29,2.4,200,,997.9,1013.6,1.0,2.86,6,0,51.9
2025-06-12 16:00,136,안동,31.7,29,1.3,200,,997.4,1013.1,1.0,2.75,5,0,46.0
2025-06-12 17:00,136,안동,31.1,30,2.2,160,,997.3,1013.0,1.0,1.97,4,4,37.5
2025-06-12 18:00,136,안동,29.7,34,1.2,320,,997.6,1013.4,0.2,0.64,4,0,33.5
2025-06-12 19:00,136,안동,27.6,48,1.8,90,,998.3,1014.3,0.0,0.25,7,0,29.8
2025-06-12 20:00,136,안동,26.2,53,1.4,90,,999.0,1015.0,0.0,0.03,7,0,26.7
2025-06-12 21:00,136,안동,24.8,56,1.9,90,,999.8,1015.9,,,7,0,25.2
2025-06-12 22:00,136,안동,23.8,59,0.9,90,,1000.3,1016.5,,,9,0,24.2
2025-06-12 23:00,136,안동,23.1,62,1.2,90,,1000.2,1016.5,,,9,0,23.3
2025-06-13 00:00,136,안동,22.3,65,1.2,90,,999.8,1016.0,,,7,0,22.3
2025-06-13 01:00,136,안동,21.2,70,0.9,50,,999.9,1016.3,,,4,0,20.7
2025-06-13 02:00,136,안동,20.3,72,0.0,0,,999.9,1016.3,,,7,0,19.7
2025-06-13 03:00,136,안동,19.6,74,0.2,0,,999.9,1016.4,,,6,0,19.3
2025-06-13 04:00,136,안동,19.2,76,0.3,0,,1000.0,1016.5,,,7,0,18.8
2025-06-13 05:00,136,안동,18.9,77,0.1,0,,1000.3,1016.8,,,8,0,19.2
2025-06-13 06:00,136,안동,19.1,80,0.7,140,,1000.3,1016.8,0.0,0.06,8,0,20.2
2025-06-13 07:00,136,안동,19.2,79,0.0,0,,1000.0,1016.5,0.0,0.26,8,0,22.5
2025-06-13 08:00,136,안동,20.5,74,0.7,180,,999.9,1016.3,0.0,0.48,9,4,25.0
2025-06-13 09:00,136,안동,21.5,68,0.8,20,,999.7,1016.0,0.0,0.81,9,4,28.2
2025-06-13 10:00,136,안동,22.9,59,0.8,290,,999.6,1015.9,0.0,0.96,9,6,30.8
2025-06-13 11:00,136,안동,23.6,57,1.8,270,,999.9,1016.1,0.0,1.19,10,3,33.7
2025-06-13 12:00,136,안동,23.7,59,1.3,320,,999.6,1015.8,0.0,0.97,10,2,33.0
2025-06-13 13:00,136,안동,24.3,58,1.1,320,,999.2,1015.4,0.0,0.92,10,3,33.7
2025-06-13 14:00,136,안동,24.7,55,0.6,360,0.0,998.3,1014.4,0.0,1.24,10,6,34.2
2025-06-13 15:00,136,안동,26.1,44,1.5,250,0.0,997.4,1013.4,0.1,1.55,10,4,37.5
2025-06-13 16:00,136,안동,25.5,50,1.5,290,,996.8,1012.8,0.0,0.95,10,3,33.9
2025-06-13 17:00,136,안동,23.1,63,2.1,320,0.0,996.5,1012.7,0.0,0.4,10,8,25.4
2025-06-13 18:00,136,안동,20.3,72,2.1,320,0.0,996.8,1013.2,0.0,0.22,10,8,22.9
2025-06-13 19:00,136,안동,18.2,86,1.5,340,1.3,996.9,1013.4,0.0,0.06,10,8,21.3
2025-06-13 20:00,136,안동,17.7,89,0.8,320,1.7,997.2,1013.7,0.0,0.0,10,8,20.5
2025-06-13 21:00,136,안동,18.1,90,0.4,0,1.0,996.9,1013.4,,,10,8,20.2
2025-06-13 22:00,136,안동,17.7,92,0.9,20,2.3,996.7,1013.2,,,10,8,20.0
2025-06-13 23:00,136,안동,17.7,92,0.7,140,4.7,995.9,1012.4,,,10,9,19.2
2025-06-14 00:00,136,안동,17.3,92,0.6,360,3.7,995.1,1011.6,,,10,9,19.3
2025-06-14 01:00,136,안동,17.6,93,0.5,70,7.6,994.2,1010.7,,,10,9,19.0
2025-06-14 02:00,136,안동,17.6,94,0.0,0,6.5,992.7,1009.2,,,10,8,19.0
2025-06-14 03:00,136,안동,17.1,94,0.8,320,9.3,992.1,1008.6,,,10,8,18.5
2025-06-14 04:00,136,안동,17.3,94,0.4,0,4.0,991.5,1008.0,,,10,9,18.5
2025-06-14 05:00,136,안동,17.5,94,1.2,110,4.9,990.2,1006.6,,,10,8,18.2
2025-06-14 06:00,136,안동,17.5,94,0.5,340,8.8,989.3,1005.7,0.0,0.0,10,8,18.3
2025-06-14 07:00,136,안동,17.6,95,0.3,0,11.5,988.7,1005.1,0.0,0.0,10,9,18.3
2025-06-14 08:00,136,안동,18.1,95,0.7,290,10.4,989.0,1005.4,0.0,0.09,10,9,18.8
2025-06-14 09:00,136,안동,19.2,95,0.8,200,2.0,987.1,1003.4,0.0,0.14,10,8,20.2
2025-06-14 10:00,136,안동,21.0,94,1.6,180,0.1,987.0,1003.2,0.0,1.04,10,8,24.0
2025-06-14 11:00,136,안동,21.4,91,1.6,290,,987.5,1003.6,0.0,0.94,10,7,25.7
2025-06-14 12:00,136,안동,23.6,82,1.3,140,,987.0,1003.0,0.0,1.67,10,6,31.7
2025-06-14 13:00,136,안동,25.8,74,1.1,140,,986.3,1002.2,0.6,3.13,6,6,39.0
2025-06-14 14:00,136,안동,26.8,70,1.3,200,,985.5,1001.3,0.6,2.6,5,5,34.6
2025-06-14 15:00,136,안동,28.7,63,1.4,270,,984.4,1000.1,0.9,3.15,3,3,39.2
2025-06-14 16:00,136,안동,28.9,61,1.4,160,,983.7,999.3,1.0,2.64,2,2,35.2
2025-06-14 17:00,136,안동,29.9,59,1.8,250,,983.3,998.9,1.0,2.07,4,4,30.7
2025-06-14 18:00,136,안동,29.2,62,1.6,290,,983.4,999.0,0.9,1.31,2,2,29.0
2025-06-14 19:00,136,안동,28.3,65,1.2,290,,983.8,999.5,0.9,0.6,4,0,27.2
2025-06-14 20:00,136,안동,26.2,72,2.0,90,,984.7,1000.5,0.0,0.08,6,6,25.8
2025-06-14 21:00,136,안동,25.2,75,1.5,110,,985.5,1001.4,,,5,5,24.6
2025-06-14 22:00,136,안동,24.7,79,0.7,90,,986.2,1002.1,,,8,5,23.7
2025-06-14 23:00,136,안동,23.8,83,0.0,0,,986.3,1002.3,,,8,5,23.6
2025-06-15 00:00,136,안동,23.8,82,0.9,110,,986.0,1001.9,,,4,4,23.0
2025-06-15 01:00,136,안동,22.2,89,0.0,0,,986.0,1002.1,,,3,3,22.6
2025-06-15 02:00,136,안동,22.3,88,0.0,0,,985.8,1001.9,,,0,0,22.1
2025-06-15 03:00,136,안동,21.7,88,0.2,0,,985.7,1001.8,,,3,3,21.4
2025-06-15 04:00,136,안동,20.4,92,0.0,0,,986.2,1002.4,,,4,0,21.0
2025-06-15 05:00,136,안동,20.7,92,0.0,0,,986.5,1002.7,,,2,0,20.6
2025-06-15 06:00,136,안동,20.9,92,0.0,0,,986.7,1002.9,0.0,0.06,5,0,21.3
2025-06-15 07:00,136,안동,21.7,88,0.0,0,,986.9,1003.0,0.0,0.24,6,0,22.8
2025-06-15 08:00,136,안동,23.5,84,0.4,0,,987.0,1003.0,0.3,0.72,7,4,26.4
2025-06-15 09:00,136,안동,24.8,79,0.5,160,,986.5,1002.4,0.7,1.72,6,2,30.6
2025-06-15 10:00,136,안동,26.2,72,1.0,320,,986.1,1001.9,0.6,2.44,6,4,33.9
2025-06-15 11:00,136,안동,27.4,69,1.1,340,,985.6,1001.4,0.6,2.4,7,5,37.5
2025-06-15 12:00,136,안동,29.4,60,1.3,250,,985.1,1000.7,0.8,3.21,7,5,39.9
2025-06-15 13:00,136,안동,30.5,56,1.5,200,,984.2,999.8,0.7,2.98,5,3,42.2
2025-06-15 14:00,136,안동,31.3,54,1.5,160,,983.7,999.2,1.0,3.52,5,3,44.0
2025-06-15 15:00,136,안동,31.0,57,2.0,270,,983.5,999.0,0.4,2.08,7,7,38.9
2025-06-15 16:00,136,안동,32.0,53,2.3,270,,983.1,998.6,1.0,2.56,7,7,37.2
2025-06-15 17:00,136,안동,32.0,53,1.9,230,,982.7,998.2,0.7,1.46,6,6,32.5
2025-06-15 18:00,136,안동,30.8,57,1.6,200,,982.4,997.9,0.5,0.92,7,7,30.6
2025-06-15 19:00,136,안동,30.2,60,1.9,200,,982.2,997.8,0.0,0.38,8,2,29.1
2025-06-15 20:00,136,안동,29.2,63,1.4,230,,982.5,998.1,0.0,0.03,7,7,27.2
2025-06-15 21:00,136,안동,28.5,65,1.2,200,,982.4,998.0,,,9,6,26.3
2025-06-15 22:00,136,안동,27.7,68,1.4,200,,982.8,998.5,,,10,2,25.7
2025-06-15 23:00,136,안동,27.2,70,2.6,200,,982.6,998.3,,,10,7,25.3
2025-06-16 00:00,136,안동,26.2,75,2.4,250,0.0,982.4,998.2,,,10,7,24.7
2025-06-16 01:00,136,안동,25.5,79,1.0,250,,981.7,997.5,,,10,9,24.7
2025-06-16 02:00,136,안동,25.0,82,1.9,230,,981.4,997.2,,,9,9,24.5
2025-06-16 03:00,136,안동,24.7,84,1.4,250,0.0,981.4,997.2,,,10,5,24.1
2025-06-16 04:00,136,안동,24.2,85,1.9,250,,981.0,996.9,,,10,6,23.7
2025-06-16 05:00,136,안동,24.2,85,1.3,230,,981.4,997.3,,,10,8,23.7
2025-06-16 06:00,136,안동,24.0,87,1.8,250,,982.2,998.1,0.0,0.02,10,8,23.8
2025-06-16 07:00,136,안동,24.8,81,1.2,290,,982.7,998.6,0.0,0.38,9,9,26.0
2025-06-16 08:00,136,안동,24.9,78,1.9,270,,982.6,998.5,0.0,0.51,10,6,26.8
2025-06-16 09:00,136,안동,23.7,83,1.8,290,0.0,982.6,998.5,0.0,0.6,10,7,26.6
2025-06-16 10:00,136,안동,23.6,84,1.6,290,0.0,983.6,999.5,0.0,0.53,10,9,26.9
2025-06-16 11:00,136,안동,23.5,87,0.8,290,0.4,983.6,999.6,0.0,0.72,10,9,27.0
2025-06-16 12:00,136,안동,23.2,88,0.0,0,0.7,983.9,999.9,0.0,0.44,10,9,26.2
2025-06-16 13:00,136,안동,23.7,89,1.4,290,0.6,983.1,999.0,0.0,0.73,10,9,28.4
2025-06-16 14:00,136,안동,26.1,81,2.2,290,0.0,983.8,999.6,0.5,2.47,6,6,37.9
2025-06-16 15:00,136,안동,28.1,66,2.8,270,,983.7,999.4,0.8,2.67,6,6,37.4
2025-06-16 16:00,136,안동,28.5,64,2.7,270,,983.7,999.4,0.5,1.73,6,6,33.7
2025-06-16 17:00,136,안동,27.9,62,2.9,290,,983.4,999.1,0.5,1.44,5,5,29.7
2025-06-16 18:00,136,안동,27.7,64,2.6,290,,983.8,999.5,0.3,0.85,5,5,28.2
2025-06-16 19:00,136,안동,26.6,66,2.9,290,,984.1,999.9,0.0,0.39,1,1,25.8
2025-06-16 20:00,136,안동,25.0,74,1.2,320,,984.5,1000.4,0.0,0.05,1,0,24.2
2025-06-16 21:00,136,안동,24.2,77,0.5,290,,985.6,1001.5,,,0,0,23.2
2025-06-16 22:00,136,안동,23.8,75,0.1,0,,986.6,1002.6,,,1,0,22.5
2025-06-16 23:00,136,안동,24.2,76,1.2,230,,987.1,1003.1,,,1,1,22.0
2025-06-17 00:00,136,안동,23.8,76,1.5,180,,987.5,1003.4,,,0,0,21.7
2025-06-17 01:00,136,안동,23.0,80,0.6,200,,987.4,1003.4,,,0,0,21.2
2025-06-17 02:00,136,안동,22.3,82,1.1,160,,987.7,1003.8,,,3,1,20.8
2025-06-17 03:00,136,안동,22.2,81,1.4,230,,988.0,1004.1,,,8,2,20.7
2025-06-17 04:00,136,안동,21.8,81,1.4,250,,988.1,1004.2,,,5,5,20.5
2025-06-17 05:00,136,안동,21.4,83,0.7,270,,988.9,1005.1,,,8,8,20.7
2025-06-17 06:00,136,안동,21.4,84,0.8,250,0.0,989.1,1005.3,0.0,0.02,10,7,21.2
2025-06-17 07:00,136,안동,22.0,80,1.1,200,0.0,989.5,1005.6,0.0,0.25,10,8,22.2
2025-06-17 08:00,136,안동,21.2,88,1.2,320,0.2,989.9,1006.1,0.0,0.47,9,7,23.8
2025-06-17 09:00,136,안동,22.1,85,0.9,320,,990.2,1006.3,0.0,0.69,9,7,25.4
2025-06-17 10:00,136,안동,22.2,84,0.9,360,,990.3,1006.4,0.0,0.7,9,7,26.2
2025-06-17 11:00,136,안동,23.2,81,1.1,340,,990.4,1006.5,0.0,1.13,8,6,28.6
2025-06-17 12:00,136,안동,24.8,74,0.6,320,,990.3,1006.3,0.0,1.28,8,8,31.8
2025-06-17 13:00,136,안동,26.6,69,2.1,320,,990.0,1005.9,0.3,2.34,8,8,38.4
2025-06-17 14:00,136,안동,27.6,67,2.5,290,,989.5,1005.3,0.8,2.66,8,8,39.8
2025-06-17 15:00,136,안동,28.6,63,3.1,320,,989.4,1005.2,1.0,2.94,7,7,40.2
2025-06-17 16:00,136,안동,28.7,59,2.7,290,,989.5,1005.3,1.0,2.43,7,7,35.0
2025-06-17 17:00,136,안동,28.2,61,2.2,320,,989.3,1005.1,0.6,1.48,8,8,30.8
2025-06-17 18:00,136,안동,28.2,60,1.7,290,,989.5,1005.3,0.4,0.91,6,4,28.8
2025-06-17 19:00,136,안동,27.3,66,0.4,0,,990.0,1005.8,0.0,0.41,8,1,27.7
2025-06-17 20:00,136,안동,26.0,73,0.8,320,,990.4,1006.3,0.0,0.06,8,1,25.7
2025-06-17 21:00,136,안동,25.7,77,0.0,0,,991.0,1006.9,,,6,6,25.3
2025-06-17 22:00,136,안동,25.2,79,0.4,0,,991.7,1007.7,,,3,3,24.5
2025-06-17 23:00,136,안동,23.5,87,0.0,0,,992.0,1008.1,,,0,0,23.3
2025-06-18 00:00,136,안동,23.7,86,0.4,0,,991.8,1007.8,,,1,1,22.8
2025-06-18 01:00,136,안동,22.7,85,0.8,320,,992.7,1008.9,,,4,4,23.1
2025-06-18 02:00,136,안동,22.0,88,1.0,360,,992.7,1008.9,,,6,6,22.5
2025-06-18 03:00,136,안동,21.5,90,1.0,340,0.5,992.7,1008.9,,,10,9,22.3
2025-06-18 04:00,136,안동,21.1,94,0.3,0,0.7,993.1,1009.4,,,8,8,22.2
2025-06-18 05:00,136,안동,21.0,94,0.9,340,,993.9,1010.2,,,6,6,21.5
2025-06-18 06:00,136,안동,20.6,95,0.9,320,,994.6,1010.9,0.0,0.04,4,4,21.3
2025-06-18 07:00,136,안동,21.4,94,0.7,290,,995.2,1011.5,0.6,0.5,4,4,23.5
2025-06-18 08:00,136,안동,23.1,86,1.4,270,,995.6,1011.8,0.9,1.15,3,3,28.2
2025-06-18 09:00,136,안동,24.7,76,1.8,270,,995.6,1011.7,1.0,2.06,3,3,35.1
2025-06-18 10:00,136,안동,25.7,70,1.8,250,,995.4,1011.4,0.8,2.34,0,0,38.7
2025-06-18 11:00,136,안동,27.2,64,2.0,230,,995.4,1011.3,1.0,3.18,0,0,42.5
2025-06-18 12:00,136,안동,28.2,55,2.7,290,,995.4,1011.3,1.0,3.47,0,0,45.5
2025-06-18 13:00,136,안동,29.2,54,2.9,270,,995.3,1011.1,1.0,3.54,0,0,45.6
2025-06-18 14:00,136,안동,30.0,52,3.0,270,,995.2,1011.0,1.0,3.41,0,0,44.8
2025-06-18 15:00,136,안동,30.3,50,2.6,290,,994.8,1010.5,1.0,3.08,2,2,44.0
2025-06-18 16:00,136,안동,30.9,48,2.1,290,,994.8,1010.5,1.0,2.47,2,2,39.2
2025-06-18 17:00,136,안동,30.4,50,3.2,270,,994.9,1010.6,0.9,1.89,2,2,34.0
2025-06-18 18:00,136,안동,29.6,54,2.2,290,,995.0,1010.8,1.0,1.18,0,0,30.8
2025-06-18 19:00,136,안동,28.2,55,2.0,320,,995.2,1011.1,0.2,0.51,0,0,28.2
2025-06-18 20:00,136,안동,26.1,62,1.1,340,,995.6,1011.6,0.0,0.05,0,0,25.7
2025-06-18 21:00,136,안동,25.1,69,0.0,0,,996.4,1012.5,,,0,0,24.5
2025-06-18 22:00,136,안동,23.8,73,0.3,0,,996.7,1012.9,,,0,0,23.2
2025-06-18 23:00,136,안동,23.5,75,0.4,0,,996.9,1013.1,,,3,0,22.5
2025-06-19 00:00,136,안동,21.6,83,0.0,0,,997.3,1013.5,,,6,0,22.0
2025-06-19 01:00,136,안동,20.5,88,0.1,0,,998.0,1014.4,,,3,0,21.3
2025-06-19 02:00,136,안동,20.5,89,1.2,340,,998.0,1014.4,,,0,0,20.8
2025-06-19 03:00,136,안동,20.1,91,0.0,0,,997.8,1014.2,,,5,0,20.6
2025-06-19 04:00,136,안동,19.3,93,0.0,0,,998.2,1014.7,,,6,0,20.3
2025-06-19 05:00,136,안동,20.1,91,1.0,160,,998.5,1014.9,,,6,0,20.0
2025-06-19 06:00,136,안동,20.2,90,0.8,140,,998.8,1015.2,0.0,0.04,7,0,20.2
2025-06-19 07:00,136,안동,20.4,91,0.4,0,,999.1,1015.5,0.3,0.44,6,0,22.8
2025-06-19 08:00,136,안동,22.7,83,0.5,290,,999.4,1015.7,0.9,1.08,6,0,28.5
2025-06-19 09:00,136,안동,24.4,76,0.5,320,,999.2,1015.4,1.0,1.64,6,0,32.5
2025-06-19 10:00,136,안동,27.3,66,0.6,140,,998.7,1014.7,1.0,2.32,7,0,37.6
2025-06-19 11:00,136,안동,29.8,59,0.8,320,,998.5,1014.3,1.0,3.0,4,0,45.4
2025-06-19 12:00,136,안동,30.7,44,1.3,320,,998.0,1013.8,1.0,3.49,6,0,49.6
2025-06-19 13:00,136,안동,30.8,49,1.4,320,,997.5,1013.3,1.0,2.98,8,0,44.7
2025-06-19 14:00,136,안동,30.1,60,2.5,320,,997.2,1013.0,0.5,2.1,9,0,41.6
2025-06-19 15:00,136,안동,31.9,46,1.8,290,,996.8,1012.5,0.8,2.69,5,5,46.9
2025-06-19 16:00,136,안동,32.1,49,1.5,340,,996.7,1012.4,0.7,1.93,6,6,43.2
2025-06-19 17:00,136,안동,31.6,44,2.6,270,,996.5,1012.2,0.6,1.58,8,2,35.9
2025-06-19 18:00,136,안동,30.2,52,1.6,290,0.0,996.3,1012.1,0.1,0.69,9,6,33.2
2025-06-19 19:00,136,안동,29.5,56,0.8,250,,996.4,1012.2,0.0,0.23,6,6,31.2
2025-06-19 20:00,136,안동,28.8,57,0.2,0,,996.5,1012.4,0.0,0.03,7,7,29.0
2025-06-19 21:00,136,안동,26.3,69,0.5,340,,996.8,1012.8,,,6,3,26.8
2025-06-19 22:00,136,안동,25.5,73,0.3,0,,996.9,1013.0,,,5,0,25.7
2025-06-19 23:00,136,안동,26.1,74,0.1,0,,996.8,1012.8,,,3,0,25.2
2025-06-20 00:00,136,안동,26.0,75,0.9,230,,996.6,1012.6,,,5,3,24.7
2025-06-20 01:00,136,안동,25.8,75,1.1,160,,996.2,1012.2,,,8,2,24.7
2025-06-20 02:00,136,안동,25.0,79,0.8,320,,995.8,1011.9,,,8,8,24.7
2025-06-20 03:00,136,안동,23.8,84,0.3,0,,995.5,1011.6,,,10,5,24.6
2025-06-20 04:00,136,안동,23.4,87,0.0,0,,995.1,1011.2,,,10,7,24.2
2025-06-20 05:00,136,안동,23.1,89,0.0,0,,995.2,1011.4,,,10,7,23.7
2025-06-20 06:00,136,안동,23.8,84,0.0,0,,994.9,1011.0,0.0,0.02,10,4,23.8
2025-06-20 07:00,136,안동,23.8,87,0.0,0,,994.7,1010.8,0.0,0.11,10,5,24.7
2025-06-20 08:00,136,안동,25.6,80,0.3,0,,994.4,1010.4,0.0,0.36,10,7,27.1
2025-06-20 09:00,136,안동,26.8,77,1.3,250,,994.0,1009.9,0.0,0.63,10,8,29.2
2025-06-20 10:00,136,안동,27.0,75,1.8,230,0.0,993.5,1009.4,0.0,0.8,10,8,28.7
2025-06-20 11:00,136,안동,26.3,81,1.4,250,0.0,993.2,1009.1,0.0,0.83,10,7,28.3
2025-06-20 12:00,136,안동,26.6,78,2.6,230,0.0,992.9,1008.8,0.0,0.82,10,7,27.8
2025-06-20 13:00,136,안동,26.8,77,2.3,230,0.0,992.2,1008.1,0.0,0.69,10,7,27.8
2025-06-20 14:00,136,안동,27.0,75,2.4,230,0.0,991.4,1007.3,0.0,0.69,10,8,27.7
2025-06-20 15:00,136,안동,26.5,78,2.5,200,0.0,990.9,1006.8,0.0,0.56,10,8,26.4
2025-06-20 16:00,136,안동,26.5,78,1.7,200,0.0,990.2,1006.1,0.0,0.47,10,6,26.5
2025-06-20 17:00,136,안동,25.6,82,2.4,180,0.8,989.7,1005.6,0.0,0.32,10,9,25.5
2025-06-20 18:00,136,안동,24.5,87,2.2,160,1.8,989.7,1005.7,0.0,0.1,10,8,24.3
2025-06-20 19:00,136,안동,24.2,88,2.2,180,1.2,989.5,1005.5,0.0,0.04,10,8,23.9
2025-06-20 20:00,136,안동,24.2,89,1.8,180,0.6,989.5,1005.5,0.0,0.0,10,8,23.7
2025-06-20 21:00,136,안동,24.2,89,2.2,200,0.3,989.4,1005.4,,,10,9,23.5
2025-06-20 22:00,136,안동,24.1,89,2.7,200,0.4,990.0,1006.0,,,10,9,23.3
2025-06-20 23:00,136,안동,24.0,88,1.8,200,0.0,990.1,1006.1,,,10,8,23.2
2025-06-21 00:00,136,안동,23.7,88,1.7,160,0.0,989.8,1005.7,,,10,8,23.1
2025-06-21 01:00,136,안동,23.7,88,1.3,230,0.0,989.6,1005.6,,,10,8,23.2
2025-06-21 02:00,136,안동,23.3,90,0.8,290,0.0,989.1,1005.2,,,10,8,23.2
2025-06-21 03:00,136,안동,23.4,89,0.2,0,,988.7,1004.7,,,10,8,23.2
2025-06-21 04:00,136,안동,23.2,91,0.6,340,0.0,988.2,1004.2,,,10,8,23.2
2025-06-21 05:00,136,안동,23.7,89,0.8,230,0.2,987.8,1003.8,,,10,8,23.2
2025-06-21 06:00,136,안동,24.1,87,1.2,180,0.0,987.5,1003.5,0.0,0.0,10,8,23.2
2025-06-21 07:00,136,안동,23.5,90,1.5,230,2.4,987.9,1003.9,0.0,0.03,10,8,23.3
2025-06-21 08:00,136,안동,23.7,93,2.2,230,4.5,988.5,1004.5,0.0,0.19,10,9,24.2
2025-06-21 09:00,136,안동,23.6,93,1.3,250,1.7,988.8,1004.8,0.0,0.28,10,9,24.6
2025-06-21 10:00,136,안동,23.7,93,1.0,270,2.2,988.7,1004.7,0.0,0.4,10,9,25.7
2025-06-21 11:00,136,안동,23.2,92,3.0,290,4.1,988.9,1005.0,0.0,0.47,10,9,25.1
2025-06-21 12:00,136,안동,21.6,92,0.3,0,6.0,988.4,1004.6,0.0,0.41,10,9,24.6
2025-06-21 13:00,136,안동,21.3,94,1.7,140,3.1,987.4,1003.6,0.0,0.41,10,9,23.3
2025-06-21 14:00,136,안동,21.0,96,1.8,290,17.4,988.2,1004.4,0.0,0.19,10,9,22.3
2025-06-21 15:00,136,안동,21.6,96,2.0,270,4.0,988.1,1004.2,0.0,0.4,10,9,23.8
2025-06-21 16:00,136,안동,21.7,95,2.2,270,0.7,987.9,1004.0,0.0,0.4,10,9,23.9
2025-06-21 17:00,136,안동,21.7,92,1.0,320,0.2,988.1,1004.2,0.0,0.33,10,9,24.1
2025-06-21 18:00,136,안동,21.2,93,1.1,320,0.4,988.9,1005.1,0.0,0.18,10,9,23.2
2025-06-21 19:00,136,안동,20.0,90,1.7,290,0.6,989.5,1005.8,0.0,0.08,10,9,22.1
2025-06-21 20:00,136,안동,18.4,91,0.1,0,3.1,990.5,1006.9,0.0,0.01,10,8,20.7
2025-06-21 21:00,136,안동,18.7,93,1.8,160,0.4,989.6,1006.0,,,10,8,20.0
2025-06-21 22:00,136,안동,18.3,94,0.7,340,0.3,990.0,1006.4,,,10,8,20.2
2025-06-21 23:00,136,안동,17.7,94,1.3,290,1.5,989.8,1006.2,,,10,8,19.7
2025-06-22 00:00,136,안동,17.2,94,1.2,290,0.8,990.1,1006.5,,,10,8,19.2
2025-06-22 01:00,136,안동,17.2,94,0.9,320,0.3,989.9,1006.4,,,10,9,19.2
2025-06-22 02:00,136,안동,17.1,95,0.9,320,0.3,989.5,1006.0,,,10,9,19.2
2025-06-22 03:00,136,안동,17.2,96,0.9,340,0.0,989.6,1006.1,,,10,7,19.2
2025-06-22 04:00,136,안동,17.2,96,0.8,290,,989.9,1006.4,,,10,6,19.2
2025-06-22 05:00,136,안동,17.2,97,0.1,0,,990.3,1006.8,,,10,8,18.7
2025-06-22 06:00,136,안동,17.3,96,1.0,340,,991.0,1007.5,0.0,0.03,10,8,19.0
2025-06-22 07:00,136,안동,17.7,95,1.0,290,,991.8,1008.3,0.0,0.2,10,8,20.1
2025-06-22 08:00,136,안동,18.2,92,0.9,290,,992.4,1008.8,0.0,0.27,10,7,21.2
2025-06-22 09:00,136,안동,19.5,86,1.6,270,,992.5,1008.9,0.0,0.89,7,7,25.2
2025-06-22 10:00,136,안동,21.4,83,1.3,290,,992.3,1008.5,0.3,1.75,7,7,31.2
2025-06-22 11:00,136,안동,23.3,68,2.1,250,,992.2,1008.3,0.8,2.8,7,3,36.3
2025-06-22 12:00,136,안동,24.7,66,2.2,290,,991.6,1007.6,0.9,3.29,5,0,40.0
2025-06-22 13:00,136,안동,25.4,61,2.4,270,,990.9,1006.9,0.6,2.62,9,0,37.3
2025-06-22 14:00,136,안동,26.6,53,2.7,290,,990.1,1006.0,0.9,3.42,7,0,41.3
2025-06-22 15:00,136,안동,27.2,54,3.5,270,,989.8,1005.6,1.0,3.12,7,0,39.0
2025-06-22 16:00,136,안동,27.8,53,2.8,250,,989.7,1005.5,1.0,2.43,6,0,34.7
2025-06-22 17:00,136,안동,28.3,49,2.2,270,,989.5,1005.3,1.0,2.08,2,0,30.1
2025-06-22 18:00,136,안동,28.0,49,2.4,290,,989.8,1005.6,1.0,1.36,4,0,27.6
2025-06-22 19:00,136,안동,26.3,55,2.1,270,,990.3,1006.2,0.6,0.6,1,0,25.4
2025-06-22 20:00,136,안동,24.2,64,1.6,320,,990.6,1006.6,0.0,0.08,2,0,23.5
2025-06-22 21:00,136,안동,22.8,72,1.0,340,,991.5,1007.6,,,0,0,22.2
2025-06-22 22:00,136,안동,22.1,77,0.0,0,,992.3,1008.5,,,3,0,21.5
2025-06-22 23:00,136,안동,21.2,79,0.1,0,,992.3,1008.5,,,0,0,20.7
2025-06-23 00:00,136,안동,20.3,84,0.5,360,,992.2,1008.5,,,0,0,20.2
2025-06-23 01:00,136,안동,20.0,85,0.6,140,,992.3,1008.6,,,0,0,19.5
2025-06-23 02:00,136,안동,18.7,92,0.0,0,,992.1,1008.5,,,0,0,19.2
2025-06-23 03:00,136,안동,17.9,93,0.0,0,,992.2,1008.6,,,0,0,18.7
2025-06-23 04:00,136,안동,18.2,91,0.0,0,,992.5,1008.9,,,0,0,18.2
2025-06-23 05:00,136,안동,17.7,93,0.1,0,,992.8,1009.3,,,0,0,18.0
2025-06-23 06:00,136,안동,17.2,94,0.0,0,,993.1,1009.6,0.0,0.06,0,0,18.3
2025-06-23 07:00,136,안동,18.6,91,1.0,160,,993.2,1009.6,0.6,0.42,0,0,20.4
2025-06-23 08:00,136,안동,20.8,81,0.4,0,,993.4,1009.7,1.0,1.26,0,0,26.8
2025-06-23 09:00,136,안동,23.2,72,0.4,0,,993.4,1009.5,1.0,2.02,0,0,33.1
2025-06-23 10:00,136,안동,24.9,64,1.1,290,,993.2,1009.2,1.0,2.65,0,0,37.9
2025-06-23 11:00,136,안동,26.5,58,0.7,90,,992.9,1008.8,1.0,3.16,0,0,40.9
2025-06-23 12:00,136,안동,28.3,51,2.0,140,,992.5,1008.3,1.0,3.49,1,1,42.9
2025-06-23 13:00,136,안동,30.1,51,1.4,270,,991.8,1007.5,1.0,3.59,1,1,45.2
2025-06-23 14:00,136,안동,30.2,47,1.0,320,,991.4,1007.1,1.0,3.54,3,3,45.8
2025-06-23 15:00,136,안동,29.7,49,1.3,320,,991.1,1006.8,0.6,2.15,5,5,38.4
2025-06-23 16:00,136,안동,31.8,41,1.7,200,,990.8,1006.4,0.9,2.59,3,3,38.4
2025-06-23 17:00,136,안동,31.2,43,1.7,250,,990.4,1006.0,1.0,2.05,2,2,33.3
2025-06-23 18:00,136,안동,30.1,46,0.8,20,,990.7,1006.4,0.9,1.33,2,2,31.3
2025-06-23 19:00,136,안동,28.2,44,2.8,90,,991.0,1006.8,0.2,0.33,5,1,27.4
2025-06-23 20:00,136,안동,27.1,48,1.9,110,,991.8,1007.7,0.0,0.03,0,0,25.2
2025-06-23 21:00,136,안동,25.6,52,1.2,90,,992.7,1008.7,,,4,0,23.7
2025-06-23 22:00,136,안동,24.2,62,1.2,90,,993.2,1009.3,,,0,0,22.6
2025-06-23 23:00,136,안동,23.0,66,1.1,90,,993.3,1009.4,,,5,0,21.7
2025-06-24 00:00,136,안동,22.4,66,1.4,70,,993.5,1009.6,,,5,0,21.0
2025-06-24 01:00,136,안동,21.1,73,0.1,0,,993.6,1009.9,,,3,0,20.2
2025-06-24 02:00,136,안동,20.6,77,0.7,110,,993.7,1010.0,,,3,2,19.8
2025-06-24 03:00,136,안동,19.6,83,0.3,0,,993.6,1010.0,,,8,0,19.5
2025-06-24 04:00,136,안동,19.2,83,0.8,140,,993.8,1010.2,,,8,0,19.2
2025-06-24 05:00,136,안동,19.2,87,1.0,70,,993.9,1010.3,,,9,0,19.2
2025-06-24 06:00,136,안동,19.2,86,0.7,90,,994.4,1010.8,0.0,0.06,8,0,19.6
2025-06-24 07:00,136,안동,20.2,82,1.3,140,,994.8,1011.1,0.1,0.39,9,0,21.9
2025-06-24 08:00,136,안동,21.3,76,1.2,110,,994.8,1011.1,0.2,0.88,9,0,25.0
2025-06-24 09:00,136,안동,23.2,72,1.2,160,,994.5,1010.7,0.3,1.31,9,0,27.5
2025-06-24 10:00,136,안동,24.8,62,1.3,90,,994.1,1010.1,0.0,1.3,9,0,29.9
2025-06-24 11:00,136,안동,26.1,54,2.5,90,,994.3,1010.3,0.0,1.88,9,2,31.9
2025-06-24 12:00,136,안동,25.8,54,2.1,90,,993.9,1009.9,0.0,1.26,9,6,29.9
2025-06-24 13:00,136,안동,25.5,51,2.8,110,,993.8,1009.8,0.0,1.04,10,6,28.2
2025-06-24 14:00,136,안동,24.8,52,1.9,90,,993.7,1009.7,0.0,0.95,10,6,29.2
2025-06-24 15:00,136,안동,24.4,52,2.6,110,,993.4,1009.5,0.0,0.73,10,8,27.7
2025-06-24 16:00,136,안동,23.7,59,2.3,110,0.0,993.1,1009.2,0.0,0.48,10,8,25.2
2025-06-24 17:00,136,안동,22.9,57,2.4,110,0.0,993.3,1009.5,0.0,0.3,10,8,23.5
2025-06-24 18:00,136,안동,20.7,72,1.1,90,0.3,993.8,1010.1,0.0,0.13,10,8,21.8
2025-06-24 19:00,136,안동,19.7,85,1.1,50,0.6,993.8,1010.2,0.0,0.07,10,9,21.7
2025-06-24 20:00,136,안동,18.8,86,0.7,70,0.6,994.0,1010.4,0.0,0.0,10,9,20.7
2025-06-24 21:00,136,안동,18.2,88,0.6,50,1.0,994.2,1010.7,,,10,9,20.3
2025-06-24 22:00,136,안동,17.6,91,0.9,360,0.9,994.3,1010.8,,,10,9,20.2
2025-06-24 23:00,136,안동,17.5,91,0.9,360,0.7,994.2,1010.7,,,10,9,19.8
2025-06-25 00:00,136,안동,17.3,93,0.8,290,0.1,994.0,1010.4,,,10,9,20.0
2025-06-25 01:00,136,안동,17.6,94,0.4,0,0.6,993.3,1009.8,,,10,6,19.7
2025-06-25 02:00,136,안동,18.0,94,0.3,0,0.0,992.8,1009.3,,,10,6,19.5
2025-06-25 03:00,136,안동,18.2,93,1.0,50,,992.5,1008.9,,,10,7,19.6
2025-06-25 04:00,136,안동,18.4,93,0.0,0,,992.4,1008.8,,,10,8,20.0
2025-06-25 05:00,136,안동,18.6,93,0.4,0,,992.0,1008.4,,,10,6,20.1
2025-06-25 06:00,136,안동,18.7,93,0.7,360,,992.0,1008.4,0.0,0.03,7,7,20.1
2025-06-25 07:00,136,안동,19.8,92,0.1,0,,992.1,1008.4,0.0,0.22,8,8,21.9
2025-06-25 08:00,136,안동,21.7,88,0.2,0,,991.9,1008.1,0.5,0.94,8,8,25.8
2025-06-25 09:00,136,안동,21.7,90,1.1,290,0.0,992.0,1008.2,0.0,0.56,9,9,26.0
2025-06-25 10:00,136,안동,22.2,88,1.1,290,,991.8,1008.0,0.0,0.87,9,9,28.1
2025-06-25 11:00,136,안동,23.4,85,1.8,270,,991.6,1007.7,0.0,1.28,10,8,31.3
2025-06-25 12:00,136,안동,22.6,90,2.0,290,0.0,991.4,1007.5,0.0,1.22,10,8,27.8
2025-06-25 13:00,136,안동,22.6,91,1.1,230,0.8,991.6,1007.7,0.0,0.75,10,9,26.5
2025-06-25 14:00,136,안동,23.5,86,1.6,250,0.1,991.5,1007.6,0.0,0.96,10,8,28.6
2025-06-25 15:00,136,안동,21.7,91,1.7,320,0.1,991.5,1007.7,0.0,0.38,10,8,24.9
2025-06-25 16:00,136,안동,24.1,85,1.8,250,0.3,991.6,1007.6,0.3,1.29,9,7,29.7
2025-06-25 17:00,136,안동,24.2,75,2.8,290,,991.7,1007.7,0.4,1.23,8,6,26.7
2025-06-25 18:00,136,안동,24.2,71,1.9,320,,991.5,1007.5,1.0,1.37,6,3,25.1
2025-06-25 19:00,136,안동,22.7,77,1.3,320,,991.8,1007.9,0.3,0.5,6,1,24.1
2025-06-25 20:00,136,안동,22.2,78,1.3,320,,991.9,1008.1,0.0,0.03,8,4,22.9
2025-06-25 21:00,136,안동,21.5,82,0.4,0,,992.0,1008.2,,,6,6,22.3
2025-06-25 22:00,136,안동,21.5,81,0.4,0,,992.3,1008.5,,,10,5,22.0
2025-06-25 23:00,136,안동,21.6,79,1.0,270,,992.6,1008.8,,,10,10,21.7
2025-06-26 00:00,136,안동,21.3,79,0.8,290,,992.9,1009.1,,,10,6,21.6
2025-06-26 01:00,136,안동,20.8,82,0.9,290,,992.9,1009.2,,,10,10,21.3
2025-06-26 02:00,136,안동,20.8,82,1.0,320,,992.7,1009.0,,,10,10,21.2
2025-06-26 03:00,136,안동,20.7,85,0.8,340,,992.7,1009.0,,,10,6,21.2
2025-06-26 04:00,136,안동,20.7,85,1.8,320,,992.6,1008.9,,,10,8,20.8
2025-06-26 05:00,136,안동,20.7,85,1.6,320,,992.8,1009.1,,,10,8,20.8
2025-06-26 06:00,136,안동,20.6,86,1.2,320,,993.1,1009.4,0.0,0.0,9,9,21.1
2025-06-26 07:00,136,안동,21.1,86,2.0,290,,993.2,1009.5,0.0,0.16,9,9,22.1
2025-06-26 08:00,136,안동,21.5,85,2.7,270,,993.4,1009.6,0.0,0.41,9,9,24.1
2025-06-26 09:00,136,안동,21.6,86,1.9,270,,993.7,1009.9,0.0,0.43,9,9,23.7
2025-06-26 10:00,136,안동,23.5,79,3.0,290,,993.5,1009.6,0.2,1.59,9,9,33.1
2025-06-26 11:00,136,안동,23.4,79,2.2,270,,993.5,1009.6,0.1,1.53,9,9,29.4
2025-06-26 12:00,136,안동,24.3,75,2.8,270,,993.3,1009.4,0.0,1.4,9,9,30.1
2025-06-26 13:00,136,안동,25.2,73,2.7,270,,993.1,1009.1,0.1,1.48,8,8,34.5
2025-06-26 14:00,136,안동,24.9,74,2.9,320,,993.0,1009.0,0.2,2.15,9,9,32.9
2025-06-26 15:00,136,안동,25.2,74,2.1,290,,992.9,1008.9,0.0,1.46,8,8,31.7
2025-06-26 16:00,136,안동,24.5,76,2.0,320,,992.9,1008.9,0.0,1.01,9,9,28.7
2025-06-26 17:00,136,안동,24.7,75,1.8,320,,993.0,1009.0,0.0,0.53,9,9,27.7
2025-06-26 18:00,136,안동,24.7,74,2.3,290,,992.9,1008.9,0.0,0.37,8,8,26.6
2025-06-26 19:00,136,안동,24.6,73,1.5,290,,993.0,1009.0,0.0,0.42,7,7,25.1
2025-06-26 20:00,136,안동,22.5,83,1.3,320,,993.0,1009.2,0.0,0.07,7,3,23.0
2025-06-26 21:00,136,안동,22.5,84,1.0,290,,993.4,1009.6,,,8,0,22.0
2025-06-26 22:00,136,안동,20.9,90,0.0,0,,993.7,1010.0,,,5,0,21.2
2025-06-26 23:00,136,안동,20.3,92,0.0,0,,993.8,1010.1,,,5,0,20.7
2025-06-27 00:00,136,안동,20.2,94,0.1,0,,993.5,1009.8,,,5,0,20.1
2025-06-27 01:00,136,안동,19.7,94,0.0,0,,993.4,1009.8,,,8,0,19.6
2025-06-27 02:00,136,안동,18.8,95,0.0,0,,993.3,1009.7,,,8,0,19.2
2025-06-27 03:00,136,안동,19.0,95,0.4,0,,993.5,1009.9,,,9,0,19.7
2025-06-27 04:00,136,안동,18.7,95,0.1,0,,993.5,1009.9,,,8,0,18.8
2025-06-27 05:00,136,안동,18.7,95,0.0,0,,993.4,1009.8,,,7,0,18.6
2025-06-27 06:00,136,안동,18.2,96,1.1,320,,993.8,1010.3,0.0,0.02,9,0,19.5
2025-06-27 07:00,136,안동,19.4,95,0.7,140,,994.0,1010.4,0.0,0.21,9,0,21.1
2025-06-27 08:00,136,안동,20.9,91,0.3,0,,994.2,1010.5,0.1,0.79,9,0,25.5
2025-06-27 09:00,136,안동,22.5,85,1.5,320,,994.4,1010.6,0.1,1.46,9,0,30.3
2025-06-27 10:00,136,안동,25.2,74,1.0,250,,994.1,1010.1,0.9,2.35,7,3,39.0
2025-06-27 11:00,136,안동,26.3,69,1.7,270,,993.9,1009.9,0.9,2.66,7,2,39.2
2025-06-27 12:00,136,안동,27.1,69,1.3,360,,993.6,1009.5,0.9,2.91,7,2,40.2
2025-06-27 13:00,136,안동,27.8,65,1.3,290,,993.1,1009.0,1.0,3.28,6,3,46.0
2025-06-27 14:00,136,안동,29.1,63,1.1,20,,992.4,1008.2,1.0,3.45,4,0,46.4
2025-06-27 15:00,136,안동,29.1,63,1.6,320,,992.3,1008.1,1.0,2.82,5,0,41.4
2025-06-27 16:00,136,안동,30.9,57,1.0,290,,992.1,1007.8,1.0,2.37,5,0,39.7
2025-06-27 17:00,136,안동,30.4,57,2.0,290,,991.8,1007.5,1.0,2.05,4,0,34.0
2025-06-27 18:00,136,안동,29.8,61,1.7,290,,991.7,1007.4,1.0,1.27,5,0,31.0
2025-06-27 19:00,136,안동,28.7,67,1.6,320,,992.1,1007.9,0.3,0.58,2,0,28.7
2025-06-27 20:00,136,안동,27.1,72,0.9,340,,992.2,1008.1,0.0,0.07,3,0,26.7
2025-06-27 21:00,136,안동,25.8,81,0.0,0,,993.0,1009.0,,,3,0,25.5
2025-06-27 22:00,136,안동,25.5,82,0.1,0,,993.3,1009.3,,,0,0,24.6
2025-06-27 23:00,136,안동,24.2,88,0.0,0,,993.4,1009.5,,,0,0,24.0
2025-06-28 00:00,136,안동,23.0,91,0.1,0,,993.5,1009.5,,,4,2,23.5
2025-06-28 01:00,136,안동,23.2,90,0.0,0,,993.4,1009.5,,,8,3,23.2
2025-06-28 02:00,136,안동,23.6,90,0.0,0,,993.4,1009.5,,,7,7,23.3
2025-06-28 03:00,136,안동,23.2,90,0.8,140,,993.4,1009.5,,,7,0,23.0
2025-06-28 04:00,136,안동,23.1,90,0.4,0,,993.2,1009.3,,,7,3,23.0
2025-06-28 05:00,136,안동,22.8,92,0.0,0,,993.0,1009.2,,,7,3,22.7
2025-06-28 06:00,136,안동,22.5,93,0.0,0,,993.4,1009.6,0.0,0.03,8,6,23.2
2025-06-28 07:00,136,안동,23.4,91,0.3,0,,993.5,1009.6,0.1,0.4,9,6,25.5
2025-06-28 08:00,136,안동,25.2,84,0.6,110,,993.6,1009.6,0.2,0.81,8,5,31.7
2025-06-28 09:00,136,안동,27.0,76,0.8,160,,993.6,1009.5,0.2,1.38,9,5,33.7
2025-06-28 10:00,136,안동,27.4,75,0.7,230,,993.3,1009.2,0.1,1.71,9,3,35.4
2025-06-28 11:00,136,안동,29.2,71,0.8,50,,992.9,1008.7,0.1,2.15,9,5,41.5
2025-06-28 12:00,136,안동,30.1,65,0.4,0,,992.6,1008.3,0.2,2.69,8,4,46.4
2025-06-28 13:00,136,안동,30.8,62,1.0,320,,992.4,1008.1,0.2,2.19,8,3,43.9
2025-06-28 14:00,136,안동,29.9,66,0.7,360,,991.9,1007.6,0.3,1.74,9,7,36.2
2025-06-28 15:00,136,안동,31.3,62,1.4,320,,991.4,1007.0,0.3,1.81,8,5,45.3
2025-06-28 16:00,136,안동,31.7,63,1.2,340,,991.1,1006.7,1.0,2.53,6,4,40.9
2025-06-28 17:00,136,안동,31.7,62,2.0,320,,990.7,1006.3,0.9,1.42,7,3,36.9
2025-06-28 18:00,136,안동,28.7,75,2.3,290,0.3,990.6,1006.4,0.6,1.22,6,4,31.6
2025-06-28 19:00,136,안동,27.9,81,1.1,340,,991.2,1007.0,0.0,0.2,10,7,29.5
2025-06-28 20:00,136,안동,26.6,82,1.8,290,0.0,992.0,1007.9,0.0,0.04,10,8,27.5
2025-06-28 21:00,136,안동,25.7,89,0.0,0,0.0,992.3,1008.3,,,9,7,26.8
2025-06-28 22:00,136,안동,25.7,89,0.8,340,,992.2,1008.2,,,6,3,25.7
2025-06-28 23:00,136,안동,24.7,91,0.8,340,,992.2,1008.2,,,0,0,25.1
2025-06-29 00:00,136,안동,24.5,93,0.7,340,,992.2,1008.1,,,0,0,24.6
2025-06-29 01:00,136,안동,23.9,94,0.0,0,,992.0,1008.1,,,0,0,24.2
2025-06-29 02:00,136,안동,23.2,96,0.7,320,,992.1,1008.2,,,10,10,24.1
2025-06-29 03:00,136,안동,23.1,97,0.9,320,,992.1,1008.2,,,10,10,24.2
2025-06-29 04:00,136,안동,22.8,97,0.9,320,,992.4,1008.5,,,9,9,24.2
2025-06-29 05:00,136,안동,22.7,97,0.6,340,,992.5,1008.7,,,10,10,24.3
2025-06-29 06:00,136,안동,23.0,98,0.0,0,,993.0,1009.1,0.0,0.02,10,10,24.7
2025-06-29 07:00,136,안동,23.1,97,0.9,290,,993.4,1009.5,0.0,0.15,9,9,25.6
2025-06-29 08:00,136,안동,24.1,98,0.5,290,,993.7,1009.8,0.0,0.51,9,9,28.2
2025-06-29 09:00,136,안동,24.9,90,0.6,290,,993.5,1009.5,0.0,0.9,9,9,31.0
2025-06-29 10:00,136,안동,27.4,82,1.2,320,,993.8,1009.7,0.9,2.54,5,5,42.8
2025-06-29 11:00,136,안동,29.7,73,1.5,290,,993.8,1009.6,1.0,3.13,2,2,48.2
2025-06-29 12:00,136,안동,30.9,65,2.0,270,,993.2,1008.9,1.0,3.46,2,2,51.4
2025-06-29 13:00,136,안동,32.0,62,1.5,290,,992.6,1008.2,1.0,3.57,2,2,54.0
2025-06-29 14:00,136,안동,32.8,59,1.7,290,,992.0,1007.6,1.0,3.19,1,1,53.6
2025-06-29 15:00,136,안동,33.0,52,3.4,320,,991.8,1007.4,1.0,3.17,1,1,51.5
2025-06-29 16:00,136,안동,33.7,52,2.3,290,,991.6,1007.1,1.0,2.68,1,1,46.1
2025-06-29 17:00,136,안동,33.2,56,2.6,320,,991.6,1007.1,1.0,2.04,0,0,38.5
2025-06-29 18:00,136,안동,32.7,57,2.4,290,,991.8,1007.4,1.0,1.35,0,0,35.2
2025-06-29 19:00,136,안동,31.7,59,1.7,290,,991.9,1007.5,1.0,0.6,2,0,32.7
2025-06-29 20:00,136,안동,30.1,66,0.7,320,,992.0,1007.7,0.1,0.09,0,0,30.2
2025-06-29 21:00,136,안동,28.2,75,0.2,0,,992.7,1008.5,,,0,0,28.7
2025-06-29 22:00,136,안동,27.8,79,0.2,0,,993.1,1009.0,,,0,0,27.8
2025-06-29 23:00,136,안동,27.0,82,0.1,0,,993.5,1009.4,,,0,0,27.6
2025-06-30 00:00,136,안동,26.7,83,1.0,340,,993.9,1009.8,,,0,0,27.1
2025-06-30 01:00,136,안동,26.5,82,1.6,290,,994.4,1010.4,,,6,6,27.0
2025-06-30 02:00,136,안동,25.7,85,1.2,290,,994.6,1010.6,,,2,2,26.5
2025-06-30 03:00,136,안동,25.6,86,0.7,320,,994.6,1010.6,,,0,0,25.5
2025-06-30 04:00,136,안동,24.9,87,1.0,340,,994.7,1010.8,,,0,0,25.0
2025-06-30 05:00,136,안동,24.2,91,0.0,0,,995.1,1011.2,,,0,0,24.3
2025-06-30 06:00,136,안동,24.3,91,0.0,0,,995.4,1011.5,0.1,0.04,0,0,24.3
2025-06-30 07:00,136,안동,25.6,88,0.8,320,,996.1,1012.1,1.0,0.62,0,0,26.5
2025-06-30 08:00,136,안동,27.9,77,1.4,290,,996.4,1012.3,1.0,1.32,0,0,35.8
2025-06-30 09:00,136,안동,28.7,71,2.1,290,,996.2,1012.1,1.0,2.01,0,0,42.6
2025-06-30 10:00,136,안동,29.6,66,1.9,290,,996.1,1011.9,0.9,2.45,0,0,47.0
2025-06-30 11:00,136,안동,30.5,62,3.6,270,,996.0,1011.8,0.9,2.93,4,4,51.3
2025-06-30 12:00,136,안동,31.9,59,3.2,270,,995.9,1011.6,1.0,3.51,4,4,54.8
2025-06-30 13:00,136,안동,32.5,58,2.5,290,,995.5,1011.1,1.0,3.45,4,4,56.2
2025-06-30 14:00,136,안동,32.8,57,2.0,290,,995.2,1010.8,1.0,3.48,5,5,55.1
2025-06-30 15:00,136,안동,33.6,54,2.3,270,,994.9,1010.5,1.0,3.17,5,5,55.2
2025-06-30 16:00,136,안동,33.2,55,2.6,290,,994.7,1010.3,0.9,2.51,6,6,46.7
2025-06-30 17:00,136,안동,33.0,55,2.6,290,,994.4,1010.0,1.0,1.86,6,4,40.6
2025-06-30 18:00,136,안동,32.9,57,2.4,290,,994.5,1010.1,1.0,1.34,6,4,36.5
2025-06-30 19:00,136,안동,31.7,60,1.6,290,,994.5,1010.2,1.0,0.66,5,0,33.7
2025-06-30 20:00,136,안동,30.3,65,1.0,340,,994.9,1010.6,0.1,0.07,0,0,30.9
2025-06-30 21:00,136,안동,28.2,75,0.2,0,,995.4,1011.3,,,4,0,29.2
2025-06-30 22:00,136,안동,27.9,76,0.3,0,,995.6,1011.5,,,7,0,28.3
2025-06-30 23:00,136,안동,27.0,81,0.5,360,,996.0,1012.0,,,6,1,27.5
2025-06-01 00:00,155,창원,17.1,60,1.3,230,,1006.8,1010.9,,,5,0,17.3
2025-06-01 01:00,155,창원,16.7,67,0.4,0,,1006.4,1010.5,,,6,0,16.8
2025-06-01 02:00,155,창원,16.3,72,1.2,230,,1006.4,1010.5,,,5,5,16.4
2025-06-01 03:00,155,창원,16.4,73,0.9,290,,1006.5,1010.6,,,0,0,15.8
2025-06-01 04:00,155,창원,16.1,68,1.1,270,,1006.6,1010.7,,,0,0,15.6
2025-06-01 05:00,155,창원,15.6,74,0.9,270,,1007.0,1011.1,,,0,0,15.2
2025-06-01 06:00,155,창원,16.1,72,0.9,320,,1007.2,1011.3,0.0,0.06,1,1,15.7
2025-06-01 07:00,155,창원,18.2,64,1.0,340,,1007.5,1011.6,0.9,0.45,1,1,17.6
2025-06-01 08:00,155,창원,20.2,57,1.1,290,,1007.6,1011.7,1.0,1.18,0,0,21.1
2025-06-01 09:00,155,창원,23.2,49,1.2,20,,1007.5,1011.5,1.0,1.9,0,0,27.6
2025-06-01 10:00,155,창원,25.4,47,0.9,50,,1006.8,1010.8,1.0,2.53,0,0,35.3
2025-06-01 11:00,155,창원,26.7,46,2.6,70,,1006.6,1010.6,1.0,3.03,0,0,42.3
2025-06-01 12:00,155,창원,25.4,49,3.1,110,,1006.2,1010.2,1.0,3.33,0,0,37.6
2025-06-01 13:00,155,창원,26.2,51,2.7,110,,1005.5,1009.5,1.0,3.4,0,0,48.4
2025-06-01 14:00,155,창원,24.9,54,3.1,110,,1005.1,1009.1,1.0,3.24,5,0,44.2
2025-06-01 15:00,155,창원,23.7,56,3.0,110,,1004.8,1008.8,1.0,2.57,6,0,35.6
2025-06-01 16:00,155,창원,24.0,54,3.3,90,,1004.3,1008.3,0.9,1.95,5,0,40.5
2025-06-01 17:00,155,창원,22.6,63,3.6,90,,1004.2,1008.2,0.9,1.52,7,0,26.7
2025-06-01 18:00,155,창원,21.9,69,3.6,110,,1004.3,1008.3,1.0,1.01,7,0,24.6
2025-06-01 19:00,155,창원,20.8,75,2.7,110,,1004.4,1008.5,0.3,0.35,4,1,21.4
2025-06-01 20:00,155,창원,20.3,74,1.2,180,,1004.7,1008.8,0.0,0.05,7,0,19.0
2025-06-01 21:00,155,창원,20.1,71,1.1,200,,1004.9,1009.0,,,8,0,18.3
2025-06-01 22:00,155,창원,18.9,80,0.6,160,,1005.0,1009.1,,,6,0,17.0
2025-06-01 23:00,155,창원,18.3,83,0.9,250,,1004.5,1008.6,,,8,0,16.7
2025-06-02 00:00,155,창원,18.0,84,0.5,270,,1004.0,1008.1,,,7,0,16.6
2025-06-02 01:00,155,창원,17.7,86,0.6,230,,1003.6,1007.7,,,7,0,15.7
2025-06-02 02:00,155,창원,17.7,86,1.0,230,,1003.4,1007.5,,,8,1,15.9
2025-06-02 03:00,155,창원,18.0,84,0.8,270,,1002.8,1006.9,,,8,0,16.5
2025-06-02 04:00,155,창원,18.0,84,0.4,0,,1002.5,1006.6,,,8,0,16.8
2025-06-02 05:00,155,창원,17.9,84,0.5,250,,1002.2,1006.3,,,9,0,17.2
2025-06-02 06:00,155,창원,18.0,85,0.2,0,,1002.3,1006.4,0.0,0.05,9,6,18.8
2025-06-02 07:00,155,창원,18.7,82,1.0,290,,1002.4,1006.5,0.0,0.13,9,7,20.1
2025-06-02 08:00,155,창원,20.0,78,0.4,0,,1002.0,1006.1,0.0,0.38,9,7,24.5
2025-06-02 09:00,155,창원,21.0,76,0.8,70,,1001.9,1005.9,0.0,0.6,10,10,22.9
2025-06-02 10:00,155,창원,20.8,76,2.8,110,0.0,1001.9,1005.9,0.0,0.77,10,10,23.8
2025-06-02 11:00,155,창원,20.9,76,2.3,110,0.0,1002.0,1006.0,0.0,0.89,10,10,24.4
2025-06-02 12:00,155,창원,20.8,78,1.2,110,0.1,1001.7,1005.7,0.0,0.61,10,5,23.7
2025-06-02 13:00,155,창원,21.1,78,2.1,110,0.3,1001.2,1005.2,0.0,1.28,10,10,26.3
2025-06-02 14:00,155,창원,21.2,70,0.8,180,0.0,1001.2,1005.2,0.0,0.9,10,10,25.2
2025-06-02 15:00,155,창원,21.2,69,1.0,50,0.2,1000.4,1004.4,0.0,0.91,10,10,25.1
2025-06-02 16:00,155,창원,20.9,69,0.3,0,0.1,999.8,1003.8,0.0,0.56,10,10,24.2
2025-06-02 17:00,155,창원,18.8,82,0.9,230,0.4,999.3,1003.4,0.0,0.44,10,8,22.9
2025-06-02 18:00,155,창원,17.8,86,1.0,200,0.0,998.9,1003.0,0.0,0.29,10,7,21.9
2025-06-02 19:00,155,창원,17.3,91,1.0,230,0.1,998.6,1002.7,0.0,0.11,10,8,20.7
2025-06-02 20:00,155,창원,17.0,92,0.8,250,0.0,998.3,1002.4,0.0,0.01,10,7,19.9
2025-06-02 21:00,155,창원,17.0,91,0.5,320,0.3,998.1,1002.2,,,10,8,19.5
2025-06-02 22:00,155,창원,16.9,93,0.4,0,0.1,997.8,1001.9,,,10,8,19.3
2025-06-02 23:00,155,창원,17.0,89,1.0,20,0.0,997.2,1001.3,,,10,9,19.1
2025-06-03 00:00,155,창원,16.8,93,0.8,230,0.3,996.3,1000.4,,,10,7,18.9
2025-06-03 01:00,155,창원,17.2,88,1.9,20,0.0,995.5,999.6,,,10,8,18.8
2025-06-03 02:00,155,창원,17.0,90,0.9,50,0.6,995.1,999.2,,,10,9,18.6
2025-06-03 03:00,155,창원,16.9,90,1.1,290,0.5,994.8,998.9,,,10,9,18.4
2025-06-03 04:00,155,창원,16.9,90,1.3,290,0.1,994.5,998.6,,,10,8,18.3
2025-06-03 05:00,155,창원,17.1,87,1.5,340,0.0,994.5,998.6,,,10,8,18.2
2025-06-03 06:00,155,창원,16.9,92,0.9,180,,994.7,998.8,0.0,0.03,9,5,18.4
2025-06-03 07:00,155,창원,18.0,85,1.1,290,,994.9,999.0,0.1,0.32,8,8,19.4
2025-06-03 08:00,155,창원,20.6,74,2.0,50,,995.2,999.2,0.6,1.11,2,2,21.9
2025-06-03 09:00,155,창원,21.6,68,2.8,20,,995.2,999.2,1.0,2.03,2,2,25.9
2025-06-03 10:00,155,창원,23.0,62,3.5,20,,994.8,998.8,0.9,2.51,1,1,29.0
2025-06-03 11:00,155,창원,24.7,54,2.1,90,,994.6,998.6,1.0,3.15,2,2,33.1
2025-06-03 12:00,155,창원,26.1,48,2.6,360,,994.7,998.6,1.0,3.6,5,5,36.9
2025-06-03 13:00,155,창원,27.5,46,1.7,180,,994.3,998.2,0.8,2.76,4,4,37.7
2025-06-03 14:00,155,창원,23.3,64,4.5,140,,994.1,998.1,0.9,3.2,4,2,36.4
2025-06-03 15:00,155,창원,23.6,67,3.7,140,,993.9,997.9,0.8,2.57,4,4,36.4
2025-06-03 16:00,155,창원,24.6,60,1.7,70,,993.5,997.5,0.4,1.54,3,3,34.8
2025-06-03 17:00,155,창원,26.4,54,1.2,90,,993.4,997.3,0.7,1.48,0,0,33.0
2025-06-03 18:00,155,창원,26.8,39,2.4,250,,994.1,998.0,1.0,1.17,0,0,27.6
2025-06-03 19:00,155,창원,24.7,40,1.7,270,,995.1,999.1,0.6,0.4,0,0,24.7
2025-06-03 20:00,155,창원,23.5,37,1.7,270,,996.4,1000.4,0.0,0.02,0,0,22.3
2025-06-03 21:00,155,창원,22.5,31,2.3,230,,997.2,1001.2,,,6,0,20.5
2025-06-03 22:00,155,창원,22.1,32,1.6,270,,998.0,1002.0,,,8,5,20.2
2025-06-03 23:00,155,창원,22.0,27,1.4,360,,998.3,1002.3,,,7,2,19.5
2025-06-04 00:00,155,창원,21.0,29,1.0,230,,998.4,1002.4,,,8,0,19.0
2025-06-04 01:00,155,창원,19.6,31,0.9,340,,998.4,1002.4,,,7,5,18.0
2025-06-04 02:00,155,창원,19.6,29,1.5,270,,998.5,1002.5,,,1,1,16.9
2025-06-04 03:00,155,창원,20.0,29,1.9,270,,998.7,1002.7,,,0,0,16.3
2025-06-04 04:00,155,창원,19.4,33,1.5,320,,999.5,1003.6,,,0,0,15.8
2025-06-04 05:00,155,창원,17.3,43,1.3,320,,1000.3,1004.4,,,0,0,15.2
2025-06-04 06:00,155,창원,17.3,47,0.6,160,,1001.0,1005.1,0.2,0.08,0,0,15.2
2025-06-04 07:00,155,창원,19.7,45,0.5,180,,1001.5,1005.6,1.0,0.65,0,0,16.6
2025-06-04 08:00,155,창원,22.9,40,1.4,50,,1001.7,1005.7,1.0,1.38,0,0,20.0
2025-06-04 09:00,155,창원,24.0,34,3.1,110,,1001.6,1005.6,1.0,2.12,0,0,25.6
2025-06-04 10:00,155,창원,25.0,33,4.0,140,,1001.3,1005.3,1.0,2.77,0,0,30.8
2025-06-04 11:00,155,창원,26.5,32,3.1,140,,1000.8,1004.8,1.0,3.26,0,0,35.8
2025-06-04 12:00,155,창원,26.6,32,4.2,90,,1000.0,1004.0,1.0,3.55,0,0,40.0
2025-06-04 13:00,155,창원,28.5,25,2.4,250,,999.3,1003.2,1.0,3.58,0,0,43.0
2025-06-04 14:00,155,창원,28.7,33,4.4,160,,998.6,1002.5,1.0,3.5,0,0,43.4
2025-06-04 15:00,155,창원,29.3,34,1.8,230,,998.0,1001.9,1.0,3.14,0,0,44.1
2025-06-04 16:00,155,창원,27.5,39,2.1,200,,998.5,1002.4,1.0,2.63,0,0,42.0
2025-06-04 17:00,155,창원,28.4,19,2.3,230,,998.7,1002.6,1.0,2.01,0,0,36.2
2025-06-04 18:00,155,창원,27.4,21,2.5,270,,999.1,1003.0,1.0,1.28,0,0,28.4
2025-06-04 19:00,155,창원,25.4,21,2.1,250,,1000.3,1004.3,0.6,0.44,0,0,25.0
2025-06-04 20:00,155,창원,23.9,23,1.3,250,,1001.2,1005.2,0.0,0.03,0,0,22.7
2025-06-04 21:00,155,창원,22.2,28,1.1,230,,1002.5,1006.5,,,0,0,21.1
2025-06-04 22:00,155,창원,22.2,29,1.8,250,,1003.5,1007.5,,,0,0,20.0
2025-06-04 23:00,155,창원,21.3,35,1.7,250,,1004.0,1008.0,,,0,0,19.2
2025-06-05 00:00,155,창원,20.8,36,1.8,250,,1004.3,1008.3,,,0,0,18.4
2025-06-05 01:00,155,창원,19.8,41,1.2,340,,1005.2,1009.3,,,0,0,17.9
2025-06-05 02:00,155,창원,18.0,47,1.2,230,,1005.4,1009.5,,,0,0,17.2
2025-06-05 03:00,155,창원,17.7,47,0.7,360,,1005.9,1010.0,,,0,0,16.5
2025-06-05 04:00,155,창원,16.6,52,0.6,140,,1006.6,1010.7,,,0,0,16.1
2025-06-05 05:00,155,창원,16.5,56,0.9,320,,1006.9,1011.0,,,0,0,15.6
2025-06-05 06:00,155,창원,17.2,56,0.7,110,,1007.5,1011.6,0.2,0.09,0,0,15.8
2025-06-05 07:00,155,창원,19.8,48,1.1,290,,1008.0,1012.1,1.0,0.67,0,0,17.4
2025-06-05 08:00,155,창원,22.9,40,0.7,50,,1008.4,1012.4,1.0,1.4,0,0,20.5
2025-06-05 09:00,155,창원,24.5,38,1.3,50,,1008.2,1012.2,1.0,2.14,0,0,27.1
2025-06-05 10:00,155,창원,24.8,37,2.1,360,,1008.0,1012.0,1.0,2.8,0,0,33.3
2025-06-05 11:00,155,창원,27.0,33,2.8,50,,1007.6,1011.6,1.0,3.15,0,0,39.4
2025-06-05 12:00,155,창원,27.4,31,2.5,70,,1007.5,1011.5,1.0,3.58,0,0,43.9
2025-06-05 13:00,155,창원,27.5,33,2.9,140,,1006.8,1010.8,1.0,3.64,7,0,45.9
2025-06-05 14:00,155,창원,28.0,32,2.2,180,,1006.7,1010.7,1.0,3.23,7,0,44.6
2025-06-05 15:00,155,창원,27.3,29,4.0,160,,1006.1,1010.1,1.0,2.89,7,0,43.5
2025-06-05 16:00,155,창원,26.8,31,3.3,180,,1005.7,1009.7,1.0,2.32,8,0,39.1
2025-06-05 17:00,155,창원,26.4,33,1.5,200,,1005.3,1009.3,0.9,1.7,8,0,34.6
2025-06-05 18:00,155,창원,24.7,40,1.9,140,,1005.5,1009.5,0.2,0.73,8,0,29.7
2025-06-05 19:00,155,창원,22.6,48,2.4,160,,1006.3,1010.3,0.2,0.34,9,3,26.4
2025-06-05 20:00,155,창원,21.1,55,2.2,140,,1006.8,1010.9,0.0,0.04,6,6,23.8
2025-06-05 21:00,155,창원,20.2,61,2.2,140,,1007.1,1011.2,,,7,0,22.5
2025-06-05 22:00,155,창원,19.1,65,1.7,160,,1007.3,1011.4,,,2,2,21.1
2025-06-05 23:00,155,창원,18.5,68,0.5,160,,1006.8,1010.9,,,5,5,20.3
2025-06-06 00:00,155,창원,17.4,73,0.6,250,,1007.0,1011.1,,,7,0,19.4
2025-06-06 01:00,155,창원,17.5,73,1.1,270,,1006.5,1010.6,,,7,7,18.8
2025-06-06 02:00,155,창원,17.6,74,0.9,230,,1006.0,1010.1,,,9,9,18.8
2025-06-06 03:00,155,창원,16.8,78,0.8,230,,1006.0,1010.1,,,8,0,18.5
2025-06-06 04:00,155,창원,16.9,75,1.0,250,,1006.2,1010.3,,,8,0,18.2
2025-06-06 05:00,155,창원,16.7,78,0.6,270,,1006.3,1010.4,,,8,0,17.9
2025-06-06 06:00,155,창원,17.2,76,0.9,230,,1006.7,1010.8,0.0,0.05,8,0,18.5
2025-06-06 07:00,155,창원,18.6,74,0.5,20,,1006.9,1011.0,0.0,0.3,9,0,20.3
2025-06-06 08:00,155,창원,20.6,67,0.5,160,,1006.9,1011.0,0.1,0.7,8,6,24.4
2025-06-06 09:00,155,창원,22.6,62,1.5,90,,1006.9,1010.9,0.1,1.18,8,7,29.3
2025-06-06 10:00,155,창원,23.7,57,1.8,70,,1006.7,1010.7,0.0,1.48,9,5,32.0
2025-06-06 11:00,155,창원,24.4,53,2.6,90,,1006.6,1010.6,0.1,1.54,9,7,35.8
2025-06-06 12:00,155,창원,25.7,49,1.9,90,,1006.4,1010.4,0.2,1.78,10,3,38.0
2025-06-06 13:00,155,창원,25.5,48,3.4,110,,1005.9,1009.9,0.8,2.38,9,2,41.8
2025-06-06 14:00,155,창원,25.1,47,2.7,90,,1005.5,1009.5,0.2,1.67,9,7,35.5
2025-06-06 15:00,155,창원,23.4,48,2.8,180,,1005.7,1009.7,0.0,0.49,9,6,27.5
2025-06-06 16:00,155,창원,22.3,53,1.9,160,0.0,1005.9,1009.9,0.0,0.2,10,10,24.3
2025-06-06 17:00,155,창원,20.1,71,1.1,340,0.3,1005.7,1009.8,0.0,0.11,10,10,22.1
2025-06-06 18:00,155,창원,19.8,78,1.2,140,0.0,1005.2,1009.3,0.0,0.17,10,10,21.8
2025-06-06 19:00,155,창원,19.9,69,2.3,140,0.0,1005.6,1009.7,0.0,0.1,10,10,20.5
2025-06-06 20:00,155,창원,19.5,71,0.7,250,,1005.8,1009.9,0.0,0.01,9,9,19.8
2025-06-06 21:00,155,창원,19.1,68,0.6,250,,1006.4,1010.5,,,3,3,17.9
2025-06-06 22:00,155,창원,18.0,73,0.4,0,,1006.7,1010.8,,,6,0,17.3
2025-06-06 23:00,155,창원,17.4,76,0.4,0,,1006.6,1010.7,,,3,0,16.6
2025-06-07 00:00,155,창원,16.7,77,0.4,0,,1006.4,1010.5,,,6,0,16.2
2025-06-07 01:00,155,창원,16.8,77,0.6,270,,1006.3,1010.4,,,6,0,16.1
2025-06-07 02:00,155,창원,16.4,79,1.0,230,,1006.2,1010.3,,,6,0,15.7
2025-06-07 03:00,155,창원,16.3,78,1.0,230,,1006.2,1010.3,,,3,0,15.3
2025-06-07 04:00,155,창원,15.8,78,0.7,230,,1005.8,1009.9,,,3,0,14.9
2025-06-07 05:00,155,창원,15.3,86,0.6,140,,1006.0,1010.1,,,6,0,14.7
2025-06-07 06:00,155,창원,16.2,84,0.5,20,,1005.9,1010.0,0.0,0.08,8,0,16.7
2025-06-07 07:00,155,창원,17.5,82,0.6,230,,1005.9,1010.0,0.1,0.33,9,8,18.9
2025-06-07 08:00,155,창원,21.9,67,1.1,70,,1005.7,1009.7,0.5,1.08,8,4,24.1
2025-06-07 09:00,155,창원,24.3,61,2.0,70,,1005.9,1009.9,0.9,1.81,7,0,29.6
2025-06-07 10:00,155,창원,26.0,57,2.3,110,,1005.8,1009.8,1.0,2.52,6,0,35.9
2025-06-07 11:00,155,창원,27.4,46,4.0,140,,1006.0,1010.0,1.0,2.86,4,0,42.5
2025-06-07 12:00,155,창원,27.6,46,3.7,110,,1005.3,1009.3,1.0,3.42,5,0,48.9
2025-06-07 13:00,155,창원,28.3,33,3.5,140,,1004.7,1008.6,1.0,3.16,8,0,48.0
2025-06-07 14:00,155,창원,28.7,27,3.4,160,,1004.6,1008.5,1.0,3.15,5,0,52.9
2025-06-07 15:00,155,창원,29.0,29,2.8,160,,1004.2,1008.1,1.0,3.06,5,0,51.9
2025-06-07 16:00,155,창원,27.2,33,2.8,180,,1004.0,1008.0,1.0,2.26,8,0,43.3
2025-06-07 17:00,155,창원,26.5,34,2.8,180,,1004.3,1008.3,1.0,1.81,8,0,37.9
2025-06-07 18:00,155,창원,24.2,38,3.5,160,,1004.2,1008.2,0.4,0.82,8,0,28.9
2025-06-07 19:00,155,창원,23.1,44,0.9,160,,1004.7,1008.7,0.0,0.24,9,0,25.5
2025-06-07 20:00,155,창원,22.1,55,1.0,160,,1004.9,1008.9,0.0,0.03,9,7,23.4
2025-06-07 21:00,155,창원,21.7,65,1.5,90,,1005.2,1009.2,,,9,0,22.7
2025-06-07 22:00,155,창원,21.4,70,1.4,110,,1005.6,1009.7,,,10,9,22.1
2025-06-07 23:00,155,창원,21.2,74,1.8,90,,1005.7,1009.8,,,10,9,21.8
2025-06-08 00:00,155,창원,21.0,77,2.1,140,,1005.4,1009.4,,,9,0,21.4
2025-06-08 01:00,155,창원,20.9,81,1.6,160,,1005.4,1009.5,,,10,9,21.2
2025-06-08 02:00,155,창원,20.8,84,1.4,180,,1004.6,1008.7,,,10,9,21.1
2025-06-08 03:00,155,창원,20.5,85,0.8,230,,1004.5,1008.6,,,9,0,20.6
2025-06-08 04:00,155,창원,20.3,88,1.1,270,,1004.4,1008.5,,,9,0,20.0
2025-06-08 05:00,155,창원,19.9,88,0.9,270,,1004.5,1008.6,,,9,2,19.6
2025-06-08 06:00,155,창원,19.9,89,0.9,230,,1004.9,1009.0,0.0,0.04,8,3,20.3
2025-06-08 07:00,155,창원,21.6,85,0.4,0,,1004.9,1008.9,0.0,0.4,8,3,23.5
2025-06-08 08:00,155,창원,23.2,77,0.8,70,,1005.2,1009.2,0.2,0.81,9,0,26.5
2025-06-08 09:00,155,창원,24.5,74,1.5,70,,1005.2,1009.2,0.0,1.1,9,2,29.3
2025-06-08 10:00,155,창원,25.4,72,2.1,70,,1005.2,1009.2,0.3,1.58,9,3,33.3
2025-06-08 11:00,155,창원,26.5,68,3.7,110,,1005.2,1009.2,0.7,2.32,9,4,39.7
2025-06-08 12:00,155,창원,28.8,63,2.7,90,,1004.7,1008.6,1.0,3.29,8,2,47.9
2025-06-08 13:00,155,창원,27.6,64,3.3,110,,1004.1,1008.1,0.4,2.42,7,7,44.1
2025-06-08 14:00,155,창원,28.7,62,1.5,160,,1003.9,1007.8,0.4,2.13,8,0,44.4
2025-06-08 15:00,155,창원,28.1,62,3.3,90,,1003.6,1007.5,0.7,2.39,7,7,45.4
2025-06-08 16:00,155,창원,27.4,62,3.7,110,,1003.4,1007.4,0.9,2.37,3,3,45.0
2025-06-08 17:00,155,창원,26.4,67,3.6,110,,1003.3,1007.3,1.0,2.0,1,1,38.9
2025-06-08 18:00,155,창원,25.7,70,2.6,90,,1003.7,1007.7,0.9,1.11,5,3,31.2
2025-06-08 19:00,155,창원,24.5,74,3.1,140,,1004.1,1008.1,0.6,0.44,2,0,26.8
2025-06-08 20:00,155,창원,22.8,78,1.7,200,,1004.4,1008.4,0.0,0.07,7,0,24.0
2025-06-08 21:00,155,창원,21.9,82,0.8,250,,1005.0,1009.0,,,4,0,22.3
2025-06-08 22:00,155,창원,21.3,85,1.1,140,,1005.6,1009.7,,,0,0,21.4
2025-06-08 23:00,155,창원,20.8,87,1.7,140,,1005.9,1010.0,,,0,0,20.7
2025-06-09 00:00,155,창원,20.2,88,0.9,160,,1005.7,1009.8,,,3,0,20.0
2025-06-09 01:00,155,창원,19.9,89,0.8,230,,1005.3,1009.4,,,7,0,19.8
2025-06-09 02:00,155,창원,19.4,90,0.4,0,,1005.0,1009.1,,,6,0,19.2
2025-06-09 03:00,155,창원,19.0,92,0.8,230,,1004.8,1008.9,,,7,0,18.7
2025-06-09 04:00,155,창원,19.0,91,0.5,20,,1004.4,1008.5,,,9,0,19.4
2025-06-09 05:00,155,창원,19.2,91,0.8,200,,1004.3,1008.4,,,9,0,19.5
2025-06-09 06:00,155,창원,19.6,90,0.4,0,,1004.2,1008.3,0.0,0.05,9,0,20.6
2025-06-09 07:00,155,창원,20.5,88,0.8,290,,1004.7,1008.8,0.0,0.16,9,0,22.0
2025-06-09 08:00,155,창원,21.5,82,0.3,0,,1004.7,1008.7,0.0,0.32,9,0,24.6
2025-06-09 09:00,155,창원,22.9,75,1.0,90,,1004.6,1008.6,0.0,0.86,9,0,28.1
2025-06-09 10:00,155,창원,23.8,74,2.6,110,,1004.4,1008.4,0.1,1.19,8,0,29.5
2025-06-09 11:00,155,창원,26.5,65,2.2,90,,1004.4,1008.4,1.0,2.83,8,0,40.1
2025-06-09 12:00,155,창원,25.3,63,4.1,110,,1004.3,1008.3,0.9,2.8,7,0,41.1
2025-06-09 13:00,155,창원,26.4,56,3.1,110,,1003.9,1007.9,1.0,2.76,9,0,43.1
2025-06-09 14:00,155,창원,26.8,51,3.3,180,,1003.3,1007.3,0.4,2.03,9,0,39.1
2025-06-09 15:00,155,창원,27.2,56,2.1,90,,1002.9,1006.9,0.5,1.92,8,0,39.4
2025-06-09 16:00,155,창원,25.7,65,1.4,140,,1002.4,1006.4,0.0,1.34,9,0,35.5
2025-06-09 17:00,155,창원,25.0,66,1.7,90,,1001.9,1005.9,0.3,1.14,9,0,32.9
2025-06-09 18:00,155,창원,23.2,73,3.0,90,,1002.2,1006.2,0.4,0.84,8,0,29.6
2025-06-09 19:00,155,창원,21.7,80,2.3,110,,1002.5,1006.5,0.3,0.44,8,0,26.8
2025-06-09 20:00,155,창원,20.6,86,3.4,160,,1002.8,1006.9,0.0,0.07,0,0,24.1
2025-06-09 21:00,155,창원,20.0,87,1.3,180,,1003.0,1007.1,,,1,0,22.7
2025-06-09 22:00,155,창원,19.8,88,1.2,200,,1003.1,1007.2,,,0,0,21.7
2025-06-09 23:00,155,창원,19.2,89,0.7,230,,1003.3,1007.4,,,0,0,21.0
2025-06-10 00:00,155,창원,19.6,89,0.9,230,,1003.4,1007.4,,,8,8,21.7
2025-06-10 01:00,155,창원,19.8,88,0.4,0,,1003.9,1008.0,,,8,8,22.0
2025-06-10 02:00,155,창원,19.6,89,0.9,230,,1003.3,1007.4,,,8,8,22.0
2025-06-10 03:00,155,창원,19.3,91,0.8,270,,1002.8,1006.9,,,8,8,21.8
2025-06-10 04:00,155,창원,19.1,90,0.6,250,,1002.2,1006.3,,,8,8,21.6
2025-06-10 05:00,155,창원,18.8,91,0.9,270,,1001.9,1006.0,,,3,3,20.6
2025-06-10 06:00,155,창원,19.2,89,0.4,0,,1002.1,1006.2,0.1,0.07,0,0,20.2
2025-06-10 07:00,155,창원,20.9,83,0.9,290,,1002.2,1006.2,0.8,0.49,7,7,22.7
2025-06-10 08:00,155,창원,23.3,73,1.3,290,,1002.3,1006.3,0.7,1.08,1,1,27.0
2025-06-10 09:00,155,창원,26.3,62,1.1,340,,1002.3,1006.3,1.0,1.87,0,0,34.4
2025-06-10 10:00,155,창원,28.1,59,2.1,140,,1002.0,1005.9,1.0,2.46,1,0,42.7
2025-06-10 11:00,155,창원,26.4,62,4.0,110,,1002.1,1006.1,1.0,2.98,1,0,47.9
2025-06-10 12:00,155,창원,27.4,60,3.6,90,,1002.2,1006.1,1.0,3.16,2,1,53.0
2025-06-10 13:00,155,창원,28.7,58,4.2,140,,1001.6,1005.5,1.0,3.31,2,0,54.3
2025-06-10 14:00,155,창원,28.8,58,3.4,160,,1001.6,1005.5,0.6,2.66,9,0,45.3
2025-06-10 15:00,155,창원,28.3,61,2.6,180,,1001.4,1005.3,0.2,1.7,9,0,40.9
2025-06-10 16:00,155,창원,27.2,64,2.6,90,,1001.6,1005.5,0.0,0.9,9,3,35.9
2025-06-10 17:00,155,창원,25.9,67,2.0,140,,1001.0,1005.0,0.0,0.55,9,0,32.6
2025-06-10 18:00,155,창원,26.4,65,3.0,160,,1001.1,1005.1,0.6,0.96,7,0,32.9
2025-06-10 19:00,155,창원,24.9,71,2.7,160,,1002.1,1006.1,0.0,0.22,8,0,27.8
2025-06-10 20:00,155,창원,23.8,75,1.1,160,,1002.5,1006.5,0.0,0.03,9,8,25.6
2025-06-10 21:00,155,창원,23.1,78,1.3,90,,1002.8,1006.8,,,8,0,24.6
2025-06-10 22:00,155,창원,22.7,80,0.9,20,,1003.4,1007.4,,,9,9,23.8
2025-06-10 23:00,155,창원,22.3,81,0.4,0,,1003.5,1007.5,,,10,9,23.3
2025-06-11 00:00,155,창원,21.8,84,0.8,250,,1003.5,1007.5,,,7,0,22.3
2025-06-11 01:00,155,창원,21.6,84,0.5,50,,1003.5,1007.5,,,9,6,22.0
2025-06-11 02:00,155,창원,22.1,73,0.5,250,,1003.5,1007.5,,,10,9,21.6
2025-06-11 03:00,155,창원,22.6,66,1.5,320,,1003.5,1007.5,,,9,0,20.9
2025-06-11 04:00,155,창원,22.3,66,2.1,340,,1003.8,1007.8,,,9,0,20.4
2025-06-11 05:00,155,창원,22.0,62,1.3,230,,1004.4,1008.4,,,9,0,20.2
2025-06-11 06:00,155,창원,21.5,55,1.6,140,,1005.2,1009.2,0.0,0.04,9,4,20.5
2025-06-11 07:00,155,창원,21.9,51,1.7,160,,1006.0,1010.0,0.2,0.35,8,0,23.7
2025-06-11 08:00,155,창원,22.3,49,2.0,160,,1006.5,1010.5,0.3,0.82,8,0,25.7
2025-06-11 09:00,155,창원,23.8,44,1.9,290,,1006.8,1010.8,1.0,1.67,8,0,36.0
2025-06-11 10:00,155,창원,24.9,41,3.6,20,,1007.3,1011.3,1.0,2.36,7,0,48.1
2025-06-11 11:00,155,창원,26.4,36,4.7,20,,1007.6,1011.6,1.0,3.07,7,0,51.6
2025-06-11 12:00,155,창원,28.6,34,2.2,50,,1007.1,1011.0,1.0,3.38,8,0,55.1
2025-06-11 13:00,155,창원,29.6,28,1.8,360,,1006.8,1010.7,1.0,3.5,7,0,53.2
2025-06-11 14:00,155,창원,29.9,29,1.5,110,,1006.4,1010.3,1.0,2.8,8,0,42.6
2025-06-11 15:00,155,창원,30.6,28,3.6,20,,1006.0,1009.9,1.0,3.14,5,0,42.4
2025-06-11 16:00,155,창원,31.6,25,1.7,320,,1005.6,1009.5,1.0,2.69,2,0,38.2
2025-06-11 17:00,155,창원,30.1,32,2.9,140,,1005.7,1009.6,1.0,2.0,0,0,32.0
2025-06-11 18:00,155,창원,27.1,44,3.3,90,,1006.0,1010.0,1.0,1.28,0,0,31.2
2025-06-11 19:00,155,창원,25.3,47,2.6,140,,1006.8,1010.8,0.6,0.46,0,0,27.3
2025-06-11 20:00,155,창원,23.6,51,1.9,110,,1007.5,1011.5,0.0,0.02,8,0,25.0
2025-06-11 21:00,155,창원,22.8,53,2.0,140,,1008.3,1012.3,,,9,0,24.1
2025-06-11 22:00,155,창원,22.1,56,1.0,140,,1009.0,1013.1,,,10,8,23.4
2025-06-11 23:00,155,창원,21.2,61,1.0,140,,1009.5,1013.6,,,7,1,22.1
2025-06-12 00:00,155,창원,20.9,60,0.8,160,,1009.8,1013.9,,,9,0,21.6
2025-06-12 01:00,155,창원,20.9,65,0.9,320,,1009.7,1013.8,,,10,5,21.5
2025-06-12 02:00,155,창원,21.2,61,0.9,270,,1009.4,1013.5,,,10,9,21.3
2025-06-12 03:00,155,창원,21.2,61,1.4,290,,1009.4,1013.5,,,9,0,21.0
2025-06-12 04:00,155,창원,21.2,61,1.2,320,,1009.5,1013.6,,,9,0,20.9
2025-06-12 05:00,155,창원,21.3,59,1.2,290,,1009.8,1013.9,,,8,0,20.4
2025-06-12 06:00,155,창원,20.8,63,0.5,290,,1010.4,1014.5,0.0,0.04,8,0,20.8
2025-06-12 07:00,155,창원,21.6,63,0.4,0,,1010.7,1014.8,0.0,0.28,9,0,22.9
2025-06-12 08:00,155,창원,22.3,67,2.4,140,,1011.5,1015.6,0.0,0.67,9,0,25.7
2025-06-12 09:00,155,창원,22.9,63,2.0,90,,1011.5,1015.6,0.0,0.83,9,0,27.5
2025-06-12 10:00,155,창원,24.6,61,2.1,110,,1011.4,1015.4,0.1,1.5,9,0,33.5
2025-06-12 11:00,155,창원,25.1,56,3.0,110,,1011.4,1015.4,0.4,2.22,9,0,36.0
2025-06-12 12:00,155,창원,25.6,51,2.7,90,,1011.1,1015.1,0.2,2.01,9,0,36.6
2025-06-12 13:00,155,창원,25.5,50,1.8,110,,1011.4,1015.4,0.0,1.39,9,0,35.2
2025-06-12 14:00,155,창원,25.2,48,3.0,110,,1011.3,1015.3,0.3,1.97,9,0,38.1
2025-06-12 15:00,155,창원,25.4,50,3.3,110,,1011.0,1015.0,0.7,2.13,9,0,37.6
2025-06-12 16:00,155,창원,25.7,55,2.3,140,,1010.8,1014.8,0.5,1.55,8,0,36.5
2025-06-12 17:00,155,창원,25.7,57,2.0,110,,1010.5,1014.5,0.9,1.49,8,0,34.1
2025-06-12 18:00,155,창원,23.4,63,2.8,110,,1010.6,1014.6,0.8,1.08,8,0,29.1
2025-06-12 19:00,155,창원,22.1,68,2.2,140,,1011.7,1015.8,0.1,0.35,9,0,26.0
2025-06-12 20:00,155,창원,21.2,77,1.9,160,,1012.1,1016.2,0.0,0.07,8,2,23.6
2025-06-12 21:00,155,창원,20.4,81,0.5,230,,1012.3,1016.4,,,8,0,22.1
2025-06-12 22:00,155,창원,19.7,84,0.9,230,,1012.5,1016.6,,,9,3,21.1
2025-06-12 23:00,155,창원,18.8,84,0.4,0,,1012.6,1016.7,,,9,2,20.3
2025-06-13 00:00,155,창원,18.7,86,0.6,230,,1012.4,1016.5,,,9,0,20.1
2025-06-13 01:00,155,창원,18.8,81,1.0,230,,1011.8,1015.9,,,10,9,20.1
2025-06-13 02:00,155,창원,18.9,82,0.9,250,,1011.8,1015.9,,,8,8,19.8
2025-06-13 03:00,155,창원,18.4,86,0.8,200,,1011.8,1015.9,,,7,0,19.0
2025-06-13 04:00,155,창원,18.1,89,0.4,0,,1011.7,1015.8,,,6,0,18.6
2025-06-13 05:00,155,창원,18.0,90,0.7,250,,1012.0,1016.1,,,8,0,18.6
2025-06-13 06:00,155,창원,18.4,89,0.3,0,,1012.1,1016.2,0.0,0.08,9,0,19.5
2025-06-13 07:00,155,창원,19.6,85,1.4,320,,1012.0,1016.1,0.0,0.29,9,0,21.8
2025-06-13 08:00,155,창원,20.5,80,1.3,360,0.0,1011.8,1015.9,0.0,0.49,10,10,23.8
2025-06-13 09:00,155,창원,21.7,75,0.6,340,0.0,1011.6,1015.7,0.0,0.62,9,1,25.4
2025-06-13 10:00,155,창원,22.3,74,0.7,200,0.0,1012.0,1016.1,0.0,0.65,10,10,25.6
2025-06-13 11:00,155,창원,22.6,80,1.3,70,0.2,1012.0,1016.1,0.0,0.71,10,10,27.0
2025-06-13 12:00,155,창원,22.6,77,0.9,360,0.6,1011.4,1015.5,0.0,0.94,9,6,28.7
2025-06-13 13:00,155,창원,23.4,61,1.4,20,0.0,1011.4,1015.4,0.1,1.77,9,3,30.8
2025-06-13 14:00,155,창원,24.3,50,1.0,20,0.0,1010.1,1014.1,0.1,1.67,9,0,30.7
2025-06-13 15:00,155,창원,24.5,58,0.5,250,0.0,1009.5,1013.5,0.0,0.97,9,3,28.7
2025-06-13 16:00,155,창원,23.8,65,1.9,140,,1008.6,1012.6,0.0,0.71,9,7,28.2
2025-06-13 17:00,155,창원,23.4,70,1.8,110,,1008.2,1012.2,0.0,0.48,10,8,26.8
2025-06-13 18:00,155,창원,22.8,75,1.4,110,,1008.2,1012.2,0.0,0.27,10,8,25.6
2025-06-13 19:00,155,창원,21.8,84,0.6,70,0.1,1008.0,1012.1,0.0,0.09,10,8,24.0
2025-06-13 20:00,155,창원,20.9,84,1.1,340,0.0,1007.7,1011.8,0.0,0.01,10,9,22.8
2025-06-13 21:00,155,창원,20.2,90,1.3,340,3.7,1007.1,1011.2,,,10,9,21.9
2025-06-13 22:00,155,창원,20.1,92,0.8,320,2.0,1006.8,1010.9,,,10,9,21.5
2025-06-13 23:00,155,창원,20.0,93,0.6,20,12.4,1006.0,1010.1,,,10,9,20.8
2025-06-14 00:00,155,창원,19.8,95,0.9,70,17.5,1005.8,1009.8,,,10,9,20.6
2025-06-14 01:00,155,창원,19.7,93,1.2,360,2.9,1004.8,1008.9,,,10,9,20.6
2025-06-14 02:00,155,창원,19.7,94,0.5,250,2.5,1003.8,1007.9,,,10,9,20.6
2025-06-14 03:00,155,창원,19.7,94,0.4,0,5.4,1002.8,1006.9,,,10,9,20.5
2025-06-14 04:00,155,창원,19.7,95,0.7,230,5.8,1001.6,1005.7,,,10,9,20.4
2025-06-14 05:00,155,창원,19.7,95,0.6,250,9.0,1001.0,1005.1,,,10,9,20.3
2025-06-14 06:00,155,창원,20.1,94,0.2,0,10.6,1000.1,1004.1,0.0,0.01,10,9,20.9
2025-06-14 07:00,155,창원,20.3,94,0.2,0,3.0,999.2,1003.2,0.0,0.07,10,9,21.1
2025-06-14 08:00,155,창원,20.7,95,0.4,0,5.6,998.9,1002.9,0.0,0.11,10,9,21.3
2025-06-14 09:00,155,창원,21.0,96,0.7,180,3.6,998.8,1002.8,0.0,0.12,10,9,21.5
2025-06-14 10:00,155,창원,23.6,93,1.2,160,5.4,998.2,1002.2,0.0,0.41,10,8,23.5
2025-06-14 11:00,155,창원,21.0,96,1.5,320,8.9,998.2,1002.2,0.0,0.21,10,9,22.6
2025-06-14 12:00,155,창원,22.5,95,0.5,140,6.1,997.6,1001.6,0.0,0.44,10,9,23.6
2025-06-14 13:00,155,창원,23.2,95,0.7,290,2.9,996.8,1000.8,0.0,0.54,10,9,24.7
2025-06-14 14:00,155,창원,22.4,95,1.9,340,2.7,996.2,1000.2,0.0,0.58,10,8,25.4
2025-06-14 15:00,155,창원,22.7,93,1.6,320,0.7,995.8,999.8,0.0,0.75,10,9,26.3
2025-06-14 16:00,155,창원,24.7,91,1.1,20,0.0,995.3,999.3,0.1,1.36,10,10,29.0
2025-06-14 17:00,155,창원,24.8,88,0.4,0,,995.0,999.0,0.0,0.63,10,10,27.3
2025-06-14 18:00,155,창원,24.1,91,0.4,0,,995.6,999.6,0.0,0.24,10,9,26.0
2025-06-14 19:00,155,창원,23.6,92,0.5,20,,996.0,1000.0,0.0,0.1,9,9,25.2
2025-06-14 20:00,155,창원,23.1,94,0.8,360,,996.3,1000.3,0.0,0.05,8,8,24.5
2025-06-14 21:00,155,창원,23.0,95,0.5,20,,997.1,1001.1,,,10,10,23.9
2025-06-14 22:00,155,창원,22.6,96,0.7,250,,997.7,1001.7,,,6,5,23.1
2025-06-14 23:00,155,창원,22.5,96,0.9,70,,998.0,1002.0,,,9,2,22.8
2025-06-15 00:00,155,창원,22.2,97,0.6,70,,997.7,1001.7,,,9,4,22.5
2025-06-15 01:00,155,창원,22.4,96,0.4,0,,998.0,1002.0,,,10,9,22.7
2025-06-15 02:00,155,창원,22.4,96,0.5,70,,997.6,1001.6,,,9,9,22.7
2025-06-15 03:00,155,창원,22.4,96,0.5,230,,997.4,1001.4,,,10,10,22.8
2025-06-15 04:00,155,창원,22.4,96,1.3,140,,997.8,1001.8,,,10,10,22.8
2025-06-15 05:00,155,창원,22.1,97,1.1,110,,998.4,1002.4,,,10,10,22.6
2025-06-15 06:00,155,창원,22.2,96,0.5,160,,998.6,1002.6,0.0,0.03,10,10,22.8
2025-06-15 07:00,155,창원,22.6,96,0.7,110,,998.4,1002.4,0.0,0.1,10,10,23.3
2025-06-15 08:00,155,창원,23.0,95,2.4,160,,998.6,1002.6,0.0,0.3,10,10,24.2
2025-06-15 09:00,155,창원,23.4,92,2.2,90,,998.2,1002.2,0.0,0.66,10,10,25.8
2025-06-15 10:00,155,창원,23.3,93,2.1,90,,998.1,1002.1,0.0,0.76,10,10,26.3
2025-06-15 11:00,155,창원,26.4,82,2.3,90,,997.8,1001.7,0.4,2.02,7,7,32.9
2025-06-15 12:00,155,창원,27.2,81,2.9,90,,997.6,1001.5,1.0,3.12,4,4,36.0
2025-06-15 13:00,155,창원,28.1,76,3.3,140,,997.3,1001.2,1.0,3.3,3,3,36.6
2025-06-15 14:00,155,창원,28.3,68,2.6,180,,997.0,1000.9,1.0,3.25,1,0,36.4
2025-06-15 15:00,155,창원,29.0,64,3.4,180,,996.7,1000.6,1.0,3.13,4,2,36.3
2025-06-15 16:00,155,창원,28.4,65,3.4,110,,996.3,1000.2,1.0,2.55,6,6,34.5
2025-06-15 17:00,155,창원,27.1,73,3.6,140,,996.2,1000.1,0.4,1.42,8,8,30.6
2025-06-15 18:00,155,창원,25.2,81,1.5,200,,996.1,1000.1,0.1,0.46,9,6,27.5
2025-06-15 19:00,155,창원,24.0,88,2.7,180,,996.1,1000.1,0.0,0.16,10,9,26.1
2025-06-15 20:00,155,창원,23.3,93,2.2,90,0.0,996.1,1000.1,0.0,0.01,10,8,25.5
2025-06-15 21:00,155,창원,23.1,94,2.1,110,0.0,996.1,1000.1,,,10,10,24.9
2025-06-15 22:00,155,창원,23.0,94,2.5,140,0.0,996.4,1000.4,,,10,10,24.4
2025-06-15 23:00,155,창원,23.0,95,1.7,110,0.6,996.0,1000.0,,,10,9,24.2
2025-06-16 00:00,155,창원,22.9,94,1.9,110,1.2,995.4,999.4,,,10,10,24.1
2025-06-16 01:00,155,창원,22.8,94,2.3,160,0.0,994.8,998.8,,,10,10,23.8
2025-06-16 02:00,155,창원,22.7,94,0.7,110,0.3,994.5,998.5,,,10,9,23.8
2025-06-16 03:00,155,창원,22.6,95,1.0,180,0.4,994.2,998.2,,,10,10,23.7
2025-06-16 04:00,155,창원,22.5,95,1.0,180,0.5,994.3,998.3,,,10,9,23.5
2025-06-16 05:00,155,창원,22.6,95,1.4,180,0.0,994.4,998.4,,,10,10,23.4
2025-06-16 06:00,155,창원,22.8,95,1.1,180,0.0,995.4,999.4,0.0,0.03,10,9,23.6
2025-06-16 07:00,155,창원,23.1,95,1.9,160,0.0,995.0,999.0,0.0,0.12,10,9,24.0
2025-06-16 08:00,155,창원,23.3,95,1.7,180,0.0,994.8,998.8,0.0,0.24,10,6,24.6
2025-06-16 09:00,155,창원,23.4,94,2.9,160,0.1,995.5,999.5,0.0,0.32,10,8,24.8
2025-06-16 10:00,155,창원,23.1,94,2.5,160,3.0,996.1,1000.1,0.0,0.39,10,8,24.9
2025-06-16 11:00,155,창원,22.7,93,2.8,90,1.8,996.6,1000.6,0.0,0.52,10,9,25.1
2025-06-16 12:00,155,창원,22.8,93,2.1,110,1.1,995.9,999.9,0.0,0.55,10,7,25.7
2025-06-16 13:00,155,창원,22.6,92,3.0,160,0.0,996.8,1000.8,0.0,0.59,10,8,25.3
2025-06-16 14:00,155,창원,25.5,82,1.6,200,0.0,997.3,1001.3,0.3,2.0,9,7,31.6
2025-06-16 15:00,155,창원,26.0,82,1.6,200,0.0,997.1,1001.0,0.3,1.59,8,6,32.5
2025-06-16 16:00,155,창원,26.7,74,1.7,50,,996.9,1000.8,1.0,2.27,4,0,32.8
2025-06-16 17:00,155,창원,27.6,71,1.5,160,,996.7,1000.6,0.9,1.49,7,0,29.9
2025-06-16 18:00,155,창원,26.1,72,2.2,160,,997.3,1001.2,1.0,1.1,4,4,27.0
2025-06-16 19:00,155,창원,23.9,82,1.6,180,,997.5,1001.5,0.6,0.46,0,0,25.1
2025-06-16 20:00,155,창원,23.0,83,3.0,180,,998.0,1002.0,0.0,0.04,0,0,23.4
2025-06-16 21:00,155,창원,22.6,84,1.2,180,,999.2,1003.2,,,0,0,22.7
2025-06-16 22:00,155,창원,22.0,82,2.0,140,,1000.1,1004.1,,,0,0,21.9
2025-06-16 23:00,155,창원,21.1,88,2.3,160,,1000.8,1004.8,,,0,0,21.4
2025-06-17 00:00,155,창원,21.1,89,2.0,180,,1001.2,1005.2,,,3,3,21.1
2025-06-17 01:00,155,창원,21.0,90,2.4,180,,1001.6,1005.6,,,6,4,21.0
2025-06-17 02:00,155,창원,21.3,89,3.8,160,,1001.8,1005.8,,,7,5,21.1
2025-06-17 03:00,155,창원,21.4,88,2.2,110,,1001.8,1005.8,,,9,9,21.4
2025-06-17 04:00,155,창원,21.1,88,3.0,160,,1001.7,1005.7,,,9,9,21.4
2025-06-17 05:00,155,창원,20.9,89,3.2,160,,1001.9,1005.9,,,8,7,21.1
2025-06-17 06:00,155,창원,21.0,90,2.4,160,,1002.6,1006.6,0.0,0.02,9,9,21.4
2025-06-17 07:00,155,창원,21.5,88,2.9,160,,1003.0,1007.0,0.0,0.16,9,9,22.1
2025-06-17 08:00,155,창원,22.2,87,4.5,160,,1003.2,1007.2,0.2,0.72,8,8,23.9
2025-06-17 09:00,155,창원,23.0,83,5.0,160,,1003.1,1007.1,0.4,1.35,8,8,25.9
2025-06-17 10:00,155,창원,23.8,81,4.8,160,,1003.2,1007.2,0.7,1.93,7,7,27.6
2025-06-17 11:00,155,창원,24.9,76,1.8,180,,1003.2,1007.2,0.9,2.84,8,8,31.3
2025-06-17 12:00,155,창원,24.5,78,3.9,140,,1003.2,1007.2,0.9,3.02,8,8,32.5
2025-06-17 13:00,155,창원,25.7,74,4.1,160,,1002.8,1006.8,0.9,3.19,6,6,34.9
2025-06-17 14:00,155,창원,26.4,72,3.2,160,,1002.4,1006.4,1.0,3.26,4,1,35.6
2025-06-17 15:00,155,창원,26.9,72,3.5,160,,1002.6,1006.6,1.0,3.05,4,1,35.8
2025-06-17 16:00,155,창원,26.6,75,2.6,140,,1002.2,1006.2,0.9,2.12,7,1,33.5
2025-06-17 17:00,155,창원,25.3,77,3.6,180,,1002.3,1006.3,1.0,1.76,6,1,30.5
2025-06-17 18:00,155,창원,24.7,81,2.8,180,,1002.7,1006.7,0.9,1.17,6,1,27.9
2025-06-17 19:00,155,창원,23.6,85,3.0,160,,1003.3,1007.3,0.2,0.42,8,1,26.3
2025-06-17 20:00,155,창원,22.8,89,4.2,180,,1003.9,1007.9,0.0,0.06,3,3,24.7
2025-06-17 21:00,155,창원,22.8,88,3.0,160,,1004.5,1008.5,,,8,8,24.4
2025-06-17 22:00,155,창원,22.5,90,3.0,160,,1005.0,1009.0,,,8,8,24.0
2025-06-17 23:00,155,창원,22.5,90,2.0,160,,1005.1,1009.1,,,6,6,23.8
2025-06-18 00:00,155,창원,22.3,91,2.6,160,,1005.1,1009.1,,,8,6,23.5
2025-06-18 01:00,155,창원,22.3,91,1.6,180,,1005.2,1009.2,,,6,6,23.4
2025-06-18 02:00,155,창원,21.8,93,1.4,160,,1005.2,1009.2,,,6,6,22.8
2025-06-18 03:00,155,창원,21.4,93,1.7,140,,1004.9,1008.9,,,7,4,22.2
2025-06-18 04:00,155,창원,21.6,92,1.9,140,,1005.4,1009.4,,,5,3,22.1
2025-06-18 05:00,155,창원,21.3,92,2.0,140,,1006.2,1010.3,,,6,3,21.9
2025-06-18 06:00,155,창원,21.4,90,0.7,360,,1006.5,1010.6,0.0,0.05,4,2,21.9
2025-06-18 07:00,155,창원,22.6,86,0.8,360,,1007.1,1011.1,0.7,0.45,3,1,22.7
2025-06-18 08:00,155,창원,23.7,78,1.3,50,,1007.4,1011.4,1.0,1.25,1,1,25.3
2025-06-18 09:00,155,창원,25.1,72,2.0,70,,1007.6,1011.6,1.0,1.94,1,1,29.1
2025-06-18 10:00,155,창원,26.2,73,2.3,90,,1007.6,1011.6,1.0,2.62,0,0,33.2
2025-06-18 11:00,155,창원,27.2,69,2.9,90,,1007.6,1011.6,1.0,3.09,0,0,36.0
2025-06-18 12:00,155,창원,27.4,69,2.9,90,,1007.7,1011.7,1.0,3.3,0,0,38.2
2025-06-18 13:00,155,창원,27.7,67,4.0,70,,1007.5,1011.5,1.0,3.42,0,0,39.2
2025-06-18 14:00,155,창원,29.2,59,2.4,110,,1007.4,1011.3,1.0,3.39,0,0,39.3
2025-06-18 15:00,155,창원,28.6,59,2.8,180,,1007.3,1011.3,1.0,3.01,0,0,37.4
2025-06-18 16:00,155,창원,28.3,57,2.9,160,,1007.4,1011.4,1.0,2.47,0,0,34.9
2025-06-18 17:00,155,창원,27.8,56,2.6,160,,1007.5,1011.5,1.0,1.85,0,0,31.5
2025-06-18 18:00,155,창원,26.6,60,2.8,160,,1007.6,1011.6,1.0,1.15,0,0,28.0
2025-06-18 19:00,155,창원,24.8,68,1.2,160,,1007.8,1011.8,0.7,0.45,0,0,26.3
2025-06-18 20:00,155,창원,23.1,75,2.2,160,,1008.2,1012.2,0.0,0.05,0,0,24.5
2025-06-18 21:00,155,창원,22.8,71,0.9,160,,1008.8,1012.8,,,0,0,23.7
2025-06-18 22:00,155,창원,23.0,66,1.1,200,,1009.0,1013.0,,,3,0,23.0
2025-06-18 23:00,155,창원,22.2,66,0.5,270,,1009.7,1013.8,,,5,0,22.3
2025-06-19 00:00,155,창원,21.6,71,0.5,340,,1009.9,1014.0,,,0,0,21.9
2025-06-19 01:00,155,창원,21.1,74,0.5,320,,1009.7,1013.8,,,6,0,21.6
2025-06-19 02:00,155,창원,20.0,82,1.1,230,,1009.5,1013.6,,,0,0,21.1
2025-06-19 03:00,155,창원,19.6,83,0.8,200,,1009.7,1013.8,,,0,0,20.6
2025-06-19 04:00,155,창원,19.2,87,0.7,340,,1009.9,1014.0,,,0,0,20.3
2025-06-19 05:00,155,창원,18.7,90,1.2,250,,1010.2,1014.3,,,0,0,19.9
2025-06-19 06:00,155,창원,19.7,88,0.8,250,,1010.8,1014.9,0.1,0.07,3,0,20.2
2025-06-19 07:00,155,창원,21.3,84,1.3,90,,1011.2,1015.3,1.0,0.56,4,0,21.9
2025-06-19 08:00,155,창원,23.0,79,2.1,110,,1011.0,1015.0,1.0,1.35,8,0,24.7
2025-06-19 09:00,155,창원,24.2,75,2.3,110,,1010.9,1014.9,1.0,1.52,8,0,26.7
2025-06-19 10:00,155,창원,26.6,68,2.3,90,,1010.9,1014.9,1.0,2.65,7,0,32.8
2025-06-19 11:00,155,창원,26.8,66,2.2,90,,1010.8,1014.8,1.0,2.6,7,0,34.4
2025-06-19 12:00,155,창원,28.0,66,3.6,70,,1010.5,1014.5,0.9,3.05,6,3,37.0
2025-06-19 13:00,155,창원,29.1,68,3.0,160,,1010.2,1014.2,1.0,3.13,7,2,37.2
2025-06-19 14:00,155,창원,29.0,68,3.8,110,,1009.9,1013.9,0.9,3.07,9,5,38.0
2025-06-19 15:00,155,창원,27.9,71,3.6,110,,1009.7,1013.7,0.7,2.35,8,6,35.0
2025-06-19 16:00,155,창원,28.5,69,2.3,160,,1009.7,1013.7,0.5,1.87,9,7,35.3
2025-06-19 17:00,155,창원,27.9,73,2.4,180,,1009.2,1013.2,0.5,1.42,9,7,31.5
2025-06-19 18:00,155,창원,28.0,72,1.7,140,,1009.2,1013.2,0.7,1.16,4,4,29.4
2025-06-19 19:00,155,창원,26.6,78,1.9,140,,1009.2,1013.2,0.4,0.41,6,2,27.6
2025-06-19 20:00,155,창원,25.6,83,1.3,180,,1009.5,1013.5,0.0,0.04,7,6,26.4
2025-06-19 21:00,155,창원,25.0,85,1.8,200,,1009.9,1013.9,,,3,3,25.5
2025-06-19 22:00,155,창원,24.8,87,1.6,180,,1010.2,1014.2,,,7,6,25.1
2025-06-19 23:00,155,창원,24.4,90,2.0,110,,1009.8,1013.8,,,7,3,24.9
2025-06-20 00:00,155,창원,24.5,90,1.7,140,,1009.6,1013.6,,,9,7,25.0
2025-06-20 01:00,155,창원,24.5,90,2.3,160,,1009.0,1013.0,,,8,8,25.0
2025-06-20 02:00,155,창원,24.3,92,1.4,110,,1008.3,1012.3,,,9,8,24.9
2025-06-20 03:00,155,창원,24.3,92,0.9,140,,1008.0,1012.0,,,9,4,24.7
2025-06-20 04:00,155,창원,24.4,93,0.8,140,,1007.8,1011.8,,,9,7,24.7
2025-06-20 05:00,155,창원,24.7,91,1.8,110,,1007.8,1011.8,,,9,6,24.8
2025-06-20 06:00,155,창원,25.1,90,1.8,140,,1007.8,1011.8,0.0,0.03,9,8,25.0
2025-06-20 07:00,155,창원,25.4,88,1.9,140,,1007.7,1011.7,0.0,0.2,10,8,25.6
2025-06-20 08:00,155,창원,25.5,89,2.6,110,,1007.3,1011.3,0.0,0.32,10,9,26.0
2025-06-20 09:00,155,창원,25.6,89,2.0,110,,1006.9,1010.9,0.0,0.44,10,8,27.4
2025-06-20 10:00,155,창원,26.5,86,3.5,110,,1006.6,1010.6,0.1,1.13,10,8,29.0
2025-06-20 11:00,155,창원,26.7,85,3.4,160,0.0,1006.4,1010.4,0.0,1.13,10,9,29.1
2025-06-20 12:00,155,창원,25.6,92,4.3,160,0.2,1006.2,1010.2,0.0,0.86,10,9,28.3
2025-06-20 13:00,155,창원,25.9,90,3.7,140,0.1,1005.6,1009.6,0.0,0.75,10,9,28.0
2025-06-20 14:00,155,창원,25.9,88,4.1,140,0.0,1005.0,1009.0,0.0,0.7,10,9,27.9
2025-06-20 15:00,155,창원,26.0,87,4.0,140,0.0,1004.5,1008.5,0.0,0.68,10,9,27.8
2025-06-20 16:00,155,창원,25.3,91,4.6,160,0.1,1004.2,1008.2,0.0,0.4,10,9,26.8
2025-06-20 17:00,155,창원,25.0,92,2.6,140,0.8,1003.9,1007.9,0.0,0.17,10,9,26.2
2025-06-20 18:00,155,창원,25.0,92,4.6,140,0.0,1003.9,1007.9,0.0,0.09,10,9,25.6
2025-06-20 19:00,155,창원,24.6,93,2.6,140,0.4,1004.2,1008.2,0.0,0.05,10,9,25.2
2025-06-20 20:00,155,창원,24.6,93,2.6,140,0.2,1004.2,1008.2,0.0,0.01,10,8,25.0
2025-06-20 21:00,155,창원,24.7,92,4.1,140,0.0,1004.4,1008.4,,,10,8,24.9
2025-06-20 22:00,155,창원,24.6,93,2.1,140,0.2,1004.7,1008.7,,,10,8,24.7
2025-06-20 23:00,155,창원,24.3,92,1.7,140,0.3,1004.7,1008.7,,,10,9,24.6
2025-06-21 00:00,155,창원,24.1,92,0.9,140,0.4,1004.3,1008.3,,,10,9,24.4
2025-06-21 01:00,155,창원,23.8,93,1.5,140,0.0,1004.0,1008.0,,,10,9,24.3
2025-06-21 02:00,155,창원,24.0,93,1.9,110,0.1,1003.4,1007.4,,,10,7,24.2
2025-06-21 03:00,155,창원,24.4,92,2.5,110,0.0,1002.9,1006.9,,,10,7,24.2
2025-06-21 04:00,155,창원,24.5,92,3.1,140,0.0,1002.6,1006.6,,,10,8,24.2
2025-06-21 05:00,155,창원,24.4,91,2.2,140,0.0,1002.5,1006.5,,,10,8,24.2
2025-06-21 06:00,155,창원,24.2,90,3.3,110,,1002.3,1006.3,0.0,0.01,10,8,24.1
2025-06-21 07:00,155,창원,24.5,87,3.0,140,,1002.4,1006.4,0.0,0.09,10,7,24.4
2025-06-21 08:00,155,창원,25.0,85,3.1,110,,1002.0,1006.0,0.0,0.22,10,8,24.8
2025-06-21 09:00,155,창원,25.2,86,2.5,140,0.0,1002.1,1006.1,0.0,0.34,10,8,25.2
2025-06-21 10:00,155,창원,24.7,91,2.4,140,0.2,1001.9,1005.9,0.0,0.24,10,8,25.4
2025-06-21 11:00,155,창원,24.6,90,2.4,160,0.1,1001.7,1005.7,0.0,0.34,10,8,25.7
2025-06-21 12:00,155,창원,24.3,93,1.7,140,0.5,1001.0,1005.0,0.0,0.36,10,8,25.6
2025-06-21 13:00,155,창원,24.5,92,2.6,140,0.1,1000.6,1004.6,0.0,0.26,10,9,25.6
2025-06-21 14:00,155,창원,24.5,93,1.9,160,0.0,1000.3,1004.3,0.0,0.41,10,9,25.8
2025-06-21 15:00,155,창원,24.3,94,1.5,140,0.1,999.8,1003.8,0.0,0.2,10,9,25.4
2025-06-21 16:00,155,창원,24.1,95,1.4,90,0.5,999.7,1003.7,0.0,0.12,10,9,25.2
2025-06-21 17:00,155,창원,24.0,95,1.6,110,0.3,999.8,1003.8,0.0,0.11,10,10,25.0
2025-06-21 18:00,155,창원,23.8,95,2.3,140,0.2,1000.2,1004.2,0.0,0.09,10,9,24.8
2025-06-21 19:00,155,창원,23.6,96,1.1,160,0.3,1000.2,1004.2,0.0,0.04,10,9,24.5
2025-06-21 20:00,155,창원,22.5,90,2.0,340,1.5,1001.2,1005.2,0.0,0.0,10,9,24.0
2025-06-21 21:00,155,창원,20.7,94,0.7,160,3.6,1001.2,1005.2,,,10,9,23.0
2025-06-21 22:00,155,창원,20.7,96,0.8,320,1.8,1000.8,1004.8,,,10,9,22.8
2025-06-21 23:00,155,창원,20.5,98,0.4,0,1.3,999.7,1003.7,,,10,9,22.6
2025-06-22 00:00,155,창원,19.6,97,1.0,290,12.6,1000.7,1004.7,,,10,6,21.7
2025-06-22 01:00,155,창원,19.7,93,0.9,270,3.9,1000.7,1004.8,,,10,5,21.4
2025-06-22 02:00,155,창원,19.3,95,1.7,180,0.8,1000.7,1004.8,,,10,9,20.9
2025-06-22 03:00,155,창원,19.4,82,1.3,140,0.0,1000.9,1005.0,,,10,9,20.7
2025-06-22 04:00,155,창원,18.7,88,0.7,340,,1001.5,1005.6,,,10,9,20.4
2025-06-22 05:00,155,창원,19.1,86,1.1,320,0.0,1001.7,1005.8,,,10,6,20.4
2025-06-22 06:00,155,창원,18.6,91,0.7,340,0.0,1002.6,1006.7,0.0,0.02,10,10,20.4
2025-06-22 07:00,155,창원,18.8,89,1.1,340,0.3,1003.3,1007.4,0.0,0.13,10,4,21.0
2025-06-22 08:00,155,창원,19.2,87,1.2,320,0.0,1003.7,1007.8,0.0,0.32,10,10,21.7
2025-06-22 09:00,155,창원,20.0,83,1.3,320,,1003.7,1007.8,0.0,0.55,9,2,22.7
2025-06-22 10:00,155,창원,20.9,78,1.2,360,,1003.6,1007.6,0.0,0.74,9,0,23.7
2025-06-22 11:00,155,창원,23.4,71,2.3,20,,1003.4,1007.4,0.7,2.5,8,0,32.0
2025-06-22 12:00,155,창원,23.6,65,4.1,20,,1002.7,1006.7,0.3,2.01,8,0,29.6
2025-06-22 13:00,155,창원,25.9,56,4.4,20,,1001.6,1005.6,1.0,3.34,8,0,35.1
2025-06-22 14:00,155,창원,27.0,51,2.6,20,,1001.6,1005.6,1.0,3.14,8,0,34.8
2025-06-22 15:00,155,창원,28.0,53,1.5,20,,1001.7,1005.6,0.6,2.04,8,2,33.4
2025-06-22 16:00,155,창원,27.1,53,1.3,250,,1001.9,1005.9,0.5,1.79,8,0,31.3
2025-06-22 17:00,155,창원,25.4,68,0.9,230,,1002.1,1006.1,0.1,1.0,8,2,29.4
2025-06-22 18:00,155,창원,24.7,72,1.3,140,,1002.3,1006.3,0.1,0.66,9,0,27.7
2025-06-22 19:00,155,창원,23.3,78,1.5,90,,1002.6,1006.6,0.0,0.21,10,0,25.6
2025-06-22 20:00,155,창원,22.0,84,0.7,180,,1002.8,1006.8,0.0,0.06,10,0,24.2
2025-06-22 21:00,155,창원,20.8,90,0.2,0,,1003.3,1007.4,,,9,0,23.1
2025-06-22 22:00,155,창원,20.6,91,0.3,0,,1003.7,1007.8,,,6,0,22.2
2025-06-22 23:00,155,창원,20.1,94,0.4,0,,1004.0,1008.1,,,9,0,21.6
2025-06-23 00:00,155,창원,20.1,90,0.8,230,,1003.9,1008.0,,,5,0,21.2
2025-06-23 01:00,155,창원,19.5,94,0.9,230,,1003.6,1007.7,,,9,0,20.8
2025-06-23 02:00,155,창원,19.4,94,0.5,230,,1003.4,1007.5,,,10,0,20.7
2025-06-23 03:00,155,창원,19.9,94,1.5,320,,1003.5,1007.6,,,4,0,20.2
2025-06-23 04:00,155,창원,19.3,96,0.9,270,,1003.5,1007.6,,,0,0,19.7
2025-06-23 05:00,155,창원,18.9,96,0.2,0,,1003.8,1007.9,,,0,0,19.4
2025-06-23 06:00,155,창원,20.0,91,0.9,320,,1003.8,1007.9,0.1,0.08,0,0,19.6
2025-06-23 07:00,155,창원,20.8,88,1.0,90,,1004.0,1008.1,1.0,0.6,0,0,21.0
2025-06-23 08:00,155,창원,23.0,79,1.2,340,,1004.1,1008.1,1.0,1.29,0,0,22.9
2025-06-23 09:00,155,창원,25.0,66,2.8,360,,1004.1,1008.1,1.0,2.0,0,0,26.7
2025-06-23 10:00,155,창원,26.9,59,1.0,70,,1003.9,1007.9,1.0,2.64,0,0,32.1
2025-06-23 11:00,155,창원,28.7,51,1.4,340,,1003.8,1007.7,1.0,3.17,1,1,36.4
2025-06-23 12:00,155,창원,28.9,46,3.2,110,,1003.6,1007.5,1.0,3.39,1,1,37.1
2025-06-23 13:00,155,창원,28.8,51,4.3,110,,1003.2,1007.1,1.0,3.55,1,1,37.4
2025-06-23 14:00,155,창원,28.4,53,3.7,110,,1003.2,1007.1,1.0,3.39,1,1,36.8
2025-06-23 15:00,155,창원,27.8,50,3.4,110,,1002.7,1006.6,1.0,3.07,2,2,36.0
2025-06-23 16:00,155,창원,28.0,51,2.7,110,,1002.4,1006.3,1.0,2.59,2,2,34.6
2025-06-23 17:00,155,창원,27.8,50,3.0,90,,1002.3,1006.2,1.0,1.94,3,3,30.5
2025-06-23 18:00,155,창원,26.5,59,1.7,140,,1002.4,1006.4,1.0,1.17,3,0,27.5
2025-06-23 19:00,155,창원,24.5,72,2.7,110,,1003.0,1007.0,0.7,0.45,0,0,25.5
2025-06-23 20:00,155,창원,23.0,82,1.0,180,,1003.7,1007.7,0.0,0.04,0,0,24.3
2025-06-23 21:00,155,창원,22.3,76,0.9,180,,1003.8,1007.8,,,0,0,23.1
2025-06-23 22:00,155,창원,21.5,80,0.9,250,,1004.3,1008.3,,,0,0,22.2
2025-06-23 23:00,155,창원,20.7,86,1.0,230,,1004.3,1008.4,,,7,0,21.9
2025-06-24 00:00,155,창원,20.3,87,0.5,340,,1004.5,1008.6,,,3,0,21.2
2025-06-24 01:00,155,창원,19.7,88,0.8,180,,1004.5,1008.6,,,8,0,20.7
2025-06-24 02:00,155,창원,20.0,87,1.4,250,,1004.5,1008.6,,,8,0,20.5
2025-06-24 03:00,155,창원,19.5,91,0.8,230,,1004.6,1008.7,,,8,0,20.3
2025-06-24 04:00,155,창원,20.1,88,0.7,290,,1004.4,1008.5,,,8,0,20.1
2025-06-24 05:00,155,창원,20.1,87,1.2,320,,1004.4,1008.5,,,7,3,19.9
2025-06-24 06:00,155,창원,20.6,84,0.9,340,,1004.8,1008.9,0.0,0.05,8,3,20.8
2025-06-24 07:00,155,창원,21.3,79,0.8,290,,1004.9,1008.9,0.0,0.34,9,6,22.3
2025-06-24 08:00,155,창원,22.2,73,1.0,320,,1005.0,1009.0,0.0,0.47,9,5,23.7
2025-06-24 09:00,155,창원,23.2,70,0.7,50,,1005.0,1009.0,0.0,0.4,10,8,24.4
2025-06-24 10:00,155,창원,21.5,88,1.2,250,0.3,1005.0,1009.0,0.0,0.43,10,7,24.6
2025-06-24 11:00,155,창원,20.8,91,0.9,250,1.2,1005.1,1009.2,0.0,0.49,10,9,24.5
2025-06-24 12:00,155,창원,20.6,91,1.4,340,1.3,1004.9,1009.0,0.0,0.29,10,9,23.9
2025-06-24 13:00,155,창원,20.5,96,0.8,340,4.6,1004.3,1008.4,0.0,0.3,10,9,23.4
2025-06-24 14:00,155,창원,20.4,96,1.3,180,6.0,1004.1,1008.2,0.0,0.4,10,9,23.5
2025-06-24 15:00,155,창원,20.7,96,0.8,50,1.3,1004.0,1008.1,0.0,0.39,10,9,23.9
2025-06-24 16:00,155,창원,21.0,97,0.6,290,0.5,1003.7,1007.7,0.0,0.31,10,9,23.9
2025-06-24 17:00,155,창원,21.1,97,0.7,340,0.2,1003.7,1007.7,0.0,0.15,10,8,23.6
2025-06-24 18:00,155,창원,21.4,96,0.4,0,0.5,1003.7,1007.7,0.0,0.15,10,9,23.6
2025-06-24 19:00,155,창원,21.6,95,0.6,20,0.0,1003.8,1007.8,0.0,0.11,10,8,23.4
2025-06-24 20:00,155,창원,21.2,97,0.5,270,2.0,1003.8,1007.8,0.0,0.01,10,9,22.8
2025-06-24 21:00,155,창원,21.1,98,0.9,320,9.2,1004.1,1008.1,,,10,9,22.6
2025-06-24 22:00,155,창원,21.2,98,0.3,0,0.3,1004.5,1008.5,,,10,10,22.6
2025-06-24 23:00,155,창원,21.2,99,0.5,340,0.2,1004.4,1008.4,,,10,10,22.6
2025-06-25 00:00,155,창원,21.2,99,1.1,320,0.6,1004.1,1008.1,,,10,10,22.5
2025-06-25 01:00,155,창원,21.3,99,0.3,0,0.5,1003.7,1007.7,,,10,9,22.5
2025-06-25 02:00,155,창원,21.3,99,0.7,90,0.1,1003.3,1007.3,,,10,10,22.5
2025-06-25 03:00,155,창원,21.1,99,0.8,70,0.3,1003.4,1007.4,,,10,9,22.5
2025-06-25 04:00,155,창원,21.1,99,0.9,90,3.8,1003.6,1007.6,,,10,9,22.3
2025-06-25 05:00,155,창원,21.2,99,1.7,160,0.4,1003.1,1007.1,,,10,8,22.1
2025-06-25 06:00,155,창원,21.3,98,1.0,90,,1003.4,1007.4,0.0,0.02,10,10,22.2
2025-06-25 07:00,155,창원,21.3,98,1.9,90,0.0,1003.7,1007.7,0.0,0.11,10,10,22.8
2025-06-25 08:00,155,창원,21.6,93,2.5,180,,1004.2,1008.2,0.0,0.32,9,9,23.4
2025-06-25 09:00,155,창원,21.7,88,3.3,180,,1004.4,1008.4,0.1,0.91,8,8,24.6
2025-06-25 10:00,155,창원,22.5,85,1.8,160,,1004.7,1008.7,0.3,1.37,8,8,26.3
2025-06-25 11:00,155,창원,23.2,82,2.4,110,,1004.1,1008.1,0.1,1.19,8,8,27.5
2025-06-25 12:00,155,창원,24.0,78,2.9,110,,1004.1,1008.1,0.3,1.88,7,7,29.9
2025-06-25 13:00,155,창원,23.9,79,4.9,90,,1003.9,1007.9,0.7,2.71,6,6,31.3
2025-06-25 14:00,155,창원,26.7,70,2.7,140,,1003.7,1007.7,0.6,2.55,6,6,34.2
2025-06-25 15:00,155,창원,25.7,73,2.6,180,,1003.8,1007.8,0.8,2.74,5,5,33.5
2025-06-25 16:00,155,창원,24.6,74,3.7,140,,1004.1,1008.1,0.9,2.61,3,3,33.1
2025-06-25 17:00,155,창원,24.3,76,3.8,180,,1004.0,1008.0,0.9,1.81,3,3,29.5
2025-06-25 18:00,155,창원,23.3,79,4.3,180,,1004.1,1008.1,1.0,1.09,1,1,26.2
2025-06-25 19:00,155,창원,22.4,82,4.0,180,,1004.5,1008.5,0.4,0.34,2,0,24.2
2025-06-25 20:00,155,창원,22.0,85,2.0,140,,1004.6,1008.6,0.0,0.05,3,2,23.3
2025-06-25 21:00,155,창원,21.4,88,1.5,140,,1005.0,1009.0,,,3,3,22.6
2025-06-25 22:00,155,창원,20.4,94,1.4,180,,1004.9,1009.0,,,2,1,22.1
2025-06-25 23:00,155,창원,20.3,93,1.3,140,,1005.3,1009.4,,,5,0,21.6
2025-06-26 00:00,155,창원,20.3,91,1.7,180,,1005.3,1009.4,,,0,0,21.2
2025-06-26 01:00,155,창원,20.2,90,0.4,0,,1005.4,1009.5,,,6,0,20.9
2025-06-26 02:00,155,창원,19.7,95,0.7,140,,1005.1,1009.2,,,6,0,20.6
2025-06-26 03:00,155,창원,19.4,96,0.9,200,,1005.0,1009.1,,,3,0,20.3
2025-06-26 04:00,155,창원,19.5,94,1.4,160,,1005.0,1009.1,,,8,0,20.2
2025-06-26 05:00,155,창원,19.1,95,0.9,270,,1005.1,1009.2,,,8,0,20.1
2025-06-26 06:00,155,창원,19.5,94,0.6,50,,1005.1,1009.2,0.0,0.07,8,0,20.3
2025-06-26 07:00,155,창원,21.1,89,0.7,20,,1005.0,1009.1,0.3,0.39,6,0,21.7
2025-06-26 08:00,155,창원,23.1,76,0.8,90,,1005.5,1009.5,1.0,1.1,1,0,23.4
2025-06-26 09:00,155,창원,25.6,72,1.7,20,,1005.4,1009.4,1.0,1.9,0,0,27.1
2025-06-26 10:00,155,창원,25.8,65,3.4,70,,1005.2,1009.2,1.0,2.56,0,0,32.0
2025-06-26 11:00,155,창원,26.5,62,3.5,70,,1005.0,1009.0,1.0,3.06,0,0,35.6
2025-06-26 12:00,155,창원,27.1,61,4.8,70,,1004.7,1008.7,1.0,3.35,0,0,37.6
2025-06-26 13:00,155,창원,28.4,58,3.4,110,,1004.1,1008.0,1.0,3.44,0,0,38.1
2025-06-26 14:00,155,창원,29.3,56,3.2,140,,1003.8,1007.7,1.0,3.3,0,0,38.3
2025-06-26 15:00,155,창원,28.7,58,3.7,140,,1003.7,1007.6,1.0,2.89,0,0,36.5
2025-06-26 16:00,155,창원,28.1,59,4.7,160,,1003.9,1007.8,1.0,2.29,0,0,34.3
2025-06-26 17:00,155,창원,27.9,63,3.1,180,,1003.5,1007.4,1.0,1.77,1,0,31.1
2025-06-26 18:00,155,창원,26.9,64,2.0,180,,1003.7,1007.7,1.0,1.12,6,0,29.1
2025-06-26 19:00,155,창원,25.7,70,1.5,160,,1004.0,1008.0,0.1,0.3,7,2,27.6
2025-06-26 20:00,155,창원,23.9,77,2.6,110,,1004.3,1008.3,0.0,0.07,7,5,25.4
2025-06-26 21:00,155,창원,23.1,80,2.7,140,,1004.7,1008.7,,,2,2,24.3
2025-06-26 22:00,155,창원,22.0,86,0.8,230,,1005.2,1009.2,,,3,0,23.7
2025-06-26 23:00,155,창원,21.2,90,0.9,230,,1005.4,1009.5,,,0,0,23.2
2025-06-27 00:00,155,창원,21.3,90,0.4,0,,1005.0,1009.0,,,0,0,22.8
2025-06-27 01:00,155,창원,21.0,91,0.5,230,,1004.7,1008.8,,,0,0,22.5
2025-06-27 02:00,155,창원,21.2,91,0.5,270,,1004.1,1008.1,,,8,1,22.2
2025-06-27 03:00,155,창원,21.0,93,0.9,230,,1004.1,1008.2,,,0,0,22.0
2025-06-27 04:00,155,창원,21.0,93,0.4,0,,1004.4,1008.5,,,6,0,22.0
2025-06-27 05:00,155,창원,20.9,94,0.9,230,,1004.6,1008.7,,,4,0,21.6
2025-06-27 06:00,155,창원,21.4,92,0.5,230,,1004.9,1008.9,0.0,0.07,3,0,21.8
2025-06-27 07:00,155,창원,22.9,84,0.5,20,,1005.2,1009.2,1.0,0.46,0,0,23.1
2025-06-27 08:00,155,창원,25.5,78,1.0,50,,1005.2,1009.2,1.0,1.16,4,0,25.1
2025-06-27 09:00,155,창원,26.7,68,1.1,70,,1005.1,1009.1,1.0,1.84,4,0,28.5
2025-06-27 10:00,155,창원,27.4,67,1.8,90,,1004.8,1008.8,1.0,2.44,7,0,32.3
2025-06-27 11:00,155,창원,28.5,66,2.8,70,,1004.8,1008.7,1.0,2.9,6,2,36.4
2025-06-27 12:00,155,창원,29.3,65,2.3,90,,1004.4,1008.3,1.0,3.18,7,0,38.0
2025-06-27 13:00,155,창원,30.0,63,2.5,90,,1004.0,1007.9,1.0,3.14,7,1,38.4
2025-06-27 14:00,155,창원,30.5,59,2.3,180,,1003.8,1007.7,1.0,3.09,7,0,38.8
2025-06-27 15:00,155,창원,31.4,61,1.5,200,,1003.5,1007.4,1.0,2.75,6,0,38.6
2025-06-27 16:00,155,창원,31.2,60,2.2,160,,1003.4,1007.3,1.0,2.48,5,0,37.3
2025-06-27 17:00,155,창원,29.8,58,0.7,200,,1003.4,1007.3,1.0,1.68,3,0,33.5
2025-06-27 18:00,155,창원,28.4,62,2.5,140,,1003.4,1007.3,1.0,1.02,5,0,30.0
2025-06-27 19:00,155,창원,26.5,66,1.2,180,,1003.8,1007.8,0.7,0.46,3,0,27.8
2025-06-27 20:00,155,창원,25.5,68,1.1,140,,1004.2,1008.2,0.0,0.05,0,0,26.3
2025-06-27 21:00,155,창원,25.2,71,1.2,140,,1004.9,1008.9,,,0,0,25.6
2025-06-27 22:00,155,창원,24.5,76,1.3,180,,1005.3,1009.3,,,0,0,24.9
2025-06-27 23:00,155,창원,23.9,82,2.1,160,,1005.3,1009.3,,,0,0,24.4
2025-06-28 00:00,155,창원,23.6,84,0.5,290,,1005.1,1009.1,,,0,0,24.2
2025-06-28 01:00,155,창원,23.0,89,1.1,340,,1005.0,1009.0,,,0,0,23.8
2025-06-28 02:00,155,창원,22.8,90,0.4,0,,1004.8,1008.8,,,0,0,23.6
2025-06-28 03:00,155,창원,22.2,93,0.7,230,,1004.7,1008.7,,,0,0,23.4
2025-06-28 04:00,155,창원,22.2,94,0.9,230,,1004.6,1008.6,,,0,0,23.2
2025-06-28 05:00,155,창원,22.1,95,0.9,250,,1004.8,1008.8,,,0,0,22.9
2025-06-28 06:00,155,창원,22.8,92,0.3,0,,1004.8,1008.8,0.1,0.06,0,0,23.2
2025-06-28 07:00,155,창원,24.9,86,0.6,250,,1004.9,1008.9,1.0,0.54,0,0,24.6
2025-06-28 08:00,155,창원,26.0,81,1.6,70,,1005.2,1009.2,1.0,1.22,0,0,26.5
2025-06-28 09:00,155,창원,26.6,79,2.3,90,,1004.9,1008.9,1.0,1.75,5,0,29.1
2025-06-28 10:00,155,창원,28.4,75,3.0,90,,1004.6,1008.5,1.0,2.54,0,0,33.9
2025-06-28 11:00,155,창원,29.4,73,2.9,110,,1004.3,1008.2,1.0,3.02,0,0,37.2
2025-06-28 12:00,155,창원,29.4,74,3.8,70,,1003.8,1007.7,1.0,3.3,0,0,39.7
2025-06-28 13:00,155,창원,29.7,74,4.3,90,,1003.7,1007.6,1.0,3.44,2,0,39.9
2025-06-28 14:00,155,창원,29.7,73,3.9,110,,1003.3,1007.2,1.0,3.22,4,0,39.3
2025-06-28 15:00,155,창원,29.6,74,3.5,110,,1003.1,1007.0,1.0,2.94,0,0,39.3
2025-06-28 16:00,155,창원,29.0,74,4.1,90,,1002.7,1006.6,1.0,2.51,1,0,37.8
2025-06-28 17:00,155,창원,29.3,74,2.7,140,,1002.5,1006.4,1.0,1.86,1,0,33.5
2025-06-28 18:00,155,창원,29.7,72,0.9,160,,1002.5,1006.4,1.0,1.18,5,0,30.7
2025-06-28 19:00,155,창원,27.2,80,3.1,180,,1002.8,1006.8,0.6,0.44,5,0,28.7
2025-06-28 20:00,155,창원,26.2,86,1.0,20,,1003.2,1007.2,0.0,0.02,4,0,27.5
2025-06-28 21:00,155,창원,25.6,88,1.0,20,,1003.8,1007.8,,,0,0,26.8
2025-06-28 22:00,155,창원,25.2,90,0.8,180,,1004.1,1008.1,,,0,0,26.2
2025-06-28 23:00,155,창원,24.7,92,0.9,250,,1003.9,1007.9,,,0,0,25.8
2025-06-29 00:00,155,창원,24.3,93,0.7,230,,1003.6,1007.6,,,0,0,25.4
2025-06-29 01:00,155,창원,24.5,93,0.5,230,,1003.7,1007.7,,,0,0,25.3
2025-06-29 02:00,155,창원,24.4,94,1.3,90,,1003.6,1007.6,,,0,0,25.6
2025-06-29 03:00,155,창원,24.3,95,0.5,250,,1003.6,1007.6,,,8,8,25.6
2025-06-29 04:00,155,창원,24.2,96,1.0,90,,1003.7,1007.7,,,10,10,25.6
2025-06-29 05:00,155,창원,24.0,96,1.5,90,,1003.8,1007.8,,,10,10,25.5
2025-06-29 06:00,155,창원,24.1,96,0.3,0,,1004.2,1008.2,0.0,0.02,10,10,25.6
2025-06-29 07:00,155,창원,24.9,94,0.6,200,,1004.6,1008.6,0.0,0.17,10,10,26.4
2025-06-29 08:00,155,창원,25.4,92,0.5,20,,1004.9,1008.9,0.0,0.35,10,10,27.3
2025-06-29 09:00,155,창원,26.7,84,0.7,140,,1005.1,1009.1,0.0,0.78,7,7,29.3
2025-06-29 10:00,155,창원,27.8,83,3.4,70,,1005.2,1009.2,0.9,2.51,0,0,34.2
2025-06-29 11:00,155,창원,29.1,76,2.6,90,,1005.0,1008.9,1.0,3.07,0,0,38.2
2025-06-29 12:00,155,창원,30.5,71,3.6,140,,1004.7,1008.6,1.0,3.31,0,0,39.6
2025-06-29 13:00,155,창원,30.3,69,3.6,90,,1004.2,1008.1,1.0,3.38,0,0,40.5
2025-06-29 14:00,155,창원,30.3,72,4.6,90,,1003.7,1007.6,1.0,3.39,0,0,41.5
2025-06-29 15:00,155,창원,32.1,67,1.7,180,,1003.7,1007.6,1.0,3.01,0,0,42.1
2025-06-29 16:00,155,창원,30.8,67,3.3,180,,1003.9,1007.8,1.0,2.55,0,0,40.3
2025-06-29 17:00,155,창원,30.4,69,2.9,140,,1003.9,1007.8,1.0,1.93,0,0,35.3
2025-06-29 18:00,155,창원,29.1,70,2.8,140,,1004.0,1007.9,1.0,1.29,0,0,31.4
2025-06-29 19:00,155,창원,27.5,77,2.3,90,,1004.4,1008.4,0.7,0.52,2,0,29.2
2025-06-29 20:00,155,창원,26.6,80,1.7,90,,1004.7,1008.7,0.0,0.04,0,0,27.8
2025-06-29 21:00,155,창원,25.7,85,2.1,110,,1005.4,1009.4,,,0,0,26.7
2025-06-29 22:00,155,창원,25.2,87,1.9,140,,1005.8,1009.8,,,0,0,26.2
2025-06-29 23:00,155,창원,24.8,91,2.3,160,,1006.0,1010.0,,,0,0,25.6
2025-06-30 00:00,155,창원,24.7,91,2.0,180,,1005.8,1009.8,,,0,0,25.3
2025-06-30 01:00,155,창원,24.4,93,0.7,20,,1006.1,1010.1,,,0,0,25.0
2025-06-30 02:00,155,창원,23.9,94,0.7,230,,1006.4,1010.4,,,0,0,24.7
2025-06-30 03:00,155,창원,23.7,96,0.6,250,,1006.5,1010.5,,,0,0,24.3
2025-06-30 04:00,155,창원,23.4,96,0.8,250,,1006.5,1010.5,,,0,0,24.0
2025-06-30 05:00,155,창원,23.4,96,0.6,250,,1006.8,1010.8,,,0,0,23.8
2025-06-30 06:00,155,창원,24.1,93,0.5,20,,1007.2,1011.2,0.1,0.06,0,0,24.0
2025-06-30 07:00,155,창원,25.9,87,1.0,70,,1007.5,1011.5,1.0,0.6,0,0,25.5
2025-06-30 08:00,155,창원,27.4,82,1.4,50,,1007.7,1011.7,1.0,1.23,0,0,27.3
2025-06-30 09:00,155,창원,29.1,75,1.9,90,,1007.6,1011.5,1.0,1.94,0,0,30.6
2025-06-30 10:00,155,창원,30.0,75,3.2,70,,1007.6,1011.5,1.0,2.56,1,1,35.6
2025-06-30 11:00,155,창원,31.1,68,3.0,90,,1007.6,1011.5,1.0,3.05,1,1,39.0
2025-06-30 12:00,155,창원,31.3,67,3.5,90,,1007.6,1011.5,1.0,3.38,1,1,41.2
2025-06-30 13:00,155,창원,32.3,62,3.4,140,,1007.6,1011.5,1.0,3.46,3,1,42.5
2025-06-30 14:00,155,창원,31.2,63,5.3,160,,1007.4,1011.3,1.0,3.35,2,1,43.3
2025-06-30 15:00,155,창원,31.8,64,4.2,160,,1007.2,1011.1,1.0,3.15,2,0,43.8
2025-06-30 16:00,155,창원,30.8,65,3.6,140,,1007.1,1011.0,1.0,2.57,3,0,42.2
2025-06-30 17:00,155,창원,30.0,69,4.5,160,,1007.1,1011.0,1.0,1.95,4,0,36.2
2025-06-30 18:00,155,창원,29.1,74,3.3,160,,1007.2,1011.1,1.0,1.18,4,0,32.2
2025-06-30 19:00,155,창원,28.1,77,2.3,140,,1007.4,1011.4,0.7,0.5,0,0,30.1
2025-06-30 20:00,155,창원,26.8,81,2.0,160,,1007.8,1011.8,0.0,0.05,0,0,28.4
2025-06-30 21:00,155,창원,26.1,86,1.2,200,,1008.1,1012.1,,,0,0,27.5
2025-06-30 22:00,155,창원,26.1,87,1.2,160,,1008.6,1012.6,,,0,0,26.9
2025-06-30 23:00,155,창원,25.4,91,1.8,160,,1008.8,1012.8,,,0,0,26.4
2025-06-01 00:00,156,광주,17.7,68,0.3,0,,1003.0,1011.2,,,8,0,16.1
2025-06-01 01:00,156,광주,17.6,69,0.9,200,,1002.9,1011.2,,,7,0,15.7
2025-06-01 02:00,156,광주,16.9,73,0.3,0,,1002.8,1011.1,,,5,1,15.2
2025-06-01 03:00,156,광주,16.5,75,1.6,200,,1003.0,1011.3,,,4,0,14.8
2025-06-01 04:00,156,광주,16.0,77,1.1,360,,1002.9,1011.2,,,3,0,14.2
2025-06-01 05:00,156,광주,15.5,81,0.4,0,,1003.3,1011.6,,,1,0,13.8
2025-06-01 06:00,156,광주,15.9,81,0.4,0,,1003.6,1011.9,0.0,0.1,0,0,14.4
2025-06-01 07:00,156,광주,16.2,80,0.5,200,,1004.0,1012.3,0.8,0.53,0,0,17.2
2025-06-01 08:00,156,광주,18.7,71,0.5,250,,1003.9,1012.1,1.0,1.22,0,0,27.0
2025-06-01 09:00,156,광주,21.0,63,0.6,230,,1003.6,1011.7,1.0,1.93,0,0,36.9
2025-06-01 10:00,156,광주,23.4,55,1.0,180,,1003.3,1011.4,1.0,2.57,0,0,46.0
2025-06-01 11:00,156,광주,24.8,50,0.9,200,,1003.0,1011.0,1.0,3.09,0,0,52.1
2025-06-01 12:00,156,광주,26.1,48,0.9,230,,1002.3,1010.3,1.0,3.41,4,1,55.6
2025-06-01 13:00,156,광주,27.3,44,1.0,230,,1001.7,1009.6,1.0,3.3,8,1,54.9
2025-06-01 14:00,156,광주,29.0,43,2.0,180,,1001.0,1008.9,1.0,3.14,4,2,55.9
2025-06-01 15:00,156,광주,28.7,42,1.7,200,,1000.2,1008.1,0.9,2.54,7,3,48.4
2025-06-01 16:00,156,광주,28.6,41,2.1,200,,1000.1,1008.0,0.8,2.12,7,7,45.5
2025-06-01 17:00,156,광주,28.2,44,2.7,180,,999.6,1007.5,0.8,1.58,7,7,41.0
2025-06-01 18:00,156,광주,25.7,53,1.6,250,,999.8,1007.8,0.5,0.86,7,2,31.5
2025-06-01 19:00,156,광주,24.5,56,1.0,230,,1000.4,1008.4,0.0,0.42,6,1,27.4
2025-06-01 20:00,156,광주,22.6,61,1.3,200,,1000.7,1008.8,0.0,0.08,7,0,22.9
2025-06-01 21:00,156,광주,22.1,65,0.8,200,,1000.7,1008.8,,,6,0,21.0
2025-06-01 22:00,156,광주,21.1,66,1.0,200,,1001.1,1009.2,,,7,0,20.0
2025-06-01 23:00,156,광주,20.4,69,0.8,180,,1000.8,1008.9,,,8,0,19.7
2025-06-02 00:00,156,광주,20.6,68,0.4,0,,1000.2,1008.3,,,9,5,19.5
2025-06-02 01:00,156,광주,19.9,71,0.4,0,,1000.0,1008.2,,,9,6,18.8
2025-06-02 02:00,156,광주,19.8,73,0.9,360,,999.2,1007.4,,,10,8,19.2
2025-06-02 03:00,156,광주,19.7,73,0.3,0,,998.7,1006.9,,,10,10,19.4
2025-06-02 04:00,156,광주,19.2,77,1.7,230,,998.7,1006.9,,,10,10,19.4
2025-06-02 05:00,156,광주,19.0,79,0.5,340,,998.1,1006.3,,,10,10,19.2
2025-06-02 06:00,156,광주,19.6,76,0.9,340,,998.0,1006.1,0.0,0.07,10,10,19.6
2025-06-02 07:00,156,광주,19.9,75,0.1,0,0.0,998.0,1006.1,0.0,0.18,10,6,21.0
2025-06-02 08:00,156,광주,20.1,79,0.9,200,0.0,997.8,1005.9,0.0,0.33,10,10,21.9
2025-06-02 09:00,156,광주,20.4,78,1.1,200,0.0,998.1,1006.2,0.0,0.62,10,10,24.2
2025-06-02 10:00,156,광주,19.7,78,1.1,200,0.0,998.0,1006.1,0.0,0.42,10,10,21.8
2025-06-02 11:00,156,광주,19.3,72,1.1,180,0.6,997.8,1006.0,0.0,0.75,10,10,24.7
2025-06-02 12:00,156,광주,19.3,72,1.2,160,0.0,997.1,1005.3,0.0,0.82,10,10,23.2
2025-06-02 13:00,156,광주,18.3,82,1.7,340,0.6,997.2,1005.4,0.0,0.76,10,7,24.2
2025-06-02 14:00,156,광주,18.9,82,1.4,360,0.3,996.9,1005.1,0.0,0.89,10,7,25.0
2025-06-02 15:00,156,광주,18.5,82,1.2,20,0.1,995.7,1003.9,0.0,0.71,10,7,23.8
2025-06-02 16:00,156,광주,17.9,81,1.9,20,0.2,994.5,1002.7,0.0,0.69,10,7,23.0
2025-06-02 17:00,156,광주,17.2,88,1.6,360,0.9,993.9,1002.1,0.0,0.53,10,7,22.4
2025-06-02 18:00,156,광주,17.0,87,1.8,360,0.0,993.5,1001.7,0.0,0.38,10,8,20.7
2025-06-02 19:00,156,광주,16.7,91,2.1,360,0.5,993.3,1001.5,0.0,0.14,10,8,19.6
2025-06-02 20:00,156,광주,16.7,90,2.3,360,0.0,993.6,1001.8,0.0,0.08,10,8,18.9
2025-06-02 21:00,156,광주,16.3,92,2.2,360,0.2,993.7,1001.9,,,10,8,18.6
2025-06-02 22:00,156,광주,16.4,93,1.7,360,0.1,993.8,1002.0,,,10,7,18.4
2025-06-02 23:00,156,광주,16.5,93,1.6,360,,993.7,1001.9,,,9,3,18.3
2025-06-03 00:00,156,광주,16.5,93,1.1,340,,993.2,1001.4,,,10,8,18.3
2025-06-03 01:00,156,광주,16.4,92,1.2,360,0.0,992.7,1000.9,,,10,9,18.2
2025-06-03 02:00,156,광주,16.6,92,0.2,0,,992.6,1000.8,,,10,10,18.2
2025-06-03 03:00,156,광주,16.7,92,0.7,20,,991.9,1000.1,,,10,6,18.0
2025-06-03 04:00,156,광주,16.4,93,0.5,70,,991.7,999.9,,,10,3,17.6
2025-06-03 05:00,156,광주,16.7,88,0.9,270,,992.3,1000.5,,,5,3,17.0
2025-06-03 06:00,156,광주,15.9,92,0.0,0,,992.5,1000.7,0.0,0.1,2,0,16.4
2025-06-03 07:00,156,광주,16.6,82,0.3,0,,993.0,1001.2,0.7,0.51,0,0,17.8
2025-06-03 08:00,156,광주,18.6,71,0.6,230,,993.4,1001.5,1.0,1.22,0,0,24.2
2025-06-03 09:00,156,광주,20.1,69,1.5,340,,993.7,1001.8,1.0,1.95,0,0,29.0
2025-06-03 10:00,156,광주,21.5,59,1.9,320,,993.7,1001.8,1.0,2.67,0,0,34.6
2025-06-03 11:00,156,광주,22.9,53,2.1,320,,993.6,1001.6,1.0,3.22,0,0,39.8
2025-06-03 12:00,156,광주,23.7,55,2.0,340,,993.7,1001.7,1.0,3.58,0,0,44.9
2025-06-03 13:00,156,광주,23.5,53,1.8,290,,993.7,1001.7,1.0,3.51,1,1,47.1
2025-06-03 14:00,156,광주,24.4,51,1.8,320,,993.5,1001.5,1.0,3.52,0,0,48.4
2025-06-03 15:00,156,광주,24.2,53,1.9,230,,993.4,1001.4,1.0,3.24,0,0,45.8
2025-06-03 16:00,156,광주,23.6,60,1.9,270,,993.4,1001.4,1.0,2.74,2,2,43.2
2025-06-03 17:00,156,광주,22.1,62,2.3,250,,993.8,1001.8,1.0,1.74,0,0,34.1
2025-06-03 18:00,156,광주,22.0,59,1.6,270,,994.2,1002.2,1.0,1.34,0,0,27.9
2025-06-03 19:00,156,광주,21.3,56,1.1,290,,994.9,1003.0,0.6,0.61,0,0,23.2
2025-06-03 20:00,156,광주,20.2,59,0.9,230,,995.2,1003.3,0.3,0.11,0,0,20.0
2025-06-03 21:00,156,광주,19.4,68,1.4,250,,996.3,1004.4,,,0,0,18.7
2025-06-03 22:00,156,광주,18.4,75,0.7,270,,996.7,1004.9,,,7,7,18.2
2025-06-03 23:00,156,광주,17.6,78,0.7,180,,996.8,1005.0,,,0,0,16.7
2025-06-04 00:00,156,광주,17.6,80,0.8,200,,997.0,1005.2,,,0,0,16.0
2025-06-04 01:00,156,광주,16.7,85,0.9,200,,997.2,1005.4,,,1,1,15.6
2025-06-04 02:00,156,광주,16.0,86,1.1,140,,996.9,1005.2,,,0,0,14.9
2025-06-04 03:00,156,광주,15.7,88,1.5,140,,996.9,1005.2,,,0,0,14.5
2025-06-04 04:00,156,광주,15.2,88,1.2,140,,997.4,1005.7,,,0,0,14.0
2025-06-04 05:00,156,광주,14.8,89,1.1,110,,997.7,1006.0,,,0,0,13.7
2025-06-04 06:00,156,광주,15.3,86,0.8,140,,998.2,1006.5,0.0,0.12,1,0,14.3
2025-06-04 07:00,156,광주,16.6,81,0.7,140,,998.7,1007.0,1.0,0.61,0,0,15.8
2025-06-04 08:00,156,광주,18.3,67,1.7,160,,999.1,1007.3,1.0,1.36,0,0,25.2
2025-06-04 09:00,156,광주,20.9,54,1.2,160,,999.1,1007.2,1.0,2.14,0,0,34.8
2025-06-04 10:00,156,광주,23.0,51,1.4,180,,998.9,1006.9,1.0,2.81,0,0,44.1
2025-06-04 11:00,156,광주,25.0,46,2.5,200,,998.4,1006.4,1.0,3.1,2,2,47.4
2025-06-04 12:00,156,광주,26.0,41,3.5,200,,998.0,1006.0,1.0,3.64,0,0,53.6
2025-06-04 13:00,156,광주,26.6,31,1.9,250,,998.0,1005.9,1.0,3.78,0,0,55.9
2025-06-04 14:00,156,광주,27.0,29,2.9,270,,997.9,1005.8,1.0,3.68,0,0,54.7
2025-06-04 15:00,156,광주,27.7,27,2.4,250,,997.7,1005.6,1.0,3.35,0,0,51.0
2025-06-04 16:00,156,광주,27.1,29,1.7,270,,997.9,1005.8,1.0,2.82,0,0,47.6
2025-06-04 17:00,156,광주,26.3,30,1.8,290,,998.5,1006.4,1.0,2.15,0,0,40.0
2025-06-04 18:00,156,광주,25.2,29,1.9,340,,998.7,1006.7,1.0,1.4,0,0,29.9
2025-06-04 19:00,156,광주,23.1,36,1.2,290,,999.5,1007.6,0.5,0.63,0,0,24.2
2025-06-04 20:00,156,광주,21.7,39,1.5,290,,1000.6,1008.7,0.3,0.12,0,0,20.7
2025-06-04 21:00,156,광주,20.7,44,0.7,340,,1001.4,1009.5,,,0,0,18.6
2025-06-04 22:00,156,광주,19.9,47,0.9,290,,1002.1,1010.3,,,0,0,17.4
2025-06-04 23:00,156,광주,19.0,50,0.7,340,,1002.6,1010.8,,,0,0,16.4
2025-06-05 00:00,156,광주,18.2,54,0.6,270,,1002.4,1010.6,,,0,0,15.4
2025-06-05 01:00,156,광주,18.2,57,0.5,180,,1002.6,1010.8,,,0,0,14.8
2025-06-05 02:00,156,광주,17.0,59,0.7,250,,1002.7,1011.0,,,0,0,14.1
2025-06-05 03:00,156,광주,15.9,68,0.6,180,,1003.3,1011.6,,,0,0,13.6
2025-06-05 04:00,156,광주,15.8,70,0.8,180,,1003.8,1012.1,,,0,0,13.1
2025-06-05 05:00,156,광주,15.2,71,0.5,360,,1003.9,1012.2,,,0,0,12.6
2025-06-05 06:00,156,광주,14.6,74,0.0,0,,1004.3,1012.7,0.1,0.12,0,0,13.0
2025-06-05 07:00,156,광주,15.1,75,0.5,200,,1005.0,1013.4,1.0,0.68,0,0,14.6
2025-06-05 08:00,156,광주,17.9,69,0.9,180,,1005.5,1013.8,1.0,1.4,1,0,27.3
2025-06-05 09:00,156,광주,19.6,63,1.6,140,,1005.9,1014.1,1.0,2.16,0,0,37.8
2025-06-05 10:00,156,광주,21.9,49,0.9,180,,1005.4,1013.5,1.0,2.81,1,0,47.0
2025-06-05 11:00,156,광주,24.1,41,0.8,160,,1005.0,1013.1,1.0,3.35,1,0,53.0
2025-06-05 12:00,156,광주,25.3,35,2.1,200,,1004.8,1012.8,1.0,3.37,5,0,53.6
2025-06-05 13:00,156,광주,26.7,35,1.7,360,,1004.1,1012.1,1.0,3.65,4,0,57.8
2025-06-05 14:00,156,광주,27.7,31,1.4,270,,1003.6,1011.5,1.0,3.4,4,0,53.6
2025-06-05 15:00,156,광주,27.3,31,0.9,200,,1002.9,1010.9,1.0,2.81,7,0,47.0
2025-06-05 16:00,156,광주,27.9,30,1.3,290,,1002.4,1010.3,0.9,2.34,7,0,43.8
2025-06-05 17:00,156,광주,27.5,30,1.1,290,,1002.1,1010.0,0.7,1.46,7,0,37.3
2025-06-05 18:00,156,광주,27.3,31,1.3,230,,1001.9,1009.8,0.7,1.06,7,0,32.1
2025-06-05 19:00,156,광주,25.5,32,1.0,250,,1002.5,1010.5,0.5,0.6,5,2,25.8
2025-06-05 20:00,156,광주,24.5,37,1.6,230,,1003.1,1011.1,0.1,0.13,0,0,21.9
2025-06-05 21:00,156,광주,23.4,41,1.1,200,,1003.4,1011.5,,,7,0,20.5
2025-06-05 22:00,156,광주,22.1,45,1.8,180,,1003.7,1011.8,,,6,6,19.4
2025-06-05 23:00,156,광주,21.3,44,1.1,160,,1003.7,1011.8,,,0,0,17.8
2025-06-06 00:00,156,광주,20.6,45,1.1,160,,1003.6,1011.8,,,7,0,17.3
2025-06-06 01:00,156,광주,20.0,46,0.8,110,,1003.3,1011.5,,,8,1,17.1
2025-06-06 02:00,156,광주,19.8,47,0.4,0,,1002.9,1011.1,,,7,7,17.2
2025-06-06 03:00,156,광주,19.3,49,0.0,0,,1002.6,1010.8,,,8,0,17.2
2025-06-06 04:00,156,광주,19.3,51,0.0,0,,1002.6,1010.8,,,9,0,16.6
2025-06-06 05:00,156,광주,19.1,50,0.0,0,,1002.8,1011.0,,,8,0,16.6
2025-06-06 06:00,156,광주,18.6,51,0.2,0,,1003.0,1011.2,0.0,0.09,7,0,17.1
2025-06-06 07:00,156,광주,19.4,53,0.2,0,,1003.0,1011.2,0.1,0.38,9,0,20.6
2025-06-06 08:00,156,광주,21.4,46,0.5,110,,1003.2,1011.3,0.3,0.98,6,0,29.9
2025-06-06 09:00,156,광주,22.5,40,0.2,0,,1003.2,1011.3,0.4,1.28,9,0,28.7
2025-06-06 10:00,156,광주,24.0,42,0.7,180,,1003.1,1011.2,0.1,1.46,8,0,36.1
2025-06-06 11:00,156,광주,26.3,38,1.9,160,,1003.1,1011.1,0.6,2.07,8,0,43.0
2025-06-06 12:00,156,광주,26.2,34,1.8,160,,1002.7,1010.7,0.0,1.71,9,0,38.2
2025-06-06 13:00,156,광주,26.2,39,2.5,160,,1002.4,1010.4,0.0,1.27,8,0,36.7
2025-06-06 14:00,156,광주,24.8,39,1.6,160,,1002.4,1010.4,0.0,0.74,9,3,29.5
2025-06-06 15:00,156,광주,24.5,38,2.3,160,,1002.1,1010.1,0.0,0.34,9,0,26.3
2025-06-06 16:00,156,광주,22.1,56,3.5,140,0.4,1002.1,1010.2,0.0,0.32,10,3,23.0
2025-06-06 17:00,156,광주,23.2,47,0.8,250,0.0,1001.1,1009.2,0.0,0.72,10,4,23.6
2025-06-06 18:00,156,광주,23.1,47,0.9,360,,1001.2,1009.3,0.0,0.43,10,9,23.4
2025-06-06 19:00,156,광주,22.7,47,0.8,50,,1001.4,1009.5,0.1,0.45,8,8,22.0
2025-06-06 20:00,156,광주,22.3,49,0.7,110,,1001.8,1009.9,0.0,0.12,10,9,19.6
2025-06-06 21:00,156,광주,21.0,59,0.0,0,,1002.3,1010.4,,,6,6,17.5
2025-06-06 22:00,156,광주,20.1,60,0.3,0,,1002.7,1010.9,,,3,0,16.4
2025-06-06 23:00,156,광주,19.9,62,0.9,50,,1002.3,1010.5,,,7,0,15.9
2025-06-07 00:00,156,광주,18.9,65,0.4,0,,1002.3,1010.4,,,7,0,15.4
2025-06-07 01:00,156,광주,18.6,67,0.8,20,,1001.9,1010.1,,,4,0,14.9
2025-06-07 02:00,156,광주,17.9,71,0.0,0,,1002.2,1010.4,,,4,0,14.3
2025-06-07 03:00,156,광주,17.4,77,0.0,0,,1001.8,1010.0,,,2,0,13.9
2025-06-07 04:00,156,광주,16.7,80,0.3,0,,1001.8,1010.1,,,7,0,14.0
2025-06-07 05:00,156,광주,16.7,70,0.1,0,,1001.7,1010.0,,,9,0,14.4
2025-06-07 06:00,156,광주,17.0,72,0.5,360,,1001.6,1009.9,0.0,0.1,7,0,15.5
2025-06-07 07:00,156,광주,17.9,71,0.6,20,,1001.6,1009.8,0.2,0.41,8,0,18.5
2025-06-07 08:00,156,광주,20.1,63,0.3,0,,1001.5,1009.7,0.6,1.03,8,0,24.3
2025-06-07 09:00,156,광주,23.2,55,0.7,140,,1001.7,1009.8,0.9,1.95,5,0,37.2
2025-06-07 10:00,156,광주,25.2,52,1.4,200,,1002.2,1010.2,1.0,2.37,7,0,43.7
2025-06-07 11:00,156,광주,27.0,51,2.6,160,,1001.6,1009.6,1.0,3.3,5,0,52.7
2025-06-07 12:00,156,광주,28.5,45,2.4,200,,1001.2,1009.1,1.0,3.42,6,0,55.1
2025-06-07 13:00,156,광주,29.6,43,1.9,140,,1000.4,1008.3,1.0,3.65,3,0,58.4
2025-06-07 14:00,156,광주,29.9,42,3.2,180,,999.7,1007.6,1.0,3.41,5,0,57.4
2025-06-07 15:00,156,광주,29.7,43,2.6,200,,999.4,1007.3,1.0,2.74,7,0,48.4
2025-06-07 16:00,156,광주,30.0,42,3.0,200,,999.5,1007.4,0.9,2.17,6,0,46.0
2025-06-07 17:00,156,광주,28.5,41,2.7,180,,999.8,1007.7,0.9,1.8,7,0,38.9
2025-06-07 18:00,156,광주,27.3,45,2.1,180,,999.8,1007.7,0.1,0.75,8,0,32.7
2025-06-07 19:00,156,광주,26.0,59,2.6,180,,1000.1,1008.1,0.0,0.4,8,0,28.6
2025-06-07 20:00,156,광주,25.1,61,2.5,160,,1000.4,1008.4,0.0,0.1,10,1,25.6
2025-06-07 21:00,156,광주,24.6,58,2.8,180,,1000.9,1008.9,,,9,0,24.1
2025-06-07 22:00,156,광주,23.9,63,1.7,180,,1001.3,1009.3,,,10,8,23.4
2025-06-07 23:00,156,광주,23.5,68,1.1,160,,1001.7,1009.8,,,10,9,22.8
2025-06-08 00:00,156,광주,23.3,71,1.4,140,,1001.7,1009.7,,,9,0,22.3
2025-06-08 01:00,156,광주,22.8,70,1.0,140,,1001.2,1009.3,,,10,9,21.7
2025-06-08 02:00,156,광주,22.7,69,0.2,0,,1000.7,1008.8,,,9,7,21.0
2025-06-08 03:00,156,광주,22.0,74,0.8,340,,1000.2,1008.3,,,9,0,20.4
2025-06-08 04:00,156,광주,21.4,76,0.8,20,,1000.0,1008.1,,,8,0,19.8
2025-06-08 05:00,156,광주,21.2,77,0.0,0,,1000.4,1008.5,,,9,0,19.7
2025-06-08 06:00,156,광주,21.4,76,0.8,50,,1000.3,1008.4,0.0,0.12,9,5,21.3
2025-06-08 07:00,156,광주,22.2,71,0.6,160,,1000.7,1008.8,0.0,0.39,9,0,24.2
2025-06-08 08:00,156,광주,22.8,74,0.3,0,,1000.8,1008.9,0.0,0.48,9,5,26.6
2025-06-08 09:00,156,광주,23.8,69,0.7,180,,1000.8,1008.8,0.0,0.81,7,4,32.3
2025-06-08 10:00,156,광주,25.7,65,1.3,140,,1000.9,1008.9,0.1,1.7,6,3,43.2
2025-06-08 11:00,156,광주,26.4,64,1.7,180,,1000.9,1008.9,0.0,1.88,6,4,42.3
2025-06-08 12:00,156,광주,29.0,56,1.8,180,,1000.4,1008.3,0.8,2.88,6,2,56.5
2025-06-08 13:00,156,광주,29.7,54,2.4,160,,1000.0,1007.9,0.8,2.83,6,2,57.9
2025-06-08 14:00,156,광주,29.5,51,1.7,160,,999.5,1007.4,0.6,2.23,6,0,55.4
2025-06-08 15:00,156,광주,29.7,50,2.4,160,,999.3,1007.2,0.9,2.65,6,2,52.5
2025-06-08 16:00,156,광주,29.7,48,1.5,200,,999.0,1006.9,0.6,1.85,5,0,45.1
2025-06-08 17:00,156,광주,29.3,48,1.3,180,,998.9,1006.8,0.3,1.18,5,2,38.4
2025-06-08 18:00,156,광주,28.5,52,2.2,160,,998.9,1006.8,0.6,0.89,4,0,33.0
2025-06-08 19:00,156,광주,28.1,53,1.7,200,,999.2,1007.1,0.1,0.38,0,0,28.5
2025-06-08 20:00,156,광주,25.9,72,2.5,200,,999.8,1007.8,0.0,0.1,2,2,26.3
2025-06-08 21:00,156,광주,24.4,77,1.8,180,,1000.8,1008.8,,,3,3,25.0
2025-06-08 22:00,156,광주,23.6,80,1.4,200,,1001.7,1009.8,,,0,0,22.8
2025-06-08 23:00,156,광주,22.8,83,0.4,0,,1001.9,1010.0,,,0,0,21.2
2025-06-09 00:00,156,광주,22.5,84,0.1,0,,1001.8,1009.8,,,7,7,20.3
2025-06-09 01:00,156,광주,21.9,85,0.2,0,,1001.5,1009.6,,,0,0,19.7
2025-06-09 02:00,156,광주,22.3,84,0.1,0,,1001.6,1009.7,,,9,3,20.4
2025-06-09 03:00,156,광주,21.5,86,0.1,0,,1000.7,1008.8,,,9,0,20.1
2025-06-09 04:00,156,광주,21.5,87,0.1,0,,1000.6,1008.7,,,9,0,19.8
2025-06-09 05:00,156,광주,21.1,88,0.1,0,,1000.4,1008.5,,,9,0,19.8
2025-06-09 06:00,156,광주,21.0,89,0.9,340,,1000.5,1008.6,0.0,0.08,9,0,20.6
2025-06-09 07:00,156,광주,21.4,87,2.6,360,,999.9,1008.0,0.0,0.28,9,0,22.8
2025-06-09 08:00,156,광주,22.7,83,1.7,360,,1000.1,1008.2,0.0,0.65,9,0,29.6
2025-06-09 09:00,156,광주,23.8,79,1.9,360,,1000.3,1008.3,0.0,1.02,9,0,32.6
2025-06-09 10:00,156,광주,25.9,70,0.8,340,,1000.0,1008.0,0.7,2.14,7,0,48.7
2025-06-09 11:00,156,광주,27.8,61,1.1,250,,1000.1,1008.0,1.0,2.98,7,0,54.3
2025-06-09 12:00,156,광주,28.8,57,1.0,160,,999.6,1007.5,1.0,3.25,4,0,60.9
2025-06-09 13:00,156,광주,30.6,52,1.1,160,,998.9,1006.7,0.9,3.08,8,7,59.7
2025-06-09 14:00,156,광주,29.7,52,1.2,200,,998.5,1006.4,0.3,1.5,8,8,42.5
2025-06-09 15:00,156,광주,30.0,52,1.7,160,,998.1,1005.9,0.2,1.21,8,8,42.1
2025-06-09 16:00,156,광주,29.0,57,1.9,180,,997.7,1005.6,0.1,1.08,7,7,38.7
2025-06-09 17:00,156,광주,30.0,56,2.8,160,,997.5,1005.3,0.3,1.18,6,6,42.6
2025-06-09 18:00,156,광주,29.4,58,1.9,200,,997.6,1005.5,1.0,1.26,6,6,37.6
2025-06-09 19:00,156,광주,27.6,63,1.5,270,,997.8,1005.7,0.3,0.5,3,3,31.2
2025-06-09 20:00,156,광주,25.9,66,1.2,270,,998.1,1006.1,0.0,0.14,2,2,25.9
2025-06-09 21:00,156,광주,25.0,67,0.2,0,,998.2,1006.2,,,1,0,23.4
2025-06-09 22:00,156,광주,24.1,69,0.1,0,,998.8,1006.8,,,0,0,22.1
2025-06-09 23:00,156,광주,23.9,72,0.6,180,,998.9,1006.9,,,0,0,21.0
2025-06-10 00:00,156,광주,23.5,72,0.7,200,,999.4,1007.4,,,0,0,20.5
2025-06-10 01:00,156,광주,22.3,77,0.4,0,,999.5,1007.6,,,0,0,19.8
2025-06-10 02:00,156,광주,21.9,80,0.6,180,,999.3,1007.4,,,0,0,19.3
2025-06-10 03:00,156,광주,21.3,81,1.0,180,,999.4,1007.5,,,0,0,19.0
2025-06-10 04:00,156,광주,21.1,83,0.4,0,,999.4,1007.5,,,0,0,18.5
2025-06-10 05:00,156,광주,20.8,83,0.7,360,,998.9,1007.0,,,3,0,19.1
2025-06-10 06:00,156,광주,20.7,82,0.8,340,,999.2,1007.3,0.0,0.13,4,0,20.1
2025-06-10 07:00,156,광주,20.9,81,1.5,360,,998.9,1007.0,0.7,0.55,2,0,22.0
2025-06-10 08:00,156,광주,23.3,69,1.1,360,,998.7,1006.7,1.0,1.33,1,0,35.2
2025-06-10 09:00,156,광주,24.5,61,0.2,0,,998.4,1006.4,0.4,1.58,6,0,38.2
2025-06-10 10:00,156,광주,26.5,53,0.6,200,,998.5,1006.4,1.0,2.56,3,0,51.6
2025-06-10 11:00,156,광주,27.4,50,1.3,230,,999.4,1007.3,1.0,3.02,3,0,56.9
2025-06-10 12:00,156,광주,28.1,47,1.0,230,,999.7,1007.6,0.4,1.76,9,5,42.7
2025-06-10 13:00,156,광주,29.0,45,1.4,200,,999.3,1007.2,0.5,2.38,7,7,52.7
2025-06-10 14:00,156,광주,29.0,44,3.4,200,,999.1,1007.0,0.8,2.7,9,9,51.1
2025-06-10 15:00,156,광주,27.4,50,2.4,250,,999.2,1007.1,0.3,2.27,9,0,47.6
2025-06-10 16:00,156,광주,26.5,56,1.5,250,,999.3,1007.2,0.5,1.86,9,0,42.6
2025-06-10 17:00,156,광주,26.7,57,1.6,250,,999.1,1007.0,0.8,1.59,8,0,42.3
2025-06-10 18:00,156,광주,24.7,63,2.6,230,,999.5,1007.5,0.6,0.91,8,0,32.4
2025-06-10 19:00,156,광주,23.4,70,1.2,230,,1000.3,1008.3,0.0,0.36,8,0,27.4
2025-06-10 20:00,156,광주,22.0,76,1.7,270,,1000.9,1009.0,0.0,0.09,10,2,24.0
2025-06-10 21:00,156,광주,21.6,77,1.0,250,,1001.5,1009.6,,,9,0,22.4
2025-06-10 22:00,156,광주,21.2,78,1.3,250,,1002.1,1010.2,,,9,8,21.4
2025-06-10 23:00,156,광주,21.0,79,1.2,290,,1002.3,1010.4,,,9,3,21.1
2025-06-11 00:00,156,광주,20.4,81,0.8,290,,1002.5,1010.7,,,2,2,19.9
2025-06-11 01:00,156,광주,19.9,76,1.6,340,,1002.5,1010.7,,,9,1,18.6
2025-06-11 02:00,156,광주,18.7,72,1.4,360,,1002.2,1010.4,,,8,0,17.1
2025-06-11 03:00,156,광주,18.5,70,1.6,360,,1001.8,1010.0,,,9,0,17.1
2025-06-11 04:00,156,광주,18.1,69,1.1,360,,1002.1,1010.3,,,9,0,16.9
2025-06-11 05:00,156,광주,17.8,70,1.2,340,,1002.7,1010.9,,,8,0,15.9
2025-06-11 06:00,156,광주,17.5,75,2.4,360,,1003.0,1011.3,0.0,0.12,7,0,16.6
2025-06-11 07:00,156,광주,18.0,74,1.6,360,,1003.7,1011.9,0.7,0.56,0,0,17.0
2025-06-11 08:00,156,광주,20.7,63,2.8,360,,1004.1,1012.3,1.0,1.41,4,0,32.2
2025-06-11 09:00,156,광주,22.5,55,1.7,360,,1004.4,1012.5,1.0,2.16,3,0,44.0
2025-06-11 10:00,156,광주,24.2,48,1.7,360,,1004.7,1012.8,1.0,2.81,3,0,48.1
2025-06-11 11:00,156,광주,26.7,39,2.2,20,,1004.6,1012.6,1.0,3.35,3,0,54.2
2025-06-11 12:00,156,광주,27.3,37,3.6,340,,1004.5,1012.5,1.0,3.66,2,0,55.2
2025-06-11 13:00,156,광주,29.1,34,2.3,340,,1004.1,1012.0,1.0,3.76,2,0,60.2
2025-06-11 14:00,156,광주,30.0,32,3.1,360,,1003.5,1011.4,1.0,3.66,2,0,58.5
2025-06-11 15:00,156,광주,29.9,31,3.8,340,,1003.2,1011.1,1.0,3.17,3,0,53.6
2025-06-11 16:00,156,광주,30.2,31,3.1,360,,1003.0,1010.9,1.0,2.7,1,0,51.8
2025-06-11 17:00,156,광주,29.3,33,2.4,340,,1002.7,1010.6,1.0,2.02,2,0,41.5
2025-06-11 18:00,156,광주,28.6,39,1.6,340,,1002.9,1010.8,1.0,1.19,3,0,35.1
2025-06-11 19:00,156,광주,26.4,46,3.6,340,,1003.6,1011.6,0.4,0.52,7,0,27.7
2025-06-11 20:00,156,광주,24.8,43,0.9,270,,1004.5,1012.5,0.0,0.1,9,4,23.8
2025-06-11 21:00,156,광주,23.3,48,2.6,360,,1004.9,1013.0,,,8,0,21.2
2025-06-11 22:00,156,광주,23.1,46,2.1,360,,1005.6,1013.7,,,8,3,20.8
2025-06-11 23:00,156,광주,22.5,47,2.0,360,,1005.8,1013.9,,,9,7,19.8
2025-06-12 00:00,156,광주,22.3,47,1.5,360,,1006.0,1014.1,,,9,0,19.2
2025-06-12 01:00,156,광주,21.4,51,2.1,20,,1006.0,1014.2,,,10,3,19.1
2025-06-12 02:00,156,광주,21.3,54,1.7,340,,1006.0,1014.2,,,10,9,19.0
2025-06-12 03:00,156,광주,21.3,54,1.8,360,,1005.7,1013.9,,,9,0,19.0
2025-06-12 04:00,156,광주,20.9,56,1.1,360,,1006.0,1014.2,,,8,0,18.5
2025-06-12 05:00,156,광주,20.5,56,1.8,340,,1006.3,1014.5,,,8,0,18.3
2025-06-12 06:00,156,광주,20.2,62,0.8,340,,1006.5,1014.7,0.0,0.12,8,0,19.1
2025-06-12 07:00,156,광주,21.2,60,1.3,340,,1006.8,1015.0,0.0,0.32,9,7,23.1
2025-06-12 08:00,156,광주,22.1,55,2.0,360,,1007.0,1015.1,0.0,0.58,9,7,27.0
2025-06-12 09:00,156,광주,24.2,52,1.8,360,,1006.8,1014.9,0.6,1.56,7,4,41.8
2025-06-12 10:00,156,광주,25.9,46,1.4,360,,1006.8,1014.8,0.8,2.42,5,0,48.6
2025-06-12 11:00,156,광주,27.5,44,0.4,0,,1006.6,1014.6,0.8,2.79,8,0,48.0
2025-06-12 12:00,156,광주,28.6,42,1.2,180,,1006.7,1014.6,0.1,1.98,8,0,49.8
2025-06-12 13:00,156,광주,28.8,43,2.3,160,,1006.7,1014.6,0.2,2.01,8,0,49.7
2025-06-12 14:00,156,광주,29.4,44,2.1,140,,1006.4,1014.3,0.7,2.5,8,0,53.6
2025-06-12 15:00,156,광주,29.5,40,2.2,140,,1006.1,1014.0,0.9,2.89,7,0,55.0
2025-06-12 16:00,156,광주,30.0,39,2.7,160,,1005.8,1013.7,1.0,2.58,6,0,50.5
2025-06-12 17:00,156,광주,29.0,38,1.9,90,,1005.7,1013.6,0.8,1.63,7,0,41.0
2025-06-12 18:00,156,광주,28.1,36,3.3,140,,1005.6,1013.6,0.5,1.07,8,0,33.5
2025-06-12 19:00,156,광주,26.2,47,3.8,160,,1006.5,1014.5,0.0,0.38,8,1,28.6
2025-06-12 20:00,156,광주,25.3,52,2.1,160,,1007.0,1015.0,0.0,0.1,9,0,24.8
2025-06-12 21:00,156,광주,24.1,60,1.8,200,,1007.5,1015.6,,,9,0,23.1
2025-06-12 22:00,156,광주,23.3,63,1.2,180,,1008.0,1016.1,,,8,1,21.7
2025-06-12 23:00,156,광주,22.7,67,0.9,160,,1007.7,1015.8,,,10,2,21.1
2025-06-13 00:00,156,광주,22.2,70,0.6,160,,1007.2,1015.3,,,9,0,20.7
2025-06-13 01:00,156,광주,22.1,72,0.7,200,,1007.3,1015.4,,,10,9,20.9
2025-06-13 02:00,156,광주,21.5,74,1.3,200,,1007.1,1015.3,,,9,9,20.6
2025-06-13 03:00,156,광주,21.1,74,1.2,200,,1007.2,1015.4,,,9,0,20.3
2025-06-13 04:00,156,광주,21.4,69,0.6,180,,1007.4,1015.6,,,9,4,20.6
2025-06-13 05:00,156,광주,21.1,72,1.1,20,0.0,1007.4,1015.6,,,10,10,20.7
2025-06-13 06:00,156,광주,20.4,79,0.4,0,0.0,1007.8,1016.0,0.0,0.07,10,3,20.1
2025-06-13 07:00,156,광주,19.9,84,0.6,360,0.0,1007.4,1015.6,0.0,0.14,10,8,21.2
2025-06-13 08:00,156,광주,20.8,74,1.4,360,0.0,1007.1,1015.3,0.0,0.52,10,5,24.0
2025-06-13 09:00,156,광주,22.0,63,0.3,0,0.0,1007.3,1015.4,0.1,1.01,10,10,28.8
2025-06-13 10:00,156,광주,20.7,77,1.5,140,0.2,1007.7,1015.9,0.0,0.65,10,7,24.3
2025-06-13 11:00,156,광주,20.9,82,1.6,360,0.3,1006.8,1015.0,0.0,0.73,10,7,25.5
2025-06-13 12:00,156,광주,21.5,80,1.1,20,0.0,1006.5,1014.7,0.0,1.12,10,7,27.2
2025-06-13 13:00,156,광주,22.3,88,1.0,20,1.1,1005.8,1013.9,0.0,0.95,10,7,28.8
2025-06-13 14:00,156,광주,22.3,87,1.1,360,0.1,1004.9,1013.0,0.0,1.02,10,7,28.2
2025-06-13 15:00,156,광주,22.4,89,1.8,360,0.2,1003.9,1012.0,0.0,0.58,10,8,27.0
2025-06-13 16:00,156,광주,21.9,92,1.3,360,2.5,1003.4,1011.5,0.0,0.41,10,7,26.0
2025-06-13 17:00,156,광주,21.9,93,1.2,360,0.6,1002.9,1011.0,0.0,0.37,10,7,25.0
2025-06-13 18:00,156,광주,21.6,93,1.2,360,1.9,1002.1,1010.2,0.0,0.19,10,7,23.8
2025-06-13 19:00,156,광주,20.9,93,1.8,20,4.6,1001.6,1009.7,0.0,0.11,10,8,22.5
2025-06-13 20:00,156,광주,20.9,94,1.1,230,3.0,1001.5,1009.6,0.0,0.07,10,8,22.3
2025-06-13 21:00,156,광주,20.9,95,2.0,340,4.2,1001.8,1009.9,,,10,8,22.0
2025-06-13 22:00,156,광주,20.7,95,1.3,50,1.9,1001.8,1009.9,,,10,9,21.9
2025-06-13 23:00,156,광주,20.8,96,1.0,340,3.7,1001.4,1009.5,,,10,8,21.8
2025-06-14 00:00,156,광주,20.6,96,0.9,20,3.8,1000.5,1008.6,,,10,8,21.8
2025-06-14 01:00,156,광주,20.7,96,0.6,340,0.1,999.4,1007.5,,,10,5,22.0
2025-06-14 02:00,156,광주,20.7,96,1.5,360,4.5,997.9,1006.0,,,10,8,21.6
2025-06-14 03:00,156,광주,20.9,97,0.9,200,7.5,996.9,1005.0,,,10,8,21.6
2025-06-14 04:00,156,광주,21.0,97,1.1,360,12.1,995.7,1003.8,,,10,8,21.5
2025-06-14 05:00,156,광주,21.1,97,1.8,360,8.9,994.7,1002.8,,,10,8,21.7
2025-06-14 06:00,156,광주,21.2,97,0.3,0,12.0,994.6,1002.7,0.0,0.06,10,8,21.7
2025-06-14 07:00,156,광주,21.6,97,0.5,20,1.8,994.5,1002.6,0.0,0.15,10,7,22.7
2025-06-14 08:00,156,광주,21.7,97,1.1,360,0.9,994.7,1002.8,0.0,0.2,10,8,22.9
2025-06-14 09:00,156,광주,22.4,97,0.2,0,1.2,993.9,1001.9,0.0,0.29,10,8,24.4
2025-06-14 10:00,156,광주,23.4,96,1.4,360,0.1,993.3,1001.3,0.0,0.81,10,7,27.8
2025-06-14 11:00,156,광주,23.5,94,1.8,340,0.0,993.3,1001.3,0.0,1.08,10,10,29.0
2025-06-14 12:00,156,광주,25.4,83,1.7,360,,992.8,1000.7,0.4,2.14,10,7,33.9
2025-06-14 13:00,156,광주,26.5,81,2.2,360,,992.3,1000.2,0.0,1.48,9,9,34.5
2025-06-14 14:00,156,광주,25.3,85,1.3,290,,991.8,999.7,0.0,1.18,9,9,29.7
2025-06-14 15:00,156,광주,26.4,81,0.6,290,,991.4,999.3,0.0,1.06,9,9,31.5
2025-06-14 16:00,156,광주,26.7,77,0.4,0,,991.6,999.5,0.0,0.87,9,9,31.1
2025-06-14 17:00,156,광주,27.4,73,0.6,20,,991.5,999.4,0.0,1.09,9,9,31.5
2025-06-14 18:00,156,광주,28.5,71,0.3,0,,991.6,999.4,0.4,0.74,3,3,29.3
2025-06-14 19:00,156,광주,27.5,71,0.6,250,,992.2,1000.1,0.6,0.68,8,2,27.2
2025-06-14 20:00,156,광주,25.8,81,0.9,230,,993.3,1001.2,0.1,0.14,8,0,25.1
2025-06-14 21:00,156,광주,24.5,84,0.9,180,,994.1,1002.1,,,6,0,24.0
2025-06-14 22:00,156,광주,23.2,87,1.4,180,,995.0,1003.0,,,8,8,23.8
2025-06-14 23:00,156,광주,22.4,88,1.8,200,,995.2,1003.2,,,8,6,22.8
2025-06-15 00:00,156,광주,21.6,91,1.8,160,,995.4,1003.4,,,10,5,22.5
2025-06-15 01:00,156,광주,20.9,91,1.2,140,,994.8,1002.9,,,9,1,21.8
2025-06-15 02:00,156,광주,20.3,92,1.8,160,,994.3,1002.4,,,8,1,21.0
2025-06-15 03:00,156,광주,20.2,92,0.5,200,,994.2,1002.3,,,10,5,20.5
2025-06-15 04:00,156,광주,20.0,92,1.2,180,,994.8,1002.9,,,10,6,20.6
2025-06-15 05:00,156,광주,20.2,92,0.0,0,,994.9,1003.0,,,10,6,20.8
2025-06-15 06:00,156,광주,20.5,91,0.4,0,,995.0,1003.1,0.0,0.09,10,7,21.4
2025-06-15 07:00,156,광주,21.2,90,1.0,360,,994.4,1002.5,0.5,0.53,10,5,22.8
2025-06-15 08:00,156,광주,23.1,83,0.7,270,,994.4,1002.4,1.0,1.25,0,0,29.5
2025-06-15 09:00,156,광주,25.0,76,0.7,180,,993.8,1001.7,1.0,2.0,0,0,34.8
2025-06-15 10:00,156,광주,26.6,67,0.9,140,,993.5,1001.4,1.0,2.58,0,0,37.7
2025-06-15 11:00,156,광주,28.5,63,1.1,200,,993.3,1001.1,1.0,3.02,6,6,40.0
2025-06-15 12:00,156,광주,29.2,61,2.6,140,,992.6,1000.4,0.8,2.83,8,8,39.0
2025-06-15 13:00,156,광주,29.8,65,3.8,140,,992.2,1000.0,0.6,2.46,8,8,36.9
2025-06-15 14:00,156,광주,29.7,63,3.8,140,,991.9,999.7,0.5,2.33,8,8,37.9
2025-06-15 15:00,156,광주,29.0,69,4.1,140,,991.4,999.2,0.5,1.74,8,8,34.4
2025-06-15 16:00,156,광주,28.3,71,4.2,140,,991.3,999.1,0.1,0.96,9,9,31.5
2025-06-15 17:00,156,광주,28.3,72,3.4,140,,990.9,998.7,0.3,1.27,10,4,32.3
2025-06-15 18:00,156,광주,27.6,74,3.5,140,,990.8,998.7,0.0,0.78,10,6,29.6
2025-06-15 19:00,156,광주,26.6,77,2.8,140,,990.9,998.8,0.0,0.23,10,7,27.1
2025-06-15 20:00,156,광주,24.2,91,2.9,160,0.7,991.2,999.2,0.0,0.07,10,9,25.5
2025-06-15 21:00,156,광주,24.0,92,2.2,160,0.7,991.1,999.1,,,10,8,25.2
2025-06-15 22:00,156,광주,23.7,94,1.7,160,2.2,991.4,999.4,,,10,8,24.9
2025-06-15 23:00,156,광주,23.5,95,2.1,160,0.7,991.1,999.1,,,10,8,24.9
2025-06-16 00:00,156,광주,23.2,95,1.6,160,2.7,990.6,998.5,,,10,9,24.5
2025-06-16 01:00,156,광주,23.2,96,1.1,160,0.1,990.6,998.6,,,10,8,24.5
2025-06-16 02:00,156,광주,23.1,96,1.7,200,3.3,990.6,998.6,,,10,8,24.0
2025-06-16 03:00,156,광주,22.8,96,1.8,160,0.8,990.4,998.4,,,10,8,24.1
2025-06-16 04:00,156,광주,22.8,96,1.4,200,0.1,990.7,998.7,,,10,3,23.8
2025-06-16 05:00,156,광주,22.5,96,2.2,160,0.3,991.0,999.0,,,10,8,23.7
2025-06-16 06:00,156,광주,22.4,96,2.2,160,0.0,991.4,999.4,0.0,0.08,10,8,23.7
2025-06-16 07:00,156,광주,22.5,96,2.6,160,,991.5,999.5,0.0,0.12,10,9,23.9
2025-06-16 08:00,156,광주,22.7,96,2.4,160,0.0,991.0,999.0,0.0,0.28,10,9,25.2
2025-06-16 09:00,156,광주,22.6,96,2.2,160,0.8,991.8,999.8,0.0,0.25,10,9,24.5
2025-06-16 10:00,156,광주,22.5,96,2.4,180,2.0,992.1,1000.1,0.0,0.27,10,9,24.4
2025-06-16 11:00,156,광주,22.3,95,1.9,180,2.1,992.3,1000.3,0.0,0.32,10,8,24.3
2025-06-16 12:00,156,광주,22.7,94,3.2,160,1.6,993.5,1001.5,0.0,0.69,10,10,27.5
2025-06-16 13:00,156,광주,25.3,87,3.0,180,,993.4,1001.3,0.3,1.7,8,8,35.6
2025-06-16 14:00,156,광주,25.4,80,3.0,180,,993.7,1001.6,0.5,1.86,8,8,31.4
2025-06-16 15:00,156,광주,25.3,76,3.4,200,,993.9,1001.8,0.2,1.36,8,8,30.9
2025-06-16 16:00,156,광주,25.4,73,4.2,180,,993.5,1001.4,0.6,1.62,7,7,30.5
2025-06-16 17:00,156,광주,26.4,72,3.7,180,,993.2,1001.1,0.8,1.61,1,1,30.8
2025-06-16 18:00,156,광주,26.0,70,2.6,180,,993.1,1001.0,1.0,1.33,2,2,27.9
2025-06-16 19:00,156,광주,25.1,75,1.8,160,,993.3,1001.2,0.6,0.59,0,0,25.5
2025-06-16 20:00,156,광주,23.9,79,1.8,180,,994.3,1002.3,0.1,0.14,0,0,23.4
2025-06-16 21:00,156,광주,23.0,81,1.8,180,,995.3,1003.3,,,2,2,22.4
2025-06-16 22:00,156,광주,22.2,86,1.9,200,,996.1,1004.2,,,0,0,21.8
2025-06-16 23:00,156,광주,21.3,88,1.0,160,,996.6,1004.7,,,0,0,21.2
2025-06-17 00:00,156,광주,21.5,88,2.1,140,,996.8,1004.9,,,4,4,20.8
2025-06-17 01:00,156,광주,21.5,85,2.1,140,,996.7,1004.8,,,7,3,20.6
2025-06-17 02:00,156,광주,21.3,85,0.7,180,,996.4,1004.5,,,6,0,20.2
2025-06-17 03:00,156,광주,21.0,84,0.4,0,,996.5,1004.6,,,1,0,20.0
2025-06-17 04:00,156,광주,21.0,84,1.9,140,,996.3,1004.4,,,4,0,20.2
2025-06-17 05:00,156,광주,21.5,83,1.7,140,,997.2,1005.3,,,4,4,20.5
2025-06-17 06:00,156,광주,21.7,81,1.9,160,0.0,997.1,1005.2,0.0,0.11,3,3,21.0
2025-06-17 07:00,156,광주,22.1,82,0.7,160,,997.5,1005.6,0.0,0.37,3,3,22.9
2025-06-17 08:00,156,광주,23.4,77,1.2,140,,997.8,1005.8,0.6,0.87,6,6,26.1
2025-06-17 09:00,156,광주,24.6,78,1.9,160,,998.0,1006.0,0.0,0.8,9,9,28.6
2025-06-17 10:00,156,광주,25.0,77,1.9,140,,998.1,1006.1,0.1,1.04,8,8,29.0
2025-06-17 11:00,156,광주,25.9,74,2.1,140,,998.3,1006.3,0.1,1.29,8,8,31.6
2025-06-17 12:00,156,광주,27.1,71,1.9,140,,998.1,1006.0,0.3,1.91,8,8,35.7
2025-06-17 13:00,156,광주,28.6,69,1.8,160,,997.9,1005.8,0.5,2.24,8,8,38.5
2025-06-17 14:00,156,광주,29.0,68,2.4,160,,997.7,1005.6,0.7,2.35,6,6,38.5
2025-06-17 15:00,156,광주,29.1,70,2.7,140,,997.3,1005.2,0.6,2.13,7,7,37.2
2025-06-17 16:00,156,광주,28.4,69,2.4,140,,997.2,1005.1,0.7,1.88,7,7,33.0
2025-06-17 17:00,156,광주,28.8,72,2.8,140,,997.4,1005.3,0.4,1.05,7,7,33.4
2025-06-17 18:00,156,광주,28.5,71,2.3,180,,997.5,1005.4,0.9,1.24,7,0,31.4
2025-06-17 19:00,156,광주,27.0,74,2.6,200,,997.9,1005.8,0.6,0.68,0,0,27.1
2025-06-17 20:00,156,광주,25.7,78,2.1,160,,998.6,1006.6,0.2,0.13,0,0,24.6
2025-06-17 21:00,156,광주,25.3,76,2.7,200,,999.6,1007.6,,,2,2,24.0
2025-06-17 22:00,156,광주,24.1,82,1.7,160,,1000.0,1008.0,,,0,0,22.9
2025-06-17 23:00,156,광주,23.3,84,1.7,200,,1000.6,1008.7,,,0,0,22.3
2025-06-18 00:00,156,광주,22.6,89,1.7,230,,1000.9,1008.9,,,0,0,21.6
2025-06-18 01:00,156,광주,21.9,89,1.4,200,,1001.2,1009.3,,,0,0,21.1
2025-06-18 02:00,156,광주,21.4,86,2.7,160,,1001.3,1009.4,,,0,0,20.5
2025-06-18 03:00,156,광주,20.9,86,1.3,180,,1001.5,1009.6,,,0,0,20.0
2025-06-18 04:00,156,광주,20.3,88,0.6,140,,1001.9,1010.1,,,0,0,19.6
2025-06-18 05:00,156,광주,19.9,91,0.8,180,,1002.7,1010.9,,,0,0,19.5
2025-06-18 06:00,156,광주,20.1,90,0.8,140,,1003.3,1011.5,0.0,0.1,7,7,20.9
2025-06-18 07:00,156,광주,20.3,88,0.6,180,,1003.8,1012.0,0.0,0.28,10,10,22.7
2025-06-18 08:00,156,광주,21.6,85,0.9,160,,1004.3,1012.4,0.1,0.7,5,5,26.9
2025-06-18 09:00,156,광주,23.1,77,1.2,160,,1004.4,1012.5,1.0,2.04,1,1,32.8
2025-06-18 10:00,156,광주,25.0,69,1.2,180,,1004.4,1012.4,1.0,2.58,0,0,38.0
2025-06-18 11:00,156,광주,27.3,64,0.8,200,,1004.3,1012.3,1.0,3.16,0,0,43.0
2025-06-18 12:00,156,광주,28.9,48,1.1,160,,1004.3,1012.2,1.0,3.47,0,0,46.3
2025-06-18 13:00,156,광주,29.5,44,1.0,180,,1004.2,1012.1,1.0,3.58,0,0,47.8
2025-06-18 14:00,156,광주,30.9,39,1.4,230,,1003.8,1011.7,1.0,3.35,0,0,47.7
2025-06-18 15:00,156,광주,31.6,44,1.5,180,,1003.7,1011.5,1.0,3.05,0,0,45.8
2025-06-18 16:00,156,광주,31.6,41,1.2,200,,1003.4,1011.2,1.0,2.56,0,0,42.1
2025-06-18 17:00,156,광주,31.8,45,1.1,230,,1003.3,1011.1,1.0,1.93,1,0,37.4
2025-06-18 18:00,156,광주,30.3,49,2.2,160,,1003.2,1011.1,1.0,1.22,2,0,31.8
2025-06-18 19:00,156,광주,28.9,53,2.0,160,,1003.2,1011.1,0.5,0.49,0,0,27.9
2025-06-18 20:00,156,광주,27.2,56,1.5,160,,1003.6,1011.6,0.1,0.13,0,0,25.2
2025-06-18 21:00,156,광주,26.5,56,1.1,180,,1004.3,1012.3,,,0,0,23.7
2025-06-18 22:00,156,광주,26.2,57,0.9,200,,1005.0,1013.0,,,6,0,22.8
2025-06-18 23:00,156,광주,24.6,65,1.1,180,,1005.5,1013.6,,,0,0,22.0
2025-06-19 00:00,156,광주,24.6,68,0.4,0,,1005.3,1013.3,,,0,0,21.4
2025-06-19 01:00,156,광주,23.7,71,1.0,360,,1005.4,1013.5,,,0,0,20.9
2025-06-19 02:00,156,광주,22.6,77,0.3,0,,1005.4,1013.5,,,0,0,20.3
2025-06-19 03:00,156,광주,22.4,77,0.4,0,,1005.4,1013.5,,,0,0,19.9
2025-06-19 04:00,156,광주,22.1,78,0.4,0,,1005.5,1013.6,,,4,0,19.5
2025-06-19 05:00,156,광주,21.4,85,0.3,0,,1005.8,1014.0,,,6,1,19.3
2025-06-19 06:00,156,광주,21.2,78,0.5,70,,1005.9,1014.1,0.1,0.15,8,2,20.6
2025-06-19 07:00,156,광주,23.1,68,0.1,0,,1006.1,1014.2,0.6,0.65,9,4,24.2
2025-06-19 08:00,156,광주,24.0,67,0.1,0,,1006.1,1014.2,0.3,0.73,8,4,25.2
2025-06-19 09:00,156,광주,25.6,65,1.1,20,,1005.9,1013.9,0.6,1.33,7,4,33.1
2025-06-19 10:00,156,광주,28.7,60,1.7,160,,1006.0,1013.9,1.0,2.76,7,5,44.4
2025-06-19 11:00,156,광주,27.7,64,4.1,140,,1005.9,1013.9,0.3,1.71,8,6,36.4
2025-06-19 12:00,156,광주,28.5,66,2.3,140,,1005.6,1013.5,0.1,1.65,8,5,38.5
2025-06-19 13:00,156,광주,28.7,68,2.9,140,,1005.1,1013.0,0.2,1.71,8,4,41.9
2025-06-19 14:00,156,광주,27.5,72,4.4,140,0.0,1005.1,1013.1,0.4,1.96,10,6,34.5
2025-06-19 15:00,156,광주,28.3,67,2.6,140,0.0,1005.1,1013.0,0.0,1.32,7,4,36.8
2025-06-19 16:00,156,광주,29.7,64,2.7,140,,1004.6,1012.5,0.8,2.51,6,5,44.7
2025-06-19 17:00,156,광주,29.2,67,3.2,140,,1004.0,1011.9,1.0,2.06,5,4,38.3
2025-06-19 18:00,156,광주,28.0,70,3.2,110,,1003.8,1011.7,0.8,1.28,5,3,33.3
2025-06-19 19:00,156,광주,27.1,75,2.4,140,,1004.3,1012.3,0.0,0.42,6,2,28.6
2025-06-19 20:00,156,광주,26.5,78,2.2,140,,1004.5,1012.5,0.0,0.13,8,3,26.4
2025-06-19 21:00,156,광주,25.8,80,1.4,140,,1004.6,1012.6,,,7,7,25.5
2025-06-19 22:00,156,광주,25.8,81,2.6,140,,1004.9,1012.9,,,8,0,25.0
2025-06-19 23:00,156,광주,25.5,82,1.9,140,,1004.8,1012.8,,,7,2,24.7
2025-06-20 00:00,156,광주,25.3,83,2.2,160,,1004.5,1012.5,,,9,7,24.6
2025-06-20 01:00,156,광주,25.3,84,2.4,140,,1003.7,1011.7,,,10,0,24.3
2025-06-20 02:00,156,광주,25.3,83,2.9,140,,1003.1,1011.1,,,8,2,24.1
2025-06-20 03:00,156,광주,25.3,83,3.0,140,,1002.7,1010.7,,,9,0,23.9
2025-06-20 04:00,156,광주,25.1,84,2.6,140,,1002.4,1010.4,,,9,6,23.7
2025-06-20 05:00,156,광주,25.1,84,2.7,140,,1002.2,1010.2,,,9,7,23.8
2025-06-20 06:00,156,광주,25.2,83,3.0,140,,1002.4,1010.4,0.0,0.08,10,7,24.1
2025-06-20 07:00,156,광주,25.3,83,3.1,140,0.0,1001.9,1009.9,0.0,0.19,10,6,25.0
2025-06-20 08:00,156,광주,25.8,81,2.9,140,0.0,1001.5,1009.5,0.0,0.48,10,3,27.2
2025-06-20 09:00,156,광주,26.5,78,3.8,140,,1001.2,1009.2,0.0,1.06,10,3,30.4
2025-06-20 10:00,156,광주,26.8,78,3.8,140,0.0,1000.9,1008.9,0.0,0.75,10,3,30.6
2025-06-20 11:00,156,광주,26.7,79,4.0,140,0.0,1000.9,1008.9,0.0,0.86,10,6,30.8
2025-06-20 12:00,156,광주,26.9,78,3.8,160,0.0,1000.3,1008.2,0.0,0.69,10,9,30.1
2025-06-20 13:00,156,광주,27.2,75,4.1,160,0.0,999.5,1007.4,0.0,0.81,10,9,29.8
2025-06-20 14:00,156,광주,26.4,80,3.6,160,0.0,999.1,1007.1,0.0,0.39,10,9,27.5
2025-06-20 15:00,156,광주,26.0,84,4.0,180,0.1,999.1,1007.1,0.0,0.47,10,9,27.5
2025-06-20 16:00,156,광주,25.3,89,3.4,160,0.6,998.5,1006.5,0.0,0.59,10,9,27.6
2025-06-20 17:00,156,광주,24.9,91,3.6,160,0.5,998.5,1006.5,0.0,0.32,10,9,26.8
2025-06-20 18:00,156,광주,24.5,93,4.9,160,1.3,998.8,1006.8,0.0,0.32,10,9,26.4
2025-06-20 19:00,156,광주,24.2,94,3.2,160,0.6,998.8,1006.8,0.0,0.19,10,3,25.3
2025-06-20 20:00,156,광주,23.8,93,3.4,160,0.3,999.3,1007.3,0.0,0.08,10,7,24.5
2025-06-20 21:00,156,광주,23.8,91,3.1,160,0.1,999.3,1007.3,,,10,7,24.0
2025-06-20 22:00,156,광주,24.0,89,3.5,160,0.2,999.6,1007.6,,,10,5,23.9
2025-06-20 23:00,156,광주,24.3,89,3.3,160,0.0,999.4,1007.4,,,10,9,24.0
2025-06-21 00:00,156,광주,24.3,89,2.5,180,0.1,999.2,1007.1,,,10,8,24.1
2025-06-21 01:00,156,광주,24.6,89,4.9,160,,998.6,1006.6,,,10,9,24.0
2025-06-21 02:00,156,광주,24.8,88,5.1,160,,998.0,1006.0,,,10,10,24.0
2025-06-21 03:00,156,광주,24.9,88,4.8,160,,997.3,1005.3,,,10,6,24.1
2025-06-21 04:00,156,광주,24.6,90,4.0,160,0.0,997.1,1005.1,,,10,9,24.1
2025-06-21 05:00,156,광주,24.5,90,5.3,160,0.1,996.9,1004.9,,,10,7,24.1
2025-06-21 06:00,156,광주,23.4,95,3.6,200,17.9,997.4,1005.4,0.0,0.06,10,9,23.7
2025-06-21 07:00,156,광주,23.2,96,2.6,180,36.7,997.2,1005.2,0.0,0.08,10,9,23.6
2025-06-21 08:00,156,광주,23.1,96,2.3,160,18.4,997.5,1005.5,0.0,0.11,10,8,23.8
2025-06-21 09:00,156,광주,23.2,97,3.4,160,7.8,997.2,1005.2,0.0,0.16,10,9,24.1
2025-06-21 10:00,156,광주,23.7,96,3.8,160,0.4,996.5,1004.5,0.0,0.28,10,9,24.7
2025-06-21 11:00,156,광주,23.8,96,3.7,160,1.4,996.5,1004.5,0.0,0.22,10,9,24.5
2025-06-21 12:00,156,광주,23.8,96,2.8,180,7.9,996.5,1004.5,0.0,0.3,10,9,24.8
2025-06-21 13:00,156,광주,23.8,96,2.0,180,1.1,996.3,1004.3,0.0,0.48,10,9,25.8
2025-06-21 14:00,156,광주,23.0,95,1.9,200,1.7,996.3,1004.3,0.0,0.23,10,9,25.1
2025-06-21 15:00,156,광주,22.2,94,0.5,90,1.4,996.3,1004.4,0.0,0.26,10,9,24.4
2025-06-21 16:00,156,광주,21.7,95,0.6,70,8.8,996.7,1004.8,0.0,0.23,10,9,23.8
2025-06-21 17:00,156,광주,21.3,95,1.7,360,3.3,995.7,1003.8,0.0,0.27,10,9,23.6
2025-06-21 18:00,156,광주,20.8,94,1.8,360,6.6,996.7,1004.8,0.0,0.18,10,9,23.0
2025-06-21 19:00,156,광주,20.2,93,2.6,360,0.9,996.2,1004.3,0.0,0.18,10,9,22.5
2025-06-21 20:00,156,광주,20.4,93,3.5,360,0.9,994.8,1002.9,0.0,0.08,10,9,21.8
2025-06-21 21:00,156,광주,18.7,94,0.9,360,8.8,997.5,1005.7,,,10,9,20.4
2025-06-21 22:00,156,광주,18.5,95,1.2,20,3.2,997.7,1005.9,,,10,9,20.3
2025-06-21 23:00,156,광주,18.7,95,0.1,0,4.7,997.9,1006.1,,,10,9,20.2
2025-06-22 00:00,156,광주,18.8,95,1.3,360,1.5,997.7,1005.8,,,10,9,20.3
2025-06-22 01:00,156,광주,19.0,95,1.3,320,0.3,997.8,1006.0,,,10,5,20.2
2025-06-22 02:00,156,광주,18.8,95,0.6,340,,998.1,1006.3,,,10,1,19.8
2025-06-22 03:00,156,광주,18.7,95,0.8,90,,998.0,1006.2,,,7,7,19.7
2025-06-22 04:00,156,광주,18.7,94,0.9,20,,998.0,1006.2,,,7,0,19.6
2025-06-22 05:00,156,광주,18.6,94,0.7,340,,998.6,1006.8,,,7,0,19.4
2025-06-22 06:00,156,광주,18.6,95,0.4,0,,999.5,1007.7,0.0,0.1,7,0,19.5
2025-06-22 07:00,156,광주,18.8,94,0.7,340,,999.7,1007.9,0.0,0.26,6,0,20.4
2025-06-22 08:00,156,광주,19.4,91,1.5,360,,1000.5,1008.7,0.0,0.55,9,0,22.2
2025-06-22 09:00,156,광주,21.1,81,1.0,360,,1000.6,1008.7,0.7,1.44,8,0,28.6
2025-06-22 10:00,156,광주,23.3,76,0.7,360,,1000.7,1008.8,1.0,2.83,7,0,34.7
2025-06-22 11:00,156,광주,24.8,70,0.5,20,,1000.3,1008.3,1.0,3.07,7,0,36.9
2025-06-22 12:00,156,광주,25.3,60,1.4,340,,999.9,1007.9,1.0,2.95,8,0,35.4
2025-06-22 13:00,156,광주,25.5,72,1.1,360,,999.3,1007.3,0.1,2.05,9,0,33.1
2025-06-22 14:00,156,광주,25.3,65,0.8,340,,999.1,1007.1,0.0,1.78,9,0,31.9
2025-06-22 15:00,156,광주,25.9,58,1.0,250,,999.0,1007.0,0.0,1.6,9,0,31.5
2025-06-22 16:00,156,광주,27.0,54,0.4,0,,999.1,1007.0,0.3,1.65,9,0,33.2
2025-06-22 17:00,156,광주,26.6,56,0.8,250,,999.0,1006.9,0.8,1.62,8,0,30.0
2025-06-22 18:00,156,광주,27.0,63,0.9,200,,998.8,1006.7,0.8,1.31,8,0,28.3
2025-06-22 19:00,156,광주,25.9,61,1.4,230,,999.1,1007.1,0.6,0.73,5,0,25.0
2025-06-22 20:00,156,광주,24.1,66,0.7,250,,999.6,1007.6,0.3,0.16,7,0,23.1
2025-06-22 21:00,156,광주,23.3,70,0.6,250,,1000.1,1008.1,,,5,0,21.9
2025-06-22 22:00,156,광주,22.4,72,0.3,0,,1000.8,1008.9,,,8,0,21.4
2025-06-22 23:00,156,광주,21.8,76,0.3,0,,1000.8,1008.9,,,7,0,20.7
2025-06-23 00:00,156,광주,20.9,81,0.6,20,,1000.6,1008.7,,,6,0,20.1
2025-06-23 01:00,156,광주,20.6,83,0.6,200,,1000.5,1008.6,,,0,0,19.5
2025-06-23 02:00,156,광주,20.1,84,0.6,200,,1000.5,1008.7,,,0,0,19.1
2025-06-23 03:00,156,광주,19.5,88,0.7,200,,1000.6,1008.8,,,0,0,18.7
2025-06-23 04:00,156,광주,19.1,91,0.0,0,,1000.4,1008.6,,,0,0,18.3
2025-06-23 05:00,156,광주,18.5,92,0.7,360,,1000.4,1008.6,,,0,0,18.0
2025-06-23 06:00,156,광주,18.4,93,0.0,0,,1000.4,1008.6,0.1,0.11,0,0,18.0
2025-06-23 07:00,156,광주,18.8,91,0.0,0,,1000.7,1008.9,1.0,0.6,0,0,18.9
2025-06-23 08:00,156,광주,21.3,79,0.4,0,,1000.8,1008.9,1.0,1.34,0,0,26.4
2025-06-23 09:00,156,광주,24.1,61,1.2,360,,1000.6,1008.6,1.0,2.09,0,0,32.1
2025-06-23 10:00,156,광주,26.6,52,1.1,360,,1000.3,1008.3,1.0,2.74,1,0,36.4
2025-06-23 11:00,156,광주,28.2,48,1.2,360,,1000.2,1008.1,1.0,3.26,2,0,39.0
2025-06-23 12:00,156,광주,29.2,40,1.3,20,,999.6,1007.5,1.0,3.58,2,0,40.6
2025-06-23 13:00,156,광주,29.9,37,1.3,320,,999.0,1006.9,1.0,3.7,2,0,41.4
2025-06-23 14:00,156,광주,31.2,39,0.9,50,,998.5,1006.3,1.0,3.6,2,0,41.4
2025-06-23 15:00,156,광주,31.8,39,1.3,340,,997.8,1005.6,1.0,3.26,3,0,39.1
2025-06-23 16:00,156,광주,31.9,37,1.4,360,,997.3,1005.1,1.0,2.77,4,0,37.0
2025-06-23 17:00,156,광주,31.7,39,1.5,360,,996.9,1004.7,1.0,2.12,5,0,33.3
2025-06-23 18:00,156,광주,31.7,41,0.3,0,,997.3,1005.1,1.0,1.4,6,0,30.5
2025-06-23 19:00,156,광주,28.5,59,4.5,160,,998.0,1005.9,0.6,0.7,3,3,26.8
2025-06-23 20:00,156,광주,27.0,65,2.8,160,,998.5,1006.4,0.2,0.12,0,0,24.8
2025-06-23 21:00,156,광주,25.9,68,2.7,160,,999.3,1007.3,,,2,2,23.8
2025-06-23 22:00,156,광주,25.4,68,1.0,180,,999.5,1007.5,,,0,0,23.5
2025-06-23 23:00,156,광주,24.9,70,1.5,140,,999.7,1007.7,,,6,6,23.6
2025-06-24 00:00,156,광주,24.0,73,1.3,140,,999.7,1007.7,,,6,2,22.6
2025-06-24 01:00,156,광주,23.6,76,0.3,0,,999.5,1007.5,,,7,0,22.2
2025-06-24 02:00,156,광주,23.5,75,0.1,0,,999.7,1007.7,,,8,0,21.7
2025-06-24 03:00,156,광주,22.3,73,0.8,360,,999.2,1007.3,,,5,5,21.2
2025-06-24 04:00,156,광주,22.3,71,1.2,360,,998.9,1007.0,,,7,3,20.6
2025-06-24 05:00,156,광주,21.4,73,2.2,360,,999.1,1007.2,,,7,2,19.8
2025-06-24 06:00,156,광주,21.9,70,1.4,360,,999.5,1007.6,0.0,0.12,7,2,20.8
2025-06-24 07:00,156,광주,22.2,69,2.6,360,,999.5,1007.6,0.0,0.31,10,6,22.6
2025-06-24 08:00,156,광주,22.5,72,2.0,360,0.0,999.2,1007.3,0.0,0.23,10,7,22.7
2025-06-24 09:00,156,광주,22.0,73,1.1,360,0.0,999.2,1007.3,0.0,0.25,10,7,22.7
2025-06-24 10:00,156,광주,20.6,87,1.3,20,1.3,999.3,1007.4,0.0,0.4,10,8,24.0
2025-06-24 11:00,156,광주,19.0,91,3.0,360,5.0,999.4,1007.6,0.0,0.43,10,8,22.3
2025-06-24 12:00,156,광주,19.5,93,3.2,360,2.7,999.3,1007.5,0.0,0.56,10,8,24.1
2025-06-24 13:00,156,광주,20.5,92,2.1,360,0.0,998.8,1006.9,0.0,0.64,10,5,25.5
2025-06-24 14:00,156,광주,21.0,89,2.1,360,,998.1,1006.2,0.0,0.56,10,5,25.5
2025-06-24 15:00,156,광주,21.7,88,1.9,360,,997.9,1006.0,0.0,0.72,8,4,26.2
2025-06-24 16:00,156,광주,22.6,85,0.9,320,,997.6,1005.7,0.0,0.58,8,4,26.2
2025-06-24 17:00,156,광주,23.2,87,0.4,0,,997.6,1005.6,0.0,0.47,8,4,25.8
2025-06-24 18:00,156,광주,23.3,84,0.7,270,,997.5,1005.5,0.0,0.37,7,3,24.8
2025-06-24 19:00,156,광주,23.3,85,0.4,0,,997.6,1005.6,0.0,0.12,8,8,24.1
2025-06-24 20:00,156,광주,22.8,86,0.8,160,,998.0,1006.0,0.0,0.08,8,8,23.6
2025-06-24 21:00,156,광주,22.9,86,0.6,90,,997.9,1005.9,,,9,9,23.3
2025-06-24 22:00,156,광주,23.2,85,0.9,180,,998.3,1006.3,,,7,7,23.2
2025-06-24 23:00,156,광주,22.7,86,2.3,140,,998.7,1006.8,,,7,7,23.0
2025-06-25 00:00,156,광주,22.7,87,2.2,140,,998.5,1006.5,,,9,9,22.8
2025-06-25 01:00,156,광주,22.8,87,2.1,140,,998.1,1006.1,,,7,7,22.5
2025-06-25 02:00,156,광주,22.5,88,2.4,160,,997.8,1005.9,,,8,8,22.5
2025-06-25 03:00,156,광주,21.3,87,3.3,180,,998.1,1006.2,,,9,9,21.8
2025-06-25 04:00,156,광주,20.0,89,2.0,180,0.0,998.7,1006.8,,,10,10,21.3
2025-06-25 05:00,156,광주,19.3,94,3.0,160,0.1,999.3,1007.5,,,10,10,20.9
2025-06-25 06:00,156,광주,19.2,94,2.3,160,0.0,999.5,1007.7,0.0,0.07,10,10,20.9
2025-06-25 07:00,156,광주,19.2,95,2.2,160,0.5,999.8,1008.0,0.0,0.11,10,8,21.0
2025-06-25 08:00,156,광주,19.6,95,2.8,160,0.0,1000.0,1008.2,0.0,0.22,10,8,21.9
2025-06-25 09:00,156,광주,20.6,93,2.8,160,0.0,1000.6,1008.7,0.0,0.42,10,5,24.5
2025-06-25 10:00,156,광주,21.5,86,3.6,160,,1000.4,1008.5,0.3,1.4,10,5,26.4
2025-06-25 11:00,156,광주,24.2,78,2.9,180,,1000.3,1008.3,0.3,1.59,8,4,34.5
2025-06-25 12:00,156,광주,26.1,67,3.9,200,,1000.4,1008.4,0.8,2.96,6,2,38.5
2025-06-25 13:00,156,광주,26.8,63,2.1,200,,1000.5,1008.4,1.0,3.64,5,1,39.6
2025-06-25 14:00,156,광주,27.8,60,2.3,200,,1000.3,1008.2,1.0,3.63,5,2,39.8
2025-06-25 15:00,156,광주,27.3,57,1.9,200,,1000.3,1008.2,1.0,3.21,5,2,37.6
2025-06-25 16:00,156,광주,27.5,56,2.8,200,,1000.3,1008.2,1.0,2.75,5,2,35.5
2025-06-25 17:00,156,광주,27.0,61,2.6,180,,1000.0,1007.9,1.0,2.0,4,1,31.9
2025-06-25 18:00,156,광주,26.4,54,2.6,200,,1000.0,1008.0,0.9,1.19,1,1,27.3
2025-06-25 19:00,156,광주,25.2,62,2.4,200,,1000.2,1008.2,0.6,0.62,1,0,24.9
2025-06-25 20:00,156,광주,23.8,73,1.8,200,,1000.5,1008.5,0.3,0.14,1,0,23.3
2025-06-25 21:00,156,광주,22.9,79,2.1,160,,1000.7,1008.8,,,1,0,22.4
2025-06-25 22:00,156,광주,21.9,80,2.5,160,,1001.5,1009.6,,,4,0,21.6
2025-06-25 23:00,156,광주,20.9,86,3.4,160,,1002.0,1010.1,,,4,4,21.1
2025-06-26 00:00,156,광주,20.6,88,2.3,160,,1002.4,1010.5,,,2,1,20.9
2025-06-26 01:00,156,광주,20.4,87,1.8,160,,1002.7,1010.9,,,8,8,21.1
2025-06-26 02:00,156,광주,20.3,88,2.2,160,,1002.5,1010.7,,,8,8,20.7
2025-06-26 03:00,156,광주,20.2,88,1.4,140,,1002.3,1010.5,,,6,2,20.2
2025-06-26 04:00,156,광주,20.0,87,1.1,160,,1002.3,1010.5,,,4,0,19.8
2025-06-26 05:00,156,광주,19.8,88,2.1,160,,1002.4,1010.6,,,2,0,19.5
2025-06-26 06:00,156,광주,19.9,89,0.6,140,,1002.5,1010.7,0.0,0.08,2,2,20.2
2025-06-26 07:00,156,광주,20.5,86,0.2,0,,1002.3,1010.5,0.0,0.25,3,3,22.2
2025-06-26 08:00,156,광주,21.1,83,0.9,140,,1002.6,1010.7,0.0,0.52,7,7,24.2
2025-06-26 09:00,156,광주,22.6,78,0.9,180,,1002.9,1011.0,0.7,1.54,6,6,30.2
2025-06-26 10:00,156,광주,24.1,73,1.2,180,,1002.6,1010.6,0.8,2.25,2,2,34.7
2025-06-26 11:00,156,광주,25.3,69,0.9,180,,1002.5,1010.5,1.0,2.98,2,2,38.2
2025-06-26 12:00,156,광주,26.9,66,1.7,160,,1002.0,1010.0,1.0,3.42,2,2,40.9
2025-06-26 13:00,156,광주,28.1,60,1.3,140,,1001.7,1009.6,1.0,3.49,2,2,40.8
2025-06-26 14:00,156,광주,29.6,52,1.5,200,,1001.1,1009.0,1.0,3.34,2,2,40.3
2025-06-26 15:00,156,광주,29.5,55,2.0,230,,1001.2,1009.1,1.0,3.09,3,1,39.0
2025-06-26 16:00,156,광주,28.8,56,1.2,230,,1001.1,1009.0,0.6,2.2,8,6,35.5
2025-06-26 17:00,156,광주,28.4,58,2.1,200,,1000.9,1008.8,1.0,1.96,6,3,33.0
2025-06-26 18:00,156,광주,27.0,60,2.2,200,,1001.1,1009.0,0.5,1.03,6,3,29.0
2025-06-26 19:00,156,광주,26.2,61,1.9,200,,1001.3,1009.3,0.4,0.59,6,4,26.8
2025-06-26 20:00,156,광주,25.1,66,1.8,200,,1001.4,1009.4,0.0,0.14,3,0,24.5
2025-06-26 21:00,156,광주,24.3,69,1.3,200,,1001.7,1009.7,,,6,2,23.7
2025-06-26 22:00,156,광주,23.7,73,1.4,200,,1002.1,1010.2,,,8,8,23.0
2025-06-26 23:00,156,광주,23.1,77,0.9,180,,1002.1,1010.2,,,3,0,22.5
2025-06-27 00:00,156,광주,22.7,79,0.8,180,,1002.1,1010.1,,,3,0,22.0
2025-06-27 01:00,156,광주,22.2,79,0.8,160,,1001.8,1009.9,,,8,1,21.6
2025-06-27 02:00,156,광주,22.2,80,0.5,180,,1001.5,1009.6,,,8,1,21.2
2025-06-27 03:00,156,광주,21.8,82,0.4,0,,1001.2,1009.3,,,2,0,20.9
2025-06-27 04:00,156,광주,21.5,84,0.5,360,,1001.3,1009.4,,,0,0,20.7
2025-06-27 05:00,156,광주,20.8,87,0.3,0,,1001.6,1009.7,,,10,5,20.4
2025-06-27 06:00,156,광주,20.9,88,0.9,200,,1002.0,1010.1,0.0,0.13,7,2,21.0
2025-06-27 07:00,156,광주,21.6,87,0.1,0,,1002.1,1010.2,0.4,0.5,5,2,23.1
2025-06-27 08:00,156,광주,23.2,79,0.4,0,,1002.4,1010.5,1.0,1.18,7,0,28.1
2025-06-27 09:00,156,광주,24.9,67,0.3,0,,1002.1,1010.1,1.0,1.77,7,0,32.8
2025-06-27 10:00,156,광주,26.5,66,0.3,0,,1001.8,1009.8,1.0,2.25,8,0,35.1
2025-06-27 11:00,156,광주,27.6,59,0.3,0,,1001.6,1009.5,1.0,2.64,6,0,38.9
2025-06-27 12:00,156,광주,29.2,54,0.6,230,,1001.2,1009.1,1.0,3.25,0,0,43.7
2025-06-27 13:00,156,광주,29.6,55,1.4,140,,1000.8,1008.7,1.0,3.47,0,0,47.0
2025-06-27 14:00,156,광주,31.4,48,1.4,180,,1000.4,1008.2,1.0,3.31,2,0,48.0
2025-06-27 15:00,156,광주,32.3,47,1.0,200,,1000.1,1007.9,1.0,2.91,1,0,47.1
2025-06-27 16:00,156,광주,31.6,43,1.2,110,,999.7,1007.5,1.0,2.6,0,0,42.9
2025-06-27 17:00,156,광주,32.2,46,1.0,200,,999.4,1007.2,1.0,1.95,0,0,38.7
2025-06-27 18:00,156,광주,31.5,50,1.5,160,,999.3,1007.1,1.0,1.29,0,0,34.1
2025-06-27 19:00,156,광주,30.7,58,0.5,160,,999.5,1007.3,0.6,0.61,2,0,30.9
2025-06-27 20:00,156,광주,28.9,74,2.1,200,,1000.1,1008.0,0.3,0.14,0,0,28.7
2025-06-27 21:00,156,광주,27.6,78,1.9,160,,1000.8,1008.7,,,0,0,27.3
2025-06-27 22:00,156,광주,26.8,82,2.0,160,,1001.1,1009.1,,,0,0,26.5
2025-06-27 23:00,156,광주,26.5,84,1.3,160,,1001.1,1009.1,,,0,0,26.0
2025-06-28 00:00,156,광주,25.9,85,1.3,200,,1001.2,1009.2,,,0,0,25.5
2025-06-28 01:00,156,광주,25.5,87,1.9,200,,1001.3,1009.3,,,1,1,25.4
2025-06-28 02:00,156,광주,25.3,87,1.1,200,,1001.0,1009.0,,,6,6,25.6
2025-06-28 03:00,156,광주,25.6,86,0.7,160,,1001.0,1009.0,,,6,6,25.7
2025-06-28 04:00,156,광주,25.4,87,1.0,140,,1000.9,1008.9,,,8,8,25.6
2025-06-28 05:00,156,광주,25.3,86,0.4,0,,1000.8,1008.8,,,8,8,25.6
2025-06-28 06:00,156,광주,25.7,84,0.7,140,,1001.1,1009.1,0.0,0.09,8,8,25.8
2025-06-28 07:00,156,광주,25.8,83,1.0,140,,1001.2,1009.2,0.0,0.18,8,8,26.5
2025-06-28 08:00,156,광주,27.2,78,1.0,160,,1001.2,1009.1,0.1,0.71,8,8,31.1
2025-06-28 09:00,156,광주,27.8,75,1.2,200,,1001.2,1009.1,0.2,1.05,8,8,32.8
2025-06-28 10:00,156,광주,29.0,74,1.7,180,,1000.6,1008.5,0.9,2.43,3,3,41.5
2025-06-28 11:00,156,광주,30.7,67,1.3,180,,1000.2,1008.0,1.0,2.98,4,0,48.1
2025-06-28 12:00,156,광주,31.6,63,2.0,200,,1000.1,1007.9,1.0,3.41,3,1,53.1
2025-06-28 13:00,156,광주,31.7,64,2.1,160,,999.7,1007.5,1.0,3.35,2,2,52.7
2025-06-28 14:00,156,광주,32.5,62,1.9,180,,999.1,1006.9,1.0,3.22,4,4,54.1
2025-06-28 15:00,156,광주,33.8,61,2.1,180,,999.0,1006.7,1.0,3.18,3,3,53.2
2025-06-28 16:00,156,광주,32.9,63,2.8,160,,998.6,1006.4,1.0,2.74,1,1,48.4
2025-06-28 17:00,156,광주,31.5,67,3.1,200,,998.6,1006.4,1.0,2.0,0,0,42.0
2025-06-28 18:00,156,광주,30.3,71,2.7,200,,998.9,1006.7,1.0,1.34,0,0,36.2
2025-06-28 19:00,156,광주,28.5,75,3.0,160,,998.9,1006.8,0.6,0.64,0,0,32.2
2025-06-28 20:00,156,광주,27.4,80,1.7,180,,999.3,1007.2,0.3,0.14,2,0,29.5
2025-06-28 21:00,156,광주,26.9,80,1.7,160,,1000.0,1007.9,,,0,0,28.0
2025-06-28 22:00,156,광주,26.4,82,2.1,160,,1000.0,1008.0,,,0,0,27.2
2025-06-28 23:00,156,광주,25.9,84,1.7,180,,1000.2,1008.2,,,0,0,26.4
2025-06-29 00:00,156,광주,25.3,86,1.6,200,,1000.3,1008.3,,,0,0,25.8
2025-06-29 01:00,156,광주,24.8,87,2.2,160,,1000.2,1008.2,,,0,0,25.6
2025-06-29 02:00,156,광주,24.8,87,1.2,180,,1000.1,1008.1,,,0,0,25.2
2025-06-29 03:00,156,광주,24.9,86,1.0,160,,1000.3,1008.3,,,7,7,25.7
2025-06-29 04:00,156,광주,25.0,85,1.7,160,,1000.4,1008.4,,,6,6,25.4
2025-06-29 05:00,156,광주,25.2,84,0.9,160,,1000.6,1008.6,,,8,8,25.6
2025-06-29 06:00,156,광주,25.5,83,1.1,50,,1000.8,1008.8,0.0,0.09,6,6,26.0
2025-06-29 07:00,156,광주,25.4,83,1.5,140,,1001.0,1009.0,0.6,0.52,2,2,25.8
2025-06-29 08:00,156,광주,26.4,76,1.5,160,,1001.3,1009.3,0.8,1.08,0,0,30.2
2025-06-29 09:00,156,광주,28.3,71,0.9,160,,1001.2,1009.1,1.0,2.0,0,0,41.0
2025-06-29 10:00,156,광주,29.2,67,1.8,160,,1001.4,1009.3,1.0,2.7,0,0,48.5
2025-06-29 11:00,156,광주,30.3,64,2.6,200,,1001.3,1009.2,1.0,3.11,2,0,53.1
2025-06-29 12:00,156,광주,31.4,65,2.1,160,,1001.1,1008.9,1.0,3.15,2,2,54.9
2025-06-29 13:00,156,광주,32.3,56,2.4,200,,1000.6,1008.4,1.0,3.6,2,2,59.0
2025-06-29 14:00,156,광주,33.0,61,2.2,200,,1000.2,1008.0,1.0,3.58,2,2,57.8
2025-06-29 15:00,156,광주,32.8,55,2.6,180,,1000.3,1008.1,1.0,3.21,0,0,55.1
2025-06-29 16:00,156,광주,32.0,58,3.0,180,,1000.4,1008.2,1.0,2.78,0,0,49.0
2025-06-29 17:00,156,광주,31.6,58,2.7,200,,1000.3,1008.1,1.0,2.15,0,0,42.2
2025-06-29 18:00,156,광주,30.7,61,2.1,180,,1000.2,1008.0,1.0,1.43,0,0,36.5
2025-06-29 19:00,156,광주,30.0,64,2.2,200,,1000.6,1008.5,0.6,0.72,0,0,32.4
2025-06-29 20:00,156,광주,28.7,69,1.8,200,,1000.8,1008.7,0.4,0.16,0,0,29.8
2025-06-29 21:00,156,광주,27.8,73,2.3,160,,1001.4,1009.3,,,0,0,28.3
2025-06-29 22:00,156,광주,27.1,78,1.9,160,,1002.0,1010.0,,,0,0,27.5
2025-06-29 23:00,156,광주,26.6,81,1.9,160,,1002.4,1010.4,,,0,0,26.9
2025-06-30 00:00,156,광주,26.2,84,0.6,180,,1002.6,1010.6,,,0,0,26.4
2025-06-30 01:00,156,광주,26.1,84,0.1,0,,1002.7,1010.7,,,0,0,26.0
2025-06-30 02:00,156,광주,26.1,85,0.5,360,,1002.7,1010.7,,,0,0,25.6
2025-06-30 03:00,156,광주,25.4,87,0.6,70,,1002.3,1010.3,,,0,0,25.2
2025-06-30 04:00,156,광주,25.8,85,0.6,180,,1002.7,1010.7,,,0,0,24.8
2025-06-30 05:00,156,광주,25.2,88,0.2,0,,1002.9,1010.9,,,0,0,24.6
2025-06-30 06:00,156,광주,24.6,87,0.1,0,,1003.5,1011.5,0.0,0.1,0,0,24.8
2025-06-30 07:00,156,광주,25.6,86,0.5,90,,1003.8,1011.8,1.0,0.6,0,0,25.5
2025-06-30 08:00,156,광주,27.8,76,0.6,180,,1003.9,1011.8,1.0,1.3,0,0,33.8
2025-06-30 09:00,156,광주,28.8,69,1.5,180,,1003.9,1011.8,1.0,1.94,5,5,40.8
2025-06-30 10:00,156,광주,30.3,65,2.3,180,,1003.9,1011.8,1.0,2.77,3,3,52.6
2025-06-30 11:00,156,광주,30.3,67,1.7,230,,1003.9,1011.8,0.8,2.07,4,4,47.4
2025-06-30 12:00,156,광주,31.8,64,2.1,200,,1003.8,1011.6,0.7,2.58,4,4,55.1
2025-06-30 13:00,156,광주,32.7,61,1.7,180,,1003.6,1011.4,1.0,3.52,7,5,59.1
2025-06-30 14:00,156,광주,33.5,62,2.4,160,,1003.1,1010.9,0.9,3.22,7,7,58.9
2025-06-30 15:00,156,광주,33.5,58,2.6,200,,1003.0,1010.8,0.9,2.72,6,6,56.0
2025-06-30 16:00,156,광주,33.2,53,2.6,200,,1002.8,1010.6,1.0,2.94,6,6,50.4
2025-06-30 17:00,156,광주,32.9,58,2.7,200,,1002.7,1010.5,1.0,2.19,6,6,43.5
2025-06-30 18:00,156,광주,32.2,59,2.5,200,,1002.8,1010.6,1.0,1.5,5,5,38.2
2025-06-30 19:00,156,광주,30.7,63,2.2,200,,1003.0,1010.9,0.6,0.7,3,1,33.3
2025-06-30 20:00,156,광주,29.4,66,1.8,200,,1003.3,1011.2,0.4,0.16,0,0,30.5
2025-06-30 21:00,156,광주,28.6,73,1.3,180,,1003.8,1011.7,,,4,4,29.1
2025-06-30 22:00,156,광주,28.3,77,2.2,160,,1004.4,1012.3,,,0,0,28.1
2025-06-30 23:00,156,광주,27.1,81,0.9,90,,1004.4,1012.4,,,0,0,27.5
2025-06-01 00:00,168,여수,18.2,85,0.4,0,,1003.1,1010.8,,,8,0,17.5
2025-06-01 01:00,168,여수,18.1,86,2.9,70,,1002.8,1010.5,,,7,0,17.9
2025-06-01 02:00,168,여수,17.7,89,0.1,0,,1003.2,1010.9,,,7,0,16.6
2025-06-01 03:00,168,여수,17.2,88,0.0,0,,1003.0,1010.8,,,6,0,15.4
2025-06-01 04:00,168,여수,17.1,89,0.3,0,,1003.1,1010.9,,,4,0,15.0
2025-06-01 05:00,168,여수,16.9,90,2.1,90,,1003.2,1011.0,,,0,0,15.6
2025-06-01 06:00,168,여수,16.8,90,1.8,90,,1003.7,1011.5,0.0,0.05,0,0,16.5
2025-06-01 07:00,168,여수,17.3,89,0.1,0,,1004.2,1012.0,0.7,0.44,0,0,19.1
2025-06-01 08:00,168,여수,18.3,89,1.2,230,,1004.2,1011.9,0.8,1.03,0,0,25.8
2025-06-01 09:00,168,여수,20.1,81,1.2,180,,1004.1,1011.8,1.0,1.58,0,0,35.8
2025-06-01 10:00,168,여수,21.7,76,2.0,230,,1003.7,1011.3,1.0,2.49,0,0,43.8
2025-06-01 11:00,168,여수,23.0,65,2.6,200,,1003.4,1011.0,1.0,3.03,0,0,51.2
2025-06-01 12:00,168,여수,23.9,65,3.2,230,,1003.4,1011.0,1.0,3.36,0,0,53.9
2025-06-01 13:00,168,여수,24.4,61,3.0,230,,1002.8,1010.3,1.0,3.5,5,0,52.9
2025-06-01 14:00,168,여수,24.2,60,3.1,200,,1002.5,1010.0,1.0,2.7,6,0,50.0
2025-06-01 15:00,168,여수,24.3,62,2.4,230,,1002.1,1009.6,1.0,3.08,0,0,50.5
2025-06-01 16:00,168,여수,24.0,63,2.7,230,,1001.6,1009.1,1.0,2.41,5,0,45.1
2025-06-01 17:00,168,여수,24.0,63,1.4,230,,1001.1,1008.6,1.0,1.91,6,0,41.5
2025-06-01 18:00,168,여수,23.0,64,2.4,230,,1001.1,1008.7,0.9,1.03,7,0,31.6
2025-06-01 19:00,168,여수,21.9,67,1.8,250,,1001.4,1009.0,0.3,0.38,5,0,25.9
2025-06-01 20:00,168,여수,20.9,71,3.1,250,,1001.5,1009.1,0.1,0.06,0,0,22.2
2025-06-01 21:00,168,여수,19.9,76,2.6,250,,1001.5,1009.2,,,7,0,20.7
2025-06-01 22:00,168,여수,19.4,78,2.8,250,,1001.7,1009.4,,,7,0,20.0
2025-06-01 23:00,168,여수,19.0,79,1.2,270,,1001.4,1009.1,,,8,0,18.9
2025-06-02 00:00,168,여수,18.6,77,1.1,270,,1000.7,1008.3,,,9,0,19.0
2025-06-02 01:00,168,여수,18.4,82,0.3,0,,1000.2,1007.9,,,8,3,18.4
2025-06-02 02:00,168,여수,18.3,79,0.3,0,,999.7,1007.4,,,10,6,18.7
2025-06-02 03:00,168,여수,18.1,79,0.3,0,,999.6,1007.3,,,9,6,19.1
2025-06-02 04:00,168,여수,18.1,80,0.1,0,,999.0,1006.7,,,9,4,19.1
2025-06-02 05:00,168,여수,18.0,79,0.9,90,,998.6,1006.3,,,9,8,19.0
2025-06-02 06:00,168,여수,18.0,79,1.3,90,,998.6,1006.3,0.0,0.02,9,5,19.6
2025-06-02 07:00,168,여수,18.3,79,1.5,90,,998.8,1006.5,0.0,0.15,9,4,21.1
2025-06-02 08:00,168,여수,18.6,83,1.1,110,0.0,999.0,1006.7,0.0,0.3,10,3,23.4
2025-06-02 09:00,168,여수,18.7,81,2.4,140,0.0,998.9,1006.6,0.0,0.49,10,2,24.0
2025-06-02 10:00,168,여수,19.3,82,0.2,0,0.0,999.0,1006.7,0.0,0.6,10,10,26.0
2025-06-02 11:00,168,여수,19.5,84,1.8,110,0.0,999.2,1006.9,0.0,0.76,10,10,27.2
2025-06-02 12:00,168,여수,19.5,82,2.0,90,0.2,998.2,1005.8,0.0,0.9,10,5,26.7
2025-06-02 13:00,168,여수,19.7,77,1.6,50,0.4,997.8,1005.4,0.0,1.36,10,3,27.9
2025-06-02 14:00,168,여수,19.6,82,1.7,50,0.1,997.3,1004.9,0.0,0.89,10,5,25.6
2025-06-02 15:00,168,여수,18.8,78,3.1,70,0.1,996.6,1004.3,0.0,0.84,10,4,24.0
2025-06-02 16:00,168,여수,17.3,88,4.4,90,0.0,995.7,1003.4,0.0,0.48,10,5,21.0
2025-06-02 17:00,168,여수,16.4,91,6.6,90,1.4,995.3,1003.0,0.0,0.28,10,6,19.1
2025-06-02 18:00,168,여수,16.4,92,5.4,90,1.2,994.6,1002.3,0.0,0.21,10,5,19.1
2025-06-02 19:00,168,여수,16.3,90,4.5,90,1.1,994.1,1001.8,0.0,0.1,10,4,18.4
2025-06-02 20:00,168,여수,16.4,91,6.6,90,0.6,994.1,1001.8,0.0,0.02,10,9,17.8
2025-06-02 21:00,168,여수,16.2,94,4.6,90,1.5,994.1,1001.8,,,10,9,17.7
2025-06-02 22:00,168,여수,16.2,94,4.1,50,2.2,994.2,1001.9,,,10,9,17.7
2025-06-02 23:00,168,여수,16.1,94,4.0,70,1.2,993.5,1001.2,,,10,9,17.6
2025-06-03 00:00,168,여수,16.2,93,4.5,50,0.2,992.7,1000.4,,,10,7,17.6
2025-06-03 01:00,168,여수,16.3,91,4.7,50,0.0,992.0,999.7,,,10,4,17.5
2025-06-03 02:00,168,여수,16.6,89,3.2,50,0.0,991.5,999.2,,,10,4,17.6
2025-06-03 03:00,168,여수,16.9,87,2.5,50,,991.2,998.9,,,10,4,17.6
2025-06-03 04:00,168,여수,17.0,87,2.1,50,,991.0,998.7,,,10,10,17.6
2025-06-03 05:00,168,여수,16.9,89,2.1,20,,991.3,999.0,,,10,8,17.8
2025-06-03 06:00,168,여수,16.9,89,3.5,340,,991.8,999.5,0.0,0.02,9,0,17.9
2025-06-03 07:00,168,여수,17.4,86,3.3,340,,992.2,999.9,0.1,0.27,6,0,18.2
2025-06-03 08:00,168,여수,18.4,83,2.4,320,,992.3,999.9,0.9,1.17,0,0,23.0
2025-06-03 09:00,168,여수,20.4,74,2.8,340,,992.7,1000.3,1.0,1.63,0,0,28.6
2025-06-03 10:00,168,여수,22.1,67,3.8,340,,992.6,1000.1,1.0,2.55,0,0,32.7
2025-06-03 11:00,168,여수,23.7,61,3.5,340,,992.4,999.9,1.0,3.18,0,0,36.5
2025-06-03 12:00,168,여수,24.5,54,4.4,20,,992.4,999.9,0.9,3.25,0,0,37.2
2025-06-03 13:00,168,여수,25.1,50,7.1,320,,992.3,999.7,1.0,3.59,0,0,34.9
2025-06-03 14:00,168,여수,25.8,46,6.2,360,,991.9,999.3,1.0,3.38,2,2,35.8
2025-06-03 15:00,168,여수,26.7,40,6.0,320,,991.8,999.2,0.9,3.08,3,3,35.3
2025-06-03 16:00,168,여수,26.5,42,4.7,320,,991.5,998.9,0.7,2.15,0,0,34.3
2025-06-03 17:00,168,여수,26.3,41,5.7,320,,991.8,999.2,1.0,2.07,0,0,31.4
2025-06-03 18:00,168,여수,25.2,35,8.1,340,,992.5,999.9,1.0,1.34,0,0,25.0
2025-06-03 19:00,168,여수,24.0,40,5.3,340,,993.4,1000.9,1.0,0.61,0,0,20.9
2025-06-03 20:00,168,여수,22.7,34,4.9,20,,994.4,1001.9,0.2,0.06,0,0,18.3
2025-06-03 21:00,168,여수,21.8,34,2.3,340,,995.0,1002.6,,,7,0,17.8
2025-06-03 22:00,168,여수,21.3,34,2.2,290,,995.8,1003.4,,,8,6,16.8
2025-06-03 23:00,168,여수,20.7,37,2.9,290,,996.3,1003.9,,,8,5,16.6
2025-06-04 00:00,168,여수,20.2,35,2.7,290,,996.4,1004.0,,,7,0,16.0
2025-06-04 01:00,168,여수,19.3,50,2.0,270,,996.5,1004.1,,,6,3,15.2
2025-06-04 02:00,168,여수,18.6,53,2.4,320,,996.5,1004.2,,,0,0,14.7
2025-06-04 03:00,168,여수,17.9,58,2.6,320,,996.8,1004.5,,,0,0,14.4
2025-06-04 04:00,168,여수,17.8,59,4.0,290,,997.3,1005.0,,,0,0,14.2
2025-06-04 05:00,168,여수,17.3,58,4.4,290,,998.0,1005.7,,,0,0,13.9
2025-06-04 06:00,168,여수,17.2,60,3.2,290,,998.5,1006.2,0.4,0.07,0,0,14.4
2025-06-04 07:00,168,여수,18.1,55,3.5,320,,998.8,1006.5,0.9,0.58,0,0,15.9
2025-06-04 08:00,168,여수,19.0,54,4.8,320,,999.2,1006.9,0.9,1.29,0,0,21.3
2025-06-04 09:00,168,여수,21.0,43,5.4,270,,999.2,1006.8,1.0,1.69,0,0,28.1
2025-06-04 10:00,168,여수,21.9,51,5.2,250,,999.0,1006.6,1.0,2.78,0,0,34.4
2025-06-04 11:00,168,여수,22.7,50,4.8,230,,998.8,1006.4,1.0,3.31,0,0,41.0
2025-06-04 12:00,168,여수,23.2,46,4.8,230,,998.1,1005.6,1.0,3.63,0,0,45.0
2025-06-04 13:00,168,여수,23.6,46,6.0,230,,997.4,1004.9,1.0,3.71,0,0,47.3
2025-06-04 14:00,168,여수,25.1,47,7.2,230,,996.7,1004.2,1.0,3.57,0,0,46.9
2025-06-04 15:00,168,여수,27.6,26,6.9,290,,996.3,1003.7,1.0,3.26,0,0,46.9
2025-06-04 16:00,168,여수,27.8,20,8.2,340,,996.4,1003.8,1.0,2.78,0,0,44.4
2025-06-04 17:00,168,여수,27.0,18,10.1,320,,996.9,1004.3,1.0,2.12,0,0,38.3
2025-06-04 18:00,168,여수,26.5,17,8.3,340,,997.5,1004.9,1.0,1.37,0,0,30.6
2025-06-04 19:00,168,여수,25.4,18,7.5,340,,998.3,1005.8,1.0,0.63,0,0,24.8
2025-06-04 20:00,168,여수,24.2,19,9.7,320,,999.3,1006.8,0.2,0.06,0,0,22.3
2025-06-04 21:00,168,여수,23.3,24,8.0,320,,1000.2,1007.8,,,0,0,21.3
2025-06-04 22:00,168,여수,22.0,29,3.0,340,,1001.3,1008.9,,,0,0,19.4
2025-06-04 23:00,168,여수,21.1,33,4.4,320,,1001.9,1009.5,,,0,0,18.4
2025-06-05 00:00,168,여수,20.0,38,2.1,270,,1002.1,1009.8,,,0,0,17.1
2025-06-05 01:00,168,여수,19.5,40,3.7,290,,1002.4,1010.1,,,0,0,16.5
2025-06-05 02:00,168,여수,18.7,43,2.5,320,,1002.6,1010.3,,,0,0,15.8
2025-06-05 03:00,168,여수,18.8,44,4.5,340,,1002.8,1010.5,,,0,0,15.9
2025-06-05 04:00,168,여수,18.5,46,2.1,360,,1003.5,1011.2,,,0,0,15.3
2025-06-05 05:00,168,여수,17.8,47,0.9,320,,1003.9,1011.6,,,0,0,14.2
2025-06-05 06:00,168,여수,16.9,54,0.7,270,,1004.5,1012.3,0.5,0.07,0,0,14.3
2025-06-05 07:00,168,여수,17.7,53,0.1,0,,1005.0,1012.8,0.9,0.62,0,0,16.1
2025-06-05 08:00,168,여수,18.5,54,2.3,230,,1005.3,1013.0,0.9,1.37,0,0,23.5
2025-06-05 09:00,168,여수,20.5,49,2.9,200,,1005.5,1013.2,1.0,1.71,0,0,34.0
2025-06-05 10:00,168,여수,22.1,47,3.4,200,,1005.6,1013.2,1.0,2.81,0,0,41.4
2025-06-05 11:00,168,여수,23.1,43,4.2,230,,1004.9,1012.5,1.0,3.33,0,0,47.4
2025-06-05 12:00,168,여수,25.0,42,2.1,230,,1004.5,1012.0,1.0,3.66,0,0,54.3
2025-06-05 13:00,168,여수,25.4,39,6.1,250,,1004.1,1011.6,1.0,3.65,5,0,51.9
2025-06-05 14:00,168,여수,25.4,40,5.5,230,,1003.7,1011.2,1.0,3.57,7,0,49.6
2025-06-05 15:00,168,여수,24.6,41,4.2,230,,1003.4,1010.9,1.0,2.88,7,0,43.3
2025-06-05 16:00,168,여수,24.3,46,2.6,230,,1003.1,1010.6,0.8,1.92,9,0,41.2
2025-06-05 17:00,168,여수,23.5,50,3.0,230,,1002.8,1010.4,0.7,1.5,8,0,39.0
2025-06-05 18:00,168,여수,23.2,47,3.3,230,,1002.8,1010.4,0.9,1.21,6,0,32.3
2025-06-05 19:00,168,여수,22.1,50,3.8,250,,1003.3,1010.9,0.6,0.42,4,0,26.1
2025-06-05 20:00,168,여수,21.0,54,4.5,250,,1003.6,1011.2,0.0,0.06,2,0,22.0
2025-06-05 21:00,168,여수,20.3,60,4.3,250,,1004.2,1011.9,,,5,0,20.8
2025-06-05 22:00,168,여수,19.9,62,4.5,250,,1004.2,1011.9,,,6,2,19.8
2025-06-05 23:00,168,여수,19.7,60,4.5,270,,1004.0,1011.7,,,6,6,18.9
2025-06-06 00:00,168,여수,19.1,67,2.6,250,,1003.9,1011.5,,,3,0,18.0
2025-06-06 01:00,168,여수,18.8,75,1.7,230,,1003.5,1011.2,,,8,6,18.0
2025-06-06 02:00,168,여수,18.8,75,2.9,250,,1003.4,1011.1,,,7,5,17.9
2025-06-06 03:00,168,여수,18.6,73,2.0,230,,1002.8,1010.5,,,7,0,18.2
2025-06-06 04:00,168,여수,18.8,65,1.6,250,,1002.9,1010.6,,,8,0,17.7
2025-06-06 05:00,168,여수,18.7,64,2.6,250,,1003.1,1010.8,,,7,0,17.3
2025-06-06 06:00,168,여수,18.7,63,0.6,230,,1003.5,1011.2,0.0,0.03,7,0,17.9
2025-06-06 07:00,168,여수,18.7,69,0.0,0,,1003.5,1011.2,0.0,0.2,7,0,19.6
2025-06-06 08:00,168,여수,19.5,72,2.0,250,,1003.8,1011.5,0.1,0.66,8,0,24.9
2025-06-06 09:00,168,여수,21.0,59,2.4,230,,1003.9,1011.5,0.5,1.35,8,0,34.1
2025-06-06 10:00,168,여수,21.7,45,3.2,230,,1003.9,1011.5,0.3,1.79,9,0,31.1
2025-06-06 11:00,168,여수,22.9,46,3.4,230,,1003.9,1011.5,0.6,2.39,8,0,42.3
2025-06-06 12:00,168,여수,23.5,47,3.3,230,,1003.5,1011.1,0.4,2.05,9,0,47.9
2025-06-06 13:00,168,여수,23.3,47,3.0,230,,1003.3,1010.9,0.1,1.64,9,0,37.8
2025-06-06 14:00,168,여수,23.7,45,3.1,250,,1003.0,1010.6,0.1,1.45,9,0,38.7
2025-06-06 15:00,168,여수,22.8,50,1.8,230,,1003.0,1010.6,0.0,0.78,9,0,29.5
2025-06-06 16:00,168,여수,22.5,47,1.3,250,,1002.7,1010.3,0.0,0.64,9,0,30.1
2025-06-06 17:00,168,여수,22.1,54,2.9,250,,1002.5,1010.1,0.0,0.39,9,0,28.3
2025-06-06 18:00,168,여수,22.0,53,0.0,0,,1001.9,1009.5,0.0,0.52,9,0,26.3
2025-06-06 19:00,168,여수,21.7,54,0.5,230,,1002.4,1010.0,0.0,0.2,9,0,24.4
2025-06-06 20:00,168,여수,21.1,55,1.3,50,,1002.7,1010.3,0.0,0.04,6,3,21.4
2025-06-06 21:00,168,여수,20.7,64,0.4,0,,1003.2,1010.8,,,9,6,21.5
2025-06-06 22:00,168,여수,20.4,67,0.6,320,,1003.5,1011.2,,,10,10,21.0
2025-06-06 23:00,168,여수,19.8,64,0.1,0,,1003.4,1011.1,,,7,7,18.3
2025-06-07 00:00,168,여수,18.9,65,1.1,270,,1003.2,1010.8,,,7,0,17.3
2025-06-07 01:00,168,여수,18.6,71,0.0,0,,1003.0,1010.7,,,7,2,17.3
2025-06-07 02:00,168,여수,18.5,75,0.5,50,,1002.9,1010.6,,,7,5,17.7
2025-06-07 03:00,168,여수,18.6,77,0.0,0,,1002.8,1010.5,,,8,8,17.3
2025-06-07 04:00,168,여수,18.2,82,0.1,0,,1002.8,1010.5,,,9,9,16.9
2025-06-07 05:00,168,여수,18.1,84,0.6,50,,1002.6,1010.3,,,9,0,17.4
2025-06-07 06:00,168,여수,18.2,83,0.2,0,,1002.6,1010.3,0.0,0.04,9,0,18.1
2025-06-07 07:00,168,여수,18.8,83,0.4,0,,1002.6,1010.3,0.2,0.36,6,0,19.9
2025-06-07 08:00,168,여수,19.7,80,1.2,90,,1002.5,1010.2,0.7,1.09,4,0,27.0
2025-06-07 09:00,168,여수,22.0,71,1.9,200,,1002.6,1010.2,1.0,1.68,4,0,37.3
2025-06-07 10:00,168,여수,23.2,66,2.5,230,,1003.1,1010.7,1.0,2.64,4,0,43.3
2025-06-07 11:00,168,여수,24.4,57,3.7,230,,1003.2,1010.7,0.9,3.1,4,0,52.2
2025-06-07 12:00,168,여수,24.9,46,4.2,200,,1002.5,1010.0,1.0,3.53,5,0,51.7
2025-06-07 13:00,168,여수,25.4,51,3.6,230,,1002.2,1009.7,1.0,3.07,5,0,53.9
2025-06-07 14:00,168,여수,24.6,54,4.5,230,,1002.0,1009.5,1.0,2.92,5,0,46.2
2025-06-07 15:00,168,여수,24.6,57,4.0,230,,1001.8,1009.3,1.0,2.54,6,0,42.1
2025-06-07 16:00,168,여수,24.6,58,3.7,250,,1001.2,1008.7,0.8,2.04,6,0,41.6
2025-06-07 17:00,168,여수,23.6,61,2.5,230,,1001.5,1009.1,0.3,1.16,8,0,33.3
2025-06-07 18:00,168,여수,23.1,70,2.5,230,,1001.3,1008.9,0.1,0.69,8,0,30.5
2025-06-07 19:00,168,여수,22.5,79,3.1,250,,1001.6,1009.2,0.0,0.29,10,0,26.9
2025-06-07 20:00,168,여수,21.9,82,2.8,230,,1001.8,1009.4,0.0,0.03,10,8,25.8
2025-06-07 21:00,168,여수,21.5,85,2.9,250,,1002.2,1009.8,,,9,4,24.7
2025-06-07 22:00,168,여수,21.3,88,3.0,230,,1002.6,1010.2,,,10,10,24.2
2025-06-07 23:00,168,여수,21.1,89,1.6,230,,1002.5,1010.1,,,10,0,23.3
2025-06-08 00:00,168,여수,20.8,91,1.3,230,,1002.5,1010.1,,,9,0,22.8
2025-06-08 01:00,168,여수,20.8,91,1.6,230,,1002.1,1009.7,,,10,9,22.5
2025-06-08 02:00,168,여수,20.7,92,1.0,200,,1001.5,1009.1,,,10,1,22.4
2025-06-08 03:00,168,여수,20.7,92,0.3,0,,1000.8,1008.4,,,9,4,22.0
2025-06-08 04:00,168,여수,20.8,91,0.7,360,,1000.8,1008.4,,,9,0,21.9
2025-06-08 05:00,168,여수,20.6,90,0.4,0,,1001.1,1008.7,,,9,0,21.3
2025-06-08 06:00,168,여수,20.6,92,1.4,50,,1001.0,1008.6,0.0,0.04,9,0,22.4
2025-06-08 07:00,168,여수,20.7,93,1.7,70,,1001.6,1009.2,0.0,0.22,9,0,24.4
2025-06-08 08:00,168,여수,20.5,94,1.3,90,,1001.7,1009.3,0.0,0.48,10,10,26.1
2025-06-08 09:00,168,여수,20.9,93,0.6,90,,1002.0,1009.6,0.0,0.26,9,8,25.0
2025-06-08 10:00,168,여수,21.3,92,1.9,110,,1002.0,1009.6,0.0,0.53,9,8,29.7
2025-06-08 11:00,168,여수,21.8,89,1.5,140,,1002.5,1010.1,0.0,0.81,9,2,28.4
2025-06-08 12:00,168,여수,22.5,85,1.7,140,,1002.1,1009.7,0.1,1.81,8,3,37.0
2025-06-08 13:00,168,여수,23.7,82,1.9,140,,1001.1,1008.6,0.5,2.44,7,2,49.1
2025-06-08 14:00,168,여수,24.8,79,1.2,180,,1001.0,1008.5,1.0,3.09,7,0,48.6
2025-06-08 15:00,168,여수,24.6,76,4.3,250,,1001.0,1008.5,0.2,2.21,9,3,45.1
2025-06-08 16:00,168,여수,24.2,78,2.3,140,,1000.8,1008.3,0.8,2.39,7,2,46.0
2025-06-08 17:00,168,여수,23.9,78,1.5,230,,1000.9,1008.4,0.4,1.51,6,4,38.4
2025-06-08 18:00,168,여수,23.1,79,2.3,250,,1001.1,1008.7,0.0,0.61,2,2,31.2
2025-06-08 19:00,168,여수,22.4,81,2.5,230,,1001.5,1009.1,0.8,0.46,8,3,28.2
2025-06-08 20:00,168,여수,21.5,84,1.0,230,,1001.5,1009.1,0.1,0.12,7,0,24.4
2025-06-08 21:00,168,여수,21.2,87,2.1,250,,1002.0,1009.6,,,8,0,23.0
2025-06-08 22:00,168,여수,20.7,87,1.5,250,,1002.5,1010.1,,,0,0,21.9
2025-06-08 23:00,168,여수,20.4,87,0.0,0,,1002.6,1010.3,,,0,0,20.7
2025-06-09 00:00,168,여수,20.0,88,0.6,230,,1002.6,1010.3,,,0,0,19.9
2025-06-09 01:00,168,여수,19.7,89,1.3,270,,1002.2,1009.9,,,6,0,19.7
2025-06-09 02:00,168,여수,19.6,90,0.9,270,,1001.8,1009.5,,,0,0,19.4
2025-06-09 03:00,168,여수,19.3,89,0.5,250,,1001.7,1009.4,,,8,0,19.0
2025-06-09 04:00,168,여수,19.2,90,0.5,200,,1000.7,1008.4,,,8,0,19.4
2025-06-09 05:00,168,여수,19.2,92,1.9,70,,1000.5,1008.2,,,8,0,19.8
2025-06-09 06:00,168,여수,19.2,91,1.6,250,,1000.8,1008.5,0.0,0.01,9,0,20.5
2025-06-09 07:00,168,여수,19.4,90,2.4,70,,1000.4,1008.1,0.0,0.06,9,0,21.0
2025-06-09 08:00,168,여수,19.9,85,3.2,70,,1001.0,1008.7,0.0,0.25,9,0,23.1
2025-06-09 09:00,168,여수,20.6,82,1.2,140,,1001.1,1008.7,0.0,0.43,9,0,25.7
2025-06-09 10:00,168,여수,22.4,75,1.6,160,,1000.9,1008.5,0.2,1.5,8,0,37.2
2025-06-09 11:00,168,여수,24.1,66,1.9,160,,1001.1,1008.6,0.3,1.97,8,0,43.4
2025-06-09 12:00,168,여수,24.5,65,1.4,140,,1001.1,1008.6,0.1,2.13,9,0,46.2
2025-06-09 13:00,168,여수,24.4,64,1.6,200,,1000.6,1008.1,0.2,1.87,9,0,38.6
2025-06-09 14:00,168,여수,24.5,67,1.2,230,,1000.1,1007.6,0.0,1.09,9,0,39.0
2025-06-09 15:00,168,여수,24.9,62,2.0,230,,999.6,1007.1,0.1,1.68,9,0,40.8
2025-06-09 16:00,168,여수,24.9,64,1.4,230,,998.9,1006.4,0.0,1.42,9,0,37.9
2025-06-09 17:00,168,여수,25.2,64,0.2,0,,998.7,1006.2,0.0,1.01,9,0,35.9
2025-06-09 18:00,168,여수,24.2,70,2.0,230,,998.8,1006.3,0.5,0.94,9,0,31.9
2025-06-09 19:00,168,여수,23.9,66,1.5,230,,999.0,1006.5,0.9,0.71,7,0,27.8
2025-06-09 20:00,168,여수,22.0,78,2.0,50,,999.3,1006.9,0.1,0.06,0,0,23.3
2025-06-09 21:00,168,여수,20.5,84,1.7,110,,999.4,1007.0,,,0,0,21.6
2025-06-09 22:00,168,여수,20.1,87,1.2,90,,999.9,1007.5,,,0,0,20.6
2025-06-09 23:00,168,여수,19.9,87,1.4,110,,999.9,1007.5,,,0,0,20.0
2025-06-10 00:00,168,여수,19.7,89,1.3,50,,1000.2,1007.8,,,0,0,19.6
2025-06-10 01:00,168,여수,19.4,92,1.1,90,,1000.4,1008.1,,,2,0,19.3
2025-06-10 02:00,168,여수,19.0,91,0.6,20,,1000.0,1007.7,,,2,0,18.2
2025-06-10 03:00,168,여수,18.8,92,0.6,70,,999.2,1006.9,,,0,0,18.0
2025-06-10 04:00,168,여수,18.5,94,0.9,70,,998.4,1006.1,,,0,0,18.4
2025-06-10 05:00,168,여수,18.4,93,0.6,230,,998.6,1006.3,,,0,0,18.1
2025-06-10 06:00,168,여수,18.6,94,2.2,250,,998.9,1006.6,0.0,0.08,6,0,20.2
2025-06-10 07:00,168,여수,19.5,93,0.4,0,,998.9,1006.6,0.3,0.4,3,0,23.1
2025-06-10 08:00,168,여수,20.4,88,0.9,180,,999.2,1006.8,0.9,1.12,5,0,29.2
2025-06-10 09:00,168,여수,21.9,83,1.5,200,,999.6,1007.2,0.6,1.46,7,0,35.2
2025-06-10 10:00,168,여수,23.1,77,2.4,230,,999.6,1007.2,1.0,2.64,7,0,45.6
2025-06-10 11:00,168,여수,23.1,78,2.5,230,,999.6,1007.2,0.8,2.63,4,0,48.0
2025-06-10 12:00,168,여수,23.8,75,3.5,230,,1000.1,1007.6,1.0,3.24,5,0,56.1
2025-06-10 13:00,168,여수,24.0,72,3.3,250,,999.5,1007.0,0.2,2.16,9,0,46.7
2025-06-10 14:00,168,여수,24.3,71,4.4,250,,999.7,1007.2,0.3,1.95,9,0,37.6
2025-06-10 15:00,168,여수,23.3,76,3.7,250,,999.0,1006.5,0.0,0.94,9,0,32.9
2025-06-10 16:00,168,여수,23.0,76,3.7,230,,998.9,1006.4,0.0,0.72,9,0,31.4
2025-06-10 17:00,168,여수,23.4,78,2.7,230,,998.6,1006.1,0.1,0.82,9,0,36.8
2025-06-10 18:00,168,여수,23.4,76,4.6,250,,999.1,1006.6,0.5,1.04,7,0,31.3
2025-06-10 19:00,168,여수,22.9,79,3.2,250,,999.7,1007.3,0.0,0.25,10,0,27.3
2025-06-10 20:00,168,여수,22.8,73,3.6,230,,1000.1,1007.7,0.0,0.03,10,1,25.0
2025-06-10 21:00,168,여수,24.0,63,4.5,290,,1000.3,1007.8,,,9,0,24.7
2025-06-10 22:00,168,여수,23.8,62,4.6,290,,1000.7,1008.2,,,10,6,24.2
2025-06-10 23:00,168,여수,23.6,60,2.5,320,,1001.0,1008.5,,,10,5,23.8
2025-06-11 00:00,168,여수,23.1,64,3.5,320,,1001.0,1008.5,,,9,0,23.4
2025-06-11 01:00,168,여수,22.6,68,3.5,320,,1001.0,1008.6,,,10,3,23.1
2025-06-11 02:00,168,여수,22.0,69,4.8,320,,1000.8,1008.4,,,10,4,22.5
2025-06-11 03:00,168,여수,21.4,68,3.8,320,,1000.7,1008.3,,,9,0,21.3
2025-06-11 04:00,168,여수,20.8,65,2.1,320,,1001.1,1008.7,,,9,0,20.6
2025-06-11 05:00,168,여수,20.4,58,5.8,340,,1001.1,1008.7,,,9,0,20.2
2025-06-11 06:00,168,여수,20.0,56,4.4,320,,1002.1,1009.8,0.0,0.02,9,0,20.4
2025-06-11 07:00,168,여수,20.2,56,3.5,340,,1002.8,1010.5,0.0,0.29,7,0,23.1
2025-06-11 08:00,168,여수,20.7,57,1.4,200,,1003.3,1011.0,0.6,1.07,6,0,30.7
2025-06-11 09:00,168,여수,22.2,55,1.5,230,,1003.9,1011.5,1.0,1.59,7,0,34.6
2025-06-11 10:00,168,여수,24.2,49,1.8,110,,1004.4,1012.0,1.0,2.4,7,0,46.4
2025-06-11 11:00,168,여수,25.0,44,2.2,110,,1004.5,1012.0,1.0,3.0,8,0,50.5
2025-06-11 12:00,168,여수,26.2,45,3.1,230,,1004.5,1012.0,1.0,3.46,7,0,55.8
2025-06-11 13:00,168,여수,26.6,45,3.2,230,,1004.0,1011.5,1.0,3.39,7,0,49.6
2025-06-11 14:00,168,여수,27.0,47,3.3,230,,1004.0,1011.5,1.0,3.43,5,0,51.9
2025-06-11 15:00,168,여수,27.6,42,3.1,230,,1003.5,1011.0,1.0,3.31,4,0,50.7
2025-06-11 16:00,168,여수,27.5,43,3.5,230,,1003.3,1010.8,1.0,2.71,2,0,47.2
2025-06-11 17:00,168,여수,26.8,45,3.4,230,,1003.2,1010.7,1.0,2.04,0,0,42.8
2025-06-11 18:00,168,여수,24.9,48,5.0,250,,1003.6,1011.1,1.0,1.34,0,0,33.3
2025-06-11 19:00,168,여수,23.3,51,6.1,250,,1004.2,1011.8,0.9,0.62,6,0,28.0
2025-06-11 20:00,168,여수,22.1,58,5.0,230,,1004.7,1012.3,0.0,0.05,9,0,25.2
2025-06-11 21:00,168,여수,21.6,58,4.4,230,,1005.0,1012.6,,,9,0,24.2
2025-06-11 22:00,168,여수,21.4,61,0.8,230,,1005.9,1013.5,,,8,3,23.3
2025-06-11 23:00,168,여수,21.2,63,1.9,250,,1006.4,1014.1,,,9,1,23.0
2025-06-12 00:00,168,여수,21.2,59,0.9,290,,1006.2,1013.8,,,9,0,22.8
2025-06-12 01:00,168,여수,20.9,62,0.0,0,,1006.1,1013.8,,,10,3,22.5
2025-06-12 02:00,168,여수,21.2,60,1.4,50,,1005.9,1013.6,,,9,5,22.5
2025-06-12 03:00,168,여수,20.8,62,0.1,0,,1005.8,1013.5,,,9,0,22.3
2025-06-12 04:00,168,여수,20.5,68,0.0,0,,1005.9,1013.6,,,9,0,21.9
2025-06-12 05:00,168,여수,20.5,70,2.0,70,,1006.6,1014.3,,,9,0,22.0
2025-06-12 06:00,168,여수,20.4,70,0.9,70,,1007.0,1014.7,0.0,0.02,9,0,22.5
2025-06-12 07:00,168,여수,20.5,74,1.7,70,,1007.3,1015.0,0.0,0.15,9,0,24.0
2025-06-12 08:00,168,여수,20.8,79,2.2,70,,1007.8,1015.5,0.0,0.47,9,7,27.6
2025-06-12 09:00,168,여수,21.7,74,2.4,70,,1007.9,1015.6,0.0,0.98,9,7,32.1
2025-06-12 10:00,168,여수,22.0,65,2.3,90,,1007.8,1015.4,0.0,1.06,9,6,34.5
2025-06-12 11:00,168,여수,23.0,59,1.8,140,,1008.1,1015.7,0.0,1.67,9,4,39.0
2025-06-12 12:00,168,여수,24.3,54,2.0,110,,1008.1,1015.7,0.3,2.23,9,0,44.7
2025-06-12 13:00,168,여수,23.7,60,1.3,110,,1008.4,1016.0,0.0,1.43,9,0,39.9
2025-06-12 14:00,168,여수,24.1,56,1.5,140,,1008.3,1015.9,0.2,1.66,9,0,43.5
2025-06-12 15:00,168,여수,23.4,57,2.5,140,,1007.7,1015.3,0.4,1.82,9,0,45.1
2025-06-12 16:00,168,여수,23.6,60,1.9,140,,1007.7,1015.3,0.2,1.39,9,0,40.3
2025-06-12 17:00,168,여수,23.5,63,1.5,140,,1007.3,1014.9,0.8,1.6,9,0,38.6
2025-06-12 18:00,168,여수,21.7,75,4.1,250,,1007.9,1015.6,0.2,0.74,9,0,29.1
2025-06-12 19:00,168,여수,21.1,78,2.3,250,,1008.2,1015.9,0.1,0.34,8,0,26.4
2025-06-12 20:00,168,여수,20.2,83,1.9,230,,1008.5,1016.2,0.0,0.05,10,1,23.3
2025-06-12 21:00,168,여수,19.7,84,0.5,200,,1008.7,1016.4,,,9,0,22.2
2025-06-12 22:00,168,여수,19.5,86,0.5,140,,1009.3,1017.0,,,8,1,21.3
2025-06-12 23:00,168,여수,19.3,85,1.1,110,,1009.1,1016.8,,,10,2,20.9
2025-06-13 00:00,168,여수,19.2,88,1.4,90,,1008.5,1016.2,,,9,0,20.6
2025-06-13 01:00,168,여수,19.0,90,2.1,90,,1008.5,1016.2,,,10,3,20.4
2025-06-13 02:00,168,여수,18.9,90,1.1,110,,1008.3,1016.0,,,10,3,20.4
2025-06-13 03:00,168,여수,18.9,91,0.1,0,,1008.5,1016.2,,,9,3,20.9
2025-06-13 04:00,168,여수,18.9,89,0.5,360,,1008.3,1016.0,,,9,0,20.6
2025-06-13 05:00,168,여수,19.1,85,1.0,110,,1008.2,1015.9,,,9,4,20.6
2025-06-13 06:00,168,여수,19.2,87,1.0,290,0.0,1008.6,1016.3,0.0,0.02,10,3,21.0
2025-06-13 07:00,168,여수,19.2,84,2.2,50,0.5,1008.5,1016.2,0.0,0.08,10,6,21.1
2025-06-13 08:00,168,여수,18.9,87,2.2,70,0.6,1008.6,1016.3,0.0,0.24,10,4,22.6
2025-06-13 09:00,168,여수,19.7,84,2.0,70,0.0,1008.4,1016.1,0.0,0.8,10,5,26.0
2025-06-13 10:00,168,여수,20.0,87,1.9,90,0.6,1008.5,1016.2,0.0,0.64,10,7,28.0
2025-06-13 11:00,168,여수,20.5,77,3.4,90,,1008.2,1015.9,0.1,1.77,10,2,29.7
2025-06-13 12:00,168,여수,21.2,70,2.3,70,,1008.0,1015.7,0.0,1.28,10,10,28.1
2025-06-13 13:00,168,여수,21.4,68,2.9,90,,1007.4,1015.1,0.0,1.22,10,10,29.2
2025-06-13 14:00,168,여수,21.2,74,3.3,70,,1006.8,1014.5,0.0,1.11,10,10,27.6
2025-06-13 15:00,168,여수,21.3,73,4.0,70,,1005.6,1013.2,0.0,1.01,10,10,29.1
2025-06-13 16:00,168,여수,21.2,73,1.6,90,,1005.3,1013.0,0.0,0.76,10,5,26.5
2025-06-13 17:00,168,여수,20.7,82,2.0,110,,1004.7,1012.4,0.0,0.35,10,8,24.9
2025-06-13 18:00,168,여수,20.3,83,3.4,70,0.0,1004.0,1011.7,0.0,0.2,10,6,22.7
2025-06-13 19:00,168,여수,20.6,81,4.8,90,0.1,1003.4,1011.1,0.0,0.09,10,8,21.8
2025-06-13 20:00,168,여수,19.8,91,5.4,90,1.9,1002.9,1010.6,0.0,0.01,10,9,21.4
2025-06-13 21:00,168,여수,19.4,93,4.8,70,3.5,1003.0,1010.7,,,10,8,21.2
2025-06-13 22:00,168,여수,19.2,95,4.5,70,8.5,1002.8,1010.5,,,10,8,21.1
2025-06-13 23:00,168,여수,19.6,95,2.7,110,19.1,1002.5,1010.2,,,10,9,21.3
2025-06-14 00:00,168,여수,19.0,96,5.6,90,8.0,1001.5,1009.1,,,10,8,20.9
2025-06-14 01:00,168,여수,19.3,96,4.4,70,3.9,1000.5,1008.2,,,10,8,21.1
2025-06-14 02:00,168,여수,19.2,96,4.5,90,11.0,999.9,1007.6,,,10,9,21.0
2025-06-14 03:00,168,여수,19.1,97,5.3,70,17.4,998.3,1006.0,,,10,8,20.9
2025-06-14 04:00,168,여수,19.5,97,3.6,70,3.7,997.5,1005.1,,,10,8,21.1
2025-06-14 05:00,168,여수,20.6,97,1.3,140,1.9,996.8,1004.4,,,10,6,21.8
2025-06-14 06:00,168,여수,22.4,97,8.3,200,0.4,995.9,1003.4,0.0,0.01,10,7,23.4
2025-06-14 07:00,168,여수,21.9,97,7.8,230,0.7,995.4,1003.0,0.0,0.03,10,8,23.4
2025-06-14 08:00,168,여수,21.6,97,6.8,230,1.9,995.5,1003.1,0.0,0.07,10,7,23.3
2025-06-14 09:00,168,여수,21.6,97,3.1,250,2.1,995.2,1002.8,0.0,0.09,10,8,23.5
2025-06-14 10:00,168,여수,21.8,97,1.4,230,3.1,994.7,1002.3,0.0,0.1,10,7,23.7
2025-06-14 11:00,168,여수,22.1,97,3.8,230,7.0,994.1,1001.6,0.0,0.25,10,6,24.5
2025-06-14 12:00,168,여수,22.5,97,0.5,70,3.3,993.1,1000.6,0.0,0.46,10,6,26.0
2025-06-14 13:00,168,여수,21.9,97,2.2,230,0.2,992.9,1000.4,0.0,0.49,10,8,25.9
2025-06-14 14:00,168,여수,22.1,96,4.0,70,0.1,991.9,999.4,0.0,1.2,10,6,31.6
2025-06-14 15:00,168,여수,22.8,92,4.7,90,,992.1,999.6,0.1,2.13,8,8,31.0
2025-06-14 16:00,168,여수,23.3,90,3.2,90,,992.1,999.6,0.0,1.47,8,8,30.7
2025-06-14 17:00,168,여수,23.3,90,1.1,110,,992.1,999.6,0.0,1.17,9,9,29.5
2025-06-14 18:00,168,여수,23.2,90,1.3,90,,992.3,999.8,0.0,0.57,8,8,27.5
2025-06-14 19:00,168,여수,23.3,90,0.4,0,,993.0,1000.5,0.0,0.16,10,4,26.1
2025-06-14 20:00,168,여수,22.4,93,2.8,230,,993.5,1001.0,0.0,0.05,9,4,24.5
2025-06-14 21:00,168,여수,21.7,94,2.8,250,,994.5,1002.1,,,9,5,23.8
2025-06-14 22:00,168,여수,21.7,94,1.3,320,,994.8,1002.4,,,9,1,23.4
2025-06-14 23:00,168,여수,21.8,94,1.5,250,,995.0,1002.6,,,10,7,23.3
2025-06-15 00:00,168,여수,21.7,95,2.4,250,,995.0,1002.5,,,10,10,23.4
2025-06-15 01:00,168,여수,21.4,96,2.7,250,,994.7,1002.3,,,9,2,22.9
2025-06-15 02:00,168,여수,21.8,96,3.7,250,,994.2,1001.7,,,8,2,22.8
2025-06-15 03:00,168,여수,21.5,96,3.3,230,,994.6,1002.2,,,9,6,22.5
2025-06-15 04:00,168,여수,21.3,96,2.7,250,,994.9,1002.5,,,9,6,22.3
2025-06-15 05:00,168,여수,21.0,96,2.3,290,,995.2,1002.8,,,9,0,21.8
2025-06-15 06:00,168,여수,20.7,96,2.8,250,,995.2,1002.8,0.0,0.04,7,0,22.0
2025-06-15 07:00,168,여수,21.2,96,2.1,250,,995.3,1002.9,0.2,0.36,7,0,23.9
2025-06-15 08:00,168,여수,21.8,93,2.1,230,,995.2,1002.8,0.7,1.16,4,0,27.5
2025-06-15 09:00,168,여수,23.4,88,1.5,200,,994.8,1002.3,1.0,1.58,2,0,32.9
2025-06-15 10:00,168,여수,23.9,84,2.5,230,,994.8,1002.3,1.0,2.55,5,0,35.3
2025-06-15 11:00,168,여수,24.2,76,2.7,230,,995.0,1002.5,0.9,2.86,6,0,35.5
2025-06-15 12:00,168,여수,24.9,74,3.1,230,,994.9,1002.4,1.0,3.4,6,0,39.7
2025-06-15 13:00,168,여수,25.2,75,2.0,200,,994.3,1001.8,1.0,3.5,0,0,40.5
2025-06-15 14:00,168,여수,26.0,75,2.0,200,,994.0,1001.4,1.0,3.36,4,0,38.8
2025-06-15 15:00,168,여수,24.5,78,2.8,90,,993.7,1001.2,0.2,2.18,9,6,35.6
2025-06-15 16:00,168,여수,22.3,88,2.6,110,,993.4,1000.9,0.0,0.98,9,9,27.7
2025-06-15 17:00,168,여수,22.1,91,1.7,90,,993.2,1000.7,0.0,0.33,9,5,26.6
2025-06-15 18:00,168,여수,21.6,94,2.3,110,,992.9,1000.4,0.0,0.2,10,10,25.1
2025-06-15 19:00,168,여수,21.7,95,0.4,0,,993.1,1000.6,0.0,0.05,10,10,24.6
2025-06-15 20:00,168,여수,21.8,94,1.4,70,0.0,992.8,1000.3,0.0,0.0,10,10,24.2
2025-06-15 21:00,168,여수,21.4,95,1.9,70,0.3,992.8,1000.3,,,10,10,23.7
2025-06-15 22:00,168,여수,21.4,95,1.2,90,1.7,993.0,1000.6,,,10,10,23.4
2025-06-15 23:00,168,여수,21.8,96,2.6,250,3.7,992.5,1000.0,,,10,8,23.5
2025-06-16 00:00,168,여수,21.7,96,1.7,270,0.1,992.1,999.6,,,10,6,23.5
2025-06-16 01:00,168,여수,21.3,96,2.7,250,,992.0,999.5,,,10,10,23.3
2025-06-16 02:00,168,여수,21.2,97,3.6,230,,991.4,998.9,,,10,10,23.1
2025-06-16 03:00,168,여수,21.3,97,3.6,250,0.5,991.3,998.8,,,10,10,23.0
2025-06-16 04:00,168,여수,21.2,97,4.1,250,0.0,991.3,998.8,,,10,10,23.0
2025-06-16 05:00,168,여수,21.3,97,5.5,250,,991.6,999.1,,,10,10,22.9
2025-06-16 06:00,168,여수,21.5,97,5.2,250,0.1,992.2,999.7,0.0,0.02,10,10,23.1
2025-06-16 07:00,168,여수,21.5,97,2.2,250,0.1,991.8,999.3,0.0,0.07,10,10,23.3
2025-06-16 08:00,168,여수,21.6,97,3.8,230,0.0,992.1,999.6,0.0,0.18,10,9,23.8
2025-06-16 09:00,168,여수,21.1,97,5.3,250,1.8,993.4,1001.0,0.0,0.17,10,9,23.4
2025-06-16 10:00,168,여수,20.6,97,6.4,230,4.7,993.4,1001.0,0.0,0.13,10,9,22.8
2025-06-16 11:00,168,여수,20.3,96,6.3,230,2.3,993.5,1001.1,0.0,0.24,10,9,23.0
2025-06-16 12:00,168,여수,20.3,96,8.2,230,0.2,994.0,1001.6,0.0,0.55,10,9,23.3
2025-06-16 13:00,168,여수,21.0,96,5.9,250,0.3,994.6,1002.2,0.0,0.79,9,7,26.2
2025-06-16 14:00,168,여수,23.2,86,6.7,250,,994.6,1002.1,0.4,2.27,7,4,32.4
2025-06-16 15:00,168,여수,24.0,80,6.5,250,,994.7,1002.2,1.0,2.79,4,1,32.9
2025-06-16 16:00,168,여수,26.2,66,7.6,270,,994.4,1001.8,1.0,2.91,8,0,33.5
2025-06-16 17:00,168,여수,24.8,71,7.1,250,,994.5,1002.0,1.0,2.14,3,0,30.5
2025-06-16 18:00,168,여수,24.9,68,5.3,250,,994.4,1001.9,1.0,1.34,0,0,27.3
2025-06-16 19:00,168,여수,23.9,72,3.6,230,,994.7,1002.2,1.0,0.57,0,0,23.8
2025-06-16 20:00,168,여수,22.3,81,4.3,270,,995.5,1003.0,0.2,0.07,0,0,22.1
2025-06-16 21:00,168,여수,21.6,86,5.0,250,,996.4,1004.0,,,0,0,21.5
2025-06-16 22:00,168,여수,21.2,86,6.4,230,,997.2,1004.8,,,0,0,21.0
2025-06-16 23:00,168,여수,20.9,86,4.7,230,,997.7,1005.3,,,0,0,20.6
2025-06-17 00:00,168,여수,20.5,91,3.5,250,,998.3,1005.9,,,0,0,20.4
2025-06-17 01:00,168,여수,20.1,93,3.9,250,,998.6,1006.2,,,4,4,20.4
2025-06-17 02:00,168,여수,19.7,95,5.7,200,,998.8,1006.4,,,6,6,20.9
2025-06-17 03:00,168,여수,19.4,96,5.3,230,,998.2,1005.8,,,0,0,20.7
2025-06-17 04:00,168,여수,19.5,96,3.5,230,,998.4,1006.0,,,5,5,20.8
2025-06-17 05:00,168,여수,19.7,95,0.1,0,,998.7,1006.3,,,8,8,21.3
2025-06-17 06:00,168,여수,19.9,94,1.2,110,,999.1,1006.7,0.0,0.03,7,7,21.6
2025-06-17 07:00,168,여수,20.2,94,1.2,110,,999.5,1007.1,0.0,0.22,8,8,22.7
2025-06-17 08:00,168,여수,20.8,92,2.1,110,,999.7,1007.3,0.1,0.66,8,8,25.7
2025-06-17 09:00,168,여수,21.5,91,1.9,110,,1000.0,1007.6,0.4,1.24,8,8,27.2
2025-06-17 10:00,168,여수,21.9,90,1.7,110,,1000.0,1007.6,0.0,1.15,8,8,29.9
2025-06-17 11:00,168,여수,22.5,87,2.4,140,,1000.1,1007.7,0.1,2.04,8,8,31.3
2025-06-17 12:00,168,여수,23.2,85,2.8,140,,999.9,1007.5,0.4,2.41,8,8,35.3
2025-06-17 13:00,168,여수,24.5,83,1.1,200,,999.6,1007.1,0.4,2.47,8,8,38.6
2025-06-17 14:00,168,여수,24.7,80,1.3,180,,999.5,1007.0,0.9,2.9,7,0,37.1
2025-06-17 15:00,168,여수,25.0,79,0.9,340,,999.3,1006.8,0.8,2.38,7,0,35.8
2025-06-17 16:00,168,여수,24.2,81,1.8,70,,999.1,1006.6,1.0,2.13,8,0,34.0
2025-06-17 17:00,168,여수,23.6,83,2.9,90,,999.1,1006.6,1.0,1.75,3,0,31.3
2025-06-17 18:00,168,여수,22.9,85,2.5,70,,999.4,1007.0,1.0,1.24,6,0,28.6
2025-06-17 19:00,168,여수,22.1,88,2.1,90,,1000.0,1007.6,0.8,0.46,1,0,24.7
2025-06-17 20:00,168,여수,21.5,91,1.9,70,,1000.4,1008.0,0.0,0.08,8,0,22.9
2025-06-17 21:00,168,여수,21.1,93,1.9,70,,1001.1,1008.7,,,5,0,22.6
2025-06-17 22:00,168,여수,21.0,93,1.0,50,,1001.4,1009.0,,,7,0,21.9
2025-06-17 23:00,168,여수,20.8,93,0.1,0,,1001.9,1009.5,,,6,1,21.4
2025-06-18 00:00,168,여수,20.9,94,1.9,270,,1002.2,1009.8,,,5,5,21.4
2025-06-18 01:00,168,여수,20.8,94,0.1,0,,1001.9,1009.5,,,5,5,22.3
2025-06-18 02:00,168,여수,20.7,94,0.6,200,,1002.0,1009.6,,,5,5,22.0
2025-06-18 03:00,168,여수,20.4,94,1.2,230,,1001.9,1009.5,,,6,6,21.0
2025-06-18 04:00,168,여수,20.5,95,2.7,250,,1002.2,1009.8,,,3,3,21.8
2025-06-18 05:00,168,여수,20.2,95,0.8,180,,1003.1,1010.8,,,3,3,21.1
2025-06-18 06:00,168,여수,20.1,95,0.9,230,,1003.6,1011.3,0.0,0.03,10,10,21.9
2025-06-18 07:00,168,여수,20.0,95,2.5,230,,1004.0,1011.7,0.0,0.3,3,3,22.7
2025-06-18 08:00,168,여수,20.5,95,2.9,230,,1004.6,1012.3,0.2,0.78,6,6,25.6
2025-06-18 09:00,168,여수,21.5,91,2.6,230,,1004.7,1012.3,1.0,1.61,0,0,31.5
2025-06-18 10:00,168,여수,22.5,85,2.7,230,,1004.8,1012.4,1.0,2.61,0,0,35.1
2025-06-18 11:00,168,여수,23.6,79,2.2,250,,1005.1,1012.7,1.0,3.13,0,0,38.0
2025-06-18 12:00,168,여수,24.3,73,2.7,230,,1005.1,1012.7,1.0,3.47,0,0,39.3
2025-06-18 13:00,168,여수,25.1,67,3.0,230,,1005.0,1012.5,1.0,3.61,0,0,39.6
2025-06-18 14:00,168,여수,25.1,66,4.2,250,,1005.1,1012.6,1.0,3.5,0,0,38.1
2025-06-18 15:00,168,여수,25.5,63,3.8,250,,1004.9,1012.4,1.0,3.13,0,0,37.3
2025-06-18 16:00,168,여수,25.8,59,4.0,230,,1004.8,1012.3,1.0,2.62,0,0,36.6
2025-06-18 17:00,168,여수,25.1,63,3.0,250,,1004.6,1012.1,1.0,1.95,0,0,33.9
2025-06-18 18:00,168,여수,24.3,66,3.9,250,,1004.9,1012.5,1.0,1.24,0,0,29.5
2025-06-18 19:00,168,여수,23.3,70,3.9,250,,1004.8,1012.4,1.0,0.54,0,0,30.5
2025-06-18 20:00,168,여수,22.5,73,1.7,200,,1004.9,1012.5,0.1,0.07,0,0,23.9
2025-06-18 21:00,168,여수,22.2,75,2.6,250,,1005.7,1013.3,,,5,0,22.3
2025-06-18 22:00,168,여수,21.7,78,1.1,230,,1006.1,1013.7,,,6,0,21.8
2025-06-18 23:00,168,여수,21.6,76,2.6,250,,1006.8,1014.5,,,5,0,21.1
2025-06-19 00:00,168,여수,20.9,84,1.1,250,,1006.7,1014.4,,,5,0,20.6
2025-06-19 01:00,168,여수,20.5,90,2.4,230,,1006.7,1014.4,,,0,0,20.3
2025-06-19 02:00,168,여수,20.1,94,2.5,270,,1006.6,1014.3,,,0,0,21.5
2025-06-19 03:00,168,여수,20.4,94,3.4,270,,1006.8,1014.5,,,7,7,21.7
2025-06-19 04:00,168,여수,20.5,93,2.8,250,,1006.7,1014.4,,,7,7,22.0
2025-06-19 05:00,168,여수,20.6,94,2.6,250,,1007.2,1014.9,,,5,5,22.0
2025-06-19 06:00,168,여수,20.9,93,1.1,270,,1007.4,1015.1,0.0,0.04,9,9,22.9
2025-06-19 07:00,168,여수,20.8,93,2.0,70,,1007.7,1015.4,0.0,0.24,9,8,24.3
2025-06-19 08:00,168,여수,21.1,92,1.1,90,,1007.9,1015.6,0.0,0.44,9,4,25.3
2025-06-19 09:00,168,여수,21.6,92,1.8,90,,1007.8,1015.5,0.0,0.61,9,0,26.6
2025-06-19 10:00,168,여수,22.0,90,2.2,140,,1008.1,1015.7,0.0,0.94,9,0,28.4
2025-06-19 11:00,168,여수,22.0,91,2.0,110,,1008.4,1016.1,0.0,0.91,10,10,28.5
2025-06-19 12:00,168,여수,22.8,88,2.5,90,,1008.1,1015.7,0.0,1.21,9,0,29.4
2025-06-19 13:00,168,여수,22.5,89,2.7,90,,1007.6,1015.2,0.0,1.07,9,0,28.8
2025-06-19 14:00,168,여수,23.4,86,2.9,90,,1007.0,1014.6,0.0,1.64,9,4,32.6
2025-06-19 15:00,168,여수,23.7,87,2.7,90,,1006.8,1014.4,0.0,1.2,9,4,29.3
2025-06-19 16:00,168,여수,25.0,84,2.1,90,,1006.7,1014.3,0.7,2.29,7,4,38.3
2025-06-19 17:00,168,여수,25.1,82,2.3,90,,1006.2,1013.7,0.9,2.13,7,3,34.9
2025-06-19 18:00,168,여수,24.1,85,2.3,90,,1006.1,1013.7,0.3,0.94,9,9,29.3
2025-06-19 19:00,168,여수,23.5,88,2.5,50,,1006.3,1013.9,0.0,0.23,7,7,26.3
2025-06-19 20:00,168,여수,22.8,92,1.7,110,,1006.5,1014.1,0.0,0.01,7,5,24.8
2025-06-19 21:00,168,여수,22.8,93,1.2,90,,1006.9,1014.5,,,10,10,24.5
2025-06-19 22:00,168,여수,22.6,93,2.3,90,,1006.9,1014.5,,,7,7,24.1
2025-06-19 23:00,168,여수,22.6,93,2.7,90,,1006.5,1014.1,,,6,6,24.0
2025-06-20 00:00,168,여수,22.4,94,2.5,50,,1006.1,1013.7,,,10,10,23.7
2025-06-20 01:00,168,여수,22.5,95,2.3,50,,1005.6,1013.2,,,10,10,23.8
2025-06-20 02:00,168,여수,22.6,96,1.8,70,,1005.0,1012.6,,,10,10,23.8
2025-06-20 03:00,168,여수,22.8,96,0.6,70,,1004.8,1012.4,,,10,10,23.9
2025-06-20 04:00,168,여수,23.3,96,2.4,230,,1004.4,1012.0,,,10,10,24.2
2025-06-20 05:00,168,여수,23.5,96,3.0,200,,1004.5,1012.1,,,10,10,24.3
2025-06-20 06:00,168,여수,23.5,96,3.1,230,,1004.4,1012.0,0.0,0.01,10,10,24.3
2025-06-20 07:00,168,여수,23.4,95,2.1,200,,1004.1,1011.7,0.0,0.06,10,10,24.7
2025-06-20 08:00,168,여수,23.4,95,1.0,90,,1003.9,1011.5,0.0,0.15,10,10,25.0
2025-06-20 09:00,168,여수,23.8,95,4.2,230,,1003.6,1011.2,0.0,0.27,10,10,26.6
2025-06-20 10:00,168,여수,24.0,95,6.1,230,,1003.2,1010.8,0.0,0.65,10,10,27.2
2025-06-20 11:00,168,여수,23.8,94,5.9,230,,1003.3,1010.9,0.0,0.77,10,10,30.7
2025-06-20 12:00,168,여수,23.5,96,5.6,230,,1002.9,1010.5,0.0,0.42,10,10,29.8
2025-06-20 13:00,168,여수,23.6,96,5.7,230,,1002.4,1010.0,0.0,0.51,10,10,30.4
2025-06-20 14:00,168,여수,23.3,96,5.8,230,,1001.9,1009.5,0.0,0.53,10,10,30.0
2025-06-20 15:00,168,여수,23.0,96,6.3,230,,1001.6,1009.2,0.0,0.37,10,10,29.1
2025-06-20 16:00,168,여수,23.1,96,6.9,230,,1001.3,1008.9,0.0,0.22,10,10,28.6
2025-06-20 17:00,168,여수,22.8,96,7.3,230,0.0,1001.1,1008.7,0.0,0.16,10,9,27.7
2025-06-20 18:00,168,여수,22.7,97,5.5,230,0.0,1001.2,1008.8,0.0,0.07,10,9,27.1
2025-06-20 19:00,168,여수,22.5,97,5.4,250,0.5,1001.1,1008.7,0.0,0.04,10,9,26.7
2025-06-20 20:00,168,여수,22.6,97,5.4,230,0.2,1001.3,1008.9,0.0,0.0,10,8,26.6
2025-06-20 21:00,168,여수,22.4,97,4.4,250,0.3,1001.8,1009.4,,,10,9,26.4
2025-06-20 22:00,168,여수,22.3,97,4.9,250,0.3,1001.9,1009.5,,,10,7,26.3
2025-06-20 23:00,168,여수,22.5,97,4.2,250,0.2,1001.9,1009.5,,,10,8,26.3
2025-06-21 00:00,168,여수,22.2,96,4.3,230,0.5,1001.3,1008.9,,,10,9,26.1
2025-06-21 01:00,168,여수,22.2,97,4.5,230,0.2,1001.1,1008.7,,,10,9,26.1
2025-06-21 02:00,168,여수,22.2,97,4.1,250,0.0,1000.4,1008.0,,,10,10,26.1
2025-06-21 03:00,168,여수,22.1,97,4.9,230,,1000.0,1007.6,,,10,10,26.0
2025-06-21 04:00,168,여수,22.0,97,4.9,250,,999.8,1007.4,,,10,10,25.9
2025-06-21 05:00,168,여수,22.2,97,6.0,230,,999.5,1007.1,,,10,10,25.8
2025-06-21 06:00,168,여수,22.2,95,7.1,230,,999.4,1007.0,0.0,0.02,10,3,25.8
2025-06-21 07:00,168,여수,22.3,95,9.2,250,,998.8,1006.4,0.0,0.23,10,3,26.8
2025-06-21 08:00,168,여수,22.6,95,8.0,230,,998.9,1006.5,0.0,0.5,10,4,27.4
2025-06-21 09:00,168,여수,22.6,95,7.3,230,0.0,999.2,1006.8,0.0,0.16,10,9,26.5
2025-06-21 10:00,168,여수,22.5,96,6.0,230,1.1,998.9,1006.5,0.0,0.14,10,9,26.9
2025-06-21 11:00,168,여수,22.3,96,5.0,230,0.2,998.6,1006.2,0.0,0.27,10,6,27.2
2025-06-21 12:00,168,여수,22.4,96,4.1,230,0.0,998.2,1005.8,0.0,0.18,10,6,26.9
2025-06-21 13:00,168,여수,22.3,96,5.9,230,0.1,997.6,1005.2,0.0,0.21,10,8,26.9
2025-06-21 14:00,168,여수,22.2,97,6.0,230,0.1,997.1,1004.7,0.0,0.2,10,6,26.6
2025-06-21 15:00,168,여수,22.4,97,6.1,250,0.0,996.9,1004.5,0.0,0.14,10,6,26.7
2025-06-21 16:00,168,여수,22.1,97,4.3,230,0.1,996.7,1004.3,0.0,0.17,10,7,26.7
2025-06-21 17:00,168,여수,22.2,97,5.0,250,0.4,996.6,1004.2,0.0,0.13,10,8,26.5
2025-06-21 18:00,168,여수,22.3,97,3.7,250,0.2,996.6,1004.2,0.0,0.06,10,8,26.3
2025-06-21 19:00,168,여수,22.1,97,4.3,250,0.6,997.0,1004.6,0.0,0.02,10,8,26.0
2025-06-21 20:00,168,여수,22.1,97,1.8,250,0.6,997.0,1004.6,0.0,0.0,10,9,25.9
2025-06-21 21:00,168,여수,22.5,97,4.5,230,0.7,997.0,1004.5,,,10,9,26.0
2025-06-21 22:00,168,여수,22.2,97,8.1,200,0.5,996.5,1004.1,,,10,9,25.9
2025-06-21 23:00,168,여수,21.9,97,6.0,230,4.3,996.8,1004.4,,,10,9,25.6
2025-06-22 00:00,168,여수,22.6,97,3.0,290,5.3,997.0,1004.5,,,10,7,26.0
2025-06-22 01:00,168,여수,21.6,94,0.5,180,0.8,997.0,1004.6,,,10,4,25.4
2025-06-22 02:00,168,여수,20.9,92,2.8,70,,997.0,1004.6,,,10,2,24.5
2025-06-22 03:00,168,여수,20.2,91,3.3,90,,997.1,1004.7,,,10,8,23.8
2025-06-22 04:00,168,여수,20.3,93,2.6,70,0.1,998.1,1005.7,,,10,9,23.7
2025-06-22 05:00,168,여수,19.7,91,1.8,70,0.0,998.4,1006.0,,,10,9,23.2
2025-06-22 06:00,168,여수,19.6,91,2.2,70,0.2,999.2,1006.9,0.0,0.01,10,6,23.0
2025-06-22 07:00,168,여수,19.6,91,2.7,90,0.0,999.6,1007.3,0.0,0.12,10,8,23.4
2025-06-22 08:00,168,여수,19.8,89,3.2,70,0.0,1000.1,1007.8,0.0,0.25,10,4,24.1
2025-06-22 09:00,168,여수,20.4,89,0.2,0,0.0,1000.5,1008.1,0.0,0.57,8,5,26.4
2025-06-22 10:00,168,여수,21.6,87,0.8,110,,1000.4,1008.0,0.2,1.24,9,0,34.6
2025-06-22 11:00,168,여수,22.2,83,1.8,90,,1000.2,1007.8,0.4,2.05,9,0,34.2
2025-06-22 12:00,168,여수,23.9,81,1.6,180,,999.6,1007.1,1.0,2.97,8,0,42.3
2025-06-22 13:00,168,여수,25.0,75,2.9,200,,999.0,1006.5,1.0,3.56,7,0,42.6
2025-06-22 14:00,168,여수,24.9,72,2.4,230,,998.9,1006.4,0.6,2.3,7,0,38.4
2025-06-22 15:00,168,여수,25.1,69,4.0,230,,999.2,1006.7,0.8,2.44,7,0,36.6
2025-06-22 16:00,168,여수,23.9,76,3.3,230,,999.6,1007.1,0.5,1.61,8,0,33.9
2025-06-22 17:00,168,여수,22.7,75,4.4,230,,999.8,1007.4,0.2,1.1,9,0,29.9
2025-06-22 18:00,168,여수,21.8,80,4.1,230,,999.7,1007.3,0.2,0.75,9,0,26.8
2025-06-22 19:00,168,여수,21.4,80,3.9,230,,999.9,1007.5,0.0,0.22,10,0,24.9
2025-06-22 20:00,168,여수,21.2,80,3.4,250,,999.8,1007.4,0.2,0.11,10,0,23.6
2025-06-22 21:00,168,여수,20.9,83,2.9,250,,1000.2,1007.8,,,9,0,22.6
2025-06-22 22:00,168,여수,20.6,83,2.4,230,,1000.8,1008.4,,,6,0,22.1
2025-06-22 23:00,168,여수,20.5,86,2.0,290,,1000.8,1008.4,,,8,0,22.0
2025-06-23 00:00,168,여수,20.1,89,1.1,230,,1000.7,1008.3,,,6,0,21.8
2025-06-23 01:00,168,여수,20.0,90,0.5,250,,1000.5,1008.1,,,8,0,21.9
2025-06-23 02:00,168,여수,19.9,90,0.6,250,,1000.3,1008.0,,,9,0,21.6
2025-06-23 03:00,168,여수,19.8,92,0.1,0,,1000.3,1008.0,,,6,0,21.1
2025-06-23 04:00,168,여수,19.7,92,2.2,90,,1000.2,1007.9,,,0,0,21.1
2025-06-23 05:00,168,여수,19.4,92,0.8,110,,1000.2,1007.9,,,0,0,20.6
2025-06-23 06:00,168,여수,19.5,93,0.0,0,,1000.3,1008.0,0.4,0.07,0,0,20.5
2025-06-23 07:00,168,여수,20.5,89,1.0,160,,1000.8,1008.4,0.9,0.55,0,0,24.0
2025-06-23 08:00,168,여수,20.7,85,1.0,160,,1000.8,1008.4,0.9,1.26,0,0,27.0
2025-06-23 09:00,168,여수,23.1,80,1.3,90,,1000.8,1008.4,1.0,1.58,0,0,34.0
2025-06-23 10:00,168,여수,24.7,71,1.9,90,,1000.8,1008.3,1.0,2.65,1,0,38.2
2025-06-23 11:00,168,여수,26.0,61,2.2,70,,1000.6,1008.1,1.0,3.18,1,0,40.9
2025-06-23 12:00,168,여수,27.1,56,2.6,110,,1000.3,1007.7,1.0,3.51,1,0,42.7
2025-06-23 13:00,168,여수,28.3,53,2.6,140,,1000.0,1007.4,1.0,3.66,1,0,44.4
2025-06-23 14:00,168,여수,27.9,54,3.1,140,,999.8,1007.2,1.0,3.55,1,0,42.6
2025-06-23 15:00,168,여수,27.2,58,2.0,180,,999.4,1006.8,1.0,3.27,2,0,42.6
2025-06-23 16:00,168,여수,26.5,55,2.1,180,,999.1,1006.6,0.7,1.8,4,0,34.0
2025-06-23 17:00,168,여수,26.4,59,2.1,140,,998.9,1006.4,1.0,1.94,3,0,35.7
2025-06-23 18:00,168,여수,25.8,60,2.2,160,,999.2,1006.7,1.0,1.27,1,0,31.3
2025-06-23 19:00,168,여수,25.1,60,1.0,140,,999.6,1007.1,1.0,0.62,0,0,26.5
2025-06-23 20:00,168,여수,23.4,72,1.2,110,,1000.1,1007.6,0.2,0.07,5,0,24.3
2025-06-23 21:00,168,여수,22.7,77,0.8,110,,1000.1,1007.7,,,7,0,23.3
2025-06-23 22:00,168,여수,22.5,71,0.2,0,,1000.5,1008.1,,,7,0,22.5
2025-06-23 23:00,168,여수,21.9,79,1.5,90,,1000.6,1008.2,,,7,0,22.1
2025-06-24 00:00,168,여수,21.6,78,0.7,70,,1000.8,1008.4,,,8,0,21.8
2025-06-24 01:00,168,여수,21.3,81,1.0,90,,1000.6,1008.2,,,8,2,21.5
2025-06-24 02:00,168,여수,21.3,77,1.2,50,,1000.7,1008.3,,,8,3,21.4
2025-06-24 03:00,168,여수,21.6,76,4.1,70,,1000.4,1008.0,,,8,0,21.2
2025-06-24 04:00,168,여수,21.5,78,4.6,70,,1000.1,1007.7,,,8,4,21.1
2025-06-24 05:00,168,여수,21.6,80,4.6,70,,1000.3,1007.9,,,9,5,21.7
2025-06-24 06:00,168,여수,22.0,75,6.6,70,,1000.2,1007.8,0.0,0.01,10,7,22.1
2025-06-24 07:00,168,여수,22.2,70,6.9,90,,1000.5,1008.1,0.0,0.17,10,7,22.6
2025-06-24 08:00,168,여수,21.7,76,6.7,90,0.0,1000.5,1008.1,0.0,0.28,10,9,23.0
2025-06-24 09:00,168,여수,20.5,86,8.1,90,0.0,1000.5,1008.1,0.0,0.32,10,9,22.4
2025-06-24 10:00,168,여수,19.8,92,6.8,90,1.0,1000.2,1007.9,0.0,0.36,10,8,22.4
2025-06-24 11:00,168,여수,19.9,94,6.3,90,1.2,1000.5,1008.2,0.0,0.29,10,8,22.7
2025-06-24 12:00,168,여수,19.9,93,7.0,90,3.2,1000.3,1008.0,0.0,0.39,10,8,23.1
2025-06-24 13:00,168,여수,19.9,95,7.3,90,1.1,1000.2,1007.9,0.0,0.59,10,8,23.8
2025-06-24 14:00,168,여수,20.0,95,6.6,90,0.5,1000.0,1007.6,0.0,0.52,10,8,23.6
2025-06-24 15:00,168,여수,20.0,95,7.1,90,0.2,999.8,1007.4,0.0,0.45,10,9,23.4
2025-06-24 16:00,168,여수,20.3,94,6.8,90,0.0,999.5,1007.1,0.0,0.37,10,5,23.8
2025-06-24 17:00,168,여수,20.4,93,7.1,90,,999.5,1007.1,0.0,0.25,10,9,23.2
2025-06-24 18:00,168,여수,20.2,94,5.7,70,0.5,999.6,1007.2,0.0,0.14,10,9,22.5
2025-06-24 19:00,168,여수,20.1,95,5.4,90,3.1,999.8,1007.4,0.0,0.08,10,5,22.4
2025-06-24 20:00,168,여수,20.2,95,4.6,70,,999.9,1007.5,0.0,0.02,8,8,22.2
2025-06-24 21:00,168,여수,20.2,95,3.7,70,0.0,1000.1,1007.7,,,10,9,22.3
2025-06-24 22:00,168,여수,20.3,96,4.1,90,0.3,1000.6,1008.2,,,10,9,22.4
2025-06-24 23:00,168,여수,20.3,96,3.2,70,0.2,1000.5,1008.1,,,10,9,22.4
2025-06-25 00:00,168,여수,20.5,97,0.2,0,0.2,1000.5,1008.1,,,10,9,22.6
2025-06-25 01:00,168,여수,21.0,97,2.7,140,0.0,1000.1,1007.7,,,10,9,22.8
2025-06-25 02:00,168,여수,20.9,96,1.5,140,,999.8,1007.4,,,10,10,22.9
2025-06-25 03:00,168,여수,20.6,95,2.9,230,,999.7,1007.3,,,10,7,22.7
2025-06-25 04:00,168,여수,20.2,95,3.8,230,,1000.0,1007.6,,,7,7,22.4
2025-06-25 05:00,168,여수,20.0,92,4.9,230,,1000.0,1007.6,,,7,7,21.9
2025-06-25 06:00,168,여수,19.8,92,4.1,250,,1000.3,1008.0,0.0,0.03,7,7,21.6
2025-06-25 07:00,168,여수,20.2,90,2.9,250,,1000.8,1008.4,0.2,0.3,9,9,23.3
2025-06-25 08:00,168,여수,20.3,90,4.5,230,,1001.5,1009.1,0.0,0.41,9,9,24.8
2025-06-25 09:00,168,여수,20.2,91,4.6,230,,1001.8,1009.5,0.0,0.48,10,10,23.5
2025-06-25 10:00,168,여수,20.5,92,5.4,250,,1001.7,1009.3,0.0,0.57,9,9,25.0
2025-06-25 11:00,168,여수,22.6,85,3.4,230,,1001.2,1008.8,0.8,2.86,3,3,37.5
2025-06-25 12:00,168,여수,23.5,80,3.7,230,,1001.2,1008.8,1.0,3.55,1,1,39.4
2025-06-25 13:00,168,여수,24.3,77,4.0,230,,1001.2,1008.7,1.0,3.62,0,0,39.7
2025-06-25 14:00,168,여수,24.2,76,5.0,230,,1001.1,1008.6,1.0,3.49,3,0,37.6
2025-06-25 15:00,168,여수,24.2,76,5.5,230,,1001.0,1008.5,1.0,3.22,3,0,36.8
2025-06-25 16:00,168,여수,23.7,77,7.3,230,,1001.0,1008.5,1.0,2.6,4,0,33.4
2025-06-25 17:00,168,여수,23.5,78,6.7,230,,1000.9,1008.5,1.0,2.07,2,0,31.4
2025-06-25 18:00,168,여수,22.8,80,6.7,250,,1000.8,1008.4,1.0,1.29,1,0,27.5
2025-06-25 19:00,168,여수,22.2,82,5.5,250,,1001.2,1008.8,1.0,0.55,3,0,23.9
2025-06-25 20:00,168,여수,21.4,85,4.8,230,,1001.4,1009.0,0.2,0.08,3,0,22.3
2025-06-25 21:00,168,여수,20.9,87,5.2,250,,1001.8,1009.4,,,0,0,21.7
2025-06-25 22:00,168,여수,20.6,89,5.0,230,,1002.1,1009.7,,,6,0,21.3
2025-06-25 23:00,168,여수,20.4,91,3.8,250,,1002.5,1010.2,,,7,2,21.0
2025-06-26 00:00,168,여수,20.3,92,4.0,230,,1002.9,1010.6,,,7,5,21.5
2025-06-26 01:00,168,여수,20.2,93,4.0,250,,1002.9,1010.6,,,8,8,21.1
2025-06-26 02:00,168,여수,20.6,87,4.8,270,,1002.7,1010.3,,,8,0,20.8
2025-06-26 03:00,168,여수,20.5,88,4.4,320,,1002.4,1010.0,,,6,0,20.7
2025-06-26 04:00,168,여수,20.5,86,5.8,320,,1002.3,1009.9,,,0,0,20.5
2025-06-26 05:00,168,여수,20.4,86,2.7,320,,1002.4,1010.1,,,2,0,20.3
2025-06-26 06:00,168,여수,20.3,85,2.3,250,,1002.3,1010.0,0.0,0.02,3,0,20.3
2025-06-26 07:00,168,여수,20.8,82,2.9,270,,1002.1,1009.7,0.7,0.49,4,0,23.4
2025-06-26 08:00,168,여수,21.3,85,3.5,230,,1002.5,1010.1,0.9,1.23,5,0,25.9
2025-06-26 09:00,168,여수,22.2,80,2.5,230,,1002.9,1010.5,0.7,1.1,5,0,28.5
2025-06-26 10:00,168,여수,23.7,72,3.5,230,,1002.6,1010.2,1.0,2.58,0,0,34.8
2025-06-26 11:00,168,여수,24.7,67,5.2,230,,1002.5,1010.0,1.0,3.09,2,0,37.4
2025-06-26 12:00,168,여수,25.6,63,4.9,230,,1002.3,1009.8,1.0,3.42,2,0,39.1
2025-06-26 13:00,168,여수,26.2,65,5.6,250,,1001.9,1009.4,1.0,3.52,2,0,40.7
2025-06-26 14:00,168,여수,26.4,65,5.3,250,,1001.5,1009.0,1.0,3.46,3,0,40.7
2025-06-26 15:00,168,여수,26.1,66,5.3,230,,1001.5,1009.0,1.0,3.15,2,0,40.3
2025-06-26 16:00,168,여수,25.9,67,5.5,250,,1001.4,1008.9,1.0,2.61,3,0,37.9
2025-06-26 17:00,168,여수,24.9,71,4.3,230,,1001.2,1008.7,0.6,1.63,9,0,32.8
2025-06-26 18:00,168,여수,23.7,75,5.6,250,,1001.3,1008.8,0.0,0.8,9,0,29.1
2025-06-26 19:00,168,여수,23.2,76,5.6,250,,1001.4,1009.0,0.0,0.33,10,4,26.0
2025-06-26 20:00,168,여수,22.9,78,3.2,250,,1001.6,1009.2,0.0,0.09,9,9,24.5
2025-06-26 21:00,168,여수,22.5,80,2.6,230,,1001.9,1009.5,,,9,9,23.5
2025-06-26 22:00,168,여수,22.4,81,4.4,250,,1002.2,1009.8,,,6,1,22.6
2025-06-26 23:00,168,여수,22.2,83,2.7,270,,1002.4,1010.0,,,8,5,22.5
2025-06-27 00:00,168,여수,22.0,83,3.3,250,,1002.2,1009.8,,,4,0,22.0
2025-06-27 01:00,168,여수,22.0,83,2.4,230,,1001.8,1009.4,,,8,8,22.3
2025-06-27 02:00,168,여수,22.6,81,3.3,320,,1001.5,1009.1,,,7,7,22.2
2025-06-27 03:00,168,여수,22.5,80,2.6,340,,1001.2,1008.8,,,5,0,21.7
2025-06-27 04:00,168,여수,22.0,79,1.1,180,,1001.3,1008.9,,,3,0,21.2
2025-06-27 05:00,168,여수,21.8,85,2.3,200,,1001.6,1009.2,,,3,0,21.1
2025-06-27 06:00,168,여수,21.6,88,2.6,230,,1002.1,1009.7,0.0,0.04,0,0,21.5
2025-06-27 07:00,168,여수,21.9,87,2.6,200,,1002.3,1009.9,0.8,0.45,0,0,23.9
2025-06-27 08:00,168,여수,22.1,84,2.7,230,,1002.4,1010.0,0.9,1.07,0,0,26.4
2025-06-27 09:00,168,여수,23.4,79,3.3,230,,1002.5,1010.1,1.0,1.5,5,0,31.2
2025-06-27 10:00,168,여수,24.9,70,3.3,230,,1002.0,1009.5,1.0,2.52,7,0,36.2
2025-06-27 11:00,168,여수,26.1,62,3.8,230,,1001.9,1009.4,1.0,2.85,7,0,38.7
2025-06-27 12:00,168,여수,27.0,57,4.3,230,,1001.6,1009.1,1.0,3.06,7,0,44.8
2025-06-27 13:00,168,여수,28.0,54,3.2,230,,1001.3,1008.7,1.0,3.34,7,0,50.2
2025-06-27 14:00,168,여수,27.8,57,4.3,250,,1001.2,1008.6,1.0,3.43,5,0,49.9
2025-06-27 15:00,168,여수,28.2,57,4.3,250,,1000.9,1008.3,1.0,3.12,3,0,48.8
2025-06-27 16:00,168,여수,27.5,57,5.2,250,,1000.9,1008.3,1.0,2.57,6,0,44.7
2025-06-27 17:00,168,여수,27.0,65,5.4,250,,1000.8,1008.3,1.0,2.03,6,0,42.2
2025-06-27 18:00,168,여수,26.2,74,4.1,250,,1000.7,1008.2,1.0,1.29,3,0,37.2
2025-06-27 19:00,168,여수,25.2,80,3.9,250,,1000.9,1008.4,1.0,0.59,3,0,30.5
2025-06-27 20:00,168,여수,24.4,83,3.9,250,,1001.4,1008.9,0.3,0.09,1,0,27.5
2025-06-27 21:00,168,여수,24.1,86,2.8,250,,1002.0,1009.5,,,0,0,26.4
2025-06-27 22:00,168,여수,23.8,88,2.6,250,,1002.3,1009.9,,,0,0,25.7
2025-06-27 23:00,168,여수,23.6,91,2.3,250,,1002.2,1009.8,,,0,0,25.6
2025-06-28 00:00,168,여수,23.1,94,2.1,250,,1002.1,1009.6,,,10,10,25.9
2025-06-28 01:00,168,여수,23.2,95,2.5,270,,1001.8,1009.4,,,10,10,25.9
2025-06-28 02:00,168,여수,23.4,94,2.6,270,,1001.7,1009.3,,,0,0,25.8
2025-06-28 03:00,168,여수,23.3,95,2.2,250,,1001.6,1009.2,,,0,0,25.7
2025-06-28 04:00,168,여수,23.0,96,1.4,230,,1001.5,1009.1,,,10,10,25.6
2025-06-28 05:00,168,여수,22.7,96,1.6,200,,1001.3,1008.9,,,10,10,25.4
2025-06-28 06:00,168,여수,22.7,96,0.8,250,,1001.6,1009.2,0.0,0.05,10,10,25.9
2025-06-28 07:00,168,여수,23.1,95,1.0,250,,1001.9,1009.5,0.0,0.24,7,7,27.4
2025-06-28 08:00,168,여수,23.9,93,0.6,180,,1002.0,1009.5,0.1,0.76,6,6,30.4
2025-06-28 09:00,168,여수,25.6,85,1.7,90,,1001.9,1009.4,0.9,1.49,3,3,36.2
2025-06-28 10:00,168,여수,25.9,84,1.3,90,,1001.5,1009.0,1.0,2.52,3,0,41.9
2025-06-28 11:00,168,여수,27.6,80,2.5,200,,1001.2,1008.6,1.0,3.0,2,0,49.1
2025-06-28 12:00,168,여수,28.4,75,4.2,230,,1001.0,1008.4,1.0,3.29,3,0,53.6
2025-06-28 13:00,168,여수,28.7,75,4.8,250,,1001.1,1008.5,1.0,3.5,3,0,55.1
2025-06-28 14:00,168,여수,28.7,75,3.7,230,,1000.5,1007.9,1.0,3.32,2,0,54.2
2025-06-28 15:00,168,여수,28.7,75,5.0,230,,1000.3,1007.7,1.0,3.09,0,0,51.3
2025-06-28 16:00,168,여수,28.5,74,4.8,230,,1000.0,1007.4,1.0,2.62,0,0,47.6
2025-06-28 17:00,168,여수,27.3,79,4.4,230,,999.7,1007.1,1.0,2.01,0,0,42.8
2025-06-28 18:00,168,여수,26.8,81,4.4,250,,999.7,1007.2,1.0,1.26,0,0,37.3
2025-06-28 19:00,168,여수,25.4,86,4.5,250,,999.9,1007.4,0.8,0.58,0,0,31.2
2025-06-28 20:00,168,여수,24.9,88,3.4,250,,1000.3,1007.8,0.0,0.06,4,4,29.3
2025-06-28 21:00,168,여수,24.6,90,2.9,250,,1000.8,1008.3,,,0,0,28.2
2025-06-28 22:00,168,여수,24.4,91,3.0,250,,1000.8,1008.3,,,0,0,27.4
2025-06-28 23:00,168,여수,23.9,93,2.8,250,,1000.8,1008.3,,,0,0,26.9
2025-06-29 00:00,168,여수,23.4,95,2.9,250,,1000.9,1008.4,,,10,10,27.0
2025-06-29 01:00,168,여수,23.0,96,3.0,250,,1000.7,1008.3,,,10,10,26.5
2025-06-29 02:00,168,여수,22.7,96,3.1,250,,1000.8,1008.4,,,10,10,26.0
2025-06-29 03:00,168,여수,22.8,97,3.2,250,,1000.7,1008.3,,,10,10,25.9
2025-06-29 04:00,168,여수,23.0,97,2.9,250,,1000.9,1008.5,,,10,10,26.0
2025-06-29 05:00,168,여수,23.4,96,1.4,250,,1000.6,1008.2,,,7,7,25.9
2025-06-29 06:00,168,여수,23.4,95,2.4,230,,1001.4,1009.0,0.1,0.06,6,6,26.2
2025-06-29 07:00,168,여수,23.9,95,1.7,200,,1001.6,1009.1,0.5,0.47,0,0,28.6
2025-06-29 08:00,168,여수,24.6,92,2.2,200,,1001.7,1009.2,0.8,1.19,0,0,31.5
2025-06-29 09:00,168,여수,26.0,85,3.0,230,,1002.0,1009.5,1.0,1.52,0,0,38.6
2025-06-29 10:00,168,여수,26.8,80,3.5,230,,1002.1,1009.6,1.0,2.6,0,0,45.2
2025-06-29 11:00,168,여수,27.7,75,4.2,230,,1002.2,1009.6,1.0,3.08,0,0,50.2
2025-06-29 12:00,168,여수,28.2,75,5.0,230,,1002.0,1009.4,1.0,3.4,0,0,54.4
2025-06-29 13:00,168,여수,28.7,74,5.3,250,,1001.6,1009.0,1.0,3.56,2,0,55.2
2025-06-29 14:00,168,여수,28.9,71,4.7,230,,1001.3,1008.7,1.0,3.45,2,0,52.9
2025-06-29 15:00,168,여수,28.6,71,6.0,230,,1001.5,1008.9,1.0,3.15,0,0,49.1
2025-06-29 16:00,168,여수,28.4,71,5.3,230,,1001.5,1008.9,1.0,2.67,0,0,45.7
2025-06-29 17:00,168,여수,28.0,73,4.7,250,,1001.5,1008.9,1.0,2.09,0,0,44.0
2025-06-29 18:00,168,여수,27.5,75,4.7,250,,1001.4,1008.8,1.0,1.39,0,0,37.8
2025-06-29 19:00,168,여수,26.3,83,5.4,230,,1001.6,1009.1,1.0,0.66,1,0,31.0
2025-06-29 20:00,168,여수,25.5,87,4.3,250,,1002.0,1009.5,0.3,0.09,0,0,28.9
2025-06-29 21:00,168,여수,25.1,90,3.6,250,,1002.5,1010.0,,,0,0,27.7
2025-06-29 22:00,168,여수,24.9,91,2.6,250,,1002.8,1010.3,,,0,0,27.2
2025-06-29 23:00,168,여수,24.8,93,1.9,250,,1003.0,1010.5,,,0,0,27.2
2025-06-30 00:00,168,여수,24.7,93,2.4,250,,1003.2,1010.7,,,0,0,26.3
2025-06-30 01:00,168,여수,24.3,94,1.9,230,,1003.3,1010.8,,,0,0,26.3
2025-06-30 02:00,168,여수,24.0,95,2.3,230,,1003.3,1010.9,,,0,0,25.8
2025-06-30 03:00,168,여수,23.9,95,1.8,230,,1003.3,1010.9,,,10,10,25.7
2025-06-30 04:00,168,여수,23.9,95,1.1,230,,1003.3,1010.9,,,10,10,26.1
2025-06-30 05:00,168,여수,23.9,95,1.7,250,,1003.7,1011.3,,,0,0,25.2
2025-06-30 06:00,168,여수,24.0,95,0.5,230,,1004.0,1011.6,0.3,0.07,0,0,25.8
2025-06-30 07:00,168,여수,25.2,89,1.1,70,,1004.5,1012.0,0.9,0.53,0,0,28.8
2025-06-30 08:00,168,여수,25.4,90,0.6,180,,1004.7,1012.2,0.9,1.23,0,0,32.0
2025-06-30 09:00,168,여수,27.1,83,1.4,160,,1004.7,1012.2,1.0,1.47,0,0,41.0
2025-06-30 10:00,168,여수,27.6,79,3.4,230,,1004.9,1012.4,1.0,2.6,5,0,46.6
2025-06-30 11:00,168,여수,27.6,79,2.8,230,,1005.1,1012.6,0.9,2.85,7,5,51.7
2025-06-30 12:00,168,여수,28.1,79,2.7,200,,1005.1,1012.6,1.0,3.4,6,4,56.0
2025-06-30 13:00,168,여수,28.2,79,2.2,200,,1005.2,1012.7,1.0,3.53,6,2,57.0
2025-06-30 14:00,168,여수,29.1,75,3.3,230,,1005.0,1012.4,1.0,3.45,5,1,54.5
2025-06-30 15:00,168,여수,29.9,72,4.3,250,,1004.7,1012.1,1.0,3.15,0,0,52.6
2025-06-30 16:00,168,여수,29.1,75,4.1,230,,1004.6,1012.0,1.0,2.68,0,0,48.1
2025-06-30 17:00,168,여수,28.7,78,4.0,230,,1004.6,1012.0,1.0,2.1,0,0,44.2
2025-06-30 18:00,168,여수,27.9,82,4.2,230,,1004.5,1012.0,1.0,1.3,0,0,37.0
2025-06-30 19:00,168,여수,26.7,88,3.4,250,,1004.6,1012.1,0.3,0.36,0,0,32.3
2025-06-30 20:00,168,여수,25.8,92,3.2,230,,1004.7,1012.2,0.0,0.04,0,0,30.6
2025-06-30 21:00,168,여수,25.7,92,3.2,230,,1005.2,1012.7,,,10,10,29.8
2025-06-30 22:00,168,여수,25.6,93,2.8,250,,1005.7,1013.2,,,0,0,29.5
2025-06-30 23:00,168,여수,25.3,94,3.0,230,,1005.9,1013.4,,,0,0,28.9
2025-06-01 00:00,192,진주,15.6,93,0.0,0,,1007.7,1011.2,,,7,3,17.1
2025-06-01 01:00,192,진주,14.8,94,0.0,0,,1007.6,1011.1,,,6,1,16.5
2025-06-01 02:00,192,진주,14.4,95,0.0,0,,1007.4,1010.9,,,7,1,15.8
2025-06-01 03:00,192,진주,14.1,95,0.0,0,,1007.5,1011.0,,,0,0,15.5
2025-06-01 04:00,192,진주,13.9,95,0.0,0,,1007.6,1011.1,,,0,0,15.3
2025-06-01 05:00,192,진주,13.1,96,0.0,0,,1008.1,1011.6,,,0,0,14.6
2025-06-01 06:00,192,진주,13.3,95,0.0,0,,1008.3,1011.8,0.0,0.05,0,0,15.1
2025-06-01 07:00,192,진주,15.4,93,0.0,0,,1008.6,1012.1,0.7,0.47,0,0,17.7
2025-06-01 08:00,192,진주,18.0,81,0.0,0,,1008.7,1012.2,1.0,1.1,0,0,23.6
2025-06-01 09:00,192,진주,20.7,73,0.3,0,,1008.2,1011.6,1.0,1.88,0,0,28.7
2025-06-01 10:00,192,진주,23.2,61,1.0,290,,1007.8,1011.2,1.0,2.54,0,0,33.4
2025-06-01 11:00,192,진주,25.0,57,1.1,320,,1007.4,1010.8,1.0,3.06,0,0,38.2
2025-06-01 12:00,192,진주,26.8,47,1.2,250,,1006.9,1010.2,1.0,3.36,0,0,41.4
2025-06-01 13:00,192,진주,27.4,47,1.1,200,,1006.1,1009.4,1.0,3.4,4,0,42.9
2025-06-01 14:00,192,진주,27.8,41,1.4,200,,1005.7,1009.0,1.0,3.36,3,0,42.3
2025-06-01 15:00,192,진주,27.3,50,1.6,200,,1005.0,1008.3,1.0,2.55,7,0,40.2
2025-06-01 16:00,192,진주,26.3,56,1.4,160,,1004.8,1008.1,1.0,2.19,7,0,35.4
2025-06-01 17:00,192,진주,25.3,57,1.7,180,,1004.5,1007.8,1.0,1.64,0,0,31.1
2025-06-01 18:00,192,진주,24.6,63,1.3,160,,1004.8,1008.2,0.9,0.88,7,0,28.2
2025-06-01 19:00,192,진주,22.9,66,1.0,180,,1004.8,1008.2,0.6,0.37,0,0,24.6
2025-06-01 20:00,192,진주,21.5,70,0.1,0,,1005.1,1008.5,0.0,0.04,0,0,22.3
2025-06-01 21:00,192,진주,20.3,74,1.0,200,,1005.2,1008.6,,,6,1,20.9
2025-06-01 22:00,192,진주,18.7,83,0.0,0,,1005.6,1009.0,,,8,1,20.1
2025-06-01 23:00,192,진주,18.0,87,0.0,0,,1005.3,1008.7,,,8,3,19.1
2025-06-02 00:00,192,진주,17.8,89,0.1,0,,1004.8,1008.2,,,9,7,18.9
2025-06-02 01:00,192,진주,16.6,92,0.0,0,,1004.6,1008.1,,,9,9,18.2
2025-06-02 02:00,192,진주,16.4,93,0.1,0,,1004.3,1007.8,,,10,10,18.2
2025-06-02 03:00,192,진주,16.2,93,0.0,0,,1003.8,1007.3,,,10,10,18.2
2025-06-02 04:00,192,진주,16.3,93,0.0,0,,1003.2,1006.7,,,10,8,18.2
2025-06-02 05:00,192,진주,16.3,93,0.0,0,,1003.0,1006.5,,,10,1,18.2
2025-06-02 06:00,192,진주,16.7,93,0.1,0,,1002.9,1006.4,0.0,0.03,10,10,18.6
2025-06-02 07:00,192,진주,17.3,91,0.0,0,,1003.2,1006.6,0.0,0.13,10,10,19.2
2025-06-02 08:00,192,진주,18.7,87,0.1,0,,1003.1,1006.5,0.0,0.39,10,10,21.1
2025-06-02 09:00,192,진주,19.7,85,0.2,0,0.0,1002.8,1006.2,0.0,0.55,10,10,23.6
2025-06-02 10:00,192,진주,20.3,81,0.9,200,,1002.8,1006.2,0.0,0.78,10,10,24.2
2025-06-02 11:00,192,진주,20.2,79,0.1,0,0.0,1002.9,1006.3,0.0,0.61,10,10,23.2
2025-06-02 12:00,192,진주,20.3,90,0.1,0,0.8,1002.5,1005.9,0.0,0.83,10,10,26.5
2025-06-02 13:00,192,진주,19.6,77,0.3,0,0.0,1001.9,1005.3,0.0,1.22,10,10,24.7
2025-06-02 14:00,192,진주,20.0,79,0.0,0,0.2,1001.9,1005.3,0.0,0.93,10,10,25.2
2025-06-02 15:00,192,진주,19.5,66,0.8,340,0.0,1001.3,1004.7,0.0,0.71,10,9,23.6
2025-06-02 16:00,192,진주,18.1,81,0.3,0,0.3,1000.7,1004.1,0.0,0.53,10,8,22.5
2025-06-02 17:00,192,진주,17.5,87,0.3,0,0.4,1000.0,1003.4,0.0,0.27,10,10,21.6
2025-06-02 18:00,192,진주,17.1,91,0.0,0,0.2,999.5,1002.9,0.0,0.21,10,9,20.7
2025-06-02 19:00,192,진주,16.7,92,0.4,0,0.1,999.2,1002.6,0.0,0.07,10,10,19.7
2025-06-02 20:00,192,진주,16.5,94,0.3,0,0.4,999.2,1002.6,0.0,0.0,10,10,19.1
2025-06-02 21:00,192,진주,16.3,95,0.5,360,0.3,999.1,1002.5,,,10,9,18.7
2025-06-02 22:00,192,진주,16.2,95,0.3,0,0.2,999.0,1002.4,,,10,10,18.6
2025-06-02 23:00,192,진주,16.1,95,0.0,0,0.0,998.4,1001.8,,,10,10,18.4
2025-06-03 00:00,192,진주,16.2,94,0.3,0,0.0,997.6,1001.0,,,10,10,18.2
2025-06-03 01:00,192,진주,16.1,95,0.0,0,0.0,996.6,1000.0,,,10,10,18.2
2025-06-03 02:00,192,진주,16.0,95,0.1,0,0.1,996.0,999.4,,,10,10,18.1
2025-06-03 03:00,192,진주,16.1,95,0.0,0,0.1,995.7,999.1,,,9,9,18.0
2025-06-03 04:00,192,진주,16.0,95,0.0,0,,995.5,998.9,,,10,9,17.8
2025-06-03 05:00,192,진주,15.8,95,0.0,0,,995.8,999.2,,,10,5,17.3
2025-06-03 06:00,192,진주,15.8,96,0.1,0,,996.1,999.5,0.0,0.03,10,9,17.6
2025-06-03 07:00,192,진주,17.2,91,0.1,0,,996.2,999.6,0.3,0.48,6,6,19.9
2025-06-03 08:00,192,진주,19.2,81,0.3,0,,996.3,999.7,1.0,1.23,1,1,25.2
2025-06-03 09:00,192,진주,21.3,70,0.5,270,,996.4,999.8,1.0,1.94,2,2,30.0
2025-06-03 10:00,192,진주,23.3,60,1.8,320,,996.1,999.4,1.0,2.66,2,1,32.9
2025-06-03 11:00,192,진주,25.2,54,1.4,340,,995.9,999.2,1.0,3.2,3,0,35.9
2025-06-03 12:00,192,진주,26.3,53,2.2,320,,995.8,999.1,0.9,3.18,4,2,36.9
2025-06-03 13:00,192,진주,26.8,44,2.0,340,,995.4,998.7,0.9,3.36,4,2,35.6
2025-06-03 14:00,192,진주,27.5,44,1.8,270,,995.0,998.3,0.9,3.34,0,0,39.4
2025-06-03 15:00,192,진주,28.2,37,3.2,340,,994.9,998.2,1.0,3.21,0,0,38.5
2025-06-03 16:00,192,진주,27.8,33,3.0,340,,994.8,998.1,1.0,2.69,0,0,35.0
2025-06-03 17:00,192,진주,27.2,35,2.5,320,,994.9,998.2,1.0,1.96,0,0,29.9
2025-06-03 18:00,192,진주,26.0,36,1.7,340,,995.7,999.0,1.0,1.23,0,0,26.0
2025-06-03 19:00,192,진주,24.3,35,2.2,360,,996.6,999.9,0.9,0.51,0,0,22.8
2025-06-03 20:00,192,진주,22.7,35,1.5,340,,998.0,1001.4,0.0,0.03,0,0,20.2
2025-06-03 21:00,192,진주,20.0,39,0.4,0,,998.7,1002.1,,,0,0,18.3
2025-06-03 22:00,192,진주,19.5,38,0.3,0,,999.1,1002.5,,,9,8,18.1
2025-06-03 23:00,192,진주,20.7,32,0.6,50,,999.5,1002.9,,,8,8,17.7
2025-06-04 00:00,192,진주,17.9,44,0.4,0,,999.4,1002.8,,,7,7,16.8
2025-06-04 01:00,192,진주,15.8,52,0.3,0,,999.6,1003.1,,,5,5,15.3
2025-06-04 02:00,192,진주,14.0,64,0.0,0,,999.7,1003.2,,,6,6,14.8
2025-06-04 03:00,192,진주,12.9,68,0.0,0,,1000.0,1003.5,,,0,0,13.8
2025-06-04 04:00,192,진주,12.1,72,0.2,0,,1000.9,1004.4,,,0,0,12.9
2025-06-04 05:00,192,진주,10.8,76,0.0,0,,1001.5,1005.0,,,0,0,12.3
2025-06-04 06:00,192,진주,11.1,77,0.1,0,,1002.2,1005.7,0.0,0.04,0,0,12.5
2025-06-04 07:00,192,진주,14.5,68,0.1,0,,1002.7,1006.2,0.7,0.58,0,0,15.4
2025-06-04 08:00,192,진주,19.3,55,0.4,0,,1002.7,1006.1,1.0,1.39,0,0,23.3
2025-06-04 09:00,192,진주,21.9,43,0.4,0,,1002.6,1006.0,1.0,2.12,0,0,29.9
2025-06-04 10:00,192,진주,24.7,31,3.5,250,,1002.1,1005.4,1.0,2.78,0,0,35.3
2025-06-04 11:00,192,진주,25.7,32,3.9,250,,1001.7,1005.0,1.0,3.32,0,0,39.6
2025-06-04 12:00,192,진주,27.1,26,3.7,250,,1001.1,1004.4,1.0,3.63,0,0,42.7
2025-06-04 13:00,192,진주,27.6,25,4.6,250,,1000.5,1003.8,1.0,3.74,0,0,44.2
2025-06-04 14:00,192,진주,28.2,22,4.7,250,,999.8,1003.1,1.0,3.63,0,0,44.2
2025-06-04 15:00,192,진주,29.0,27,2.6,270,,999.3,1002.6,1.0,3.28,0,0,43.2
2025-06-04 16:00,192,진주,28.6,22,2.9,320,,999.7,1003.0,1.0,2.74,0,0,38.4
2025-06-04 17:00,192,진주,27.7,21,3.4,340,,1000.1,1003.4,1.0,2.07,0,0,31.4
2025-06-04 18:00,192,진주,26.7,22,3.2,320,,1000.8,1004.1,1.0,1.31,0,0,26.7
2025-06-04 19:00,192,진주,25.2,24,1.9,290,,1001.7,1005.0,0.9,0.54,0,0,23.7
2025-06-04 20:00,192,진주,23.5,26,1.0,290,,1002.8,1006.2,0.0,0.03,0,0,21.1
2025-06-04 21:00,192,진주,22.6,30,1.3,290,,1003.8,1007.2,,,0,0,19.7
2025-06-04 22:00,192,진주,20.8,37,0.7,250,,1004.9,1008.3,,,0,0,18.4
2025-06-04 23:00,192,진주,21.2,36,1.1,50,,1005.5,1008.9,,,0,0,18.2
2025-06-05 00:00,192,진주,19.7,41,0.6,20,,1006.0,1009.4,,,0,0,17.3
2025-06-05 01:00,192,진주,16.6,53,0.4,0,,1006.2,1009.7,,,0,0,16.1
2025-06-05 02:00,192,진주,15.3,61,0.2,0,,1006.3,1009.8,,,0,0,15.0
2025-06-05 03:00,192,진주,14.3,65,0.2,0,,1006.9,1010.4,,,0,0,14.3
2025-06-05 04:00,192,진주,13.2,73,0.1,0,,1007.6,1011.1,,,0,0,13.3
2025-06-05 05:00,192,진주,12.1,81,0.3,0,,1008.2,1011.7,,,0,0,13.1
2025-06-05 06:00,192,진주,11.8,82,0.0,0,,1008.7,1012.2,0.0,0.05,0,0,13.3
2025-06-05 07:00,192,진주,15.9,75,0.0,0,,1009.4,1012.9,0.7,0.58,0,0,16.3
2025-06-05 08:00,192,진주,19.0,57,0.2,0,,1009.6,1013.0,1.0,1.4,0,0,24.9
2025-06-05 09:00,192,진주,21.0,54,0.8,290,,1009.6,1013.0,1.0,2.17,0,0,32.3
2025-06-05 10:00,192,진주,23.5,46,1.0,290,,1009.3,1012.7,1.0,2.82,0,0,38.4
2025-06-05 11:00,192,진주,24.8,38,1.0,200,,1009.0,1012.4,1.0,3.32,0,0,43.2
2025-06-05 12:00,192,진주,25.5,36,1.3,180,,1008.6,1012.0,1.0,3.62,0,0,46.2
2025-06-05 13:00,192,진주,26.4,37,1.3,230,,1008.0,1011.3,1.0,3.53,5,0,46.6
2025-06-05 14:00,192,진주,27.2,35,0.9,50,,1007.5,1010.8,1.0,3.28,6,0,45.2
2025-06-05 15:00,192,진주,27.2,36,1.3,200,,1006.9,1010.2,1.0,2.99,7,0,43.7
2025-06-05 16:00,192,진주,27.0,39,1.3,180,,1006.5,1009.8,1.0,2.28,7,0,38.0
2025-06-05 17:00,192,진주,26.0,44,0.4,0,,1006.0,1009.3,1.0,1.46,8,4,32.8
2025-06-05 18:00,192,진주,23.8,48,1.6,180,,1006.3,1009.7,0.5,0.83,10,8,28.7
2025-06-05 19:00,192,진주,23.0,52,0.6,290,,1006.8,1010.2,0.3,0.37,8,8,25.7
2025-06-05 20:00,192,진주,21.1,61,0.1,0,,1007.2,1010.6,0.0,0.05,7,7,22.7
2025-06-05 21:00,192,진주,20.3,67,0.4,0,,1007.8,1011.2,,,6,6,20.8
2025-06-05 22:00,192,진주,18.2,79,0.0,0,,1007.9,1011.3,,,7,7,19.4
2025-06-05 23:00,192,진주,17.1,79,0.0,0,,1007.8,1011.3,,,6,6,18.7
2025-06-06 00:00,192,진주,15.6,86,0.0,0,,1007.8,1011.3,,,7,7,17.7
2025-06-06 01:00,192,진주,15.7,86,0.0,0,,1007.4,1010.9,,,9,9,18.1
2025-06-06 02:00,192,진주,15.8,86,0.0,0,,1007.3,1010.8,,,10,10,18.1
2025-06-06 03:00,192,진주,15.3,88,0.0,0,,1007.0,1010.5,,,8,8,17.5
2025-06-06 04:00,192,진주,15.0,91,0.0,0,,1007.1,1010.6,,,8,8,17.2
2025-06-06 05:00,192,진주,14.8,92,0.0,0,,1007.2,1010.7,,,9,9,17.1
2025-06-06 06:00,192,진주,15.3,90,0.0,0,,1007.6,1011.1,0.0,0.04,10,10,17.7
2025-06-06 07:00,192,진주,17.0,87,0.0,0,,1007.7,1011.2,0.0,0.28,10,10,19.6
2025-06-06 08:00,192,진주,18.6,84,0.0,0,,1007.9,1011.3,0.0,0.68,9,9,23.0
2025-06-06 09:00,192,진주,20.5,74,0.2,0,,1007.8,1011.2,0.1,1.15,8,8,28.2
2025-06-06 10:00,192,진주,22.0,62,0.4,0,,1007.8,1011.2,0.1,1.29,9,9,29.8
2025-06-06 11:00,192,진주,23.8,55,0.4,0,,1007.8,1011.2,0.2,1.83,9,9,32.4
2025-06-06 12:00,192,진주,25.5,54,0.5,20,,1007.2,1010.6,0.1,2.17,8,8,38.9
2025-06-06 13:00,192,진주,25.7,49,1.0,230,,1006.7,1010.0,0.3,2.27,10,10,37.7
2025-06-06 14:00,192,진주,24.0,50,0.9,110,,1006.3,1009.7,0.0,1.07,10,10,30.6
2025-06-06 15:00,192,진주,23.0,51,0.4,0,,1006.5,1009.9,0.0,0.45,10,10,26.7
2025-06-06 16:00,192,진주,19.0,84,0.3,0,0.2,1006.3,1009.7,0.0,0.12,10,10,22.2
2025-06-06 17:00,192,진주,19.6,80,0.5,180,0.4,1006.5,1009.9,0.0,0.21,10,10,22.4
2025-06-06 18:00,192,진주,19.8,80,0.2,0,0.0,1005.8,1009.2,0.0,0.26,10,10,22.2
2025-06-06 19:00,192,진주,19.1,90,0.0,0,,1006.2,1009.6,0.0,0.11,9,9,21.2
2025-06-06 20:00,192,진주,19.5,70,0.5,180,,1006.7,1010.1,0.0,0.03,7,7,19.1
2025-06-06 21:00,192,진주,17.3,89,0.0,0,,1007.1,1010.6,,,8,7,18.2
2025-06-06 22:00,192,진주,15.8,93,0.0,0,,1007.6,1011.1,,,4,3,17.0
2025-06-06 23:00,192,진주,15.1,95,0.2,0,,1007.6,1011.1,,,0,0,16.1
2025-06-07 00:00,192,진주,14.3,96,0.0,0,,1007.4,1010.9,,,5,1,15.5
2025-06-07 01:00,192,진주,14.0,96,0.0,0,,1007.2,1010.7,,,7,1,15.1
2025-06-07 02:00,192,진주,13.7,96,0.0,0,,1007.2,1010.7,,,6,0,14.8
2025-06-07 03:00,192,진주,13.8,96,0.0,0,,1007.3,1010.8,,,3,3,15.3
2025-06-07 04:00,192,진주,14.0,96,0.0,0,,1007.1,1010.6,,,2,2,16.2
2025-06-07 05:00,192,진주,14.1,96,0.0,0,,1007.0,1010.5,,,7,7,16.7
2025-06-07 06:00,192,진주,14.3,97,0.0,0,,1007.0,1010.5,0.0,0.03,9,9,17.2
2025-06-07 07:00,192,진주,15.3,97,0.0,0,,1006.8,1010.3,0.0,0.19,8,8,18.5
2025-06-07 08:00,192,진주,17.1,95,0.2,0,,1006.8,1010.3,0.4,0.9,7,7,23.3
2025-06-07 09:00,192,진주,20.3,82,0.6,320,,1006.8,1010.2,1.0,1.77,7,5,28.0
2025-06-07 10:00,192,진주,24.3,64,0.6,200,,1006.8,1010.2,1.0,2.6,7,6,35.4
2025-06-07 11:00,192,진주,26.1,54,1.8,200,,1006.8,1010.1,1.0,3.11,1,1,41.2
2025-06-07 12:00,192,진주,27.1,45,1.3,200,,1006.1,1009.4,1.0,3.39,5,5,45.0
2025-06-07 13:00,192,진주,27.6,42,1.4,160,,1005.4,1008.7,0.9,3.05,6,6,45.8
2025-06-07 14:00,192,진주,28.2,37,0.9,230,,1005.0,1008.3,1.0,3.53,5,5,47.6
2025-06-07 15:00,192,진주,28.1,39,1.4,160,,1004.6,1007.9,1.0,3.05,4,2,44.7
2025-06-07 16:00,192,진주,26.5,45,1.0,140,,1004.2,1007.5,1.0,2.05,8,1,36.9
2025-06-07 17:00,192,진주,25.5,46,1.4,180,,1004.7,1008.0,1.0,1.83,7,1,31.7
2025-06-07 18:00,192,진주,23.9,59,1.3,160,,1004.6,1008.0,0.4,0.76,8,4,28.7
2025-06-07 19:00,192,진주,22.8,66,0.9,140,,1004.9,1008.3,0.0,0.22,9,8,26.0
2025-06-07 20:00,192,진주,22.0,73,1.3,140,,1005.2,1008.6,0.0,0.03,9,9,23.8
2025-06-07 21:00,192,진주,21.7,76,0.3,0,,1005.7,1009.1,,,10,10,23.0
2025-06-07 22:00,192,진주,21.3,82,0.4,0,,1006.1,1009.5,,,10,10,22.5
2025-06-07 23:00,192,진주,21.5,85,0.1,0,,1006.3,1009.7,,,10,10,22.1
2025-06-08 00:00,192,진주,21.2,87,0.4,0,,1006.1,1009.5,,,10,10,21.7
2025-06-08 01:00,192,진주,21.2,87,0.3,0,,1006.0,1009.4,,,10,10,21.5
2025-06-08 02:00,192,진주,21.2,87,0.2,0,,1005.5,1008.9,,,10,10,21.2
2025-06-08 03:00,192,진주,20.7,90,0.3,0,,1005.0,1008.4,,,9,9,20.5
2025-06-08 04:00,192,진주,18.5,93,0.0,0,,1005.0,1008.4,,,9,9,20.0
2025-06-08 05:00,192,진주,18.2,95,0.0,0,,1005.2,1008.6,,,8,8,19.2
2025-06-08 06:00,192,진주,18.5,95,0.0,0,,1005.6,1009.0,0.0,0.04,9,4,20.0
2025-06-08 07:00,192,진주,20.2,92,0.2,0,,1005.7,1009.1,0.0,0.33,9,9,22.3
2025-06-08 08:00,192,진주,21.1,87,0.1,0,,1006.0,1009.4,0.0,0.58,9,9,24.6
2025-06-08 09:00,192,진주,22.3,83,0.2,0,,1006.0,1009.4,0.0,0.98,10,10,27.8
2025-06-08 10:00,192,진주,24.1,77,0.4,0,,1006.0,1009.4,0.3,1.55,8,8,33.5
2025-06-08 11:00,192,진주,25.3,77,0.7,320,,1006.1,1009.5,0.3,1.91,8,7,36.7
2025-06-08 12:00,192,진주,27.1,65,0.8,290,,1005.5,1008.8,0.4,2.71,8,5,45.1
2025-06-08 13:00,192,진주,27.2,61,0.9,180,,1004.9,1008.2,0.8,3.01,7,4,42.1
2025-06-08 14:00,192,진주,28.0,56,1.3,270,,1004.5,1007.8,0.9,3.27,5,5,47.5
2025-06-08 15:00,192,진주,29.0,56,1.1,290,,1004.2,1007.5,1.0,2.91,7,7,46.1
2025-06-08 16:00,192,진주,28.9,58,1.6,230,,1003.8,1007.1,1.0,2.03,6,6,41.7
2025-06-08 17:00,192,진주,26.7,65,2.7,200,,1003.8,1007.1,1.0,1.9,1,1,34.9
2025-06-08 18:00,192,진주,25.7,71,0.8,180,,1004.2,1007.5,1.0,1.11,1,1,30.3
2025-06-08 19:00,192,진주,23.5,76,1.0,160,,1004.8,1008.2,0.7,0.43,5,1,26.8
2025-06-08 20:00,192,진주,22.5,80,0.6,290,,1005.0,1008.4,0.0,0.05,7,0,24.4
2025-06-08 21:00,192,진주,21.8,83,0.2,0,,1005.8,1009.2,,,0,0,23.5
2025-06-08 22:00,192,진주,21.2,86,0.7,160,,1006.4,1009.8,,,0,0,22.5
2025-06-08 23:00,192,진주,21.0,86,0.9,200,,1006.5,1009.9,,,0,0,21.6
2025-06-09 00:00,192,진주,19.7,91,0.0,0,,1006.4,1009.8,,,7,0,20.8
2025-06-09 01:00,192,진주,19.1,92,0.0,0,,1006.2,1009.6,,,8,1,20.5
2025-06-09 02:00,192,진주,18.2,94,0.0,0,,1005.8,1009.2,,,0,0,19.6
2025-06-09 03:00,192,진주,18.1,96,0.0,0,,1005.7,1009.1,,,7,7,19.3
2025-06-09 04:00,192,진주,18.2,96,0.0,0,,1005.1,1008.5,,,10,9,19.7
2025-06-09 05:00,192,진주,18.0,95,0.0,0,,1005.3,1008.7,,,10,10,19.7
2025-06-09 06:00,192,진주,18.6,95,0.0,0,,1005.3,1008.7,0.0,0.02,10,10,20.2
2025-06-09 07:00,192,진주,19.2,94,0.3,0,,1005.5,1008.9,0.0,0.16,10,10,21.4
2025-06-09 08:00,192,진주,20.5,90,0.0,0,,1005.1,1008.5,0.0,0.36,10,10,23.6
2025-06-09 09:00,192,진주,21.8,85,0.4,0,,1005.5,1008.9,0.0,0.83,9,9,26.5
2025-06-09 10:00,192,진주,23.8,76,0.5,140,,1005.2,1008.6,0.1,1.55,9,9,33.0
2025-06-09 11:00,192,진주,26.4,69,1.2,110,,1005.1,1008.4,0.6,2.41,6,6,42.4
2025-06-09 12:00,192,진주,27.5,67,0.8,70,,1004.6,1007.9,1.0,3.3,7,5,48.2
2025-06-09 13:00,192,진주,28.2,61,0.7,290,,1003.9,1007.2,0.6,2.52,8,4,43.9
2025-06-09 14:00,192,진주,28.3,63,1.5,230,,1003.5,1006.8,0.6,2.25,8,2,42.2
2025-06-09 15:00,192,진주,27.5,65,1.1,180,,1003.2,1006.5,0.6,1.87,9,1,39.2
2025-06-09 16:00,192,진주,27.5,64,1.3,200,,1002.8,1006.1,0.7,1.68,9,0,37.3
2025-06-09 17:00,192,진주,26.7,64,0.9,160,,1002.4,1005.7,0.5,1.08,8,0,33.0
2025-06-09 18:00,192,진주,26.8,63,0.8,200,,1002.7,1006.0,0.6,0.85,7,0,30.5
2025-06-09 19:00,192,진주,25.7,59,0.9,200,,1002.7,1006.0,0.8,0.61,4,0,27.2
2025-06-09 20:00,192,진주,22.3,72,0.0,0,,1002.7,1006.1,0.0,0.03,0,0,23.7
2025-06-09 21:00,192,진주,21.8,70,0.2,0,,1003.0,1006.4,,,0,0,22.5
2025-06-09 22:00,192,진주,21.0,78,0.2,0,,1003.5,1006.9,,,0,0,21.3
2025-06-09 23:00,192,진주,20.0,84,0.3,0,,1003.7,1007.1,,,0,0,20.6
2025-06-10 00:00,192,진주,19.6,87,0.2,0,,1004.1,1007.5,,,1,0,20.0
2025-06-10 01:00,192,진주,18.4,90,0.5,180,,1004.4,1007.8,,,0,0,19.5
2025-06-10 02:00,192,진주,18.7,91,0.3,0,,1004.0,1007.4,,,0,0,19.2
2025-06-10 03:00,192,진주,17.2,95,0.0,0,,1003.6,1007.0,,,0,0,18.3
2025-06-10 04:00,192,진주,16.8,95,0.1,0,,1002.9,1006.4,,,0,0,18.2
2025-06-10 05:00,192,진주,16.7,95,0.2,0,,1002.8,1006.3,,,6,0,18.1
2025-06-10 06:00,192,진주,16.9,95,0.0,0,,1003.0,1006.4,0.0,0.06,0,0,18.7
2025-06-10 07:00,192,진주,19.2,91,0.0,0,,1003.3,1006.7,0.7,0.47,0,0,21.5
2025-06-10 08:00,192,진주,21.6,84,0.5,320,,1003.5,1006.9,1.0,1.13,0,0,27.4
2025-06-10 09:00,192,진주,23.3,76,0.8,270,,1003.3,1006.7,1.0,1.88,0,0,35.4
2025-06-10 10:00,192,진주,25.8,69,1.0,320,,1002.9,1006.2,1.0,2.56,0,0,42.4
2025-06-10 11:00,192,진주,28.1,63,1.6,320,,1003.1,1006.4,1.0,3.02,2,1,47.9
2025-06-10 12:00,192,진주,29.1,58,1.1,320,,1003.1,1006.4,1.0,3.32,3,1,51.4
2025-06-10 13:00,192,진주,29.6,56,1.2,200,,1002.4,1005.7,1.0,3.31,6,0,50.9
2025-06-10 14:00,192,진주,28.1,63,2.0,160,,1002.3,1005.6,0.6,2.29,8,5,42.2
2025-06-10 15:00,192,진주,27.6,64,0.9,230,,1002.1,1005.4,0.0,1.33,9,9,38.0
2025-06-10 16:00,192,진주,26.6,70,0.9,160,,1002.2,1005.5,0.1,1.12,9,9,35.0
2025-06-10 17:00,192,진주,26.5,68,1.1,270,,1001.5,1004.8,0.4,1.04,8,8,33.3
2025-06-10 18:00,192,진주,25.8,72,0.6,140,,1002.0,1005.3,0.2,0.53,8,8,29.8
2025-06-10 19:00,192,진주,25.0,74,1.4,180,,1002.7,1006.0,0.0,0.25,8,8,27.2
2025-06-10 20:00,192,진주,23.9,77,0.3,0,,1003.2,1006.6,0.0,0.04,10,10,25.2
2025-06-10 21:00,192,진주,23.9,75,0.7,160,,1003.6,1007.0,,,10,10,24.2
2025-06-10 22:00,192,진주,22.6,75,0.2,0,,1004.3,1007.7,,,8,8,23.2
2025-06-10 23:00,192,진주,22.3,80,0.2,0,,1004.3,1007.7,,,10,10,22.7
2025-06-11 00:00,192,진주,20.8,89,0.2,0,,1004.6,1008.0,,,9,9,21.7
2025-06-11 01:00,192,진주,20.1,90,0.0,0,,1004.7,1008.1,,,10,10,21.6
2025-06-11 02:00,192,진주,19.7,92,0.0,0,,1004.6,1008.0,,,9,9,20.7
2025-06-11 03:00,192,진주,18.6,93,0.1,0,,1004.6,1008.0,,,8,8,19.7
2025-06-11 04:00,192,진주,18.1,93,0.0,0,,1005.1,1008.5,,,9,9,19.1
2025-06-11 05:00,192,진주,16.8,93,0.0,0,,1005.6,1009.1,,,9,9,18.1
2025-06-11 06:00,192,진주,16.6,92,0.0,0,,1006.2,1009.7,0.0,0.05,9,9,18.7
2025-06-11 07:00,192,진주,18.8,78,0.0,0,,1007.2,1010.6,0.1,0.4,8,4,21.2
2025-06-11 08:00,192,진주,22.0,56,0.2,0,,1007.7,1011.1,0.4,0.94,5,2,26.2
2025-06-11 09:00,192,진주,23.6,50,0.4,0,,1008.2,1011.6,1.0,1.65,6,1,34.6
2025-06-11 10:00,192,진주,24.8,43,0.8,250,,1008.4,1011.8,1.0,2.83,0,0,43.8
2025-06-11 11:00,192,진주,27.0,35,0.8,320,,1008.5,1011.8,1.0,3.34,0,0,50.0
2025-06-11 12:00,192,진주,28.2,32,1.4,20,,1008.2,1011.5,1.0,3.53,6,0,52.7
2025-06-11 13:00,192,진주,28.7,35,0.4,0,,1007.7,1011.0,1.0,3.14,7,0,50.4
2025-06-11 14:00,192,진주,30.2,31,1.3,140,,1007.1,1010.4,1.0,3.53,3,0,54.2
2025-06-11 15:00,192,진주,31.0,31,1.1,180,,1006.7,1010.0,1.0,3.23,0,0,51.2
2025-06-11 16:00,192,진주,30.9,30,1.1,250,,1006.4,1009.7,1.0,2.7,0,0,45.5
2025-06-11 17:00,192,진주,30.0,34,1.1,180,,1006.3,1009.6,1.0,2.01,0,0,36.7
2025-06-11 18:00,192,진주,28.7,37,1.0,250,,1006.7,1010.0,1.0,1.28,0,0,31.2
2025-06-11 19:00,192,진주,25.7,43,1.9,180,,1007.4,1010.7,0.4,0.34,0,0,27.0
2025-06-11 20:00,192,진주,24.2,49,0.9,160,,1008.2,1011.6,0.0,0.02,8,6,24.8
2025-06-11 21:00,192,진주,23.1,55,0.3,0,,1008.9,1012.3,,,9,9,23.7
2025-06-11 22:00,192,진주,22.1,58,0.1,0,,1009.5,1012.9,,,8,8,22.4
2025-06-11 23:00,192,진주,21.1,64,0.2,0,,1010.3,1013.7,,,9,9,21.6
2025-06-12 00:00,192,진주,20.1,66,0.2,0,,1010.6,1014.0,,,9,9,21.1
2025-06-12 01:00,192,진주,18.6,77,0.0,0,,1010.5,1014.0,,,9,9,20.7
2025-06-12 02:00,192,진주,18.2,79,0.0,0,,1010.5,1014.0,,,10,10,20.2
2025-06-12 03:00,192,진주,18.2,79,0.0,0,,1010.4,1013.9,,,10,10,20.0
2025-06-12 04:00,192,진주,17.6,82,0.0,0,,1010.5,1014.0,,,10,10,19.7
2025-06-12 05:00,192,진주,17.3,85,0.1,0,,1010.9,1014.4,,,8,8,19.2
2025-06-12 06:00,192,진주,17.5,83,0.0,0,,1011.3,1014.8,0.0,0.03,10,10,19.8
2025-06-12 07:00,192,진주,19.0,81,0.0,0,,1011.7,1015.2,0.0,0.25,10,10,22.2
2025-06-12 08:00,192,진주,20.8,75,0.0,0,,1012.1,1015.5,0.0,0.55,10,10,24.7
2025-06-12 09:00,192,진주,22.5,63,0.1,0,,1012.2,1015.6,0.0,0.89,10,10,29.1
2025-06-12 10:00,192,진주,24.3,57,0.7,320,,1012.1,1015.5,0.1,1.62,8,8,34.2
2025-06-12 11:00,192,진주,25.7,49,0.6,160,,1012.1,1015.5,0.5,2.15,8,8,40.2
2025-06-12 12:00,192,진주,26.2,49,0.3,0,,1011.9,1015.3,0.1,1.88,10,10,38.3
2025-06-12 13:00,192,진주,27.3,50,0.7,320,,1012.0,1015.3,0.2,1.75,9,9,44.7
2025-06-12 14:00,192,진주,26.7,51,1.1,180,,1011.8,1015.2,0.8,2.29,8,8,42.3
2025-06-12 15:00,192,진주,26.7,50,0.3,0,,1011.4,1014.8,0.7,1.76,9,7,40.1
2025-06-12 16:00,192,진주,27.8,50,1.2,250,,1011.1,1014.4,0.9,2.18,7,3,42.5
2025-06-12 17:00,192,진주,27.3,51,0.7,250,,1010.9,1014.2,1.0,1.74,7,2,35.0
2025-06-12 18:00,192,진주,25.9,52,1.6,200,,1011.2,1014.6,0.9,1.13,7,5,30.7
2025-06-12 19:00,192,진주,23.1,63,1.8,180,,1011.4,1014.8,0.1,0.36,8,6,26.4
2025-06-12 20:00,192,진주,21.5,74,0.4,0,,1012.5,1015.9,0.0,0.03,8,8,23.5
2025-06-12 21:00,192,진주,20.3,81,0.5,230,,1013.1,1016.5,,,9,9,21.6
2025-06-12 22:00,192,진주,18.6,88,0.0,0,,1013.1,1016.6,,,7,7,19.6
2025-06-12 23:00,192,진주,18.2,90,0.0,0,,1013.2,1016.7,,,8,8,18.7
2025-06-13 00:00,192,진주,17.7,90,0.0,0,,1012.8,1016.3,,,9,9,19.2
2025-06-13 01:00,192,진주,17.7,91,0.0,0,,1012.5,1016.0,,,10,10,19.4
2025-06-13 02:00,192,진주,17.3,91,0.0,0,,1012.7,1016.2,,,9,9,18.8
2025-06-13 03:00,192,진주,17.2,92,0.1,0,,1012.5,1016.0,,,10,10,18.5
2025-06-13 04:00,192,진주,16.6,93,0.0,0,,1012.5,1016.0,,,8,8,17.5
2025-06-13 05:00,192,진주,16.7,93,0.0,0,,1012.9,1016.4,,,9,9,18.1
2025-06-13 06:00,192,진주,17.1,93,0.0,0,,1012.9,1016.4,0.0,0.04,9,9,19.2
2025-06-13 07:00,192,진주,18.6,90,0.0,0,,1013.2,1016.7,0.0,0.24,10,10,21.7
2025-06-13 08:00,192,진주,19.2,90,0.1,0,0.0,1013.0,1016.5,0.0,0.29,10,8,22.6
2025-06-13 09:00,192,진주,19.9,90,0.1,0,0.2,1012.4,1015.8,0.0,0.47,10,2,24.2
2025-06-13 10:00,192,진주,20.2,88,0.3,0,0.0,1013.4,1016.8,0.0,0.74,10,10,25.3
2025-06-13 11:00,192,진주,21.1,80,0.1,0,0.7,1012.6,1016.0,0.0,0.98,10,6,28.6
2025-06-13 12:00,192,진주,21.7,75,0.3,0,,1012.3,1015.7,0.0,1.19,10,10,28.2
2025-06-13 13:00,192,진주,21.2,78,0.1,0,0.2,1012.2,1015.6,0.0,0.96,10,10,28.5
2025-06-13 14:00,192,진주,21.4,82,1.2,360,0.2,1011.0,1014.4,0.1,1.29,10,8,27.0
2025-06-13 15:00,192,진주,21.6,79,0.7,320,0.0,1010.4,1013.8,0.0,1.02,10,10,27.4
2025-06-13 16:00,192,진주,21.5,78,0.5,360,,1009.6,1013.0,0.0,0.59,10,9,24.8
2025-06-13 17:00,192,진주,20.3,85,0.3,0,0.2,1009.5,1012.9,0.0,0.32,9,8,23.6
2025-06-13 18:00,192,진주,19.7,89,0.4,0,0.0,1009.2,1012.6,0.0,0.23,10,10,22.7
2025-06-13 19:00,192,진주,19.7,91,0.3,0,0.0,1008.6,1012.0,0.0,0.1,10,10,22.1
2025-06-13 20:00,192,진주,19.2,92,0.2,0,0.1,1008.5,1011.9,0.0,0.01,10,10,21.1
2025-06-13 21:00,192,진주,18.6,95,0.3,0,3.4,1007.4,1010.8,,,10,9,20.3
2025-06-13 22:00,192,진주,18.6,96,0.7,320,11.3,1007.8,1011.2,,,10,9,19.7
2025-06-13 23:00,192,진주,18.2,96,0.3,0,10.0,1007.3,1010.7,,,10,10,19.2
2025-06-14 00:00,192,진주,18.2,97,0.3,0,11.4,1006.5,1009.9,,,10,8,19.0
2025-06-14 01:00,192,진주,18.3,97,0.3,0,3.3,1005.9,1009.3,,,10,9,19.2
2025-06-14 02:00,192,진주,18.3,97,0.0,0,1.7,1004.6,1008.0,,,10,10,19.5
2025-06-14 03:00,192,진주,18.3,97,0.0,0,9.3,1003.5,1006.9,,,10,6,19.2
2025-06-14 04:00,192,진주,18.4,97,0.3,0,5.5,1002.1,1005.5,,,10,9,19.2
2025-06-14 05:00,192,진주,18.6,98,0.0,0,3.5,1001.6,1005.0,,,10,8,19.5
2025-06-14 06:00,192,진주,18.6,98,0.0,0,0.8,1000.7,1004.1,0.0,0.01,10,10,19.7
2025-06-14 07:00,192,진주,18.7,98,0.0,0,0.8,999.9,1003.3,0.0,0.05,10,10,20.1
2025-06-14 08:00,192,진주,19.1,97,0.0,0,7.6,1000.0,1003.4,0.0,0.08,10,5,20.0
2025-06-14 09:00,192,진주,19.1,98,0.0,0,18.2,1000.0,1003.4,0.0,0.05,10,4,19.8
2025-06-14 10:00,192,진주,19.5,98,0.0,0,4.3,999.6,1003.0,0.0,0.18,10,10,20.8
2025-06-14 11:00,192,진주,19.8,98,0.0,0,7.8,998.7,1002.1,0.0,0.27,10,8,21.8
2025-06-14 12:00,192,진주,21.0,97,0.0,0,2.1,998.2,1001.6,0.0,0.76,10,10,24.3
2025-06-14 13:00,192,진주,21.5,96,0.2,0,0.3,997.6,1001.0,0.0,0.47,10,10,24.3
2025-06-14 14:00,192,진주,22.4,96,0.4,0,1.1,997.0,1000.4,0.0,0.88,9,9,26.2
2025-06-14 15:00,192,진주,23.7,92,0.3,0,,996.4,999.7,0.0,1.08,10,10,27.2
2025-06-14 16:00,192,진주,24.5,91,1.3,110,,996.1,999.4,0.0,1.18,8,8,28.4
2025-06-14 17:00,192,진주,24.5,88,0.0,0,,996.0,999.3,0.2,0.91,10,10,27.1
2025-06-14 18:00,192,진주,24.6,90,0.0,0,,996.6,999.9,0.0,0.33,9,9,26.1
2025-06-14 19:00,192,진주,24.1,93,0.2,0,,996.8,1000.1,0.0,0.25,9,9,25.1
2025-06-14 20:00,192,진주,23.7,95,0.0,0,,997.3,1000.6,0.0,0.04,8,8,23.7
2025-06-14 21:00,192,진주,22.9,96,0.0,0,,998.2,1001.6,,,10,3,22.7
2025-06-14 22:00,192,진주,22.3,98,0.0,0,,998.6,1002.0,,,9,8,22.2
2025-06-14 23:00,192,진주,22.7,98,0.0,0,,998.7,1002.1,,,9,9,22.6
2025-06-15 00:00,192,진주,22.3,98,0.0,0,,998.6,1001.9,,,9,7,22.2
2025-06-15 01:00,192,진주,21.8,98,0.0,0,,998.7,1002.1,,,9,8,21.7
2025-06-15 02:00,192,진주,21.6,100,0.0,0,,998.1,1001.5,,,8,8,21.5
2025-06-15 03:00,192,진주,22.1,100,0.2,0,,998.2,1001.6,,,8,8,22.1
2025-06-15 04:00,192,진주,22.2,98,0.0,0,,998.6,1002.0,,,10,10,22.2
2025-06-15 05:00,192,진주,22.2,98,0.0,0,,998.9,1002.3,,,7,7,22.2
2025-06-15 06:00,192,진주,22.2,98,0.0,0,,999.2,1002.6,0.0,0.01,6,6,22.6
2025-06-15 07:00,192,진주,23.0,97,0.0,0,,999.2,1002.6,0.0,0.29,9,9,24.2
2025-06-15 08:00,192,진주,23.7,93,0.2,0,,999.1,1002.4,0.1,0.65,7,7,27.0
2025-06-15 09:00,192,진주,24.6,85,0.6,140,,998.6,1001.9,0.4,1.27,8,8,28.8
2025-06-15 10:00,192,진주,26.6,79,0.8,230,,998.3,1001.6,0.8,2.09,5,5,35.2
2025-06-15 11:00,192,진주,27.5,73,1.2,200,,998.2,1001.5,1.0,2.81,7,1,37.5
2025-06-15 12:00,192,진주,28.3,74,1.0,180,,998.0,1001.3,1.0,3.36,5,0,38.5
2025-06-15 13:00,192,진주,28.1,72,1.6,180,,997.7,1001.0,0.7,2.98,5,5,38.4
2025-06-15 14:00,192,진주,28.3,67,1.6,200,,997.6,1000.9,1.0,3.33,3,0,38.2
2025-06-15 15:00,192,진주,28.0,68,1.6,200,,997.2,1000.5,1.0,2.89,6,5,36.5
2025-06-15 16:00,192,진주,28.0,71,1.0,200,,996.6,999.9,1.0,2.4,8,3,33.2
2025-06-15 17:00,192,진주,25.7,77,1.5,180,,996.7,1000.0,0.5,1.21,10,8,29.3
2025-06-15 18:00,192,진주,23.8,85,0.7,200,,996.5,999.8,0.0,0.26,9,9,27.2
2025-06-15 19:00,192,진주,23.5,88,0.3,0,,996.7,1000.0,0.0,0.21,10,9,25.8
2025-06-15 20:00,192,진주,23.3,91,0.6,250,,996.6,999.9,0.0,0.01,10,10,25.1
2025-06-15 21:00,192,진주,22.6,94,0.3,0,0.1,996.6,1000.0,,,10,10,24.5
2025-06-15 22:00,192,진주,22.4,95,0.2,0,0.3,996.9,1000.3,,,10,10,24.1
2025-06-15 23:00,192,진주,22.3,96,0.0,0,2.3,996.2,999.6,,,10,8,23.8
2025-06-16 00:00,192,진주,22.2,96,0.0,0,1.6,995.7,999.0,,,10,10,23.8
2025-06-16 01:00,192,진주,22.2,96,0.5,140,0.2,995.3,998.7,,,10,10,23.5
2025-06-16 02:00,192,진주,22.2,97,0.1,0,,994.9,998.3,,,8,8,23.5
2025-06-16 03:00,192,진주,22.5,97,0.0,0,,994.5,997.8,,,9,9,23.5
2025-06-16 04:00,192,진주,22.7,97,0.1,0,,994.7,998.0,,,10,10,23.5
2025-06-16 05:00,192,진주,22.7,96,0.3,0,,995.1,998.4,,,10,10,23.3
2025-06-16 06:00,192,진주,23.0,96,0.2,0,0.0,995.7,999.0,0.0,0.01,10,10,23.5
2025-06-16 07:00,192,진주,23.2,96,0.1,0,0.0,995.2,998.5,0.0,0.09,10,10,24.0
2025-06-16 08:00,192,진주,23.3,95,0.6,140,0.0,995.2,998.5,0.0,0.3,10,9,24.7
2025-06-16 09:00,192,진주,23.2,95,1.0,160,0.5,996.8,1000.1,0.0,0.37,10,10,24.9
2025-06-16 10:00,192,진주,23.2,95,1.0,140,2.1,996.7,1000.0,0.0,0.48,10,10,25.6
2025-06-16 11:00,192,진주,23.0,94,0.9,160,1.1,996.7,1000.0,0.0,0.61,10,10,25.7
2025-06-16 12:00,192,진주,23.2,93,1.4,180,0.5,996.6,999.9,0.0,0.95,10,10,27.7
2025-06-16 13:00,192,진주,23.0,92,1.1,340,0.1,997.5,1000.9,0.0,0.81,10,9,26.5
2025-06-16 14:00,192,진주,23.2,91,0.8,180,0.1,998.0,1001.3,0.0,0.55,10,8,27.2
2025-06-16 15:00,192,진주,26.3,79,0.5,180,,998.0,1001.3,0.8,2.43,7,4,33.3
2025-06-16 16:00,192,진주,26.7,76,0.7,250,,997.6,1000.9,0.5,1.48,5,5,30.0
2025-06-16 17:00,192,진주,26.3,75,1.1,160,,997.5,1000.8,0.9,0.98,7,3,27.6
2025-06-16 18:00,192,진주,27.2,64,0.9,290,,997.7,1001.0,1.0,1.23,1,1,26.2
2025-06-16 19:00,192,진주,25.0,73,0.4,0,,997.9,1001.2,0.9,0.51,0,0,24.3
2025-06-16 20:00,192,진주,22.8,82,0.1,0,,998.8,1002.2,0.0,0.05,0,0,22.8
2025-06-16 21:00,192,진주,21.7,87,0.0,0,,999.7,1003.1,,,0,0,21.8
2025-06-16 22:00,192,진주,22.6,80,0.8,160,,1000.5,1003.9,,,0,0,21.3
2025-06-16 23:00,192,진주,22.0,83,0.9,270,,1001.2,1004.6,,,0,0,21.0
2025-06-17 00:00,192,진주,21.5,87,1.5,160,,1001.9,1005.3,,,0,0,20.7
2025-06-17 01:00,192,진주,20.9,88,1.5,180,,1002.0,1005.4,,,4,1,20.3
2025-06-17 02:00,192,진주,20.7,88,1.8,160,,1002.1,1005.5,,,0,0,20.1
2025-06-17 03:00,192,진주,20.5,90,0.2,0,,1002.3,1005.7,,,0,0,20.2
2025-06-17 04:00,192,진주,20.6,90,0.4,0,,1002.2,1005.6,,,0,0,20.7
2025-06-17 05:00,192,진주,20.3,91,0.2,0,,1002.7,1006.1,,,3,3,21.0
2025-06-17 06:00,192,진주,20.2,91,1.0,140,,1003.1,1006.5,0.0,0.05,8,7,21.0
2025-06-17 07:00,192,진주,21.3,87,2.0,200,,1003.4,1006.8,0.7,0.5,6,3,23.1
2025-06-17 08:00,192,진주,22.5,85,0.4,0,,1003.6,1007.0,0.9,1.11,0,0,26.8
2025-06-17 09:00,192,진주,24.0,78,1.5,250,,1003.8,1007.2,0.9,1.7,7,6,30.1
2025-06-17 10:00,192,진주,24.4,76,1.3,180,,1003.8,1007.2,0.9,2.23,6,4,33.7
2025-06-17 11:00,192,진주,25.0,77,2.1,250,,1003.7,1007.0,0.9,2.79,7,3,35.7
2025-06-17 12:00,192,진주,25.6,74,1.4,200,,1003.4,1006.7,1.0,3.54,7,4,37.7
2025-06-17 13:00,192,진주,25.7,76,1.2,180,,1003.4,1006.7,0.6,2.61,9,7,35.3
2025-06-17 14:00,192,진주,26.5,76,1.0,160,,1003.0,1006.3,0.8,2.22,8,7,34.1
2025-06-17 15:00,192,진주,27.2,71,1.4,200,,1002.8,1006.1,1.0,2.57,7,4,35.2
2025-06-17 16:00,192,진주,26.7,73,1.7,160,,1002.6,1005.9,1.0,1.88,8,2,31.8
2025-06-17 17:00,192,진주,26.2,76,2.1,180,,1002.4,1005.7,1.0,1.53,5,1,28.3
2025-06-17 18:00,192,진주,25.4,78,1.9,180,,1002.8,1006.1,1.0,0.97,7,1,27.3
2025-06-17 19:00,192,진주,23.8,83,2.3,180,,1003.5,1006.9,0.6,0.48,3,0,24.8
2025-06-17 20:00,192,진주,22.7,88,0.3,0,,1004.0,1007.4,0.0,0.04,7,0,23.7
2025-06-17 21:00,192,진주,21.8,91,0.2,0,,1005.1,1008.5,,,7,0,22.8
2025-06-17 22:00,192,진주,21.2,93,0.3,0,,1005.3,1008.7,,,0,0,22.5
2025-06-17 23:00,192,진주,21.2,94,0.3,0,,1005.7,1009.1,,,6,6,22.7
2025-06-18 00:00,192,진주,21.3,93,0.3,0,,1006.0,1009.4,,,7,7,22.7
2025-06-18 01:00,192,진주,20.7,94,0.6,180,,1005.9,1009.3,,,4,4,22.0
2025-06-18 02:00,192,진주,20.8,95,0.0,0,,1005.9,1009.3,,,3,3,22.3
2025-06-18 03:00,192,진주,20.6,95,0.5,160,,1005.7,1009.1,,,5,5,21.8
2025-06-18 04:00,192,진주,20.2,96,0.7,160,,1006.2,1009.6,,,5,5,21.2
2025-06-18 05:00,192,진주,20.3,96,0.0,0,,1007.0,1010.4,,,0,0,21.6
2025-06-18 06:00,192,진주,20.5,94,0.3,0,,1007.6,1011.0,0.0,0.02,6,6,21.7
2025-06-18 07:00,192,진주,21.6,89,0.1,0,,1008.2,1011.6,0.6,0.46,0,0,23.5
2025-06-18 08:00,192,진주,22.1,86,0.9,270,,1008.6,1012.0,0.4,0.81,0,0,25.7
2025-06-18 09:00,192,진주,23.6,78,0.7,270,,1008.7,1012.1,1.0,1.88,0,0,32.3
2025-06-18 10:00,192,진주,25.8,71,0.4,0,,1008.5,1011.9,1.0,2.59,0,0,36.1
2025-06-18 11:00,192,진주,27.4,66,0.3,0,,1008.4,1011.7,1.0,3.1,0,0,38.5
2025-06-18 12:00,192,진주,27.8,67,1.7,160,,1008.3,1011.6,1.0,3.4,0,0,39.2
2025-06-18 13:00,192,진주,28.7,63,1.8,140,,1008.1,1011.4,1.0,3.48,0,0,40.0
2025-06-18 14:00,192,진주,29.6,63,1.5,140,,1007.9,1011.2,1.0,3.36,0,0,39.2
2025-06-18 15:00,192,진주,29.0,58,2.0,180,,1008.0,1011.3,1.0,3.01,1,1,36.3
2025-06-18 16:00,192,진주,28.4,58,1.5,200,,1007.9,1011.2,1.0,2.5,1,1,33.1
2025-06-18 17:00,192,진주,27.7,60,1.3,200,,1007.9,1011.2,1.0,1.84,0,0,29.7
2025-06-18 18:00,192,진주,26.8,64,1.2,200,,1008.0,1011.3,1.0,1.13,0,0,27.3
2025-06-18 19:00,192,진주,25.2,68,0.6,180,,1008.3,1011.7,0.8,0.47,0,0,25.3
2025-06-18 20:00,192,진주,23.7,71,0.5,90,,1008.6,1012.0,0.0,0.05,0,0,23.6
2025-06-18 21:00,192,진주,22.7,74,0.2,0,,1009.4,1012.8,,,0,0,22.7
2025-06-18 22:00,192,진주,21.7,79,0.3,0,,1009.8,1013.2,,,5,1,22.2
2025-06-18 23:00,192,진주,21.5,81,0.9,200,,1010.5,1013.9,,,5,1,21.7
2025-06-19 00:00,192,진주,21.0,81,0.3,0,,1010.5,1013.9,,,4,1,21.2
2025-06-19 01:00,192,진주,19.2,91,0.0,0,,1010.5,1013.9,,,0,0,20.6
2025-06-19 02:00,192,진주,18.6,94,0.0,0,,1010.7,1014.2,,,0,0,20.1
2025-06-19 03:00,192,진주,18.2,94,0.0,0,,1010.5,1014.0,,,0,0,19.6
2025-06-19 04:00,192,진주,17.8,96,0.0,0,,1010.7,1014.2,,,0,0,19.2
2025-06-19 05:00,192,진주,18.3,95,0.0,0,,1011.3,1014.8,,,3,1,19.0
2025-06-19 06:00,192,진주,18.5,96,0.7,180,,1011.8,1015.3,0.0,0.07,5,5,20.0
2025-06-19 07:00,192,진주,19.3,96,0.1,0,,1012.1,1015.5,0.0,0.36,7,7,22.9
2025-06-19 08:00,192,진주,19.6,94,0.2,0,,1012.0,1015.4,0.0,0.34,7,7,23.1
2025-06-19 09:00,192,진주,21.7,88,0.5,320,,1011.8,1015.2,0.1,1.04,7,7,29.1
2025-06-19 10:00,192,진주,24.5,75,0.6,250,,1011.7,1015.1,1.0,2.56,8,1,34.8
2025-06-19 11:00,192,진주,26.0,73,1.0,200,,1011.8,1015.2,0.6,2.39,9,6,35.4
2025-06-19 12:00,192,진주,26.7,73,1.3,200,,1011.5,1014.9,0.7,3.18,8,3,36.1
2025-06-19 13:00,192,진주,26.5,75,1.2,200,,1011.2,1014.6,0.1,1.66,9,9,34.3
2025-06-19 14:00,192,진주,27.4,73,1.2,110,,1010.7,1014.0,0.4,2.07,9,8,34.1
2025-06-19 15:00,192,진주,27.2,77,0.9,270,,1010.7,1014.0,0.3,1.62,9,5,32.5
2025-06-19 16:00,192,진주,26.8,79,1.0,140,,1010.3,1013.6,0.0,1.12,9,9,31.0
2025-06-19 17:00,192,진주,27.9,74,1.3,180,,1010.0,1013.3,0.5,1.25,8,8,30.7
2025-06-19 18:00,192,진주,27.5,73,1.1,160,,1009.8,1013.1,1.0,1.22,4,4,27.6
2025-06-19 19:00,192,진주,26.2,78,1.0,160,,1010.0,1013.4,0.6,0.32,5,4,26.1
2025-06-19 20:00,192,진주,24.8,84,0.6,110,,1010.1,1013.5,0.0,0.03,7,7,25.0
2025-06-19 21:00,192,진주,24.5,87,0.4,0,,1010.6,1014.0,,,8,8,24.8
2025-06-19 22:00,192,진주,24.1,89,0.3,0,,1010.7,1014.1,,,8,8,24.3
2025-06-19 23:00,192,진주,23.8,91,0.1,0,,1010.6,1014.0,,,7,7,24.5
2025-06-20 00:00,192,진주,23.7,92,0.0,0,,1010.1,1013.5,,,8,7,24.2
2025-06-20 01:00,192,진주,23.6,93,0.3,0,,1009.5,1012.9,,,8,8,24.1
2025-06-20 02:00,192,진주,23.8,92,0.2,0,,1009.0,1012.4,,,10,9,24.1
2025-06-20 03:00,192,진주,23.7,93,0.4,0,,1008.6,1012.0,,,8,8,23.7
2025-06-20 04:00,192,진주,23.7,94,0.4,0,,1008.2,1011.6,,,,9,23.6
2025-06-20 05:00,192,진주,24.0,93,0.0,0,,1008.4,1011.8,,,10,8,23.8
2025-06-20 06:00,192,진주,24.2,92,0.2,0,,1008.4,1011.8,0.0,0.02,10,10,24.2
2025-06-20 07:00,192,진주,24.6,91,0.3,0,,1008.1,1011.5,0.0,0.19,10,9,25.1
2025-06-20 08:00,192,진주,25.2,89,0.5,180,,1007.9,1011.3,0.0,0.41,10,10,26.7
2025-06-20 09:00,192,진주,25.7,88,1.4,160,,1007.3,1010.6,0.0,0.65,10,10,28.5
2025-06-20 10:00,192,진주,26.0,87,1.8,160,,1006.9,1010.2,0.0,1.03,9,9,28.8
2025-06-20 11:00,192,진주,26.3,86,1.4,320,0.0,1006.8,1010.1,0.0,1.06,10,9,30.5
2025-06-20 12:00,192,진주,26.5,84,0.5,320,0.0,1006.5,1009.8,0.0,1.1,10,9,29.4
2025-06-20 13:00,192,진주,26.0,87,0.5,140,,1006.0,1009.3,0.0,0.5,10,10,28.0
2025-06-20 14:00,192,진주,26.0,85,0.8,340,,1005.4,1008.7,0.0,0.51,10,10,28.0
2025-06-20 15:00,192,진주,26.2,84,1.1,140,,1005.0,1008.3,0.0,0.72,10,10,28.2
2025-06-20 16:00,192,진주,26.1,85,1.0,110,,1004.6,1007.9,0.0,0.56,10,10,27.7
2025-06-20 17:00,192,진주,25.4,88,1.3,160,0.0,1004.2,1007.5,0.0,0.36,10,10,26.8
2025-06-20 18:00,192,진주,24.7,91,1.2,180,0.0,1004.3,1007.7,0.0,0.27,10,9,26.0
2025-06-20 19:00,192,진주,24.2,92,1.3,140,0.0,1004.5,1007.9,0.0,0.08,10,10,24.9
2025-06-20 20:00,192,진주,24.1,93,1.9,140,0.0,1004.5,1007.9,0.0,0.01,10,10,24.3
2025-06-20 21:00,192,진주,24.0,93,1.5,110,0.0,1005.1,1008.5,,,10,10,24.2
2025-06-20 22:00,192,진주,23.7,94,0.8,140,0.3,1005.2,1008.6,,,10,10,24.1
2025-06-20 23:00,192,진주,23.7,93,0.5,340,0.0,1005.2,1008.6,,,10,9,23.7
2025-06-21 00:00,192,진주,23.5,93,0.4,0,0.0,1004.6,1007.9,,,10,10,23.6
2025-06-21 01:00,192,진주,23.5,92,0.5,340,0.0,1004.4,1007.8,,,10,10,23.4
2025-06-21 02:00,192,진주,23.3,93,0.5,70,0.0,1003.7,1007.1,,,10,10,23.2
2025-06-21 03:00,192,진주,23.6,93,0.6,50,0.0,1003.3,1006.7,,,10,10,23.5
2025-06-21 04:00,192,진주,23.7,93,1.6,160,0.0,1002.8,1006.2,,,10,9,23.5
2025-06-21 05:00,192,진주,24.2,91,1.2,360,0.0,1002.6,1006.0,,,10,10,23.5
2025-06-21 06:00,192,진주,24.2,89,1.1,160,0.0,1002.5,1005.9,0.0,0.0,10,10,23.5
2025-06-21 07:00,192,진주,24.6,85,1.5,160,,1002.1,1005.4,0.0,0.1,10,10,24.1
2025-06-21 08:00,192,진주,24.4,86,1.8,160,,1002.4,1005.7,0.0,0.16,9,9,24.2
2025-06-21 09:00,192,진주,23.8,90,0.9,160,0.2,1002.4,1005.8,0.0,0.16,10,10,24.2
2025-06-21 10:00,192,진주,24.8,89,0.5,50,0.2,1002.2,1005.5,0.0,0.29,10,10,25.7
2025-06-21 11:00,192,진주,24.7,91,0.6,160,0.1,1001.8,1005.1,0.0,0.69,10,10,26.7
2025-06-21 12:00,192,진주,24.2,93,1.3,140,0.6,1001.2,1004.5,0.0,0.4,10,10,26.1
2025-06-21 13:00,192,진주,24.6,92,0.9,50,0.1,1000.7,1004.0,0.0,0.45,10,10,26.4
2025-06-21 14:00,192,진주,24.6,91,1.8,160,0.0,1000.3,1003.6,0.0,0.44,9,9,26.3
2025-06-21 15:00,192,진주,24.2,93,1.1,90,0.0,1000.2,1003.5,0.0,0.5,10,10,26.3
2025-06-21 16:00,192,진주,24.2,93,1.4,160,0.0,1000.2,1003.5,0.0,0.49,10,10,25.8
2025-06-21 17:00,192,진주,23.8,94,1.3,180,0.1,1000.3,1003.6,0.0,0.18,10,10,25.2
2025-06-21 18:00,192,진주,23.7,94,1.4,160,0.5,1000.4,1003.8,0.0,0.1,10,10,24.6
2025-06-21 19:00,192,진주,22.7,93,3.0,290,3.9,1001.5,1004.9,0.0,0.05,10,10,23.6
2025-06-21 20:00,192,진주,21.3,95,0.7,70,3.5,1001.4,1004.8,0.0,0.0,10,10,23.0
2025-06-21 21:00,192,진주,20.2,95,0.5,70,2.5,1001.5,1004.9,,,10,10,22.2
2025-06-21 22:00,192,진주,20.5,97,0.2,0,6.5,1000.8,1004.2,,,10,8,21.7
2025-06-21 23:00,192,진주,19.5,96,1.1,20,19.7,1001.3,1004.7,,,10,5,20.8
2025-06-22 00:00,192,진주,18.7,97,0.2,0,16.0,1002.1,1005.5,,,10,8,20.2
2025-06-22 01:00,192,진주,18.8,97,0.4,0,1.7,1001.7,1005.1,,,10,10,20.3
2025-06-22 02:00,192,진주,18.9,96,0.1,0,0.1,1002.4,1005.8,,,10,9,20.5
2025-06-22 03:00,192,진주,18.7,95,0.1,0,0.6,1002.0,1005.4,,,10,10,20.3
2025-06-22 04:00,192,진주,18.6,96,0.0,0,,1002.3,1005.7,,,10,9,20.2
2025-06-22 05:00,192,진주,18.5,97,0.1,0,,1002.4,1005.8,,,10,9,20.2
2025-06-22 06:00,192,진주,18.5,97,0.1,0,,1003.6,1007.0,0.0,0.01,10,5,20.2
2025-06-22 07:00,192,진주,18.8,98,0.0,0,0.1,1004.3,1007.7,0.0,0.15,10,3,21.0
2025-06-22 08:00,192,진주,19.5,91,0.3,0,,1004.6,1008.0,0.0,0.54,10,9,22.7
2025-06-22 09:00,192,진주,21.0,88,0.1,0,,1004.7,1008.1,0.0,1.1,10,9,26.6
2025-06-22 10:00,192,진주,21.5,84,0.5,270,,1004.7,1008.1,0.2,1.49,9,9,29.5
2025-06-22 11:00,192,진주,22.8,82,0.6,270,,1004.6,1008.0,0.4,2.11,9,2,32.8
2025-06-22 12:00,192,진주,25.0,73,0.5,230,,1003.5,1006.8,1.0,3.25,7,3,37.8
2025-06-22 13:00,192,진주,26.7,63,1.1,250,,1002.6,1005.9,1.0,3.57,7,1,39.3
2025-06-22 14:00,192,진주,27.4,56,0.8,270,,1002.4,1005.7,1.0,2.69,9,1,35.5
2025-06-22 15:00,192,진주,27.7,57,0.7,270,,1002.5,1005.8,0.8,1.96,8,2,32.6
2025-06-22 16:00,192,진주,27.2,59,0.3,0,,1002.8,1006.1,0.1,1.31,9,3,30.5
2025-06-22 17:00,192,진주,26.0,65,0.4,0,,1003.0,1006.3,0.2,1.05,9,1,29.0
2025-06-22 18:00,192,진주,24.3,74,0.9,230,,1003.2,1006.6,0.0,0.64,10,1,26.2
2025-06-22 19:00,192,진주,23.3,79,0.8,180,,1003.4,1006.8,0.1,0.27,10,1,24.6
2025-06-22 20:00,192,진주,22.2,83,1.0,180,,1003.7,1007.1,0.0,0.12,9,0,23.0
2025-06-22 21:00,192,진주,21.0,89,0.0,0,,1004.1,1007.5,,,6,0,22.0
2025-06-22 22:00,192,진주,19.4,95,0.0,0,,1004.7,1008.1,,,6,0,21.0
2025-06-22 23:00,192,진주,19.5,96,0.0,0,,1004.9,1008.3,,,6,4,20.8
2025-06-23 00:00,192,진주,18.8,97,0.0,0,,1004.9,1008.3,,,6,1,20.2
2025-06-23 01:00,192,진주,18.7,97,0.0,0,,1004.7,1008.1,,,10,4,20.2
2025-06-23 02:00,192,진주,18.7,97,0.0,0,,1004.5,1007.9,,,8,5,20.0
2025-06-23 03:00,192,진주,17.8,97,0.0,0,,1004.6,1008.0,,,0,0,19.7
2025-06-23 04:00,192,진주,18.0,97,0.1,0,,1004.7,1008.1,,,0,0,20.0
2025-06-23 05:00,192,진주,16.7,97,0.0,0,,1004.9,1008.4,,,0,0,19.0
2025-06-23 06:00,192,진주,16.5,97,0.0,0,,1004.9,1008.4,0.0,0.05,0,0,18.7
2025-06-23 07:00,192,진주,19.1,95,0.0,0,,1005.1,1008.5,0.7,0.52,0,0,20.9
2025-06-23 08:00,192,진주,21.7,82,0.3,0,,1005.3,1008.7,1.0,1.31,0,0,27.1
2025-06-23 09:00,192,진주,23.6,77,0.2,0,,1005.2,1008.6,1.0,2.04,0,0,32.2
2025-06-23 10:00,192,진주,25.8,67,0.3,0,,1005.0,1008.3,1.0,2.7,0,0,35.8
2025-06-23 11:00,192,진주,27.6,55,1.0,110,,1004.7,1008.0,1.0,3.19,0,0,38.1
2025-06-23 12:00,192,진주,29.2,53,1.0,50,,1004.2,1007.5,1.0,3.49,1,1,40.1
2025-06-23 13:00,192,진주,29.8,50,1.5,140,,1003.6,1006.9,1.0,3.6,0,0,40.2
2025-06-23 14:00,192,진주,31.0,45,0.4,0,,1003.4,1006.7,1.0,3.48,0,0,41.0
2025-06-23 15:00,192,진주,31.2,41,1.1,20,,1002.7,1006.0,1.0,3.15,2,1,37.5
2025-06-23 16:00,192,진주,30.6,55,0.6,160,,1002.4,1005.7,1.0,2.73,2,2,33.9
2025-06-23 17:00,192,진주,28.9,58,1.6,200,,1002.5,1005.8,1.0,2.09,2,2,29.9
2025-06-23 18:00,192,진주,28.5,61,0.6,180,,1002.5,1005.8,1.0,1.26,5,1,27.8
2025-06-23 19:00,192,진주,26.5,65,1.1,250,,1003.3,1006.6,0.9,0.52,0,0,26.0
2025-06-23 20:00,192,진주,23.5,76,0.0,0,,1004.1,1007.5,0.0,0.05,0,0,24.2
2025-06-23 21:00,192,진주,22.1,84,0.0,0,,1004.4,1007.8,,,0,0,23.0
2025-06-23 22:00,192,진주,20.8,90,0.0,0,,1004.7,1008.1,,,0,0,22.2
2025-06-23 23:00,192,진주,20.2,93,0.0,0,,1004.9,1008.3,,,6,0,21.7
2025-06-24 00:00,192,진주,19.5,94,0.0,0,,1005.3,1008.7,,,7,0,21.0
2025-06-24 01:00,192,진주,18.7,95,0.0,0,,1005.2,1008.6,,,8,0,20.3
2025-06-24 02:00,192,진주,18.1,96,0.0,0,,1005.4,1008.8,,,8,0,20.0
2025-06-24 03:00,192,진주,18.1,96,0.2,0,,1005.2,1008.6,,,7,0,19.6
2025-06-24 04:00,192,진주,17.3,95,0.0,0,,1005.2,1008.7,,,7,0,19.1
2025-06-24 05:00,192,진주,17.1,96,0.0,0,,1005.3,1008.8,,,7,1,18.8
2025-06-24 06:00,192,진주,17.6,97,0.0,0,,1005.5,1008.9,0.0,0.04,7,3,19.3
2025-06-24 07:00,192,진주,19.6,92,0.1,0,,1005.7,1009.1,0.3,0.42,9,2,22.1
2025-06-24 08:00,192,진주,21.5,82,0.4,0,,1005.8,1009.2,0.0,0.58,10,8,23.7
2025-06-24 09:00,192,진주,21.7,82,0.1,0,,1005.6,1009.0,0.0,0.37,10,9,23.6
2025-06-24 10:00,192,진주,22.2,86,0.3,0,0.1,1005.4,1008.8,0.0,0.46,10,10,24.8
2025-06-24 11:00,192,진주,20.8,88,0.5,70,0.8,1005.7,1009.1,0.0,0.29,10,10,23.7
2025-06-24 12:00,192,진주,20.0,93,0.1,0,2.2,1005.6,1009.0,0.0,0.26,10,10,22.8
2025-06-24 13:00,192,진주,19.8,95,0.9,340,2.7,1005.4,1008.8,0.0,0.31,10,10,23.3
2025-06-24 14:00,192,진주,19.9,95,0.7,360,0.9,1005.2,1008.6,0.0,0.47,10,10,24.1
2025-06-24 15:00,192,진주,20.1,95,0.4,0,0.4,1004.9,1008.3,0.0,0.4,9,9,23.7
2025-06-24 16:00,192,진주,20.2,96,0.2,0,0.2,1004.7,1008.1,0.0,0.26,10,10,23.6
2025-06-24 17:00,192,진주,20.2,96,0.2,0,0.5,1004.6,1008.0,0.0,0.18,9,9,23.0
2025-06-24 18:00,192,진주,20.1,96,0.0,0,0.2,1004.6,1008.0,0.0,0.1,10,10,22.6
2025-06-24 19:00,192,진주,20.1,96,0.1,0,0.7,1004.6,1008.0,0.0,0.04,10,10,22.2
2025-06-24 20:00,192,진주,20.1,97,0.1,0,2.8,1004.8,1008.2,0.0,0.01,10,10,21.8
2025-06-24 21:00,192,진주,20.1,97,0.2,0,0.4,1004.9,1008.3,,,9,9,21.7
2025-06-24 22:00,192,진주,20.1,97,0.0,0,0.3,1005.4,1008.8,,,8,8,21.7
2025-06-24 23:00,192,진주,20.1,98,0.0,0,0.5,1005.3,1008.7,,,10,10,21.7
2025-06-25 00:00,192,진주,20.1,98,0.1,0,0.1,1005.0,1008.4,,,10,10,21.7
2025-06-25 01:00,192,진주,20.0,98,0.0,0,0.2,1004.5,1007.9,,,9,9,21.7
2025-06-25 02:00,192,진주,20.2,98,0.0,0,0.3,1004.1,1007.5,,,9,9,21.7
2025-06-25 03:00,192,진주,20.1,98,0.0,0,0.1,1003.9,1007.3,,,9,9,21.7
2025-06-25 04:00,192,진주,20.2,100,0.0,0,,1003.9,1007.3,,,7,7,21.7
2025-06-25 05:00,192,진주,20.2,100,0.0,0,0.0,1004.0,1007.4,,,9,9,21.6
2025-06-25 06:00,192,진주,20.5,100,0.0,0,0.1,1003.9,1007.3,0.0,0.03,7,7,22.0
2025-06-25 07:00,192,진주,20.8,97,0.8,160,,1004.2,1007.6,0.0,0.17,7,7,22.6
2025-06-25 08:00,192,진주,21.1,92,0.9,110,,1005.1,1008.5,0.3,0.81,9,9,24.3
2025-06-25 09:00,192,진주,21.3,90,1.4,110,,1005.2,1008.6,0.0,0.69,9,9,25.4
2025-06-25 10:00,192,진주,21.9,83,2.2,180,,1005.2,1008.6,0.0,1.52,9,9,28.5
2025-06-25 11:00,192,진주,22.7,84,0.8,140,,1004.8,1008.2,0.4,2.02,9,9,31.7
2025-06-25 12:00,192,진주,24.4,77,1.0,180,,1004.7,1008.1,0.5,2.69,7,7,34.6
2025-06-25 13:00,192,진주,25.6,74,1.8,200,,1004.5,1007.8,0.9,3.48,6,2,38.5
2025-06-25 14:00,192,진주,26.9,71,1.8,180,,1004.0,1007.3,1.0,3.34,4,2,37.9
2025-06-25 15:00,192,진주,27.2,69,1.3,250,,1004.0,1007.3,1.0,3.22,4,1,36.7
2025-06-25 16:00,192,진주,26.7,70,1.5,160,,1004.0,1007.3,1.0,2.7,4,1,31.2
2025-06-25 17:00,192,진주,26.2,71,1.8,200,,1004.0,1007.3,1.0,1.98,0,0,28.1
2025-06-25 18:00,192,진주,25.5,74,1.7,160,,1004.1,1007.4,1.0,1.23,1,1,26.2
2025-06-25 19:00,192,진주,24.2,78,1.1,160,,1004.5,1007.9,0.9,0.51,1,1,24.7
2025-06-25 20:00,192,진주,22.7,83,1.4,110,,1004.7,1008.1,0.0,0.05,1,1,23.3
2025-06-25 21:00,192,진주,21.8,86,0.2,0,,1005.2,1008.6,,,0,0,22.7
2025-06-25 22:00,192,진주,21.3,87,0.2,0,,1005.5,1008.9,,,5,1,22.0
2025-06-25 23:00,192,진주,21.2,88,0.4,0,,1005.9,1009.3,,,2,1,21.6
2025-06-26 00:00,192,진주,21.0,89,0.3,0,,1006.0,1009.4,,,4,1,21.3
2025-06-26 01:00,192,진주,20.3,91,0.1,0,,1006.3,1009.7,,,4,1,20.8
2025-06-26 02:00,192,진주,21.0,87,0.6,200,,1005.9,1009.3,,,6,1,20.6
2025-06-26 03:00,192,진주,20.8,84,0.9,230,,1005.7,1009.1,,,7,1,20.5
2025-06-26 04:00,192,진주,19.7,89,0.6,160,,1005.9,1009.3,,,7,1,20.2
2025-06-26 05:00,192,진주,19.2,92,0.6,160,,1006.0,1009.4,,,5,1,19.8
2025-06-26 06:00,192,진주,19.1,91,0.2,0,,1006.0,1009.4,0.0,0.03,3,1,19.8
2025-06-26 07:00,192,진주,19.5,93,0.2,0,,1005.9,1009.3,0.3,0.25,6,1,21.3
2025-06-26 08:00,192,진주,22.9,77,0.2,0,,1006.3,1009.7,1.0,1.09,5,1,27.0
2025-06-26 09:00,192,진주,24.8,63,0.2,0,,1006.4,1009.8,1.0,1.94,3,1,32.4
2025-06-26 10:00,192,진주,25.8,63,0.5,290,,1006.1,1009.4,1.0,2.62,5,1,36.5
2025-06-26 11:00,192,진주,27.4,61,0.7,140,,1005.8,1009.1,1.0,3.07,3,3,38.5
2025-06-26 12:00,192,진주,28.1,58,0.6,200,,1005.4,1008.7,1.0,3.35,3,1,40.2
2025-06-26 13:00,192,진주,29.1,59,1.3,250,,1004.9,1008.2,1.0,3.44,3,1,40.4
2025-06-26 14:00,192,진주,28.9,59,1.9,140,,1004.6,1007.9,1.0,3.28,5,1,38.9
2025-06-26 15:00,192,진주,29.7,57,1.3,110,,1004.3,1007.6,1.0,3.05,3,0,37.0
2025-06-26 16:00,192,진주,29.8,59,1.2,200,,1004.4,1007.7,1.0,2.47,5,1,33.2
2025-06-26 17:00,192,진주,27.9,64,1.0,160,,1004.1,1007.4,0.9,1.09,8,3,30.2
2025-06-26 18:00,192,진주,27.7,65,1.5,180,,1004.3,1007.6,0.5,0.85,7,7,28.5
2025-06-26 19:00,192,진주,26.4,69,1.3,180,,1004.6,1007.9,0.6,0.48,8,8,27.0
2025-06-26 20:00,192,진주,24.7,74,0.0,0,,1005.0,1008.4,0.0,0.08,8,8,25.0
2025-06-26 21:00,192,진주,22.6,86,0.1,0,,1005.2,1008.6,,,7,5,24.0
2025-06-26 22:00,192,진주,23.1,81,0.6,200,,1005.8,1009.2,,,3,0,23.2
2025-06-26 23:00,192,진주,22.5,82,0.1,0,,1006.0,1009.4,,,5,0,22.8
2025-06-27 00:00,192,진주,21.1,91,0.0,0,,1005.8,1009.2,,,0,0,22.3
2025-06-27 01:00,192,진주,20.5,94,0.1,0,,1005.7,1009.1,,,6,3,22.1
2025-06-27 02:00,192,진주,20.3,95,0.0,0,,1005.4,1008.8,,,8,3,21.7
2025-06-27 03:00,192,진주,20.1,96,0.0,0,,1005.2,1008.6,,,8,7,21.7
2025-06-27 04:00,192,진주,19.7,96,0.0,0,,1005.3,1008.7,,,0,0,21.1
2025-06-27 05:00,192,진주,19.3,97,0.0,0,,1005.6,1009.0,,,8,1,20.7
2025-06-27 06:00,192,진주,19.9,97,0.0,0,,1006.0,1009.4,0.0,0.05,8,4,21.2
2025-06-27 07:00,192,진주,21.7,93,0.0,0,,1006.3,1009.7,0.7,0.44,6,0,23.7
2025-06-27 08:00,192,진주,23.3,87,0.3,0,,1006.2,1009.6,1.0,1.06,3,0,28.4
2025-06-27 09:00,192,진주,25.3,78,0.4,0,,1006.2,1009.6,1.0,1.92,6,0,33.5
2025-06-27 10:00,192,진주,26.8,69,0.5,290,,1005.8,1009.1,1.0,2.46,7,0,37.5
2025-06-27 11:00,192,진주,28.4,68,0.6,290,,1005.6,1008.9,1.0,2.91,7,0,39.7
2025-06-27 12:00,192,진주,29.4,66,0.6,270,,1005.2,1008.5,1.0,3.16,6,0,41.7
2025-06-27 13:00,192,진주,30.1,64,0.4,0,,1004.7,1008.0,1.0,3.12,6,0,39.8
2025-06-27 14:00,192,진주,30.9,58,1.0,290,,1004.4,1007.7,1.0,3.24,4,2,42.7
2025-06-27 15:00,192,진주,31.0,60,1.4,180,,1004.2,1007.5,1.0,2.83,3,0,40.0
2025-06-27 16:00,192,진주,30.6,59,1.4,180,,1004.2,1007.5,1.0,2.37,6,1,34.9
2025-06-27 17:00,192,진주,30.3,60,1.1,180,,1003.9,1007.2,1.0,1.79,6,3,32.3
2025-06-27 18:00,192,진주,29.3,63,0.5,160,,1003.9,1007.2,1.0,1.16,2,2,29.7
2025-06-27 19:00,192,진주,27.3,66,0.1,0,,1004.3,1007.6,0.9,0.47,3,1,27.7
2025-06-27 20:00,192,진주,25.9,71,0.5,160,,1004.9,1008.2,0.0,0.04,0,0,25.9
2025-06-27 21:00,192,진주,25.1,75,0.5,160,,1005.5,1008.9,,,0,0,25.1
2025-06-27 22:00,192,진주,24.7,79,0.5,180,,1005.9,1009.3,,,0,0,24.6
2025-06-27 23:00,192,진주,24.3,82,0.4,0,,1005.9,1009.3,,,0,0,24.2
2025-06-28 00:00,192,진주,23.4,87,0.2,0,,1005.8,1009.2,,,0,0,23.8
2025-06-28 01:00,192,진주,22.6,92,0.1,0,,1005.9,1009.3,,,0,0,23.5
2025-06-28 02:00,192,진주,22.2,93,0.0,0,,1005.7,1009.1,,,0,0,23.2
2025-06-28 03:00,192,진주,21.6,95,0.0,0,,1005.4,1008.8,,,0,0,22.7
2025-06-28 04:00,192,진주,21.6,96,0.0,0,,1005.5,1008.9,,,0,0,22.7
2025-06-28 05:00,192,진주,21.2,96,0.0,0,,1005.3,1008.7,,,0,0,22.2
2025-06-28 06:00,192,진주,21.7,96,0.0,0,,1005.6,1009.0,0.0,0.07,7,4,23.2
2025-06-28 07:00,192,진주,22.7,95,0.0,0,,1005.8,1009.2,0.0,0.19,0,0,24.8
2025-06-28 08:00,192,진주,23.7,92,0.0,0,,1006.0,1009.4,0.0,0.59,6,6,26.8
2025-06-28 09:00,192,진주,25.0,90,0.2,0,,1005.9,1009.3,0.0,0.77,6,6,29.0
2025-06-28 10:00,192,진주,27.7,81,0.5,70,,1005.3,1008.6,0.8,2.11,5,5,37.3
2025-06-28 11:00,192,진주,29.2,77,1.0,230,,1004.8,1008.1,1.0,2.94,2,1,41.8
2025-06-28 12:00,192,진주,30.7,71,1.3,200,,1004.3,1007.6,1.0,3.22,4,1,45.5
2025-06-28 13:00,192,진주,31.3,68,1.7,200,,1004.1,1007.4,1.0,3.28,4,1,47.4
2025-06-28 14:00,192,진주,31.8,70,1.5,160,,1003.6,1006.9,1.0,3.31,4,1,48.0
2025-06-28 15:00,192,진주,32.0,68,1.3,180,,1003.2,1006.5,1.0,3.0,4,1,44.5
2025-06-28 16:00,192,진주,31.5,71,1.1,160,,1002.9,1006.2,1.0,2.52,1,1,37.9
2025-06-28 17:00,192,진주,30.4,73,1.7,180,,1002.8,1006.1,1.0,1.91,3,1,34.4
2025-06-28 18:00,192,진주,29.3,74,1.0,160,,1002.9,1006.2,1.0,1.25,5,1,31.9
2025-06-28 19:00,192,진주,27.6,80,0.3,0,,1003.7,1007.0,0.2,0.22,3,1,29.2
2025-06-28 20:00,192,진주,27.3,81,1.5,230,,1004.1,1007.4,0.0,0.02,7,7,28.5
2025-06-28 21:00,192,진주,26.3,85,0.4,0,,1004.5,1007.8,,,0,0,27.2
2025-06-28 22:00,192,진주,25.5,89,0.4,0,,1004.6,1007.9,,,0,0,26.2
2025-06-28 23:00,192,진주,24.7,92,0.6,200,,1004.7,1008.1,,,0,0,25.7
2025-06-29 00:00,192,진주,24.1,94,0.1,0,,1004.5,1007.8,,,0,0,25.1
2025-06-29 01:00,192,진주,23.7,95,0.4,0,,1004.5,1007.9,,,0,0,24.9
2025-06-29 02:00,192,진주,23.6,96,1.0,200,,1004.4,1007.8,,,0,0,25.2
2025-06-29 03:00,192,진주,24.0,95,0.5,200,,1004.3,1007.7,,,0,0,25.2
2025-06-29 04:00,192,진주,24.1,95,0.2,0,,1004.5,1007.9,,,0,0,25.2
2025-06-29 05:00,192,진주,23.8,95,0.5,140,,1004.6,1008.0,,,0,0,25.2
2025-06-29 06:00,192,진주,24.0,95,0.2,0,,1005.1,1008.5,0.0,0.01,0,0,25.2
2025-06-29 07:00,192,진주,24.3,94,0.8,180,,1005.4,1008.8,0.0,0.1,0,0,25.8
2025-06-29 08:00,192,진주,24.8,92,0.4,0,,1005.8,1009.2,0.0,0.31,9,9,27.0
2025-06-29 09:00,192,진주,25.8,88,0.1,0,,1006.0,1009.3,0.0,0.59,6,6,28.9
2025-06-29 10:00,192,진주,28.1,77,0.2,0,,1005.9,1009.2,0.7,2.07,3,3,39.3
2025-06-29 11:00,192,진주,29.5,74,0.8,290,,1005.8,1009.1,1.0,3.06,0,0,46.5
2025-06-29 12:00,192,진주,31.3,71,1.1,180,,1005.1,1008.4,1.0,3.29,0,0,50.5
2025-06-29 13:00,192,진주,31.4,68,1.7,200,,1004.6,1007.9,1.0,3.4,2,1,51.8
2025-06-29 14:00,192,진주,31.8,66,1.7,200,,1004.3,1007.6,1.0,3.36,2,1,51.9
2025-06-29 15:00,192,진주,31.2,66,1.6,200,,1004.4,1007.7,1.0,3.02,2,1,46.9
2025-06-29 16:00,192,진주,31.2,68,2.1,200,,1004.5,1007.8,1.0,2.58,0,0,39.1
2025-06-29 17:00,192,진주,31.2,67,1.0,180,,1004.4,1007.7,1.0,2.0,0,0,35.1
2025-06-29 18:00,192,진주,30.1,70,1.4,200,,1004.5,1007.8,1.0,1.3,0,0,32.5
2025-06-29 19:00,192,진주,28.7,74,1.1,140,,1004.9,1008.2,0.9,0.57,0,0,30.2
2025-06-29 20:00,192,진주,27.1,78,1.3,160,,1005.2,1008.5,0.0,0.04,0,0,28.3
2025-06-29 21:00,192,진주,26.3,80,1.4,160,,1005.9,1009.2,,,0,0,27.2
2025-06-29 22:00,192,진주,25.7,82,1.2,160,,1006.2,1009.5,,,0,0,26.5
2025-06-29 23:00,192,진주,25.2,85,0.4,0,,1006.5,1009.9,,,0,0,26.0
2025-06-30 00:00,192,진주,24.7,88,0.9,200,,1006.8,1010.1,,,0,0,25.5
2025-06-30 01:00,192,진주,24.2,90,0.1,0,,1006.9,1010.3,,,0,0,25.1
2025-06-30 02:00,192,진주,23.7,93,0.1,0,,1007.2,1010.6,,,0,0,24.6
2025-06-30 03:00,192,진주,22.7,95,0.0,0,,1007.3,1010.7,,,0,0,23.8
2025-06-30 04:00,192,진주,22.4,96,0.0,0,,1007.3,1010.7,,,0,0,23.5
2025-06-30 05:00,192,진주,22.2,96,0.0,0,,1007.6,1011.0,,,0,0,23.7
2025-06-30 06:00,192,진주,23.1,96,0.0,0,,1008.2,1011.6,0.0,0.03,0,0,24.7
2025-06-30 07:00,192,진주,24.2,95,0.0,0,,1008.6,1012.0,0.0,0.22,0,0,26.3
2025-06-30 08:00,192,진주,24.9,92,0.3,0,,1008.8,1012.2,0.0,0.45,0,0,27.7
2025-06-30 09:00,192,진주,27.5,84,0.2,0,,1008.7,1012.0,0.8,1.7,0,0,37.6
2025-06-30 10:00,192,진주,29.9,75,0.8,290,,1008.6,1011.9,1.0,2.57,2,1,45.3
2025-06-30 11:00,192,진주,31.1,69,1.5,110,,1008.2,1011.5,1.0,3.06,3,1,50.2
2025-06-30 12:00,192,진주,31.5,66,1.4,160,,1008.3,1011.6,1.0,3.35,4,1,54.0
2025-06-30 13:00,192,진주,32.0,63,1.5,160,,1008.2,1011.5,1.0,3.43,2,1,54.9
2025-06-30 14:00,192,진주,32.0,64,1.3,160,,1008.0,1011.3,1.0,3.37,2,1,54.6
2025-06-30 15:00,192,진주,31.4,67,1.5,180,,1007.8,1011.1,1.0,2.99,4,1,48.7
2025-06-30 16:00,192,진주,31.6,66,1.9,140,,1007.6,1010.9,1.0,2.51,6,1,40.0
2025-06-30 17:00,192,진주,30.9,69,1.4,160,,1007.6,1010.9,1.0,1.89,6,1,36.0
2025-06-30 18:00,192,진주,29.8,70,1.2,200,,1007.6,1010.9,1.0,1.23,5,1,32.9
2025-06-30 19:00,192,진주,28.5,75,0.9,140,,1007.9,1011.2,0.9,0.55,0,0,30.6
2025-06-30 20:00,192,진주,26.8,82,1.5,180,,1008.3,1011.6,0.0,0.04,0,0,28.7
2025-06-30 21:00,192,진주,26.3,84,0.6,110,,1008.8,1012.1,,,0,0,27.7
2025-06-30 22:00,192,진주,25.8,88,0.9,160,,1009.3,1012.7,,,0,0,27.1
2025-06-30 23:00,192,진주,25.3,89,0.2,0,,1009.3,1012.7,,,0,0,26.5
2025-06-01 00:00,221,제천,15.1,90,0.4,0,,980.3,1011.2,,,0,0,15.4
2025-06-01 01:00,221,제천,13.7,96,0.0,0,,980.4,1011.5,,,6,4,14.8
2025-06-01 02:00,221,제천,13.1,96,0.3,0,,980.4,1011.6,,,0,0,14.2
2025-06-01 03:00,221,제천,12.8,98,0.7,230,,980.4,1011.6,,,0,0,13.6
2025-06-01 04:00,221,제천,12.1,97,0.1,0,,980.9,1012.2,,,6,0,13.2
2025-06-01 05:00,221,제천,12.2,98,0.2,0,,980.9,1012.2,,,8,0,13.6
2025-06-01 06:00,221,제천,12.7,94,0.5,250,,981.4,1012.7,0.0,,7,0,14.0
2025-06-01 07:00,221,제천,13.6,88,0.1,0,,981.8,1013.0,0.3,,0,0,15.2
2025-06-01 08:00,221,제천,15.5,71,1.0,110,,981.7,1012.7,1.0,,0,0,21.4
2025-06-01 09:00,221,제천,17.9,64,0.7,140,,981.2,1011.9,1.0,,0,0,26.6
2025-06-01 10:00,221,제천,20.0,56,0.5,110,,980.8,1011.2,1.0,,0,0,31.3
2025-06-01 11:00,221,제천,22.5,52,0.8,140,,980.1,1010.2,1.0,,0,0,36.0
2025-06-01 12:00,221,제천,24.6,49,0.7,140,,979.6,1009.4,1.0,,0,0,40.5
2025-06-01 13:00,221,제천,25.9,46,1.3,160,,978.4,1008.0,1.0,,0,0,43.1
2025-06-01 14:00,221,제천,27.3,42,1.3,200,,977.8,1007.3,1.0,,1,0,43.9
2025-06-01 15:00,221,제천,27.2,45,2.1,230,,977.4,1006.9,1.0,,0,0,41.2
2025-06-01 16:00,221,제천,27.7,39,2.7,230,,977.1,1006.5,1.0,,0,0,37.5
2025-06-01 17:00,221,제천,27.2,38,2.7,270,,977.1,1006.6,1.0,,5,0,31.2
2025-06-01 18:00,221,제천,26.7,39,1.9,270,,976.8,1006.3,0.7,,6,0,27.2
2025-06-01 19:00,221,제천,24.3,46,1.0,320,,976.8,1006.6,0.4,,7,0,24.3
2025-06-01 20:00,221,제천,21.4,63,0.3,0,,976.8,1006.9,0.0,,8,0,21.8
2025-06-01 21:00,221,제천,20.0,72,0.2,0,,977.9,1008.2,,,9,0,20.4
2025-06-01 22:00,221,제천,20.1,68,0.6,360,,977.6,1007.9,,,9,0,19.7
2025-06-01 23:00,221,제천,17.9,83,0.5,50,,977.8,1008.3,,,8,0,18.7
2025-06-02 00:00,221,제천,17.5,87,0.1,0,,977.6,1008.0,,,8,0,18.2
2025-06-02 01:00,221,제천,16.6,89,0.1,0,,977.4,1008.1,,,9,0,17.7
2025-06-02 02:00,221,제천,16.8,87,0.2,0,,976.7,1007.3,,,10,0,17.5
2025-06-02 03:00,221,제천,16.4,93,0.3,0,,976.6,1007.3,,,10,0,17.4
2025-06-02 04:00,221,제천,16.1,92,0.1,0,,976.4,1007.1,,,10,0,17.2
2025-06-02 05:00,221,제천,16.1,94,0.0,0,,976.2,1006.9,,,10,0,17.2
2025-06-02 06:00,221,제천,16.3,94,0.2,0,,976.5,1007.2,0.0,,9,0,17.4
2025-06-02 07:00,221,제천,17.1,87,0.1,0,,976.3,1006.9,0.0,,10,2,18.2
2025-06-02 08:00,221,제천,17.6,82,0.1,0,,975.7,1006.2,0.0,,10,0,19.8
2025-06-02 09:00,221,제천,18.5,76,0.9,70,,975.6,1006.0,0.0,,10,1,20.4
2025-06-02 10:00,221,제천,19.0,76,0.5,140,,975.2,1005.5,0.0,,10,0,21.6
2025-06-02 11:00,221,제천,19.5,72,0.3,0,,975.2,1005.5,0.0,,10,0,21.1
2025-06-02 12:00,221,제천,19.4,82,2.0,50,0.1,974.9,1005.2,0.0,,10,7,21.9
2025-06-02 13:00,221,제천,20.3,76,2.0,70,0.0,974.3,1004.5,0.0,,10,3,23.2
2025-06-02 14:00,221,제천,21.1,78,1.1,70,0.0,973.3,1003.3,0.0,,10,4,24.4
2025-06-02 15:00,221,제천,21.2,73,1.4,70,0.0,972.8,1002.8,0.0,,10,8,24.0
2025-06-02 16:00,221,제천,21.4,69,0.8,200,0.0,972.5,1002.5,0.0,,10,7,23.1
2025-06-02 17:00,221,제천,21.2,70,0.2,0,,971.7,1001.7,0.0,,10,2,22.7
2025-06-02 18:00,221,제천,20.6,77,0.6,20,,971.3,1001.3,0.0,,9,9,20.8
2025-06-02 19:00,221,제천,19.6,82,0.0,0,,971.3,1001.4,0.0,,10,1,20.0
2025-06-02 20:00,221,제천,19.1,85,0.4,0,,971.5,1001.7,0.0,,10,10,19.2
2025-06-02 21:00,221,제천,18.5,82,0.0,0,,971.7,1002.0,,,10,10,18.8
2025-06-02 22:00,221,제천,18.2,80,0.6,20,,971.7,1002.0,,,10,10,18.3
2025-06-02 23:00,221,제천,17.8,85,0.3,0,,971.4,1001.8,,,10,9,18.2
2025-06-03 00:00,221,제천,17.7,87,0.5,70,,970.5,1000.6,,,9,9,17.9
2025-06-03 01:00,221,제천,17.5,87,0.3,0,,970.2,1000.6,,,9,9,17.8
2025-06-03 02:00,221,제천,17.4,84,0.6,20,,969.8,1000.2,,,10,10,17.5
2025-06-03 03:00,221,제천,16.9,92,0.0,0,,969.5,999.9,,,10,10,17.5
2025-06-03 04:00,221,제천,16.6,94,0.1,0,,969.3,999.7,,,10,10,17.4
2025-06-03 05:00,221,제천,16.5,95,0.0,0,,969.3,999.8,,,10,10,17.2
2025-06-03 06:00,221,제천,16.6,92,0.2,0,,969.5,999.9,0.0,,9,9,17.4
2025-06-03 07:00,221,제천,17.0,93,0.0,0,,969.4,999.8,0.0,,9,9,18.6
2025-06-03 08:00,221,제천,18.1,82,0.1,0,,969.3,999.6,0.0,,9,9,20.8
2025-06-03 09:00,221,제천,20.4,68,1.3,250,,969.2,999.2,0.3,,3,3,28.2
2025-06-03 10:00,221,제천,22.1,64,2.5,230,,968.9,998.7,0.7,,7,7,32.3
2025-06-03 11:00,221,제천,23.8,53,2.8,250,,968.3,997.9,1.0,,5,1,36.6
2025-06-03 12:00,221,제천,24.5,48,3.3,230,,968.1,997.6,0.8,,4,2,38.9
2025-06-03 13:00,221,제천,24.8,46,3.8,250,,967.8,997.2,0.7,,4,2,41.7
2025-06-03 14:00,221,제천,24.4,45,4.3,250,,967.6,997.1,0.8,,4,2,36.5
2025-06-03 15:00,221,제천,24.3,42,4.1,270,,967.5,997.0,0.7,,4,1,37.6
2025-06-03 16:00,221,제천,23.7,46,3.8,270,,967.8,997.4,0.9,,4,0,34.2
2025-06-03 17:00,221,제천,23.0,48,5.2,270,,967.8,997.4,0.7,,4,1,29.4
2025-06-03 18:00,221,제천,22.5,41,4.0,270,,968.3,998.0,0.9,,0,0,24.5
2025-06-03 19:00,221,제천,21.2,38,3.6,250,,969.0,998.9,1.0,,2,0,20.9
2025-06-03 20:00,221,제천,19.8,46,2.1,250,,970.1,1000.2,0.1,,0,0,18.7
2025-06-03 21:00,221,제천,18.8,47,2.2,250,,970.8,1001.0,,,0,0,17.2
2025-06-03 22:00,221,제천,15.3,62,0.1,0,,971.5,1002.2,,,0,0,15.7
2025-06-03 23:00,221,제천,16.5,49,1.6,270,,971.8,1002.3,,,0,0,14.7
2025-06-04 00:00,221,제천,15.6,51,1.6,270,,971.7,1002.3,,,0,0,13.9
2025-06-04 01:00,221,제천,14.5,56,2.1,270,,971.6,1002.4,,,0,0,13.2
2025-06-04 02:00,221,제천,12.9,65,1.2,270,,971.9,1002.9,,,0,0,12.6
2025-06-04 03:00,221,제천,10.6,84,0.0,0,,972.3,1003.6,,,0,0,11.8
2025-06-04 04:00,221,제천,11.5,75,1.0,270,,972.5,1003.7,,,0,0,11.6
2025-06-04 05:00,221,제천,11.2,77,1.2,250,,972.7,1003.9,,,0,0,11.4
2025-06-04 06:00,221,제천,11.5,79,1.0,250,,973.0,1004.2,0.3,,0,0,12.0
2025-06-04 07:00,221,제천,14.4,63,1.5,250,,973.1,1003.9,1.0,,0,0,15.3
2025-06-04 08:00,221,제천,16.1,59,2.7,230,,973.4,1004.0,1.0,,0,0,22.3
2025-06-04 09:00,221,제천,18.3,55,1.6,250,,973.1,1003.5,1.0,,0,0,29.5
2025-06-04 10:00,221,제천,20.3,46,3.8,250,,972.9,1003.0,1.0,,0,0,35.2
2025-06-04 11:00,221,제천,21.7,44,4.1,250,,972.7,1002.6,1.0,,0,0,39.8
2025-06-04 12:00,221,제천,23.6,35,4.1,270,,972.1,1001.8,0.9,,2,2,37.8
2025-06-04 13:00,221,제천,23.8,28,5.2,270,,972.0,1001.7,0.8,,4,1,36.8
2025-06-04 14:00,221,제천,23.9,30,5.0,250,,971.7,1001.4,0.7,,5,3,35.3
2025-06-04 15:00,221,제천,23.7,26,5.4,250,,971.6,1001.3,0.3,,5,5,33.4
2025-06-04 16:00,221,제천,24.1,29,5.1,250,,971.7,1001.3,0.8,,2,1,33.7
2025-06-04 17:00,221,제천,23.4,31,4.1,250,,972.3,1002.0,1.0,,0,0,28.7
2025-06-04 18:00,221,제천,22.4,31,5.0,270,,972.9,1002.8,1.0,,0,0,23.4
2025-06-04 19:00,221,제천,20.8,38,2.8,270,,974.0,1004.1,0.7,,1,0,20.5
2025-06-04 20:00,221,제천,19.6,46,2.2,250,,975.0,1005.3,0.0,,1,0,18.5
2025-06-04 21:00,221,제천,18.7,51,2.4,270,,976.3,1006.7,,,0,0,17.3
2025-06-04 22:00,221,제천,16.7,60,1.0,320,,977.5,1008.2,,,0,0,16.3
2025-06-04 23:00,221,제천,15.4,67,1.2,290,,977.9,1008.8,,,0,0,15.1
2025-06-05 00:00,221,제천,14.3,71,0.2,0,,977.9,1008.7,,,0,0,14.4
2025-06-05 01:00,221,제천,14.1,75,0.4,0,,978.4,1009.4,,,0,0,13.7
2025-06-05 02:00,221,제천,11.7,91,0.1,0,,978.9,1010.2,,,0,0,12.8
2025-06-05 03:00,221,제천,10.9,93,0.2,0,,979.4,1010.8,,,0,0,12.3
2025-06-05 04:00,221,제천,10.1,96,0.1,0,,979.9,1011.5,,,0,0,11.6
2025-06-05 05:00,221,제천,9.7,97,0.3,0,,979.9,1011.5,,,0,0,11.3
2025-06-05 06:00,221,제천,10.3,98,0.0,0,,980.9,1012.5,0.4,,0,0,11.9
2025-06-05 07:00,221,제천,13.7,84,0.0,0,,981.3,1012.5,1.0,,0,0,15.7
2025-06-05 08:00,221,제천,15.7,71,0.5,90,,981.6,1012.5,1.0,,0,0,23.3
2025-06-05 09:00,221,제천,17.9,65,1.2,230,,981.5,1012.2,1.0,,0,0,30.5
2025-06-05 10:00,221,제천,20.4,56,2.7,250,,981.1,1011.5,1.0,,0,0,37.0
2025-06-05 11:00,221,제천,22.9,49,3.4,230,,981.1,1011.2,1.0,,0,0,41.9
2025-06-05 12:00,221,제천,23.2,45,3.8,230,,981.1,1011.1,1.0,,5,1,44.9
2025-06-05 13:00,221,제천,24.8,39,3.0,250,,980.5,1010.3,1.0,,1,1,47.2
2025-06-05 14:00,221,제천,25.3,38,3.6,230,,979.9,1009.7,1.0,,2,1,46.2
2025-06-05 15:00,221,제천,25.7,37,2.9,250,,979.2,1008.9,1.0,,4,0,44.0
2025-06-05 16:00,221,제천,26.0,38,3.2,250,,979.3,1009.0,0.7,,7,1,38.8
2025-06-05 17:00,221,제천,25.4,37,2.3,270,,979.0,1008.7,0.8,,8,1,33.3
2025-06-05 18:00,221,제천,24.5,39,2.5,230,,978.7,1008.5,0.8,,7,0,27.4
2025-06-05 19:00,221,제천,23.3,46,1.9,230,,979.0,1008.9,0.1,,6,0,24.0
2025-06-05 20:00,221,제천,19.6,67,0.1,0,,979.7,1010.1,0.0,,0,0,20.7
2025-06-05 21:00,221,제천,17.9,72,0.1,0,,980.0,1010.6,,,8,0,19.2
2025-06-05 22:00,221,제천,17.1,77,0.7,20,,980.0,1010.7,,,8,0,18.2
2025-06-05 23:00,221,제천,15.4,84,0.7,20,,979.9,1010.8,,,2,0,16.9
2025-06-06 00:00,221,제천,15.0,86,0.5,320,,980.1,1011.0,,,8,0,16.6
2025-06-06 01:00,221,제천,14.6,87,0.1,0,,979.9,1010.9,,,9,0,16.3
2025-06-06 02:00,221,제천,14.1,93,0.1,0,,980.0,1011.1,,,9,0,15.8
2025-06-06 03:00,221,제천,13.9,92,0.3,0,,979.8,1010.9,,,6,0,15.6
2025-06-06 04:00,221,제천,13.6,94,0.3,0,,979.7,1010.8,,,8,0,15.3
2025-06-06 05:00,221,제천,13.4,94,0.4,0,,979.8,1011.0,,,8,0,15.1
2025-06-06 06:00,221,제천,13.7,95,0.4,0,,980.2,1011.3,0.0,,10,2,16.0
2025-06-06 07:00,221,제천,15.0,86,0.4,0,,980.3,1011.3,0.0,,9,0,17.8
2025-06-06 08:00,221,제천,16.4,78,0.3,0,,980.4,1011.2,0.1,,8,0,21.3
2025-06-06 09:00,221,제천,19.1,65,0.5,180,,980.4,1010.9,0.5,,8,1,29.1
2025-06-06 10:00,221,제천,21.2,53,0.8,200,,979.9,1010.1,0.6,,8,2,31.6
2025-06-06 11:00,221,제천,23.7,40,1.8,250,,979.7,1009.6,0.7,,8,2,38.0
2025-06-06 12:00,221,제천,25.5,35,2.4,250,,979.3,1009.0,1.0,,7,2,44.4
2025-06-06 13:00,221,제천,26.2,32,3.4,230,,978.5,1008.1,1.0,,7,2,45.4
2025-06-06 14:00,221,제천,26.7,34,3.1,230,,977.9,1007.4,1.0,,7,2,44.8
2025-06-06 15:00,221,제천,26.3,35,3.1,250,,977.8,1007.4,0.9,,7,2,38.2
2025-06-06 16:00,221,제천,26.1,34,2.7,250,,977.6,1007.2,0.3,,7,1,33.5
2025-06-06 17:00,221,제천,26.6,37,1.7,270,,977.3,1006.8,0.5,,8,1,32.8
2025-06-06 18:00,221,제천,26.5,40,1.8,250,,977.6,1007.2,0.9,,8,0,28.7
2025-06-06 19:00,221,제천,25.2,37,3.6,250,,978.1,1007.8,0.9,,5,0,24.4
2025-06-06 20:00,221,제천,21.8,51,0.5,50,,978.4,1008.5,0.0,,6,0,21.2
2025-06-06 21:00,221,제천,18.2,67,0.5,20,,978.9,1009.4,,,0,0,19.0
2025-06-06 22:00,221,제천,17.0,73,0.4,0,,979.1,1009.8,,,3,0,17.8
2025-06-06 23:00,221,제천,16.8,71,0.5,50,,979.3,1010.0,,,5,0,17.2
2025-06-07 00:00,221,제천,15.0,82,0.0,0,,979.1,1010.0,,,3,0,16.2
2025-06-07 01:00,221,제천,13.8,91,0.1,0,,979.1,1010.2,,,0,0,15.4
2025-06-07 02:00,221,제천,13.4,93,0.0,0,,979.3,1010.4,,,0,0,14.9
2025-06-07 03:00,221,제천,12.9,96,0.0,0,,979.3,1010.5,,,4,0,14.3
2025-06-07 04:00,221,제천,12.4,97,0.0,0,,979.2,1010.5,,,7,0,13.9
2025-06-07 05:00,221,제천,12.2,97,0.1,0,,979.0,1010.3,,,6,0,13.7
2025-06-07 06:00,221,제천,12.6,96,0.0,0,,979.2,1010.4,0.0,,9,0,14.9
2025-06-07 07:00,221,제천,14.7,88,0.3,0,,979.1,1010.1,0.0,,8,0,17.7
2025-06-07 08:00,221,제천,17.4,75,0.2,0,,979.2,1009.9,0.9,,7,0,24.1
2025-06-07 09:00,221,제천,20.4,61,0.5,90,,979.7,1010.0,1.0,,7,0,32.1
2025-06-07 10:00,221,제천,24.3,44,2.1,230,,979.4,1009.2,1.0,,0,0,39.9
2025-06-07 11:00,221,제천,25.2,39,3.3,200,,978.8,1008.5,1.0,,7,0,33.8
2025-06-07 12:00,221,제천,25.9,39,3.0,230,,978.3,1007.9,1.0,,7,2,36.5
2025-06-07 13:00,221,제천,26.6,41,3.1,200,,977.7,1007.2,1.0,,1,1,40.4
2025-06-07 14:00,221,제천,27.7,38,2.8,250,,977.5,1006.9,1.0,,5,2,41.0
2025-06-07 15:00,221,제천,27.9,41,2.3,230,,977.2,1006.6,0.8,,6,1,39.2
2025-06-07 16:00,221,제천,27.6,41,2.3,250,,976.7,1006.1,0.8,,5,0,36.4
2025-06-07 17:00,221,제천,27.2,45,2.3,270,,976.9,1006.4,0.7,,7,2,33.2
2025-06-07 18:00,221,제천,26.7,49,2.0,270,,976.6,1006.1,0.7,,7,4,30.3
2025-06-07 19:00,221,제천,25.8,54,1.2,270,,976.8,1006.4,0.1,,6,0,27.3
2025-06-07 20:00,221,제천,23.6,65,0.6,230,,977.0,1006.9,0.0,,7,0,24.9
2025-06-07 21:00,221,제천,22.7,69,0.5,230,,977.8,1007.8,,,8,0,23.5
2025-06-07 22:00,221,제천,20.7,79,0.5,360,,978.2,1008.4,,,9,2,22.6
2025-06-07 23:00,221,제천,19.7,84,0.5,20,,978.7,1009.1,,,9,0,21.6
2025-06-08 00:00,221,제천,19.0,88,0.1,0,,978.9,1009.1,,,8,2,20.9
2025-06-08 01:00,221,제천,18.6,90,0.5,50,,978.9,1009.4,,,7,4,20.4
2025-06-08 02:00,221,제천,18.1,94,0.5,50,,978.7,1009.3,,,8,3,20.1
2025-06-08 03:00,221,제천,18.2,93,0.3,0,,978.4,1008.9,,,8,4,19.6
2025-06-08 04:00,221,제천,18.0,94,0.4,0,,978.2,1008.7,,,8,7,19.8
2025-06-08 05:00,221,제천,18.3,94,0.0,0,,978.3,1008.8,,,8,8,19.9
2025-06-08 06:00,221,제천,18.7,94,0.0,0,,978.3,1008.8,0.0,,8,8,20.2
2025-06-08 07:00,221,제천,19.5,88,1.3,70,,978.5,1008.9,0.0,,8,3,21.5
2025-06-08 08:00,221,제천,20.8,83,0.3,0,,978.8,1009.0,0.0,,8,8,23.9
2025-06-08 09:00,221,제천,22.3,76,0.3,0,,978.8,1008.9,0.2,,9,8,27.7
2025-06-08 10:00,221,제천,23.5,69,0.9,200,,978.5,1008.4,0.4,,7,6,31.1
2025-06-08 11:00,221,제천,24.9,65,1.1,200,,978.3,1008.0,0.4,,7,3,33.8
2025-06-08 12:00,221,제천,26.9,56,1.5,250,,977.7,1007.2,0.8,,6,5,39.6
2025-06-08 13:00,221,제천,26.9,50,1.7,250,,977.2,1006.7,0.5,,4,3,37.9
2025-06-08 14:00,221,제천,29.0,43,2.3,250,,976.6,1005.9,0.8,,4,1,44.3
2025-06-08 15:00,221,제천,29.2,42,2.6,250,,976.3,1005.5,1.0,,4,1,43.4
2025-06-08 16:00,221,제천,29.2,39,2.6,230,,976.1,1005.3,0.8,,0,0,39.5
2025-06-08 17:00,221,제천,28.9,42,2.4,250,,976.0,1005.3,1.0,,0,0,36.0
2025-06-08 18:00,221,제천,28.3,45,2.1,270,,976.1,1005.4,1.0,,0,0,31.1
2025-06-08 19:00,221,제천,26.2,54,0.7,340,,976.5,1006.1,1.0,,0,0,27.9
2025-06-08 20:00,221,제천,22.9,69,0.5,20,,976.7,1006.6,0.1,,0,0,25.2
2025-06-08 21:00,221,제천,21.4,74,0.9,20,,977.4,1007.5,,,0,0,23.7
2025-06-08 22:00,221,제천,20.4,80,0.6,50,,978.2,1008.5,,,0,0,22.6
2025-06-08 23:00,221,제천,19.6,86,0.0,0,,978.4,1008.8,,,0,0,21.8
2025-06-09 00:00,221,제천,19.0,88,0.7,20,,978.5,1008.7,,,7,0,21.2
2025-06-09 01:00,221,제천,18.5,92,0.2,0,,978.4,1008.9,,,7,0,20.8
2025-06-09 02:00,221,제천,18.8,93,0.0,0,,978.3,1008.8,,,8,3,20.9
2025-06-09 03:00,221,제천,18.4,95,0.2,0,,978.6,1009.1,,,6,0,20.2
2025-06-09 04:00,221,제천,18.3,95,0.3,0,,978.4,1008.9,,,7,4,20.0
2025-06-09 05:00,221,제천,17.4,98,0.1,0,,978.3,1008.9,,,8,0,19.2
2025-06-09 06:00,221,제천,17.7,99,0.0,0,,978.6,1009.2,0.0,,7,0,19.4
2025-06-09 07:00,221,제천,19.5,94,0.0,0,,978.7,1009.1,0.0,,8,3,21.5
2025-06-09 08:00,221,제천,21.0,90,0.0,0,,978.7,1008.9,0.0,,8,1,23.4
2025-06-09 09:00,221,제천,22.2,78,0.8,230,,978.5,1008.6,0.1,,8,2,26.7
2025-06-09 10:00,221,제천,23.6,66,1.5,200,,978.2,1008.1,0.9,,8,1,32.7
2025-06-09 11:00,221,제천,24.9,58,0.8,160,,977.8,1007.5,0.9,,5,1,37.7
2025-06-09 12:00,221,제천,26.6,58,1.1,200,,977.2,1006.7,0.9,,5,1,42.5
2025-06-09 13:00,221,제천,27.7,45,1.5,230,,976.8,1006.2,1.0,,4,2,44.7
2025-06-09 14:00,221,제천,28.9,42,2.0,270,,976.0,1005.3,1.0,,4,1,45.6
2025-06-09 15:00,221,제천,28.9,44,3.0,250,,975.4,1004.6,1.0,,0,0,44.2
2025-06-09 16:00,221,제천,29.2,43,2.6,250,,975.0,1004.2,1.0,,4,0,41.9
2025-06-09 17:00,221,제천,29.1,42,2.6,270,,974.8,1004.0,1.0,,5,0,37.4
2025-06-09 18:00,221,제천,28.5,42,2.5,270,,974.9,1004.2,1.0,,4,0,32.1
2025-06-09 19:00,221,제천,27.4,49,1.6,270,,975.2,1004.6,1.0,,0,0,28.8
2025-06-09 20:00,221,제천,23.1,67,0.2,0,,974.8,1004.6,0.1,,0,0,25.8
2025-06-09 21:00,221,제천,21.2,73,0.3,0,,974.9,1005.0,,,3,0,24.1
2025-06-09 22:00,221,제천,20.4,79,0.1,0,,976.2,1006.4,,,0,0,22.9
2025-06-09 23:00,221,제천,19.8,86,0.0,0,,976.4,1006.7,,,3,0,22.0
2025-06-10 00:00,221,제천,19.0,88,0.3,0,,977.1,1007.2,,,3,0,21.1
2025-06-10 01:00,221,제천,18.0,94,0.0,0,,976.8,1007.3,,,0,0,20.5
2025-06-10 02:00,221,제천,17.3,95,0.3,0,,976.7,1007.3,,,0,0,19.9
2025-06-10 03:00,221,제천,17.3,96,0.2,0,,976.8,1007.4,,,0,0,19.6
2025-06-10 04:00,221,제천,17.7,96,0.6,20,,977.0,1007.5,,,7,3,20.1
2025-06-10 05:00,221,제천,17.8,96,0.1,0,,976.6,1007.1,,,8,3,19.9
2025-06-10 06:00,221,제천,18.4,94,0.1,0,,976.2,1006.6,0.0,,0,0,20.4
2025-06-10 07:00,221,제천,20.0,88,0.1,0,,975.7,1005.9,0.2,,0,0,21.8
2025-06-10 08:00,221,제천,21.6,82,0.2,0,,975.5,1005.5,0.9,,6,0,25.9
2025-06-10 09:00,221,제천,23.5,70,0.6,360,,975.2,1005.0,0.9,,7,0,31.0
2025-06-10 10:00,221,제천,24.5,66,0.9,180,,975.4,1005.1,0.6,,7,1,35.0
2025-06-10 11:00,221,제천,26.8,52,2.7,250,,975.4,1004.9,1.0,,6,0,40.0
2025-06-10 12:00,221,제천,26.6,53,3.8,230,,975.7,1005.2,1.0,,9,1,41.1
2025-06-10 13:00,221,제천,25.5,57,3.5,270,,975.8,1005.4,0.3,,8,3,36.2
2025-06-10 14:00,221,제천,26.0,56,3.8,270,,975.6,1005.1,0.5,,6,3,39.4
2025-06-10 15:00,221,제천,26.2,52,4.1,250,,975.3,1004.8,0.8,,5,1,40.2
2025-06-10 16:00,221,제천,25.7,54,3.5,230,,975.0,1004.6,0.4,,7,2,34.0
2025-06-10 17:00,221,제천,25.5,57,2.9,250,,975.0,1004.6,0.3,,8,1,33.1
2025-06-10 18:00,221,제천,24.0,61,3.7,270,,975.2,1005.0,0.2,,7,2,29.6
2025-06-10 19:00,221,제천,22.9,62,3.9,270,,975.7,1005.6,0.2,,7,0,26.3
2025-06-10 20:00,221,제천,21.7,68,1.7,250,,976.3,1006.4,0.0,,7,0,24.0
2025-06-10 21:00,221,제천,20.8,72,1.5,250,,977.5,1007.7,,,7,0,22.4
2025-06-10 22:00,221,제천,19.7,73,1.9,200,,978.4,1008.8,,,6,0,21.5
2025-06-10 23:00,221,제천,18.9,75,1.6,250,,978.6,1009.1,,,8,0,20.6
2025-06-11 00:00,221,제천,18.2,79,2.0,270,,978.8,1009.1,,,9,0,20.1
2025-06-11 01:00,221,제천,17.5,80,1.3,250,,978.8,1009.4,,,9,0,19.5
2025-06-11 02:00,221,제천,16.6,81,1.4,250,,978.6,1009.3,,,9,0,18.8
2025-06-11 03:00,221,제천,15.1,89,0.4,0,,978.8,1009.7,,,5,0,17.9
2025-06-11 04:00,221,제천,15.1,89,1.1,250,,978.8,1009.7,,,6,0,17.4
2025-06-11 05:00,221,제천,13.8,96,0.2,0,,979.3,1010.4,,,9,0,16.8
2025-06-11 06:00,221,제천,13.7,97,0.3,0,,979.9,1011.0,0.3,,0,0,16.7
2025-06-11 07:00,221,제천,16.1,85,0.6,230,,980.6,1011.5,1.0,,0,0,18.4
2025-06-11 08:00,221,제천,17.8,74,1.4,250,,981.1,1011.8,1.0,,0,0,24.2
2025-06-11 09:00,221,제천,19.7,64,0.7,230,,981.4,1011.8,1.0,,0,0,30.3
2025-06-11 10:00,221,제천,22.9,45,4.3,250,,981.2,1011.3,1.0,,0,0,35.4
2025-06-11 11:00,221,제천,24.2,44,2.2,270,,981.7,1011.6,1.0,,0,0,40.2
2025-06-11 12:00,221,제천,25.9,41,2.1,250,,981.4,1011.1,1.0,,0,0,44.3
2025-06-11 13:00,221,제천,25.5,40,2.8,320,,981.1,1010.9,1.0,,0,0,44.7
2025-06-11 14:00,221,제천,26.8,39,3.5,270,,980.6,1010.2,1.0,,0,0,46.0
2025-06-11 15:00,221,제천,27.4,35,3.1,270,,979.9,1009.4,1.0,,0,0,44.6
2025-06-11 16:00,221,제천,27.5,35,3.7,270,,979.7,1009.2,0.9,,0,0,41.5
2025-06-11 17:00,221,제천,27.3,37,2.8,230,,979.7,1009.2,1.0,,7,1,37.3
2025-06-11 18:00,221,제천,26.3,39,3.5,270,,980.2,1009.9,0.9,,7,0,31.8
2025-06-11 19:00,221,제천,25.1,41,3.3,270,,980.7,1010.5,0.9,,8,0,28.3
2025-06-11 20:00,221,제천,23.7,46,2.9,270,,981.4,1011.4,0.1,,6,0,25.3
2025-06-11 21:00,221,제천,21.9,54,0.5,200,,982.3,1012.5,,,8,0,23.6
2025-06-11 22:00,221,제천,20.2,59,1.1,230,,982.9,1013.3,,,6,0,22.3
2025-06-11 23:00,221,제천,18.4,69,0.6,20,,983.1,1013.8,,,8,0,21.3
2025-06-12 00:00,221,제천,17.6,79,0.4,0,,983.3,1013.9,,,9,0,20.6
2025-06-12 01:00,221,제천,16.6,77,0.5,50,,983.7,1014.6,,,9,0,19.8
2025-06-12 02:00,221,제천,15.9,83,0.0,0,,983.7,1014.7,,,10,0,19.3
2025-06-12 03:00,221,제천,15.7,83,0.5,20,,983.7,1014.7,,,9,0,18.8
2025-06-12 04:00,221,제천,14.6,91,0.0,0,,984.3,1015.5,,,6,0,18.0
2025-06-12 05:00,221,제천,14.1,89,0.1,0,,984.6,1015.8,,,6,0,17.3
2025-06-12 06:00,221,제천,14.4,91,0.2,0,,985.1,1016.3,0.1,,6,0,17.5
2025-06-12 07:00,221,제천,17.0,80,0.1,0,,985.6,1016.5,0.8,,0,0,19.1
2025-06-12 08:00,221,제천,19.4,66,1.1,90,,985.8,1016.4,1.0,,5,0,25.2
2025-06-12 09:00,221,제천,21.5,59,1.5,110,,985.5,1015.9,1.0,,7,0,30.3
2025-06-12 10:00,221,제천,23.6,52,1.3,160,,985.2,1015.3,1.0,,7,1,36.1
2025-06-12 11:00,221,제천,25.4,46,0.6,70,,984.9,1014.8,1.0,,7,0,40.2
2025-06-12 12:00,221,제천,26.6,42,0.5,50,,984.4,1014.1,0.9,,7,2,40.6
2025-06-12 13:00,221,제천,27.0,39,0.4,0,,984.2,1013.9,0.8,,7,2,40.9
2025-06-12 14:00,221,제천,27.4,40,1.0,160,,983.8,1013.4,0.9,,7,2,42.3
2025-06-12 15:00,221,제천,28.7,37,1.2,340,,983.4,1012.9,0.9,,6,0,43.9
2025-06-12 16:00,221,제천,28.4,38,1.3,270,,983.0,1012.5,0.5,,7,1,38.9
2025-06-12 17:00,221,제천,28.2,40,1.5,270,,982.8,1012.3,0.4,,8,0,35.5
2025-06-12 18:00,221,제천,27.8,44,1.8,250,,983.1,1012.7,0.2,,9,0,31.9
2025-06-12 19:00,221,제천,25.7,53,0.6,320,,983.7,1013.5,0.0,,9,0,28.7
2025-06-12 20:00,221,제천,22.8,64,0.7,20,,984.3,1014.5,0.0,,9,0,25.7
2025-06-12 21:00,221,제천,20.9,72,0.3,0,,984.5,1014.9,,,9,0,23.9
2025-06-12 22:00,221,제천,19.6,80,0.0,0,,984.8,1015.4,,,10,0,22.6
2025-06-12 23:00,221,제천,19.4,80,0.4,0,,985.0,1015.6,,,9,0,21.9
2025-06-13 00:00,221,제천,18.6,87,0.1,0,,984.5,1014.9,,,10,0,21.1
2025-06-13 01:00,221,제천,18.1,84,0.1,0,,984.9,1015.6,,,8,0,20.4
2025-06-13 02:00,221,제천,17.7,87,0.2,0,,984.8,1015.6,,,10,0,20.1
2025-06-13 03:00,221,제천,17.5,87,0.1,0,,985.3,1016.1,,,9,0,19.8
2025-06-13 04:00,221,제천,17.0,92,0.2,0,,985.3,1016.2,,,9,0,19.5
2025-06-13 05:00,221,제천,16.2,93,0.0,0,,985.5,1016.5,,,3,0,18.5
2025-06-13 06:00,221,제천,16.3,93,0.1,0,,985.4,1016.4,0.0,,7,0,18.8
2025-06-13 07:00,221,제천,18.3,82,0.6,110,,984.9,1015.6,0.2,,9,0,21.1
2025-06-13 08:00,221,제천,19.7,75,0.9,90,,984.8,1015.4,0.1,,9,0,24.0
2025-06-13 09:00,221,제천,20.9,70,1.5,50,,984.5,1014.9,0.0,,10,2,25.9
2025-06-13 10:00,221,제천,22.5,67,1.4,110,,984.4,1014.6,0.2,,9,2,30.6
2025-06-13 11:00,221,제천,25.7,52,0.7,70,,984.3,1014.1,0.9,,8,0,40.7
2025-06-13 12:00,221,제천,26.8,42,1.3,160,,984.1,1013.8,1.0,,8,1,42.7
2025-06-13 13:00,221,제천,27.3,40,2.3,250,,983.6,1013.2,0.7,,9,2,43.0
2025-06-13 14:00,221,제천,27.2,40,1.6,230,,982.7,1012.3,0.3,,10,4,41.7
2025-06-13 15:00,221,제천,27.0,35,2.4,200,,981.7,1011.3,0.0,,10,3,38.8
2025-06-13 16:00,221,제천,26.3,39,1.8,230,,981.3,1011.0,0.0,,10,1,34.5
2025-06-13 17:00,221,제천,24.4,47,2.1,230,0.0,980.9,1010.8,0.0,,10,1,29.6
2025-06-13 18:00,221,제천,20.4,71,0.9,320,0.0,981.0,1011.3,0.0,,10,5,24.9
2025-06-13 19:00,221,제천,19.2,77,0.7,340,0.0,981.6,1012.1,0.0,,10,0,23.2
2025-06-13 20:00,221,제천,18.1,88,0.4,0,0.6,981.7,1012.3,0.0,,10,4,22.0
2025-06-13 21:00,221,제천,17.1,95,1.2,50,0.7,980.9,1011.6,,,10,6,20.6
2025-06-13 22:00,221,제천,17.4,98,0.9,20,0.4,980.4,1011.1,,,10,2,20.3
2025-06-13 23:00,221,제천,17.6,95,2.2,50,0.0,979.6,1010.2,,,10,4,20.0
2025-06-14 00:00,221,제천,17.6,98,0.2,0,1.3,979.2,1009.6,,,10,6,20.2
2025-06-14 01:00,221,제천,17.7,98,0.6,90,0.9,978.2,1008.8,,,10,9,20.0
2025-06-14 02:00,221,제천,17.5,99,0.4,0,0.4,977.8,1008.4,,,10,10,20.0
2025-06-14 03:00,221,제천,17.8,100,0.5,110,0.5,977.0,1007.5,,,10,10,20.0
2025-06-14 04:00,221,제천,17.9,99,0.7,110,0.4,976.3,1006.8,,,10,8,20.0
2025-06-14 05:00,221,제천,17.7,99,1.0,70,0.7,975.1,1005.6,,,10,4,19.6
2025-06-14 06:00,221,제천,18.1,100,0.8,50,1.2,974.1,1004.5,0.0,,10,9,19.8
2025-06-14 07:00,221,제천,18.2,100,0.8,200,0.2,974.4,1004.8,0.0,,10,10,20.0
2025-06-14 08:00,221,제천,18.7,99,1.0,140,0.4,973.4,1003.7,0.0,,10,7,20.7
2025-06-14 09:00,221,제천,19.1,99,1.2,20,0.1,972.3,1002.5,0.0,,10,7,21.4
2025-06-14 10:00,221,제천,21.0,94,2.4,160,0.0,972.8,1002.8,0.1,,9,7,26.1
2025-06-14 11:00,221,제천,22.2,90,1.0,230,,973.0,1002.9,0.3,,10,9,26.0
2025-06-14 12:00,221,제천,23.5,85,1.4,160,,972.3,1002.0,0.0,,8,8,29.4
2025-06-14 13:00,221,제천,25.2,76,0.7,50,,971.7,1001.2,0.8,,7,6,34.9
2025-06-14 14:00,221,제천,26.4,67,1.0,70,,971.0,1000.4,0.9,,7,1,35.5
2025-06-14 15:00,221,제천,26.5,68,1.0,290,,970.3,999.6,0.0,,7,7,30.8
2025-06-14 16:00,221,제천,28.7,62,1.1,270,,969.5,998.6,0.9,,3,1,33.6
2025-06-14 17:00,221,제천,28.3,61,0.6,140,,968.8,997.9,1.0,,1,0,31.1
2025-06-14 18:00,221,제천,28.6,61,1.1,230,,968.9,998.0,1.0,,1,0,28.2
2025-06-14 19:00,221,제천,27.0,70,0.9,320,,969.6,998.9,1.0,,0,0,26.4
2025-06-14 20:00,221,제천,24.2,84,0.1,0,,969.7,999.3,0.0,,0,0,25.0
2025-06-14 21:00,221,제천,22.9,93,0.5,20,,970.7,1000.4,,,1,1,24.0
2025-06-14 22:00,221,제천,23.1,93,0.3,0,,971.5,1001.2,,,3,3,23.9
2025-06-14 23:00,221,제천,22.2,96,0.4,0,,971.6,1001.4,,,0,0,23.1
2025-06-15 00:00,221,제천,21.7,96,0.6,360,,971.4,1001.2,,,0,0,22.6
2025-06-15 01:00,221,제천,20.9,99,0.5,20,,971.3,1001.3,,,0,0,21.8
2025-06-15 02:00,221,제천,20.5,99,0.1,0,,970.9,1000.9,,,0,0,21.3
2025-06-15 03:00,221,제천,21.0,99,0.1,0,,971.3,1001.3,,,10,10,22.0
2025-06-15 04:00,221,제천,21.2,97,0.8,200,,971.6,1001.6,,,9,8,22.0
2025-06-15 05:00,221,제천,20.2,100,0.3,0,,971.7,1001.8,,,0,0,21.0
2025-06-15 06:00,221,제천,20.6,99,0.0,0,,972.0,1002.0,0.0,,8,8,21.8
2025-06-15 07:00,221,제천,21.8,94,0.4,0,,971.9,1001.8,0.0,,8,6,23.2
2025-06-15 08:00,221,제천,22.9,89,0.6,250,,972.1,1001.9,0.0,,9,7,24.7
2025-06-15 09:00,221,제천,24.6,81,0.6,320,,971.6,1001.2,0.1,,8,6,28.4
2025-06-15 10:00,221,제천,25.5,74,0.9,160,,971.2,1000.7,0.7,,8,3,34.3
2025-06-15 11:00,221,제천,26.8,67,0.8,140,,970.8,1000.1,0.7,,6,1,36.9
2025-06-15 12:00,221,제천,28.3,61,0.9,200,,970.1,999.2,0.6,,5,4,37.1
2025-06-15 13:00,221,제천,29.6,55,1.8,200,,969.4,998.4,0.8,,5,1,42.0
2025-06-15 14:00,221,제천,29.6,55,2.6,250,,969.0,998.0,0.6,,6,3,37.8
2025-06-15 15:00,221,제천,30.2,52,2.4,230,,968.6,997.5,0.6,,7,3,38.8
2025-06-15 16:00,221,제천,29.3,57,2.7,200,,968.3,997.3,0.3,,8,2,35.0
2025-06-15 17:00,221,제천,29.8,56,1.8,270,,967.9,996.8,0.4,,6,2,33.5
2025-06-15 18:00,221,제천,28.7,62,1.7,200,,967.6,996.6,0.2,,8,1,30.7
2025-06-15 19:00,221,제천,28.3,66,0.9,230,,967.5,996.6,0.3,,9,1,29.3
2025-06-15 20:00,221,제천,25.4,84,1.6,290,0.0,967.7,997.1,0.1,,10,5,27.3
2025-06-15 21:00,221,제천,24.9,86,0.2,0,,967.6,997.0,,,10,4,26.5
2025-06-15 22:00,221,제천,23.8,96,2.0,250,0.4,968.1,997.7,,,10,5,25.6
2025-06-15 23:00,221,제천,23.4,98,1.0,200,2.1,967.8,997.4,,,10,4,24.9
2025-06-16 00:00,221,제천,23.2,99,0.6,230,1.1,967.3,996.7,,,10,2,24.6
2025-06-16 01:00,221,제천,23.0,99,1.3,250,0.8,967.0,996.6,,,10,5,24.3
2025-06-16 02:00,221,제천,22.8,100,1.1,250,8.7,966.4,996.0,,,10,7,23.8
2025-06-16 03:00,221,제천,22.9,98,3.0,230,3.8,966.1,995.7,,,10,7,23.4
2025-06-16 04:00,221,제천,22.5,98,2.4,270,2.9,966.4,996.1,,,10,3,23.2
2025-06-16 05:00,221,제천,21.5,98,1.3,250,1.8,967.2,997.0,,,10,1,22.7
2025-06-16 06:00,221,제천,21.5,99,0.4,0,0.2,967.6,997.4,0.0,,10,8,22.9
2025-06-16 07:00,221,제천,21.3,100,1.0,230,0.1,968.2,998.0,0.0,,10,7,23.1
2025-06-16 08:00,221,제천,21.2,100,1.8,200,0.8,968.3,998.2,0.0,,10,6,23.4
2025-06-16 09:00,221,제천,21.9,97,1.5,230,0.1,967.9,997.7,0.0,,10,5,24.4
2025-06-16 10:00,221,제천,22.0,98,2.0,230,0.0,968.9,998.7,0.0,,10,9,24.6
2025-06-16 11:00,221,제천,22.0,97,1.3,180,0.4,968.6,998.4,0.0,,10,9,25.0
2025-06-16 12:00,221,제천,22.5,95,1.1,250,0.0,969.0,998.7,0.0,,10,7,25.0
2025-06-16 13:00,221,제천,24.4,86,1.1,250,0.0,968.4,997.9,0.1,,9,6,30.4
2025-06-16 14:00,221,제천,25.5,78,2.8,250,,968.6,998.0,0.5,,7,3,31.2
2025-06-16 15:00,221,제천,25.4,76,2.6,230,0.0,968.4,997.8,0.2,,7,4,29.5
2025-06-16 16:00,221,제천,25.7,71,2.5,250,0.0,968.6,998.0,0.2,,8,3,27.8
2025-06-16 17:00,221,제천,25.9,67,3.6,250,,969.2,998.6,0.2,,7,2,27.4
2025-06-16 18:00,221,제천,25.4,70,2.5,250,,969.2,998.6,0.5,,7,1,26.0
2025-06-16 19:00,221,제천,24.4,73,3.1,250,,969.4,998.9,0.1,,4,1,24.1
2025-06-16 20:00,221,제천,23.5,77,2.4,200,,969.9,999.5,0.0,,3,2,23.0
2025-06-16 21:00,221,제천,23.2,81,1.8,250,,970.9,1000.6,,,3,3,22.8
2025-06-16 22:00,221,제천,23.0,79,3.7,250,,971.9,1001.7,,,3,3,22.3
2025-06-16 23:00,221,제천,22.2,79,2.6,250,,972.3,1002.2,,,1,0,21.3
2025-06-17 00:00,221,제천,21.6,83,1.2,230,,972.2,1002.0,,,6,2,21.3
2025-06-17 01:00,221,제천,20.7,91,0.8,360,0.0,971.7,1001.7,,,10,3,21.7
2025-06-17 02:00,221,제천,17.9,98,1.8,250,17.7,972.8,1003.2,,,10,10,19.9
2025-06-17 03:00,221,제천,18.2,99,0.6,340,1.2,973.0,1003.4,,,10,9,20.4
2025-06-17 04:00,221,제천,18.6,99,0.3,0,0.1,973.1,1003.4,,,10,4,20.4
2025-06-17 05:00,221,제천,18.5,100,0.3,0,1.0,973.6,1003.9,,,10,9,20.5
2025-06-17 06:00,221,제천,18.6,100,0.3,0,0.1,973.9,1004.2,0.0,,9,4,20.6
2025-06-17 07:00,221,제천,18.9,100,0.3,0,0.5,974.7,1005.0,0.0,,6,5,21.0
2025-06-17 08:00,221,제천,19.7,97,0.2,0,,975.0,1005.2,0.0,,9,9,21.6
2025-06-17 09:00,221,제천,19.8,96,1.1,180,,975.1,1005.3,0.0,,9,9,21.8
2025-06-17 10:00,221,제천,20.8,91,1.0,230,,975.4,1005.5,0.0,,9,9,23.0
2025-06-17 11:00,221,제천,22.1,86,1.6,250,,975.5,1005.5,0.0,,9,9,26.0
2025-06-17 12:00,221,제천,22.7,85,1.8,270,,975.8,1005.7,0.1,,9,8,27.0
2025-06-17 13:00,221,제천,24.2,75,2.4,250,,975.7,1005.4,0.8,,6,1,32.6
2025-06-17 14:00,221,제천,25.7,65,2.5,250,,975.3,1004.9,0.8,,7,1,32.8
2025-06-17 15:00,221,제천,26.2,59,2.1,250,,975.1,1004.6,0.8,,5,1,31.9
2025-06-17 16:00,221,제천,26.6,61,1.7,250,,975.1,1004.6,0.6,,6,3,30.4
2025-06-17 17:00,221,제천,26.3,62,2.3,200,,975.3,1004.8,0.9,,4,1,28.7
2025-06-17 18:00,221,제천,25.8,64,1.2,230,,975.2,1004.8,0.6,,6,0,26.2
2025-06-17 19:00,221,제천,24.8,73,0.7,340,,975.7,1005.4,0.5,,7,0,25.5
2025-06-17 20:00,221,제천,22.7,82,0.6,20,,975.9,1005.8,0.0,,6,4,24.0
2025-06-17 21:00,221,제천,21.1,93,0.3,0,,976.8,1006.9,,,1,1,22.7
2025-06-17 22:00,221,제천,20.2,96,0.0,0,,977.3,1007.6,,,2,2,22.1
2025-06-17 23:00,221,제천,19.5,99,0.2,0,,977.6,1008.0,,,2,0,21.3
2025-06-18 00:00,221,제천,19.3,100,0.1,0,,977.7,1007.8,,,6,0,20.9
2025-06-18 01:00,221,제천,19.1,100,0.2,0,,978.0,1008.4,,,2,2,20.6
2025-06-18 02:00,221,제천,18.9,100,0.3,0,,978.3,1008.7,,,2,1,20.5
2025-06-18 03:00,221,제천,18.7,100,0.1,0,,978.5,1009.0,,,3,2,20.1
2025-06-18 04:00,221,제천,18.4,100,0.3,0,,978.8,1009.3,,,0,0,19.8
2025-06-18 05:00,221,제천,18.8,100,0.4,0,,979.4,1009.9,,,2,2,20.1
2025-06-18 06:00,221,제천,19.0,100,0.1,0,,980.0,1010.5,0.0,,0,0,20.6
2025-06-18 07:00,221,제천,19.7,99,0.2,0,,980.6,1011.0,0.0,,0,0,21.5
2025-06-18 08:00,221,제천,21.7,91,0.4,0,,980.9,1011.1,0.4,,0,0,24.7
2025-06-18 09:00,221,제천,22.8,81,0.4,0,,980.9,1011.0,0.8,,0,0,27.8
2025-06-18 10:00,221,제천,24.6,65,1.4,200,,980.9,1010.8,1.0,,0,0,32.2
2025-06-18 11:00,221,제천,25.8,63,1.7,250,,980.9,1010.6,1.0,,1,0,34.7
2025-06-18 12:00,221,제천,27.0,58,2.5,200,,980.9,1010.5,1.0,,1,0,35.4
2025-06-18 13:00,221,제천,27.7,56,3.4,230,,980.8,1010.3,1.0,,1,1,36.2
2025-06-18 14:00,221,제천,28.2,54,3.5,230,,980.8,1010.3,1.0,,1,1,35.8
2025-06-18 15:00,221,제천,28.2,54,3.2,230,,980.5,1010.0,0.8,,1,1,33.4
2025-06-18 16:00,221,제천,28.0,54,2.8,230,,980.5,1010.0,0.7,,2,0,31.1
2025-06-18 17:00,221,제천,28.0,53,2.7,250,,980.8,1010.3,0.4,,2,2,29.3
2025-06-18 18:00,221,제천,27.4,55,2.2,270,,980.8,1010.4,0.8,,1,0,27.0
2025-06-18 19:00,221,제천,25.3,65,0.9,340,,980.9,1010.7,0.7,,0,0,25.6
2025-06-18 20:00,221,제천,22.9,78,0.1,0,,981.1,1011.2,0.0,,3,0,24.1
2025-06-18 21:00,221,제천,21.4,87,0.2,0,,981.7,1012.0,,,3,0,23.0
2025-06-18 22:00,221,제천,20.5,89,0.7,50,,982.4,1012.8,,,5,0,22.2
2025-06-18 23:00,221,제천,19.4,97,0.1,0,,982.6,1013.1,,,2,0,21.4
2025-06-19 00:00,221,제천,19.2,96,0.5,50,,982.8,1013.1,,,4,0,20.9
2025-06-19 01:00,221,제천,18.8,98,0.1,0,,983.5,1014.1,,,0,0,20.4
2025-06-19 02:00,221,제천,18.3,99,0.4,0,,983.5,1014.2,,,4,0,20.1
2025-06-19 03:00,221,제천,17.8,100,0.0,0,,983.5,1014.2,,,0,0,19.7
2025-06-19 04:00,221,제천,17.3,100,0.0,0,,983.9,1014.7,,,7,0,19.4
2025-06-19 05:00,221,제천,17.4,100,0.7,250,,984.2,1015.0,,,6,0,19.0
2025-06-19 06:00,221,제천,17.4,100,0.1,0,,984.2,1015.0,0.0,,7,0,19.2
2025-06-19 07:00,221,제천,19.2,96,0.3,0,,984.6,1015.2,0.5,,0,0,20.5
2025-06-19 08:00,221,제천,21.2,85,1.0,90,,984.9,1015.3,1.0,,6,0,24.7
2025-06-19 09:00,221,제천,23.6,74,1.2,70,,984.5,1014.6,1.0,,5,0,27.8
2025-06-19 10:00,221,제천,25.9,68,1.1,90,,984.0,1013.8,1.0,,5,0,32.3
2025-06-19 11:00,221,제천,27.6,56,1.8,90,,983.7,1013.3,1.0,,6,0,34.8
2025-06-19 12:00,221,제천,29.6,50,1.2,70,,983.3,1012.7,1.0,,6,1,37.7
2025-06-19 13:00,221,제천,29.9,47,0.8,200,,982.6,1011.9,1.0,,6,2,37.4
2025-06-19 14:00,221,제천,30.9,42,1.2,90,,982.2,1011.4,0.9,,6,2,39.0
2025-06-19 15:00,221,제천,31.6,44,1.8,230,,981.8,1011.0,0.6,,6,1,38.3
2025-06-19 16:00,221,제천,30.7,46,1.9,250,,981.8,1011.0,0.6,,6,4,35.3
2025-06-19 17:00,221,제천,29.9,49,1.4,200,,981.6,1010.9,0.1,,7,7,32.0
2025-06-19 18:00,221,제천,29.6,43,1.2,180,,981.4,1010.7,0.1,,6,6,30.0
2025-06-19 19:00,221,제천,27.5,55,0.5,50,,981.7,1011.3,0.1,,9,9,28.2
2025-06-19 20:00,221,제천,25.7,66,1.1,50,,981.6,1011.4,0.0,,10,10,26.4
2025-06-19 21:00,221,제천,23.9,72,0.9,50,,981.9,1011.9,,,7,0,24.9
2025-06-19 22:00,221,제천,22.6,79,0.0,0,,982.2,1012.3,,,7,4,24.1
2025-06-19 23:00,221,제천,21.8,84,0.3,0,,981.7,1011.9,,,7,0,23.4
2025-06-20 00:00,221,제천,21.4,89,0.1,0,,981.4,1011.5,,,8,0,23.0
2025-06-20 01:00,221,제천,21.7,87,0.0,0,,981.0,1011.2,,,10,5,23.1
2025-06-20 02:00,221,제천,21.3,94,0.6,50,1.1,981.0,1011.2,,,10,4,23.0
2025-06-20 03:00,221,제천,21.3,97,0.1,0,0.0,980.3,1010.5,,,10,2,23.0
2025-06-20 04:00,221,제천,21.1,99,0.0,0,,980.1,1010.3,,,,4,23.0
2025-06-20 05:00,221,제천,21.1,98,0.2,0,0.0,979.7,1009.9,,,10,7,22.8
2025-06-20 06:00,221,제천,21.3,98,0.1,0,0.1,979.5,1009.7,0.0,,10,3,22.8
2025-06-20 07:00,221,제천,21.4,99,0.2,0,0.0,979.0,1009.2,0.0,,10,2,22.9
2025-06-20 08:00,221,제천,21.7,99,0.2,0,0.6,979.1,1009.2,0.0,,10,2,23.6
2025-06-20 09:00,221,제천,22.9,97,0.2,0,0.7,978.5,1008.5,0.0,,10,2,25.0
2025-06-20 10:00,221,제천,23.1,95,0.0,0,1.9,977.9,1007.8,0.0,,10,2,25.1
2025-06-20 11:00,221,제천,23.4,95,0.4,0,0.9,977.8,1007.7,0.0,,10,6,25.8
2025-06-20 12:00,221,제천,23.8,95,0.1,0,0.7,977.5,1007.3,0.0,,10,6,26.3
2025-06-20 13:00,221,제천,23.8,95,1.0,270,1.3,976.7,1006.5,0.0,,10,7,25.8
2025-06-20 14:00,221,제천,24.1,93,0.2,0,1.4,975.7,1005.5,0.0,,10,6,26.1
2025-06-20 15:00,221,제천,23.8,94,1.2,230,1.6,975.2,1005.0,0.0,,10,9,25.7
2025-06-20 16:00,221,제천,23.5,95,1.3,270,1.2,974.2,1004.0,0.0,,10,4,25.6
2025-06-20 17:00,221,제천,23.5,96,1.0,270,1.0,973.9,1003.7,0.0,,10,9,25.3
2025-06-20 18:00,221,제천,23.0,99,0.1,0,1.5,973.4,1003.2,0.0,,10,9,24.7
2025-06-20 19:00,221,제천,22.6,100,0.2,0,3.9,973.2,1003.1,0.0,,10,10,24.0
2025-06-20 20:00,221,제천,22.4,99,1.4,230,4.6,973.2,1003.1,0.0,,10,4,23.5
2025-06-20 21:00,221,제천,22.0,99,1.7,250,4.5,973.9,1003.8,,,10,5,23.0
2025-06-20 22:00,221,제천,22.3,99,1.8,230,4.0,974.0,1003.9,,,10,4,22.9
2025-06-20 23:00,221,제천,22.0,98,2.5,230,7.4,974.1,1004.0,,,10,4,22.5
2025-06-21 00:00,221,제천,21.6,98,2.4,250,4.6,974.0,1003.9,,,10,10,22.2
2025-06-21 01:00,221,제천,21.6,100,1.4,200,7.5,973.8,1003.8,,,10,4,22.3
2025-06-21 02:00,221,제천,21.8,100,1.0,230,3.7,973.6,1003.6,,,10,5,22.3
2025-06-21 03:00,221,제천,21.6,100,0.3,0,14.6,973.0,1003.0,,,10,10,22.3
2025-06-21 04:00,221,제천,21.6,100,0.0,0,18.1,972.4,1002.3,,,10,10,22.2
2025-06-21 05:00,221,제천,21.6,100,0.3,0,18.3,972.0,1001.9,,,10,10,22.2
2025-06-21 06:00,221,제천,21.7,100,0.3,0,7.8,972.3,1002.2,0.0,,10,4,22.3
2025-06-21 07:00,221,제천,22.1,100,2.1,230,3.8,972.8,1002.7,0.0,,10,9,22.6
2025-06-21 08:00,221,제천,21.8,100,2.4,230,0.1,973.6,1003.6,0.0,,10,3,22.7
2025-06-21 09:00,221,제천,21.6,100,1.1,250,0.3,973.9,1003.9,0.0,,10,6,22.7
2025-06-21 10:00,221,제천,21.4,100,1.8,250,0.1,974.2,1004.2,0.0,,10,8,23.0
2025-06-21 11:00,221,제천,21.5,99,1.9,230,0.0,974.0,1004.0,0.0,,10,9,23.2
2025-06-21 12:00,221,제천,22.0,98,1.3,250,0.4,973.5,1003.4,0.0,,10,3,24.8
2025-06-21 13:00,221,제천,21.9,99,1.5,230,2.4,973.5,1003.4,0.0,,10,5,24.6
2025-06-21 14:00,221,제천,22.2,96,1.4,230,0.6,973.4,1003.3,0.0,,10,1,25.2
2025-06-21 15:00,221,제천,22.4,91,1.6,250,,973.3,1003.2,0.0,,10,2,25.2
2025-06-21 16:00,221,제천,21.7,91,1.9,230,,973.5,1003.5,0.0,,10,5,24.2
2025-06-21 17:00,221,제천,21.4,94,1.7,230,0.0,973.9,1003.9,0.0,,10,0,24.1
2025-06-21 18:00,221,제천,21.2,97,1.9,180,,974.2,1004.2,0.0,,10,0,23.7
2025-06-21 19:00,221,제천,20.8,96,1.3,230,0.0,974.4,1004.5,0.0,,10,1,22.8
2025-06-21 20:00,221,제천,20.2,98,1.2,200,0.0,974.8,1005.0,0.0,,10,1,22.0
2025-06-21 21:00,221,제천,19.8,99,1.1,230,,974.6,1004.8,,,10,0,21.5
2025-06-21 22:00,221,제천,19.6,99,0.9,250,0.0,975.1,1005.4,,,10,1,21.2
2025-06-21 23:00,221,제천,19.1,100,0.6,200,0.0,974.9,1005.2,,,10,1,21.0
2025-06-22 00:00,221,제천,19.1,100,0.6,230,,975.0,1005.0,,,10,5,20.7
2025-06-22 01:00,221,제천,18.8,100,1.0,160,,974.8,1005.1,,,10,7,20.5
2025-06-22 02:00,221,제천,18.3,100,1.0,230,,974.7,1005.1,,,9,3,20.0
2025-06-22 03:00,221,제천,18.0,100,0.5,180,,974.8,1005.2,,,10,1,19.4
2025-06-22 04:00,221,제천,17.5,100,0.4,0,,974.9,1005.4,,,7,3,18.9
2025-06-22 05:00,221,제천,17.6,100,0.3,0,,975.5,1006.0,,,8,8,19.5
2025-06-22 06:00,221,제천,17.0,100,0.7,320,,976.1,1006.7,0.0,,7,2,19.0
2025-06-22 07:00,221,제천,17.3,100,0.2,0,,976.8,1007.4,0.0,,5,5,19.9
2025-06-22 08:00,221,제천,19.6,90,1.7,270,,977.3,1007.6,0.8,,6,2,23.3
2025-06-22 09:00,221,제천,20.9,82,1.9,230,,977.4,1007.6,0.7,,4,2,26.2
2025-06-22 10:00,221,제천,21.4,77,2.3,200,,977.0,1007.1,1.0,,4,1,29.9
2025-06-22 11:00,221,제천,23.5,70,2.4,230,,977.0,1006.9,0.9,,3,2,33.3
2025-06-22 12:00,221,제천,24.5,62,3.0,230,,976.7,1006.4,1.0,,2,1,34.7
2025-06-22 13:00,221,제천,25.5,58,3.0,230,,976.1,1005.7,1.0,,2,1,35.3
2025-06-22 14:00,221,제천,25.9,58,3.4,230,,975.4,1005.0,1.0,,2,1,35.1
2025-06-22 15:00,221,제천,27.3,49,3.0,290,,975.4,1004.8,1.0,,0,0,34.3
2025-06-22 16:00,221,제천,27.4,47,1.9,290,,975.4,1004.8,1.0,,0,0,32.6
2025-06-22 17:00,221,제천,27.0,53,2.8,250,,975.3,1004.7,1.0,,2,0,29.7
2025-06-22 18:00,221,제천,26.3,54,2.7,270,,975.3,1004.8,1.0,,1,1,26.5
2025-06-22 19:00,221,제천,25.3,59,1.6,250,,975.7,1005.3,1.0,,2,0,24.7
2025-06-22 20:00,221,제천,21.7,80,0.9,50,,976.2,1006.2,0.2,,2,0,23.4
2025-06-22 21:00,221,제천,20.0,89,0.8,20,,977.0,1007.3,,,0,0,22.3
2025-06-22 22:00,221,제천,19.1,94,0.3,0,,977.9,1008.3,,,0,0,21.5
2025-06-22 23:00,221,제천,18.4,97,0.1,0,,977.9,1008.4,,,0,0,20.8
2025-06-23 00:00,221,제천,18.0,96,0.9,360,,977.9,1008.2,,,0,0,20.2
2025-06-23 01:00,221,제천,17.3,98,0.2,0,,977.9,1008.5,,,3,0,19.7
2025-06-23 02:00,221,제천,16.8,100,0.0,0,,977.9,1008.6,,,0,0,19.2
2025-06-23 03:00,221,제천,16.4,100,0.4,0,,978.1,1008.8,,,0,0,18.9
2025-06-23 04:00,221,제천,16.0,100,0.3,0,,978.2,1009.0,,,0,0,18.4
2025-06-23 05:00,221,제천,15.8,100,0.3,0,,978.5,1009.3,,,0,0,18.1
2025-06-23 06:00,221,제천,16.1,100,0.0,0,,978.6,1009.4,0.1,,0,0,18.3
2025-06-23 07:00,221,제천,18.2,96,0.1,0,,978.9,1009.4,1.0,,3,0,19.7
2025-06-23 08:00,221,제천,19.5,88,0.8,140,,979.1,1009.5,1.0,,0,0,23.9
2025-06-23 09:00,221,제천,21.5,77,0.7,110,,979.0,1009.2,1.0,,0,0,27.9
2025-06-23 10:00,221,제천,23.3,72,0.9,140,,978.7,1008.6,1.0,,0,0,31.5
2025-06-23 11:00,221,제천,25.3,62,0.9,250,,978.3,1008.0,1.0,,0,0,34.8
2025-06-23 12:00,221,제천,27.2,61,0.7,160,,977.8,1007.3,1.0,,0,0,36.7
2025-06-23 13:00,221,제천,28.9,54,0.9,230,,977.2,1006.5,1.0,,1,1,38.3
2025-06-23 14:00,221,제천,28.9,54,0.9,140,,976.7,1006.0,1.0,,2,0,39.1
2025-06-23 15:00,221,제천,29.8,53,1.0,270,,976.5,1005.7,1.0,,3,2,39.0
2025-06-23 16:00,221,제천,28.9,54,0.6,160,,976.3,1005.6,0.7,,6,2,34.8
2025-06-23 17:00,221,제천,29.4,48,1.4,230,,975.9,1005.1,0.8,,2,0,32.7
2025-06-23 18:00,221,제천,29.3,51,1.5,320,,976.0,1005.2,0.9,,1,1,30.5
2025-06-23 19:00,221,제천,27.0,65,0.7,340,,976.3,1005.8,0.7,,5,0,28.3
2025-06-23 20:00,221,제천,25.6,71,1.2,50,,976.8,1006.4,0.0,,7,6,26.9
2025-06-23 21:00,221,제천,24.4,77,0.3,0,,977.7,1007.5,,,7,5,25.8
2025-06-23 22:00,221,제천,24.5,73,1.4,50,,978.3,1008.1,,,6,6,24.8
2025-06-23 23:00,221,제천,22.5,80,0.8,20,,978.5,1008.5,,,4,4,23.9
2025-06-24 00:00,221,제천,21.6,77,1.1,20,,978.7,1008.7,,,0,0,22.6
2025-06-24 01:00,221,제천,19.9,90,0.3,0,,978.7,1009.0,,,0,0,21.8
2025-06-24 02:00,221,제천,19.5,86,0.4,0,,978.8,1009.2,,,0,0,21.1
2025-06-24 03:00,221,제천,18.7,95,0.3,0,,978.8,1009.3,,,0,0,20.6
2025-06-24 04:00,221,제천,18.5,94,0.5,50,,978.9,1009.4,,,9,0,20.4
2025-06-24 05:00,221,제천,18.6,89,0.7,20,,979.3,1009.8,,,10,0,20.2
2025-06-24 06:00,221,제천,18.6,88,0.3,0,,979.7,1010.2,0.1,,9,0,20.5
2025-06-24 07:00,221,제천,19.4,82,0.9,50,,980.1,1010.5,0.0,,8,0,21.4
2025-06-24 08:00,221,제천,20.4,77,1.7,70,,980.2,1010.5,0.4,,9,0,22.9
2025-06-24 09:00,221,제천,21.8,73,1.5,70,,979.8,1009.9,0.0,,9,2,24.4
2025-06-24 10:00,221,제천,22.6,69,1.5,70,,979.4,1009.4,0.0,,10,1,25.1
2025-06-24 11:00,221,제천,23.6,66,1.7,70,,979.4,1009.3,0.1,,10,1,26.7
2025-06-24 12:00,221,제천,23.8,67,1.9,70,,979.1,1009.0,0.0,,10,1,26.4
2025-06-24 13:00,221,제천,25.6,61,1.6,70,,979.2,1008.9,0.2,,9,3,30.5
2025-06-24 14:00,221,제천,25.6,61,1.5,70,,978.5,1008.2,0.0,,10,5,28.6
2025-06-24 15:00,221,제천,25.0,66,1.5,70,0.0,977.9,1007.6,0.0,,9,1,26.2
2025-06-24 16:00,221,제천,25.5,63,1.5,50,,977.7,1007.4,0.1,,10,3,27.2
2025-06-24 17:00,221,제천,25.1,61,1.7,50,,977.7,1007.4,0.0,,10,3,26.1
2025-06-24 18:00,221,제천,24.6,60,1.5,50,0.0,977.9,1007.7,0.0,,10,10,25.3
2025-06-24 19:00,221,제천,20.4,78,1.8,140,0.0,978.7,1009.0,0.0,,10,7,22.9
2025-06-24 20:00,221,제천,19.6,94,1.1,50,0.5,978.6,1009.0,0.0,,10,3,22.3
2025-06-24 21:00,221,제천,19.6,83,0.9,70,0.3,978.9,1009.3,,,10,9,21.9
2025-06-24 22:00,221,제천,19.2,82,1.2,70,,979.1,1009.5,,,10,8,21.3
2025-06-24 23:00,221,제천,20.1,67,1.1,70,,978.9,1009.2,,,10,10,20.8
2025-06-25 00:00,221,제천,20.2,66,2.3,70,,978.4,1008.6,,,10,9,20.2
2025-06-25 01:00,221,제천,20.0,71,1.1,70,,978.3,1008.6,,,10,10,20.4
2025-06-25 02:00,221,제천,19.7,74,1.5,110,,977.9,1008.2,,,10,10,20.2
2025-06-25 03:00,221,제천,18.3,87,1.5,90,,977.5,1008.0,,,8,4,19.9
2025-06-25 04:00,221,제천,18.2,89,1.3,90,,977.3,1007.8,,,8,8,19.8
2025-06-25 05:00,221,제천,18.3,90,1.2,90,,977.1,1007.6,,,8,8,19.7
2025-06-25 06:00,221,제천,18.8,90,1.2,90,,976.8,1007.2,0.0,,6,6,20.1
2025-06-25 07:00,221,제천,19.4,88,1.8,70,,976.8,1007.1,0.0,,8,8,20.9
2025-06-25 08:00,221,제천,20.1,88,0.5,140,,977.0,1007.3,0.0,,9,9,21.6
2025-06-25 09:00,221,제천,20.4,90,0.8,90,0.0,976.9,1007.1,0.0,,10,7,22.3
2025-06-25 10:00,221,제천,20.7,94,1.1,50,0.5,976.8,1007.0,0.0,,10,3,24.1
2025-06-25 11:00,221,제천,21.1,94,1.0,110,0.4,976.5,1006.6,0.0,,10,6,25.3
2025-06-25 12:00,221,제천,21.6,95,0.3,0,0.2,976.3,1006.4,0.0,,10,1,26.1
2025-06-25 13:00,221,제천,22.7,87,2.3,230,,976.5,1006.4,0.0,,9,6,26.8
2025-06-25 14:00,221,제천,21.9,91,1.2,250,,976.4,1006.4,0.0,,10,10,25.5
2025-06-25 15:00,221,제천,20.9,96,1.3,230,0.4,976.4,1006.5,0.0,,10,9,24.3
2025-06-25 16:00,221,제천,20.9,96,1.8,270,0.6,976.4,1006.5,0.0,,10,2,24.8
2025-06-25 17:00,221,제천,20.1,99,1.8,270,4.1,976.6,1006.8,0.0,,4,4,23.6
2025-06-25 18:00,221,제천,19.8,94,1.4,250,0.1,976.8,1007.1,0.0,,10,4,22.9
2025-06-25 19:00,221,제천,19.2,96,1.2,270,,977.0,1007.4,0.0,,10,7,22.1
2025-06-25 20:00,221,제천,18.7,100,0.3,0,0.2,977.3,1007.7,0.0,,9,6,21.6
2025-06-25 21:00,221,제천,18.7,100,0.2,0,0.0,977.7,1008.1,,,10,0,21.3
2025-06-25 22:00,221,제천,18.6,100,0.6,200,0.3,978.1,1008.6,,,10,5,21.1
2025-06-25 23:00,221,제천,18.5,100,1.0,230,0.6,978.2,1008.7,,,10,4,20.9
2025-06-26 00:00,221,제천,18.5,100,0.1,0,0.1,978.3,1008.5,,,10,2,20.8
2025-06-26 01:00,221,제천,18.5,100,0.9,230,0.2,978.2,1008.7,,,10,10,20.7
2025-06-26 02:00,221,제천,18.6,100,0.5,250,,978.2,1008.7,,,10,5,20.6
2025-06-26 03:00,221,제천,18.4,100,0.4,0,0.1,978.1,1008.6,,,10,5,20.5
2025-06-26 04:00,221,제천,18.4,100,0.5,160,0.1,978.0,1008.5,,,10,3,20.5
2025-06-26 05:00,221,제천,18.5,100,0.6,200,,978.1,1008.6,,,10,7,20.4
2025-06-26 06:00,221,제천,18.5,100,1.6,230,,978.3,1008.8,0.0,,10,0,20.4
2025-06-26 07:00,221,제천,18.8,100,0.9,230,,978.5,1009.0,0.0,,10,6,20.6
2025-06-26 08:00,221,제천,19.0,100,0.6,250,,978.9,1009.4,0.0,,9,9,21.0
2025-06-26 09:00,221,제천,19.9,98,1.8,230,,979.1,1009.5,0.0,,9,8,22.9
2025-06-26 10:00,221,제천,20.4,95,1.7,200,,978.9,1009.2,0.0,,9,9,23.2
2025-06-26 11:00,221,제천,21.8,91,2.7,230,,978.9,1009.0,0.0,,9,9,25.5
2025-06-26 12:00,221,제천,21.5,89,1.9,250,,978.7,1008.8,0.1,,9,9,25.6
2025-06-26 13:00,221,제천,21.3,91,3.0,250,,978.8,1009.0,0.0,,9,9,24.5
2025-06-26 14:00,221,제천,22.6,83,2.1,270,,978.7,1008.7,0.0,,9,9,25.8
2025-06-26 15:00,221,제천,22.6,83,2.3,230,,978.6,1008.6,0.0,,10,10,25.8
2025-06-26 16:00,221,제천,22.6,85,2.2,230,,978.6,1008.6,0.0,,10,10,25.7
2025-06-26 17:00,221,제천,22.0,87,0.5,250,,978.8,1008.9,0.0,,10,10,24.9
2025-06-26 18:00,221,제천,22.1,85,0.0,0,0.0,978.7,1008.8,0.0,,8,8,24.0
2025-06-26 19:00,221,제천,22.1,84,,,,978.9,1009.0,0.0,,9,9,23.3
2025-06-26 20:00,221,제천,21.0,92,,,,978.6,1008.8,0.0,,7,6,22.3
2025-06-26 21:00,221,제천,19.7,99,,,,979.3,1009.7,,,7,2,21.3
2025-06-26 22:00,221,제천,19.3,100,,,,979.4,1009.8,,,8,8,21.1
2025-06-26 23:00,221,제천,19.1,100,,,,979.4,1009.9,,,7,4,20.8
2025-06-27 00:00,221,제천,18.8,100,,,,979.1,1009.3,,,7,6,20.3
2025-06-27 01:00,221,제천,18.2,100,,,,979.0,1009.6,,,7,3,19.8
2025-06-27 02:00,221,제천,17.9,100,,,,979.0,1009.6,,,9,6,19.7
2025-06-27 03:00,221,제천,18.2,100,,,,979.3,1009.9,,,7,7,20.2
2025-06-27 04:00,221,제천,18.0,100,,,,979.2,1009.8,,,9,9,20.2
2025-06-27 05:00,221,제천,18.1,100,,,,979.1,1009.7,,,10,7,20.2
2025-06-27 06:00,221,제천,18.4,100,,,,979.4,1009.9,0.0,,10,10,20.4
2025-06-27 07:00,221,제천,19.0,100,,,,979.5,1010.0,0.0,,10,10,21.2
2025-06-27 08:00,221,제천,20.7,94,,,,979.6,1009.9,0.1,,10,5,24.9
2025-06-27 09:00,221,제천,21.7,89,,,,979.8,1010.0,0.0,,10,9,24.9
2025-06-27 10:00,221,제천,22.3,86,,,,979.8,1009.9,0.0,,10,10,25.1
2025-06-27 11:00,221,제천,23.1,83,,,,979.8,1009.8,0.0,,10,10,26.4
2025-06-27 12:00,221,제천,24.0,80,,,,979.5,1009.4,0.0,,9,9,28.3
2025-06-27 13:00,221,제천,24.6,78,,,,979.2,1009.0,0.0,,9,9,29.2
2025-06-27 14:00,221,제천,25.6,73,,,,978.5,1008.2,0.4,,8,2,32.2
2025-06-27 15:00,221,제천,27.3,73,,,,978.3,1007.8,0.1,,9,3,32.3
2025-06-27 16:00,221,제천,27.0,69,,,,978.1,1007.6,0.7,,6,2,31.5
2025-06-27 17:00,221,제천,27.7,67,,,,977.5,1006.9,0.6,,3,3,30.3
2025-06-27 18:00,221,제천,27.5,68,0.2,0,,977.5,1006.9,0.9,,5,0,27.7
2025-06-27 19:00,221,제천,26.5,76,0.3,0,,977.8,1007.4,1.0,,3,1,26.3
2025-06-27 20:00,221,제천,24.2,88,0.4,0,,978.1,1007.9,0.2,,7,7,25.1
2025-06-27 21:00,221,제천,22.8,94,0.0,0,,978.8,1008.8,,,5,0,24.1
2025-06-27 22:00,221,제천,21.9,97,0.0,0,,979.1,1009.2,,,0,0,23.4
2025-06-27 23:00,221,제천,21.4,99,0.0,0,,979.2,1009.4,,,5,0,22.8
2025-06-28 00:00,221,제천,21.3,100,0.0,0,,979.2,1009.3,,,10,6,22.7
2025-06-28 01:00,221,제천,21.4,100,0.0,0,,979.3,1009.5,,,10,7,22.7
2025-06-28 02:00,221,제천,21.3,100,0.0,0,,979.4,1009.6,,,10,5,22.6
2025-06-28 03:00,221,제천,21.4,100,0.0,0,0.0,979.0,1009.2,,,10,2,22.5
2025-06-28 04:00,221,제천,21.4,100,0.0,0,0.2,979.0,1009.2,,,10,0,22.5
2025-06-28 05:00,221,제천,21.2,100,0.0,0,0.2,978.7,1008.9,,,10,0,22.4
2025-06-28 06:00,221,제천,21.3,100,0.0,0,0.0,979.0,1009.2,0.0,,9,0,22.4
2025-06-28 07:00,221,제천,22.0,100,0.0,0,,979.1,1009.2,0.0,,9,0,23.4
2025-06-28 08:00,221,제천,22.5,97,0.0,0,,979.2,1009.2,0.0,,10,0,24.2
2025-06-28 09:00,221,제천,23.4,93,0.0,0,0.0,979.2,1009.1,0.0,,10,1,25.7
2025-06-28 10:00,221,제천,25.0,84,0.0,0,,978.8,1008.6,0.0,,9,1,28.3
2025-06-28 11:00,221,제천,26.3,77,0.0,0,,978.5,1008.1,0.1,,10,2,29.9
2025-06-28 12:00,221,제천,27.4,71,0.0,0,,978.3,1007.8,0.3,,8,3,33.5
2025-06-28 13:00,221,제천,28.4,70,0.4,0,,977.9,1007.3,0.5,,10,1,32.6
2025-06-28 14:00,221,제천,28.7,70,0.8,270,,977.5,1006.8,0.0,,10,2,32.3
2025-06-28 15:00,221,제천,29.2,71,2.0,230,,977.1,1006.4,0.0,,9,2,32.4
2025-06-28 16:00,221,제천,29.8,72,1.5,230,,976.7,1005.9,0.1,,10,0,32.4
2025-06-28 17:00,221,제천,28.9,71,2.3,250,,976.6,1005.9,0.2,,10,2,31.0
2025-06-28 18:00,221,제천,28.9,73,2.1,270,,976.3,1005.6,0.4,,7,2,29.5
2025-06-28 19:00,221,제천,27.8,77,1.6,250,,976.7,1006.1,0.3,,5,0,27.7
2025-06-28 20:00,221,제천,26.1,89,0.1,0,,977.2,1006.8,0.0,,7,7,26.7
2025-06-28 21:00,221,제천,24.9,96,1.4,320,3.0,977.8,1007.5,,,10,2,25.9
2025-06-28 22:00,221,제천,23.5,100,0.0,0,3.4,977.6,1007.5,,,0,0,25.0
2025-06-28 23:00,221,제천,23.0,100,0.1,0,,977.5,1007.4,,,5,0,24.4
2025-06-29 00:00,221,제천,22.4,100,0.0,0,,977.3,1007.1,,,6,0,23.9
2025-06-29 01:00,221,제천,22.4,100,0.0,0,,977.3,1007.3,,,0,0,23.8
2025-06-29 02:00,221,제천,22.4,100,0.0,0,,977.4,1007.4,,,0,0,23.6
2025-06-29 03:00,221,제천,22.1,100,0.0,0,,977.5,1007.5,,,0,0,23.2
2025-06-29 04:00,221,제천,22.2,100,0.1,0,,977.9,1007.9,,,6,2,23.3
2025-06-29 05:00,221,제천,22.5,100,0.0,0,,978.0,1008.0,,,8,7,23.5
2025-06-29 06:00,221,제천,22.6,100,0.0,0,,978.3,1008.3,0.0,,6,6,23.7
2025-06-29 07:00,221,제천,23.2,100,0.0,0,,978.7,1008.7,0.0,,9,9,24.4
2025-06-29 08:00,221,제천,24.0,100,0.0,0,,978.8,1008.7,0.0,,7,7,25.7
2025-06-29 09:00,221,제천,26.2,89,0.1,0,,978.8,1008.4,0.5,,6,6,30.3
2025-06-29 10:00,221,제천,28.3,75,1.3,230,,979.0,1008.4,0.8,,6,4,34.0
2025-06-29 11:00,221,제천,29.0,73,2.3,250,,979.1,1008.4,0.6,,7,1,34.6
2025-06-29 12:00,221,제천,29.9,61,2.7,270,,978.7,1007.9,1.0,,7,1,37.3
2025-06-29 13:00,221,제천,30.4,58,2.4,270,,978.1,1007.3,1.0,,7,2,38.2
2025-06-29 14:00,221,제천,30.5,60,3.0,270,,977.8,1006.9,0.9,,7,1,37.4
2025-06-29 15:00,221,제천,31.0,55,3.1,250,,977.7,1006.8,1.0,,5,0,37.5
2025-06-29 16:00,221,제천,31.0,53,3.2,250,,977.9,1007.0,1.0,,0,0,35.5
2025-06-29 17:00,221,제천,30.7,57,3.6,270,,977.8,1006.9,1.0,,0,0,32.3
2025-06-29 18:00,221,제천,30.4,59,2.2,250,,977.8,1007.0,1.0,,0,0,29.7
2025-06-29 19:00,221,제천,28.8,66,1.0,320,,978.0,1007.3,1.0,,1,0,28.3
2025-06-29 20:00,221,제천,26.6,76,0.4,0,,978.1,1007.7,0.2,,0,0,27.1
2025-06-29 21:00,221,제천,24.6,90,0.2,0,,978.9,1008.7,,,0,0,26.1
2025-06-29 22:00,221,제천,23.8,96,0.2,0,,979.4,1009.3,,,0,0,25.6
2025-06-29 23:00,221,제천,23.8,95,0.2,0,,979.7,1009.6,,,0,0,25.2
2025-06-30 00:00,221,제천,23.6,97,0.0,0,,980.1,1009.8,,,0,0,25.0
2025-06-30 01:00,221,제천,23.5,98,0.5,340,,980.7,1010.7,,,2,2,24.7
2025-06-30 02:00,221,제천,22.5,100,0.1,0,,980.7,1010.8,,,0,0,24.0
2025-06-30 03:00,221,제천,21.9,100,0.0,0,,980.6,1010.8,,,0,0,23.4
2025-06-30 04:00,221,제천,21.4,100,0.2,0,,980.5,1010.7,,,0,0,22.9
2025-06-30 05:00,221,제천,21.0,100,0.0,0,,980.9,1011.2,,,0,0,22.6
2025-06-30 06:00,221,제천,21.7,100,0.0,0,,981.6,1011.8,0.0,,0,0,23.2
2025-06-30 07:00,221,제천,23.7,94,0.0,0,,981.8,1011.8,0.7,,0,0,24.5
2025-06-30 08:00,221,제천,25.7,83,0.3,0,,982.0,1011.8,1.0,,0,0,28.1
2025-06-30 09:00,221,제천,27.4,77,1.2,180,,981.6,1011.2,0.8,,6,3,31.9
2025-06-30 10:00,221,제천,27.8,70,1.6,250,,981.7,1011.2,0.5,,5,3,32.4
2025-06-30 11:00,221,제천,28.2,68,2.6,250,,981.6,1011.1,0.7,,6,4,33.3
2025-06-30 12:00,221,제천,29.6,62,2.5,250,,981.4,1010.7,0.9,,6,1,36.3
2025-06-30 13:00,221,제천,30.0,63,2.6,200,,981.1,1010.4,0.6,,8,2,36.5
2025-06-30 14:00,221,제천,30.7,59,3.1,250,,981.1,1010.3,0.6,,8,3,37.4
2025-06-30 15:00,221,제천,31.4,57,2.5,250,,980.7,1009.8,0.8,,8,0,37.5
2025-06-30 16:00,221,제천,31.1,57,2.5,230,,980.6,1009.8,0.9,,7,1,35.9
2025-06-30 17:00,221,제천,30.7,58,3.0,250,,980.4,1009.6,1.0,,8,1,33.0
2025-06-30 18:00,221,제천,30.4,59,2.1,250,,980.3,1009.5,1.0,,7,0,30.5
2025-06-30 19:00,221,제천,29.0,64,1.6,270,,980.6,1010.0,0.8,,7,0,28.8
2025-06-30 20:00,221,제천,26.0,84,0.3,0,,980.8,1010.5,0.0,,5,0,27.4
2025-06-30 21:00,221,제천,24.8,89,0.5,20,,981.1,1010.9,,,6,0,26.5
2025-06-30 22:00,221,제천,24.2,94,0.5,20,,981.6,1011.5,,,6,0,25.8
2025-06-30 23:00,221,제천,23.7,96,0.6,20,,981.9,1011.9,,,5,0,25.3
2025-06-01 00:00,262,고흥,15.7,93,0.8,320,,1004.4,1010.5,,,8,0,16.3
2025-06-01 01:00,262,고흥,15.3,95,0.8,320,,1004.6,1010.8,,,8,0,15.8
2025-06-01 02:00,262,고흥,14.6,95,0.5,270,,1004.6,1010.8,,,5,0,15.2
2025-06-01 03:00,262,고흥,14.0,96,0.5,360,,1004.5,1010.7,,,7,0,14.7
2025-06-01 04:00,262,고흥,13.4,97,0.5,70,,1004.5,1010.7,,,2,0,14.2
2025-06-01 05:00,262,고흥,13.1,98,0.5,320,,1005.0,1011.2,,,0,0,13.9
2025-06-01 06:00,262,고흥,13.1,98,0.6,360,,1005.3,1011.5,0.0,0.04,5,0,14.4
2025-06-01 07:00,262,고흥,15.8,98,0.1,0,,1005.7,1011.8,0.6,0.39,0,0,16.3
2025-06-01 08:00,262,고흥,20.0,86,0.5,160,,1005.7,1011.7,1.0,1.08,0,0,19.1
2025-06-01 09:00,262,고흥,23.1,66,0.6,160,,1005.5,1011.5,1.0,1.79,0,0,25.9
2025-06-01 10:00,262,고흥,25.4,62,2.5,180,,1005.2,1011.1,1.0,2.5,0,0,31.2
2025-06-01 11:00,262,고흥,25.6,58,2.1,290,,1004.8,1010.7,1.0,3.06,3,0,33.2
2025-06-01 12:00,262,고흥,27.1,53,1.8,20,,1004.4,1010.3,0.9,3.06,6,1,33.5
2025-06-01 13:00,262,고흥,26.6,56,3.5,180,,1004.1,1010.0,0.9,2.76,7,2,34.8
2025-06-01 14:00,262,고흥,26.4,52,3.6,230,,1003.5,1009.4,1.0,3.31,3,0,35.6
2025-06-01 15:00,262,고흥,27.0,48,3.9,200,,1003.0,1008.9,1.0,2.98,0,0,35.5
2025-06-01 16:00,262,고흥,26.4,44,3.6,230,,1002.7,1008.6,1.0,2.4,0,0,34.0
2025-06-01 17:00,262,고흥,25.8,42,3.5,200,,1002.3,1008.2,1.0,1.83,5,0,30.2
2025-06-01 18:00,262,고흥,24.4,48,2.5,200,,1002.4,1008.3,0.8,0.97,7,0,25.1
2025-06-01 19:00,262,고흥,22.1,59,0.5,340,,1002.7,1008.7,0.6,0.34,0,0,21.8
2025-06-01 20:00,262,고흥,18.2,66,0.5,360,,1003.2,1009.3,0.0,0.05,0,0,18.5
2025-06-01 21:00,262,고흥,16.1,72,0.6,20,,1002.9,1009.0,,,0,0,17.0
2025-06-01 22:00,262,고흥,14.8,80,0.4,0,,1003.3,1009.5,,,6,0,16.0
2025-06-01 23:00,262,고흥,14.3,86,0.4,0,,1002.7,1008.9,,,7,0,15.5
2025-06-02 00:00,262,고흥,14.3,87,0.8,50,,1002.2,1008.3,,,8,0,15.5
2025-06-02 01:00,262,고흥,13.8,91,0.5,140,,1001.6,1007.8,,,9,0,15.5
2025-06-02 02:00,262,고흥,14.4,89,0.5,90,,1001.4,1007.6,,,9,5,15.9
2025-06-02 03:00,262,고흥,14.6,87,0.3,0,,1000.8,1006.9,,,10,3,16.2
2025-06-02 04:00,262,고흥,14.8,87,0.3,0,,1000.3,1006.4,,,10,9,16.4
2025-06-02 05:00,262,고흥,15.1,87,0.5,340,,999.8,1005.9,,,10,7,16.5
2025-06-02 06:00,262,고흥,15.4,88,0.3,0,,1000.2,1006.3,0.0,0.03,10,10,17.0
2025-06-02 07:00,262,고흥,16.6,84,0.2,0,,1000.1,1006.2,0.0,0.16,10,10,18.3
2025-06-02 08:00,262,고흥,18.0,81,1.2,200,0.0,1000.1,1006.2,0.0,0.29,10,10,19.8
2025-06-02 09:00,262,고흥,19.0,79,0.8,70,0.0,1000.5,1006.5,0.0,0.42,10,10,21.4
2025-06-02 10:00,262,고흥,20.0,74,0.5,70,0.0,1000.5,1006.5,0.0,0.71,10,10,23.0
2025-06-02 11:00,262,고흥,20.9,69,0.9,110,0.0,1000.1,1006.1,0.0,0.86,10,1,24.2
2025-06-02 12:00,262,고흥,19.3,78,1.8,140,0.3,999.7,1005.7,0.0,0.78,10,3,23.3
2025-06-02 13:00,262,고흥,19.8,76,1.7,140,0.3,998.7,1004.7,0.0,1.24,10,4,25.2
2025-06-02 14:00,262,고흥,18.9,79,2.3,50,0.1,998.4,1004.4,0.0,0.85,10,9,24.4
2025-06-02 15:00,262,고흥,18.4,85,2.1,20,0.2,997.5,1003.5,0.0,0.82,10,10,22.7
2025-06-02 16:00,262,고흥,17.4,90,2.9,50,0.3,996.5,1002.6,0.0,0.45,10,10,20.6
2025-06-02 17:00,262,고흥,16.7,93,3.3,50,1.1,996.3,1002.4,0.0,0.28,10,9,19.3
2025-06-02 18:00,262,고흥,16.9,92,1.9,90,2.1,995.6,1001.7,0.0,0.2,10,10,18.8
2025-06-02 19:00,262,고흥,16.8,94,1.3,50,1.1,995.0,1001.1,0.0,0.09,10,10,18.5
2025-06-02 20:00,262,고흥,16.2,95,2.3,20,1.1,995.2,1001.3,0.0,0.01,10,10,17.6
2025-06-02 21:00,262,고흥,16.2,95,1.7,50,1.1,995.2,1001.3,,,10,10,17.4
2025-06-02 22:00,262,고흥,16.2,95,2.1,50,0.6,995.4,1001.5,,,10,10,17.4
2025-06-02 23:00,262,고흥,16.3,95,1.6,20,0.2,994.8,1000.9,,,10,9,17.3
2025-06-03 00:00,262,고흥,16.5,95,1.6,20,0.1,994.2,1000.2,,,10,3,17.5
2025-06-03 01:00,262,고흥,16.4,95,1.7,20,0.0,993.7,999.8,,,9,9,17.3
2025-06-03 02:00,262,고흥,16.2,95,1.4,340,0.4,993.5,999.6,,,10,5,17.2
2025-06-03 03:00,262,고흥,16.2,95,0.8,360,0.0,993.2,999.3,,,10,6,17.4
2025-06-03 04:00,262,고흥,16.3,95,0.9,340,0.0,993.1,999.2,,,10,10,17.3
2025-06-03 05:00,262,고흥,16.0,95,1.0,360,0.0,993.3,999.4,,,10,4,16.9
2025-06-03 06:00,262,고흥,16.1,95,1.1,360,,993.6,999.7,0.0,0.02,10,9,17.1
2025-06-03 07:00,262,고흥,18.0,89,1.1,360,,994.0,1000.0,0.5,0.4,6,6,17.8
2025-06-03 08:00,262,고흥,19.3,77,2.6,320,,994.3,1000.3,1.0,1.15,1,0,18.8
2025-06-03 09:00,262,고흥,20.6,70,3.5,320,,994.7,1000.7,1.0,1.85,1,0,23.1
2025-06-03 10:00,262,고흥,21.9,68,3.3,290,,994.9,1000.8,1.0,2.48,2,0,27.3
2025-06-03 11:00,262,고흥,23.2,60,5.6,290,,994.7,1000.6,1.0,3.07,2,0,29.6
2025-06-03 12:00,262,고흥,24.2,56,6.2,290,,994.9,1000.8,1.0,3.47,2,0,31.5
2025-06-03 13:00,262,고흥,25.2,56,4.2,320,,994.6,1000.5,1.0,3.56,0,0,33.5
2025-06-03 14:00,262,고흥,26.3,47,4.2,340,,994.3,1000.1,1.0,3.48,2,0,33.2
2025-06-03 15:00,262,고흥,25.4,51,7.3,320,,994.1,1000.0,1.0,3.15,0,0,30.4
2025-06-03 16:00,262,고흥,25.2,48,7.4,320,,994.2,1000.1,1.0,2.61,0,0,28.4
2025-06-03 17:00,262,고흥,24.8,50,6.6,320,,994.3,1000.2,1.0,2.0,0,0,25.8
2025-06-03 18:00,262,고흥,24.1,51,5.7,320,,994.8,1000.7,1.0,1.28,0,0,21.3
2025-06-03 19:00,262,고흥,21.8,54,5.8,320,,995.7,1001.6,0.8,0.4,0,0,18.1
2025-06-03 20:00,262,고흥,20.0,56,4.5,320,,996.6,1002.6,0.0,0.03,6,0,16.5
2025-06-03 21:00,262,고흥,19.5,58,3.5,320,,997.0,1003.0,,,8,8,16.3
2025-06-03 22:00,262,고흥,18.8,58,3.4,320,,998.0,1004.0,,,8,5,15.7
2025-06-03 23:00,262,고흥,17.9,62,2.5,320,,998.5,1004.6,,,9,7,15.7
2025-06-04 00:00,262,고흥,17.8,64,1.9,290,,998.6,1004.6,,,8,8,15.1
2025-06-04 01:00,262,고흥,17.6,73,3.4,270,,998.5,1004.6,,,1,1,14.7
2025-06-04 02:00,262,고흥,17.7,73,4.6,270,,998.6,1004.7,,,0,0,14.5
2025-06-04 03:00,262,고흥,16.9,74,4.0,290,,998.8,1004.9,,,0,0,14.1
2025-06-04 04:00,262,고흥,15.9,75,0.9,270,,999.3,1005.4,,,0,0,13.5
2025-06-04 05:00,262,고흥,13.6,85,0.6,200,,999.5,1005.7,,,0,0,13.0
2025-06-04 06:00,262,고흥,15.0,77,1.9,200,,1000.2,1006.3,0.0,0.04,0,0,13.4
2025-06-04 07:00,262,고흥,17.9,71,1.3,200,,1000.4,1006.5,0.7,0.49,0,0,15.3
2025-06-04 08:00,262,고흥,20.7,52,1.5,180,,1001.1,1007.1,1.0,1.26,1,1,17.3
2025-06-04 09:00,262,고흥,21.6,49,3.8,290,,1001.0,1007.0,1.0,1.98,0,0,22.2
2025-06-04 10:00,262,고흥,23.5,44,2.9,290,,1000.5,1006.4,1.0,2.7,0,0,28.0
2025-06-04 11:00,262,고흥,25.1,34,4.4,270,,1000.3,1006.2,1.0,3.26,0,0,30.3
2025-06-04 12:00,262,고흥,26.6,36,3.0,250,,999.7,1005.6,1.0,3.57,0,0,35.0
2025-06-04 13:00,262,고흥,26.9,42,3.9,200,,999.3,1005.2,1.0,3.54,0,0,37.6
2025-06-04 14:00,262,고흥,27.8,37,5.5,320,,998.9,1004.7,1.0,3.46,0,0,38.2
2025-06-04 15:00,262,고흥,27.4,24,7.3,320,,998.8,1004.6,1.0,3.26,0,0,37.2
2025-06-04 16:00,262,고흥,27.5,22,5.8,320,,999.1,1004.9,1.0,2.75,0,0,36.1
2025-06-04 17:00,262,고흥,27.3,27,5.1,320,,999.3,1005.1,1.0,2.05,0,0,32.5
2025-06-04 18:00,262,고흥,26.2,25,4.8,320,,999.7,1005.6,1.0,1.31,0,0,25.1
2025-06-04 19:00,262,고흥,24.3,29,4.0,320,,1000.4,1006.3,0.9,0.42,0,0,20.6
2025-06-04 20:00,262,고흥,20.8,43,1.8,340,,1001.6,1007.6,0.0,0.04,0,0,17.7
2025-06-04 21:00,262,고흥,20.0,40,2.7,320,,1002.6,1008.6,,,0,0,16.1
2025-06-04 22:00,262,고흥,18.2,49,2.3,340,,1003.5,1009.6,,,0,0,15.1
2025-06-04 23:00,262,고흥,17.5,54,1.9,290,,1004.0,1010.1,,,0,0,14.5
2025-06-05 00:00,262,고흥,15.9,61,1.0,320,,1004.2,1010.3,,,0,0,13.9
2025-06-05 01:00,262,고흥,15.3,64,1.7,340,,1004.3,1010.5,,,0,0,13.4
2025-06-05 02:00,262,고흥,14.9,68,1.6,50,,1004.5,1010.7,,,0,0,13.1
2025-06-05 03:00,262,고흥,12.8,77,0.4,0,,1004.9,1011.1,,,0,0,12.6
2025-06-05 04:00,262,고흥,11.5,84,0.7,360,,1005.5,1011.8,,,0,0,12.0
2025-06-05 05:00,262,고흥,10.8,90,0.7,200,,1005.7,1012.0,,,0,0,11.6
2025-06-05 06:00,262,고흥,10.7,92,0.8,20,,1006.4,1012.7,0.0,0.04,0,0,11.8
2025-06-05 07:00,262,고흥,15.1,85,0.3,0,,1006.8,1013.0,0.7,0.53,0,0,13.3
2025-06-05 08:00,262,고흥,19.2,58,2.4,270,,1007.2,1013.3,1.0,1.35,0,0,15.6
2025-06-05 09:00,262,고흥,21.5,49,2.4,290,,1007.4,1013.4,1.0,2.11,0,0,23.7
2025-06-05 10:00,262,고흥,23.8,37,3.0,290,,1007.0,1013.0,1.0,2.79,0,0,29.2
2025-06-05 11:00,262,고흥,25.3,35,3.0,270,,1006.7,1012.6,1.0,3.32,0,0,34.8
2025-06-05 12:00,262,고흥,25.9,34,3.5,270,,1006.4,1012.3,1.0,3.58,4,0,39.2
2025-06-05 13:00,262,고흥,27.3,32,2.1,290,,1005.8,1011.7,1.0,3.62,0,0,43.5
2025-06-05 14:00,262,고흥,28.1,31,3.0,270,,1005.3,1011.2,1.0,3.45,6,0,44.4
2025-06-05 15:00,262,고흥,29.1,32,2.8,270,,1004.8,1010.6,1.0,2.78,7,0,43.3
2025-06-05 16:00,262,고흥,27.6,37,2.9,200,,1004.4,1010.3,0.9,2.12,5,0,38.3
2025-06-05 17:00,262,고흥,27.0,38,2.5,230,,1004.2,1010.1,0.9,1.72,7,0,35.0
2025-06-05 18:00,262,고흥,26.1,42,1.5,200,,1004.0,1009.9,0.7,1.02,6,2,28.1
2025-06-05 19:00,262,고흥,23.5,54,0.9,290,,1004.7,1010.7,0.6,0.4,7,0,23.7
2025-06-05 20:00,262,고흥,19.7,58,0.7,110,,1005.3,1011.4,0.0,0.05,6,2,20.0
2025-06-05 21:00,262,고흥,18.1,63,0.7,50,,1005.9,1012.0,,,0,0,18.0
2025-06-05 22:00,262,고흥,17.5,64,1.0,50,,1005.6,1011.7,,,8,2,17.5
2025-06-05 23:00,262,고흥,16.5,65,0.5,360,,1005.8,1011.9,,,6,6,16.4
2025-06-06 00:00,262,고흥,15.2,71,0.6,20,,1005.5,1011.7,,,0,0,15.2
2025-06-06 01:00,262,고흥,14.5,73,0.8,110,,1005.2,1011.4,,,8,2,15.5
2025-06-06 02:00,262,고흥,14.8,70,0.5,340,,1005.0,1011.2,,,8,2,15.6
2025-06-06 03:00,262,고흥,14.2,75,0.3,0,,1004.6,1010.8,,,9,3,15.2
2025-06-06 04:00,262,고흥,14.2,69,0.3,0,,1004.5,1010.7,,,8,8,15.0
2025-06-06 05:00,262,고흥,13.6,66,0.4,0,,1004.6,1010.8,,,7,2,14.2
2025-06-06 06:00,262,고흥,13.6,69,0.5,70,,1005.1,1011.3,0.0,0.04,8,4,15.0
2025-06-06 07:00,262,고흥,15.9,76,0.2,0,,1005.0,1011.1,0.1,0.35,8,7,17.4
2025-06-06 08:00,262,고흥,18.7,67,0.6,180,,1005.2,1011.3,0.0,0.62,9,8,20.3
2025-06-06 09:00,262,고흥,22.9,49,0.8,180,,1005.5,1011.5,0.4,1.3,10,9,23.9
2025-06-06 10:00,262,고흥,24.8,41,1.8,180,,1005.2,1011.1,0.4,1.47,8,5,28.7
2025-06-06 11:00,262,고흥,24.6,38,3.3,290,,1005.5,1011.4,0.6,2.16,9,1,28.7
2025-06-06 12:00,262,고흥,26.5,36,1.7,160,,1005.0,1010.9,0.2,1.95,8,6,34.1
2025-06-06 13:00,262,고흥,26.5,35,2.0,200,,1004.7,1010.6,0.2,1.88,10,6,32.2
2025-06-06 14:00,262,고흥,25.3,41,1.9,290,,1004.4,1010.3,0.0,1.23,10,8,28.6
2025-06-06 15:00,262,고흥,25.2,42,2.0,180,,1004.4,1010.3,0.0,0.76,9,3,28.8
2025-06-06 16:00,262,고흥,24.8,54,0.4,0,,1004.2,1010.1,0.0,0.67,9,7,26.5
2025-06-06 17:00,262,고흥,23.8,59,0.9,320,,1003.5,1009.4,0.0,0.46,10,8,25.7
2025-06-06 18:00,262,고흥,23.8,60,1.0,110,,1003.5,1009.4,0.0,0.54,10,8,24.9
2025-06-06 19:00,262,고흥,22.2,66,0.5,140,,1003.9,1009.9,0.0,0.29,8,3,21.9
2025-06-06 20:00,262,고흥,19.8,70,0.5,290,,1004.0,1010.0,0.0,0.05,7,7,19.7
2025-06-06 21:00,262,고흥,19.0,76,0.7,320,,1004.4,1010.5,,,9,9,19.2
2025-06-06 22:00,262,고흥,17.9,78,0.6,360,,1004.8,1010.9,,,8,8,17.8
2025-06-06 23:00,262,고흥,16.2,84,0.4,0,,1004.7,1010.8,,,6,1,16.6
2025-06-07 00:00,262,고흥,15.3,90,0.3,0,,1004.6,1010.8,,,7,0,16.0
2025-06-07 01:00,262,고흥,14.7,92,0.3,0,,1004.4,1010.6,,,8,0,15.7
2025-06-07 02:00,262,고흥,14.6,92,0.5,320,,1004.3,1010.5,,,8,8,15.9
2025-06-07 03:00,262,고흥,15.1,91,0.5,110,,1004.3,1010.5,,,10,10,16.1
2025-06-07 04:00,262,고흥,14.6,92,0.5,20,,1004.1,1010.3,,,10,5,15.6
2025-06-07 05:00,262,고흥,14.6,94,0.8,20,,1004.1,1010.3,,,8,0,15.4
2025-06-07 06:00,262,고흥,14.8,95,1.0,90,,1003.8,1010.0,0.0,0.04,9,0,15.8
2025-06-07 07:00,262,고흥,17.2,89,0.4,0,,1003.9,1010.0,0.5,0.46,6,0,17.2
2025-06-07 08:00,262,고흥,21.5,77,0.7,290,,1003.8,1009.8,1.0,1.21,7,3,19.6
2025-06-07 09:00,262,고흥,24.7,65,1.4,110,,1003.8,1009.7,1.0,1.69,6,0,26.8
2025-06-07 10:00,262,고흥,27.1,49,2.5,200,,1004.2,1010.1,1.0,2.74,7,0,33.8
2025-06-07 11:00,262,고흥,27.2,46,3.2,200,,1004.4,1010.3,1.0,3.13,8,6,38.3
2025-06-07 12:00,262,고흥,26.8,46,4.0,200,,1003.6,1009.5,1.0,2.95,8,2,38.8
2025-06-07 13:00,262,고흥,25.7,50,4.1,230,,1003.4,1009.3,0.8,2.5,8,0,36.3
2025-06-07 14:00,262,고흥,26.5,48,3.3,200,,1003.1,1009.0,0.8,2.44,7,4,40.5
2025-06-07 15:00,262,고흥,26.1,57,4.0,230,,1002.8,1008.7,1.0,2.81,7,0,39.4
2025-06-07 16:00,262,고흥,25.5,65,3.4,230,,1002.4,1008.3,0.9,2.0,8,0,35.7
2025-06-07 17:00,262,고흥,25.2,66,3.0,230,,1002.5,1008.4,0.5,1.23,8,0,32.1
2025-06-07 18:00,262,고흥,24.3,71,3.0,230,,1002.8,1008.7,0.4,0.82,9,0,27.6
2025-06-07 19:00,262,고흥,23.0,79,2.3,230,,1003.0,1009.0,0.0,0.25,10,1,24.3
2025-06-07 20:00,262,고흥,22.2,82,0.4,0,,1003.0,1009.0,0.0,0.03,10,4,22.5
2025-06-07 21:00,262,고흥,21.4,86,0.6,360,,1003.5,1009.5,,,10,9,21.7
2025-06-07 22:00,262,고흥,21.4,90,0.8,50,,1003.6,1009.6,,,10,9,21.3
2025-06-07 23:00,262,고흥,20.9,91,0.4,0,,1004.0,1010.0,,,10,9,20.9
2025-06-08 00:00,262,고흥,20.5,91,0.4,0,,1003.8,1009.8,,,10,9,20.6
2025-06-08 01:00,262,고흥,20.3,93,0.4,0,,1003.4,1009.4,,,10,9,20.3
2025-06-08 02:00,262,고흥,20.1,95,1.1,340,,1002.8,1008.8,,,10,8,20.1
2025-06-08 03:00,262,고흥,20.1,94,0.3,0,,1002.3,1008.3,,,10,0,20.0
2025-06-08 04:00,262,고흥,19.9,95,0.4,0,,1002.0,1008.0,,,9,1,19.6
2025-06-08 05:00,262,고흥,19.4,95,0.5,110,,1002.5,1008.5,,,10,6,19.4
2025-06-08 06:00,262,고흥,19.7,95,0.5,200,,1002.5,1008.5,0.0,0.04,10,3,20.1
2025-06-08 07:00,262,고흥,20.7,94,0.7,320,,1002.6,1008.6,0.0,0.23,9,2,21.7
2025-06-08 08:00,262,고흥,21.8,90,1.1,160,,1002.9,1008.9,0.0,0.48,10,1,23.7
2025-06-08 09:00,262,고흥,22.3,89,0.9,110,,1003.2,1009.2,0.0,0.49,10,3,24.7
2025-06-08 10:00,262,고흥,23.9,86,1.9,140,,1003.2,1009.1,0.0,1.0,10,8,29.3
2025-06-08 11:00,262,고흥,24.7,79,1.4,160,,1003.5,1009.4,0.1,1.64,9,5,29.1
2025-06-08 12:00,262,고흥,25.6,77,1.9,290,,1003.0,1008.9,0.1,0.92,10,3,31.9
2025-06-08 13:00,262,고흥,27.3,69,1.4,320,,1002.2,1008.1,0.4,2.09,8,4,34.1
2025-06-08 14:00,262,고흥,28.8,62,1.3,340,,1002.1,1007.9,0.6,2.55,9,5,38.5
2025-06-08 15:00,262,고흥,25.8,74,2.2,160,,1002.1,1008.0,0.1,1.13,9,9,31.4
2025-06-08 16:00,262,고흥,26.8,69,2.2,110,,1001.7,1007.6,0.7,2.1,3,1,39.2
2025-06-08 17:00,262,고흥,26.7,66,1.6,160,,1001.8,1007.7,1.0,1.79,1,0,36.7
2025-06-08 18:00,262,고흥,25.5,66,2.7,180,,1002.3,1008.2,1.0,1.04,4,0,29.5
2025-06-08 19:00,262,고흥,24.3,72,1.4,140,,1002.5,1008.4,0.6,0.41,8,0,26.1
2025-06-08 20:00,262,고흥,22.5,78,1.1,110,,1002.7,1008.7,0.0,0.09,7,0,22.7
2025-06-08 21:00,262,고흥,20.6,85,0.4,0,,1003.1,1009.1,,,8,0,20.9
2025-06-08 22:00,262,고흥,19.2,91,0.6,20,,1003.8,1009.9,,,0,0,19.7
2025-06-08 23:00,262,고흥,18.4,92,0.4,0,,1003.9,1010.0,,,0,0,18.9
2025-06-09 00:00,262,고흥,17.9,95,0.4,0,,1003.9,1010.0,,,0,0,18.4
2025-06-09 01:00,262,고흥,17.5,96,0.4,0,,1003.6,1009.7,,,0,0,17.9
2025-06-09 02:00,262,고흥,17.1,96,0.6,20,,1003.3,1009.4,,,6,0,17.5
2025-06-09 03:00,262,고흥,16.9,97,0.6,360,,1003.0,1009.1,,,8,0,17.4
2025-06-09 04:00,262,고흥,17.2,97,0.7,50,,1002.2,1008.3,,,10,3,18.1
2025-06-09 05:00,262,고흥,17.8,97,0.6,70,,1002.0,1008.1,,,9,9,18.8
2025-06-09 06:00,262,고흥,18.5,97,0.4,0,,1002.2,1008.3,0.0,0.01,10,5,19.4
2025-06-09 07:00,262,고흥,18.9,97,0.9,50,0.0,1001.8,1007.9,0.0,0.05,10,4,19.8
2025-06-09 08:00,262,고흥,20.1,94,0.6,290,0.0,1002.6,1008.6,0.0,0.32,10,2,21.7
2025-06-09 09:00,262,고흥,21.4,91,1.5,320,,1002.4,1008.4,0.0,0.44,10,1,24.6
2025-06-09 10:00,262,고흥,24.0,77,1.2,110,,1002.1,1008.0,0.0,1.34,10,3,29.1
2025-06-09 11:00,262,고흥,25.4,67,1.6,160,,1002.3,1008.2,0.2,1.83,10,8,29.9
2025-06-09 12:00,262,고흥,25.4,66,1.7,110,,1002.3,1008.2,0.0,1.22,9,9,31.5
2025-06-09 13:00,262,고흥,26.0,64,1.1,140,,1001.9,1007.8,0.0,1.4,10,10,31.1
2025-06-09 14:00,262,고흥,26.9,62,1.0,160,,1001.5,1007.4,0.0,1.37,9,9,35.0
2025-06-09 15:00,262,고흥,27.5,54,1.5,140,,1001.0,1006.9,0.2,1.78,9,5,35.0
2025-06-09 16:00,262,고흥,27.4,52,1.1,140,,1000.2,1006.1,0.1,1.44,9,0,33.7
2025-06-09 17:00,262,고흥,27.1,52,0.9,200,,1000.2,1006.1,0.2,1.03,8,0,33.1
2025-06-09 18:00,262,고흥,27.9,54,0.7,250,,1000.0,1005.8,0.4,0.85,8,0,31.9
2025-06-09 19:00,262,고흥,24.5,71,0.7,320,,1000.2,1006.1,0.9,0.49,3,0,23.9
2025-06-09 20:00,262,고흥,21.1,80,0.6,340,,1000.5,1006.5,0.0,0.04,0,0,20.4
2025-06-09 21:00,262,고흥,19.4,87,0.5,360,,1000.6,1006.6,,,0,0,19.0
2025-06-09 22:00,262,고흥,18.6,91,0.5,290,,1001.1,1007.2,,,0,0,18.2
2025-06-09 23:00,262,고흥,17.9,93,1.1,70,,1001.2,1007.3,,,0,0,17.7
2025-06-10 00:00,262,고흥,17.3,95,0.6,50,,1001.7,1007.8,,,4,0,17.2
2025-06-10 01:00,262,고흥,16.6,94,0.3,0,,1001.9,1008.0,,,4,0,16.7
2025-06-10 02:00,262,고흥,16.1,96,0.5,20,,1001.4,1007.5,,,0,0,16.2
2025-06-10 03:00,262,고흥,15.7,96,0.6,110,,1000.7,1006.8,,,0,0,15.9
2025-06-10 04:00,262,고흥,15.3,97,0.2,0,,1000.1,1006.2,,,0,0,15.7
2025-06-10 05:00,262,고흥,15.2,97,0.5,290,,1000.3,1006.4,,,0,0,15.7
2025-06-10 06:00,262,고흥,15.9,98,0.3,0,,1000.4,1006.5,0.0,0.05,8,2,17.2
2025-06-10 07:00,262,고흥,18.2,97,0.7,340,,1000.3,1006.4,0.3,0.3,6,6,19.4
2025-06-10 08:00,262,고흥,22.7,88,0.7,110,,1000.7,1006.7,0.8,0.99,6,4,22.9
2025-06-10 09:00,262,고흥,26.0,70,1.5,180,,1000.7,1006.6,1.0,1.87,0,0,32.4
2025-06-10 10:00,262,고흥,27.2,63,1.9,160,,1000.5,1006.4,1.0,2.47,7,6,40.6
2025-06-10 11:00,262,고흥,28.1,66,2.2,290,,1001.0,1006.8,0.7,2.54,6,2,48.3
2025-06-10 12:00,262,고흥,26.8,64,5.0,320,,1001.5,1007.4,0.8,2.9,8,0,39.9
2025-06-10 13:00,262,고흥,27.8,63,1.8,200,,1001.1,1006.9,0.3,2.07,8,8,41.2
2025-06-10 14:00,262,고흥,25.9,68,3.5,200,0.0,1001.2,1007.1,0.0,1.14,10,3,33.0
2025-06-10 15:00,262,고흥,26.1,67,0.9,140,0.0,1000.7,1006.6,0.0,0.8,10,5,33.5
2025-06-10 16:00,262,고흥,25.9,70,1.2,340,0.0,1000.5,1006.4,0.0,0.75,9,2,32.3
2025-06-10 17:00,262,고흥,26.7,67,3.2,270,,1000.4,1006.3,0.2,0.99,9,6,35.8
2025-06-10 18:00,262,고흥,25.8,58,1.7,290,,1001.1,1007.0,0.1,0.64,8,1,27.7
2025-06-10 19:00,262,고흥,24.8,64,1.5,320,,1001.6,1007.5,0.0,0.29,9,5,24.9
2025-06-10 20:00,262,고흥,23.7,68,2.1,250,,1002.2,1008.1,0.0,0.04,10,1,22.5
2025-06-10 21:00,262,고흥,23.1,71,2.0,250,,1002.5,1008.5,,,10,5,21.8
2025-06-10 22:00,262,고흥,21.6,79,0.6,360,,1002.9,1008.9,,,10,9,21.0
2025-06-10 23:00,262,고흥,21.7,80,3.6,320,,1003.2,1009.2,,,10,9,20.6
2025-06-11 00:00,262,고흥,21.5,79,4.2,290,,1003.2,1009.2,,,10,8,20.5
2025-06-11 01:00,262,고흥,20.8,82,2.0,320,,1003.3,1009.3,,,10,6,19.9
2025-06-11 02:00,262,고흥,20.3,83,2.4,320,,1002.9,1008.9,,,9,5,19.1
2025-06-11 03:00,262,고흥,19.6,83,1.2,340,,1002.9,1008.9,,,9,6,18.3
2025-06-11 04:00,262,고흥,18.8,83,2.0,340,,1003.1,1009.2,,,9,9,17.9
2025-06-11 05:00,262,고흥,18.0,81,1.0,340,,1003.4,1009.5,,,10,9,17.3
2025-06-11 06:00,262,고흥,17.1,78,1.2,320,,1004.2,1010.3,0.0,0.03,9,0,17.0
2025-06-11 07:00,262,고흥,18.2,72,1.2,20,,1004.8,1010.9,0.1,0.32,6,0,18.5
2025-06-11 08:00,262,고흥,21.8,61,1.2,70,,1005.4,1011.4,1.0,1.18,7,0,21.6
2025-06-11 09:00,262,고흥,22.6,54,2.2,250,,1005.9,1011.9,1.0,1.8,6,0,33.4
2025-06-11 10:00,262,고흥,24.2,44,3.1,290,,1005.9,1011.9,1.0,2.49,6,0,37.8
2025-06-11 11:00,262,고흥,26.2,43,3.5,320,,1005.9,1011.8,1.0,3.2,5,0,47.2
2025-06-11 12:00,262,고흥,28.4,35,2.1,360,,1006.2,1012.1,1.0,3.56,6,0,52.3
2025-06-11 13:00,262,고흥,28.7,33,2.7,320,,1005.6,1011.5,1.0,3.48,6,0,52.4
2025-06-11 14:00,262,고흥,30.2,29,3.0,290,,1005.3,1011.1,1.0,3.58,0,0,57.4
2025-06-11 15:00,262,고흥,30.7,29,1.3,180,,1004.6,1010.4,1.0,3.18,0,0,57.5
2025-06-11 16:00,262,고흥,29.8,37,3.4,180,,1004.6,1010.4,1.0,2.69,0,0,52.6
2025-06-11 17:00,262,고흥,28.8,46,2.6,200,,1004.4,1010.2,1.0,2.01,0,0,46.3
2025-06-11 18:00,262,고흥,27.7,47,2.3,200,,1005.2,1011.1,1.0,1.25,0,0,33.9
2025-06-11 19:00,262,고흥,24.3,43,2.7,230,,1005.6,1011.6,0.9,0.45,7,0,24.9
2025-06-11 20:00,262,고흥,23.2,48,1.4,200,,1006.2,1012.2,0.0,0.06,10,3,22.5
2025-06-11 21:00,262,고흥,20.9,59,0.7,20,,1006.5,1012.5,,,10,7,21.3
2025-06-11 22:00,262,고흥,19.3,66,0.7,70,,1007.4,1013.5,,,8,6,19.3
2025-06-11 23:00,262,고흥,18.6,74,0.4,0,,1008.0,1014.1,,,10,0,19.3
2025-06-12 00:00,262,고흥,18.4,79,0.2,0,,1007.6,1013.7,,,10,4,19.1
2025-06-12 01:00,262,고흥,18.1,78,0.4,0,,1007.6,1013.7,,,9,9,18.8
2025-06-12 02:00,262,고흥,18.0,80,0.3,0,,1007.2,1013.3,,,10,8,18.7
2025-06-12 03:00,262,고흥,17.9,81,0.3,0,,1007.2,1013.3,,,10,9,18.7
2025-06-12 04:00,262,고흥,18.0,84,0.9,290,,1007.6,1013.7,,,10,8,18.3
2025-06-12 05:00,262,고흥,17.9,86,0.5,250,,1008.0,1014.1,,,10,3,18.3
2025-06-12 06:00,262,고흥,17.9,84,0.5,50,,1008.2,1014.3,0.0,0.01,10,9,18.9
2025-06-12 07:00,262,고흥,18.5,85,0.3,0,,1008.6,1014.7,0.0,0.1,10,9,20.2
2025-06-12 08:00,262,고흥,20.6,78,0.3,0,,1009.1,1015.2,0.0,0.39,10,9,24.3
2025-06-12 09:00,262,고흥,22.2,73,1.3,180,,1009.1,1015.1,0.0,0.74,10,8,26.4
2025-06-12 10:00,262,고흥,23.8,67,1.3,200,,1009.1,1015.1,0.0,1.12,9,3,33.5
2025-06-12 11:00,262,고흥,25.4,58,2.2,160,,1009.1,1015.0,0.2,1.91,9,6,41.2
2025-06-12 12:00,262,고흥,25.5,55,2.1,180,,1009.4,1015.3,0.2,1.95,10,3,36.5
2025-06-12 13:00,262,고흥,24.8,53,1.8,110,,1009.4,1015.4,0.0,1.45,10,3,36.5
2025-06-12 14:00,262,고흥,26.9,52,1.4,140,,1009.1,1015.0,0.6,2.28,8,2,43.9
2025-06-12 15:00,262,고흥,25.6,60,1.2,140,,1008.9,1014.8,0.2,1.36,10,3,37.0
2025-06-12 16:00,262,고흥,25.5,60,2.0,180,,1008.6,1014.5,0.3,1.53,7,2,43.6
2025-06-12 17:00,262,고흥,25.1,64,1.2,140,,1009.0,1015.0,0.7,1.47,8,0,36.4
2025-06-12 18:00,262,고흥,22.8,75,1.8,180,,1008.7,1014.7,0.1,0.54,9,2,27.7
2025-06-12 19:00,262,고흥,21.8,79,1.9,140,,1009.5,1015.5,0.2,0.4,9,1,23.8
2025-06-12 20:00,262,고흥,20.7,84,1.4,180,,1009.9,1016.0,0.0,0.05,10,5,21.2
2025-06-12 21:00,262,고흥,19.5,85,0.9,140,,1010.1,1016.2,,,7,7,19.7
2025-06-12 22:00,262,고흥,18.7,91,0.7,20,,1010.4,1016.5,,,9,0,19.2
2025-06-12 23:00,262,고흥,18.4,92,0.5,320,,1010.3,1016.4,,,10,5,19.1
2025-06-13 00:00,262,고흥,17.9,93,0.6,50,,1009.8,1015.9,,,8,6,18.4
2025-06-13 01:00,262,고흥,17.9,93,0.8,20,,1009.8,1015.9,,,10,5,18.5
2025-06-13 02:00,262,고흥,17.9,93,0.6,70,,1009.7,1015.8,,,10,9,18.7
2025-06-13 03:00,262,고흥,18.1,94,0.8,90,,1009.5,1015.6,,,10,10,18.8
2025-06-13 04:00,262,고흥,18.2,93,1.0,70,,1009.7,1015.8,,,10,3,19.1
2025-06-13 05:00,262,고흥,18.2,94,0.6,20,0.0,1009.7,1015.8,,,10,0,18.7
2025-06-13 06:00,262,고흥,18.3,95,0.7,20,0.9,1010.4,1016.5,0.0,0.0,10,0,19.0
2025-06-13 07:00,262,고흥,17.4,93,1.1,50,3.5,1009.5,1015.6,0.0,0.08,10,3,19.0
2025-06-13 08:00,262,고흥,18.7,92,0.9,180,0.0,1009.4,1015.5,0.0,0.32,10,2,22.0
2025-06-13 09:00,262,고흥,19.7,89,0.7,70,0.8,1010.0,1016.1,0.0,0.63,10,3,21.9
2025-06-13 10:00,262,고흥,20.6,85,1.1,90,0.8,1009.5,1015.6,0.0,0.82,9,3,27.0
2025-06-13 11:00,262,고흥,21.8,78,1.9,20,,1009.3,1015.3,0.0,1.33,10,8,28.5
2025-06-13 12:00,262,고흥,22.5,77,1.1,20,,1009.2,1015.2,0.0,1.21,10,5,28.7
2025-06-13 13:00,262,고흥,23.2,77,0.9,70,0.0,1008.3,1014.3,0.0,1.19,10,1,30.1
2025-06-13 14:00,262,고흥,22.9,71,1.8,160,,1007.7,1013.7,0.0,1.03,10,5,29.4
2025-06-13 15:00,262,고흥,21.6,76,2.4,160,0.0,1007.0,1013.0,0.0,0.94,10,5,24.0
2025-06-13 16:00,262,고흥,20.5,84,0.9,90,0.0,1006.4,1012.4,0.0,0.41,10,10,23.4
2025-06-13 17:00,262,고흥,20.3,86,1.3,140,0.0,1005.5,1011.5,0.0,0.3,10,10,22.2
2025-06-13 18:00,262,고흥,20.4,88,1.0,90,0.0,1005.0,1011.0,0.0,0.16,10,10,22.3
2025-06-13 19:00,262,고흥,20.1,90,1.3,90,1.0,1004.5,1010.5,0.0,0.06,10,10,20.5
2025-06-13 20:00,262,고흥,19.7,94,0.7,360,8.1,1004.1,1010.1,0.0,0.0,10,9,20.2
2025-06-13 21:00,262,고흥,19.6,95,1.0,320,1.4,1004.1,1010.1,,,10,10,20.3
2025-06-13 22:00,262,고흥,20.0,96,1.0,160,6.3,1003.9,1009.9,,,10,10,20.2
2025-06-13 23:00,262,고흥,20.2,96,1.4,320,4.6,1003.2,1009.2,,,10,8,20.5
2025-06-14 00:00,262,고흥,20.3,96,0.9,360,0.8,1002.5,1008.5,,,10,10,20.6
2025-06-14 01:00,262,고흥,20.4,96,0.7,340,0.8,1001.6,1007.6,,,10,10,20.7
2025-06-14 02:00,262,고흥,20.5,96,0.8,20,3.1,1000.5,1006.5,,,10,10,20.8
2025-06-14 03:00,262,고흥,20.7,97,1.1,360,1.4,999.2,1005.2,,,10,10,21.0
2025-06-14 04:00,262,고흥,21.1,97,0.9,20,0.7,997.9,1003.9,,,9,9,21.2
2025-06-14 05:00,262,고흥,23.4,94,3.3,200,,997.4,1003.3,,,10,9,22.4
2025-06-14 06:00,262,고흥,22.8,95,3.5,180,3.4,996.8,1002.7,0.0,0.01,10,10,22.2
2025-06-14 07:00,262,고흥,23.0,95,2.8,200,2.3,996.5,1002.4,0.0,0.03,10,10,22.5
2025-06-14 08:00,262,고흥,23.0,96,2.1,160,1.0,996.5,1002.4,0.0,0.06,10,10,22.8
2025-06-14 09:00,262,고흥,23.1,96,1.5,200,5.5,996.3,1002.2,0.0,0.11,10,10,23.0
2025-06-14 10:00,262,고흥,23.0,96,1.7,160,2.8,995.6,1001.5,0.0,0.18,10,10,23.6
2025-06-14 11:00,262,고흥,24.5,95,1.3,140,2.6,994.2,1000.1,0.0,0.71,10,2,28.2
2025-06-14 12:00,262,고흥,24.2,95,1.3,200,1.3,994.4,1000.3,0.0,0.61,10,10,26.7
2025-06-14 13:00,262,고흥,25.9,87,0.8,270,0.4,993.8,999.6,0.1,1.39,10,9,33.0
2025-06-14 14:00,262,고흥,26.5,86,0.7,70,,993.3,999.1,0.0,1.08,8,8,33.3
2025-06-14 15:00,262,고흥,27.4,82,2.1,290,,993.1,998.9,0.1,1.57,8,8,33.5
2025-06-14 16:00,262,고흥,25.9,86,1.3,110,,993.3,999.1,0.0,0.64,9,9,28.4
2025-06-14 17:00,262,고흥,26.5,87,0.6,230,,993.1,998.9,0.0,0.73,9,5,29.3
2025-06-14 18:00,262,고흥,26.0,89,0.7,90,,993.6,999.4,0.0,0.28,9,6,27.0
2025-06-14 19:00,262,고흥,24.4,92,1.8,160,0.2,994.4,1000.3,0.0,0.09,9,9,25.2
2025-06-14 20:00,262,고흥,23.9,93,0.5,140,,995.3,1001.2,0.0,0.04,9,7,24.5
2025-06-14 21:00,262,고흥,23.3,96,0.8,50,,995.9,1001.8,,,9,1,23.6
2025-06-14 22:00,262,고흥,22.9,96,0.9,50,,996.4,1002.3,,,10,5,23.1
2025-06-14 23:00,262,고흥,23.4,94,1.8,230,,996.5,1002.4,,,10,2,22.9
2025-06-15 00:00,262,고흥,23.1,93,4.4,290,,996.8,1002.7,,,8,2,22.5
2025-06-15 01:00,262,고흥,22.5,93,2.4,270,,996.5,1002.4,,,8,4,22.1
2025-06-15 02:00,262,고흥,21.7,96,1.0,110,,996.1,1002.1,,,8,1,21.5
2025-06-15 03:00,262,고흥,21.3,97,1.5,90,,996.0,1002.0,,,10,6,21.4
2025-06-15 04:00,262,고흥,20.9,97,1.2,90,,996.5,1002.5,,,7,5,20.9
2025-06-15 05:00,262,고흥,20.2,97,0.8,70,,996.8,1002.8,,,7,0,20.4
2025-06-15 06:00,262,고흥,20.2,98,0.7,140,,996.4,1002.4,0.0,0.04,7,7,21.0
2025-06-15 07:00,262,고흥,22.4,95,0.5,140,,996.8,1002.7,0.3,0.4,6,6,22.1
2025-06-15 08:00,262,고흥,24.5,79,0.6,230,,996.4,1002.3,0.7,1.0,7,6,23.9
2025-06-15 09:00,262,고흥,27.2,71,1.2,160,,996.1,1001.9,1.0,1.93,6,0,30.0
2025-06-15 10:00,262,고흥,27.5,68,1.9,230,,995.9,1001.7,1.0,2.29,0,0,33.9
2025-06-15 11:00,262,고흥,28.4,65,2.1,230,,995.7,1001.5,0.7,2.44,6,3,35.6
2025-06-15 12:00,262,고흥,28.6,67,1.7,320,,995.8,1001.6,0.6,2.49,6,6,34.8
2025-06-15 13:00,262,고흥,28.4,68,1.4,140,,995.1,1000.9,0.4,2.07,8,8,33.0
2025-06-15 14:00,262,고흥,29.2,71,1.4,180,,994.9,1000.7,0.0,1.46,9,9,35.8
2025-06-15 15:00,262,고흥,27.8,74,2.1,90,,994.3,1000.1,0.1,1.39,10,9,32.0
2025-06-15 16:00,262,고흥,24.7,85,2.1,110,,994.3,1000.2,0.0,0.88,9,3,27.3
2025-06-15 17:00,262,고흥,25.2,84,1.6,110,,993.9,999.8,0.0,0.67,9,6,28.7
2025-06-15 18:00,262,고흥,23.9,89,1.5,90,,994.0,999.9,0.0,0.33,10,10,26.0
2025-06-15 19:00,262,고흥,23.5,91,0.7,110,,994.0,999.9,0.0,0.08,10,10,24.9
2025-06-15 20:00,262,고흥,23.2,93,0.7,160,0.4,993.8,999.7,0.0,0.01,10,4,24.0
2025-06-15 21:00,262,고흥,22.8,95,1.0,160,2.7,993.8,999.7,,,10,10,23.5
2025-06-15 22:00,262,고흥,22.4,96,1.6,90,2.9,994.2,1000.1,,,10,10,23.1
2025-06-15 23:00,262,고흥,22.5,96,1.4,90,0.5,993.6,999.5,,,9,9,23.2
2025-06-16 00:00,262,고흥,23.0,96,0.7,250,,993.2,999.1,,,9,9,23.4
2025-06-16 01:00,262,고흥,23.1,96,1.6,140,0.0,993.0,998.9,,,10,10,23.3
2025-06-16 02:00,262,고흥,23.2,96,1.1,180,0.0,992.8,998.7,,,8,8,23.3
2025-06-16 03:00,262,고흥,22.8,97,1.7,200,,992.6,998.5,,,9,9,23.1
2025-06-16 04:00,262,고흥,22.7,96,2.4,180,,992.9,998.8,,,10,10,22.9
2025-06-16 05:00,262,고흥,22.8,95,2.4,230,0.1,993.7,999.6,,,10,10,22.8
2025-06-16 06:00,262,고흥,22.5,96,1.5,180,0.1,993.8,999.7,0.0,0.01,10,9,22.7
2025-06-16 07:00,262,고흥,22.7,95,2.6,270,0.2,993.4,999.3,0.0,0.09,10,7,22.9
2025-06-16 08:00,262,고흥,22.6,95,1.5,200,0.6,993.5,999.4,0.0,0.18,10,7,23.5
2025-06-16 09:00,262,고흥,22.4,96,1.9,160,4.5,993.5,999.4,0.0,0.2,10,10,23.5
2025-06-16 10:00,262,고흥,22.0,95,1.6,180,2.6,994.3,1000.2,0.0,0.33,10,8,23.6
2025-06-16 11:00,262,고흥,21.9,94,2.7,160,1.4,994.0,999.9,0.0,0.42,10,10,25.1
2025-06-16 12:00,262,고흥,21.5,93,2.5,200,0.8,996.1,1002.1,0.0,0.51,10,9,23.7
2025-06-16 13:00,262,고흥,25.5,80,1.9,180,,996.0,1001.9,0.8,3.36,5,2,37.0
2025-06-16 14:00,262,고흥,25.6,75,1.9,250,,996.6,1002.5,0.8,3.02,7,1,33.8
2025-06-16 15:00,262,고흥,26.3,68,2.8,230,,996.6,1002.5,1.0,3.12,2,1,35.6
2025-06-16 16:00,262,고흥,27.3,64,2.6,230,,996.1,1001.9,1.0,2.58,8,0,35.8
2025-06-16 17:00,262,고흥,27.0,63,2.0,160,,995.9,1001.7,0.9,1.98,1,0,34.0
2025-06-16 18:00,262,고흥,26.0,66,2.2,160,,996.0,1001.9,1.0,1.25,3,0,28.7
2025-06-16 19:00,262,고흥,24.2,77,3.3,200,,996.0,1001.9,0.8,0.46,0,0,24.4
2025-06-16 20:00,262,고흥,22.9,83,2.1,230,,997.0,1002.9,0.0,0.06,0,0,22.7
2025-06-16 21:00,262,고흥,21.8,87,1.8,200,,997.8,1003.8,,,0,0,21.9
2025-06-16 22:00,262,고흥,21.1,88,2.1,110,,998.5,1004.5,,,0,0,21.0
2025-06-16 23:00,262,고흥,21.6,83,2.4,180,,999.1,1005.1,,,0,0,20.6
2025-06-17 00:00,262,고흥,21.2,84,2.0,160,,999.5,1005.5,,,0,0,20.2
2025-06-17 01:00,262,고흥,21.0,85,2.4,160,,999.8,1005.8,,,3,0,20.0
2025-06-17 02:00,262,고흥,20.9,86,2.3,160,,999.8,1005.8,,,0,0,19.7
2025-06-17 03:00,262,고흥,20.8,87,1.2,200,,999.2,1005.2,,,0,0,19.6
2025-06-17 04:00,262,고흥,19.3,92,0.7,50,,999.4,1005.4,,,0,0,19.2
2025-06-17 05:00,262,고흥,18.6,96,1.1,340,,1000.0,1006.0,,,6,0,19.0
2025-06-17 06:00,262,고흥,19.0,97,1.5,180,,1000.2,1006.2,0.0,0.04,6,0,19.7
2025-06-17 07:00,262,고흥,20.5,94,1.3,200,,1000.4,1006.4,0.4,0.43,7,1,21.9
2025-06-17 08:00,262,고흥,22.4,89,0.8,230,,1000.7,1006.7,0.3,0.88,8,5,24.2
2025-06-17 09:00,262,고흥,24.5,77,2.4,180,,1000.8,1006.7,0.9,1.64,0,0,29.6
2025-06-17 10:00,262,고흥,26.5,70,1.7,140,,1000.8,1006.7,0.8,2.2,6,6,31.5
2025-06-17 11:00,262,고흥,26.6,73,1.8,180,,1000.7,1006.6,0.1,1.36,7,7,30.4
2025-06-17 12:00,262,고흥,26.8,72,2.3,250,,1000.8,1006.7,0.1,1.21,9,9,31.0
2025-06-17 13:00,262,고흥,27.8,73,1.9,180,,1000.5,1006.3,0.1,1.71,8,8,33.1
2025-06-17 14:00,262,고흥,28.2,68,2.6,180,,1000.3,1006.1,0.4,2.1,6,6,35.0
2025-06-17 15:00,262,고흥,28.6,67,2.6,180,,1000.1,1005.9,0.7,2.19,7,3,36.1
2025-06-17 16:00,262,고흥,28.7,67,2.1,270,,999.9,1005.7,0.9,1.88,5,1,33.4
2025-06-17 17:00,262,고흥,28.4,62,3.1,200,,1000.1,1005.9,1.0,1.66,5,0,32.9
2025-06-17 18:00,262,고흥,27.1,70,2.4,180,,1000.4,1006.3,0.9,0.99,3,0,28.3
2025-06-17 19:00,262,고흥,25.4,78,1.3,200,,1000.9,1006.8,0.6,0.4,8,3,26.2
2025-06-17 20:00,262,고흥,23.5,86,0.8,230,,1001.5,1007.4,0.0,0.08,0,0,23.9
2025-06-17 21:00,262,고흥,21.7,92,1.2,90,,1002.2,1008.2,,,0,0,22.2
2025-06-17 22:00,262,고흥,20.4,94,0.6,70,,1002.7,1008.7,,,0,0,21.2
2025-06-17 23:00,262,고흥,19.6,94,0.3,0,,1003.2,1009.2,,,3,0,20.5
2025-06-18 00:00,262,고흥,18.9,95,0.2,0,,1003.5,1009.5,,,3,0,19.9
2025-06-18 01:00,262,고흥,18.3,96,0.3,0,,1003.3,1009.4,,,3,0,19.3
2025-06-18 02:00,262,고흥,18.0,97,0.6,20,,1003.3,1009.4,,,2,0,18.9
2025-06-18 03:00,262,고흥,17.6,97,0.4,0,,1003.4,1009.5,,,3,1,18.6
2025-06-18 04:00,262,고흥,17.8,98,0.9,70,,1003.8,1009.9,,,5,5,19.1
2025-06-18 05:00,262,고흥,18.6,98,0.5,70,,1004.5,1010.6,,,0,0,19.7
2025-06-18 06:00,262,고흥,18.6,98,0.9,160,,1005.2,1011.3,0.0,0.03,0,0,20.3
2025-06-18 07:00,262,고흥,19.2,98,0.7,90,,1005.8,1011.9,0.0,0.24,0,0,22.2
2025-06-18 08:00,262,고흥,21.5,92,0.6,180,,1006.2,1012.2,0.5,0.93,0,0,22.3
2025-06-18 09:00,262,고흥,25.4,69,1.5,180,,1006.2,1012.1,1.0,1.88,0,0,30.1
2025-06-18 10:00,262,고흥,26.7,58,2.3,290,,1006.3,1012.2,1.0,2.58,0,0,33.6
2025-06-18 11:00,262,고흥,28.5,55,2.2,270,,1006.2,1012.1,1.0,3.1,0,0,36.8
2025-06-18 12:00,262,고흥,29.8,42,2.3,200,,1006.2,1012.0,1.0,3.4,0,0,39.2
2025-06-18 13:00,262,고흥,30.0,39,3.0,270,,1006.3,1012.1,1.0,3.55,0,0,37.7
2025-06-18 14:00,262,고흥,30.4,44,2.7,200,,1006.2,1012.0,1.0,3.4,0,0,39.8
2025-06-18 15:00,262,고흥,30.0,43,3.3,200,,1006.0,1011.8,1.0,3.04,0,0,38.2
2025-06-18 16:00,262,고흥,29.5,42,3.2,180,,1006.0,1011.8,1.0,2.51,0,0,36.6
2025-06-18 17:00,262,고흥,29.7,45,2.4,250,,1005.9,1011.7,1.0,1.86,0,0,33.8
2025-06-18 18:00,262,고흥,28.0,48,3.1,200,,1005.9,1011.8,1.0,1.15,0,0,28.0
2025-06-18 19:00,262,고흥,25.7,62,0.7,340,,1005.8,1011.7,0.8,0.43,0,0,24.9
2025-06-18 20:00,262,고흥,22.5,79,0.9,320,,1006.4,1012.4,0.0,0.06,0,0,22.5
2025-06-18 21:00,262,고흥,20.7,81,0.7,340,,1006.9,1012.9,,,6,0,21.4
2025-06-18 22:00,262,고흥,19.7,88,0.7,360,,1007.5,1013.6,,,6,0,20.6
2025-06-18 23:00,262,고흥,18.8,90,1.1,20,,1008.1,1014.2,,,7,0,19.8
2025-06-19 00:00,262,고흥,17.9,92,0.9,20,,1007.9,1014.0,,,5,0,19.2
2025-06-19 01:00,262,고흥,17.3,94,0.7,340,,1007.9,1014.0,,,0,0,18.6
2025-06-19 02:00,262,고흥,16.9,95,0.9,90,,1008.1,1014.2,,,8,0,18.2
2025-06-19 03:00,262,고흥,18.0,95,0.3,0,,1008.2,1014.3,,,8,8,19.8
2025-06-19 04:00,262,고흥,19.0,93,0.5,180,,1008.1,1014.2,,,3,3,20.4
2025-06-19 05:00,262,고흥,18.5,96,1.6,50,,1008.5,1014.6,,,7,4,19.4
2025-06-19 06:00,262,고흥,19.5,95,0.5,360,,1008.7,1014.8,0.0,0.05,8,4,21.1
2025-06-19 07:00,262,고흥,21.3,92,1.0,50,,1008.9,1014.9,0.0,0.28,8,8,23.1
2025-06-19 08:00,262,고흥,22.9,87,1.4,70,,1008.8,1014.8,0.0,0.55,8,8,26.7
2025-06-19 09:00,262,고흥,23.7,86,2.3,180,,1008.7,1014.7,0.1,1.15,8,8,28.1
2025-06-19 10:00,262,고흥,23.4,89,1.6,140,,1009.3,1015.3,0.0,0.7,9,9,27.2
2025-06-19 11:00,262,고흥,24.4,85,1.4,140,,1009.3,1015.3,0.0,0.95,8,8,29.3
2025-06-19 12:00,262,고흥,25.4,82,2.2,110,,1008.9,1014.8,0.0,1.62,8,8,33.3
2025-06-19 13:00,262,고흥,27.0,76,2.4,160,,1008.3,1014.2,0.9,3.3,8,1,39.6
2025-06-19 14:00,262,고흥,25.9,80,2.0,110,,1007.9,1013.8,0.2,2.18,10,1,32.5
2025-06-19 15:00,262,고흥,25.6,83,1.7,110,,1008.1,1014.0,0.0,1.2,10,2,30.7
2025-06-19 16:00,262,고흥,26.2,81,1.4,140,,1007.6,1013.5,0.1,1.25,8,8,30.5
2025-06-19 17:00,262,고흥,25.3,85,1.5,160,,1007.1,1013.0,0.0,0.75,6,6,29.7
2025-06-19 18:00,262,고흥,23.9,90,1.6,140,,1007.0,1013.0,0.0,0.36,4,4,25.9
2025-06-19 19:00,262,고흥,23.3,93,1.3,160,,1007.3,1013.3,0.0,0.07,6,6,24.6
2025-06-19 20:00,262,고흥,22.9,95,1.9,180,,1007.5,1013.5,0.0,0.01,7,7,23.7
2025-06-19 21:00,262,고흥,22.9,96,1.4,160,,1007.7,1013.7,,,8,8,23.6
2025-06-19 22:00,262,고흥,22.8,96,1.4,110,,1008.0,1014.0,,,10,10,23.5
2025-06-19 23:00,262,고흥,22.8,97,1.1,70,,1007.5,1013.5,,,6,6,23.4
2025-06-20 00:00,262,고흥,23.2,97,0.7,200,,1007.1,1013.0,,,10,9,23.7
2025-06-20 01:00,262,고흥,23.9,96,1.2,160,,1006.5,1012.5,,,9,9,24.0
2025-06-20 02:00,262,고흥,23.9,96,0.9,200,0.0,1006.1,1012.1,,,7,7,24.0
2025-06-20 03:00,262,고흥,24.3,95,2.6,200,,1005.6,1011.6,,,7,7,24.0
2025-06-20 04:00,262,고흥,24.5,92,3.9,180,,1005.1,1011.0,,,,8,23.9
2025-06-20 05:00,262,고흥,24.2,95,3.0,200,,1005.2,1011.2,,,9,9,23.9
2025-06-20 06:00,262,고흥,24.4,93,2.6,200,,1005.3,1011.2,0.0,0.01,10,9,24.1
2025-06-20 07:00,262,고흥,25.0,90,2.3,180,,1004.9,1010.8,0.0,0.17,10,8,25.4
2025-06-20 08:00,262,고흥,25.9,87,3.1,200,,1004.8,1010.7,0.0,0.5,9,4,27.4
2025-06-20 09:00,262,고흥,25.6,89,3.5,200,,1004.5,1010.4,0.1,0.88,8,8,28.3
2025-06-20 10:00,262,고흥,25.3,90,4.2,200,,1004.2,1010.1,0.0,0.9,8,8,27.5
2025-06-20 11:00,262,고흥,25.2,90,4.5,180,,1004.2,1010.1,0.0,0.66,10,10,28.5
2025-06-20 12:00,262,고흥,26.5,83,3.8,180,,1003.9,1009.8,0.0,1.6,10,6,31.9
2025-06-20 13:00,262,고흥,27.4,80,3.7,200,,1003.4,1009.3,0.1,1.89,9,2,36.1
2025-06-20 14:00,262,고흥,27.9,77,2.7,200,,1002.8,1008.7,0.5,2.42,9,1,33.4
2025-06-20 15:00,262,고흥,26.5,81,2.7,180,,1002.6,1008.5,0.0,0.88,10,9,29.7
2025-06-20 16:00,262,고흥,26.1,82,2.4,200,,1002.2,1008.1,0.0,0.55,10,9,28.1
2025-06-20 17:00,262,고흥,25.3,86,3.3,180,0.0,1002.1,1008.0,0.0,0.35,10,5,26.4
2025-06-20 18:00,262,고흥,24.6,90,2.4,180,0.0,1002.1,1008.0,0.0,0.27,10,4,25.6
2025-06-20 19:00,262,고흥,24.3,90,2.2,180,0.0,1001.9,1007.8,0.0,0.11,10,3,24.8
2025-06-20 20:00,262,고흥,24.5,91,3.1,200,0.0,1002.3,1008.2,0.0,0.02,10,1,24.3
2025-06-20 21:00,262,고흥,23.7,93,1.8,180,0.2,1002.8,1008.7,,,10,5,23.9
2025-06-20 22:00,262,고흥,23.9,90,1.5,230,0.1,1002.9,1008.8,,,10,1,23.6
2025-06-20 23:00,262,고흥,23.8,92,1.8,180,0.2,1002.9,1008.8,,,10,1,23.5
2025-06-21 00:00,262,고흥,23.6,93,1.2,180,0.1,1002.3,1008.2,,,10,2,23.4
2025-06-21 01:00,262,고흥,24.0,91,2.4,180,0.0,1002.1,1008.0,,,10,4,23.3
2025-06-21 02:00,262,고흥,24.2,89,1.6,180,0.0,1001.5,1007.4,,,10,2,23.3
2025-06-21 03:00,262,고흥,24.2,89,1.9,180,,1001.0,1006.9,,,10,1,23.3
2025-06-21 04:00,262,고흥,24.4,88,2.2,180,0.0,1000.8,1006.7,,,10,9,23.5
2025-06-21 05:00,262,고흥,24.8,88,3.4,180,0.1,1000.3,1006.2,,,9,8,23.6
2025-06-21 06:00,262,고흥,24.9,87,4.0,180,0.0,1000.2,1006.1,0.0,0.01,10,10,23.7
2025-06-21 07:00,262,고흥,24.6,87,3.4,200,0.0,1000.0,1005.9,0.0,0.09,10,10,23.9
2025-06-21 08:00,262,고흥,24.3,89,2.5,180,0.0,1000.2,1006.1,0.0,0.1,10,10,23.9
2025-06-21 09:00,262,고흥,24.1,92,2.3,160,0.3,1000.3,1006.2,0.0,0.11,10,10,24.2
2025-06-21 10:00,262,고흥,24.3,92,2.6,200,0.1,1000.1,1006.0,0.0,0.15,10,10,24.3
2025-06-21 11:00,262,고흥,24.4,91,2.2,200,0.1,999.6,1005.5,0.0,0.17,10,10,24.7
2025-06-21 12:00,262,고흥,24.3,94,3.7,200,0.0,999.4,1005.3,0.0,0.16,10,10,24.6
2025-06-21 13:00,262,고흥,24.4,95,3.2,180,0.1,998.8,1004.7,0.0,0.18,9,9,24.7
2025-06-21 14:00,262,고흥,24.2,96,3.0,180,0.5,998.3,1004.2,0.0,0.2,10,10,24.9
2025-06-21 15:00,262,고흥,24.3,95,2.3,230,0.1,998.2,1004.1,0.0,0.21,10,10,24.8
2025-06-21 16:00,262,고흥,24.0,96,2.6,180,0.2,998.1,1004.0,0.0,0.15,10,10,24.7
2025-06-21 17:00,262,고흥,23.9,96,2.0,180,0.6,997.6,1003.5,0.0,0.15,10,10,24.7
2025-06-21 18:00,262,고흥,23.9,95,2.4,200,0.5,998.0,1003.9,0.0,0.08,10,10,24.3
2025-06-21 19:00,262,고흥,23.7,96,1.3,140,0.8,997.9,1003.8,0.0,0.05,10,10,24.1
2025-06-21 20:00,262,고흥,23.5,96,1.4,140,0.5,997.6,1003.5,0.0,0.01,10,10,23.8
2025-06-21 21:00,262,고흥,23.5,96,2.2,180,0.1,998.0,1003.9,,,10,10,23.7
2025-06-21 22:00,262,고흥,23.0,96,1.4,200,1.0,998.1,1004.0,,,10,10,23.4
2025-06-21 23:00,262,고흥,22.9,95,4.2,290,12.6,998.9,1004.8,,,10,9,22.9
2025-06-22 00:00,262,고흥,21.4,96,1.5,270,7.0,998.7,1004.7,,,10,6,22.5
2025-06-22 01:00,262,고흥,21.1,96,0.9,270,,998.9,1004.9,,,10,7,22.2
2025-06-22 02:00,262,고흥,20.7,97,0.7,360,,998.8,1004.8,,,10,4,21.7
2025-06-22 03:00,262,고흥,20.2,96,0.8,360,,999.0,1005.0,,,10,4,21.4
2025-06-22 04:00,262,고흥,19.8,94,0.6,360,0.0,999.1,1005.1,,,10,6,21.0
2025-06-22 05:00,262,고흥,19.1,96,0.9,50,,999.9,1005.9,,,10,4,20.7
2025-06-22 06:00,262,고흥,19.0,97,0.5,180,0.0,1000.6,1006.6,0.0,0.01,10,7,20.6
2025-06-22 07:00,262,고흥,19.4,97,0.5,50,,1000.9,1006.9,0.0,0.15,10,4,21.4
2025-06-22 08:00,262,고흥,20.2,93,0.8,320,,1001.8,1007.8,0.0,0.33,10,2,22.3
2025-06-22 09:00,262,고흥,21.5,88,0.6,360,,1001.9,1007.9,0.0,0.61,10,3,24.0
2025-06-22 10:00,262,고흥,24.1,81,0.8,290,,1001.9,1007.8,0.6,1.76,9,1,28.9
2025-06-22 11:00,262,고흥,25.1,75,1.7,320,,1001.7,1007.6,0.7,2.26,8,0,32.1
2025-06-22 12:00,262,고흥,27.1,67,1.6,320,,1001.0,1006.9,1.0,3.37,6,0,36.0
2025-06-22 13:00,262,고흥,27.4,56,3.0,290,,1000.5,1006.4,1.0,3.21,7,0,33.6
2025-06-22 14:00,262,고흥,28.7,52,1.5,320,,1000.3,1006.1,0.8,2.61,8,0,34.4
2025-06-22 15:00,262,고흥,28.2,54,2.6,270,,1000.7,1006.5,0.7,2.24,9,0,32.7
2025-06-22 16:00,262,고흥,26.6,65,3.0,230,,1000.9,1006.8,0.2,1.48,9,0,29.7
2025-06-22 17:00,262,고흥,25.4,68,3.3,290,,1001.0,1006.9,0.0,0.96,9,0,27.9
2025-06-22 18:00,262,고흥,23.7,71,1.1,180,,1001.0,1006.9,0.0,0.56,9,0,25.7
2025-06-22 19:00,262,고흥,23.0,76,0.8,360,,1001.3,1007.3,0.0,0.27,10,0,24.3
2025-06-22 20:00,262,고흥,20.8,85,1.0,20,,1001.4,1007.4,0.0,0.1,10,0,22.6
2025-06-22 21:00,262,고흥,19.5,89,0.6,360,,1001.9,1007.9,,,7,0,21.3
2025-06-22 22:00,262,고흥,18.9,93,0.5,360,,1002.5,1008.6,,,9,0,20.7
2025-06-22 23:00,262,고흥,18.4,94,0.8,50,,1002.3,1008.4,,,5,0,19.9
2025-06-23 00:00,262,고흥,17.8,96,0.7,50,,1002.4,1008.4,,,8,0,19.4
2025-06-23 01:00,262,고흥,17.8,96,0.3,0,,1002.1,1008.2,,,9,0,19.4
2025-06-23 02:00,262,고흥,17.7,97,0.5,50,,1001.9,1008.0,,,8,0,18.9
2025-06-23 03:00,262,고흥,17.1,97,0.3,0,,1001.9,1008.0,,,5,0,18.3
2025-06-23 04:00,262,고흥,16.5,97,0.2,0,,1001.7,1007.8,,,0,0,17.9
2025-06-23 05:00,262,고흥,16.2,98,0.5,70,,1001.7,1007.8,,,0,0,17.5
2025-06-23 06:00,262,고흥,16.3,98,0.2,0,,1001.8,1007.9,0.0,0.03,0,0,17.5
2025-06-23 07:00,262,고흥,19.8,99,0.3,0,,1002.2,1008.2,0.7,0.45,0,0,18.7
2025-06-23 08:00,262,고흥,23.4,82,1.0,160,,1002.2,1008.2,1.0,1.19,0,0,20.5
2025-06-23 09:00,262,고흥,26.5,69,0.6,250,,1002.0,1007.9,1.0,1.98,0,0,29.0
2025-06-23 10:00,262,고흥,28.6,62,0.8,230,,1001.9,1007.7,1.0,2.64,0,0,33.3
2025-06-23 11:00,262,고흥,29.6,47,2.3,180,,1001.8,1007.6,1.0,3.18,0,0,35.6
2025-06-23 12:00,262,고흥,29.9,43,2.8,180,,1001.5,1007.3,1.0,3.51,0,0,36.6
2025-06-23 13:00,262,고흥,30.2,45,2.2,160,,1001.1,1006.9,1.0,3.61,6,0,37.4
2025-06-23 14:00,262,고흥,30.5,51,1.4,110,,1000.9,1006.7,1.0,3.4,7,0,37.9
2025-06-23 15:00,262,고흥,28.9,52,1.9,110,,1000.5,1006.3,1.0,2.69,7,0,34.6
2025-06-23 16:00,262,고흥,28.4,56,1.9,160,,1000.1,1005.9,1.0,2.17,6,0,33.4
2025-06-23 17:00,262,고흥,28.1,55,1.7,110,,1000.0,1005.8,1.0,1.86,5,0,32.3
2025-06-23 18:00,262,고흥,27.4,58,1.5,140,,1000.3,1006.2,1.0,1.28,6,0,27.5
2025-06-23 19:00,262,고흥,25.3,61,1.6,140,,1001.0,1006.9,0.9,0.47,0,0,24.4
2025-06-23 20:00,262,고흥,22.0,75,1.5,90,,1001.0,1007.0,0.0,0.05,0,0,22.8
2025-06-23 21:00,262,고흥,20.4,83,0.9,360,,1001.7,1007.7,,,0,0,21.4
2025-06-23 22:00,262,고흥,19.6,86,0.2,0,,1001.8,1007.8,,,8,0,20.8
2025-06-23 23:00,262,고흥,19.1,90,0.8,50,,1001.9,1007.9,,,8,0,20.4
2025-06-24 00:00,262,고흥,18.8,91,0.6,50,,1002.0,1008.0,,,7,0,20.0
2025-06-24 01:00,262,고흥,18.5,94,0.4,0,,1002.1,1008.2,,,7,0,19.8
2025-06-24 02:00,262,고흥,18.4,93,0.3,0,,1001.8,1007.9,,,8,0,19.7
2025-06-24 03:00,262,고흥,18.4,94,0.9,50,,1001.2,1007.3,,,8,0,19.5
2025-06-24 04:00,262,고흥,18.6,95,0.6,270,,1001.0,1007.1,,,8,3,19.7
2025-06-24 05:00,262,고흥,19.6,91,0.7,270,,1001.0,1007.0,,,10,6,20.3
2025-06-24 06:00,262,고흥,21.8,76,2.4,50,,1001.3,1007.3,0.0,0.0,10,8,20.7
2025-06-24 07:00,262,고흥,22.3,72,3.0,50,0.0,1001.4,1007.4,0.0,0.08,10,10,21.0
2025-06-24 08:00,262,고흥,21.5,80,2.0,70,0.2,1001.3,1007.3,0.0,0.22,10,10,21.6
2025-06-24 09:00,262,고흥,20.7,89,1.1,90,1.5,1001.4,1007.4,0.0,0.25,10,10,21.9
2025-06-24 10:00,262,고흥,20.5,93,1.0,50,1.2,1001.3,1007.3,0.0,0.19,10,10,22.1
2025-06-24 11:00,262,고흥,20.6,93,2.0,50,2.0,1001.4,1007.4,0.0,0.32,10,10,22.9
2025-06-24 12:00,262,고흥,20.8,94,1.9,20,0.3,1001.5,1007.5,0.0,0.31,9,9,22.6
2025-06-24 13:00,262,고흥,21.5,94,1.3,50,0.3,1001.1,1007.1,0.0,0.33,9,1,23.6
2025-06-24 14:00,262,고흥,21.7,94,1.7,140,0.1,1000.7,1006.7,0.0,0.47,9,7,24.5
2025-06-24 15:00,262,고흥,22.0,94,1.1,140,,1000.5,1006.5,0.0,0.53,10,10,24.7
2025-06-24 16:00,262,고흥,21.9,93,1.9,140,,1000.4,1006.4,0.0,0.41,9,9,24.2
2025-06-24 17:00,262,고흥,21.4,95,1.6,160,0.0,1000.4,1006.4,0.0,0.16,10,10,23.1
2025-06-24 18:00,262,고흥,21.4,96,1.7,160,0.5,1000.4,1006.4,0.0,0.1,10,10,22.8
2025-06-24 19:00,262,고흥,21.3,96,1.7,160,1.0,1000.7,1006.7,0.0,0.04,10,10,22.3
2025-06-24 20:00,262,고흥,21.1,97,2.6,180,,1000.9,1006.9,0.0,0.01,9,9,21.9
2025-06-24 21:00,262,고흥,21.3,97,2.0,180,,1000.9,1006.9,,,10,10,21.9
2025-06-24 22:00,262,고흥,21.4,97,1.9,160,0.1,1001.4,1007.4,,,10,10,21.9
2025-06-24 23:00,262,고흥,21.4,97,2.2,180,0.1,1001.3,1007.3,,,7,7,21.8
2025-06-25 00:00,262,고흥,21.3,97,1.1,140,0.3,1001.5,1007.5,,,9,9,21.9
2025-06-25 01:00,262,고흥,21.4,97,1.1,200,0.2,1001.3,1007.3,,,7,7,21.9
2025-06-25 02:00,262,고흥,20.9,95,2.8,200,0.1,1001.1,1007.1,,,7,7,21.6
2025-06-25 03:00,262,고흥,19.9,93,1.9,180,,1000.9,1006.9,,,3,3,20.6
2025-06-25 04:00,262,고흥,19.5,92,2.3,200,,1001.3,1007.3,,,8,8,20.3
2025-06-25 05:00,262,고흥,19.6,92,1.1,200,,1001.6,1007.6,,,9,9,20.3
2025-06-25 06:00,262,고흥,19.6,93,1.1,180,,1001.9,1007.9,0.0,0.01,9,9,20.5
2025-06-25 07:00,262,고흥,19.8,94,0.7,140,,1002.3,1008.3,0.0,0.06,10,10,20.9
2025-06-25 08:00,262,고흥,20.1,93,1.2,180,,1003.1,1009.1,0.0,0.14,10,10,21.3
2025-06-25 09:00,262,고흥,21.2,91,2.2,200,,1003.3,1009.3,0.0,0.43,9,9,23.6
2025-06-25 10:00,262,고흥,23.3,82,1.2,230,,1002.8,1008.8,0.1,1.48,8,3,28.2
2025-06-25 11:00,262,고흥,25.4,76,2.4,250,,1002.4,1008.3,0.9,2.9,3,2,33.8
2025-06-25 12:00,262,고흥,25.9,71,4.2,270,,1002.6,1008.5,1.0,3.42,3,1,34.6
2025-06-25 13:00,262,고흥,27.2,64,2.5,270,,1002.4,1008.3,1.0,3.59,3,1,36.7
2025-06-25 14:00,262,고흥,27.8,68,2.2,230,,1002.2,1008.1,1.0,3.34,3,2,36.8
2025-06-25 15:00,262,고흥,28.3,61,2.7,230,,1002.2,1008.0,1.0,3.12,3,0,36.5
2025-06-25 16:00,262,고흥,28.4,63,2.9,290,,1002.2,1008.0,1.0,2.5,3,0,34.6
2025-06-25 17:00,262,고흥,27.1,66,2.3,200,,1002.2,1008.1,1.0,1.96,2,0,32.3
2025-06-25 18:00,262,고흥,25.8,70,3.2,230,,1002.3,1008.2,1.0,1.2,4,0,27.2
2025-06-25 19:00,262,고흥,24.1,74,2.6,200,,1002.5,1008.4,0.9,0.43,4,0,24.6
2025-06-25 20:00,262,고흥,22.2,81,0.7,340,,1003.0,1009.0,0.0,0.06,0,0,22.7
2025-06-25 21:00,262,고흥,21.1,84,1.1,160,,1003.4,1009.4,,,5,0,21.5
2025-06-25 22:00,262,고흥,20.6,90,2.4,200,,1003.7,1009.7,,,7,0,20.8
2025-06-25 23:00,262,고흥,20.1,92,1.1,160,,1004.1,1010.1,,,7,1,20.3
2025-06-26 00:00,262,고흥,20.2,92,1.7,340,,1004.5,1010.5,,,7,1,20.1
2025-06-26 01:00,262,고흥,19.5,94,0.9,250,,1004.6,1010.7,,,8,0,19.8
2025-06-26 02:00,262,고흥,18.9,95,0.4,0,,1004.4,1010.5,,,7,0,19.6
2025-06-26 03:00,262,고흥,18.7,96,0.5,360,,1004.1,1010.2,,,6,0,19.3
2025-06-26 04:00,262,고흥,18.1,96,0.5,160,,1004.0,1010.1,,,7,0,18.9
2025-06-26 05:00,262,고흥,18.0,97,1.1,50,,1004.1,1010.2,,,3,0,18.6
2025-06-26 06:00,262,고흥,17.7,97,0.7,20,,1004.1,1010.2,0.0,0.02,4,0,18.6
2025-06-26 07:00,262,고흥,20.2,97,0.6,70,,1004.0,1010.0,0.7,0.38,5,0,19.7
2025-06-26 08:00,262,고흥,22.3,79,4.2,270,,1004.3,1010.3,1.0,1.1,3,0,21.3
2025-06-26 09:00,262,고흥,24.0,72,2.9,250,,1004.6,1010.6,1.0,1.9,3,0,27.5
2025-06-26 10:00,262,고흥,25.2,65,3.0,250,,1004.3,1010.2,1.0,2.6,6,0,30.8
2025-06-26 11:00,262,고흥,26.6,65,2.4,270,,1004.2,1010.1,1.0,2.95,1,1,33.8
2025-06-26 12:00,262,고흥,27.6,58,3.3,270,,1003.9,1009.8,1.0,3.35,3,0,35.1
2025-06-26 13:00,262,고흥,28.8,59,4.1,270,,1003.5,1009.3,1.0,3.42,4,0,35.8
2025-06-26 14:00,262,고흥,29.8,54,2.4,250,,1003.0,1008.8,1.0,3.36,3,0,37.0
2025-06-26 15:00,262,고흥,29.7,54,3.1,290,,1002.9,1008.7,1.0,3.04,5,0,35.7
2025-06-26 16:00,262,고흥,30.2,55,2.5,270,,1002.8,1008.6,1.0,2.5,6,1,34.7
2025-06-26 17:00,262,고흥,27.4,63,2.8,180,,1002.8,1008.7,0.4,1.35,10,9,29.5
2025-06-26 18:00,262,고흥,26.4,66,2.4,200,,1003.0,1008.9,0.0,0.63,10,9,27.4
2025-06-26 19:00,262,고흥,25.8,68,1.4,180,,1003.2,1009.1,0.2,0.41,6,6,25.7
2025-06-26 20:00,262,고흥,24.6,76,0.9,290,,1003.3,1009.2,0.0,0.09,9,9,24.5
2025-06-26 21:00,262,고흥,23.6,78,1.0,250,,1003.5,1009.5,,,5,5,23.0
2025-06-26 22:00,262,고흥,23.0,83,1.1,180,,1003.9,1009.9,,,7,7,22.8
2025-06-26 23:00,262,고흥,22.5,83,1.1,200,,1004.1,1010.1,,,6,1,21.9
2025-06-27 00:00,262,고흥,21.2,89,1.0,50,,1003.8,1009.8,,,10,5,21.8
2025-06-27 01:00,262,고흥,21.1,89,0.6,160,,1003.4,1009.4,,,8,8,21.7
2025-06-27 02:00,262,고흥,20.5,89,0.6,20,,1003.1,1009.1,,,7,7,21.1
2025-06-27 03:00,262,고흥,19.8,93,0.5,360,,1002.9,1008.9,,,7,4,20.6
2025-06-27 04:00,262,고흥,19.3,93,0.4,0,,1003.0,1009.1,,,7,7,20.2
2025-06-27 05:00,262,고흥,18.6,94,0.2,0,,1003.4,1009.5,,,0,0,19.6
2025-06-27 06:00,262,고흥,18.4,95,0.3,0,,1003.9,1010.0,0.0,0.03,8,0,19.7
2025-06-27 07:00,262,고흥,21.2,91,0.4,0,,1004.0,1010.0,0.7,0.45,6,0,21.1
2025-06-27 08:00,262,고흥,25.4,75,0.9,110,,1004.1,1010.0,1.0,1.19,6,0,23.1
2025-06-27 09:00,262,고흥,26.7,61,0.9,250,,1003.9,1009.8,1.0,1.78,7,0,29.2
2025-06-27 10:00,262,고흥,27.3,58,2.8,250,,1003.6,1009.5,1.0,2.33,7,0,31.5
2025-06-27 11:00,262,고흥,29.3,51,1.8,340,,1003.4,1009.2,1.0,2.67,7,0,34.6
2025-06-27 12:00,262,고흥,29.7,49,2.8,290,,1003.1,1008.9,1.0,3.14,4,0,36.1
2025-06-27 13:00,262,고흥,31.2,50,1.4,200,,1002.7,1008.5,1.0,3.42,3,0,38.8
2025-06-27 14:00,262,고흥,31.5,45,3.0,230,,1002.5,1008.3,1.0,3.36,3,0,39.8
2025-06-27 15:00,262,고흥,30.9,57,3.7,180,,1002.2,1008.0,1.0,2.99,7,0,40.3
2025-06-27 16:00,262,고흥,30.4,63,3.7,180,,1002.1,1007.9,1.0,2.46,5,0,39.0
2025-06-27 17:00,262,고흥,29.8,67,3.2,180,,1001.9,1007.7,1.0,1.84,3,0,36.5
2025-06-27 18:00,262,고흥,28.7,70,3.0,180,,1002.0,1007.8,1.0,1.21,3,0,30.8
2025-06-27 19:00,262,고흥,27.4,74,2.4,180,,1002.3,1008.2,0.9,0.44,0,0,27.7
2025-06-27 20:00,262,고흥,26.2,81,1.4,160,,1002.8,1008.7,0.0,0.06,0,0,26.0
2025-06-27 21:00,262,고흥,25.0,87,0.7,140,,1003.3,1009.2,,,0,0,25.2
2025-06-27 22:00,262,고흥,24.3,89,0.5,20,,1003.4,1009.3,,,0,0,24.5
2025-06-27 23:00,262,고흥,23.8,93,0.5,50,,1003.6,1009.5,,,0,0,24.0
2025-06-28 00:00,262,고흥,23.6,94,1.0,360,,1003.4,1009.3,,,0,0,23.8
2025-06-28 01:00,262,고흥,23.9,93,0.7,90,,1003.0,1008.9,,,0,0,24.6
2025-06-28 02:00,262,고흥,23.9,94,0.5,140,,1002.9,1008.8,,,0,0,24.6
2025-06-28 03:00,262,고흥,24.0,93,0.3,0,,1003.1,1009.0,,,0,0,24.5
2025-06-28 04:00,262,고흥,24.0,93,0.2,0,,1002.9,1008.8,,,0,0,24.5
2025-06-28 05:00,262,고흥,23.9,93,0.6,50,,1002.8,1008.7,,,0,0,24.3
2025-06-28 06:00,262,고흥,23.8,94,0.4,0,,1003.2,1009.1,0.0,0.05,7,5,24.4
2025-06-28 07:00,262,고흥,25.6,92,0.3,0,,1003.1,1009.0,0.4,0.39,0,0,25.3
2025-06-28 08:00,262,고흥,28.8,76,0.8,70,,1003.2,1009.0,1.0,1.17,0,0,27.1
2025-06-28 09:00,262,고흥,29.0,75,1.2,290,,1003.0,1008.8,0.9,1.62,5,5,31.8
2025-06-28 10:00,262,고흥,29.3,75,3.5,290,,1003.0,1008.8,0.6,1.87,5,4,33.5
2025-06-28 11:00,262,고흥,29.6,72,2.6,270,,1002.5,1008.3,0.5,2.05,4,4,33.7
2025-06-28 12:00,262,고흥,30.2,71,3.3,270,,1002.4,1008.2,0.7,2.48,4,4,37.0
2025-06-28 13:00,262,고흥,31.7,69,2.2,200,,1002.2,1008.0,1.0,3.51,4,2,42.2
2025-06-28 14:00,262,고흥,31.3,69,3.1,200,,1001.8,1007.6,1.0,3.26,2,1,43.9
2025-06-28 15:00,262,고흥,31.3,69,3.8,180,,1001.5,1007.3,1.0,3.04,2,0,44.2
2025-06-28 16:00,262,고흥,31.6,67,2.5,230,,1001.2,1007.0,1.0,2.57,2,0,43.0
2025-06-28 17:00,262,고흥,30.7,70,3.3,180,,1001.1,1006.9,1.0,1.93,2,0,40.0
2025-06-28 18:00,262,고흥,29.2,74,3.9,230,,1001.1,1006.9,1.0,1.21,2,0,33.0
2025-06-28 19:00,262,고흥,27.9,78,2.5,230,,1001.2,1007.0,0.9,0.44,0,0,29.4
2025-06-28 20:00,262,고흥,26.3,84,1.6,140,,1001.5,1007.4,0.0,0.06,2,0,27.3
2025-06-28 21:00,262,고흥,25.7,86,1.3,180,,1002.1,1008.0,,,0,0,26.1
2025-06-28 22:00,262,고흥,24.6,91,1.1,110,,1002.2,1008.1,,,0,0,25.2
2025-06-28 23:00,262,고흥,24.7,92,1.4,160,,1002.3,1008.2,,,0,0,24.7
2025-06-29 00:00,262,고흥,24.3,94,1.9,230,,1002.2,1008.1,,,0,0,24.3
2025-06-29 01:00,262,고흥,23.5,95,0.8,140,,1002.0,1007.9,,,0,0,23.8
2025-06-29 02:00,262,고흥,23.9,95,1.8,200,,1002.1,1008.0,,,0,0,23.8
2025-06-29 03:00,262,고흥,24.3,93,1.2,230,,1002.2,1008.1,,,0,0,24.7
2025-06-29 04:00,262,고흥,24.3,94,1.1,160,0.1,1002.2,1008.1,,,0,0,24.7
2025-06-29 05:00,262,고흥,24.0,95,0.7,340,0.1,1002.4,1008.3,,,0,0,24.6
2025-06-29 06:00,262,고흥,23.9,95,0.9,50,,1002.8,1008.7,0.0,0.03,0,0,24.7
2025-06-29 07:00,262,고흥,26.1,88,0.4,0,,1003.1,1009.0,0.5,0.4,0,0,24.8
2025-06-29 08:00,262,고흥,28.8,74,0.7,160,,1003.4,1009.2,1.0,1.28,0,0,26.6
2025-06-29 09:00,262,고흥,28.3,74,1.9,290,,1003.5,1009.4,0.6,1.47,3,3,31.8
2025-06-29 10:00,262,고흥,29.0,73,2.7,290,,1003.7,1009.5,1.0,2.65,2,1,35.4
2025-06-29 11:00,262,고흥,30.3,68,2.7,250,,1003.6,1009.4,1.0,3.15,2,0,40.2
2025-06-29 12:00,262,고흥,30.8,63,2.8,290,,1003.4,1009.2,1.0,3.4,2,0,43.8
2025-06-29 13:00,262,고흥,31.7,60,3.6,180,,1002.9,1008.7,1.0,3.53,2,0,46.6
2025-06-29 14:00,262,고흥,31.7,59,4.0,180,,1002.7,1008.5,1.0,3.46,2,0,47.6
2025-06-29 15:00,262,고흥,31.2,61,4.6,180,,1002.8,1008.6,1.0,3.13,0,0,46.9
2025-06-29 16:00,262,고흥,31.0,62,3.3,200,,1002.9,1008.7,1.0,2.65,0,0,45.2
2025-06-29 17:00,262,고흥,30.2,65,3.5,200,,1002.7,1008.5,1.0,2.02,0,0,41.6
2025-06-29 18:00,262,고흥,29.4,70,2.7,230,,1002.7,1008.5,1.0,1.35,0,0,34.0
2025-06-29 19:00,262,고흥,28.5,73,1.6,180,,1002.9,1008.7,0.9,0.43,2,0,30.3
2025-06-29 20:00,262,고흥,26.5,82,1.9,160,,1003.2,1009.1,0.0,0.04,0,0,27.9
2025-06-29 21:00,262,고흥,25.9,85,2.1,200,,1003.8,1009.7,,,0,0,26.6
2025-06-29 22:00,262,고흥,24.7,90,0.5,360,,1004.0,1009.9,,,0,0,25.7
2025-06-29 23:00,262,고흥,24.2,91,0.6,360,,1004.6,1010.5,,,0,0,25.1
2025-06-30 00:00,262,고흥,23.7,94,0.5,340,,1004.7,1010.6,,,0,0,24.6
2025-06-30 01:00,262,고흥,23.3,95,0.6,340,,1005.0,1011.0,,,0,0,24.2
2025-06-30 02:00,262,고흥,23.1,96,0.5,340,,1004.7,1010.7,,,0,0,23.8
2025-06-30 03:00,262,고흥,23.2,95,0.6,320,,1004.6,1010.6,,,0,0,23.9
2025-06-30 04:00,262,고흥,23.1,95,0.8,50,,1004.7,1010.7,,,0,0,24.1
2025-06-30 05:00,262,고흥,23.0,95,0.5,70,,1005.1,1011.1,,,0,0,24.0
2025-06-30 06:00,262,고흥,23.4,96,0.3,0,,1005.3,1011.3,0.0,0.05,0,0,24.7
2025-06-30 07:00,262,고흥,24.7,94,1.0,70,,1005.9,1011.8,0.0,0.26,5,5,26.2
2025-06-30 08:00,262,고흥,25.9,91,0.7,230,,1006.0,1011.9,0.0,0.6,0,0,28.5
2025-06-30 09:00,262,고흥,29.6,75,0.8,180,,1006.0,1011.8,0.9,1.72,5,1,34.3
2025-06-30 10:00,262,고흥,30.6,68,1.3,320,,1006.0,1011.8,0.8,2.24,5,3,36.1
2025-06-30 11:00,262,고흥,32.8,64,1.6,200,,1006.0,1011.8,0.9,3.07,6,2,44.0
2025-06-30 12:00,262,고흥,30.7,68,3.3,320,,1006.2,1012.0,0.6,2.22,5,4,38.8
2025-06-30 13:00,262,고흥,32.3,60,2.8,200,,1006.2,1012.0,1.0,3.66,3,0,48.3
2025-06-30 14:00,262,고흥,32.3,61,3.5,200,,1006.0,1011.8,1.0,3.5,3,0,49.0
2025-06-30 15:00,262,고흥,31.7,63,4.3,200,,1005.7,1011.5,1.0,3.12,3,0,47.9
2025-06-30 16:00,262,고흥,31.2,64,3.2,230,,1005.8,1011.6,1.0,2.67,2,0,45.9
2025-06-30 17:00,262,고흥,30.7,68,2.3,230,,1005.7,1011.5,1.0,2.02,2,0,42.6
2025-06-30 18:00,262,고흥,30.2,68,3.1,230,,1005.7,1011.5,1.0,1.33,0,0,35.0
2025-06-30 19:00,262,고흥,28.9,73,1.9,270,,1005.6,1011.5,0.9,0.44,0,0,31.0
2025-06-30 20:00,262,고흥,26.9,82,1.8,230,,1005.8,1011.7,0.0,0.04,0,0,28.6
2025-06-30 21:00,262,고흥,25.7,86,0.8,90,,1006.4,1012.3,,,0,0,27.2
2025-06-30 22:00,262,고흥,24.9,89,0.5,340,,1007.0,1012.9,,,0,0,26.3
2025-06-30 23:00,262,고흥,24.4,92,0.5,360,,1007.1,1013.1,,,0,0,25.6
2025-06-01 00:00,266,광양시,18.0,87,0.8,320,,1000.9,1011.2,,,7,5,18.4
2025-06-01 01:00,266,광양시,17.4,90,0.5,360,,1000.7,1011.1,,,7,5,17.9
2025-06-01 02:00,266,광양시,17.2,88,1.7,270,,1000.8,1011.2,,,8,5,17.4
2025-06-01 03:00,266,광양시,16.7,91,0.6,340,,1000.6,1011.0,,,0,0,16.7
2025-06-01 04:00,266,광양시,16.0,91,1.3,270,,1000.9,1011.3,,,3,3,16.2
2025-06-01 05:00,266,광양시,15.8,92,0.6,320,,1001.2,1011.6,,,0,0,15.8
2025-06-01 06:00,266,광양시,15.7,91,1.2,250,,1001.3,1011.7,0.0,0.05,0,0,16.1
2025-06-01 07:00,266,광양시,17.2,87,0.2,0,,1001.9,1012.3,0.9,0.43,0,0,19.8
2025-06-01 08:00,266,광양시,20.1,77,0.6,180,,1001.8,1012.1,1.0,1.09,0,0,25.2
2025-06-01 09:00,266,광양시,22.3,66,0.8,180,,1001.7,1011.9,1.0,1.79,0,0,30.8
2025-06-01 10:00,266,광양시,24.2,64,1.1,230,,1001.3,1011.4,1.0,2.46,0,0,36.5
2025-06-01 11:00,266,광양시,26.0,54,1.5,140,,1000.9,1010.9,1.0,2.99,0,0,41.0
2025-06-01 12:00,266,광양시,26.6,47,1.9,160,,1000.5,1010.5,1.0,3.35,0,0,44.9
2025-06-01 13:00,266,광양시,28.0,42,1.8,160,,1000.0,1009.9,1.0,3.51,0,0,46.8
2025-06-01 14:00,266,광양시,27.7,52,2.1,200,,999.6,1009.5,1.0,3.02,7,5,45.1
2025-06-01 15:00,266,광양시,27.5,51,2.1,180,,999.0,1008.9,1.0,2.78,6,5,43.8
2025-06-01 16:00,266,광양시,27.1,47,2.1,180,,998.8,1008.8,0.8,2.02,7,5,38.9
2025-06-01 17:00,266,광양시,26.5,48,2.4,180,,998.5,1008.5,1.0,1.77,5,5,36.7
2025-06-01 18:00,266,광양시,25.7,50,1.0,200,,998.5,1008.5,1.0,1.05,7,5,31.2
2025-06-01 19:00,266,광양시,23.6,55,1.5,230,,998.8,1008.9,0.3,0.32,8,5,26.7
2025-06-01 20:00,266,광양시,21.8,66,0.9,250,,999.0,1009.2,0.0,0.06,0,0,23.5
2025-06-01 21:00,266,광양시,20.2,73,1.0,250,,999.1,1009.3,,,7,5,21.7
2025-06-01 22:00,266,광양시,19.8,73,1.6,290,,999.3,1009.5,,,8,5,20.8
2025-06-01 23:00,266,광양시,19.2,75,0.7,340,,998.9,1009.2,,,7,5,19.9
2025-06-02 00:00,266,광양시,19.0,77,0.1,0,,998.3,1008.5,,,9,5,20.0
2025-06-02 01:00,266,광양시,18.8,79,0.4,0,,998.0,1008.3,,,10,5,19.6
2025-06-02 02:00,266,광양시,18.5,79,0.2,0,,997.4,1007.7,,,10,5,19.5
2025-06-02 03:00,266,광양시,18.3,80,0.0,0,,997.1,1007.4,,,10,5,19.4
2025-06-02 04:00,266,광양시,18.2,79,0.2,0,,996.4,1006.7,,,10,5,19.5
2025-06-02 05:00,266,광양시,18.0,83,0.2,0,,996.3,1006.6,,,10,5,19.4
2025-06-02 06:00,266,광양시,18.2,81,0.8,230,,996.3,1006.6,0.0,0.02,10,5,19.7
2025-06-02 07:00,266,광양시,18.4,81,0.0,0,,996.5,1006.8,0.0,0.09,10,5,20.1
2025-06-02 08:00,266,광양시,19.2,82,0.0,0,0.0,996.5,1006.7,0.0,0.28,10,5,21.8
2025-06-02 09:00,266,광양시,20.1,76,1.2,70,0.0,996.4,1006.6,0.0,0.56,10,5,23.6
2025-06-02 10:00,266,광양시,20.5,79,2.0,90,0.0,996.4,1006.6,0.0,0.68,10,5,24.5
2025-06-02 11:00,266,광양시,20.7,81,0.4,0,0.0,996.7,1006.9,0.0,0.62,10,5,23.7
2025-06-02 12:00,266,광양시,20.8,79,0.5,160,0.7,995.9,1006.1,0.0,0.84,10,5,27.5
2025-06-02 13:00,266,광양시,20.8,77,1.1,90,0.1,995.3,1005.5,0.0,1.27,10,5,26.3
2025-06-02 14:00,266,광양시,19.9,80,0.9,90,0.1,995.1,1005.3,0.0,0.64,10,5,24.1
2025-06-02 15:00,266,광양시,18.7,80,0.8,250,0.0,994.5,1004.7,0.0,0.36,10,5,21.7
2025-06-02 16:00,266,광양시,16.7,92,2.1,70,1.3,993.8,1004.1,0.0,0.28,10,5,21.0
2025-06-02 17:00,266,광양시,16.8,92,1.9,70,0.6,993.2,1003.5,0.0,0.4,10,5,21.1
2025-06-02 18:00,266,광양시,16.6,95,1.9,70,0.6,992.5,1002.8,0.0,0.3,10,5,20.1
2025-06-02 19:00,266,광양시,16.3,95,1.5,90,0.2,992.0,1002.3,0.0,0.11,10,5,19.2
2025-06-02 20:00,266,광양시,15.9,96,2.6,70,0.4,992.1,1002.4,0.0,0.01,10,5,18.2
2025-06-02 21:00,266,광양시,15.9,96,3.6,90,1.0,991.9,1002.2,,,10,5,17.8
2025-06-02 22:00,266,광양시,15.9,96,2.7,70,0.3,992.1,1002.4,,,10,5,17.6
2025-06-02 23:00,266,광양시,15.7,95,2.1,70,0.3,991.4,1001.7,,,10,5,17.5
2025-06-03 00:00,266,광양시,15.9,93,2.6,70,,990.6,1000.9,,,10,5,17.6
2025-06-03 01:00,266,광양시,16.3,90,0.8,270,,989.9,1000.2,,,10,5,17.7
2025-06-03 02:00,266,광양시,16.0,92,1.9,270,,989.5,999.8,,,10,5,17.8
2025-06-03 03:00,266,광양시,16.4,90,1.2,290,,989.0,999.3,,,10,5,17.6
2025-06-03 04:00,266,광양시,16.2,90,1.0,320,,988.7,999.0,,,10,5,17.4
2025-06-03 05:00,266,광양시,16.0,92,0.3,0,,988.9,999.2,,,9,5,17.3
2025-06-03 06:00,266,광양시,16.0,93,1.0,320,,989.6,999.9,0.0,0.03,10,5,17.7
2025-06-03 07:00,266,광양시,17.8,86,0.1,0,,989.9,1000.1,0.4,0.49,5,5,22.0
2025-06-03 08:00,266,광양시,19.7,74,0.9,290,,990.0,1000.1,1.0,1.18,2,2,27.0
2025-06-03 09:00,266,광양시,21.7,68,1.0,230,,990.4,1000.5,1.0,1.92,2,2,32.5
2025-06-03 10:00,266,광양시,23.0,69,1.6,250,,990.2,1000.2,0.9,2.32,2,2,36.2
2025-06-03 11:00,266,광양시,24.2,61,3.1,290,,989.9,999.9,1.0,3.12,3,3,39.6
2025-06-03 12:00,266,광양시,25.1,55,3.0,290,,989.9,999.8,0.9,3.32,3,3,41.6
2025-06-03 13:00,266,광양시,26.1,53,2.0,290,,989.9,999.8,1.0,3.62,0,0,42.9
2025-06-03 14:00,266,광양시,26.2,47,3.2,290,,989.6,999.5,1.0,3.46,1,1,41.7
2025-06-03 15:00,266,광양시,27.3,47,2.0,320,,989.4,999.3,1.0,3.1,0,0,42.5
2025-06-03 16:00,266,광양시,26.7,43,2.8,290,,989.2,999.1,0.9,2.2,0,0,38.3
2025-06-03 17:00,266,광양시,26.1,41,3.8,270,,989.3,999.2,1.0,2.12,0,0,34.9
2025-06-03 18:00,266,광양시,25.0,44,2.8,320,,989.9,999.8,1.0,1.28,0,0,26.5
2025-06-03 19:00,266,광양시,23.0,41,2.7,290,,990.9,1000.9,0.3,0.32,0,0,21.9
2025-06-03 20:00,266,광양시,21.4,36,2.5,290,,992.0,1002.1,0.0,0.03,0,0,19.2
2025-06-03 21:00,266,광양시,20.5,31,0.8,270,,992.7,1002.8,,,8,5,18.3
2025-06-03 22:00,266,광양시,20.0,33,1.2,250,,993.3,1003.5,,,9,5,18.0
2025-06-03 23:00,266,광양시,19.7,35,1.4,230,,993.8,1004.0,,,9,5,17.3
2025-06-04 00:00,266,광양시,18.2,43,1.2,250,,993.9,1004.1,,,8,5,16.3
2025-06-04 01:00,266,광양시,16.6,50,1.2,290,,994.0,1004.3,,,1,,15.1
2025-06-04 02:00,266,광양시,16.1,49,0.5,340,,994.0,1004.3,,,0,0,14.4
2025-06-04 03:00,266,광양시,15.7,51,0.7,250,,994.3,1004.7,,,0,0,13.9
2025-06-04 04:00,266,광양시,14.7,55,0.8,320,,994.9,1005.3,,,0,0,13.3
2025-06-04 05:00,266,광양시,14.2,60,1.9,320,,995.4,1005.8,,,0,0,13.0
2025-06-04 06:00,266,광양시,14.9,57,0.6,340,,996.0,1006.4,0.3,0.06,0,0,13.7
2025-06-04 07:00,266,광양시,17.4,54,1.0,290,,996.4,1006.7,1.0,0.57,0,0,19.4
2025-06-04 08:00,266,광양시,19.8,55,1.7,230,,996.8,1007.0,1.0,1.29,0,0,27.1
2025-06-04 09:00,266,광양시,22.0,41,2.3,250,,996.8,1006.9,1.0,2.07,0,0,33.1
2025-06-04 10:00,266,광양시,23.6,43,2.5,230,,996.4,1006.5,1.0,2.74,0,0,38.8
2025-06-04 11:00,266,광양시,24.9,40,2.6,230,,995.9,1005.9,1.0,3.26,0,0,44.1
2025-06-04 12:00,266,광양시,26.4,35,3.2,230,,995.1,1005.0,1.0,3.64,0,0,47.9
2025-06-04 13:00,266,광양시,27.8,40,3.0,250,,994.6,1004.5,1.0,3.72,0,0,49.2
2025-06-04 14:00,266,광양시,27.7,28,5.1,270,,994.0,1003.9,1.0,3.62,0,0,48.3
2025-06-04 15:00,266,광양시,28.6,24,4.1,270,,993.6,1003.5,1.0,3.29,0,0,47.0
2025-06-04 16:00,266,광양시,28.5,22,4.3,270,,993.9,1003.8,1.0,2.78,0,0,43.2
2025-06-04 17:00,266,광양시,27.2,21,4.7,270,,994.4,1004.3,1.0,2.1,0,0,37.8
2025-06-04 18:00,266,광양시,26.1,20,5.4,270,,994.7,1004.7,0.8,1.15,0,0,28.7
2025-06-04 19:00,266,광양시,24.0,24,3.2,270,,995.7,1005.7,0.3,0.35,0,0,24.0
2025-06-04 20:00,266,광양시,22.3,28,2.2,270,,996.7,1006.8,0.0,0.04,0,0,21.0
2025-06-04 21:00,266,광양시,21.4,32,2.9,290,,998.0,1008.2,,,0,0,19.5
2025-06-04 22:00,266,광양시,20.3,38,1.8,290,,998.9,1009.1,,,0,0,18.5
2025-06-04 23:00,266,광양시,19.2,42,1.2,180,,999.5,1009.8,,,0,0,17.5
2025-06-05 00:00,266,광양시,18.1,50,1.6,290,,999.6,1009.8,,,0,0,16.6
2025-06-05 01:00,266,광양시,17.6,49,1.4,290,,999.9,1010.2,,,0,0,15.9
2025-06-05 02:00,266,광양시,17.0,52,0.7,320,,1000.2,1010.6,,,0,0,15.2
2025-06-05 03:00,266,광양시,16.5,54,0.8,320,,1000.4,1010.8,,,0,0,14.7
2025-06-05 04:00,266,광양시,16.9,54,3.0,290,,1001.0,1011.4,,,0,0,14.3
2025-06-05 05:00,266,광양시,15.4,60,0.8,20,,1001.5,1011.9,,,0,0,13.6
2025-06-05 06:00,266,광양시,14.9,63,0.5,110,,1001.9,1012.4,0.3,0.06,0,0,13.8
2025-06-05 07:00,266,광양시,17.1,60,0.5,270,,1002.7,1013.1,1.0,0.58,0,0,19.4
2025-06-05 08:00,266,광양시,20.2,52,0.6,270,,1003.0,1013.3,1.0,1.3,0,0,27.7
2025-06-05 09:00,266,광양시,21.8,45,1.4,250,,1003.3,1013.5,1.0,2.02,0,0,34.9
2025-06-05 10:00,266,광양시,23.8,39,2.0,140,,1002.9,1013.0,1.0,2.75,0,0,41.7
2025-06-05 11:00,266,광양시,24.8,36,1.7,160,,1002.6,1012.7,1.0,3.3,0,0,47.0
2025-06-05 12:00,266,광양시,26.0,38,2.7,200,,1002.0,1012.0,1.0,3.63,5,1,49.4
2025-06-05 13:00,266,광양시,27.0,36,1.8,250,,1001.4,1011.4,1.0,3.24,5,1,50.6
2025-06-05 14:00,266,광양시,28.6,35,2.4,250,,1000.9,1010.8,0.8,2.79,4,1,51.2
2025-06-05 15:00,266,광양시,29.0,30,2.9,290,,1000.4,1010.3,1.0,3.05,8,0,47.2
2025-06-05 16:00,266,광양시,28.4,32,2.5,290,,1000.2,1010.1,0.8,2.17,8,0,43.9
2025-06-05 17:00,266,광양시,27.8,36,2.0,250,,999.7,1009.6,0.8,1.58,8,0,36.8
2025-06-05 18:00,266,광양시,25.6,42,2.7,250,,999.8,1009.8,0.4,0.79,7,0,31.1
2025-06-05 19:00,266,광양시,24.6,47,2.5,250,,1000.4,1010.5,0.2,0.42,4,0,27.2
2025-06-05 20:00,266,광양시,22.8,52,0.3,0,,1001.0,1011.1,0.0,0.04,4,1,23.3
2025-06-05 21:00,266,광양시,21.7,58,1.6,200,,1001.6,1011.8,,,0,0,21.7
2025-06-05 22:00,266,광양시,20.4,63,0.1,0,,1001.6,1011.8,,,7,1,20.4
2025-06-05 23:00,266,광양시,19.6,67,1.7,290,,1001.6,1011.9,,,0,0,19.3
2025-06-06 00:00,266,광양시,19.0,70,0.9,270,,1001.5,1011.7,,,4,0,18.3
2025-06-06 01:00,266,광양시,18.9,68,1.6,290,,1000.9,1011.2,,,7,7,18.2
2025-06-06 02:00,266,광양시,18.4,68,1.0,200,,1001.0,1011.3,,,7,1,17.7
2025-06-06 03:00,266,광양시,17.8,71,0.6,320,,1000.5,1010.8,,,7,1,17.7
2025-06-06 04:00,266,광양시,17.8,65,0.2,0,,1000.5,1010.8,,,8,6,17.5
2025-06-06 05:00,266,광양시,17.5,59,0.0,0,,1000.7,1011.0,,,7,4,17.5
2025-06-06 06:00,266,광양시,17.5,57,0.2,0,,1001.1,1011.5,0.0,0.02,8,2,17.6
2025-06-06 07:00,266,광양시,17.9,65,0.6,90,,1001.1,1011.4,0.0,0.2,7,3,19.1
2025-06-06 08:00,266,광양시,19.6,62,0.4,0,,1001.2,1011.5,0.1,0.58,8,2,23.5
2025-06-06 09:00,266,광양시,22.9,45,0.6,230,,1001.5,1011.6,0.7,1.5,8,6,31.2
2025-06-06 10:00,266,광양시,25.4,43,1.6,250,,1001.1,1011.1,0.6,2.22,8,6,40.3
2025-06-06 11:00,266,광양시,26.4,37,1.7,200,,1001.3,1011.3,0.8,2.58,8,3,41.1
2025-06-06 12:00,266,광양시,25.4,36,2.3,230,,1000.9,1010.9,0.2,1.91,10,2,36.2
2025-06-06 13:00,266,광양시,25.1,38,2.2,230,,1000.6,1010.6,0.0,1.46,10,3,34.1
2025-06-06 14:00,266,광양시,24.2,44,2.2,230,,1000.4,1010.5,0.0,0.72,10,6,30.6
2025-06-06 15:00,266,광양시,23.7,51,1.1,270,,1000.4,1010.5,0.0,0.65,10,2,28.6
2025-06-06 16:00,266,광양시,22.9,55,1.2,200,,1000.3,1010.4,0.0,0.31,10,1,25.8
2025-06-06 17:00,266,광양시,22.4,64,0.5,160,0.0,999.7,1009.8,0.0,0.19,10,1,25.0
2025-06-06 18:00,266,광양시,22.5,62,0.5,250,,999.6,1009.7,0.0,0.31,10,8,24.8
2025-06-06 19:00,266,광양시,21.8,67,1.8,290,,1000.1,1010.3,0.0,0.21,8,2,23.0
2025-06-06 20:00,266,광양시,21.3,66,0.3,0,,1000.2,1010.4,0.0,0.04,9,7,21.7
2025-06-06 21:00,266,광양시,20.7,68,0.6,320,,1000.8,1011.0,,,10,10,21.2
2025-06-06 22:00,266,광양시,20.0,70,0.5,90,,1001.1,1011.4,,,7,7,19.3
2025-06-06 23:00,266,광양시,19.0,74,0.7,290,,1001.0,1011.3,,,4,1,18.0
2025-06-07 00:00,266,광양시,18.0,75,0.7,290,,1000.7,1011.0,,,7,0,17.3
2025-06-07 01:00,266,광양시,17.6,78,0.3,0,,1000.4,1010.7,,,6,0,16.8
2025-06-07 02:00,266,광양시,17.2,78,0.6,270,,1000.6,1011.0,,,4,0,16.3
2025-06-07 03:00,266,광양시,16.6,81,0.0,0,,1000.5,1010.9,,,0,0,15.8
2025-06-07 04:00,266,광양시,16.5,82,0.4,0,,1000.5,1010.9,,,7,0,15.6
2025-06-07 05:00,266,광양시,16.6,84,0.7,50,,1000.3,1010.7,,,10,0,16.2
2025-06-07 06:00,266,광양시,16.8,85,0.1,0,,1000.3,1010.7,0.0,0.04,8,0,17.1
2025-06-07 07:00,266,광양시,17.8,82,0.1,0,,1000.3,1010.6,0.1,0.28,7,0,18.7
2025-06-07 08:00,266,광양시,21.6,71,0.2,0,,1000.1,1010.3,0.8,1.14,5,0,26.1
2025-06-07 09:00,266,광양시,23.4,59,1.1,230,,1000.3,1010.4,1.0,1.85,7,0,32.1
2025-06-07 10:00,266,광양시,25.5,52,2.4,250,,1000.6,1010.6,1.0,2.59,7,1,39.6
2025-06-07 11:00,266,광양시,26.8,38,2.5,270,,1000.6,1010.6,1.0,3.06,6,3,44.3
2025-06-07 12:00,266,광양시,27.9,33,3.1,250,,999.9,1009.8,1.0,3.51,5,0,48.4
2025-06-07 13:00,266,광양시,28.7,30,2.5,230,,999.3,1009.2,1.0,3.73,0,0,50.1
2025-06-07 14:00,266,광양시,28.6,37,2.4,230,,998.9,1008.8,1.0,3.19,7,1,48.4
2025-06-07 15:00,266,광양시,27.9,45,2.9,200,,998.7,1008.6,1.0,3.1,7,0,47.0
2025-06-07 16:00,266,광양시,26.7,53,2.3,230,,998.3,1008.3,0.9,2.32,8,0,40.2
2025-06-07 17:00,266,광양시,25.5,57,2.7,200,,998.6,1008.6,0.6,1.34,8,0,36.5
2025-06-07 18:00,266,광양시,24.5,63,1.9,200,,998.5,1008.5,0.3,0.86,8,0,31.9
2025-06-07 19:00,266,광양시,23.4,71,2.0,250,,999.1,1009.2,0.0,0.29,9,0,28.4
2025-06-07 20:00,266,광양시,22.8,78,1.2,230,,999.3,1009.4,0.0,0.03,10,2,26.2
2025-06-07 21:00,266,광양시,22.2,82,1.9,250,,999.7,1009.9,,,10,1,25.0
2025-06-07 22:00,266,광양시,21.6,84,1.0,290,,1000.0,1010.2,,,10,2,24.1
2025-06-07 23:00,266,광양시,21.2,86,0.7,270,,1000.1,1010.3,,,10,1,23.3
2025-06-08 00:00,266,광양시,20.9,87,0.8,270,,1000.1,1010.3,,,9,1,22.9
2025-06-08 01:00,266,광양시,21.1,87,1.1,290,,999.6,1009.8,,,10,0,22.6
2025-06-08 02:00,266,광양시,20.9,85,0.7,290,,999.1,1009.3,,,10,0,22.3
2025-06-08 03:00,266,광양시,20.9,83,0.1,0,,998.5,1008.7,,,9,0,21.9
2025-06-08 04:00,266,광양시,20.7,86,0.6,110,,998.4,1008.6,,,10,2,21.6
2025-06-08 05:00,266,광양시,20.2,87,0.5,290,,998.6,1008.8,,,9,3,21.1
2025-06-08 06:00,266,광양시,20.0,87,0.6,320,,998.9,1009.1,0.0,0.03,9,2,21.3
2025-06-08 07:00,266,광양시,21.0,86,0.4,0,,999.1,1009.3,0.0,0.3,8,1,23.2
2025-06-08 08:00,266,광양시,22.4,80,0.6,140,,999.3,1009.4,0.0,0.57,9,1,25.7
2025-06-08 09:00,266,광양시,23.3,77,1.0,90,,999.6,1009.7,0.0,0.77,10,2,28.6
2025-06-08 10:00,266,광양시,24.6,73,1.6,90,,999.6,1009.7,0.1,1.25,10,3,34.2
2025-06-08 11:00,266,광양시,25.3,74,1.5,70,,999.8,1009.8,0.3,1.87,9,1,34.8
2025-06-08 12:00,266,광양시,26.3,70,2.2,90,,999.3,1009.3,0.3,2.54,8,3,39.5
2025-06-08 13:00,266,광양시,27.7,65,2.1,140,,998.9,1008.8,0.7,2.95,8,3,46.2
2025-06-08 14:00,266,광양시,28.2,60,1.5,230,,998.2,1008.1,0.7,2.87,5,1,46.3
2025-06-08 15:00,266,광양시,28.7,58,1.5,230,,998.0,1007.9,0.7,2.29,6,4,42.3
2025-06-08 16:00,266,광양시,28.0,64,2.1,200,,997.8,1007.7,0.5,1.96,6,1,41.5
2025-06-08 17:00,266,광양시,27.2,66,2.2,180,,997.9,1007.8,0.7,1.52,3,1,36.9
2025-06-08 18:00,266,광양시,25.4,73,2.9,230,,998.4,1008.4,1.0,1.08,3,0,32.6
2025-06-08 19:00,266,광양시,24.2,75,1.5,200,,998.9,1009.0,0.2,0.37,8,1,29.3
2025-06-08 20:00,266,광양시,22.9,77,1.8,230,,998.9,1009.0,0.0,0.09,8,8,26.6
2025-06-08 21:00,266,광양시,22.5,78,1.3,250,,999.5,1009.6,,,6,6,25.4
2025-06-08 22:00,266,광양시,21.5,82,1.0,250,,1000.1,1010.3,,,0,0,23.4
2025-06-08 23:00,266,광양시,20.9,84,0.5,200,,1000.2,1010.4,,,0,0,22.4
2025-06-09 00:00,266,광양시,20.4,87,0.9,250,,1000.2,1010.4,,,4,0,21.7
2025-06-09 01:00,266,광양시,20.1,88,0.7,320,,999.8,1010.0,,,6,0,21.2
2025-06-09 02:00,266,광양시,19.8,90,0.5,160,,999.4,1009.6,,,6,0,20.7
2025-06-09 03:00,266,광양시,19.3,91,0.6,320,,999.2,1009.5,,,8,0,20.7
2025-06-09 04:00,266,광양시,19.6,90,0.6,320,,998.6,1008.8,,,10,0,20.9
2025-06-09 05:00,266,광양시,19.8,90,0.6,270,,998.2,1008.4,,,8,2,20.8
2025-06-09 06:00,266,광양시,19.6,90,0.4,0,,998.5,1008.7,0.0,0.01,10,1,21.0
2025-06-09 07:00,266,광양시,19.8,90,0.3,0,,998.3,1008.5,0.0,0.09,10,1,21.7
2025-06-09 08:00,266,광양시,20.7,88,0.3,0,,998.5,1008.7,0.0,0.42,10,0,25.0
2025-06-09 09:00,266,광양시,22.0,85,1.2,90,,998.9,1009.1,0.0,0.68,9,4,27.2
2025-06-09 10:00,266,광양시,24.0,74,1.9,90,,998.4,1008.5,0.0,1.44,10,1,31.7
2025-06-09 11:00,266,광양시,26.2,68,2.5,90,,998.6,1008.6,0.4,2.19,8,1,38.1
2025-06-09 12:00,266,광양시,27.5,64,2.6,110,,998.4,1008.3,1.0,3.13,8,1,43.5
2025-06-09 13:00,266,광양시,27.8,61,2.1,90,,998.0,1007.9,0.7,2.74,8,1,40.9
2025-06-09 14:00,266,광양시,27.9,58,2.6,110,,997.4,1007.3,0.3,2.05,9,0,42.4
2025-06-09 15:00,266,광양시,27.8,59,1.3,90,,997.0,1006.9,0.4,1.81,9,1,39.0
2025-06-09 16:00,266,광양시,28.0,56,1.1,140,,996.6,1006.5,0.3,1.6,9,1,37.4
2025-06-09 17:00,266,광양시,27.0,57,1.6,90,,996.2,1006.1,0.1,1.04,8,0,34.4
2025-06-09 18:00,266,광양시,26.8,53,1.2,90,,996.4,1006.3,0.3,0.77,8,0,32.5
2025-06-09 19:00,266,광양시,25.9,54,0.9,90,,996.4,1006.4,0.3,0.49,0,0,27.8
2025-06-09 20:00,266,광양시,24.2,66,0.1,0,,996.6,1006.6,0.0,0.03,0,0,25.2
2025-06-09 21:00,266,광양시,22.9,71,0.7,200,,996.8,1006.9,,,0,0,23.7
2025-06-09 22:00,266,광양시,21.7,77,1.1,230,,997.2,1007.3,,,0,0,22.7
2025-06-09 23:00,266,광양시,20.8,80,0.3,0,,997.3,1007.5,,,0,0,21.8
2025-06-10 00:00,266,광양시,20.1,86,0.8,290,,997.9,1008.1,,,3,0,21.1
2025-06-10 01:00,266,광양시,19.9,86,2.5,320,,998.1,1008.3,,,0,0,20.7
2025-06-10 02:00,266,광양시,19.6,87,1.3,320,,997.6,1007.8,,,0,0,20.3
2025-06-10 03:00,266,광양시,19.3,90,1.1,290,,997.1,1007.3,,,0,0,20.0
2025-06-10 04:00,266,광양시,19.2,87,1.3,270,,996.2,1006.4,,,0,0,19.7
2025-06-10 05:00,266,광양시,18.8,88,1.0,270,,996.0,1006.2,,,0,0,19.4
2025-06-10 06:00,266,광양시,18.8,90,0.1,0,,996.5,1006.8,0.0,0.05,0,0,20.0
2025-06-10 07:00,266,광양시,20.3,85,0.2,0,,996.5,1006.7,0.7,0.41,0,0,23.4
2025-06-10 08:00,266,광양시,23.1,77,0.5,50,,996.8,1006.9,1.0,1.09,0,0,29.6
2025-06-10 09:00,266,광양시,25.7,67,1.1,140,,996.8,1006.8,1.0,1.78,5,0,35.9
2025-06-10 10:00,266,광양시,27.0,63,1.5,200,,996.9,1006.8,1.0,2.37,5,2,41.5
2025-06-10 11:00,266,광양시,28.3,58,2.0,180,,996.9,1006.8,1.0,2.89,4,0,46.6
2025-06-10 12:00,266,광양시,29.8,55,1.4,200,,997.3,1007.1,1.0,3.09,7,1,47.4
2025-06-10 13:00,266,광양시,30.0,55,2.3,200,,996.5,1006.3,0.9,2.99,8,2,49.1
2025-06-10 14:00,266,광양시,29.1,61,2.1,230,,996.6,1006.5,0.2,1.99,9,3,44.4
2025-06-10 15:00,266,광양시,27.2,60,2.8,250,,996.3,1006.2,0.0,1.1,9,3,36.5
2025-06-10 16:00,266,광양시,26.6,66,2.5,250,,996.3,1006.3,0.0,0.92,9,3,35.0
2025-06-10 17:00,266,광양시,27.3,65,2.1,250,,995.6,1005.5,0.0,1.01,9,1,36.2
2025-06-10 18:00,266,광양시,27.0,62,1.9,230,,996.3,1006.2,0.2,0.77,6,1,31.7
2025-06-10 19:00,266,광양시,25.9,59,2.5,270,,996.9,1006.9,0.1,0.29,9,1,28.2
2025-06-10 20:00,266,광양시,25.0,60,2.2,290,,997.5,1007.5,0.0,0.05,10,0,25.7
2025-06-10 21:00,266,광양시,24.4,60,1.4,290,,998.0,1008.0,,,10,2,24.6
2025-06-10 22:00,266,광양시,23.9,58,1.5,270,,998.4,1008.5,,,10,3,23.7
2025-06-10 23:00,266,광양시,23.3,67,3.1,320,,998.4,1008.5,,,10,2,23.0
2025-06-11 00:00,266,광양시,22.6,69,2.8,320,,998.5,1008.6,,,9,0,22.3
2025-06-11 01:00,266,광양시,22.2,67,1.3,270,,998.4,1008.5,,,10,0,21.9
2025-06-11 02:00,266,광양시,21.5,68,1.0,70,,998.3,1008.5,,,9,0,20.9
2025-06-11 03:00,266,광양시,20.6,65,1.1,290,,998.3,1008.5,,,9,0,19.9
2025-06-11 04:00,266,광양시,20.0,61,2.0,290,,998.6,1008.8,,,9,0,19.0
2025-06-11 05:00,266,광양시,19.3,61,1.1,270,,999.0,1009.3,,,9,0,18.7
2025-06-11 06:00,266,광양시,19.0,64,0.9,270,,999.7,1010.0,0.0,0.03,9,0,19.2
2025-06-11 07:00,266,광양시,19.8,65,0.4,0,,1000.5,1010.8,0.2,0.4,8,0,23.2
2025-06-11 08:00,266,광양시,21.9,56,0.5,270,,1001.0,1011.2,0.7,0.97,7,0,30.6
2025-06-11 09:00,266,광양시,23.3,54,0.8,250,,1001.7,1011.8,0.7,1.4,0,0,40.3
2025-06-11 10:00,266,광양시,25.4,49,0.6,230,,1002.1,1012.2,1.0,2.39,0,0,46.3
2025-06-11 11:00,266,광양시,27.4,43,1.4,230,,1002.0,1012.0,1.0,3.19,6,0,52.4
2025-06-11 12:00,266,광양시,27.7,42,1.6,250,,1002.0,1012.0,1.0,3.44,6,0,53.4
2025-06-11 13:00,266,광양시,29.3,39,2.0,140,,1001.5,1011.4,1.0,3.23,7,1,56.0
2025-06-11 14:00,266,광양시,29.8,37,1.6,160,,1001.2,1011.1,1.0,3.39,0,0,56.2
2025-06-11 15:00,266,광양시,30.6,35,1.6,180,,1000.7,1010.6,1.0,3.16,0,0,55.0
2025-06-11 16:00,266,광양시,30.7,33,1.8,180,,1000.5,1010.4,1.0,2.66,0,0,50.6
2025-06-11 17:00,266,광양시,29.6,41,2.5,200,,1000.4,1010.3,1.0,1.98,0,0,44.5
2025-06-11 18:00,266,광양시,28.4,40,2.5,230,,1000.8,1010.7,1.0,1.28,0,0,35.8
2025-06-11 19:00,266,광양시,26.0,42,2.4,230,,1001.5,1011.5,0.3,0.37,4,0,28.6
2025-06-11 20:00,266,광양시,24.2,54,2.4,230,,1002.0,1012.1,0.0,0.04,8,0,26.0
2025-06-11 21:00,266,광양시,23.1,57,1.2,250,,1002.6,1012.7,,,10,0,24.5
2025-06-11 22:00,266,광양시,22.4,61,1.3,250,,1003.2,1013.4,,,9,0,23.3
2025-06-11 23:00,266,광양시,21.3,63,1.3,270,,1003.8,1014.0,,,8,0,22.1
2025-06-12 00:00,266,광양시,21.3,63,0.3,0,,1004.1,1014.3,,,10,0,22.0
2025-06-12 01:00,266,광양시,21.2,66,0.7,270,,1003.7,1013.9,,,10,0,21.9
2025-06-12 02:00,266,광양시,20.8,67,0.5,250,,1003.6,1013.8,,,10,0,21.6
2025-06-12 03:00,266,광양시,20.3,69,0.5,230,,1003.5,1013.8,,,10,2,21.0
2025-06-12 04:00,266,광양시,20.2,69,0.6,270,,1003.8,1014.1,,,8,0,20.5
2025-06-12 05:00,266,광양시,19.7,72,1.1,270,,1004.2,1014.5,,,10,0,20.2
2025-06-12 06:00,266,광양시,19.8,75,0.2,0,,1004.6,1014.9,0.0,0.02,10,3,21.1
2025-06-12 07:00,266,광양시,20.3,75,0.7,110,,1004.7,1015.0,0.0,0.17,10,4,23.0
2025-06-12 08:00,266,광양시,21.4,67,1.2,90,,1005.3,1015.5,0.0,0.43,10,7,26.1
2025-06-12 09:00,266,광양시,22.4,64,2.1,90,,1005.4,1015.6,0.0,0.78,10,9,29.3
2025-06-12 10:00,266,광양시,25.6,53,2.3,110,,1005.3,1015.4,0.6,1.96,8,2,44.0
2025-06-12 11:00,266,광양시,26.2,52,2.9,110,,1005.5,1015.6,0.7,2.59,8,1,44.7
2025-06-12 12:00,266,광양시,25.3,53,2.1,90,,1005.5,1015.6,0.0,1.54,10,1,35.9
2025-06-12 13:00,266,광양시,25.8,49,1.9,90,,1005.7,1015.8,0.0,1.51,9,1,38.3
2025-06-12 14:00,266,광양시,26.8,50,1.6,110,,1005.6,1015.6,0.5,2.22,9,0,45.7
2025-06-12 15:00,266,광양시,26.7,50,2.1,90,,1005.2,1015.2,0.4,1.83,8,0,41.5
2025-06-12 16:00,266,광양시,26.9,48,1.7,110,,1004.8,1014.8,0.6,1.82,9,0,41.1
2025-06-12 17:00,266,광양시,26.5,52,2.2,90,,1004.4,1014.4,0.8,1.56,7,0,38.2
2025-06-12 18:00,266,광양시,25.4,52,1.5,230,,1005.2,1015.3,0.6,0.86,10,0,32.5
2025-06-12 19:00,266,광양시,23.3,66,1.4,250,,1005.5,1015.7,0.0,0.35,7,0,27.1
2025-06-12 20:00,266,광양시,21.7,72,0.4,0,,1006.0,1016.2,0.0,0.04,9,0,24.3
2025-06-12 21:00,266,광양시,20.9,75,0.9,70,,1006.5,1016.8,,,9,0,22.9
2025-06-12 22:00,266,광양시,20.5,81,0.9,110,,1006.8,1017.1,,,9,0,22.2
2025-06-12 23:00,266,광양시,19.8,86,1.7,70,,1006.6,1016.9,,,9,0,21.3
2025-06-13 00:00,266,광양시,19.4,88,1.5,70,,1006.1,1016.3,,,9,0,21.1
2025-06-13 01:00,266,광양시,18.9,87,0.5,180,,1006.1,1016.4,,,8,2,19.9
2025-06-13 02:00,266,광양시,18.6,87,0.6,90,,1006.0,1016.4,,,9,0,19.7
2025-06-13 03:00,266,광양시,18.5,89,0.1,0,,1006.0,1016.4,,,10,4,19.8
2025-06-13 04:00,266,광양시,18.4,88,0.7,270,,1006.0,1016.4,,,10,9,19.7
2025-06-13 05:00,266,광양시,18.5,87,1.0,70,,1005.8,1016.2,,,10,6,20.1
2025-06-13 06:00,266,광양시,18.9,84,0.6,270,,1006.4,1016.7,0.0,0.03,10,1,21.0
2025-06-13 07:00,266,광양시,19.3,87,0.6,50,0.0,1006.1,1016.4,0.0,0.15,10,4,21.5
2025-06-13 08:00,266,광양시,19.7,89,0.7,90,0.2,1005.9,1016.2,0.0,0.24,10,0,22.2
2025-06-13 09:00,266,광양시,19.5,90,0.7,70,0.7,1006.1,1016.4,0.0,0.38,10,3,23.3
2025-06-13 10:00,266,광양시,19.9,91,0.7,50,0.5,1006.3,1016.6,0.0,0.49,10,3,24.3
2025-06-13 11:00,266,광양시,21.2,81,0.6,70,0.1,1005.9,1016.2,0.0,1.01,10,7,29.2
2025-06-13 12:00,266,광양시,21.6,72,2.0,70,,1005.9,1016.1,0.0,1.14,10,10,28.5
2025-06-13 13:00,266,광양시,21.6,76,1.7,70,0.2,1005.2,1015.4,0.0,1.22,10,1,29.6
2025-06-13 14:00,266,광양시,21.9,76,2.9,90,,1004.3,1014.5,0.0,1.33,10,2,29.4
2025-06-13 15:00,266,광양시,22.0,75,2.0,90,,1003.4,1013.6,0.0,0.95,10,8,27.7
2025-06-13 16:00,266,광양시,21.1,85,1.6,90,0.3,1002.9,1013.1,0.0,0.55,10,6,24.9
2025-06-13 17:00,266,광양시,20.9,81,1.9,90,0.0,1002.5,1012.7,0.0,0.41,10,8,24.0
2025-06-13 18:00,266,광양시,20.9,80,1.8,70,0.0,1001.9,1012.1,0.0,0.22,10,8,23.3
2025-06-13 19:00,266,광양시,21.1,81,2.7,70,0.0,1001.3,1011.5,0.0,0.11,10,10,22.3
2025-06-13 20:00,266,광양시,20.0,93,3.3,90,1.4,1000.7,1010.9,0.0,0.01,10,3,21.1
2025-06-13 21:00,266,광양시,19.6,95,1.5,90,8.2,1000.7,1011.0,,,10,3,20.8
2025-06-13 22:00,266,광양시,19.6,96,1.3,250,6.2,1001.0,1011.3,,,10,3,20.6
2025-06-13 23:00,266,광양시,19.3,97,0.5,290,14.7,1000.1,1010.4,,,10,4,20.8
2025-06-14 00:00,266,광양시,19.4,98,1.6,90,3.7,999.6,1009.8,,,10,1,20.9
2025-06-14 01:00,266,광양시,19.5,98,0.7,230,1.6,998.5,1008.7,,,10,2,21.0
2025-06-14 02:00,266,광양시,19.8,98,0.9,230,3.2,997.7,1007.9,,,10,4,21.0
2025-06-14 03:00,266,광양시,19.8,98,0.9,230,10.5,996.1,1006.3,,,10,5,21.1
2025-06-14 04:00,266,광양시,19.7,98,0.4,0,1.1,994.9,1005.1,,,10,4,21.2
2025-06-14 05:00,266,광양시,19.8,98,0.6,320,0.5,994.6,1004.8,,,10,4,21.2
2025-06-14 06:00,266,광양시,20.2,98,0.9,90,0.1,993.6,1003.8,0.0,0.01,9,8,21.3
2025-06-14 07:00,266,광양시,20.4,98,0.7,110,4.0,993.0,1003.2,0.0,0.02,10,9,21.4
2025-06-14 08:00,266,광양시,20.8,98,1.0,290,13.3,993.3,1003.4,0.0,0.06,10,8,21.7
2025-06-14 09:00,266,광양시,21.4,99,0.6,90,17.5,993.0,1003.1,0.0,0.1,10,8,22.1
2025-06-14 10:00,266,광양시,21.5,99,0.9,70,12.5,992.4,1002.5,0.0,0.15,10,10,22.6
2025-06-14 11:00,266,광양시,21.9,99,2.3,90,4.8,991.5,1001.6,0.0,0.33,10,9,23.3
2025-06-14 12:00,266,광양시,22.2,98,1.0,70,3.4,991.0,1001.1,0.0,0.48,10,5,24.2
2025-06-14 13:00,266,광양시,22.6,98,0.4,0,0.7,990.7,1000.7,0.0,0.33,10,6,25.3
2025-06-14 14:00,266,광양시,24.5,90,2.3,70,0.0,989.7,999.7,0.2,1.81,8,4,30.8
2025-06-14 15:00,266,광양시,24.9,89,1.8,90,,989.7,999.6,0.1,1.45,9,6,28.7
2025-06-14 16:00,266,광양시,24.7,88,2.5,110,,989.5,999.5,0.0,0.75,9,9,28.8
2025-06-14 17:00,266,광양시,25.7,86,1.7,90,,989.6,999.5,0.2,1.21,9,6,29.3
2025-06-14 18:00,266,광양시,24.8,87,1.3,90,,990.0,1000.0,0.0,0.45,9,7,27.3
2025-06-14 19:00,266,광양시,24.5,88,0.4,0,,990.7,1000.7,0.0,0.16,9,7,26.0
2025-06-14 20:00,266,광양시,24.0,91,1.0,250,,991.3,1001.3,0.0,0.03,8,8,25.2
2025-06-14 21:00,266,광양시,23.7,93,0.8,320,,992.0,1002.0,,,9,9,24.6
2025-06-14 22:00,266,광양시,23.7,93,0.4,0,,992.4,1002.4,,,10,10,24.3
2025-06-14 23:00,266,광양시,23.4,94,0.0,0,,992.3,1002.3,,,10,8,23.6
2025-06-15 00:00,266,광양시,22.9,97,0.9,250,,992.7,1002.7,,,9,0,23.3
2025-06-15 01:00,266,광양시,22.9,96,0.4,0,,992.5,1002.6,,,9,4,23.3
2025-06-15 02:00,266,광양시,22.7,97,0.7,160,,991.7,1001.8,,,8,3,22.9
2025-06-15 03:00,266,광양시,22.6,97,0.6,270,,992.2,1002.3,,,8,6,23.0
2025-06-15 04:00,266,광양시,22.7,97,0.5,270,,992.5,1002.6,,,9,9,23.2
2025-06-15 05:00,266,광양시,22.6,96,0.6,230,,992.8,1002.9,,,7,7,23.0
2025-06-15 06:00,266,광양시,22.4,96,0.6,270,,992.9,1003.0,0.0,0.02,7,7,23.0
2025-06-15 07:00,266,광양시,23.0,94,0.2,0,,992.9,1003.0,0.0,0.29,8,8,24.5
2025-06-15 08:00,266,광양시,24.0,90,0.8,250,,992.7,1002.7,0.4,0.87,6,2,29.6
2025-06-15 09:00,266,광양시,26.9,76,0.8,160,,992.3,1002.2,1.0,1.87,5,1,33.5
2025-06-15 10:00,266,광양시,27.9,63,1.5,180,,992.0,1001.9,1.0,2.53,7,0,36.8
2025-06-15 11:00,266,광양시,28.9,63,1.9,140,,992.1,1001.9,1.0,2.97,5,0,38.9
2025-06-15 12:00,266,광양시,29.2,60,1.4,180,,992.0,1001.8,0.9,3.02,7,3,38.2
2025-06-15 13:00,266,광양시,29.5,59,2.0,180,,991.6,1001.4,1.0,3.38,4,1,40.4
2025-06-15 14:00,266,광양시,29.5,63,2.3,200,,991.4,1001.2,1.0,3.28,6,1,39.0
2025-06-15 15:00,266,광양시,28.1,69,0.9,160,,990.8,1000.6,0.0,1.01,9,9,33.2
2025-06-15 16:00,266,광양시,27.6,70,2.0,90,,990.6,1000.5,0.1,1.13,10,8,32.0
2025-06-15 17:00,266,광양시,25.2,81,1.4,160,,990.7,1000.6,0.0,0.45,9,6,28.5
2025-06-15 18:00,266,광양시,24.0,87,0.9,90,,990.3,1000.3,0.0,0.16,9,7,27.3
2025-06-15 19:00,266,광양시,23.7,90,1.3,180,,990.5,1000.5,0.0,0.06,9,9,26.1
2025-06-15 20:00,266,광양시,23.3,92,1.3,230,,990.3,1000.3,0.0,0.01,10,10,25.5
2025-06-15 21:00,266,광양시,23.0,95,0.4,0,0.3,990.3,1000.3,,,10,10,25.1
2025-06-15 22:00,266,광양시,22.9,96,0.5,360,5.8,990.5,1000.5,,,10,6,24.6
2025-06-15 23:00,266,광양시,22.5,97,1.2,270,2.1,990.2,1000.2,,,10,10,24.4
2025-06-16 00:00,266,광양시,22.2,97,1.2,250,0.3,989.6,999.6,,,10,7,24.2
2025-06-16 01:00,266,광양시,22.0,98,1.1,230,0.1,989.4,999.5,,,10,10,24.1
2025-06-16 02:00,266,광양시,22.2,98,0.6,290,0.1,988.8,998.8,,,9,9,24.0
2025-06-16 03:00,266,광양시,22.3,98,0.8,230,0.1,988.8,998.8,,,7,7,24.0
2025-06-16 04:00,266,광양시,22.4,98,1.5,250,0.0,988.7,998.7,,,10,10,23.9
2025-06-16 05:00,266,광양시,22.4,98,1.8,230,,989.3,999.3,,,10,10,23.9
2025-06-16 06:00,266,광양시,22.5,99,2.4,250,0.1,989.9,999.9,0.0,0.01,10,10,23.9
2025-06-16 07:00,266,광양시,22.8,98,0.4,0,0.4,989.2,999.2,0.0,0.15,10,4,24.7
2025-06-16 08:00,266,광양시,23.0,97,2.3,230,0.1,989.5,999.5,0.0,0.23,10,3,24.9
2025-06-16 09:00,266,광양시,22.9,98,1.9,230,1.2,990.7,1000.7,0.0,0.24,10,9,24.9
2025-06-16 10:00,266,광양시,22.8,98,2.4,230,2.6,990.8,1000.8,0.0,0.27,10,4,25.4
2025-06-16 11:00,266,광양시,22.4,97,1.5,230,1.1,991.0,1001.1,0.0,0.35,10,10,25.1
2025-06-16 12:00,266,광양시,22.5,96,3.1,250,0.7,991.2,1001.3,0.0,0.62,10,9,26.1
2025-06-16 13:00,266,광양시,22.1,96,2.8,270,0.4,991.8,1001.9,0.0,0.39,10,8,26.2
2025-06-16 14:00,266,광양시,25.2,84,2.6,270,,992.1,1002.1,0.5,2.51,7,4,35.5
2025-06-16 15:00,266,광양시,26.9,72,2.8,250,,992.0,1001.9,1.0,2.95,7,1,36.4
2025-06-16 16:00,266,광양시,27.6,66,3.6,270,,991.7,1001.6,0.9,2.54,6,2,34.9
2025-06-16 17:00,266,광양시,27.5,66,2.7,270,,991.8,1001.7,0.8,2.05,7,1,33.2
2025-06-16 18:00,266,광양시,25.9,67,3.3,270,,992.1,1002.0,1.0,1.25,2,0,28.5
2025-06-16 19:00,266,광양시,24.7,72,1.9,250,,992.1,1002.1,0.4,0.39,0,0,25.5
2025-06-16 20:00,266,광양시,23.6,76,0.9,270,,992.9,1002.9,0.0,0.05,0,0,23.9
2025-06-16 21:00,266,광양시,22.6,84,1.3,270,,993.8,1003.9,,,0,0,23.1
2025-06-16 22:00,266,광양시,22.4,86,1.7,250,,994.6,1004.7,,,0,0,22.9
2025-06-16 23:00,266,광양시,22.0,88,0.7,270,,995.4,1005.5,,,3,3,22.7
2025-06-17 00:00,266,광양시,21.9,87,1.1,180,,995.7,1005.8,,,0,0,23.0
2025-06-17 01:00,266,광양시,21.0,89,1.8,200,,996.0,1006.2,,,0,0,22.5
2025-06-17 02:00,266,광양시,20.5,91,1.8,230,,996.1,1006.3,,,0,0,21.9
2025-06-17 03:00,266,광양시,20.1,95,0.7,270,,995.9,1006.1,,,0,0,21.8
2025-06-17 04:00,266,광양시,20.2,94,0.3,0,,996.0,1006.2,,,2,2,21.9
2025-06-17 05:00,266,광양시,19.8,94,0.7,270,,996.2,1006.4,,,7,2,21.1
2025-06-17 06:00,266,광양시,19.8,94,0.9,250,,996.7,1006.9,0.0,0.03,4,3,21.3
2025-06-17 07:00,266,광양시,21.4,89,0.7,110,,997.0,1007.2,0.8,0.5,6,0,24.0
2025-06-17 08:00,266,광양시,23.5,80,1.1,140,,997.1,1007.2,1.0,1.15,6,0,28.4
2025-06-17 09:00,266,광양시,24.6,77,1.4,140,,997.4,1007.4,0.9,1.59,7,0,31.2
2025-06-17 10:00,266,광양시,25.9,72,1.7,140,,997.3,1007.3,1.0,2.46,6,1,35.8
2025-06-17 11:00,266,광양시,25.5,72,1.8,110,,997.4,1007.4,0.5,2.19,8,6,34.4
2025-06-17 12:00,266,광양시,26.0,73,1.9,250,,997.2,1007.2,0.1,2.03,8,8,34.6
2025-06-17 13:00,266,광양시,26.8,70,1.2,140,,997.0,1007.0,0.1,1.75,8,8,34.2
2025-06-17 14:00,266,광양시,27.3,68,1.5,270,,996.7,1006.6,0.2,2.03,8,8,34.3
2025-06-17 15:00,266,광양시,27.1,71,1.4,230,,996.5,1006.4,0.0,1.21,8,8,32.0
2025-06-17 16:00,266,광양시,28.0,69,1.7,180,,996.3,1006.2,0.7,1.93,8,1,34.6
2025-06-17 17:00,266,광양시,27.6,69,2.1,230,,996.3,1006.2,0.8,1.63,5,1,31.3
2025-06-17 18:00,266,광양시,27.0,71,1.4,200,,996.5,1006.4,0.7,0.97,6,0,30.1
2025-06-17 19:00,266,광양시,25.4,77,1.5,230,,997.3,1007.3,0.3,0.33,2,0,26.9
2025-06-17 20:00,266,광양시,24.2,83,0.9,160,,997.8,1007.9,0.0,0.08,5,0,25.0
2025-06-17 21:00,266,광양시,23.3,86,1.0,200,,998.7,1008.8,,,5,4,24.6
2025-06-17 22:00,266,광양시,23.0,87,1.0,230,,998.9,1009.0,,,0,0,24.2
2025-06-17 23:00,266,광양시,22.4,90,0.5,140,,999.3,1009.4,,,5,5,23.5
2025-06-18 00:00,266,광양시,21.8,91,0.8,200,,999.7,1009.8,,,6,6,22.8
2025-06-18 01:00,266,광양시,21.3,94,0.9,270,,999.6,1009.8,,,3,1,22.1
2025-06-18 02:00,266,광양시,20.9,95,0.5,250,,999.4,1009.6,,,2,0,21.3
2025-06-18 03:00,266,광양시,20.3,95,0.7,290,,999.4,1009.6,,,3,0,20.8
2025-06-18 04:00,266,광양시,20.1,97,0.5,270,,999.9,1010.1,,,3,0,20.4
2025-06-18 05:00,266,광양시,20.0,96,1.0,290,,1000.6,1010.8,,,0,0,20.2
2025-06-18 06:00,266,광양시,19.8,96,0.5,270,,1001.2,1011.5,0.0,0.04,0,0,20.3
2025-06-18 07:00,266,광양시,20.8,94,1.2,290,,1001.6,1011.8,0.5,0.46,0,0,23.1
2025-06-18 08:00,266,광양시,22.9,83,0.3,0,,1002.2,1012.3,1.0,1.2,0,0,28.6
2025-06-18 09:00,266,광양시,24.8,74,0.6,290,,1002.3,1012.4,1.0,1.91,0,0,32.7
2025-06-18 10:00,266,광양시,26.2,66,1.1,230,,1002.2,1012.2,1.0,2.54,0,0,36.3
2025-06-18 11:00,266,광양시,28.1,57,2.1,200,,1002.2,1012.2,1.0,3.06,0,0,38.5
2025-06-18 12:00,266,광양시,29.4,51,3.2,230,,1002.1,1012.0,1.0,3.41,0,0,40.0
2025-06-18 13:00,266,광양시,30.2,46,2.1,250,,1002.1,1012.0,1.0,3.57,0,0,40.6
2025-06-18 14:00,266,광양시,30.3,45,3.2,230,,1002.0,1011.9,1.0,3.41,0,0,39.8
2025-06-18 15:00,266,광양시,30.6,50,2.4,250,,1001.9,1011.8,1.0,3.06,1,1,38.7
2025-06-18 16:00,266,광양시,30.6,49,2.1,250,,1001.8,1011.7,1.0,2.55,0,0,36.8
2025-06-18 17:00,266,광양시,29.7,53,2.7,250,,1001.7,1011.6,1.0,1.89,0,0,34.0
2025-06-18 18:00,266,광양시,28.6,54,2.8,230,,1002.0,1011.9,1.0,1.18,0,0,30.1
2025-06-18 19:00,266,광양시,27.1,58,1.8,230,,1002.0,1012.0,0.4,0.4,0,0,27.0
2025-06-18 20:00,266,광양시,25.2,68,1.0,230,,1002.4,1012.5,0.0,0.05,0,0,25.2
2025-06-18 21:00,266,광양시,23.9,73,1.0,290,,1003.1,1013.2,,,5,0,24.0
2025-06-18 22:00,266,광양시,22.9,78,0.7,290,,1003.5,1013.7,,,7,0,23.4
2025-06-18 23:00,266,광양시,22.3,80,0.9,270,,1004.5,1014.7,,,6,0,22.7
2025-06-19 00:00,266,광양시,22.2,79,0.9,290,,1004.1,1014.2,,,0,0,22.1
2025-06-19 01:00,266,광양시,21.3,83,0.7,230,,1004.1,1014.3,,,0,0,21.4
2025-06-19 02:00,266,광양시,20.5,86,0.0,0,,1004.2,1014.5,,,0,0,20.9
2025-06-19 03:00,266,광양시,19.8,87,0.7,290,,1004.1,1014.4,,,0,0,20.3
2025-06-19 04:00,266,광양시,19.1,87,0.9,290,,1004.3,1014.6,,,0,0,19.8
2025-06-19 05:00,266,광양시,19.2,93,0.3,0,,1004.7,1015.0,,,3,0,19.7
2025-06-19 06:00,266,광양시,19.2,96,0.5,320,,1005.3,1015.6,0.0,0.07,7,0,20.6
2025-06-19 07:00,266,광양시,20.3,93,0.2,0,,1005.4,1015.7,0.3,0.44,8,1,23.3
2025-06-19 08:00,266,광양시,21.9,86,0.8,50,,1005.4,1015.6,0.0,0.75,8,8,25.9
2025-06-19 09:00,266,광양시,23.3,82,1.0,70,,1005.4,1015.6,0.2,1.24,7,3,28.6
2025-06-19 10:00,266,광양시,24.6,77,1.1,160,,1005.4,1015.5,0.3,1.55,7,4,32.8
2025-06-19 11:00,266,광양시,25.9,73,1.0,140,,1005.7,1015.8,0.2,1.69,9,7,32.3
2025-06-19 12:00,266,광양시,25.9,77,1.3,200,,1005.4,1015.5,0.0,1.15,8,8,30.5
2025-06-19 13:00,266,광양시,25.8,79,1.8,230,,1005.1,1015.2,0.0,0.76,10,10,30.0
2025-06-19 14:00,266,광양시,26.6,77,1.5,110,,1004.5,1014.5,0.0,1.29,9,8,31.4
2025-06-19 15:00,266,광양시,26.9,75,0.8,180,,1004.4,1014.4,0.0,0.94,9,9,32.1
2025-06-19 16:00,266,광양시,28.8,69,1.7,200,,1004.0,1013.9,0.8,2.61,7,1,36.4
2025-06-19 17:00,266,광양시,28.1,69,1.4,230,,1003.7,1013.7,0.5,1.3,7,4,31.4
2025-06-19 18:00,266,광양시,27.3,75,0.8,230,,1003.5,1013.5,0.0,0.54,7,4,29.5
2025-06-19 19:00,266,광양시,26.0,82,1.5,200,,1003.9,1013.9,0.0,0.28,7,7,27.6
2025-06-19 20:00,266,광양시,25.3,87,1.2,200,0.0,1003.9,1014.0,0.0,0.01,7,7,26.6
2025-06-19 21:00,266,광양시,24.8,89,1.2,230,,1004.3,1014.4,,,7,6,26.1
2025-06-19 22:00,266,광양시,24.6,89,0.3,0,0.0,1004.5,1014.6,,,8,8,25.8
2025-06-19 23:00,266,광양시,24.3,92,1.0,230,,1004.2,1014.3,,,8,5,25.5
2025-06-20 00:00,266,광양시,24.3,92,0.8,90,,1003.7,1013.7,,,7,7,25.3
2025-06-20 01:00,266,광양시,24.3,92,0.2,0,,1003.1,1013.2,,,10,9,25.2
2025-06-20 02:00,266,광양시,24.3,93,0.4,0,,1002.6,1012.7,,,9,9,25.1
2025-06-20 03:00,266,광양시,24.2,94,0.6,270,,1002.4,1012.5,,,9,9,25.1
2025-06-20 04:00,266,광양시,24.2,95,0.6,270,,1001.9,1012.0,,,10,4,25.0
2025-06-20 05:00,266,광양시,24.2,95,1.0,270,,1002.0,1012.1,,,10,7,24.9
2025-06-20 06:00,266,광양시,24.3,94,1.7,230,,1002.0,1012.1,0.0,0.01,10,10,24.9
2025-06-20 07:00,266,광양시,24.4,93,1.1,270,,1001.8,1011.9,0.0,0.07,10,6,25.4
2025-06-20 08:00,266,광양시,25.1,91,1.8,230,,1001.5,1011.6,0.0,0.34,10,3,27.1
2025-06-20 09:00,266,광양시,25.4,91,1.5,200,,1001.2,1011.2,0.0,0.54,9,3,28.2
2025-06-20 10:00,266,광양시,25.8,87,2.6,200,,1000.8,1010.8,0.0,0.92,9,3,28.9
2025-06-20 11:00,266,광양시,25.8,88,1.8,230,,1000.8,1010.8,0.0,0.65,10,6,28.7
2025-06-20 12:00,266,광양시,25.9,87,2.3,230,,1000.5,1010.5,0.0,0.56,10,7,29.3
2025-06-20 13:00,266,광양시,26.1,86,2.3,230,,1000.0,1010.0,0.0,0.75,10,10,29.7
2025-06-20 14:00,266,광양시,26.1,84,2.6,230,,999.3,1009.3,0.0,1.08,9,9,30.3
2025-06-20 15:00,266,광양시,26.0,85,2.7,230,,999.0,1009.0,0.0,0.79,10,7,30.1
2025-06-20 16:00,266,광양시,25.6,87,2.4,230,,998.6,1008.6,0.0,0.4,10,5,28.3
2025-06-20 17:00,266,광양시,25.2,90,2.6,200,0.0,998.3,1008.3,0.0,0.43,10,2,27.3
2025-06-20 18:00,266,광양시,24.1,95,2.8,200,0.5,998.4,1008.5,0.0,0.14,10,9,25.9
2025-06-20 19:00,266,광양시,23.7,96,2.2,230,0.6,998.5,1008.6,0.0,0.05,10,9,25.3
2025-06-20 20:00,266,광양시,23.6,96,2.2,230,0.3,998.7,1008.8,0.0,0.01,10,10,24.9
2025-06-20 21:00,266,광양시,23.3,97,2.2,200,0.1,999.3,1009.4,,,10,6,24.6
2025-06-20 22:00,266,광양시,23.3,97,0.8,270,0.2,999.3,1009.4,,,10,3,24.5
2025-06-20 23:00,266,광양시,23.2,97,1.2,250,0.1,999.2,1009.3,,,10,1,24.1
2025-06-21 00:00,266,광양시,23.0,98,0.9,270,0.3,998.7,1008.7,,,10,1,23.9
2025-06-21 01:00,266,광양시,22.9,97,0.7,290,0.1,998.4,1008.5,,,10,1,23.8
2025-06-21 02:00,266,광양시,22.8,97,1.0,270,0.1,997.7,1007.8,,,10,1,23.6
2025-06-21 03:00,266,광양시,22.8,98,0.7,290,0.3,997.4,1007.5,,,10,1,23.7
2025-06-21 04:00,266,광양시,22.9,98,0.7,290,0.1,997.0,1007.1,,,10,7,23.8
2025-06-21 05:00,266,광양시,23.2,97,2.2,250,0.1,996.8,1006.9,,,10,5,23.8
2025-06-21 06:00,266,광양시,23.5,94,1.7,230,0.0,996.5,1006.6,0.0,0.0,10,6,23.8
2025-06-21 07:00,266,광양시,23.6,92,3.0,200,0.0,996.3,1006.4,0.0,0.06,10,9,24.3
2025-06-21 08:00,266,광양시,23.8,91,2.5,230,,996.2,1006.3,0.0,0.1,10,10,24.1
2025-06-21 09:00,266,광양시,23.5,97,1.9,270,0.4,996.5,1006.6,0.0,0.07,10,8,24.6
2025-06-21 10:00,266,광양시,23.9,97,2.0,230,0.9,996.2,1006.2,0.0,0.25,10,8,25.2
2025-06-21 11:00,266,광양시,24.0,97,1.8,250,2.2,995.9,1005.9,0.0,0.21,10,9,25.4
2025-06-21 12:00,266,광양시,24.1,97,0.4,0,0.9,995.4,1005.4,0.0,0.2,10,8,25.4
2025-06-21 13:00,266,광양시,24.1,97,2.2,250,0.3,994.9,1004.9,0.0,0.14,10,10,25.5
2025-06-21 14:00,266,광양시,24.0,98,2.0,250,0.7,994.5,1004.5,0.0,0.16,10,7,25.5
2025-06-21 15:00,266,광양시,23.9,99,2.3,230,0.6,994.3,1004.3,0.0,0.15,10,10,25.4
2025-06-21 16:00,266,광양시,23.7,99,2.1,250,0.6,994.1,1004.1,0.0,0.12,10,10,25.1
2025-06-21 17:00,266,광양시,23.9,99,1.3,250,0.5,993.9,1003.9,0.0,0.13,10,10,25.3
2025-06-21 18:00,266,광양시,23.8,98,1.7,200,0.5,993.7,1003.7,0.0,0.16,10,5,25.3
2025-06-21 19:00,266,광양시,22.8,96,1.3,290,8.1,994.5,1004.6,0.0,0.04,10,4,24.3
2025-06-21 20:00,266,광양시,22.5,97,0.6,20,0.7,994.5,1004.6,0.0,0.02,10,10,24.0
2025-06-21 21:00,266,광양시,22.7,98,0.6,90,0.3,994.5,1004.6,,,10,5,23.8
2025-06-21 22:00,266,광양시,22.7,99,2.1,270,1.5,994.7,1004.8,,,10,5,23.6
2025-06-21 23:00,266,광양시,22.3,98,1.2,290,20.0,994.5,1004.6,,,10,8,23.3
2025-06-22 00:00,266,광양시,21.1,96,1.0,290,9.6,994.9,1005.0,,,10,3,22.9
2025-06-22 01:00,266,광양시,21.1,98,1.0,90,0.4,994.6,1004.7,,,10,2,22.7
2025-06-22 02:00,266,광양시,20.7,97,2.1,90,,994.7,1004.9,,,10,7,22.3
2025-06-22 03:00,266,광양시,20.2,97,0.5,110,0.1,995.2,1005.4,,,10,4,22.2
2025-06-22 04:00,266,광양시,19.9,96,2.1,90,,995.8,1006.0,,,10,6,21.8
2025-06-22 05:00,266,광양시,19.6,96,0.3,0,0.0,996.3,1006.5,,,10,2,21.6
2025-06-22 06:00,266,광양시,19.6,97,0.1,0,0.4,996.9,1007.1,0.0,0.01,10,8,21.7
2025-06-22 07:00,266,광양시,19.8,97,0.2,0,,997.3,1007.5,0.0,0.1,10,9,22.3
2025-06-22 08:00,266,광양시,20.1,96,1.1,90,,998.0,1008.2,0.0,0.2,10,10,22.9
2025-06-22 09:00,266,광양시,20.9,94,0.7,270,,998.3,1008.5,0.0,0.47,10,10,24.2
2025-06-22 10:00,266,광양시,21.6,91,0.8,250,,998.1,1008.3,0.0,0.71,8,8,26.6
2025-06-22 11:00,266,광양시,23.3,85,1.7,230,,997.9,1008.0,0.5,1.9,9,3,31.8
2025-06-22 12:00,266,광양시,25.3,70,1.8,270,,997.2,1007.2,1.0,3.24,6,1,37.6
2025-06-22 13:00,266,광양시,26.9,63,1.8,180,,996.5,1006.4,1.0,3.38,7,1,37.6
2025-06-22 14:00,266,광양시,28.3,55,1.6,180,,996.2,1006.1,1.0,2.87,8,1,36.8
2025-06-22 15:00,266,광양시,27.2,59,1.9,270,,996.4,1006.3,0.3,1.89,9,1,33.1
2025-06-22 16:00,266,광양시,26.1,56,1.4,290,,996.7,1006.7,0.1,1.43,8,1,30.5
2025-06-22 17:00,266,광양시,25.8,59,1.5,230,,996.9,1006.9,0.0,0.97,9,1,29.6
2025-06-22 18:00,266,광양시,24.7,61,1.4,250,,996.9,1006.9,0.1,0.64,9,0,27.0
2025-06-22 19:00,266,광양시,23.9,75,1.2,230,,997.3,1007.4,0.0,0.26,10,0,25.8
2025-06-22 20:00,266,광양시,22.7,79,0.9,250,,997.5,1007.6,0.0,0.14,9,0,23.9
2025-06-22 21:00,266,광양시,21.6,82,0.6,250,,997.8,1008.0,,,9,0,22.6
2025-06-22 22:00,266,광양시,20.8,87,0.4,0,,998.3,1008.5,,,8,0,21.8
2025-06-22 23:00,266,광양시,20.4,88,0.6,290,,998.4,1008.6,,,6,0,21.4
2025-06-23 00:00,266,광양시,19.7,90,0.8,290,,998.4,1008.5,,,5,0,20.6
2025-06-23 01:00,266,광양시,19.4,92,0.8,290,,998.2,1008.4,,,10,0,20.6
2025-06-23 02:00,266,광양시,19.1,92,0.1,0,,998.0,1008.3,,,8,0,19.9
2025-06-23 03:00,266,광양시,18.9,93,0.6,320,,998.2,1008.5,,,0,0,19.5
2025-06-23 04:00,266,광양시,18.8,95,0.0,0,,998.0,1008.3,,,0,0,19.2
2025-06-23 05:00,266,광양시,18.3,94,0.5,290,,998.1,1008.4,,,0,0,18.8
2025-06-23 06:00,266,광양시,18.1,94,0.1,0,,998.2,1008.5,0.1,0.05,0,0,19.1
2025-06-23 07:00,266,광양시,20.1,88,0.4,0,,998.4,1008.6,1.0,0.54,0,0,22.0
2025-06-23 08:00,266,광양시,22.7,79,0.6,230,,998.5,1008.6,1.0,1.25,0,0,28.6
2025-06-23 09:00,266,광양시,25.4,67,1.1,90,,998.5,1008.5,1.0,1.97,0,0,32.6
2025-06-23 10:00,266,광양시,27.1,59,1.5,110,,998.4,1008.4,1.0,2.64,1,0,36.0
2025-06-23 11:00,266,광양시,28.4,54,1.2,90,,998.3,1008.2,1.0,3.16,1,0,38.3
2025-06-23 12:00,266,광양시,29.5,48,1.9,90,,997.8,1007.7,1.0,3.53,1,0,39.2
2025-06-23 13:00,266,광양시,30.1,47,2.4,70,,997.4,1007.2,1.0,3.63,2,1,40.0
2025-06-23 14:00,266,광양시,30.5,46,1.7,90,,997.1,1006.9,1.0,3.53,2,0,39.6
2025-06-23 15:00,266,광양시,30.1,48,2.1,90,,996.6,1006.4,1.0,3.21,2,0,38.3
2025-06-23 16:00,266,광양시,30.3,50,2.6,140,,996.3,1006.1,1.0,2.68,7,0,36.6
2025-06-23 17:00,266,광양시,28.2,57,1.7,110,,996.3,1006.2,0.9,1.69,5,0,31.2
2025-06-23 18:00,266,광양시,28.1,58,1.5,90,,996.6,1006.5,0.9,1.03,2,0,29.7
2025-06-23 19:00,266,광양시,26.5,65,0.6,70,,997.1,1007.1,0.4,0.4,0,0,26.8
2025-06-23 20:00,266,광양시,25.0,67,1.2,70,,997.6,1007.6,0.0,0.05,0,0,25.1
2025-06-23 21:00,266,광양시,23.3,74,0.8,340,,997.9,1008.0,,,0,0,23.8
2025-06-23 22:00,266,광양시,22.4,80,0.1,0,,998.1,1008.2,,,7,0,22.9
2025-06-23 23:00,266,광양시,21.6,85,0.6,70,,998.4,1008.6,,,7,0,22.3
2025-06-24 00:00,266,광양시,21.1,81,1.1,70,,998.6,1008.8,,,9,0,21.9
2025-06-24 01:00,266,광양시,21.5,77,0.9,70,,998.3,1008.5,,,8,0,21.5
2025-06-24 02:00,266,광양시,21.0,81,0.3,0,,998.5,1008.7,,,8,0,21.1
2025-06-24 03:00,266,광양시,21.0,77,0.8,90,,998.2,1008.4,,,9,0,20.7
2025-06-24 04:00,266,광양시,21.2,75,2.3,70,,998.0,1008.2,,,8,0,20.3
2025-06-24 05:00,266,광양시,21.5,73,2.2,110,,998.2,1008.4,,,8,1,20.1
2025-06-24 06:00,266,광양시,21.8,71,3.0,50,,998.1,1008.2,0.1,0.04,9,5,20.8
2025-06-24 07:00,266,광양시,22.7,64,3.8,70,,998.1,1008.2,0.0,0.22,9,9,21.9
2025-06-24 08:00,266,광양시,22.8,67,2.6,70,,998.4,1008.5,0.0,0.35,10,9,23.1
2025-06-24 09:00,266,광양시,22.6,70,3.6,70,0.0,998.2,1008.3,0.0,0.36,10,3,22.2
2025-06-24 10:00,266,광양시,20.3,88,3.3,70,0.2,998.4,1008.6,0.0,0.26,10,5,21.9
2025-06-24 11:00,266,광양시,19.3,94,3.0,90,1.3,998.5,1008.8,0.0,0.31,10,4,21.9
2025-06-24 12:00,266,광양시,19.6,94,3.8,70,1.6,998.4,1008.6,0.0,0.44,10,4,22.9
2025-06-24 13:00,266,광양시,20.1,92,3.0,70,0.5,998.2,1008.4,0.0,0.69,10,3,25.0
2025-06-24 14:00,266,광양시,20.9,88,2.3,70,,997.8,1008.0,0.0,0.76,10,5,25.5
2025-06-24 15:00,266,광양시,21.2,87,2.7,90,,997.6,1007.8,0.0,0.69,10,2,24.9
2025-06-24 16:00,266,광양시,21.4,87,2.8,70,,997.4,1007.6,0.0,0.46,10,4,24.3
2025-06-24 17:00,266,광양시,21.3,88,1.7,70,,997.4,1007.6,0.0,0.26,10,10,23.7
2025-06-24 18:00,266,광양시,21.1,91,1.7,70,0.0,997.4,1007.6,0.0,0.12,10,9,22.6
2025-06-24 19:00,266,광양시,20.4,96,1.7,50,2.3,997.6,1007.8,0.0,0.07,10,3,22.2
2025-06-24 20:00,266,광양시,20.5,96,1.4,70,0.2,997.6,1007.8,0.0,0.01,10,9,22.0
2025-06-24 21:00,266,광양시,20.7,96,1.9,70,0.2,997.8,1008.0,,,8,7,22.0
2025-06-24 22:00,266,광양시,21.0,95,2.0,90,,998.3,1008.5,,,8,8,22.0
2025-06-24 23:00,266,광양시,21.0,95,2.1,70,,998.2,1008.4,,,10,10,21.9
2025-06-25 00:00,266,광양시,21.0,95,1.4,90,,998.2,1008.4,,,9,9,21.9
2025-06-25 01:00,266,광양시,20.9,96,0.3,0,,997.9,1008.1,,,9,2,22.0
2025-06-25 02:00,266,광양시,20.9,97,1.0,90,0.1,997.3,1007.5,,,9,9,22.0
2025-06-25 03:00,266,광양시,20.9,97,1.6,110,,997.1,1007.3,,,7,7,22.0
2025-06-25 04:00,266,광양시,20.7,98,2.4,90,,997.4,1007.6,,,9,8,21.8
2025-06-25 05:00,266,광양시,20.6,97,2.6,250,,997.5,1007.7,,,8,4,21.8
2025-06-25 06:00,266,광양시,19.7,94,1.1,250,,997.9,1008.1,0.0,0.02,2,2,21.5
2025-06-25 07:00,266,광양시,19.9,94,1.9,250,,998.3,1008.5,0.0,0.24,9,7,22.4
2025-06-25 08:00,266,광양시,20.3,93,1.7,250,,999.1,1009.3,0.0,0.28,10,8,22.6
2025-06-25 09:00,266,광양시,20.8,91,1.9,250,,999.3,1009.5,0.0,0.41,10,5,24.0
2025-06-25 10:00,266,광양시,20.7,90,2.4,250,,999.2,1009.4,0.0,0.46,9,8,23.5
2025-06-25 11:00,266,광양시,22.6,85,1.5,200,,998.7,1008.8,0.0,1.03,7,7,28.2
2025-06-25 12:00,266,광양시,24.7,76,2.8,250,,998.6,1008.6,0.5,2.5,4,4,33.1
2025-06-25 13:00,266,광양시,26.8,69,2.2,250,,998.5,1008.5,0.7,3.15,6,3,36.0
2025-06-25 14:00,266,광양시,27.7,66,2.2,230,,998.1,1008.0,0.6,2.58,4,4,38.2
2025-06-25 15:00,266,광양시,27.8,66,2.2,230,,998.0,1007.9,0.7,2.69,3,3,35.7
2025-06-25 16:00,266,광양시,27.6,67,1.8,230,,998.0,1007.9,0.6,1.99,5,4,34.4
2025-06-25 17:00,266,광양시,27.8,62,2.9,230,,997.8,1007.7,0.9,2.04,1,1,32.5
2025-06-25 18:00,266,광양시,26.1,72,2.4,200,,998.1,1008.1,1.0,1.28,1,1,29.3
2025-06-25 19:00,266,광양시,24.2,79,1.6,200,,998.4,1008.5,0.4,0.44,1,1,26.1
2025-06-25 20:00,266,광양시,22.8,85,1.7,230,,998.6,1008.7,0.0,0.05,1,0,24.0
2025-06-25 21:00,266,광양시,21.9,89,0.8,250,,999.3,1009.5,,,1,0,23.0
2025-06-25 22:00,266,광양시,21.5,91,1.8,250,,999.5,1009.7,,,0,0,22.3
2025-06-25 23:00,266,광양시,21.2,91,2.0,230,,1000.1,1010.3,,,5,0,21.6
2025-06-26 00:00,266,광양시,20.7,93,2.0,250,,1000.3,1010.5,,,7,2,21.2
2025-06-26 01:00,266,광양시,20.4,94,1.9,290,,1000.5,1010.7,,,8,0,20.9
2025-06-26 02:00,266,광양시,19.9,93,1.1,290,,1000.3,1010.5,,,8,0,20.6
2025-06-26 03:00,266,광양시,19.6,92,0.9,320,,1000.1,1010.4,,,8,0,20.3
2025-06-26 04:00,266,광양시,19.4,90,1.4,290,,999.9,1010.2,,,6,0,19.8
2025-06-26 05:00,266,광양시,19.6,80,0.8,270,,999.9,1010.2,,,5,0,19.4
2025-06-26 06:00,266,광양시,19.7,84,1.8,290,,999.8,1010.1,0.0,0.02,5,0,19.4
2025-06-26 07:00,266,광양시,21.3,77,0.1,0,,999.6,1009.8,0.9,0.45,5,0,22.2
2025-06-26 08:00,266,광양시,23.3,64,1.8,270,,999.9,1010.0,1.0,1.18,4,0,28.0
2025-06-26 09:00,266,광양시,25.1,56,2.1,250,,1000.2,1010.2,1.0,1.81,5,0,31.5
2025-06-26 10:00,266,광양시,26.0,65,2.5,230,,1000.0,1010.0,1.0,2.55,3,0,35.6
2025-06-26 11:00,266,광양시,27.4,57,2.2,230,,999.7,1009.7,1.0,3.03,3,0,38.2
2025-06-26 12:00,266,광양시,27.9,61,2.9,230,,999.4,1009.3,1.0,3.3,3,0,38.9
2025-06-26 13:00,266,광양시,29.1,54,2.0,200,,998.9,1008.8,1.0,3.4,3,1,39.6
2025-06-26 14:00,266,광양시,29.8,56,2.7,230,,998.4,1008.3,1.0,3.32,4,0,39.3
2025-06-26 15:00,266,광양시,30.1,53,2.3,270,,998.5,1008.4,0.9,2.82,5,2,37.8
2025-06-26 16:00,266,광양시,30.6,53,2.4,250,,998.4,1008.2,0.9,2.55,5,1,35.4
2025-06-26 17:00,266,광양시,29.3,56,2.2,250,,998.2,1008.1,0.2,1.07,8,4,32.2
2025-06-26 18:00,266,광양시,28.5,60,2.8,230,,998.4,1008.3,0.5,1.0,8,3,30.0
2025-06-26 19:00,266,광양시,27.1,66,2.5,250,,998.6,1008.6,0.0,0.33,8,6,28.0
2025-06-26 20:00,266,광양시,25.6,70,1.9,250,,998.9,1008.9,0.0,0.1,7,1,25.4
2025-06-26 21:00,266,광양시,24.6,69,0.5,250,,999.2,1009.3,,,6,0,24.2
2025-06-26 22:00,266,광양시,24.4,73,1.9,200,,999.8,1009.9,,,0,0,23.3
2025-06-26 23:00,266,광양시,23.6,74,1.4,290,,999.9,1010.0,,,8,8,23.3
2025-06-27 00:00,266,광양시,23.1,72,0.9,270,,999.8,1009.9,,,5,0,22.6
2025-06-27 01:00,266,광양시,22.7,74,0.7,290,,999.4,1009.5,,,6,1,22.2
2025-06-27 02:00,266,광양시,22.2,76,0.7,320,,999.1,1009.2,,,8,6,21.9
2025-06-27 03:00,266,광양시,21.6,80,0.8,320,,998.8,1009.0,,,8,0,21.4
2025-06-27 04:00,266,광양시,21.0,81,0.9,270,,998.8,1009.0,,,6,0,21.0
2025-06-27 05:00,266,광양시,20.9,80,0.6,320,,999.2,1009.4,,,0,0,20.7
2025-06-27 06:00,266,광양시,20.8,82,0.4,0,,999.6,1009.8,0.0,0.04,6,0,21.0
2025-06-27 07:00,266,광양시,22.4,76,0.9,290,,999.9,1010.0,0.9,0.43,5,0,23.4
2025-06-27 08:00,266,광양시,24.6,68,0.6,270,,999.9,1010.0,1.0,1.09,0,0,28.8
2025-06-27 09:00,266,광양시,26.8,61,2.0,270,,999.7,1009.7,1.0,1.85,7,0,33.1
2025-06-27 10:00,266,광양시,28.3,61,1.7,230,,999.4,1009.3,1.0,2.36,7,0,36.6
2025-06-27 11:00,266,광양시,29.2,60,1.9,230,,999.1,1009.0,1.0,2.98,6,0,39.0
2025-06-27 12:00,266,광양시,30.0,55,2.3,230,,998.9,1008.8,1.0,3.38,6,0,41.0
2025-06-27 13:00,266,광양시,31.0,55,2.5,200,,998.4,1008.2,1.0,3.43,6,1,41.7
2025-06-27 14:00,266,광양시,31.7,54,3.0,250,,998.3,1008.1,1.0,3.34,3,0,41.3
2025-06-27 15:00,266,광양시,31.9,52,2.1,230,,998.1,1007.9,1.0,3.01,3,0,39.5
2025-06-27 16:00,266,광양시,31.5,56,2.1,250,,998.1,1007.9,0.6,1.97,7,0,37.7
2025-06-27 17:00,266,광양시,30.8,54,2.8,200,,997.9,1007.7,1.0,1.85,3,0,34.6
2025-06-27 18:00,266,광양시,30.4,57,1.8,230,,998.0,1007.8,1.0,1.25,5,0,31.9
2025-06-27 19:00,266,광양시,28.1,69,2.4,200,,998.3,1008.2,0.4,0.42,3,0,28.5
2025-06-27 20:00,266,광양시,27.0,76,1.7,230,,998.8,1008.8,0.0,0.06,3,0,27.0
2025-06-27 21:00,266,광양시,26.0,82,1.5,230,,999.6,1009.6,,,0,0,26.0
2025-06-27 22:00,266,광양시,25.4,85,0.9,230,,999.8,1009.8,,,0,0,25.5
2025-06-27 23:00,266,광양시,24.9,88,0.6,250,,999.7,1009.7,,,0,0,25.1
2025-06-28 00:00,266,광양시,24.6,90,0.1,0,,999.7,1009.7,,,0,0,24.6
2025-06-28 01:00,266,광양시,24.3,91,0.8,270,,999.5,1009.6,,,0,0,24.3
2025-06-28 02:00,266,광양시,23.8,92,0.7,270,,999.4,1009.5,,,0,0,23.9
2025-06-28 03:00,266,광양시,23.5,92,0.1,0,,999.2,1009.3,,,0,0,23.6
2025-06-28 04:00,266,광양시,23.3,95,0.7,340,,999.2,1009.3,,,0,0,23.5
2025-06-28 05:00,266,광양시,23.0,96,0.4,0,,998.9,1009.0,,,0,0,23.2
2025-06-28 06:00,266,광양시,23.0,96,0.5,270,,999.3,1009.4,0.0,0.04,6,2,23.8
2025-06-28 07:00,266,광양시,23.9,93,0.5,290,,999.4,1009.5,0.4,0.4,6,1,26.0
2025-06-28 08:00,266,광양시,25.7,86,0.6,270,,999.6,1009.6,0.9,1.02,0,0,31.3
2025-06-28 09:00,266,광양시,28.5,76,1.8,140,,999.4,1009.3,1.0,1.8,3,0,35.8
2025-06-28 10:00,266,광양시,29.4,71,1.4,140,,999.0,1008.9,1.0,2.5,2,0,38.7
2025-06-28 11:00,266,광양시,31.0,67,1.7,200,,998.7,1008.5,1.0,3.0,4,0,41.6
2025-06-28 12:00,266,광양시,31.6,65,2.1,250,,998.4,1008.2,1.0,3.33,4,0,43.1
2025-06-28 13:00,266,광양시,32.0,64,2.0,230,,998.1,1007.9,1.0,3.34,5,0,43.3
2025-06-28 14:00,266,광양시,32.4,64,2.1,200,,997.7,1007.5,1.0,3.28,4,0,44.1
2025-06-28 15:00,266,광양시,32.2,64,2.5,200,,997.4,1007.2,1.0,3.05,3,0,43.0
2025-06-28 16:00,266,광양시,31.9,68,2.4,200,,997.1,1006.9,1.0,2.52,2,0,41.1
2025-06-28 17:00,266,광양시,31.3,69,2.6,230,,996.8,1006.6,1.0,1.84,2,0,37.6
2025-06-28 18:00,266,광양시,30.7,72,1.4,200,,996.9,1006.7,1.0,1.27,5,0,34.2
2025-06-28 19:00,266,광양시,29.1,76,0.7,180,,997.3,1007.2,0.4,0.41,3,0,30.7
2025-06-28 20:00,266,광양시,27.5,83,0.8,230,,997.8,1007.7,0.0,0.06,5,0,28.8
2025-06-28 21:00,266,광양시,26.6,86,1.5,250,,998.2,1008.2,,,3,3,27.7
2025-06-28 22:00,266,광양시,26.1,88,0.3,0,,998.4,1008.4,,,0,0,27.1
2025-06-28 23:00,266,광양시,25.7,89,0.4,0,,998.5,1008.5,,,0,0,26.4
2025-06-29 00:00,266,광양시,25.4,90,0.6,230,,998.3,1008.3,,,0,0,26.5
2025-06-29 01:00,266,광양시,25.1,92,0.3,0,,998.3,1008.3,,,0,0,26.1
2025-06-29 02:00,266,광양시,24.8,93,0.6,250,,998.3,1008.3,,,0,0,25.6
2025-06-29 03:00,266,광양시,24.4,96,2.0,250,,998.2,1008.3,,,0,0,25.7
2025-06-29 04:00,266,광양시,24.3,95,1.8,250,,998.5,1008.6,,,0,0,25.7
2025-06-29 05:00,266,광양시,24.0,94,0.8,250,,998.3,1008.4,,,0,0,24.7
2025-06-29 06:00,266,광양시,23.9,95,0.6,230,,999.0,1009.1,0.1,0.04,0,0,25.0
2025-06-29 07:00,266,광양시,24.6,93,1.2,230,,999.0,1009.1,0.1,0.25,0,0,26.7
2025-06-29 08:00,266,광양시,26.4,85,0.7,270,,999.4,1009.4,0.4,0.91,0,0,32.2
2025-06-29 09:00,266,광양시,29.1,74,1.2,160,,999.5,1009.4,1.0,1.95,0,0,37.5
2025-06-29 10:00,266,광양시,29.8,67,2.0,230,,999.6,1009.5,1.0,2.58,0,0,40.5
2025-06-29 11:00,266,광양시,31.1,64,2.6,230,,999.5,1009.3,1.0,3.09,2,0,43.6
2025-06-29 12:00,266,광양시,31.8,65,1.9,230,,999.1,1008.9,1.0,3.44,2,0,46.6
2025-06-29 13:00,266,광양시,32.4,61,2.1,200,,998.6,1008.4,1.0,3.55,2,1,49.1
2025-06-29 14:00,266,광양시,32.7,59,2.5,230,,998.3,1008.1,1.0,3.45,2,0,49.6
2025-06-29 15:00,266,광양시,33.1,63,2.2,200,,998.5,1008.3,1.0,3.16,2,0,48.7
2025-06-29 16:00,266,광양시,32.6,59,2.4,230,,998.6,1008.4,1.0,2.74,0,0,46.4
2025-06-29 17:00,266,광양시,31.7,64,2.1,200,,998.6,1008.4,1.0,2.14,0,0,41.8
2025-06-29 18:00,266,광양시,30.5,66,2.7,200,,998.6,1008.4,1.0,1.27,0,0,36.4
2025-06-29 19:00,266,광양시,29.0,71,2.0,230,,999.0,1008.9,0.4,0.38,2,0,31.5
2025-06-29 20:00,266,광양시,27.6,78,1.5,250,,999.3,1009.2,0.0,0.04,0,0,29.1
2025-06-29 21:00,266,광양시,26.5,83,1.1,250,,1000.0,1010.0,,,0,0,28.0
2025-06-29 22:00,266,광양시,25.9,86,1.5,230,,1000.3,1010.3,,,0,0,27.0
2025-06-29 23:00,266,광양시,25.3,89,1.1,250,,1000.7,1010.7,,,0,0,26.3
2025-06-30 00:00,266,광양시,24.8,92,1.4,250,,1000.9,1011.0,,,0,0,25.9
2025-06-30 01:00,266,광양시,24.6,93,0.2,0,,1000.9,1011.0,,,0,0,25.5
2025-06-30 02:00,266,광양시,24.6,94,0.7,290,,1000.9,1011.0,,,0,0,25.2
2025-06-30 03:00,266,광양시,24.5,95,0.5,20,,1000.9,1011.0,,,0,0,24.9
2025-06-30 04:00,266,광양시,24.2,95,0.5,360,,1001.0,1011.1,,,0,0,24.6
2025-06-30 05:00,266,광양시,24.1,95,1.1,320,,1001.4,1011.5,,,0,0,24.5
2025-06-30 06:00,266,광양시,24.2,95,0.8,320,,1001.6,1011.7,0.1,0.04,0,0,24.8
2025-06-30 07:00,266,광양시,26.1,88,0.4,0,,1002.4,1012.4,1.0,0.51,0,0,27.7
2025-06-30 08:00,266,광양시,27.8,81,0.8,250,,1002.4,1012.4,1.0,1.19,0,0,34.3
2025-06-30 09:00,266,광양시,29.0,72,1.4,250,,1002.2,1012.1,1.0,1.91,3,0,38.5
2025-06-30 10:00,266,광양시,30.8,67,1.4,200,,1002.2,1012.1,1.0,2.56,3,0,42.7
2025-06-30 11:00,266,광양시,32.1,60,2.0,140,,1002.2,1012.0,1.0,3.06,3,0,46.8
2025-06-30 12:00,266,광양시,31.8,63,2.6,180,,1002.3,1012.1,1.0,3.48,3,1,50.6
2025-06-30 13:00,266,광양시,32.5,62,2.3,160,,1002.2,1012.0,1.0,3.68,4,1,52.8
2025-06-30 14:00,266,광양시,32.8,57,2.3,200,,1002.0,1011.8,1.0,3.43,4,0,52.9
2025-06-30 15:00,266,광양시,32.1,63,3.0,180,,1001.8,1011.6,0.9,2.95,4,1,50.8
2025-06-30 16:00,266,광양시,32.2,63,2.4,200,,1001.8,1011.6,1.0,2.67,2,0,48.1
2025-06-30 17:00,266,광양시,31.1,64,2.2,230,,1001.8,1011.7,1.0,1.98,3,0,42.4
2025-06-30 18:00,266,광양시,30.1,69,2.7,200,,1001.8,1011.7,1.0,1.3,0,0,37.3
2025-06-30 19:00,266,광양시,28.7,76,2.3,200,,1001.8,1011.7,0.2,0.29,0,0,32.6
2025-06-30 20:00,266,광양시,27.4,82,2.2,230,,1002.2,1012.2,0.0,0.05,0,0,30.0
2025-06-30 21:00,266,광양시,26.6,87,1.4,230,,1002.8,1012.8,,,0,0,28.9
2025-06-30 22:00,266,광양시,26.1,89,0.9,230,,1003.4,1013.4,,,0,0,28.0
2025-06-30 23:00,266,광양시,25.5,92,0.6,230,,1003.3,1013.4,,,0,0,27.1
2025-06-01 00:00,279,구미,17.4,78,1.0,270,,1004.0,1009.8,,,0,0,18.1
2025-06-01 01:00,279,구미,16.5,81,1.2,270,,1004.2,1010.0,,,0,0,17.1
2025-06-01 02:00,279,구미,15.9,83,0.6,270,,1004.3,1010.1,,,0,0,16.4
2025-06-01 03:00,279,구미,15.3,86,0.7,290,,1004.2,1010.0,,,0,0,15.8
2025-06-01 04:00,279,구미,14.7,88,0.7,290,,1004.6,1010.4,,,0,0,15.2
2025-06-01 05:00,279,구미,14.1,89,0.2,0,,1004.9,1010.8,,,0,0,14.7
2025-06-01 06:00,279,구미,14.1,90,0.4,0,,1005.2,1011.1,0.0,0.04,0,0,14.9
2025-06-01 07:00,279,구미,16.8,81,0.1,0,,1005.6,1011.4,0.5,0.49,7,7,18.2
2025-06-01 08:00,279,구미,19.5,71,0.3,0,,1005.6,1011.3,1.0,1.15,0,0,22.8
2025-06-01 09:00,279,구미,22.8,61,1.0,90,,1004.9,1010.6,1.0,1.84,0,0,28.3
2025-06-01 10:00,279,구미,24.9,55,1.0,50,,1004.2,1009.8,1.0,2.46,4,0,32.9
2025-06-01 11:00,279,구미,27.4,48,1.0,90,,1003.8,1009.4,1.0,3.01,0,0,39.2
2025-06-01 12:00,279,구미,29.2,37,1.3,50,,1003.2,1008.7,1.0,3.37,0,0,42.9
2025-06-01 13:00,279,구미,29.4,41,2.1,90,,1002.2,1007.7,1.0,3.47,0,0,45.2
2025-06-01 14:00,279,구미,29.8,34,1.2,110,,1001.5,1007.0,1.0,3.22,0,0,45.4
2025-06-01 15:00,279,구미,30.6,30,1.5,270,,1001.0,1006.5,1.0,2.91,4,0,44.5
2025-06-01 16:00,279,구미,30.7,29,1.4,90,,1000.5,1006.0,1.0,2.32,7,0,41.5
2025-06-01 17:00,279,구미,31.2,29,1.4,70,,1000.2,1005.7,1.0,1.74,7,0,39.4
2025-06-01 18:00,279,구미,29.9,32,0.6,50,,1000.2,1005.7,0.9,0.96,6,0,34.2
2025-06-01 19:00,279,구미,26.0,48,1.5,250,,1000.3,1005.9,0.5,0.38,0,0,29.6
2025-06-01 20:00,279,구미,23.9,54,0.9,250,,1000.4,1006.0,0.0,0.05,8,2,26.6
2025-06-01 21:00,279,구미,22.3,60,0.7,270,,1001.2,1006.9,,,6,1,24.3
2025-06-01 22:00,279,구미,22.0,65,1.0,270,,1001.5,1007.2,,,8,0,23.3
2025-06-01 23:00,279,구미,21.0,72,0.7,290,,1001.3,1007.0,,,9,2,22.3
2025-06-02 00:00,279,구미,20.0,75,0.6,270,,1001.2,1006.9,,,6,5,20.9
2025-06-02 01:00,279,구미,19.4,78,0.9,270,,1001.0,1006.7,,,9,8,20.2
2025-06-02 02:00,279,구미,19.0,80,0.6,290,,1000.9,1006.6,,,8,8,19.7
2025-06-02 03:00,279,구미,18.7,81,1.2,270,,1000.4,1006.1,,,7,7,19.3
2025-06-02 04:00,279,구미,18.7,81,0.6,290,,1000.0,1005.7,,,10,10,19.2
2025-06-02 05:00,279,구미,18.4,82,0.3,0,,1000.0,1005.7,,,10,10,18.9
2025-06-02 06:00,279,구미,18.5,82,0.7,290,,1000.2,1005.9,0.0,0.02,10,10,19.1
2025-06-02 07:00,279,구미,19.2,82,0.3,0,,1000.0,1005.7,0.0,0.15,10,10,20.0
2025-06-02 08:00,279,구미,19.8,78,0.6,250,,999.5,1005.2,0.0,0.25,10,10,20.7
2025-06-02 09:00,279,구미,21.0,76,0.5,320,0.0,999.4,1005.1,0.0,0.43,10,10,22.7
2025-06-02 10:00,279,구미,22.9,69,0.8,270,,999.0,1004.6,0.0,1.22,10,10,27.0
2025-06-02 11:00,279,구미,23.6,67,0.1,0,,998.8,1004.4,0.0,1.03,10,10,27.4
2025-06-02 12:00,279,구미,24.9,62,2.0,140,0.0,997.8,1003.4,0.0,1.7,10,10,32.7
2025-06-02 13:00,279,구미,25.1,48,1.7,160,,997.9,1003.5,0.0,1.33,10,10,31.8
2025-06-02 14:00,279,구미,24.2,52,1.6,160,0.0,997.4,1003.0,0.0,0.97,10,10,30.0
2025-06-02 15:00,279,구미,24.2,55,1.2,140,0.0,996.7,1002.3,0.0,1.05,10,10,29.2
2025-06-02 16:00,279,구미,23.4,57,2.1,110,0.0,996.2,1001.8,0.0,0.82,10,10,28.1
2025-06-02 17:00,279,구미,22.3,59,1.7,110,,995.8,1001.4,0.0,0.38,10,10,25.8
2025-06-02 18:00,279,구미,21.4,66,1.8,270,0.0,995.4,1001.0,0.0,0.12,10,10,23.9
2025-06-02 19:00,279,구미,20.8,64,0.7,110,,996.0,1001.7,0.0,0.04,10,1,22.6
2025-06-02 20:00,279,구미,20.4,63,1.2,200,,995.8,1001.5,0.0,0.01,10,10,21.6
2025-06-02 21:00,279,구미,19.9,68,0.7,250,,995.9,1001.6,,,10,10,21.0
2025-06-02 22:00,279,구미,19.4,72,0.8,290,,995.7,1001.4,,,10,10,20.5
2025-06-02 23:00,279,구미,18.8,76,0.8,270,0.0,995.2,1000.9,,,10,10,19.8
2025-06-03 00:00,279,구미,18.2,80,0.8,290,0.0,994.4,1000.1,,,10,10,19.4
2025-06-03 01:00,279,구미,18.2,78,0.5,270,,993.9,999.6,,,10,10,19.2
2025-06-03 02:00,279,구미,18.2,77,0.9,290,,993.4,999.1,,,10,10,19.1
2025-06-03 03:00,279,구미,18.1,77,1.0,340,,993.0,998.7,,,8,8,18.9
2025-06-03 04:00,279,구미,18.1,78,0.6,290,,992.9,998.6,,,10,10,18.6
2025-06-03 05:00,279,구미,18.2,76,1.0,290,,993.0,998.7,,,8,8,18.6
2025-06-03 06:00,279,구미,18.3,77,1.3,320,,993.1,998.8,0.0,0.03,9,9,18.8
2025-06-03 07:00,279,구미,18.8,76,1.2,320,,993.3,999.0,0.0,0.15,9,9,19.6
2025-06-03 08:00,279,구미,20.8,70,1.3,320,,993.0,998.6,0.0,0.5,9,9,22.5
2025-06-03 09:00,279,구미,23.5,58,2.3,290,,993.2,998.8,0.5,1.59,5,5,29.5
2025-06-03 10:00,279,구미,25.1,53,2.6,290,,992.8,998.3,1.0,2.49,3,1,35.4
2025-06-03 11:00,279,구미,26.1,49,2.5,290,,992.3,997.8,0.8,2.64,7,3,38.6
2025-06-03 12:00,279,구미,26.7,48,2.1,290,,992.2,997.7,0.3,1.95,5,5,38.0
2025-06-03 13:00,279,구미,27.7,44,2.9,290,,991.9,997.4,0.9,3.2,3,3,41.8
2025-06-03 14:00,279,구미,29.0,38,3.1,290,,991.3,996.8,1.0,3.35,4,1,45.2
2025-06-03 15:00,279,구미,28.3,38,2.8,290,,991.2,996.7,0.8,2.68,4,1,40.9
2025-06-03 16:00,279,구미,28.2,38,3.5,270,,991.1,996.6,0.9,2.37,2,2,40.8
2025-06-03 17:00,279,구미,27.4,35,3.5,270,,991.4,996.9,1.0,1.85,0,0,37.1
2025-06-03 18:00,279,구미,26.4,37,2.4,290,,992.0,997.5,1.0,1.2,0,0,32.6
2025-06-03 19:00,279,구미,24.4,39,3.2,290,,993.1,998.7,0.6,0.53,6,0,28.1
2025-06-03 20:00,279,구미,22.6,40,3.0,320,,994.1,999.7,0.0,0.06,0,0,24.1
2025-06-03 21:00,279,구미,21.8,34,2.7,290,,995.0,1000.6,,,7,0,22.0
2025-06-03 22:00,279,구미,21.3,37,2.9,290,,995.6,1001.2,,,10,6,21.1
2025-06-03 23:00,279,구미,20.7,39,2.5,290,,995.8,1001.5,,,8,8,20.2
2025-06-04 00:00,279,구미,19.4,41,1.6,320,,995.8,1001.4,,,6,6,18.4
2025-06-04 01:00,279,구미,17.7,47,1.2,290,,996.3,1002.0,,,0,0,16.9
2025-06-04 02:00,279,구미,16.9,48,1.9,290,,996.4,1002.1,,,0,0,15.8
2025-06-04 03:00,279,구미,15.4,57,0.7,290,,996.8,1002.6,,,0,0,14.7
2025-06-04 04:00,279,구미,14.1,64,1.5,270,,997.3,1003.1,,,0,0,13.9
2025-06-04 05:00,279,구미,13.1,68,1.2,270,,997.7,1003.5,,,0,0,13.3
2025-06-04 06:00,279,구미,13.4,70,0.8,270,,998.1,1003.9,0.4,0.08,0,0,13.5
2025-06-04 07:00,279,구미,17.1,59,0.2,0,,998.2,1004.0,1.0,0.62,0,0,17.6
2025-06-04 08:00,279,구미,21.3,45,0.4,0,,998.2,1003.9,1.0,1.34,0,0,23.9
2025-06-04 09:00,279,구미,24.3,31,1.0,200,,997.7,1003.3,1.0,2.09,0,0,31.2
2025-06-04 10:00,279,구미,26.3,26,2.7,290,,997.3,1002.8,1.0,2.74,0,0,37.3
2025-06-04 11:00,279,구미,27.8,23,2.6,290,,997.0,1002.5,1.0,3.24,0,0,42.5
2025-06-04 12:00,279,구미,28.2,21,3.1,270,,996.8,1002.3,1.0,3.53,0,0,44.9
2025-06-04 13:00,279,구미,27.9,21,5.5,270,,996.5,1002.0,1.0,3.66,0,0,45.1
2025-06-04 14:00,279,구미,29.3,21,5.0,290,,996.2,1001.7,0.9,3.39,0,0,45.8
2025-06-04 15:00,279,구미,29.3,19,2.9,250,,995.8,1001.3,1.0,3.21,0,0,45.4
2025-06-04 16:00,279,구미,28.5,22,4.1,290,,995.9,1001.4,1.0,2.67,0,0,42.9
2025-06-04 17:00,279,구미,28.4,23,3.1,270,,996.2,1001.7,0.9,1.88,0,0,38.6
2025-06-04 18:00,279,구미,27.0,24,2.4,290,,996.9,1002.4,1.0,1.24,0,0,33.1
2025-06-04 19:00,279,구미,24.7,26,2.6,250,,997.9,1003.5,0.6,0.42,0,0,27.0
2025-06-04 20:00,279,구미,23.1,30,2.4,320,,999.2,1004.8,0.0,0.03,0,0,23.8
2025-06-04 21:00,279,구미,22.2,34,2.3,290,,1000.3,1006.0,,,0,0,21.9
2025-06-04 22:00,279,구미,20.7,39,2.2,290,,1001.7,1007.4,,,0,0,20.4
2025-06-04 23:00,279,구미,19.8,42,0.9,290,,1002.4,1008.1,,,0,0,19.0
2025-06-05 00:00,279,구미,18.9,47,1.3,290,,1002.6,1008.3,,,0,0,18.0
2025-06-05 01:00,279,구미,17.6,52,0.5,360,,1003.1,1008.9,,,0,0,17.0
2025-06-05 02:00,279,구미,16.8,57,1.1,290,,1003.4,1009.2,,,0,0,16.0
2025-06-05 03:00,279,구미,15.6,65,0.9,270,,1003.7,1009.5,,,0,0,15.3
2025-06-05 04:00,279,구미,15.1,68,0.7,290,,1004.4,1010.2,,,0,0,14.6
2025-06-05 05:00,279,구미,14.6,71,1.0,320,,1004.8,1010.6,,,0,0,14.1
2025-06-05 06:00,279,구미,15.1,72,0.6,50,,1005.5,1011.3,0.4,0.09,0,0,14.5
2025-06-05 07:00,279,구미,18.8,61,0.4,0,,1005.8,1011.6,1.0,0.63,0,0,18.7
2025-06-05 08:00,279,구미,21.2,52,0.5,340,,1005.9,1011.6,1.0,1.34,0,0,25.2
2025-06-05 09:00,279,구미,24.0,43,1.1,50,,1005.7,1011.3,1.0,2.08,0,0,32.2
2025-06-05 10:00,279,구미,25.7,37,2.0,340,,1005.2,1010.8,1.0,2.73,0,0,39.1
2025-06-05 11:00,279,구미,26.6,35,2.6,320,,1005.1,1010.7,1.0,3.22,0,0,44.1
2025-06-05 12:00,279,구미,27.8,34,2.9,270,,1005.0,1010.6,1.0,3.51,0,0,47.0
2025-06-05 13:00,279,구미,29.0,32,1.7,320,,1004.4,1009.9,1.0,3.61,0,0,49.9
2025-06-05 14:00,279,구미,29.3,26,2.6,250,,1003.7,1009.2,1.0,3.42,0,0,49.6
2025-06-05 15:00,279,구미,29.8,27,3.4,320,,1003.0,1008.5,1.0,2.73,7,0,46.5
2025-06-05 16:00,279,구미,30.4,28,2.3,290,,1002.6,1008.1,1.0,2.32,7,1,43.7
2025-06-05 17:00,279,구미,29.3,30,1.8,270,,1002.3,1007.8,0.8,1.57,8,1,38.8
2025-06-05 18:00,279,구미,27.5,33,1.5,290,,1002.2,1007.8,0.3,0.79,8,5,33.5
2025-06-05 19:00,279,구미,26.3,36,1.8,320,,1002.9,1008.5,0.2,0.35,6,6,29.5
2025-06-05 20:00,279,구미,24.3,43,0.8,270,,1003.3,1008.9,0.0,0.05,8,8,25.9
2025-06-05 21:00,279,구미,21.7,53,1.0,270,,1004.1,1009.8,,,4,4,23.0
2025-06-05 22:00,279,구미,20.6,57,1.4,270,,1003.9,1009.6,,,9,9,22.0
2025-06-05 23:00,279,구미,19.2,61,1.1,250,,1003.9,1009.6,,,4,4,19.9
2025-06-06 00:00,279,구미,18.4,65,0.6,290,,1003.9,1009.6,,,9,9,19.4
2025-06-06 01:00,279,구미,18.0,66,0.8,250,,1003.9,1009.7,,,9,9,18.9
2025-06-06 02:00,279,구미,17.2,71,1.3,270,,1003.6,1009.4,,,8,8,18.2
2025-06-06 03:00,279,구미,17.1,71,0.9,290,,1003.4,1009.2,,,10,10,18.1
2025-06-06 04:00,279,구미,16.6,73,0.8,290,,1003.6,1009.4,,,9,9,17.6
2025-06-06 05:00,279,구미,16.2,75,0.9,290,,1003.9,1009.7,,,9,9,17.2
2025-06-06 06:00,279,구미,16.4,75,0.7,270,,1004.2,1010.0,0.0,0.04,9,9,17.7
2025-06-06 07:00,279,구미,17.3,72,1.0,290,,1004.2,1010.0,0.0,0.21,9,9,19.2
2025-06-06 08:00,279,구미,19.9,60,0.4,0,,1004.3,1010.0,0.2,0.72,10,10,23.4
2025-06-06 09:00,279,구미,23.1,49,0.8,360,,1004.1,1009.8,0.9,1.63,8,8,31.1
2025-06-06 10:00,279,구미,24.6,45,1.1,140,,1003.8,1009.4,0.5,1.88,9,9,33.9
2025-06-06 11:00,279,구미,25.4,47,1.6,140,,1003.5,1009.1,0.4,2.0,10,10,35.3
2025-06-06 12:00,279,구미,27.0,43,1.6,140,,1003.1,1008.7,0.4,2.06,8,8,39.9
2025-06-06 13:00,279,구미,27.7,41,2.3,140,,1002.2,1007.7,0.6,2.57,8,8,40.0
2025-06-06 14:00,279,구미,29.2,40,2.4,140,,1001.4,1006.9,0.8,2.75,5,5,45.5
2025-06-06 15:00,279,구미,29.3,40,2.1,140,,1001.2,1006.7,0.7,2.15,9,9,41.0
2025-06-06 16:00,279,구미,29.7,35,2.1,320,,1001.3,1006.8,0.0,1.11,9,8,37.0
2025-06-06 17:00,279,구미,28.9,35,1.8,230,,1001.4,1006.9,0.0,0.81,9,1,33.9
2025-06-06 18:00,279,구미,28.3,31,2.1,270,,1001.9,1007.4,0.2,0.71,7,0,31.3
2025-06-06 19:00,279,구미,27.4,32,0.7,230,,1002.0,1007.6,0.3,0.43,7,0,28.4
2025-06-06 20:00,279,구미,23.6,43,1.3,250,,1002.2,1007.8,0.0,0.04,5,0,24.2
2025-06-06 21:00,279,구미,21.5,51,0.7,290,,1003.0,1008.7,,,8,0,22.4
2025-06-06 22:00,279,구미,19.9,58,1.1,270,,1003.3,1009.0,,,0,0,20.6
2025-06-06 23:00,279,구미,18.9,64,1.2,270,,1003.4,1009.1,,,0,0,19.4
2025-06-07 00:00,279,구미,17.9,70,1.1,270,,1003.4,1009.1,,,0,0,18.5
2025-06-07 01:00,279,구미,17.1,75,0.9,270,,1003.2,1009.0,,,3,0,17.6
2025-06-07 02:00,279,구미,16.4,78,1.1,290,,1003.4,1009.2,,,0,0,16.9
2025-06-07 03:00,279,구미,15.9,81,0.9,290,,1003.4,1009.2,,,7,0,16.4
2025-06-07 04:00,279,구미,15.5,83,1.2,290,,1003.2,1009.0,,,8,0,16.2
2025-06-07 05:00,279,구미,15.2,84,1.0,270,,1003.1,1008.9,,,8,0,15.7
2025-06-07 06:00,279,구미,15.3,82,0.3,0,,1003.2,1009.0,0.0,0.04,6,0,16.1
2025-06-07 07:00,279,구미,17.7,77,0.4,0,,1003.0,1008.8,0.6,0.43,4,0,19.4
2025-06-07 08:00,279,구미,21.6,63,0.9,340,,1002.9,1008.6,1.0,1.23,6,0,26.3
2025-06-07 09:00,279,구미,24.1,53,0.7,290,,1002.9,1008.5,1.0,1.75,7,0,32.4
2025-06-07 10:00,279,구미,26.0,49,0.6,200,,1003.1,1008.7,1.0,2.5,4,0,39.4
2025-06-07 11:00,279,구미,28.5,44,1.7,70,,1002.5,1008.0,1.0,3.06,3,0,45.2
2025-06-07 12:00,279,구미,30.2,42,2.1,70,,1001.9,1007.4,1.0,3.36,3,0,49.3
2025-06-07 13:00,279,구미,31.0,36,1.9,90,,1000.9,1006.4,1.0,3.36,0,0,51.7
2025-06-07 14:00,279,구미,31.9,35,1.3,290,,1000.1,1005.6,1.0,3.33,0,0,52.0
2025-06-07 15:00,279,구미,32.5,34,1.1,250,,999.6,1005.0,1.0,2.87,0,0,49.5
2025-06-07 16:00,279,구미,33.9,31,0.6,340,,999.1,1004.5,1.0,2.29,8,0,46.9
2025-06-07 17:00,279,구미,32.3,34,1.5,290,,999.3,1004.7,0.4,1.09,7,2,40.1
2025-06-07 18:00,279,구미,31.6,31,1.5,290,,999.5,1005.0,0.6,0.86,8,7,36.8
2025-06-07 19:00,279,구미,29.5,37,1.2,270,,1000.2,1005.7,0.3,0.38,8,3,32.0
2025-06-07 20:00,279,구미,26.4,48,1.1,270,,1000.5,1006.1,0.0,0.03,9,0,28.2
2025-06-07 21:00,279,구미,24.9,51,0.8,250,,1001.2,1006.8,,,9,3,26.2
2025-06-07 22:00,279,구미,23.6,58,1.2,270,,1001.9,1007.5,,,9,6,24.6
2025-06-07 23:00,279,구미,22.8,61,1.0,250,,1002.3,1007.9,,,9,8,23.6
2025-06-08 00:00,279,구미,22.0,67,0.5,270,,1002.3,1007.9,,,9,9,22.8
2025-06-08 01:00,279,구미,21.3,73,1.0,270,,1002.3,1008.0,,,9,9,22.0
2025-06-08 02:00,279,구미,20.8,74,0.6,250,,1002.2,1007.9,,,9,9,21.3
2025-06-08 03:00,279,구미,20.3,77,1.0,270,,1002.1,1007.8,,,9,6,20.8
2025-06-08 04:00,279,구미,19.9,78,0.8,270,,1002.1,1007.8,,,9,8,20.4
2025-06-08 05:00,279,구미,19.6,81,0.8,270,,1002.2,1007.9,,,9,3,20.1
2025-06-08 06:00,279,구미,19.6,82,0.7,270,,1002.4,1008.1,0.0,0.04,8,1,20.2
2025-06-08 07:00,279,구미,21.1,80,0.6,290,,1002.7,1008.4,0.1,0.36,8,5,23.0
2025-06-08 08:00,279,구미,24.2,66,0.6,290,,1002.8,1008.4,0.9,1.03,0,0,28.8
2025-06-08 09:00,279,구미,25.7,62,0.9,90,,1002.6,1008.2,0.7,1.54,7,6,32.6
2025-06-08 10:00,279,구미,27.9,58,1.2,110,,1002.4,1007.9,0.9,2.34,7,1,41.2
2025-06-08 11:00,279,구미,29.1,54,1.8,160,,1002.1,1007.6,1.0,2.97,6,2,47.3
2025-06-08 12:00,279,구미,29.8,49,2.1,110,,1001.7,1007.2,0.8,3.03,6,6,50.6
2025-06-08 13:00,279,구미,30.5,44,2.0,250,,1000.9,1006.4,0.9,3.12,6,1,52.4
2025-06-08 14:00,279,구미,30.6,44,2.3,230,,1000.4,1005.9,1.0,3.07,3,3,51.5
2025-06-08 15:00,279,구미,32.8,39,1.4,320,,999.9,1005.3,1.0,2.98,3,3,51.7
2025-06-08 16:00,279,구미,31.1,43,1.4,160,,999.6,1005.1,0.8,2.25,3,3,45.2
2025-06-08 17:00,279,구미,31.2,44,1.4,180,,999.4,1004.9,0.6,1.37,3,3,41.4
2025-06-08 18:00,279,구미,30.9,44,1.3,180,,999.6,1005.1,0.8,1.02,0,0,38.4
2025-06-08 19:00,279,구미,29.4,49,1.1,110,,999.9,1005.4,0.4,0.38,0,0,33.0
2025-06-08 20:00,279,구미,28.0,53,0.9,250,,1000.2,1005.7,0.0,0.04,0,0,29.2
2025-06-08 21:00,279,구미,26.2,60,0.7,250,,1000.7,1006.3,,,0,0,27.2
2025-06-08 22:00,279,구미,25.0,66,0.4,0,,1001.5,1007.1,,,0,0,25.7
2025-06-08 23:00,279,구미,25.7,67,1.5,110,,1002.1,1007.7,,,0,0,25.2
2025-06-09 00:00,279,구미,24.6,71,0.3,0,,1002.3,1007.9,,,6,0,24.7
2025-06-09 01:00,279,구미,23.0,85,0.8,180,0.3,1002.2,1007.8,,,6,6,23.5
2025-06-09 02:00,279,구미,22.1,88,1.0,270,,1002.2,1007.9,,,7,5,22.4
2025-06-09 03:00,279,구미,21.8,90,0.4,0,,1002.3,1008.0,,,3,3,22.4
2025-06-09 04:00,279,구미,22.2,89,0.4,0,,1002.0,1007.7,,,7,7,22.6
2025-06-09 05:00,279,구미,22.1,89,0.5,250,,1002.2,1007.9,,,9,9,22.5
2025-06-09 06:00,279,구미,22.2,89,0.8,270,,1002.4,1008.1,0.0,0.03,9,9,22.7
2025-06-09 07:00,279,구미,23.2,83,0.7,340,,1002.5,1008.1,0.0,0.34,9,0,24.1
2025-06-09 08:00,279,구미,23.9,76,0.9,290,,1002.7,1008.3,0.0,0.58,9,8,25.8
2025-06-09 09:00,279,구미,25.0,73,0.7,320,,1002.1,1007.7,0.0,0.98,8,8,28.7
2025-06-09 10:00,279,구미,26.7,63,1.5,140,,1001.7,1007.3,1.0,2.33,7,7,38.8
2025-06-09 11:00,279,구미,28.1,59,1.4,90,,1001.6,1007.1,0.8,2.23,8,1,41.0
2025-06-09 12:00,279,구미,29.2,54,1.7,230,,1001.0,1006.5,1.0,2.8,8,0,47.2
2025-06-09 13:00,279,구미,30.4,51,1.7,200,,1000.2,1005.7,1.0,3.04,4,1,51.9
2025-06-09 14:00,279,구미,31.0,47,1.9,250,,999.3,1004.8,0.8,2.71,5,1,46.8
2025-06-09 15:00,279,구미,32.6,42,2.1,140,,998.7,1004.1,0.9,2.8,7,2,50.9
2025-06-09 16:00,279,구미,32.4,44,2.1,200,,998.0,1003.4,0.9,2.43,8,2,45.7
2025-06-09 17:00,279,구미,32.0,45,1.9,230,,997.8,1003.2,1.0,1.95,6,1,44.9
2025-06-09 18:00,279,구미,30.4,48,2.5,250,,998.0,1003.5,0.8,0.95,0,0,36.3
2025-06-09 19:00,279,구미,29.5,54,1.7,250,,998.3,1003.8,0.2,0.3,0,0,32.2
2025-06-09 20:00,279,구미,28.8,57,2.3,140,,998.3,1003.8,0.0,0.04,5,5,29.9
2025-06-09 21:00,279,구미,27.3,65,0.8,250,,998.6,1004.1,,,0,0,27.2
2025-06-09 22:00,279,구미,26.2,67,0.6,160,,999.2,1004.8,,,0,0,25.5
2025-06-09 23:00,279,구미,24.2,76,0.8,250,,999.8,1005.4,,,0,0,23.9
2025-06-10 00:00,279,구미,23.1,79,1.0,290,,1000.3,1005.9,,,1,0,22.8
2025-06-10 01:00,279,구미,22.3,81,1.0,290,,1000.5,1006.2,,,0,0,21.9
2025-06-10 02:00,279,구미,21.5,83,0.9,270,,1000.2,1005.9,,,0,0,21.2
2025-06-10 03:00,279,구미,21.0,83,0.4,0,,1000.1,1005.8,,,0,0,20.5
2025-06-10 04:00,279,구미,20.4,84,1.2,290,,1000.6,1006.3,,,0,0,20.0
2025-06-10 05:00,279,구미,20.6,84,0.9,320,,1000.0,1005.7,,,0,0,19.7
2025-06-10 06:00,279,구미,21.1,81,0.9,320,,1000.1,1005.8,0.0,0.08,0,0,20.6
2025-06-10 07:00,279,구미,24.0,74,0.8,360,,999.9,1005.5,1.0,0.54,0,0,26.9
2025-06-10 08:00,279,구미,25.7,65,1.6,270,,999.6,1005.2,0.8,1.02,0,0,32.7
2025-06-10 09:00,279,구미,27.6,57,0.9,320,,999.2,1004.7,1.0,1.82,0,0,40.4
2025-06-10 10:00,279,구미,29.1,55,1.5,270,,999.3,1004.8,1.0,2.51,1,1,48.4
2025-06-10 11:00,279,구미,30.5,41,2.0,270,,999.4,1004.9,1.0,2.99,4,0,54.0
2025-06-10 12:00,279,구미,31.4,35,1.6,250,,999.0,1004.5,0.8,2.82,7,4,52.3
2025-06-10 13:00,279,구미,32.4,38,2.0,270,,998.2,1003.6,0.7,2.72,9,1,50.5
2025-06-10 14:00,279,구미,31.7,36,2.3,290,,998.1,1003.6,0.0,1.61,9,6,45.0
2025-06-10 15:00,279,구미,32.5,37,2.3,290,,998.1,1003.5,0.3,1.78,7,7,49.0
2025-06-10 16:00,279,구미,31.3,42,2.2,320,,998.3,1003.8,0.6,1.71,8,8,44.7
2025-06-10 17:00,279,구미,29.7,45,2.2,270,,998.3,1003.8,0.7,1.25,7,7,38.2
2025-06-10 18:00,279,구미,28.3,49,2.5,290,,998.2,1003.7,0.3,0.58,8,8,33.2
2025-06-10 19:00,279,구미,27.2,51,2.8,290,,999.0,1004.5,0.0,0.23,7,7,29.3
2025-06-10 20:00,279,구미,26.0,50,1.4,270,,999.8,1005.4,0.0,0.03,8,8,26.5
2025-06-10 21:00,279,구미,25.2,51,1.3,290,,1000.6,1006.2,,,8,8,24.6
2025-06-10 22:00,279,구미,24.7,59,3.4,270,,1001.6,1007.2,,,8,8,24.0
2025-06-10 23:00,279,구미,23.9,64,2.5,290,,1001.8,1007.4,,,9,9,23.4
2025-06-11 00:00,279,구미,22.8,68,1.5,270,,1002.1,1007.7,,,8,8,21.9
2025-06-11 01:00,279,구미,21.9,69,1.8,290,,1002.4,1008.1,,,9,2,20.8
2025-06-11 02:00,279,구미,20.8,72,1.8,290,,1002.4,1008.1,,,7,7,19.4
2025-06-11 03:00,279,구미,19.4,72,1.2,290,,1002.7,1008.4,,,7,7,18.0
2025-06-11 04:00,279,구미,19.2,70,1.1,290,,1002.7,1008.4,,,10,9,18.3
2025-06-11 05:00,279,구미,19.0,71,1.5,290,,1003.2,1008.9,,,9,9,18.0
2025-06-11 06:00,279,구미,18.8,70,1.4,320,,1003.9,1009.6,0.0,0.06,7,4,18.4
2025-06-11 07:00,279,구미,19.8,67,2.8,290,,1004.4,1010.1,0.2,0.35,6,0,21.7
2025-06-11 08:00,279,구미,22.3,58,2.6,290,,1004.9,1010.6,1.0,1.17,0,0,31.1
2025-06-11 09:00,279,구미,24.7,46,2.1,290,,1005.3,1010.9,1.0,2.1,0,0,40.1
2025-06-11 10:00,279,구미,26.4,42,2.7,290,,1005.4,1011.0,1.0,2.73,0,0,46.9
2025-06-11 11:00,279,구미,28.0,36,2.1,290,,1005.4,1011.0,1.0,3.22,0,0,53.4
2025-06-11 12:00,279,구미,28.0,36,3.5,290,,1005.3,1010.9,1.0,3.51,0,0,55.6
2025-06-11 13:00,279,구미,29.7,36,2.9,270,,1004.9,1010.4,1.0,3.62,0,0,58.2
2025-06-11 14:00,279,구미,31.2,31,2.7,290,,1004.2,1009.7,1.0,3.5,0,0,58.9
2025-06-11 15:00,279,구미,31.3,29,3.1,290,,1003.6,1009.1,1.0,3.16,0,0,55.7
2025-06-11 16:00,279,구미,31.4,28,2.8,270,,1003.3,1008.8,1.0,2.66,0,0,52.3
2025-06-11 17:00,279,구미,31.4,28,2.1,290,,1003.4,1008.9,1.0,2.01,0,0,46.2
2025-06-11 18:00,279,구미,30.5,29,2.4,290,,1003.7,1009.2,1.0,1.23,0,0,37.1
2025-06-11 19:00,279,구미,28.0,33,2.0,270,,1004.5,1010.1,0.4,0.36,0,0,30.7
2025-06-11 20:00,279,구미,26.3,37,1.6,290,,1005.0,1010.6,0.0,0.05,8,0,27.0
2025-06-11 21:00,279,구미,25.0,38,1.8,290,,1006.1,1011.7,,,8,0,24.7
2025-06-11 22:00,279,구미,23.9,43,1.9,270,,1006.6,1012.3,,,8,1,23.4
2025-06-11 23:00,279,구미,22.8,46,1.2,270,,1006.7,1012.4,,,7,5,22.0
2025-06-12 00:00,279,구미,21.9,48,1.6,290,,1007.2,1012.9,,,7,7,20.9
2025-06-12 01:00,279,구미,21.5,49,0.9,270,,1007.5,1013.2,,,7,7,20.2
2025-06-12 02:00,279,구미,20.0,56,0.2,0,,1007.6,1013.3,,,8,8,19.4
2025-06-12 03:00,279,구미,19.6,60,0.5,270,,1007.5,1013.2,,,10,10,19.4
2025-06-12 04:00,279,구미,19.1,62,0.1,0,,1008.0,1013.8,,,10,10,19.2
2025-06-12 05:00,279,구미,18.6,65,0.6,270,,1008.1,1013.9,,,10,10,18.6
2025-06-12 06:00,279,구미,18.4,68,0.6,290,,1008.7,1014.5,0.0,0.05,7,7,18.6
2025-06-12 07:00,279,구미,20.4,62,0.3,0,,1009.0,1014.7,0.5,0.47,6,6,23.5
2025-06-12 08:00,279,구미,23.6,50,0.5,320,,1009.3,1015.0,0.9,1.17,7,7,32.2
2025-06-12 09:00,279,구미,24.4,48,0.6,90,,1009.4,1015.1,0.3,1.22,9,9,33.2
2025-06-12 10:00,279,구미,26.3,42,1.6,320,,1008.9,1014.5,0.5,1.87,6,6,44.7
2025-06-12 11:00,279,구미,28.0,41,1.3,50,,1008.7,1014.3,0.5,2.08,7,7,45.3
2025-06-12 12:00,279,구미,28.6,37,1.5,90,,1008.5,1014.1,0.9,2.45,6,6,48.9
2025-06-12 13:00,279,구미,30.3,35,1.0,270,,1008.0,1013.5,0.6,2.54,9,6,48.3
2025-06-12 14:00,279,구미,31.0,34,1.3,70,,1007.5,1013.0,0.7,2.51,7,0,52.1
2025-06-12 15:00,279,구미,31.6,32,1.8,230,,1007.0,1012.5,1.0,3.0,6,0,53.3
2025-06-12 16:00,279,구미,31.4,31,2.2,110,,1006.7,1012.2,1.0,2.41,5,0,49.2
2025-06-12 17:00,279,구미,30.9,32,2.7,250,,1006.6,1012.1,1.0,2.01,0,0,45.1
2025-06-12 18:00,279,구미,29.8,35,0.8,140,,1006.8,1012.3,0.8,1.0,6,1,36.3
2025-06-12 19:00,279,구미,28.5,40,0.8,200,,1007.0,1012.6,0.1,0.32,7,4,31.6
2025-06-12 20:00,279,구미,27.5,44,1.0,290,,1007.5,1013.1,0.0,0.05,8,8,27.8
2025-06-12 21:00,279,구미,26.9,48,1.3,160,,1008.3,1013.9,,,9,9,26.4
2025-06-12 22:00,279,구미,25.4,53,1.2,230,,1008.9,1014.5,,,9,9,25.1
2025-06-12 23:00,279,구미,25.4,49,1.0,160,,1008.9,1014.5,,,10,10,24.1
2025-06-13 00:00,279,구미,24.3,49,0.9,180,,1008.7,1014.3,,,9,9,23.0
2025-06-13 01:00,279,구미,22.0,66,1.1,270,,1008.6,1014.3,,,7,7,21.4
2025-06-13 02:00,279,구미,20.6,70,1.3,270,,1008.8,1014.5,,,7,7,20.0
2025-06-13 03:00,279,구미,19.7,73,0.8,270,,1008.7,1014.5,,,9,9,19.4
2025-06-13 04:00,279,구미,19.3,75,0.9,290,,1008.8,1014.6,,,10,10,19.5
2025-06-13 05:00,279,구미,19.2,75,0.7,270,,1009.3,1015.1,,,10,10,19.3
2025-06-13 06:00,279,구미,19.2,76,1.3,290,,1009.5,1015.3,0.0,0.03,10,10,19.9
2025-06-13 07:00,279,구미,20.0,73,0.8,290,,1009.4,1015.2,0.0,0.19,9,9,21.6
2025-06-13 08:00,279,구미,21.4,68,0.3,0,,1009.4,1015.1,0.0,0.4,10,10,25.0
2025-06-13 09:00,279,구미,22.3,67,0.9,180,,1008.6,1014.3,0.0,0.5,10,10,26.0
2025-06-13 10:00,279,구미,23.6,61,0.4,0,0.0,1008.8,1014.5,0.0,0.72,10,10,30.0
2025-06-13 11:00,279,구미,23.4,63,1.3,140,0.0,1008.9,1014.6,0.0,0.92,10,10,31.7
2025-06-13 12:00,279,구미,24.6,59,1.3,70,0.0,1008.7,1014.3,0.0,1.04,10,10,33.0
2025-06-13 13:00,279,구미,25.4,54,1.5,160,0.0,1008.2,1013.8,0.1,1.48,10,2,39.1
2025-06-13 14:00,279,구미,25.7,48,2.5,110,0.0,1007.4,1013.0,0.0,1.46,10,1,37.4
2025-06-13 15:00,279,구미,24.9,49,1.9,110,0.0,1006.6,1012.2,0.0,1.16,10,1,33.9
2025-06-13 16:00,279,구미,21.9,70,1.0,200,0.2,1006.4,1012.1,0.0,0.55,10,3,25.5
2025-06-13 17:00,279,구미,21.3,83,0.5,140,0.8,1006.3,1012.0,0.0,0.3,10,2,23.9
2025-06-13 18:00,279,구미,20.2,88,0.3,0,4.3,1006.3,1012.0,0.0,0.14,10,7,22.3
2025-06-13 19:00,279,구미,19.8,88,1.2,230,1.5,1006.1,1011.8,0.0,0.07,10,3,21.7
2025-06-13 20:00,279,구미,19.5,90,0.5,290,0.9,1006.0,1011.7,0.0,0.01,10,10,21.2
2025-06-13 21:00,279,구미,19.4,91,1.4,70,2.7,1005.8,1011.5,,,10,10,20.4
2025-06-13 22:00,279,구미,19.0,92,1.3,90,6.2,1005.3,1011.1,,,10,10,20.0
2025-06-13 23:00,279,구미,18.8,91,0.2,0,3.4,1005.1,1010.9,,,10,10,19.9
2025-06-14 00:00,279,구미,18.8,92,0.0,0,5.2,1004.4,1010.1,,,10,10,19.6
2025-06-14 01:00,279,구미,18.8,92,0.4,0,2.1,1003.1,1008.8,,,10,8,19.6
2025-06-14 02:00,279,구미,18.6,94,0.6,110,9.1,1001.9,1007.6,,,10,9,19.3
2025-06-14 03:00,279,구미,18.8,93,0.3,0,2.3,1001.1,1006.8,,,10,10,19.4
2025-06-14 04:00,279,구미,18.7,94,0.9,70,3.1,1000.1,1005.8,,,10,10,19.3
2025-06-14 05:00,279,구미,18.5,94,0.4,0,8.1,999.0,1004.7,,,10,10,19.0
2025-06-14 06:00,279,구미,18.5,93,0.0,0,14.3,998.3,1004.0,0.0,0.0,10,8,18.8
2025-06-14 07:00,279,구미,18.6,95,0.5,290,16.1,998.1,1003.8,0.0,0.02,10,10,19.0
2025-06-14 08:00,279,구미,18.4,96,1.1,250,13.8,997.6,1003.3,0.0,0.04,10,10,18.7
2025-06-14 09:00,279,구미,19.4,94,0.1,0,10.6,996.4,1002.1,0.0,0.27,10,9,21.0
2025-06-14 10:00,279,구미,19.9,94,2.0,290,,997.1,1002.8,0.0,0.41,10,10,21.3
2025-06-14 11:00,279,구미,19.7,94,1.7,270,0.0,996.5,1002.2,0.0,0.18,10,10,20.9
2025-06-14 12:00,279,구미,21.2,94,1.7,90,,996.3,1002.0,0.0,0.58,9,9,24.8
2025-06-14 13:00,279,구미,23.6,83,1.0,70,,995.5,1001.1,0.2,2.15,8,8,30.4
2025-06-14 14:00,279,구미,25.1,80,1.0,50,,994.9,1000.5,0.2,2.03,8,8,30.6
2025-06-14 15:00,279,구미,26.3,78,0.9,250,,994.0,999.5,0.2,1.53,6,6,33.1
2025-06-14 16:00,279,구미,27.8,73,1.5,160,,993.1,998.6,1.0,2.56,4,3,33.6
2025-06-14 17:00,279,구미,27.8,71,1.2,270,0.0,992.8,998.3,0.6,1.42,7,1,30.6
2025-06-14 18:00,279,구미,28.0,69,1.1,290,,993.0,998.5,0.7,0.99,4,4,28.0
2025-06-14 19:00,279,구미,26.0,79,0.9,250,,993.3,998.8,0.5,0.39,3,1,25.5
2025-06-14 20:00,279,구미,24.3,84,1.0,230,,993.8,999.4,0.0,0.05,0,0,23.8
2025-06-14 21:00,279,구미,23.3,89,0.8,270,,994.8,1000.4,,,7,0,22.9
2025-06-14 22:00,279,구미,22.6,92,1.1,270,,995.3,1000.9,,,6,0,22.2
2025-06-14 23:00,279,구미,22.1,93,1.0,270,,995.5,1001.1,,,8,1,21.8
2025-06-15 00:00,279,구미,21.9,93,0.8,290,,995.3,1000.9,,,6,6,21.6
2025-06-15 01:00,279,구미,21.6,93,0.0,0,,995.3,1000.9,,,4,4,21.4
2025-06-15 02:00,279,구미,21.6,94,0.3,0,,994.9,1000.5,,,5,5,21.2
2025-06-15 03:00,279,구미,21.0,95,0.7,270,,994.8,1000.4,,,7,0,20.5
2025-06-15 04:00,279,구미,20.7,95,0.3,0,,995.3,1001.0,,,7,0,20.1
2025-06-15 05:00,279,구미,20.4,96,0.1,0,,995.8,1001.5,,,6,4,20.3
2025-06-15 06:00,279,구미,21.1,95,0.1,0,,995.9,1001.6,0.0,0.04,0,0,21.4
2025-06-15 07:00,279,구미,22.1,93,0.5,290,,996.1,1001.7,0.0,0.26,8,8,23.1
2025-06-15 08:00,279,구미,24.8,86,0.6,340,,995.7,1001.3,0.7,1.07,6,2,28.9
2025-06-15 09:00,279,구미,26.6,79,2.1,90,,995.2,1000.7,0.9,1.93,8,2,32.9
2025-06-15 10:00,279,구미,27.1,76,2.9,110,,995.0,1000.5,1.0,2.82,6,1,35.0
2025-06-15 11:00,279,구미,28.4,71,3.0,110,,994.5,1000.0,1.0,3.19,6,0,36.6
2025-06-15 12:00,279,구미,29.4,65,2.8,110,,994.0,999.5,1.0,3.44,3,1,38.6
2025-06-15 13:00,279,구미,30.2,63,2.5,160,,993.2,998.7,1.0,3.52,3,0,38.7
2025-06-15 14:00,279,구미,30.4,61,2.7,250,,993.0,998.4,0.5,2.07,3,3,34.1
2025-06-15 15:00,279,구미,31.4,61,2.0,230,,992.1,997.5,0.6,2.43,6,6,34.9
2025-06-15 16:00,279,구미,31.9,61,1.6,140,,991.9,997.3,0.5,1.7,6,6,34.9
2025-06-15 17:00,279,구미,31.6,60,1.7,140,,991.4,996.8,0.6,1.21,8,1,32.4
2025-06-15 18:00,279,구미,30.9,61,1.2,160,0.0,991.2,996.6,0.5,0.78,8,1,30.1
2025-06-15 19:00,279,구미,29.5,65,1.6,140,,991.3,996.8,0.3,0.44,8,1,27.8
2025-06-15 20:00,279,구미,28.4,69,2.2,160,,991.4,996.9,0.0,0.03,10,1,26.1
2025-06-15 21:00,279,구미,28.0,70,2.7,90,,991.6,997.1,,,10,10,25.6
2025-06-15 22:00,279,구미,27.3,73,0.9,140,,992.0,997.5,,,10,6,25.2
2025-06-15 23:00,279,구미,26.1,80,2.4,110,0.0,992.0,997.5,,,10,7,24.6
2025-06-16 00:00,279,구미,25.1,86,2.5,110,0.0,991.5,997.0,,,10,2,24.2
2025-06-16 01:00,279,구미,24.9,87,0.8,110,0.0,990.9,996.4,,,10,3,24.2
2025-06-16 02:00,279,구미,24.5,88,0.4,0,,990.6,996.1,,,10,4,24.1
2025-06-16 03:00,279,구미,24.4,88,2.3,140,,990.4,995.9,,,10,3,23.8
2025-06-16 04:00,279,구미,24.2,88,1.6,140,,990.3,995.9,,,10,2,23.6
2025-06-16 05:00,279,구미,24.2,89,0.7,270,,990.8,996.4,,,10,2,23.6
2025-06-16 06:00,279,구미,24.4,88,0.4,0,0.0,991.9,997.5,0.0,0.03,10,1,24.0
2025-06-16 07:00,279,구미,24.5,87,1.2,140,,992.0,997.6,0.0,0.16,10,1,24.6
2025-06-16 08:00,279,구미,25.2,85,0.1,0,0.0,991.9,997.4,0.0,0.28,10,10,26.2
2025-06-16 09:00,279,구미,25.2,86,0.1,0,0.0,991.9,997.4,0.0,0.43,10,5,26.7
2025-06-16 10:00,279,구미,25.7,84,0.1,0,0.1,992.7,998.2,0.0,0.51,10,4,27.3
2025-06-16 11:00,279,구미,25.5,87,1.1,160,0.3,992.7,998.2,0.0,0.62,10,1,27.7
2025-06-16 12:00,279,구미,25.5,89,0.2,0,0.6,992.7,998.2,0.0,0.53,10,2,27.9
2025-06-16 13:00,279,구미,26.8,86,1.0,320,0.3,992.5,998.0,0.0,1.12,10,4,31.7
2025-06-16 14:00,279,구미,30.0,61,2.8,270,,992.5,998.0,0.9,3.44,7,3,37.3
2025-06-16 15:00,279,구미,29.4,68,3.2,140,,992.6,998.1,0.8,2.8,7,4,36.4
2025-06-16 16:00,279,구미,29.2,66,1.2,250,,992.5,998.0,0.8,2.47,5,0,33.6
2025-06-16 17:00,279,구미,29.3,64,1.7,250,,992.7,998.2,0.5,1.16,4,3,30.6
2025-06-16 18:00,279,구미,29.7,50,3.1,270,,993.0,998.5,0.9,1.07,1,1,27.6
2025-06-16 19:00,279,구미,28.3,54,0.8,250,,993.5,999.0,0.5,0.41,0,0,25.7
2025-06-16 20:00,279,구미,25.9,66,1.1,200,,993.9,999.4,0.0,0.05,0,0,23.9
2025-06-16 21:00,279,구미,24.2,74,0.4,0,,994.9,1000.5,,,0,0,22.8
2025-06-16 22:00,279,구미,23.1,81,0.7,250,,995.9,1001.5,,,0,0,22.0
2025-06-16 23:00,279,구미,22.2,82,0.5,270,,996.6,1002.2,,,0,0,21.3
2025-06-17 00:00,279,구미,21.5,84,0.9,290,,997.1,1002.7,,,0,0,20.7
2025-06-17 01:00,279,구미,21.4,87,0.5,340,,996.6,1002.2,,,0,0,20.2
2025-06-17 02:00,279,구미,22.3,82,1.3,290,,997.0,1002.6,,,0,0,20.2
2025-06-17 03:00,279,구미,21.8,84,0.3,0,,997.3,1002.9,,,8,0,20.2
2025-06-17 04:00,279,구미,21.6,84,0.9,140,,997.2,1002.8,,,5,0,19.7
2025-06-17 05:00,279,구미,21.2,85,1.4,230,,998.1,1003.8,,,8,1,19.6
2025-06-17 06:00,279,구미,20.7,88,0.5,270,0.0,998.5,1004.2,0.0,0.03,10,5,20.5
2025-06-17 07:00,279,구미,22.5,83,0.9,290,0.0,998.7,1004.3,0.0,0.36,8,3,23.4
2025-06-17 08:00,279,구미,24.0,76,0.9,110,,999.1,1004.7,0.4,0.86,7,1,26.3
2025-06-17 09:00,279,구미,25.4,70,1.7,180,,999.0,1004.6,0.9,1.63,6,1,29.9
2025-06-17 10:00,279,구미,28.0,67,1.7,250,,998.8,1004.3,0.9,2.44,6,1,35.6
2025-06-17 11:00,279,구미,27.4,65,2.7,250,,998.9,1004.4,0.6,2.47,7,7,33.9
2025-06-17 12:00,279,구미,28.6,64,1.2,250,,998.8,1004.3,0.3,2.09,7,7,35.5
2025-06-17 13:00,279,구미,29.3,64,1.7,140,,998.4,1003.9,0.3,1.86,8,8,37.4
2025-06-17 14:00,279,구미,29.6,63,1.3,160,0.0,998.1,1003.6,0.4,1.98,9,7,33.4
2025-06-17 15:00,279,구미,,,,,,998.1,,0.6,2.39,6,5,38.2
2025-06-17 16:00,279,구미,,,,,,998.2,,0.3,0.97,7,2,36.4
2025-06-17 17:00,279,구미,,,,,,,,,,6,,
2025-06-17 18:00,279,구미,28.8,,2.3,250,,998.4,,,,6,,31.8
2025-06-17 19:00,279,구미,28.3,,1.7,140,,998.8,1004.3,0.1,0.33,8,1,29.3
2025-06-17 20:00,279,구미,27.6,,1.6,110,,999.3,1004.8,0.0,0.08,8,1,27.3
2025-06-17 21:00,279,구미,25.6,,0.6,270,,1000.1,1005.7,,,0,0,25.8
2025-06-17 22:00,279,구미,24.6,,0.4,0,,1000.6,1006.2,,,0,0,24.5
2025-06-17 23:00,279,구미,24.0,,0.5,270,,1001.0,1006.6,,,0,0,23.8
2025-06-18 00:00,279,구미,23.8,,0.8,200,,1001.4,1007.0,,,1,1,23.1
2025-06-18 01:00,279,구미,23.9,,0.4,0,,1001.9,1007.5,,,5,1,23.1
2025-06-18 02:00,279,구미,23.5,,1.7,160,,1001.7,1007.3,,,0,0,22.4
2025-06-18 03:00,279,구미,22.3,,0.6,230,,1002.1,1007.8,,,0,0,21.9
2025-06-18 04:00,279,구미,21.9,,0.5,270,,1002.5,1008.2,,,0,0,21.6
2025-06-18 05:00,279,구미,21.6,,0.4,0,,1003.3,1009.0,,,0,0,21.0
2025-06-18 06:00,279,구미,21.3,,1.1,290,,1004.1,1009.8,0.0,0.05,0,0,21.3
2025-06-18 07:00,279,구미,23.3,,0.4,0,,1004.5,1010.2,0.7,0.45,0,0,24.8
2025-06-18 08:00,279,구미,25.9,,1.1,20,,1004.8,1010.4,1.0,1.15,0,0,29.9
2025-06-18 09:00,279,구미,26.8,,1.2,290,,1004.8,1010.4,0.9,1.73,0,0,35.0
2025-06-18 10:00,279,구미,27.6,,1.4,70,,1004.6,1010.2,1.0,2.41,0,0,41.4
2025-06-18 11:00,279,구미,29.7,50,1.2,180,,1004.5,1010.0,1.0,3.03,0,0,47.3
2025-06-18 12:00,279,구미,31.2,42,0.9,340,,1004.5,1010.0,1.0,3.36,0,0,51.8
2025-06-18 13:00,279,구미,32.2,38,1.8,290,,1004.3,1009.8,1.0,3.44,0,0,53.9
2025-06-18 14:00,279,구미,32.7,36,2.0,320,,1004.2,1009.7,1.0,3.3,0,0,53.8
2025-06-18 15:00,279,구미,32.7,38,1.9,320,,1003.8,1009.3,1.0,2.97,0,0,51.9
2025-06-18 16:00,279,구미,33.2,38,2.6,320,,1004.0,1009.5,1.0,2.45,1,0,48.0
2025-06-18 17:00,279,구미,32.6,39,2.0,290,,1004.0,1009.5,1.0,1.78,1,0,43.4
2025-06-18 18:00,279,구미,31.7,41,1.4,290,,1003.9,1009.4,1.0,1.13,0,0,37.2
2025-06-18 19:00,279,구미,29.5,50,1.4,270,,1004.3,1009.8,0.5,0.41,0,0,32.3
2025-06-18 20:00,279,구미,26.6,62,0.8,250,,1004.7,1010.3,0.0,0.04,0,0,28.7
2025-06-18 21:00,279,구미,25.1,68,1.3,290,,1005.4,1011.0,,,0,0,26.7
2025-06-18 22:00,279,구미,24.3,69,0.6,250,,1005.9,1011.5,,,5,0,25.2
2025-06-18 23:00,279,구미,23.2,73,0.7,290,,1006.4,1012.1,,,5,0,24.1
2025-06-19 00:00,279,구미,22.5,75,1.6,270,,1006.7,1012.4,,,0,0,23.1
2025-06-19 01:00,279,구미,21.8,79,1.2,270,,1007.1,1012.8,,,0,0,22.3
2025-06-19 02:00,279,구미,21.0,83,0.6,290,,1007.1,1012.8,,,0,0,21.6
2025-06-19 03:00,279,구미,20.7,83,1.2,270,,1006.9,1012.6,,,0,0,21.0
2025-06-19 04:00,279,구미,20.1,88,0.4,0,,1007.3,1013.0,,,0,0,20.5
2025-06-19 05:00,279,구미,19.8,88,0.9,270,,1007.6,1013.3,,,0,0,20.0
2025-06-19 06:00,279,구미,19.9,89,1.3,290,,1008.2,1013.9,0.0,0.04,0,0,20.3
2025-06-19 07:00,279,구미,21.7,82,0.3,0,,1008.1,1013.8,0.7,0.41,3,3,23.4
2025-06-19 08:00,279,구미,24.0,75,0.5,340,,1008.4,1014.1,1.0,1.03,4,4,28.3
2025-06-19 09:00,279,구미,26.5,64,1.0,70,,1008.0,1013.6,1.0,1.79,4,4,37.8
2025-06-19 10:00,279,구미,28.5,53,2.0,90,,1007.8,1013.4,1.0,2.5,6,4,46.0
2025-06-19 11:00,279,구미,30.8,47,2.4,90,,1007.4,1012.9,1.0,3.06,8,0,50.9
2025-06-19 12:00,279,구미,29.9,50,2.7,140,,1007.1,1012.6,1.0,2.82,8,0,47.7
2025-06-19 13:00,279,구미,31.1,45,2.0,110,0.0,1006.6,1012.1,0.4,2.04,8,5,48.6
2025-06-19 14:00,279,구미,30.9,43,2.4,110,,1006.2,1011.7,0.8,3.2,8,5,46.5
2025-06-19 15:00,279,구미,31.7,44,0.9,140,,1005.8,1011.3,0.1,1.36,8,8,44.2
2025-06-19 16:00,279,구미,32.1,43,1.5,270,,1005.7,1011.2,0.2,1.33,7,7,42.7
2025-06-19 17:00,279,구미,31.8,48,1.9,90,,1004.9,1010.4,0.7,1.62,5,5,39.8
2025-06-19 18:00,279,구미,31.1,55,1.5,160,,1005.1,1010.6,0.6,0.88,4,4,35.3
2025-06-19 19:00,279,구미,29.5,61,1.5,180,,1005.4,1010.9,0.1,0.24,4,4,30.2
2025-06-19 20:00,279,구미,28.4,64,2.0,140,,1005.7,1011.3,0.0,0.04,5,5,27.9
2025-06-19 21:00,279,구미,27.9,66,3.5,110,,1006.0,1011.6,,,7,3,27.4
2025-06-19 22:00,279,구미,27.5,68,3.9,140,,1006.2,1011.8,,,8,8,27.2
2025-06-19 23:00,279,구미,26.7,71,1.0,110,,1006.1,1011.7,,,7,4,26.0
2025-06-20 00:00,279,구미,26.5,72,2.0,140,,1005.5,1011.1,,,8,8,26.2
2025-06-20 01:00,279,구미,26.4,73,3.0,110,,1005.0,1010.6,,,9,2,26.2
2025-06-20 02:00,279,구미,26.3,74,2.7,140,,1004.7,1010.3,,,10,0,26.0
2025-06-20 03:00,279,구미,26.3,75,2.7,140,,1004.3,1009.9,,,10,10,25.9
2025-06-20 04:00,279,구미,25.8,78,0.9,110,,1004.2,1009.8,,,,4,25.1
2025-06-20 05:00,279,구미,25.7,79,1.1,110,0.0,1004.1,1009.7,,,8,2,24.8
2025-06-20 06:00,279,구미,25.6,80,2.1,110,0.0,1003.9,1009.5,0.0,0.03,10,2,25.6
2025-06-20 07:00,279,구미,26.0,78,1.9,110,,1003.5,1009.1,0.0,0.16,10,6,26.8
2025-06-20 08:00,279,구미,26.5,76,1.4,140,0.0,1003.2,1008.8,0.0,0.3,10,6,26.7
2025-06-20 09:00,279,구미,27.3,71,1.2,90,0.0,1002.5,1008.1,0.0,0.54,10,4,30.2
2025-06-20 10:00,279,구미,26.8,76,1.8,110,0.0,1002.2,1007.8,0.0,0.48,10,6,26.1
2025-06-20 11:00,279,구미,27.6,70,1.4,160,0.0,1002.0,1007.5,0.0,0.51,10,3,29.7
2025-06-20 12:00,279,구미,27.9,69,2.4,140,0.0,1001.6,1007.1,0.0,0.62,10,1,30.0
2025-06-20 13:00,279,구미,27.9,68,2.1,180,0.0,1000.8,1006.3,0.0,0.62,10,3,30.2
2025-06-20 14:00,279,구미,28.0,68,1.9,180,0.0,1000.2,1005.7,0.0,0.5,10,10,29.8
2025-06-20 15:00,279,구미,27.4,70,2.6,140,0.0,999.6,1005.1,0.0,0.5,10,10,28.4
2025-06-20 16:00,279,구미,27.4,69,3.2,180,0.0,999.1,1004.6,0.0,0.32,10,10,26.4
2025-06-20 17:00,279,구미,27.3,69,2.1,110,0.0,998.8,1004.3,0.0,0.19,10,2,26.2
2025-06-20 18:00,279,구미,25.7,80,2.1,140,0.5,998.6,1004.2,0.0,0.1,10,1,24.5
2025-06-20 19:00,279,구미,25.7,80,2.7,140,1.3,998.4,1004.0,0.0,0.04,10,7,24.2
2025-06-20 20:00,279,구미,26.2,77,2.6,140,0.0,998.5,1004.1,0.0,0.01,10,1,24.2
2025-06-20 21:00,279,구미,25.6,80,1.9,140,0.2,998.9,1004.5,,,10,6,23.7
2025-06-20 22:00,279,구미,25.2,80,2.5,140,0.9,999.5,1005.1,,,10,8,23.4
2025-06-20 23:00,279,구미,24.9,82,1.5,160,0.4,999.3,1004.9,,,10,1,23.4
2025-06-21 00:00,279,구미,24.7,83,2.3,140,0.3,998.8,1004.3,,,10,3,23.4
2025-06-21 01:00,279,구미,24.6,83,2.6,90,0.0,998.5,1004.1,,,10,5,23.2
2025-06-21 02:00,279,구미,25.0,80,2.4,110,,998.1,1003.7,,,10,3,23.7
2025-06-21 03:00,279,구미,25.3,78,2.4,110,0.0,997.6,1003.2,,,10,9,23.8
2025-06-21 04:00,279,구미,24.9,81,1.8,90,0.0,997.2,1002.8,,,10,5,23.6
2025-06-21 05:00,279,구미,25.7,76,2.2,110,0.0,996.7,1002.3,,,10,9,24.0
2025-06-21 06:00,279,구미,25.9,76,3.1,140,0.0,996.5,1002.1,0.0,0.01,10,3,24.2
2025-06-21 07:00,279,구미,24.9,84,2.5,250,1.2,997.4,1003.0,0.0,0.03,10,5,23.7
2025-06-21 08:00,279,구미,23.9,95,0.2,0,4.8,998.0,1003.6,0.0,0.11,10,9,24.5
2025-06-21 09:00,279,구미,24.1,95,0.4,0,3.0,998.2,1003.8,0.0,0.23,10,10,25.1
2025-06-21 10:00,279,구미,24.0,97,0.5,320,12.4,998.2,1003.8,0.0,0.19,10,8,25.3
2025-06-21 11:00,279,구미,24.3,93,1.2,110,2.4,997.8,1003.4,0.0,0.31,10,10,25.9
2025-06-21 12:00,279,구미,22.3,95,1.7,270,16.1,997.4,1003.0,0.0,0.17,10,8,24.5
2025-06-21 13:00,279,구미,21.4,95,2.3,270,10.5,996.8,1002.4,0.0,0.2,10,9,23.2
2025-06-21 14:00,279,구미,21.3,95,1.6,290,15.0,997.2,1002.9,0.0,0.18,10,8,22.8
2025-06-21 15:00,279,구미,21.5,93,1.8,290,8.2,997.6,1003.3,0.0,0.31,10,6,23.7
2025-06-21 16:00,279,구미,20.7,95,0.8,320,6.4,997.8,1003.5,0.0,0.21,10,3,23.1
2025-06-21 17:00,279,구미,21.1,92,0.8,270,1.1,998.4,1004.1,0.0,0.29,10,1,23.1
2025-06-21 18:00,279,구미,21.2,96,0.1,0,1.5,998.4,1004.1,0.0,0.11,10,9,23.0
2025-06-21 19:00,279,구미,19.5,88,2.3,270,1.4,999.6,1005.3,0.0,0.07,10,4,21.7
2025-06-21 20:00,279,구미,19.1,95,0.9,270,3.5,999.6,1005.3,0.0,0.01,10,2,21.2
2025-06-21 21:00,279,구미,19.1,96,0.2,0,0.6,999.4,1005.1,,,10,3,20.9
2025-06-21 22:00,279,구미,18.2,95,0.2,0,3.6,999.7,1005.4,,,10,6,20.2
2025-06-21 23:00,279,구미,18.3,97,0.3,0,8.1,999.7,1005.4,,,10,2,20.0
2025-06-22 00:00,279,구미,18.6,97,0.2,0,2.2,999.7,1005.4,,,10,10,20.2
2025-06-22 01:00,279,구미,18.6,95,0.6,270,0.6,999.5,1005.2,,,10,1,20.1
2025-06-22 02:00,279,구미,18.2,96,0.5,270,0.1,999.2,1004.9,,,10,5,19.9
2025-06-22 03:00,279,구미,17.7,96,0.9,320,0.1,999.3,1005.0,,,10,1,19.5
2025-06-22 04:00,279,구미,17.8,94,0.2,0,,999.6,1005.3,,,10,9,19.2
2025-06-22 05:00,279,구미,17.6,96,0.1,0,,999.8,1005.6,,,10,10,19.0
2025-06-22 06:00,279,구미,17.7,97,0.4,0,,1000.4,1006.2,0.0,0.02,10,10,19.2
2025-06-22 07:00,279,구미,18.2,95,0.1,0,,1001.4,1007.1,0.0,0.19,10,10,20.1
2025-06-22 08:00,279,구미,19.1,94,0.6,110,,1001.7,1007.4,0.0,0.45,10,10,21.6
2025-06-22 09:00,279,구미,20.2,86,0.6,250,,1001.9,1007.6,0.0,0.7,10,0,23.4
2025-06-22 10:00,279,구미,23.2,69,1.0,360,,1001.7,1007.3,0.8,2.02,7,0,31.9
2025-06-22 11:00,279,구미,24.8,61,1.5,320,,1001.6,1007.2,1.0,2.58,8,0,32.5
2025-06-22 12:00,279,구미,26.8,56,2.2,320,,1001.0,1006.6,1.0,3.01,7,0,37.1
2025-06-22 13:00,279,구미,26.2,55,1.6,320,,1000.2,1005.8,0.3,2.39,9,0,33.3
2025-06-22 14:00,279,구미,27.4,55,1.7,340,,999.6,1005.1,0.1,1.66,9,0,33.2
2025-06-22 15:00,279,구미,28.5,46,2.1,250,,999.2,1004.7,0.9,2.8,8,0,36.3
2025-06-22 16:00,279,구미,29.0,44,2.1,320,,999.1,1004.6,1.0,2.58,8,0,35.3
2025-06-22 17:00,279,구미,29.6,44,1.4,290,,999.1,1004.6,1.0,2.18,7,0,32.7
2025-06-22 18:00,279,구미,28.9,45,1.7,290,,999.2,1004.7,1.0,1.44,7,0,29.3
2025-06-22 19:00,279,구미,26.3,59,0.8,270,,999.6,1005.2,0.6,0.5,6,0,26.0
2025-06-22 20:00,279,구미,24.3,64,1.1,270,,1000.1,1005.7,0.0,0.05,1,0,23.6
2025-06-22 21:00,279,구미,22.7,71,0.4,0,,1001.0,1006.6,,,4,0,22.3
2025-06-22 22:00,279,구미,21.3,79,0.8,250,,1001.7,1007.4,,,6,0,21.4
2025-06-22 23:00,279,구미,20.7,82,0.7,290,,1001.7,1007.4,,,0,0,20.7
2025-06-23 00:00,279,구미,20.2,86,0.8,270,,1001.6,1007.3,,,0,0,20.1
2025-06-23 01:00,279,구미,19.3,90,0.0,0,,1001.5,1007.2,,,0,0,19.6
2025-06-23 02:00,279,구미,19.3,89,0.5,290,,1001.3,1007.0,,,0,0,19.2
2025-06-23 03:00,279,구미,18.6,93,0.5,270,,1001.5,1007.2,,,0,0,18.7
2025-06-23 04:00,279,구미,18.2,94,0.7,270,,1001.7,1007.4,,,0,0,18.4
2025-06-23 05:00,279,구미,17.6,95,0.0,0,,1001.9,1007.7,,,0,0,17.9
2025-06-23 06:00,279,구미,18.3,93,0.0,0,,1002.2,1007.9,0.3,0.08,0,0,18.3
2025-06-23 07:00,279,구미,20.5,83,0.1,0,,1002.3,1008.0,1.0,0.56,0,0,22.5
2025-06-23 08:00,279,구미,23.2,72,0.4,0,,1002.4,1008.0,1.0,1.25,0,0,27.8
2025-06-23 09:00,279,구미,25.3,55,0.6,270,,1002.3,1007.9,1.0,1.96,0,0,32.3
2025-06-23 10:00,279,구미,27.2,52,1.1,180,,1002.0,1007.6,1.0,2.58,0,0,35.6
2025-06-23 11:00,279,구미,28.3,49,1.6,290,,1001.8,1007.3,1.0,3.07,0,0,36.9
2025-06-23 12:00,279,구미,29.5,47,1.1,110,,1001.4,1006.9,1.0,3.41,0,0,39.5
2025-06-23 13:00,279,구미,30.0,44,2.0,90,,1000.7,1006.2,1.0,3.52,0,0,40.6
2025-06-23 14:00,279,구미,30.9,36,1.7,70,,1000.4,1005.9,1.0,3.45,2,0,40.9
2025-06-23 15:00,279,구미,31.6,41,1.2,270,,1000.1,1005.6,1.0,3.15,2,0,40.6
2025-06-23 16:00,279,구미,31.6,42,1.4,90,,999.5,1005.0,1.0,2.58,2,0,39.3
2025-06-23 17:00,279,구미,30.6,44,1.9,140,,999.2,1004.7,1.0,1.85,2,2,33.9
2025-06-23 18:00,279,구미,29.9,52,1.1,180,,999.2,1004.7,0.9,1.11,2,1,31.7
2025-06-23 19:00,279,구미,28.5,55,1.1,200,,999.5,1005.0,0.6,0.46,1,1,28.1
2025-06-23 20:00,279,구미,26.7,59,0.7,180,,1000.5,1006.1,0.0,0.04,3,0,25.6
2025-06-23 21:00,279,구미,25.8,59,0.3,0,,1001.3,1006.9,,,0,0,24.2
2025-06-23 22:00,279,구미,23.7,67,0.6,270,,1001.7,1007.3,,,0,0,22.8
2025-06-23 23:00,279,구미,22.4,73,1.1,270,,1001.9,1007.6,,,0,0,21.7
2025-06-24 00:00,279,구미,21.3,76,1.3,270,,1002.1,1007.8,,,0,0,20.7
2025-06-24 01:00,279,구미,20.1,81,1.0,270,,1002.3,1008.0,,,0,0,20.0
2025-06-24 02:00,279,구미,19.4,84,1.1,270,,1002.6,1008.3,,,3,0,19.3
2025-06-24 03:00,279,구미,18.8,86,1.0,290,,1002.6,1008.3,,,8,0,19.0
2025-06-24 04:00,279,구미,18.5,86,0.8,290,,1002.6,1008.3,,,8,0,18.7
2025-06-24 05:00,279,구미,18.2,87,1.0,290,,1002.9,1008.7,,,7,1,18.4
2025-06-24 06:00,279,구미,18.4,86,0.7,290,,1003.6,1009.4,0.0,0.04,9,5,19.0
2025-06-24 07:00,279,구미,19.8,82,0.5,270,,1003.4,1009.1,0.0,0.36,9,8,21.7
2025-06-24 08:00,279,구미,22.0,73,0.5,50,,1003.4,1009.1,0.2,0.77,9,9,25.5
2025-06-24 09:00,279,구미,23.5,63,0.9,90,,1003.2,1008.8,0.6,1.37,9,9,29.3
2025-06-24 10:00,279,구미,24.2,59,1.3,140,,1002.7,1008.3,0.0,1.37,10,10,30.1
2025-06-24 11:00,279,구미,25.4,53,1.6,90,,1002.8,1008.4,0.1,1.65,10,4,30.5
2025-06-24 12:00,279,구미,25.3,58,1.2,140,0.0,1002.4,1008.0,0.0,0.86,10,9,27.5
2025-06-24 13:00,279,구미,24.3,62,0.5,160,0.0,1002.5,1008.1,0.0,0.54,10,9,26.7
2025-06-24 14:00,279,구미,22.3,75,1.0,230,0.1,1002.5,1008.2,0.0,0.46,10,10,24.9
2025-06-24 15:00,279,구미,20.8,88,1.1,270,0.6,1002.6,1008.3,0.0,0.28,10,10,23.7
2025-06-24 16:00,279,구미,20.0,93,0.7,70,5.5,1002.7,1008.4,0.0,0.29,10,10,23.2
2025-06-24 17:00,279,구미,19.9,96,0.5,50,4.6,1002.5,1008.2,0.0,0.16,10,10,22.6
2025-06-24 18:00,279,구미,19.6,95,1.1,70,2.2,1002.5,1008.2,0.0,0.16,10,10,22.4
2025-06-24 19:00,279,구미,19.1,95,0.3,0,1.4,1002.9,1008.6,0.0,0.03,10,10,21.5
2025-06-24 20:00,279,구미,19.2,95,0.1,0,0.9,1002.9,1008.6,0.0,0.01,10,10,21.1
2025-06-24 21:00,279,구미,18.9,95,0.2,0,0.4,1003.0,1008.7,,,10,10,20.9
2025-06-24 22:00,279,구미,18.7,95,0.0,0,2.3,1003.4,1009.1,,,10,10,20.4
2025-06-24 23:00,279,구미,18.3,96,0.5,290,2.0,1003.4,1009.2,,,8,8,20.3
2025-06-25 00:00,279,구미,18.4,96,0.0,0,0.1,1002.9,1008.6,,,9,9,20.3
2025-06-25 01:00,279,구미,18.4,95,0.0,0,,1002.2,1007.9,,,9,9,20.3
2025-06-25 02:00,279,구미,18.3,97,0.4,0,0.0,1002.0,1007.7,,,10,10,20.2
2025-06-25 03:00,279,구미,18.2,97,0.0,0,0.1,1001.8,1007.5,,,9,9,20.2
2025-06-25 04:00,279,구미,18.5,97,0.0,0,0.1,1001.4,1007.1,,,9,9,20.2
2025-06-25 05:00,279,구미,18.7,97,0.2,0,0.1,1001.2,1006.9,,,4,4,20.2
2025-06-25 06:00,279,구미,18.8,97,0.0,0,0.2,1001.1,1006.8,0.0,0.01,8,8,20.3
2025-06-25 07:00,279,구미,19.0,96,0.8,70,0.2,1001.1,1006.8,0.0,0.07,9,9,20.7
2025-06-25 08:00,279,구미,19.3,96,0.0,0,0.3,1001.3,1007.0,0.0,0.11,9,9,21.1
2025-06-25 09:00,279,구미,20.5,93,1.9,110,0.1,1001.1,1006.8,0.0,0.25,9,9,23.0
2025-06-25 10:00,279,구미,22.0,89,1.7,110,0.0,1000.8,1006.5,0.0,1.04,9,3,26.2
2025-06-25 11:00,279,구미,22.9,88,0.4,0,,1000.7,1006.3,0.0,0.69,9,9,26.2
2025-06-25 12:00,279,구미,24.6,78,1.3,140,,1000.3,1005.9,0.1,1.6,9,5,30.5
2025-06-25 13:00,279,구미,24.9,76,2.2,110,,1000.4,1006.0,0.0,1.25,10,10,30.5
2025-06-25 14:00,279,구미,24.7,77,1.1,320,0.0,1000.6,1006.2,0.0,0.66,9,9,26.7
2025-06-25 15:00,279,구미,28.4,58,1.7,270,,1000.3,1005.8,0.8,2.85,6,6,37.0
2025-06-25 16:00,279,구미,28.1,48,2.9,290,,1000.4,1005.9,1.0,2.81,5,0,35.3
2025-06-25 17:00,279,구미,28.8,46,2.0,290,,1000.2,1005.7,1.0,2.48,2,2,34.5
2025-06-25 18:00,279,구미,27.4,48,1.9,290,,1000.1,1005.6,0.8,1.28,6,6,28.0
2025-06-25 19:00,279,구미,25.8,56,1.2,250,,1000.5,1006.1,0.6,0.47,3,0,25.4
2025-06-25 20:00,279,구미,22.9,71,2.1,290,,1000.8,1006.4,0.0,0.05,2,0,22.9
2025-06-25 21:00,279,구미,22.2,75,2.5,290,,1001.1,1006.8,,,8,0,22.4
2025-06-25 22:00,279,구미,22.0,79,1.3,270,,1001.4,1007.1,,,10,10,22.5
2025-06-25 23:00,279,구미,22.0,78,0.7,270,,1001.7,1007.4,,,10,10,22.3
2025-06-26 00:00,279,구미,21.8,82,0.0,0,,1002.2,1007.9,,,10,10,22.3
2025-06-26 01:00,279,구미,21.6,82,0.5,290,,1002.1,1007.8,,,10,10,22.1
2025-06-26 02:00,279,구미,21.6,82,0.6,270,,1002.0,1007.7,,,10,10,21.9
2025-06-26 03:00,279,구미,21.6,82,0.4,0,,1002.1,1007.8,,,10,10,21.8
2025-06-26 04:00,279,구미,21.2,86,0.6,290,,1002.0,1007.7,,,8,8,21.7
2025-06-26 05:00,279,구미,21.2,86,0.4,0,,1002.2,1007.9,,,10,10,21.7
2025-06-26 06:00,279,구미,21.3,87,0.6,290,,1002.4,1008.1,0.0,0.0,8,8,21.8
2025-06-26 07:00,279,구미,21.9,84,0.8,290,,1002.5,1008.2,0.0,0.16,10,10,22.9
2025-06-26 08:00,279,구미,23.6,75,0.6,320,,1002.8,1008.4,0.0,0.51,10,10,25.2
2025-06-26 09:00,279,구미,24.7,68,1.3,320,,1002.9,1008.5,0.0,0.89,10,10,27.9
2025-06-26 10:00,279,구미,27.1,61,2.1,270,,1002.8,1008.4,0.3,1.95,10,9,36.5
2025-06-26 11:00,279,구미,26.1,65,2.8,290,,1002.7,1008.3,0.6,2.45,9,4,33.3
2025-06-26 12:00,279,구미,27.9,61,1.9,250,,1002.3,1007.8,0.0,1.93,9,9,35.2
2025-06-26 13:00,279,구미,28.5,58,1.5,320,,1002.0,1007.5,0.0,2.17,9,5,35.4
2025-06-26 14:00,279,구미,28.9,55,1.9,270,,1001.6,1007.1,0.2,1.9,9,8,35.8
2025-06-26 15:00,279,구미,30.1,51,2.0,250,,1001.4,1006.9,0.7,2.72,6,6,39.5
2025-06-26 16:00,279,구미,28.0,58,2.6,290,,1001.7,1007.2,0.2,1.4,9,9,33.0
2025-06-26 17:00,279,구미,28.0,61,1.7,290,,1001.6,1007.1,0.1,0.98,9,9,32.2
2025-06-26 18:00,279,구미,27.2,61,2.2,320,,1001.9,1007.5,0.3,0.73,10,10,29.7
2025-06-26 19:00,279,구미,26.3,67,0.8,320,,1002.1,1007.7,0.0,0.3,8,8,27.3
2025-06-26 20:00,279,구미,25.2,71,1.2,340,,1002.2,1007.8,0.0,0.04,8,8,25.6
2025-06-26 21:00,279,구미,24.5,77,0.5,250,,1002.5,1008.1,,,8,8,24.8
2025-06-26 22:00,279,구미,24.0,80,1.5,290,,1002.8,1008.4,,,8,8,24.0
2025-06-26 23:00,279,구미,22.8,83,0.7,250,,1002.9,1008.6,,,6,2,22.8
2025-06-27 00:00,279,구미,22.0,87,0.5,270,,1002.7,1008.3,,,8,0,22.1
2025-06-27 01:00,279,구미,21.3,90,0.3,0,,1002.6,1008.3,,,8,0,21.6
2025-06-27 02:00,279,구미,21.0,91,1.3,270,,1002.4,1008.1,,,8,0,21.2
2025-06-27 03:00,279,구미,21.0,90,0.7,320,,1002.6,1008.3,,,8,5,21.2
2025-06-27 04:00,279,구미,20.6,92,0.6,270,,1002.5,1008.2,,,8,8,20.7
2025-06-27 05:00,279,구미,20.2,92,0.7,250,,1002.6,1008.3,,,8,0,20.3
2025-06-27 06:00,279,구미,20.5,92,0.7,290,,1002.9,1008.6,0.0,0.05,8,1,20.8
2025-06-27 07:00,279,구미,21.9,85,0.9,340,,1003.1,1008.8,0.4,0.37,7,2,24.1
2025-06-27 08:00,279,구미,24.3,72,1.7,290,,1003.2,1008.8,0.8,1.15,8,8,28.8
2025-06-27 09:00,279,구미,25.9,66,1.4,320,,1003.0,1008.6,1.0,1.58,8,6,32.4
2025-06-27 10:00,279,구미,27.4,60,0.9,360,,1003.1,1008.7,1.0,2.34,7,0,36.7
2025-06-27 11:00,279,구미,28.2,60,1.6,290,,1002.9,1008.4,0.9,2.44,7,2,40.1
2025-06-27 12:00,279,구미,29.7,57,1.7,320,,1002.2,1007.7,1.0,2.99,6,1,43.7
2025-06-27 13:00,279,구미,30.0,56,1.3,290,,1001.7,1007.2,1.0,3.12,6,0,44.1
2025-06-27 14:00,279,구미,30.9,52,1.6,320,,1001.4,1006.9,1.0,3.28,3,0,47.4
2025-06-27 15:00,279,구미,32.0,50,1.6,70,,1000.9,1006.4,1.0,2.99,3,1,47.4
2025-06-27 16:00,279,구미,32.0,50,1.6,70,,1000.9,1006.4,1.0,2.51,6,1,45.1
2025-06-27 17:00,279,구미,32.6,50,1.1,270,,1000.5,1005.9,1.0,1.88,7,0,41.4
2025-06-27 18:00,279,구미,31.4,54,1.1,160,,1000.5,1006.0,1.0,1.16,5,0,36.1
2025-06-27 19:00,279,구미,29.6,65,1.1,250,,1000.8,1006.3,0.6,0.4,3,0,32.1
2025-06-27 20:00,279,구미,27.7,71,0.7,250,,1001.1,1006.6,0.0,0.05,3,0,29.4
2025-06-27 21:00,279,구미,26.4,79,1.2,270,,1001.9,1007.5,,,3,0,27.7
2025-06-27 22:00,279,구미,25.7,81,1.1,290,,1002.2,1007.8,,,0,0,26.5
2025-06-27 23:00,279,구미,25.0,84,0.6,320,,1002.0,1007.6,,,0,0,25.7
2025-06-28 00:00,279,구미,24.6,86,0.8,270,,1002.4,1008.0,,,0,0,24.9
2025-06-28 01:00,279,구미,24.0,88,0.8,320,,1002.3,1007.9,,,0,0,24.5
2025-06-28 02:00,279,구미,23.8,90,0.5,290,,1002.2,1007.8,,,6,2,24.2
2025-06-28 03:00,279,구미,23.5,91,0.7,290,,1002.4,1008.0,,,6,3,23.8
2025-06-28 04:00,279,구미,23.2,93,0.8,290,,1002.1,1007.7,,,7,0,23.5
2025-06-28 05:00,279,구미,23.0,93,1.1,290,,1002.1,1007.7,,,7,1,23.2
2025-06-28 06:00,279,구미,23.8,90,0.2,0,,1002.4,1008.0,0.0,0.08,7,2,24.4
2025-06-28 07:00,279,구미,24.5,88,0.2,0,,1002.5,1008.1,0.0,0.25,10,8,25.8
2025-06-28 08:00,279,구미,26.5,79,0.4,0,,1002.5,1008.1,0.2,0.73,8,8,30.7
2025-06-28 09:00,279,구미,27.7,72,0.7,140,,1002.3,1007.8,0.5,1.44,7,7,34.6
2025-06-28 10:00,279,구미,30.3,64,1.4,50,,1001.8,1007.3,1.0,2.21,7,4,42.8
2025-06-28 11:00,279,구미,31.1,58,1.3,70,,1001.6,1007.1,0.4,2.14,9,8,43.6
2025-06-28 12:00,279,구미,31.8,58,1.2,160,,1001.1,1006.6,0.5,2.55,7,7,47.3
2025-06-28 13:00,279,구미,34.0,54,1.0,20,,1000.7,1006.1,0.5,2.5,7,7,48.2
2025-06-28 14:00,279,구미,33.8,55,1.4,70,,1000.2,1005.6,0.4,2.33,7,7,48.4
2025-06-28 15:00,279,구미,33.7,55,1.1,70,,999.7,1005.1,0.6,2.11,6,6,46.5
2025-06-28 16:00,279,구미,27.6,89,1.9,290,1.7,999.9,1005.4,0.2,0.81,10,1,32.7
2025-06-28 17:00,279,구미,27.1,80,2.7,290,1.1,999.8,1005.3,0.3,0.93,7,2,33.8
2025-06-28 18:00,279,구미,25.8,83,1.5,320,,1000.4,1006.0,0.1,0.32,10,1,29.1
2025-06-28 19:00,279,구미,25.3,91,2.2,250,1.8,1000.4,1006.0,0.0,0.18,10,1,28.5
2025-06-28 20:00,279,구미,24.8,93,0.6,290,0.4,1001.0,1006.6,0.0,0.08,10,1,27.2
2025-06-28 21:00,279,구미,24.4,95,1.3,290,,1001.3,1006.9,,,6,6,26.2
2025-06-28 22:00,279,구미,24.4,94,0.7,250,,1001.5,1007.1,,,1,1,25.5
2025-06-28 23:00,279,구미,23.9,96,1.2,270,,1001.3,1006.9,,,0,0,25.0
2025-06-29 00:00,279,구미,23.7,96,0.9,290,,1001.3,1006.9,,,0,0,24.6
2025-06-29 01:00,279,구미,23.4,97,0.5,320,,1001.1,1006.7,,,0,0,24.3
2025-06-29 02:00,279,구미,23.3,96,0.5,320,,1001.0,1006.6,,,0,0,24.4
2025-06-29 03:00,279,구미,23.6,95,0.8,270,,1001.1,1006.7,,,0,0,24.6
2025-06-29 04:00,279,구미,23.7,97,0.7,290,,1001.3,1006.9,,,0,0,24.7
2025-06-29 05:00,279,구미,23.7,98,0.5,270,,1001.6,1007.2,,,0,0,24.8
2025-06-29 06:00,279,구미,23.8,97,0.9,290,,1002.1,1007.7,0.0,0.02,0,0,25.0
2025-06-29 07:00,279,구미,24.1,94,0.4,0,,1002.3,1007.9,0.0,0.22,0,0,26.2
2025-06-29 08:00,279,구미,25.2,90,1.0,290,,1002.7,1008.3,0.0,0.54,9,9,28.2
2025-06-29 09:00,279,구미,26.8,82,0.9,70,,1002.6,1008.2,0.0,1.03,8,8,31.8
2025-06-29 10:00,279,구미,28.4,75,0.8,20,,1002.7,1008.2,0.4,1.7,6,6,37.4
2025-06-29 11:00,279,구미,30.4,68,1.0,90,,1002.6,1008.1,0.5,2.42,5,5,41.4
2025-06-29 12:00,279,구미,31.1,67,1.4,50,,1002.1,1007.6,0.5,2.48,4,4,40.6
2025-06-29 13:00,279,구미,32.3,67,1.4,110,,1001.3,1006.8,0.7,2.9,4,4,40.5
2025-06-29 14:00,279,구미,33.3,60,1.2,290,,1000.8,1006.2,0.8,3.02,4,3,43.8
2025-06-29 15:00,279,구미,32.7,59,1.1,110,,1000.6,1006.0,0.8,2.68,4,4,40.4
2025-06-29 16:00,279,구미,33.9,58,1.1,230,,1000.4,1005.8,0.8,2.14,4,2,40.7
2025-06-29 17:00,279,구미,33.2,59,1.2,200,,1000.2,1005.6,0.8,1.6,2,1,36.8
2025-06-29 18:00,279,구미,32.4,68,0.8,250,,1000.4,1005.9,0.3,0.58,2,1,34.7
2025-06-29 19:00,279,구미,31.2,75,1.2,270,,1000.6,1006.1,0.3,0.4,4,2,32.3
2025-06-29 20:00,279,구미,29.7,80,2.5,270,,1000.9,1006.4,0.0,0.08,4,4,30.0
2025-06-29 21:00,279,구미,29.3,74,2.1,270,,1001.7,1007.2,,,4,4,28.9
2025-06-29 22:00,279,구미,28.6,75,1.5,290,,1002.3,1007.8,,,0,0,28.0
2025-06-29 23:00,279,구미,27.7,78,0.6,270,,1002.7,1008.3,,,0,0,27.0
2025-06-30 00:00,279,구미,26.8,83,0.8,270,,1003.0,1008.6,,,0,0,26.6
2025-06-30 01:00,279,구미,26.8,83,1.2,270,,1003.5,1009.1,,,2,2,26.5
2025-06-30 02:00,279,구미,26.4,85,0.1,0,,1003.8,1009.4,,,2,2,26.0
2025-06-30 03:00,279,구미,25.7,89,0.6,250,,1003.8,1009.4,,,0,0,25.6
2025-06-30 04:00,279,구미,24.9,92,0.9,290,,1003.7,1009.3,,,0,0,24.9
2025-06-30 05:00,279,구미,24.7,92,0.9,270,,1004.3,1009.9,,,0,0,24.4
2025-06-30 06:00,279,구미,24.8,92,1.2,290,,1004.9,1010.5,0.3,0.07,0,0,24.7
2025-06-30 07:00,279,구미,27.2,81,0.5,360,,1005.1,1010.7,1.0,0.56,0,0,29.7
2025-06-30 08:00,279,구미,29.1,73,0.8,340,,1005.4,1010.9,1.0,1.24,0,0,35.1
2025-06-30 09:00,279,구미,30.6,64,1.3,50,,1005.1,1010.6,0.7,1.41,0,0,38.4
2025-06-30 10:00,279,구미,31.6,59,1.5,270,,1005.0,1010.5,0.9,2.53,3,1,44.0
2025-06-30 11:00,279,구미,31.8,56,1.5,270,,1004.8,1010.3,0.9,2.83,4,4,47.1
2025-06-30 12:00,279,구미,33.1,53,1.4,340,,1004.5,1010.0,0.9,3.3,3,2,50.7
2025-06-30 13:00,279,구미,32.7,53,1.9,250,,1004.2,1009.7,0.7,2.96,6,3,47.1
2025-06-30 14:00,279,구미,33.5,51,0.9,140,,1003.9,1009.3,0.5,2.31,6,5,51.0
2025-06-30 15:00,279,구미,33.4,53,1.2,180,,1003.5,1008.9,0.5,2.33,8,6,44.3
2025-06-30 16:00,279,구미,33.5,55,1.1,290,,1003.4,1008.8,0.4,1.67,6,1,41.8
2025-06-30 17:00,279,구미,34.7,50,1.1,270,,1003.2,1008.6,0.7,1.46,8,4,43.8
2025-06-30 18:00,279,구미,34.2,53,0.4,0,,1003.1,1008.5,0.8,1.04,5,4,38.2
2025-06-30 19:00,279,구미,31.3,68,1.1,250,,1003.3,1008.8,0.1,0.28,5,2,34.4
2025-06-30 20:00,279,구미,29.6,76,1.2,250,,1003.7,1009.2,0.0,0.05,5,1,31.5
2025-06-30 21:00,279,구미,28.7,80,1.5,250,,1004.4,1009.9,,,0,0,30.2
2025-06-30 22:00,279,구미,28.1,82,0.9,270,,1004.9,1010.5,,,2,2,29.3
2025-06-30 23:00,279,구미,27.3,85,0.8,270,,1005.1,1010.7,,,0,0,28.1
2025-06-01 00:00,295,남해,17.2,88,0.5,270,,1005.6,1011.0,,,7,0,17.0
2025-06-01 01:00,295,남해,16.9,89,1.1,270,,1005.5,1010.9,,,8,0,16.5
2025-06-01 02:00,295,남해,16.9,87,1.0,250,,1005.5,1010.9,,,7,0,16.2
2025-06-01 03:00,295,남해,15.9,89,0.7,250,,1005.4,1010.8,,,0,0,14.9
2025-06-01 04:00,295,남해,16.0,89,0.9,250,,1005.5,1010.9,,,0,0,14.6
2025-06-01 05:00,295,남해,15.9,91,1.3,250,,1005.8,1011.2,,,0,0,14.5
2025-06-01 06:00,295,남해,16.0,92,0.7,270,,1006.1,1011.5,0.0,,0,0,15.7
2025-06-01 07:00,295,남해,17.2,94,0.7,290,,1006.6,1012.0,0.0,,0,0,19.5
2025-06-01 08:00,295,남해,18.6,87,0.8,70,,1006.6,1012.0,0.4,,0,0,26.3
2025-06-01 09:00,295,남해,20.1,76,1.3,50,,1006.5,1011.8,0.4,,0,0,34.0
2025-06-01 10:00,295,남해,22.1,69,1.4,20,,1006.0,1011.3,1.0,,0,0,41.4
2025-06-01 11:00,295,남해,23.9,63,1.4,70,,1005.6,1010.8,1.0,,0,0,46.9
2025-06-01 12:00,295,남해,25.5,54,1.9,70,,1005.3,1010.5,1.0,,0,0,51.0
2025-06-01 13:00,295,남해,26.6,47,2.1,110,,1004.5,1009.7,1.0,,3,1,52.7
2025-06-01 14:00,295,남해,26.2,58,2.2,200,,1004.3,1009.5,0.8,,8,1,46.0
2025-06-01 15:00,295,남해,26.0,52,2.0,230,,1003.7,1008.9,1.0,,7,0,45.8
2025-06-01 16:00,295,남해,25.2,54,3.3,200,,1003.3,1008.5,1.0,,7,0,40.3
2025-06-01 17:00,295,남해,25.1,52,2.4,200,,1003.0,1008.2,1.0,,0,0,35.4
2025-06-01 18:00,295,남해,24.4,56,1.6,230,,1003.0,1008.2,0.9,,7,0,29.4
2025-06-01 19:00,295,남해,22.5,66,1.4,270,,1003.2,1008.5,0.4,,7,0,24.9
2025-06-01 20:00,295,남해,20.5,72,1.0,250,,1003.5,1008.8,0.0,,0,0,21.1
2025-06-01 21:00,295,남해,19.2,71,1.3,270,,1003.4,1008.7,,,6,0,19.3
2025-06-01 22:00,295,남해,18.5,74,0.8,250,,1003.8,1009.1,,,7,0,18.3
2025-06-01 23:00,295,남해,17.7,76,1.0,270,,1003.5,1008.9,,,8,0,17.4
2025-06-02 00:00,295,남해,17.6,70,0.5,270,,1003.0,1008.3,,,9,0,17.5
2025-06-02 01:00,295,남해,17.5,68,0.4,0,,1002.6,1008.0,,,9,0,17.2
2025-06-02 02:00,295,남해,17.4,67,0.6,250,,1002.2,1007.6,,,9,3,17.0
2025-06-02 03:00,295,남해,17.4,73,0.4,0,,1001.9,1007.3,,,10,8,17.7
2025-06-02 04:00,295,남해,17.3,72,0.1,0,,1001.2,1006.6,,,10,3,17.8
2025-06-02 05:00,295,남해,17.4,75,0.2,0,,1001.0,1006.4,,,10,8,17.9
2025-06-02 06:00,295,남해,17.6,70,0.5,250,,1001.0,1006.4,0.0,,10,10,18.3
2025-06-02 07:00,295,남해,18.1,77,0.6,230,,1001.0,1006.3,0.0,,10,10,19.5
2025-06-02 08:00,295,남해,18.8,83,0.3,0,,1001.3,1006.6,0.0,,10,10,21.8
2025-06-02 09:00,295,남해,19.5,85,0.4,0,0.0,1001.1,1006.4,0.0,,10,10,24.7
2025-06-02 10:00,295,남해,20.2,79,1.0,90,0.0,1000.9,1006.2,0.0,,10,10,25.8
2025-06-02 11:00,295,남해,20.4,74,0.7,200,0.0,1001.2,1006.5,0.0,,10,7,26.2
2025-06-02 12:00,295,남해,20.5,73,0.7,270,0.2,1000.3,1005.6,0.0,,10,1,26.3
2025-06-02 13:00,295,남해,20.9,63,1.1,180,0.0,1000.0,1005.3,0.0,,10,1,28.2
2025-06-02 14:00,295,남해,20.2,78,0.9,90,0.0,999.4,1004.7,0.0,,10,9,25.5
2025-06-02 15:00,295,남해,19.1,76,1.9,90,0.2,999.1,1004.4,0.0,,10,5,23.5
2025-06-02 16:00,295,남해,17.3,85,1.5,110,0.2,998.4,1003.7,0.0,,10,10,21.3
2025-06-02 17:00,295,남해,17.3,90,0.9,90,0.9,997.9,1003.2,0.0,,10,7,20.8
2025-06-02 18:00,295,남해,16.8,95,1.1,110,0.7,997.3,1002.6,0.0,,10,5,19.9
2025-06-02 19:00,295,남해,16.5,95,0.9,90,0.8,996.8,1002.2,0.0,,10,8,19.0
2025-06-02 20:00,295,남해,16.6,94,1.3,70,0.4,996.7,1002.0,0.0,,10,8,18.3
2025-06-02 21:00,295,남해,16.7,96,2.2,360,0.7,996.6,1001.9,,,10,5,18.1
2025-06-02 22:00,295,남해,16.6,97,1.6,360,1.1,996.8,1002.1,,,10,8,18.0
2025-06-02 23:00,295,남해,16.5,97,1.1,50,0.9,996.1,1001.4,,,10,5,17.9
2025-06-03 00:00,295,남해,16.4,97,2.0,360,0.3,995.3,1000.6,,,10,6,17.7
2025-06-03 01:00,295,남해,16.4,97,1.4,340,0.1,994.6,999.9,,,10,10,17.7
2025-06-03 02:00,295,남해,16.5,94,1.6,340,0.1,994.0,999.3,,,9,9,17.6
2025-06-03 03:00,295,남해,16.6,94,0.5,250,0.1,993.7,999.0,,,10,10,17.7
2025-06-03 04:00,295,남해,16.7,93,1.1,320,0.1,993.5,998.8,,,10,10,17.6
2025-06-03 05:00,295,남해,16.6,94,0.9,290,,993.6,998.9,,,10,10,17.5
2025-06-03 06:00,295,남해,16.4,94,0.8,270,,994.1,999.4,,,10,10,17.6
2025-06-03 07:00,295,남해,16.8,93,1.0,270,,994.4,999.7,0.0,,8,2,18.5
2025-06-03 08:00,295,남해,19.1,77,0.4,0,,994.7,1000.0,0.8,,4,0,25.6
2025-06-03 09:00,295,남해,20.7,74,0.4,0,,994.9,1000.2,0.4,,1,0,30.4
2025-06-03 10:00,295,남해,21.8,71,1.0,70,,994.8,1000.0,1.0,,2,0,34.0
2025-06-03 11:00,295,남해,23.1,63,1.7,90,,994.3,999.5,1.0,,0,0,36.1
2025-06-03 12:00,295,남해,24.9,57,2.6,270,,994.2,999.4,0.9,,2,2,37.8
2025-06-03 13:00,295,남해,26.2,51,4.8,290,,994.2,999.3,1.0,,3,2,39.2
2025-06-03 14:00,295,남해,26.1,48,4.3,270,,993.6,998.7,1.0,,0,0,40.0
2025-06-03 15:00,295,남해,26.5,46,3.0,270,,993.7,998.8,1.0,,0,0,38.4
2025-06-03 16:00,295,남해,26.6,42,3.0,270,,993.5,998.6,0.9,,0,0,36.1
2025-06-03 17:00,295,남해,26.8,40,3.6,320,,993.5,998.6,1.0,,0,0,31.6
2025-06-03 18:00,295,남해,25.9,36,3.0,290,,994.1,999.2,1.0,,0,0,25.5
2025-06-03 19:00,295,남해,24.4,37,3.2,320,,995.1,1000.3,1.0,,0,0,21.8
2025-06-03 20:00,295,남해,23.0,29,2.8,320,,996.5,1001.7,0.1,,0,0,18.7
2025-06-03 21:00,295,남해,21.1,36,0.8,290,,997.1,1002.4,,,7,2,18.3
2025-06-03 22:00,295,남해,21.7,28,1.2,270,,997.7,1002.9,,,7,3,17.2
2025-06-03 23:00,295,남해,21.9,27,1.5,290,,998.3,1003.5,,,8,0,16.6
2025-06-04 00:00,295,남해,21.6,30,2.0,270,,998.3,1003.5,,,8,5,16.2
2025-06-04 01:00,295,남해,21.5,29,3.1,290,,998.3,1003.6,,,5,1,15.1
2025-06-04 02:00,295,남해,19.7,35,1.2,270,,998.3,1003.6,,,4,0,14.1
2025-06-04 03:00,295,남해,19.1,40,1.1,270,,998.6,1003.9,,,0,0,13.4
2025-06-04 04:00,295,남해,18.9,41,1.8,290,,999.0,1004.3,,,0,0,13.1
2025-06-04 05:00,295,남해,17.1,50,1.2,250,,999.7,1005.1,,,0,0,12.8
2025-06-04 06:00,295,남해,17.7,51,1.0,250,,1000.3,1005.6,0.0,,0,0,13.2
2025-06-04 07:00,295,남해,20.2,41,1.6,320,,1000.7,1006.0,1.0,,0,0,18.1
2025-06-04 08:00,295,남해,21.3,43,1.2,320,,1001.2,1006.5,0.9,,0,0,25.6
2025-06-04 09:00,295,남해,22.7,40,2.3,270,,1001.2,1006.4,0.4,,0,0,32.9
2025-06-04 10:00,295,남해,23.5,36,2.9,270,,1001.1,1006.3,1.0,,0,0,39.3
2025-06-04 11:00,295,남해,24.5,35,2.9,250,,1000.7,1005.9,1.0,,0,0,44.9
2025-06-04 12:00,295,남해,25.7,32,3.0,230,,999.9,1005.1,1.0,,0,0,48.0
2025-06-04 13:00,295,남해,26.6,34,3.5,250,,999.4,1004.6,1.0,,0,0,50.4
2025-06-04 14:00,295,남해,26.8,39,2.5,250,,998.7,1003.9,1.0,,0,0,51.0
2025-06-04 15:00,295,남해,28.1,27,4.5,270,,998.1,1003.2,1.0,,0,0,48.3
2025-06-04 16:00,295,남해,27.6,21,5.1,270,,998.4,1003.5,1.0,,0,0,42.6
2025-06-04 17:00,295,남해,27.4,21,4.8,270,,998.8,1003.9,1.0,,0,0,36.0
2025-06-04 18:00,295,남해,26.8,20,3.8,320,,999.4,1004.6,1.0,,0,0,27.7
2025-06-04 19:00,295,남해,25.6,19,4.5,290,,1000.2,1005.4,1.0,,0,0,23.4
2025-06-04 20:00,295,남해,24.3,22,2.9,290,,1001.3,1006.5,0.1,,0,0,20.6
2025-06-04 21:00,295,남해,23.2,26,3.2,320,,1002.3,1007.5,,,0,0,19.3
2025-06-04 22:00,295,남해,22.3,30,2.6,290,,1003.4,1008.7,,,0,0,18.3
2025-06-04 23:00,295,남해,20.2,39,2.6,270,,1003.6,1008.9,,,0,0,16.9
2025-06-05 00:00,295,남해,20.0,41,3.2,270,,1003.8,1009.1,,,0,0,16.1
2025-06-05 01:00,295,남해,19.6,43,2.0,290,,1004.3,1009.6,,,0,0,15.3
2025-06-05 02:00,295,남해,17.6,52,0.5,230,,1004.7,1010.1,,,0,0,14.3
2025-06-05 03:00,295,남해,17.0,56,1.2,250,,1005.1,1010.5,,,0,0,13.6
2025-06-05 04:00,295,남해,15.6,61,0.9,250,,1005.6,1011.0,,,0,0,12.7
2025-06-05 05:00,295,남해,15.4,63,0.8,250,,1006.0,1011.4,,,0,0,12.1
2025-06-05 06:00,295,남해,16.2,62,1.7,250,,1006.6,1012.0,0.0,,0,0,13.0
2025-06-05 07:00,295,남해,18.4,58,0.5,90,,1007.2,1012.6,1.0,,0,0,18.8
2025-06-05 08:00,295,남해,19.2,61,1.4,50,,1007.5,1012.9,0.9,,0,0,27.9
2025-06-05 09:00,295,남해,19.9,62,1.7,70,,1007.8,1013.1,0.4,,0,0,35.9
2025-06-05 10:00,295,남해,22.2,53,1.3,20,,1007.7,1013.0,1.0,,0,0,43.4
2025-06-05 11:00,295,남해,24.0,45,1.8,70,,1007.2,1012.5,1.0,,0,0,49.2
2025-06-05 12:00,295,남해,24.8,38,1.9,70,,1006.8,1012.0,1.0,,0,0,52.5
2025-06-05 13:00,295,남해,25.9,35,1.6,50,,1006.4,1011.6,1.0,,7,1,54.4
2025-06-05 14:00,295,남해,26.7,36,2.7,90,,1005.9,1011.1,1.0,,5,0,53.3
2025-06-05 15:00,295,남해,26.3,44,2.0,140,,1005.1,1010.3,1.0,,7,0,45.7
2025-06-05 16:00,295,남해,25.7,41,2.3,200,,1004.8,1010.0,0.9,,8,0,36.8
2025-06-05 17:00,295,남해,24.8,42,2.8,230,,1004.5,1009.7,0.7,,8,0,33.1
2025-06-05 18:00,295,남해,24.3,45,0.8,180,,1004.6,1009.8,0.6,,5,0,28.7
2025-06-05 19:00,295,남해,23.3,49,0.9,270,,1005.2,1010.5,0.3,,5,0,25.2
2025-06-05 20:00,295,남해,22.0,52,0.7,340,,1005.6,1010.9,0.1,,3,0,22.1
2025-06-05 21:00,295,남해,19.8,63,0.5,340,,1006.1,1011.4,,,7,0,20.7
2025-06-05 22:00,295,남해,18.8,67,0.6,250,,1006.1,1011.5,,,0,0,19.2
2025-06-05 23:00,295,남해,17.7,73,0.5,200,,1006.0,1011.4,,,4,2,18.1
2025-06-06 00:00,295,남해,17.2,75,0.1,0,,1005.9,1011.3,,,3,3,17.0
2025-06-06 01:00,295,남해,17.5,74,0.4,0,,1005.6,1011.0,,,7,6,17.4
2025-06-06 02:00,295,남해,17.2,77,0.7,270,,1005.4,1010.8,,,7,7,16.6
2025-06-06 03:00,295,남해,17.4,75,0.5,270,,1005.0,1010.4,,,9,1,16.9
2025-06-06 04:00,295,남해,17.6,72,0.6,270,,1004.9,1010.3,,,9,9,17.2
2025-06-06 05:00,295,남해,17.8,65,0.8,270,,1005.1,1010.5,,,8,4,17.0
2025-06-06 06:00,295,남해,17.8,69,0.0,0,,1005.8,1011.2,0.0,,8,8,17.9
2025-06-06 07:00,295,남해,18.6,69,0.3,0,,1005.6,1011.0,0.0,,8,8,19.6
2025-06-06 08:00,295,남해,20.1,64,0.2,0,,1005.9,1011.2,0.0,,8,5,22.8
2025-06-06 09:00,295,남해,21.7,61,1.0,90,,1006.0,1011.3,0.1,,8,6,27.6
2025-06-06 10:00,295,남해,22.7,57,0.7,20,,1005.9,1011.2,0.0,,9,9,29.9
2025-06-06 11:00,295,남해,24.9,45,1.6,110,,1005.8,1011.0,0.3,,9,7,35.8
2025-06-06 12:00,295,남해,24.4,44,1.4,140,,1005.7,1010.9,0.1,,10,8,33.3
2025-06-06 13:00,295,남해,24.6,40,1.6,140,,1005.3,1010.5,0.1,,10,7,34.6
2025-06-06 14:00,295,남해,26.3,36,1.7,70,,1004.7,1009.9,0.2,,9,6,39.4
2025-06-06 15:00,295,남해,24.3,43,0.8,160,,1004.9,1010.1,0.1,,10,3,29.9
2025-06-06 16:00,295,남해,24.4,42,1.1,270,,1004.8,1010.0,0.0,,10,2,28.9
2025-06-06 17:00,295,남해,23.6,48,1.3,340,,1004.7,1009.9,0.0,,9,1,26.3
2025-06-06 18:00,295,남해,23.4,52,0.7,200,,1004.1,1009.3,0.0,,10,8,26.6
2025-06-06 19:00,295,남해,22.0,58,0.7,140,,1004.2,1009.5,0.0,,10,2,24.1
2025-06-06 20:00,295,남해,20.2,63,0.5,180,,1005.0,1010.3,0.0,,7,7,21.5
2025-06-06 21:00,295,남해,20.6,59,1.1,250,,1005.3,1010.6,,,10,10,21.1
2025-06-06 22:00,295,남해,20.2,61,0.6,320,,1005.6,1010.9,,,9,9,20.5
2025-06-06 23:00,295,남해,18.4,66,0.5,250,,1005.6,1011.0,,,4,4,18.3
2025-06-07 00:00,295,남해,17.9,64,1.1,250,,1005.4,1010.7,,,6,0,17.0
2025-06-07 01:00,295,남해,16.9,70,0.7,270,,1005.3,1010.7,,,7,0,16.2
2025-06-07 02:00,295,남해,16.8,68,0.7,250,,1005.2,1010.6,,,7,1,16.1
2025-06-07 03:00,295,남해,16.5,72,0.6,250,,1005.1,1010.5,,,6,6,15.7
2025-06-07 04:00,295,남해,16.0,78,0.5,250,,1005.1,1010.5,,,7,3,15.5
2025-06-07 05:00,295,남해,16.3,81,0.4,0,,1005.0,1010.4,,,10,9,16.0
2025-06-07 06:00,295,남해,16.4,85,0.1,0,,1005.0,1010.4,0.0,,8,0,16.7
2025-06-07 07:00,295,남해,18.2,78,0.4,0,,1005.1,1010.5,0.2,,6,0,19.2
2025-06-07 08:00,295,남해,19.7,78,0.4,0,,1004.8,1010.1,0.8,,7,0,25.0
2025-06-07 09:00,295,남해,22.1,67,1.0,50,,1005.0,1010.3,0.4,,5,0,33.3
2025-06-07 10:00,295,남해,23.7,63,1.3,50,,1004.9,1010.1,1.0,,6,0,40.0
2025-06-07 11:00,295,남해,25.4,51,1.6,50,,1005.2,1010.4,1.0,,5,1,45.5
2025-06-07 12:00,295,남해,26.5,38,2.6,200,,1004.3,1009.5,1.0,,7,0,49.2
2025-06-07 13:00,295,남해,26.7,43,2.5,180,,1004.0,1009.2,1.0,,7,1,50.6
2025-06-07 14:00,295,남해,26.2,49,2.7,200,,1003.9,1009.1,1.0,,8,7,48.8
2025-06-07 15:00,295,남해,25.9,48,2.6,200,,1003.6,1008.8,1.0,,8,0,46.5
2025-06-07 16:00,295,남해,24.9,53,2.5,230,,1002.8,1008.0,0.7,,7,0,40.0
2025-06-07 17:00,295,남해,23.7,62,1.1,160,,1003.2,1008.4,0.2,,9,0,33.6
2025-06-07 18:00,295,남해,23.9,61,1.7,230,,1003.2,1008.4,0.3,,9,0,30.3
2025-06-07 19:00,295,남해,23.5,69,1.4,250,,1003.5,1008.7,0.0,,10,0,27.0
2025-06-07 20:00,295,남해,22.8,76,1.1,70,,1003.7,1009.0,0.0,,10,2,24.8
2025-06-07 21:00,295,남해,22.1,81,1.0,70,,1004.2,1009.5,,,10,6,23.8
2025-06-07 22:00,295,남해,21.9,83,0.8,90,,1004.5,1009.8,,,10,0,23.1
2025-06-07 23:00,295,남해,21.5,86,1.1,50,,1004.5,1009.8,,,10,0,22.5
2025-06-08 00:00,295,남해,21.1,88,0.7,70,,1004.6,1009.9,,,10,2,21.8
2025-06-08 01:00,295,남해,20.9,89,0.5,70,,1004.1,1009.4,,,10,2,21.5
2025-06-08 02:00,295,남해,21.1,89,0.3,0,,1003.7,1009.0,,,10,2,21.3
2025-06-08 03:00,295,남해,20.6,91,0.3,0,,1003.2,1008.5,,,10,0,21.1
2025-06-08 04:00,295,남해,20.6,92,0.4,0,,1003.0,1008.3,,,10,7,20.7
2025-06-08 05:00,295,남해,20.4,92,0.3,0,,1003.2,1008.5,,,9,5,20.1
2025-06-08 06:00,295,남해,20.1,93,0.3,0,,1003.3,1008.6,0.0,,10,2,20.7
2025-06-08 07:00,295,남해,20.8,93,0.3,0,,1003.9,1009.2,0.0,,9,0,22.9
2025-06-08 08:00,295,남해,21.3,90,0.9,70,,1004.0,1009.3,0.0,,10,2,25.5
2025-06-08 09:00,295,남해,21.2,91,0.8,70,,1004.2,1009.5,0.0,,10,10,25.7
2025-06-08 10:00,295,남해,21.8,89,1.6,70,,1004.1,1009.4,0.0,,10,3,29.2
2025-06-08 11:00,295,남해,23.6,82,1.4,20,,1004.4,1009.6,0.0,,9,6,33.6
2025-06-08 12:00,295,남해,25.2,70,2.5,200,,1003.9,1009.1,0.4,,8,5,42.5
2025-06-08 13:00,295,남해,25.5,71,1.9,70,,1003.4,1008.6,0.6,,8,1,44.5
2025-06-08 14:00,295,남해,26.6,68,2.0,90,,1002.9,1008.1,0.9,,7,1,48.9
2025-06-08 15:00,295,남해,25.5,73,2.3,200,,1002.8,1008.0,0.4,,8,2,42.2
2025-06-08 16:00,295,남해,26.9,64,1.9,140,,1002.4,1007.6,0.3,,7,6,40.4
2025-06-08 17:00,295,남해,24.8,72,2.6,230,,1002.4,1007.6,0.9,,4,0,35.7
2025-06-08 18:00,295,남해,23.7,75,2.0,230,,1002.8,1008.0,0.8,,1,0,30.1
2025-06-08 19:00,295,남해,23.5,72,1.6,230,,1003.3,1008.5,0.8,,7,0,27.2
2025-06-08 20:00,295,남해,23.3,68,2.0,270,,1003.3,1008.5,0.0,,8,0,24.5
2025-06-08 21:00,295,남해,22.2,77,1.3,290,,1004.0,1009.3,,,7,0,22.9
2025-06-08 22:00,295,남해,20.5,85,0.7,180,,1004.6,1009.9,,,0,0,21.3
2025-06-08 23:00,295,남해,19.7,78,0.9,250,,1004.8,1010.1,,,0,0,20.1
2025-06-09 00:00,295,남해,19.4,79,0.9,250,,1004.9,1010.2,,,0,0,19.2
2025-06-09 01:00,295,남해,18.7,82,0.5,230,,1004.3,1009.6,,,6,0,18.7
2025-06-09 02:00,295,남해,18.6,83,0.6,230,,1004.0,1009.3,,,0,0,18.2
2025-06-09 03:00,295,남해,18.0,87,0.1,0,,1003.9,1009.3,,,7,0,18.0
2025-06-09 04:00,295,남해,18.4,86,0.7,270,,1003.1,1008.4,,,8,0,18.3
2025-06-09 05:00,295,남해,18.6,83,0.6,290,,1002.9,1008.2,,,10,0,18.6
2025-06-09 06:00,295,남해,18.9,86,0.5,230,,1003.4,1008.7,0.0,,10,1,19.3
2025-06-09 07:00,295,남해,19.3,89,0.5,250,,1003.1,1008.4,0.0,,10,2,20.0
2025-06-09 08:00,295,남해,20.3,90,0.5,360,,1003.3,1008.6,0.0,,10,2,22.4
2025-06-09 09:00,295,남해,20.9,87,0.7,290,,1003.5,1008.8,0.0,,10,3,24.0
2025-06-09 10:00,295,남해,22.3,79,0.9,50,,1003.3,1008.6,0.1,,10,4,30.3
2025-06-09 11:00,295,남해,24.2,69,1.8,20,,1003.5,1008.7,0.2,,8,4,38.5
2025-06-09 12:00,295,남해,25.0,63,1.5,70,,1003.2,1008.4,0.6,,8,5,41.0
2025-06-09 13:00,295,남해,25.8,62,1.2,70,,1002.7,1007.9,0.5,,9,3,40.8
2025-06-09 14:00,295,남해,26.1,63,1.8,90,,1002.1,1007.3,0.0,,10,8,36.6
2025-06-09 15:00,295,남해,26.0,60,1.8,70,,1001.7,1006.9,0.1,,9,5,37.0
2025-06-09 16:00,295,남해,26.4,57,1.4,70,,1001.1,1006.3,0.1,,9,0,35.6
2025-06-09 17:00,295,남해,26.0,54,0.9,70,,1000.8,1006.0,0.0,,9,0,33.3
2025-06-09 18:00,295,남해,25.7,56,0.7,50,,1000.8,1006.0,0.4,,8,0,30.3
2025-06-09 19:00,295,남해,24.1,60,1.0,230,,1001.0,1006.2,0.8,,8,0,27.4
2025-06-09 20:00,295,남해,21.7,60,1.4,250,,1001.2,1006.5,0.0,,0,0,22.6
2025-06-09 21:00,295,남해,20.7,70,1.0,250,,1001.3,1006.6,,,0,0,20.8
2025-06-09 22:00,295,남해,19.6,75,0.8,250,,1001.8,1007.1,,,0,0,19.3
2025-06-09 23:00,295,남해,19.0,83,0.3,0,,1002.0,1007.3,,,0,0,18.5
2025-06-10 00:00,295,남해,18.6,85,1.1,250,,1002.3,1007.6,,,2,0,17.8
2025-06-10 01:00,295,남해,18.0,88,0.6,250,,1002.6,1008.0,,,0,0,17.4
2025-06-10 02:00,295,남해,17.7,90,0.9,250,,1002.2,1007.6,,,0,0,17.0
2025-06-10 03:00,295,남해,17.3,92,0.1,0,,1001.5,1006.9,,,0,0,16.8
2025-06-10 04:00,295,남해,17.9,90,1.1,250,,1000.9,1006.2,,,0,0,17.0
2025-06-10 05:00,295,남해,18.0,93,1.1,270,,1000.9,1006.2,,,0,0,16.8
2025-06-10 06:00,295,남해,18.5,93,0.2,0,,1001.3,1006.6,0.0,,6,6,18.6
2025-06-10 07:00,295,남해,20.2,90,0.5,270,,1001.3,1006.6,0.2,,6,6,22.3
2025-06-10 08:00,295,남해,21.5,83,1.3,20,,1001.4,1006.7,0.9,,0,0,28.5
2025-06-10 09:00,295,남해,22.7,81,1.5,70,,1001.7,1006.9,0.4,,5,5,34.3
2025-06-10 10:00,295,남해,24.8,73,1.4,70,,1001.3,1006.5,0.8,,6,5,40.2
2025-06-10 11:00,295,남해,26.0,66,1.4,70,,1001.7,1006.9,0.8,,7,6,43.5
2025-06-10 12:00,295,남해,26.9,64,1.2,50,,1002.0,1007.2,1.0,,5,1,49.5
2025-06-10 13:00,295,남해,27.5,64,1.5,90,,1001.4,1006.6,0.4,,9,6,46.0
2025-06-10 14:00,295,남해,27.3,66,1.0,160,,1001.1,1006.3,0.4,,10,2,41.4
2025-06-10 15:00,295,남해,26.4,64,2.2,250,,1000.7,1005.9,0.0,,9,2,35.9
2025-06-10 16:00,295,남해,26.5,65,1.9,270,,1000.6,1005.8,0.0,,9,1,33.2
2025-06-10 17:00,295,남해,26.7,64,0.8,290,,1000.1,1005.3,0.0,,10,1,32.4
2025-06-10 18:00,295,남해,26.6,63,2.0,230,,1000.7,1005.9,0.3,,7,7,31.3
2025-06-10 19:00,295,남해,25.5,65,2.4,270,,1001.3,1006.5,0.0,,9,5,27.6
2025-06-10 20:00,295,남해,24.8,64,1.6,290,,1002.1,1007.3,0.0,,10,0,25.4
2025-06-10 21:00,295,남해,24.1,66,1.2,270,,1002.4,1007.6,,,10,0,24.3
2025-06-10 22:00,295,남해,24.7,57,1.2,270,,1002.8,1008.0,,,10,0,23.5
2025-06-10 23:00,295,남해,24.5,55,2.2,290,,1002.8,1008.0,,,10,1,23.0
2025-06-11 00:00,295,남해,23.5,62,1.4,270,,1002.8,1008.0,,,9,0,22.2
2025-06-11 01:00,295,남해,22.7,67,0.5,290,,1002.6,1007.9,,,10,0,21.9
2025-06-11 02:00,295,남해,22.6,68,2.4,290,,1002.5,1007.8,,,10,0,21.6
2025-06-11 03:00,295,남해,21.2,73,0.4,0,,1002.6,1007.9,,,9,0,19.9
2025-06-11 04:00,295,남해,19.7,78,0.5,250,,1003.2,1008.5,,,9,0,19.2
2025-06-11 05:00,295,남해,19.4,80,0.7,230,,1003.5,1008.8,,,10,0,19.2
2025-06-11 06:00,295,남해,19.8,73,0.7,250,,1004.4,1009.7,0.0,,10,0,19.4
2025-06-11 07:00,295,남해,20.5,71,1.0,250,,1005.2,1010.5,0.0,,9,0,21.3
2025-06-11 08:00,295,남해,22.1,55,0.6,340,,1005.7,1011.0,0.5,,6,0,27.7
2025-06-11 09:00,295,남해,23.3,45,1.1,20,,1006.4,1011.7,0.4,,7,0,35.7
2025-06-11 10:00,295,남해,23.6,46,1.1,340,,1006.9,1012.2,0.9,,7,0,40.1
2025-06-11 11:00,295,남해,25.1,34,1.2,360,,1006.8,1012.0,1.0,,7,1,45.8
2025-06-11 12:00,295,남해,26.1,32,1.4,70,,1006.9,1012.1,1.0,,7,1,50.2
2025-06-11 13:00,295,남해,27.5,29,1.4,20,,1006.2,1011.4,1.0,,7,2,51.1
2025-06-11 14:00,295,남해,28.5,34,1.5,90,,1006.0,1011.2,1.0,,0,0,52.4
2025-06-11 15:00,295,남해,29.4,32,1.8,90,,1005.4,1010.5,1.0,,5,0,51.7
2025-06-11 16:00,295,남해,29.0,36,1.8,200,,1005.2,1010.3,1.0,,0,0,47.8
2025-06-11 17:00,295,남해,28.1,39,2.4,230,,1005.0,1010.2,1.0,,0,0,40.6
2025-06-11 18:00,295,남해,27.2,41,1.8,230,,1005.3,1010.5,1.0,,0,0,31.8
2025-06-11 19:00,295,남해,25.4,39,1.4,200,,1005.9,1011.1,1.0,,0,0,27.5
2025-06-11 20:00,295,남해,23.4,52,0.8,250,,1006.4,1011.7,0.0,,9,0,25.3
2025-06-11 21:00,295,남해,22.2,56,0.4,0,,1007.1,1012.4,,,10,0,23.6
2025-06-11 22:00,295,남해,21.3,60,0.7,250,,1007.8,1013.1,,,9,0,22.8
2025-06-11 23:00,295,남해,20.7,61,1.0,270,,1008.4,1013.7,,,8,0,21.3
2025-06-12 00:00,295,남해,20.2,61,0.5,230,,1008.5,1013.8,,,9,0,21.1
2025-06-12 01:00,295,남해,20.2,61,1.1,250,,1008.4,1013.7,,,10,2,20.9
2025-06-12 02:00,295,남해,20.0,65,1.2,270,,1008.4,1013.7,,,10,4,20.5
2025-06-12 03:00,295,남해,20.5,65,1.5,270,,1008.4,1013.7,,,10,0,20.5
2025-06-12 04:00,295,남해,19.7,73,1.2,250,,1008.4,1013.7,,,10,0,20.4
2025-06-12 05:00,295,남해,19.8,73,1.0,250,,1008.9,1014.2,,,9,1,19.8
2025-06-12 06:00,295,남해,20.3,70,0.6,230,,1009.3,1014.6,0.0,,10,9,20.5
2025-06-12 07:00,295,남해,20.9,70,0.5,250,,1009.5,1014.8,0.0,,10,9,22.4
2025-06-12 08:00,295,남해,21.4,64,0.7,320,,1010.2,1015.5,0.0,,10,7,25.7
2025-06-12 09:00,295,남해,22.1,65,1.2,20,,1010.3,1015.6,0.0,,10,6,29.4
2025-06-12 10:00,295,남해,22.5,65,1.2,70,,1010.2,1015.5,0.0,,10,3,31.0
2025-06-12 11:00,295,남해,23.6,56,1.6,70,,1010.4,1015.7,0.0,,9,3,35.7
2025-06-12 12:00,295,남해,23.9,58,1.2,70,,1010.4,1015.7,0.1,,9,2,40.3
2025-06-12 13:00,295,남해,24.2,53,2.2,70,,1010.4,1015.7,0.0,,10,2,35.8
2025-06-12 14:00,295,남해,24.2,58,1.7,50,,1010.3,1015.6,0.1,,9,2,35.2
2025-06-12 15:00,295,남해,24.1,65,1.6,70,,1009.9,1015.2,0.3,,10,0,34.4
2025-06-12 16:00,295,남해,24.3,57,1.6,90,,1009.7,1015.0,0.1,,9,0,33.0
2025-06-12 17:00,295,남해,24.1,61,1.7,110,,1009.3,1014.6,0.7,,8,0,32.4
2025-06-12 18:00,295,남해,23.7,63,0.8,20,,1010.0,1015.3,0.4,,10,0,29.7
2025-06-12 19:00,295,남해,22.0,75,0.8,140,,1010.2,1015.5,0.1,,8,0,27.3
2025-06-12 20:00,295,남해,21.1,81,0.6,270,,1010.5,1015.8,0.0,,9,0,24.4
2025-06-12 21:00,295,남해,19.8,84,0.4,0,,1011.1,1016.5,,,9,0,22.7
2025-06-12 22:00,295,남해,19.0,89,0.1,0,,1011.5,1016.9,,,9,0,21.2
2025-06-12 23:00,295,남해,18.8,79,0.4,0,,1011.4,1016.8,,,9,0,20.7
2025-06-13 00:00,295,남해,18.3,83,0.4,0,,1010.9,1016.3,,,9,1,20.2
2025-06-13 01:00,295,남해,18.4,75,0.6,250,,1010.7,1016.1,,,10,0,19.9
2025-06-13 02:00,295,남해,18.2,75,0.7,230,,1010.7,1016.1,,,9,1,19.2
2025-06-13 03:00,295,남해,17.8,77,0.7,270,,1010.6,1016.0,,,10,10,19.5
2025-06-13 04:00,295,남해,18.3,77,0.4,0,,1010.5,1015.9,,,10,10,19.6
2025-06-13 05:00,295,남해,18.1,85,0.0,0,,1010.7,1016.1,,,10,4,19.7
2025-06-13 06:00,295,남해,18.6,86,0.6,250,,1010.9,1016.3,0.0,,10,4,20.2
2025-06-13 07:00,295,남해,19.1,85,0.3,0,0.0,1011.0,1016.4,0.0,,10,2,21.1
2025-06-13 08:00,295,남해,19.0,90,0.7,270,0.5,1010.7,1016.1,0.0,,10,8,22.3
2025-06-13 09:00,295,남해,20.5,85,1.0,90,,1010.5,1015.8,0.0,,10,9,25.7
2025-06-13 10:00,295,남해,20.0,90,1.0,20,0.6,1011.0,1016.4,0.0,,10,6,24.2
2025-06-13 11:00,295,남해,21.8,71,1.2,360,0.2,1010.5,1015.8,0.1,,8,6,30.4
2025-06-13 12:00,295,남해,21.1,76,1.7,20,,1010.7,1016.0,0.0,,10,9,27.8
2025-06-13 13:00,295,남해,21.1,79,1.0,360,0.0,1010.1,1015.4,0.0,,10,4,27.9
2025-06-13 14:00,295,남해,21.1,79,1.1,20,,1009.0,1014.3,0.0,,10,4,28.2
2025-06-13 15:00,295,남해,21.7,73,1.0,20,,1008.3,1013.6,0.0,,10,6,27.6
2025-06-13 16:00,295,남해,20.8,84,0.5,360,0.6,1007.6,1012.9,0.0,,10,7,26.8
2025-06-13 17:00,295,남해,20.8,80,0.6,340,,1007.1,1012.4,0.0,,10,10,25.2
2025-06-13 18:00,295,남해,20.5,85,0.8,230,,1006.8,1012.1,0.0,,10,9,23.6
2025-06-13 19:00,295,남해,20.2,89,0.6,270,0.0,1006.4,1011.7,0.0,,10,10,22.7
2025-06-13 20:00,295,남해,19.6,93,1.2,320,1.7,1006.1,1011.4,,,10,9,21.7
2025-06-13 21:00,295,남해,19.0,96,0.8,340,12.5,1005.4,1010.7,,,10,0,20.4
2025-06-13 22:00,295,남해,18.9,97,0.9,340,16.5,1005.5,1010.8,,,10,,19.8
2025-06-13 23:00,295,남해,18.6,97,0.8,320,20.0,1005.9,1011.3,,,10,,19.3
2025-06-14 00:00,295,남해,18.7,97,1.1,320,9.4,1004.5,1009.8,,,10,,19.6
2025-06-14 01:00,295,남해,18.6,98,1.1,270,4.9,1003.5,1008.8,,,10,,19.7
2025-06-14 02:00,295,남해,18.6,98,2.0,290,8.5,1002.6,1007.9,,,10,,19.6
2025-06-14 03:00,295,남해,18.6,98,0.9,270,23.7,1001.6,1006.9,,,10,,19.3
2025-06-14 04:00,295,남해,18.5,98,1.8,290,18.0,1000.1,1005.4,,,10,,19.2
2025-06-14 05:00,295,남해,18.8,98,0.9,340,5.1,999.5,1004.8,,,10,,19.4
2025-06-14 06:00,295,남해,19.0,98,0.7,340,0.7,998.5,1003.8,0.0,,9,,19.7
2025-06-14 07:00,295,남해,19.3,98,0.5,270,1.0,997.9,1003.2,0.0,,10,,20.1
2025-06-14 08:00,295,남해,20.0,98,0.5,320,1.9,997.7,1003.0,0.0,,10,,20.9
2025-06-14 09:00,295,남해,20.3,99,1.1,140,4.6,997.3,1002.6,0.0,,10,,21.3
2025-06-14 10:00,295,남해,20.2,99,1.2,290,6.1,997.2,1002.5,0.0,,10,,21.5
2025-06-14 11:00,295,남해,20.6,99,1.0,320,14.5,996.8,1002.1,0.0,,10,,21.9
2025-06-14 12:00,295,남해,20.6,98,1.5,290,6.0,995.6,1000.9,0.0,,10,,23.7
2025-06-14 13:00,295,남해,21.0,98,1.3,340,0.4,995.4,1000.7,0.0,,10,,24.4
2025-06-14 14:00,295,남해,21.2,98,1.3,320,0.3,994.6,999.8,0.0,,10,,24.5
2025-06-14 15:00,295,남해,21.6,98,0.7,50,,994.6,999.8,0.0,,9,,24.9
2025-06-14 16:00,295,남해,22.7,95,0.6,320,,994.5,999.7,0.0,,9,,25.1
2025-06-14 17:00,295,남해,23.1,93,0.7,270,,994.3,999.5,0.0,,9,,25.2
2025-06-14 18:00,295,남해,23.3,92,0.5,290,,994.7,999.9,0.0,,10,10,25.0
2025-06-14 19:00,295,남해,23.2,94,1.1,270,,995.2,1000.4,0.0,,9,9,24.3
2025-06-14 20:00,295,남해,22.6,95,1.6,250,,995.5,1000.7,0.0,,9,5,23.2
2025-06-14 21:00,295,남해,22.8,95,0.3,0,,996.5,1001.7,,,10,10,23.0
2025-06-14 22:00,295,남해,22.4,96,0.3,0,,996.9,1002.1,,,10,10,22.8
2025-06-14 23:00,295,남해,22.2,97,0.3,0,,996.9,1002.1,,,9,9,22.4
2025-06-15 00:00,295,남해,22.0,97,0.5,200,,996.8,1002.0,,,9,6,22.1
2025-06-15 01:00,295,남해,21.9,98,0.5,70,,996.7,1001.9,,,9,4,21.8
2025-06-15 02:00,295,남해,21.6,98,0.6,250,,996.4,1001.6,,,10,8,21.4
2025-06-15 03:00,295,남해,21.3,99,0.3,0,,996.5,1001.8,,,7,7,20.8
2025-06-15 04:00,295,남해,21.3,99,0.8,270,,996.8,1002.1,,,9,5,20.9
2025-06-15 05:00,295,남해,21.4,99,0.3,0,,997.4,1002.7,,,8,8,20.8
2025-06-15 06:00,295,남해,21.4,99,0.2,0,,997.3,1002.6,0.0,,8,4,20.8
2025-06-15 07:00,295,남해,21.6,99,0.1,0,,997.5,1002.7,0.0,,7,7,22.5
2025-06-15 08:00,295,남해,23.6,97,1.0,50,,997.3,1002.5,0.4,,6,6,27.1
2025-06-15 09:00,295,남해,23.8,90,1.5,70,,996.9,1002.1,0.4,,6,2,31.1
2025-06-15 10:00,295,남해,24.6,83,1.6,70,,996.7,1001.9,1.0,,6,0,33.5
2025-06-15 11:00,295,남해,26.8,73,1.6,360,,996.7,1001.8,1.0,,5,1,36.5
2025-06-15 12:00,295,남해,27.9,67,1.4,50,,996.5,1001.6,1.0,,6,1,37.6
2025-06-15 13:00,295,남해,27.9,66,2.3,180,,996.2,1001.3,0.8,,5,2,37.0
2025-06-15 14:00,295,남해,28.0,66,1.9,200,,995.8,1000.9,1.0,,5,0,37.2
2025-06-15 15:00,295,남해,29.4,67,1.0,320,,995.4,1000.5,0.6,,9,1,36.0
2025-06-15 16:00,295,남해,23.7,83,3.9,230,,995.2,1000.4,0.0,,10,9,30.4
2025-06-15 17:00,295,남해,23.4,90,1.3,230,,995.3,1000.5,0.0,,10,8,28.4
2025-06-15 18:00,295,남해,23.7,92,1.4,110,,994.9,1000.1,0.0,,10,10,27.1
2025-06-15 19:00,295,남해,24.1,88,1.5,200,,994.9,1000.1,0.0,,10,9,26.3
2025-06-15 20:00,295,남해,22.8,93,0.8,70,,994.8,1000.0,0.0,,10,10,24.9
2025-06-15 21:00,295,남해,22.2,95,0.3,0,0.0,994.9,1000.1,,,10,7,24.4
2025-06-15 22:00,295,남해,22.3,96,0.4,0,0.9,995.0,1000.2,,,10,8,24.1
2025-06-15 23:00,295,남해,23.0,95,1.6,200,3.0,994.4,999.6,,,10,6,23.7
2025-06-16 00:00,295,남해,22.3,95,1.8,160,0.1,993.9,999.1,,,10,10,23.6
2025-06-16 01:00,295,남해,22.8,95,2.0,180,,993.9,999.1,,,10,10,23.6
2025-06-16 02:00,295,남해,24.0,93,1.5,200,0.0,993.3,998.5,,,10,7,23.6
2025-06-16 03:00,295,남해,23.1,94,0.6,180,0.3,993.1,998.3,,,8,8,23.6
2025-06-16 04:00,295,남해,23.7,92,1.4,230,0.0,993.2,998.4,,,10,9,23.5
2025-06-16 05:00,295,남해,22.9,94,1.4,90,,993.7,998.9,,,10,10,23.4
2025-06-16 06:00,295,남해,23.5,92,1.3,230,0.0,994.4,999.6,0.0,,10,9,23.6
2025-06-16 07:00,295,남해,22.7,96,0.5,50,0.0,993.7,998.9,0.0,,10,3,23.8
2025-06-16 08:00,295,남해,24.5,88,1.5,250,,994.0,999.2,0.0,,10,4,25.3
2025-06-16 09:00,295,남해,23.4,90,2.3,200,1.1,995.2,1000.4,0.0,,10,3,25.0
2025-06-16 10:00,295,남해,22.5,93,1.2,160,2.7,995.5,1000.7,0.0,,10,4,25.0
2025-06-16 11:00,295,남해,22.9,91,1.0,230,3.0,995.3,1000.5,0.0,,10,2,25.6
2025-06-16 12:00,295,남해,22.8,89,3.3,200,0.2,995.7,1000.9,0.0,,10,1,27.5
2025-06-16 13:00,295,남해,23.2,87,2.8,230,0.0,996.7,1001.9,0.1,,10,4,28.3
2025-06-16 14:00,295,남해,24.6,75,2.5,230,,996.7,1001.9,0.2,,9,9,29.3
2025-06-16 15:00,295,남해,25.5,70,2.9,230,,996.7,1001.9,0.9,,7,0,32.0
2025-06-16 16:00,295,남해,26.3,67,2.9,250,,996.7,1001.9,1.0,,7,0,31.8
2025-06-16 17:00,295,남해,26.0,64,3.3,250,,996.5,1001.7,0.6,,7,0,28.7
2025-06-16 18:00,295,남해,25.9,65,1.5,250,,996.7,1001.9,1.0,,1,0,26.4
2025-06-16 19:00,295,남해,24.4,69,2.3,230,,996.7,1001.9,1.0,,0,0,24.6
2025-06-16 20:00,295,남해,23.8,71,1.6,230,,997.4,1002.6,0.1,,0,0,22.9
2025-06-16 21:00,295,남해,23.4,75,2.5,230,,998.3,1003.5,,,0,0,22.0
2025-06-16 22:00,295,남해,22.6,79,2.8,230,,999.1,1004.3,,,0,0,21.5
2025-06-16 23:00,295,남해,21.9,81,2.4,230,,999.6,1004.9,,,0,0,20.9
2025-06-17 00:00,295,남해,21.4,83,2.5,200,,1000.3,1005.6,,,0,0,20.5
2025-06-17 01:00,295,남해,20.9,87,0.7,250,,1000.6,1005.9,,,0,0,20.1
2025-06-17 02:00,295,남해,20.9,88,1.7,200,,1000.9,1006.2,,,0,0,20.0
2025-06-17 03:00,295,남해,21.0,86,2.3,230,,1000.2,1005.5,,,2,0,19.9
2025-06-17 04:00,295,남해,19.7,91,0.5,340,,1000.5,1005.8,,,7,0,19.5
2025-06-17 05:00,295,남해,19.5,93,0.9,360,,1000.8,1006.1,,,8,0,19.3
2025-06-17 06:00,295,남해,19.5,94,0.8,250,,1001.4,1006.7,0.0,,7,0,19.7
2025-06-17 07:00,295,남해,21.8,88,0.5,140,,1001.5,1006.8,0.4,,7,0,22.5
2025-06-17 08:00,295,남해,22.7,82,1.7,230,,1001.7,1006.9,0.9,,6,0,26.1
2025-06-17 09:00,295,남해,23.3,80,1.9,230,,1001.8,1007.0,0.3,,8,0,29.4
2025-06-17 10:00,295,남해,23.5,80,2.2,230,,1002.2,1007.4,0.5,,7,1,30.7
2025-06-17 11:00,295,남해,24.5,76,2.3,200,,1002.1,1007.3,0.6,,7,2,34.1
2025-06-17 12:00,295,남해,25.1,77,2.4,180,,1001.7,1006.9,0.9,,8,1,34.4
2025-06-17 13:00,295,남해,25.8,74,2.8,200,,1001.5,1006.7,0.9,,8,1,34.5
2025-06-17 14:00,295,남해,27.2,69,1.3,50,,1001.3,1006.5,1.0,,8,0,36.0
2025-06-17 15:00,295,남해,27.6,69,1.4,20,,1001.2,1006.4,0.9,,7,2,35.2
2025-06-17 16:00,295,남해,27.5,69,1.1,140,,1000.9,1006.1,0.8,,7,0,33.1
2025-06-17 17:00,295,남해,26.5,71,1.7,140,,1000.9,1006.1,0.9,,6,0,30.8
2025-06-17 18:00,295,남해,25.4,75,1.4,90,,1001.3,1006.5,0.8,,6,0,28.0
2025-06-17 19:00,295,남해,23.8,82,1.0,70,,1002.0,1007.2,0.6,,3,0,25.9
2025-06-17 20:00,295,남해,22.2,89,1.4,90,,1002.4,1007.7,0.0,,8,0,24.2
2025-06-17 21:00,295,남해,21.7,91,0.4,0,,1003.1,1008.4,,,6,0,23.3
2025-06-17 22:00,295,남해,20.9,95,0.7,180,,1003.5,1008.8,,,6,2,22.5
2025-06-17 23:00,295,남해,20.5,96,0.3,0,,1004.0,1009.3,,,6,6,22.0
2025-06-18 00:00,295,남해,20.2,97,0.4,0,,1004.2,1009.5,,,6,6,21.5
2025-06-18 01:00,295,남해,20.4,97,0.3,0,,1004.2,1009.5,,,5,1,20.8
2025-06-18 02:00,295,남해,19.6,97,0.0,0,,1004.3,1009.6,,,6,0,20.4
2025-06-18 03:00,295,남해,19.4,96,0.5,110,,1003.9,1009.2,,,6,4,20.1
2025-06-18 04:00,295,남해,19.6,97,0.5,340,,1004.4,1009.7,,,5,5,20.6
2025-06-18 05:00,295,남해,19.8,97,0.5,90,,1005.5,1010.8,,,0,0,21.0
2025-06-18 06:00,295,남해,19.2,96,0.7,250,,1005.7,1011.0,0.0,,0,0,20.3
2025-06-18 07:00,295,남해,20.4,93,1.0,70,,1006.3,1011.6,0.8,,0,0,22.3
2025-06-18 08:00,295,남해,22.3,83,0.9,70,,1006.8,1012.1,0.8,,0,0,27.4
2025-06-18 09:00,295,남해,23.0,82,1.5,70,,1006.8,1012.1,0.4,,0,0,31.0
2025-06-18 10:00,295,남해,24.8,77,2.1,90,,1006.9,1012.1,0.9,,0,0,33.7
2025-06-18 11:00,295,남해,25.9,72,1.8,70,,1006.9,1012.1,1.0,,0,0,35.9
2025-06-18 12:00,295,남해,28.1,61,1.3,20,,1006.7,1011.9,1.0,,0,0,37.7
2025-06-18 13:00,295,남해,29.5,43,2.5,270,,1006.7,1011.8,1.0,,0,0,38.4
2025-06-18 14:00,295,남해,29.7,49,1.6,200,,1006.8,1011.9,1.0,,0,0,39.2
2025-06-18 15:00,295,남해,29.2,51,1.9,200,,1006.5,1011.7,1.0,,0,0,38.6
2025-06-18 16:00,295,남해,29.3,50,1.8,250,,1006.5,1011.6,1.0,,0,0,36.7
2025-06-18 17:00,295,남해,28.9,49,1.2,230,,1006.5,1011.7,1.0,,0,0,32.9
2025-06-18 18:00,295,남해,26.6,61,1.2,360,,1006.7,1011.9,1.0,,0,0,29.3
2025-06-18 19:00,295,남해,25.6,58,1.0,50,,1006.7,1011.9,1.0,,0,0,26.9
2025-06-18 20:00,295,남해,22.3,78,1.2,90,,1006.9,1012.2,0.1,,0,0,24.6
2025-06-18 21:00,295,남해,21.8,87,0.3,0,,1007.8,1013.1,,,5,0,23.3
2025-06-18 22:00,295,남해,20.6,87,0.2,0,,1008.1,1013.4,,,6,0,22.4
2025-06-18 23:00,295,남해,20.0,84,0.5,200,,1009.0,1014.3,,,6,0,21.7
2025-06-19 00:00,295,남해,19.5,81,0.5,250,,1008.7,1014.0,,,5,0,20.8
2025-06-19 01:00,295,남해,19.2,82,0.5,250,,1008.7,1014.1,,,0,0,20.0
2025-06-19 02:00,295,남해,18.8,82,0.6,250,,1008.7,1014.1,,,0,0,19.3
2025-06-19 03:00,295,남해,17.6,88,0.2,0,,1008.8,1014.2,,,0,0,18.7
2025-06-19 04:00,295,남해,18.0,89,0.6,290,,1008.8,1014.2,,,0,0,18.3
2025-06-19 05:00,295,남해,17.5,93,0.6,230,,1009.3,1014.7,,,0,0,18.1
2025-06-19 06:00,295,남해,18.6,92,0.0,0,,1010.0,1015.4,0.0,,6,0,18.8
2025-06-19 07:00,295,남해,20.5,89,0.7,70,,1010.0,1015.3,0.7,,7,0,21.9
2025-06-19 08:00,295,남해,21.3,88,1.2,90,,1010.2,1015.5,0.9,,8,0,26.4
2025-06-19 09:00,295,남해,21.3,86,0.8,70,,1010.0,1015.3,0.1,,7,0,27.0
2025-06-19 10:00,295,남해,23.3,81,1.2,70,,1010.2,1015.5,0.3,,8,1,31.0
2025-06-19 11:00,295,남해,24.0,81,1.5,70,,1010.5,1015.8,0.2,,10,9,31.1
2025-06-19 12:00,295,남해,25.6,78,0.9,360,,1009.9,1015.1,0.1,,8,8,32.4
2025-06-19 13:00,295,남해,25.8,79,1.5,70,,1009.5,1014.7,0.1,,9,9,33.3
2025-06-19 14:00,295,남해,26.7,77,1.2,20,,1009.1,1014.3,0.1,,8,8,33.2
2025-06-19 15:00,295,남해,26.1,80,0.9,50,,1008.8,1014.0,0.0,,10,3,30.6
2025-06-19 16:00,295,남해,26.5,79,1.9,70,,1008.6,1013.8,0.4,,8,2,33.7
2025-06-19 17:00,295,남해,26.9,75,1.3,70,,1008.3,1013.5,0.7,,7,4,31.7
2025-06-19 18:00,295,남해,26.6,77,0.9,50,,1008.1,1013.3,0.1,,7,1,29.4
2025-06-19 19:00,295,남해,25.6,82,0.9,110,,1008.3,1013.5,0.5,,8,1,27.5
2025-06-19 20:00,295,남해,24.7,87,0.4,0,,1008.5,1013.7,0.0,,7,7,26.1
2025-06-19 21:00,295,남해,24.8,88,0.5,200,,1008.8,1014.0,,,7,5,25.3
2025-06-19 22:00,295,남해,25.0,87,1.3,250,,1008.9,1014.1,,,8,3,24.9
2025-06-19 23:00,295,남해,25.1,87,2.1,230,,1008.4,1013.6,,,8,2,24.5
2025-06-20 00:00,295,남해,25.0,90,1.7,230,,1008.2,1013.4,,,7,4,24.4
2025-06-20 01:00,295,남해,25.1,88,1.9,200,,1007.7,1012.9,,,10,8,24.5
2025-06-20 02:00,295,남해,25.0,87,2.3,180,,1007.1,1012.3,,,10,5,24.2
2025-06-20 03:00,295,남해,25.0,88,1.8,200,,1006.8,1012.0,,,9,9,24.3
2025-06-20 04:00,295,남해,24.9,89,1.6,180,,1006.4,1011.6,,,,10,24.2
2025-06-20 05:00,295,남해,24.6,90,2.3,180,,1006.6,1011.8,,,9,9,24.2
2025-06-20 06:00,295,남해,24.7,88,1.9,180,,1006.5,1011.7,0.0,,10,7,24.2
2025-06-20 07:00,295,남해,25.0,87,2.8,180,,1006.2,1011.4,0.0,,10,10,25.0
2025-06-20 08:00,295,남해,25.6,85,2.3,180,,1006.0,1011.2,0.0,,9,9,26.5
2025-06-20 09:00,295,남해,25.8,85,2.3,180,,1005.8,1011.0,0.0,,9,9,27.7
2025-06-20 10:00,295,남해,26.4,82,2.3,180,,1005.3,1010.5,0.0,,8,8,29.8
2025-06-20 11:00,295,남해,25.7,85,2.1,180,,1005.3,1010.5,0.0,,10,10,30.0
2025-06-20 12:00,295,남해,25.8,84,2.4,180,,1005.1,1010.3,0.0,,10,10,29.5
2025-06-20 13:00,295,남해,25.8,84,3.5,160,,1004.5,1009.7,0.0,,10,10,30.0
2025-06-20 14:00,295,남해,25.8,83,2.0,180,,1003.9,1009.1,0.0,,9,9,30.3
2025-06-20 15:00,295,남해,25.5,85,1.4,180,,1003.6,1008.8,0.0,,10,10,28.5
2025-06-20 16:00,295,남해,24.4,90,1.4,180,0.0,1003.4,1008.6,0.0,,10,10,27.3
2025-06-20 17:00,295,남해,24.7,89,1.5,160,,1003.1,1008.3,0.0,,10,10,26.7
2025-06-20 18:00,295,남해,23.8,94,1.9,160,0.1,1003.1,1008.3,0.0,,10,10,25.8
2025-06-20 19:00,295,남해,23.8,94,2.3,160,0.3,1003.0,1008.2,0.0,,10,9,25.2
2025-06-20 20:00,295,남해,23.7,94,2.1,160,0.0,1003.2,1008.4,0.0,,10,9,24.5
2025-06-20 21:00,295,남해,23.9,92,0.6,160,0.2,1003.7,1008.9,,,10,10,24.4
2025-06-20 22:00,295,남해,24.4,89,1.7,200,0.3,1003.7,1008.9,,,10,1,24.0
2025-06-20 23:00,295,남해,23.5,90,2.7,180,0.0,1003.7,1008.9,,,10,4,23.8
2025-06-21 00:00,295,남해,23.0,93,2.2,160,0.1,1003.2,1008.4,,,10,0,23.5
2025-06-21 01:00,295,남해,23.1,94,1.9,160,0.2,1003.0,1008.2,,,10,0,23.3
2025-06-21 02:00,295,남해,24.0,93,1.8,180,0.1,1002.4,1007.6,,,10,9,23.5
2025-06-21 03:00,295,남해,23.4,95,1.8,160,,1001.9,1007.1,,,10,10,23.6
2025-06-21 04:00,295,남해,22.9,94,1.9,160,0.0,1001.6,1006.8,,,10,10,23.4
2025-06-21 05:00,295,남해,23.2,93,2.1,160,0.0,1001.5,1006.7,,,10,10,23.3
2025-06-21 06:00,295,남해,23.0,92,3.1,140,0.0,1001.3,1006.5,0.0,,8,7,23.3
2025-06-21 07:00,295,남해,23.3,92,1.8,160,,1001.1,1006.3,0.0,,10,9,24.0
2025-06-21 08:00,295,남해,25.1,85,3.1,180,,1000.7,1005.9,0.0,,10,9,25.2
2025-06-21 09:00,295,남해,25.5,84,2.8,250,,1000.8,1006.0,0.0,,10,10,26.1
2025-06-21 10:00,295,남해,24.8,88,2.1,230,0.2,1000.9,1006.1,0.0,,10,9,26.9
2025-06-21 11:00,295,남해,24.6,90,2.3,180,0.1,1000.5,1005.7,0.0,,10,10,26.8
2025-06-21 12:00,295,남해,25.2,86,2.0,200,0.1,1000.0,1005.2,0.0,,9,9,27.7
2025-06-21 13:00,295,남해,25.1,88,1.8,250,0.0,999.5,1004.7,0.0,,10,10,27.2
2025-06-21 14:00,295,남해,24.3,91,1.3,160,0.0,999.3,1004.5,0.0,,9,7,27.1
2025-06-21 15:00,295,남해,23.2,95,1.4,160,0.4,999.1,1004.3,0.0,,10,6,25.6
2025-06-21 16:00,295,남해,23.6,95,1.6,200,0.7,998.9,1004.1,0.0,,9,7,25.5
2025-06-21 17:00,295,남해,24.2,93,2.1,200,0.3,998.6,1003.8,0.0,,10,10,26.0
2025-06-21 18:00,295,남해,23.2,94,1.7,160,0.1,998.8,1004.0,0.0,,10,10,25.4
2025-06-21 19:00,295,남해,22.9,96,1.9,180,0.9,999.1,1004.3,0.0,,10,9,24.5
2025-06-21 20:00,295,남해,23.3,95,1.7,200,0.6,999.3,1004.5,0.0,,10,10,24.2
2025-06-21 21:00,295,남해,22.8,96,1.8,180,0.6,999.4,1004.6,,,10,10,23.8
2025-06-21 22:00,295,남해,22.3,96,2.0,160,0.6,998.7,1003.9,,,10,7,23.5
2025-06-21 23:00,295,남해,22.6,97,1.8,180,10.3,998.9,1004.1,,,10,7,23.2
2025-06-22 00:00,295,남해,23.4,94,3.0,270,4.3,999.3,1004.5,,,10,9,23.4
2025-06-22 01:00,295,남해,19.7,95,1.3,290,1.2,999.8,1005.1,,,10,9,22.2
2025-06-22 02:00,295,남해,19.9,95,1.3,290,0.6,1000.0,1005.3,,,10,10,22.0
2025-06-22 03:00,295,남해,19.7,94,1.3,290,0.0,999.9,1005.2,,,10,10,21.8
2025-06-22 04:00,295,남해,19.5,93,1.2,250,0.0,1000.7,1006.0,,,10,9,21.6
2025-06-22 05:00,295,남해,19.3,93,0.9,270,0.1,1000.7,1006.0,,,10,9,21.3
2025-06-22 06:00,295,남해,19.0,94,1.0,270,0.3,1001.6,1006.9,0.0,,10,8,21.1
2025-06-22 07:00,295,남해,18.8,93,1.0,250,0.0,1002.0,1007.3,0.0,,10,2,21.2
2025-06-22 08:00,295,남해,19.4,93,0.9,250,,1002.7,1008.0,0.0,,10,5,21.9
2025-06-22 09:00,295,남해,20.2,90,1.1,320,,1002.9,1008.2,0.0,,9,1,23.4
2025-06-22 10:00,295,남해,21.4,83,0.8,70,,1002.7,1008.0,0.2,,9,4,27.6
2025-06-22 11:00,295,남해,22.0,81,1.2,20,,1002.6,1007.9,0.7,,10,1,29.5
2025-06-22 12:00,295,남해,24.0,78,1.1,20,,1001.9,1007.1,0.8,,8,1,33.7
2025-06-22 13:00,295,남해,25.2,72,1.1,20,,1001.2,1006.4,1.0,,6,0,36.4
2025-06-22 14:00,295,남해,25.8,64,1.6,90,,1000.9,1006.1,0.6,,9,1,33.1
2025-06-22 15:00,295,남해,26.5,62,2.0,110,,1001.1,1006.3,0.7,,8,1,33.0
2025-06-22 16:00,295,남해,25.8,67,2.2,230,,1001.4,1006.6,0.3,,9,0,30.8
2025-06-22 17:00,295,남해,23.4,78,2.5,200,,1001.5,1006.7,0.2,,9,0,27.7
2025-06-22 18:00,295,남해,24.0,73,1.6,320,,1001.5,1006.7,0.2,,10,0,26.7
2025-06-22 19:00,295,남해,22.5,82,0.6,110,,1001.9,1007.2,0.0,,9,0,25.0
2025-06-22 20:00,295,남해,21.4,83,0.8,270,,1001.9,1007.2,0.2,,10,0,23.6
2025-06-22 21:00,295,남해,20.5,83,0.8,250,,1002.2,1007.5,,,10,0,22.2
2025-06-22 22:00,295,남해,20.0,84,1.0,250,,1002.9,1008.2,,,8,0,21.3
2025-06-22 23:00,295,남해,19.6,88,0.2,0,,1002.8,1008.1,,,6,0,20.8
2025-06-23 00:00,295,남해,19.3,88,0.7,250,,1003.0,1008.3,,,6,0,20.1
2025-06-23 01:00,295,남해,19.6,87,0.9,270,,1002.8,1008.1,,,9,0,20.1
2025-06-23 02:00,295,남해,19.6,89,1.2,250,,1002.4,1007.7,,,10,0,19.9
2025-06-23 03:00,295,남해,18.4,93,0.3,0,,1002.6,1007.9,,,5,0,19.0
2025-06-23 04:00,295,남해,18.6,93,1.2,250,,1002.6,1007.9,,,0,0,18.5
2025-06-23 05:00,295,남해,18.6,94,1.0,250,,1002.8,1008.1,,,0,0,18.6
2025-06-23 06:00,295,남해,18.6,95,0.7,250,,1002.9,1008.2,0.0,,0,0,19.5
2025-06-23 07:00,295,남해,20.2,96,0.4,0,,1003.1,1008.4,0.6,,0,0,21.7
2025-06-23 08:00,295,남해,21.7,86,1.0,50,,1003.3,1008.6,1.0,,0,0,27.1
2025-06-23 09:00,295,남해,23.0,79,1.2,50,,1003.3,1008.6,0.4,,0,0,31.1
2025-06-23 10:00,295,남해,25.2,62,1.1,20,,1003.2,1008.4,1.0,,0,0,34.2
2025-06-23 11:00,295,남해,26.5,53,1.2,50,,1002.9,1008.1,1.0,,0,0,36.1
2025-06-23 12:00,295,남해,27.7,52,1.5,20,,1002.4,1007.6,1.0,,0,0,37.7
2025-06-23 13:00,295,남해,28.5,53,1.6,360,,1002.0,1007.1,1.0,,0,0,38.5
2025-06-23 14:00,295,남해,28.9,53,1.9,70,,1001.8,1006.9,1.0,,0,0,38.2
2025-06-23 15:00,295,남해,28.5,59,2.0,70,,1001.4,1006.5,1.0,,7,0,37.1
2025-06-23 16:00,295,남해,27.6,57,1.4,110,,1001.2,1006.4,0.9,,7,0,33.8
2025-06-23 17:00,295,남해,28.2,60,1.9,110,,1000.9,1006.0,1.0,,7,0,31.6
2025-06-23 18:00,295,남해,26.9,57,2.3,160,,1001.2,1006.4,1.0,,4,0,28.1
2025-06-23 19:00,295,남해,25.6,59,0.6,160,,1001.6,1006.8,1.0,,0,0,26.2
2025-06-23 20:00,295,남해,23.2,73,0.6,340,,1002.2,1007.4,0.2,,0,0,24.3
2025-06-23 21:00,295,남해,21.3,79,1.0,250,,1002.2,1007.5,,,5,0,22.8
2025-06-23 22:00,295,남해,20.9,81,1.0,230,,1003.0,1008.3,,,7,0,21.8
2025-06-23 23:00,295,남해,20.5,81,0.8,250,,1003.1,1008.4,,,7,0,21.3
2025-06-24 00:00,295,남해,20.4,82,0.7,250,,1003.3,1008.6,,,9,0,21.0
2025-06-24 01:00,295,남해,20.0,87,0.5,270,,1003.1,1008.4,,,8,0,20.7
2025-06-24 02:00,295,남해,20.0,87,0.4,0,,1003.3,1008.6,,,8,0,20.6
2025-06-24 03:00,295,남해,19.4,91,0.4,0,,1003.1,1008.4,,,8,0,20.1
2025-06-24 04:00,295,남해,19.6,89,0.6,250,,1002.8,1008.1,,,7,3,20.0
2025-06-24 05:00,295,남해,20.0,92,0.7,250,,1003.2,1008.5,,,8,1,20.3
2025-06-24 06:00,295,남해,20.5,91,0.4,0,,1003.2,1008.5,0.0,,9,7,21.3
2025-06-24 07:00,295,남해,20.9,88,1.1,340,,1003.5,1008.8,0.0,,10,10,22.3
2025-06-24 08:00,295,남해,21.1,86,0.7,340,,1003.6,1008.9,0.0,,10,10,22.7
2025-06-24 09:00,295,남해,20.5,92,0.5,160,0.1,1003.5,1008.8,0.0,,10,9,22.5
2025-06-24 10:00,295,남해,20.2,95,1.2,90,1.4,1003.3,1008.6,0.0,,10,10,22.7
2025-06-24 11:00,295,남해,19.8,96,1.9,90,1.2,1003.5,1008.8,0.0,,10,5,22.4
2025-06-24 12:00,295,남해,19.9,97,0.8,90,5.2,1003.4,1008.7,0.0,,10,9,22.3
2025-06-24 13:00,295,남해,20.4,97,0.8,140,2.5,1003.2,1008.5,0.0,,9,5,23.5
2025-06-24 14:00,295,남해,20.5,97,0.9,360,2.1,1002.9,1008.2,0.0,,9,5,24.0
2025-06-24 15:00,295,남해,20.1,97,1.6,360,0.4,1002.8,1008.1,0.0,,10,7,23.3
2025-06-24 16:00,295,남해,20.1,98,1.4,360,0.3,1002.5,1007.8,0.0,,10,8,22.9
2025-06-24 17:00,295,남해,19.8,98,1.4,340,0.3,1002.4,1007.7,0.0,,10,9,22.6
2025-06-24 18:00,295,남해,20.0,97,1.0,320,0.1,1002.6,1007.9,0.0,,10,8,22.4
2025-06-24 19:00,295,남해,20.0,98,1.1,340,4.7,1002.5,1007.8,0.0,,10,7,21.9
2025-06-24 20:00,295,남해,20.1,98,0.8,320,1.0,1002.8,1008.1,0.0,,10,9,21.8
2025-06-24 21:00,295,남해,20.2,98,0.6,290,0.6,1002.8,1008.1,,,9,6,21.8
2025-06-24 22:00,295,남해,20.2,98,0.8,320,0.9,1003.3,1008.6,,,8,6,21.8
2025-06-24 23:00,295,남해,20.3,98,0.8,270,0.7,1003.2,1008.5,,,10,8,21.8
2025-06-25 00:00,295,남해,20.4,98,0.4,0,0.8,1002.9,1008.2,,,10,8,21.8
2025-06-25 01:00,295,남해,20.4,98,1.0,290,0.1,1002.5,1007.8,,,9,9,21.8
2025-06-25 02:00,295,남해,20.5,99,0.2,0,,1002.2,1007.5,,,9,9,21.8
2025-06-25 03:00,295,남해,20.6,99,0.7,320,0.2,1002.0,1007.3,,,9,3,21.8
2025-06-25 04:00,295,남해,20.6,99,0.5,250,0.2,1002.1,1007.4,,,7,7,21.8
2025-06-25 05:00,295,남해,20.7,99,0.4,0,0.0,1002.2,1007.5,,,3,3,21.7
2025-06-25 06:00,295,남해,20.0,96,0.8,270,,1002.3,1007.6,0.0,,1,1,21.1
2025-06-25 07:00,295,남해,20.3,93,0.6,340,,1002.9,1008.2,0.1,,7,7,21.8
2025-06-25 08:00,295,남해,20.5,91,0.6,200,,1003.7,1009.0,0.0,,9,9,22.4
2025-06-25 09:00,295,남해,21.3,87,1.3,180,,1003.9,1009.2,0.0,,10,10,24.1
2025-06-25 10:00,295,남해,22.0,85,1.5,200,,1003.7,1009.0,0.0,,9,9,25.7
2025-06-25 11:00,295,남해,24.1,76,1.4,270,,1003.2,1008.4,0.4,,6,6,32.2
2025-06-25 12:00,295,남해,25.5,71,1.7,320,,1003.2,1008.4,1.0,,3,0,36.7
2025-06-25 13:00,295,남해,26.1,69,2.7,270,,1003.2,1008.4,0.8,,5,3,36.7
2025-06-25 14:00,295,남해,26.5,65,1.8,250,,1002.9,1008.1,0.8,,5,2,35.6
2025-06-25 15:00,295,남해,25.3,74,1.8,200,,1002.9,1008.1,0.5,,5,5,32.1
2025-06-25 16:00,295,남해,26.4,70,2.4,200,,1002.8,1008.0,0.9,,7,1,32.4
2025-06-25 17:00,295,남해,25.5,73,1.7,200,,1002.7,1007.9,1.0,,5,1,29.8
2025-06-25 18:00,295,남해,24.3,76,1.5,250,,1002.9,1008.1,1.0,,1,0,27.1
2025-06-25 19:00,295,남해,23.1,79,1.5,230,,1003.2,1008.4,0.8,,1,0,25.0
2025-06-25 20:00,295,남해,22.0,84,2.0,270,,1003.1,1008.4,0.0,,4,0,23.4
2025-06-25 21:00,295,남해,21.9,84,0.9,20,,1003.7,1009.0,,,2,0,22.4
2025-06-25 22:00,295,남해,20.7,90,0.5,270,,1003.9,1009.2,,,5,0,21.7
2025-06-25 23:00,295,남해,21.6,84,1.6,20,,1004.3,1009.6,,,5,0,21.3
2025-06-26 00:00,295,남해,20.5,88,0.5,360,,1004.7,1010.0,,,5,0,20.8
2025-06-26 01:00,295,남해,21.5,81,1.5,320,,1004.8,1010.1,,,8,0,20.5
2025-06-26 02:00,295,남해,21.2,82,1.2,320,,1004.7,1010.0,,,8,0,20.3
2025-06-26 03:00,295,남해,20.7,85,0.8,200,,1004.5,1009.8,,,8,0,20.1
2025-06-26 04:00,295,남해,21.5,75,1.4,290,,1004.4,1009.7,,,6,0,19.8
2025-06-26 05:00,295,남해,22.2,68,2.2,290,,1004.1,1009.4,,,4,0,19.5
2025-06-26 06:00,295,남해,20.3,76,0.6,110,,1004.3,1009.6,0.0,,0,0,19.5
2025-06-26 07:00,295,남해,23.1,63,1.9,270,,1004.1,1009.4,0.7,,6,0,21.1
2025-06-26 08:00,295,남해,24.8,60,1.6,270,,1004.6,1009.8,1.0,,5,0,26.6
2025-06-26 09:00,295,남해,25.9,54,1.5,320,,1004.8,1010.0,0.4,,7,0,31.1
2025-06-26 10:00,295,남해,26.4,56,3.1,270,,1004.5,1009.7,0.9,,3,0,33.7
2025-06-26 11:00,295,남해,27.2,57,2.4,270,,1004.3,1009.5,1.0,,2,0,36.3
2025-06-26 12:00,295,남해,27.7,55,2.2,270,,1004.1,1009.3,1.0,,2,0,37.4
2025-06-26 13:00,295,남해,28.5,57,1.9,250,,1003.7,1008.8,1.0,,2,0,38.2
2025-06-26 14:00,295,남해,28.6,54,2.6,270,,1003.3,1008.4,1.0,,0,0,38.6
2025-06-26 15:00,295,남해,28.2,56,2.6,250,,1003.3,1008.5,1.0,,5,0,36.4
2025-06-26 16:00,295,남해,29.0,59,2.0,250,,1003.1,1008.2,0.6,,2,2,33.9
2025-06-26 17:00,295,남해,27.2,63,2.3,230,,1002.8,1008.0,0.6,,7,0,30.4
2025-06-26 18:00,295,남해,26.4,65,2.1,250,,1003.0,1008.2,0.2,,10,10,28.6
2025-06-26 19:00,295,남해,25.8,65,2.6,230,,1003.1,1008.3,0.0,,10,9,26.3
2025-06-26 20:00,295,남해,25.7,65,2.1,270,,1003.3,1008.5,0.0,,8,0,24.8
2025-06-26 21:00,295,남해,25.2,66,2.6,270,,1003.6,1008.8,,,6,0,23.9
2025-06-26 22:00,295,남해,25.1,66,1.5,290,,1004.0,1009.2,,,7,0,23.3
2025-06-26 23:00,295,남해,25.0,67,2.8,320,,1004.2,1009.4,,,9,4,23.2
2025-06-27 00:00,295,남해,22.9,78,0.9,250,,1004.0,1009.2,,,0,0,22.5
2025-06-27 01:00,295,남해,23.6,72,0.9,290,,1003.7,1008.9,,,8,0,22.1
2025-06-27 02:00,295,남해,21.4,86,0.6,270,,1003.5,1008.8,,,8,8,21.8
2025-06-27 03:00,295,남해,21.1,88,0.1,0,,1003.3,1008.6,,,8,7,21.3
2025-06-27 04:00,295,남해,20.5,91,0.3,0,,1003.4,1008.7,,,6,1,20.9
2025-06-27 05:00,295,남해,22.6,71,1.1,290,,1003.6,1008.9,,,6,0,20.7
2025-06-27 06:00,295,남해,21.1,87,0.6,160,,1004.2,1009.5,0.0,,0,0,20.7
2025-06-27 07:00,295,남해,23.2,79,0.7,110,,1004.4,1009.7,0.9,,6,0,22.9
2025-06-27 08:00,295,남해,24.7,72,0.7,20,,1004.4,1009.6,1.0,,3,0,27.5
2025-06-27 09:00,295,남해,25.7,69,1.3,50,,1004.4,1009.6,0.4,,7,0,31.1
2025-06-27 10:00,295,남해,27.8,56,2.5,270,,1004.0,1009.2,1.0,,5,0,34.7
2025-06-27 11:00,295,남해,28.4,55,1.8,250,,1003.9,1009.1,1.0,,6,0,37.2
2025-06-27 12:00,295,남해,29.0,56,1.8,250,,1003.6,1008.7,1.0,,7,0,39.1
2025-06-27 13:00,295,남해,30.3,52,1.6,290,,1003.2,1008.3,1.0,,5,0,42.1
2025-06-27 14:00,295,남해,30.2,56,1.6,360,,1002.9,1008.0,1.0,,5,0,43.1
2025-06-27 15:00,295,남해,30.8,56,1.8,50,,1002.8,1007.9,1.0,,5,0,41.3
2025-06-27 16:00,295,남해,30.4,53,1.7,50,,1002.7,1007.8,1.0,,5,0,38.4
2025-06-27 17:00,295,남해,29.8,56,1.4,230,,1002.5,1007.6,1.0,,6,0,34.9
2025-06-27 18:00,295,남해,28.4,63,1.0,250,,1002.6,1007.7,1.0,,3,0,31.7
2025-06-27 19:00,295,남해,26.4,72,1.3,270,,1002.7,1007.9,0.5,,3,0,29.3
2025-06-27 20:00,295,남해,25.3,79,0.3,0,,1003.3,1008.5,0.1,,3,0,27.3
2025-06-27 21:00,295,남해,24.5,84,0.9,270,,1004.0,1009.2,,,0,0,26.1
2025-06-27 22:00,295,남해,23.7,88,0.2,0,,1004.3,1009.5,,,0,0,25.3
2025-06-27 23:00,295,남해,23.6,90,0.1,0,,1004.2,1009.4,,,0,0,24.6
2025-06-28 00:00,295,남해,22.9,92,0.0,0,,1004.2,1009.4,,,0,0,24.0
2025-06-28 01:00,295,남해,23.2,93,0.4,0,,1003.9,1009.2,,,0,0,23.7
2025-06-28 02:00,295,남해,22.7,95,0.5,250,,1003.7,1009.0,,,0,0,23.4
2025-06-28 03:00,295,남해,22.5,95,0.4,0,,1003.7,1009.0,,,0,0,23.1
2025-06-28 04:00,295,남해,22.2,96,0.3,0,,1003.7,1009.0,,,0,0,22.8
2025-06-28 05:00,295,남해,22.0,97,0.0,0,,1003.5,1008.8,,,0,0,22.5
2025-06-28 06:00,295,남해,22.3,97,0.3,0,,1003.8,1009.1,0.0,,0,0,23.0
2025-06-28 07:00,295,남해,23.0,96,0.1,0,,1004.0,1009.3,0.0,,6,6,24.8
2025-06-28 08:00,295,남해,24.6,91,0.9,90,,1004.2,1009.4,0.3,,6,6,28.0
2025-06-28 09:00,295,남해,26.0,85,1.3,70,,1004.2,1009.4,0.2,,3,3,32.8
2025-06-28 10:00,295,남해,27.2,80,1.0,70,,1003.5,1008.7,0.9,,3,3,37.3
2025-06-28 11:00,295,남해,27.8,79,1.7,70,,1003.3,1008.5,1.0,,2,0,41.2
2025-06-28 12:00,295,남해,29.3,74,1.7,50,,1002.8,1007.9,1.0,,5,0,44.1
2025-06-28 13:00,295,남해,30.4,68,1.8,70,,1002.8,1007.9,1.0,,2,1,45.4
2025-06-28 14:00,295,남해,31.2,66,1.4,140,,1002.2,1007.3,1.0,,2,0,46.1
2025-06-28 15:00,295,남해,30.9,66,1.3,20,,1002.0,1007.1,1.0,,2,1,44.6
2025-06-28 16:00,295,남해,30.8,69,1.4,140,,1001.6,1006.7,1.0,,0,0,41.2
2025-06-28 17:00,295,남해,29.9,71,1.6,230,,1001.3,1006.4,1.0,,0,0,37.1
2025-06-28 18:00,295,남해,28.7,75,1.6,250,,1001.5,1006.6,1.0,,0,0,33.5
2025-06-28 19:00,295,남해,27.6,79,1.3,320,,1001.7,1006.9,1.0,,3,0,31.2
2025-06-28 20:00,295,남해,25.6,87,1.4,250,,1002.3,1007.5,0.1,,3,0,29.2
2025-06-28 21:00,295,남해,25.1,89,0.6,110,,1002.8,1008.0,,,0,0,27.8
2025-06-28 22:00,295,남해,24.0,93,0.9,50,,1003.0,1008.2,,,0,0,26.8
2025-06-28 23:00,295,남해,23.6,95,0.3,0,,1003.1,1008.3,,,0,0,26.4
2025-06-29 00:00,295,남해,23.6,95,0.3,0,,1002.8,1008.0,,,0,0,25.6
2025-06-29 01:00,295,남해,23.5,96,0.5,340,,1002.8,1008.0,,,0,0,25.1
2025-06-29 02:00,295,남해,23.5,96,0.4,0,,1002.7,1007.9,,,0,0,25.2
2025-06-29 03:00,295,남해,23.2,97,0.5,160,,1002.6,1007.8,,,0,0,25.2
2025-06-29 04:00,295,남해,22.9,97,0.6,90,,1002.9,1008.2,,,0,0,24.3
2025-06-29 05:00,295,남해,22.7,97,0.3,0,,1002.8,1008.1,,,0,0,23.7
2025-06-29 06:00,295,남해,23.0,97,0.3,0,,1003.4,1008.7,0.0,,0,0,23.8
2025-06-29 07:00,295,남해,24.8,91,0.7,90,,1003.7,1008.9,0.8,,0,0,25.4
2025-06-29 08:00,295,남해,26.7,82,1.0,70,,1003.8,1009.0,1.0,,0,0,30.5
2025-06-29 09:00,295,남해,27.8,79,1.6,90,,1004.1,1009.3,0.4,,0,0,35.6
2025-06-29 10:00,295,남해,28.8,72,2.0,110,,1004.2,1009.3,1.0,,0,0,40.1
2025-06-29 11:00,295,남해,30.3,68,1.5,90,,1004.1,1009.2,1.0,,0,0,43.6
2025-06-29 12:00,295,남해,31.1,60,1.9,250,,1003.7,1008.8,1.0,,2,0,46.5
2025-06-29 13:00,295,남해,31.2,57,2.3,270,,1003.2,1008.3,1.0,,2,0,48.2
2025-06-29 14:00,295,남해,31.2,61,2.2,200,,1003.0,1008.1,1.0,,2,0,48.2
2025-06-29 15:00,295,남해,30.8,66,2.3,200,,1003.0,1008.1,1.0,,0,0,46.2
2025-06-29 16:00,295,남해,30.8,65,2.5,230,,1003.1,1008.2,1.0,,0,0,42.0
2025-06-29 17:00,295,남해,30.2,66,1.4,20,,1003.1,1008.2,1.0,,0,0,37.9
2025-06-29 18:00,295,남해,29.6,67,1.0,20,,1003.3,1008.4,1.0,,0,0,34.2
2025-06-29 19:00,295,남해,28.0,73,1.2,70,,1003.5,1008.7,1.0,,1,0,31.6
2025-06-29 20:00,295,남해,26.5,79,1.1,70,,1003.7,1008.9,0.2,,0,0,29.5
2025-06-29 21:00,295,남해,25.7,83,0.9,50,,1004.4,1009.6,,,0,0,28.1
2025-06-29 22:00,295,남해,25.2,86,0.5,140,,1004.8,1010.0,,,0,0,27.1
2025-06-29 23:00,295,남해,24.3,90,0.6,270,,1004.9,1010.1,,,0,0,26.2
2025-06-30 00:00,295,남해,23.9,91,0.4,0,,1005.2,1010.4,,,0,0,25.6
2025-06-30 01:00,295,남해,23.8,94,0.6,180,,1005.3,1010.5,,,0,0,25.0
2025-06-30 02:00,295,남해,23.4,94,0.6,180,,1005.4,1010.7,,,0,0,24.7
2025-06-30 03:00,295,남해,23.7,92,0.3,0,,1005.3,1010.5,,,0,0,24.3
2025-06-30 04:00,295,남해,23.5,93,0.4,0,,1005.5,1010.8,,,0,0,24.0
2025-06-30 05:00,295,남해,23.1,94,0.3,0,,1005.9,1011.2,,,0,0,23.8
2025-06-30 06:00,295,남해,23.9,92,0.6,270,,1006.2,1011.4,0.0,,0,0,23.8
2025-06-30 07:00,295,남해,25.6,86,0.7,360,,1006.7,1011.9,0.9,,0,0,25.5
2025-06-30 08:00,295,남해,26.5,84,1.1,70,,1006.8,1012.0,1.0,,0,0,31.3
2025-06-30 09:00,295,남해,27.9,81,1.0,50,,1006.8,1012.0,0.4,,0,0,36.8
2025-06-30 10:00,295,남해,29.9,71,1.5,20,,1006.8,1011.9,1.0,,0,0,41.7
2025-06-30 11:00,295,남해,30.0,69,1.3,90,,1006.7,1011.8,0.8,,5,5,44.3
2025-06-30 12:00,295,남해,29.6,69,2.8,200,,1006.8,1011.9,1.0,,5,1,47.7
2025-06-30 13:00,295,남해,29.2,72,2.2,180,,1006.8,1012.0,1.0,,3,1,48.9
2025-06-30 14:00,295,남해,31.5,61,1.6,230,,1006.7,1011.8,1.0,,1,0,49.8
2025-06-30 15:00,295,남해,30.8,62,3.2,230,,1006.3,1011.4,1.0,,0,0,47.6
2025-06-30 16:00,295,남해,30.2,67,2.7,180,,1006.4,1011.5,1.0,,0,0,42.7
2025-06-30 17:00,295,남해,30.0,67,1.5,250,,1006.4,1011.5,1.0,,0,0,38.1
2025-06-30 18:00,295,남해,29.0,70,2.2,200,,1006.4,1011.6,1.0,,0,0,34.2
2025-06-30 19:00,295,남해,27.6,78,1.6,200,,1006.4,1011.6,1.0,,0,0,31.7
2025-06-30 20:00,295,남해,26.4,83,0.8,250,,1006.7,1011.9,0.2,,0,0,29.7
2025-06-30 21:00,295,남해,25.3,89,0.3,0,,1007.2,1012.4,,,0,0,28.4
2025-06-30 22:00,295,남해,24.7,90,0.6,230,,1007.8,1013.0,,,0,0,27.3
2025-06-30 23:00,295,남해,24.2,91,0.6,230,,1007.8,1013.1,,,0,0,26.6
